timestamp_utc,elapsed_s,cook_type,cook_name,mode,fan_speed_rpm,chamber_temp_f,effective_probe_temp_f,probe_source,esp32_probe_temp_f,inkbird_connected,inkbird_battery_pct,inkbird_internal_1_f,inkbird_internal_2_f,inkbird_internal_3_f,inkbird_internal_4_f,inkbird_ambient_f,inkbird_internal_1_raw_f,inkbird_internal_2_raw_f,inkbird_internal_3_raw_f,inkbird_internal_4_raw_f,inkbird_ambient_raw_f,drawer_closed,set_temperature_f,top_heater_duty_pct,bottom_heater_duty_pct,paused,fault
2026-09-29T21:40:10.900+00:00,0.009,manual,Manual cook,temp,0,77.0,,esp32,,0,,,,,,,,,,,,1,400.0,0.0,0.0,0,NONE
2026-09-29T21:40:11.834+00:00,0.943,manual,Manual cook,temp,2100,75.7,,esp32,,0,,,,,,,,,,,,1,400.0,37.0,0.0,0,NONE
2026-09-29T21:40:12.834+00:00,1.943,manual,Manual cook,temp,2100,74.7,,esp32,,0,,,,,,,,,,,,1,400.0,77.0,0.0,0,NONE
2026-09-29T21:40:13.834+00:00,2.943,manual,Manual cook,temp,2100,77.0,,esp32,,0,,,,,,,,,,,,1,400.0,100.0,0.0,0,NONE
2026-09-29T21:40:14.834+00:00,3.943,manual,Manual cook,temp,2100,77.4,,esp32,,0,,,,,,,,,,,,1,400.0,100.0,0.0,0,NONE
2026-09-29T21:40:15.334+00:00,4.443,manual,Manual cook,temp,2100,77.9,,esp32,,0,,,,,,,,,,,,1,400.0,100.0,0.0,0,NONE
2026-09-29T21:40:16.334+00:00,5.442,manual,Manual cook,temp,2100,78.8,,esp32,,0,,,,,,,,,,,,1,400.0,100.0,0.0,0,NONE
2026-09-29T21:40:16.834+00:00,5.942,manual,Manual cook,temp,2100,79.7,,esp32,,0,,,,,,,,,,,,1,400.0,100.0,0.0,0,NONE
2026-09-29T21:40:17.833+00:00,6.942,manual,Manual cook,temp,2100,80.6,,esp32,,0,,,,,,,,,,,,1,400.0,100.0,0.0,0,NONE
2026-09-29T21:40:18.833+00:00,7.942,manual,Manual cook,temp,2100,81.1,,esp32,,0,,,,,,,,,,,,1,400.0,100.0,0.0,0,NONE
2026-09-29T21:40:19.334+00:00,8.442,manual,Manual cook,temp,2100,82.8,,esp32,,0,,,,,,,,,,,,1,400.0,100.0,0.0,0,NONE
2026-09-29T21:40:20.334+00:00,9.443,manual,Manual cook,temp,2100,83.3,,esp32,,0,,,,,,,,,,,,1,400.0,100.0,0.0,0,NONE
2026-09-29T21:40:21.333+00:00,10.442,manual,Manual cook,temp,2100,84.7,,esp32,,0,,,,,,,,,,,,1,400.0,100.0,0.0,0,NONE
2026-09-29T21:40:22.334+00:00,11.443,manual,Manual cook,temp,2100,86.4,,esp32,,0,,,,,,,,,,,,1,400.0,100.0,0.0,0,NONE
2026-09-29T21:40:23.334+00:00,12.443,manual,Manual cook,temp,2100,88.7,,esp32,,0,,,,,,,,,,,,1,400.0,100.0,0.0,0,NONE
2026-09-29T21:40:23.834+00:00,12.943,manual,Manual cook,temp,2100,88.7,,esp32,,0,,,,,,,,,,,,1,400.0,100.0,0.0,0,NONE
2026-09-29T21:40:24.833+00:00,13.942,manual,Manual cook,temp,2100,91.4,,esp32,,0,,,,,,,,,,,,1,400.0,100.0,0.0,0,NONE
2026-09-29T21:40:25.833+00:00,14.942,manual,Manual cook,temp,2100,94.6,,esp32,,0,,,,,,,,,,,,1,400.0,100.0,0.0,0,NONE
2026-09-29T21:40:26.833+00:00,15.941,manual,Manual cook,temp,2100,94.1,,esp32,,0,,,,,,,,,,,,1,400.0,100.0,0.0,0,NONE
2026-09-29T21:40:27.333+00:00,16.441,manual,Manual cook,temp,2100,96.3,,esp32,,0,,,,,,,,,,,,1,400.0,100.0,0.0,0,NONE
2026-09-29T21:40:28.333+00:00,17.441,manual,Manual cook,temp,2100,99.5,,esp32,,0,,,,,,,,,,,,1,400.0,100.0,0.0,0,NONE
2026-09-29T21:40:29.332+00:00,18.441,manual,Manual cook,temp,2100,100.4,,esp32,,0,,,,,,,,,,,,1,400.0,100.0,0.0,0,NONE
2026-09-29T21:40:29.832+00:00,18.941,manual,Manual cook,temp,2100,103.1,,esp32,,0,,,,,,,,,,,,1,400.0,100.0,0.0,0,NONE
2026-09-29T21:40:30.833+00:00,19.942,manual,Manual cook,temp,2100,105.3,,esp32,,0,,,,,,,,,,,,1,400.0,100.0,0.0,0,NONE
2026-09-29T21:40:31.832+00:00,20.941,manual,Manual cook,temp,2100,105.8,,esp32,,0,,,,,,,,,,,,1,400.0,100.0,0.0,0,NONE
2026-09-29T21:40:32.332+00:00,21.441,manual,Manual cook,temp,2100,108.1,,esp32,,0,,,,,,,,,,,,1,400.0,100.0,0.0,0,NONE
2026-09-29T21:40:33.332+00:00,22.441,manual,Manual cook,temp,2100,110.7,,esp32,,0,,,,,,,,,,,,1,400.0,100.0,0.0,0,NONE
2026-09-29T21:40:34.332+00:00,23.441,manual,Manual cook,temp,2100,111.7,,esp32,,0,,,,,,,,,,,,1,400.0,100.0,0.0,0,NONE
2026-09-29T21:40:34.832+00:00,23.941,manual,Manual cook,temp,2100,115.7,,esp32,,0,,,,,,,,,,,,1,400.0,100.0,0.0,0,NONE
2026-09-29T21:40:35.832+00:00,24.941,manual,Manual cook,temp,2100,116.2,,esp32,,0,,,,,,,,,,,,1,400.0,100.0,0.0,0,NONE
2026-09-29T21:40:36.333+00:00,25.442,manual,Manual cook,temp,2100,117.9,,esp32,,0,,,,,,,,,,,,1,400.0,100.0,0.0,0,NONE
2026-09-29T21:40:36.833+00:00,25.942,manual,Manual cook,temp,2100,120.2,,esp32,,0,,,,,,,,,,,,1,400.0,100.0,0.0,0,NONE
2026-09-29T21:40:37.832+00:00,26.941,manual,Manual cook,temp,2100,122.0,,esp32,,0,,,,,,,,,,,,1,400.0,100.0,0.0,0,NONE
2026-09-29T21:40:38.832+00:00,27.941,manual,Manual cook,temp,2100,126.1,,esp32,,0,,,,,,,,,,,,1,400.0,100.0,0.0,0,NONE
2026-09-29T21:40:39.832+00:00,28.941,manual,Manual cook,temp,2100,127.4,,esp32,,0,,,,,,,,,,,,1,400.0,100.0,0.0,0,NONE
2026-09-29T21:40:40.332+00:00,29.441,manual,Manual cook,temp,2100,129.6,,esp32,,0,,,,,,,,,,,,1,400.0,100.0,0.0,0,NONE
2026-09-29T21:40:40.832+00:00,29.941,manual,Manual cook,temp,2100,131.0,,esp32,,0,,,,,,,,,,,,1,400.0,100.0,0.0,0,NONE
2026-09-29T21:40:41.832+00:00,30.941,manual,Manual cook,temp,2100,133.7,,esp32,,0,,,,,,,,,,,,1,400.0,100.0,0.0,0,NONE
2026-09-29T21:40:42.333+00:00,31.442,manual,Manual cook,temp,2100,134.1,,esp32,,0,,,,,,,,,,,,1,400.0,100.0,0.0,0,NONE
2026-09-29T21:40:43.332+00:00,32.441,manual,Manual cook,temp,2100,137.8,,esp32,,0,,,,,,,,,,,,1,400.0,100.0,0.0,0,NONE
2026-09-29T21:40:44.332+00:00,33.441,manual,Manual cook,temp,2100,138.6,,esp32,,0,,,,,,,,,,,,1,400.0,100.0,0.0,0,NONE
2026-09-29T21:40:44.832+00:00,33.941,manual,Manual cook,temp,2100,141.8,,esp32,,0,,,,,,,,,,,,1,400.0,100.0,0.0,0,NONE
2026-09-29T21:40:45.832+00:00,34.941,manual,Manual cook,temp,2100,142.7,,esp32,,0,,,,,,,,,,,,1,400.0,100.0,0.0,0,NONE
2026-09-29T21:40:46.832+00:00,35.941,manual,Manual cook,temp,2100,145.9,,esp32,,0,,,,,,,,,,,,1,400.0,100.0,0.0,0,NONE
2026-09-29T21:40:47.332+00:00,36.441,manual,Manual cook,temp,2100,147.6,,esp32,,0,,,,,,,,,,,,1,400.0,100.0,0.0,0,NONE
2026-09-29T21:40:48.333+00:00,37.441,manual,Manual cook,temp,2100,151.7,,esp32,,0,,,,,,,,,,,,1,400.0,100.0,0.0,0,NONE
2026-09-29T21:40:49.333+00:00,38.441,manual,Manual cook,temp,2100,154.4,,esp32,,0,,,,,,,,,,,,1,400.0,100.0,0.0,0,NONE
2026-09-29T21:40:49.833+00:00,38.942,manual,Manual cook,temp,2100,155.8,,esp32,,0,,,,,,,,,,,,1,400.0,100.0,0.0,0,NONE
2026-09-29T21:40:50.832+00:00,39.941,manual,Manual cook,temp,2100,157.6,,esp32,,0,,,,,,,,,,,,1,400.0,100.0,0.0,0,NONE
2026-09-29T21:40:51.833+00:00,40.941,manual,Manual cook,temp,2100,159.8,,esp32,,0,,,,,,,,,,,,1,400.0,100.0,0.0,0,NONE
2026-09-29T21:40:52.333+00:00,41.442,manual,Manual cook,temp,2100,162.5,,esp32,,0,,,,,,,,,,,,1,400.0,100.0,0.0,0,NONE
2026-09-29T21:40:53.332+00:00,42.441,manual,Manual cook,temp,2100,166.1,,esp32,,0,,,,,,,,,,,,1,400.0,100.0,0.0,0,NONE
2026-09-29T21:40:54.331+00:00,43.440,manual,Manual cook,temp,2100,165.6,,esp32,,0,,,,,,,,,,,,1,400.0,100.0,0.0,0,NONE
2026-09-29T21:40:55.332+00:00,44.440,manual,Manual cook,temp,2100,169.7,,esp32,,0,,,,,,,,,,,,1,400.0,100.0,0.0,0,NONE
2026-09-29T21:40:55.832+00:00,44.940,manual,Manual cook,temp,2100,172.9,,esp32,,0,,,,,,,,,,,,1,400.0,100.0,0.0,0,NONE
2026-09-29T21:40:56.332+00:00,45.440,manual,Manual cook,temp,2100,172.9,,esp32,,0,,,,,,,,,,,,1,400.0,100.0,0.0,0,NONE
2026-09-29T21:40:57.331+00:00,46.440,manual,Manual cook,temp,2100,175.6,,esp32,,0,,,,,,,,,,,,1,400.0,100.0,0.0,0,NONE
2026-09-29T21:40:58.332+00:00,47.441,manual,Manual cook,temp,2100,180.1,,esp32,,0,,,,,,,,,,,,1,400.0,100.0,0.0,0,NONE
2026-09-29T21:40:58.832+00:00,47.941,manual,Manual cook,temp,2100,180.1,,esp32,,0,,,,,,,,,,,,1,400.0,100.0,0.0,0,NONE
2026-09-29T21:40:59.832+00:00,48.940,manual,Manual cook,temp,2100,183.6,,esp32,,0,,,,,,,,,,,,1,400.0,100.0,0.0,0,NONE
2026-09-29T21:41:00.831+00:00,49.940,manual,Manual cook,temp,2100,186.4,,esp32,,0,,,,,,,,,,,,1,400.0,100.0,0.0,0,NONE
2026-09-29T21:41:01.831+00:00,50.940,manual,Manual cook,temp,2100,188.6,,esp32,,0,,,,,,,,,,,,1,400.0,100.0,0.0,0,NONE
2026-09-29T21:41:02.331+00:00,51.440,manual,Manual cook,temp,2100,188.6,,esp32,,0,,,,,,,,,,,,1,400.0,100.0,0.0,0,NONE
2026-09-29T21:41:03.331+00:00,52.440,manual,Manual cook,temp,2100,193.6,,esp32,,0,,,,,,,,,,,,1,400.0,100.0,0.0,0,NONE
2026-09-29T21:41:04.332+00:00,53.441,manual,Manual cook,temp,2100,196.7,,esp32,,0,,,,,,,,,,,,1,400.0,100.0,0.0,0,NONE
2026-09-29T21:41:04.833+00:00,53.941,manual,Manual cook,temp,2100,196.7,,esp32,,0,,,,,,,,,,,,1,400.0,100.0,0.0,0,NONE
2026-09-29T21:41:05.333+00:00,54.441,manual,Manual cook,temp,2100,198.9,,esp32,,0,,,,,,,,,,,,1,400.0,100.0,0.0,0,NONE
2026-09-29T21:41:06.332+00:00,55.441,manual,Manual cook,temp,2100,201.6,,esp32,,0,,,,,,,,,,,,1,400.0,100.0,0.0,0,NONE
2026-09-29T21:41:06.832+00:00,55.941,manual,Manual cook,temp,2100,201.6,,esp32,,0,,,,,,,,,,,,1,400.0,100.0,0.0,0,NONE
2026-09-29T21:41:07.332+00:00,56.441,manual,Manual cook,temp,2100,204.4,,esp32,,0,,,,,,,,,,,,1,400.0,100.0,0.0,0,NONE
2026-09-29T21:41:08.332+00:00,57.441,manual,Manual cook,temp,2100,205.3,,esp32,,0,,,,,,,,,,,,1,400.0,100.0,0.0,0,NONE
2026-09-29T21:41:09.332+00:00,58.441,manual,Manual cook,temp,2100,208.9,,esp32,,0,,,,,,,,,,,,1,400.0,100.0,0.0,0,NONE
2026-09-29T21:41:09.832+00:00,58.941,manual,Manual cook,temp,2100,208.9,,esp32,,0,,,,,,,,,,,,1,400.0,100.0,0.0,0,NONE
2026-09-29T21:41:10.332+00:00,59.441,manual,Manual cook,temp,2100,212.0,,esp32,,0,,,,,,,,,,,,1,400.0,100.0,0.0,0,NONE
2026-09-29T21:41:11.332+00:00,60.441,manual,Manual cook,temp,2100,215.6,,esp32,,0,,,,,,,,,,,,1,400.0,100.0,0.0,0,NONE
2026-09-29T21:41:12.331+00:00,61.440,manual,Manual cook,temp,2100,217.4,,esp32,,0,,,,,,,,,,,,1,400.0,100.0,0.0,0,NONE
2026-09-29T21:41:12.831+00:00,61.940,manual,Manual cook,temp,2100,219.6,,esp32,,0,,,,,,,,,,,,1,400.0,100.0,0.0,0,NONE
2026-09-29T21:41:13.331+00:00,62.440,manual,Manual cook,temp,2100,220.6,,esp32,,0,,,,,,,,,,,,1,400.0,100.0,0.0,0,NONE
2026-09-29T21:41:14.331+00:00,63.440,manual,Manual cook,temp,2100,221.9,,esp32,,0,,,,,,,,,,,,1,400.0,100.0,0.0,0,NONE
2026-09-29T21:41:14.831+00:00,63.940,manual,Manual cook,temp,2100,223.7,,esp32,,0,,,,,,,,,,,,1,400.0,100.0,0.0,0,NONE
2026-09-29T21:41:15.331+00:00,64.440,manual,Manual cook,temp,2100,226.4,,esp32,,0,,,,,,,,,,,,1,400.0,100.0,0.0,0,NONE
2026-09-29T21:41:16.331+00:00,65.440,manual,Manual cook,temp,2100,226.4,,esp32,,0,,,,,,,,,,,,1,400.0,100.0,0.0,0,NONE
2026-09-29T21:41:16.832+00:00,65.941,manual,Manual cook,temp,2100,230.0,,esp32,,0,,,,,,,,,,,,1,400.0,100.0,0.0,0,NONE
2026-09-29T21:41:17.831+00:00,66.940,manual,Manual cook,temp,2100,230.9,,esp32,,0,,,,,,,,,,,,1,400.0,100.0,0.0,0,NONE
2026-09-29T21:41:18.331+00:00,67.440,manual,Manual cook,temp,2100,234.1,,esp32,,0,,,,,,,,,,,,1,400.0,100.0,0.0,0,NONE
2026-09-29T21:41:18.831+00:00,67.940,manual,Manual cook,temp,2100,234.9,,esp32,,0,,,,,,,,,,,,1,400.0,100.0,0.0,0,NONE
2026-09-29T21:41:19.831+00:00,68.940,manual,Manual cook,temp,2100,236.8,,esp32,,0,,,,,,,,,,,,1,400.0,100.0,0.0,0,NONE
2026-09-29T21:41:20.831+00:00,69.940,manual,Manual cook,temp,2100,238.6,,esp32,,0,,,,,,,,,,,,1,400.0,100.0,0.0,0,NONE
2026-09-29T21:41:21.332+00:00,70.441,manual,Manual cook,temp,2100,239.9,,esp32,,0,,,,,,,,,,,,1,400.0,100.0,0.0,0,NONE
2026-09-29T21:41:22.332+00:00,71.441,manual,Manual cook,temp,2100,242.1,,esp32,,0,,,,,,,,,,,,1,400.0,100.0,0.0,0,NONE
2026-09-29T21:41:23.332+00:00,72.440,manual,Manual cook,temp,2100,245.3,,esp32,,0,,,,,,,,,,,,1,400.0,100.0,0.0,0,NONE
2026-09-29T21:41:24.331+00:00,73.440,manual,Manual cook,temp,2100,247.6,,esp32,,0,,,,,,,,,,,,1,400.0,100.0,0.0,0,NONE
2026-09-29T21:41:24.831+00:00,73.940,manual,Manual cook,temp,2100,248.9,,esp32,,0,,,,,,,,,,,,1,400.0,100.0,0.0,0,NONE
2026-09-29T21:41:25.331+00:00,74.440,manual,Manual cook,temp,2100,249.8,,esp32,,0,,,,,,,,,,,,1,400.0,100.0,0.0,0,NONE
2026-09-29T21:41:25.831+00:00,74.940,manual,Manual cook,temp,2100,251.6,,esp32,,0,,,,,,,,,,,,1,400.0,100.0,0.0,0,NONE
2026-09-29T21:41:26.832+00:00,75.940,manual,Manual cook,temp,2100,253.9,,esp32,,0,,,,,,,,,,,,1,400.0,100.0,0.0,0,NONE
2026-09-29T21:41:27.831+00:00,76.940,manual,Manual cook,temp,2100,256.1,,esp32,,0,,,,,,,,,,,,1,400.0,100.0,0.0,0,NONE
2026-09-29T21:41:28.332+00:00,77.441,manual,Manual cook,temp,2100,256.5,,esp32,,0,,,,,,,,,,,,1,400.0,100.0,0.0,0,NONE
2026-09-29T21:41:29.332+00:00,78.441,manual,Manual cook,temp,2100,261.0,,esp32,,0,,,,,,,,,,,,1,400.0,100.0,0.0,0,NONE
2026-09-29T21:41:29.832+00:00,78.941,manual,Manual cook,temp,2100,261.5,,esp32,,0,,,,,,,,,,,,1,400.0,100.0,0.0,0,NONE
2026-09-29T21:41:30.832+00:00,79.940,manual,Manual cook,temp,2100,263.8,,esp32,,0,,,,,,,,,,,,1,400.0,100.0,0.0,0,NONE
2026-09-29T21:41:31.332+00:00,80.440,manual,Manual cook,temp,2100,265.5,,esp32,,0,,,,,,,,,,,,1,400.0,100.0,0.0,0,NONE
2026-09-29T21:41:32.331+00:00,81.440,manual,Manual cook,temp,2100,266.5,,esp32,,0,,,,,,,,,,,,1,400.0,100.0,0.0,0,NONE
2026-09-29T21:41:32.831+00:00,81.940,manual,Manual cook,temp,2100,266.5,,esp32,,0,,,,,,,,,,,,1,400.0,100.0,0.0,0,NONE
2026-09-29T21:41:33.831+00:00,82.940,manual,Manual cook,temp,2100,270.0,,esp32,,0,,,,,,,,,,,,1,400.0,100.0,0.0,0,NONE
2026-09-29T21:41:34.831+00:00,83.940,manual,Manual cook,temp,2100,271.0,,esp32,,0,,,,,,,,,,,,1,400.0,100.0,0.0,0,NONE
2026-09-29T21:41:35.332+00:00,84.441,manual,Manual cook,temp,2100,273.2,,esp32,,0,,,,,,,,,,,,1,400.0,100.0,0.0,0,NONE
2026-09-29T21:41:36.332+00:00,85.441,manual,Manual cook,temp,2100,275.5,,esp32,,0,,,,,,,,,,,,1,400.0,100.0,0.0,0,NONE
2026-09-29T21:41:36.833+00:00,85.941,manual,Manual cook,temp,2100,277.7,,esp32,,0,,,,,,,,,,,,1,400.0,100.0,0.0,0,NONE
2026-09-29T21:41:37.832+00:00,86.940,manual,Manual cook,temp,2100,279.0,,esp32,,0,,,,,,,,,,,,1,400.0,100.0,0.0,0,NONE
2026-09-29T21:41:38.832+00:00,87.940,manual,Manual cook,temp,2100,282.2,,esp32,,0,,,,,,,,,,,,1,400.0,100.0,0.0,0,NONE
2026-09-29T21:41:39.831+00:00,88.940,manual,Manual cook,temp,2100,282.6,,esp32,,0,,,,,,,,,,,,1,400.0,100.0,0.0,0,NONE
2026-09-29T21:41:40.332+00:00,89.440,manual,Manual cook,temp,2100,284.5,,esp32,,0,,,,,,,,,,,,1,400.0,100.0,0.0,0,NONE
2026-09-29T21:41:41.332+00:00,90.440,manual,Manual cook,temp,2100,285.4,,esp32,,0,,,,,,,,,,,,1,400.0,100.0,0.0,0,NONE
2026-09-29T21:41:41.832+00:00,90.940,manual,Manual cook,temp,2100,287.1,,esp32,,0,,,,,,,,,,,,1,400.0,100.0,0.0,0,NONE
2026-09-29T21:41:42.332+00:00,91.441,manual,Manual cook,temp,2100,289.4,,esp32,,0,,,,,,,,,,,,1,400.0,100.0,0.0,0,NONE
2026-09-29T21:41:43.331+00:00,92.440,manual,Manual cook,temp,2100,290.3,,esp32,,0,,,,,,,,,,,,1,400.0,100.0,0.0,0,NONE
2026-09-29T21:41:44.332+00:00,93.440,manual,Manual cook,temp,2100,293.5,,esp32,,0,,,,,,,,,,,,1,400.0,100.0,0.0,0,NONE
2026-09-29T21:41:45.831+00:00,94.940,manual,Manual cook,temp,2100,295.3,,esp32,,0,,,,,,,,,,,,1,400.0,100.0,0.0,0,NONE
2026-09-29T21:41:46.832+00:00,95.941,manual,Manual cook,temp,2100,298.4,,esp32,,0,,,,,,,,,,,,1,400.0,100.0,0.0,0,NONE
2026-09-29T21:41:47.332+00:00,96.441,manual,Manual cook,temp,2100,298.4,,esp32,,0,,,,,,,,,,,,1,400.0,100.0,0.0,0,NONE
2026-09-29T21:41:48.331+00:00,97.440,manual,Manual cook,temp,2100,300.2,,esp32,,0,,,,,,,,,,,,1,400.0,100.0,0.0,0,NONE
2026-09-29T21:41:48.832+00:00,97.940,manual,Manual cook,temp,2100,302.5,,esp32,,0,,,,,,,,,,,,1,400.0,100.0,0.0,0,NONE
2026-09-29T21:41:49.332+00:00,98.441,manual,Manual cook,temp,2100,303.4,,esp32,,0,,,,,,,,,,,,1,400.0,100.0,0.0,0,NONE
2026-09-29T21:41:50.332+00:00,99.441,manual,Manual cook,temp,2100,303.8,,esp32,,0,,,,,,,,,,,,1,400.0,100.0,0.0,0,NONE
2026-09-29T21:41:51.332+00:00,100.440,manual,Manual cook,temp,2100,306.0,,esp32,,0,,,,,,,,,,,,1,400.0,100.0,0.0,0,NONE
2026-09-29T21:41:51.832+00:00,100.940,manual,Manual cook,temp,2100,307.0,,esp32,,0,,,,,,,,,,,,1,400.0,100.0,0.0,0,NONE
2026-09-29T21:41:52.832+00:00,101.940,manual,Manual cook,temp,2100,310.1,,esp32,,0,,,,,,,,,,,,1,400.0,100.0,0.0,0,NONE
2026-09-29T21:41:53.332+00:00,102.441,manual,Manual cook,temp,2100,311.0,,esp32,,0,,,,,,,,,,,,1,400.0,100.0,0.0,0,NONE
2026-09-29T21:41:54.332+00:00,103.440,manual,Manual cook,temp,2100,312.8,,esp32,,0,,,,,,,,,,,,1,400.0,100.0,0.0,0,NONE
2026-09-29T21:41:54.832+00:00,103.941,manual,Manual cook,temp,2100,312.8,,esp32,,0,,,,,,,,,,,,1,400.0,100.0,0.0,0,NONE
2026-09-29T21:41:55.332+00:00,104.441,manual,Manual cook,temp,2100,313.7,,esp32,,0,,,,,,,,,,,,1,400.0,100.0,0.0,0,NONE
2026-09-29T21:41:56.332+00:00,105.441,manual,Manual cook,temp,2100,316.0,,esp32,,0,,,,,,,,,,,,1,400.0,100.0,0.0,0,NONE
2026-09-29T21:41:57.332+00:00,106.440,manual,Manual cook,temp,2100,317.3,,esp32,,0,,,,,,,,,,,,1,400.0,100.0,0.0,0,NONE
2026-09-29T21:41:57.832+00:00,106.941,manual,Manual cook,temp,2100,319.1,,esp32,,0,,,,,,,,,,,,1,400.0,100.0,0.0,0,NONE
2026-09-29T21:41:58.832+00:00,107.941,manual,Manual cook,temp,2100,320.0,,esp32,,0,,,,,,,,,,,,1,400.0,100.0,0.0,0,NONE
2026-09-29T21:41:59.832+00:00,108.941,manual,Manual cook,temp,2100,321.8,,esp32,,0,,,,,,,,,,,,1,400.0,100.0,0.0,0,NONE
2026-09-29T21:42:00.832+00:00,109.940,manual,Manual cook,temp,2100,323.6,,esp32,,0,,,,,,,,,,,,1,400.0,100.0,0.0,0,NONE
2026-09-29T21:42:01.832+00:00,110.940,manual,Manual cook,temp,2100,325.4,,esp32,,0,,,,,,,,,,,,1,400.0,100.0,0.0,0,NONE
2026-09-29T21:42:02.332+00:00,111.441,manual,Manual cook,temp,2100,326.8,,esp32,,0,,,,,,,,,,,,1,400.0,100.0,0.0,0,NONE
2026-09-29T21:42:03.332+00:00,112.440,manual,Manual cook,temp,2100,327.6,,esp32,,0,,,,,,,,,,,,1,400.0,100.0,0.0,0,NONE
2026-09-29T21:42:04.332+00:00,113.440,manual,Manual cook,temp,2100,329.9,,esp32,,0,,,,,,,,,,,,1,400.0,100.0,0.0,0,NONE
2026-09-29T21:42:04.832+00:00,113.940,manual,Manual cook,temp,2100,329.9,,esp32,,0,,,,,,,,,,,,1,400.0,100.0,0.0,0,NONE
2026-09-29T21:42:05.333+00:00,114.441,manual,Manual cook,temp,2100,329.9,,esp32,,0,,,,,,,,,,,,1,400.0,100.0,0.0,0,NONE
2026-09-29T21:42:06.332+00:00,115.440,manual,Manual cook,temp,2100,333.5,,esp32,,0,,,,,,,,,,,,1,400.0,100.0,0.0,0,NONE
2026-09-29T21:42:07.332+00:00,116.440,manual,Manual cook,temp,2100,335.3,,esp32,,0,,,,,,,,,,,,1,400.0,100.0,0.0,0,NONE
2026-09-29T21:42:07.832+00:00,116.941,manual,Manual cook,temp,2100,335.3,,esp32,,0,,,,,,,,,,,,1,400.0,100.0,0.0,0,NONE
2026-09-29T21:42:08.832+00:00,117.940,manual,Manual cook,temp,2100,336.6,,esp32,,0,,,,,,,,,,,,1,400.0,100.0,0.0,0,NONE
2026-09-29T21:42:09.832+00:00,118.941,manual,Manual cook,temp,2100,339.8,,esp32,,0,,,,,,,,,,,,1,400.0,100.0,0.0,0,NONE
2026-09-29T21:42:10.831+00:00,119.940,manual,Manual cook,temp,2100,339.4,,esp32,,0,,,,,,,,,,,,1,400.0,100.0,0.0,0,NONE
2026-09-29T21:42:11.332+00:00,120.440,manual,Manual cook,temp,2100,342.0,,esp32,,0,,,,,,,,,,,,1,400.0,98.0,0.0,0,NONE
2026-09-29T21:42:12.331+00:00,121.440,manual,Manual cook,temp,2100,341.6,,esp32,,0,,,,,,,,,,,,1,400.0,100.0,0.0,0,NONE
2026-09-29T21:42:12.832+00:00,121.940,manual,Manual cook,temp,2100,342.5,,esp32,,0,,,,,,,,,,,,1,400.0,100.0,0.0,0,NONE
2026-09-29T21:42:13.831+00:00,122.940,manual,Manual cook,temp,2100,344.8,,esp32,,0,,,,,,,,,,,,1,400.0,98.0,0.0,0,NONE
2026-09-29T21:42:14.332+00:00,123.440,manual,Manual cook,temp,2100,344.8,,esp32,,0,,,,,,,,,,,,1,400.0,100.0,0.0,0,NONE
2026-09-29T21:42:15.332+00:00,124.440,manual,Manual cook,temp,2100,347.0,,esp32,,0,,,,,,,,,,,,1,400.0,100.0,0.0,0,NONE
2026-09-29T21:42:15.832+00:00,124.941,manual,Manual cook,temp,2100,347.9,,esp32,,0,,,,,,,,,,,,1,400.0,93.0,0.0,0,NONE
2026-09-29T21:42:16.832+00:00,125.940,manual,Manual cook,temp,2100,348.8,,esp32,,0,,,,,,,,,,,,1,400.0,100.0,0.0,0,NONE
2026-09-29T21:42:17.831+00:00,126.940,manual,Manual cook,temp,2100,351.5,,esp32,,0,,,,,,,,,,,,1,400.0,80.0,0.0,0,NONE
2026-09-29T21:42:18.331+00:00,127.440,manual,Manual cook,temp,2100,351.0,,esp32,,0,,,,,,,,,,,,1,400.0,100.0,0.0,0,NONE
2026-09-29T21:42:18.832+00:00,127.940,manual,Manual cook,temp,2100,352.9,,esp32,,0,,,,,,,,,,,,1,400.0,71.0,0.0,0,NONE
2026-09-29T21:42:19.832+00:00,128.940,manual,Manual cook,temp,2100,353.8,,esp32,,0,,,,,,,,,,,,1,400.0,84.0,0.0,0,NONE
2026-09-29T21:42:20.832+00:00,129.940,manual,Manual cook,temp,2100,355.1,,esp32,,0,,,,,,,,,,,,1,400.0,82.0,0.0,0,NONE
2026-09-29T21:42:21.332+00:00,130.441,manual,Manual cook,temp,2100,356.0,,esp32,,0,,,,,,,,,,,,1,400.0,81.0,0.0,0,NONE
2026-09-29T21:42:22.331+00:00,131.440,manual,Manual cook,temp,2100,357.8,,esp32,,0,,,,,,,,,,,,1,400.0,64.0,0.0,0,NONE
2026-09-29T21:42:23.331+00:00,132.440,manual,Manual cook,temp,2100,359.6,,esp32,,0,,,,,,,,,,,,1,400.0,69.0,0.0,0,NONE
2026-09-29T21:42:23.832+00:00,132.940,manual,Manual cook,temp,2100,359.6,,esp32,,0,,,,,,,,,,,,1,400.0,83.0,0.0,0,NONE
2026-09-29T21:42:24.831+00:00,133.940,manual,Manual cook,temp,2100,361.4,,esp32,,0,,,,,,,,,,,,1,400.0,58.0,0.0,0,NONE
2026-09-29T21:42:25.832+00:00,134.940,manual,Manual cook,temp,2100,361.9,,esp32,,0,,,,,,,,,,,,1,400.0,87.0,0.0,0,NONE
2026-09-29T21:42:26.832+00:00,135.941,manual,Manual cook,temp,2100,364.1,,esp32,,0,,,,,,,,,,,,1,400.0,62.0,0.0,0,NONE
2026-09-29T21:42:27.831+00:00,136.940,manual,Manual cook,temp,2100,363.6,,esp32,,0,,,,,,,,,,,,1,400.0,92.0,0.0,0,NONE
2026-09-29T21:42:28.331+00:00,137.440,manual,Manual cook,temp,2100,365.9,,esp32,,0,,,,,,,,,,,,1,400.0,45.0,0.0,0,NONE
2026-09-29T21:42:29.331+00:00,138.440,manual,Manual cook,temp,2100,366.8,,esp32,,0,,,,,,,,,,,,1,400.0,80.0,0.0,0,NONE
2026-09-29T21:42:29.832+00:00,138.940,manual,Manual cook,temp,2100,368.1,,esp32,,0,,,,,,,,,,,,1,400.0,64.0,0.0,0,NONE
2026-09-29T21:42:30.332+00:00,139.440,manual,Manual cook,temp,2100,368.1,,esp32,,0,,,,,,,,,,,,1,400.0,70.0,0.0,0,NONE
2026-09-29T21:42:30.832+00:00,139.940,manual,Manual cook,temp,2100,368.6,,esp32,,0,,,,,,,,,,,,1,400.0,78.0,0.0,0,NONE
2026-09-29T21:42:31.831+00:00,140.940,manual,Manual cook,temp,2100,370.9,,esp32,,0,,,,,,,,,,,,1,400.0,37.0,0.0,0,NONE
2026-09-29T21:42:32.832+00:00,141.940,manual,Manual cook,temp,2100,371.3,,esp32,,0,,,,,,,,,,,,1,400.0,73.0,0.0,0,NONE
2026-09-29T21:42:33.831+00:00,142.940,manual,Manual cook,temp,2100,372.2,,esp32,,0,,,,,,,,,,,,1,400.0,57.0,0.0,0,NONE
2026-09-29T21:42:34.831+00:00,143.940,manual,Manual cook,temp,2100,374.5,,esp32,,0,,,,,,,,,,,,1,400.0,53.0,0.0,0,NONE
2026-09-29T21:42:35.331+00:00,144.440,manual,Manual cook,temp,2100,375.4,,esp32,,0,,,,,,,,,,,,1,400.0,52.0,0.0,0,NONE
2026-09-29T21:42:35.831+00:00,144.940,manual,Manual cook,temp,2100,376.3,,esp32,,0,,,,,,,,,,,,1,400.0,66.0,0.0,0,NONE
2026-09-29T21:42:36.831+00:00,145.940,manual,Manual cook,temp,2100,377.6,,esp32,,0,,,,,,,,,,,,1,400.0,57.0,0.0,0,NONE
2026-09-29T21:42:37.831+00:00,146.940,manual,Manual cook,temp,2100,378.5,,esp32,,0,,,,,,,,,,,,1,400.0,55.0,0.0,0,NONE
2026-09-29T21:42:38.332+00:00,147.441,manual,Manual cook,temp,2100,379.4,,esp32,,0,,,,,,,,,,,,1,400.0,54.0,0.0,0,NONE
2026-09-29T21:42:39.332+00:00,148.440,manual,Manual cook,temp,2100,380.3,,esp32,,0,,,,,,,,,,,,1,400.0,68.0,0.0,0,NONE
2026-09-29T21:42:40.331+00:00,149.440,manual,Manual cook,temp,2100,381.2,,esp32,,0,,,,,,,,,,,,1,400.0,42.0,0.0,0,NONE
2026-09-29T21:42:40.831+00:00,149.940,manual,Manual cook,temp,2100,382.5,,esp32,,0,,,,,,,,,,,,1,400.0,49.0,0.0,0,NONE
2026-09-29T21:42:41.831+00:00,150.940,manual,Manual cook,temp,2100,382.5,,esp32,,0,,,,,,,,,,,,1,400.0,54.0,0.0,0,NONE
2026-09-29T21:42:42.331+00:00,151.440,manual,Manual cook,temp,2100,383.0,,esp32,,0,,,,,,,,,,,,1,400.0,46.0,0.0,0,NONE
2026-09-29T21:42:42.831+00:00,151.940,manual,Manual cook,temp,2100,384.4,,esp32,,0,,,,,,,,,,,,1,400.0,46.0,0.0,0,NONE
2026-09-29T21:42:43.832+00:00,152.941,manual,Manual cook,temp,2100,384.8,,esp32,,0,,,,,,,,,,,,1,400.0,43.0,0.0,0,NONE
2026-09-29T21:42:44.831+00:00,153.940,manual,Manual cook,temp,2100,385.7,,esp32,,0,,,,,,,,,,,,1,400.0,35.0,0.0,0,NONE
2026-09-29T21:42:45.831+00:00,154.940,manual,Manual cook,temp,2100,387.0,,esp32,,0,,,,,,,,,,,,1,400.0,25.0,0.0,0,NONE
2026-09-29T21:42:46.831+00:00,155.940,manual,Manual cook,temp,2100,387.5,,esp32,,0,,,,,,,,,,,,1,400.0,31.0,0.0,0,NONE
2026-09-29T21:42:47.331+00:00,156.440,manual,Manual cook,temp,2100,388.9,,esp32,,0,,,,,,,,,,,,1,400.0,30.0,0.0,0,NONE
2026-09-29T21:42:47.832+00:00,156.940,manual,Manual cook,temp,2100,389.3,,esp32,,0,,,,,,,,,,,,1,400.0,36.0,0.0,0,NONE
2026-09-29T21:42:48.831+00:00,157.940,manual,Manual cook,temp,2100,389.3,,esp32,,0,,,,,,,,,,,,1,400.0,43.0,0.0,0,NONE
2026-09-29T21:42:49.831+00:00,158.940,manual,Manual cook,temp,2100,391.5,,esp32,,0,,,,,,,,,,,,1,400.0,19.0,0.0,0,NONE
2026-09-29T21:42:50.833+00:00,159.942,manual,Manual cook,temp,2100,391.5,,esp32,,0,,,,,,,,,,,,1,400.0,39.0,0.0,0,NONE
2026-09-29T21:42:51.831+00:00,160.940,manual,Manual cook,temp,2100,393.4,,esp32,,0,,,,,,,,,,,,1,400.0,6.0,0.0,0,NONE
2026-09-29T21:42:52.831+00:00,161.940,manual,Manual cook,temp,2100,393.8,,esp32,,0,,,,,,,,,,,,1,400.0,20.0,0.0,0,NONE
2026-09-29T21:42:53.831+00:00,162.940,manual,Manual cook,temp,2100,395.1,,esp32,,0,,,,,,,,,,,,1,400.0,10.0,0.0,0,NONE
2026-09-29T21:42:54.332+00:00,163.441,manual,Manual cook,temp,2100,395.6,,esp32,,0,,,,,,,,,,,,1,400.0,32.0,0.0,0,NONE
2026-09-29T21:42:55.331+00:00,164.440,manual,Manual cook,temp,2100,396.5,,esp32,,0,,,,,,,,,,,,1,400.0,31.0,0.0,0,NONE
2026-09-29T21:42:55.831+00:00,164.940,manual,Manual cook,temp,2100,396.5,,esp32,,0,,,,,,,,,,,,1,400.0,15.0,0.0,0,NONE
2026-09-29T21:42:56.831+00:00,165.940,manual,Manual cook,temp,2100,397.4,,esp32,,0,,,,,,,,,,,,1,400.0,13.0,0.0,0,NONE
2026-09-29T21:42:57.331+00:00,166.440,manual,Manual cook,temp,2100,397.9,,esp32,,0,,,,,,,,,,,,1,400.0,19.0,0.0,0,NONE
2026-09-29T21:42:57.831+00:00,166.940,manual,Manual cook,temp,2100,397.4,,esp32,,0,,,,,,,,,,,,1,400.0,35.0,0.0,0,NONE
2026-09-29T21:42:58.331+00:00,167.440,manual,Manual cook,temp,2100,398.8,,esp32,,0,,,,,,,,,,,,1,400.0,19.0,0.0,0,NONE
2026-09-29T21:42:59.331+00:00,168.440,manual,Manual cook,temp,2100,398.8,,esp32,,0,,,,,,,,,,,,1,400.0,25.0,0.0,0,NONE
2026-09-29T21:43:00.331+00:00,169.440,manual,Manual cook,temp,2100,400.1,,esp32,,0,,,,,,,,,,,,1,400.0,15.0,0.0,0,NONE
2026-09-29T21:43:00.831+00:00,169.940,manual,Manual cook,temp,2100,400.1,,esp32,,0,,,,,,,,,,,,1,400.0,22.0,0.0,0,NONE
2026-09-29T21:43:01.831+00:00,170.940,manual,Manual cook,temp,2100,401.0,,esp32,,0,,,,,,,,,,,,1,400.0,0.0,0.0,0,NONE
2026-09-29T21:43:02.331+00:00,171.440,manual,Manual cook,temp,2100,401.5,,esp32,,0,,,,,,,,,,,,1,400.0,12.0,0.0,0,NONE
2026-09-29T21:43:02.831+00:00,171.940,manual,Manual cook,temp,2100,401.0,,esp32,,0,,,,,,,,,,,,1,400.0,19.0,0.0,0,NONE
2026-09-29T21:43:03.831+00:00,172.940,manual,Manual cook,temp,2100,402.8,,esp32,,0,,,,,,,,,,,,1,400.0,0.0,0.0,0,NONE
2026-09-29T21:43:04.331+00:00,173.440,manual,Manual cook,temp,2100,402.4,,esp32,,0,,,,,,,,,,,,1,400.0,17.0,0.0,0,NONE
2026-09-29T21:43:05.332+00:00,174.441,manual,Manual cook,temp,2100,402.4,,esp32,,0,,,,,,,,,,,,1,400.0,18.0,0.0,0,NONE
2026-09-29T21:43:05.832+00:00,174.941,manual,Manual cook,temp,2100,402.8,,esp32,,0,,,,,,,,,,,,1,400.0,9.0,0.0,0,NONE
2026-09-29T21:43:06.831+00:00,175.940,manual,Manual cook,temp,2100,402.8,,esp32,,0,,,,,,,,,,,,1,400.0,9.0,0.0,0,NONE
2026-09-29T21:43:07.831+00:00,176.940,manual,Manual cook,temp,2100,403.7,,esp32,,0,,,,,,,,,,,,1,400.0,17.0,0.0,0,NONE
2026-09-29T21:43:08.331+00:00,177.440,manual,Manual cook,temp,2100,404.6,,esp32,,0,,,,,,,,,,,,1,400.0,0.0,0.0,0,NONE
2026-09-29T21:43:08.831+00:00,177.940,manual,Manual cook,temp,2100,403.3,,esp32,,0,,,,,,,,,,,,1,400.0,17.0,0.0,0,NONE
2026-09-29T21:43:09.831+00:00,178.940,manual,Manual cook,temp,2100,404.6,,esp32,,0,,,,,,,,,,,,1,400.0,0.0,0.0,0,NONE
2026-09-29T21:43:10.831+00:00,179.940,manual,Manual cook,temp,2100,404.1,,esp32,,0,,,,,,,,,,,,1,400.0,14.0,0.0,0,NONE
2026-09-29T21:43:11.831+00:00,180.940,manual,Manual cook,temp,2100,404.6,,esp32,,0,,,,,,,,,,,,1,400.0,13.0,0.0,0,NONE
2026-09-29T21:43:12.831+00:00,181.940,manual,Manual cook,temp,2100,404.6,,esp32,,0,,,,,,,,,,,,1,400.0,12.0,0.0,0,NONE
2026-09-29T21:43:13.831+00:00,182.940,manual,Manual cook,temp,2100,405.5,,esp32,,0,,,,,,,,,,,,1,400.0,0.0,0.0,0,NONE
2026-09-29T21:43:14.831+00:00,183.940,manual,Manual cook,temp,2100,405.0,,esp32,,0,,,,,,,,,,,,1,400.0,19.0,0.0,0,NONE
2026-09-29T21:43:15.831+00:00,184.940,manual,Manual cook,temp,2100,405.5,,esp32,,0,,,,,,,,,,,,1,400.0,0.0,0.0,0,NONE
2026-09-29T21:43:16.332+00:00,185.440,manual,Manual cook,temp,2100,405.5,,esp32,,0,,,,,,,,,,,,1,400.0,17.0,0.0,0,NONE
2026-09-29T21:43:16.832+00:00,185.940,manual,Manual cook,temp,2100,406.0,,esp32,,0,,,,,,,,,,,,1,400.0,11.0,0.0,0,NONE
2026-09-29T21:43:17.831+00:00,186.940,manual,Manual cook,temp,2100,405.5,,esp32,,0,,,,,,,,,,,,1,400.0,18.0,0.0,0,NONE
2026-09-29T21:43:18.831+00:00,187.940,manual,Manual cook,temp,2100,406.0,,esp32,,0,,,,,,,,,,,,1,400.0,2.0,0.0,0,NONE
2026-09-29T21:43:19.831+00:00,188.940,manual,Manual cook,temp,2100,406.0,,esp32,,0,,,,,,,,,,,,1,400.0,16.0,0.0,0,NONE
2026-09-29T21:43:20.831+00:00,189.940,manual,Manual cook,temp,2100,405.0,,esp32,,0,,,,,,,,,,,,1,400.0,17.0,0.0,0,NONE
2026-09-29T21:43:21.831+00:00,190.940,manual,Manual cook,temp,2100,406.0,,esp32,,0,,,,,,,,,,,,1,400.0,0.0,0.0,0,NONE
2026-09-29T21:43:22.331+00:00,191.440,manual,Manual cook,temp,2100,405.5,,esp32,,0,,,,,,,,,,,,1,400.0,9.0,0.0,0,NONE
2026-09-29T21:43:22.831+00:00,191.940,manual,Manual cook,temp,2100,405.5,,esp32,,0,,,,,,,,,,,,1,400.0,17.0,0.0,0,NONE
2026-09-29T21:43:23.831+00:00,192.940,manual,Manual cook,temp,2100,406.0,,esp32,,0,,,,,,,,,,,,1,400.0,2.0,0.0,0,NONE
2026-09-29T21:43:24.831+00:00,193.940,manual,Manual cook,temp,2100,405.5,,esp32,,0,,,,,,,,,,,,1,400.0,17.0,0.0,0,NONE
2026-09-29T21:43:25.831+00:00,194.940,manual,Manual cook,temp,2100,404.6,,esp32,,0,,,,,,,,,,,,1,400.0,26.0,0.0,0,NONE
2026-09-29T21:43:26.331+00:00,195.440,manual,Manual cook,temp,2100,405.5,,esp32,,0,,,,,,,,,,,,1,400.0,0.0,0.0,0,NONE
2026-09-29T21:43:26.832+00:00,195.941,manual,Manual cook,temp,2100,405.5,,esp32,,0,,,,,,,,,,,,1,400.0,17.0,0.0,0,NONE
2026-09-29T21:43:27.831+00:00,196.940,manual,Manual cook,temp,2100,405.5,,esp32,,0,,,,,,,,,,,,1,400.0,17.0,0.0,0,NONE
2026-09-29T21:43:28.831+00:00,197.940,manual,Manual cook,temp,2100,405.0,,esp32,,0,,,,,,,,,,,,1,400.0,10.0,0.0,0,NONE
2026-09-29T21:43:29.831+00:00,198.940,manual,Manual cook,temp,2100,405.0,,esp32,,0,,,,,,,,,,,,1,400.0,2.0,0.0,0,NONE
2026-09-29T21:43:30.331+00:00,199.440,manual,Manual cook,temp,2100,403.7,,esp32,,0,,,,,,,,,,,,1,400.0,17.0,0.0,0,NONE
2026-09-29T21:43:31.331+00:00,200.440,manual,Manual cook,temp,2100,405.0,,esp32,,0,,,,,,,,,,,,1,400.0,0.0,0.0,0,NONE
2026-09-29T21:43:31.831+00:00,200.940,manual,Manual cook,temp,2100,404.6,,esp32,,0,,,,,,,,,,,,1,400.0,17.0,0.0,0,NONE
2026-09-29T21:43:32.331+00:00,201.440,manual,Manual cook,temp,2100,404.6,,esp32,,0,,,,,,,,,,,,1,400.0,4.0,0.0,0,NONE
2026-09-29T21:43:33.331+00:00,202.440,manual,Manual cook,temp,2100,404.6,,esp32,,0,,,,,,,,,,,,1,400.0,17.0,0.0,0,NONE
2026-09-29T21:43:33.831+00:00,202.940,manual,Manual cook,temp,2100,405.0,,esp32,,0,,,,,,,,,,,,1,400.0,3.0,0.0,0,NONE
2026-09-29T21:43:34.831+00:00,203.940,manual,Manual cook,temp,2100,403.7,,esp32,,0,,,,,,,,,,,,1,400.0,20.0,0.0,0,NONE
2026-09-29T21:43:35.831+00:00,204.940,manual,Manual cook,temp,2100,404.1,,esp32,,0,,,,,,,,,,,,1,400.0,11.0,0.0,0,NONE
2026-09-29T21:43:36.831+00:00,205.940,manual,Manual cook,temp,2100,403.7,,esp32,,0,,,,,,,,,,,,1,400.0,13.0,0.0,0,NONE
2026-09-29T21:43:37.832+00:00,206.941,manual,Manual cook,temp,2100,404.1,,esp32,,0,,,,,,,,,,,,1,400.0,20.0,0.0,0,NONE
2026-09-29T21:43:38.831+00:00,207.940,manual,Manual cook,temp,2100,403.7,,esp32,,0,,,,,,,,,,,,1,400.0,17.0,0.0,0,NONE
2026-09-29T21:43:39.831+00:00,208.940,manual,Manual cook,temp,2100,404.1,,esp32,,0,,,,,,,,,,,,1,400.0,17.0,0.0,0,NONE
2026-09-29T21:43:40.331+00:00,209.440,manual,Manual cook,temp,2100,404.1,,esp32,,0,,,,,,,,,,,,1,400.0,11.0,0.0,0,NONE
2026-09-29T21:43:41.331+00:00,210.440,manual,Manual cook,temp,2100,403.7,,esp32,,0,,,,,,,,,,,,1,400.0,19.0,0.0,0,NONE
2026-09-29T21:43:42.331+00:00,211.440,manual,Manual cook,temp,2100,403.7,,esp32,,0,,,,,,,,,,,,1,400.0,12.0,0.0,0,NONE
2026-09-29T21:43:42.831+00:00,211.940,manual,Manual cook,temp,2100,404.1,,esp32,,0,,,,,,,,,,,,1,400.0,4.0,0.0,0,NONE
2026-09-29T21:43:43.831+00:00,212.940,manual,Manual cook,temp,2100,404.1,,esp32,,0,,,,,,,,,,,,1,400.0,12.0,0.0,0,NONE
2026-09-29T21:43:44.831+00:00,213.940,manual,Manual cook,temp,2100,403.7,,esp32,,0,,,,,,,,,,,,1,400.0,19.0,0.0,0,NONE
2026-09-29T21:43:45.831+00:00,214.940,manual,Manual cook,temp,2100,404.1,,esp32,,0,,,,,,,,,,,,1,400.0,12.0,0.0,0,NONE
2026-09-29T21:43:46.831+00:00,215.940,manual,Manual cook,temp,2100,404.1,,esp32,,0,,,,,,,,,,,,1,400.0,11.0,0.0,0,NONE
2026-09-29T21:43:47.831+00:00,216.940,manual,Manual cook,temp,2100,403.3,,esp32,,0,,,,,,,,,,,,1,400.0,20.0,0.0,0,NONE
2026-09-29T21:43:48.831+00:00,217.939,manual,Manual cook,temp,2100,404.6,,esp32,,0,,,,,,,,,,,,1,400.0,10.0,0.0,0,NONE
2026-09-29T21:43:49.831+00:00,218.940,manual,Manual cook,temp,2100,404.1,,esp32,,0,,,,,,,,,,,,1,400.0,18.0,0.0,0,NONE
2026-09-29T21:43:50.831+00:00,219.940,manual,Manual cook,temp,2100,404.6,,esp32,,0,,,,,,,,,,,,1,400.0,2.0,0.0,0,NONE
2026-09-29T21:43:51.831+00:00,220.940,manual,Manual cook,temp,2100,404.6,,esp32,,0,,,,,,,,,,,,1,400.0,9.0,0.0,0,NONE
2026-09-29T21:43:52.831+00:00,221.940,manual,Manual cook,temp,2100,404.6,,esp32,,0,,,,,,,,,,,,1,400.0,2.0,0.0,0,NONE
2026-09-29T21:43:53.831+00:00,222.940,manual,Manual cook,temp,2100,404.1,,esp32,,0,,,,,,,,,,,,1,400.0,17.0,0.0,0,NONE
2026-09-29T21:43:54.831+00:00,223.940,manual,Manual cook,temp,2100,403.7,,esp32,,0,,,,,,,,,,,,1,400.0,11.0,0.0,0,NONE
2026-09-29T21:43:55.831+00:00,224.939,manual,Manual cook,temp,2100,404.1,,esp32,,0,,,,,,,,,,,,1,400.0,3.0,0.0,0,NONE
2026-09-29T21:43:56.831+00:00,225.940,manual,Manual cook,temp,2100,404.6,,esp32,,0,,,,,,,,,,,,1,400.0,11.0,0.0,0,NONE
2026-09-29T21:43:57.831+00:00,226.939,manual,Manual cook,temp,2100,404.6,,esp32,,0,,,,,,,,,,,,1,400.0,9.0,0.0,0,NONE
2026-09-29T21:43:58.831+00:00,227.939,manual,Manual cook,temp,2100,405.0,,esp32,,0,,,,,,,,,,,,1,400.0,0.0,0.0,0,NONE
2026-09-29T21:43:59.831+00:00,228.940,manual,Manual cook,temp,2100,404.1,,esp32,,0,,,,,,,,,,,,1,400.0,9.0,0.0,0,NONE
2026-09-29T21:44:00.331+00:00,229.440,manual,Manual cook,temp,2100,404.1,,esp32,,0,,,,,,,,,,,,1,400.0,17.0,0.0,0,NONE
2026-09-29T21:44:01.330+00:00,230.439,manual,Manual cook,temp,2100,404.1,,esp32,,0,,,,,,,,,,,,1,400.0,17.0,0.0,0,NONE
2026-09-29T21:44:01.831+00:00,230.940,manual,Manual cook,temp,2100,405.0,,esp32,,0,,,,,,,,,,,,1,400.0,10.0,0.0,0,NONE
2026-09-29T21:44:02.831+00:00,231.939,manual,Manual cook,temp,2100,404.6,,esp32,,0,,,,,,,,,,,,1,400.0,16.0,0.0,0,NONE
2026-09-29T21:44:03.831+00:00,232.939,manual,Manual cook,temp,2100,404.6,,esp32,,0,,,,,,,,,,,,1,400.0,9.0,0.0,0,NONE
2026-09-29T21:44:04.831+00:00,233.939,manual,Manual cook,temp,2100,404.1,,esp32,,0,,,,,,,,,,,,1,400.0,1.0,0.0,0,NONE
2026-09-29T21:44:05.830+00:00,234.939,manual,Manual cook,temp,2100,404.6,,esp32,,0,,,,,,,,,,,,1,400.0,1.0,0.0,0,NONE
2026-09-29T21:44:06.330+00:00,235.439,manual,Manual cook,temp,2100,404.1,,esp32,,0,,,,,,,,,,,,1,400.0,16.0,0.0,0,NONE
2026-09-29T21:44:07.330+00:00,236.439,manual,Manual cook,temp,2100,403.7,,esp32,,0,,,,,,,,,,,,1,400.0,2.0,0.0,0,NONE
2026-09-29T21:44:08.330+00:00,237.439,manual,Manual cook,temp,2100,404.1,,esp32,,0,,,,,,,,,,,,1,400.0,18.0,0.0,0,NONE
2026-09-29T21:44:08.831+00:00,237.939,manual,Manual cook,temp,2100,404.1,,esp32,,0,,,,,,,,,,,,1,400.0,0.0,0.0,0,NONE
2026-09-29T21:44:09.831+00:00,238.940,manual,Manual cook,temp,2100,402.8,,esp32,,0,,,,,,,,,,,,1,400.0,0.0,0.0,0,NONE
2026-09-29T21:44:10.831+00:00,239.940,manual,Manual cook,temp,2100,403.3,,esp32,,0,,,,,,,,,,,,1,400.0,4.0,0.0,0,NONE
2026-09-29T21:44:11.831+00:00,240.939,manual,Manual cook,temp,2100,402.8,,esp32,,0,,,,,,,,,,,,1,400.0,11.0,0.0,0,NONE
2026-09-29T21:44:12.830+00:00,241.939,manual,Manual cook,temp,2100,403.3,,esp32,,0,,,,,,,,,,,,1,400.0,3.0,0.0,0,NONE
2026-09-29T21:44:13.330+00:00,242.439,manual,Manual cook,temp,2100,403.7,,esp32,,0,,,,,,,,,,,,1,400.0,3.0,0.0,0,NONE
2026-09-29T21:44:14.330+00:00,243.439,manual,Manual cook,temp,2100,403.3,,esp32,,0,,,,,,,,,,,,1,400.0,26.0,0.0,0,NONE
2026-09-29T21:44:15.330+00:00,244.439,manual,Manual cook,temp,2100,403.3,,esp32,,0,,,,,,,,,,,,1,400.0,10.0,0.0,0,NONE
2026-09-29T21:44:15.830+00:00,244.939,manual,Manual cook,temp,2100,403.3,,esp32,,0,,,,,,,,,,,,1,400.0,10.0,0.0,0,NONE
2026-09-29T21:44:16.331+00:00,245.440,manual,Manual cook,temp,2100,403.3,,esp32,,0,,,,,,,,,,,,1,400.0,10.0,0.0,0,NONE
2026-09-29T21:44:17.330+00:00,246.439,manual,Manual cook,temp,2100,403.3,,esp32,,0,,,,,,,,,,,,1,400.0,10.0,0.0,0,NONE
2026-09-29T21:44:17.830+00:00,246.939,manual,Manual cook,temp,2100,403.3,,esp32,,0,,,,,,,,,,,,1,400.0,10.0,0.0,0,NONE
2026-09-29T21:44:18.830+00:00,247.939,manual,Manual cook,temp,2100,401.9,,esp32,,0,,,,,,,,,,,,1,400.0,10.0,0.0,0,NONE
2026-09-29T21:44:19.830+00:00,248.939,manual,Manual cook,temp,2100,402.8,,esp32,,0,,,,,,,,,,,,1,400.0,0.0,0.0,0,NONE
2026-09-29T21:44:20.830+00:00,249.939,manual,Manual cook,temp,2100,403.3,,esp32,,0,,,,,,,,,,,,1,400.0,3.0,0.0,0,NONE
2026-09-29T21:44:21.831+00:00,250.940,manual,Manual cook,temp,2100,402.8,,esp32,,0,,,,,,,,,,,,1,400.0,18.0,0.0,0,NONE
2026-09-29T21:44:22.830+00:00,251.939,manual,Manual cook,temp,2100,404.1,,esp32,,0,,,,,,,,,,,,1,400.0,1.0,0.0,0,NONE
2026-09-29T21:44:23.830+00:00,252.939,manual,Manual cook,temp,2100,403.7,,esp32,,0,,,,,,,,,,,,1,400.0,16.0,0.0,0,NONE
2026-09-29T21:44:24.330+00:00,253.439,manual,Manual cook,temp,2100,402.8,,esp32,,0,,,,,,,,,,,,1,400.0,9.0,0.0,0,NONE
2026-09-29T21:44:25.330+00:00,254.439,manual,Manual cook,temp,2100,403.7,,esp32,,0,,,,,,,,,,,,1,400.0,0.0,0.0,0,NONE
2026-09-29T21:44:25.830+00:00,254.939,manual,Manual cook,temp,2100,402.4,,esp32,,0,,,,,,,,,,,,1,400.0,9.0,0.0,0,NONE
2026-09-29T21:44:26.830+00:00,255.939,manual,Manual cook,temp,2100,403.3,,esp32,,0,,,,,,,,,,,,1,400.0,0.0,0.0,0,NONE
2026-09-29T21:44:27.331+00:00,256.440,manual,Manual cook,temp,2100,403.3,,esp32,,0,,,,,,,,,,,,1,400.0,10.0,0.0,0,NONE
2026-09-29T21:44:28.330+00:00,257.439,manual,Manual cook,temp,2100,403.3,,esp32,,0,,,,,,,,,,,,1,400.0,2.0,0.0,0,NONE
2026-09-29T21:44:29.330+00:00,258.439,manual,Manual cook,temp,2100,403.7,,esp32,,0,,,,,,,,,,,,1,400.0,2.0,0.0,0,NONE
2026-09-29T21:44:29.830+00:00,258.939,manual,Manual cook,temp,2100,403.7,,esp32,,0,,,,,,,,,,,,1,400.0,9.0,0.0,0,NONE
2026-09-29T21:44:30.830+00:00,259.939,manual,Manual cook,temp,2100,403.7,,esp32,,0,,,,,,,,,,,,1,400.0,9.0,0.0,0,NONE
2026-09-29T21:44:31.830+00:00,260.939,manual,Manual cook,temp,2100,402.8,,esp32,,0,,,,,,,,,,,,1,400.0,10.0,0.0,0,NONE
2026-09-29T21:44:32.330+00:00,261.439,manual,Manual cook,temp,2100,402.8,,esp32,,0,,,,,,,,,,,,1,400.0,27.0,0.0,0,NONE
2026-09-29T21:44:33.331+00:00,262.440,manual,Manual cook,temp,2100,402.8,,esp32,,0,,,,,,,,,,,,1,400.0,10.0,0.0,0,NONE
2026-09-29T21:44:34.830+00:00,263.939,manual,Manual cook,temp,2100,401.9,,esp32,,0,,,,,,,,,,,,1,400.0,17.0,0.0,0,NONE
2026-09-29T21:44:35.330+00:00,264.439,manual,Manual cook,temp,2100,403.7,,esp32,,0,,,,,,,,,,,,1,400.0,0.0,0.0,0,NONE
2026-09-29T21:44:36.330+00:00,265.439,manual,Manual cook,temp,2100,403.3,,esp32,,0,,,,,,,,,,,,1,400.0,0.0,0.0,0,NONE
2026-09-29T21:44:36.830+00:00,265.939,manual,Manual cook,temp,2100,402.8,,esp32,,0,,,,,,,,,,,,1,400.0,17.0,0.0,0,NONE
2026-09-29T21:44:37.830+00:00,266.939,manual,Manual cook,temp,2100,402.8,,esp32,,0,,,,,,,,,,,,1,400.0,10.0,0.0,0,NONE
2026-09-29T21:44:38.330+00:00,267.439,manual,Manual cook,temp,2100,402.4,,esp32,,0,,,,,,,,,,,,1,400.0,26.0,0.0,0,NONE
2026-09-29T21:44:38.831+00:00,267.940,manual,Manual cook,temp,2100,402.4,,esp32,,0,,,,,,,,,,,,1,400.0,4.0,0.0,0,NONE
2026-09-29T21:44:39.830+00:00,268.939,manual,Manual cook,temp,2100,402.4,,esp32,,0,,,,,,,,,,,,1,400.0,19.0,0.0,0,NONE
2026-09-29T21:44:40.830+00:00,269.939,manual,Manual cook,temp,2100,402.4,,esp32,,0,,,,,,,,,,,,1,400.0,0.0,0.0,0,NONE
2026-09-29T21:44:41.830+00:00,270.939,manual,Manual cook,temp,2100,402.8,,esp32,,0,,,,,,,,,,,,1,400.0,3.0,0.0,0,NONE
2026-09-29T21:44:42.330+00:00,271.439,manual,Manual cook,temp,2100,401.9,,esp32,,0,,,,,,,,,,,,1,400.0,26.0,0.0,0,NONE
2026-09-29T21:44:43.330+00:00,272.439,manual,Manual cook,temp,2100,401.5,,esp32,,0,,,,,,,,,,,,1,400.0,20.0,0.0,0,NONE
2026-09-29T21:44:43.830+00:00,272.939,manual,Manual cook,temp,2100,402.4,,esp32,,0,,,,,,,,,,,,1,400.0,0.0,0.0,0,NONE
2026-09-29T21:44:44.830+00:00,273.939,manual,Manual cook,temp,2100,401.5,,esp32,,0,,,,,,,,,,,,1,400.0,3.0,0.0,0,NONE
2026-09-29T21:44:45.330+00:00,274.439,manual,Manual cook,temp,2100,401.5,,esp32,,0,,,,,,,,,,,,1,400.0,34.0,0.0,0,NONE
2026-09-29T21:44:46.330+00:00,275.439,manual,Manual cook,temp,2100,402.4,,esp32,,0,,,,,,,,,,,,1,400.0,0.0,0.0,0,NONE
2026-09-29T21:44:47.330+00:00,276.439,manual,Manual cook,temp,2100,402.4,,esp32,,0,,,,,,,,,,,,1,400.0,11.0,0.0,0,NONE
2026-09-29T21:44:47.830+00:00,276.939,manual,Manual cook,temp,2100,402.4,,esp32,,0,,,,,,,,,,,,1,400.0,11.0,0.0,0,NONE
2026-09-29T21:44:48.330+00:00,277.439,manual,Manual cook,temp,2100,402.4,,esp32,,0,,,,,,,,,,,,1,400.0,11.0,0.0,0,NONE
2026-09-29T21:44:49.331+00:00,278.440,manual,Manual cook,temp,2100,402.8,,esp32,,0,,,,,,,,,,,,1,400.0,27.0,0.0,0,NONE
2026-09-29T21:44:50.330+00:00,279.439,manual,Manual cook,temp,2100,401.9,,esp32,,0,,,,,,,,,,,,1,400.0,17.0,0.0,0,NONE
2026-09-29T21:44:51.330+00:00,280.439,manual,Manual cook,temp,2100,401.9,,esp32,,0,,,,,,,,,,,,1,400.0,17.0,0.0,0,NONE
2026-09-29T21:44:52.330+00:00,281.439,manual,Manual cook,temp,2100,402.4,,esp32,,0,,,,,,,,,,,,1,400.0,3.0,0.0,0,NONE
2026-09-29T21:44:53.330+00:00,282.439,manual,Manual cook,temp,2100,402.4,,esp32,,0,,,,,,,,,,,,1,400.0,3.0,0.0,0,NONE
2026-09-29T21:44:54.330+00:00,283.439,manual,Manual cook,temp,2100,402.4,,esp32,,0,,,,,,,,,,,,1,400.0,2.0,0.0,0,NONE
2026-09-29T21:44:54.831+00:00,283.940,manual,Manual cook,temp,2100,402.8,,esp32,,0,,,,,,,,,,,,1,400.0,18.0,0.0,0,NONE
2026-09-29T21:44:55.830+00:00,284.939,manual,Manual cook,temp,2100,401.9,,esp32,,0,,,,,,,,,,,,1,400.0,10.0,0.0,0,NONE
2026-09-29T21:44:56.330+00:00,285.439,manual,Manual cook,temp,2100,402.4,,esp32,,0,,,,,,,,,,,,1,400.0,26.0,0.0,0,NONE
2026-09-29T21:44:57.330+00:00,286.439,manual,Manual cook,temp,2100,402.8,,esp32,,0,,,,,,,,,,,,1,400.0,2.0,0.0,0,NONE
2026-09-29T21:44:58.330+00:00,287.439,manual,Manual cook,temp,2100,401.9,,esp32,,0,,,,,,,,,,,,1,400.0,26.0,0.0,0,NONE
2026-09-29T21:44:59.330+00:00,288.439,manual,Manual cook,temp,2100,401.9,,esp32,,0,,,,,,,,,,,,1,400.0,18.0,0.0,0,NONE
2026-09-29T21:45:00.331+00:00,289.440,manual,Manual cook,temp,2100,402.4,,esp32,,0,,,,,,,,,,,,1,400.0,10.0,0.0,0,NONE
2026-09-29T21:45:01.330+00:00,290.439,manual,Manual cook,temp,2100,402.4,,esp32,,0,,,,,,,,,,,,1,400.0,10.0,0.0,0,NONE
2026-09-29T21:45:02.330+00:00,291.439,manual,Manual cook,temp,2100,402.8,,esp32,,0,,,,,,,,,,,,1,400.0,9.0,0.0,0,NONE
2026-09-29T21:45:03.330+00:00,292.439,manual,Manual cook,temp,2100,402.8,,esp32,,0,,,,,,,,,,,,1,400.0,2.0,0.0,0,NONE
2026-09-29T21:45:04.330+00:00,293.439,manual,Manual cook,temp,2100,402.8,,esp32,,0,,,,,,,,,,,,1,400.0,17.0,0.0,0,NONE
2026-09-29T21:45:05.330+00:00,294.439,manual,Manual cook,temp,2100,402.4,,esp32,,0,,,,,,,,,,,,1,400.0,17.0,0.0,0,NONE
2026-09-29T21:45:06.331+00:00,295.439,manual,Manual cook,temp,2100,402.8,,esp32,,0,,,,,,,,,,,,1,400.0,17.0,0.0,0,NONE
2026-09-29T21:45:06.831+00:00,295.940,manual,Manual cook,temp,2100,402.8,,esp32,,0,,,,,,,,,,,,1,400.0,2.0,0.0,0,NONE
2026-09-29T21:45:07.830+00:00,296.939,manual,Manual cook,temp,2100,402.8,,esp32,,0,,,,,,,,,,,,1,400.0,9.0,0.0,0,NONE
2026-09-29T21:45:08.330+00:00,297.439,manual,Manual cook,temp,2100,402.8,,esp32,,0,,,,,,,,,,,,1,400.0,9.0,0.0,0,NONE
2026-09-29T21:45:09.330+00:00,298.439,manual,Manual cook,temp,2100,402.4,,esp32,,0,,,,,,,,,,,,1,400.0,24.0,0.0,0,NONE
2026-09-29T21:45:10.330+00:00,299.439,manual,Manual cook,temp,2100,402.4,,esp32,,0,,,,,,,,,,,,1,400.0,3.0,0.0,0,NONE
2026-09-29T21:45:11.330+00:00,300.439,manual,Manual cook,temp,2100,402.8,,esp32,,0,,,,,,,,,,,,1,400.0,34.0,0.0,0,NONE
2026-09-29T21:45:12.330+00:00,301.439,manual,Manual cook,temp,2100,402.4,,esp32,,0,,,,,,,,,,,,1,400.0,17.0,0.0,0,NONE
2026-09-29T21:45:13.330+00:00,302.439,manual,Manual cook,temp,2100,402.4,,esp32,,0,,,,,,,,,,,,1,400.0,17.0,0.0,0,NONE
2026-09-29T21:45:14.330+00:00,303.439,manual,Manual cook,temp,2100,402.8,,esp32,,0,,,,,,,,,,,,1,400.0,18.0,0.0,0,NONE
2026-09-29T21:45:15.330+00:00,304.439,manual,Manual cook,temp,2100,402.4,,esp32,,0,,,,,,,,,,,,1,400.0,17.0,0.0,0,NONE
2026-09-29T21:45:15.830+00:00,304.939,manual,Manual cook,temp,2100,402.4,,esp32,,0,,,,,,,,,,,,1,400.0,18.0,0.0,0,NONE
2026-09-29T21:45:16.830+00:00,305.939,manual,Manual cook,temp,2100,402.8,,esp32,,0,,,,,,,,,,,,1,400.0,1.0,0.0,0,NONE
2026-09-29T21:45:17.330+00:00,306.439,manual,Manual cook,temp,2100,402.4,,esp32,,0,,,,,,,,,,,,1,400.0,17.0,0.0,0,NONE
2026-09-29T21:45:17.830+00:00,306.939,manual,Manual cook,temp,2100,401.9,,esp32,,0,,,,,,,,,,,,1,400.0,18.0,0.0,0,NONE
2026-09-29T21:45:18.830+00:00,307.939,manual,Manual cook,temp,2100,402.4,,esp32,,0,,,,,,,,,,,,1,400.0,18.0,0.0,0,NONE
2026-09-29T21:45:19.330+00:00,308.439,manual,Manual cook,temp,2100,401.9,,esp32,,0,,,,,,,,,,,,1,400.0,2.0,0.0,0,NONE
2026-09-29T21:45:20.330+00:00,309.439,manual,Manual cook,temp,2100,401.9,,esp32,,0,,,,,,,,,,,,1,400.0,10.0,0.0,0,NONE
2026-09-29T21:45:21.330+00:00,310.439,manual,Manual cook,temp,2100,402.4,,esp32,,0,,,,,,,,,,,,1,400.0,0.0,0.0,0,NONE
2026-09-29T21:45:22.330+00:00,311.439,manual,Manual cook,temp,2100,401.9,,esp32,,0,,,,,,,,,,,,1,400.0,3.0,0.0,0,NONE
2026-09-29T21:45:23.330+00:00,312.439,manual,Manual cook,temp,2100,401.9,,esp32,,0,,,,,,,,,,,,1,400.0,10.0,0.0,0,NONE
2026-09-29T21:45:24.330+00:00,313.439,manual,Manual cook,temp,2100,401.5,,esp32,,0,,,,,,,,,,,,1,400.0,43.0,0.0,0,NONE
2026-09-29T21:45:25.330+00:00,314.439,manual,Manual cook,temp,2100,401.0,,esp32,,0,,,,,,,,,,,,1,400.0,17.0,0.0,0,NONE
2026-09-29T21:45:26.330+00:00,315.439,manual,Manual cook,temp,2100,401.5,,esp32,,0,,,,,,,,,,,,1,400.0,11.0,0.0,0,NONE
2026-09-29T21:45:27.330+00:00,316.439,manual,Manual cook,temp,2100,401.9,,esp32,,0,,,,,,,,,,,,1,400.0,10.0,0.0,0,NONE
2026-09-29T21:45:28.331+00:00,317.440,manual,Manual cook,temp,2100,401.0,,esp32,,0,,,,,,,,,,,,1,400.0,18.0,0.0,0,NONE
2026-09-29T21:45:29.330+00:00,318.439,manual,Manual cook,temp,2100,401.5,,esp32,,0,,,,,,,,,,,,1,400.0,4.0,0.0,0,NONE
2026-09-29T21:45:30.332+00:00,319.441,manual,Manual cook,temp,2100,402.4,,esp32,,0,,,,,,,,,,,,1,400.0,9.0,0.0,0,NONE
2026-09-29T21:45:31.330+00:00,320.439,manual,Manual cook,temp,2100,401.5,,esp32,,0,,,,,,,,,,,,1,400.0,2.0,0.0,0,NONE
2026-09-29T21:45:32.330+00:00,321.439,manual,Manual cook,temp,2100,402.4,,esp32,,0,,,,,,,,,,,,1,400.0,0.0,0.0,0,NONE
2026-09-29T21:45:33.330+00:00,322.439,manual,Manual cook,temp,2100,401.5,,esp32,,0,,,,,,,,,,,,1,400.0,10.0,0.0,0,NONE
2026-09-29T21:45:34.330+00:00,323.439,manual,Manual cook,temp,2100,401.5,,esp32,,0,,,,,,,,,,,,1,400.0,11.0,0.0,0,NONE
2026-09-29T21:45:34.830+00:00,323.939,manual,Manual cook,temp,2100,402.8,,esp32,,0,,,,,,,,,,,,1,400.0,0.0,0.0,0,NONE
2026-09-29T21:45:35.830+00:00,324.938,manual,Manual cook,temp,2100,402.4,,esp32,,0,,,,,,,,,,,,1,400.0,9.0,0.0,0,NONE
2026-09-29T21:45:36.330+00:00,325.439,manual,Manual cook,temp,2100,402.4,,esp32,,0,,,,,,,,,,,,1,400.0,9.0,0.0,0,NONE
2026-09-29T21:45:37.330+00:00,326.439,manual,Manual cook,temp,2100,401.9,,esp32,,0,,,,,,,,,,,,1,400.0,17.0,0.0,0,NONE
2026-09-29T21:45:38.330+00:00,327.439,manual,Manual cook,temp,2100,401.9,,esp32,,0,,,,,,,,,,,,1,400.0,10.0,0.0,0,NONE
2026-09-29T21:45:39.330+00:00,328.439,manual,Manual cook,temp,2100,402.8,,esp32,,0,,,,,,,,,,,,1,400.0,16.0,0.0,0,NONE
2026-09-29T21:45:40.331+00:00,329.439,manual,Manual cook,temp,2100,402.4,,esp32,,0,,,,,,,,,,,,1,400.0,16.0,0.0,0,NONE
2026-09-29T21:45:41.330+00:00,330.439,manual,Manual cook,temp,2100,401.9,,esp32,,0,,,,,,,,,,,,1,400.0,1.0,0.0,0,NONE
2026-09-29T21:45:42.330+00:00,331.438,manual,Manual cook,temp,2100,401.9,,esp32,,0,,,,,,,,,,,,1,400.0,10.0,0.0,0,NONE
2026-09-29T21:45:42.830+00:00,331.938,manual,Manual cook,temp,2100,402.8,,esp32,,0,,,,,,,,,,,,1,400.0,1.0,0.0,0,NONE
2026-09-29T21:45:43.330+00:00,332.439,manual,Manual cook,temp,2100,401.9,,esp32,,0,,,,,,,,,,,,1,400.0,1.0,0.0,0,NONE
2026-09-29T21:45:44.330+00:00,333.439,manual,Manual cook,temp,2100,402.4,,esp32,,0,,,,,,,,,,,,1,400.0,1.0,0.0,0,NONE
2026-09-29T21:45:45.330+00:00,334.439,manual,Manual cook,temp,2100,402.4,,esp32,,0,,,,,,,,,,,,1,400.0,0.0,0.0,0,NONE
2026-09-29T21:45:45.830+00:00,334.939,manual,Manual cook,temp,2100,402.4,,esp32,,0,,,,,,,,,,,,1,400.0,9.0,0.0,0,NONE
2026-09-29T21:45:46.829+00:00,335.938,manual,Manual cook,temp,2100,401.5,,esp32,,0,,,,,,,,,,,,1,400.0,17.0,0.0,0,NONE
2026-09-29T21:45:47.829+00:00,336.938,manual,Manual cook,temp,2100,401.9,,esp32,,0,,,,,,,,,,,,1,400.0,17.0,0.0,0,NONE
2026-09-29T21:45:48.330+00:00,337.439,manual,Manual cook,temp,2100,401.5,,esp32,,0,,,,,,,,,,,,1,400.0,17.0,0.0,0,NONE
2026-09-29T21:45:49.330+00:00,338.438,manual,Manual cook,temp,2100,401.9,,esp32,,0,,,,,,,,,,,,1,400.0,0.0,0.0,0,NONE
2026-09-29T21:45:50.330+00:00,339.439,manual,Manual cook,temp,2100,401.5,,esp32,,0,,,,,,,,,,,,1,400.0,1.0,0.0,0,NONE
2026-09-29T21:45:51.330+00:00,340.439,manual,Manual cook,temp,2100,401.5,,esp32,,0,,,,,,,,,,,,1,400.0,26.0,0.0,0,NONE
2026-09-29T21:45:52.330+00:00,341.438,manual,Manual cook,temp,2100,401.5,,esp32,,0,,,,,,,,,,,,1,400.0,10.0,0.0,0,NONE
2026-09-29T21:45:53.329+00:00,342.438,manual,Manual cook,temp,2100,401.9,,esp32,,0,,,,,,,,,,,,1,400.0,2.0,0.0,0,NONE
2026-09-29T21:45:53.830+00:00,342.938,manual,Manual cook,temp,2100,401.0,,esp32,,0,,,,,,,,,,,,1,400.0,17.0,0.0,0,NONE
2026-09-29T21:45:54.829+00:00,343.938,manual,Manual cook,temp,2100,401.0,,esp32,,0,,,,,,,,,,,,1,400.0,11.0,0.0,0,NONE
2026-09-29T21:45:55.330+00:00,344.438,manual,Manual cook,temp,2100,401.0,,esp32,,0,,,,,,,,,,,,1,400.0,11.0,0.0,0,NONE
2026-09-29T21:45:56.330+00:00,345.438,manual,Manual cook,temp,2100,400.5,,esp32,,0,,,,,,,,,,,,1,400.0,19.0,0.0,0,NONE
2026-09-29T21:45:56.830+00:00,345.939,manual,Manual cook,temp,2100,400.5,,esp32,,0,,,,,,,,,,,,1,400.0,12.0,0.0,0,NONE
2026-09-29T21:45:57.829+00:00,346.938,manual,Manual cook,temp,2100,401.5,,esp32,,0,,,,,,,,,,,,1,400.0,0.0,0.0,0,NONE
2026-09-29T21:45:58.330+00:00,347.438,manual,Manual cook,temp,2100,401.0,,esp32,,0,,,,,,,,,,,,1,400.0,17.0,0.0,0,NONE
2026-09-29T21:45:59.330+00:00,348.439,manual,Manual cook,temp,2100,400.1,,esp32,,0,,,,,,,,,,,,1,400.0,0.0,0.0,0,NONE
2026-09-29T21:46:00.330+00:00,349.439,manual,Manual cook,temp,2100,401.5,,esp32,,0,,,,,,,,,,,,1,400.0,5.0,0.0,0,NONE
2026-09-29T21:46:01.329+00:00,350.438,manual,Manual cook,temp,2100,401.0,,esp32,,0,,,,,,,,,,,,1,400.0,17.0,0.0,0,NONE
2026-09-29T21:46:01.829+00:00,350.938,manual,Manual cook,temp,2100,401.5,,esp32,,0,,,,,,,,,,,,1,400.0,19.0,0.0,0,NONE
2026-09-29T21:46:02.329+00:00,351.438,manual,Manual cook,temp,2100,401.5,,esp32,,0,,,,,,,,,,,,1,400.0,0.0,0.0,0,NONE
2026-09-29T21:46:03.329+00:00,352.438,manual,Manual cook,temp,2100,401.9,,esp32,,0,,,,,,,,,,,,1,400.0,2.0,0.0,0,NONE
2026-09-29T21:46:04.330+00:00,353.439,manual,Manual cook,temp,2100,401.0,,esp32,,0,,,,,,,,,,,,1,400.0,25.0,0.0,0,NONE
2026-09-29T21:46:05.330+00:00,354.438,manual,Manual cook,temp,2100,401.0,,esp32,,0,,,,,,,,,,,,1,400.0,10.0,0.0,0,NONE
2026-09-29T21:46:06.330+00:00,355.438,manual,Manual cook,temp,2100,401.0,,esp32,,0,,,,,,,,,,,,1,400.0,11.0,0.0,0,NONE
2026-09-29T21:46:06.830+00:00,355.938,manual,Manual cook,temp,2100,400.5,,esp32,,0,,,,,,,,,,,,1,400.0,11.0,0.0,0,NONE
2026-09-29T21:46:07.331+00:00,356.440,manual,Manual cook,temp,2100,400.5,,esp32,,0,,,,,,,,,,,,1,400.0,19.0,0.0,0,NONE
2026-09-29T21:46:08.329+00:00,357.438,manual,Manual cook,temp,2100,401.0,,esp32,,0,,,,,,,,,,,,1,400.0,17.0,0.0,0,NONE
2026-09-29T21:46:09.329+00:00,358.438,manual,Manual cook,temp,2100,400.5,,esp32,,0,,,,,,,,,,,,1,400.0,26.0,0.0,0,NONE
2026-09-29T21:46:10.330+00:00,359.438,manual,Manual cook,temp,2100,401.0,,esp32,,0,,,,,,,,,,,,1,400.0,17.0,0.0,0,NONE
2026-09-29T21:46:11.329+00:00,360.438,manual,Manual cook,temp,2100,401.9,,esp32,,0,,,,,,,,,,,,1,400.0,0.0,0.0,0,NONE
2026-09-29T21:46:12.329+00:00,361.438,manual,Manual cook,temp,2100,401.5,,esp32,,0,,,,,,,,,,,,1,400.0,3.0,0.0,0,NONE
2026-09-29T21:46:12.830+00:00,361.939,manual,Manual cook,temp,2100,401.0,,esp32,,0,,,,,,,,,,,,1,400.0,18.0,0.0,0,NONE
2026-09-29T21:46:13.829+00:00,362.938,manual,Manual cook,temp,2100,401.9,,esp32,,0,,,,,,,,,,,,1,400.0,10.0,0.0,0,NONE
2026-09-29T21:46:14.329+00:00,363.438,manual,Manual cook,temp,2100,401.9,,esp32,,0,,,,,,,,,,,,1,400.0,2.0,0.0,0,NONE
2026-09-29T21:46:15.329+00:00,364.438,manual,Manual cook,temp,2100,401.9,,esp32,,0,,,,,,,,,,,,1,400.0,26.0,0.0,0,NONE
2026-09-29T21:46:16.329+00:00,365.438,manual,Manual cook,temp,2100,401.5,,esp32,,0,,,,,,,,,,,,1,400.0,17.0,0.0,0,NONE
2026-09-29T21:46:17.329+00:00,366.438,manual,Manual cook,temp,2100,401.9,,esp32,,0,,,,,,,,,,,,1,400.0,2.0,0.0,0,NONE
2026-09-29T21:46:17.829+00:00,366.938,manual,Manual cook,temp,2100,402.4,,esp32,,0,,,,,,,,,,,,1,400.0,1.0,0.0,0,NONE
2026-09-29T21:46:18.330+00:00,367.439,manual,Manual cook,temp,2100,401.0,,esp32,,0,,,,,,,,,,,,1,400.0,32.0,0.0,0,NONE
2026-09-29T21:46:19.329+00:00,368.438,manual,Manual cook,temp,2100,400.5,,esp32,,0,,,,,,,,,,,,1,400.0,19.0,0.0,0,NONE
2026-09-29T21:46:19.829+00:00,368.938,manual,Manual cook,temp,2100,401.5,,esp32,,0,,,,,,,,,,,,1,400.0,0.0,0.0,0,NONE
2026-09-29T21:46:20.829+00:00,369.938,manual,Manual cook,temp,2100,401.5,,esp32,,0,,,,,,,,,,,,1,400.0,10.0,0.0,0,NONE
2026-09-29T21:46:21.329+00:00,370.438,manual,Manual cook,temp,2100,401.0,,esp32,,0,,,,,,,,,,,,1,400.0,18.0,0.0,0,NONE
2026-09-29T21:46:22.330+00:00,371.438,manual,Manual cook,temp,2100,401.5,,esp32,,0,,,,,,,,,,,,1,400.0,17.0,0.0,0,NONE
2026-09-29T21:46:23.329+00:00,372.438,manual,Manual cook,temp,2100,401.5,,esp32,,0,,,,,,,,,,,,1,400.0,26.0,0.0,0,NONE
2026-09-29T21:46:23.830+00:00,372.939,manual,Manual cook,temp,2100,401.5,,esp32,,0,,,,,,,,,,,,1,400.0,0.0,0.0,0,NONE
2026-09-29T21:46:24.829+00:00,373.938,manual,Manual cook,temp,2100,401.5,,esp32,,0,,,,,,,,,,,,1,400.0,10.0,0.0,0,NONE
2026-09-29T21:46:25.329+00:00,374.438,manual,Manual cook,temp,2100,401.0,,esp32,,0,,,,,,,,,,,,1,400.0,18.0,0.0,0,NONE
2026-09-29T21:46:26.329+00:00,375.438,manual,Manual cook,temp,2100,402.4,,esp32,,0,,,,,,,,,,,,1,400.0,18.0,0.0,0,NONE
2026-09-29T21:46:27.329+00:00,376.438,manual,Manual cook,temp,2100,402.4,,esp32,,0,,,,,,,,,,,,1,400.0,17.0,0.0,0,NONE
2026-09-29T21:46:28.329+00:00,377.438,manual,Manual cook,temp,2100,401.9,,esp32,,0,,,,,,,,,,,,1,400.0,16.0,0.0,0,NONE
2026-09-29T21:46:29.329+00:00,378.438,manual,Manual cook,temp,2100,401.9,,esp32,,0,,,,,,,,,,,,1,400.0,16.0,0.0,0,NONE
2026-09-29T21:46:29.830+00:00,378.939,manual,Manual cook,temp,2100,401.5,,esp32,,0,,,,,,,,,,,,1,400.0,9.0,0.0,0,NONE
2026-09-29T21:46:30.829+00:00,379.938,manual,Manual cook,temp,2100,401.5,,esp32,,0,,,,,,,,,,,,1,400.0,26.0,0.0,0,NONE
2026-09-29T21:46:31.829+00:00,380.938,manual,Manual cook,temp,2100,401.9,,esp32,,0,,,,,,,,,,,,1,400.0,1.0,0.0,0,NONE
2026-09-29T21:46:32.329+00:00,381.438,manual,Manual cook,temp,2100,401.0,,esp32,,0,,,,,,,,,,,,1,400.0,8.0,0.0,0,NONE
2026-09-29T21:46:33.329+00:00,382.438,manual,Manual cook,temp,2100,401.5,,esp32,,0,,,,,,,,,,,,1,400.0,2.0,0.0,0,NONE
2026-09-29T21:46:33.829+00:00,382.938,manual,Manual cook,temp,2100,400.5,,esp32,,0,,,,,,,,,,,,1,400.0,26.0,0.0,0,NONE
2026-09-29T21:46:34.329+00:00,383.438,manual,Manual cook,temp,2100,401.0,,esp32,,0,,,,,,,,,,,,1,400.0,0.0,0.0,0,NONE
2026-09-29T21:46:35.329+00:00,384.438,manual,Manual cook,temp,2100,401.5,,esp32,,0,,,,,,,,,,,,1,400.0,26.0,0.0,0,NONE
2026-09-29T21:46:36.329+00:00,385.438,manual,Manual cook,temp,2100,400.1,,esp32,,0,,,,,,,,,,,,1,400.0,9.0,0.0,0,NONE
2026-09-29T21:46:37.329+00:00,386.438,manual,Manual cook,temp,2100,400.1,,esp32,,0,,,,,,,,,,,,1,400.0,12.0,0.0,0,NONE
2026-09-29T21:46:37.829+00:00,386.938,manual,Manual cook,temp,2100,401.0,,esp32,,0,,,,,,,,,,,,1,400.0,0.0,0.0,0,NONE
2026-09-29T21:46:38.329+00:00,387.438,manual,Manual cook,temp,2100,401.0,,esp32,,0,,,,,,,,,,,,1,400.0,10.0,0.0,0,NONE
2026-09-29T21:46:39.329+00:00,388.438,manual,Manual cook,temp,2100,400.5,,esp32,,0,,,,,,,,,,,,1,400.0,0.0,0.0,0,NONE
2026-09-29T21:46:40.330+00:00,389.439,manual,Manual cook,temp,2100,399.6,,esp32,,0,,,,,,,,,,,,1,400.0,27.0,0.0,0,NONE
2026-09-29T21:46:41.829+00:00,390.938,manual,Manual cook,temp,2100,400.1,,esp32,,0,,,,,,,,,,,,1,400.0,19.0,0.0,0,NONE
2026-09-29T21:46:42.329+00:00,391.438,manual,Manual cook,temp,2100,400.5,,esp32,,0,,,,,,,,,,,,1,400.0,4.0,0.0,0,NONE
2026-09-29T21:46:43.329+00:00,392.438,manual,Manual cook,temp,2100,400.1,,esp32,,0,,,,,,,,,,,,1,400.0,12.0,0.0,0,NONE
2026-09-29T21:46:44.329+00:00,393.438,manual,Manual cook,temp,2100,401.0,,esp32,,0,,,,,,,,,,,,1,400.0,10.0,0.0,0,NONE
2026-09-29T21:46:45.329+00:00,394.438,manual,Manual cook,temp,2100,401.0,,esp32,,0,,,,,,,,,,,,1,400.0,10.0,0.0,0,NONE
2026-09-29T21:46:45.830+00:00,394.939,manual,Manual cook,temp,2100,400.5,,esp32,,0,,,,,,,,,,,,1,400.0,18.0,0.0,0,NONE
2026-09-29T21:46:46.829+00:00,395.938,manual,Manual cook,temp,2100,399.6,,esp32,,0,,,,,,,,,,,,1,400.0,0.0,0.0,0,NONE
2026-09-29T21:46:47.829+00:00,396.938,manual,Manual cook,temp,2100,401.9,,esp32,,0,,,,,,,,,,,,1,400.0,0.0,0.0,0,NONE
2026-09-29T21:46:48.329+00:00,397.438,manual,Manual cook,temp,2100,401.0,,esp32,,0,,,,,,,,,,,,1,400.0,17.0,0.0,0,NONE
2026-09-29T21:46:49.329+00:00,398.438,manual,Manual cook,temp,2100,400.5,,esp32,,0,,,,,,,,,,,,1,400.0,2.0,0.0,0,NONE
2026-09-29T21:46:50.329+00:00,399.438,manual,Manual cook,temp,2100,400.5,,esp32,,0,,,,,,,,,,,,1,400.0,11.0,0.0,0,NONE
2026-09-29T21:46:50.829+00:00,399.938,manual,Manual cook,temp,2100,401.0,,esp32,,0,,,,,,,,,,,,1,400.0,3.0,0.0,0,NONE
2026-09-29T21:46:51.829+00:00,400.938,manual,Manual cook,temp,2100,400.1,,esp32,,0,,,,,,,,,,,,1,400.0,12.0,0.0,0,NONE
2026-09-29T21:46:52.329+00:00,401.438,manual,Manual cook,temp,2100,400.1,,esp32,,0,,,,,,,,,,,,1,400.0,12.0,0.0,0,NONE
2026-09-29T21:46:53.329+00:00,402.438,manual,Manual cook,temp,2100,400.5,,esp32,,0,,,,,,,,,,,,1,400.0,11.0,0.0,0,NONE
2026-09-29T21:46:54.329+00:00,403.438,manual,Manual cook,temp,2100,401.0,,esp32,,0,,,,,,,,,,,,1,400.0,3.0,0.0,0,NONE
2026-09-29T21:46:55.329+00:00,404.438,manual,Manual cook,temp,2100,401.0,,esp32,,0,,,,,,,,,,,,1,400.0,3.0,0.0,0,NONE
2026-09-29T21:46:56.330+00:00,405.439,manual,Manual cook,temp,2100,401.0,,esp32,,0,,,,,,,,,,,,1,400.0,10.0,0.0,0,NONE
2026-09-29T21:46:57.329+00:00,406.438,manual,Manual cook,temp,2100,401.0,,esp32,,0,,,,,,,,,,,,1,400.0,10.0,0.0,0,NONE
2026-09-29T21:46:57.829+00:00,406.938,manual,Manual cook,temp,2100,401.5,,esp32,,0,,,,,,,,,,,,1,400.0,2.0,0.0,0,NONE
2026-09-29T21:46:58.329+00:00,407.438,manual,Manual cook,temp,2100,401.9,,esp32,,0,,,,,,,,,,,,1,400.0,1.0,0.0,0,NONE
2026-09-29T21:46:58.829+00:00,407.938,manual,Manual cook,temp,2100,401.9,,esp32,,0,,,,,,,,,,,,1,400.0,8.0,0.0,0,NONE
2026-09-29T21:46:59.329+00:00,408.438,manual,Manual cook,temp,2100,401.9,,esp32,,0,,,,,,,,,,,,1,400.0,8.0,0.0,0,NONE
2026-09-29T21:47:00.329+00:00,409.438,manual,Manual cook,temp,2100,401.5,,esp32,,0,,,,,,,,,,,,1,400.0,16.0,0.0,0,NONE
2026-09-29T21:47:01.329+00:00,410.438,manual,Manual cook,temp,2100,401.5,,esp32,,0,,,,,,,,,,,,1,400.0,16.0,0.0,0,NONE
2026-09-29T21:47:02.330+00:00,411.439,manual,Manual cook,temp,2100,401.9,,esp32,,0,,,,,,,,,,,,1,400.0,0.0,0.0,0,NONE
2026-09-29T21:47:03.329+00:00,412.438,manual,Manual cook,temp,2100,402.4,,esp32,,0,,,,,,,,,,,,1,400.0,0.0,0.0,0,NONE
2026-09-29T21:47:04.329+00:00,413.438,manual,Manual cook,temp,2100,402.4,,esp32,,0,,,,,,,,,,,,1,400.0,7.0,0.0,0,NONE
2026-09-29T21:47:04.829+00:00,413.938,manual,Manual cook,temp,2100,402.4,,esp32,,0,,,,,,,,,,,,1,400.0,15.0,0.0,0,NONE
2026-09-29T21:47:05.829+00:00,414.938,manual,Manual cook,temp,2100,401.5,,esp32,,0,,,,,,,,,,,,1,400.0,17.0,0.0,0,NONE
2026-09-29T21:47:06.829+00:00,415.938,manual,Manual cook,temp,2100,401.9,,esp32,,0,,,,,,,,,,,,1,400.0,0.0,0.0,0,NONE
2026-09-29T21:47:07.329+00:00,416.438,manual,Manual cook,temp,2100,401.9,,esp32,,0,,,,,,,,,,,,1,400.0,15.0,0.0,0,NONE
2026-09-29T21:47:07.830+00:00,416.939,manual,Manual cook,temp,2100,401.9,,esp32,,0,,,,,,,,,,,,1,400.0,8.0,0.0,0,NONE
2026-09-29T21:47:08.829+00:00,417.938,manual,Manual cook,temp,2100,401.5,,esp32,,0,,,,,,,,,,,,1,400.0,16.0,0.0,0,NONE
2026-09-29T21:47:09.329+00:00,418.438,manual,Manual cook,temp,2100,401.9,,esp32,,0,,,,,,,,,,,,1,400.0,1.0,0.0,0,NONE
2026-09-29T21:47:10.329+00:00,419.438,manual,Manual cook,temp,2100,401.9,,esp32,,0,,,,,,,,,,,,1,400.0,1.0,0.0,0,NONE
2026-09-29T21:47:11.329+00:00,420.438,manual,Manual cook,temp,2100,401.9,,esp32,,0,,,,,,,,,,,,1,400.0,8.0,0.0,0,NONE
2026-09-29T21:47:12.329+00:00,421.438,manual,Manual cook,temp,2100,401.5,,esp32,,0,,,,,,,,,,,,1,400.0,16.0,0.0,0,NONE
2026-09-29T21:47:13.329+00:00,422.438,manual,Manual cook,temp,2100,401.5,,esp32,,0,,,,,,,,,,,,1,400.0,1.0,0.0,0,NONE
2026-09-29T21:47:14.329+00:00,423.438,manual,Manual cook,temp,2100,402.4,,esp32,,0,,,,,,,,,,,,1,400.0,8.0,0.0,0,NONE
2026-09-29T21:47:15.329+00:00,424.438,manual,Manual cook,temp,2100,401.5,,esp32,,0,,,,,,,,,,,,1,400.0,17.0,0.0,0,NONE
2026-09-29T21:47:16.329+00:00,425.438,manual,Manual cook,temp,2100,402.4,,esp32,,0,,,,,,,,,,,,1,400.0,14.0,0.0,0,NONE
2026-09-29T21:47:17.329+00:00,426.438,manual,Manual cook,temp,2100,401.5,,esp32,,0,,,,,,,,,,,,1,400.0,9.0,0.0,0,NONE
2026-09-29T21:47:18.330+00:00,427.439,manual,Manual cook,temp,2100,402.4,,esp32,,0,,,,,,,,,,,,1,400.0,15.0,0.0,0,NONE
2026-09-29T21:47:19.329+00:00,428.438,manual,Manual cook,temp,2100,401.5,,esp32,,0,,,,,,,,,,,,1,400.0,17.0,0.0,0,NONE
2026-09-29T21:47:20.329+00:00,429.438,manual,Manual cook,temp,2100,401.0,,esp32,,0,,,,,,,,,,,,1,400.0,17.0,0.0,0,NONE
2026-09-29T21:47:21.329+00:00,430.438,manual,Manual cook,temp,2100,401.9,,esp32,,0,,,,,,,,,,,,1,400.0,0.0,0.0,0,NONE
2026-09-29T21:47:22.329+00:00,431.438,manual,Manual cook,temp,2100,401.5,,esp32,,0,,,,,,,,,,,,1,400.0,16.0,0.0,0,NONE
2026-09-29T21:47:23.329+00:00,432.438,manual,Manual cook,temp,2100,401.0,,esp32,,0,,,,,,,,,,,,1,400.0,9.0,0.0,0,NONE
2026-09-29T21:47:24.329+00:00,433.438,manual,Manual cook,temp,2100,401.9,,esp32,,0,,,,,,,,,,,,1,400.0,0.0,0.0,0,NONE
2026-09-29T21:47:25.329+00:00,434.438,manual,Manual cook,temp,2100,401.5,,esp32,,0,,,,,,,,,,,,1,400.0,0.0,0.0,0,NONE
2026-09-29T21:47:26.329+00:00,435.438,manual,Manual cook,temp,2100,401.5,,esp32,,0,,,,,,,,,,,,1,400.0,8.0,0.0,0,NONE
2026-09-29T21:47:27.329+00:00,436.438,manual,Manual cook,temp,2100,401.5,,esp32,,0,,,,,,,,,,,,1,400.0,9.0,0.0,0,NONE
2026-09-29T21:47:28.329+00:00,437.438,manual,Manual cook,temp,2100,401.5,,esp32,,0,,,,,,,,,,,,1,400.0,8.0,0.0,0,NONE
2026-09-29T21:47:28.829+00:00,437.938,manual,Manual cook,temp,2100,401.5,,esp32,,0,,,,,,,,,,,,1,400.0,8.0,0.0,0,NONE
2026-09-29T21:47:29.829+00:00,438.938,manual,Manual cook,temp,2100,401.5,,esp32,,0,,,,,,,,,,,,1,400.0,16.0,0.0,0,NONE
2026-09-29T21:47:30.329+00:00,439.438,manual,Manual cook,temp,2100,401.0,,esp32,,0,,,,,,,,,,,,1,400.0,1.0,0.0,0,NONE
2026-09-29T21:47:31.329+00:00,440.438,manual,Manual cook,temp,2100,401.5,,esp32,,0,,,,,,,,,,,,1,400.0,1.0,0.0,0,NONE
2026-09-29T21:47:32.329+00:00,441.438,manual,Manual cook,temp,2100,401.9,,esp32,,0,,,,,,,,,,,,1,400.0,0.0,0.0,0,NONE
2026-09-29T21:47:33.329+00:00,442.438,manual,Manual cook,temp,2100,401.0,,esp32,,0,,,,,,,,,,,,1,400.0,16.0,0.0,0,NONE
2026-09-29T21:47:33.829+00:00,442.938,manual,Manual cook,temp,2100,401.5,,esp32,,0,,,,,,,,,,,,1,400.0,1.0,0.0,0,NONE
2026-09-29T21:47:34.329+00:00,443.438,manual,Manual cook,temp,2100,401.5,,esp32,,0,,,,,,,,,,,,1,400.0,8.0,0.0,0,NONE
2026-09-29T21:47:35.329+00:00,444.438,manual,Manual cook,temp,2100,401.9,,esp32,,0,,,,,,,,,,,,1,400.0,0.0,0.0,0,NONE
2026-09-29T21:47:36.329+00:00,445.438,manual,Manual cook,temp,2100,401.0,,esp32,,0,,,,,,,,,,,,1,400.0,9.0,0.0,0,NONE
2026-09-29T21:47:37.329+00:00,446.438,manual,Manual cook,temp,2100,401.0,,esp32,,0,,,,,,,,,,,,1,400.0,15.0,0.0,0,NONE
2026-09-29T21:47:38.329+00:00,447.437,manual,Manual cook,temp,2100,401.5,,esp32,,0,,,,,,,,,,,,1,400.0,1.0,0.0,0,NONE
2026-09-29T21:47:39.329+00:00,448.438,manual,Manual cook,temp,2100,401.5,,esp32,,0,,,,,,,,,,,,1,400.0,9.0,0.0,0,NONE
2026-09-29T21:47:39.829+00:00,448.938,manual,Manual cook,temp,2100,400.5,,esp32,,0,,,,,,,,,,,,1,400.0,1.0,0.0,0,NONE
2026-09-29T21:47:40.829+00:00,449.938,manual,Manual cook,temp,2100,400.5,,esp32,,0,,,,,,,,,,,,1,400.0,10.0,0.0,0,NONE
2026-09-29T21:47:41.329+00:00,450.438,manual,Manual cook,temp,2100,401.0,,esp32,,0,,,,,,,,,,,,1,400.0,0.0,0.0,0,NONE
2026-09-29T21:47:42.329+00:00,451.437,manual,Manual cook,temp,2100,400.1,,esp32,,0,,,,,,,,,,,,1,400.0,25.0,0.0,0,NONE
2026-09-29T21:47:43.329+00:00,452.438,manual,Manual cook,temp,2100,400.5,,esp32,,0,,,,,,,,,,,,1,400.0,17.0,0.0,0,NONE
2026-09-29T21:47:44.329+00:00,453.437,manual,Manual cook,temp,2100,400.5,,esp32,,0,,,,,,,,,,,,1,400.0,3.0,0.0,0,NONE
2026-09-29T21:47:45.329+00:00,454.438,manual,Manual cook,temp,2100,400.1,,esp32,,0,,,,,,,,,,,,1,400.0,0.0,0.0,0,NONE
2026-09-29T21:47:46.329+00:00,455.437,manual,Manual cook,temp,2100,400.1,,esp32,,0,,,,,,,,,,,,1,400.0,0.0,0.0,0,NONE
2026-09-29T21:47:47.328+00:00,456.437,manual,Manual cook,temp,2100,401.0,,esp32,,0,,,,,,,,,,,,1,400.0,0.0,0.0,0,NONE
2026-09-29T21:47:48.329+00:00,457.437,manual,Manual cook,temp,2100,401.0,,esp32,,0,,,,,,,,,,,,1,400.0,9.0,0.0,0,NONE
2026-09-29T21:47:49.329+00:00,458.438,manual,Manual cook,temp,2100,401.0,,esp32,,0,,,,,,,,,,,,1,400.0,9.0,0.0,0,NONE
2026-09-29T21:47:50.329+00:00,459.438,manual,Manual cook,temp,2100,400.1,,esp32,,0,,,,,,,,,,,,1,400.0,9.0,0.0,0,NONE
2026-09-29T21:47:51.329+00:00,460.438,manual,Manual cook,temp,2100,401.0,,esp32,,0,,,,,,,,,,,,1,400.0,0.0,0.0,0,NONE
2026-09-29T21:47:52.329+00:00,461.437,manual,Manual cook,temp,2100,401.0,,esp32,,0,,,,,,,,,,,,1,400.0,1.0,0.0,0,NONE
2026-09-29T21:47:52.829+00:00,461.938,manual,Manual cook,temp,2100,401.5,,esp32,,0,,,,,,,,,,,,1,400.0,16.0,0.0,0,NONE
2026-09-29T21:47:53.829+00:00,462.937,manual,Manual cook,temp,2100,401.0,,esp32,,0,,,,,,,,,,,,1,400.0,16.0,0.0,0,NONE
2026-09-29T21:47:54.329+00:00,463.438,manual,Manual cook,temp,2100,400.5,,esp32,,0,,,,,,,,,,,,1,400.0,33.0,0.0,0,NONE
2026-09-29T21:47:55.328+00:00,464.437,manual,Manual cook,temp,2100,401.0,,esp32,,0,,,,,,,,,,,,1,400.0,0.0,0.0,0,NONE
2026-09-29T21:47:55.829+00:00,464.937,manual,Manual cook,temp,2100,401.0,,esp32,,0,,,,,,,,,,,,1,400.0,16.0,0.0,0,NONE
2026-09-29T21:47:56.329+00:00,465.437,manual,Manual cook,temp,2100,399.6,,esp32,,0,,,,,,,,,,,,1,400.0,25.0,0.0,0,NONE
2026-09-29T21:47:56.829+00:00,465.938,manual,Manual cook,temp,2100,399.6,,esp32,,0,,,,,,,,,,,,1,400.0,19.0,0.0,0,NONE
2026-09-29T21:47:57.828+00:00,466.937,manual,Manual cook,temp,2100,401.0,,esp32,,0,,,,,,,,,,,,1,400.0,2.0,0.0,0,NONE
2026-09-29T21:47:58.329+00:00,467.437,manual,Manual cook,temp,2100,399.6,,esp32,,0,,,,,,,,,,,,1,400.0,9.0,0.0,0,NONE
2026-09-29T21:47:58.829+00:00,467.937,manual,Manual cook,temp,2100,401.0,,esp32,,0,,,,,,,,,,,,1,400.0,33.0,0.0,0,NONE
2026-09-29T21:47:59.828+00:00,468.937,manual,Manual cook,temp,2100,400.1,,esp32,,0,,,,,,,,,,,,1,400.0,17.0,0.0,0,NONE
2026-09-29T21:48:00.328+00:00,469.437,manual,Manual cook,temp,2100,401.0,,esp32,,0,,,,,,,,,,,,1,400.0,0.0,0.0,0,NONE
2026-09-29T21:48:01.328+00:00,470.437,manual,Manual cook,temp,2100,400.5,,esp32,,0,,,,,,,,,,,,1,400.0,10.0,0.0,0,NONE
2026-09-29T21:48:02.328+00:00,471.437,manual,Manual cook,temp,2100,400.1,,esp32,,0,,,,,,,,,,,,1,400.0,25.0,0.0,0,NONE
2026-09-29T21:48:02.828+00:00,471.937,manual,Manual cook,temp,2100,400.1,,esp32,,0,,,,,,,,,,,,1,400.0,11.0,0.0,0,NONE
2026-09-29T21:48:03.328+00:00,472.437,manual,Manual cook,temp,2100,399.6,,esp32,,0,,,,,,,,,,,,1,400.0,11.0,0.0,0,NONE
2026-09-29T21:48:04.328+00:00,473.437,manual,Manual cook,temp,2100,400.5,,esp32,,0,,,,,,,,,,,,1,400.0,11.0,0.0,0,NONE
2026-09-29T21:48:05.328+00:00,474.437,manual,Manual cook,temp,2100,400.5,,esp32,,0,,,,,,,,,,,,1,400.0,10.0,0.0,0,NONE
2026-09-29T21:48:05.828+00:00,474.937,manual,Manual cook,temp,2100,400.5,,esp32,,0,,,,,,,,,,,,1,400.0,18.0,0.0,0,NONE
2026-09-29T21:48:06.828+00:00,475.937,manual,Manual cook,temp,2100,400.5,,esp32,,0,,,,,,,,,,,,1,400.0,10.0,0.0,0,NONE
2026-09-29T21:48:07.329+00:00,476.438,manual,Manual cook,temp,2100,399.6,,esp32,,0,,,,,,,,,,,,1,400.0,10.0,0.0,0,NONE
2026-09-29T21:48:08.328+00:00,477.437,manual,Manual cook,temp,2100,399.2,,esp32,,0,,,,,,,,,,,,1,400.0,20.0,0.0,0,NONE
2026-09-29T21:48:09.328+00:00,478.437,manual,Manual cook,temp,2100,401.0,,esp32,,0,,,,,,,,,,,,1,400.0,10.0,0.0,0,NONE
2026-09-29T21:48:10.328+00:00,479.437,manual,Manual cook,temp,2100,400.1,,esp32,,0,,,,,,,,,,,,1,400.0,25.0,0.0,0,NONE
2026-09-29T21:48:11.328+00:00,480.437,manual,Manual cook,temp,2100,400.5,,esp32,,0,,,,,,,,,,,,1,400.0,17.0,0.0,0,NONE
2026-09-29T21:48:12.328+00:00,481.437,manual,Manual cook,temp,2100,400.5,,esp32,,0,,,,,,,,,,,,1,400.0,1.0,0.0,0,NONE
2026-09-29T21:48:13.328+00:00,482.437,manual,Manual cook,temp,2100,400.5,,esp32,,0,,,,,,,,,,,,1,400.0,1.0,0.0,0,NONE
2026-09-29T21:48:14.328+00:00,483.437,manual,Manual cook,temp,2100,401.0,,esp32,,0,,,,,,,,,,,,1,400.0,1.0,0.0,0,NONE
2026-09-29T21:48:15.328+00:00,484.437,manual,Manual cook,temp,2100,400.5,,esp32,,0,,,,,,,,,,,,1,400.0,17.0,0.0,0,NONE
2026-09-29T21:48:16.328+00:00,485.437,manual,Manual cook,temp,2100,400.5,,esp32,,0,,,,,,,,,,,,1,400.0,17.0,0.0,0,NONE
2026-09-29T21:48:17.328+00:00,486.437,manual,Manual cook,temp,2100,400.5,,esp32,,0,,,,,,,,,,,,1,400.0,17.0,0.0,0,NONE
2026-09-29T21:48:17.829+00:00,486.938,manual,Manual cook,temp,2100,400.5,,esp32,,0,,,,,,,,,,,,1,400.0,1.0,0.0,0,NONE
2026-09-29T21:48:18.828+00:00,487.937,manual,Manual cook,temp,2100,401.0,,esp32,,0,,,,,,,,,,,,1,400.0,1.0,0.0,0,NONE
2026-09-29T21:48:19.328+00:00,488.437,manual,Manual cook,temp,2100,400.5,,esp32,,0,,,,,,,,,,,,1,400.0,17.0,0.0,0,NONE
2026-09-29T21:48:19.828+00:00,488.937,manual,Manual cook,temp,2100,400.5,,esp32,,0,,,,,,,,,,,,1,400.0,18.0,0.0,0,NONE
2026-09-29T21:48:20.828+00:00,489.937,manual,Manual cook,temp,2100,400.5,,esp32,,0,,,,,,,,,,,,1,400.0,9.0,0.0,0,NONE
2026-09-29T21:48:21.328+00:00,490.437,manual,Manual cook,temp,2100,400.5,,esp32,,0,,,,,,,,,,,,1,400.0,18.0,0.0,0,NONE
2026-09-29T21:48:22.328+00:00,491.437,manual,Manual cook,temp,2100,400.5,,esp32,,0,,,,,,,,,,,,1,400.0,9.0,0.0,0,NONE
2026-09-29T21:48:22.828+00:00,491.937,manual,Manual cook,temp,2100,399.2,,esp32,,0,,,,,,,,,,,,1,400.0,26.0,0.0,0,NONE
2026-09-29T21:48:23.828+00:00,492.937,manual,Manual cook,temp,2100,400.1,,esp32,,0,,,,,,,,,,,,1,400.0,0.0,0.0,0,NONE
2026-09-29T21:48:24.828+00:00,493.937,manual,Manual cook,temp,2100,400.1,,esp32,,0,,,,,,,,,,,,1,400.0,10.0,0.0,0,NONE
2026-09-29T21:48:25.828+00:00,494.937,manual,Manual cook,temp,2100,400.5,,esp32,,0,,,,,,,,,,,,1,400.0,9.0,0.0,0,NONE
2026-09-29T21:48:26.328+00:00,495.437,manual,Manual cook,temp,2100,400.1,,esp32,,0,,,,,,,,,,,,1,400.0,18.0,0.0,0,NONE
2026-09-29T21:48:26.828+00:00,495.937,manual,Manual cook,temp,2100,399.6,,esp32,,0,,,,,,,,,,,,1,400.0,18.0,0.0,0,NONE
2026-09-29T21:48:27.828+00:00,496.937,manual,Manual cook,temp,2100,400.5,,esp32,,0,,,,,,,,,,,,1,400.0,9.0,0.0,0,NONE
2026-09-29T21:48:28.328+00:00,497.437,manual,Manual cook,temp,2100,400.5,,esp32,,0,,,,,,,,,,,,1,400.0,18.0,0.0,0,NONE
2026-09-29T21:48:29.328+00:00,498.437,manual,Manual cook,temp,2100,401.0,,esp32,,0,,,,,,,,,,,,1,400.0,1.0,0.0,0,NONE
2026-09-29T21:48:29.828+00:00,498.937,manual,Manual cook,temp,2100,400.5,,esp32,,0,,,,,,,,,,,,1,400.0,17.0,0.0,0,NONE
2026-09-29T21:48:30.328+00:00,499.437,manual,Manual cook,temp,2100,400.5,,esp32,,0,,,,,,,,,,,,1,400.0,34.0,0.0,0,NONE
2026-09-29T21:48:31.328+00:00,500.437,manual,Manual cook,temp,2100,400.1,,esp32,,0,,,,,,,,,,,,1,400.0,17.0,0.0,0,NONE
2026-09-29T21:48:32.328+00:00,501.437,manual,Manual cook,temp,2100,400.5,,esp32,,0,,,,,,,,,,,,1,400.0,9.0,0.0,0,NONE
2026-09-29T21:48:33.329+00:00,502.438,manual,Manual cook,temp,2100,400.1,,esp32,,0,,,,,,,,,,,,1,400.0,18.0,0.0,0,NONE
2026-09-29T21:48:34.828+00:00,503.937,manual,Manual cook,temp,2100,400.1,,esp32,,0,,,,,,,,,,,,1,400.0,10.0,0.0,0,NONE
2026-09-29T21:48:35.828+00:00,504.937,manual,Manual cook,temp,2100,399.6,,esp32,,0,,,,,,,,,,,,1,400.0,18.0,0.0,0,NONE
2026-09-29T21:48:36.328+00:00,505.437,manual,Manual cook,temp,2100,400.5,,esp32,,0,,,,,,,,,,,,1,400.0,11.0,0.0,0,NONE
2026-09-29T21:48:37.328+00:00,506.437,manual,Manual cook,temp,2100,401.0,,esp32,,0,,,,,,,,,,,,1,400.0,1.0,0.0,0,NONE
2026-09-29T21:48:37.828+00:00,506.937,manual,Manual cook,temp,2100,399.6,,esp32,,0,,,,,,,,,,,,1,400.0,33.0,0.0,0,NONE
2026-09-29T21:48:38.328+00:00,507.437,manual,Manual cook,temp,2100,399.6,,esp32,,0,,,,,,,,,,,,1,400.0,11.0,0.0,0,NONE
2026-09-29T21:48:39.328+00:00,508.437,manual,Manual cook,temp,2100,401.0,,esp32,,0,,,,,,,,,,,,1,400.0,9.0,0.0,0,NONE
2026-09-29T21:48:40.328+00:00,509.437,manual,Manual cook,temp,2100,401.0,,esp32,,0,,,,,,,,,,,,1,400.0,17.0,0.0,0,NONE
2026-09-29T21:48:41.328+00:00,510.437,manual,Manual cook,temp,2100,401.0,,esp32,,0,,,,,,,,,,,,1,400.0,0.0,0.0,0,NONE
2026-09-29T21:48:41.828+00:00,510.937,manual,Manual cook,temp,2100,401.5,,esp32,,0,,,,,,,,,,,,1,400.0,17.0,0.0,0,NONE
2026-09-29T21:48:42.828+00:00,511.937,manual,Manual cook,temp,2100,401.0,,esp32,,0,,,,,,,,,,,,1,400.0,16.0,0.0,0,NONE
2026-09-29T21:48:43.328+00:00,512.437,manual,Manual cook,temp,2100,401.0,,esp32,,0,,,,,,,,,,,,1,400.0,8.0,0.0,0,NONE
2026-09-29T21:48:44.328+00:00,513.437,manual,Manual cook,temp,2100,401.0,,esp32,,0,,,,,,,,,,,,1,400.0,8.0,0.0,0,NONE
2026-09-29T21:48:45.328+00:00,514.437,manual,Manual cook,temp,2100,401.0,,esp32,,0,,,,,,,,,,,,1,400.0,10.0,0.0,0,NONE
2026-09-29T21:48:46.328+00:00,515.437,manual,Manual cook,temp,2100,400.5,,esp32,,0,,,,,,,,,,,,1,400.0,17.0,0.0,0,NONE
2026-09-29T21:48:47.328+00:00,516.437,manual,Manual cook,temp,2100,400.5,,esp32,,0,,,,,,,,,,,,1,400.0,16.0,0.0,0,NONE
2026-09-29T21:48:47.828+00:00,516.937,manual,Manual cook,temp,2100,400.1,,esp32,,0,,,,,,,,,,,,1,400.0,9.0,0.0,0,NONE
2026-09-29T21:48:48.328+00:00,517.437,manual,Manual cook,temp,2100,400.5,,esp32,,0,,,,,,,,,,,,1,400.0,17.0,0.0,0,NONE
2026-09-29T21:48:48.829+00:00,517.938,manual,Manual cook,temp,2100,400.5,,esp32,,0,,,,,,,,,,,,1,400.0,2.0,0.0,0,NONE
2026-09-29T21:48:49.828+00:00,518.937,manual,Manual cook,temp,2100,400.1,,esp32,,0,,,,,,,,,,,,1,400.0,17.0,0.0,0,NONE
2026-09-29T21:48:50.328+00:00,519.437,manual,Manual cook,temp,2100,400.5,,esp32,,0,,,,,,,,,,,,1,400.0,0.0,0.0,0,NONE
2026-09-29T21:48:51.328+00:00,520.437,manual,Manual cook,temp,2100,401.0,,esp32,,0,,,,,,,,,,,,1,400.0,1.0,0.0,0,NONE
2026-09-29T21:48:51.828+00:00,520.937,manual,Manual cook,temp,2100,401.0,,esp32,,0,,,,,,,,,,,,1,400.0,0.0,0.0,0,NONE
2026-09-29T21:48:52.328+00:00,521.437,manual,Manual cook,temp,2100,401.0,,esp32,,0,,,,,,,,,,,,1,400.0,16.0,0.0,0,NONE
2026-09-29T21:48:53.328+00:00,522.437,manual,Manual cook,temp,2100,401.0,,esp32,,0,,,,,,,,,,,,1,400.0,8.0,0.0,0,NONE
2026-09-29T21:48:53.828+00:00,522.937,manual,Manual cook,temp,2100,401.0,,esp32,,0,,,,,,,,,,,,1,400.0,8.0,0.0,0,NONE
2026-09-29T21:48:54.328+00:00,523.437,manual,Manual cook,temp,2100,401.0,,esp32,,0,,,,,,,,,,,,1,400.0,8.0,0.0,0,NONE
2026-09-29T21:48:55.328+00:00,524.437,manual,Manual cook,temp,2100,400.5,,esp32,,0,,,,,,,,,,,,1,400.0,33.0,0.0,0,NONE
2026-09-29T21:48:56.328+00:00,525.437,manual,Manual cook,temp,2100,400.5,,esp32,,0,,,,,,,,,,,,1,400.0,9.0,0.0,0,NONE
2026-09-29T21:48:57.328+00:00,526.437,manual,Manual cook,temp,2100,401.5,,esp32,,0,,,,,,,,,,,,1,400.0,8.0,0.0,0,NONE
2026-09-29T21:48:58.328+00:00,527.437,manual,Manual cook,temp,2100,400.5,,esp32,,0,,,,,,,,,,,,1,400.0,17.0,0.0,0,NONE
2026-09-29T21:48:59.328+00:00,528.437,manual,Manual cook,temp,2100,400.5,,esp32,,0,,,,,,,,,,,,1,400.0,1.0,0.0,0,NONE
2026-09-29T21:48:59.828+00:00,528.937,manual,Manual cook,temp,2100,401.5,,esp32,,0,,,,,,,,,,,,1,400.0,16.0,0.0,0,NONE
2026-09-29T21:49:00.828+00:00,529.937,manual,Manual cook,temp,2100,401.0,,esp32,,0,,,,,,,,,,,,1,400.0,15.0,0.0,0,NONE
2026-09-29T21:49:01.828+00:00,530.937,manual,Manual cook,temp,2100,401.5,,esp32,,0,,,,,,,,,,,,1,400.0,0.0,0.0,0,NONE
2026-09-29T21:49:02.328+00:00,531.437,manual,Manual cook,temp,2100,401.0,,esp32,,0,,,,,,,,,,,,1,400.0,15.0,0.0,0,NONE
2026-09-29T21:49:03.328+00:00,532.437,manual,Manual cook,temp,2100,401.0,,esp32,,0,,,,,,,,,,,,1,400.0,8.0,0.0,0,NONE
2026-09-29T21:49:03.828+00:00,532.937,manual,Manual cook,temp,2100,401.0,,esp32,,0,,,,,,,,,,,,1,400.0,8.0,0.0,0,NONE
2026-09-29T21:49:04.828+00:00,533.937,manual,Manual cook,temp,2100,401.0,,esp32,,0,,,,,,,,,,,,1,400.0,32.0,0.0,0,NONE
2026-09-29T21:49:05.328+00:00,534.437,manual,Manual cook,temp,2100,401.0,,esp32,,0,,,,,,,,,,,,1,400.0,0.0,0.0,0,NONE
2026-09-29T21:49:05.829+00:00,534.938,manual,Manual cook,temp,2100,401.0,,esp32,,0,,,,,,,,,,,,1,400.0,8.0,0.0,0,NONE
2026-09-29T21:49:06.828+00:00,535.937,manual,Manual cook,temp,2100,401.0,,esp32,,0,,,,,,,,,,,,1,400.0,1.0,0.0,0,NONE
2026-09-29T21:49:07.328+00:00,536.437,manual,Manual cook,temp,2100,401.0,,esp32,,0,,,,,,,,,,,,1,400.0,8.0,0.0,0,NONE
2026-09-29T21:49:07.828+00:00,536.937,manual,Manual cook,temp,2100,401.9,,esp32,,0,,,,,,,,,,,,1,400.0,0.0,0.0,0,NONE
2026-09-29T21:49:08.828+00:00,537.937,manual,Manual cook,temp,2100,401.5,,esp32,,0,,,,,,,,,,,,1,400.0,14.0,0.0,0,NONE
2026-09-29T21:49:09.328+00:00,538.437,manual,Manual cook,temp,2100,401.5,,esp32,,0,,,,,,,,,,,,1,400.0,7.0,0.0,0,NONE
2026-09-29T21:49:10.328+00:00,539.437,manual,Manual cook,temp,2100,401.9,,esp32,,0,,,,,,,,,,,,1,400.0,7.0,0.0,0,NONE
2026-09-29T21:49:11.328+00:00,540.437,manual,Manual cook,temp,2100,401.0,,esp32,,0,,,,,,,,,,,,1,400.0,0.0,0.0,0,NONE
2026-09-29T21:49:12.328+00:00,541.437,manual,Manual cook,temp,2100,401.5,,esp32,,0,,,,,,,,,,,,1,400.0,0.0,0.0,0,NONE
2026-09-29T21:49:13.328+00:00,542.437,manual,Manual cook,temp,2100,401.9,,esp32,,0,,,,,,,,,,,,1,400.0,17.0,0.0,0,NONE
2026-09-29T21:49:14.328+00:00,543.437,manual,Manual cook,temp,2100,401.0,,esp32,,0,,,,,,,,,,,,1,400.0,17.0,0.0,0,NONE
2026-09-29T21:49:15.328+00:00,544.437,manual,Manual cook,temp,2100,401.0,,esp32,,0,,,,,,,,,,,,1,400.0,17.0,0.0,0,NONE
2026-09-29T21:49:16.328+00:00,545.437,manual,Manual cook,temp,2100,401.0,,esp32,,0,,,,,,,,,,,,1,400.0,15.0,0.0,0,NONE
2026-09-29T21:49:16.828+00:00,545.937,manual,Manual cook,temp,2100,400.1,,esp32,,0,,,,,,,,,,,,1,400.0,0.0,0.0,0,NONE
2026-09-29T21:49:17.328+00:00,546.437,manual,Manual cook,temp,2100,401.0,,esp32,,0,,,,,,,,,,,,1,400.0,17.0,0.0,0,NONE
2026-09-29T21:49:18.328+00:00,547.437,manual,Manual cook,temp,2100,401.0,,esp32,,0,,,,,,,,,,,,1,400.0,8.0,0.0,0,NONE
2026-09-29T21:49:18.828+00:00,547.937,manual,Manual cook,temp,2100,401.0,,esp32,,0,,,,,,,,,,,,1,400.0,8.0,0.0,0,NONE
2026-09-29T21:49:19.828+00:00,548.937,manual,Manual cook,temp,2100,400.5,,esp32,,0,,,,,,,,,,,,1,400.0,9.0,0.0,0,NONE
2026-09-29T21:49:20.828+00:00,549.937,manual,Manual cook,temp,2100,400.1,,esp32,,0,,,,,,,,,,,,1,400.0,24.0,0.0,0,NONE
2026-09-29T21:49:21.328+00:00,550.437,manual,Manual cook,temp,2100,400.1,,esp32,,0,,,,,,,,,,,,1,400.0,18.0,0.0,0,NONE
2026-09-29T21:49:22.328+00:00,551.437,manual,Manual cook,temp,2100,400.5,,esp32,,0,,,,,,,,,,,,1,400.0,2.0,0.0,0,NONE
2026-09-29T21:49:22.828+00:00,551.937,manual,Manual cook,temp,2100,400.1,,esp32,,0,,,,,,,,,,,,1,400.0,25.0,0.0,0,NONE
2026-09-29T21:49:23.828+00:00,552.937,manual,Manual cook,temp,2100,400.1,,esp32,,0,,,,,,,,,,,,1,400.0,10.0,0.0,0,NONE
2026-09-29T21:49:24.328+00:00,553.437,manual,Manual cook,temp,2100,400.1,,esp32,,0,,,,,,,,,,,,1,400.0,10.0,0.0,0,NONE
2026-09-29T21:49:25.328+00:00,554.437,manual,Manual cook,temp,2100,400.1,,esp32,,0,,,,,,,,,,,,1,400.0,10.0,0.0,0,NONE
2026-09-29T21:49:26.328+00:00,555.436,manual,Manual cook,temp,2100,400.1,,esp32,,0,,,,,,,,,,,,1,400.0,10.0,0.0,0,NONE
2026-09-29T21:49:26.828+00:00,555.937,manual,Manual cook,temp,2100,400.5,,esp32,,0,,,,,,,,,,,,1,400.0,2.0,0.0,0,NONE
2026-09-29T21:49:27.828+00:00,556.937,manual,Manual cook,temp,2100,400.1,,esp32,,0,,,,,,,,,,,,1,400.0,11.0,0.0,0,NONE
2026-09-29T21:49:28.828+00:00,557.936,manual,Manual cook,temp,2100,401.0,,esp32,,0,,,,,,,,,,,,1,400.0,0.0,0.0,0,NONE
2026-09-29T21:49:29.328+00:00,558.437,manual,Manual cook,temp,2100,401.0,,esp32,,0,,,,,,,,,,,,1,400.0,16.0,0.0,0,NONE
2026-09-29T21:49:30.328+00:00,559.437,manual,Manual cook,temp,2100,401.0,,esp32,,0,,,,,,,,,,,,1,400.0,8.0,0.0,0,NONE
2026-09-29T21:49:30.828+00:00,559.937,manual,Manual cook,temp,2100,400.1,,esp32,,0,,,,,,,,,,,,1,400.0,16.0,0.0,0,NONE
2026-09-29T21:49:31.828+00:00,560.936,manual,Manual cook,temp,2100,401.5,,esp32,,0,,,,,,,,,,,,1,400.0,0.0,0.0,0,NONE
2026-09-29T21:49:32.828+00:00,561.936,manual,Manual cook,temp,2100,401.9,,esp32,,0,,,,,,,,,,,,1,400.0,0.0,0.0,0,NONE
2026-09-29T21:49:33.328+00:00,562.437,manual,Manual cook,temp,2100,401.0,,esp32,,0,,,,,,,,,,,,1,400.0,17.0,0.0,0,NONE
2026-09-29T21:49:34.328+00:00,563.437,manual,Manual cook,temp,2100,400.1,,esp32,,0,,,,,,,,,,,,1,400.0,16.0,0.0,0,NONE
2026-09-29T21:49:35.328+00:00,564.437,manual,Manual cook,temp,2100,401.5,,esp32,,0,,,,,,,,,,,,1,400.0,0.0,0.0,0,NONE
2026-09-29T21:49:36.328+00:00,565.437,manual,Manual cook,temp,2100,401.0,,esp32,,0,,,,,,,,,,,,1,400.0,7.0,0.0,0,NONE
2026-09-29T21:49:37.328+00:00,566.437,manual,Manual cook,temp,2100,401.5,,esp32,,0,,,,,,,,,,,,1,400.0,0.0,0.0,0,NONE
2026-09-29T21:49:38.328+00:00,567.436,manual,Manual cook,temp,2100,401.0,,esp32,,0,,,,,,,,,,,,1,400.0,8.0,0.0,0,NONE
2026-09-29T21:49:38.828+00:00,567.936,manual,Manual cook,temp,2100,400.5,,esp32,,0,,,,,,,,,,,,1,400.0,8.0,0.0,0,NONE
2026-09-29T21:49:39.328+00:00,568.437,manual,Manual cook,temp,2100,401.0,,esp32,,0,,,,,,,,,,,,1,400.0,16.0,0.0,0,NONE
2026-09-29T21:49:40.328+00:00,569.436,manual,Manual cook,temp,2100,401.0,,esp32,,0,,,,,,,,,,,,1,400.0,0.0,0.0,0,NONE
2026-09-29T21:49:40.828+00:00,569.936,manual,Manual cook,temp,2100,401.0,,esp32,,0,,,,,,,,,,,,1,400.0,15.0,0.0,0,NONE
2026-09-29T21:49:41.328+00:00,570.437,manual,Manual cook,temp,2100,401.5,,esp32,,0,,,,,,,,,,,,1,400.0,8.0,0.0,0,NONE
2026-09-29T21:49:42.328+00:00,571.437,manual,Manual cook,temp,2100,401.5,,esp32,,0,,,,,,,,,,,,1,400.0,17.0,0.0,0,NONE
2026-09-29T21:49:42.828+00:00,571.937,manual,Manual cook,temp,2100,401.0,,esp32,,0,,,,,,,,,,,,1,400.0,0.0,0.0,0,NONE
2026-09-29T21:49:43.827+00:00,572.936,manual,Manual cook,temp,2100,401.0,,esp32,,0,,,,,,,,,,,,1,400.0,8.0,0.0,0,NONE
2026-09-29T21:49:44.328+00:00,573.437,manual,Manual cook,temp,2100,401.0,,esp32,,0,,,,,,,,,,,,1,400.0,8.0,0.0,0,NONE
2026-09-29T21:49:45.327+00:00,574.436,manual,Manual cook,temp,2100,401.5,,esp32,,0,,,,,,,,,,,,1,400.0,0.0,0.0,0,NONE
2026-09-29T21:49:46.328+00:00,575.436,manual,Manual cook,temp,2100,401.0,,esp32,,0,,,,,,,,,,,,1,400.0,7.0,0.0,0,NONE
2026-09-29T21:49:47.327+00:00,576.436,manual,Manual cook,temp,2100,401.5,,esp32,,0,,,,,,,,,,,,1,400.0,0.0,0.0,0,NONE
2026-09-29T21:49:47.828+00:00,576.936,manual,Manual cook,temp,2100,401.5,,esp32,,0,,,,,,,,,,,,1,400.0,7.0,0.0,0,NONE
2026-09-29T21:49:48.328+00:00,577.437,manual,Manual cook,temp,2100,401.5,,esp32,,0,,,,,,,,,,,,1,400.0,7.0,0.0,0,NONE
2026-09-29T21:49:49.327+00:00,578.436,manual,Manual cook,temp,2100,400.5,,esp32,,0,,,,,,,,,,,,1,400.0,16.0,0.0,0,NONE
2026-09-29T21:49:50.328+00:00,579.436,manual,Manual cook,temp,2100,401.9,,esp32,,0,,,,,,,,,,,,1,400.0,6.0,0.0,0,NONE
2026-09-29T21:49:51.328+00:00,580.436,manual,Manual cook,temp,2100,401.9,,esp32,,0,,,,,,,,,,,,1,400.0,0.0,0.0,0,NONE
2026-09-29T21:49:52.328+00:00,581.436,manual,Manual cook,temp,2100,401.9,,esp32,,0,,,,,,,,,,,,1,400.0,0.0,0.0,0,NONE
2026-09-29T21:49:53.328+00:00,582.436,manual,Manual cook,temp,2100,401.5,,esp32,,0,,,,,,,,,,,,1,400.0,14.0,0.0,0,NONE
2026-09-29T21:49:54.328+00:00,583.436,manual,Manual cook,temp,2100,401.9,,esp32,,0,,,,,,,,,,,,1,400.0,17.0,0.0,0,NONE
2026-09-29T21:49:55.330+00:00,584.439,manual,Manual cook,temp,2100,401.9,,esp32,,0,,,,,,,,,,,,1,400.0,6.0,0.0,0,NONE
2026-09-29T21:49:56.328+00:00,585.437,manual,Manual cook,temp,2100,401.5,,esp32,,0,,,,,,,,,,,,1,400.0,7.0,0.0,0,NONE
2026-09-29T21:49:57.327+00:00,586.436,manual,Manual cook,temp,2100,401.5,,esp32,,0,,,,,,,,,,,,1,400.0,7.0,0.0,0,NONE
2026-09-29T21:49:57.827+00:00,586.936,manual,Manual cook,temp,2100,401.5,,esp32,,0,,,,,,,,,,,,1,400.0,7.0,0.0,0,NONE
2026-09-29T21:49:58.328+00:00,587.436,manual,Manual cook,temp,2100,401.5,,esp32,,0,,,,,,,,,,,,1,400.0,7.0,0.0,0,NONE
2026-09-29T21:49:59.328+00:00,588.437,manual,Manual cook,temp,2100,401.5,,esp32,,0,,,,,,,,,,,,1,400.0,7.0,0.0,0,NONE
2026-09-29T21:50:00.328+00:00,589.436,manual,Manual cook,temp,2100,402.4,,esp32,,0,,,,,,,,,,,,1,400.0,6.0,0.0,0,NONE
2026-09-29T21:50:01.327+00:00,590.436,manual,Manual cook,temp,2100,401.9,,esp32,,0,,,,,,,,,,,,1,400.0,13.0,0.0,0,NONE
2026-09-29T21:50:01.827+00:00,590.936,manual,Manual cook,temp,2100,401.9,,esp32,,0,,,,,,,,,,,,1,400.0,0.0,0.0,0,NONE
2026-09-29T21:50:02.327+00:00,591.436,manual,Manual cook,temp,2100,401.9,,esp32,,0,,,,,,,,,,,,1,400.0,13.0,0.0,0,NONE
2026-09-29T21:50:03.328+00:00,592.436,manual,Manual cook,temp,2100,402.4,,esp32,,0,,,,,,,,,,,,1,400.0,12.0,0.0,0,NONE
2026-09-29T21:50:04.328+00:00,593.436,manual,Manual cook,temp,2100,401.9,,esp32,,0,,,,,,,,,,,,1,400.0,5.0,0.0,0,NONE
2026-09-29T21:50:05.327+00:00,594.436,manual,Manual cook,temp,2100,401.0,,esp32,,0,,,,,,,,,,,,1,400.0,22.0,0.0,0,NONE
2026-09-29T21:50:06.327+00:00,595.436,manual,Manual cook,temp,2100,401.9,,esp32,,0,,,,,,,,,,,,1,400.0,0.0,0.0,0,NONE
2026-09-29T21:50:07.327+00:00,596.436,manual,Manual cook,temp,2100,401.9,,esp32,,0,,,,,,,,,,,,1,400.0,13.0,0.0,0,NONE
2026-09-29T21:50:08.327+00:00,597.436,manual,Manual cook,temp,2100,402.4,,esp32,,0,,,,,,,,,,,,1,400.0,12.0,0.0,0,NONE
2026-09-29T21:50:09.327+00:00,598.436,manual,Manual cook,temp,2100,401.5,,esp32,,0,,,,,,,,,,,,1,400.0,13.0,0.0,0,NONE
2026-09-29T21:50:09.828+00:00,598.937,manual,Manual cook,temp,2100,402.4,,esp32,,0,,,,,,,,,,,,1,400.0,6.0,0.0,0,NONE
2026-09-29T21:50:10.827+00:00,599.936,manual,Manual cook,temp,2100,402.4,,esp32,,0,,,,,,,,,,,,1,400.0,4.0,0.0,0,NONE
2026-09-29T21:50:11.827+00:00,600.936,manual,Manual cook,temp,2100,402.4,,esp32,,0,,,,,,,,,,,,1,400.0,12.0,0.0,0,NONE
2026-09-29T21:50:12.327+00:00,601.436,manual,Manual cook,temp,2100,402.4,,esp32,,0,,,,,,,,,,,,1,400.0,4.0,0.0,0,NONE
2026-09-29T21:50:13.327+00:00,602.436,manual,Manual cook,temp,2100,401.5,,esp32,,0,,,,,,,,,,,,1,400.0,0.0,0.0,0,NONE
2026-09-29T21:50:14.327+00:00,603.436,manual,Manual cook,temp,2100,401.9,,esp32,,0,,,,,,,,,,,,1,400.0,14.0,0.0,0,NONE
2026-09-29T21:50:15.327+00:00,604.436,manual,Manual cook,temp,2100,401.5,,esp32,,0,,,,,,,,,,,,1,400.0,13.0,0.0,0,NONE
2026-09-29T21:50:15.827+00:00,604.936,manual,Manual cook,temp,2100,401.5,,esp32,,0,,,,,,,,,,,,1,400.0,0.0,0.0,0,NONE
2026-09-29T21:50:16.327+00:00,605.436,manual,Manual cook,temp,2100,402.4,,esp32,,0,,,,,,,,,,,,1,400.0,17.0,0.0,0,NONE
2026-09-29T21:50:17.327+00:00,606.436,manual,Manual cook,temp,2100,402.4,,esp32,,0,,,,,,,,,,,,1,400.0,4.0,0.0,0,NONE
2026-09-29T21:50:17.827+00:00,606.936,manual,Manual cook,temp,2100,401.9,,esp32,,0,,,,,,,,,,,,1,400.0,12.0,0.0,0,NONE
2026-09-29T21:50:18.327+00:00,607.436,manual,Manual cook,temp,2100,401.9,,esp32,,0,,,,,,,,,,,,1,400.0,5.0,0.0,0,NONE
2026-09-29T21:50:19.327+00:00,608.436,manual,Manual cook,temp,2100,401.0,,esp32,,0,,,,,,,,,,,,1,400.0,17.0,0.0,0,NONE
2026-09-29T21:50:20.328+00:00,609.437,manual,Manual cook,temp,2100,401.9,,esp32,,0,,,,,,,,,,,,1,400.0,0.0,0.0,0,NONE
2026-09-29T21:50:21.327+00:00,610.436,manual,Manual cook,temp,2100,400.5,,esp32,,0,,,,,,,,,,,,1,400.0,5.0,0.0,0,NONE
2026-09-29T21:50:22.327+00:00,611.436,manual,Manual cook,temp,2100,401.9,,esp32,,0,,,,,,,,,,,,1,400.0,0.0,0.0,0,NONE
2026-09-29T21:50:23.327+00:00,612.436,manual,Manual cook,temp,2100,401.5,,esp32,,0,,,,,,,,,,,,1,400.0,13.0,0.0,0,NONE
2026-09-29T21:50:24.327+00:00,613.436,manual,Manual cook,temp,2100,401.5,,esp32,,0,,,,,,,,,,,,1,400.0,0.0,0.0,0,NONE
2026-09-29T21:50:25.327+00:00,614.436,manual,Manual cook,temp,2100,401.0,,esp32,,0,,,,,,,,,,,,1,400.0,14.0,0.0,0,NONE
2026-09-29T21:50:25.828+00:00,614.937,manual,Manual cook,temp,2100,401.5,,esp32,,0,,,,,,,,,,,,1,400.0,15.0,0.0,0,NONE
2026-09-29T21:50:26.827+00:00,615.936,manual,Manual cook,temp,2100,400.5,,esp32,,0,,,,,,,,,,,,1,400.0,6.0,0.0,0,NONE
2026-09-29T21:50:27.327+00:00,616.436,manual,Manual cook,temp,2100,400.5,,esp32,,0,,,,,,,,,,,,1,400.0,22.0,0.0,0,NONE
2026-09-29T21:50:28.327+00:00,617.436,manual,Manual cook,temp,2100,401.0,,esp32,,0,,,,,,,,,,,,1,400.0,0.0,0.0,0,NONE
2026-09-29T21:50:29.327+00:00,618.436,manual,Manual cook,temp,2100,400.1,,esp32,,0,,,,,,,,,,,,1,400.0,7.0,0.0,0,NONE
2026-09-29T21:50:30.328+00:00,619.437,manual,Manual cook,temp,2100,401.0,,esp32,,0,,,,,,,,,,,,1,400.0,0.0,0.0,0,NONE
2026-09-29T21:50:31.328+00:00,620.437,manual,Manual cook,temp,2100,401.0,,esp32,,0,,,,,,,,,,,,1,400.0,7.0,0.0,0,NONE
2026-09-29T21:50:32.327+00:00,621.436,manual,Manual cook,temp,2100,400.5,,esp32,,0,,,,,,,,,,,,1,400.0,17.0,0.0,0,NONE
2026-09-29T21:50:33.327+00:00,622.436,manual,Manual cook,temp,2100,400.1,,esp32,,0,,,,,,,,,,,,1,400.0,7.0,0.0,0,NONE
2026-09-29T21:50:34.327+00:00,623.436,manual,Manual cook,temp,2100,401.0,,esp32,,0,,,,,,,,,,,,1,400.0,0.0,0.0,0,NONE
2026-09-29T21:50:35.327+00:00,624.436,manual,Manual cook,temp,2100,401.0,,esp32,,0,,,,,,,,,,,,1,400.0,0.0,0.0,0,NONE
2026-09-29T21:50:36.327+00:00,625.436,manual,Manual cook,temp,2100,401.0,,esp32,,0,,,,,,,,,,,,1,400.0,7.0,0.0,0,NONE
2026-09-29T21:50:36.828+00:00,625.937,manual,Manual cook,temp,2100,401.0,,esp32,,0,,,,,,,,,,,,1,400.0,7.0,0.0,0,NONE
2026-09-29T21:50:37.827+00:00,626.936,manual,Manual cook,temp,2100,400.5,,esp32,,0,,,,,,,,,,,,1,400.0,15.0,0.0,0,NONE
2026-09-29T21:50:38.827+00:00,627.936,manual,Manual cook,temp,2100,401.0,,esp32,,0,,,,,,,,,,,,1,400.0,0.0,0.0,0,NONE
2026-09-29T21:50:39.327+00:00,628.436,manual,Manual cook,temp,2100,399.6,,esp32,,0,,,,,,,,,,,,1,400.0,17.0,0.0,0,NONE
2026-09-29T21:50:40.327+00:00,629.436,manual,Manual cook,temp,2100,401.0,,esp32,,0,,,,,,,,,,,,1,400.0,0.0,0.0,0,NONE
2026-09-29T21:50:40.827+00:00,629.936,manual,Manual cook,temp,2100,401.0,,esp32,,0,,,,,,,,,,,,1,400.0,15.0,0.0,0,NONE
2026-09-29T21:50:41.827+00:00,630.936,manual,Manual cook,temp,2100,400.5,,esp32,,0,,,,,,,,,,,,1,400.0,15.0,0.0,0,NONE
2026-09-29T21:50:42.827+00:00,631.936,manual,Manual cook,temp,2100,400.5,,esp32,,0,,,,,,,,,,,,1,400.0,15.0,0.0,0,NONE
2026-09-29T21:50:43.327+00:00,632.436,manual,Manual cook,temp,2100,401.5,,esp32,,0,,,,,,,,,,,,1,400.0,0.0,0.0,0,NONE
2026-09-29T21:50:44.327+00:00,633.436,manual,Manual cook,temp,2100,401.5,,esp32,,0,,,,,,,,,,,,1,400.0,6.0,0.0,0,NONE
2026-09-29T21:50:45.327+00:00,634.436,manual,Manual cook,temp,2100,401.0,,esp32,,0,,,,,,,,,,,,1,400.0,15.0,0.0,0,NONE
2026-09-29T21:50:46.327+00:00,635.436,manual,Manual cook,temp,2100,401.0,,esp32,,0,,,,,,,,,,,,1,400.0,7.0,0.0,0,NONE
2026-09-29T21:50:47.328+00:00,636.437,manual,Manual cook,temp,2100,401.0,,esp32,,0,,,,,,,,,,,,1,400.0,8.0,0.0,0,NONE
2026-09-29T21:50:48.327+00:00,637.436,manual,Manual cook,temp,2100,401.0,,esp32,,0,,,,,,,,,,,,1,400.0,7.0,0.0,0,NONE
2026-09-29T21:50:49.327+00:00,638.436,manual,Manual cook,temp,2100,401.0,,esp32,,0,,,,,,,,,,,,1,400.0,15.0,0.0,0,NONE
2026-09-29T21:50:50.327+00:00,639.436,manual,Manual cook,temp,2100,400.5,,esp32,,0,,,,,,,,,,,,1,400.0,0.0,0.0,0,NONE
2026-09-29T21:50:51.327+00:00,640.436,manual,Manual cook,temp,2100,401.5,,esp32,,0,,,,,,,,,,,,1,400.0,0.0,0.0,0,NONE
2026-09-29T21:50:52.327+00:00,641.436,manual,Manual cook,temp,2100,400.5,,esp32,,0,,,,,,,,,,,,1,400.0,22.0,0.0,0,NONE
2026-09-29T21:50:52.828+00:00,641.937,manual,Manual cook,temp,2100,399.2,,esp32,,0,,,,,,,,,,,,1,400.0,32.0,0.0,0,NONE
2026-09-29T21:50:53.827+00:00,642.936,manual,Manual cook,temp,2100,401.0,,esp32,,0,,,,,,,,,,,,1,400.0,7.0,0.0,0,NONE
2026-09-29T21:50:54.827+00:00,643.936,manual,Manual cook,temp,2100,401.0,,esp32,,0,,,,,,,,,,,,1,400.0,7.0,0.0,0,NONE
2026-09-29T21:50:55.827+00:00,644.936,manual,Manual cook,temp,2100,400.5,,esp32,,0,,,,,,,,,,,,1,400.0,15.0,0.0,0,NONE
2026-09-29T21:50:56.327+00:00,645.436,manual,Manual cook,temp,2100,401.0,,esp32,,0,,,,,,,,,,,,1,400.0,0.0,0.0,0,NONE
2026-09-29T21:50:57.327+00:00,646.436,manual,Manual cook,temp,2100,400.5,,esp32,,0,,,,,,,,,,,,1,400.0,0.0,0.0,0,NONE
2026-09-29T21:50:57.827+00:00,646.936,manual,Manual cook,temp,2100,401.0,,esp32,,0,,,,,,,,,,,,1,400.0,7.0,0.0,0,NONE
2026-09-29T21:50:58.327+00:00,647.436,manual,Manual cook,temp,2100,401.0,,esp32,,0,,,,,,,,,,,,1,400.0,0.0,0.0,0,NONE
2026-09-29T21:50:59.327+00:00,648.436,manual,Manual cook,temp,2100,401.0,,esp32,,0,,,,,,,,,,,,1,400.0,31.0,0.0,0,NONE
2026-09-29T21:51:00.327+00:00,649.436,manual,Manual cook,temp,2100,401.0,,esp32,,0,,,,,,,,,,,,1,400.0,7.0,0.0,0,NONE
2026-09-29T21:51:00.827+00:00,649.936,manual,Manual cook,temp,2100,401.0,,esp32,,0,,,,,,,,,,,,1,400.0,7.0,0.0,0,NONE
2026-09-29T21:51:01.327+00:00,650.436,manual,Manual cook,temp,2100,401.0,,esp32,,0,,,,,,,,,,,,1,400.0,7.0,0.0,0,NONE
2026-09-29T21:51:02.327+00:00,651.436,manual,Manual cook,temp,2100,401.0,,esp32,,0,,,,,,,,,,,,1,400.0,7.0,0.0,0,NONE
2026-09-29T21:51:03.328+00:00,652.436,manual,Manual cook,temp,2100,401.0,,esp32,,0,,,,,,,,,,,,1,400.0,14.0,0.0,0,NONE
2026-09-29T21:51:04.327+00:00,653.436,manual,Manual cook,temp,2100,401.0,,esp32,,0,,,,,,,,,,,,1,400.0,6.0,0.0,0,NONE
2026-09-29T21:51:05.327+00:00,654.436,manual,Manual cook,temp,2100,401.5,,esp32,,0,,,,,,,,,,,,1,400.0,6.0,0.0,0,NONE
2026-09-29T21:51:05.827+00:00,654.936,manual,Manual cook,temp,2100,400.5,,esp32,,0,,,,,,,,,,,,1,400.0,22.0,0.0,0,NONE
2026-09-29T21:51:06.327+00:00,655.436,manual,Manual cook,temp,2100,401.5,,esp32,,0,,,,,,,,,,,,1,400.0,0.0,0.0,0,NONE
2026-09-29T21:51:07.327+00:00,656.436,manual,Manual cook,temp,2100,401.5,,esp32,,0,,,,,,,,,,,,1,400.0,0.0,0.0,0,NONE
2026-09-29T21:51:08.327+00:00,657.436,manual,Manual cook,temp,2100,401.0,,esp32,,0,,,,,,,,,,,,1,400.0,14.0,0.0,0,NONE
2026-09-29T21:51:08.828+00:00,657.936,manual,Manual cook,temp,2100,401.5,,esp32,,0,,,,,,,,,,,,1,400.0,0.0,0.0,0,NONE
2026-09-29T21:51:09.827+00:00,658.936,manual,Manual cook,temp,2100,401.9,,esp32,,0,,,,,,,,,,,,1,400.0,14.0,0.0,0,NONE
2026-09-29T21:51:10.827+00:00,659.936,manual,Manual cook,temp,2100,401.9,,esp32,,0,,,,,,,,,,,,1,400.0,5.0,0.0,0,NONE
2026-09-29T21:51:11.327+00:00,660.436,manual,Manual cook,temp,2100,401.0,,esp32,,0,,,,,,,,,,,,1,400.0,21.0,0.0,0,NONE
2026-09-29T21:51:11.827+00:00,660.936,manual,Manual cook,temp,2100,401.5,,esp32,,0,,,,,,,,,,,,1,400.0,0.0,0.0,0,NONE
2026-09-29T21:51:12.327+00:00,661.436,manual,Manual cook,temp,2100,401.5,,esp32,,0,,,,,,,,,,,,1,400.0,13.0,0.0,0,NONE
2026-09-29T21:51:13.327+00:00,662.436,manual,Manual cook,temp,2100,401.5,,esp32,,0,,,,,,,,,,,,1,400.0,0.0,0.0,0,NONE
2026-09-29T21:51:13.827+00:00,662.936,manual,Manual cook,temp,2100,401.5,,esp32,,0,,,,,,,,,,,,1,400.0,5.0,0.0,0,NONE
2026-09-29T21:51:14.327+00:00,663.436,manual,Manual cook,temp,2100,401.5,,esp32,,0,,,,,,,,,,,,1,400.0,5.0,0.0,0,NONE
2026-09-29T21:51:15.327+00:00,664.436,manual,Manual cook,temp,2100,401.9,,esp32,,0,,,,,,,,,,,,1,400.0,13.0,0.0,0,NONE
2026-09-29T21:51:16.327+00:00,665.436,manual,Manual cook,temp,2100,401.9,,esp32,,0,,,,,,,,,,,,1,400.0,4.0,0.0,0,NONE
2026-09-29T21:51:17.327+00:00,666.436,manual,Manual cook,temp,2100,401.5,,esp32,,0,,,,,,,,,,,,1,400.0,13.0,0.0,0,NONE
2026-09-29T21:51:17.827+00:00,666.936,manual,Manual cook,temp,2100,401.5,,esp32,,0,,,,,,,,,,,,1,400.0,22.0,0.0,0,NONE
2026-09-29T21:51:18.327+00:00,667.436,manual,Manual cook,temp,2100,401.9,,esp32,,0,,,,,,,,,,,,1,400.0,0.0,0.0,0,NONE
2026-09-29T21:51:19.327+00:00,668.436,manual,Manual cook,temp,2100,401.5,,esp32,,0,,,,,,,,,,,,1,400.0,13.0,0.0,0,NONE
2026-09-29T21:51:19.827+00:00,668.936,manual,Manual cook,temp,2100,401.0,,esp32,,0,,,,,,,,,,,,1,400.0,13.0,0.0,0,NONE
2026-09-29T21:51:20.827+00:00,669.936,manual,Manual cook,temp,2100,400.5,,esp32,,0,,,,,,,,,,,,1,400.0,17.0,0.0,0,NONE
2026-09-29T21:51:21.827+00:00,670.936,manual,Manual cook,temp,2100,400.5,,esp32,,0,,,,,,,,,,,,1,400.0,7.0,0.0,0,NONE
2026-09-29T21:51:22.327+00:00,671.436,manual,Manual cook,temp,2100,401.9,,esp32,,0,,,,,,,,,,,,1,400.0,0.0,0.0,0,NONE
2026-09-29T21:51:22.827+00:00,671.936,manual,Manual cook,temp,2100,401.5,,esp32,,0,,,,,,,,,,,,1,400.0,0.0,0.0,0,NONE
2026-09-29T21:51:23.827+00:00,672.936,manual,Manual cook,temp,2100,401.9,,esp32,,0,,,,,,,,,,,,1,400.0,13.0,0.0,0,NONE
2026-09-29T21:51:24.827+00:00,673.936,manual,Manual cook,temp,2100,401.5,,esp32,,0,,,,,,,,,,,,1,400.0,12.0,0.0,0,NONE
2026-09-29T21:51:25.328+00:00,674.437,manual,Manual cook,temp,2100,401.5,,esp32,,0,,,,,,,,,,,,1,400.0,5.0,0.0,0,NONE
2026-09-29T21:51:26.327+00:00,675.436,manual,Manual cook,temp,2100,401.5,,esp32,,0,,,,,,,,,,,,1,400.0,5.0,0.0,0,NONE
2026-09-29T21:51:26.827+00:00,675.936,manual,Manual cook,temp,2100,401.9,,esp32,,0,,,,,,,,,,,,1,400.0,0.0,0.0,0,NONE
2026-09-29T21:51:27.827+00:00,676.936,manual,Manual cook,temp,2100,401.5,,esp32,,0,,,,,,,,,,,,1,400.0,13.0,0.0,0,NONE
2026-09-29T21:51:28.827+00:00,677.936,manual,Manual cook,temp,2100,401.0,,esp32,,0,,,,,,,,,,,,1,400.0,13.0,0.0,0,NONE
2026-09-29T21:51:29.827+00:00,678.936,manual,Manual cook,temp,2100,401.5,,esp32,,0,,,,,,,,,,,,1,400.0,0.0,0.0,0,NONE
2026-09-29T21:51:30.327+00:00,679.436,manual,Manual cook,temp,2100,401.5,,esp32,,0,,,,,,,,,,,,1,400.0,5.0,0.0,0,NONE
2026-09-29T21:51:30.828+00:00,679.936,manual,Manual cook,temp,2100,401.5,,esp32,,0,,,,,,,,,,,,1,400.0,5.0,0.0,0,NONE
2026-09-29T21:51:31.827+00:00,680.936,manual,Manual cook,temp,2100,401.9,,esp32,,0,,,,,,,,,,,,1,400.0,0.0,0.0,0,NONE
2026-09-29T21:51:32.327+00:00,681.436,manual,Manual cook,temp,2100,401.9,,esp32,,0,,,,,,,,,,,,1,400.0,4.0,0.0,0,NONE
2026-09-29T21:51:33.327+00:00,682.436,manual,Manual cook,temp,2100,400.5,,esp32,,0,,,,,,,,,,,,1,400.0,21.0,0.0,0,NONE
2026-09-29T21:51:33.827+00:00,682.936,manual,Manual cook,temp,2100,401.5,,esp32,,0,,,,,,,,,,,,1,400.0,0.0,0.0,0,NONE
2026-09-29T21:51:34.827+00:00,683.935,manual,Manual cook,temp,2100,401.5,,esp32,,0,,,,,,,,,,,,1,400.0,5.0,0.0,0,NONE
2026-09-29T21:51:35.327+00:00,684.436,manual,Manual cook,temp,2100,401.5,,esp32,,0,,,,,,,,,,,,1,400.0,0.0,0.0,0,NONE
2026-09-29T21:51:36.327+00:00,685.436,manual,Manual cook,temp,2100,401.5,,esp32,,0,,,,,,,,,,,,1,400.0,5.0,0.0,0,NONE
2026-09-29T21:51:37.327+00:00,686.436,manual,Manual cook,temp,2100,401.5,,esp32,,0,,,,,,,,,,,,1,400.0,5.0,0.0,0,NONE
2026-09-29T21:51:38.327+00:00,687.436,manual,Manual cook,temp,2100,400.1,,esp32,,0,,,,,,,,,,,,1,400.0,13.0,0.0,0,NONE
2026-09-29T21:51:38.827+00:00,687.936,manual,Manual cook,temp,2100,401.5,,esp32,,0,,,,,,,,,,,,1,400.0,22.0,0.0,0,NONE
2026-09-29T21:51:39.827+00:00,688.935,manual,Manual cook,temp,2100,401.9,,esp32,,0,,,,,,,,,,,,1,400.0,0.0,0.0,0,NONE
2026-09-29T21:51:40.327+00:00,689.436,manual,Manual cook,temp,2100,401.5,,esp32,,0,,,,,,,,,,,,1,400.0,12.0,0.0,0,NONE
2026-09-29T21:51:41.327+00:00,690.436,manual,Manual cook,temp,2100,401.5,,esp32,,0,,,,,,,,,,,,1,400.0,5.0,0.0,0,NONE
2026-09-29T21:51:42.327+00:00,691.436,manual,Manual cook,temp,2100,402.4,,esp32,,0,,,,,,,,,,,,1,400.0,3.0,0.0,0,NONE
2026-09-29T21:51:43.327+00:00,692.436,manual,Manual cook,temp,2100,402.4,,esp32,,0,,,,,,,,,,,,1,400.0,0.0,0.0,0,NONE
2026-09-29T21:51:44.327+00:00,693.436,manual,Manual cook,temp,2100,402.8,,esp32,,0,,,,,,,,,,,,1,400.0,11.0,0.0,0,NONE
2026-09-29T21:51:45.327+00:00,694.435,manual,Manual cook,temp,2100,401.9,,esp32,,0,,,,,,,,,,,,1,400.0,17.0,0.0,0,NONE
2026-09-29T21:51:46.327+00:00,695.436,manual,Manual cook,temp,2100,401.5,,esp32,,0,,,,,,,,,,,,1,400.0,17.0,0.0,0,NONE
2026-09-29T21:51:46.827+00:00,695.936,manual,Manual cook,temp,2100,402.4,,esp32,,0,,,,,,,,,,,,1,400.0,0.0,0.0,0,NONE
2026-09-29T21:51:47.827+00:00,696.935,manual,Manual cook,temp,2100,401.9,,esp32,,0,,,,,,,,,,,,1,400.0,19.0,0.0,0,NONE
2026-09-29T21:51:48.826+00:00,697.935,manual,Manual cook,temp,2100,401.9,,esp32,,0,,,,,,,,,,,,1,400.0,4.0,0.0,0,NONE
2026-09-29T21:51:49.327+00:00,698.435,manual,Manual cook,temp,2100,401.9,,esp32,,0,,,,,,,,,,,,1,400.0,0.0,0.0,0,NONE
2026-09-29T21:51:49.827+00:00,698.935,manual,Manual cook,temp,2100,402.4,,esp32,,0,,,,,,,,,,,,1,400.0,17.0,0.0,0,NONE
2026-09-29T21:51:50.826+00:00,699.935,manual,Manual cook,temp,2100,401.9,,esp32,,0,,,,,,,,,,,,1,400.0,11.0,0.0,0,NONE
2026-09-29T21:51:51.327+00:00,700.435,manual,Manual cook,temp,2100,402.4,,esp32,,0,,,,,,,,,,,,1,400.0,0.0,0.0,0,NONE
2026-09-29T21:51:52.327+00:00,701.436,manual,Manual cook,temp,2100,402.4,,esp32,,0,,,,,,,,,,,,1,400.0,19.0,0.0,0,NONE
2026-09-29T21:51:53.327+00:00,702.436,manual,Manual cook,temp,2100,402.4,,esp32,,0,,,,,,,,,,,,1,400.0,3.0,0.0,0,NONE
2026-09-29T21:51:54.327+00:00,703.436,manual,Manual cook,temp,2100,401.5,,esp32,,0,,,,,,,,,,,,1,400.0,27.0,0.0,0,NONE
2026-09-29T21:51:55.327+00:00,704.435,manual,Manual cook,temp,2100,401.5,,esp32,,0,,,,,,,,,,,,1,400.0,0.0,0.0,0,NONE
2026-09-29T21:51:56.327+00:00,705.435,manual,Manual cook,temp,2100,400.5,,esp32,,0,,,,,,,,,,,,1,400.0,21.0,0.0,0,NONE
2026-09-29T21:51:57.326+00:00,706.435,manual,Manual cook,temp,2100,402.4,,esp32,,0,,,,,,,,,,,,1,400.0,0.0,0.0,0,NONE
2026-09-29T21:51:57.826+00:00,706.935,manual,Manual cook,temp,2100,401.5,,esp32,,0,,,,,,,,,,,,1,400.0,17.0,0.0,0,NONE
2026-09-29T21:51:58.327+00:00,707.435,manual,Manual cook,temp,2100,401.9,,esp32,,0,,,,,,,,,,,,1,400.0,0.0,0.0,0,NONE
2026-09-29T21:51:58.827+00:00,707.936,manual,Manual cook,temp,2100,401.0,,esp32,,0,,,,,,,,,,,,1,400.0,17.0,0.0,0,NONE
2026-09-29T21:51:59.826+00:00,708.935,manual,Manual cook,temp,2100,401.0,,esp32,,0,,,,,,,,,,,,1,400.0,0.0,0.0,0,NONE
2026-09-29T21:52:00.327+00:00,709.436,manual,Manual cook,temp,2100,401.5,,esp32,,0,,,,,,,,,,,,1,400.0,0.0,0.0,0,NONE
2026-09-29T21:52:01.327+00:00,710.435,manual,Manual cook,temp,2100,400.1,,esp32,,0,,,,,,,,,,,,1,400.0,29.0,0.0,0,NONE
2026-09-29T21:52:01.827+00:00,710.935,manual,Manual cook,temp,2100,401.0,,esp32,,0,,,,,,,,,,,,1,400.0,7.0,0.0,0,NONE
2026-09-29T21:52:02.826+00:00,711.935,manual,Manual cook,temp,2100,401.0,,esp32,,0,,,,,,,,,,,,1,400.0,5.0,0.0,0,NONE
2026-09-29T21:52:03.326+00:00,712.435,manual,Manual cook,temp,2100,401.5,,esp32,,0,,,,,,,,,,,,1,400.0,5.0,0.0,0,NONE
2026-09-29T21:52:03.827+00:00,712.936,manual,Manual cook,temp,2100,401.5,,esp32,,0,,,,,,,,,,,,1,400.0,0.0,0.0,0,NONE
2026-09-29T21:52:04.826+00:00,713.935,manual,Manual cook,temp,2100,400.1,,esp32,,0,,,,,,,,,,,,1,400.0,0.0,0.0,0,NONE
2026-09-29T21:52:05.326+00:00,714.435,manual,Manual cook,temp,2100,400.5,,esp32,,0,,,,,,,,,,,,1,400.0,0.0,0.0,0,NONE
2026-09-29T21:52:05.826+00:00,714.935,manual,Manual cook,temp,2100,400.1,,esp32,,0,,,,,,,,,,,,1,400.0,17.0,0.0,0,NONE
2026-09-29T21:52:06.826+00:00,715.935,manual,Manual cook,temp,2100,400.1,,esp32,,0,,,,,,,,,,,,1,400.0,7.0,0.0,0,NONE
2026-09-29T21:52:07.826+00:00,716.935,manual,Manual cook,temp,2100,399.2,,esp32,,0,,,,,,,,,,,,1,400.0,17.0,0.0,0,NONE
2026-09-29T21:52:08.826+00:00,717.935,manual,Manual cook,temp,2100,398.8,,esp32,,0,,,,,,,,,,,,1,400.0,17.0,0.0,0,NONE
2026-09-29T21:52:09.826+00:00,718.935,manual,Manual cook,temp,2100,399.6,,esp32,,0,,,,,,,,,,,,1,400.0,15.0,0.0,0,NONE
2026-09-29T21:52:10.327+00:00,719.435,manual,Manual cook,temp,2100,399.2,,esp32,,0,,,,,,,,,,,,1,400.0,0.0,0.0,0,NONE
2026-09-29T21:52:11.326+00:00,720.435,manual,Manual cook,temp,2100,398.8,,esp32,,0,,,,,,,,,,,,1,400.0,17.0,0.0,0,NONE
2026-09-29T21:52:11.826+00:00,720.935,manual,Manual cook,temp,2100,398.8,,esp32,,0,,,,,,,,,,,,1,400.0,2.0,0.0,0,NONE
2026-09-29T21:52:12.326+00:00,721.435,manual,Manual cook,temp,2100,398.8,,esp32,,0,,,,,,,,,,,,1,400.0,17.0,0.0,0,NONE
2026-09-29T21:52:13.326+00:00,722.435,manual,Manual cook,temp,2100,398.3,,esp32,,0,,,,,,,,,,,,1,400.0,11.0,0.0,0,NONE
2026-09-29T21:52:13.826+00:00,722.935,manual,Manual cook,temp,2100,398.8,,esp32,,0,,,,,,,,,,,,1,400.0,19.0,0.0,0,NONE
2026-09-29T21:52:14.327+00:00,723.436,manual,Manual cook,temp,2100,398.8,,esp32,,0,,,,,,,,,,,,1,400.0,0.0,0.0,0,NONE
2026-09-29T21:52:15.326+00:00,724.435,manual,Manual cook,temp,2100,398.3,,esp32,,0,,,,,,,,,,,,1,400.0,4.0,0.0,0,NONE
2026-09-29T21:52:15.826+00:00,724.935,manual,Manual cook,temp,2100,397.9,,esp32,,0,,,,,,,,,,,,1,400.0,19.0,0.0,0,NONE
2026-09-29T21:52:16.326+00:00,725.435,manual,Manual cook,temp,2100,398.8,,esp32,,0,,,,,,,,,,,,1,400.0,4.0,0.0,0,NONE
2026-09-29T21:52:17.326+00:00,726.435,manual,Manual cook,temp,2100,398.3,,esp32,,0,,,,,,,,,,,,1,400.0,18.0,0.0,0,NONE
2026-09-29T21:52:17.826+00:00,726.935,manual,Manual cook,temp,2100,398.8,,esp32,,0,,,,,,,,,,,,1,400.0,3.0,0.0,0,NONE
2026-09-29T21:52:18.826+00:00,727.935,manual,Manual cook,temp,2100,397.9,,esp32,,0,,,,,,,,,,,,1,400.0,12.0,0.0,0,NONE
2026-09-29T21:52:19.327+00:00,728.436,manual,Manual cook,temp,2100,398.8,,esp32,,0,,,,,,,,,,,,1,400.0,0.0,0.0,0,NONE
2026-09-29T21:52:20.327+00:00,729.435,manual,Manual cook,temp,2100,398.8,,esp32,,0,,,,,,,,,,,,1,400.0,10.0,0.0,0,NONE
2026-09-29T21:52:21.326+00:00,730.435,manual,Manual cook,temp,2100,398.8,,esp32,,0,,,,,,,,,,,,1,400.0,10.0,0.0,0,NONE
2026-09-29T21:52:22.326+00:00,731.435,manual,Manual cook,temp,2100,398.3,,esp32,,0,,,,,,,,,,,,1,400.0,18.0,0.0,0,NONE
2026-09-29T21:52:23.326+00:00,732.435,manual,Manual cook,temp,2100,399.6,,esp32,,0,,,,,,,,,,,,1,400.0,0.0,0.0,0,NONE
2026-09-29T21:52:24.326+00:00,733.435,manual,Manual cook,temp,2100,400.1,,esp32,,0,,,,,,,,,,,,1,400.0,9.0,0.0,0,NONE
2026-09-29T21:52:25.326+00:00,734.435,manual,Manual cook,temp,2100,399.6,,esp32,,0,,,,,,,,,,,,1,400.0,17.0,0.0,0,NONE
2026-09-29T21:52:26.326+00:00,735.435,manual,Manual cook,temp,2100,399.2,,esp32,,0,,,,,,,,,,,,1,400.0,17.0,0.0,0,NONE
2026-09-29T21:52:27.326+00:00,736.435,manual,Manual cook,temp,2100,399.2,,esp32,,0,,,,,,,,,,,,1,400.0,16.0,0.0,0,NONE
2026-09-29T21:52:28.326+00:00,737.435,manual,Manual cook,temp,2100,399.6,,esp32,,0,,,,,,,,,,,,1,400.0,1.0,0.0,0,NONE
2026-09-29T21:52:28.826+00:00,737.935,manual,Manual cook,temp,2100,400.1,,esp32,,0,,,,,,,,,,,,1,400.0,17.0,0.0,0,NONE
2026-09-29T21:52:29.826+00:00,738.935,manual,Manual cook,temp,2100,400.1,,esp32,,0,,,,,,,,,,,,1,400.0,8.0,0.0,0,NONE
2026-09-29T21:52:30.826+00:00,739.935,manual,Manual cook,temp,2100,400.1,,esp32,,0,,,,,,,,,,,,1,400.0,8.0,0.0,0,NONE
2026-09-29T21:52:31.326+00:00,740.435,manual,Manual cook,temp,2100,399.2,,esp32,,0,,,,,,,,,,,,1,400.0,24.0,0.0,0,NONE
2026-09-29T21:52:31.826+00:00,740.935,manual,Manual cook,temp,2100,400.1,,esp32,,0,,,,,,,,,,,,1,400.0,10.0,0.0,0,NONE
2026-09-29T21:52:32.826+00:00,741.935,manual,Manual cook,temp,2100,399.6,,esp32,,0,,,,,,,,,,,,1,400.0,16.0,0.0,0,NONE
2026-09-29T21:52:33.326+00:00,742.435,manual,Manual cook,temp,2100,400.1,,esp32,,0,,,,,,,,,,,,1,400.0,17.0,0.0,0,NONE
2026-09-29T21:52:34.326+00:00,743.435,manual,Manual cook,temp,2100,400.5,,esp32,,0,,,,,,,,,,,,1,400.0,0.0,0.0,0,NONE
2026-09-29T21:52:34.827+00:00,743.936,manual,Manual cook,temp,2100,399.6,,esp32,,0,,,,,,,,,,,,1,400.0,17.0,0.0,0,NONE
2026-09-29T21:52:35.826+00:00,744.935,manual,Manual cook,temp,2100,400.1,,esp32,,0,,,,,,,,,,,,1,400.0,8.0,0.0,0,NONE
2026-09-29T21:52:36.326+00:00,745.435,manual,Manual cook,temp,2100,400.1,,esp32,,0,,,,,,,,,,,,1,400.0,16.0,0.0,0,NONE
2026-09-29T21:52:37.326+00:00,746.435,manual,Manual cook,temp,2100,400.1,,esp32,,0,,,,,,,,,,,,1,400.0,8.0,0.0,0,NONE
2026-09-29T21:52:37.826+00:00,746.935,manual,Manual cook,temp,2100,400.1,,esp32,,0,,,,,,,,,,,,1,400.0,0.0,0.0,0,NONE
2026-09-29T21:52:38.326+00:00,747.435,manual,Manual cook,temp,2100,400.1,,esp32,,0,,,,,,,,,,,,1,400.0,15.0,0.0,0,NONE
2026-09-29T21:52:39.326+00:00,748.435,manual,Manual cook,temp,2100,400.1,,esp32,,0,,,,,,,,,,,,1,400.0,1.0,0.0,0,NONE
2026-09-29T21:52:40.326+00:00,749.435,manual,Manual cook,temp,2100,400.5,,esp32,,0,,,,,,,,,,,,1,400.0,0.0,0.0,0,NONE
2026-09-29T21:52:41.326+00:00,750.435,manual,Manual cook,temp,2100,400.1,,esp32,,0,,,,,,,,,,,,1,400.0,0.0,0.0,0,NONE
2026-09-29T21:52:41.826+00:00,750.935,manual,Manual cook,temp,2100,400.5,,esp32,,0,,,,,,,,,,,,1,400.0,17.0,0.0,0,NONE
2026-09-29T21:52:42.826+00:00,751.935,manual,Manual cook,temp,2100,400.5,,esp32,,0,,,,,,,,,,,,1,400.0,15.0,0.0,0,NONE
2026-09-29T21:52:43.826+00:00,752.935,manual,Manual cook,temp,2100,400.5,,esp32,,0,,,,,,,,,,,,1,400.0,17.0,0.0,0,NONE
2026-09-29T21:52:44.826+00:00,753.935,manual,Manual cook,temp,2100,400.1,,esp32,,0,,,,,,,,,,,,1,400.0,15.0,0.0,0,NONE
2026-09-29T21:52:45.327+00:00,754.436,manual,Manual cook,temp,2100,400.1,,esp32,,0,,,,,,,,,,,,1,400.0,8.0,0.0,0,NONE
2026-09-29T21:52:46.326+00:00,755.435,manual,Manual cook,temp,2100,399.2,,esp32,,0,,,,,,,,,,,,1,400.0,24.0,0.0,0,NONE
2026-09-29T21:52:46.826+00:00,755.935,manual,Manual cook,temp,2100,400.1,,esp32,,0,,,,,,,,,,,,1,400.0,0.0,0.0,0,NONE
2026-09-29T21:52:47.826+00:00,756.935,manual,Manual cook,temp,2100,399.6,,esp32,,0,,,,,,,,,,,,1,400.0,16.0,0.0,0,NONE
2026-09-29T21:52:48.826+00:00,757.935,manual,Manual cook,temp,2100,400.5,,esp32,,0,,,,,,,,,,,,1,400.0,0.0,0.0,0,NONE
2026-09-29T21:52:49.326+00:00,758.435,manual,Manual cook,temp,2100,399.6,,esp32,,0,,,,,,,,,,,,1,400.0,15.0,0.0,0,NONE
2026-09-29T21:52:50.326+00:00,759.435,manual,Manual cook,temp,2100,399.6,,esp32,,0,,,,,,,,,,,,1,400.0,9.0,0.0,0,NONE
2026-09-29T21:52:51.326+00:00,760.435,manual,Manual cook,temp,2100,400.1,,esp32,,0,,,,,,,,,,,,1,400.0,8.0,0.0,0,NONE
2026-09-29T21:52:51.826+00:00,760.935,manual,Manual cook,temp,2100,400.1,,esp32,,0,,,,,,,,,,,,1,400.0,8.0,0.0,0,NONE
2026-09-29T21:52:52.326+00:00,761.435,manual,Manual cook,temp,2100,400.1,,esp32,,0,,,,,,,,,,,,1,400.0,16.0,0.0,0,NONE
2026-09-29T21:52:52.826+00:00,761.935,manual,Manual cook,temp,2100,400.5,,esp32,,0,,,,,,,,,,,,1,400.0,1.0,0.0,0,NONE
2026-09-29T21:52:53.826+00:00,762.935,manual,Manual cook,temp,2100,400.1,,esp32,,0,,,,,,,,,,,,1,400.0,15.0,0.0,0,NONE
2026-09-29T21:52:54.826+00:00,763.935,manual,Manual cook,temp,2100,400.5,,esp32,,0,,,,,,,,,,,,1,400.0,0.0,0.0,0,NONE
2026-09-29T21:52:55.827+00:00,764.936,manual,Manual cook,temp,2100,399.6,,esp32,,0,,,,,,,,,,,,1,400.0,0.0,0.0,0,NONE
2026-09-29T21:52:56.827+00:00,765.935,manual,Manual cook,temp,2100,400.1,,esp32,,0,,,,,,,,,,,,1,400.0,1.0,0.0,0,NONE
2026-09-29T21:52:57.826+00:00,766.935,manual,Manual cook,temp,2100,399.6,,esp32,,0,,,,,,,,,,,,1,400.0,8.0,0.0,0,NONE
2026-09-29T21:52:58.826+00:00,767.935,manual,Manual cook,temp,2100,400.1,,esp32,,0,,,,,,,,,,,,1,400.0,1.0,0.0,0,NONE
2026-09-29T21:52:59.826+00:00,768.935,manual,Manual cook,temp,2100,399.6,,esp32,,0,,,,,,,,,,,,1,400.0,0.0,0.0,0,NONE
2026-09-29T21:53:00.826+00:00,769.935,manual,Manual cook,temp,2100,400.1,,esp32,,0,,,,,,,,,,,,1,400.0,1.0,0.0,0,NONE
2026-09-29T21:53:01.826+00:00,770.935,manual,Manual cook,temp,2100,400.5,,esp32,,0,,,,,,,,,,,,1,400.0,0.0,0.0,0,NONE
2026-09-29T21:53:02.326+00:00,771.435,manual,Manual cook,temp,2100,399.2,,esp32,,0,,,,,,,,,,,,1,400.0,17.0,0.0,0,NONE
2026-09-29T21:53:03.326+00:00,772.435,manual,Manual cook,temp,2100,399.6,,esp32,,0,,,,,,,,,,,,1,400.0,17.0,0.0,0,NONE
2026-09-29T21:53:03.826+00:00,772.935,manual,Manual cook,temp,2100,399.6,,esp32,,0,,,,,,,,,,,,1,400.0,1.0,0.0,0,NONE
2026-09-29T21:53:04.826+00:00,773.935,manual,Manual cook,temp,2100,399.2,,esp32,,0,,,,,,,,,,,,1,400.0,17.0,0.0,0,NONE
2026-09-29T21:53:05.826+00:00,774.935,manual,Manual cook,temp,2100,399.2,,esp32,,0,,,,,,,,,,,,1,400.0,17.0,0.0,0,NONE
2026-09-29T21:53:06.327+00:00,775.436,manual,Manual cook,temp,2100,399.2,,esp32,,0,,,,,,,,,,,,1,400.0,2.0,0.0,0,NONE
2026-09-29T21:53:07.326+00:00,776.435,manual,Manual cook,temp,2100,399.2,,esp32,,0,,,,,,,,,,,,1,400.0,10.0,0.0,0,NONE
2026-09-29T21:53:07.826+00:00,776.935,manual,Manual cook,temp,2100,398.8,,esp32,,0,,,,,,,,,,,,1,400.0,18.0,0.0,0,NONE
2026-09-29T21:53:08.826+00:00,777.935,manual,Manual cook,temp,2100,398.8,,esp32,,0,,,,,,,,,,,,1,400.0,18.0,0.0,0,NONE
2026-09-29T21:53:09.326+00:00,778.435,manual,Manual cook,temp,2100,398.8,,esp32,,0,,,,,,,,,,,,1,400.0,11.0,0.0,0,NONE
2026-09-29T21:53:10.326+00:00,779.435,manual,Manual cook,temp,2100,399.2,,esp32,,0,,,,,,,,,,,,1,400.0,17.0,0.0,0,NONE
2026-09-29T21:53:10.826+00:00,779.935,manual,Manual cook,temp,2100,398.3,,esp32,,0,,,,,,,,,,,,1,400.0,26.0,0.0,0,NONE
2026-09-29T21:53:11.827+00:00,780.936,manual,Manual cook,temp,2100,397.9,,esp32,,0,,,,,,,,,,,,1,400.0,17.0,0.0,0,NONE
2026-09-29T21:53:12.826+00:00,781.935,manual,Manual cook,temp,2100,398.8,,esp32,,0,,,,,,,,,,,,1,400.0,17.0,0.0,0,NONE
2026-09-29T21:53:13.826+00:00,782.935,manual,Manual cook,temp,2100,398.8,,esp32,,0,,,,,,,,,,,,1,400.0,18.0,0.0,0,NONE
2026-09-29T21:53:14.326+00:00,783.435,manual,Manual cook,temp,2100,398.8,,esp32,,0,,,,,,,,,,,,1,400.0,11.0,0.0,0,NONE
2026-09-29T21:53:15.326+00:00,784.435,manual,Manual cook,temp,2100,399.2,,esp32,,0,,,,,,,,,,,,1,400.0,3.0,0.0,0,NONE
2026-09-29T21:53:15.826+00:00,784.935,manual,Manual cook,temp,2100,398.8,,esp32,,0,,,,,,,,,,,,1,400.0,26.0,0.0,0,NONE
2026-09-29T21:53:16.826+00:00,785.935,manual,Manual cook,temp,2100,400.1,,esp32,,0,,,,,,,,,,,,1,400.0,3.0,0.0,0,NONE
2026-09-29T21:53:17.826+00:00,786.935,manual,Manual cook,temp,2100,399.2,,esp32,,0,,,,,,,,,,,,1,400.0,17.0,0.0,0,NONE
2026-09-29T21:53:18.826+00:00,787.935,manual,Manual cook,temp,2100,399.6,,esp32,,0,,,,,,,,,,,,1,400.0,9.0,0.0,0,NONE
2026-09-29T21:53:19.326+00:00,788.435,manual,Manual cook,temp,2100,400.1,,esp32,,0,,,,,,,,,,,,1,400.0,1.0,0.0,0,NONE
2026-09-29T21:53:20.326+00:00,789.435,manual,Manual cook,temp,2100,399.6,,esp32,,0,,,,,,,,,,,,1,400.0,16.0,0.0,0,NONE
2026-09-29T21:53:21.326+00:00,790.435,manual,Manual cook,temp,2100,399.6,,esp32,,0,,,,,,,,,,,,1,400.0,16.0,0.0,0,NONE
2026-09-29T21:53:21.826+00:00,790.935,manual,Manual cook,temp,2100,400.5,,esp32,,0,,,,,,,,,,,,1,400.0,1.0,0.0,0,NONE
2026-09-29T21:53:22.327+00:00,791.435,manual,Manual cook,temp,2100,400.5,,esp32,,0,,,,,,,,,,,,1,400.0,0.0,0.0,0,NONE
2026-09-29T21:53:23.326+00:00,792.435,manual,Manual cook,temp,2100,400.5,,esp32,,0,,,,,,,,,,,,1,400.0,0.0,0.0,0,NONE
2026-09-29T21:53:23.826+00:00,792.935,manual,Manual cook,temp,2100,400.5,,esp32,,0,,,,,,,,,,,,1,400.0,17.0,0.0,0,NONE
2026-09-29T21:53:24.826+00:00,793.935,manual,Manual cook,temp,2100,400.1,,esp32,,0,,,,,,,,,,,,1,400.0,15.0,0.0,0,NONE
2026-09-29T21:53:25.826+00:00,794.935,manual,Manual cook,temp,2100,400.1,,esp32,,0,,,,,,,,,,,,1,400.0,8.0,0.0,0,NONE
2026-09-29T21:53:26.826+00:00,795.935,manual,Manual cook,temp,2100,399.6,,esp32,,0,,,,,,,,,,,,1,400.0,16.0,0.0,0,NONE
2026-09-29T21:53:27.826+00:00,796.935,manual,Manual cook,temp,2100,399.6,,esp32,,0,,,,,,,,,,,,1,400.0,9.0,0.0,0,NONE
2026-09-29T21:53:28.326+00:00,797.435,manual,Manual cook,temp,2100,400.5,,esp32,,0,,,,,,,,,,,,1,400.0,0.0,0.0,0,NONE
2026-09-29T21:53:28.826+00:00,797.935,manual,Manual cook,temp,2100,400.1,,esp32,,0,,,,,,,,,,,,1,400.0,15.0,0.0,0,NONE
2026-09-29T21:53:29.326+00:00,798.435,manual,Manual cook,temp,2100,400.5,,esp32,,0,,,,,,,,,,,,1,400.0,24.0,0.0,0,NONE
2026-09-29T21:53:30.326+00:00,799.435,manual,Manual cook,temp,2100,401.0,,esp32,,0,,,,,,,,,,,,1,400.0,15.0,0.0,0,NONE
2026-09-29T21:53:31.326+00:00,800.435,manual,Manual cook,temp,2100,400.5,,esp32,,0,,,,,,,,,,,,1,400.0,14.0,0.0,0,NONE
2026-09-29T21:53:32.326+00:00,801.435,manual,Manual cook,temp,2100,400.1,,esp32,,0,,,,,,,,,,,,1,400.0,17.0,0.0,0,NONE
2026-09-29T21:53:32.826+00:00,801.935,manual,Manual cook,temp,2100,400.1,,esp32,,0,,,,,,,,,,,,1,400.0,8.0,0.0,0,NONE
2026-09-29T21:53:33.826+00:00,802.935,manual,Manual cook,temp,2100,400.1,,esp32,,0,,,,,,,,,,,,1,400.0,0.0,0.0,0,NONE
2026-09-29T21:53:34.826+00:00,803.935,manual,Manual cook,temp,2100,401.0,,esp32,,0,,,,,,,,,,,,1,400.0,0.0,0.0,0,NONE
2026-09-29T21:53:35.326+00:00,804.435,manual,Manual cook,temp,2100,401.0,,esp32,,0,,,,,,,,,,,,1,400.0,6.0,0.0,0,NONE
2026-09-29T21:53:36.326+00:00,805.435,manual,Manual cook,temp,2100,401.0,,esp32,,0,,,,,,,,,,,,1,400.0,6.0,0.0,0,NONE
2026-09-29T21:53:36.826+00:00,805.935,manual,Manual cook,temp,2100,400.5,,esp32,,0,,,,,,,,,,,,1,400.0,14.0,0.0,0,NONE
2026-09-29T21:53:37.826+00:00,806.934,manual,Manual cook,temp,2100,401.0,,esp32,,0,,,,,,,,,,,,1,400.0,0.0,0.0,0,NONE
2026-09-29T21:53:38.326+00:00,807.435,manual,Manual cook,temp,2100,401.5,,esp32,,0,,,,,,,,,,,,1,400.0,0.0,0.0,0,NONE
2026-09-29T21:53:39.326+00:00,808.435,manual,Manual cook,temp,2100,401.0,,esp32,,0,,,,,,,,,,,,1,400.0,22.0,0.0,0,NONE
2026-09-29T21:53:40.326+00:00,809.435,manual,Manual cook,temp,2100,400.5,,esp32,,0,,,,,,,,,,,,1,400.0,14.0,0.0,0,NONE
2026-09-29T21:53:41.326+00:00,810.434,manual,Manual cook,temp,2100,400.5,,esp32,,0,,,,,,,,,,,,1,400.0,7.0,0.0,0,NONE
2026-09-29T21:53:42.326+00:00,811.435,manual,Manual cook,temp,2100,401.5,,esp32,,0,,,,,,,,,,,,1,400.0,13.0,0.0,0,NONE
2026-09-29T21:53:43.326+00:00,812.434,manual,Manual cook,temp,2100,401.0,,esp32,,0,,,,,,,,,,,,1,400.0,13.0,0.0,0,NONE
2026-09-29T21:53:43.826+00:00,812.935,manual,Manual cook,temp,2100,401.9,,esp32,,0,,,,,,,,,,,,1,400.0,0.0,0.0,0,NONE
2026-09-29T21:53:44.826+00:00,813.935,manual,Manual cook,temp,2100,401.9,,esp32,,0,,,,,,,,,,,,1,400.0,0.0,0.0,0,NONE
2026-09-29T21:53:45.826+00:00,814.934,manual,Manual cook,temp,2100,401.0,,esp32,,0,,,,,,,,,,,,1,400.0,6.0,0.0,0,NONE
2026-09-29T21:53:46.826+00:00,815.935,manual,Manual cook,temp,2100,401.5,,esp32,,0,,,,,,,,,,,,1,400.0,0.0,0.0,0,NONE
2026-09-29T21:53:47.826+00:00,816.934,manual,Manual cook,temp,2100,400.5,,esp32,,0,,,,,,,,,,,,1,400.0,21.0,0.0,0,NONE
2026-09-29T21:53:48.826+00:00,817.934,manual,Manual cook,temp,2100,401.0,,esp32,,0,,,,,,,,,,,,1,400.0,6.0,0.0,0,NONE
2026-09-29T21:53:49.326+00:00,818.434,manual,Manual cook,temp,2100,400.1,,esp32,,0,,,,,,,,,,,,1,400.0,22.0,0.0,0,NONE
2026-09-29T21:53:49.826+00:00,818.935,manual,Manual cook,temp,2100,400.1,,esp32,,0,,,,,,,,,,,,1,400.0,0.0,0.0,0,NONE
2026-09-29T21:53:50.826+00:00,819.934,manual,Manual cook,temp,2100,401.0,,esp32,,0,,,,,,,,,,,,1,400.0,0.0,0.0,0,NONE
2026-09-29T21:53:51.326+00:00,820.435,manual,Manual cook,temp,2100,401.0,,esp32,,0,,,,,,,,,,,,1,400.0,6.0,0.0,0,NONE
2026-09-29T21:53:52.326+00:00,821.434,manual,Manual cook,temp,2100,401.5,,esp32,,0,,,,,,,,,,,,1,400.0,0.0,0.0,0,NONE
2026-09-29T21:53:52.826+00:00,821.934,manual,Manual cook,temp,2100,401.0,,esp32,,0,,,,,,,,,,,,1,400.0,13.0,0.0,0,NONE
2026-09-29T21:53:53.825+00:00,822.934,manual,Manual cook,temp,2100,401.0,,esp32,,0,,,,,,,,,,,,1,400.0,6.0,0.0,0,NONE
2026-09-29T21:53:54.326+00:00,823.434,manual,Manual cook,temp,2100,400.5,,esp32,,0,,,,,,,,,,,,1,400.0,14.0,0.0,0,NONE
2026-09-29T21:53:54.826+00:00,823.934,manual,Manual cook,temp,2100,400.1,,esp32,,0,,,,,,,,,,,,1,400.0,7.0,0.0,0,NONE
2026-09-29T21:53:55.326+00:00,824.435,manual,Manual cook,temp,2100,400.1,,esp32,,0,,,,,,,,,,,,1,400.0,15.0,0.0,0,NONE
2026-09-29T21:53:56.325+00:00,825.434,manual,Manual cook,temp,2100,400.5,,esp32,,0,,,,,,,,,,,,1,400.0,7.0,0.0,0,NONE
2026-09-29T21:53:56.826+00:00,825.934,manual,Manual cook,temp,2100,401.5,,esp32,,0,,,,,,,,,,,,1,400.0,0.0,0.0,0,NONE
2026-09-29T21:53:57.826+00:00,826.934,manual,Manual cook,temp,2100,401.5,,esp32,,0,,,,,,,,,,,,1,400.0,0.0,0.0,0,NONE
2026-09-29T21:53:58.825+00:00,827.934,manual,Manual cook,temp,2100,401.5,,esp32,,0,,,,,,,,,,,,1,400.0,5.0,0.0,0,NONE
2026-09-29T21:53:59.826+00:00,828.934,manual,Manual cook,temp,2100,401.5,,esp32,,0,,,,,,,,,,,,1,400.0,0.0,0.0,0,NONE
2026-09-29T21:54:00.326+00:00,829.434,manual,Manual cook,temp,2100,401.9,,esp32,,0,,,,,,,,,,,,1,400.0,12.0,0.0,0,NONE
2026-09-29T21:54:01.325+00:00,830.434,manual,Manual cook,temp,2100,401.9,,esp32,,0,,,,,,,,,,,,1,400.0,4.0,0.0,0,NONE
2026-09-29T21:54:01.825+00:00,830.934,manual,Manual cook,temp,2100,401.5,,esp32,,0,,,,,,,,,,,,1,400.0,12.0,0.0,0,NONE
2026-09-29T21:54:02.825+00:00,831.934,manual,Manual cook,temp,2100,401.5,,esp32,,0,,,,,,,,,,,,1,400.0,0.0,0.0,0,NONE
2026-09-29T21:54:03.326+00:00,832.434,manual,Manual cook,temp,2100,401.0,,esp32,,0,,,,,,,,,,,,1,400.0,5.0,0.0,0,NONE
2026-09-29T21:54:03.826+00:00,832.934,manual,Manual cook,temp,2100,401.5,,esp32,,0,,,,,,,,,,,,1,400.0,13.0,0.0,0,NONE
2026-09-29T21:54:04.826+00:00,833.934,manual,Manual cook,temp,2100,401.0,,esp32,,0,,,,,,,,,,,,1,400.0,13.0,0.0,0,NONE
2026-09-29T21:54:05.826+00:00,834.935,manual,Manual cook,temp,2100,401.5,,esp32,,0,,,,,,,,,,,,1,400.0,0.0,0.0,0,NONE
2026-09-29T21:54:06.826+00:00,835.934,manual,Manual cook,temp,2100,401.0,,esp32,,0,,,,,,,,,,,,1,400.0,5.0,0.0,0,NONE
2026-09-29T21:54:07.825+00:00,836.934,manual,Manual cook,temp,2100,401.9,,esp32,,0,,,,,,,,,,,,1,400.0,6.0,0.0,0,NONE
2026-09-29T21:54:08.826+00:00,837.934,manual,Manual cook,temp,2100,401.9,,esp32,,0,,,,,,,,,,,,1,400.0,17.0,0.0,0,NONE
2026-09-29T21:54:09.825+00:00,838.934,manual,Manual cook,temp,2100,401.9,,esp32,,0,,,,,,,,,,,,1,400.0,4.0,0.0,0,NONE
2026-09-29T21:54:10.326+00:00,839.434,manual,Manual cook,temp,2100,401.0,,esp32,,0,,,,,,,,,,,,1,400.0,20.0,0.0,0,NONE
2026-09-29T21:54:11.325+00:00,840.434,manual,Manual cook,temp,2100,401.9,,esp32,,0,,,,,,,,,,,,1,400.0,0.0,0.0,0,NONE
2026-09-29T21:54:11.825+00:00,840.934,manual,Manual cook,temp,2100,401.9,,esp32,,0,,,,,,,,,,,,1,400.0,4.0,0.0,0,NONE
2026-09-29T21:54:12.825+00:00,841.934,manual,Manual cook,temp,2100,401.5,,esp32,,0,,,,,,,,,,,,1,400.0,12.0,0.0,0,NONE
2026-09-29T21:54:13.325+00:00,842.434,manual,Manual cook,temp,2100,401.0,,esp32,,0,,,,,,,,,,,,1,400.0,5.0,0.0,0,NONE
2026-09-29T21:54:14.325+00:00,843.434,manual,Manual cook,temp,2100,401.9,,esp32,,0,,,,,,,,,,,,1,400.0,0.0,0.0,0,NONE
2026-09-29T21:54:15.325+00:00,844.434,manual,Manual cook,temp,2100,402.4,,esp32,,0,,,,,,,,,,,,1,400.0,0.0,0.0,0,NONE
2026-09-29T21:54:15.825+00:00,844.934,manual,Manual cook,temp,2100,400.5,,esp32,,0,,,,,,,,,,,,1,400.0,17.0,0.0,0,NONE
2026-09-29T21:54:16.825+00:00,845.934,manual,Manual cook,temp,2100,402.4,,esp32,,0,,,,,,,,,,,,1,400.0,0.0,0.0,0,NONE
2026-09-29T21:54:17.325+00:00,846.434,manual,Manual cook,temp,2100,402.4,,esp32,,0,,,,,,,,,,,,1,400.0,3.0,0.0,0,NONE
2026-09-29T21:54:17.825+00:00,846.934,manual,Manual cook,temp,2100,402.4,,esp32,,0,,,,,,,,,,,,1,400.0,3.0,0.0,0,NONE
2026-09-29T21:54:18.825+00:00,847.934,manual,Manual cook,temp,2100,402.4,,esp32,,0,,,,,,,,,,,,1,400.0,10.0,0.0,0,NONE
2026-09-29T21:54:19.825+00:00,848.934,manual,Manual cook,temp,2100,401.5,,esp32,,0,,,,,,,,,,,,1,400.0,12.0,0.0,0,NONE
2026-09-29T21:54:20.825+00:00,849.934,manual,Manual cook,temp,2100,401.5,,esp32,,0,,,,,,,,,,,,1,400.0,17.0,0.0,0,NONE
2026-09-29T21:54:21.326+00:00,850.435,manual,Manual cook,temp,2100,401.5,,esp32,,0,,,,,,,,,,,,1,400.0,5.0,0.0,0,NONE
2026-09-29T21:54:22.325+00:00,851.434,manual,Manual cook,temp,2100,401.5,,esp32,,0,,,,,,,,,,,,1,400.0,5.0,0.0,0,NONE
2026-09-29T21:54:23.325+00:00,852.434,manual,Manual cook,temp,2100,402.4,,esp32,,0,,,,,,,,,,,,1,400.0,0.0,0.0,0,NONE
2026-09-29T21:54:24.325+00:00,853.434,manual,Manual cook,temp,2100,402.4,,esp32,,0,,,,,,,,,,,,1,400.0,3.0,0.0,0,NONE
2026-09-29T21:54:25.325+00:00,854.434,manual,Manual cook,temp,2100,402.8,,esp32,,0,,,,,,,,,,,,1,400.0,0.0,0.0,0,NONE
2026-09-29T21:54:25.825+00:00,854.934,manual,Manual cook,temp,2100,402.8,,esp32,,0,,,,,,,,,,,,1,400.0,17.0,0.0,0,NONE
2026-09-29T21:54:26.826+00:00,855.935,manual,Manual cook,temp,2100,403.3,,esp32,,0,,,,,,,,,,,,1,400.0,0.0,0.0,0,NONE
2026-09-29T21:54:27.825+00:00,856.934,manual,Manual cook,temp,2100,402.8,,esp32,,0,,,,,,,,,,,,1,400.0,0.0,0.0,0,NONE
2026-09-29T21:54:28.325+00:00,857.434,manual,Manual cook,temp,2100,401.5,,esp32,,0,,,,,,,,,,,,1,400.0,10.0,0.0,0,NONE
2026-09-29T21:54:28.825+00:00,857.934,manual,Manual cook,temp,2100,401.9,,esp32,,0,,,,,,,,,,,,1,400.0,19.0,0.0,0,NONE
2026-09-29T21:54:29.825+00:00,858.934,manual,Manual cook,temp,2100,402.4,,esp32,,0,,,,,,,,,,,,1,400.0,0.0,0.0,0,NONE
2026-09-29T21:54:30.325+00:00,859.434,manual,Manual cook,temp,2100,402.4,,esp32,,0,,,,,,,,,,,,1,400.0,0.0,0.0,0,NONE
2026-09-29T21:54:30.825+00:00,859.934,manual,Manual cook,temp,2100,402.4,,esp32,,0,,,,,,,,,,,,1,400.0,17.0,0.0,0,NONE
2026-09-29T21:54:31.825+00:00,860.934,manual,Manual cook,temp,2100,402.4,,esp32,,0,,,,,,,,,,,,1,400.0,3.0,0.0,0,NONE
2026-09-29T21:54:32.326+00:00,861.435,manual,Manual cook,temp,2100,401.9,,esp32,,0,,,,,,,,,,,,1,400.0,3.0,0.0,0,NONE
2026-09-29T21:54:33.325+00:00,862.434,manual,Manual cook,temp,2100,401.5,,esp32,,0,,,,,,,,,,,,1,400.0,12.0,0.0,0,NONE
2026-09-29T21:54:33.825+00:00,862.934,manual,Manual cook,temp,2100,402.4,,esp32,,0,,,,,,,,,,,,1,400.0,0.0,0.0,0,NONE
2026-09-29T21:54:34.825+00:00,863.934,manual,Manual cook,temp,2100,401.5,,esp32,,0,,,,,,,,,,,,1,400.0,17.0,0.0,0,NONE
2026-09-29T21:54:35.325+00:00,864.434,manual,Manual cook,temp,2100,402.4,,esp32,,0,,,,,,,,,,,,1,400.0,4.0,0.0,0,NONE
2026-09-29T21:54:36.325+00:00,865.434,manual,Manual cook,temp,2100,402.4,,esp32,,0,,,,,,,,,,,,1,400.0,17.0,0.0,0,NONE
2026-09-29T21:54:36.825+00:00,865.934,manual,Manual cook,temp,2100,402.4,,esp32,,0,,,,,,,,,,,,1,400.0,0.0,0.0,0,NONE
2026-09-29T21:54:37.826+00:00,866.935,manual,Manual cook,temp,2100,401.9,,esp32,,0,,,,,,,,,,,,1,400.0,19.0,0.0,0,NONE
2026-09-29T21:54:38.825+00:00,867.934,manual,Manual cook,temp,2100,401.9,,esp32,,0,,,,,,,,,,,,1,400.0,3.0,0.0,0,NONE
2026-09-29T21:54:39.825+00:00,868.934,manual,Manual cook,temp,2100,400.5,,esp32,,0,,,,,,,,,,,,1,400.0,28.0,0.0,0,NONE
2026-09-29T21:54:40.325+00:00,869.434,manual,Manual cook,temp,2100,400.5,,esp32,,0,,,,,,,,,,,,1,400.0,0.0,0.0,0,NONE
2026-09-29T21:54:41.325+00:00,870.434,manual,Manual cook,temp,2100,401.5,,esp32,,0,,,,,,,,,,,,1,400.0,0.0,0.0,0,NONE
2026-09-29T21:54:41.825+00:00,870.934,manual,Manual cook,temp,2100,401.0,,esp32,,0,,,,,,,,,,,,1,400.0,12.0,0.0,0,NONE
2026-09-29T21:54:42.825+00:00,871.934,manual,Manual cook,temp,2100,401.5,,esp32,,0,,,,,,,,,,,,1,400.0,5.0,0.0,0,NONE
2026-09-29T21:54:43.326+00:00,872.435,manual,Manual cook,temp,2100,401.5,,esp32,,0,,,,,,,,,,,,1,400.0,0.0,0.0,0,NONE
2026-09-29T21:54:44.325+00:00,873.434,manual,Manual cook,temp,2100,401.9,,esp32,,0,,,,,,,,,,,,1,400.0,0.0,0.0,0,NONE
2026-09-29T21:54:44.825+00:00,873.934,manual,Manual cook,temp,2100,401.0,,esp32,,0,,,,,,,,,,,,1,400.0,17.0,0.0,0,NONE
2026-09-29T21:54:45.825+00:00,874.934,manual,Manual cook,temp,2100,400.5,,esp32,,0,,,,,,,,,,,,1,400.0,12.0,0.0,0,NONE
2026-09-29T21:54:46.825+00:00,875.934,manual,Manual cook,temp,2100,401.5,,esp32,,0,,,,,,,,,,,,1,400.0,0.0,0.0,0,NONE
2026-09-29T21:54:47.325+00:00,876.434,manual,Manual cook,temp,2100,400.5,,esp32,,0,,,,,,,,,,,,1,400.0,17.0,0.0,0,NONE
2026-09-29T21:54:48.325+00:00,877.434,manual,Manual cook,temp,2100,401.0,,esp32,,0,,,,,,,,,,,,1,400.0,0.0,0.0,0,NONE
2026-09-29T21:54:49.325+00:00,878.434,manual,Manual cook,temp,2100,400.5,,esp32,,0,,,,,,,,,,,,1,400.0,6.0,0.0,0,NONE
2026-09-29T21:54:50.325+00:00,879.434,manual,Manual cook,temp,2100,401.0,,esp32,,0,,,,,,,,,,,,1,400.0,0.0,0.0,0,NONE
2026-09-29T21:54:50.825+00:00,879.934,manual,Manual cook,temp,2100,400.5,,esp32,,0,,,,,,,,,,,,1,400.0,17.0,0.0,0,NONE
2026-09-29T21:54:51.825+00:00,880.934,manual,Manual cook,temp,2100,400.5,,esp32,,0,,,,,,,,,,,,1,400.0,6.0,0.0,0,NONE
2026-09-29T21:54:52.825+00:00,881.934,manual,Manual cook,temp,2100,399.2,,esp32,,0,,,,,,,,,,,,1,400.0,30.0,0.0,0,NONE
2026-09-29T21:54:53.825+00:00,882.934,manual,Manual cook,temp,2100,400.1,,esp32,,0,,,,,,,,,,,,1,400.0,6.0,0.0,0,NONE
2026-09-29T21:54:54.825+00:00,883.934,manual,Manual cook,temp,2100,400.1,,esp32,,0,,,,,,,,,,,,1,400.0,0.0,0.0,0,NONE
2026-09-29T21:54:55.825+00:00,884.934,manual,Manual cook,temp,2100,400.5,,esp32,,0,,,,,,,,,,,,1,400.0,15.0,0.0,0,NONE
2026-09-29T21:54:56.825+00:00,885.934,manual,Manual cook,temp,2100,401.0,,esp32,,0,,,,,,,,,,,,1,400.0,14.0,0.0,0,NONE
2026-09-29T21:54:57.825+00:00,886.934,manual,Manual cook,temp,2100,400.5,,esp32,,0,,,,,,,,,,,,1,400.0,5.0,0.0,0,NONE
2026-09-29T21:54:58.325+00:00,887.434,manual,Manual cook,temp,2100,400.1,,esp32,,0,,,,,,,,,,,,1,400.0,13.0,0.0,0,NONE
2026-09-29T21:54:58.825+00:00,887.934,manual,Manual cook,temp,2100,401.0,,esp32,,0,,,,,,,,,,,,1,400.0,14.0,0.0,0,NONE
2026-09-29T21:54:59.825+00:00,888.934,manual,Manual cook,temp,2100,400.5,,esp32,,0,,,,,,,,,,,,1,400.0,13.0,0.0,0,NONE
2026-09-29T21:55:00.325+00:00,889.434,manual,Manual cook,temp,2100,400.1,,esp32,,0,,,,,,,,,,,,1,400.0,14.0,0.0,0,NONE
2026-09-29T21:55:01.325+00:00,890.434,manual,Manual cook,temp,2100,400.5,,esp32,,0,,,,,,,,,,,,1,400.0,0.0,0.0,0,NONE
2026-09-29T21:55:01.825+00:00,890.934,manual,Manual cook,temp,2100,401.0,,esp32,,0,,,,,,,,,,,,1,400.0,0.0,0.0,0,NONE
2026-09-29T21:55:02.825+00:00,891.934,manual,Manual cook,temp,2100,400.1,,esp32,,0,,,,,,,,,,,,1,400.0,5.0,0.0,0,NONE
2026-09-29T21:55:03.825+00:00,892.934,manual,Manual cook,temp,2100,400.1,,esp32,,0,,,,,,,,,,,,1,400.0,7.0,0.0,0,NONE
2026-09-29T21:55:04.326+00:00,893.435,manual,Manual cook,temp,2100,400.5,,esp32,,0,,,,,,,,,,,,1,400.0,0.0,0.0,0,NONE
2026-09-29T21:55:05.325+00:00,894.434,manual,Manual cook,temp,2100,400.5,,esp32,,0,,,,,,,,,,,,1,400.0,6.0,0.0,0,NONE
2026-09-29T21:55:05.825+00:00,894.934,manual,Manual cook,temp,2100,399.6,,esp32,,0,,,,,,,,,,,,1,400.0,22.0,0.0,0,NONE
2026-09-29T21:55:06.825+00:00,895.934,manual,Manual cook,temp,2100,400.1,,esp32,,0,,,,,,,,,,,,1,400.0,14.0,0.0,0,NONE
2026-09-29T21:55:07.825+00:00,896.934,manual,Manual cook,temp,2100,401.0,,esp32,,0,,,,,,,,,,,,1,400.0,0.0,0.0,0,NONE
2026-09-29T21:55:08.325+00:00,897.434,manual,Manual cook,temp,2100,400.5,,esp32,,0,,,,,,,,,,,,1,400.0,13.0,0.0,0,NONE
2026-09-29T21:55:08.825+00:00,897.934,manual,Manual cook,temp,2100,400.1,,esp32,,0,,,,,,,,,,,,1,400.0,14.0,0.0,0,NONE
2026-09-29T21:55:09.825+00:00,898.934,manual,Manual cook,temp,2100,401.0,,esp32,,0,,,,,,,,,,,,1,400.0,13.0,0.0,0,NONE
2026-09-29T21:55:10.825+00:00,899.934,manual,Manual cook,temp,2100,401.0,,esp32,,0,,,,,,,,,,,,1,400.0,5.0,0.0,0,NONE
2026-09-29T21:55:11.825+00:00,900.934,manual,Manual cook,temp,2100,401.0,,esp32,,0,,,,,,,,,,,,1,400.0,5.0,0.0,0,NONE
2026-09-29T21:55:12.825+00:00,901.934,manual,Manual cook,temp,2100,400.5,,esp32,,0,,,,,,,,,,,,1,400.0,13.0,0.0,0,NONE
2026-09-29T21:55:13.325+00:00,902.434,manual,Manual cook,temp,2100,400.5,,esp32,,0,,,,,,,,,,,,1,400.0,0.0,0.0,0,NONE
2026-09-29T21:55:14.325+00:00,903.434,manual,Manual cook,temp,2100,401.5,,esp32,,0,,,,,,,,,,,,1,400.0,0.0,0.0,0,NONE
2026-09-29T21:55:14.826+00:00,903.935,manual,Manual cook,temp,2100,401.5,,esp32,,0,,,,,,,,,,,,1,400.0,4.0,0.0,0,NONE
2026-09-29T21:55:15.825+00:00,904.934,manual,Manual cook,temp,2100,401.5,,esp32,,0,,,,,,,,,,,,1,400.0,4.0,0.0,0,NONE
2026-09-29T21:55:16.325+00:00,905.434,manual,Manual cook,temp,2100,401.5,,esp32,,0,,,,,,,,,,,,1,400.0,4.0,0.0,0,NONE
2026-09-29T21:55:16.825+00:00,905.934,manual,Manual cook,temp,2100,401.5,,esp32,,0,,,,,,,,,,,,1,400.0,4.0,0.0,0,NONE
2026-09-29T21:55:17.325+00:00,906.434,manual,Manual cook,temp,2100,401.5,,esp32,,0,,,,,,,,,,,,1,400.0,4.0,0.0,0,NONE
2026-09-29T21:55:18.325+00:00,907.434,manual,Manual cook,temp,2100,401.5,,esp32,,0,,,,,,,,,,,,1,400.0,20.0,0.0,0,NONE
2026-09-29T21:55:19.326+00:00,908.434,manual,Manual cook,temp,2100,401.5,,esp32,,0,,,,,,,,,,,,1,400.0,4.0,0.0,0,NONE
2026-09-29T21:55:20.325+00:00,909.434,manual,Manual cook,temp,2100,401.5,,esp32,,0,,,,,,,,,,,,1,400.0,4.0,0.0,0,NONE
2026-09-29T21:55:21.325+00:00,910.434,manual,Manual cook,temp,2100,402.4,,esp32,,0,,,,,,,,,,,,1,400.0,0.0,0.0,0,NONE
2026-09-29T21:55:22.325+00:00,911.434,manual,Manual cook,temp,2100,402.4,,esp32,,0,,,,,,,,,,,,1,400.0,9.0,0.0,0,NONE
2026-09-29T21:55:22.825+00:00,911.934,manual,Manual cook,temp,2100,402.8,,esp32,,0,,,,,,,,,,,,1,400.0,10.0,0.0,0,NONE
2026-09-29T21:55:23.325+00:00,912.434,manual,Manual cook,temp,2100,401.9,,esp32,,0,,,,,,,,,,,,1,400.0,0.0,0.0,0,NONE
2026-09-29T21:55:24.325+00:00,913.434,manual,Manual cook,temp,2100,401.9,,esp32,,0,,,,,,,,,,,,1,400.0,3.0,0.0,0,NONE
2026-09-29T21:55:25.325+00:00,914.434,manual,Manual cook,temp,2100,402.4,,esp32,,0,,,,,,,,,,,,1,400.0,17.0,0.0,0,NONE
2026-09-29T21:55:25.825+00:00,914.934,manual,Manual cook,temp,2100,402.4,,esp32,,0,,,,,,,,,,,,1,400.0,0.0,0.0,0,NONE
2026-09-29T21:55:26.825+00:00,915.934,manual,Manual cook,temp,2100,401.9,,esp32,,0,,,,,,,,,,,,1,400.0,3.0,0.0,0,NONE
2026-09-29T21:55:27.325+00:00,916.434,manual,Manual cook,temp,2100,402.8,,esp32,,0,,,,,,,,,,,,1,400.0,0.0,0.0,0,NONE
2026-09-29T21:55:27.825+00:00,916.934,manual,Manual cook,temp,2100,401.9,,esp32,,0,,,,,,,,,,,,1,400.0,17.0,0.0,0,NONE
2026-09-29T21:55:28.825+00:00,917.934,manual,Manual cook,temp,2100,402.4,,esp32,,0,,,,,,,,,,,,1,400.0,0.0,0.0,0,NONE
2026-09-29T21:55:29.825+00:00,918.934,manual,Manual cook,temp,2100,401.0,,esp32,,0,,,,,,,,,,,,1,400.0,18.0,0.0,0,NONE
2026-09-29T21:55:30.825+00:00,919.934,manual,Manual cook,temp,2100,401.9,,esp32,,0,,,,,,,,,,,,1,400.0,0.0,0.0,0,NONE
2026-09-29T21:55:31.326+00:00,920.434,manual,Manual cook,temp,2100,401.9,,esp32,,0,,,,,,,,,,,,1,400.0,3.0,0.0,0,NONE
2026-09-29T21:55:32.325+00:00,921.434,manual,Manual cook,temp,2100,401.9,,esp32,,0,,,,,,,,,,,,1,400.0,3.0,0.0,0,NONE
2026-09-29T21:55:33.325+00:00,922.434,manual,Manual cook,temp,2100,401.9,,esp32,,0,,,,,,,,,,,,1,400.0,3.0,0.0,0,NONE
2026-09-29T21:55:33.825+00:00,922.934,manual,Manual cook,temp,2100,401.9,,esp32,,0,,,,,,,,,,,,1,400.0,0.0,0.0,0,NONE
2026-09-29T21:55:34.825+00:00,923.934,manual,Manual cook,temp,2100,401.9,,esp32,,0,,,,,,,,,,,,1,400.0,3.0,0.0,0,NONE
2026-09-29T21:55:35.825+00:00,924.934,manual,Manual cook,temp,2100,400.5,,esp32,,0,,,,,,,,,,,,1,400.0,20.0,0.0,0,NONE
2026-09-29T21:55:36.825+00:00,925.934,manual,Manual cook,temp,2100,402.4,,esp32,,0,,,,,,,,,,,,1,400.0,2.0,0.0,0,NONE
2026-09-29T21:55:37.825+00:00,926.934,manual,Manual cook,temp,2100,401.9,,esp32,,0,,,,,,,,,,,,1,400.0,17.0,0.0,0,NONE
2026-09-29T21:55:38.825+00:00,927.934,manual,Manual cook,temp,2100,401.5,,esp32,,0,,,,,,,,,,,,1,400.0,2.0,0.0,0,NONE
2026-09-29T21:55:39.825+00:00,928.934,manual,Manual cook,temp,2100,401.5,,esp32,,0,,,,,,,,,,,,1,400.0,0.0,0.0,0,NONE
2026-09-29T21:55:40.825+00:00,929.934,manual,Manual cook,temp,2100,401.0,,esp32,,0,,,,,,,,,,,,1,400.0,11.0,0.0,0,NONE
2026-09-29T21:55:41.825+00:00,930.934,manual,Manual cook,temp,2100,401.9,,esp32,,0,,,,,,,,,,,,1,400.0,4.0,0.0,0,NONE
2026-09-29T21:55:42.326+00:00,931.435,manual,Manual cook,temp,2100,401.5,,esp32,,0,,,,,,,,,,,,1,400.0,0.0,0.0,0,NONE
2026-09-29T21:55:43.325+00:00,932.434,manual,Manual cook,temp,2100,401.0,,esp32,,0,,,,,,,,,,,,1,400.0,11.0,0.0,0,NONE
2026-09-29T21:55:44.325+00:00,933.434,manual,Manual cook,temp,2100,401.9,,esp32,,0,,,,,,,,,,,,1,400.0,0.0,0.0,0,NONE
2026-09-29T21:55:45.325+00:00,934.434,manual,Manual cook,temp,2100,400.5,,esp32,,0,,,,,,,,,,,,1,400.0,17.0,0.0,0,NONE
2026-09-29T21:55:45.825+00:00,934.934,manual,Manual cook,temp,2100,401.0,,esp32,,0,,,,,,,,,,,,1,400.0,0.0,0.0,0,NONE
2026-09-29T21:55:46.825+00:00,935.934,manual,Manual cook,temp,2100,400.5,,esp32,,0,,,,,,,,,,,,1,400.0,12.0,0.0,0,NONE
2026-09-29T21:55:47.325+00:00,936.434,manual,Manual cook,temp,2100,401.9,,esp32,,0,,,,,,,,,,,,1,400.0,5.0,0.0,0,NONE
2026-09-29T21:55:48.325+00:00,937.433,manual,Manual cook,temp,2100,401.5,,esp32,,0,,,,,,,,,,,,1,400.0,10.0,0.0,0,NONE
2026-09-29T21:55:48.825+00:00,937.934,manual,Manual cook,temp,2100,401.5,,esp32,,0,,,,,,,,,,,,1,400.0,3.0,0.0,0,NONE
2026-09-29T21:55:49.325+00:00,938.434,manual,Manual cook,temp,2100,401.0,,esp32,,0,,,,,,,,,,,,1,400.0,0.0,0.0,0,NONE
2026-09-29T21:55:50.325+00:00,939.433,manual,Manual cook,temp,2100,401.5,,esp32,,0,,,,,,,,,,,,1,400.0,0.0,0.0,0,NONE
2026-09-29T21:55:50.825+00:00,939.933,manual,Manual cook,temp,2100,401.0,,esp32,,0,,,,,,,,,,,,1,400.0,11.0,0.0,0,NONE
2026-09-29T21:55:51.825+00:00,940.933,manual,Manual cook,temp,2100,401.0,,esp32,,0,,,,,,,,,,,,1,400.0,17.0,0.0,0,NONE
2026-09-29T21:55:52.825+00:00,941.934,manual,Manual cook,temp,2100,400.5,,esp32,,0,,,,,,,,,,,,1,400.0,12.0,0.0,0,NONE
2026-09-29T21:55:53.825+00:00,942.933,manual,Manual cook,temp,2100,400.5,,esp32,,0,,,,,,,,,,,,1,400.0,12.0,0.0,0,NONE
2026-09-29T21:55:54.325+00:00,943.434,manual,Manual cook,temp,2100,400.5,,esp32,,0,,,,,,,,,,,,1,400.0,0.0,0.0,0,NONE
2026-09-29T21:55:55.325+00:00,944.433,manual,Manual cook,temp,2100,401.0,,esp32,,0,,,,,,,,,,,,1,400.0,0.0,0.0,0,NONE
2026-09-29T21:55:55.825+00:00,944.933,manual,Manual cook,temp,2100,400.5,,esp32,,0,,,,,,,,,,,,1,400.0,12.0,0.0,0,NONE
2026-09-29T21:55:56.825+00:00,945.934,manual,Manual cook,temp,2100,401.0,,esp32,,0,,,,,,,,,,,,1,400.0,11.0,0.0,0,NONE
2026-09-29T21:55:57.825+00:00,946.933,manual,Manual cook,temp,2100,401.5,,esp32,,0,,,,,,,,,,,,1,400.0,0.0,0.0,0,NONE
2026-09-29T21:55:58.325+00:00,947.433,manual,Manual cook,temp,2100,401.0,,esp32,,0,,,,,,,,,,,,1,400.0,11.0,0.0,0,NONE
2026-09-29T21:55:59.325+00:00,948.433,manual,Manual cook,temp,2100,401.5,,esp32,,0,,,,,,,,,,,,1,400.0,0.0,0.0,0,NONE
2026-09-29T21:55:59.825+00:00,948.933,manual,Manual cook,temp,2100,400.5,,esp32,,0,,,,,,,,,,,,1,400.0,17.0,0.0,0,NONE
2026-09-29T21:56:00.825+00:00,949.933,manual,Manual cook,temp,2100,400.5,,esp32,,0,,,,,,,,,,,,1,400.0,17.0,0.0,0,NONE
2026-09-29T21:56:01.825+00:00,950.933,manual,Manual cook,temp,2100,400.5,,esp32,,0,,,,,,,,,,,,1,400.0,5.0,0.0,0,NONE
2026-09-29T21:56:02.825+00:00,951.933,manual,Manual cook,temp,2100,400.1,,esp32,,0,,,,,,,,,,,,1,400.0,13.0,0.0,0,NONE
2026-09-29T21:56:03.325+00:00,952.434,manual,Manual cook,temp,2100,400.1,,esp32,,0,,,,,,,,,,,,1,400.0,6.0,0.0,0,NONE
2026-09-29T21:56:04.325+00:00,953.433,manual,Manual cook,temp,2100,400.1,,esp32,,0,,,,,,,,,,,,1,400.0,6.0,0.0,0,NONE
2026-09-29T21:56:05.325+00:00,954.434,manual,Manual cook,temp,2100,400.1,,esp32,,0,,,,,,,,,,,,1,400.0,0.0,0.0,0,NONE
2026-09-29T21:56:06.324+00:00,955.433,manual,Manual cook,temp,2100,400.1,,esp32,,0,,,,,,,,,,,,1,400.0,6.0,0.0,0,NONE
2026-09-29T21:56:06.824+00:00,955.933,manual,Manual cook,temp,2100,401.0,,esp32,,0,,,,,,,,,,,,1,400.0,0.0,0.0,0,NONE
2026-09-29T21:56:07.824+00:00,956.933,manual,Manual cook,temp,2100,400.1,,esp32,,0,,,,,,,,,,,,1,400.0,17.0,0.0,0,NONE
2026-09-29T21:56:08.825+00:00,957.934,manual,Manual cook,temp,2100,399.6,,esp32,,0,,,,,,,,,,,,1,400.0,5.0,0.0,0,NONE
2026-09-29T21:56:09.824+00:00,958.933,manual,Manual cook,temp,2100,400.1,,esp32,,0,,,,,,,,,,,,1,400.0,0.0,0.0,0,NONE
2026-09-29T21:56:10.324+00:00,959.433,manual,Manual cook,temp,2100,400.1,,esp32,,0,,,,,,,,,,,,1,400.0,6.0,0.0,0,NONE
2026-09-29T21:56:11.324+00:00,960.433,manual,Manual cook,temp,2100,399.6,,esp32,,0,,,,,,,,,,,,1,400.0,14.0,0.0,0,NONE
2026-09-29T21:56:12.324+00:00,961.433,manual,Manual cook,temp,2100,400.1,,esp32,,0,,,,,,,,,,,,1,400.0,13.0,0.0,0,NONE
2026-09-29T21:56:13.324+00:00,962.433,manual,Manual cook,temp,2100,400.1,,esp32,,0,,,,,,,,,,,,1,400.0,13.0,0.0,0,NONE
2026-09-29T21:56:14.325+00:00,963.433,manual,Manual cook,temp,2100,400.5,,esp32,,0,,,,,,,,,,,,1,400.0,5.0,0.0,0,NONE
2026-09-29T21:56:15.324+00:00,964.433,manual,Manual cook,temp,2100,400.5,,esp32,,0,,,,,,,,,,,,1,400.0,13.0,0.0,0,NONE
2026-09-29T21:56:16.324+00:00,965.433,manual,Manual cook,temp,2100,400.1,,esp32,,0,,,,,,,,,,,,1,400.0,5.0,0.0,0,NONE
2026-09-29T21:56:17.324+00:00,966.432,manual,Manual cook,temp,2100,399.2,,esp32,,0,,,,,,,,,,,,1,400.0,30.0,0.0,0,NONE
2026-09-29T21:56:18.324+00:00,967.432,manual,Manual cook,temp,2100,399.6,,esp32,,0,,,,,,,,,,,,1,400.0,0.0,0.0,0,NONE
2026-09-29T21:56:19.323+00:00,968.432,manual,Manual cook,temp,2100,400.1,,esp32,,0,,,,,,,,,,,,1,400.0,7.0,0.0,0,NONE
2026-09-29T21:56:19.824+00:00,968.933,manual,Manual cook,temp,2100,400.1,,esp32,,0,,,,,,,,,,,,1,400.0,0.0,0.0,0,NONE
2026-09-29T21:56:20.823+00:00,969.932,manual,Manual cook,temp,2100,400.1,,esp32,,0,,,,,,,,,,,,1,400.0,6.0,0.0,0,NONE
2026-09-29T21:56:21.823+00:00,970.932,manual,Manual cook,temp,2100,399.6,,esp32,,0,,,,,,,,,,,,1,400.0,14.0,0.0,0,NONE
2026-09-29T21:56:22.823+00:00,971.932,manual,Manual cook,temp,2100,400.1,,esp32,,0,,,,,,,,,,,,1,400.0,0.0,0.0,0,NONE
2026-09-29T21:56:23.823+00:00,972.932,manual,Manual cook,temp,2100,400.5,,esp32,,0,,,,,,,,,,,,1,400.0,5.0,0.0,0,NONE
2026-09-29T21:56:24.823+00:00,973.932,manual,Manual cook,temp,2100,400.1,,esp32,,0,,,,,,,,,,,,1,400.0,5.0,0.0,0,NONE
2026-09-29T21:56:25.823+00:00,974.932,manual,Manual cook,temp,2100,400.5,,esp32,,0,,,,,,,,,,,,1,400.0,0.0,0.0,0,NONE
2026-09-29T21:56:26.823+00:00,975.932,manual,Manual cook,temp,2100,400.1,,esp32,,0,,,,,,,,,,,,1,400.0,0.0,0.0,0,NONE
2026-09-29T21:56:27.823+00:00,976.932,manual,Manual cook,temp,2100,400.5,,esp32,,0,,,,,,,,,,,,1,400.0,0.0,0.0,0,NONE
2026-09-29T21:56:28.823+00:00,977.931,manual,Manual cook,temp,2100,400.5,,esp32,,0,,,,,,,,,,,,1,400.0,5.0,0.0,0,NONE
2026-09-29T21:56:29.823+00:00,978.931,manual,Manual cook,temp,2100,400.1,,esp32,,0,,,,,,,,,,,,1,400.0,4.0,0.0,0,NONE
2026-09-29T21:56:30.323+00:00,979.432,manual,Manual cook,temp,2100,400.1,,esp32,,0,,,,,,,,,,,,1,400.0,20.0,0.0,0,NONE
2026-09-29T21:56:31.322+00:00,980.431,manual,Manual cook,temp,2100,400.1,,esp32,,0,,,,,,,,,,,,1,400.0,6.0,0.0,0,NONE
2026-09-29T21:56:31.822+00:00,980.931,manual,Manual cook,temp,2100,400.5,,esp32,,0,,,,,,,,,,,,1,400.0,0.0,0.0,0,NONE
2026-09-29T21:56:32.822+00:00,981.931,manual,Manual cook,temp,2100,400.5,,esp32,,0,,,,,,,,,,,,1,400.0,5.0,0.0,0,NONE
2026-09-29T21:56:33.822+00:00,982.931,manual,Manual cook,temp,2100,400.5,,esp32,,0,,,,,,,,,,,,1,400.0,0.0,0.0,0,NONE
2026-09-29T21:56:34.822+00:00,983.931,manual,Manual cook,temp,2100,401.0,,esp32,,0,,,,,,,,,,,,1,400.0,0.0,0.0,0,NONE
2026-09-29T21:56:35.322+00:00,984.431,manual,Manual cook,temp,2100,401.0,,esp32,,0,,,,,,,,,,,,1,400.0,0.0,0.0,0,NONE
2026-09-29T21:56:36.322+00:00,985.431,manual,Manual cook,temp,2100,401.5,,esp32,,0,,,,,,,,,,,,1,400.0,4.0,0.0,0,NONE
2026-09-29T21:56:37.322+00:00,986.431,manual,Manual cook,temp,2100,401.5,,esp32,,0,,,,,,,,,,,,1,400.0,3.0,0.0,0,NONE
2026-09-29T21:56:38.322+00:00,987.431,manual,Manual cook,temp,2100,400.5,,esp32,,0,,,,,,,,,,,,1,400.0,19.0,0.0,0,NONE
2026-09-29T21:56:39.322+00:00,988.431,manual,Manual cook,temp,2100,401.0,,esp32,,0,,,,,,,,,,,,1,400.0,3.0,0.0,0,NONE
2026-09-29T21:56:40.322+00:00,989.431,manual,Manual cook,temp,2100,401.0,,esp32,,0,,,,,,,,,,,,1,400.0,0.0,0.0,0,NONE
2026-09-29T21:56:40.822+00:00,989.931,manual,Manual cook,temp,2100,401.5,,esp32,,0,,,,,,,,,,,,1,400.0,11.0,0.0,0,NONE
2026-09-29T21:56:41.822+00:00,990.931,manual,Manual cook,temp,2100,400.5,,esp32,,0,,,,,,,,,,,,1,400.0,17.0,0.0,0,NONE
2026-09-29T21:56:42.821+00:00,991.930,manual,Manual cook,temp,2100,401.0,,esp32,,0,,,,,,,,,,,,1,400.0,0.0,0.0,0,NONE
2026-09-29T21:56:43.322+00:00,992.430,manual,Manual cook,temp,2100,400.5,,esp32,,0,,,,,,,,,,,,1,400.0,4.0,0.0,0,NONE
2026-09-29T21:56:44.321+00:00,993.430,manual,Manual cook,temp,2100,401.0,,esp32,,0,,,,,,,,,,,,1,400.0,0.0,0.0,0,NONE
2026-09-29T21:56:45.321+00:00,994.430,manual,Manual cook,temp,2100,401.0,,esp32,,0,,,,,,,,,,,,1,400.0,4.0,0.0,0,NONE
2026-09-29T21:56:46.321+00:00,995.430,manual,Manual cook,temp,2100,401.0,,esp32,,0,,,,,,,,,,,,1,400.0,12.0,0.0,0,NONE
2026-09-29T21:56:47.321+00:00,996.430,manual,Manual cook,temp,2100,400.1,,esp32,,0,,,,,,,,,,,,1,400.0,12.0,0.0,0,NONE
2026-09-29T21:56:48.321+00:00,997.430,manual,Manual cook,temp,2100,401.5,,esp32,,0,,,,,,,,,,,,1,400.0,0.0,0.0,0,NONE
2026-09-29T21:56:49.321+00:00,998.430,manual,Manual cook,temp,2100,401.0,,esp32,,0,,,,,,,,,,,,1,400.0,0.0,0.0,0,NONE
2026-09-29T21:56:50.321+00:00,999.430,manual,Manual cook,temp,2100,400.1,,esp32,,0,,,,,,,,,,,,1,400.0,6.0,0.0,0,NONE
2026-09-29T21:56:50.821+00:00,999.930,manual,Manual cook,temp,2100,401.0,,esp32,,0,,,,,,,,,,,,1,400.0,0.0,0.0,0,NONE
2026-09-29T21:56:51.321+00:00,1000.430,manual,Manual cook,temp,2100,401.0,,esp32,,0,,,,,,,,,,,,1,400.0,4.0,0.0,0,NONE
2026-09-29T21:56:52.321+00:00,1001.430,manual,Manual cook,temp,2100,401.0,,esp32,,0,,,,,,,,,,,,1,400.0,0.0,0.0,0,NONE
2026-09-29T21:56:53.321+00:00,1002.430,manual,Manual cook,temp,2100,400.5,,esp32,,0,,,,,,,,,,,,1,400.0,12.0,0.0,0,NONE
2026-09-29T21:56:54.321+00:00,1003.430,manual,Manual cook,temp,2100,401.0,,esp32,,0,,,,,,,,,,,,1,400.0,0.0,0.0,0,NONE
2026-09-29T21:56:55.321+00:00,1004.429,manual,Manual cook,temp,2100,400.5,,esp32,,0,,,,,,,,,,,,1,400.0,12.0,0.0,0,NONE
2026-09-29T21:56:56.320+00:00,1005.429,manual,Manual cook,temp,2100,401.0,,esp32,,0,,,,,,,,,,,,1,400.0,0.0,0.0,0,NONE
2026-09-29T21:56:57.320+00:00,1006.429,manual,Manual cook,temp,2100,399.6,,esp32,,0,,,,,,,,,,,,1,400.0,21.0,0.0,0,NONE
2026-09-29T21:56:57.820+00:00,1006.929,manual,Manual cook,temp,2100,401.5,,esp32,,0,,,,,,,,,,,,1,400.0,0.0,0.0,0,NONE
2026-09-29T21:56:58.820+00:00,1007.929,manual,Manual cook,temp,2100,401.9,,esp32,,0,,,,,,,,,,,,1,400.0,0.0,0.0,0,NONE
2026-09-29T21:56:59.820+00:00,1008.929,manual,Manual cook,temp,2100,401.0,,esp32,,0,,,,,,,,,,,,1,400.0,0.0,0.0,0,NONE
2026-09-29T21:57:00.820+00:00,1009.929,manual,Manual cook,temp,2100,401.5,,esp32,,0,,,,,,,,,,,,1,400.0,0.0,0.0,0,NONE
2026-09-29T21:57:01.821+00:00,1010.930,manual,Manual cook,temp,2100,401.5,,esp32,,0,,,,,,,,,,,,1,400.0,3.0,0.0,0,NONE
2026-09-29T21:57:02.820+00:00,1011.929,manual,Manual cook,temp,2100,401.5,,esp32,,0,,,,,,,,,,,,1,400.0,3.0,0.0,0,NONE
2026-09-29T21:57:03.320+00:00,1012.429,manual,Manual cook,temp,2100,401.5,,esp32,,0,,,,,,,,,,,,1,400.0,11.0,0.0,0,NONE
2026-09-29T21:57:04.320+00:00,1013.429,manual,Manual cook,temp,2100,401.0,,esp32,,0,,,,,,,,,,,,1,400.0,11.0,0.0,0,NONE
2026-09-29T21:57:05.320+00:00,1014.429,manual,Manual cook,temp,2100,401.0,,esp32,,0,,,,,,,,,,,,1,400.0,11.0,0.0,0,NONE
2026-09-29T21:57:05.820+00:00,1014.929,manual,Manual cook,temp,2100,401.5,,esp32,,0,,,,,,,,,,,,1,400.0,0.0,0.0,0,NONE
2026-09-29T21:57:06.820+00:00,1015.929,manual,Manual cook,temp,2100,400.1,,esp32,,0,,,,,,,,,,,,1,400.0,11.0,0.0,0,NONE
2026-09-29T21:57:07.320+00:00,1016.429,manual,Manual cook,temp,2100,400.5,,esp32,,0,,,,,,,,,,,,1,400.0,20.0,0.0,0,NONE
2026-09-29T21:57:08.320+00:00,1017.429,manual,Manual cook,temp,2100,401.0,,esp32,,0,,,,,,,,,,,,1,400.0,0.0,0.0,0,NONE
2026-09-29T21:57:09.320+00:00,1018.428,manual,Manual cook,temp,2100,401.0,,esp32,,0,,,,,,,,,,,,1,400.0,4.0,0.0,0,NONE
2026-09-29T21:57:09.820+00:00,1018.928,manual,Manual cook,temp,2100,401.5,,esp32,,0,,,,,,,,,,,,1,400.0,12.0,0.0,0,NONE
2026-09-29T21:57:10.820+00:00,1019.928,manual,Manual cook,temp,2100,401.0,,esp32,,0,,,,,,,,,,,,1,400.0,11.0,0.0,0,NONE
2026-09-29T21:57:11.819+00:00,1020.928,manual,Manual cook,temp,2100,401.0,,esp32,,0,,,,,,,,,,,,1,400.0,4.0,0.0,0,NONE
2026-09-29T21:57:12.320+00:00,1021.429,manual,Manual cook,temp,2100,401.0,,esp32,,0,,,,,,,,,,,,1,400.0,4.0,0.0,0,NONE
2026-09-29T21:57:13.319+00:00,1022.428,manual,Manual cook,temp,2100,401.0,,esp32,,0,,,,,,,,,,,,1,400.0,0.0,0.0,0,NONE
2026-09-29T21:57:14.319+00:00,1023.428,manual,Manual cook,temp,2100,401.5,,esp32,,0,,,,,,,,,,,,1,400.0,0.0,0.0,0,NONE
2026-09-29T21:57:15.319+00:00,1024.428,manual,Manual cook,temp,2100,401.9,,esp32,,0,,,,,,,,,,,,1,400.0,0.0,0.0,0,NONE
2026-09-29T21:57:16.319+00:00,1025.428,manual,Manual cook,temp,2100,401.5,,esp32,,0,,,,,,,,,,,,1,400.0,0.0,0.0,0,NONE
2026-09-29T21:57:17.319+00:00,1026.428,manual,Manual cook,temp,2100,401.5,,esp32,,0,,,,,,,,,,,,1,400.0,3.0,0.0,0,NONE
2026-09-29T21:57:17.819+00:00,1026.928,manual,Manual cook,temp,2100,401.5,,esp32,,0,,,,,,,,,,,,1,400.0,11.0,0.0,0,NONE
2026-09-29T21:57:18.819+00:00,1027.928,manual,Manual cook,temp,2100,401.0,,esp32,,0,,,,,,,,,,,,1,400.0,11.0,0.0,0,NONE
2026-09-29T21:57:19.319+00:00,1028.428,manual,Manual cook,temp,2100,401.5,,esp32,,0,,,,,,,,,,,,1,400.0,3.0,0.0,0,NONE
2026-09-29T21:57:20.819+00:00,1029.928,manual,Manual cook,temp,2100,400.5,,esp32,,0,,,,,,,,,,,,1,400.0,19.0,0.0,0,NONE
2026-09-29T21:57:21.319+00:00,1030.428,manual,Manual cook,temp,2100,401.0,,esp32,,0,,,,,,,,,,,,1,400.0,0.0,0.0,0,NONE
2026-09-29T21:57:22.319+00:00,1031.428,manual,Manual cook,temp,2100,401.0,,esp32,,0,,,,,,,,,,,,1,400.0,11.0,0.0,0,NONE
2026-09-29T21:57:22.819+00:00,1031.928,manual,Manual cook,temp,2100,401.0,,esp32,,0,,,,,,,,,,,,1,400.0,0.0,0.0,0,NONE
2026-09-29T21:57:23.818+00:00,1032.927,manual,Manual cook,temp,2100,401.0,,esp32,,0,,,,,,,,,,,,1,400.0,3.0,0.0,0,NONE
2026-09-29T21:57:24.319+00:00,1033.427,manual,Manual cook,temp,2100,401.5,,esp32,,0,,,,,,,,,,,,1,400.0,11.0,0.0,0,NONE
2026-09-29T21:57:25.318+00:00,1034.427,manual,Manual cook,temp,2100,401.0,,esp32,,0,,,,,,,,,,,,1,400.0,11.0,0.0,0,NONE
2026-09-29T21:57:25.818+00:00,1034.927,manual,Manual cook,temp,2100,401.0,,esp32,,0,,,,,,,,,,,,1,400.0,3.0,0.0,0,NONE
2026-09-29T21:57:26.818+00:00,1035.927,manual,Manual cook,temp,2100,400.5,,esp32,,0,,,,,,,,,,,,1,400.0,11.0,0.0,0,NONE
2026-09-29T21:57:27.318+00:00,1036.427,manual,Manual cook,temp,2100,400.5,,esp32,,0,,,,,,,,,,,,1,400.0,0.0,0.0,0,NONE
2026-09-29T21:57:28.318+00:00,1037.427,manual,Manual cook,temp,2100,401.9,,esp32,,0,,,,,,,,,,,,1,400.0,0.0,0.0,0,NONE
2026-09-29T21:57:28.818+00:00,1037.927,manual,Manual cook,temp,2100,401.9,,esp32,,0,,,,,,,,,,,,1,400.0,2.0,0.0,0,NONE
2026-09-29T21:57:29.818+00:00,1038.927,manual,Manual cook,temp,2100,402.4,,esp32,,0,,,,,,,,,,,,1,400.0,1.0,0.0,0,NONE
2026-09-29T21:57:30.818+00:00,1039.927,manual,Manual cook,temp,2100,401.9,,esp32,,0,,,,,,,,,,,,1,400.0,9.0,0.0,0,NONE
2026-09-29T21:57:31.818+00:00,1040.927,manual,Manual cook,temp,2100,401.9,,esp32,,0,,,,,,,,,,,,1,400.0,9.0,0.0,0,NONE
2026-09-29T21:57:32.818+00:00,1041.927,manual,Manual cook,temp,2100,401.5,,esp32,,0,,,,,,,,,,,,1,400.0,10.0,0.0,0,NONE
2026-09-29T21:57:33.818+00:00,1042.927,manual,Manual cook,temp,2100,401.9,,esp32,,0,,,,,,,,,,,,1,400.0,0.0,0.0,0,NONE
2026-09-29T21:57:34.818+00:00,1043.927,manual,Manual cook,temp,2100,401.0,,esp32,,0,,,,,,,,,,,,1,400.0,3.0,0.0,0,NONE
2026-09-29T21:57:35.818+00:00,1044.927,manual,Manual cook,temp,2100,401.0,,esp32,,0,,,,,,,,,,,,1,400.0,3.0,0.0,0,NONE
2026-09-29T21:57:36.818+00:00,1045.926,manual,Manual cook,temp,2100,400.5,,esp32,,0,,,,,,,,,,,,1,400.0,4.0,0.0,0,NONE
2026-09-29T21:57:37.818+00:00,1046.926,manual,Manual cook,temp,2100,400.5,,esp32,,0,,,,,,,,,,,,1,400.0,11.0,0.0,0,NONE
2026-09-29T21:57:38.318+00:00,1047.427,manual,Manual cook,temp,2100,399.2,,esp32,,0,,,,,,,,,,,,1,400.0,28.0,0.0,0,NONE
2026-09-29T21:57:39.317+00:00,1048.426,manual,Manual cook,temp,2100,400.1,,esp32,,0,,,,,,,,,,,,1,400.0,0.0,0.0,0,NONE
2026-09-29T21:57:39.818+00:00,1048.926,manual,Manual cook,temp,2100,399.6,,esp32,,0,,,,,,,,,,,,1,400.0,13.0,0.0,0,NONE
2026-09-29T21:57:40.817+00:00,1049.926,manual,Manual cook,temp,2100,399.6,,esp32,,0,,,,,,,,,,,,1,400.0,6.0,0.0,0,NONE
2026-09-29T21:57:41.817+00:00,1050.926,manual,Manual cook,temp,2100,399.6,,esp32,,0,,,,,,,,,,,,1,400.0,17.0,0.0,0,NONE
2026-09-29T21:57:42.817+00:00,1051.926,manual,Manual cook,temp,2100,400.1,,esp32,,0,,,,,,,,,,,,1,400.0,0.0,0.0,0,NONE
2026-09-29T21:57:43.817+00:00,1052.926,manual,Manual cook,temp,2100,399.6,,esp32,,0,,,,,,,,,,,,1,400.0,6.0,0.0,0,NONE
2026-09-29T21:57:44.317+00:00,1053.426,manual,Manual cook,temp,2100,399.2,,esp32,,0,,,,,,,,,,,,1,400.0,6.0,0.0,0,NONE
2026-09-29T21:57:45.317+00:00,1054.426,manual,Manual cook,temp,2100,399.2,,esp32,,0,,,,,,,,,,,,1,400.0,7.0,0.0,0,NONE
2026-09-29T21:57:45.817+00:00,1054.926,manual,Manual cook,temp,2100,399.6,,esp32,,0,,,,,,,,,,,,1,400.0,0.0,0.0,0,NONE
2026-09-29T21:57:46.817+00:00,1055.926,manual,Manual cook,temp,2100,398.8,,esp32,,0,,,,,,,,,,,,1,400.0,22.0,0.0,0,NONE
2026-09-29T21:57:47.819+00:00,1056.928,manual,Manual cook,temp,2100,400.1,,esp32,,0,,,,,,,,,,,,1,400.0,14.0,0.0,0,NONE
2026-09-29T21:57:48.818+00:00,1057.926,manual,Manual cook,temp,2100,399.2,,esp32,,0,,,,,,,,,,,,1,400.0,17.0,0.0,0,NONE
2026-09-29T21:57:49.817+00:00,1058.926,manual,Manual cook,temp,2100,400.1,,esp32,,0,,,,,,,,,,,,1,400.0,0.0,0.0,0,NONE
2026-09-29T21:57:50.817+00:00,1059.926,manual,Manual cook,temp,2100,399.6,,esp32,,0,,,,,,,,,,,,1,400.0,0.0,0.0,0,NONE
2026-09-29T21:57:51.817+00:00,1060.926,manual,Manual cook,temp,2100,400.1,,esp32,,0,,,,,,,,,,,,1,400.0,0.0,0.0,0,NONE
2026-09-29T21:57:52.817+00:00,1061.926,manual,Manual cook,temp,2100,400.5,,esp32,,0,,,,,,,,,,,,1,400.0,0.0,0.0,0,NONE
2026-09-29T21:57:53.817+00:00,1062.926,manual,Manual cook,temp,2100,399.2,,esp32,,0,,,,,,,,,,,,1,400.0,13.0,0.0,0,NONE
2026-09-29T21:57:54.317+00:00,1063.426,manual,Manual cook,temp,2100,399.2,,esp32,,0,,,,,,,,,,,,1,400.0,14.0,0.0,0,NONE
2026-09-29T21:57:55.316+00:00,1064.425,manual,Manual cook,temp,2100,399.6,,esp32,,0,,,,,,,,,,,,1,400.0,0.0,0.0,0,NONE
2026-09-29T21:57:55.817+00:00,1064.925,manual,Manual cook,temp,2100,399.6,,esp32,,0,,,,,,,,,,,,1,400.0,6.0,0.0,0,NONE
2026-09-29T21:57:56.817+00:00,1065.925,manual,Manual cook,temp,2100,399.6,,esp32,,0,,,,,,,,,,,,1,400.0,13.0,0.0,0,NONE
2026-09-29T21:57:57.816+00:00,1066.925,manual,Manual cook,temp,2100,399.6,,esp32,,0,,,,,,,,,,,,1,400.0,6.0,0.0,0,NONE
2026-09-29T21:57:58.816+00:00,1067.925,manual,Manual cook,temp,2100,400.1,,esp32,,0,,,,,,,,,,,,1,400.0,22.0,0.0,0,NONE
2026-09-29T21:57:59.817+00:00,1068.926,manual,Manual cook,temp,2100,399.2,,esp32,,0,,,,,,,,,,,,1,400.0,17.0,0.0,0,NONE
2026-09-29T21:58:00.816+00:00,1069.925,manual,Manual cook,temp,2100,400.1,,esp32,,0,,,,,,,,,,,,1,400.0,0.0,0.0,0,NONE
2026-09-29T21:58:01.816+00:00,1070.925,manual,Manual cook,temp,2100,400.1,,esp32,,0,,,,,,,,,,,,1,400.0,5.0,0.0,0,NONE
2026-09-29T21:58:02.816+00:00,1071.925,manual,Manual cook,temp,2100,399.6,,esp32,,0,,,,,,,,,,,,1,400.0,13.0,0.0,0,NONE
2026-09-29T21:58:03.316+00:00,1072.425,manual,Manual cook,temp,2100,400.1,,esp32,,0,,,,,,,,,,,,1,400.0,0.0,0.0,0,NONE
2026-09-29T21:58:04.316+00:00,1073.425,manual,Manual cook,temp,2100,400.1,,esp32,,0,,,,,,,,,,,,1,400.0,5.0,0.0,0,NONE
2026-09-29T21:58:05.316+00:00,1074.425,manual,Manual cook,temp,2100,400.1,,esp32,,0,,,,,,,,,,,,1,400.0,5.0,0.0,0,NONE
2026-09-29T21:58:06.316+00:00,1075.425,manual,Manual cook,temp,2100,400.5,,esp32,,0,,,,,,,,,,,,1,400.0,4.0,0.0,0,NONE
2026-09-29T21:58:06.816+00:00,1075.925,manual,Manual cook,temp,2100,400.1,,esp32,,0,,,,,,,,,,,,1,400.0,0.0,0.0,0,NONE
2026-09-29T21:58:07.816+00:00,1076.924,manual,Manual cook,temp,2100,400.5,,esp32,,0,,,,,,,,,,,,1,400.0,0.0,0.0,0,NONE
2026-09-29T21:58:08.816+00:00,1077.925,manual,Manual cook,temp,2100,400.5,,esp32,,0,,,,,,,,,,,,1,400.0,11.0,0.0,0,NONE
2026-09-29T21:58:09.816+00:00,1078.924,manual,Manual cook,temp,2100,400.1,,esp32,,0,,,,,,,,,,,,1,400.0,12.0,0.0,0,NONE
2026-09-29T21:58:10.316+00:00,1079.425,manual,Manual cook,temp,2100,401.0,,esp32,,0,,,,,,,,,,,,1,400.0,0.0,0.0,0,NONE
2026-09-29T21:58:11.315+00:00,1080.424,manual,Manual cook,temp,2100,400.5,,esp32,,0,,,,,,,,,,,,1,400.0,11.0,0.0,0,NONE
2026-09-29T21:58:11.816+00:00,1080.925,manual,Manual cook,temp,2100,400.1,,esp32,,0,,,,,,,,,,,,1,400.0,12.0,0.0,0,NONE
2026-09-29T21:58:12.815+00:00,1081.924,manual,Manual cook,temp,2100,399.6,,esp32,,0,,,,,,,,,,,,1,400.0,17.0,0.0,0,NONE
2026-09-29T21:58:13.315+00:00,1082.424,manual,Manual cook,temp,2100,399.6,,esp32,,0,,,,,,,,,,,,1,400.0,6.0,0.0,0,NONE
2026-09-29T21:58:14.315+00:00,1083.424,manual,Manual cook,temp,2100,401.0,,esp32,,0,,,,,,,,,,,,1,400.0,0.0,0.0,0,NONE
2026-09-29T21:58:14.815+00:00,1083.924,manual,Manual cook,temp,2100,400.1,,esp32,,0,,,,,,,,,,,,1,400.0,11.0,0.0,0,NONE
2026-09-29T21:58:15.815+00:00,1084.924,manual,Manual cook,temp,2100,400.1,,esp32,,0,,,,,,,,,,,,1,400.0,5.0,0.0,0,NONE
2026-09-29T21:58:16.815+00:00,1085.924,manual,Manual cook,temp,2100,401.5,,esp32,,0,,,,,,,,,,,,1,400.0,12.0,0.0,0,NONE
2026-09-29T21:58:17.815+00:00,1086.924,manual,Manual cook,temp,2100,401.0,,esp32,,0,,,,,,,,,,,,1,400.0,10.0,0.0,0,NONE
2026-09-29T21:58:18.815+00:00,1087.924,manual,Manual cook,temp,2100,399.6,,esp32,,0,,,,,,,,,,,,1,400.0,20.0,0.0,0,NONE
2026-09-29T21:58:19.815+00:00,1088.924,manual,Manual cook,temp,2100,401.5,,esp32,,0,,,,,,,,,,,,1,400.0,2.0,0.0,0,NONE
2026-09-29T21:58:20.815+00:00,1089.924,manual,Manual cook,temp,2100,400.1,,esp32,,0,,,,,,,,,,,,1,400.0,0.0,0.0,0,NONE
2026-09-29T21:58:21.316+00:00,1090.424,manual,Manual cook,temp,2100,400.1,,esp32,,0,,,,,,,,,,,,1,400.0,17.0,0.0,0,NONE
2026-09-29T21:58:22.315+00:00,1091.424,manual,Manual cook,temp,2100,401.0,,esp32,,0,,,,,,,,,,,,1,400.0,0.0,0.0,0,NONE
2026-09-29T21:58:23.315+00:00,1092.424,manual,Manual cook,temp,2100,400.5,,esp32,,0,,,,,,,,,,,,1,400.0,11.0,0.0,0,NONE
2026-09-29T21:58:24.315+00:00,1093.424,manual,Manual cook,temp,2100,400.5,,esp32,,0,,,,,,,,,,,,1,400.0,0.0,0.0,0,NONE
2026-09-29T21:58:25.315+00:00,1094.423,manual,Manual cook,temp,2100,400.1,,esp32,,0,,,,,,,,,,,,1,400.0,12.0,0.0,0,NONE
2026-09-29T21:58:26.314+00:00,1095.423,manual,Manual cook,temp,2100,401.0,,esp32,,0,,,,,,,,,,,,1,400.0,0.0,0.0,0,NONE
2026-09-29T21:58:26.815+00:00,1095.924,manual,Manual cook,temp,2100,401.0,,esp32,,0,,,,,,,,,,,,1,400.0,3.0,0.0,0,NONE
2026-09-29T21:58:27.814+00:00,1096.923,manual,Manual cook,temp,2100,401.0,,esp32,,0,,,,,,,,,,,,1,400.0,3.0,0.0,0,NONE
2026-09-29T21:58:28.814+00:00,1097.923,manual,Manual cook,temp,2100,401.0,,esp32,,0,,,,,,,,,,,,1,400.0,19.0,0.0,0,NONE
2026-09-29T21:58:29.814+00:00,1098.923,manual,Manual cook,temp,2100,400.5,,esp32,,0,,,,,,,,,,,,1,400.0,11.0,0.0,0,NONE
2026-09-29T21:58:30.314+00:00,1099.423,manual,Manual cook,temp,2100,401.0,,esp32,,0,,,,,,,,,,,,1,400.0,0.0,0.0,0,NONE
2026-09-29T21:58:31.314+00:00,1100.423,manual,Manual cook,temp,2100,401.0,,esp32,,0,,,,,,,,,,,,1,400.0,3.0,0.0,0,NONE
2026-09-29T21:58:31.814+00:00,1100.923,manual,Manual cook,temp,2100,400.5,,esp32,,0,,,,,,,,,,,,1,400.0,11.0,0.0,0,NONE
2026-09-29T21:58:32.314+00:00,1101.423,manual,Manual cook,temp,2100,401.5,,esp32,,0,,,,,,,,,,,,1,400.0,0.0,0.0,0,NONE
2026-09-29T21:58:33.314+00:00,1102.423,manual,Manual cook,temp,2100,401.0,,esp32,,0,,,,,,,,,,,,1,400.0,0.0,0.0,0,NONE
2026-09-29T21:58:34.314+00:00,1103.423,manual,Manual cook,temp,2100,401.5,,esp32,,0,,,,,,,,,,,,1,400.0,0.0,0.0,0,NONE
2026-09-29T21:58:34.814+00:00,1103.923,manual,Manual cook,temp,2100,401.5,,esp32,,0,,,,,,,,,,,,1,400.0,17.0,0.0,0,NONE
2026-09-29T21:58:35.814+00:00,1104.923,manual,Manual cook,temp,2100,401.5,,esp32,,0,,,,,,,,,,,,1,400.0,2.0,0.0,0,NONE
2026-09-29T21:58:36.314+00:00,1105.423,manual,Manual cook,temp,2100,401.0,,esp32,,0,,,,,,,,,,,,1,400.0,27.0,0.0,0,NONE
2026-09-29T21:58:36.814+00:00,1105.923,manual,Manual cook,temp,2100,400.1,,esp32,,0,,,,,,,,,,,,1,400.0,0.0,0.0,0,NONE
2026-09-29T21:58:37.315+00:00,1106.423,manual,Manual cook,temp,2100,400.1,,esp32,,0,,,,,,,,,,,,1,400.0,17.0,0.0,0,NONE
2026-09-29T21:58:38.314+00:00,1107.423,manual,Manual cook,temp,2100,400.5,,esp32,,0,,,,,,,,,,,,1,400.0,11.0,0.0,0,NONE
2026-09-29T21:58:38.814+00:00,1107.923,manual,Manual cook,temp,2100,399.6,,esp32,,0,,,,,,,,,,,,1,400.0,20.0,0.0,0,NONE
2026-09-29T21:58:39.814+00:00,1108.923,manual,Manual cook,temp,2100,400.1,,esp32,,0,,,,,,,,,,,,1,400.0,5.0,0.0,0,NONE
2026-09-29T21:58:40.814+00:00,1109.923,manual,Manual cook,temp,2100,399.6,,esp32,,0,,,,,,,,,,,,1,400.0,13.0,0.0,0,NONE
2026-09-29T21:58:41.814+00:00,1110.922,manual,Manual cook,temp,2100,400.1,,esp32,,0,,,,,,,,,,,,1,400.0,12.0,0.0,0,NONE
2026-09-29T21:58:42.814+00:00,1111.923,manual,Manual cook,temp,2100,400.1,,esp32,,0,,,,,,,,,,,,1,400.0,13.0,0.0,0,NONE
2026-09-29T21:58:43.813+00:00,1112.922,manual,Manual cook,temp,2100,400.1,,esp32,,0,,,,,,,,,,,,1,400.0,5.0,0.0,0,NONE
2026-09-29T21:58:44.813+00:00,1113.922,manual,Manual cook,temp,2100,400.1,,esp32,,0,,,,,,,,,,,,1,400.0,12.0,0.0,0,NONE
2026-09-29T21:58:45.813+00:00,1114.922,manual,Manual cook,temp,2100,400.1,,esp32,,0,,,,,,,,,,,,1,400.0,0.0,0.0,0,NONE
2026-09-29T21:58:46.313+00:00,1115.422,manual,Manual cook,temp,2100,400.5,,esp32,,0,,,,,,,,,,,,1,400.0,0.0,0.0,0,NONE
2026-09-29T21:58:47.313+00:00,1116.422,manual,Manual cook,temp,2100,400.1,,esp32,,0,,,,,,,,,,,,1,400.0,12.0,0.0,0,NONE
2026-09-29T21:58:47.813+00:00,1116.922,manual,Manual cook,temp,2100,400.1,,esp32,,0,,,,,,,,,,,,1,400.0,5.0,0.0,0,NONE
2026-09-29T21:58:48.813+00:00,1117.922,manual,Manual cook,temp,2100,399.6,,esp32,,0,,,,,,,,,,,,1,400.0,13.0,0.0,0,NONE
2026-09-29T21:58:49.813+00:00,1118.922,manual,Manual cook,temp,2100,399.6,,esp32,,0,,,,,,,,,,,,1,400.0,6.0,0.0,0,NONE
2026-09-29T21:58:50.813+00:00,1119.922,manual,Manual cook,temp,2100,399.6,,esp32,,0,,,,,,,,,,,,1,400.0,13.0,0.0,0,NONE
2026-09-29T21:58:51.313+00:00,1120.422,manual,Manual cook,temp,2100,400.5,,esp32,,0,,,,,,,,,,,,1,400.0,0.0,0.0,0,NONE
2026-09-29T21:58:51.813+00:00,1120.922,manual,Manual cook,temp,2100,400.5,,esp32,,0,,,,,,,,,,,,1,400.0,11.0,0.0,0,NONE
2026-09-29T21:58:52.813+00:00,1121.922,manual,Manual cook,temp,2100,400.5,,esp32,,0,,,,,,,,,,,,1,400.0,4.0,0.0,0,NONE
2026-09-29T21:58:53.314+00:00,1122.423,manual,Manual cook,temp,2100,401.0,,esp32,,0,,,,,,,,,,,,1,400.0,4.0,0.0,0,NONE
2026-09-29T21:58:54.313+00:00,1123.422,manual,Manual cook,temp,2100,400.5,,esp32,,0,,,,,,,,,,,,1,400.0,11.0,0.0,0,NONE
2026-09-29T21:58:55.313+00:00,1124.422,manual,Manual cook,temp,2100,401.5,,esp32,,0,,,,,,,,,,,,1,400.0,0.0,0.0,0,NONE
2026-09-29T21:58:56.313+00:00,1125.422,manual,Manual cook,temp,2100,400.5,,esp32,,0,,,,,,,,,,,,1,400.0,0.0,0.0,0,NONE
2026-09-29T21:58:57.313+00:00,1126.422,manual,Manual cook,temp,2100,401.5,,esp32,,0,,,,,,,,,,,,1,400.0,0.0,0.0,0,NONE
2026-09-29T21:58:58.313+00:00,1127.422,manual,Manual cook,temp,2100,401.0,,esp32,,0,,,,,,,,,,,,1,400.0,10.0,0.0,0,NONE
2026-09-29T21:58:59.313+00:00,1128.421,manual,Manual cook,temp,2100,401.0,,esp32,,0,,,,,,,,,,,,1,400.0,3.0,0.0,0,NONE
2026-09-29T21:59:00.313+00:00,1129.422,manual,Manual cook,temp,2100,401.0,,esp32,,0,,,,,,,,,,,,1,400.0,0.0,0.0,0,NONE
2026-09-29T21:59:01.313+00:00,1130.421,manual,Manual cook,temp,2100,401.0,,esp32,,0,,,,,,,,,,,,1,400.0,3.0,0.0,0,NONE
2026-09-29T21:59:02.312+00:00,1131.421,manual,Manual cook,temp,2100,400.1,,esp32,,0,,,,,,,,,,,,1,400.0,17.0,0.0,0,NONE
2026-09-29T21:59:03.312+00:00,1132.421,manual,Manual cook,temp,2100,400.5,,esp32,,0,,,,,,,,,,,,1,400.0,11.0,0.0,0,NONE
2026-09-29T21:59:03.813+00:00,1132.922,manual,Manual cook,temp,2100,401.5,,esp32,,0,,,,,,,,,,,,1,400.0,0.0,0.0,0,NONE
2026-09-29T21:59:04.812+00:00,1133.921,manual,Manual cook,temp,2100,400.5,,esp32,,0,,,,,,,,,,,,1,400.0,4.0,0.0,0,NONE
2026-09-29T21:59:05.812+00:00,1134.921,manual,Manual cook,temp,2100,400.5,,esp32,,0,,,,,,,,,,,,1,400.0,11.0,0.0,0,NONE
2026-09-29T21:59:06.312+00:00,1135.421,manual,Manual cook,temp,2100,400.5,,esp32,,0,,,,,,,,,,,,1,400.0,4.0,0.0,0,NONE
2026-09-29T21:59:07.812+00:00,1136.921,manual,Manual cook,temp,2100,401.5,,esp32,,0,,,,,,,,,,,,1,400.0,0.0,0.0,0,NONE
2026-09-29T21:59:08.812+00:00,1137.921,manual,Manual cook,temp,2100,400.5,,esp32,,0,,,,,,,,,,,,1,400.0,0.0,0.0,0,NONE
2026-09-29T21:59:09.812+00:00,1138.921,manual,Manual cook,temp,2100,401.0,,esp32,,0,,,,,,,,,,,,1,400.0,0.0,0.0,0,NONE
2026-09-29T21:59:10.312+00:00,1139.421,manual,Manual cook,temp,2100,400.5,,esp32,,0,,,,,,,,,,,,1,400.0,11.0,0.0,0,NONE
2026-09-29T21:59:11.312+00:00,1140.421,manual,Manual cook,temp,2100,400.1,,esp32,,0,,,,,,,,,,,,1,400.0,20.0,0.0,0,NONE
2026-09-29T21:59:12.312+00:00,1141.421,manual,Manual cook,temp,2100,401.0,,esp32,,0,,,,,,,,,,,,1,400.0,5.0,0.0,0,NONE
2026-09-29T21:59:13.312+00:00,1142.421,manual,Manual cook,temp,2100,400.1,,esp32,,0,,,,,,,,,,,,1,400.0,17.0,0.0,0,NONE
2026-09-29T21:59:14.312+00:00,1143.421,manual,Manual cook,temp,2100,400.1,,esp32,,0,,,,,,,,,,,,1,400.0,12.0,0.0,0,NONE
2026-09-29T21:59:15.312+00:00,1144.421,manual,Manual cook,temp,2100,400.5,,esp32,,0,,,,,,,,,,,,1,400.0,0.0,0.0,0,NONE
2026-09-29T21:59:16.312+00:00,1145.421,manual,Manual cook,temp,2100,399.2,,esp32,,0,,,,,,,,,,,,1,400.0,21.0,0.0,0,NONE
2026-09-29T21:59:16.812+00:00,1145.921,manual,Manual cook,temp,2100,399.6,,esp32,,0,,,,,,,,,,,,1,400.0,0.0,0.0,0,NONE
2026-09-29T21:59:17.312+00:00,1146.421,manual,Manual cook,temp,2100,399.6,,esp32,,0,,,,,,,,,,,,1,400.0,13.0,0.0,0,NONE
2026-09-29T21:59:18.312+00:00,1147.420,manual,Manual cook,temp,2100,400.1,,esp32,,0,,,,,,,,,,,,1,400.0,0.0,0.0,0,NONE
2026-09-29T21:59:19.312+00:00,1148.421,manual,Manual cook,temp,2100,399.2,,esp32,,0,,,,,,,,,,,,1,400.0,21.0,0.0,0,NONE
2026-09-29T21:59:19.812+00:00,1148.921,manual,Manual cook,temp,2100,399.6,,esp32,,0,,,,,,,,,,,,1,400.0,7.0,0.0,0,NONE
2026-09-29T21:59:20.812+00:00,1149.920,manual,Manual cook,temp,2100,399.6,,esp32,,0,,,,,,,,,,,,1,400.0,6.0,0.0,0,NONE
2026-09-29T21:59:21.312+00:00,1150.420,manual,Manual cook,temp,2100,399.6,,esp32,,0,,,,,,,,,,,,1,400.0,6.0,0.0,0,NONE
2026-09-29T21:59:22.312+00:00,1151.420,manual,Manual cook,temp,2100,400.1,,esp32,,0,,,,,,,,,,,,1,400.0,6.0,0.0,0,NONE
2026-09-29T21:59:23.312+00:00,1152.420,manual,Manual cook,temp,2100,400.5,,esp32,,0,,,,,,,,,,,,1,400.0,5.0,0.0,0,NONE
2026-09-29T21:59:24.311+00:00,1153.420,manual,Manual cook,temp,2100,399.6,,esp32,,0,,,,,,,,,,,,1,400.0,17.0,0.0,0,NONE
2026-09-29T21:59:25.311+00:00,1154.420,manual,Manual cook,temp,2100,400.5,,esp32,,0,,,,,,,,,,,,1,400.0,0.0,0.0,0,NONE
2026-09-29T21:59:25.811+00:00,1154.920,manual,Manual cook,temp,2100,400.5,,esp32,,0,,,,,,,,,,,,1,400.0,4.0,0.0,0,NONE
2026-09-29T21:59:26.811+00:00,1155.920,manual,Manual cook,temp,2100,399.6,,esp32,,0,,,,,,,,,,,,1,400.0,17.0,0.0,0,NONE
2026-09-29T21:59:27.811+00:00,1156.920,manual,Manual cook,temp,2100,400.1,,esp32,,0,,,,,,,,,,,,1,400.0,5.0,0.0,0,NONE
2026-09-29T21:59:28.311+00:00,1157.420,manual,Manual cook,temp,2100,399.6,,esp32,,0,,,,,,,,,,,,1,400.0,13.0,0.0,0,NONE
2026-09-29T21:59:29.311+00:00,1158.420,manual,Manual cook,temp,2100,399.2,,esp32,,0,,,,,,,,,,,,1,400.0,0.0,0.0,0,NONE
2026-09-29T21:59:30.312+00:00,1159.420,manual,Manual cook,temp,2100,399.2,,esp32,,0,,,,,,,,,,,,1,400.0,7.0,0.0,0,NONE
2026-09-29T21:59:31.311+00:00,1160.420,manual,Manual cook,temp,2100,400.5,,esp32,,0,,,,,,,,,,,,1,400.0,0.0,0.0,0,NONE
2026-09-29T21:59:31.811+00:00,1160.920,manual,Manual cook,temp,2100,399.6,,esp32,,0,,,,,,,,,,,,1,400.0,17.0,0.0,0,NONE
2026-09-29T21:59:32.811+00:00,1161.920,manual,Manual cook,temp,2100,399.6,,esp32,,0,,,,,,,,,,,,1,400.0,12.0,0.0,0,NONE
2026-09-29T21:59:33.811+00:00,1162.920,manual,Manual cook,temp,2100,399.6,,esp32,,0,,,,,,,,,,,,1,400.0,6.0,0.0,0,NONE
2026-09-29T21:59:34.811+00:00,1163.920,manual,Manual cook,temp,2100,399.6,,esp32,,0,,,,,,,,,,,,1,400.0,13.0,0.0,0,NONE
2026-09-29T21:59:35.811+00:00,1164.920,manual,Manual cook,temp,2100,400.5,,esp32,,0,,,,,,,,,,,,1,400.0,0.0,0.0,0,NONE
2026-09-29T21:59:36.811+00:00,1165.920,manual,Manual cook,temp,2100,400.1,,esp32,,0,,,,,,,,,,,,1,400.0,0.0,0.0,0,NONE
2026-09-29T21:59:37.311+00:00,1166.420,manual,Manual cook,temp,2100,400.1,,esp32,,0,,,,,,,,,,,,1,400.0,5.0,0.0,0,NONE
2026-09-29T21:59:38.311+00:00,1167.420,manual,Manual cook,temp,2100,400.1,,esp32,,0,,,,,,,,,,,,1,400.0,0.0,0.0,0,NONE
2026-09-29T21:59:39.311+00:00,1168.420,manual,Manual cook,temp,2100,399.6,,esp32,,0,,,,,,,,,,,,1,400.0,13.0,0.0,0,NONE
2026-09-29T21:59:40.310+00:00,1169.419,manual,Manual cook,temp,2100,400.1,,esp32,,0,,,,,,,,,,,,1,400.0,0.0,0.0,0,NONE
2026-09-29T21:59:41.311+00:00,1170.420,manual,Manual cook,temp,2100,399.6,,esp32,,0,,,,,,,,,,,,1,400.0,6.0,0.0,0,NONE
2026-09-29T21:59:42.311+00:00,1171.420,manual,Manual cook,temp,2100,399.2,,esp32,,0,,,,,,,,,,,,1,400.0,0.0,0.0,0,NONE
2026-09-29T21:59:43.310+00:00,1172.419,manual,Manual cook,temp,2100,399.6,,esp32,,0,,,,,,,,,,,,1,400.0,0.0,0.0,0,NONE
2026-09-29T21:59:44.310+00:00,1173.419,manual,Manual cook,temp,2100,399.6,,esp32,,0,,,,,,,,,,,,1,400.0,6.0,0.0,0,NONE
2026-09-29T21:59:45.310+00:00,1174.419,manual,Manual cook,temp,2100,400.1,,esp32,,0,,,,,,,,,,,,1,400.0,0.0,0.0,0,NONE
2026-09-29T21:59:46.310+00:00,1175.419,manual,Manual cook,temp,2100,400.5,,esp32,,0,,,,,,,,,,,,1,400.0,0.0,0.0,0,NONE
2026-09-29T21:59:47.310+00:00,1176.419,manual,Manual cook,temp,2100,399.6,,esp32,,0,,,,,,,,,,,,1,400.0,20.0,0.0,0,NONE
2026-09-29T21:59:48.310+00:00,1177.419,manual,Manual cook,temp,2100,400.1,,esp32,,0,,,,,,,,,,,,1,400.0,0.0,0.0,0,NONE
2026-09-29T21:59:48.810+00:00,1177.919,manual,Manual cook,temp,2100,400.5,,esp32,,0,,,,,,,,,,,,1,400.0,13.0,0.0,0,NONE
2026-09-29T21:59:49.310+00:00,1178.419,manual,Manual cook,temp,2100,400.5,,esp32,,0,,,,,,,,,,,,1,400.0,0.0,0.0,0,NONE
2026-09-29T21:59:50.310+00:00,1179.419,manual,Manual cook,temp,2100,400.5,,esp32,,0,,,,,,,,,,,,1,400.0,4.0,0.0,0,NONE
2026-09-29T21:59:51.310+00:00,1180.419,manual,Manual cook,temp,2100,400.1,,esp32,,0,,,,,,,,,,,,1,400.0,0.0,0.0,0,NONE
2026-09-29T21:59:51.811+00:00,1180.919,manual,Manual cook,temp,2100,400.1,,esp32,,0,,,,,,,,,,,,1,400.0,5.0,0.0,0,NONE
2026-09-29T21:59:52.810+00:00,1181.919,manual,Manual cook,temp,2100,400.1,,esp32,,0,,,,,,,,,,,,1,400.0,5.0,0.0,0,NONE
2026-09-29T21:59:53.810+00:00,1182.919,manual,Manual cook,temp,2100,400.1,,esp32,,0,,,,,,,,,,,,1,400.0,5.0,0.0,0,NONE
2026-09-29T21:59:54.310+00:00,1183.419,manual,Manual cook,temp,2100,401.0,,esp32,,0,,,,,,,,,,,,1,400.0,0.0,0.0,0,NONE
2026-09-29T21:59:55.310+00:00,1184.419,manual,Manual cook,temp,2100,401.5,,esp32,,0,,,,,,,,,,,,1,400.0,0.0,0.0,0,NONE
2026-09-29T21:59:56.310+00:00,1185.419,manual,Manual cook,temp,2100,400.5,,esp32,,0,,,,,,,,,,,,1,400.0,18.0,0.0,0,NONE
2026-09-29T21:59:56.810+00:00,1185.919,manual,Manual cook,temp,2100,400.1,,esp32,,0,,,,,,,,,,,,1,400.0,12.0,0.0,0,NONE
2026-09-29T21:59:57.310+00:00,1186.419,manual,Manual cook,temp,2100,400.1,,esp32,,0,,,,,,,,,,,,1,400.0,5.0,0.0,0,NONE
2026-09-29T21:59:58.310+00:00,1187.418,manual,Manual cook,temp,2100,401.5,,esp32,,0,,,,,,,,,,,,1,400.0,0.0,0.0,0,NONE
2026-09-29T21:59:59.310+00:00,1188.418,manual,Manual cook,temp,2100,400.5,,esp32,,0,,,,,,,,,,,,1,400.0,11.0,0.0,0,NONE
2026-09-29T21:59:59.810+00:00,1188.919,manual,Manual cook,temp,2100,401.5,,esp32,,0,,,,,,,,,,,,1,400.0,0.0,0.0,0,NONE
2026-09-29T22:00:00.810+00:00,1189.918,manual,Manual cook,temp,2100,401.5,,esp32,,0,,,,,,,,,,,,1,400.0,2.0,0.0,0,NONE
2026-09-29T22:00:01.809+00:00,1190.918,manual,Manual cook,temp,2100,401.9,,esp32,,0,,,,,,,,,,,,1,400.0,0.0,0.0,0,NONE
2026-09-29T22:00:02.310+00:00,1191.418,manual,Manual cook,temp,2100,401.5,,esp32,,0,,,,,,,,,,,,1,400.0,9.0,0.0,0,NONE
2026-09-29T22:00:02.810+00:00,1191.919,manual,Manual cook,temp,2100,401.5,,esp32,,0,,,,,,,,,,,,1,400.0,2.0,0.0,0,NONE
2026-09-29T22:00:03.809+00:00,1192.918,manual,Manual cook,temp,2100,401.9,,esp32,,0,,,,,,,,,,,,1,400.0,0.0,0.0,0,NONE
2026-09-29T22:00:04.809+00:00,1193.918,manual,Manual cook,temp,2100,400.5,,esp32,,0,,,,,,,,,,,,1,400.0,17.0,0.0,0,NONE
2026-09-29T22:00:05.809+00:00,1194.918,manual,Manual cook,temp,2100,400.5,,esp32,,0,,,,,,,,,,,,1,400.0,0.0,0.0,0,NONE
2026-09-29T22:00:06.809+00:00,1195.918,manual,Manual cook,temp,2100,400.1,,esp32,,0,,,,,,,,,,,,1,400.0,17.0,0.0,0,NONE
2026-09-29T22:00:07.809+00:00,1196.918,manual,Manual cook,temp,2100,398.8,,esp32,,0,,,,,,,,,,,,1,400.0,17.0,0.0,0,NONE
2026-09-29T22:00:08.310+00:00,1197.419,manual,Manual cook,temp,2100,400.5,,esp32,,0,,,,,,,,,,,,1,400.0,0.0,0.0,0,NONE
2026-09-29T22:00:09.309+00:00,1198.418,manual,Manual cook,temp,2100,399.2,,esp32,,0,,,,,,,,,,,,1,400.0,14.0,0.0,0,NONE
2026-09-29T22:00:09.809+00:00,1198.918,manual,Manual cook,temp,2100,399.6,,esp32,,0,,,,,,,,,,,,1,400.0,0.0,0.0,0,NONE
2026-09-29T22:00:10.809+00:00,1199.918,manual,Manual cook,temp,2100,399.6,,esp32,,0,,,,,,,,,,,,1,400.0,6.0,0.0,0,NONE
