timestamp_utc,elapsed_s,cook_type,cook_name,mode,fan_speed_rpm,chamber_temp_f,effective_probe_temp_f,probe_source,esp32_probe_temp_f,inkbird_connected,inkbird_battery_pct,inkbird_internal_1_f,inkbird_internal_2_f,inkbird_internal_3_f,inkbird_internal_4_f,inkbird_ambient_f,inkbird_internal_1_raw_f,inkbird_internal_2_raw_f,inkbird_internal_3_raw_f,inkbird_internal_4_raw_f,inkbird_ambient_raw_f,drawer_closed,set_temperature_f,top_heater_duty_pct,bottom_heater_duty_pct,paused,fault
2026-09-29T18:28:43.113+00:00,0.008,manual,Manual cook,temp,0,99.9,,esp32,,0,,,,,,,,,,,,0,400.0,0.0,0.0,1,NONE
2026-09-29T18:28:43.820+00:00,0.715,manual,Manual cook,temp,0,99.9,,esp32,,0,,,,,,,,,,,,0,400.0,0.0,0.0,1,NONE
2026-09-29T18:28:44.320+00:00,1.215,manual,Manual cook,temp,0,99.5,,esp32,,0,,,,,,,,,,,,0,400.0,0.0,0.0,1,NONE
2026-09-29T18:28:44.820+00:00,1.715,manual,Manual cook,temp,0,99.5,,esp32,,0,,,,,,,,,,,,0,400.0,0.0,0.0,1,NONE
2026-09-29T18:28:45.819+00:00,2.715,manual,Manual cook,temp,0,99.1,,esp32,,0,,,,,,,,,,,,0,400.0,0.0,0.0,1,NONE
2026-09-29T18:28:46.320+00:00,3.215,manual,Manual cook,temp,0,99.1,,esp32,,0,,,,,,,,,,,,0,400.0,0.0,0.0,1,NONE
2026-09-29T18:28:47.319+00:00,4.214,manual,Manual cook,temp,0,99.1,,esp32,,0,,,,,,,,,,,,0,400.0,0.0,0.0,1,NONE
2026-09-29T18:28:48.319+00:00,5.214,manual,Manual cook,temp,0,99.5,,esp32,,0,,,,,,,,,,,,0,400.0,0.0,0.0,1,NONE
2026-09-29T18:28:49.319+00:00,6.214,manual,Manual cook,temp,0,99.9,,esp32,,0,,,,,,,,,,,,0,400.0,0.0,0.0,1,NONE
2026-09-29T18:28:50.319+00:00,7.214,manual,Manual cook,temp,0,99.5,,esp32,,0,,,,,,,,,,,,0,400.0,0.0,0.0,1,NONE
2026-09-29T18:28:51.319+00:00,8.214,manual,Manual cook,temp,0,99.5,,esp32,,0,,,,,,,,,,,,0,400.0,0.0,0.0,1,NONE
2026-09-29T18:28:52.319+00:00,9.214,manual,Manual cook,temp,0,99.9,,esp32,,0,,,,,,,,,,,,0,400.0,0.0,0.0,1,NONE
2026-09-29T18:28:53.319+00:00,10.214,manual,Manual cook,temp,0,98.6,,esp32,,0,,,,,,,,,,,,0,400.0,0.0,0.0,1,NONE
2026-09-29T18:28:53.819+00:00,10.714,manual,Manual cook,temp,0,99.5,,esp32,,0,,,,,,,,,,,,0,400.0,0.0,0.0,1,NONE
2026-09-29T18:28:54.819+00:00,11.714,manual,Manual cook,temp,0,98.6,,esp32,,0,,,,,,,,,,,,0,400.0,0.0,0.0,1,NONE
2026-09-29T18:28:55.320+00:00,12.215,manual,Manual cook,temp,0,99.5,,esp32,,0,,,,,,,,,,,,0,400.0,0.0,0.0,1,NONE
2026-09-29T18:28:55.820+00:00,12.715,manual,Manual cook,temp,0,99.5,,esp32,,0,,,,,,,,,,,,0,400.0,0.0,0.0,1,NONE
2026-09-29T18:28:56.820+00:00,13.715,manual,Manual cook,temp,2100,99.1,,esp32,,0,,,,,,,,,,,,1,400.0,9.0,0.0,0,NONE
2026-09-29T18:28:57.819+00:00,14.715,manual,Manual cook,temp,2100,99.1,,esp32,,0,,,,,,,,,,,,1,400.0,49.0,0.0,0,NONE
2026-09-29T18:28:58.320+00:00,15.215,manual,Manual cook,temp,2100,99.1,,esp32,,0,,,,,,,,,,,,1,400.0,69.0,0.0,0,NONE
2026-09-29T18:28:59.320+00:00,16.215,manual,Manual cook,temp,2100,99.5,,esp32,,0,,,,,,,,,,,,1,400.0,100.0,0.0,0,NONE
2026-09-29T18:29:00.320+00:00,17.215,manual,Manual cook,temp,2100,99.5,,esp32,,0,,,,,,,,,,,,1,400.0,100.0,0.0,0,NONE
2026-09-29T18:29:01.320+00:00,18.215,manual,Manual cook,temp,2100,100.4,,esp32,,0,,,,,,,,,,,,1,400.0,100.0,0.0,0,NONE
2026-09-29T18:29:02.321+00:00,19.216,manual,Manual cook,temp,2100,101.3,,esp32,,0,,,,,,,,,,,,1,400.0,100.0,0.0,0,NONE
2026-09-29T18:29:03.319+00:00,20.214,manual,Manual cook,temp,2100,102.2,,esp32,,0,,,,,,,,,,,,1,400.0,100.0,0.0,0,NONE
2026-09-29T18:29:03.819+00:00,20.715,manual,Manual cook,temp,2100,103.6,,esp32,,0,,,,,,,,,,,,1,400.0,100.0,0.0,0,NONE
2026-09-29T18:29:04.319+00:00,21.215,manual,Manual cook,temp,2100,103.6,,esp32,,0,,,,,,,,,,,,1,400.0,100.0,0.0,0,NONE
2026-09-29T18:29:05.319+00:00,22.214,manual,Manual cook,temp,2100,105.3,,esp32,,0,,,,,,,,,,,,1,400.0,100.0,0.0,0,NONE
2026-09-29T18:29:06.319+00:00,23.214,manual,Manual cook,temp,2100,106.7,,esp32,,0,,,,,,,,,,,,1,400.0,100.0,0.0,0,NONE
2026-09-29T18:29:07.319+00:00,24.214,manual,Manual cook,temp,2100,108.5,,esp32,,0,,,,,,,,,,,,1,400.0,100.0,0.0,0,NONE
2026-09-29T18:29:07.820+00:00,24.715,manual,Manual cook,temp,2100,108.5,,esp32,,0,,,,,,,,,,,,1,400.0,100.0,0.0,0,NONE
2026-09-29T18:29:08.819+00:00,25.714,manual,Manual cook,temp,2100,110.7,,esp32,,0,,,,,,,,,,,,1,400.0,100.0,0.0,0,NONE
2026-09-29T18:29:09.819+00:00,26.714,manual,Manual cook,temp,2100,112.1,,esp32,,0,,,,,,,,,,,,1,400.0,100.0,0.0,0,NONE
2026-09-29T18:29:10.819+00:00,27.714,manual,Manual cook,temp,2100,113.4,,esp32,,0,,,,,,,,,,,,1,400.0,100.0,0.0,0,NONE
2026-09-29T18:29:11.819+00:00,28.714,manual,Manual cook,temp,2100,114.8,,esp32,,0,,,,,,,,,,,,1,400.0,100.0,0.0,0,NONE
2026-09-29T18:29:12.819+00:00,29.714,manual,Manual cook,temp,2100,118.4,,esp32,,0,,,,,,,,,,,,1,400.0,100.0,0.0,0,NONE
2026-09-29T18:29:13.320+00:00,30.215,manual,Manual cook,temp,2100,118.4,,esp32,,0,,,,,,,,,,,,1,400.0,100.0,0.0,0,NONE
2026-09-29T18:29:14.319+00:00,31.214,manual,Manual cook,temp,2100,121.1,,esp32,,0,,,,,,,,,,,,1,400.0,100.0,0.0,0,NONE
2026-09-29T18:29:15.319+00:00,32.214,manual,Manual cook,temp,2100,123.3,,esp32,,0,,,,,,,,,,,,1,400.0,100.0,0.0,0,NONE
2026-09-29T18:29:16.319+00:00,33.214,manual,Manual cook,temp,2100,124.7,,esp32,,0,,,,,,,,,,,,1,400.0,100.0,0.0,0,NONE
2026-09-29T18:29:17.319+00:00,34.214,manual,Manual cook,temp,2100,126.5,,esp32,,0,,,,,,,,,,,,1,400.0,100.0,0.0,0,NONE
2026-09-29T18:29:18.319+00:00,35.214,manual,Manual cook,temp,2100,129.2,,esp32,,0,,,,,,,,,,,,1,400.0,100.0,0.0,0,NONE
2026-09-29T18:29:18.820+00:00,35.715,manual,Manual cook,temp,2100,129.2,,esp32,,0,,,,,,,,,,,,1,400.0,100.0,0.0,0,NONE
2026-09-29T18:29:19.819+00:00,36.714,manual,Manual cook,temp,2100,132.4,,esp32,,0,,,,,,,,,,,,1,400.0,100.0,0.0,0,NONE
2026-09-29T18:29:20.319+00:00,37.214,manual,Manual cook,temp,2100,133.3,,esp32,,0,,,,,,,,,,,,1,400.0,100.0,0.0,0,NONE
2026-09-29T18:29:20.819+00:00,37.714,manual,Manual cook,temp,2100,135.1,,esp32,,0,,,,,,,,,,,,1,400.0,100.0,0.0,0,NONE
2026-09-29T18:29:21.819+00:00,38.714,manual,Manual cook,temp,2100,137.8,,esp32,,0,,,,,,,,,,,,1,400.0,100.0,0.0,0,NONE
2026-09-29T18:29:22.819+00:00,39.714,manual,Manual cook,temp,2100,140.0,,esp32,,0,,,,,,,,,,,,1,400.0,100.0,0.0,0,NONE
2026-09-29T18:29:23.819+00:00,40.714,manual,Manual cook,temp,2100,141.8,,esp32,,0,,,,,,,,,,,,1,400.0,100.0,0.0,0,NONE
2026-09-29T18:29:24.319+00:00,41.214,manual,Manual cook,temp,2100,142.7,,esp32,,0,,,,,,,,,,,,1,400.0,100.0,0.0,0,NONE
2026-09-29T18:29:25.319+00:00,42.214,manual,Manual cook,temp,2100,147.2,,esp32,,0,,,,,,,,,,,,1,400.0,100.0,0.0,0,NONE
2026-09-29T18:29:26.319+00:00,43.214,manual,Manual cook,temp,2100,149.4,,esp32,,0,,,,,,,,,,,,1,400.0,100.0,0.0,0,NONE
2026-09-29T18:29:27.319+00:00,44.214,manual,Manual cook,temp,2100,150.8,,esp32,,0,,,,,,,,,,,,1,400.0,100.0,0.0,0,NONE
2026-09-29T18:29:28.319+00:00,45.214,manual,Manual cook,temp,2100,152.6,,esp32,,0,,,,,,,,,,,,1,400.0,100.0,0.0,0,NONE
2026-09-29T18:29:29.319+00:00,46.214,manual,Manual cook,temp,2100,157.1,,esp32,,0,,,,,,,,,,,,1,400.0,100.0,0.0,0,NONE
2026-09-29T18:29:29.820+00:00,46.715,manual,Manual cook,temp,2100,158.0,,esp32,,0,,,,,,,,,,,,1,400.0,100.0,0.0,0,NONE
2026-09-29T18:29:30.819+00:00,47.714,manual,Manual cook,temp,2100,161.1,,esp32,,0,,,,,,,,,,,,1,400.0,100.0,0.0,0,NONE
2026-09-29T18:29:32.318+00:00,49.214,manual,Manual cook,temp,2100,163.4,,esp32,,0,,,,,,,,,,,,1,400.0,100.0,0.0,0,NONE
2026-09-29T18:29:32.819+00:00,49.714,manual,Manual cook,temp,2100,166.1,,esp32,,0,,,,,,,,,,,,1,400.0,100.0,0.0,0,NONE
2026-09-29T18:29:33.818+00:00,50.713,manual,Manual cook,temp,2100,167.4,,esp32,,0,,,,,,,,,,,,1,400.0,100.0,0.0,0,NONE
2026-09-29T18:29:34.318+00:00,51.213,manual,Manual cook,temp,2100,170.6,,esp32,,0,,,,,,,,,,,,1,400.0,100.0,0.0,0,NONE
2026-09-29T18:29:35.319+00:00,52.214,manual,Manual cook,temp,2100,171.9,,esp32,,0,,,,,,,,,,,,1,400.0,100.0,0.0,0,NONE
2026-09-29T18:29:36.319+00:00,53.214,manual,Manual cook,temp,2100,175.6,,esp32,,0,,,,,,,,,,,,1,400.0,100.0,0.0,0,NONE
2026-09-29T18:29:36.819+00:00,53.714,manual,Manual cook,temp,2100,177.4,,esp32,,0,,,,,,,,,,,,1,400.0,100.0,0.0,0,NONE
2026-09-29T18:29:37.818+00:00,54.713,manual,Manual cook,temp,2100,179.1,,esp32,,0,,,,,,,,,,,,1,400.0,100.0,0.0,0,NONE
2026-09-29T18:29:38.818+00:00,55.713,manual,Manual cook,temp,2100,181.4,,esp32,,0,,,,,,,,,,,,1,400.0,100.0,0.0,0,NONE
2026-09-29T18:29:39.818+00:00,56.713,manual,Manual cook,temp,2100,185.0,,esp32,,0,,,,,,,,,,,,1,400.0,100.0,0.0,0,NONE
2026-09-29T18:29:40.818+00:00,57.713,manual,Manual cook,temp,2100,186.8,,esp32,,0,,,,,,,,,,,,1,400.0,100.0,0.0,0,NONE
2026-09-29T18:29:41.318+00:00,58.213,manual,Manual cook,temp,2100,189.1,,esp32,,0,,,,,,,,,,,,1,400.0,100.0,0.0,0,NONE
2026-09-29T18:29:42.319+00:00,59.214,manual,Manual cook,temp,2100,192.2,,esp32,,0,,,,,,,,,,,,1,400.0,100.0,0.0,0,NONE
2026-09-29T18:29:42.819+00:00,59.714,manual,Manual cook,temp,2100,192.2,,esp32,,0,,,,,,,,,,,,1,400.0,100.0,0.0,0,NONE
2026-09-29T18:29:43.818+00:00,60.713,manual,Manual cook,temp,2100,195.8,,esp32,,0,,,,,,,,,,,,1,400.0,100.0,0.0,0,NONE
2026-09-29T18:29:44.818+00:00,61.713,manual,Manual cook,temp,2100,196.3,,esp32,,0,,,,,,,,,,,,1,400.0,100.0,0.0,0,NONE
2026-09-29T18:29:45.318+00:00,62.213,manual,Manual cook,temp,2100,199.9,,esp32,,0,,,,,,,,,,,,1,400.0,100.0,0.0,0,NONE
2026-09-29T18:29:46.318+00:00,63.213,manual,Manual cook,temp,2100,201.6,,esp32,,0,,,,,,,,,,,,1,400.0,100.0,0.0,0,NONE
2026-09-29T18:29:47.318+00:00,64.213,manual,Manual cook,temp,2100,203.4,,esp32,,0,,,,,,,,,,,,1,400.0,100.0,0.0,0,NONE
2026-09-29T18:29:47.818+00:00,64.713,manual,Manual cook,temp,2100,206.6,,esp32,,0,,,,,,,,,,,,1,400.0,100.0,0.0,0,NONE
2026-09-29T18:29:48.319+00:00,65.214,manual,Manual cook,temp,2100,206.6,,esp32,,0,,,,,,,,,,,,1,400.0,100.0,0.0,0,NONE
2026-09-29T18:29:49.318+00:00,66.213,manual,Manual cook,temp,2100,208.9,,esp32,,0,,,,,,,,,,,,1,400.0,100.0,0.0,0,NONE
2026-09-29T18:29:50.318+00:00,67.213,manual,Manual cook,temp,2100,212.0,,esp32,,0,,,,,,,,,,,,1,400.0,100.0,0.0,0,NONE
2026-09-29T18:29:51.318+00:00,68.213,manual,Manual cook,temp,2100,216.1,,esp32,,0,,,,,,,,,,,,1,400.0,100.0,0.0,0,NONE
2026-09-29T18:29:52.318+00:00,69.213,manual,Manual cook,temp,2100,217.9,,esp32,,0,,,,,,,,,,,,1,400.0,100.0,0.0,0,NONE
2026-09-29T18:29:53.318+00:00,70.213,manual,Manual cook,temp,2100,220.6,,esp32,,0,,,,,,,,,,,,1,400.0,100.0,0.0,0,NONE
2026-09-29T18:29:54.319+00:00,71.214,manual,Manual cook,temp,2100,222.8,,esp32,,0,,,,,,,,,,,,1,400.0,100.0,0.0,0,NONE
2026-09-29T18:29:55.318+00:00,72.213,manual,Manual cook,temp,2100,225.1,,esp32,,0,,,,,,,,,,,,1,400.0,100.0,0.0,0,NONE
2026-09-29T18:29:55.818+00:00,72.714,manual,Manual cook,temp,2100,227.3,,esp32,,0,,,,,,,,,,,,1,400.0,100.0,0.0,0,NONE
2026-09-29T18:29:56.818+00:00,73.713,manual,Manual cook,temp,2100,229.6,,esp32,,0,,,,,,,,,,,,1,400.0,100.0,0.0,0,NONE
2026-09-29T18:29:57.818+00:00,74.713,manual,Manual cook,temp,2100,230.9,,esp32,,0,,,,,,,,,,,,1,400.0,100.0,0.0,0,NONE
2026-09-29T18:29:58.318+00:00,75.213,manual,Manual cook,temp,2100,233.1,,esp32,,0,,,,,,,,,,,,1,400.0,100.0,0.0,0,NONE
2026-09-29T18:29:59.318+00:00,76.213,manual,Manual cook,temp,2100,236.3,,esp32,,0,,,,,,,,,,,,1,400.0,100.0,0.0,0,NONE
2026-09-29T18:30:00.317+00:00,77.213,manual,Manual cook,temp,2100,237.2,,esp32,,0,,,,,,,,,,,,1,400.0,100.0,0.0,0,NONE
2026-09-29T18:30:01.318+00:00,78.213,manual,Manual cook,temp,2100,240.8,,esp32,,0,,,,,,,,,,,,1,400.0,100.0,0.0,0,NONE
2026-09-29T18:30:02.318+00:00,79.213,manual,Manual cook,temp,2100,243.5,,esp32,,0,,,,,,,,,,,,1,400.0,100.0,0.0,0,NONE
2026-09-29T18:30:02.818+00:00,79.713,manual,Manual cook,temp,2100,244.9,,esp32,,0,,,,,,,,,,,,1,400.0,100.0,0.0,0,NONE
2026-09-29T18:30:03.817+00:00,80.712,manual,Manual cook,temp,2100,246.2,,esp32,,0,,,,,,,,,,,,1,400.0,100.0,0.0,0,NONE
2026-09-29T18:30:04.817+00:00,81.712,manual,Manual cook,temp,2100,247.6,,esp32,,0,,,,,,,,,,,,1,400.0,100.0,0.0,0,NONE
2026-09-29T18:30:05.317+00:00,82.212,manual,Manual cook,temp,2100,250.7,,esp32,,0,,,,,,,,,,,,1,400.0,100.0,0.0,0,NONE
2026-09-29T18:30:06.317+00:00,83.212,manual,Manual cook,temp,2100,252.9,,esp32,,0,,,,,,,,,,,,1,400.0,100.0,0.0,0,NONE
2026-09-29T18:30:07.318+00:00,84.213,manual,Manual cook,temp,2100,255.6,,esp32,,0,,,,,,,,,,,,1,400.0,100.0,0.0,0,NONE
2026-09-29T18:30:07.818+00:00,84.713,manual,Manual cook,temp,2100,256.5,,esp32,,0,,,,,,,,,,,,1,400.0,100.0,0.0,0,NONE
2026-09-29T18:30:08.817+00:00,85.712,manual,Manual cook,temp,2100,258.8,,esp32,,0,,,,,,,,,,,,1,400.0,100.0,0.0,0,NONE
2026-09-29T18:30:09.817+00:00,86.712,manual,Manual cook,temp,2100,260.1,,esp32,,0,,,,,,,,,,,,1,400.0,100.0,0.0,0,NONE
2026-09-29T18:30:10.317+00:00,87.212,manual,Manual cook,temp,2100,262.0,,esp32,,0,,,,,,,,,,,,1,400.0,100.0,0.0,0,NONE
2026-09-29T18:30:11.317+00:00,88.212,manual,Manual cook,temp,2100,263.3,,esp32,,0,,,,,,,,,,,,1,400.0,100.0,0.0,0,NONE
2026-09-29T18:30:11.817+00:00,88.712,manual,Manual cook,temp,2100,264.6,,esp32,,0,,,,,,,,,,,,1,400.0,100.0,0.0,0,NONE
2026-09-29T18:30:12.817+00:00,89.712,manual,Manual cook,temp,2100,266.9,,esp32,,0,,,,,,,,,,,,1,400.0,100.0,0.0,0,NONE
2026-09-29T18:30:13.318+00:00,90.213,manual,Manual cook,temp,2100,268.3,,esp32,,0,,,,,,,,,,,,1,400.0,100.0,0.0,0,NONE
2026-09-29T18:30:14.317+00:00,91.212,manual,Manual cook,temp,2100,270.5,,esp32,,0,,,,,,,,,,,,1,400.0,100.0,0.0,0,NONE
2026-09-29T18:30:14.817+00:00,91.712,manual,Manual cook,temp,2100,272.3,,esp32,,0,,,,,,,,,,,,1,400.0,100.0,0.0,0,NONE
2026-09-29T18:30:15.817+00:00,92.712,manual,Manual cook,temp,2100,273.6,,esp32,,0,,,,,,,,,,,,1,400.0,100.0,0.0,0,NONE
2026-09-29T18:30:16.817+00:00,93.712,manual,Manual cook,temp,2100,276.8,,esp32,,0,,,,,,,,,,,,1,400.0,100.0,0.0,0,NONE
2026-09-29T18:30:17.817+00:00,94.712,manual,Manual cook,temp,2100,278.6,,esp32,,0,,,,,,,,,,,,1,400.0,100.0,0.0,0,NONE
2026-09-29T18:30:18.817+00:00,95.712,manual,Manual cook,temp,2100,280.9,,esp32,,0,,,,,,,,,,,,1,400.0,100.0,0.0,0,NONE
2026-09-29T18:30:19.318+00:00,96.213,manual,Manual cook,temp,2100,281.3,,esp32,,0,,,,,,,,,,,,1,400.0,100.0,0.0,0,NONE
2026-09-29T18:30:20.317+00:00,97.212,manual,Manual cook,temp,2100,283.1,,esp32,,0,,,,,,,,,,,,1,400.0,100.0,0.0,0,NONE
2026-09-29T18:30:20.817+00:00,97.712,manual,Manual cook,temp,2100,284.9,,esp32,,0,,,,,,,,,,,,1,400.0,100.0,0.0,0,NONE
2026-09-29T18:30:21.817+00:00,98.712,manual,Manual cook,temp,2100,285.8,,esp32,,0,,,,,,,,,,,,1,400.0,100.0,0.0,0,NONE
2026-09-29T18:30:22.317+00:00,99.212,manual,Manual cook,temp,2100,287.6,,esp32,,0,,,,,,,,,,,,1,400.0,100.0,0.0,0,NONE
2026-09-29T18:30:23.317+00:00,100.212,manual,Manual cook,temp,2100,289.4,,esp32,,0,,,,,,,,,,,,1,400.0,100.0,0.0,0,NONE
2026-09-29T18:30:24.317+00:00,101.212,manual,Manual cook,temp,2100,291.6,,esp32,,0,,,,,,,,,,,,1,400.0,100.0,0.0,0,NONE
2026-09-29T18:30:24.818+00:00,101.713,manual,Manual cook,temp,2100,291.6,,esp32,,0,,,,,,,,,,,,1,400.0,100.0,0.0,0,NONE
2026-09-29T18:30:25.817+00:00,102.712,manual,Manual cook,temp,2100,293.9,,esp32,,0,,,,,,,,,,,,1,400.0,100.0,0.0,0,NONE
2026-09-29T18:30:26.817+00:00,103.712,manual,Manual cook,temp,2100,296.1,,esp32,,0,,,,,,,,,,,,1,400.0,100.0,0.0,0,NONE
2026-09-29T18:30:27.817+00:00,104.712,manual,Manual cook,temp,2100,299.3,,esp32,,0,,,,,,,,,,,,1,400.0,100.0,0.0,0,NONE
2026-09-29T18:30:28.817+00:00,105.712,manual,Manual cook,temp,2100,300.6,,esp32,,0,,,,,,,,,,,,1,400.0,100.0,0.0,0,NONE
2026-09-29T18:30:29.817+00:00,106.712,manual,Manual cook,temp,2100,303.4,,esp32,,0,,,,,,,,,,,,1,400.0,100.0,0.0,0,NONE
2026-09-29T18:30:30.318+00:00,107.213,manual,Manual cook,temp,2100,304.3,,esp32,,0,,,,,,,,,,,,1,400.0,100.0,0.0,0,NONE
2026-09-29T18:30:31.316+00:00,108.212,manual,Manual cook,temp,2100,305.1,,esp32,,0,,,,,,,,,,,,1,400.0,100.0,0.0,0,NONE
2026-09-29T18:30:31.817+00:00,108.712,manual,Manual cook,temp,2100,306.5,,esp32,,0,,,,,,,,,,,,1,400.0,100.0,0.0,0,NONE
2026-09-29T18:30:32.817+00:00,109.712,manual,Manual cook,temp,2100,309.2,,esp32,,0,,,,,,,,,,,,1,400.0,100.0,0.0,0,NONE
2026-09-29T18:30:33.816+00:00,110.712,manual,Manual cook,temp,2100,311.0,,esp32,,0,,,,,,,,,,,,1,400.0,100.0,0.0,0,NONE
2026-09-29T18:30:34.317+00:00,111.212,manual,Manual cook,temp,2100,311.0,,esp32,,0,,,,,,,,,,,,1,400.0,100.0,0.0,0,NONE
2026-09-29T18:30:35.316+00:00,112.211,manual,Manual cook,temp,2100,312.4,,esp32,,0,,,,,,,,,,,,1,400.0,100.0,0.0,0,NONE
2026-09-29T18:30:35.816+00:00,112.711,manual,Manual cook,temp,2100,314.6,,esp32,,0,,,,,,,,,,,,1,400.0,100.0,0.0,0,NONE
2026-09-29T18:30:36.816+00:00,113.712,manual,Manual cook,temp,2100,316.0,,esp32,,0,,,,,,,,,,,,1,400.0,100.0,0.0,0,NONE
2026-09-29T18:30:37.816+00:00,114.711,manual,Manual cook,temp,2100,317.3,,esp32,,0,,,,,,,,,,,,1,400.0,100.0,0.0,0,NONE
2026-09-29T18:30:38.816+00:00,115.711,manual,Manual cook,temp,2100,318.2,,esp32,,0,,,,,,,,,,,,1,400.0,100.0,0.0,0,NONE
2026-09-29T18:30:39.816+00:00,116.711,manual,Manual cook,temp,2100,320.0,,esp32,,0,,,,,,,,,,,,1,400.0,100.0,0.0,0,NONE
2026-09-29T18:30:40.316+00:00,117.211,manual,Manual cook,temp,2100,321.8,,esp32,,0,,,,,,,,,,,,1,400.0,100.0,0.0,0,NONE
2026-09-29T18:30:40.817+00:00,117.712,manual,Manual cook,temp,2100,321.8,,esp32,,0,,,,,,,,,,,,1,400.0,100.0,0.0,0,NONE
2026-09-29T18:30:41.816+00:00,118.711,manual,Manual cook,temp,2100,325.0,,esp32,,0,,,,,,,,,,,,1,400.0,100.0,0.0,0,NONE
2026-09-29T18:30:42.816+00:00,119.711,manual,Manual cook,temp,2100,326.8,,esp32,,0,,,,,,,,,,,,1,400.0,100.0,0.0,0,NONE
2026-09-29T18:30:43.816+00:00,120.711,manual,Manual cook,temp,2100,328.5,,esp32,,0,,,,,,,,,,,,1,400.0,100.0,0.0,0,NONE
2026-09-29T18:30:44.816+00:00,121.711,manual,Manual cook,temp,2100,329.5,,esp32,,0,,,,,,,,,,,,1,400.0,100.0,0.0,0,NONE
2026-09-29T18:30:45.816+00:00,122.711,manual,Manual cook,temp,2100,331.3,,esp32,,0,,,,,,,,,,,,1,400.0,100.0,0.0,0,NONE
2026-09-29T18:30:46.317+00:00,123.212,manual,Manual cook,temp,2100,332.1,,esp32,,0,,,,,,,,,,,,1,400.0,100.0,0.0,0,NONE
2026-09-29T18:30:47.316+00:00,124.211,manual,Manual cook,temp,2100,332.1,,esp32,,0,,,,,,,,,,,,1,400.0,100.0,0.0,0,NONE
2026-09-29T18:30:48.316+00:00,125.211,manual,Manual cook,temp,2100,335.3,,esp32,,0,,,,,,,,,,,,1,400.0,100.0,0.0,0,NONE
2026-09-29T18:30:49.316+00:00,126.211,manual,Manual cook,temp,2100,336.6,,esp32,,0,,,,,,,,,,,,1,400.0,100.0,0.0,0,NONE
2026-09-29T18:30:50.316+00:00,127.211,manual,Manual cook,temp,2100,337.1,,esp32,,0,,,,,,,,,,,,1,400.0,100.0,0.0,0,NONE
2026-09-29T18:30:51.316+00:00,128.211,manual,Manual cook,temp,2100,339.8,,esp32,,0,,,,,,,,,,,,1,400.0,100.0,0.0,0,NONE
2026-09-29T18:30:51.816+00:00,128.711,manual,Manual cook,temp,2100,341.6,,esp32,,0,,,,,,,,,,,,1,400.0,100.0,0.0,0,NONE
2026-09-29T18:30:52.816+00:00,129.711,manual,Manual cook,temp,2100,343.0,,esp32,,0,,,,,,,,,,,,1,400.0,100.0,0.0,0,NONE
2026-09-29T18:30:53.816+00:00,130.711,manual,Manual cook,temp,2100,343.9,,esp32,,0,,,,,,,,,,,,1,400.0,100.0,0.0,0,NONE
2026-09-29T18:30:54.816+00:00,131.711,manual,Manual cook,temp,2100,345.2,,esp32,,0,,,,,,,,,,,,1,400.0,90.0,0.0,0,NONE
2026-09-29T18:30:55.816+00:00,132.711,manual,Manual cook,temp,2100,346.5,,esp32,,0,,,,,,,,,,,,1,400.0,100.0,0.0,0,NONE
2026-09-29T18:30:56.316+00:00,133.211,manual,Manual cook,temp,2100,348.4,,esp32,,0,,,,,,,,,,,,1,400.0,100.0,0.0,0,NONE
2026-09-29T18:30:56.816+00:00,133.711,manual,Manual cook,temp,2100,348.4,,esp32,,0,,,,,,,,,,,,1,400.0,85.0,0.0,0,NONE
2026-09-29T18:30:57.816+00:00,134.711,manual,Manual cook,temp,2100,349.3,,esp32,,0,,,,,,,,,,,,1,400.0,99.0,0.0,0,NONE
2026-09-29T18:30:58.816+00:00,135.711,manual,Manual cook,temp,2100,350.6,,esp32,,0,,,,,,,,,,,,1,400.0,100.0,0.0,0,NONE
2026-09-29T18:30:59.816+00:00,136.711,manual,Manual cook,temp,2100,352.4,,esp32,,0,,,,,,,,,,,,1,400.0,87.0,0.0,0,NONE
2026-09-29T18:31:00.816+00:00,137.711,manual,Manual cook,temp,2100,354.6,,esp32,,0,,,,,,,,,,,,1,400.0,61.0,0.0,0,NONE
2026-09-29T18:31:01.815+00:00,138.710,manual,Manual cook,temp,2100,355.5,,esp32,,0,,,,,,,,,,,,1,400.0,89.0,0.0,0,NONE
2026-09-29T18:31:02.316+00:00,139.211,manual,Manual cook,temp,2100,356.9,,esp32,,0,,,,,,,,,,,,1,400.0,97.0,0.0,0,NONE
2026-09-29T18:31:03.315+00:00,140.211,manual,Manual cook,temp,2100,358.3,,esp32,,0,,,,,,,,,,,,1,400.0,70.0,0.0,0,NONE
2026-09-29T18:31:04.316+00:00,141.211,manual,Manual cook,temp,2100,357.8,,esp32,,0,,,,,,,,,,,,1,400.0,100.0,0.0,0,NONE
2026-09-29T18:31:05.315+00:00,142.210,manual,Manual cook,temp,2100,360.5,,esp32,,0,,,,,,,,,,,,1,400.0,67.0,0.0,0,NONE
2026-09-29T18:31:05.815+00:00,142.710,manual,Manual cook,temp,2100,362.3,,esp32,,0,,,,,,,,,,,,1,400.0,81.0,0.0,0,NONE
2026-09-29T18:31:06.815+00:00,143.710,manual,Manual cook,temp,2100,363.6,,esp32,,0,,,,,,,,,,,,1,400.0,78.0,0.0,0,NONE
2026-09-29T18:31:07.816+00:00,144.711,manual,Manual cook,temp,2100,364.1,,esp32,,0,,,,,,,,,,,,1,400.0,76.0,0.0,0,NONE
2026-09-29T18:31:08.815+00:00,145.710,manual,Manual cook,temp,2100,365.0,,esp32,,0,,,,,,,,,,,,1,400.0,68.0,0.0,0,NONE
2026-09-29T18:31:09.815+00:00,146.710,manual,Manual cook,temp,2100,367.3,,esp32,,0,,,,,,,,,,,,1,400.0,59.0,0.0,0,NONE
2026-09-29T18:31:10.815+00:00,147.710,manual,Manual cook,temp,2100,368.1,,esp32,,0,,,,,,,,,,,,1,400.0,63.0,0.0,0,NONE
2026-09-29T18:31:11.315+00:00,148.210,manual,Manual cook,temp,2100,368.1,,esp32,,0,,,,,,,,,,,,1,400.0,78.0,0.0,0,NONE
2026-09-29T18:31:12.315+00:00,149.210,manual,Manual cook,temp,2100,370.0,,esp32,,0,,,,,,,,,,,,1,400.0,67.0,0.0,0,NONE
2026-09-29T18:31:12.815+00:00,149.710,manual,Manual cook,temp,2100,370.4,,esp32,,0,,,,,,,,,,,,1,400.0,67.0,0.0,0,NONE
2026-09-29T18:31:13.316+00:00,150.211,manual,Manual cook,temp,2100,370.9,,esp32,,0,,,,,,,,,,,,1,400.0,66.0,0.0,0,NONE
2026-09-29T18:31:14.315+00:00,151.210,manual,Manual cook,temp,2100,372.6,,esp32,,0,,,,,,,,,,,,1,400.0,56.0,0.0,0,NONE
2026-09-29T18:31:14.815+00:00,151.710,manual,Manual cook,temp,2100,373.1,,esp32,,0,,,,,,,,,,,,1,400.0,63.0,0.0,0,NONE
2026-09-29T18:31:16.315+00:00,153.210,manual,Manual cook,temp,2100,374.0,,esp32,,0,,,,,,,,,,,,1,400.0,62.0,0.0,0,NONE
2026-09-29T18:31:16.815+00:00,153.710,manual,Manual cook,temp,2100,375.4,,esp32,,0,,,,,,,,,,,,1,400.0,45.0,0.0,0,NONE
2026-09-29T18:31:17.815+00:00,154.710,manual,Manual cook,temp,2100,376.7,,esp32,,0,,,,,,,,,,,,1,400.0,64.0,0.0,0,NONE
2026-09-29T18:31:18.815+00:00,155.710,manual,Manual cook,temp,2100,378.0,,esp32,,0,,,,,,,,,,,,1,400.0,40.0,0.0,0,NONE
2026-09-29T18:31:19.315+00:00,156.210,manual,Manual cook,temp,2100,379.4,,esp32,,0,,,,,,,,,,,,1,400.0,46.0,0.0,0,NONE
2026-09-29T18:31:19.815+00:00,156.711,manual,Manual cook,temp,2100,379.4,,esp32,,0,,,,,,,,,,,,1,400.0,52.0,0.0,0,NONE
2026-09-29T18:31:20.815+00:00,157.710,manual,Manual cook,temp,2100,381.2,,esp32,,0,,,,,,,,,,,,1,400.0,28.0,0.0,0,NONE
2026-09-29T18:31:21.315+00:00,158.210,manual,Manual cook,temp,2100,381.2,,esp32,,0,,,,,,,,,,,,1,400.0,81.0,0.0,0,NONE
2026-09-29T18:31:22.315+00:00,159.210,manual,Manual cook,temp,2100,382.5,,esp32,,0,,,,,,,,,,,,1,400.0,33.0,0.0,0,NONE
2026-09-29T18:31:23.315+00:00,160.210,manual,Manual cook,temp,2100,383.5,,esp32,,0,,,,,,,,,,,,1,400.0,54.0,0.0,0,NONE
2026-09-29T18:31:23.815+00:00,160.710,manual,Manual cook,temp,2100,383.5,,esp32,,0,,,,,,,,,,,,1,400.0,46.0,0.0,0,NONE
2026-09-29T18:31:24.815+00:00,161.710,manual,Manual cook,temp,2100,385.7,,esp32,,0,,,,,,,,,,,,1,400.0,13.0,0.0,0,NONE
2026-09-29T18:31:25.815+00:00,162.710,manual,Manual cook,temp,2100,386.1,,esp32,,0,,,,,,,,,,,,1,400.0,41.0,0.0,0,NONE
2026-09-29T18:31:26.815+00:00,163.710,manual,Manual cook,temp,2100,388.0,,esp32,,0,,,,,,,,,,,,1,400.0,24.0,0.0,0,NONE
2026-09-29T18:31:27.815+00:00,164.710,manual,Manual cook,temp,2100,388.4,,esp32,,0,,,,,,,,,,,,1,400.0,37.0,0.0,0,NONE
2026-09-29T18:31:28.815+00:00,165.710,manual,Manual cook,temp,2100,388.9,,esp32,,0,,,,,,,,,,,,1,400.0,43.0,0.0,0,NONE
2026-09-29T18:31:29.815+00:00,166.710,manual,Manual cook,temp,2100,390.2,,esp32,,0,,,,,,,,,,,,1,400.0,34.0,0.0,0,NONE
2026-09-29T18:31:30.316+00:00,167.211,manual,Manual cook,temp,2100,390.6,,esp32,,0,,,,,,,,,,,,1,400.0,33.0,0.0,0,NONE
2026-09-29T18:31:31.315+00:00,168.210,manual,Manual cook,temp,2100,391.1,,esp32,,0,,,,,,,,,,,,1,400.0,32.0,0.0,0,NONE
2026-09-29T18:31:31.815+00:00,168.710,manual,Manual cook,temp,2100,392.0,,esp32,,0,,,,,,,,,,,,1,400.0,23.0,0.0,0,NONE
2026-09-29T18:31:32.815+00:00,169.710,manual,Manual cook,temp,2100,392.5,,esp32,,0,,,,,,,,,,,,1,400.0,22.0,0.0,0,NONE
2026-09-29T18:31:33.814+00:00,170.710,manual,Manual cook,temp,2100,393.8,,esp32,,0,,,,,,,,,,,,1,400.0,27.0,0.0,0,NONE
2026-09-29T18:31:34.814+00:00,171.709,manual,Manual cook,temp,2100,395.1,,esp32,,0,,,,,,,,,,,,1,400.0,25.0,0.0,0,NONE
2026-09-29T18:31:35.815+00:00,172.710,manual,Manual cook,temp,2100,395.6,,esp32,,0,,,,,,,,,,,,1,400.0,31.0,0.0,0,NONE
2026-09-29T18:31:36.814+00:00,173.709,manual,Manual cook,temp,2100,396.5,,esp32,,0,,,,,,,,,,,,1,400.0,22.0,0.0,0,NONE
2026-09-29T18:31:37.814+00:00,174.709,manual,Manual cook,temp,2100,397.0,,esp32,,0,,,,,,,,,,,,1,400.0,36.0,0.0,0,NONE
2026-09-29T18:31:38.814+00:00,175.709,manual,Manual cook,temp,2100,399.2,,esp32,,0,,,,,,,,,,,,1,400.0,27.0,0.0,0,NONE
2026-09-29T18:31:39.814+00:00,176.709,manual,Manual cook,temp,2100,399.2,,esp32,,0,,,,,,,,,,,,1,400.0,24.0,0.0,0,NONE
2026-09-29T18:31:40.815+00:00,177.710,manual,Manual cook,temp,2100,399.6,,esp32,,0,,,,,,,,,,,,1,400.0,23.0,0.0,0,NONE
2026-09-29T18:31:41.814+00:00,178.709,manual,Manual cook,temp,2100,400.1,,esp32,,0,,,,,,,,,,,,1,400.0,21.0,0.0,0,NONE
2026-09-29T18:31:42.814+00:00,179.709,manual,Manual cook,temp,2100,401.0,,esp32,,0,,,,,,,,,,,,1,400.0,6.0,0.0,0,NONE
2026-09-29T18:31:43.314+00:00,180.209,manual,Manual cook,temp,2100,401.0,,esp32,,0,,,,,,,,,,,,1,400.0,20.0,0.0,0,NONE
2026-09-29T18:31:44.314+00:00,181.209,manual,Manual cook,temp,2100,401.9,,esp32,,0,,,,,,,,,,,,1,400.0,4.0,0.0,0,NONE
2026-09-29T18:31:45.314+00:00,182.209,manual,Manual cook,temp,2100,402.4,,esp32,,0,,,,,,,,,,,,1,400.0,3.0,0.0,0,NONE
2026-09-29T18:31:46.314+00:00,183.209,manual,Manual cook,temp,2100,402.8,,esp32,,0,,,,,,,,,,,,1,400.0,17.0,0.0,0,NONE
2026-09-29T18:31:47.314+00:00,184.209,manual,Manual cook,temp,2100,402.8,,esp32,,0,,,,,,,,,,,,1,400.0,24.0,0.0,0,NONE
2026-09-29T18:31:48.314+00:00,185.209,manual,Manual cook,temp,2100,403.7,,esp32,,0,,,,,,,,,,,,1,400.0,9.0,0.0,0,NONE
2026-09-29T18:31:48.814+00:00,185.709,manual,Manual cook,temp,2100,404.6,,esp32,,0,,,,,,,,,,,,1,400.0,0.0,0.0,0,NONE
2026-09-29T18:31:49.814+00:00,186.709,manual,Manual cook,temp,2100,406.0,,esp32,,0,,,,,,,,,,,,1,400.0,0.0,0.0,0,NONE
2026-09-29T18:31:50.814+00:00,187.709,manual,Manual cook,temp,2100,404.6,,esp32,,0,,,,,,,,,,,,1,400.0,27.0,0.0,0,NONE
2026-09-29T18:31:51.314+00:00,188.209,manual,Manual cook,temp,2100,405.0,,esp32,,0,,,,,,,,,,,,1,400.0,0.0,0.0,0,NONE
2026-09-29T18:31:52.314+00:00,189.209,manual,Manual cook,temp,2100,406.0,,esp32,,0,,,,,,,,,,,,1,400.0,0.0,0.0,0,NONE
2026-09-29T18:31:53.314+00:00,190.209,manual,Manual cook,temp,2100,406.0,,esp32,,0,,,,,,,,,,,,1,400.0,4.0,0.0,0,NONE
2026-09-29T18:31:54.314+00:00,191.209,manual,Manual cook,temp,2100,405.5,,esp32,,0,,,,,,,,,,,,1,400.0,18.0,0.0,0,NONE
2026-09-29T18:31:55.314+00:00,192.209,manual,Manual cook,temp,2100,406.4,,esp32,,0,,,,,,,,,,,,1,400.0,4.0,0.0,0,NONE
2026-09-29T18:31:56.314+00:00,193.209,manual,Manual cook,temp,2100,405.5,,esp32,,0,,,,,,,,,,,,1,400.0,9.0,0.0,0,NONE
2026-09-29T18:31:56.814+00:00,193.709,manual,Manual cook,temp,2100,406.0,,esp32,,0,,,,,,,,,,,,1,400.0,10.0,0.0,0,NONE
2026-09-29T18:31:57.814+00:00,194.709,manual,Manual cook,temp,2100,405.5,,esp32,,0,,,,,,,,,,,,1,400.0,18.0,0.0,0,NONE
2026-09-29T18:31:58.314+00:00,195.209,manual,Manual cook,temp,2100,405.5,,esp32,,0,,,,,,,,,,,,1,400.0,10.0,0.0,0,NONE
2026-09-29T18:31:58.814+00:00,195.709,manual,Manual cook,temp,2100,405.0,,esp32,,0,,,,,,,,,,,,1,400.0,2.0,0.0,0,NONE
2026-09-29T18:31:59.314+00:00,196.209,manual,Manual cook,temp,2100,406.0,,esp32,,0,,,,,,,,,,,,1,400.0,25.0,0.0,0,NONE
2026-09-29T18:32:00.313+00:00,197.208,manual,Manual cook,temp,2100,406.4,,esp32,,0,,,,,,,,,,,,1,400.0,1.0,0.0,0,NONE
2026-09-29T18:32:00.814+00:00,197.709,manual,Manual cook,temp,2100,406.4,,esp32,,0,,,,,,,,,,,,1,400.0,24.0,0.0,0,NONE
2026-09-29T18:32:01.314+00:00,198.209,manual,Manual cook,temp,2100,406.0,,esp32,,0,,,,,,,,,,,,1,400.0,0.0,0.0,0,NONE
2026-09-29T18:32:02.313+00:00,199.208,manual,Manual cook,temp,2100,404.6,,esp32,,0,,,,,,,,,,,,1,400.0,29.0,0.0,0,NONE
2026-09-29T18:32:03.313+00:00,200.208,manual,Manual cook,temp,2100,406.0,,esp32,,0,,,,,,,,,,,,1,400.0,2.0,0.0,0,NONE
2026-09-29T18:32:03.813+00:00,200.708,manual,Manual cook,temp,2100,405.5,,esp32,,0,,,,,,,,,,,,1,400.0,17.0,0.0,0,NONE
2026-09-29T18:32:04.313+00:00,201.209,manual,Manual cook,temp,2100,404.6,,esp32,,0,,,,,,,,,,,,1,400.0,26.0,0.0,0,NONE
2026-09-29T18:32:05.313+00:00,202.209,manual,Manual cook,temp,2100,405.0,,esp32,,0,,,,,,,,,,,,1,400.0,11.0,0.0,0,NONE
2026-09-29T18:32:06.313+00:00,203.208,manual,Manual cook,temp,2100,404.6,,esp32,,0,,,,,,,,,,,,1,400.0,19.0,0.0,0,NONE
2026-09-29T18:32:07.314+00:00,204.209,manual,Manual cook,temp,2100,404.1,,esp32,,0,,,,,,,,,,,,1,400.0,20.0,0.0,0,NONE
2026-09-29T18:32:08.313+00:00,205.208,manual,Manual cook,temp,2100,405.0,,esp32,,0,,,,,,,,,,,,1,400.0,0.0,0.0,0,NONE
2026-09-29T18:32:08.813+00:00,205.708,manual,Manual cook,temp,2100,403.7,,esp32,,0,,,,,,,,,,,,1,400.0,9.0,0.0,0,NONE
2026-09-29T18:32:09.313+00:00,206.208,manual,Manual cook,temp,2100,404.6,,esp32,,0,,,,,,,,,,,,1,400.0,27.0,0.0,0,NONE
2026-09-29T18:32:10.313+00:00,207.208,manual,Manual cook,temp,2100,404.6,,esp32,,0,,,,,,,,,,,,1,400.0,9.0,0.0,0,NONE
2026-09-29T18:32:10.813+00:00,207.708,manual,Manual cook,temp,2100,404.6,,esp32,,0,,,,,,,,,,,,1,400.0,11.0,0.0,0,NONE
2026-09-29T18:32:11.813+00:00,208.708,manual,Manual cook,temp,2100,404.1,,esp32,,0,,,,,,,,,,,,1,400.0,19.0,0.0,0,NONE
2026-09-29T18:32:12.313+00:00,209.208,manual,Manual cook,temp,2100,404.1,,esp32,,0,,,,,,,,,,,,1,400.0,12.0,0.0,0,NONE
2026-09-29T18:32:12.814+00:00,209.709,manual,Manual cook,temp,2100,404.1,,esp32,,0,,,,,,,,,,,,1,400.0,12.0,0.0,0,NONE
2026-09-29T18:32:13.813+00:00,210.708,manual,Manual cook,temp,2100,404.6,,esp32,,0,,,,,,,,,,,,1,400.0,4.0,0.0,0,NONE
2026-09-29T18:32:14.313+00:00,211.208,manual,Manual cook,temp,2100,403.7,,esp32,,0,,,,,,,,,,,,1,400.0,19.0,0.0,0,NONE
2026-09-29T18:32:15.313+00:00,212.208,manual,Manual cook,temp,2100,404.6,,esp32,,0,,,,,,,,,,,,1,400.0,0.0,0.0,0,NONE
2026-09-29T18:32:15.813+00:00,212.709,manual,Manual cook,temp,2100,404.6,,esp32,,0,,,,,,,,,,,,1,400.0,9.0,0.0,0,NONE
2026-09-29T18:32:16.813+00:00,213.708,manual,Manual cook,temp,2100,405.0,,esp32,,0,,,,,,,,,,,,1,400.0,0.0,0.0,0,NONE
2026-09-29T18:32:17.813+00:00,214.708,manual,Manual cook,temp,2100,404.1,,esp32,,0,,,,,,,,,,,,1,400.0,19.0,0.0,0,NONE
2026-09-29T18:32:18.314+00:00,215.209,manual,Manual cook,temp,2100,403.7,,esp32,,0,,,,,,,,,,,,1,400.0,20.0,0.0,0,NONE
2026-09-29T18:32:19.313+00:00,216.208,manual,Manual cook,temp,2100,403.7,,esp32,,0,,,,,,,,,,,,1,400.0,28.0,0.0,0,NONE
2026-09-29T18:32:19.813+00:00,216.708,manual,Manual cook,temp,2100,403.7,,esp32,,0,,,,,,,,,,,,1,400.0,5.0,0.0,0,NONE
2026-09-29T18:32:20.813+00:00,217.708,manual,Manual cook,temp,2100,403.3,,esp32,,0,,,,,,,,,,,,1,400.0,0.0,0.0,0,NONE
2026-09-29T18:32:21.813+00:00,218.708,manual,Manual cook,temp,2100,404.1,,esp32,,0,,,,,,,,,,,,1,400.0,0.0,0.0,0,NONE
2026-09-29T18:32:22.813+00:00,219.708,manual,Manual cook,temp,2100,404.1,,esp32,,0,,,,,,,,,,,,1,400.0,19.0,0.0,0,NONE
2026-09-29T18:32:23.813+00:00,220.708,manual,Manual cook,temp,2100,403.3,,esp32,,0,,,,,,,,,,,,1,400.0,27.0,0.0,0,NONE
2026-09-29T18:32:24.813+00:00,221.708,manual,Manual cook,temp,2100,404.1,,esp32,,0,,,,,,,,,,,,1,400.0,4.0,0.0,0,NONE
2026-09-29T18:32:25.314+00:00,222.209,manual,Manual cook,temp,2100,404.1,,esp32,,0,,,,,,,,,,,,1,400.0,19.0,0.0,0,NONE
2026-09-29T18:32:26.313+00:00,223.208,manual,Manual cook,temp,2100,404.1,,esp32,,0,,,,,,,,,,,,1,400.0,11.0,0.0,0,NONE
2026-09-29T18:32:26.813+00:00,223.708,manual,Manual cook,temp,2100,403.7,,esp32,,0,,,,,,,,,,,,1,400.0,19.0,0.0,0,NONE
2026-09-29T18:32:27.813+00:00,224.708,manual,Manual cook,temp,2100,402.8,,esp32,,0,,,,,,,,,,,,1,400.0,28.0,0.0,0,NONE
2026-09-29T18:32:28.813+00:00,225.708,manual,Manual cook,temp,2100,403.7,,esp32,,0,,,,,,,,,,,,1,400.0,9.0,0.0,0,NONE
2026-09-29T18:32:29.813+00:00,226.708,manual,Manual cook,temp,2100,404.1,,esp32,,0,,,,,,,,,,,,1,400.0,11.0,0.0,0,NONE
2026-09-29T18:32:30.313+00:00,227.208,manual,Manual cook,temp,2100,404.1,,esp32,,0,,,,,,,,,,,,1,400.0,11.0,0.0,0,NONE
2026-09-29T18:32:31.314+00:00,228.209,manual,Manual cook,temp,2100,404.6,,esp32,,0,,,,,,,,,,,,1,400.0,19.0,0.0,0,NONE
2026-09-29T18:32:32.312+00:00,229.207,manual,Manual cook,temp,2100,404.1,,esp32,,0,,,,,,,,,,,,1,400.0,9.0,0.0,0,NONE
2026-09-29T18:32:32.812+00:00,229.708,manual,Manual cook,temp,2100,403.3,,esp32,,0,,,,,,,,,,,,1,400.0,27.0,0.0,0,NONE
2026-09-29T18:32:33.812+00:00,230.707,manual,Manual cook,temp,2100,404.1,,esp32,,0,,,,,,,,,,,,1,400.0,3.0,0.0,0,NONE
2026-09-29T18:32:34.313+00:00,231.208,manual,Manual cook,temp,2100,404.6,,esp32,,0,,,,,,,,,,,,1,400.0,10.0,0.0,0,NONE
2026-09-29T18:32:35.312+00:00,232.207,manual,Manual cook,temp,2100,403.7,,esp32,,0,,,,,,,,,,,,1,400.0,26.0,0.0,0,NONE
2026-09-29T18:32:35.812+00:00,232.708,manual,Manual cook,temp,2100,404.1,,esp32,,0,,,,,,,,,,,,1,400.0,11.0,0.0,0,NONE
2026-09-29T18:32:36.812+00:00,233.707,manual,Manual cook,temp,2100,404.6,,esp32,,0,,,,,,,,,,,,1,400.0,2.0,0.0,0,NONE
2026-09-29T18:32:37.313+00:00,234.208,manual,Manual cook,temp,2100,404.6,,esp32,,0,,,,,,,,,,,,1,400.0,9.0,0.0,0,NONE
2026-09-29T18:32:38.312+00:00,235.207,manual,Manual cook,temp,2100,403.7,,esp32,,0,,,,,,,,,,,,1,400.0,25.0,0.0,0,NONE
2026-09-29T18:32:39.312+00:00,236.207,manual,Manual cook,temp,2100,404.1,,esp32,,0,,,,,,,,,,,,1,400.0,10.0,0.0,0,NONE
2026-09-29T18:32:39.812+00:00,236.707,manual,Manual cook,temp,2100,403.3,,esp32,,0,,,,,,,,,,,,1,400.0,26.0,0.0,0,NONE
2026-09-29T18:32:40.812+00:00,237.707,manual,Manual cook,temp,2100,404.1,,esp32,,0,,,,,,,,,,,,1,400.0,3.0,0.0,0,NONE
2026-09-29T18:32:41.812+00:00,238.707,manual,Manual cook,temp,2100,404.6,,esp32,,0,,,,,,,,,,,,1,400.0,9.0,0.0,0,NONE
2026-09-29T18:32:42.812+00:00,239.708,manual,Manual cook,temp,2100,403.7,,esp32,,0,,,,,,,,,,,,1,400.0,25.0,0.0,0,NONE
2026-09-29T18:32:43.812+00:00,240.707,manual,Manual cook,temp,2100,404.6,,esp32,,0,,,,,,,,,,,,1,400.0,1.0,0.0,0,NONE
2026-09-29T18:32:44.812+00:00,241.707,manual,Manual cook,temp,2100,403.3,,esp32,,0,,,,,,,,,,,,1,400.0,9.0,0.0,0,NONE
2026-09-29T18:32:45.812+00:00,242.707,manual,Manual cook,temp,2100,404.1,,esp32,,0,,,,,,,,,,,,1,400.0,0.0,0.0,0,NONE
2026-09-29T18:32:46.812+00:00,243.707,manual,Manual cook,temp,2100,404.1,,esp32,,0,,,,,,,,,,,,1,400.0,9.0,0.0,0,NONE
2026-09-29T18:32:47.312+00:00,244.207,manual,Manual cook,temp,2100,403.7,,esp32,,0,,,,,,,,,,,,1,400.0,9.0,0.0,0,NONE
2026-09-29T18:32:47.812+00:00,244.707,manual,Manual cook,temp,2100,403.3,,esp32,,0,,,,,,,,,,,,1,400.0,17.0,0.0,0,NONE
2026-09-29T18:32:48.313+00:00,245.208,manual,Manual cook,temp,2100,403.3,,esp32,,0,,,,,,,,,,,,1,400.0,18.0,0.0,0,NONE
2026-09-29T18:32:49.312+00:00,246.207,manual,Manual cook,temp,2100,404.6,,esp32,,0,,,,,,,,,,,,1,400.0,9.0,0.0,0,NONE
2026-09-29T18:32:49.812+00:00,246.707,manual,Manual cook,temp,2100,403.3,,esp32,,0,,,,,,,,,,,,1,400.0,0.0,0.0,0,NONE
2026-09-29T18:32:50.812+00:00,247.707,manual,Manual cook,temp,2100,402.8,,esp32,,0,,,,,,,,,,,,1,400.0,19.0,0.0,0,NONE
2026-09-29T18:32:51.812+00:00,248.707,manual,Manual cook,temp,2100,403.7,,esp32,,0,,,,,,,,,,,,1,400.0,3.0,0.0,0,NONE
2026-09-29T18:32:52.312+00:00,249.207,manual,Manual cook,temp,2100,403.3,,esp32,,0,,,,,,,,,,,,1,400.0,10.0,0.0,0,NONE
2026-09-29T18:32:52.812+00:00,249.707,manual,Manual cook,temp,2100,403.3,,esp32,,0,,,,,,,,,,,,1,400.0,18.0,0.0,0,NONE
2026-09-29T18:32:53.812+00:00,250.707,manual,Manual cook,temp,2100,402.8,,esp32,,0,,,,,,,,,,,,1,400.0,18.0,0.0,0,NONE
2026-09-29T18:32:54.812+00:00,251.707,manual,Manual cook,temp,2100,403.7,,esp32,,0,,,,,,,,,,,,1,400.0,0.0,0.0,0,NONE
2026-09-29T18:32:55.312+00:00,252.207,manual,Manual cook,temp,2100,403.7,,esp32,,0,,,,,,,,,,,,1,400.0,9.0,0.0,0,NONE
2026-09-29T18:32:55.813+00:00,252.708,manual,Manual cook,temp,2100,403.3,,esp32,,0,,,,,,,,,,,,1,400.0,18.0,0.0,0,NONE
2026-09-29T18:32:56.812+00:00,253.707,manual,Manual cook,temp,2100,403.3,,esp32,,0,,,,,,,,,,,,1,400.0,11.0,0.0,0,NONE
2026-09-29T18:32:57.312+00:00,254.207,manual,Manual cook,temp,2100,403.7,,esp32,,0,,,,,,,,,,,,1,400.0,19.0,0.0,0,NONE
2026-09-29T18:32:58.312+00:00,255.207,manual,Manual cook,temp,2100,403.3,,esp32,,0,,,,,,,,,,,,1,400.0,9.0,0.0,0,NONE
2026-09-29T18:32:58.812+00:00,255.707,manual,Manual cook,temp,2100,403.3,,esp32,,0,,,,,,,,,,,,1,400.0,11.0,0.0,0,NONE
2026-09-29T18:32:59.812+00:00,256.707,manual,Manual cook,temp,2100,404.6,,esp32,,0,,,,,,,,,,,,1,400.0,18.0,0.0,0,NONE
2026-09-29T18:33:00.812+00:00,257.707,manual,Manual cook,temp,2100,403.3,,esp32,,0,,,,,,,,,,,,1,400.0,9.0,0.0,0,NONE
2026-09-29T18:33:01.312+00:00,258.207,manual,Manual cook,temp,2100,403.3,,esp32,,0,,,,,,,,,,,,1,400.0,10.0,0.0,0,NONE
2026-09-29T18:33:01.812+00:00,258.707,manual,Manual cook,temp,2100,403.7,,esp32,,0,,,,,,,,,,,,1,400.0,2.0,0.0,0,NONE
2026-09-29T18:33:02.811+00:00,259.706,manual,Manual cook,temp,2100,403.7,,esp32,,0,,,,,,,,,,,,1,400.0,2.0,0.0,0,NONE
2026-09-29T18:33:03.312+00:00,260.207,manual,Manual cook,temp,2100,403.3,,esp32,,0,,,,,,,,,,,,1,400.0,17.0,0.0,0,NONE
2026-09-29T18:33:03.812+00:00,260.707,manual,Manual cook,temp,2100,403.7,,esp32,,0,,,,,,,,,,,,1,400.0,10.0,0.0,0,NONE
2026-09-29T18:33:04.811+00:00,261.706,manual,Manual cook,temp,2100,403.7,,esp32,,0,,,,,,,,,,,,1,400.0,9.0,0.0,0,NONE
2026-09-29T18:33:05.811+00:00,262.707,manual,Manual cook,temp,2100,401.5,,esp32,,0,,,,,,,,,,,,1,400.0,9.0,0.0,0,NONE
2026-09-29T18:33:06.811+00:00,263.706,manual,Manual cook,temp,2100,403.3,,esp32,,0,,,,,,,,,,,,1,400.0,0.0,0.0,0,NONE
2026-09-29T18:33:07.311+00:00,264.206,manual,Manual cook,temp,2100,402.4,,esp32,,0,,,,,,,,,,,,1,400.0,9.0,0.0,0,NONE
2026-09-29T18:33:07.811+00:00,264.706,manual,Manual cook,temp,2100,402.4,,esp32,,0,,,,,,,,,,,,1,400.0,12.0,0.0,0,NONE
2026-09-29T18:33:08.311+00:00,265.206,manual,Manual cook,temp,2100,402.8,,esp32,,0,,,,,,,,,,,,1,400.0,0.0,0.0,0,NONE
2026-09-29T18:33:09.311+00:00,266.206,manual,Manual cook,temp,2100,402.4,,esp32,,0,,,,,,,,,,,,1,400.0,19.0,0.0,0,NONE
2026-09-29T18:33:10.311+00:00,267.206,manual,Manual cook,temp,2100,402.8,,esp32,,0,,,,,,,,,,,,1,400.0,9.0,0.0,0,NONE
2026-09-29T18:33:10.811+00:00,267.706,manual,Manual cook,temp,2100,401.9,,esp32,,0,,,,,,,,,,,,1,400.0,11.0,0.0,0,NONE
2026-09-29T18:33:11.811+00:00,268.706,manual,Manual cook,temp,2100,402.4,,esp32,,0,,,,,,,,,,,,1,400.0,13.0,0.0,0,NONE
2026-09-29T18:33:12.312+00:00,269.207,manual,Manual cook,temp,2100,402.4,,esp32,,0,,,,,,,,,,,,1,400.0,4.0,0.0,0,NONE
2026-09-29T18:33:12.812+00:00,269.707,manual,Manual cook,temp,2100,402.4,,esp32,,0,,,,,,,,,,,,1,400.0,12.0,0.0,0,NONE
2026-09-29T18:33:13.811+00:00,270.706,manual,Manual cook,temp,2100,402.4,,esp32,,0,,,,,,,,,,,,1,400.0,11.0,0.0,0,NONE
2026-09-29T18:33:14.811+00:00,271.706,manual,Manual cook,temp,2100,402.4,,esp32,,0,,,,,,,,,,,,1,400.0,11.0,0.0,0,NONE
2026-09-29T18:33:15.811+00:00,272.706,manual,Manual cook,temp,2100,402.4,,esp32,,0,,,,,,,,,,,,1,400.0,3.0,0.0,0,NONE
2026-09-29T18:33:16.811+00:00,273.706,manual,Manual cook,temp,2100,402.8,,esp32,,0,,,,,,,,,,,,1,400.0,3.0,0.0,0,NONE
2026-09-29T18:33:17.311+00:00,274.206,manual,Manual cook,temp,2100,401.5,,esp32,,0,,,,,,,,,,,,1,400.0,35.0,0.0,0,NONE
2026-09-29T18:33:18.311+00:00,275.206,manual,Manual cook,temp,2100,403.3,,esp32,,0,,,,,,,,,,,,1,400.0,0.0,0.0,0,NONE
2026-09-29T18:33:18.811+00:00,275.706,manual,Manual cook,temp,2100,403.3,,esp32,,0,,,,,,,,,,,,1,400.0,9.0,0.0,0,NONE
2026-09-29T18:33:19.311+00:00,276.206,manual,Manual cook,temp,2100,403.3,,esp32,,0,,,,,,,,,,,,1,400.0,10.0,0.0,0,NONE
2026-09-29T18:33:20.311+00:00,277.206,manual,Manual cook,temp,2100,402.8,,esp32,,0,,,,,,,,,,,,1,400.0,3.0,0.0,0,NONE
2026-09-29T18:33:21.311+00:00,278.206,manual,Manual cook,temp,2100,402.8,,esp32,,0,,,,,,,,,,,,1,400.0,18.0,0.0,0,NONE
2026-09-29T18:33:22.311+00:00,279.206,manual,Manual cook,temp,2100,403.3,,esp32,,0,,,,,,,,,,,,1,400.0,9.0,0.0,0,NONE
2026-09-29T18:33:23.312+00:00,280.207,manual,Manual cook,temp,2100,402.8,,esp32,,0,,,,,,,,,,,,1,400.0,17.0,0.0,0,NONE
2026-09-29T18:33:24.311+00:00,281.206,manual,Manual cook,temp,2100,403.3,,esp32,,0,,,,,,,,,,,,1,400.0,3.0,0.0,0,NONE
2026-09-29T18:33:25.311+00:00,282.206,manual,Manual cook,temp,2100,401.9,,esp32,,0,,,,,,,,,,,,1,400.0,33.0,0.0,0,NONE
2026-09-29T18:33:26.311+00:00,283.206,manual,Manual cook,temp,2100,402.8,,esp32,,0,,,,,,,,,,,,1,400.0,9.0,0.0,0,NONE
2026-09-29T18:33:26.811+00:00,283.706,manual,Manual cook,temp,2100,402.8,,esp32,,0,,,,,,,,,,,,1,400.0,10.0,0.0,0,NONE
2026-09-29T18:33:27.311+00:00,284.206,manual,Manual cook,temp,2100,403.3,,esp32,,0,,,,,,,,,,,,1,400.0,10.0,0.0,0,NONE
2026-09-29T18:33:28.311+00:00,285.206,manual,Manual cook,temp,2100,403.7,,esp32,,0,,,,,,,,,,,,1,400.0,1.0,0.0,0,NONE
2026-09-29T18:33:28.812+00:00,285.707,manual,Manual cook,temp,2100,402.8,,esp32,,0,,,,,,,,,,,,1,400.0,32.0,0.0,0,NONE
2026-09-29T18:33:29.811+00:00,286.706,manual,Manual cook,temp,2100,402.8,,esp32,,0,,,,,,,,,,,,1,400.0,18.0,0.0,0,NONE
2026-09-29T18:33:30.811+00:00,287.706,manual,Manual cook,temp,2100,402.8,,esp32,,0,,,,,,,,,,,,1,400.0,10.0,0.0,0,NONE
2026-09-29T18:33:31.811+00:00,288.706,manual,Manual cook,temp,2100,402.4,,esp32,,0,,,,,,,,,,,,1,400.0,18.0,0.0,0,NONE
2026-09-29T18:33:32.811+00:00,289.706,manual,Manual cook,temp,2100,402.8,,esp32,,0,,,,,,,,,,,,1,400.0,10.0,0.0,0,NONE
2026-09-29T18:33:33.311+00:00,290.206,manual,Manual cook,temp,2100,402.8,,esp32,,0,,,,,,,,,,,,1,400.0,10.0,0.0,0,NONE
2026-09-29T18:33:33.811+00:00,290.706,manual,Manual cook,temp,2100,403.3,,esp32,,0,,,,,,,,,,,,1,400.0,10.0,0.0,0,NONE
2026-09-29T18:33:34.810+00:00,291.706,manual,Manual cook,temp,2100,403.3,,esp32,,0,,,,,,,,,,,,1,400.0,9.0,0.0,0,NONE
2026-09-29T18:33:35.311+00:00,292.206,manual,Manual cook,temp,2100,403.3,,esp32,,0,,,,,,,,,,,,1,400.0,9.0,0.0,0,NONE
2026-09-29T18:33:36.311+00:00,293.206,manual,Manual cook,temp,2100,402.8,,esp32,,0,,,,,,,,,,,,1,400.0,17.0,0.0,0,NONE
2026-09-29T18:33:37.310+00:00,294.206,manual,Manual cook,temp,2100,403.7,,esp32,,0,,,,,,,,,,,,1,400.0,0.0,0.0,0,NONE
2026-09-29T18:33:38.310+00:00,295.205,manual,Manual cook,temp,2100,402.8,,esp32,,0,,,,,,,,,,,,1,400.0,9.0,0.0,0,NONE
2026-09-29T18:33:38.811+00:00,295.706,manual,Manual cook,temp,2100,403.3,,esp32,,0,,,,,,,,,,,,1,400.0,0.0,0.0,0,NONE
2026-09-29T18:33:39.311+00:00,296.206,manual,Manual cook,temp,2100,403.3,,esp32,,0,,,,,,,,,,,,1,400.0,9.0,0.0,0,NONE
2026-09-29T18:33:40.310+00:00,297.205,manual,Manual cook,temp,2100,403.7,,esp32,,0,,,,,,,,,,,,1,400.0,0.0,0.0,0,NONE
2026-09-29T18:33:40.810+00:00,297.705,manual,Manual cook,temp,2100,403.7,,esp32,,0,,,,,,,,,,,,1,400.0,7.0,0.0,0,NONE
2026-09-29T18:33:41.311+00:00,298.206,manual,Manual cook,temp,2100,403.7,,esp32,,0,,,,,,,,,,,,1,400.0,16.0,0.0,0,NONE
2026-09-29T18:33:42.310+00:00,299.205,manual,Manual cook,temp,2100,402.8,,esp32,,0,,,,,,,,,,,,1,400.0,9.0,0.0,0,NONE
2026-09-29T18:33:42.810+00:00,299.705,manual,Manual cook,temp,2100,402.8,,esp32,,0,,,,,,,,,,,,1,400.0,9.0,0.0,0,NONE
2026-09-29T18:33:43.810+00:00,300.705,manual,Manual cook,temp,2100,403.3,,esp32,,0,,,,,,,,,,,,1,400.0,1.0,0.0,0,NONE
2026-09-29T18:33:44.310+00:00,301.205,manual,Manual cook,temp,2100,403.7,,esp32,,0,,,,,,,,,,,,1,400.0,24.0,0.0,0,NONE
2026-09-29T18:33:45.311+00:00,302.206,manual,Manual cook,temp,2100,403.3,,esp32,,0,,,,,,,,,,,,1,400.0,9.0,0.0,0,NONE
2026-09-29T18:33:46.310+00:00,303.205,manual,Manual cook,temp,2100,403.7,,esp32,,0,,,,,,,,,,,,1,400.0,0.0,0.0,0,NONE
2026-09-29T18:33:47.310+00:00,304.205,manual,Manual cook,temp,2100,403.7,,esp32,,0,,,,,,,,,,,,1,400.0,7.0,0.0,0,NONE
2026-09-29T18:33:48.310+00:00,305.205,manual,Manual cook,temp,2100,403.3,,esp32,,0,,,,,,,,,,,,1,400.0,15.0,0.0,0,NONE
2026-09-29T18:33:49.310+00:00,306.205,manual,Manual cook,temp,2100,402.8,,esp32,,0,,,,,,,,,,,,1,400.0,16.0,0.0,0,NONE
2026-09-29T18:33:50.310+00:00,307.205,manual,Manual cook,temp,2100,402.8,,esp32,,0,,,,,,,,,,,,1,400.0,9.0,0.0,0,NONE
2026-09-29T18:33:50.810+00:00,307.706,manual,Manual cook,temp,2100,403.3,,esp32,,0,,,,,,,,,,,,1,400.0,1.0,0.0,0,NONE
2026-09-29T18:33:51.810+00:00,308.705,manual,Manual cook,temp,2100,402.4,,esp32,,0,,,,,,,,,,,,1,400.0,17.0,0.0,0,NONE
2026-09-29T18:33:52.310+00:00,309.205,manual,Manual cook,temp,2100,402.4,,esp32,,0,,,,,,,,,,,,1,400.0,1.0,0.0,0,NONE
2026-09-29T18:33:53.310+00:00,310.205,manual,Manual cook,temp,2100,402.4,,esp32,,0,,,,,,,,,,,,1,400.0,18.0,0.0,0,NONE
2026-09-29T18:33:54.310+00:00,311.205,manual,Manual cook,temp,2100,402.8,,esp32,,0,,,,,,,,,,,,1,400.0,1.0,0.0,0,NONE
2026-09-29T18:33:55.310+00:00,312.205,manual,Manual cook,temp,2100,403.3,,esp32,,0,,,,,,,,,,,,1,400.0,0.0,0.0,0,NONE
2026-09-29T18:33:56.310+00:00,313.205,manual,Manual cook,temp,2100,402.4,,esp32,,0,,,,,,,,,,,,1,400.0,0.0,0.0,0,NONE
2026-09-29T18:33:57.310+00:00,314.205,manual,Manual cook,temp,2100,401.5,,esp32,,0,,,,,,,,,,,,1,400.0,26.0,0.0,0,NONE
2026-09-29T18:33:58.310+00:00,315.205,manual,Manual cook,temp,2100,401.9,,esp32,,0,,,,,,,,,,,,1,400.0,9.0,0.0,0,NONE
2026-09-29T18:33:59.310+00:00,316.205,manual,Manual cook,temp,2100,401.9,,esp32,,0,,,,,,,,,,,,1,400.0,10.0,0.0,0,NONE
2026-09-29T18:34:00.310+00:00,317.205,manual,Manual cook,temp,2100,401.5,,esp32,,0,,,,,,,,,,,,1,400.0,11.0,0.0,0,NONE
2026-09-29T18:34:00.810+00:00,317.705,manual,Manual cook,temp,2100,401.9,,esp32,,0,,,,,,,,,,,,1,400.0,19.0,0.0,0,NONE
2026-09-29T18:34:01.810+00:00,318.705,manual,Manual cook,temp,2100,401.9,,esp32,,0,,,,,,,,,,,,1,400.0,9.0,0.0,0,NONE
2026-09-29T18:34:02.810+00:00,319.705,manual,Manual cook,temp,2100,401.9,,esp32,,0,,,,,,,,,,,,1,400.0,9.0,0.0,0,NONE
2026-09-29T18:34:03.310+00:00,320.205,manual,Manual cook,temp,2100,401.9,,esp32,,0,,,,,,,,,,,,1,400.0,10.0,0.0,0,NONE
2026-09-29T18:34:04.310+00:00,321.205,manual,Manual cook,temp,2100,401.0,,esp32,,0,,,,,,,,,,,,1,400.0,4.0,0.0,0,NONE
2026-09-29T18:34:05.310+00:00,322.205,manual,Manual cook,temp,2100,401.5,,esp32,,0,,,,,,,,,,,,1,400.0,0.0,0.0,0,NONE
2026-09-29T18:34:06.310+00:00,323.205,manual,Manual cook,temp,2100,401.5,,esp32,,0,,,,,,,,,,,,1,400.0,11.0,0.0,0,NONE
2026-09-29T18:34:07.310+00:00,324.205,manual,Manual cook,temp,2100,401.0,,esp32,,0,,,,,,,,,,,,1,400.0,19.0,0.0,0,NONE
2026-09-29T18:34:08.310+00:00,325.205,manual,Manual cook,temp,2100,401.0,,esp32,,0,,,,,,,,,,,,1,400.0,12.0,0.0,0,NONE
2026-09-29T18:34:09.310+00:00,326.205,manual,Manual cook,temp,2100,401.5,,esp32,,0,,,,,,,,,,,,1,400.0,11.0,0.0,0,NONE
2026-09-29T18:34:09.810+00:00,326.705,manual,Manual cook,temp,2100,401.5,,esp32,,0,,,,,,,,,,,,1,400.0,11.0,0.0,0,NONE
2026-09-29T18:34:10.810+00:00,327.705,manual,Manual cook,temp,2100,402.4,,esp32,,0,,,,,,,,,,,,1,400.0,11.0,0.0,0,NONE
2026-09-29T18:34:11.809+00:00,328.704,manual,Manual cook,temp,2100,401.0,,esp32,,0,,,,,,,,,,,,1,400.0,9.0,0.0,0,NONE
2026-09-29T18:34:12.309+00:00,329.205,manual,Manual cook,temp,2100,401.9,,esp32,,0,,,,,,,,,,,,1,400.0,0.0,0.0,0,NONE
2026-09-29T18:34:13.311+00:00,330.206,manual,Manual cook,temp,2100,401.9,,esp32,,0,,,,,,,,,,,,1,400.0,2.0,0.0,0,NONE
2026-09-29T18:34:14.310+00:00,331.205,manual,Manual cook,temp,2100,402.4,,esp32,,0,,,,,,,,,,,,1,400.0,2.0,0.0,0,NONE
2026-09-29T18:34:15.309+00:00,332.204,manual,Manual cook,temp,2100,401.5,,esp32,,0,,,,,,,,,,,,1,400.0,4.0,0.0,0,NONE
2026-09-29T18:34:16.309+00:00,333.204,manual,Manual cook,temp,2100,401.5,,esp32,,0,,,,,,,,,,,,1,400.0,10.0,0.0,0,NONE
2026-09-29T18:34:16.809+00:00,333.704,manual,Manual cook,temp,2100,401.9,,esp32,,0,,,,,,,,,,,,1,400.0,18.0,0.0,0,NONE
2026-09-29T18:34:17.809+00:00,334.704,manual,Manual cook,temp,2100,402.4,,esp32,,0,,,,,,,,,,,,1,400.0,10.0,0.0,0,NONE
2026-09-29T18:34:18.809+00:00,335.704,manual,Manual cook,temp,2100,401.5,,esp32,,0,,,,,,,,,,,,1,400.0,17.0,0.0,0,NONE
2026-09-29T18:34:19.309+00:00,336.204,manual,Manual cook,temp,2100,401.5,,esp32,,0,,,,,,,,,,,,1,400.0,18.0,0.0,0,NONE
2026-09-29T18:34:19.810+00:00,336.705,manual,Manual cook,temp,2100,401.9,,esp32,,0,,,,,,,,,,,,1,400.0,0.0,0.0,0,NONE
2026-09-29T18:34:20.809+00:00,337.704,manual,Manual cook,temp,2100,401.9,,esp32,,0,,,,,,,,,,,,1,400.0,10.0,0.0,0,NONE
2026-09-29T18:34:21.309+00:00,338.204,manual,Manual cook,temp,2100,401.5,,esp32,,0,,,,,,,,,,,,1,400.0,2.0,0.0,0,NONE
2026-09-29T18:34:22.309+00:00,339.204,manual,Manual cook,temp,2100,401.5,,esp32,,0,,,,,,,,,,,,1,400.0,11.0,0.0,0,NONE
2026-09-29T18:34:23.310+00:00,340.205,manual,Manual cook,temp,2100,401.9,,esp32,,0,,,,,,,,,,,,1,400.0,10.0,0.0,0,NONE
2026-09-29T18:34:24.309+00:00,341.204,manual,Manual cook,temp,2100,401.9,,esp32,,0,,,,,,,,,,,,1,400.0,25.0,0.0,0,NONE
2026-09-29T18:34:25.309+00:00,342.204,manual,Manual cook,temp,2100,402.4,,esp32,,0,,,,,,,,,,,,1,400.0,1.0,0.0,0,NONE
2026-09-29T18:34:26.309+00:00,343.204,manual,Manual cook,temp,2100,402.4,,esp32,,0,,,,,,,,,,,,1,400.0,9.0,0.0,0,NONE
2026-09-29T18:34:26.809+00:00,343.704,manual,Manual cook,temp,2100,401.9,,esp32,,0,,,,,,,,,,,,1,400.0,17.0,0.0,0,NONE
2026-09-29T18:34:27.809+00:00,344.704,manual,Manual cook,temp,2100,401.9,,esp32,,0,,,,,,,,,,,,1,400.0,9.0,0.0,0,NONE
2026-09-29T18:34:28.809+00:00,345.704,manual,Manual cook,temp,2100,401.9,,esp32,,0,,,,,,,,,,,,1,400.0,9.0,0.0,0,NONE
2026-09-29T18:34:29.309+00:00,346.204,manual,Manual cook,temp,2100,401.0,,esp32,,0,,,,,,,,,,,,1,400.0,26.0,0.0,0,NONE
2026-09-29T18:34:30.310+00:00,347.205,manual,Manual cook,temp,2100,401.5,,esp32,,0,,,,,,,,,,,,1,400.0,10.0,0.0,0,NONE
2026-09-29T18:34:31.309+00:00,348.204,manual,Manual cook,temp,2100,401.5,,esp32,,0,,,,,,,,,,,,1,400.0,17.0,0.0,0,NONE
2026-09-29T18:34:32.309+00:00,349.204,manual,Manual cook,temp,2100,401.5,,esp32,,0,,,,,,,,,,,,1,400.0,10.0,0.0,0,NONE
2026-09-29T18:34:32.809+00:00,349.704,manual,Manual cook,temp,2100,401.0,,esp32,,0,,,,,,,,,,,,1,400.0,10.0,0.0,0,NONE
2026-09-29T18:34:33.809+00:00,350.704,manual,Manual cook,temp,2100,401.0,,esp32,,0,,,,,,,,,,,,1,400.0,11.0,0.0,0,NONE
2026-09-29T18:34:34.309+00:00,351.204,manual,Manual cook,temp,2100,401.9,,esp32,,0,,,,,,,,,,,,1,400.0,3.0,0.0,0,NONE
2026-09-29T18:34:35.309+00:00,352.204,manual,Manual cook,temp,2100,401.0,,esp32,,0,,,,,,,,,,,,1,400.0,17.0,0.0,0,NONE
2026-09-29T18:34:35.809+00:00,352.704,manual,Manual cook,temp,2100,401.0,,esp32,,0,,,,,,,,,,,,1,400.0,18.0,0.0,0,NONE
2026-09-29T18:34:36.809+00:00,353.704,manual,Manual cook,temp,2100,401.5,,esp32,,0,,,,,,,,,,,,1,400.0,10.0,0.0,0,NONE
2026-09-29T18:34:37.809+00:00,354.704,manual,Manual cook,temp,2100,401.9,,esp32,,0,,,,,,,,,,,,1,400.0,9.0,0.0,0,NONE
2026-09-29T18:34:38.309+00:00,355.204,manual,Manual cook,temp,2100,401.5,,esp32,,0,,,,,,,,,,,,1,400.0,17.0,0.0,0,NONE
2026-09-29T18:34:38.809+00:00,355.704,manual,Manual cook,temp,2100,401.5,,esp32,,0,,,,,,,,,,,,1,400.0,10.0,0.0,0,NONE
2026-09-29T18:34:39.309+00:00,356.204,manual,Manual cook,temp,2100,401.9,,esp32,,0,,,,,,,,,,,,1,400.0,10.0,0.0,0,NONE
2026-09-29T18:34:40.309+00:00,357.204,manual,Manual cook,temp,2100,401.9,,esp32,,0,,,,,,,,,,,,1,400.0,9.0,0.0,0,NONE
2026-09-29T18:34:41.309+00:00,358.204,manual,Manual cook,temp,2100,401.9,,esp32,,0,,,,,,,,,,,,1,400.0,16.0,0.0,0,NONE
2026-09-29T18:34:42.308+00:00,359.203,manual,Manual cook,temp,2100,401.9,,esp32,,0,,,,,,,,,,,,1,400.0,9.0,0.0,0,NONE
2026-09-29T18:34:42.809+00:00,359.704,manual,Manual cook,temp,2100,401.9,,esp32,,0,,,,,,,,,,,,1,400.0,17.0,0.0,0,NONE
2026-09-29T18:34:43.808+00:00,360.704,manual,Manual cook,temp,2100,402.4,,esp32,,0,,,,,,,,,,,,1,400.0,1.0,0.0,0,NONE
2026-09-29T18:34:44.808+00:00,361.704,manual,Manual cook,temp,2100,401.5,,esp32,,0,,,,,,,,,,,,1,400.0,24.0,0.0,0,NONE
2026-09-29T18:34:45.808+00:00,362.704,manual,Manual cook,temp,2100,402.4,,esp32,,0,,,,,,,,,,,,1,400.0,9.0,0.0,0,NONE
2026-09-29T18:34:46.808+00:00,363.703,manual,Manual cook,temp,2100,401.5,,esp32,,0,,,,,,,,,,,,1,400.0,9.0,0.0,0,NONE
2026-09-29T18:34:47.309+00:00,364.204,manual,Manual cook,temp,2100,402.4,,esp32,,0,,,,,,,,,,,,1,400.0,0.0,0.0,0,NONE
2026-09-29T18:34:48.308+00:00,365.203,manual,Manual cook,temp,2100,401.9,,esp32,,0,,,,,,,,,,,,1,400.0,16.0,0.0,0,NONE
2026-09-29T18:34:48.808+00:00,365.704,manual,Manual cook,temp,2100,401.0,,esp32,,0,,,,,,,,,,,,1,400.0,25.0,0.0,0,NONE
2026-09-29T18:34:49.808+00:00,366.703,manual,Manual cook,temp,2100,401.0,,esp32,,0,,,,,,,,,,,,1,400.0,2.0,0.0,0,NONE
2026-09-29T18:34:50.808+00:00,367.703,manual,Manual cook,temp,2100,401.5,,esp32,,0,,,,,,,,,,,,1,400.0,0.0,0.0,0,NONE
2026-09-29T18:34:51.808+00:00,368.703,manual,Manual cook,temp,2100,401.9,,esp32,,0,,,,,,,,,,,,1,400.0,2.0,0.0,0,NONE
2026-09-29T18:34:52.808+00:00,369.703,manual,Manual cook,temp,2100,401.9,,esp32,,0,,,,,,,,,,,,1,400.0,9.0,0.0,0,NONE
2026-09-29T18:34:53.808+00:00,370.703,manual,Manual cook,temp,2100,401.9,,esp32,,0,,,,,,,,,,,,1,400.0,9.0,0.0,0,NONE
2026-09-29T18:34:54.308+00:00,371.203,manual,Manual cook,temp,2100,401.0,,esp32,,0,,,,,,,,,,,,1,400.0,25.0,0.0,0,NONE
2026-09-29T18:34:55.308+00:00,372.203,manual,Manual cook,temp,2100,401.9,,esp32,,0,,,,,,,,,,,,1,400.0,0.0,0.0,0,NONE
2026-09-29T18:34:56.308+00:00,373.203,manual,Manual cook,temp,2100,401.5,,esp32,,0,,,,,,,,,,,,1,400.0,17.0,0.0,0,NONE
2026-09-29T18:34:56.808+00:00,373.703,manual,Manual cook,temp,2100,400.5,,esp32,,0,,,,,,,,,,,,1,400.0,26.0,0.0,0,NONE
2026-09-29T18:34:57.808+00:00,374.703,manual,Manual cook,temp,2100,401.9,,esp32,,0,,,,,,,,,,,,1,400.0,9.0,0.0,0,NONE
2026-09-29T18:34:58.309+00:00,375.204,manual,Manual cook,temp,2100,401.9,,esp32,,0,,,,,,,,,,,,1,400.0,9.0,0.0,0,NONE
2026-09-29T18:34:59.308+00:00,376.203,manual,Manual cook,temp,2100,401.9,,esp32,,0,,,,,,,,,,,,1,400.0,9.0,0.0,0,NONE
2026-09-29T18:35:00.308+00:00,377.203,manual,Manual cook,temp,2100,401.9,,esp32,,0,,,,,,,,,,,,1,400.0,25.0,0.0,0,NONE
2026-09-29T18:35:01.308+00:00,378.203,manual,Manual cook,temp,2100,401.9,,esp32,,0,,,,,,,,,,,,1,400.0,8.0,0.0,0,NONE
2026-09-29T18:35:01.808+00:00,378.703,manual,Manual cook,temp,2100,402.4,,esp32,,0,,,,,,,,,,,,1,400.0,0.0,0.0,0,NONE
2026-09-29T18:35:02.808+00:00,379.703,manual,Manual cook,temp,2100,402.4,,esp32,,0,,,,,,,,,,,,1,400.0,29.0,0.0,0,NONE
2026-09-29T18:35:03.308+00:00,380.203,manual,Manual cook,temp,2100,402.4,,esp32,,0,,,,,,,,,,,,1,400.0,0.0,0.0,0,NONE
2026-09-29T18:35:04.308+00:00,381.203,manual,Manual cook,temp,2100,401.9,,esp32,,0,,,,,,,,,,,,1,400.0,7.0,0.0,0,NONE
2026-09-29T18:35:04.808+00:00,381.703,manual,Manual cook,temp,2100,401.9,,esp32,,0,,,,,,,,,,,,1,400.0,16.0,0.0,0,NONE
2026-09-29T18:35:05.808+00:00,382.703,manual,Manual cook,temp,2100,401.5,,esp32,,0,,,,,,,,,,,,1,400.0,9.0,0.0,0,NONE
2026-09-29T18:35:06.308+00:00,383.203,manual,Manual cook,temp,2100,401.9,,esp32,,0,,,,,,,,,,,,1,400.0,1.0,0.0,0,NONE
2026-09-29T18:35:07.308+00:00,384.203,manual,Manual cook,temp,2100,402.4,,esp32,,0,,,,,,,,,,,,1,400.0,0.0,0.0,0,NONE
2026-09-29T18:35:08.308+00:00,385.203,manual,Manual cook,temp,2100,402.4,,esp32,,0,,,,,,,,,,,,1,400.0,0.0,0.0,0,NONE
2026-09-29T18:35:09.311+00:00,386.206,manual,Manual cook,temp,2100,401.9,,esp32,,0,,,,,,,,,,,,1,400.0,8.0,0.0,0,NONE
2026-09-29T18:35:10.309+00:00,387.204,manual,Manual cook,temp,2100,401.9,,esp32,,0,,,,,,,,,,,,1,400.0,0.0,0.0,0,NONE
2026-09-29T18:35:11.308+00:00,388.203,manual,Manual cook,temp,2100,401.5,,esp32,,0,,,,,,,,,,,,1,400.0,9.0,0.0,0,NONE
2026-09-29T18:35:12.308+00:00,389.203,manual,Manual cook,temp,2100,401.5,,esp32,,0,,,,,,,,,,,,1,400.0,16.0,0.0,0,NONE
2026-09-29T18:35:13.308+00:00,390.203,manual,Manual cook,temp,2100,401.9,,esp32,,0,,,,,,,,,,,,1,400.0,1.0,0.0,0,NONE
2026-09-29T18:35:14.308+00:00,391.203,manual,Manual cook,temp,2100,401.0,,esp32,,0,,,,,,,,,,,,1,400.0,24.0,0.0,0,NONE
2026-09-29T18:35:15.308+00:00,392.203,manual,Manual cook,temp,2100,401.5,,esp32,,0,,,,,,,,,,,,1,400.0,0.0,0.0,0,NONE
2026-09-29T18:35:16.308+00:00,393.203,manual,Manual cook,temp,2100,401.5,,esp32,,0,,,,,,,,,,,,1,400.0,1.0,0.0,0,NONE
2026-09-29T18:35:16.809+00:00,393.704,manual,Manual cook,temp,2100,401.5,,esp32,,0,,,,,,,,,,,,1,400.0,16.0,0.0,0,NONE
2026-09-29T18:35:17.807+00:00,394.702,manual,Manual cook,temp,2100,401.0,,esp32,,0,,,,,,,,,,,,1,400.0,10.0,0.0,0,NONE
2026-09-29T18:35:18.308+00:00,395.203,manual,Manual cook,temp,2100,401.0,,esp32,,0,,,,,,,,,,,,1,400.0,10.0,0.0,0,NONE
2026-09-29T18:35:19.308+00:00,396.203,manual,Manual cook,temp,2100,400.5,,esp32,,0,,,,,,,,,,,,1,400.0,17.0,0.0,0,NONE
2026-09-29T18:35:20.307+00:00,397.202,manual,Manual cook,temp,2100,401.0,,esp32,,0,,,,,,,,,,,,1,400.0,3.0,0.0,0,NONE
2026-09-29T18:35:20.807+00:00,397.702,manual,Manual cook,temp,2100,400.5,,esp32,,0,,,,,,,,,,,,1,400.0,18.0,0.0,0,NONE
2026-09-29T18:35:21.807+00:00,398.702,manual,Manual cook,temp,2100,400.5,,esp32,,0,,,,,,,,,,,,1,400.0,10.0,0.0,0,NONE
2026-09-29T18:35:22.807+00:00,399.702,manual,Manual cook,temp,2100,400.5,,esp32,,0,,,,,,,,,,,,1,400.0,11.0,0.0,0,NONE
2026-09-29T18:35:23.307+00:00,400.202,manual,Manual cook,temp,2100,401.0,,esp32,,0,,,,,,,,,,,,1,400.0,2.0,0.0,0,NONE
2026-09-29T18:35:23.807+00:00,400.702,manual,Manual cook,temp,2100,401.0,,esp32,,0,,,,,,,,,,,,1,400.0,10.0,0.0,0,NONE
2026-09-29T18:35:24.807+00:00,401.702,manual,Manual cook,temp,2100,401.0,,esp32,,0,,,,,,,,,,,,1,400.0,10.0,0.0,0,NONE
2026-09-29T18:35:25.307+00:00,402.202,manual,Manual cook,temp,2100,401.0,,esp32,,0,,,,,,,,,,,,1,400.0,10.0,0.0,0,NONE
2026-09-29T18:35:26.307+00:00,403.202,manual,Manual cook,temp,2100,401.5,,esp32,,0,,,,,,,,,,,,1,400.0,2.0,0.0,0,NONE
2026-09-29T18:35:27.308+00:00,404.203,manual,Manual cook,temp,2100,401.5,,esp32,,0,,,,,,,,,,,,1,400.0,9.0,0.0,0,NONE
2026-09-29T18:35:28.307+00:00,405.202,manual,Manual cook,temp,2100,400.5,,esp32,,0,,,,,,,,,,,,1,400.0,9.0,0.0,0,NONE
2026-09-29T18:35:29.307+00:00,406.202,manual,Manual cook,temp,2100,400.5,,esp32,,0,,,,,,,,,,,,1,400.0,0.0,0.0,0,NONE
2026-09-29T18:35:30.307+00:00,407.202,manual,Manual cook,temp,2100,401.5,,esp32,,0,,,,,,,,,,,,1,400.0,0.0,0.0,0,NONE
2026-09-29T18:35:31.307+00:00,408.202,manual,Manual cook,temp,2100,402.4,,esp32,,0,,,,,,,,,,,,1,400.0,0.0,0.0,0,NONE
2026-09-29T18:35:32.307+00:00,409.202,manual,Manual cook,temp,2100,401.9,,esp32,,0,,,,,,,,,,,,1,400.0,8.0,0.0,0,NONE
2026-09-29T18:35:32.807+00:00,409.702,manual,Manual cook,temp,2100,401.5,,esp32,,0,,,,,,,,,,,,1,400.0,8.0,0.0,0,NONE
2026-09-29T18:35:33.308+00:00,410.203,manual,Manual cook,temp,2100,401.5,,esp32,,0,,,,,,,,,,,,1,400.0,16.0,0.0,0,NONE
2026-09-29T18:35:34.307+00:00,411.202,manual,Manual cook,temp,2100,402.8,,esp32,,0,,,,,,,,,,,,1,400.0,0.0,0.0,0,NONE
2026-09-29T18:35:35.307+00:00,412.202,manual,Manual cook,temp,2100,402.4,,esp32,,0,,,,,,,,,,,,1,400.0,0.0,0.0,0,NONE
2026-09-29T18:35:36.307+00:00,413.202,manual,Manual cook,temp,2100,401.5,,esp32,,0,,,,,,,,,,,,1,400.0,16.0,0.0,0,NONE
2026-09-29T18:35:37.307+00:00,414.202,manual,Manual cook,temp,2100,401.9,,esp32,,0,,,,,,,,,,,,1,400.0,7.0,0.0,0,NONE
2026-09-29T18:35:37.807+00:00,414.702,manual,Manual cook,temp,2100,401.9,,esp32,,0,,,,,,,,,,,,1,400.0,15.0,0.0,0,NONE
2026-09-29T18:35:38.807+00:00,415.702,manual,Manual cook,temp,2100,401.5,,esp32,,0,,,,,,,,,,,,1,400.0,0.0,0.0,0,NONE
2026-09-29T18:35:39.308+00:00,416.203,manual,Manual cook,temp,2100,401.5,,esp32,,0,,,,,,,,,,,,1,400.0,9.0,0.0,0,NONE
2026-09-29T18:35:40.307+00:00,417.202,manual,Manual cook,temp,2100,402.4,,esp32,,0,,,,,,,,,,,,1,400.0,0.0,0.0,0,NONE
2026-09-29T18:35:41.307+00:00,418.202,manual,Manual cook,temp,2100,401.9,,esp32,,0,,,,,,,,,,,,1,400.0,7.0,0.0,0,NONE
2026-09-29T18:35:41.807+00:00,418.702,manual,Manual cook,temp,2100,401.9,,esp32,,0,,,,,,,,,,,,1,400.0,7.0,0.0,0,NONE
2026-09-29T18:35:42.807+00:00,419.702,manual,Manual cook,temp,2100,401.5,,esp32,,0,,,,,,,,,,,,1,400.0,9.0,0.0,0,NONE
2026-09-29T18:35:43.307+00:00,420.202,manual,Manual cook,temp,2100,401.5,,esp32,,0,,,,,,,,,,,,1,400.0,16.0,0.0,0,NONE
2026-09-29T18:35:44.307+00:00,421.202,manual,Manual cook,temp,2100,401.9,,esp32,,0,,,,,,,,,,,,1,400.0,7.0,0.0,0,NONE
2026-09-29T18:35:44.807+00:00,421.702,manual,Manual cook,temp,2100,401.5,,esp32,,0,,,,,,,,,,,,1,400.0,0.0,0.0,0,NONE
2026-09-29T18:35:45.807+00:00,422.702,manual,Manual cook,temp,2100,401.5,,esp32,,0,,,,,,,,,,,,1,400.0,8.0,0.0,0,NONE
2026-09-29T18:35:46.807+00:00,423.702,manual,Manual cook,temp,2100,401.0,,esp32,,0,,,,,,,,,,,,1,400.0,7.0,0.0,0,NONE
2026-09-29T18:35:47.307+00:00,424.202,manual,Manual cook,temp,2100,401.0,,esp32,,0,,,,,,,,,,,,1,400.0,23.0,0.0,0,NONE
2026-09-29T18:35:48.307+00:00,425.202,manual,Manual cook,temp,2100,401.0,,esp32,,0,,,,,,,,,,,,1,400.0,0.0,0.0,0,NONE
2026-09-29T18:35:49.306+00:00,426.202,manual,Manual cook,temp,2100,401.5,,esp32,,0,,,,,,,,,,,,1,400.0,1.0,0.0,0,NONE
2026-09-29T18:35:50.307+00:00,427.202,manual,Manual cook,temp,2100,401.5,,esp32,,0,,,,,,,,,,,,1,400.0,9.0,0.0,0,NONE
2026-09-29T18:35:51.307+00:00,428.202,manual,Manual cook,temp,2100,401.5,,esp32,,0,,,,,,,,,,,,1,400.0,8.0,0.0,0,NONE
2026-09-29T18:35:52.306+00:00,429.201,manual,Manual cook,temp,2100,401.0,,esp32,,0,,,,,,,,,,,,1,400.0,9.0,0.0,0,NONE
2026-09-29T18:35:53.306+00:00,430.201,manual,Manual cook,temp,2100,401.0,,esp32,,0,,,,,,,,,,,,1,400.0,9.0,0.0,0,NONE
2026-09-29T18:35:54.307+00:00,431.202,manual,Manual cook,temp,2100,400.5,,esp32,,0,,,,,,,,,,,,1,400.0,17.0,0.0,0,NONE
2026-09-29T18:35:55.306+00:00,432.201,manual,Manual cook,temp,2100,401.5,,esp32,,0,,,,,,,,,,,,1,400.0,0.0,0.0,0,NONE
2026-09-29T18:35:56.306+00:00,433.201,manual,Manual cook,temp,2100,401.0,,esp32,,0,,,,,,,,,,,,1,400.0,0.0,0.0,0,NONE
2026-09-29T18:35:57.307+00:00,434.202,manual,Manual cook,temp,2100,400.5,,esp32,,0,,,,,,,,,,,,1,400.0,17.0,0.0,0,NONE
2026-09-29T18:35:58.306+00:00,435.201,manual,Manual cook,temp,2100,400.5,,esp32,,0,,,,,,,,,,,,1,400.0,17.0,0.0,0,NONE
2026-09-29T18:35:59.306+00:00,436.201,manual,Manual cook,temp,2100,400.5,,esp32,,0,,,,,,,,,,,,1,400.0,17.0,0.0,0,NONE
2026-09-29T18:35:59.806+00:00,436.701,manual,Manual cook,temp,2100,401.0,,esp32,,0,,,,,,,,,,,,1,400.0,10.0,0.0,0,NONE
2026-09-29T18:36:00.806+00:00,437.701,manual,Manual cook,temp,2100,400.5,,esp32,,0,,,,,,,,,,,,1,400.0,17.0,0.0,0,NONE
2026-09-29T18:36:01.806+00:00,438.701,manual,Manual cook,temp,2100,400.5,,esp32,,0,,,,,,,,,,,,1,400.0,17.0,0.0,0,NONE
2026-09-29T18:36:02.306+00:00,439.201,manual,Manual cook,temp,2100,400.5,,esp32,,0,,,,,,,,,,,,1,400.0,10.0,0.0,0,NONE
2026-09-29T18:36:02.807+00:00,439.702,manual,Manual cook,temp,2100,400.1,,esp32,,0,,,,,,,,,,,,1,400.0,26.0,0.0,0,NONE
2026-09-29T18:36:03.806+00:00,440.701,manual,Manual cook,temp,2100,399.6,,esp32,,0,,,,,,,,,,,,1,400.0,19.0,0.0,0,NONE
2026-09-29T18:36:04.306+00:00,441.201,manual,Manual cook,temp,2100,400.1,,esp32,,0,,,,,,,,,,,,1,400.0,3.0,0.0,0,NONE
2026-09-29T18:36:05.306+00:00,442.201,manual,Manual cook,temp,2100,400.1,,esp32,,0,,,,,,,,,,,,1,400.0,11.0,0.0,0,NONE
2026-09-29T18:36:06.306+00:00,443.201,manual,Manual cook,temp,2100,401.0,,esp32,,0,,,,,,,,,,,,1,400.0,9.0,0.0,0,NONE
2026-09-29T18:36:07.306+00:00,444.201,manual,Manual cook,temp,2100,401.0,,esp32,,0,,,,,,,,,,,,1,400.0,17.0,0.0,0,NONE
2026-09-29T18:36:08.307+00:00,445.202,manual,Manual cook,temp,2100,400.1,,esp32,,0,,,,,,,,,,,,1,400.0,25.0,0.0,0,NONE
2026-09-29T18:36:09.306+00:00,446.201,manual,Manual cook,temp,2100,400.5,,esp32,,0,,,,,,,,,,,,1,400.0,9.0,0.0,0,NONE
2026-09-29T18:36:09.806+00:00,446.701,manual,Manual cook,temp,2100,401.0,,esp32,,0,,,,,,,,,,,,1,400.0,18.0,0.0,0,NONE
2026-09-29T18:36:10.806+00:00,447.701,manual,Manual cook,temp,2100,400.1,,esp32,,0,,,,,,,,,,,,1,400.0,9.0,0.0,0,NONE
2026-09-29T18:36:11.306+00:00,448.201,manual,Manual cook,temp,2100,400.1,,esp32,,0,,,,,,,,,,,,1,400.0,18.0,0.0,0,NONE
2026-09-29T18:36:11.806+00:00,448.701,manual,Manual cook,temp,2100,400.5,,esp32,,0,,,,,,,,,,,,1,400.0,11.0,0.0,0,NONE
2026-09-29T18:36:12.306+00:00,449.201,manual,Manual cook,temp,2100,400.1,,esp32,,0,,,,,,,,,,,,1,400.0,2.0,0.0,0,NONE
2026-09-29T18:36:13.306+00:00,450.201,manual,Manual cook,temp,2100,400.5,,esp32,,0,,,,,,,,,,,,1,400.0,0.0,0.0,0,NONE
2026-09-29T18:36:13.806+00:00,450.701,manual,Manual cook,temp,2100,400.5,,esp32,,0,,,,,,,,,,,,1,400.0,9.0,0.0,0,NONE
2026-09-29T18:36:14.806+00:00,451.701,manual,Manual cook,temp,2100,400.5,,esp32,,0,,,,,,,,,,,,1,400.0,2.0,0.0,0,NONE
2026-09-29T18:36:15.306+00:00,452.201,manual,Manual cook,temp,2100,400.5,,esp32,,0,,,,,,,,,,,,1,400.0,10.0,0.0,0,NONE
2026-09-29T18:36:16.306+00:00,453.201,manual,Manual cook,temp,2100,400.5,,esp32,,0,,,,,,,,,,,,1,400.0,0.0,0.0,0,NONE
2026-09-29T18:36:17.306+00:00,454.201,manual,Manual cook,temp,2100,400.5,,esp32,,0,,,,,,,,,,,,1,400.0,10.0,0.0,0,NONE
2026-09-29T18:36:18.306+00:00,455.201,manual,Manual cook,temp,2100,400.5,,esp32,,0,,,,,,,,,,,,1,400.0,10.0,0.0,0,NONE
2026-09-29T18:36:19.306+00:00,456.201,manual,Manual cook,temp,2100,401.0,,esp32,,0,,,,,,,,,,,,1,400.0,0.0,0.0,0,NONE
2026-09-29T18:36:20.306+00:00,457.201,manual,Manual cook,temp,2100,400.1,,esp32,,0,,,,,,,,,,,,1,400.0,2.0,0.0,0,NONE
2026-09-29T18:36:21.306+00:00,458.201,manual,Manual cook,temp,2100,400.1,,esp32,,0,,,,,,,,,,,,1,400.0,11.0,0.0,0,NONE
2026-09-29T18:36:22.306+00:00,459.201,manual,Manual cook,temp,2100,399.6,,esp32,,0,,,,,,,,,,,,1,400.0,9.0,0.0,0,NONE
2026-09-29T18:36:22.806+00:00,459.701,manual,Manual cook,temp,2100,401.0,,esp32,,0,,,,,,,,,,,,1,400.0,20.0,0.0,0,NONE
2026-09-29T18:36:23.805+00:00,460.700,manual,Manual cook,temp,2100,401.0,,esp32,,0,,,,,,,,,,,,1,400.0,9.0,0.0,0,NONE
2026-09-29T18:36:24.306+00:00,461.201,manual,Manual cook,temp,2100,400.5,,esp32,,0,,,,,,,,,,,,1,400.0,17.0,0.0,0,NONE
2026-09-29T18:36:25.305+00:00,462.200,manual,Manual cook,temp,2100,400.5,,esp32,,0,,,,,,,,,,,,1,400.0,10.0,0.0,0,NONE
2026-09-29T18:36:25.806+00:00,462.701,manual,Manual cook,temp,2100,400.5,,esp32,,0,,,,,,,,,,,,1,400.0,18.0,0.0,0,NONE
2026-09-29T18:36:26.306+00:00,463.201,manual,Manual cook,temp,2100,401.0,,esp32,,0,,,,,,,,,,,,1,400.0,2.0,0.0,0,NONE
2026-09-29T18:36:27.305+00:00,464.200,manual,Manual cook,temp,2100,401.0,,esp32,,0,,,,,,,,,,,,1,400.0,9.0,0.0,0,NONE
2026-09-29T18:36:27.805+00:00,464.700,manual,Manual cook,temp,2100,400.5,,esp32,,0,,,,,,,,,,,,1,400.0,17.0,0.0,0,NONE
2026-09-29T18:36:28.306+00:00,465.201,manual,Manual cook,temp,2100,400.1,,esp32,,0,,,,,,,,,,,,1,400.0,18.0,0.0,0,NONE
2026-09-29T18:36:29.305+00:00,466.200,manual,Manual cook,temp,2100,401.5,,esp32,,0,,,,,,,,,,,,1,400.0,9.0,0.0,0,NONE
2026-09-29T18:36:30.306+00:00,467.201,manual,Manual cook,temp,2100,401.0,,esp32,,0,,,,,,,,,,,,1,400.0,9.0,0.0,0,NONE
2026-09-29T18:36:31.305+00:00,468.200,manual,Manual cook,temp,2100,400.1,,esp32,,0,,,,,,,,,,,,1,400.0,18.0,0.0,0,NONE
2026-09-29T18:36:31.806+00:00,468.701,manual,Manual cook,temp,2100,401.0,,esp32,,0,,,,,,,,,,,,1,400.0,10.0,0.0,0,NONE
2026-09-29T18:36:32.805+00:00,469.700,manual,Manual cook,temp,2100,401.0,,esp32,,0,,,,,,,,,,,,1,400.0,9.0,0.0,0,NONE
2026-09-29T18:36:33.805+00:00,470.701,manual,Manual cook,temp,2100,401.0,,esp32,,0,,,,,,,,,,,,1,400.0,16.0,0.0,0,NONE
2026-09-29T18:36:34.805+00:00,471.700,manual,Manual cook,temp,2100,401.0,,esp32,,0,,,,,,,,,,,,1,400.0,9.0,0.0,0,NONE
2026-09-29T18:36:35.806+00:00,472.701,manual,Manual cook,temp,2100,401.0,,esp32,,0,,,,,,,,,,,,1,400.0,9.0,0.0,0,NONE
2026-09-29T18:36:36.805+00:00,473.700,manual,Manual cook,temp,2100,401.0,,esp32,,0,,,,,,,,,,,,1,400.0,9.0,0.0,0,NONE
2026-09-29T18:36:37.805+00:00,474.700,manual,Manual cook,temp,2100,401.5,,esp32,,0,,,,,,,,,,,,1,400.0,8.0,0.0,0,NONE
2026-09-29T18:36:38.805+00:00,475.700,manual,Manual cook,temp,2100,401.5,,esp32,,0,,,,,,,,,,,,1,400.0,8.0,0.0,0,NONE
2026-09-29T18:36:39.805+00:00,476.700,manual,Manual cook,temp,2100,401.9,,esp32,,0,,,,,,,,,,,,1,400.0,8.0,0.0,0,NONE
2026-09-29T18:36:40.305+00:00,477.200,manual,Manual cook,temp,2100,402.4,,esp32,,0,,,,,,,,,,,,1,400.0,0.0,0.0,0,NONE
2026-09-29T18:36:41.305+00:00,478.200,manual,Manual cook,temp,2100,401.9,,esp32,,0,,,,,,,,,,,,1,400.0,9.0,0.0,0,NONE
2026-09-29T18:36:41.805+00:00,478.700,manual,Manual cook,temp,2100,401.9,,esp32,,0,,,,,,,,,,,,1,400.0,0.0,0.0,0,NONE
2026-09-29T18:36:42.805+00:00,479.700,manual,Manual cook,temp,2100,401.0,,esp32,,0,,,,,,,,,,,,1,400.0,15.0,0.0,0,NONE
2026-09-29T18:36:43.805+00:00,480.700,manual,Manual cook,temp,2100,401.9,,esp32,,0,,,,,,,,,,,,1,400.0,0.0,0.0,0,NONE
2026-09-29T18:36:44.805+00:00,481.700,manual,Manual cook,temp,2100,402.8,,esp32,,0,,,,,,,,,,,,1,400.0,9.0,0.0,0,NONE
2026-09-29T18:36:45.305+00:00,482.200,manual,Manual cook,temp,2100,402.4,,esp32,,0,,,,,,,,,,,,1,400.0,0.0,0.0,0,NONE
2026-09-29T18:36:46.305+00:00,483.200,manual,Manual cook,temp,2100,402.4,,esp32,,0,,,,,,,,,,,,1,400.0,6.0,0.0,0,NONE
2026-09-29T18:36:47.305+00:00,484.200,manual,Manual cook,temp,2100,402.4,,esp32,,0,,,,,,,,,,,,1,400.0,0.0,0.0,0,NONE
2026-09-29T18:36:48.305+00:00,485.200,manual,Manual cook,temp,2100,401.9,,esp32,,0,,,,,,,,,,,,1,400.0,14.0,0.0,0,NONE
2026-09-29T18:36:49.305+00:00,486.200,manual,Manual cook,temp,2100,401.0,,esp32,,0,,,,,,,,,,,,1,400.0,6.0,0.0,0,NONE
2026-09-29T18:36:49.805+00:00,486.700,manual,Manual cook,temp,2100,401.0,,esp32,,0,,,,,,,,,,,,1,400.0,23.0,0.0,0,NONE
2026-09-29T18:36:50.805+00:00,487.700,manual,Manual cook,temp,2100,401.9,,esp32,,0,,,,,,,,,,,,1,400.0,9.0,0.0,0,NONE
2026-09-29T18:36:51.305+00:00,488.200,manual,Manual cook,temp,2100,402.4,,esp32,,0,,,,,,,,,,,,1,400.0,0.0,0.0,0,NONE
2026-09-29T18:36:51.805+00:00,488.700,manual,Manual cook,temp,2100,402.4,,esp32,,0,,,,,,,,,,,,1,400.0,5.0,0.0,0,NONE
2026-09-29T18:36:52.805+00:00,489.700,manual,Manual cook,temp,2100,402.8,,esp32,,0,,,,,,,,,,,,1,400.0,14.0,0.0,0,NONE
2026-09-29T18:36:53.805+00:00,490.700,manual,Manual cook,temp,2100,402.4,,esp32,,0,,,,,,,,,,,,1,400.0,9.0,0.0,0,NONE
2026-09-29T18:36:54.305+00:00,491.200,manual,Manual cook,temp,2100,402.4,,esp32,,0,,,,,,,,,,,,1,400.0,22.0,0.0,0,NONE
2026-09-29T18:36:55.305+00:00,492.200,manual,Manual cook,temp,2100,402.4,,esp32,,0,,,,,,,,,,,,1,400.0,5.0,0.0,0,NONE
2026-09-29T18:36:56.305+00:00,493.200,manual,Manual cook,temp,2100,401.5,,esp32,,0,,,,,,,,,,,,1,400.0,14.0,0.0,0,NONE
2026-09-29T18:36:57.305+00:00,494.200,manual,Manual cook,temp,2100,402.4,,esp32,,0,,,,,,,,,,,,1,400.0,0.0,0.0,0,NONE
2026-09-29T18:36:58.305+00:00,495.200,manual,Manual cook,temp,2100,401.9,,esp32,,0,,,,,,,,,,,,1,400.0,5.0,0.0,0,NONE
2026-09-29T18:36:58.805+00:00,495.700,manual,Manual cook,temp,2100,402.8,,esp32,,0,,,,,,,,,,,,1,400.0,13.0,0.0,0,NONE
2026-09-29T18:36:59.804+00:00,496.699,manual,Manual cook,temp,2100,401.9,,esp32,,0,,,,,,,,,,,,1,400.0,9.0,0.0,0,NONE
2026-09-29T18:37:00.804+00:00,497.700,manual,Manual cook,temp,2100,403.3,,esp32,,0,,,,,,,,,,,,1,400.0,9.0,0.0,0,NONE
2026-09-29T18:37:01.804+00:00,498.699,manual,Manual cook,temp,2100,402.8,,esp32,,0,,,,,,,,,,,,1,400.0,9.0,0.0,0,NONE
2026-09-29T18:37:02.305+00:00,499.200,manual,Manual cook,temp,2100,402.8,,esp32,,0,,,,,,,,,,,,1,400.0,20.0,0.0,0,NONE
2026-09-29T18:37:03.304+00:00,500.200,manual,Manual cook,temp,2100,401.9,,esp32,,0,,,,,,,,,,,,1,400.0,9.0,0.0,0,NONE
2026-09-29T18:37:04.304+00:00,501.199,manual,Manual cook,temp,2100,401.5,,esp32,,0,,,,,,,,,,,,1,400.0,14.0,0.0,0,NONE
2026-09-29T18:37:05.304+00:00,502.199,manual,Manual cook,temp,2100,402.4,,esp32,,0,,,,,,,,,,,,1,400.0,5.0,0.0,0,NONE
2026-09-29T18:37:06.305+00:00,503.200,manual,Manual cook,temp,2100,401.0,,esp32,,0,,,,,,,,,,,,1,400.0,29.0,0.0,0,NONE
2026-09-29T18:37:07.304+00:00,504.199,manual,Manual cook,temp,2100,401.5,,esp32,,0,,,,,,,,,,,,1,400.0,7.0,0.0,0,NONE
2026-09-29T18:37:08.304+00:00,505.199,manual,Manual cook,temp,2100,401.9,,esp32,,0,,,,,,,,,,,,1,400.0,9.0,0.0,0,NONE
2026-09-29T18:37:09.304+00:00,506.199,manual,Manual cook,temp,2100,401.9,,esp32,,0,,,,,,,,,,,,1,400.0,6.0,0.0,0,NONE
2026-09-29T18:37:10.304+00:00,507.199,manual,Manual cook,temp,2100,401.9,,esp32,,0,,,,,,,,,,,,1,400.0,6.0,0.0,0,NONE
2026-09-29T18:37:10.804+00:00,507.699,manual,Manual cook,temp,2100,401.5,,esp32,,0,,,,,,,,,,,,1,400.0,0.0,0.0,0,NONE
2026-09-29T18:37:11.804+00:00,508.699,manual,Manual cook,temp,2100,401.5,,esp32,,0,,,,,,,,,,,,1,400.0,7.0,0.0,0,NONE
2026-09-29T18:37:12.304+00:00,509.199,manual,Manual cook,temp,2100,401.0,,esp32,,0,,,,,,,,,,,,1,400.0,0.0,0.0,0,NONE
2026-09-29T18:37:12.805+00:00,509.700,manual,Manual cook,temp,2100,401.0,,esp32,,0,,,,,,,,,,,,1,400.0,9.0,0.0,0,NONE
2026-09-29T18:37:13.804+00:00,510.699,manual,Manual cook,temp,2100,401.9,,esp32,,0,,,,,,,,,,,,1,400.0,9.0,0.0,0,NONE
2026-09-29T18:37:14.804+00:00,511.699,manual,Manual cook,temp,2100,401.0,,esp32,,0,,,,,,,,,,,,1,400.0,22.0,0.0,0,NONE
2026-09-29T18:37:15.804+00:00,512.699,manual,Manual cook,temp,2100,402.4,,esp32,,0,,,,,,,,,,,,1,400.0,0.0,0.0,0,NONE
2026-09-29T18:37:16.304+00:00,513.199,manual,Manual cook,temp,2100,401.5,,esp32,,0,,,,,,,,,,,,1,400.0,9.0,0.0,0,NONE
2026-09-29T18:37:17.304+00:00,514.199,manual,Manual cook,temp,2100,401.5,,esp32,,0,,,,,,,,,,,,1,400.0,7.0,0.0,0,NONE
2026-09-29T18:37:17.804+00:00,514.699,manual,Manual cook,temp,2100,401.0,,esp32,,0,,,,,,,,,,,,1,400.0,15.0,0.0,0,NONE
2026-09-29T18:37:18.804+00:00,515.699,manual,Manual cook,temp,2100,401.9,,esp32,,0,,,,,,,,,,,,1,400.0,6.0,0.0,0,NONE
2026-09-29T18:37:19.804+00:00,516.699,manual,Manual cook,temp,2100,401.9,,esp32,,0,,,,,,,,,,,,1,400.0,6.0,0.0,0,NONE
2026-09-29T18:37:20.804+00:00,517.699,manual,Manual cook,temp,2100,402.4,,esp32,,0,,,,,,,,,,,,1,400.0,14.0,0.0,0,NONE
2026-09-29T18:37:21.804+00:00,518.699,manual,Manual cook,temp,2100,402.4,,esp32,,0,,,,,,,,,,,,1,400.0,5.0,0.0,0,NONE
2026-09-29T18:37:22.304+00:00,519.199,manual,Manual cook,temp,2100,401.9,,esp32,,0,,,,,,,,,,,,1,400.0,13.0,0.0,0,NONE
2026-09-29T18:37:23.304+00:00,520.199,manual,Manual cook,temp,2100,402.4,,esp32,,0,,,,,,,,,,,,1,400.0,0.0,0.0,0,NONE
2026-09-29T18:37:24.304+00:00,521.199,manual,Manual cook,temp,2100,401.9,,esp32,,0,,,,,,,,,,,,1,400.0,13.0,0.0,0,NONE
2026-09-29T18:37:25.304+00:00,522.199,manual,Manual cook,temp,2100,402.4,,esp32,,0,,,,,,,,,,,,1,400.0,9.0,0.0,0,NONE
2026-09-29T18:37:25.804+00:00,522.699,manual,Manual cook,temp,2100,402.4,,esp32,,0,,,,,,,,,,,,1,400.0,5.0,0.0,0,NONE
2026-09-29T18:37:26.804+00:00,523.699,manual,Manual cook,temp,2100,402.8,,esp32,,0,,,,,,,,,,,,1,400.0,0.0,0.0,0,NONE
2026-09-29T18:37:27.304+00:00,524.199,manual,Manual cook,temp,2100,402.4,,esp32,,0,,,,,,,,,,,,1,400.0,4.0,0.0,0,NONE
2026-09-29T18:37:27.804+00:00,524.699,manual,Manual cook,temp,2100,401.9,,esp32,,0,,,,,,,,,,,,1,400.0,12.0,0.0,0,NONE
2026-09-29T18:37:28.304+00:00,525.200,manual,Manual cook,temp,2100,401.9,,esp32,,0,,,,,,,,,,,,1,400.0,13.0,0.0,0,NONE
2026-09-29T18:37:29.304+00:00,526.199,manual,Manual cook,temp,2100,401.9,,esp32,,0,,,,,,,,,,,,1,400.0,9.0,0.0,0,NONE
2026-09-29T18:37:30.304+00:00,527.199,manual,Manual cook,temp,2100,402.4,,esp32,,0,,,,,,,,,,,,1,400.0,4.0,0.0,0,NONE
2026-09-29T18:37:30.804+00:00,527.699,manual,Manual cook,temp,2100,401.9,,esp32,,0,,,,,,,,,,,,1,400.0,13.0,0.0,0,NONE
2026-09-29T18:37:31.804+00:00,528.699,manual,Manual cook,temp,2100,401.0,,esp32,,0,,,,,,,,,,,,1,400.0,9.0,0.0,0,NONE
2026-09-29T18:37:32.804+00:00,529.699,manual,Manual cook,temp,2100,402.4,,esp32,,0,,,,,,,,,,,,1,400.0,0.0,0.0,0,NONE
2026-09-29T18:37:33.804+00:00,530.699,manual,Manual cook,temp,2100,402.8,,esp32,,0,,,,,,,,,,,,1,400.0,0.0,0.0,0,NONE
2026-09-29T18:37:34.804+00:00,531.699,manual,Manual cook,temp,2100,403.3,,esp32,,0,,,,,,,,,,,,1,400.0,0.0,0.0,0,NONE
2026-09-29T18:37:35.803+00:00,532.698,manual,Manual cook,temp,2100,402.4,,esp32,,0,,,,,,,,,,,,1,400.0,9.0,0.0,0,NONE
2026-09-29T18:37:36.304+00:00,533.199,manual,Manual cook,temp,2100,401.9,,esp32,,0,,,,,,,,,,,,1,400.0,12.0,0.0,0,NONE
2026-09-29T18:37:36.804+00:00,533.699,manual,Manual cook,temp,2100,401.9,,esp32,,0,,,,,,,,,,,,1,400.0,13.0,0.0,0,NONE
2026-09-29T18:37:37.803+00:00,534.699,manual,Manual cook,temp,2100,401.9,,esp32,,0,,,,,,,,,,,,1,400.0,5.0,0.0,0,NONE
2026-09-29T18:37:38.803+00:00,535.698,manual,Manual cook,temp,2100,401.9,,esp32,,0,,,,,,,,,,,,1,400.0,5.0,0.0,0,NONE
2026-09-29T18:37:39.303+00:00,536.198,manual,Manual cook,temp,2100,401.5,,esp32,,0,,,,,,,,,,,,1,400.0,5.0,0.0,0,NONE
2026-09-29T18:37:40.303+00:00,537.198,manual,Manual cook,temp,2100,401.9,,esp32,,0,,,,,,,,,,,,1,400.0,0.0,0.0,0,NONE
2026-09-29T18:37:41.303+00:00,538.198,manual,Manual cook,temp,2100,400.5,,esp32,,0,,,,,,,,,,,,1,400.0,29.0,0.0,0,NONE
2026-09-29T18:37:42.303+00:00,539.198,manual,Manual cook,temp,2100,401.9,,esp32,,0,,,,,,,,,,,,1,400.0,0.0,0.0,0,NONE
2026-09-29T18:37:43.303+00:00,540.198,manual,Manual cook,temp,2100,401.0,,esp32,,0,,,,,,,,,,,,1,400.0,5.0,0.0,0,NONE
2026-09-29T18:37:44.304+00:00,541.199,manual,Manual cook,temp,2100,401.5,,esp32,,0,,,,,,,,,,,,1,400.0,0.0,0.0,0,NONE
2026-09-29T18:37:45.303+00:00,542.198,manual,Manual cook,temp,2100,401.5,68.94,inkbird_lowest_internal,,1,100,70.95,68.95,68.96,68.94,68.0,70.95,68.95,68.96,68.94,68.0,1,400.0,6.0,0.0,0,NONE
2026-09-29T18:37:45.803+00:00,542.699,manual,Manual cook,temp,2100,401.0,68.94,inkbird_lowest_internal,,1,100,70.95,68.95,68.96,68.94,68.0,70.95,68.95,68.96,68.94,68.0,1,400.0,6.0,0.0,0,NONE
2026-09-29T18:37:46.803+00:00,543.698,manual,Manual cook,temp,2100,401.0,68.94,inkbird_lowest_internal,,1,100,70.95,68.95,68.96,68.94,68.0,70.95,68.95,68.96,68.94,68.0,1,400.0,0.0,0.0,0,NONE
2026-09-29T18:37:47.803+00:00,544.698,manual,Manual cook,temp,2100,401.0,69.15,inkbird_lowest_internal,,1,100,71.61,69.24,69.25,69.15,68.0,71.61,69.24,69.25,69.15,68.0,1,400.0,0.0,0.0,0,NONE
2026-09-29T18:37:48.803+00:00,545.698,manual,Manual cook,temp,2100,400.5,69.15,inkbird_lowest_internal,,1,100,71.61,69.24,69.25,69.15,68.0,71.61,69.24,69.25,69.15,68.0,1,400.0,15.0,0.0,0,NONE
2026-09-29T18:37:49.803+00:00,546.698,manual,Manual cook,temp,2100,401.5,69.49,inkbird_lowest_internal,,1,100,72.28,69.64,69.63,69.49,68.0,72.28,69.64,69.63,69.49,68.0,1,400.0,0.0,0.0,0,NONE
2026-09-29T18:37:50.304+00:00,547.199,manual,Manual cook,temp,2100,401.5,69.49,inkbird_lowest_internal,,1,100,72.28,69.64,69.63,69.49,68.0,72.28,69.64,69.63,69.49,68.0,1,400.0,6.0,0.0,0,NONE
2026-09-29T18:37:51.303+00:00,548.198,manual,Manual cook,temp,2100,401.0,69.9,inkbird_lowest_internal,,1,100,72.8,70.1,70.05,69.9,68.0,72.8,70.1,70.05,69.9,68.0,1,400.0,9.0,0.0,0,NONE
2026-09-29T18:37:52.303+00:00,549.198,manual,Manual cook,temp,2100,401.5,69.9,inkbird_lowest_internal,,1,100,72.8,70.1,70.05,69.9,68.0,72.8,70.1,70.05,69.9,68.0,1,400.0,0.0,0.0,0,NONE
2026-09-29T18:37:53.303+00:00,550.198,manual,Manual cook,temp,2100,400.1,70.29,inkbird_lowest_internal,,1,100,73.17,70.54,70.47,70.29,68.0,73.17,70.54,70.47,70.29,68.0,1,400.0,23.0,0.0,0,NONE
2026-09-29T18:37:54.303+00:00,551.198,manual,Manual cook,temp,2100,401.0,70.29,inkbird_lowest_internal,,1,100,73.17,70.54,70.47,70.29,68.0,73.17,70.54,70.47,70.29,68.0,1,400.0,0.0,0.0,0,NONE
2026-09-29T18:37:55.303+00:00,552.198,manual,Manual cook,temp,2100,401.0,70.66,inkbird_lowest_internal,,1,100,73.42,70.96,70.87,70.66,68.0,73.42,70.96,70.87,70.66,68.0,1,400.0,0.0,0.0,0,NONE
2026-09-29T18:37:56.304+00:00,553.199,manual,Manual cook,temp,2100,401.0,70.66,inkbird_lowest_internal,,1,100,73.42,70.96,70.87,70.66,68.0,73.42,70.96,70.87,70.66,68.0,1,400.0,7.0,0.0,0,NONE
2026-09-29T18:37:57.303+00:00,554.198,manual,Manual cook,temp,2100,399.6,71.0,inkbird_lowest_internal,,1,100,73.61,71.33,71.23,71.0,68.0,73.61,71.33,71.23,71.0,68.0,1,400.0,31.0,0.0,0,NONE
2026-09-29T18:37:58.303+00:00,555.198,manual,Manual cook,temp,2100,399.6,71.0,inkbird_lowest_internal,,1,100,73.61,71.33,71.23,71.0,68.0,73.61,71.33,71.23,71.0,68.0,1,400.0,0.0,0.0,0,NONE
2026-09-29T18:37:59.303+00:00,556.198,manual,Manual cook,temp,2100,400.5,71.28,inkbird_lowest_internal,,1,100,73.75,71.68,71.55,71.28,68.0,73.75,71.68,71.55,71.28,68.0,1,400.0,0.0,0.0,0,NONE
2026-09-29T18:38:00.303+00:00,557.198,manual,Manual cook,temp,2100,400.5,71.28,inkbird_lowest_internal,,1,100,73.75,71.68,71.55,71.28,68.0,73.75,71.68,71.55,71.28,68.0,1,400.0,8.0,0.0,0,NONE
2026-09-29T18:38:01.304+00:00,558.199,manual,Manual cook,temp,2100,400.1,71.54,inkbird_lowest_internal,,1,100,73.86,71.99,71.85,71.54,68.0,73.86,71.99,71.85,71.54,68.0,1,400.0,16.0,0.0,0,NONE
2026-09-29T18:38:02.303+00:00,559.198,manual,Manual cook,temp,2100,400.1,71.54,inkbird_lowest_internal,,1,100,73.86,71.99,71.85,71.54,68.0,73.86,71.99,71.85,71.54,68.0,1,400.0,9.0,0.0,0,NONE
2026-09-29T18:38:03.303+00:00,560.198,manual,Manual cook,temp,2100,401.0,71.77,inkbird_lowest_internal,,1,100,73.96,72.27,72.12,71.77,69.8,73.96,72.27,72.12,71.77,69.8,1,400.0,0.0,0.0,0,NONE
2026-09-29T18:38:04.303+00:00,561.198,manual,Manual cook,temp,2100,401.0,71.77,inkbird_lowest_internal,,1,100,73.96,72.27,72.12,71.77,69.8,73.96,72.27,72.12,71.77,69.8,1,400.0,7.0,0.0,0,NONE
2026-09-29T18:38:05.303+00:00,562.198,manual,Manual cook,temp,2100,400.5,71.97,inkbird_lowest_internal,,1,100,74.0,72.51,72.36,71.97,69.8,74.0,72.51,72.36,71.97,69.8,1,400.0,0.0,0.0,0,NONE
2026-09-29T18:38:06.303+00:00,563.198,manual,Manual cook,temp,2100,400.1,71.97,inkbird_lowest_internal,,1,100,74.0,72.51,72.36,71.97,69.8,74.0,72.51,72.36,71.97,69.8,1,400.0,16.0,0.0,0,NONE
2026-09-29T18:38:07.303+00:00,564.198,manual,Manual cook,temp,2100,401.0,72.16,inkbird_lowest_internal,,1,100,74.12,72.74,72.57,72.16,69.8,74.12,72.74,72.57,72.16,69.8,1,400.0,7.0,0.0,0,NONE
2026-09-29T18:38:07.803+00:00,564.698,manual,Manual cook,temp,2100,399.6,72.16,inkbird_lowest_internal,,1,100,74.12,72.74,72.57,72.16,69.8,74.12,72.74,72.57,72.16,69.8,1,400.0,15.0,0.0,0,NONE
2026-09-29T18:38:08.803+00:00,565.698,manual,Manual cook,temp,2100,400.1,72.16,inkbird_lowest_internal,,1,100,74.12,72.74,72.57,72.16,69.8,74.12,72.74,72.57,72.16,69.8,1,400.0,1.0,0.0,0,NONE
2026-09-29T18:38:09.803+00:00,566.698,manual,Manual cook,temp,2100,400.1,72.32,inkbird_lowest_internal,,1,100,74.22,72.93,72.77,72.32,69.8,74.22,72.93,72.77,72.32,69.8,1,400.0,8.0,0.0,0,NONE
2026-09-29T18:38:10.803+00:00,567.698,manual,Manual cook,temp,2100,399.6,72.32,inkbird_lowest_internal,,1,100,74.22,72.93,72.77,72.32,69.8,74.22,72.93,72.77,72.32,69.8,1,400.0,17.0,0.0,0,NONE
2026-09-29T18:38:11.803+00:00,568.698,manual,Manual cook,temp,2100,400.1,72.46,inkbird_lowest_internal,,1,100,74.32,73.11,72.95,72.46,69.8,74.32,73.11,72.95,72.46,69.8,1,400.0,26.0,0.0,0,NONE
2026-09-29T18:38:12.802+00:00,569.698,manual,Manual cook,temp,2100,400.5,72.46,inkbird_lowest_internal,,1,100,74.32,73.11,72.95,72.46,69.8,74.32,73.11,72.95,72.46,69.8,1,400.0,0.0,0.0,0,NONE
2026-09-29T18:38:13.802+00:00,570.698,manual,Manual cook,temp,2100,400.5,72.6,inkbird_lowest_internal,,1,100,74.35,73.28,73.11,72.6,69.8,74.35,73.28,73.11,72.6,69.8,1,400.0,8.0,0.0,0,NONE
2026-09-29T18:38:14.802+00:00,571.697,manual,Manual cook,temp,2100,400.1,72.6,inkbird_lowest_internal,,1,100,74.35,73.28,73.11,72.6,69.8,74.35,73.28,73.11,72.6,69.8,1,400.0,9.0,0.0,0,NONE
2026-09-29T18:38:15.802+00:00,572.698,manual,Manual cook,temp,2100,400.1,72.72,inkbird_lowest_internal,,1,100,74.44,73.44,73.24,72.72,69.8,74.44,73.44,73.24,72.72,69.8,1,400.0,9.0,0.0,0,NONE
2026-09-29T18:38:16.802+00:00,573.697,manual,Manual cook,temp,2100,400.1,72.72,inkbird_lowest_internal,,1,100,74.44,73.44,73.24,72.72,69.8,74.44,73.44,73.24,72.72,69.8,1,400.0,8.0,0.0,0,NONE
2026-09-29T18:38:17.303+00:00,574.198,manual,Manual cook,temp,2100,400.5,72.83,inkbird_lowest_internal,,1,100,74.49,73.58,73.38,72.83,69.8,74.49,73.58,73.38,72.83,69.8,1,400.0,0.0,0.0,0,NONE
2026-09-29T18:38:18.302+00:00,575.197,manual,Manual cook,temp,2100,400.5,72.83,inkbird_lowest_internal,,1,100,74.49,73.58,73.38,72.83,69.8,74.49,73.58,73.38,72.83,69.8,1,400.0,9.0,0.0,0,NONE
2026-09-29T18:38:18.802+00:00,575.697,manual,Manual cook,temp,2100,399.6,72.83,inkbird_lowest_internal,,1,100,74.49,73.58,73.38,72.83,69.8,74.49,73.58,73.38,72.83,69.8,1,400.0,8.0,0.0,0,NONE
2026-09-29T18:38:19.802+00:00,576.697,manual,Manual cook,temp,2100,399.6,72.93,inkbird_lowest_internal,,1,100,74.59,73.71,73.5,72.93,69.8,74.59,73.71,73.5,72.93,69.8,1,400.0,9.0,0.0,0,NONE
2026-09-29T18:38:20.302+00:00,577.197,manual,Manual cook,temp,2100,400.1,72.93,inkbird_lowest_internal,,1,100,74.59,73.71,73.5,72.93,69.8,74.59,73.71,73.5,72.93,69.8,1,400.0,1.0,0.0,0,NONE
2026-09-29T18:38:21.302+00:00,578.197,manual,Manual cook,temp,2100,399.2,73.04,inkbird_lowest_internal,,1,100,74.68,73.83,73.63,73.04,69.8,74.68,73.83,73.63,73.04,69.8,1,400.0,0.0,0.0,0,NONE
2026-09-29T18:38:22.302+00:00,579.197,manual,Manual cook,temp,2100,398.8,73.04,inkbird_lowest_internal,,1,100,74.68,73.83,73.63,73.04,69.8,74.68,73.83,73.63,73.04,69.8,1,400.0,0.0,0.0,0,NONE
2026-09-29T18:38:22.803+00:00,579.698,manual,Manual cook,temp,2100,398.8,73.04,inkbird_lowest_internal,,1,100,74.68,73.83,73.63,73.04,69.8,74.68,73.83,73.63,73.04,69.8,1,400.0,9.0,0.0,0,NONE
2026-09-29T18:38:23.802+00:00,580.697,manual,Manual cook,temp,2100,400.1,73.13,inkbird_lowest_internal,,1,100,74.7,73.93,73.73,73.13,69.8,74.7,73.93,73.73,73.13,69.8,1,400.0,8.0,0.0,0,NONE
2026-09-29T18:38:24.802+00:00,581.697,manual,Manual cook,temp,2100,399.6,73.13,inkbird_lowest_internal,,1,100,74.7,73.93,73.73,73.13,69.8,74.7,73.93,73.73,73.13,69.8,1,400.0,17.0,0.0,0,NONE
2026-09-29T18:38:25.802+00:00,582.697,manual,Manual cook,temp,2100,400.1,73.17,inkbird_lowest_internal,,1,100,74.79,74.04,73.82,73.17,69.8,74.79,74.04,73.82,73.17,69.8,1,400.0,1.0,0.0,0,NONE
2026-09-29T18:38:26.802+00:00,583.697,manual,Manual cook,temp,2100,400.1,73.17,inkbird_lowest_internal,,1,100,74.79,74.04,73.82,73.17,69.8,74.79,74.04,73.82,73.17,69.8,1,400.0,8.0,0.0,0,NONE
2026-09-29T18:38:27.302+00:00,584.197,manual,Manual cook,temp,2100,399.6,73.29,inkbird_lowest_internal,,1,100,74.82,74.04,73.85,73.29,69.8,74.82,74.04,73.85,73.29,69.8,1,400.0,17.0,0.0,0,NONE
2026-09-29T18:38:28.302+00:00,585.197,manual,Manual cook,temp,2100,400.1,73.29,inkbird_lowest_internal,,1,100,74.82,74.04,73.85,73.29,69.8,74.82,74.04,73.85,73.29,69.8,1,400.0,8.0,0.0,0,NONE
2026-09-29T18:38:29.302+00:00,586.197,manual,Manual cook,temp,2100,400.1,73.37,inkbird_lowest_internal,,1,100,74.92,74.17,73.96,73.37,69.8,74.92,74.17,73.96,73.37,69.8,1,400.0,8.0,0.0,0,NONE
2026-09-29T18:38:29.802+00:00,586.697,manual,Manual cook,temp,2100,399.6,73.37,inkbird_lowest_internal,,1,100,74.92,74.17,73.96,73.37,69.8,74.92,74.17,73.96,73.37,69.8,1,400.0,17.0,0.0,0,NONE
2026-09-29T18:38:30.802+00:00,587.697,manual,Manual cook,temp,2100,400.1,73.37,inkbird_lowest_internal,,1,100,74.92,74.17,73.96,73.37,69.8,74.92,74.17,73.96,73.37,69.8,1,400.0,9.0,0.0,0,NONE
2026-09-29T18:38:31.302+00:00,588.197,manual,Manual cook,temp,2100,400.5,73.4,inkbird_lowest_internal,,1,100,74.95,74.28,74.06,73.4,69.8,74.95,74.28,74.06,73.4,69.8,1,400.0,0.0,0.0,0,NONE
2026-09-29T18:38:31.802+00:00,588.697,manual,Manual cook,temp,2100,400.1,73.4,inkbird_lowest_internal,,1,100,74.95,74.28,74.06,73.4,69.8,74.95,74.28,74.06,73.4,69.8,1,400.0,9.0,0.0,0,NONE
2026-09-29T18:38:32.802+00:00,589.697,manual,Manual cook,temp,2100,399.6,73.4,inkbird_lowest_internal,,1,100,74.95,74.28,74.06,73.4,69.8,74.95,74.28,74.06,73.4,69.8,1,400.0,9.0,0.0,0,NONE
2026-09-29T18:38:33.303+00:00,590.198,manual,Manual cook,temp,2100,399.6,73.4,inkbird_lowest_internal,,1,100,75.06,74.28,74.08,73.4,69.8,75.06,74.28,74.08,73.4,69.8,1,400.0,1.0,0.0,0,NONE
2026-09-29T18:38:34.302+00:00,591.197,manual,Manual cook,temp,2100,400.5,73.4,inkbird_lowest_internal,,1,100,75.06,74.28,74.08,73.4,69.8,75.06,74.28,74.08,73.4,69.8,1,400.0,0.0,0.0,0,NONE
2026-09-29T18:38:35.302+00:00,592.197,manual,Manual cook,temp,2100,400.1,73.52,inkbird_lowest_internal,,1,100,75.15,74.4,74.2,73.52,69.8,75.15,74.4,74.2,73.52,69.8,1,400.0,1.0,0.0,0,NONE
2026-09-29T18:38:35.802+00:00,592.697,manual,Manual cook,temp,2100,400.1,73.52,inkbird_lowest_internal,,1,100,75.15,74.4,74.2,73.52,69.8,75.15,74.4,74.2,73.52,69.8,1,400.0,8.0,0.0,0,NONE
2026-09-29T18:38:36.802+00:00,593.697,manual,Manual cook,temp,2100,400.1,73.52,inkbird_lowest_internal,,1,100,75.15,74.4,74.2,73.52,69.8,75.15,74.4,74.2,73.52,69.8,1,400.0,0.0,0.0,0,NONE
2026-09-29T18:38:37.302+00:00,594.197,manual,Manual cook,temp,2100,400.5,73.61,inkbird_lowest_internal,,1,100,75.18,74.51,74.27,73.61,69.8,75.18,74.51,74.27,73.61,69.8,1,400.0,9.0,0.0,0,NONE
2026-09-29T18:38:38.302+00:00,595.197,manual,Manual cook,temp,2100,400.1,73.61,inkbird_lowest_internal,,1,100,75.18,74.51,74.27,73.61,69.8,75.18,74.51,74.27,73.61,69.8,1,400.0,9.0,0.0,0,NONE
2026-09-29T18:38:39.302+00:00,596.197,manual,Manual cook,temp,2100,400.5,73.64,inkbird_lowest_internal,,1,100,75.26,74.51,74.29,73.64,69.8,75.26,74.51,74.29,73.64,69.8,1,400.0,0.0,0.0,0,NONE
2026-09-29T18:38:39.802+00:00,596.697,manual,Manual cook,temp,2100,399.2,73.64,inkbird_lowest_internal,,1,100,75.26,74.51,74.29,73.64,69.8,75.26,74.51,74.29,73.64,69.8,1,400.0,9.0,0.0,0,NONE
2026-09-29T18:38:40.802+00:00,597.697,manual,Manual cook,temp,2100,400.1,73.64,inkbird_lowest_internal,,1,100,75.26,74.51,74.29,73.64,69.8,75.26,74.51,74.29,73.64,69.8,1,400.0,0.0,0.0,0,NONE
2026-09-29T18:38:41.802+00:00,598.697,manual,Manual cook,temp,2100,399.6,73.73,inkbird_lowest_internal,,1,100,75.28,74.62,74.33,73.73,69.8,75.28,74.62,74.33,73.73,69.8,1,400.0,17.0,0.0,0,NONE
2026-09-29T18:38:42.802+00:00,599.697,manual,Manual cook,temp,2100,399.2,73.73,inkbird_lowest_internal,,1,100,75.28,74.62,74.33,73.73,69.8,75.28,74.62,74.33,73.73,69.8,1,400.0,25.0,0.0,0,NONE
2026-09-29T18:38:43.302+00:00,600.197,manual,Manual cook,temp,2100,400.1,73.76,inkbird_lowest_internal,,1,100,75.36,74.62,74.42,73.76,69.8,75.36,74.62,74.42,73.76,69.8,1,400.0,10.0,0.0,0,NONE
2026-09-29T18:38:43.802+00:00,600.697,manual,Manual cook,temp,2100,399.2,73.76,inkbird_lowest_internal,,1,100,75.36,74.62,74.42,73.76,69.8,75.36,74.62,74.42,73.76,69.8,1,400.0,0.0,0.0,0,NONE
2026-09-29T18:38:44.802+00:00,601.697,manual,Manual cook,temp,2100,399.2,73.76,inkbird_lowest_internal,,1,100,75.36,74.62,74.42,73.76,69.8,75.36,74.62,74.42,73.76,69.8,1,400.0,2.0,0.0,0,NONE
2026-09-29T18:38:45.302+00:00,602.197,manual,Manual cook,temp,2100,398.8,73.86,inkbird_lowest_internal,,1,100,75.39,74.74,74.46,73.86,69.8,75.39,74.74,74.46,73.86,69.8,1,400.0,18.0,0.0,0,NONE
2026-09-29T18:38:46.302+00:00,603.197,manual,Manual cook,temp,2100,399.6,73.86,inkbird_lowest_internal,,1,100,75.39,74.74,74.46,73.86,69.8,75.39,74.74,74.46,73.86,69.8,1,400.0,3.0,0.0,0,NONE
2026-09-29T18:38:47.302+00:00,604.197,manual,Manual cook,temp,2100,400.1,73.86,inkbird_lowest_internal,,1,100,75.39,74.74,74.46,73.86,69.8,75.39,74.74,74.46,73.86,69.8,1,400.0,1.0,0.0,0,NONE
2026-09-29T18:38:48.302+00:00,605.197,manual,Manual cook,temp,2100,399.2,73.86,inkbird_lowest_internal,,1,100,75.39,74.74,74.46,73.86,69.8,75.39,74.74,74.46,73.86,69.8,1,400.0,0.0,0.0,0,NONE
2026-09-29T18:38:49.302+00:00,606.197,manual,Manual cook,temp,2100,399.6,73.96,inkbird_lowest_internal,,1,100,75.5,74.85,74.57,73.96,69.8,75.5,74.85,74.57,73.96,69.8,1,400.0,2.0,0.0,0,NONE
2026-09-29T18:38:49.802+00:00,606.697,manual,Manual cook,temp,2100,399.2,73.96,inkbird_lowest_internal,,1,100,75.5,74.85,74.57,73.96,69.8,75.5,74.85,74.57,73.96,69.8,1,400.0,18.0,0.0,0,NONE
2026-09-29T18:38:50.302+00:00,607.197,manual,Manual cook,temp,2100,399.2,73.96,inkbird_lowest_internal,,1,100,75.5,74.85,74.57,73.96,69.8,75.5,74.85,74.57,73.96,69.8,1,400.0,10.0,0.0,0,NONE
2026-09-29T18:38:50.802+00:00,607.697,manual,Manual cook,temp,2100,398.8,73.96,inkbird_lowest_internal,,1,100,75.5,74.85,74.57,73.96,69.8,75.5,74.85,74.57,73.96,69.8,1,400.0,10.0,0.0,0,NONE
2026-09-29T18:38:51.303+00:00,608.198,manual,Manual cook,temp,2100,398.8,73.96,inkbird_lowest_internal,,1,100,75.5,74.85,74.57,73.96,69.8,75.5,74.85,74.57,73.96,69.8,1,400.0,19.0,0.0,0,NONE
2026-09-29T18:38:52.302+00:00,609.197,manual,Manual cook,temp,2100,399.2,73.96,inkbird_lowest_internal,,1,100,75.5,74.85,74.57,73.96,69.8,75.5,74.85,74.57,73.96,69.8,1,400.0,10.0,0.0,0,NONE
2026-09-29T18:38:53.302+00:00,610.197,manual,Manual cook,temp,2100,399.2,74.07,inkbird_lowest_internal,,1,100,75.62,74.97,74.69,74.07,69.8,75.62,74.97,74.69,74.07,69.8,1,400.0,3.0,0.0,0,NONE
2026-09-29T18:38:54.302+00:00,611.197,manual,Manual cook,temp,2100,399.2,74.07,inkbird_lowest_internal,,1,100,75.62,74.97,74.69,74.07,69.8,75.62,74.97,74.69,74.07,69.8,1,400.0,10.0,0.0,0,NONE
2026-09-29T18:38:55.302+00:00,612.197,manual,Manual cook,temp,2100,399.6,74.07,inkbird_lowest_internal,,1,100,75.62,74.97,74.69,74.07,69.8,75.62,74.97,74.69,74.07,69.8,1,400.0,2.0,0.0,0,NONE
2026-09-29T18:38:55.802+00:00,612.697,manual,Manual cook,temp,2100,399.6,74.07,inkbird_lowest_internal,,1,100,75.62,74.97,74.69,74.07,69.8,75.62,74.97,74.69,74.07,69.8,1,400.0,10.0,0.0,0,NONE
2026-09-29T18:38:56.302+00:00,613.197,manual,Manual cook,temp,2100,399.6,74.07,inkbird_lowest_internal,,1,100,75.62,74.97,74.69,74.07,69.8,75.62,74.97,74.69,74.07,69.8,1,400.0,10.0,0.0,0,NONE
2026-09-29T18:38:57.301+00:00,614.196,manual,Manual cook,temp,2100,401.0,74.18,inkbird_lowest_internal,,1,100,75.73,75.09,74.81,74.18,69.8,75.73,75.09,74.81,74.18,69.8,1,400.0,0.0,0.0,0,NONE
2026-09-29T18:38:58.301+00:00,615.196,manual,Manual cook,temp,2100,400.1,74.18,inkbird_lowest_internal,,1,100,75.73,75.09,74.81,74.18,69.8,75.73,75.09,74.81,74.18,69.8,1,400.0,9.0,0.0,0,NONE
2026-09-29T18:38:59.301+00:00,616.197,manual,Manual cook,temp,2100,400.1,74.18,inkbird_lowest_internal,,1,100,75.73,75.09,74.81,74.18,69.8,75.73,75.09,74.81,74.18,69.8,1,400.0,16.0,0.0,0,NONE
2026-09-29T18:39:00.301+00:00,617.196,manual,Manual cook,temp,2100,400.5,74.18,inkbird_lowest_internal,,1,100,75.73,75.09,74.81,74.18,69.8,75.73,75.09,74.81,74.18,69.8,1,400.0,9.0,0.0,0,NONE
2026-09-29T18:39:00.801+00:00,617.696,manual,Manual cook,temp,2100,400.1,74.28,inkbird_lowest_internal,,1,100,75.85,75.21,74.93,74.28,69.8,75.85,75.21,74.93,74.28,69.8,1,400.0,16.0,0.0,0,NONE
2026-09-29T18:39:01.801+00:00,618.696,manual,Manual cook,temp,2100,400.5,74.28,inkbird_lowest_internal,,1,100,75.85,75.21,74.93,74.28,69.8,75.85,75.21,74.93,74.28,69.8,1,400.0,9.0,0.0,0,NONE
2026-09-29T18:39:02.301+00:00,619.196,manual,Manual cook,temp,2100,401.0,74.28,inkbird_lowest_internal,,1,100,75.85,75.21,74.93,74.28,69.8,75.85,75.21,74.93,74.28,69.8,1,400.0,1.0,0.0,0,NONE
2026-09-29T18:39:02.801+00:00,619.697,manual,Manual cook,temp,2100,401.5,74.28,inkbird_lowest_internal,,1,100,75.85,75.21,74.93,74.28,69.8,75.85,75.21,74.93,74.28,69.8,1,400.0,0.0,0.0,0,NONE
2026-09-29T18:39:03.801+00:00,620.696,manual,Manual cook,temp,2100,400.1,74.28,inkbird_lowest_internal,,1,100,75.85,75.21,74.93,74.28,69.8,75.85,75.21,74.93,74.28,69.8,1,400.0,9.0,0.0,0,NONE
2026-09-29T18:39:04.301+00:00,621.196,manual,Manual cook,temp,2100,401.0,74.28,inkbird_lowest_internal,,1,100,75.85,75.21,74.93,74.28,69.8,75.85,75.21,74.93,74.28,69.8,1,400.0,0.0,0.0,0,NONE
2026-09-29T18:39:05.301+00:00,622.197,manual,Manual cook,temp,2100,400.5,74.39,inkbird_lowest_internal,,1,100,75.96,75.33,75.03,74.39,69.8,75.96,75.33,75.03,74.39,69.8,1,400.0,7.0,0.0,0,NONE
2026-09-29T18:39:06.301+00:00,623.196,manual,Manual cook,temp,2100,401.0,74.39,inkbird_lowest_internal,,1,100,75.96,75.33,75.03,74.39,69.8,75.96,75.33,75.03,74.39,69.8,1,400.0,0.0,0.0,0,NONE
2026-09-29T18:39:07.301+00:00,624.196,manual,Manual cook,temp,2100,401.0,74.39,inkbird_lowest_internal,,1,100,75.96,75.33,75.03,74.39,69.8,75.96,75.33,75.03,74.39,69.8,1,400.0,7.0,0.0,0,NONE
2026-09-29T18:39:08.301+00:00,625.196,manual,Manual cook,temp,2100,399.6,74.39,inkbird_lowest_internal,,1,100,75.96,75.33,75.03,74.39,69.8,75.96,75.33,75.03,74.39,69.8,1,400.0,31.0,0.0,0,NONE
2026-09-29T18:39:09.301+00:00,626.196,manual,Manual cook,temp,2100,401.0,74.49,inkbird_lowest_internal,,1,100,76.07,75.33,75.14,74.49,69.8,76.07,75.33,75.14,74.49,69.8,1,400.0,0.0,0.0,0,NONE
2026-09-29T18:39:09.802+00:00,626.697,manual,Manual cook,temp,2100,401.0,74.49,inkbird_lowest_internal,,1,100,76.07,75.33,75.14,74.49,69.8,76.07,75.33,75.14,74.49,69.8,1,400.0,9.0,0.0,0,NONE
2026-09-29T18:39:10.801+00:00,627.696,manual,Manual cook,temp,2100,401.0,74.57,inkbird_lowest_internal,,1,100,76.15,75.47,75.21,74.57,69.8,76.15,75.47,75.21,74.57,69.8,1,400.0,7.0,0.0,0,NONE
2026-09-29T18:39:11.801+00:00,628.696,manual,Manual cook,temp,2100,401.5,74.57,inkbird_lowest_internal,,1,100,76.15,75.47,75.21,74.57,69.8,76.15,75.47,75.21,74.57,69.8,1,400.0,0.0,0.0,0,NONE
2026-09-29T18:39:12.801+00:00,629.696,manual,Manual cook,temp,2100,401.5,74.58,inkbird_lowest_internal,,1,100,76.18,75.57,75.23,74.58,71.6,76.18,75.57,75.23,74.58,71.6,1,400.0,14.0,0.0,0,NONE
2026-09-29T18:39:13.801+00:00,630.696,manual,Manual cook,temp,2100,401.0,74.58,inkbird_lowest_internal,,1,100,76.18,75.57,75.23,74.58,71.6,76.18,75.57,75.23,74.58,71.6,1,400.0,9.0,0.0,0,NONE
2026-09-29T18:39:14.801+00:00,631.696,manual,Manual cook,temp,2100,400.5,74.61,inkbird_lowest_internal,,1,100,76.26,75.57,75.26,74.61,71.6,76.26,75.57,75.26,74.61,71.6,1,400.0,9.0,0.0,0,NONE
2026-09-29T18:39:15.302+00:00,632.197,manual,Manual cook,temp,2100,401.9,74.61,inkbird_lowest_internal,,1,100,76.26,75.57,75.26,74.61,71.6,76.26,75.57,75.26,74.61,71.6,1,400.0,0.0,0.0,0,NONE
2026-09-29T18:39:16.301+00:00,633.196,manual,Manual cook,temp,2100,401.5,74.61,inkbird_lowest_internal,,1,100,76.26,75.57,75.26,74.61,71.6,76.26,75.57,75.26,74.61,71.6,1,400.0,9.0,0.0,0,NONE
2026-09-29T18:39:17.301+00:00,634.196,manual,Manual cook,temp,2100,401.0,74.61,inkbird_lowest_internal,,1,100,76.29,75.57,75.26,74.61,71.6,76.29,75.57,75.26,74.61,71.6,1,400.0,14.0,0.0,0,NONE
2026-09-29T18:39:18.301+00:00,635.196,manual,Manual cook,temp,2100,401.9,74.61,inkbird_lowest_internal,,1,100,76.29,75.57,75.26,74.61,71.6,76.29,75.57,75.26,74.61,71.6,1,400.0,0.0,0.0,0,NONE
2026-09-29T18:39:19.301+00:00,636.196,manual,Manual cook,temp,2100,400.5,74.72,inkbird_lowest_internal,,1,100,76.38,75.69,75.37,74.72,71.6,76.38,75.69,75.37,74.72,71.6,1,400.0,22.0,0.0,0,NONE
2026-09-29T18:39:20.301+00:00,637.196,manual,Manual cook,temp,2100,400.5,74.72,inkbird_lowest_internal,,1,100,76.38,75.69,75.37,74.72,71.6,76.38,75.69,75.37,74.72,71.6,1,400.0,9.0,0.0,0,NONE
2026-09-29T18:39:21.301+00:00,638.196,manual,Manual cook,temp,2100,401.0,74.72,inkbird_lowest_internal,,1,100,76.42,75.69,75.37,74.72,71.6,76.42,75.69,75.37,74.72,71.6,1,400.0,0.0,0.0,0,NONE
2026-09-29T18:39:22.301+00:00,639.196,manual,Manual cook,temp,2100,401.5,74.72,inkbird_lowest_internal,,1,100,76.42,75.69,75.37,74.72,71.6,76.42,75.69,75.37,74.72,71.6,1,400.0,0.0,0.0,0,NONE
2026-09-29T18:39:23.301+00:00,640.196,manual,Manual cook,temp,2100,401.9,74.83,inkbird_lowest_internal,,1,100,76.52,75.79,75.47,74.83,71.6,76.52,75.79,75.47,74.83,71.6,1,400.0,0.0,0.0,0,NONE
2026-09-29T18:39:24.301+00:00,641.196,manual,Manual cook,temp,2100,401.5,74.83,inkbird_lowest_internal,,1,100,76.52,75.79,75.47,74.83,71.6,76.52,75.79,75.47,74.83,71.6,1,400.0,13.0,0.0,0,NONE
2026-09-29T18:39:25.301+00:00,642.196,manual,Manual cook,temp,2100,400.5,74.83,inkbird_lowest_internal,,1,100,76.54,75.79,75.5,74.83,71.6,76.54,75.79,75.5,74.83,71.6,1,400.0,6.0,0.0,0,NONE
2026-09-29T18:39:25.801+00:00,642.696,manual,Manual cook,temp,2100,400.5,74.83,inkbird_lowest_internal,,1,100,76.54,75.79,75.5,74.83,71.6,76.54,75.79,75.5,74.83,71.6,1,400.0,22.0,0.0,0,NONE
2026-09-29T18:39:26.800+00:00,643.696,manual,Manual cook,temp,2100,401.5,74.94,inkbird_lowest_internal,,1,100,76.62,75.9,75.6,74.94,71.6,76.62,75.9,75.6,74.94,71.6,1,400.0,9.0,0.0,0,NONE
2026-09-29T18:39:27.301+00:00,644.196,manual,Manual cook,temp,2100,401.5,74.94,inkbird_lowest_internal,,1,100,76.62,75.9,75.6,74.94,71.6,76.62,75.9,75.6,74.94,71.6,1,400.0,6.0,0.0,0,NONE
2026-09-29T18:39:28.300+00:00,645.196,manual,Manual cook,temp,2100,400.5,74.94,inkbird_lowest_internal,,1,100,76.62,75.9,75.6,74.94,71.6,76.62,75.9,75.6,74.94,71.6,1,400.0,9.0,0.0,0,NONE
2026-09-29T18:39:28.801+00:00,645.696,manual,Manual cook,temp,2100,401.0,74.94,inkbird_lowest_internal,,1,100,76.64,75.9,75.61,74.94,71.6,76.64,75.9,75.61,74.94,71.6,1,400.0,7.0,0.0,0,NONE
2026-09-29T18:39:29.800+00:00,646.695,manual,Manual cook,temp,2100,401.5,74.94,inkbird_lowest_internal,,1,100,76.64,75.9,75.61,74.94,71.6,76.64,75.9,75.61,74.94,71.6,1,400.0,0.0,0.0,0,NONE
2026-09-29T18:39:30.800+00:00,647.695,manual,Manual cook,temp,2100,401.5,75.04,inkbird_lowest_internal,,1,100,76.72,75.9,75.69,75.04,71.6,76.72,75.9,75.69,75.04,71.6,1,400.0,6.0,0.0,0,NONE
2026-09-29T18:39:31.301+00:00,648.196,manual,Manual cook,temp,2100,401.5,75.04,inkbird_lowest_internal,,1,100,76.72,75.9,75.69,75.04,71.6,76.72,75.9,75.69,75.04,71.6,1,400.0,0.0,0.0,0,NONE
2026-09-29T18:39:32.300+00:00,649.196,manual,Manual cook,temp,2100,401.0,75.04,inkbird_lowest_internal,,1,100,76.72,75.9,75.69,75.04,71.6,76.72,75.9,75.69,75.04,71.6,1,400.0,14.0,0.0,0,NONE
2026-09-29T18:39:33.300+00:00,650.196,manual,Manual cook,temp,2100,401.0,75.11,inkbird_lowest_internal,,1,100,76.73,76.03,75.71,75.11,71.6,76.73,76.03,75.71,75.11,71.6,1,400.0,9.0,0.0,0,NONE
2026-09-29T18:39:33.801+00:00,650.696,manual,Manual cook,temp,2100,400.1,75.11,inkbird_lowest_internal,,1,100,76.73,76.03,75.71,75.11,71.6,76.73,76.03,75.71,75.11,71.6,1,400.0,6.0,0.0,0,NONE
2026-09-29T18:39:34.800+00:00,651.695,manual,Manual cook,temp,2100,401.5,75.14,inkbird_lowest_internal,,1,100,76.74,76.03,75.8,75.14,71.6,76.74,76.03,75.8,75.14,71.6,1,400.0,0.0,0.0,0,NONE
2026-09-29T18:39:35.800+00:00,652.695,manual,Manual cook,temp,2100,401.5,75.14,inkbird_lowest_internal,,1,100,76.74,76.03,75.8,75.14,71.6,76.74,76.03,75.8,75.14,71.6,1,400.0,9.0,0.0,0,NONE
2026-09-29T18:39:36.300+00:00,653.195,manual,Manual cook,temp,2100,401.0,75.14,inkbird_lowest_internal,,1,100,76.74,76.03,75.8,75.14,71.6,76.74,76.03,75.8,75.14,71.6,1,400.0,14.0,0.0,0,NONE
2026-09-29T18:39:37.300+00:00,654.195,manual,Manual cook,temp,2100,401.5,75.14,inkbird_lowest_internal,,1,100,76.75,76.03,75.82,75.14,71.6,76.75,76.03,75.82,75.14,71.6,1,400.0,9.0,0.0,0,NONE
2026-09-29T18:39:38.300+00:00,655.195,manual,Manual cook,temp,2100,401.5,75.14,inkbird_lowest_internal,,1,100,76.75,76.03,75.82,75.14,71.6,76.75,76.03,75.82,75.14,71.6,1,400.0,14.0,0.0,0,NONE
2026-09-29T18:39:39.300+00:00,656.195,manual,Manual cook,temp,2100,401.5,75.23,inkbird_lowest_internal,,1,100,76.81,76.15,75.89,75.23,71.6,76.81,76.15,75.89,75.23,71.6,1,400.0,5.0,0.0,0,NONE
2026-09-29T18:39:40.300+00:00,657.195,manual,Manual cook,temp,2100,401.0,75.23,inkbird_lowest_internal,,1,100,76.81,76.15,75.89,75.23,71.6,76.81,76.15,75.89,75.23,71.6,1,400.0,22.0,0.0,0,NONE
2026-09-29T18:39:41.300+00:00,658.195,manual,Manual cook,temp,2100,401.9,75.25,inkbird_lowest_internal,,1,100,76.83,76.15,75.91,75.25,71.6,76.83,76.15,75.91,75.25,71.6,1,400.0,0.0,0.0,0,NONE
2026-09-29T18:39:41.801+00:00,658.696,manual,Manual cook,temp,2100,400.5,75.25,inkbird_lowest_internal,,1,100,76.83,76.15,75.91,75.25,71.6,76.83,76.15,75.91,75.25,71.6,1,400.0,9.0,0.0,0,NONE
2026-09-29T18:39:42.800+00:00,659.695,manual,Manual cook,temp,2100,400.5,75.33,inkbird_lowest_internal,,1,100,76.85,76.26,75.93,75.33,71.6,76.85,76.26,75.93,75.33,71.6,1,400.0,7.0,0.0,0,NONE
2026-09-29T18:39:43.300+00:00,660.195,manual,Manual cook,temp,2100,401.0,75.33,inkbird_lowest_internal,,1,100,76.85,76.26,75.93,75.33,71.6,76.85,76.26,75.93,75.33,71.6,1,400.0,0.0,0.0,0,NONE
2026-09-29T18:39:44.300+00:00,661.195,manual,Manual cook,temp,2100,401.0,75.33,inkbird_lowest_internal,,1,100,76.85,76.26,75.93,75.33,71.6,76.85,76.26,75.93,75.33,71.6,1,400.0,0.0,0.0,0,NONE
2026-09-29T18:39:44.800+00:00,661.695,manual,Manual cook,temp,2100,400.5,75.33,inkbird_lowest_internal,,1,100,76.85,76.26,75.93,75.33,71.6,76.85,76.26,75.93,75.33,71.6,1,400.0,9.0,0.0,0,NONE
2026-09-29T18:39:45.800+00:00,662.695,manual,Manual cook,temp,2100,401.0,75.33,inkbird_lowest_internal,,1,100,76.85,76.26,75.93,75.33,71.6,76.85,76.26,75.93,75.33,71.6,1,400.0,0.0,0.0,0,NONE
2026-09-29T18:39:46.800+00:00,663.695,manual,Manual cook,temp,2100,401.5,75.38,inkbird_lowest_internal,,1,100,76.95,76.26,76.03,75.38,71.6,76.95,76.26,76.03,75.38,71.6,1,400.0,14.0,0.0,0,NONE
2026-09-29T18:39:47.300+00:00,664.195,manual,Manual cook,temp,2100,401.5,75.38,inkbird_lowest_internal,,1,100,76.95,76.26,76.03,75.38,71.6,76.95,76.26,76.03,75.38,71.6,1,400.0,0.0,0.0,0,NONE
2026-09-29T18:39:48.300+00:00,665.195,manual,Manual cook,temp,2100,401.5,75.38,inkbird_lowest_internal,,1,100,76.95,76.26,76.03,75.38,71.6,76.95,76.26,76.03,75.38,71.6,1,400.0,0.0,0.0,0,NONE
2026-09-29T18:39:48.800+00:00,665.695,manual,Manual cook,temp,2100,401.5,75.46,inkbird_lowest_internal,,1,100,76.97,76.36,76.1,75.46,71.6,76.97,76.36,76.1,75.46,71.6,1,400.0,9.0,0.0,0,NONE
2026-09-29T18:39:49.300+00:00,666.195,manual,Manual cook,temp,2100,401.5,75.46,inkbird_lowest_internal,,1,100,76.97,76.36,76.1,75.46,71.6,76.97,76.36,76.1,75.46,71.6,1,400.0,0.0,0.0,0,NONE
2026-09-29T18:39:50.300+00:00,667.195,manual,Manual cook,temp,2100,400.5,75.46,inkbird_lowest_internal,,1,100,76.97,76.36,76.1,75.46,71.6,76.97,76.36,76.1,75.46,71.6,1,400.0,7.0,0.0,0,NONE
2026-09-29T18:39:50.800+00:00,667.695,manual,Manual cook,temp,2100,401.0,75.46,inkbird_lowest_internal,,1,100,76.97,76.36,76.1,75.46,71.6,76.97,76.36,76.1,75.46,71.6,1,400.0,0.0,0.0,0,NONE
2026-09-29T18:39:51.800+00:00,668.695,manual,Manual cook,temp,2100,401.5,75.46,inkbird_lowest_internal,,1,100,76.97,76.36,76.1,75.46,71.6,76.97,76.36,76.1,75.46,71.6,1,400.0,0.0,0.0,0,NONE
2026-09-29T18:39:52.301+00:00,669.196,manual,Manual cook,temp,2100,400.1,75.46,inkbird_lowest_internal,,1,100,76.97,76.36,76.1,75.46,71.6,76.97,76.36,76.1,75.46,71.6,1,400.0,9.0,0.0,0,NONE
2026-09-29T18:39:53.300+00:00,670.195,manual,Manual cook,temp,2100,400.5,75.5,inkbird_lowest_internal,,1,100,77.07,76.36,76.14,75.5,71.6,77.07,76.36,76.14,75.5,71.6,1,400.0,9.0,0.0,0,NONE
2026-09-29T18:39:54.300+00:00,671.195,manual,Manual cook,temp,2100,400.5,75.5,inkbird_lowest_internal,,1,100,77.07,76.36,76.14,75.5,71.6,77.07,76.36,76.14,75.5,71.6,1,400.0,9.0,0.0,0,NONE
2026-09-29T18:39:55.300+00:00,672.195,manual,Manual cook,temp,2100,400.5,75.58,inkbird_lowest_internal,,1,100,77.09,76.49,76.2,75.58,71.6,77.09,76.49,76.2,75.58,71.6,1,400.0,9.0,0.0,0,NONE
2026-09-29T18:39:55.800+00:00,672.695,manual,Manual cook,temp,2100,401.5,75.58,inkbird_lowest_internal,,1,100,77.09,76.49,76.2,75.58,71.6,77.09,76.49,76.2,75.58,71.6,1,400.0,15.0,0.0,0,NONE
2026-09-29T18:39:56.800+00:00,673.695,manual,Manual cook,temp,2100,400.5,75.61,inkbird_lowest_internal,,1,100,77.18,76.49,76.23,75.61,71.6,77.18,76.49,76.23,75.61,71.6,1,400.0,9.0,0.0,0,NONE
2026-09-29T18:39:57.300+00:00,674.195,manual,Manual cook,temp,2100,400.1,75.61,inkbird_lowest_internal,,1,100,77.18,76.49,76.23,75.61,71.6,77.18,76.49,76.23,75.61,71.6,1,400.0,7.0,0.0,0,NONE
2026-09-29T18:39:58.300+00:00,675.195,manual,Manual cook,temp,2100,400.1,75.61,inkbird_lowest_internal,,1,100,77.18,76.49,76.23,75.61,71.6,77.18,76.49,76.23,75.61,71.6,1,400.0,8.0,0.0,0,NONE
2026-09-29T18:39:58.800+00:00,675.695,manual,Manual cook,temp,2100,399.2,75.61,inkbird_lowest_internal,,1,100,77.2,76.49,76.26,75.61,71.6,77.2,76.49,76.26,75.61,71.6,1,400.0,24.0,0.0,0,NONE
2026-09-29T18:39:59.800+00:00,676.695,manual,Manual cook,temp,2100,400.1,75.61,inkbird_lowest_internal,,1,100,77.2,76.49,76.26,75.61,71.6,77.2,76.49,76.26,75.61,71.6,1,400.0,1.0,0.0,0,NONE
2026-09-29T18:40:00.800+00:00,677.695,manual,Manual cook,temp,2100,400.1,75.69,inkbird_lowest_internal,,1,100,77.28,76.6,76.34,75.69,71.6,77.28,76.6,76.34,75.69,71.6,1,400.0,9.0,0.0,0,NONE
2026-09-29T18:40:01.300+00:00,678.195,manual,Manual cook,temp,2100,399.2,75.69,inkbird_lowest_internal,,1,100,77.28,76.6,76.34,75.69,71.6,77.28,76.6,76.34,75.69,71.6,1,400.0,8.0,0.0,0,NONE
2026-09-29T18:40:02.300+00:00,679.195,manual,Manual cook,temp,2100,400.5,75.69,inkbird_lowest_internal,,1,100,77.28,76.6,76.34,75.69,71.6,77.28,76.6,76.34,75.69,71.6,1,400.0,0.0,0.0,0,NONE
2026-09-29T18:40:02.800+00:00,679.695,manual,Manual cook,temp,2100,399.6,75.72,inkbird_lowest_internal,,1,100,77.31,76.6,76.36,75.72,71.6,77.31,76.6,76.36,75.72,71.6,1,400.0,9.0,0.0,0,NONE
2026-09-29T18:40:03.800+00:00,680.695,manual,Manual cook,temp,2100,400.1,75.72,inkbird_lowest_internal,,1,100,77.31,76.6,76.36,75.72,71.6,77.31,76.6,76.36,75.72,71.6,1,400.0,1.0,0.0,0,NONE
2026-09-29T18:40:04.300+00:00,681.195,manual,Manual cook,temp,2100,399.6,75.72,inkbird_lowest_internal,,1,100,77.31,76.6,76.36,75.72,71.6,77.31,76.6,76.36,75.72,71.6,1,400.0,16.0,0.0,0,NONE
2026-09-29T18:40:05.300+00:00,682.195,manual,Manual cook,temp,2100,400.1,75.79,inkbird_lowest_internal,,1,100,77.39,76.71,76.42,75.79,71.6,77.39,76.71,76.42,75.79,71.6,1,400.0,1.0,0.0,0,NONE
2026-09-29T18:40:05.800+00:00,682.695,manual,Manual cook,temp,2100,400.5,75.79,inkbird_lowest_internal,,1,100,77.39,76.71,76.42,75.79,71.6,77.39,76.71,76.42,75.79,71.6,1,400.0,0.0,0.0,0,NONE
2026-09-29T18:40:06.799+00:00,683.695,manual,Manual cook,temp,2100,400.5,75.79,inkbird_lowest_internal,,1,100,77.39,76.71,76.42,75.79,71.6,77.39,76.71,76.42,75.79,71.6,1,400.0,7.0,0.0,0,NONE
2026-09-29T18:40:07.300+00:00,684.195,manual,Manual cook,temp,2100,400.1,75.79,inkbird_lowest_internal,,1,100,77.39,76.71,76.42,75.79,71.6,77.39,76.71,76.42,75.79,71.6,1,400.0,15.0,0.0,0,NONE
2026-09-29T18:40:07.800+00:00,684.695,manual,Manual cook,temp,2100,400.1,75.79,inkbird_lowest_internal,,1,100,77.39,76.71,76.42,75.79,71.6,77.39,76.71,76.42,75.79,71.6,1,400.0,16.0,0.0,0,NONE
2026-09-29T18:40:08.799+00:00,685.694,manual,Manual cook,temp,2100,400.1,75.83,inkbird_lowest_internal,,1,100,77.42,76.71,76.47,75.83,71.6,77.42,76.71,76.47,75.83,71.6,1,400.0,8.0,0.0,0,NONE
2026-09-29T18:40:09.300+00:00,686.195,manual,Manual cook,temp,2100,399.2,75.83,inkbird_lowest_internal,,1,100,77.42,76.71,76.47,75.83,71.6,77.42,76.71,76.47,75.83,71.6,1,400.0,24.0,0.0,0,NONE
2026-09-29T18:40:10.299+00:00,687.195,manual,Manual cook,temp,2100,399.6,75.83,inkbird_lowest_internal,,1,100,77.42,76.71,76.47,75.83,71.6,77.42,76.71,76.47,75.83,71.6,1,400.0,0.0,0.0,0,NONE
2026-09-29T18:40:11.299+00:00,688.194,manual,Manual cook,temp,2100,400.1,75.91,inkbird_lowest_internal,,1,100,77.5,76.82,76.55,75.91,71.6,77.5,76.82,76.55,75.91,71.6,1,400.0,1.0,0.0,0,NONE
2026-09-29T18:40:11.799+00:00,688.695,manual,Manual cook,temp,2100,399.2,75.91,inkbird_lowest_internal,,1,100,77.5,76.82,76.55,75.91,71.6,77.5,76.82,76.55,75.91,71.6,1,400.0,24.0,0.0,0,NONE
2026-09-29T18:40:12.799+00:00,689.694,manual,Manual cook,temp,2100,399.6,75.94,inkbird_lowest_internal,,1,100,77.52,76.82,76.57,75.94,71.6,77.52,76.82,76.57,75.94,71.6,1,400.0,9.0,0.0,0,NONE
2026-09-29T18:40:13.300+00:00,690.195,manual,Manual cook,temp,2100,399.6,75.94,inkbird_lowest_internal,,1,100,77.52,76.82,76.57,75.94,71.6,77.52,76.82,76.57,75.94,71.6,1,400.0,0.0,0.0,0,NONE
2026-09-29T18:40:14.299+00:00,691.194,manual,Manual cook,temp,2100,400.1,75.94,inkbird_lowest_internal,,1,100,77.52,76.82,76.57,75.94,71.6,77.52,76.82,76.57,75.94,71.6,1,400.0,9.0,0.0,0,NONE
2026-09-29T18:40:15.300+00:00,692.195,manual,Manual cook,temp,2100,400.1,76.01,inkbird_lowest_internal,,1,100,77.53,76.92,76.58,76.01,71.6,77.53,76.92,76.58,76.01,71.6,1,400.0,8.0,0.0,0,NONE
2026-09-29T18:40:16.299+00:00,693.195,manual,Manual cook,temp,2100,399.2,76.01,inkbird_lowest_internal,,1,100,77.53,76.92,76.58,76.01,71.6,77.53,76.92,76.58,76.01,71.6,1,400.0,10.0,0.0,0,NONE
2026-09-29T18:40:17.299+00:00,694.194,manual,Manual cook,temp,2100,399.6,76.01,inkbird_lowest_internal,,1,100,77.53,76.92,76.58,76.01,71.6,77.53,76.92,76.58,76.01,71.6,1,400.0,2.0,0.0,0,NONE
2026-09-29T18:40:18.299+00:00,695.194,manual,Manual cook,temp,2100,399.6,76.01,inkbird_lowest_internal,,1,100,77.53,76.92,76.58,76.01,71.6,77.53,76.92,76.58,76.01,71.6,1,400.0,9.0,0.0,0,NONE
2026-09-29T18:40:18.799+00:00,695.694,manual,Manual cook,temp,2100,400.1,76.06,inkbird_lowest_internal,,1,100,77.63,76.92,76.68,76.06,71.6,77.63,76.92,76.68,76.06,71.6,1,400.0,17.0,0.0,0,NONE
2026-09-29T18:40:19.799+00:00,696.694,manual,Manual cook,temp,2100,399.6,76.06,inkbird_lowest_internal,,1,100,77.63,76.92,76.68,76.06,71.6,77.63,76.92,76.68,76.06,71.6,1,400.0,9.0,0.0,0,NONE
2026-09-29T18:40:20.299+00:00,697.194,manual,Manual cook,temp,2100,400.1,76.06,inkbird_lowest_internal,,1,100,77.63,76.92,76.68,76.06,71.6,77.63,76.92,76.68,76.06,71.6,1,400.0,1.0,0.0,0,NONE
2026-09-29T18:40:21.299+00:00,698.194,manual,Manual cook,temp,2100,400.1,76.14,inkbird_lowest_internal,,1,100,77.65,77.03,76.7,76.14,71.6,77.65,77.03,76.7,76.14,71.6,1,400.0,8.0,0.0,0,NONE
2026-09-29T18:40:22.299+00:00,699.194,manual,Manual cook,temp,2100,399.6,76.14,inkbird_lowest_internal,,1,100,77.65,77.03,76.7,76.14,71.6,77.65,77.03,76.7,76.14,71.6,1,400.0,16.0,0.0,0,NONE
2026-09-29T18:40:22.799+00:00,699.694,manual,Manual cook,temp,2100,400.1,76.14,inkbird_lowest_internal,,1,100,77.65,77.03,76.7,76.14,71.6,77.65,77.03,76.7,76.14,71.6,1,400.0,1.0,0.0,0,NONE
2026-09-29T18:40:23.799+00:00,700.694,manual,Manual cook,temp,2100,400.1,76.14,inkbird_lowest_internal,,1,100,77.65,77.03,76.7,76.14,71.6,77.65,77.03,76.7,76.14,71.6,1,400.0,8.0,0.0,0,NONE
2026-09-29T18:40:24.799+00:00,701.694,manual,Manual cook,temp,2100,400.1,76.16,inkbird_lowest_internal,,1,100,77.73,77.03,76.81,76.16,71.6,77.73,77.03,76.81,76.16,71.6,1,400.0,8.0,0.0,0,NONE
2026-09-29T18:40:25.299+00:00,702.194,manual,Manual cook,temp,2100,399.6,76.16,inkbird_lowest_internal,,1,100,77.73,77.03,76.81,76.16,71.6,77.73,77.03,76.81,76.16,71.6,1,400.0,16.0,0.0,0,NONE
2026-09-29T18:40:26.299+00:00,703.194,manual,Manual cook,temp,2100,400.5,76.16,inkbird_lowest_internal,,1,100,77.73,77.03,76.81,76.16,71.6,77.73,77.03,76.81,76.16,71.6,1,400.0,0.0,0.0,0,NONE
2026-09-29T18:40:27.299+00:00,704.194,manual,Manual cook,temp,2100,400.5,76.25,inkbird_lowest_internal,,1,100,77.74,77.13,76.88,76.25,71.6,77.74,77.13,76.88,76.25,71.6,1,400.0,6.0,0.0,0,NONE
2026-09-29T18:40:28.299+00:00,705.194,manual,Manual cook,temp,2100,401.0,76.25,inkbird_lowest_internal,,1,100,77.74,77.13,76.88,76.25,71.6,77.74,77.13,76.88,76.25,71.6,1,400.0,0.0,0.0,0,NONE
2026-09-29T18:40:28.799+00:00,705.694,manual,Manual cook,temp,2100,401.0,76.26,inkbird_lowest_internal,,1,100,77.75,77.13,76.89,76.26,71.6,77.75,77.13,76.89,76.26,71.6,1,400.0,6.0,0.0,0,NONE
2026-09-29T18:40:29.300+00:00,706.195,manual,Manual cook,temp,2100,400.5,76.26,inkbird_lowest_internal,,1,100,77.75,77.13,76.89,76.26,71.6,77.75,77.13,76.89,76.26,71.6,1,400.0,22.0,0.0,0,NONE
2026-09-29T18:40:30.299+00:00,707.194,manual,Manual cook,temp,2100,401.0,76.26,inkbird_lowest_internal,,1,100,77.75,77.13,76.89,76.26,71.6,77.75,77.13,76.89,76.26,71.6,1,400.0,0.0,0.0,0,NONE
2026-09-29T18:40:31.299+00:00,708.194,manual,Manual cook,temp,2100,401.0,76.26,inkbird_lowest_internal,,1,100,77.81,77.13,76.91,76.26,71.6,77.81,77.13,76.91,76.26,71.6,1,400.0,6.0,0.0,0,NONE
2026-09-29T18:40:31.799+00:00,708.694,manual,Manual cook,temp,2100,400.1,76.26,inkbird_lowest_internal,,1,100,77.81,77.13,76.91,76.26,71.6,77.81,77.13,76.91,76.26,71.6,1,400.0,22.0,0.0,0,NONE
2026-09-29T18:40:32.799+00:00,709.694,manual,Manual cook,temp,2100,400.5,76.35,inkbird_lowest_internal,,1,100,77.83,77.24,76.97,76.35,73.4,77.83,77.24,76.97,76.35,73.4,1,400.0,7.0,0.0,0,NONE
2026-09-29T18:40:33.799+00:00,710.694,manual,Manual cook,temp,2100,401.0,76.35,inkbird_lowest_internal,,1,100,77.83,77.24,76.97,76.35,73.4,77.83,77.24,76.97,76.35,73.4,1,400.0,0.0,0.0,0,NONE
2026-09-29T18:40:34.800+00:00,711.695,manual,Manual cook,temp,2100,400.1,76.38,inkbird_lowest_internal,,1,100,77.85,77.24,76.99,76.38,73.4,77.85,77.24,76.99,76.38,73.4,1,400.0,15.0,0.0,0,NONE
2026-09-29T18:40:35.799+00:00,712.694,manual,Manual cook,temp,2100,401.0,76.38,inkbird_lowest_internal,,1,100,77.85,77.24,76.99,76.38,73.4,77.85,77.24,76.99,76.38,73.4,1,400.0,0.0,0.0,0,NONE
2026-09-29T18:40:36.299+00:00,713.194,manual,Manual cook,temp,2100,399.6,76.38,inkbird_lowest_internal,,1,100,77.85,77.24,76.99,76.38,73.4,77.85,77.24,76.99,76.38,73.4,1,400.0,6.0,0.0,0,NONE
2026-09-29T18:40:37.299+00:00,714.194,manual,Manual cook,temp,2100,401.0,76.38,inkbird_lowest_internal,,1,100,77.86,77.24,76.99,76.38,73.4,77.86,77.24,76.99,76.38,73.4,1,400.0,0.0,0.0,0,NONE
2026-09-29T18:40:38.299+00:00,715.194,manual,Manual cook,temp,2100,400.1,76.38,inkbird_lowest_internal,,1,100,77.86,77.24,76.99,76.38,73.4,77.86,77.24,76.99,76.38,73.4,1,400.0,22.0,0.0,0,NONE
2026-09-29T18:40:39.299+00:00,716.194,manual,Manual cook,temp,2100,400.1,76.47,inkbird_lowest_internal,,1,100,77.93,77.35,77.03,76.47,73.4,77.93,77.35,77.03,76.47,73.4,1,400.0,9.0,0.0,0,NONE
2026-09-29T18:40:39.799+00:00,716.694,manual,Manual cook,temp,2100,401.0,76.47,inkbird_lowest_internal,,1,100,77.93,77.35,77.03,76.47,73.4,77.93,77.35,77.03,76.47,73.4,1,400.0,0.0,0.0,0,NONE
2026-09-29T18:40:40.299+00:00,717.194,manual,Manual cook,temp,2100,401.0,76.47,inkbird_lowest_internal,,1,100,77.93,77.35,77.03,76.47,73.4,77.93,77.35,77.03,76.47,73.4,1,400.0,9.0,0.0,0,NONE
2026-09-29T18:40:41.299+00:00,718.194,manual,Manual cook,temp,2100,401.9,76.49,inkbird_lowest_internal,,1,100,77.94,77.35,77.1,76.49,73.4,77.94,77.35,77.1,76.49,73.4,1,400.0,0.0,0.0,0,NONE
2026-09-29T18:40:42.299+00:00,719.194,manual,Manual cook,temp,2100,401.0,76.49,inkbird_lowest_internal,,1,100,77.94,77.35,77.1,76.49,73.4,77.94,77.35,77.1,76.49,73.4,1,400.0,9.0,0.0,0,NONE
2026-09-29T18:40:43.299+00:00,720.194,manual,Manual cook,temp,2100,401.5,76.49,inkbird_lowest_internal,,1,100,77.94,77.35,77.1,76.49,73.4,77.94,77.35,77.1,76.49,73.4,1,400.0,0.0,0.0,0,NONE
2026-09-29T18:40:44.299+00:00,721.194,manual,Manual cook,temp,2100,401.0,76.49,inkbird_lowest_internal,,1,100,77.94,77.35,77.1,76.49,73.4,77.94,77.35,77.1,76.49,73.4,1,400.0,13.0,0.0,0,NONE
2026-09-29T18:40:45.298+00:00,722.194,manual,Manual cook,temp,2100,400.5,76.58,inkbird_lowest_internal,,1,100,77.98,77.45,77.14,76.58,73.4,77.98,77.45,77.14,76.58,73.4,1,400.0,0.0,0.0,0,NONE
2026-09-29T18:40:45.799+00:00,722.694,manual,Manual cook,temp,2100,400.1,76.58,inkbird_lowest_internal,,1,100,77.98,77.45,77.14,76.58,73.4,77.98,77.45,77.14,76.58,73.4,1,400.0,9.0,0.0,0,NONE
2026-09-29T18:40:46.799+00:00,723.694,manual,Manual cook,temp,2100,400.5,76.59,inkbird_lowest_internal,,1,100,78.04,77.45,77.2,76.59,73.4,78.04,77.45,77.2,76.59,73.4,1,400.0,0.0,0.0,0,NONE
2026-09-29T18:40:47.798+00:00,724.693,manual,Manual cook,temp,2100,401.0,76.59,inkbird_lowest_internal,,1,100,78.04,77.45,77.2,76.59,73.4,78.04,77.45,77.2,76.59,73.4,1,400.0,0.0,0.0,0,NONE
2026-09-29T18:40:48.299+00:00,725.194,manual,Manual cook,temp,2100,400.5,76.59,inkbird_lowest_internal,,1,100,78.04,77.45,77.2,76.59,73.4,78.04,77.45,77.2,76.59,73.4,1,400.0,9.0,0.0,0,NONE
2026-09-29T18:40:49.298+00:00,726.193,manual,Manual cook,temp,2100,401.0,76.59,inkbird_lowest_internal,,1,100,78.04,77.45,77.2,76.59,73.4,78.04,77.45,77.2,76.59,73.4,1,400.0,0.0,0.0,0,NONE
2026-09-29T18:40:49.798+00:00,726.694,manual,Manual cook,temp,2100,401.5,76.59,inkbird_lowest_internal,,1,100,78.04,77.45,77.2,76.59,73.4,78.04,77.45,77.2,76.59,73.4,1,400.0,6.0,0.0,0,NONE
2026-09-29T18:40:50.798+00:00,727.693,manual,Manual cook,temp,2100,401.0,76.59,inkbird_lowest_internal,,1,100,78.06,77.45,77.24,76.59,73.4,78.06,77.45,77.24,76.59,73.4,1,400.0,9.0,0.0,0,NONE
2026-09-29T18:40:51.298+00:00,728.193,manual,Manual cook,temp,2100,401.0,76.59,inkbird_lowest_internal,,1,100,78.06,77.45,77.24,76.59,73.4,78.06,77.45,77.24,76.59,73.4,1,400.0,6.0,0.0,0,NONE
2026-09-29T18:40:52.298+00:00,729.194,manual,Manual cook,temp,2100,400.5,76.59,inkbird_lowest_internal,,1,100,78.06,77.45,77.24,76.59,73.4,78.06,77.45,77.24,76.59,73.4,1,400.0,14.0,0.0,0,NONE
2026-09-29T18:40:53.298+00:00,730.193,manual,Manual cook,temp,2100,400.5,76.71,inkbird_lowest_internal,,1,100,78.07,77.57,77.31,76.71,73.4,78.07,77.57,77.31,76.71,73.4,1,400.0,7.0,0.0,0,NONE
2026-09-29T18:40:53.798+00:00,730.693,manual,Manual cook,temp,2100,401.0,76.71,inkbird_lowest_internal,,1,100,78.07,77.57,77.31,76.71,73.4,78.07,77.57,77.31,76.71,73.4,1,400.0,0.0,0.0,0,NONE
2026-09-29T18:40:54.798+00:00,731.693,manual,Manual cook,temp,2100,400.1,76.71,inkbird_lowest_internal,,1,100,78.08,77.57,77.31,76.71,73.4,78.08,77.57,77.31,76.71,73.4,1,400.0,22.0,0.0,0,NONE
2026-09-29T18:40:55.798+00:00,732.693,manual,Manual cook,temp,2100,400.5,76.71,inkbird_lowest_internal,,1,100,78.08,77.57,77.31,76.71,73.4,78.08,77.57,77.31,76.71,73.4,1,400.0,0.0,0.0,0,NONE
2026-09-29T18:40:56.298+00:00,733.193,manual,Manual cook,temp,2100,399.6,76.71,inkbird_lowest_internal,,1,100,78.08,77.57,77.31,76.71,73.4,78.08,77.57,77.31,76.71,73.4,1,400.0,0.0,0.0,0,NONE
2026-09-29T18:40:57.298+00:00,734.193,manual,Manual cook,temp,2100,401.0,76.71,inkbird_lowest_internal,,1,100,78.14,77.57,77.34,76.71,73.4,78.14,77.57,77.34,76.71,73.4,1,400.0,0.0,0.0,0,NONE
2026-09-29T18:40:58.298+00:00,735.193,manual,Manual cook,temp,2100,401.0,76.71,inkbird_lowest_internal,,1,100,78.14,77.57,77.34,76.71,73.4,78.14,77.57,77.34,76.71,73.4,1,400.0,0.0,0.0,0,NONE
2026-09-29T18:40:59.298+00:00,736.193,manual,Manual cook,temp,2100,401.5,76.81,inkbird_lowest_internal,,1,100,78.16,77.57,77.41,76.81,73.4,78.16,77.57,77.41,76.81,73.4,1,400.0,0.0,0.0,0,NONE
2026-09-29T18:40:59.798+00:00,736.693,manual,Manual cook,temp,2100,400.5,76.81,inkbird_lowest_internal,,1,100,78.16,77.57,77.41,76.81,73.4,78.16,77.57,77.41,76.81,73.4,1,400.0,5.0,0.0,0,NONE
2026-09-29T18:41:00.298+00:00,737.193,manual,Manual cook,temp,2100,400.1,76.81,inkbird_lowest_internal,,1,100,78.16,77.57,77.41,76.81,73.4,78.16,77.57,77.41,76.81,73.4,1,400.0,21.0,0.0,0,NONE
2026-09-29T18:41:01.299+00:00,738.194,manual,Manual cook,temp,2100,400.5,76.87,inkbird_lowest_internal,,1,100,78.17,77.67,77.42,76.87,73.4,78.17,77.67,77.42,76.87,73.4,1,400.0,0.0,0.0,0,NONE
2026-09-29T18:41:02.298+00:00,739.193,manual,Manual cook,temp,2100,401.0,76.87,inkbird_lowest_internal,,1,100,78.17,77.67,77.42,76.87,73.4,78.17,77.67,77.42,76.87,73.4,1,400.0,0.0,0.0,0,NONE
2026-09-29T18:41:02.798+00:00,739.693,manual,Manual cook,temp,2100,400.5,76.87,inkbird_lowest_internal,,1,100,78.19,77.67,77.42,76.87,73.4,78.19,77.67,77.42,76.87,73.4,1,400.0,9.0,0.0,0,NONE
2026-09-29T18:41:03.798+00:00,740.693,manual,Manual cook,temp,2100,400.5,76.87,inkbird_lowest_internal,,1,100,78.19,77.67,77.42,76.87,73.4,78.19,77.67,77.42,76.87,73.4,1,400.0,7.0,0.0,0,NONE
2026-09-29T18:41:04.798+00:00,741.693,manual,Manual cook,temp,2100,401.0,76.87,inkbird_lowest_internal,,1,100,78.25,77.67,77.46,76.87,73.4,78.25,77.67,77.46,76.87,73.4,1,400.0,0.0,0.0,0,NONE
2026-09-29T18:41:05.798+00:00,742.693,manual,Manual cook,temp,2100,401.0,76.87,inkbird_lowest_internal,,1,100,78.25,77.67,77.46,76.87,73.4,78.25,77.67,77.46,76.87,73.4,1,400.0,14.0,0.0,0,NONE
2026-09-29T18:41:06.798+00:00,743.693,manual,Manual cook,temp,2100,401.0,76.93,inkbird_lowest_internal,,1,100,78.28,77.78,77.53,76.93,73.4,78.28,77.78,77.53,76.93,73.4,1,400.0,6.0,0.0,0,NONE
2026-09-29T18:41:07.798+00:00,744.693,manual,Manual cook,temp,2100,400.5,76.93,inkbird_lowest_internal,,1,100,78.28,77.78,77.53,76.93,73.4,78.28,77.78,77.53,76.93,73.4,1,400.0,7.0,0.0,0,NONE
2026-09-29T18:41:08.798+00:00,745.693,manual,Manual cook,temp,2100,400.5,76.93,inkbird_lowest_internal,,1,100,78.29,77.78,77.53,76.93,73.4,78.29,77.78,77.53,76.93,73.4,1,400.0,7.0,0.0,0,NONE
2026-09-29T18:41:09.798+00:00,746.693,manual,Manual cook,temp,2100,401.5,76.93,inkbird_lowest_internal,,1,100,78.29,77.78,77.53,76.93,73.4,78.29,77.78,77.53,76.93,73.4,1,400.0,0.0,0.0,0,NONE
2026-09-29T18:41:10.798+00:00,747.693,manual,Manual cook,temp,2100,401.0,76.93,inkbird_lowest_internal,,1,100,78.29,77.78,77.53,76.93,73.4,78.29,77.78,77.53,76.93,73.4,1,400.0,13.0,0.0,0,NONE
2026-09-29T18:41:11.798+00:00,748.693,manual,Manual cook,temp,2100,401.5,76.93,inkbird_lowest_internal,,1,100,78.29,77.78,77.53,76.93,73.4,78.29,77.78,77.53,76.93,73.4,1,400.0,0.0,0.0,0,NONE
2026-09-29T18:41:12.798+00:00,749.693,manual,Manual cook,temp,2100,401.5,76.93,inkbird_lowest_internal,,1,100,78.37,77.78,77.57,76.93,73.4,78.37,77.78,77.57,76.93,73.4,1,400.0,21.0,0.0,0,NONE
2026-09-29T18:41:13.798+00:00,750.693,manual,Manual cook,temp,2100,401.5,76.93,inkbird_lowest_internal,,1,100,78.37,77.78,77.57,76.93,73.4,78.37,77.78,77.57,76.93,73.4,1,400.0,5.0,0.0,0,NONE
2026-09-29T18:41:14.798+00:00,751.693,manual,Manual cook,temp,2100,400.5,77.04,inkbird_lowest_internal,,1,100,78.38,77.78,77.63,77.04,73.4,78.38,77.78,77.63,77.04,73.4,1,400.0,21.0,0.0,0,NONE
2026-09-29T18:41:15.798+00:00,752.693,manual,Manual cook,temp,2100,401.0,77.04,inkbird_lowest_internal,,1,100,78.38,77.78,77.63,77.04,73.4,78.38,77.78,77.63,77.04,73.4,1,400.0,5.0,0.0,0,NONE
2026-09-29T18:41:16.298+00:00,753.193,manual,Manual cook,temp,2100,401.0,77.04,inkbird_lowest_internal,,1,100,78.38,77.78,77.63,77.04,73.4,78.38,77.78,77.63,77.04,73.4,1,400.0,13.0,0.0,0,NONE
2026-09-29T18:41:17.298+00:00,754.193,manual,Manual cook,temp,2100,401.9,77.12,inkbird_lowest_internal,,1,100,78.4,77.89,77.64,77.12,73.4,78.4,77.89,77.64,77.12,73.4,1,400.0,0.0,0.0,0,NONE
2026-09-29T18:41:17.798+00:00,754.693,manual,Manual cook,temp,2100,401.0,77.12,inkbird_lowest_internal,,1,100,78.4,77.89,77.64,77.12,73.4,78.4,77.89,77.64,77.12,73.4,1,400.0,9.0,0.0,0,NONE
2026-09-29T18:41:18.298+00:00,755.193,manual,Manual cook,temp,2100,401.9,77.12,inkbird_lowest_internal,,1,100,78.4,77.89,77.64,77.12,73.4,78.4,77.89,77.64,77.12,73.4,1,400.0,13.0,0.0,0,NONE
2026-09-29T18:41:19.298+00:00,756.193,manual,Manual cook,temp,2100,401.0,77.12,inkbird_lowest_internal,,1,100,78.4,77.89,77.64,77.12,73.4,78.4,77.89,77.64,77.12,73.4,1,400.0,9.0,0.0,0,NONE
2026-09-29T18:41:19.798+00:00,756.693,manual,Manual cook,temp,2100,402.4,77.12,inkbird_lowest_internal,,1,100,78.4,77.89,77.64,77.12,73.4,78.4,77.89,77.64,77.12,73.4,1,400.0,0.0,0.0,0,NONE
2026-09-29T18:41:20.798+00:00,757.693,manual,Manual cook,temp,2100,402.4,77.12,inkbird_lowest_internal,,1,100,78.49,77.89,77.68,77.12,73.4,78.49,77.89,77.68,77.12,73.4,1,400.0,3.0,0.0,0,NONE
2026-09-29T18:41:21.798+00:00,758.693,manual,Manual cook,temp,2100,401.9,77.12,inkbird_lowest_internal,,1,100,78.49,77.89,77.68,77.12,73.4,78.49,77.89,77.68,77.12,73.4,1,400.0,19.0,0.0,0,NONE
2026-09-29T18:41:22.798+00:00,759.693,manual,Manual cook,temp,2100,401.9,77.16,inkbird_lowest_internal,,1,100,78.51,78.01,77.75,77.16,73.4,78.51,78.01,77.75,77.16,73.4,1,400.0,4.0,0.0,0,NONE
2026-09-29T18:41:23.798+00:00,760.693,manual,Manual cook,temp,2100,401.5,77.16,inkbird_lowest_internal,,1,100,78.51,78.01,77.75,77.16,73.4,78.51,78.01,77.75,77.16,73.4,1,400.0,9.0,0.0,0,NONE
2026-09-29T18:41:24.798+00:00,761.693,manual,Manual cook,temp,2100,401.5,77.16,inkbird_lowest_internal,,1,100,78.51,78.01,77.75,77.16,73.4,78.51,78.01,77.75,77.16,73.4,1,400.0,5.0,0.0,0,NONE
2026-09-29T18:41:25.798+00:00,762.693,manual,Manual cook,temp,2100,401.5,77.16,inkbird_lowest_internal,,1,100,78.51,78.01,77.75,77.16,73.4,78.51,78.01,77.75,77.16,73.4,1,400.0,9.0,0.0,0,NONE
2026-09-29T18:41:26.798+00:00,763.693,manual,Manual cook,temp,2100,402.4,77.16,inkbird_lowest_internal,,1,100,78.51,78.01,77.75,77.16,73.4,78.51,78.01,77.75,77.16,73.4,1,400.0,9.0,0.0,0,NONE
2026-09-29T18:41:27.298+00:00,764.193,manual,Manual cook,temp,2100,401.9,77.16,inkbird_lowest_internal,,1,100,78.51,78.01,77.75,77.16,73.4,78.51,78.01,77.75,77.16,73.4,1,400.0,0.0,0.0,0,NONE
2026-09-29T18:41:28.297+00:00,765.192,manual,Manual cook,temp,2100,402.4,77.16,inkbird_lowest_internal,,1,100,78.51,78.01,77.75,77.16,73.4,78.51,78.01,77.75,77.16,73.4,1,400.0,0.0,0.0,0,NONE
2026-09-29T18:41:28.797+00:00,765.693,manual,Manual cook,temp,2100,401.9,77.26,inkbird_lowest_internal,,1,100,78.62,78.01,77.8,77.26,73.4,78.62,78.01,77.8,77.26,73.4,1,400.0,9.0,0.0,0,NONE
2026-09-29T18:41:29.798+00:00,766.693,manual,Manual cook,temp,2100,401.0,77.26,inkbird_lowest_internal,,1,100,78.62,78.01,77.8,77.26,73.4,78.62,78.01,77.8,77.26,73.4,1,400.0,9.0,0.0,0,NONE
2026-09-29T18:41:30.797+00:00,767.693,manual,Manual cook,temp,2100,401.5,77.32,inkbird_lowest_internal,,1,100,78.69,78.11,77.87,77.32,73.4,78.69,78.11,77.87,77.32,73.4,1,400.0,5.0,0.0,0,NONE
2026-09-29T18:41:31.797+00:00,768.692,manual,Manual cook,temp,2100,401.9,77.32,inkbird_lowest_internal,,1,100,78.69,78.11,77.87,77.32,73.4,78.69,78.11,77.87,77.32,73.4,1,400.0,4.0,0.0,0,NONE
2026-09-29T18:41:32.798+00:00,769.693,manual,Manual cook,temp,2100,401.5,77.32,inkbird_lowest_internal,,1,100,78.69,78.11,77.87,77.32,73.4,78.69,78.11,77.87,77.32,73.4,1,400.0,20.0,0.0,0,NONE
2026-09-29T18:41:33.797+00:00,770.692,manual,Manual cook,temp,2100,401.5,77.32,inkbird_lowest_internal,,1,100,78.69,78.11,77.87,77.32,73.4,78.69,78.11,77.87,77.32,73.4,1,400.0,5.0,0.0,0,NONE
2026-09-29T18:41:34.797+00:00,771.692,manual,Manual cook,temp,2100,400.5,77.32,inkbird_lowest_internal,,1,100,78.72,78.11,77.9,77.32,73.4,78.72,78.11,77.9,77.32,73.4,1,400.0,21.0,0.0,0,NONE
2026-09-29T18:41:35.797+00:00,772.692,manual,Manual cook,temp,2100,401.0,77.32,inkbird_lowest_internal,,1,100,78.72,78.11,77.9,77.32,73.4,78.72,78.11,77.9,77.32,73.4,1,400.0,9.0,0.0,0,NONE
2026-09-29T18:41:36.297+00:00,773.192,manual,Manual cook,temp,2100,401.5,77.32,inkbird_lowest_internal,,1,100,78.72,78.11,77.9,77.32,73.4,78.72,78.11,77.9,77.32,73.4,1,400.0,0.0,0.0,0,NONE
2026-09-29T18:41:37.297+00:00,774.193,manual,Manual cook,temp,2100,401.5,77.38,inkbird_lowest_internal,,1,100,78.8,78.22,77.97,77.38,73.4,78.8,78.22,77.97,77.38,73.4,1,400.0,0.0,0.0,0,NONE
2026-09-29T18:41:38.297+00:00,775.192,manual,Manual cook,temp,2100,401.0,77.38,inkbird_lowest_internal,,1,100,78.8,78.22,77.97,77.38,73.4,78.8,78.22,77.97,77.38,73.4,1,400.0,13.0,0.0,0,NONE
2026-09-29T18:41:39.297+00:00,776.192,manual,Manual cook,temp,2100,400.5,77.38,inkbird_lowest_internal,,1,100,78.8,78.22,77.97,77.38,73.4,78.8,78.22,77.97,77.38,73.4,1,400.0,14.0,0.0,0,NONE
2026-09-29T18:41:40.297+00:00,777.192,manual,Manual cook,temp,2100,400.1,77.38,inkbird_lowest_internal,,1,100,78.8,78.22,77.97,77.38,73.4,78.8,78.22,77.97,77.38,73.4,1,400.0,9.0,0.0,0,NONE
2026-09-29T18:41:40.797+00:00,777.692,manual,Manual cook,temp,2100,401.0,77.38,inkbird_lowest_internal,,1,100,78.8,78.22,78.01,77.38,73.4,78.8,78.22,78.01,77.38,73.4,1,400.0,0.0,0.0,0,NONE
2026-09-29T18:41:41.797+00:00,778.692,manual,Manual cook,temp,2100,401.5,77.38,inkbird_lowest_internal,,1,100,78.8,78.22,78.01,77.38,73.4,78.8,78.22,78.01,77.38,73.4,1,400.0,0.0,0.0,0,NONE
2026-09-29T18:41:42.797+00:00,779.692,manual,Manual cook,temp,2100,400.1,77.49,inkbird_lowest_internal,,1,100,78.81,78.22,78.06,77.49,73.4,78.81,78.22,78.06,77.49,73.4,1,400.0,22.0,0.0,0,NONE
2026-09-29T18:41:43.297+00:00,780.192,manual,Manual cook,temp,2100,401.0,77.49,inkbird_lowest_internal,,1,100,78.81,78.22,78.06,77.49,73.4,78.81,78.22,78.06,77.49,73.4,1,400.0,0.0,0.0,0,NONE
2026-09-29T18:41:44.297+00:00,781.192,manual,Manual cook,temp,2100,401.0,77.49,inkbird_lowest_internal,,1,100,78.81,78.22,78.06,77.49,73.4,78.81,78.22,78.06,77.49,73.4,1,400.0,5.0,0.0,0,NONE
2026-09-29T18:41:45.297+00:00,782.192,manual,Manual cook,temp,2100,401.0,77.56,inkbird_lowest_internal,,1,100,78.81,78.33,78.1,77.56,73.4,78.81,78.33,78.1,77.56,73.4,1,400.0,5.0,0.0,0,NONE
2026-09-29T18:41:45.797+00:00,782.692,manual,Manual cook,temp,2100,400.5,77.56,inkbird_lowest_internal,,1,100,78.81,78.33,78.1,77.56,73.4,78.81,78.33,78.1,77.56,73.4,1,400.0,13.0,0.0,0,NONE
2026-09-29T18:41:46.797+00:00,783.692,manual,Manual cook,temp,2100,401.0,77.56,inkbird_lowest_internal,,1,100,78.81,78.33,78.1,77.56,73.4,78.81,78.33,78.1,77.56,73.4,1,400.0,5.0,0.0,0,NONE
2026-09-29T18:41:47.797+00:00,784.692,manual,Manual cook,temp,2100,401.0,77.56,inkbird_lowest_internal,,1,100,78.81,78.33,78.1,77.56,73.4,78.81,78.33,78.1,77.56,73.4,1,400.0,5.0,0.0,0,NONE
2026-09-29T18:41:48.297+00:00,785.192,manual,Manual cook,temp,2100,401.0,77.56,inkbird_lowest_internal,,1,100,78.81,78.33,78.1,77.56,73.4,78.81,78.33,78.1,77.56,73.4,1,400.0,5.0,0.0,0,NONE
2026-09-29T18:41:48.797+00:00,785.693,manual,Manual cook,temp,2100,400.5,77.56,inkbird_lowest_internal,,1,100,78.84,78.33,78.11,77.56,73.4,78.84,78.33,78.11,77.56,73.4,1,400.0,13.0,0.0,0,NONE
2026-09-29T18:41:49.797+00:00,786.692,manual,Manual cook,temp,2100,401.5,77.56,inkbird_lowest_internal,,1,100,78.84,78.33,78.11,77.56,73.4,78.84,78.33,78.11,77.56,73.4,1,400.0,0.0,0.0,0,NONE
2026-09-29T18:41:50.797+00:00,787.692,manual,Manual cook,temp,2100,401.9,77.61,inkbird_lowest_internal,,1,100,78.91,78.33,78.17,77.61,73.4,78.91,78.33,78.17,77.61,73.4,1,400.0,0.0,0.0,0,NONE
2026-09-29T18:41:51.797+00:00,788.692,manual,Manual cook,temp,2100,402.4,77.61,inkbird_lowest_internal,,1,100,78.91,78.33,78.17,77.61,73.4,78.91,78.33,78.17,77.61,73.4,1,400.0,0.0,0.0,0,NONE
2026-09-29T18:41:52.797+00:00,789.692,manual,Manual cook,temp,2100,402.4,77.67,inkbird_lowest_internal,,1,100,78.92,78.44,78.19,77.67,73.4,78.92,78.44,78.19,77.67,73.4,1,400.0,3.0,0.0,0,NONE
2026-09-29T18:41:53.797+00:00,790.692,manual,Manual cook,temp,2100,401.9,77.67,inkbird_lowest_internal,,1,100,78.92,78.44,78.19,77.67,73.4,78.92,78.44,78.19,77.67,73.4,1,400.0,11.0,0.0,0,NONE
2026-09-29T18:41:54.297+00:00,791.192,manual,Manual cook,temp,2100,401.5,77.67,inkbird_lowest_internal,,1,100,78.92,78.44,78.19,77.67,73.4,78.92,78.44,78.19,77.67,73.4,1,400.0,11.0,0.0,0,NONE
2026-09-29T18:41:55.297+00:00,792.192,manual,Manual cook,temp,2100,402.4,77.67,inkbird_lowest_internal,,1,100,78.92,78.44,78.19,77.67,73.4,78.92,78.44,78.19,77.67,73.4,1,400.0,0.0,0.0,0,NONE
2026-09-29T18:41:56.297+00:00,793.192,manual,Manual cook,temp,2100,401.9,77.67,inkbird_lowest_internal,,1,100,78.92,78.44,78.19,77.67,73.4,78.92,78.44,78.19,77.67,73.4,1,400.0,4.0,0.0,0,NONE
2026-09-29T18:41:57.297+00:00,794.192,manual,Manual cook,temp,2100,401.9,77.67,inkbird_lowest_internal,,1,100,78.95,78.44,78.22,77.67,73.4,78.95,78.44,78.22,77.67,73.4,1,400.0,3.0,0.0,0,NONE
2026-09-29T18:41:57.797+00:00,794.692,manual,Manual cook,temp,2100,401.9,77.67,inkbird_lowest_internal,,1,100,78.95,78.44,78.22,77.67,73.4,78.95,78.44,78.22,77.67,73.4,1,400.0,0.0,0.0,0,NONE
2026-09-29T18:41:58.797+00:00,795.692,manual,Manual cook,temp,2100,401.9,77.72,inkbird_lowest_internal,,1,100,79.02,78.44,78.28,77.72,73.4,79.02,78.44,78.28,77.72,73.4,1,400.0,0.0,0.0,0,NONE
2026-09-29T18:41:59.297+00:00,796.192,manual,Manual cook,temp,2100,401.9,77.72,inkbird_lowest_internal,,1,100,79.02,78.44,78.28,77.72,73.4,79.02,78.44,78.28,77.72,73.4,1,400.0,9.0,0.0,0,NONE
2026-09-29T18:42:00.297+00:00,797.192,manual,Manual cook,temp,2100,401.5,77.72,inkbird_lowest_internal,,1,100,79.02,78.44,78.28,77.72,73.4,79.02,78.44,78.28,77.72,73.4,1,400.0,11.0,0.0,0,NONE
2026-09-29T18:42:01.297+00:00,798.192,manual,Manual cook,temp,2100,401.5,77.78,inkbird_lowest_internal,,1,100,79.04,78.55,78.3,77.78,73.4,79.04,78.55,78.3,77.78,73.4,1,400.0,4.0,0.0,0,NONE
2026-09-29T18:42:02.297+00:00,799.192,manual,Manual cook,temp,2100,401.9,77.78,inkbird_lowest_internal,,1,100,79.04,78.55,78.3,77.78,73.4,79.04,78.55,78.3,77.78,73.4,1,400.0,0.0,0.0,0,NONE
2026-09-29T18:42:03.297+00:00,800.192,manual,Manual cook,temp,2100,402.4,77.78,inkbird_lowest_internal,,1,100,79.06,78.55,78.3,77.78,73.4,79.06,78.55,78.3,77.78,73.4,1,400.0,0.0,0.0,0,NONE
2026-09-29T18:42:03.797+00:00,800.692,manual,Manual cook,temp,2100,401.5,77.78,inkbird_lowest_internal,,1,100,79.06,78.55,78.3,77.78,73.4,79.06,78.55,78.3,77.78,73.4,1,400.0,9.0,0.0,0,NONE
2026-09-29T18:42:04.797+00:00,801.692,manual,Manual cook,temp,2100,401.9,77.78,inkbird_lowest_internal,,1,100,79.06,78.55,78.3,77.78,73.4,79.06,78.55,78.3,77.78,73.4,1,400.0,0.0,0.0,0,NONE
2026-09-29T18:42:05.297+00:00,802.192,manual,Manual cook,temp,2100,401.9,77.78,inkbird_lowest_internal,,1,100,79.06,78.55,78.3,77.78,73.4,79.06,78.55,78.3,77.78,73.4,1,400.0,3.0,0.0,0,NONE
2026-09-29T18:42:06.297+00:00,803.192,manual,Manual cook,temp,2100,401.0,77.78,inkbird_lowest_internal,,1,100,79.06,78.55,78.3,77.78,73.4,79.06,78.55,78.3,77.78,73.4,1,400.0,12.0,0.0,0,NONE
2026-09-29T18:42:07.296+00:00,804.191,manual,Manual cook,temp,2100,402.4,77.82,inkbird_lowest_internal,,1,100,79.13,78.55,78.33,77.82,73.4,79.13,78.55,78.33,77.82,73.4,1,400.0,0.0,0.0,0,NONE
2026-09-29T18:42:08.297+00:00,805.192,manual,Manual cook,temp,2100,402.4,77.82,inkbird_lowest_internal,,1,100,79.13,78.55,78.33,77.82,73.4,79.13,78.55,78.33,77.82,73.4,1,400.0,0.0,0.0,0,NONE
2026-09-29T18:42:09.296+00:00,806.192,manual,Manual cook,temp,2100,401.9,77.88,inkbird_lowest_internal,,1,100,79.14,78.65,78.4,77.88,73.4,79.14,78.65,78.4,77.88,73.4,1,400.0,0.0,0.0,0,NONE
2026-09-29T18:42:09.797+00:00,806.692,manual,Manual cook,temp,2100,401.9,77.88,inkbird_lowest_internal,,1,100,79.14,78.65,78.4,77.88,73.4,79.14,78.65,78.4,77.88,73.4,1,400.0,9.0,0.0,0,NONE
2026-09-29T18:42:10.796+00:00,807.691,manual,Manual cook,temp,2100,401.9,77.88,inkbird_lowest_internal,,1,100,79.14,78.65,78.4,77.88,73.4,79.14,78.65,78.4,77.88,73.4,1,400.0,9.0,0.0,0,NONE
2026-09-29T18:42:11.796+00:00,808.691,manual,Manual cook,temp,2100,401.5,77.88,inkbird_lowest_internal,,1,100,79.14,78.65,78.4,77.88,73.4,79.14,78.65,78.4,77.88,73.4,1,400.0,9.0,0.0,0,NONE
2026-09-29T18:42:12.296+00:00,809.192,manual,Manual cook,temp,2100,401.5,77.88,inkbird_lowest_internal,,1,100,79.14,78.65,78.4,77.88,73.4,79.14,78.65,78.4,77.88,73.4,1,400.0,18.0,0.0,0,NONE
2026-09-29T18:42:13.296+00:00,810.191,manual,Manual cook,temp,2100,400.5,77.88,inkbird_lowest_internal,,1,100,79.16,78.65,78.4,77.88,73.4,79.16,78.65,78.4,77.88,73.4,1,400.0,0.0,0.0,0,NONE
2026-09-29T18:42:14.296+00:00,811.191,manual,Manual cook,temp,2100,401.9,77.88,inkbird_lowest_internal,,1,100,79.16,78.65,78.4,77.88,73.4,79.16,78.65,78.4,77.88,73.4,1,400.0,0.0,0.0,0,NONE
2026-09-29T18:42:14.796+00:00,811.691,manual,Manual cook,temp,2100,401.5,77.92,inkbird_lowest_internal,,1,100,79.22,78.65,78.45,77.92,73.4,79.22,78.65,78.45,77.92,73.4,1,400.0,9.0,0.0,0,NONE
2026-09-29T18:42:15.297+00:00,812.192,manual,Manual cook,temp,2100,400.5,77.92,inkbird_lowest_internal,,1,100,79.22,78.65,78.45,77.92,73.4,79.22,78.65,78.45,77.92,73.4,1,400.0,0.0,0.0,0,NONE
2026-09-29T18:42:16.296+00:00,813.191,manual,Manual cook,temp,2100,401.5,77.92,inkbird_lowest_internal,,1,100,79.22,78.65,78.45,77.92,73.4,79.22,78.65,78.45,77.92,73.4,1,400.0,0.0,0.0,0,NONE
2026-09-29T18:42:17.296+00:00,814.191,manual,Manual cook,temp,2100,399.6,77.92,inkbird_lowest_internal,,1,100,79.22,78.65,78.45,77.92,73.4,79.22,78.65,78.45,77.92,73.4,1,400.0,29.0,0.0,0,NONE
2026-09-29T18:42:18.296+00:00,815.191,manual,Manual cook,temp,2100,400.1,77.92,inkbird_lowest_internal,,1,100,79.22,78.65,78.45,77.92,73.4,79.22,78.65,78.45,77.92,73.4,1,400.0,9.0,0.0,0,NONE
2026-09-29T18:42:19.296+00:00,816.191,manual,Manual cook,temp,2100,401.0,78.0,inkbird_lowest_internal,,1,100,79.24,78.77,78.53,78.0,73.4,79.24,78.77,78.53,78.0,73.4,1,400.0,5.0,0.0,0,NONE
2026-09-29T18:42:19.796+00:00,816.691,manual,Manual cook,temp,2100,401.0,78.0,inkbird_lowest_internal,,1,100,79.24,78.77,78.53,78.0,73.4,79.24,78.77,78.53,78.0,73.4,1,400.0,21.0,0.0,0,NONE
2026-09-29T18:42:20.797+00:00,817.692,manual,Manual cook,temp,2100,401.0,78.03,inkbird_lowest_internal,,1,100,79.25,78.77,78.54,78.03,75.2,79.25,78.77,78.54,78.03,75.2,1,400.0,9.0,0.0,0,NONE
2026-09-29T18:42:21.796+00:00,818.691,manual,Manual cook,temp,2100,399.6,78.03,inkbird_lowest_internal,,1,100,79.25,78.77,78.54,78.03,75.2,79.25,78.77,78.54,78.03,75.2,1,400.0,5.0,0.0,0,NONE
2026-09-29T18:42:22.296+00:00,819.191,manual,Manual cook,temp,2100,399.6,78.03,inkbird_lowest_internal,,1,100,79.25,78.77,78.54,78.03,75.2,79.25,78.77,78.54,78.03,75.2,1,400.0,29.0,0.0,0,NONE
2026-09-29T18:42:23.296+00:00,820.191,manual,Manual cook,temp,2100,401.0,78.03,inkbird_lowest_internal,,1,100,79.25,78.77,78.54,78.03,75.2,79.25,78.77,78.54,78.03,75.2,1,400.0,7.0,0.0,0,NONE
2026-09-29T18:42:23.796+00:00,820.691,manual,Manual cook,temp,2100,401.0,78.03,inkbird_lowest_internal,,1,100,79.25,78.77,78.54,78.03,75.2,79.25,78.77,78.54,78.03,75.2,1,400.0,0.0,0.0,0,NONE
2026-09-29T18:42:24.796+00:00,821.691,manual,Manual cook,temp,2100,400.5,78.03,inkbird_lowest_internal,,1,100,79.27,78.77,78.56,78.03,75.2,79.27,78.77,78.56,78.03,75.2,1,400.0,14.0,0.0,0,NONE
2026-09-29T18:42:25.796+00:00,822.691,manual,Manual cook,temp,2100,400.5,78.03,inkbird_lowest_internal,,1,100,79.27,78.77,78.56,78.03,75.2,79.27,78.77,78.56,78.03,75.2,1,400.0,6.0,0.0,0,NONE
2026-09-29T18:42:26.796+00:00,823.691,manual,Manual cook,temp,2100,400.1,78.03,inkbird_lowest_internal,,1,100,79.27,78.77,78.56,78.03,75.2,79.27,78.77,78.56,78.03,75.2,1,400.0,14.0,0.0,0,NONE
2026-09-29T18:42:27.796+00:00,824.691,manual,Manual cook,temp,2100,400.1,78.03,inkbird_lowest_internal,,1,100,79.27,78.77,78.56,78.03,75.2,79.27,78.77,78.56,78.03,75.2,1,400.0,0.0,0.0,0,NONE
2026-09-29T18:42:28.796+00:00,825.691,manual,Manual cook,temp,2100,400.1,78.14,inkbird_lowest_internal,,1,100,79.35,78.88,78.66,78.14,75.2,79.35,78.88,78.66,78.14,75.2,1,400.0,9.0,0.0,0,NONE
2026-09-29T18:42:29.796+00:00,826.691,manual,Manual cook,temp,2100,400.5,78.14,inkbird_lowest_internal,,1,100,79.35,78.88,78.66,78.14,75.2,79.35,78.88,78.66,78.14,75.2,1,400.0,9.0,0.0,0,NONE
2026-09-29T18:42:30.296+00:00,827.191,manual,Manual cook,temp,2100,400.1,78.14,inkbird_lowest_internal,,1,100,79.35,78.88,78.66,78.14,75.2,79.35,78.88,78.66,78.14,75.2,1,400.0,14.0,0.0,0,NONE
2026-09-29T18:42:30.796+00:00,827.691,manual,Manual cook,temp,2100,400.5,78.14,inkbird_lowest_internal,,1,100,79.36,78.88,78.67,78.14,75.2,79.36,78.88,78.67,78.14,75.2,1,400.0,15.0,0.0,0,NONE
2026-09-29T18:42:31.297+00:00,828.192,manual,Manual cook,temp,2100,400.5,78.14,inkbird_lowest_internal,,1,100,79.36,78.88,78.67,78.14,75.2,79.36,78.88,78.67,78.14,75.2,1,400.0,0.0,0.0,0,NONE
2026-09-29T18:42:32.296+00:00,829.191,manual,Manual cook,temp,2100,400.5,78.14,inkbird_lowest_internal,,1,100,79.36,78.88,78.67,78.14,75.2,79.36,78.88,78.67,78.14,75.2,1,400.0,6.0,0.0,0,NONE
2026-09-29T18:42:32.796+00:00,829.691,manual,Manual cook,temp,2100,400.5,78.14,inkbird_lowest_internal,,1,100,79.38,78.88,78.67,78.14,75.2,79.38,78.88,78.67,78.14,75.2,1,400.0,6.0,0.0,0,NONE
2026-09-29T18:42:33.296+00:00,830.191,manual,Manual cook,temp,2100,400.5,78.14,inkbird_lowest_internal,,1,100,79.38,78.88,78.67,78.14,75.2,79.38,78.88,78.67,78.14,75.2,1,400.0,6.0,0.0,0,NONE
2026-09-29T18:42:34.296+00:00,831.191,manual,Manual cook,temp,2100,400.1,78.14,inkbird_lowest_internal,,1,100,79.38,78.88,78.67,78.14,75.2,79.38,78.88,78.67,78.14,75.2,1,400.0,14.0,0.0,0,NONE
2026-09-29T18:42:35.296+00:00,832.191,manual,Manual cook,temp,2100,400.5,78.23,inkbird_lowest_internal,,1,100,79.45,78.99,78.75,78.23,75.2,79.45,78.99,78.75,78.23,75.2,1,400.0,0.0,0.0,0,NONE
2026-09-29T18:42:35.796+00:00,832.691,manual,Manual cook,temp,2100,401.0,78.23,inkbird_lowest_internal,,1,100,79.45,78.99,78.75,78.23,75.2,79.45,78.99,78.75,78.23,75.2,1,400.0,9.0,0.0,0,NONE
2026-09-29T18:42:36.796+00:00,833.691,manual,Manual cook,temp,2100,400.5,78.24,inkbird_lowest_internal,,1,100,79.44,78.99,78.76,78.24,75.2,79.44,78.99,78.76,78.24,75.2,1,400.0,9.0,0.0,0,NONE
2026-09-29T18:42:37.796+00:00,834.691,manual,Manual cook,temp,2100,401.5,78.24,inkbird_lowest_internal,,1,100,79.44,78.99,78.76,78.24,75.2,79.44,78.99,78.76,78.24,75.2,1,400.0,0.0,0.0,0,NONE
2026-09-29T18:42:38.796+00:00,835.691,manual,Manual cook,temp,2100,401.5,78.24,inkbird_lowest_internal,,1,100,79.44,78.99,78.77,78.24,75.2,79.44,78.99,78.77,78.24,75.2,1,400.0,0.0,0.0,0,NONE
2026-09-29T18:42:39.296+00:00,836.191,manual,Manual cook,temp,2100,400.5,78.24,inkbird_lowest_internal,,1,100,79.44,78.99,78.77,78.24,75.2,79.44,78.99,78.77,78.24,75.2,1,400.0,4.0,0.0,0,NONE
2026-09-29T18:42:40.296+00:00,837.191,manual,Manual cook,temp,2100,401.5,78.24,inkbird_lowest_internal,,1,100,79.44,78.99,78.77,78.24,75.2,79.44,78.99,78.77,78.24,75.2,1,400.0,0.0,0.0,0,NONE
2026-09-29T18:42:40.796+00:00,837.691,manual,Manual cook,temp,2100,401.0,78.24,inkbird_lowest_internal,,1,100,79.44,78.99,78.77,78.24,75.2,79.44,78.99,78.77,78.24,75.2,1,400.0,9.0,0.0,0,NONE
2026-09-29T18:42:41.796+00:00,838.691,manual,Manual cook,temp,2100,401.5,78.24,inkbird_lowest_internal,,1,100,79.44,78.99,78.77,78.24,75.2,79.44,78.99,78.77,78.24,75.2,1,400.0,5.0,0.0,0,NONE
2026-09-29T18:42:42.796+00:00,839.691,manual,Manual cook,temp,2100,401.5,78.24,inkbird_lowest_internal,,1,100,79.44,78.99,78.77,78.24,75.2,79.44,78.99,78.77,78.24,75.2,1,400.0,4.0,0.0,0,NONE
2026-09-29T18:42:43.796+00:00,840.691,manual,Manual cook,temp,2100,401.5,78.24,inkbird_lowest_internal,,1,100,79.44,78.99,78.77,78.24,75.2,79.44,78.99,78.77,78.24,75.2,1,400.0,4.0,0.0,0,NONE
2026-09-29T18:42:44.296+00:00,841.191,manual,Manual cook,temp,2100,401.0,78.24,inkbird_lowest_internal,,1,100,79.44,78.99,78.77,78.24,75.2,79.44,78.99,78.77,78.24,75.2,1,400.0,12.0,0.0,0,NONE
2026-09-29T18:42:45.296+00:00,842.191,manual,Manual cook,temp,2100,401.5,78.35,inkbird_lowest_internal,,1,100,79.5,79.09,78.84,78.35,75.2,79.5,79.09,78.84,78.35,75.2,1,400.0,9.0,0.0,0,NONE
2026-09-29T18:42:46.296+00:00,843.191,manual,Manual cook,temp,2100,400.1,78.35,inkbird_lowest_internal,,1,100,79.5,79.09,78.84,78.35,75.2,79.5,79.09,78.84,78.35,75.2,1,400.0,9.0,0.0,0,NONE
2026-09-29T18:42:46.796+00:00,843.691,manual,Manual cook,temp,2100,401.0,78.35,inkbird_lowest_internal,,1,100,79.57,79.09,78.87,78.35,75.2,79.57,79.09,78.87,78.35,75.2,1,400.0,0.0,0.0,0,NONE
2026-09-29T18:42:47.296+00:00,844.191,manual,Manual cook,temp,2100,401.0,78.35,inkbird_lowest_internal,,1,100,79.57,79.09,78.87,78.35,75.2,79.57,79.09,78.87,78.35,75.2,1,400.0,9.0,0.0,0,NONE
2026-09-29T18:42:47.796+00:00,844.691,manual,Manual cook,temp,2100,401.5,78.35,inkbird_lowest_internal,,1,100,79.57,79.09,78.87,78.35,75.2,79.57,79.09,78.87,78.35,75.2,1,400.0,0.0,0.0,0,NONE
2026-09-29T18:42:48.796+00:00,845.691,manual,Manual cook,temp,2100,401.9,78.35,inkbird_lowest_internal,,1,100,79.57,79.09,78.87,78.35,75.2,79.57,79.09,78.87,78.35,75.2,1,400.0,0.0,0.0,0,NONE
2026-09-29T18:42:49.796+00:00,846.691,manual,Manual cook,temp,2100,401.5,78.35,inkbird_lowest_internal,,1,100,79.57,79.09,78.87,78.35,75.2,79.57,79.09,78.87,78.35,75.2,1,400.0,11.0,0.0,0,NONE
2026-09-29T18:42:50.795+00:00,847.691,manual,Manual cook,temp,2100,401.5,78.35,inkbird_lowest_internal,,1,100,79.57,79.09,78.87,78.35,75.2,79.57,79.09,78.87,78.35,75.2,1,400.0,9.0,0.0,0,NONE
2026-09-29T18:42:51.795+00:00,848.690,manual,Manual cook,temp,2100,401.5,78.35,inkbird_lowest_internal,,1,100,79.57,79.09,78.87,78.35,75.2,79.57,79.09,78.87,78.35,75.2,1,400.0,4.0,0.0,0,NONE
2026-09-29T18:42:52.296+00:00,849.191,manual,Manual cook,temp,2100,400.1,78.35,inkbird_lowest_internal,,1,100,79.57,79.09,78.87,78.35,75.2,79.57,79.09,78.87,78.35,75.2,1,400.0,12.0,0.0,0,NONE
2026-09-29T18:42:53.295+00:00,850.190,manual,Manual cook,temp,2100,401.0,78.47,inkbird_lowest_internal,,1,100,79.58,79.09,78.95,78.47,75.2,79.58,79.09,78.95,78.47,75.2,1,400.0,0.0,0.0,0,NONE
2026-09-29T18:42:53.795+00:00,850.690,manual,Manual cook,temp,2100,400.5,78.47,inkbird_lowest_internal,,1,100,79.58,79.09,78.95,78.47,75.2,79.58,79.09,78.95,78.47,75.2,1,400.0,4.0,0.0,0,NONE
2026-09-29T18:42:54.795+00:00,851.691,manual,Manual cook,temp,2100,401.5,78.52,inkbird_lowest_internal,,1,100,79.58,79.2,78.96,78.52,75.2,79.58,79.2,78.96,78.52,75.2,1,400.0,0.0,0.0,0,NONE
2026-09-29T18:42:55.795+00:00,852.690,manual,Manual cook,temp,2100,401.5,78.52,inkbird_lowest_internal,,1,100,79.58,79.2,78.96,78.52,75.2,79.58,79.2,78.96,78.52,75.2,1,400.0,4.0,0.0,0,NONE
2026-09-29T18:42:56.295+00:00,853.190,manual,Manual cook,temp,2100,401.0,78.52,inkbird_lowest_internal,,1,100,79.58,79.2,78.96,78.52,75.2,79.58,79.2,78.96,78.52,75.2,1,400.0,12.0,0.0,0,NONE
2026-09-29T18:42:57.295+00:00,854.190,manual,Manual cook,temp,2100,401.5,78.52,inkbird_lowest_internal,,1,100,79.58,79.2,78.98,78.52,75.2,79.58,79.2,78.98,78.52,75.2,1,400.0,0.0,0.0,0,NONE
2026-09-29T18:42:58.296+00:00,855.191,manual,Manual cook,temp,2100,401.5,78.52,inkbird_lowest_internal,,1,100,79.58,79.2,78.98,78.52,75.2,79.58,79.2,78.98,78.52,75.2,1,400.0,0.0,0.0,0,NONE
2026-09-29T18:42:59.296+00:00,856.191,manual,Manual cook,temp,2100,402.4,78.52,inkbird_lowest_internal,,1,100,79.58,79.2,78.98,78.52,75.2,79.58,79.2,78.98,78.52,75.2,1,400.0,3.0,0.0,0,NONE
2026-09-29T18:43:00.295+00:00,857.191,manual,Manual cook,temp,2100,401.5,78.52,inkbird_lowest_internal,,1,100,79.58,79.2,78.98,78.52,75.2,79.58,79.2,78.98,78.52,75.2,1,400.0,2.0,0.0,0,NONE
2026-09-29T18:43:01.295+00:00,858.190,manual,Manual cook,temp,2100,401.5,78.52,inkbird_lowest_internal,,1,100,79.6,79.2,78.98,78.52,75.2,79.6,79.2,78.98,78.52,75.2,1,400.0,12.0,0.0,0,NONE
2026-09-29T18:43:02.295+00:00,859.190,manual,Manual cook,temp,2100,401.9,78.52,inkbird_lowest_internal,,1,100,79.6,79.2,78.98,78.52,75.2,79.6,79.2,78.98,78.52,75.2,1,400.0,0.0,0.0,0,NONE
2026-09-29T18:43:02.795+00:00,859.690,manual,Manual cook,temp,2100,401.5,78.57,inkbird_lowest_internal,,1,100,79.66,79.2,79.06,78.57,75.2,79.66,79.2,79.06,78.57,75.2,1,400.0,2.0,0.0,0,NONE
2026-09-29T18:43:03.796+00:00,860.691,manual,Manual cook,temp,2100,401.5,78.57,inkbird_lowest_internal,,1,100,79.66,79.2,79.06,78.57,75.2,79.66,79.2,79.06,78.57,75.2,1,400.0,3.0,0.0,0,NONE
2026-09-29T18:43:04.795+00:00,861.690,manual,Manual cook,temp,2100,401.0,78.65,inkbird_lowest_internal,,1,100,79.67,79.31,79.08,78.65,75.2,79.67,79.31,79.08,78.65,75.2,1,400.0,9.0,0.0,0,NONE
2026-09-29T18:43:05.295+00:00,862.190,manual,Manual cook,temp,2100,401.0,78.65,inkbird_lowest_internal,,1,100,79.67,79.31,79.08,78.65,75.2,79.67,79.31,79.08,78.65,75.2,1,400.0,0.0,0.0,0,NONE
2026-09-29T18:43:06.295+00:00,863.190,manual,Manual cook,temp,2100,401.0,78.65,inkbird_lowest_internal,,1,100,79.67,79.31,79.08,78.65,75.2,79.67,79.31,79.08,78.65,75.2,1,400.0,4.0,0.0,0,NONE
2026-09-29T18:43:07.295+00:00,864.190,manual,Manual cook,temp,2100,400.5,78.65,inkbird_lowest_internal,,1,100,79.69,79.31,79.09,78.65,75.2,79.69,79.31,79.09,78.65,75.2,1,400.0,12.0,0.0,0,NONE
2026-09-29T18:43:08.295+00:00,865.190,manual,Manual cook,temp,2100,401.0,78.65,inkbird_lowest_internal,,1,100,79.69,79.31,79.09,78.65,75.2,79.69,79.31,79.09,78.65,75.2,1,400.0,4.0,0.0,0,NONE
2026-09-29T18:43:09.295+00:00,866.190,manual,Manual cook,temp,2100,401.0,78.65,inkbird_lowest_internal,,1,100,79.69,79.31,79.09,78.65,75.2,79.69,79.31,79.09,78.65,75.2,1,400.0,4.0,0.0,0,NONE
2026-09-29T18:43:10.295+00:00,867.190,manual,Manual cook,temp,2100,400.5,78.65,inkbird_lowest_internal,,1,100,79.69,79.31,79.09,78.65,75.2,79.69,79.31,79.09,78.65,75.2,1,400.0,12.0,0.0,0,NONE
2026-09-29T18:43:11.295+00:00,868.190,manual,Manual cook,temp,2100,401.0,78.65,inkbird_lowest_internal,,1,100,79.72,79.31,79.09,78.65,75.2,79.72,79.31,79.09,78.65,75.2,1,400.0,0.0,0.0,0,NONE
2026-09-29T18:43:11.795+00:00,868.690,manual,Manual cook,temp,2100,401.0,78.65,inkbird_lowest_internal,,1,100,79.72,79.31,79.09,78.65,75.2,79.72,79.31,79.09,78.65,75.2,1,400.0,9.0,0.0,0,NONE
2026-09-29T18:43:12.795+00:00,869.690,manual,Manual cook,temp,2100,401.5,78.69,inkbird_lowest_internal,,1,100,79.78,79.31,79.18,78.69,75.2,79.78,79.31,79.18,78.69,75.2,1,400.0,0.0,0.0,0,NONE
2026-09-29T18:43:13.795+00:00,870.690,manual,Manual cook,temp,2100,401.0,78.69,inkbird_lowest_internal,,1,100,79.78,79.31,79.18,78.69,75.2,79.78,79.31,79.18,78.69,75.2,1,400.0,11.0,0.0,0,NONE
2026-09-29T18:43:14.795+00:00,871.690,manual,Manual cook,temp,2100,401.0,78.76,inkbird_lowest_internal,,1,100,79.8,79.41,79.19,78.76,75.2,79.8,79.41,79.19,78.76,75.2,1,400.0,9.0,0.0,0,NONE
2026-09-29T18:43:15.295+00:00,872.190,manual,Manual cook,temp,2100,401.5,78.76,inkbird_lowest_internal,,1,100,79.8,79.41,79.19,78.76,75.2,79.8,79.41,79.19,78.76,75.2,1,400.0,12.0,0.0,0,NONE
2026-09-29T18:43:16.295+00:00,873.190,manual,Manual cook,temp,2100,401.5,78.76,inkbird_lowest_internal,,1,100,79.8,79.41,79.19,78.76,75.2,79.8,79.41,79.19,78.76,75.2,1,400.0,3.0,0.0,0,NONE
2026-09-29T18:43:16.795+00:00,873.690,manual,Manual cook,temp,2100,401.0,78.76,inkbird_lowest_internal,,1,100,79.81,79.41,79.2,78.76,75.2,79.81,79.41,79.2,78.76,75.2,1,400.0,11.0,0.0,0,NONE
2026-09-29T18:43:17.795+00:00,874.690,manual,Manual cook,temp,2100,400.5,78.76,inkbird_lowest_internal,,1,100,79.81,79.41,79.2,78.76,75.2,79.81,79.41,79.2,78.76,75.2,1,400.0,12.0,0.0,0,NONE
2026-09-29T18:43:18.795+00:00,875.690,manual,Manual cook,temp,2100,401.5,78.76,inkbird_lowest_internal,,1,100,79.82,79.41,79.2,78.76,75.2,79.82,79.41,79.2,78.76,75.2,1,400.0,3.0,0.0,0,NONE
2026-09-29T18:43:19.295+00:00,876.190,manual,Manual cook,temp,2100,401.9,78.76,inkbird_lowest_internal,,1,100,79.82,79.41,79.2,78.76,75.2,79.82,79.41,79.2,78.76,75.2,1,400.0,0.0,0.0,0,NONE
2026-09-29T18:43:20.295+00:00,877.190,manual,Manual cook,temp,2100,401.5,78.76,inkbird_lowest_internal,,1,100,79.82,79.41,79.2,78.76,75.2,79.82,79.41,79.2,78.76,75.2,1,400.0,0.0,0.0,0,NONE
2026-09-29T18:43:21.295+00:00,878.190,manual,Manual cook,temp,2100,401.5,78.81,inkbird_lowest_internal,,1,100,79.88,79.41,79.27,78.81,75.2,79.88,79.41,79.27,78.81,75.2,1,400.0,0.0,0.0,0,NONE
2026-09-29T18:43:22.295+00:00,879.190,manual,Manual cook,temp,2100,401.0,78.81,inkbird_lowest_internal,,1,100,79.88,79.41,79.27,78.81,75.2,79.88,79.41,79.27,78.81,75.2,1,400.0,11.0,0.0,0,NONE
2026-09-29T18:43:23.295+00:00,880.190,manual,Manual cook,temp,2100,401.9,78.87,inkbird_lowest_internal,,1,100,79.89,79.51,79.28,78.87,75.2,79.89,79.51,79.28,78.87,75.2,1,400.0,0.0,0.0,0,NONE
2026-09-29T18:43:24.295+00:00,881.190,manual,Manual cook,temp,2100,401.0,78.87,inkbird_lowest_internal,,1,100,79.89,79.51,79.28,78.87,75.2,79.89,79.51,79.28,78.87,75.2,1,400.0,0.0,0.0,0,NONE
2026-09-29T18:43:25.295+00:00,882.190,manual,Manual cook,temp,2100,401.0,78.87,inkbird_lowest_internal,,1,100,79.91,79.51,79.31,78.87,75.2,79.91,79.51,79.31,78.87,75.2,1,400.0,4.0,0.0,0,NONE
2026-09-29T18:43:25.795+00:00,882.690,manual,Manual cook,temp,2100,401.5,78.87,inkbird_lowest_internal,,1,100,79.91,79.51,79.31,78.87,75.2,79.91,79.51,79.31,78.87,75.2,1,400.0,0.0,0.0,0,NONE
2026-09-29T18:43:26.795+00:00,883.690,manual,Manual cook,temp,2100,400.5,78.87,inkbird_lowest_internal,,1,100,79.91,79.51,79.31,78.87,75.2,79.91,79.51,79.31,78.87,75.2,1,400.0,12.0,0.0,0,NONE
2026-09-29T18:43:27.295+00:00,884.190,manual,Manual cook,temp,2100,400.5,78.87,inkbird_lowest_internal,,1,100,79.91,79.51,79.31,78.87,75.2,79.91,79.51,79.31,78.87,75.2,1,400.0,5.0,0.0,0,NONE
2026-09-29T18:43:28.295+00:00,885.190,manual,Manual cook,temp,2100,400.5,78.87,inkbird_lowest_internal,,1,100,79.91,79.51,79.31,78.87,75.2,79.91,79.51,79.31,78.87,75.2,1,400.0,5.0,0.0,0,NONE
2026-09-29T18:43:29.295+00:00,886.190,manual,Manual cook,temp,2100,400.5,78.93,inkbird_lowest_internal,,1,100,79.93,79.51,79.39,78.93,75.2,79.93,79.51,79.39,78.93,75.2,1,400.0,5.0,0.0,0,NONE
2026-09-29T18:43:29.795+00:00,886.690,manual,Manual cook,temp,2100,400.5,78.93,inkbird_lowest_internal,,1,100,79.93,79.51,79.39,78.93,75.2,79.93,79.51,79.39,78.93,75.2,1,400.0,5.0,0.0,0,NONE
2026-09-29T18:43:30.794+00:00,887.690,manual,Manual cook,temp,2100,401.0,78.93,inkbird_lowest_internal,,1,100,79.98,79.51,79.41,78.93,75.2,79.98,79.51,79.41,78.93,75.2,1,400.0,0.0,0.0,0,NONE
2026-09-29T18:43:31.794+00:00,888.690,manual,Manual cook,temp,2100,401.5,78.93,inkbird_lowest_internal,,1,100,79.98,79.51,79.41,78.93,75.2,79.98,79.51,79.41,78.93,75.2,1,400.0,0.0,0.0,0,NONE
2026-09-29T18:43:32.794+00:00,889.689,manual,Manual cook,temp,2100,401.0,79.01,inkbird_lowest_internal,,1,100,80.0,79.63,79.47,79.01,75.2,80.0,79.63,79.47,79.01,75.2,1,400.0,4.0,0.0,0,NONE
2026-09-29T18:43:33.795+00:00,890.690,manual,Manual cook,temp,2100,401.9,79.01,inkbird_lowest_internal,,1,100,80.0,79.63,79.47,79.01,75.2,80.0,79.63,79.47,79.01,75.2,1,400.0,0.0,0.0,0,NONE
2026-09-29T18:43:34.795+00:00,891.690,manual,Manual cook,temp,2100,401.9,79.03,inkbird_lowest_internal,,1,100,80.01,79.63,79.48,79.03,75.2,80.01,79.63,79.48,79.03,75.2,1,400.0,9.0,0.0,0,NONE
2026-09-29T18:43:35.794+00:00,892.689,manual,Manual cook,temp,2100,401.9,79.03,inkbird_lowest_internal,,1,100,80.01,79.63,79.48,79.03,75.2,80.01,79.63,79.48,79.03,75.2,1,400.0,2.0,0.0,0,NONE
2026-09-29T18:43:36.294+00:00,893.190,manual,Manual cook,temp,2100,400.5,79.03,inkbird_lowest_internal,,1,100,80.01,79.63,79.48,79.03,75.2,80.01,79.63,79.48,79.03,75.2,1,400.0,26.0,0.0,0,NONE
2026-09-29T18:43:37.294+00:00,894.189,manual,Manual cook,temp,2100,401.0,79.03,inkbird_lowest_internal,,1,100,80.03,79.63,79.48,79.03,75.2,80.03,79.63,79.48,79.03,75.2,1,400.0,2.0,0.0,0,NONE
2026-09-29T18:43:37.795+00:00,894.690,manual,Manual cook,temp,2100,402.4,79.03,inkbird_lowest_internal,,1,100,80.03,79.63,79.48,79.03,75.2,80.03,79.63,79.48,79.03,75.2,1,400.0,18.0,0.0,0,NONE
2026-09-29T18:43:38.295+00:00,895.190,manual,Manual cook,temp,2100,401.5,79.03,inkbird_lowest_internal,,1,100,80.03,79.63,79.48,79.03,75.2,80.03,79.63,79.48,79.03,75.2,1,400.0,0.0,0.0,0,NONE
2026-09-29T18:43:39.294+00:00,896.190,manual,Manual cook,temp,2100,401.0,79.12,inkbird_lowest_internal,,1,100,80.11,79.73,79.52,79.12,75.2,80.11,79.73,79.52,79.12,75.2,1,400.0,0.0,0.0,0,NONE
2026-09-29T18:43:40.295+00:00,897.190,manual,Manual cook,temp,2100,399.6,79.12,inkbird_lowest_internal,,1,100,80.11,79.73,79.52,79.12,75.2,80.11,79.73,79.52,79.12,75.2,1,400.0,0.0,0.0,0,NONE
2026-09-29T18:43:41.295+00:00,898.190,manual,Manual cook,temp,2100,401.0,79.15,inkbird_lowest_internal,,1,100,80.14,79.73,79.58,79.15,75.2,80.14,79.73,79.58,79.15,75.2,1,400.0,0.0,0.0,0,NONE
2026-09-29T18:43:42.295+00:00,899.190,manual,Manual cook,temp,2100,401.0,79.15,inkbird_lowest_internal,,1,100,80.14,79.73,79.58,79.15,75.2,80.14,79.73,79.58,79.15,75.2,1,400.0,20.0,0.0,0,NONE
2026-09-29T18:43:43.294+00:00,900.189,manual,Manual cook,temp,2100,400.5,79.15,inkbird_lowest_internal,,1,100,80.14,79.73,79.58,79.15,75.2,80.14,79.73,79.58,79.15,75.2,1,400.0,9.0,0.0,0,NONE
2026-09-29T18:43:44.294+00:00,901.189,manual,Manual cook,temp,2100,400.5,79.15,inkbird_lowest_internal,,1,100,80.14,79.73,79.58,79.15,75.2,80.14,79.73,79.58,79.15,75.2,1,400.0,5.0,0.0,0,NONE
2026-09-29T18:43:45.294+00:00,902.190,manual,Manual cook,temp,2100,400.5,79.23,inkbird_lowest_internal,,1,100,80.24,79.84,79.63,79.23,75.2,80.24,79.84,79.63,79.23,75.2,1,400.0,0.0,0.0,0,NONE
2026-09-29T18:43:46.294+00:00,903.190,manual,Manual cook,temp,2100,400.5,79.23,inkbird_lowest_internal,,1,100,80.24,79.84,79.63,79.23,75.2,80.24,79.84,79.63,79.23,75.2,1,400.0,29.0,0.0,0,NONE
2026-09-29T18:43:47.294+00:00,904.189,manual,Manual cook,temp,2100,400.1,79.26,inkbird_lowest_internal,,1,100,80.24,79.84,79.7,79.26,75.2,80.24,79.84,79.7,79.26,75.2,1,400.0,9.0,0.0,0,NONE
2026-09-29T18:43:48.294+00:00,905.189,manual,Manual cook,temp,2100,400.5,79.26,inkbird_lowest_internal,,1,100,80.24,79.84,79.7,79.26,75.2,80.24,79.84,79.7,79.26,75.2,1,400.0,14.0,0.0,0,NONE
2026-09-29T18:43:49.294+00:00,906.189,manual,Manual cook,temp,2100,400.1,79.26,inkbird_lowest_internal,,1,100,80.24,79.84,79.7,79.26,75.2,80.24,79.84,79.7,79.26,75.2,1,400.0,9.0,0.0,0,NONE
2026-09-29T18:43:50.295+00:00,907.190,manual,Manual cook,temp,2100,400.5,79.26,inkbird_lowest_internal,,1,100,80.24,79.84,79.7,79.26,75.2,80.24,79.84,79.7,79.26,75.2,1,400.0,4.0,0.0,0,NONE
2026-09-29T18:43:50.795+00:00,907.690,manual,Manual cook,temp,2100,400.5,79.26,inkbird_lowest_internal,,1,100,80.32,79.84,79.73,79.26,75.2,80.32,79.84,79.73,79.26,75.2,1,400.0,12.0,0.0,0,NONE
2026-09-29T18:43:51.794+00:00,908.689,manual,Manual cook,temp,2100,401.0,79.26,inkbird_lowest_internal,,1,100,80.32,79.84,79.73,79.26,75.2,80.32,79.84,79.73,79.26,75.2,1,400.0,9.0,0.0,0,NONE
2026-09-29T18:43:52.794+00:00,909.689,manual,Manual cook,temp,2100,401.0,79.35,inkbird_lowest_internal,,1,100,80.34,79.96,79.8,79.35,75.2,80.34,79.96,79.8,79.35,75.2,1,400.0,4.0,0.0,0,NONE
2026-09-29T18:43:53.294+00:00,910.189,manual,Manual cook,temp,2100,400.5,79.35,inkbird_lowest_internal,,1,100,80.34,79.96,79.8,79.35,75.2,80.34,79.96,79.8,79.35,75.2,1,400.0,12.0,0.0,0,NONE
2026-09-29T18:43:54.294+00:00,911.189,manual,Manual cook,temp,2100,400.5,79.35,inkbird_lowest_internal,,1,100,80.34,79.96,79.8,79.35,75.2,80.34,79.96,79.8,79.35,75.2,1,400.0,9.0,0.0,0,NONE
2026-09-29T18:43:55.294+00:00,912.189,manual,Manual cook,temp,2100,400.5,79.37,inkbird_lowest_internal,,1,100,80.36,79.96,79.81,79.37,75.2,80.36,79.96,79.81,79.37,75.2,1,400.0,5.0,0.0,0,NONE
2026-09-29T18:43:56.295+00:00,913.190,manual,Manual cook,temp,2100,400.5,79.37,inkbird_lowest_internal,,1,100,80.36,79.96,79.81,79.37,75.2,80.36,79.96,79.81,79.37,75.2,1,400.0,4.0,0.0,0,NONE
2026-09-29T18:43:57.294+00:00,914.189,manual,Manual cook,temp,2100,400.5,79.37,inkbird_lowest_internal,,1,100,80.43,79.96,79.84,79.37,75.2,80.43,79.96,79.84,79.37,75.2,1,400.0,13.0,0.0,0,NONE
2026-09-29T18:43:58.294+00:00,915.189,manual,Manual cook,temp,2100,401.5,79.37,inkbird_lowest_internal,,1,100,80.43,79.96,79.84,79.37,75.2,80.43,79.96,79.84,79.37,75.2,1,400.0,0.0,0.0,0,NONE
2026-09-29T18:43:59.294+00:00,916.189,manual,Manual cook,temp,2100,401.5,79.37,inkbird_lowest_internal,,1,100,80.43,79.96,79.84,79.37,75.2,80.43,79.96,79.84,79.37,75.2,1,400.0,3.0,0.0,0,NONE
2026-09-29T18:43:59.794+00:00,916.689,manual,Manual cook,temp,2100,401.0,79.37,inkbird_lowest_internal,,1,100,80.43,79.96,79.84,79.37,75.2,80.43,79.96,79.84,79.37,75.2,1,400.0,19.0,0.0,0,NONE
2026-09-29T18:44:00.794+00:00,917.689,manual,Manual cook,temp,2100,401.5,79.47,inkbird_lowest_internal,,1,100,80.44,80.08,79.92,79.47,75.2,80.44,80.08,79.92,79.47,75.2,1,400.0,0.0,0.0,0,NONE
2026-09-29T18:44:01.794+00:00,918.689,manual,Manual cook,temp,2100,401.5,79.47,inkbird_lowest_internal,,1,100,80.44,80.08,79.92,79.47,75.2,80.44,80.08,79.92,79.47,75.2,1,400.0,3.0,0.0,0,NONE
2026-09-29T18:44:02.794+00:00,919.689,manual,Manual cook,temp,2100,400.5,79.47,inkbird_lowest_internal,,1,100,80.44,80.08,79.92,79.47,75.2,80.44,80.08,79.92,79.47,75.2,1,400.0,19.0,0.0,0,NONE
2026-09-29T18:44:04.294+00:00,921.189,manual,Manual cook,temp,2100,401.5,79.47,inkbird_lowest_internal,,1,100,80.44,80.08,79.92,79.47,75.2,80.44,80.08,79.92,79.47,75.2,1,400.0,9.0,0.0,0,NONE
2026-09-29T18:44:05.294+00:00,922.189,manual,Manual cook,temp,2100,401.5,79.47,inkbird_lowest_internal,,1,100,80.44,80.08,79.92,79.47,75.2,80.44,80.08,79.92,79.47,75.2,1,400.0,3.0,0.0,0,NONE
2026-09-29T18:44:05.794+00:00,922.689,manual,Manual cook,temp,2100,401.9,79.47,inkbird_lowest_internal,,1,100,80.44,80.08,79.92,79.47,75.2,80.44,80.08,79.92,79.47,75.2,1,400.0,0.0,0.0,0,NONE
2026-09-29T18:44:06.294+00:00,923.189,manual,Manual cook,temp,2100,401.5,79.47,inkbird_lowest_internal,,1,100,80.44,80.08,79.92,79.47,75.2,80.44,80.08,79.92,79.47,75.2,1,400.0,9.0,0.0,0,NONE
2026-09-29T18:44:06.794+00:00,923.689,manual,Manual cook,temp,2100,401.9,79.47,inkbird_lowest_internal,,1,100,80.46,80.08,79.96,79.47,75.2,80.46,80.08,79.96,79.47,75.2,1,400.0,0.0,0.0,0,NONE
2026-09-29T18:44:07.794+00:00,924.689,manual,Manual cook,temp,2100,401.0,79.47,inkbird_lowest_internal,,1,100,80.46,80.08,79.96,79.47,75.2,80.46,80.08,79.96,79.47,75.2,1,400.0,0.0,0.0,0,NONE
2026-09-29T18:44:08.794+00:00,925.689,manual,Manual cook,temp,2100,401.0,79.57,inkbird_lowest_internal,,1,100,80.46,80.08,80.02,79.57,75.2,80.46,80.08,80.02,79.57,75.2,1,400.0,0.0,0.0,0,NONE
2026-09-29T18:44:09.794+00:00,926.689,manual,Manual cook,temp,2100,400.5,79.57,inkbird_lowest_internal,,1,100,80.46,80.08,80.02,79.57,75.2,80.46,80.08,80.02,79.57,75.2,1,400.0,12.0,0.0,0,NONE
2026-09-29T18:44:10.794+00:00,927.689,manual,Manual cook,temp,2100,401.5,79.63,inkbird_lowest_internal,,1,100,80.47,80.19,80.02,79.63,75.2,80.47,80.19,80.02,79.63,75.2,1,400.0,9.0,0.0,0,NONE
2026-09-29T18:44:11.294+00:00,928.189,manual,Manual cook,temp,2100,401.0,79.63,inkbird_lowest_internal,,1,100,80.47,80.19,80.02,79.63,75.2,80.47,80.19,80.02,79.63,75.2,1,400.0,11.0,0.0,0,NONE
2026-09-29T18:44:11.794+00:00,928.689,manual,Manual cook,temp,2100,400.5,79.63,inkbird_lowest_internal,,1,100,80.47,80.19,80.02,79.63,75.2,80.47,80.19,80.02,79.63,75.2,1,400.0,12.0,0.0,0,NONE
2026-09-29T18:44:12.794+00:00,929.689,manual,Manual cook,temp,2100,401.5,79.63,inkbird_lowest_internal,,1,100,80.47,80.19,80.02,79.63,77.0,80.47,80.19,80.02,79.63,77.0,1,400.0,4.0,0.0,0,NONE
2026-09-29T18:44:13.794+00:00,930.689,manual,Manual cook,temp,2100,400.1,79.63,inkbird_lowest_internal,,1,100,80.47,80.19,80.02,79.63,77.0,80.47,80.19,80.02,79.63,77.0,1,400.0,9.0,0.0,0,NONE
2026-09-29T18:44:14.294+00:00,931.189,manual,Manual cook,temp,2100,400.1,79.63,inkbird_lowest_internal,,1,100,80.47,80.19,80.02,79.63,77.0,80.47,80.19,80.02,79.63,77.0,1,400.0,20.0,0.0,0,NONE
2026-09-29T18:44:15.294+00:00,932.189,manual,Manual cook,temp,2100,401.9,79.63,inkbird_lowest_internal,,1,100,80.47,80.19,80.02,79.63,77.0,80.47,80.19,80.02,79.63,77.0,1,400.0,4.0,0.0,0,NONE
2026-09-29T18:44:16.294+00:00,933.189,manual,Manual cook,temp,2100,401.5,79.63,inkbird_lowest_internal,,1,100,80.47,80.19,80.02,79.63,77.0,80.47,80.19,80.02,79.63,77.0,1,400.0,9.0,0.0,0,NONE
2026-09-29T18:44:17.294+00:00,934.189,manual,Manual cook,temp,2100,400.5,79.63,inkbird_lowest_internal,,1,100,80.47,80.19,80.02,79.63,77.0,80.47,80.19,80.02,79.63,77.0,1,400.0,19.0,0.0,0,NONE
2026-09-29T18:44:17.794+00:00,934.689,manual,Manual cook,temp,2100,401.0,79.63,inkbird_lowest_internal,,1,100,80.47,80.19,80.02,79.63,77.0,80.47,80.19,80.02,79.63,77.0,1,400.0,0.0,0.0,0,NONE
2026-09-29T18:44:18.793+00:00,935.689,manual,Manual cook,temp,2100,401.5,79.68,inkbird_lowest_internal,,1,100,80.52,80.19,80.06,79.68,77.0,80.52,80.19,80.06,79.68,77.0,1,400.0,0.0,0.0,0,NONE
2026-09-29T18:44:19.293+00:00,936.189,manual,Manual cook,temp,2100,401.5,79.68,inkbird_lowest_internal,,1,100,80.52,80.19,80.06,79.68,77.0,80.52,80.19,80.06,79.68,77.0,1,400.0,3.0,0.0,0,NONE
2026-09-29T18:44:20.294+00:00,937.189,manual,Manual cook,temp,2100,401.9,79.68,inkbird_lowest_internal,,1,100,80.52,80.19,80.06,79.68,77.0,80.52,80.19,80.06,79.68,77.0,1,400.0,3.0,0.0,0,NONE
2026-09-29T18:44:21.293+00:00,938.188,manual,Manual cook,temp,2100,401.9,79.68,inkbird_lowest_internal,,1,100,80.52,80.19,80.06,79.68,77.0,80.52,80.19,80.06,79.68,77.0,1,400.0,2.0,0.0,0,NONE
2026-09-29T18:44:22.294+00:00,939.189,manual,Manual cook,temp,2100,401.5,79.68,inkbird_lowest_internal,,1,100,80.52,80.19,80.06,79.68,77.0,80.52,80.19,80.06,79.68,77.0,1,400.0,18.0,0.0,0,NONE
2026-09-29T18:44:23.293+00:00,940.189,manual,Manual cook,temp,2100,401.5,79.68,inkbird_lowest_internal,,1,100,80.52,80.19,80.06,79.68,77.0,80.52,80.19,80.06,79.68,77.0,1,400.0,0.0,0.0,0,NONE
2026-09-29T18:44:24.293+00:00,941.189,manual,Manual cook,temp,2100,399.6,79.68,inkbird_lowest_internal,,1,100,80.52,80.19,80.06,79.68,77.0,80.52,80.19,80.06,79.68,77.0,1,400.0,0.0,0.0,0,NONE
2026-09-29T18:44:25.293+00:00,942.188,manual,Manual cook,temp,2100,401.0,79.75,inkbird_lowest_internal,,1,100,80.51,80.3,80.13,79.75,77.0,80.51,80.3,80.13,79.75,77.0,1,400.0,0.0,0.0,0,NONE
2026-09-29T18:44:26.293+00:00,943.188,manual,Manual cook,temp,2100,401.0,79.75,inkbird_lowest_internal,,1,100,80.51,80.3,80.13,79.75,77.0,80.51,80.3,80.13,79.75,77.0,1,400.0,0.0,0.0,0,NONE
2026-09-29T18:44:27.293+00:00,944.188,manual,Manual cook,temp,2100,401.0,79.75,inkbird_lowest_internal,,1,100,80.51,80.3,80.13,79.75,77.0,80.51,80.3,80.13,79.75,77.0,1,400.0,3.0,0.0,0,NONE
2026-09-29T18:44:27.793+00:00,944.689,manual,Manual cook,temp,2100,401.0,79.75,inkbird_lowest_internal,,1,100,80.51,80.3,80.13,79.75,77.0,80.51,80.3,80.13,79.75,77.0,1,400.0,3.0,0.0,0,NONE
2026-09-29T18:44:28.294+00:00,945.189,manual,Manual cook,temp,2100,401.0,79.75,inkbird_lowest_internal,,1,100,80.51,80.3,80.13,79.75,77.0,80.51,80.3,80.13,79.75,77.0,1,400.0,3.0,0.0,0,NONE
2026-09-29T18:44:29.293+00:00,946.188,manual,Manual cook,temp,2100,400.5,79.75,inkbird_lowest_internal,,1,100,80.51,80.3,80.13,79.75,77.0,80.51,80.3,80.13,79.75,77.0,1,400.0,4.0,0.0,0,NONE
2026-09-29T18:44:29.793+00:00,946.688,manual,Manual cook,temp,2100,401.0,79.75,inkbird_lowest_internal,,1,100,80.51,80.3,80.13,79.75,77.0,80.51,80.3,80.13,79.75,77.0,1,400.0,0.0,0.0,0,NONE
2026-09-29T18:44:30.793+00:00,947.688,manual,Manual cook,temp,2100,400.5,79.78,inkbird_lowest_internal,,1,100,80.52,80.3,80.16,79.78,77.0,80.52,80.3,80.16,79.78,77.0,1,400.0,11.0,0.0,0,NONE
2026-09-29T18:44:31.793+00:00,948.688,manual,Manual cook,temp,2100,400.1,79.78,inkbird_lowest_internal,,1,100,80.52,80.3,80.16,79.78,77.0,80.52,80.3,80.16,79.78,77.0,1,400.0,9.0,0.0,0,NONE
2026-09-29T18:44:32.793+00:00,949.688,manual,Manual cook,temp,2100,401.0,79.78,inkbird_lowest_internal,,1,100,80.52,80.3,80.16,79.78,77.0,80.52,80.3,80.16,79.78,77.0,1,400.0,3.0,0.0,0,NONE
2026-09-29T18:44:33.293+00:00,950.188,manual,Manual cook,temp,2100,401.0,79.78,inkbird_lowest_internal,,1,100,80.52,80.3,80.16,79.78,77.0,80.52,80.3,80.16,79.78,77.0,1,400.0,0.0,0.0,0,NONE
2026-09-29T18:44:34.293+00:00,951.188,manual,Manual cook,temp,2100,401.0,79.78,inkbird_lowest_internal,,1,100,80.52,80.3,80.16,79.78,77.0,80.52,80.3,80.16,79.78,77.0,1,400.0,3.0,0.0,0,NONE
2026-09-29T18:44:35.293+00:00,952.188,manual,Manual cook,temp,2100,401.0,79.78,inkbird_lowest_internal,,1,100,80.52,80.3,80.16,79.78,77.0,80.52,80.3,80.16,79.78,77.0,1,400.0,3.0,0.0,0,NONE
2026-09-29T18:44:36.293+00:00,953.188,manual,Manual cook,temp,2100,399.6,79.78,inkbird_lowest_internal,,1,100,80.52,80.3,80.16,79.78,77.0,80.52,80.3,80.16,79.78,77.0,1,400.0,9.0,0.0,0,NONE
2026-09-29T18:44:36.793+00:00,953.688,manual,Manual cook,temp,2100,400.5,79.78,inkbird_lowest_internal,,1,100,80.52,80.3,80.16,79.78,77.0,80.52,80.3,80.16,79.78,77.0,1,400.0,0.0,0.0,0,NONE
2026-09-29T18:44:37.293+00:00,954.188,manual,Manual cook,temp,2100,401.5,79.78,inkbird_lowest_internal,,1,100,80.52,80.3,80.16,79.78,77.0,80.52,80.3,80.16,79.78,77.0,1,400.0,4.0,0.0,0,NONE
2026-09-29T18:44:38.293+00:00,955.188,manual,Manual cook,temp,2100,400.5,79.78,inkbird_lowest_internal,,1,100,80.52,80.3,80.16,79.78,77.0,80.52,80.3,80.16,79.78,77.0,1,400.0,9.0,0.0,0,NONE
2026-09-29T18:44:38.794+00:00,955.689,manual,Manual cook,temp,2100,401.0,79.87,inkbird_lowest_internal,,1,100,80.55,80.4,80.25,79.87,77.0,80.55,80.4,80.25,79.87,77.0,1,400.0,0.0,0.0,0,NONE
2026-09-29T18:44:39.793+00:00,956.688,manual,Manual cook,temp,2100,401.0,79.87,inkbird_lowest_internal,,1,100,80.55,80.4,80.25,79.87,77.0,80.55,80.4,80.25,79.87,77.0,1,400.0,0.0,0.0,0,NONE
2026-09-29T18:44:40.293+00:00,957.188,manual,Manual cook,temp,2100,401.0,79.87,inkbird_lowest_internal,,1,100,80.55,80.4,80.25,79.87,77.0,80.55,80.4,80.25,79.87,77.0,1,400.0,9.0,0.0,0,NONE
2026-09-29T18:44:41.293+00:00,958.188,manual,Manual cook,temp,2100,400.1,79.89,inkbird_lowest_internal,,1,100,80.56,80.4,80.25,79.89,77.0,80.56,80.4,80.25,79.89,77.0,1,400.0,9.0,0.0,0,NONE
2026-09-29T18:44:41.793+00:00,958.688,manual,Manual cook,temp,2100,400.1,79.89,inkbird_lowest_internal,,1,100,80.56,80.4,80.25,79.89,77.0,80.56,80.4,80.25,79.89,77.0,1,400.0,0.0,0.0,0,NONE
2026-09-29T18:44:42.793+00:00,959.688,manual,Manual cook,temp,2100,400.1,79.89,inkbird_lowest_internal,,1,100,80.56,80.4,80.25,79.89,77.0,80.56,80.4,80.25,79.89,77.0,1,400.0,5.0,0.0,0,NONE
2026-09-29T18:44:43.293+00:00,960.188,manual,Manual cook,temp,2100,400.1,79.89,inkbird_lowest_internal,,1,100,80.56,80.4,80.25,79.89,77.0,80.56,80.4,80.25,79.89,77.0,1,400.0,5.0,0.0,0,NONE
2026-09-29T18:44:44.293+00:00,961.188,manual,Manual cook,temp,2100,401.0,79.89,inkbird_lowest_internal,,1,100,80.56,80.4,80.25,79.89,77.0,80.56,80.4,80.25,79.89,77.0,1,400.0,0.0,0.0,0,NONE
2026-09-29T18:44:45.293+00:00,962.188,manual,Manual cook,temp,2100,398.8,79.89,inkbird_lowest_internal,,1,100,80.57,80.4,80.27,79.89,77.0,80.57,80.4,80.27,79.89,77.0,1,400.0,9.0,0.0,0,NONE
2026-09-29T18:44:45.793+00:00,962.688,manual,Manual cook,temp,2100,400.1,79.89,inkbird_lowest_internal,,1,100,80.57,80.4,80.27,79.89,77.0,80.57,80.4,80.27,79.89,77.0,1,400.0,29.0,0.0,0,NONE
2026-09-29T18:44:46.793+00:00,963.688,manual,Manual cook,temp,2100,400.1,79.89,inkbird_lowest_internal,,1,100,80.57,80.4,80.27,79.89,77.0,80.57,80.4,80.27,79.89,77.0,1,400.0,5.0,0.0,0,NONE
2026-09-29T18:44:47.293+00:00,964.188,manual,Manual cook,temp,2100,400.1,79.89,inkbird_lowest_internal,,1,100,80.57,80.4,80.27,79.89,77.0,80.57,80.4,80.27,79.89,77.0,1,400.0,21.0,0.0,0,NONE
2026-09-29T18:44:48.293+00:00,965.188,manual,Manual cook,temp,2100,400.1,79.89,inkbird_lowest_internal,,1,100,80.57,80.4,80.27,79.89,77.0,80.57,80.4,80.27,79.89,77.0,1,400.0,5.0,0.0,0,NONE
2026-09-29T18:44:48.793+00:00,965.688,manual,Manual cook,temp,2100,399.2,79.99,inkbird_lowest_internal,,1,100,80.61,80.4,80.35,79.99,77.0,80.61,80.4,80.35,79.99,77.0,1,400.0,21.0,0.0,0,NONE
2026-09-29T18:44:49.294+00:00,966.189,manual,Manual cook,temp,2100,400.5,79.99,inkbird_lowest_internal,,1,100,80.61,80.4,80.35,79.99,77.0,80.61,80.4,80.35,79.99,77.0,1,400.0,0.0,0.0,0,NONE
2026-09-29T18:44:50.293+00:00,967.188,manual,Manual cook,temp,2100,399.6,79.99,inkbird_lowest_internal,,1,100,80.61,80.4,80.35,79.99,77.0,80.61,80.4,80.35,79.99,77.0,1,400.0,9.0,0.0,0,NONE
2026-09-29T18:44:50.793+00:00,967.688,manual,Manual cook,temp,2100,400.1,80.05,inkbird_lowest_internal,,1,100,80.61,80.5,80.36,80.05,77.0,80.61,80.5,80.36,80.05,77.0,1,400.0,0.0,0.0,0,NONE
2026-09-29T18:44:51.793+00:00,968.688,manual,Manual cook,temp,2100,400.1,80.05,inkbird_lowest_internal,,1,100,80.61,80.5,80.36,80.05,77.0,80.61,80.5,80.36,80.05,77.0,1,400.0,13.0,0.0,0,NONE
2026-09-29T18:44:52.793+00:00,969.688,manual,Manual cook,temp,2100,399.6,80.05,inkbird_lowest_internal,,1,100,80.61,80.5,80.36,80.05,77.0,80.61,80.5,80.36,80.05,77.0,1,400.0,9.0,0.0,0,NONE
2026-09-29T18:44:53.293+00:00,970.188,manual,Manual cook,temp,2100,399.6,80.05,inkbird_lowest_internal,,1,100,80.61,80.5,80.36,80.05,77.0,80.61,80.5,80.36,80.05,77.0,1,400.0,6.0,0.0,0,NONE
2026-09-29T18:44:53.793+00:00,970.688,manual,Manual cook,temp,2100,399.2,80.05,inkbird_lowest_internal,,1,100,80.61,80.5,80.36,80.05,77.0,80.61,80.5,80.36,80.05,77.0,1,400.0,14.0,0.0,0,NONE
2026-09-29T18:44:54.793+00:00,971.688,manual,Manual cook,temp,2100,399.6,80.05,inkbird_lowest_internal,,1,100,80.61,80.5,80.36,80.05,77.0,80.61,80.5,80.36,80.05,77.0,1,400.0,0.0,0.0,0,NONE
2026-09-29T18:44:55.293+00:00,972.188,manual,Manual cook,temp,2100,400.1,80.05,inkbird_lowest_internal,,1,100,80.61,80.5,80.36,80.05,77.0,80.61,80.5,80.36,80.05,77.0,1,400.0,0.0,0.0,0,NONE
2026-09-29T18:44:56.293+00:00,973.188,manual,Manual cook,temp,2100,400.1,80.05,inkbird_lowest_internal,,1,100,80.61,80.5,80.36,80.05,77.0,80.61,80.5,80.36,80.05,77.0,1,400.0,5.0,0.0,0,NONE
2026-09-29T18:44:57.293+00:00,974.188,manual,Manual cook,temp,2100,400.1,80.05,inkbird_lowest_internal,,1,100,80.7,80.5,80.39,80.05,77.0,80.7,80.5,80.39,80.05,77.0,1,400.0,0.0,0.0,0,NONE
2026-09-29T18:44:57.793+00:00,974.688,manual,Manual cook,temp,2100,400.1,80.05,inkbird_lowest_internal,,1,100,80.7,80.5,80.39,80.05,77.0,80.7,80.5,80.39,80.05,77.0,1,400.0,9.0,0.0,0,NONE
2026-09-29T18:44:58.794+00:00,975.689,manual,Manual cook,temp,2100,400.1,80.05,inkbird_lowest_internal,,1,100,80.72,80.5,80.39,80.05,77.0,80.72,80.5,80.39,80.05,77.0,1,400.0,5.0,0.0,0,NONE
2026-09-29T18:44:59.793+00:00,976.688,manual,Manual cook,temp,2100,400.1,80.05,inkbird_lowest_internal,,1,100,80.72,80.5,80.39,80.05,77.0,80.72,80.5,80.39,80.05,77.0,1,400.0,9.0,0.0,0,NONE
2026-09-29T18:45:00.293+00:00,977.188,manual,Manual cook,temp,2100,400.1,80.05,inkbird_lowest_internal,,1,100,80.72,80.5,80.39,80.05,77.0,80.72,80.5,80.39,80.05,77.0,1,400.0,21.0,0.0,0,NONE
2026-09-29T18:45:01.293+00:00,978.188,manual,Manual cook,temp,2100,400.1,80.1,inkbird_lowest_internal,,1,100,80.79,80.5,80.47,80.1,77.0,80.79,80.5,80.47,80.1,77.0,1,400.0,5.0,0.0,0,NONE
2026-09-29T18:45:01.793+00:00,978.688,manual,Manual cook,temp,2100,399.6,80.1,inkbird_lowest_internal,,1,100,80.79,80.5,80.47,80.1,77.0,80.79,80.5,80.47,80.1,77.0,1,400.0,13.0,0.0,0,NONE
2026-09-29T18:45:02.793+00:00,979.688,manual,Manual cook,temp,2100,400.5,80.18,inkbird_lowest_internal,,1,100,80.83,80.62,80.48,80.18,77.0,80.83,80.62,80.48,80.18,77.0,1,400.0,0.0,0.0,0,NONE
2026-09-29T18:45:03.293+00:00,980.188,manual,Manual cook,temp,2100,400.5,80.18,inkbird_lowest_internal,,1,100,80.83,80.62,80.48,80.18,77.0,80.83,80.62,80.48,80.18,77.0,1,400.0,4.0,0.0,0,NONE
2026-09-29T18:45:04.293+00:00,981.188,manual,Manual cook,temp,2100,400.5,80.18,inkbird_lowest_internal,,1,100,80.83,80.62,80.48,80.18,77.0,80.83,80.62,80.48,80.18,77.0,1,400.0,20.0,0.0,0,NONE
2026-09-29T18:45:04.793+00:00,981.688,manual,Manual cook,temp,2100,400.5,80.18,inkbird_lowest_internal,,1,100,80.9,80.62,80.49,80.18,77.0,80.9,80.62,80.49,80.18,77.0,1,400.0,0.0,0.0,0,NONE
2026-09-29T18:45:05.793+00:00,982.688,manual,Manual cook,temp,2100,400.1,80.18,inkbird_lowest_internal,,1,100,80.9,80.62,80.49,80.18,77.0,80.9,80.62,80.49,80.18,77.0,1,400.0,12.0,0.0,0,NONE
2026-09-29T18:45:06.293+00:00,983.188,manual,Manual cook,temp,2100,400.5,80.18,inkbird_lowest_internal,,1,100,80.9,80.62,80.49,80.18,77.0,80.9,80.62,80.49,80.18,77.0,1,400.0,5.0,0.0,0,NONE
2026-09-29T18:45:07.292+00:00,984.188,manual,Manual cook,temp,2100,401.0,80.18,inkbird_lowest_internal,,1,100,80.93,80.62,80.49,80.18,77.0,80.93,80.62,80.49,80.18,77.0,1,400.0,0.0,0.0,0,NONE
2026-09-29T18:45:07.792+00:00,984.688,manual,Manual cook,temp,2100,401.5,80.18,inkbird_lowest_internal,,1,100,80.93,80.62,80.49,80.18,77.0,80.93,80.62,80.49,80.18,77.0,1,400.0,0.0,0.0,0,NONE
2026-09-29T18:45:08.793+00:00,985.688,manual,Manual cook,temp,2100,401.0,80.21,inkbird_lowest_internal,,1,100,81.0,80.62,80.58,80.21,77.0,81.0,80.62,80.58,80.21,77.0,1,400.0,0.0,0.0,0,NONE
2026-09-29T18:45:09.793+00:00,986.688,manual,Manual cook,temp,2100,400.5,80.21,inkbird_lowest_internal,,1,100,81.0,80.62,80.58,80.21,77.0,81.0,80.62,80.58,80.21,77.0,1,400.0,11.0,0.0,0,NONE
2026-09-29T18:45:10.792+00:00,987.687,manual,Manual cook,temp,2100,401.5,80.28,inkbird_lowest_internal,,1,100,81.03,80.73,80.58,80.28,77.0,81.03,80.73,80.58,80.28,77.0,1,400.0,0.0,0.0,0,NONE
2026-09-29T18:45:11.792+00:00,988.688,manual,Manual cook,temp,2100,401.0,80.28,inkbird_lowest_internal,,1,100,81.03,80.73,80.58,80.28,77.0,81.03,80.73,80.58,80.28,77.0,1,400.0,10.0,0.0,0,NONE
2026-09-29T18:45:12.293+00:00,989.188,manual,Manual cook,temp,2100,400.5,80.28,inkbird_lowest_internal,,1,100,81.03,80.73,80.58,80.28,77.0,81.03,80.73,80.58,80.28,77.0,1,400.0,11.0,0.0,0,NONE
2026-09-29T18:45:13.293+00:00,990.188,manual,Manual cook,temp,2100,400.1,80.28,inkbird_lowest_internal,,1,100,81.04,80.73,80.6,80.28,77.0,81.04,80.73,80.6,80.28,77.0,1,400.0,12.0,0.0,0,NONE
2026-09-29T18:45:14.293+00:00,991.188,manual,Manual cook,temp,2100,401.0,80.28,inkbird_lowest_internal,,1,100,81.04,80.73,80.6,80.28,77.0,81.04,80.73,80.6,80.28,77.0,1,400.0,9.0,0.0,0,NONE
2026-09-29T18:45:15.293+00:00,992.188,manual,Manual cook,temp,2100,399.6,80.31,inkbird_lowest_internal,,1,100,81.11,80.73,80.67,80.31,77.0,81.11,80.73,80.67,80.31,77.0,1,400.0,9.0,0.0,0,NONE
2026-09-29T18:45:16.292+00:00,993.187,manual,Manual cook,temp,2100,401.5,80.31,inkbird_lowest_internal,,1,100,81.11,80.73,80.67,80.31,77.0,81.11,80.73,80.67,80.31,77.0,1,400.0,2.0,0.0,0,NONE
2026-09-29T18:45:16.792+00:00,993.688,manual,Manual cook,temp,2100,401.0,80.38,inkbird_lowest_internal,,1,100,81.14,80.84,80.69,80.38,77.0,81.14,80.84,80.69,80.38,77.0,1,400.0,18.0,0.0,0,NONE
2026-09-29T18:45:17.792+00:00,994.687,manual,Manual cook,temp,2100,401.0,80.38,inkbird_lowest_internal,,1,100,81.14,80.84,80.69,80.38,77.0,81.14,80.84,80.69,80.38,77.0,1,400.0,0.0,0.0,0,NONE
2026-09-29T18:45:18.792+00:00,995.687,manual,Manual cook,temp,2100,400.1,80.38,inkbird_lowest_internal,,1,100,81.14,80.84,80.69,80.38,77.0,81.14,80.84,80.69,80.38,77.0,1,400.0,19.0,0.0,0,NONE
2026-09-29T18:45:19.792+00:00,996.687,manual,Manual cook,temp,2100,401.0,80.38,inkbird_lowest_internal,,1,100,81.14,80.84,80.69,80.38,77.0,81.14,80.84,80.69,80.38,77.0,1,400.0,3.0,0.0,0,NONE
2026-09-29T18:45:20.292+00:00,997.187,manual,Manual cook,temp,2100,400.1,80.38,inkbird_lowest_internal,,1,100,81.14,80.84,80.69,80.38,77.0,81.14,80.84,80.69,80.38,77.0,1,400.0,19.0,0.0,0,NONE
2026-09-29T18:45:21.292+00:00,998.187,manual,Manual cook,temp,2100,401.0,80.38,inkbird_lowest_internal,,1,100,81.21,80.84,80.72,80.38,77.0,81.21,80.84,80.72,80.38,77.0,1,400.0,0.0,0.0,0,NONE
2026-09-29T18:45:21.792+00:00,998.687,manual,Manual cook,temp,2100,400.1,80.38,inkbird_lowest_internal,,1,100,81.21,80.84,80.72,80.38,77.0,81.21,80.84,80.72,80.38,77.0,1,400.0,3.0,0.0,0,NONE
2026-09-29T18:45:22.792+00:00,999.687,manual,Manual cook,temp,2100,401.0,80.43,inkbird_lowest_internal,,1,100,81.2,80.84,80.79,80.43,77.0,81.2,80.84,80.79,80.43,77.0,1,400.0,0.0,0.0,0,NONE
2026-09-29T18:45:23.292+00:00,1000.187,manual,Manual cook,temp,2100,401.0,80.43,inkbird_lowest_internal,,1,100,81.2,80.84,80.79,80.43,77.0,81.2,80.84,80.79,80.43,77.0,1,400.0,9.0,0.0,0,NONE
2026-09-29T18:45:23.792+00:00,1000.687,manual,Manual cook,temp,2100,401.0,80.43,inkbird_lowest_internal,,1,100,81.2,80.84,80.79,80.43,77.0,81.2,80.84,80.79,80.43,77.0,1,400.0,0.0,0.0,0,NONE
2026-09-29T18:45:24.792+00:00,1001.687,manual,Manual cook,temp,2100,401.5,80.5,inkbird_lowest_internal,,1,100,81.2,80.94,80.81,80.5,77.0,81.2,80.94,80.81,80.5,77.0,1,400.0,0.0,0.0,0,NONE
2026-09-29T18:45:25.793+00:00,1002.688,manual,Manual cook,temp,2100,400.5,80.5,inkbird_lowest_internal,,1,100,81.2,80.94,80.81,80.5,77.0,81.2,80.94,80.81,80.5,77.0,1,400.0,0.0,0.0,0,NONE
2026-09-29T18:45:26.792+00:00,1003.687,manual,Manual cook,temp,2100,399.6,80.5,inkbird_lowest_internal,,1,100,81.2,80.94,80.81,80.5,77.0,81.2,80.94,80.81,80.5,77.0,1,400.0,0.0,0.0,0,NONE
2026-09-29T18:45:27.792+00:00,1004.687,manual,Manual cook,temp,2100,400.5,80.5,inkbird_lowest_internal,,1,100,81.2,80.94,80.81,80.5,77.0,81.2,80.94,80.81,80.5,77.0,1,400.0,0.0,0.0,0,NONE
2026-09-29T18:45:28.792+00:00,1005.687,manual,Manual cook,temp,2100,400.5,80.5,inkbird_lowest_internal,,1,100,81.2,80.94,80.83,80.5,77.0,81.2,80.94,80.83,80.5,77.0,1,400.0,0.0,0.0,0,NONE
2026-09-29T18:45:29.792+00:00,1006.687,manual,Manual cook,temp,2100,400.5,80.5,inkbird_lowest_internal,,1,100,81.2,80.94,80.83,80.5,77.0,81.2,80.94,80.83,80.5,77.0,1,400.0,9.0,0.0,0,NONE
2026-09-29T18:45:30.792+00:00,1007.687,manual,Manual cook,temp,2100,399.6,80.54,inkbird_lowest_internal,,1,100,81.2,80.94,80.9,80.54,77.0,81.2,80.94,80.9,80.54,77.0,1,400.0,20.0,0.0,0,NONE
2026-09-29T18:45:31.293+00:00,1008.188,manual,Manual cook,temp,2100,399.6,80.54,inkbird_lowest_internal,,1,100,81.2,80.94,80.9,80.54,77.0,81.2,80.94,80.9,80.54,77.0,1,400.0,6.0,0.0,0,NONE
2026-09-29T18:45:32.292+00:00,1009.187,manual,Manual cook,temp,2100,400.5,80.54,inkbird_lowest_internal,,1,100,81.2,80.94,80.9,80.54,77.0,81.2,80.94,80.9,80.54,77.0,1,400.0,9.0,0.0,0,NONE
2026-09-29T18:45:33.292+00:00,1010.187,manual,Manual cook,temp,2100,400.1,80.62,inkbird_lowest_internal,,1,100,81.21,81.05,80.92,80.62,77.0,81.21,81.05,80.92,80.62,77.0,1,400.0,9.0,0.0,0,NONE
2026-09-29T18:45:33.792+00:00,1010.687,manual,Manual cook,temp,2100,399.2,80.62,inkbird_lowest_internal,,1,100,81.21,81.05,80.92,80.62,77.0,81.21,81.05,80.92,80.62,77.0,1,400.0,21.0,0.0,0,NONE
2026-09-29T18:45:34.792+00:00,1011.687,manual,Manual cook,temp,2100,400.5,80.62,inkbird_lowest_internal,,1,100,81.21,81.05,80.92,80.62,77.0,81.21,81.05,80.92,80.62,77.0,1,400.0,9.0,0.0,0,NONE
2026-09-29T18:45:35.792+00:00,1012.687,manual,Manual cook,temp,2100,400.5,80.62,inkbird_lowest_internal,,1,100,81.21,81.05,80.92,80.62,77.0,81.21,81.05,80.92,80.62,77.0,1,400.0,9.0,0.0,0,NONE
2026-09-29T18:45:36.292+00:00,1013.187,manual,Manual cook,temp,2100,400.1,80.62,inkbird_lowest_internal,,1,100,81.21,81.05,80.92,80.62,77.0,81.21,81.05,80.92,80.62,77.0,1,400.0,0.0,0.0,0,NONE
2026-09-29T18:45:36.793+00:00,1013.688,manual,Manual cook,temp,2100,400.1,80.65,inkbird_lowest_internal,,1,100,81.25,81.05,80.96,80.65,77.0,81.25,81.05,80.96,80.65,77.0,1,400.0,9.0,0.0,0,NONE
2026-09-29T18:45:37.792+00:00,1014.687,manual,Manual cook,temp,2100,399.2,80.65,inkbird_lowest_internal,,1,100,81.25,81.05,80.96,80.65,77.0,81.25,81.05,80.96,80.65,77.0,1,400.0,21.0,0.0,0,NONE
2026-09-29T18:45:38.792+00:00,1015.687,manual,Manual cook,temp,2100,399.6,80.65,inkbird_lowest_internal,,1,100,81.25,81.05,80.96,80.65,77.0,81.25,81.05,80.96,80.65,77.0,1,400.0,6.0,0.0,0,NONE
2026-09-29T18:45:39.292+00:00,1016.187,manual,Manual cook,temp,2100,399.6,80.65,inkbird_lowest_internal,,1,100,81.25,81.05,80.96,80.65,77.0,81.25,81.05,80.96,80.65,77.0,1,400.0,0.0,0.0,0,NONE
2026-09-29T18:45:39.792+00:00,1016.687,manual,Manual cook,temp,2100,400.1,80.65,inkbird_lowest_internal,,1,100,81.25,81.05,80.96,80.65,77.0,81.25,81.05,80.96,80.65,77.0,1,400.0,9.0,0.0,0,NONE
2026-09-29T18:45:40.792+00:00,1017.687,manual,Manual cook,temp,2100,399.2,80.74,inkbird_lowest_internal,,1,100,81.35,81.16,81.05,80.74,77.0,81.35,81.16,81.05,80.74,77.0,1,400.0,9.0,0.0,0,NONE
2026-09-29T18:45:41.792+00:00,1018.687,manual,Manual cook,temp,2100,400.1,80.74,inkbird_lowest_internal,,1,100,81.35,81.16,81.05,80.74,77.0,81.35,81.16,81.05,80.74,77.0,1,400.0,9.0,0.0,0,NONE
2026-09-29T18:45:42.293+00:00,1019.188,manual,Manual cook,temp,2100,399.6,80.74,inkbird_lowest_internal,,1,100,81.35,81.16,81.05,80.74,77.0,81.35,81.16,81.05,80.74,77.0,1,400.0,0.0,0.0,0,NONE
2026-09-29T18:45:43.292+00:00,1020.187,manual,Manual cook,temp,2100,400.1,80.76,inkbird_lowest_internal,,1,100,81.44,81.16,81.06,80.76,77.0,81.44,81.16,81.06,80.76,77.0,1,400.0,0.0,0.0,0,NONE
2026-09-29T18:45:43.792+00:00,1020.687,manual,Manual cook,temp,2100,398.3,80.76,inkbird_lowest_internal,,1,100,81.44,81.16,81.06,80.76,77.0,81.44,81.16,81.06,80.76,77.0,1,400.0,9.0,0.0,0,NONE
2026-09-29T18:45:44.792+00:00,1021.687,manual,Manual cook,temp,2100,399.6,80.76,inkbird_lowest_internal,,1,100,81.46,81.16,81.06,80.76,77.0,81.46,81.16,81.06,80.76,77.0,1,400.0,9.0,0.0,0,NONE
2026-09-29T18:45:45.792+00:00,1022.687,manual,Manual cook,temp,2100,399.2,80.76,inkbird_lowest_internal,,1,100,81.46,81.16,81.06,80.76,77.0,81.46,81.16,81.06,80.76,77.0,1,400.0,9.0,0.0,0,NONE
2026-09-29T18:45:46.792+00:00,1023.687,manual,Manual cook,temp,2100,398.3,80.83,inkbird_lowest_internal,,1,100,81.54,81.27,81.14,80.83,77.0,81.54,81.27,81.14,80.83,77.0,1,400.0,7.0,0.0,0,NONE
2026-09-29T18:45:47.292+00:00,1024.187,manual,Manual cook,temp,2100,398.8,80.83,inkbird_lowest_internal,,1,100,81.54,81.27,81.14,80.83,77.0,81.54,81.27,81.14,80.83,77.0,1,400.0,23.0,0.0,0,NONE
2026-09-29T18:45:48.292+00:00,1025.187,manual,Manual cook,temp,2100,399.2,80.83,inkbird_lowest_internal,,1,100,81.54,81.27,81.14,80.83,77.0,81.54,81.27,81.14,80.83,77.0,1,400.0,0.0,0.0,0,NONE
2026-09-29T18:45:49.292+00:00,1026.187,manual,Manual cook,temp,2100,399.2,80.83,inkbird_lowest_internal,,1,100,81.54,81.27,81.14,80.83,77.0,81.54,81.27,81.14,80.83,77.0,1,400.0,0.0,0.0,0,NONE
2026-09-29T18:45:50.292+00:00,1027.187,manual,Manual cook,temp,2100,399.6,80.83,inkbird_lowest_internal,,1,100,81.54,81.27,81.14,80.83,77.0,81.54,81.27,81.14,80.83,77.0,1,400.0,0.0,0.0,0,NONE
2026-09-29T18:45:50.792+00:00,1027.687,manual,Manual cook,temp,2100,398.8,80.87,inkbird_lowest_internal,,1,100,81.58,81.27,81.19,80.87,77.0,81.58,81.27,81.19,80.87,77.0,1,400.0,9.0,0.0,0,NONE
2026-09-29T18:45:51.792+00:00,1028.687,manual,Manual cook,temp,2100,398.3,80.87,inkbird_lowest_internal,,1,100,81.58,81.27,81.19,80.87,77.0,81.58,81.27,81.19,80.87,77.0,1,400.0,16.0,0.0,0,NONE
2026-09-29T18:45:52.792+00:00,1029.687,manual,Manual cook,temp,2100,397.9,80.87,inkbird_lowest_internal,,1,100,81.58,81.27,81.19,80.87,77.0,81.58,81.27,81.19,80.87,77.0,1,400.0,24.0,0.0,0,NONE
2026-09-29T18:45:53.792+00:00,1030.687,manual,Manual cook,temp,2100,398.8,80.87,inkbird_lowest_internal,,1,100,81.58,81.27,81.19,80.87,77.0,81.58,81.27,81.19,80.87,77.0,1,400.0,8.0,0.0,0,NONE
2026-09-29T18:45:54.292+00:00,1031.187,manual,Manual cook,temp,2100,399.2,80.87,inkbird_lowest_internal,,1,100,81.58,81.27,81.19,80.87,77.0,81.58,81.27,81.19,80.87,77.0,1,400.0,0.0,0.0,0,NONE
2026-09-29T18:45:54.792+00:00,1031.687,manual,Manual cook,temp,2100,398.8,80.95,inkbird_lowest_internal,,1,100,81.66,81.37,81.26,80.95,77.0,81.66,81.37,81.26,80.95,77.0,1,400.0,7.0,0.0,0,NONE
2026-09-29T18:45:55.292+00:00,1032.187,manual,Manual cook,temp,2100,398.8,80.95,inkbird_lowest_internal,,1,100,81.66,81.37,81.26,80.95,77.0,81.66,81.37,81.26,80.95,77.0,1,400.0,15.0,0.0,0,NONE
2026-09-29T18:45:56.292+00:00,1033.187,manual,Manual cook,temp,2100,398.8,80.95,inkbird_lowest_internal,,1,100,81.66,81.37,81.26,80.95,77.0,81.66,81.37,81.26,80.95,77.0,1,400.0,0.0,0.0,0,NONE
2026-09-29T18:45:57.292+00:00,1034.187,manual,Manual cook,temp,2100,397.9,80.95,inkbird_lowest_internal,,1,100,81.68,81.37,81.3,80.95,77.0,81.68,81.37,81.3,80.95,77.0,1,400.0,17.0,0.0,0,NONE
2026-09-29T18:45:58.291+00:00,1035.187,manual,Manual cook,temp,2100,397.9,80.95,inkbird_lowest_internal,,1,100,81.68,81.37,81.3,80.95,77.0,81.68,81.37,81.3,80.95,77.0,1,400.0,9.0,0.0,0,NONE
2026-09-29T18:45:58.792+00:00,1035.687,manual,Manual cook,temp,2100,399.2,80.97,inkbird_lowest_internal,,1,100,81.74,81.37,81.35,80.97,77.0,81.74,81.37,81.35,80.97,77.0,1,400.0,0.0,0.0,0,NONE
2026-09-29T18:45:59.792+00:00,1036.687,manual,Manual cook,temp,2100,398.3,80.97,inkbird_lowest_internal,,1,100,81.74,81.37,81.35,80.97,77.0,81.74,81.37,81.35,80.97,77.0,1,400.0,23.0,0.0,0,NONE
2026-09-29T18:46:00.292+00:00,1037.187,manual,Manual cook,temp,2100,398.3,80.97,inkbird_lowest_internal,,1,100,81.74,81.37,81.35,80.97,77.0,81.74,81.37,81.35,80.97,77.0,1,400.0,1.0,0.0,0,NONE
2026-09-29T18:46:01.291+00:00,1038.186,manual,Manual cook,temp,2100,398.8,80.97,inkbird_lowest_internal,,1,100,81.74,81.37,81.35,80.97,77.0,81.74,81.37,81.35,80.97,77.0,1,400.0,1.0,0.0,0,NONE
2026-09-29T18:46:01.792+00:00,1038.687,manual,Manual cook,temp,2100,398.8,80.97,inkbird_lowest_internal,,1,100,81.74,81.37,81.35,80.97,77.0,81.74,81.37,81.35,80.97,77.0,1,400.0,8.0,0.0,0,NONE
2026-09-29T18:46:02.791+00:00,1039.687,manual,Manual cook,temp,2100,398.3,81.05,inkbird_lowest_internal,,1,100,81.77,81.48,81.38,81.05,77.0,81.77,81.48,81.38,81.05,77.0,1,400.0,16.0,0.0,0,NONE
2026-09-29T18:46:03.292+00:00,1040.187,manual,Manual cook,temp,2100,397.9,81.05,inkbird_lowest_internal,,1,100,81.77,81.48,81.38,81.05,77.0,81.77,81.48,81.38,81.05,77.0,1,400.0,17.0,0.0,0,NONE
2026-09-29T18:46:04.291+00:00,1041.186,manual,Manual cook,temp,2100,399.2,81.05,inkbird_lowest_internal,,1,100,81.77,81.48,81.38,81.05,77.0,81.77,81.48,81.38,81.05,77.0,1,400.0,0.0,0.0,0,NONE
2026-09-29T18:46:05.291+00:00,1042.186,manual,Manual cook,temp,2100,399.2,81.05,inkbird_lowest_internal,,1,100,81.79,81.48,81.38,81.05,77.0,81.79,81.48,81.38,81.05,77.0,1,400.0,7.0,0.0,0,NONE
2026-09-29T18:46:06.291+00:00,1043.186,manual,Manual cook,temp,2100,398.3,81.05,inkbird_lowest_internal,,1,100,81.79,81.48,81.38,81.05,77.0,81.79,81.48,81.38,81.05,77.0,1,400.0,9.0,0.0,0,NONE
2026-09-29T18:46:06.791+00:00,1043.686,manual,Manual cook,temp,2100,398.8,81.08,inkbird_lowest_internal,,1,100,81.85,81.48,81.39,81.08,77.0,81.85,81.48,81.39,81.08,77.0,1,400.0,1.0,0.0,0,NONE
2026-09-29T18:46:07.791+00:00,1044.686,manual,Manual cook,temp,2100,399.2,81.08,inkbird_lowest_internal,,1,100,81.85,81.48,81.39,81.08,77.0,81.85,81.48,81.39,81.08,77.0,1,400.0,9.0,0.0,0,NONE
2026-09-29T18:46:08.291+00:00,1045.186,manual,Manual cook,temp,2100,399.6,81.08,inkbird_lowest_internal,,1,100,81.85,81.48,81.39,81.08,77.0,81.85,81.48,81.39,81.08,77.0,1,400.0,0.0,0.0,0,NONE
2026-09-29T18:46:08.792+00:00,1045.687,manual,Manual cook,temp,2100,399.2,81.08,inkbird_lowest_internal,,1,100,81.86,81.48,81.41,81.08,77.0,81.86,81.48,81.41,81.08,77.0,1,400.0,0.0,0.0,0,NONE
2026-09-29T18:46:09.791+00:00,1046.686,manual,Manual cook,temp,2100,399.2,81.08,inkbird_lowest_internal,,1,100,81.86,81.48,81.41,81.08,77.0,81.86,81.48,81.41,81.08,77.0,1,400.0,7.0,0.0,0,NONE
2026-09-29T18:46:10.792+00:00,1047.687,manual,Manual cook,temp,2100,398.8,81.15,inkbird_lowest_internal,,1,100,81.87,81.59,81.48,81.15,77.0,81.87,81.59,81.48,81.15,77.0,1,400.0,16.0,0.0,0,NONE
2026-09-29T18:46:11.791+00:00,1048.686,manual,Manual cook,temp,2100,398.8,81.15,inkbird_lowest_internal,,1,100,81.87,81.59,81.48,81.15,77.0,81.87,81.59,81.48,81.15,77.0,1,400.0,9.0,0.0,0,NONE
2026-09-29T18:46:12.791+00:00,1049.686,manual,Manual cook,temp,2100,399.2,81.15,inkbird_lowest_internal,,1,100,81.87,81.59,81.48,81.15,77.0,81.87,81.59,81.48,81.15,77.0,1,400.0,0.0,0.0,0,NONE
2026-09-29T18:46:13.791+00:00,1050.687,manual,Manual cook,temp,2100,399.2,81.15,inkbird_lowest_internal,,1,100,81.87,81.59,81.48,81.15,77.0,81.87,81.59,81.48,81.15,77.0,1,400.0,0.0,0.0,0,NONE
2026-09-29T18:46:14.791+00:00,1051.687,manual,Manual cook,temp,2100,398.8,81.18,inkbird_lowest_internal,,1,100,81.88,81.59,81.5,81.18,77.0,81.88,81.59,81.5,81.18,77.0,1,400.0,1.0,0.0,0,NONE
2026-09-29T18:46:15.792+00:00,1052.687,manual,Manual cook,temp,2100,398.3,81.18,inkbird_lowest_internal,,1,100,81.88,81.59,81.5,81.18,77.0,81.88,81.59,81.5,81.18,77.0,1,400.0,9.0,0.0,0,NONE
2026-09-29T18:46:16.791+00:00,1053.686,manual,Manual cook,temp,2100,399.2,81.18,inkbird_lowest_internal,,1,100,81.88,81.59,81.5,81.18,77.0,81.88,81.59,81.5,81.18,77.0,1,400.0,1.0,0.0,0,NONE
2026-09-29T18:46:17.791+00:00,1054.686,manual,Manual cook,temp,2100,398.8,81.18,inkbird_lowest_internal,,1,100,81.88,81.59,81.5,81.18,77.0,81.88,81.59,81.5,81.18,77.0,1,400.0,9.0,0.0,0,NONE
2026-09-29T18:46:18.791+00:00,1055.686,manual,Manual cook,temp,2100,398.8,81.26,inkbird_lowest_internal,,1,100,81.9,81.7,81.53,81.26,77.0,81.9,81.7,81.53,81.26,77.0,1,400.0,9.0,0.0,0,NONE
2026-09-29T18:46:19.292+00:00,1056.187,manual,Manual cook,temp,2100,398.8,81.26,inkbird_lowest_internal,,1,100,81.9,81.7,81.53,81.26,77.0,81.9,81.7,81.53,81.26,77.0,1,400.0,9.0,0.0,0,NONE
2026-09-29T18:46:20.291+00:00,1057.186,manual,Manual cook,temp,2100,399.2,81.26,inkbird_lowest_internal,,1,100,81.9,81.7,81.53,81.26,77.0,81.9,81.7,81.53,81.26,77.0,1,400.0,1.0,0.0,0,NONE
2026-09-29T18:46:20.791+00:00,1057.686,manual,Manual cook,temp,2100,398.8,81.26,inkbird_lowest_internal,,1,100,81.9,81.7,81.53,81.26,77.0,81.9,81.7,81.53,81.26,77.0,1,400.0,16.0,0.0,0,NONE
2026-09-29T18:46:21.791+00:00,1058.686,manual,Manual cook,temp,2100,398.8,81.26,inkbird_lowest_internal,,1,100,81.9,81.7,81.53,81.26,77.0,81.9,81.7,81.53,81.26,77.0,1,400.0,9.0,0.0,0,NONE
2026-09-29T18:46:22.791+00:00,1059.686,manual,Manual cook,temp,2100,398.8,81.28,inkbird_lowest_internal,,1,100,81.96,81.7,81.61,81.28,78.8,81.96,81.7,81.61,81.28,78.8,1,400.0,0.0,0.0,0,NONE
2026-09-29T18:46:23.791+00:00,1060.686,manual,Manual cook,temp,2100,398.8,81.28,inkbird_lowest_internal,,1,100,81.96,81.7,81.61,81.28,78.8,81.96,81.7,81.61,81.28,78.8,1,400.0,17.0,0.0,0,NONE
2026-09-29T18:46:24.792+00:00,1061.687,manual,Manual cook,temp,2100,398.8,81.28,inkbird_lowest_internal,,1,100,81.96,81.7,81.61,81.28,78.8,81.96,81.7,81.61,81.28,78.8,1,400.0,9.0,0.0,0,NONE
2026-09-29T18:46:25.791+00:00,1062.686,manual,Manual cook,temp,2100,398.8,81.28,inkbird_lowest_internal,,1,100,81.96,81.7,81.61,81.28,78.8,81.96,81.7,81.61,81.28,78.8,1,400.0,9.0,0.0,0,NONE
2026-09-29T18:46:26.791+00:00,1063.686,manual,Manual cook,temp,2100,398.8,81.36,inkbird_lowest_internal,,1,100,82.0,81.8,81.63,81.36,78.8,82.0,81.8,81.63,81.36,78.8,1,400.0,16.0,0.0,0,NONE
2026-09-29T18:46:27.791+00:00,1064.686,manual,Manual cook,temp,2100,398.8,81.36,inkbird_lowest_internal,,1,100,82.0,81.8,81.63,81.36,78.8,82.0,81.8,81.63,81.36,78.8,1,400.0,8.0,0.0,0,NONE
2026-09-29T18:46:28.291+00:00,1065.186,manual,Manual cook,temp,2100,399.2,81.36,inkbird_lowest_internal,,1,100,82.0,81.8,81.63,81.36,78.8,82.0,81.8,81.63,81.36,78.8,1,400.0,16.0,0.0,0,NONE
2026-09-29T18:46:29.291+00:00,1066.186,manual,Manual cook,temp,2100,399.6,81.36,inkbird_lowest_internal,,1,100,82.0,81.8,81.63,81.36,78.8,82.0,81.8,81.63,81.36,78.8,1,400.0,0.0,0.0,0,NONE
2026-09-29T18:46:30.291+00:00,1067.186,manual,Manual cook,temp,2100,399.2,81.36,inkbird_lowest_internal,,1,100,82.0,81.8,81.63,81.36,78.8,82.0,81.8,81.63,81.36,78.8,1,400.0,1.0,0.0,0,NONE
2026-09-29T18:46:30.791+00:00,1067.686,manual,Manual cook,temp,2100,399.2,81.4,inkbird_lowest_internal,,1,100,82.09,81.8,81.72,81.4,78.8,82.09,81.8,81.72,81.4,78.8,1,400.0,8.0,0.0,0,NONE
2026-09-29T18:46:31.791+00:00,1068.686,manual,Manual cook,temp,2100,399.2,81.4,inkbird_lowest_internal,,1,100,82.09,81.8,81.72,81.4,78.8,82.09,81.8,81.72,81.4,78.8,1,400.0,8.0,0.0,0,NONE
2026-09-29T18:46:32.291+00:00,1069.186,manual,Manual cook,temp,2100,399.2,81.4,inkbird_lowest_internal,,1,100,82.09,81.8,81.72,81.4,78.8,82.09,81.8,81.72,81.4,78.8,1,400.0,0.0,0.0,0,NONE
2026-09-29T18:46:33.291+00:00,1070.186,manual,Manual cook,temp,2100,399.6,81.4,inkbird_lowest_internal,,1,100,82.1,81.8,81.74,81.4,78.8,82.1,81.8,81.74,81.4,78.8,1,400.0,0.0,0.0,0,NONE
2026-09-29T18:46:34.291+00:00,1071.186,manual,Manual cook,temp,2100,399.2,81.4,inkbird_lowest_internal,,1,100,82.1,81.8,81.74,81.4,78.8,82.1,81.8,81.74,81.4,78.8,1,400.0,15.0,0.0,0,NONE
2026-09-29T18:46:35.291+00:00,1072.186,manual,Manual cook,temp,2100,399.2,81.48,inkbird_lowest_internal,,1,100,82.17,81.9,81.8,81.48,78.8,82.17,81.9,81.8,81.48,78.8,1,400.0,8.0,0.0,0,NONE
2026-09-29T18:46:36.291+00:00,1073.186,manual,Manual cook,temp,2100,399.6,81.48,inkbird_lowest_internal,,1,100,82.17,81.9,81.8,81.48,78.8,82.17,81.9,81.8,81.48,78.8,1,400.0,7.0,0.0,0,NONE
2026-09-29T18:46:36.791+00:00,1073.686,manual,Manual cook,temp,2100,398.8,81.51,inkbird_lowest_internal,,1,100,82.19,81.9,81.81,81.51,78.8,82.19,81.9,81.81,81.51,78.8,1,400.0,23.0,0.0,0,NONE
2026-09-29T18:46:37.791+00:00,1074.686,manual,Manual cook,temp,2100,399.6,81.51,inkbird_lowest_internal,,1,100,82.19,81.9,81.81,81.51,78.8,82.19,81.9,81.81,81.51,78.8,1,400.0,9.0,0.0,0,NONE
2026-09-29T18:46:38.291+00:00,1075.186,manual,Manual cook,temp,2100,400.5,81.51,inkbird_lowest_internal,,1,100,82.19,81.9,81.81,81.51,78.8,82.19,81.9,81.81,81.51,78.8,1,400.0,0.0,0.0,0,NONE
2026-09-29T18:46:39.291+00:00,1076.186,manual,Manual cook,temp,2100,399.6,81.51,inkbird_lowest_internal,,1,100,82.22,81.9,81.81,81.51,78.8,82.22,81.9,81.81,81.51,78.8,1,400.0,0.0,0.0,0,NONE
2026-09-29T18:46:40.291+00:00,1077.186,manual,Manual cook,temp,2100,399.6,81.51,inkbird_lowest_internal,,1,100,82.22,81.9,81.81,81.51,78.8,82.22,81.9,81.81,81.51,78.8,1,400.0,0.0,0.0,0,NONE
2026-09-29T18:46:40.791+00:00,1077.686,manual,Manual cook,temp,2100,399.6,81.51,inkbird_lowest_internal,,1,100,82.3,81.9,81.85,81.51,78.8,82.3,81.9,81.85,81.51,78.8,1,400.0,9.0,0.0,0,NONE
2026-09-29T18:46:41.791+00:00,1078.686,manual,Manual cook,temp,2100,399.6,81.51,inkbird_lowest_internal,,1,100,82.3,81.9,81.85,81.51,78.8,82.3,81.9,81.85,81.51,78.8,1,400.0,9.0,0.0,0,NONE
2026-09-29T18:46:42.791+00:00,1079.686,manual,Manual cook,temp,2100,399.2,81.58,inkbird_lowest_internal,,1,100,82.3,82.01,81.9,81.58,78.8,82.3,82.01,81.9,81.58,78.8,1,400.0,9.0,0.0,0,NONE
2026-09-29T18:46:43.791+00:00,1080.686,manual,Manual cook,temp,2100,400.5,81.58,inkbird_lowest_internal,,1,100,82.3,82.01,81.9,81.58,78.8,82.3,82.01,81.9,81.58,78.8,1,400.0,0.0,0.0,0,NONE
2026-09-29T18:46:44.291+00:00,1081.186,manual,Manual cook,temp,2100,399.2,81.58,inkbird_lowest_internal,,1,100,82.3,82.01,81.9,81.58,78.8,82.3,82.01,81.9,81.58,78.8,1,400.0,9.0,0.0,0,NONE
2026-09-29T18:46:45.291+00:00,1082.186,manual,Manual cook,temp,2100,399.6,81.58,inkbird_lowest_internal,,1,100,82.32,82.01,81.9,81.58,78.8,82.32,82.01,81.9,81.58,78.8,1,400.0,0.0,0.0,0,NONE
2026-09-29T18:46:45.791+00:00,1082.686,manual,Manual cook,temp,2100,398.8,81.58,inkbird_lowest_internal,,1,100,82.32,82.01,81.9,81.58,78.8,82.32,82.01,81.9,81.58,78.8,1,400.0,9.0,0.0,0,NONE
2026-09-29T18:46:46.291+00:00,1083.186,manual,Manual cook,temp,2100,399.2,81.58,inkbird_lowest_internal,,1,100,82.32,82.01,81.9,81.58,78.8,82.32,82.01,81.9,81.58,78.8,1,400.0,0.0,0.0,0,NONE
2026-09-29T18:46:46.791+00:00,1083.686,manual,Manual cook,temp,2100,399.2,81.62,inkbird_lowest_internal,,1,100,82.39,82.01,81.95,81.62,78.8,82.39,82.01,81.95,81.62,78.8,1,400.0,9.0,0.0,0,NONE
2026-09-29T18:46:47.791+00:00,1084.686,manual,Manual cook,temp,2100,399.2,81.62,inkbird_lowest_internal,,1,100,82.39,82.01,81.95,81.62,78.8,82.39,82.01,81.95,81.62,78.8,1,400.0,8.0,0.0,0,NONE
2026-09-29T18:46:48.791+00:00,1085.686,manual,Manual cook,temp,2100,399.6,81.62,inkbird_lowest_internal,,1,100,82.41,82.01,81.96,81.62,78.8,82.41,82.01,81.96,81.62,78.8,1,400.0,9.0,0.0,0,NONE
2026-09-29T18:46:49.791+00:00,1086.686,manual,Manual cook,temp,2100,399.2,81.62,inkbird_lowest_internal,,1,100,82.41,82.01,81.96,81.62,78.8,82.41,82.01,81.96,81.62,78.8,1,400.0,9.0,0.0,0,NONE
2026-09-29T18:46:50.291+00:00,1087.186,manual,Manual cook,temp,2100,399.2,81.62,inkbird_lowest_internal,,1,100,82.41,82.01,81.96,81.62,78.8,82.41,82.01,81.96,81.62,78.8,1,400.0,16.0,0.0,0,NONE
2026-09-29T18:46:51.291+00:00,1088.186,manual,Manual cook,temp,2100,399.2,81.7,inkbird_lowest_internal,,1,100,82.42,82.13,82.02,81.7,78.8,82.42,82.13,82.02,81.7,78.8,1,400.0,0.0,0.0,0,NONE
2026-09-29T18:46:51.791+00:00,1088.686,manual,Manual cook,temp,2100,398.8,81.7,inkbird_lowest_internal,,1,100,82.42,82.13,82.02,81.7,78.8,82.42,82.13,82.02,81.7,78.8,1,400.0,9.0,0.0,0,NONE
2026-09-29T18:46:52.791+00:00,1089.686,manual,Manual cook,temp,2100,399.6,81.7,inkbird_lowest_internal,,1,100,82.43,82.13,82.02,81.7,78.8,82.43,82.13,82.02,81.7,78.8,1,400.0,1.0,0.0,0,NONE
2026-09-29T18:46:53.790+00:00,1090.685,manual,Manual cook,temp,2100,398.8,81.7,inkbird_lowest_internal,,1,100,82.43,82.13,82.02,81.7,78.8,82.43,82.13,82.02,81.7,78.8,1,400.0,9.0,0.0,0,NONE
2026-09-29T18:46:54.291+00:00,1091.186,manual,Manual cook,temp,2100,399.2,81.7,inkbird_lowest_internal,,1,100,82.43,82.13,82.02,81.7,78.8,82.43,82.13,82.02,81.7,78.8,1,400.0,17.0,0.0,0,NONE
2026-09-29T18:46:55.290+00:00,1092.186,manual,Manual cook,temp,2100,399.2,81.73,inkbird_lowest_internal,,1,100,82.5,82.13,82.05,81.73,78.8,82.5,82.13,82.05,81.73,78.8,1,400.0,0.0,0.0,0,NONE
2026-09-29T18:46:56.290+00:00,1093.186,manual,Manual cook,temp,2100,398.8,81.73,inkbird_lowest_internal,,1,100,82.5,82.13,82.05,81.73,78.8,82.5,82.13,82.05,81.73,78.8,1,400.0,8.0,0.0,0,NONE
2026-09-29T18:46:57.290+00:00,1094.186,manual,Manual cook,temp,2100,398.8,81.73,inkbird_lowest_internal,,1,100,82.51,82.13,82.08,81.73,78.8,82.51,82.13,82.08,81.73,78.8,1,400.0,1.0,0.0,0,NONE
2026-09-29T18:46:58.290+00:00,1095.185,manual,Manual cook,temp,2100,398.8,81.73,inkbird_lowest_internal,,1,100,82.51,82.13,82.08,81.73,78.8,82.51,82.13,82.08,81.73,78.8,1,400.0,9.0,0.0,0,NONE
2026-09-29T18:46:58.790+00:00,1095.685,manual,Manual cook,temp,2100,398.8,81.81,inkbird_lowest_internal,,1,100,82.51,82.23,82.15,81.81,78.8,82.51,82.23,82.15,81.81,78.8,1,400.0,9.0,0.0,0,NONE
2026-09-29T18:46:59.790+00:00,1096.685,manual,Manual cook,temp,2100,398.8,81.81,inkbird_lowest_internal,,1,100,82.51,82.23,82.15,81.81,78.8,82.51,82.23,82.15,81.81,78.8,1,400.0,9.0,0.0,0,NONE
2026-09-29T18:47:00.790+00:00,1097.685,manual,Manual cook,temp,2100,398.3,81.83,inkbird_lowest_internal,,1,100,82.53,82.23,82.16,81.83,78.8,82.53,82.23,82.16,81.83,78.8,1,400.0,17.0,0.0,0,NONE
2026-09-29T18:47:01.790+00:00,1098.685,manual,Manual cook,temp,2100,401.0,81.83,inkbird_lowest_internal,,1,100,82.53,82.23,82.16,81.83,78.8,82.53,82.23,82.16,81.83,78.8,1,400.0,0.0,0.0,0,NONE
2026-09-29T18:47:02.790+00:00,1099.685,manual,Manual cook,temp,2100,400.5,81.9,inkbird_lowest_internal,,1,100,82.53,82.33,82.18,81.9,78.8,82.53,82.33,82.18,81.9,78.8,1,400.0,9.0,0.0,0,NONE
2026-09-29T18:47:03.790+00:00,1100.685,manual,Manual cook,temp,2100,399.6,81.9,inkbird_lowest_internal,,1,100,82.53,82.33,82.18,81.9,78.8,82.53,82.33,82.18,81.9,78.8,1,400.0,22.0,0.0,0,NONE
2026-09-29T18:47:04.790+00:00,1101.685,manual,Manual cook,temp,2100,401.0,81.9,inkbird_lowest_internal,,1,100,82.53,82.33,82.18,81.9,78.8,82.53,82.33,82.18,81.9,78.8,1,400.0,0.0,0.0,0,NONE
2026-09-29T18:47:05.790+00:00,1102.685,manual,Manual cook,temp,2100,400.5,81.9,inkbird_lowest_internal,,1,100,82.53,82.33,82.18,81.9,78.8,82.53,82.33,82.18,81.9,78.8,1,400.0,14.0,0.0,0,NONE
2026-09-29T18:47:06.790+00:00,1103.685,manual,Manual cook,temp,2100,401.0,81.9,inkbird_lowest_internal,,1,100,82.53,82.33,82.18,81.9,78.8,82.53,82.33,82.18,81.9,78.8,1,400.0,6.0,0.0,0,NONE
2026-09-29T18:47:07.291+00:00,1104.186,manual,Manual cook,temp,2100,399.2,81.9,inkbird_lowest_internal,,1,100,82.53,82.33,82.18,81.9,78.8,82.53,82.33,82.18,81.9,78.8,1,400.0,0.0,0.0,0,NONE
2026-09-29T18:47:08.290+00:00,1105.185,manual,Manual cook,temp,2100,401.0,81.9,inkbird_lowest_internal,,1,100,82.53,82.33,82.18,81.9,78.8,82.53,82.33,82.18,81.9,78.8,1,400.0,0.0,0.0,0,NONE
2026-09-29T18:47:09.290+00:00,1106.185,manual,Manual cook,temp,2100,400.5,81.9,inkbird_lowest_internal,,1,100,82.53,82.33,82.18,81.9,78.8,82.53,82.33,82.18,81.9,78.8,1,400.0,0.0,0.0,0,NONE
2026-09-29T18:47:10.290+00:00,1107.185,manual,Manual cook,temp,2100,401.0,81.9,inkbird_lowest_internal,,1,100,82.53,82.33,82.18,81.9,78.8,82.53,82.33,82.18,81.9,78.8,1,400.0,0.0,0.0,0,NONE
2026-09-29T18:47:11.290+00:00,1108.185,manual,Manual cook,temp,2100,400.1,81.96,inkbird_lowest_internal,,1,100,82.65,82.33,82.26,81.96,78.8,82.65,82.33,82.26,81.96,78.8,1,400.0,0.0,0.0,0,NONE
2026-09-29T18:47:12.290+00:00,1109.185,manual,Manual cook,temp,2100,400.5,81.96,inkbird_lowest_internal,,1,100,82.65,82.33,82.26,81.96,78.8,82.65,82.33,82.26,81.96,78.8,1,400.0,0.0,0.0,0,NONE
2026-09-29T18:47:12.791+00:00,1109.686,manual,Manual cook,temp,2100,400.5,82.02,inkbird_lowest_internal,,1,100,82.71,82.44,82.29,82.02,78.8,82.71,82.44,82.29,82.02,78.8,1,400.0,9.0,0.0,0,NONE
2026-09-29T18:47:13.790+00:00,1110.685,manual,Manual cook,temp,2100,398.8,82.02,inkbird_lowest_internal,,1,100,82.71,82.44,82.29,82.02,78.8,82.71,82.44,82.29,82.02,78.8,1,400.0,9.0,0.0,0,NONE
2026-09-29T18:47:14.790+00:00,1111.685,manual,Manual cook,temp,2100,400.1,82.02,inkbird_lowest_internal,,1,100,82.71,82.44,82.29,82.02,78.8,82.71,82.44,82.29,82.02,78.8,1,400.0,9.0,0.0,0,NONE
2026-09-29T18:47:15.290+00:00,1112.185,manual,Manual cook,temp,2100,400.1,82.02,inkbird_lowest_internal,,1,100,82.71,82.44,82.29,82.02,78.8,82.71,82.44,82.29,82.02,78.8,1,400.0,7.0,0.0,0,NONE
2026-09-29T18:47:16.290+00:00,1113.185,manual,Manual cook,temp,2100,400.1,82.02,inkbird_lowest_internal,,1,100,82.71,82.44,82.29,82.02,78.8,82.71,82.44,82.29,82.02,78.8,1,400.0,7.0,0.0,0,NONE
2026-09-29T18:47:16.790+00:00,1113.685,manual,Manual cook,temp,2100,399.6,82.02,inkbird_lowest_internal,,1,100,82.71,82.44,82.29,82.02,78.8,82.71,82.44,82.29,82.02,78.8,1,400.0,15.0,0.0,0,NONE
2026-09-29T18:47:17.290+00:00,1114.185,manual,Manual cook,temp,2100,400.1,82.02,inkbird_lowest_internal,,1,100,82.71,82.44,82.29,82.02,78.8,82.71,82.44,82.29,82.02,78.8,1,400.0,16.0,0.0,0,NONE
2026-09-29T18:47:18.290+00:00,1115.185,manual,Manual cook,temp,2100,400.1,82.02,inkbird_lowest_internal,,1,100,82.71,82.44,82.29,82.02,78.8,82.71,82.44,82.29,82.02,78.8,1,400.0,7.0,0.0,0,NONE
2026-09-29T18:47:18.790+00:00,1115.685,manual,Manual cook,temp,2100,399.6,82.02,inkbird_lowest_internal,,1,100,82.71,82.44,82.29,82.02,78.8,82.71,82.44,82.29,82.02,78.8,1,400.0,15.0,0.0,0,NONE
2026-09-29T18:47:19.790+00:00,1116.685,manual,Manual cook,temp,2100,400.1,82.02,inkbird_lowest_internal,,1,100,82.71,82.44,82.29,82.02,78.8,82.71,82.44,82.29,82.02,78.8,1,400.0,9.0,0.0,0,NONE
2026-09-29T18:47:20.290+00:00,1117.185,manual,Manual cook,temp,2100,400.5,82.02,inkbird_lowest_internal,,1,100,82.71,82.44,82.29,82.02,78.8,82.71,82.44,82.29,82.02,78.8,1,400.0,0.0,0.0,0,NONE
2026-09-29T18:47:21.290+00:00,1118.185,manual,Manual cook,temp,2100,400.1,82.07,inkbird_lowest_internal,,1,100,82.76,82.54,82.39,82.07,78.8,82.76,82.54,82.39,82.07,78.8,1,400.0,0.0,0.0,0,NONE
2026-09-29T18:47:22.290+00:00,1119.185,manual,Manual cook,temp,2100,400.5,82.07,inkbird_lowest_internal,,1,100,82.76,82.54,82.39,82.07,78.8,82.76,82.54,82.39,82.07,78.8,1,400.0,0.0,0.0,0,NONE
2026-09-29T18:47:22.790+00:00,1119.685,manual,Manual cook,temp,2100,401.0,82.07,inkbird_lowest_internal,,1,100,82.82,82.54,82.39,82.07,78.8,82.82,82.54,82.39,82.07,78.8,1,400.0,9.0,0.0,0,NONE
2026-09-29T18:47:23.790+00:00,1120.685,manual,Manual cook,temp,2100,400.1,82.07,inkbird_lowest_internal,,1,100,82.82,82.54,82.39,82.07,78.8,82.82,82.54,82.39,82.07,78.8,1,400.0,9.0,0.0,0,NONE
2026-09-29T18:47:24.290+00:00,1121.185,manual,Manual cook,temp,2100,400.5,82.07,inkbird_lowest_internal,,1,100,82.82,82.54,82.39,82.07,78.8,82.82,82.54,82.39,82.07,78.8,1,400.0,0.0,0.0,0,NONE
2026-09-29T18:47:24.790+00:00,1121.685,manual,Manual cook,temp,2100,400.1,82.07,inkbird_lowest_internal,,1,100,82.82,82.54,82.39,82.07,78.8,82.82,82.54,82.39,82.07,78.8,1,400.0,6.0,0.0,0,NONE
2026-09-29T18:47:25.290+00:00,1122.185,manual,Manual cook,temp,2100,400.1,82.07,inkbird_lowest_internal,,1,100,82.82,82.54,82.39,82.07,78.8,82.82,82.54,82.39,82.07,78.8,1,400.0,14.0,0.0,0,NONE
2026-09-29T18:47:26.290+00:00,1123.185,manual,Manual cook,temp,2100,400.5,82.07,inkbird_lowest_internal,,1,100,82.82,82.54,82.39,82.07,78.8,82.82,82.54,82.39,82.07,78.8,1,400.0,7.0,0.0,0,NONE
2026-09-29T18:47:26.790+00:00,1123.685,manual,Manual cook,temp,2100,400.1,82.07,inkbird_lowest_internal,,1,100,82.82,82.54,82.39,82.07,78.8,82.82,82.54,82.39,82.07,78.8,1,400.0,0.0,0.0,0,NONE
2026-09-29T18:47:27.790+00:00,1124.685,manual,Manual cook,temp,2100,400.5,82.07,inkbird_lowest_internal,,1,100,82.82,82.54,82.39,82.07,78.8,82.82,82.54,82.39,82.07,78.8,1,400.0,0.0,0.0,0,NONE
2026-09-29T18:47:28.291+00:00,1125.186,manual,Manual cook,temp,2100,400.1,82.07,inkbird_lowest_internal,,1,100,82.82,82.54,82.39,82.07,78.8,82.82,82.54,82.39,82.07,78.8,1,400.0,9.0,0.0,0,NONE
2026-09-29T18:47:29.290+00:00,1126.185,manual,Manual cook,temp,2100,400.5,82.07,inkbird_lowest_internal,,1,100,82.86,82.54,82.39,82.07,78.8,82.86,82.54,82.39,82.07,78.8,1,400.0,0.0,0.0,0,NONE
2026-09-29T18:47:30.290+00:00,1127.185,manual,Manual cook,temp,2100,400.1,82.07,inkbird_lowest_internal,,1,100,82.86,82.54,82.39,82.07,78.8,82.86,82.54,82.39,82.07,78.8,1,400.0,14.0,0.0,0,NONE
2026-09-29T18:47:31.290+00:00,1128.185,manual,Manual cook,temp,2100,400.5,82.18,inkbird_lowest_internal,,1,100,82.91,82.64,82.49,82.18,78.8,82.91,82.64,82.49,82.18,78.8,1,400.0,0.0,0.0,0,NONE
2026-09-29T18:47:32.290+00:00,1129.185,manual,Manual cook,temp,2100,400.5,82.18,inkbird_lowest_internal,,1,100,82.91,82.64,82.49,82.18,78.8,82.91,82.64,82.49,82.18,78.8,1,400.0,0.0,0.0,0,NONE
2026-09-29T18:47:33.290+00:00,1130.185,manual,Manual cook,temp,2100,400.5,82.18,inkbird_lowest_internal,,1,100,82.93,82.64,82.51,82.18,78.8,82.93,82.64,82.51,82.18,78.8,1,400.0,0.0,0.0,0,NONE
2026-09-29T18:47:34.290+00:00,1131.185,manual,Manual cook,temp,2100,400.1,82.18,inkbird_lowest_internal,,1,100,82.93,82.64,82.51,82.18,78.8,82.93,82.64,82.51,82.18,78.8,1,400.0,14.0,0.0,0,NONE
2026-09-29T18:47:34.790+00:00,1131.685,manual,Manual cook,temp,2100,401.0,82.18,inkbird_lowest_internal,,1,100,82.93,82.64,82.51,82.18,78.8,82.93,82.64,82.51,82.18,78.8,1,400.0,15.0,0.0,0,NONE
2026-09-29T18:47:35.290+00:00,1132.185,manual,Manual cook,temp,2100,401.0,82.18,inkbird_lowest_internal,,1,100,82.93,82.64,82.51,82.18,78.8,82.93,82.64,82.51,82.18,78.8,1,400.0,0.0,0.0,0,NONE
2026-09-29T18:47:36.290+00:00,1133.185,manual,Manual cook,temp,2100,401.0,82.18,inkbird_lowest_internal,,1,100,82.93,82.64,82.51,82.18,78.8,82.93,82.64,82.51,82.18,78.8,1,400.0,0.0,0.0,0,NONE
2026-09-29T18:47:37.290+00:00,1134.185,manual,Manual cook,temp,2100,400.5,82.18,inkbird_lowest_internal,,1,100,82.97,82.64,82.51,82.18,78.8,82.97,82.64,82.51,82.18,78.8,1,400.0,13.0,0.0,0,NONE
2026-09-29T18:47:38.290+00:00,1135.185,manual,Manual cook,temp,2100,400.5,82.18,inkbird_lowest_internal,,1,100,82.97,82.64,82.51,82.18,78.8,82.97,82.64,82.51,82.18,78.8,1,400.0,5.0,0.0,0,NONE
2026-09-29T18:47:38.791+00:00,1135.686,manual,Manual cook,temp,2100,400.5,82.29,inkbird_lowest_internal,,1,100,83.04,82.64,82.6,82.29,78.8,83.04,82.64,82.6,82.29,78.8,1,400.0,13.0,0.0,0,NONE
2026-09-29T18:47:39.790+00:00,1136.685,manual,Manual cook,temp,2100,400.5,82.29,inkbird_lowest_internal,,1,100,83.04,82.64,82.6,82.29,78.8,83.04,82.64,82.6,82.29,78.8,1,400.0,9.0,0.0,0,NONE
2026-09-29T18:47:40.290+00:00,1137.185,manual,Manual cook,temp,2100,399.6,82.29,inkbird_lowest_internal,,1,100,83.04,82.64,82.6,82.29,78.8,83.04,82.64,82.6,82.29,78.8,1,400.0,22.0,0.0,0,NONE
2026-09-29T18:47:40.790+00:00,1137.685,manual,Manual cook,temp,2100,401.5,82.36,inkbird_lowest_internal,,1,100,83.05,82.75,82.61,82.36,78.8,83.05,82.75,82.61,82.36,78.8,1,400.0,0.0,0.0,0,NONE
2026-09-29T18:47:41.790+00:00,1138.685,manual,Manual cook,temp,2100,400.5,82.36,inkbird_lowest_internal,,1,100,83.05,82.75,82.61,82.36,78.8,83.05,82.75,82.61,82.36,78.8,1,400.0,9.0,0.0,0,NONE
2026-09-29T18:47:42.290+00:00,1139.185,manual,Manual cook,temp,2100,401.0,82.36,inkbird_lowest_internal,,1,100,83.05,82.75,82.61,82.36,78.8,83.05,82.75,82.61,82.36,78.8,1,400.0,0.0,0.0,0,NONE
2026-09-29T18:47:43.290+00:00,1140.185,manual,Manual cook,temp,2100,400.1,82.36,inkbird_lowest_internal,,1,100,83.06,82.75,82.63,82.36,78.8,83.06,82.75,82.63,82.36,78.8,1,400.0,21.0,0.0,0,NONE
2026-09-29T18:47:44.290+00:00,1141.185,manual,Manual cook,temp,2100,401.0,82.36,inkbird_lowest_internal,,1,100,83.06,82.75,82.63,82.36,78.8,83.06,82.75,82.63,82.36,78.8,1,400.0,5.0,0.0,0,NONE
2026-09-29T18:47:45.290+00:00,1142.185,manual,Manual cook,temp,2100,400.5,82.36,inkbird_lowest_internal,,1,100,83.08,82.75,82.63,82.36,78.8,83.08,82.75,82.63,82.36,78.8,1,400.0,9.0,0.0,0,NONE
2026-09-29T18:47:46.290+00:00,1143.185,manual,Manual cook,temp,2100,401.0,82.36,inkbird_lowest_internal,,1,100,83.08,82.75,82.63,82.36,78.8,83.08,82.75,82.63,82.36,78.8,1,400.0,0.0,0.0,0,NONE
2026-09-29T18:47:47.290+00:00,1144.185,manual,Manual cook,temp,2100,401.0,82.36,inkbird_lowest_internal,,1,100,83.08,82.75,82.63,82.36,78.8,83.08,82.75,82.63,82.36,78.8,1,400.0,0.0,0.0,0,NONE
2026-09-29T18:47:48.290+00:00,1145.185,manual,Manual cook,temp,2100,399.6,82.36,inkbird_lowest_internal,,1,100,83.08,82.75,82.63,82.36,78.8,83.08,82.75,82.63,82.36,78.8,1,400.0,22.0,0.0,0,NONE
2026-09-29T18:47:49.289+00:00,1146.185,manual,Manual cook,temp,2100,401.5,82.39,inkbird_lowest_internal,,1,100,83.15,82.75,82.72,82.39,78.8,83.15,82.75,82.72,82.39,78.8,1,400.0,0.0,0.0,0,NONE
2026-09-29T18:47:50.290+00:00,1147.185,manual,Manual cook,temp,2100,399.6,82.39,inkbird_lowest_internal,,1,100,83.15,82.75,82.72,82.39,78.8,83.15,82.75,82.72,82.39,78.8,1,400.0,13.0,0.0,0,NONE
2026-09-29T18:47:51.290+00:00,1148.185,manual,Manual cook,temp,2100,401.0,82.46,inkbird_lowest_internal,,1,100,83.16,82.87,82.72,82.46,78.8,83.16,82.87,82.72,82.46,78.8,1,400.0,0.0,0.0,0,NONE
2026-09-29T18:47:52.290+00:00,1149.185,manual,Manual cook,temp,2100,401.5,82.46,inkbird_lowest_internal,,1,100,83.16,82.87,82.72,82.46,78.8,83.16,82.87,82.72,82.46,78.8,1,400.0,0.0,0.0,0,NONE
2026-09-29T18:47:53.289+00:00,1150.184,manual,Manual cook,temp,2100,401.0,82.46,inkbird_lowest_internal,,1,100,83.17,82.87,82.74,82.46,78.8,83.17,82.87,82.74,82.46,78.8,1,400.0,5.0,0.0,0,NONE
2026-09-29T18:47:53.789+00:00,1150.685,manual,Manual cook,temp,2100,400.5,82.46,inkbird_lowest_internal,,1,100,83.17,82.87,82.74,82.46,78.8,83.17,82.87,82.74,82.46,78.8,1,400.0,13.0,0.0,0,NONE
2026-09-29T18:47:54.290+00:00,1151.185,manual,Manual cook,temp,2100,401.0,82.46,inkbird_lowest_internal,,1,100,83.17,82.87,82.74,82.46,78.8,83.17,82.87,82.74,82.46,78.8,1,400.0,0.0,0.0,0,NONE
2026-09-29T18:47:55.289+00:00,1152.184,manual,Manual cook,temp,2100,401.0,82.46,inkbird_lowest_internal,,1,100,83.19,82.87,82.74,82.46,78.8,83.19,82.87,82.74,82.46,78.8,1,400.0,0.0,0.0,0,NONE
2026-09-29T18:47:56.289+00:00,1153.184,manual,Manual cook,temp,2100,400.1,82.46,inkbird_lowest_internal,,1,100,83.19,82.87,82.74,82.46,78.8,83.19,82.87,82.74,82.46,78.8,1,400.0,0.0,0.0,0,NONE
2026-09-29T18:47:57.289+00:00,1154.185,manual,Manual cook,temp,2100,401.0,82.51,inkbird_lowest_internal,,1,100,83.26,82.87,82.81,82.51,78.8,83.26,82.87,82.81,82.51,78.8,1,400.0,0.0,0.0,0,NONE
2026-09-29T18:47:58.289+00:00,1155.184,manual,Manual cook,temp,2100,401.5,82.51,inkbird_lowest_internal,,1,100,83.26,82.87,82.81,82.51,78.8,83.26,82.87,82.81,82.51,78.8,1,400.0,0.0,0.0,0,NONE
2026-09-29T18:47:58.789+00:00,1155.684,manual,Manual cook,temp,2100,401.0,82.57,inkbird_lowest_internal,,1,100,83.27,82.98,82.83,82.57,78.8,83.27,82.98,82.83,82.57,78.8,1,400.0,9.0,0.0,0,NONE
2026-09-29T18:47:59.790+00:00,1156.685,manual,Manual cook,temp,2100,400.5,82.57,inkbird_lowest_internal,,1,100,83.27,82.98,82.83,82.57,78.8,83.27,82.98,82.83,82.57,78.8,1,400.0,13.0,0.0,0,NONE
2026-09-29T18:48:00.789+00:00,1157.684,manual,Manual cook,temp,2100,401.0,82.57,inkbird_lowest_internal,,1,100,83.28,82.98,82.84,82.57,78.8,83.28,82.98,82.84,82.57,78.8,1,400.0,6.0,0.0,0,NONE
2026-09-29T18:48:01.789+00:00,1158.684,manual,Manual cook,temp,2100,401.0,82.57,inkbird_lowest_internal,,1,100,83.28,82.98,82.84,82.57,78.8,83.28,82.98,82.84,82.57,78.8,1,400.0,9.0,0.0,0,NONE
2026-09-29T18:48:02.789+00:00,1159.684,manual,Manual cook,temp,2100,400.1,82.57,inkbird_lowest_internal,,1,100,83.28,82.98,82.84,82.57,78.8,83.28,82.98,82.84,82.57,78.8,1,400.0,9.0,0.0,0,NONE
2026-09-29T18:48:03.289+00:00,1160.184,manual,Manual cook,temp,2100,400.1,82.57,inkbird_lowest_internal,,1,100,83.28,82.98,82.84,82.57,78.8,83.28,82.98,82.84,82.57,78.8,1,400.0,0.0,0.0,0,NONE
2026-09-29T18:48:04.289+00:00,1161.184,manual,Manual cook,temp,2100,401.5,82.57,inkbird_lowest_internal,,1,100,83.28,82.98,82.84,82.57,78.8,83.28,82.98,82.84,82.57,78.8,1,400.0,0.0,0.0,0,NONE
2026-09-29T18:48:05.290+00:00,1162.185,manual,Manual cook,temp,2100,401.0,82.57,inkbird_lowest_internal,,1,100,83.3,82.98,82.84,82.57,78.8,83.3,82.98,82.84,82.57,78.8,1,400.0,5.0,0.0,0,NONE
2026-09-29T18:48:06.289+00:00,1163.184,manual,Manual cook,temp,2100,400.5,82.57,inkbird_lowest_internal,,1,100,83.3,82.98,82.84,82.57,78.8,83.3,82.98,82.84,82.57,78.8,1,400.0,13.0,0.0,0,NONE
2026-09-29T18:48:07.289+00:00,1164.184,manual,Manual cook,temp,2100,399.6,82.57,inkbird_lowest_internal,,1,100,83.3,82.98,82.84,82.57,78.8,83.3,82.98,82.84,82.57,78.8,1,400.0,9.0,0.0,0,NONE
2026-09-29T18:48:08.289+00:00,1165.184,manual,Manual cook,temp,2100,401.0,82.57,inkbird_lowest_internal,,1,100,83.3,82.98,82.84,82.57,78.8,83.3,82.98,82.84,82.57,78.8,1,400.0,9.0,0.0,0,NONE
2026-09-29T18:48:08.789+00:00,1165.684,manual,Manual cook,temp,2100,401.5,82.63,inkbird_lowest_internal,,1,100,83.38,83.09,82.95,82.63,78.8,83.38,83.09,82.95,82.63,78.8,1,400.0,0.0,0.0,0,NONE
2026-09-29T18:48:09.789+00:00,1166.684,manual,Manual cook,temp,2100,401.0,82.63,inkbird_lowest_internal,,1,100,83.38,83.09,82.95,82.63,78.8,83.38,83.09,82.95,82.63,78.8,1,400.0,12.0,0.0,0,NONE
2026-09-29T18:48:10.789+00:00,1167.684,manual,Manual cook,temp,2100,401.0,82.63,inkbird_lowest_internal,,1,100,83.38,83.09,82.95,82.63,78.8,83.38,83.09,82.95,82.63,78.8,1,400.0,5.0,0.0,0,NONE
2026-09-29T18:48:11.289+00:00,1168.184,manual,Manual cook,temp,2100,401.0,82.63,inkbird_lowest_internal,,1,100,83.38,83.09,82.95,82.63,78.8,83.38,83.09,82.95,82.63,78.8,1,400.0,5.0,0.0,0,NONE
2026-09-29T18:48:12.289+00:00,1169.184,manual,Manual cook,temp,2100,401.0,82.63,inkbird_lowest_internal,,1,100,83.38,83.09,82.95,82.63,78.8,83.38,83.09,82.95,82.63,78.8,1,400.0,5.0,0.0,0,NONE
2026-09-29T18:48:13.289+00:00,1170.184,manual,Manual cook,temp,2100,401.0,82.63,inkbird_lowest_internal,,1,100,83.38,83.09,82.95,82.63,78.8,83.38,83.09,82.95,82.63,78.8,1,400.0,4.0,0.0,0,NONE
2026-09-29T18:48:13.789+00:00,1170.684,manual,Manual cook,temp,2100,401.0,82.63,inkbird_lowest_internal,,1,100,83.38,83.09,82.95,82.63,78.8,83.38,83.09,82.95,82.63,78.8,1,400.0,13.0,0.0,0,NONE
2026-09-29T18:48:14.789+00:00,1171.684,manual,Manual cook,temp,2100,401.5,82.63,inkbird_lowest_internal,,1,100,83.41,83.09,82.95,82.63,78.8,83.41,83.09,82.95,82.63,78.8,1,400.0,0.0,0.0,0,NONE
2026-09-29T18:48:15.790+00:00,1172.685,manual,Manual cook,temp,2100,402.4,82.63,inkbird_lowest_internal,,1,100,83.41,83.09,82.95,82.63,78.8,83.41,83.09,82.95,82.63,78.8,1,400.0,0.0,0.0,0,NONE
2026-09-29T18:48:16.789+00:00,1173.684,manual,Manual cook,temp,2100,402.4,82.74,inkbird_lowest_internal,,1,100,83.47,83.19,83.04,82.74,78.8,83.47,83.19,83.04,82.74,78.8,1,400.0,0.0,0.0,0,NONE
2026-09-29T18:48:17.789+00:00,1174.684,manual,Manual cook,temp,2100,401.9,82.74,inkbird_lowest_internal,,1,100,83.47,83.19,83.04,82.74,78.8,83.47,83.19,83.04,82.74,78.8,1,400.0,10.0,0.0,0,NONE
2026-09-29T18:48:18.789+00:00,1175.684,manual,Manual cook,temp,2100,402.8,82.74,inkbird_lowest_internal,,1,100,83.47,83.19,83.04,82.74,78.8,83.47,83.19,83.04,82.74,78.8,1,400.0,0.0,0.0,0,NONE
2026-09-29T18:48:19.289+00:00,1176.184,manual,Manual cook,temp,2100,402.8,82.74,inkbird_lowest_internal,,1,100,83.47,83.19,83.04,82.74,78.8,83.47,83.19,83.04,82.74,78.8,1,400.0,1.0,0.0,0,NONE
2026-09-29T18:48:19.789+00:00,1176.684,manual,Manual cook,temp,2100,401.5,82.74,inkbird_lowest_internal,,1,100,83.47,83.19,83.04,82.74,78.8,83.47,83.19,83.04,82.74,78.8,1,400.0,25.0,0.0,0,NONE
2026-09-29T18:48:20.789+00:00,1177.684,manual,Manual cook,temp,2100,402.4,82.74,inkbird_lowest_internal,,1,100,83.5,83.19,83.07,82.74,78.8,83.5,83.19,83.07,82.74,78.8,1,400.0,2.0,0.0,0,NONE
2026-09-29T18:48:21.289+00:00,1178.184,manual,Manual cook,temp,2100,401.9,82.74,inkbird_lowest_internal,,1,100,83.5,83.19,83.07,82.74,78.8,83.5,83.19,83.07,82.74,78.8,1,400.0,10.0,0.0,0,NONE
2026-09-29T18:48:22.289+00:00,1179.184,manual,Manual cook,temp,2100,402.4,82.74,inkbird_lowest_internal,,1,100,83.5,83.19,83.07,82.74,78.8,83.5,83.19,83.07,82.74,78.8,1,400.0,2.0,0.0,0,NONE
2026-09-29T18:48:23.289+00:00,1180.184,manual,Manual cook,temp,2100,401.5,82.74,inkbird_lowest_internal,,1,100,83.5,83.19,83.07,82.74,78.8,83.5,83.19,83.07,82.74,78.8,1,400.0,18.0,0.0,0,NONE
2026-09-29T18:48:24.289+00:00,1181.184,manual,Manual cook,temp,2100,401.9,82.74,inkbird_lowest_internal,,1,100,83.5,83.19,83.07,82.74,78.8,83.5,83.19,83.07,82.74,78.8,1,400.0,0.0,0.0,0,NONE
2026-09-29T18:48:25.289+00:00,1182.184,manual,Manual cook,temp,2100,401.5,82.74,inkbird_lowest_internal,,1,100,83.52,83.19,83.07,82.74,78.8,83.52,83.19,83.07,82.74,78.8,1,400.0,19.0,0.0,0,NONE
2026-09-29T18:48:26.289+00:00,1183.184,manual,Manual cook,temp,2100,401.5,82.74,inkbird_lowest_internal,,1,100,83.52,83.19,83.07,82.74,78.8,83.52,83.19,83.07,82.74,78.8,1,400.0,3.0,0.0,0,NONE
2026-09-29T18:48:27.289+00:00,1184.184,manual,Manual cook,temp,2100,401.9,82.84,inkbird_lowest_internal,,1,100,83.58,83.3,83.15,82.84,80.6,83.58,83.3,83.15,82.84,80.6,1,400.0,0.0,0.0,0,NONE
2026-09-29T18:48:27.789+00:00,1184.684,manual,Manual cook,temp,2100,401.0,82.84,inkbird_lowest_internal,,1,100,83.58,83.3,83.15,82.84,80.6,83.58,83.3,83.15,82.84,80.6,1,400.0,9.0,0.0,0,NONE
2026-09-29T18:48:28.789+00:00,1185.684,manual,Manual cook,temp,2100,401.5,82.84,inkbird_lowest_internal,,1,100,83.59,83.3,83.18,82.84,80.6,83.59,83.3,83.18,82.84,80.6,1,400.0,0.0,0.0,0,NONE
2026-09-29T18:48:29.289+00:00,1186.184,manual,Manual cook,temp,2100,401.0,82.84,inkbird_lowest_internal,,1,100,83.59,83.3,83.18,82.84,80.6,83.59,83.3,83.18,82.84,80.6,1,400.0,9.0,0.0,0,NONE
2026-09-29T18:48:29.789+00:00,1186.684,manual,Manual cook,temp,2100,401.0,82.84,inkbird_lowest_internal,,1,100,83.59,83.3,83.18,82.84,80.6,83.59,83.3,83.18,82.84,80.6,1,400.0,0.0,0.0,0,NONE
2026-09-29T18:48:30.789+00:00,1187.684,manual,Manual cook,temp,2100,401.0,82.84,inkbird_lowest_internal,,1,100,83.59,83.3,83.18,82.84,80.6,83.59,83.3,83.18,82.84,80.6,1,400.0,0.0,0.0,0,NONE
2026-09-29T18:48:31.290+00:00,1188.185,manual,Manual cook,temp,2100,400.5,82.84,inkbird_lowest_internal,,1,100,83.59,83.3,83.18,82.84,80.6,83.59,83.3,83.18,82.84,80.6,1,400.0,9.0,0.0,0,NONE
2026-09-29T18:48:32.289+00:00,1189.184,manual,Manual cook,temp,2100,400.1,82.84,inkbird_lowest_internal,,1,100,83.59,83.3,83.18,82.84,80.6,83.59,83.3,83.18,82.84,80.6,1,400.0,13.0,0.0,0,NONE
2026-09-29T18:48:33.289+00:00,1190.184,manual,Manual cook,temp,2100,400.5,82.94,inkbird_lowest_internal,,1,100,83.6,83.3,83.26,82.94,80.6,83.6,83.3,83.26,82.94,80.6,1,400.0,0.0,0.0,0,NONE
2026-09-29T18:48:34.289+00:00,1191.184,manual,Manual cook,temp,2100,400.5,82.94,inkbird_lowest_internal,,1,100,83.6,83.3,83.26,82.94,80.6,83.6,83.3,83.26,82.94,80.6,1,400.0,9.0,0.0,0,NONE
2026-09-29T18:48:35.289+00:00,1192.184,manual,Manual cook,temp,2100,399.6,82.94,inkbird_lowest_internal,,1,100,83.6,83.3,83.26,82.94,80.6,83.6,83.3,83.26,82.94,80.6,1,400.0,21.0,0.0,0,NONE
2026-09-29T18:48:36.289+00:00,1193.184,manual,Manual cook,temp,2100,400.1,82.94,inkbird_lowest_internal,,1,100,83.6,83.3,83.26,82.94,80.6,83.6,83.3,83.26,82.94,80.6,1,400.0,0.0,0.0,0,NONE
2026-09-29T18:48:36.789+00:00,1193.684,manual,Manual cook,temp,2100,400.5,83.0,inkbird_lowest_internal,,1,100,83.62,83.41,83.27,83.0,80.6,83.62,83.41,83.27,83.0,80.6,1,400.0,0.0,0.0,0,NONE
2026-09-29T18:48:37.789+00:00,1194.684,manual,Manual cook,temp,2100,401.0,83.0,inkbird_lowest_internal,,1,100,83.62,83.41,83.27,83.0,80.6,83.62,83.41,83.27,83.0,80.6,1,400.0,0.0,0.0,0,NONE
2026-09-29T18:48:38.289+00:00,1195.184,manual,Manual cook,temp,2100,401.0,83.0,inkbird_lowest_internal,,1,100,83.62,83.41,83.27,83.0,80.6,83.62,83.41,83.27,83.0,80.6,1,400.0,4.0,0.0,0,NONE
2026-09-29T18:48:38.789+00:00,1195.684,manual,Manual cook,temp,2100,400.1,83.0,inkbird_lowest_internal,,1,100,83.64,83.41,83.29,83.0,80.6,83.64,83.41,83.29,83.0,80.6,1,400.0,12.0,0.0,0,NONE
2026-09-29T18:48:39.289+00:00,1196.184,manual,Manual cook,temp,2100,400.5,83.0,inkbird_lowest_internal,,1,100,83.64,83.41,83.29,83.0,80.6,83.64,83.41,83.29,83.0,80.6,1,400.0,13.0,0.0,0,NONE
2026-09-29T18:48:40.289+00:00,1197.184,manual,Manual cook,temp,2100,401.0,83.0,inkbird_lowest_internal,,1,100,83.64,83.41,83.29,83.0,80.6,83.64,83.41,83.29,83.0,80.6,1,400.0,0.0,0.0,0,NONE
2026-09-29T18:48:41.289+00:00,1198.184,manual,Manual cook,temp,2100,400.5,83.0,inkbird_lowest_internal,,1,100,83.64,83.41,83.29,83.0,80.6,83.64,83.41,83.29,83.0,80.6,1,400.0,5.0,0.0,0,NONE
2026-09-29T18:48:41.789+00:00,1198.684,manual,Manual cook,temp,2100,400.5,83.0,inkbird_lowest_internal,,1,100,83.64,83.41,83.29,83.0,80.6,83.64,83.41,83.29,83.0,80.6,1,400.0,29.0,0.0,0,NONE
2026-09-29T18:48:42.289+00:00,1199.184,manual,Manual cook,temp,2100,400.5,83.0,inkbird_lowest_internal,,1,100,83.64,83.41,83.29,83.0,80.6,83.64,83.41,83.29,83.0,80.6,1,400.0,0.0,0.0,0,NONE
2026-09-29T18:48:43.289+00:00,1200.184,manual,Manual cook,temp,2100,400.5,83.0,inkbird_lowest_internal,,1,100,83.64,83.41,83.29,83.0,80.6,83.64,83.41,83.29,83.0,80.6,1,400.0,0.0,0.0,0,NONE
2026-09-29T18:48:44.289+00:00,1201.184,manual,Manual cook,temp,2100,400.5,83.0,inkbird_lowest_internal,,1,100,83.64,83.41,83.29,83.0,80.6,83.64,83.41,83.29,83.0,80.6,1,400.0,0.0,0.0,0,NONE
2026-09-29T18:48:45.289+00:00,1202.184,manual,Manual cook,temp,2100,399.6,83.05,inkbird_lowest_internal,,1,100,83.75,83.51,83.39,83.05,80.6,83.75,83.51,83.39,83.05,80.6,1,400.0,5.0,0.0,0,NONE
2026-09-29T18:48:45.789+00:00,1202.684,manual,Manual cook,temp,2100,399.6,83.05,inkbird_lowest_internal,,1,100,83.75,83.51,83.39,83.05,80.6,83.75,83.51,83.39,83.05,80.6,1,400.0,21.0,0.0,0,NONE
2026-09-29T18:48:46.788+00:00,1203.684,manual,Manual cook,temp,2100,400.5,83.05,inkbird_lowest_internal,,1,100,83.82,83.51,83.39,83.05,80.6,83.82,83.51,83.39,83.05,80.6,1,400.0,5.0,0.0,0,NONE
2026-09-29T18:48:47.789+00:00,1204.684,manual,Manual cook,temp,2100,399.6,83.05,inkbird_lowest_internal,,1,100,83.82,83.51,83.39,83.05,80.6,83.82,83.51,83.39,83.05,80.6,1,400.0,21.0,0.0,0,NONE
2026-09-29T18:48:48.788+00:00,1205.683,manual,Manual cook,temp,2100,399.2,83.05,inkbird_lowest_internal,,1,100,83.82,83.51,83.39,83.05,80.6,83.82,83.51,83.39,83.05,80.6,1,400.0,8.0,0.0,0,NONE
2026-09-29T18:48:50.289+00:00,1207.184,manual,Manual cook,temp,2100,400.5,83.05,inkbird_lowest_internal,,1,100,83.82,83.51,83.39,83.05,80.6,83.82,83.51,83.39,83.05,80.6,1,400.0,0.0,0.0,0,NONE
2026-09-29T18:48:50.789+00:00,1207.684,manual,Manual cook,temp,2100,400.5,83.05,inkbird_lowest_internal,,1,100,83.82,83.51,83.39,83.05,80.6,83.82,83.51,83.39,83.05,80.6,1,400.0,9.0,0.0,0,NONE
2026-09-29T18:48:51.788+00:00,1208.683,manual,Manual cook,temp,2100,401.0,83.05,inkbird_lowest_internal,,1,100,83.82,83.51,83.39,83.05,80.6,83.82,83.51,83.39,83.05,80.6,1,400.0,9.0,0.0,0,NONE
2026-09-29T18:48:52.289+00:00,1209.184,manual,Manual cook,temp,2100,400.5,83.05,inkbird_lowest_internal,,1,100,83.82,83.51,83.39,83.05,80.6,83.82,83.51,83.39,83.05,80.6,1,400.0,20.0,0.0,0,NONE
2026-09-29T18:48:53.288+00:00,1210.183,manual,Manual cook,temp,2100,401.0,83.16,inkbird_lowest_internal,,1,100,83.86,83.61,83.48,83.16,80.6,83.86,83.61,83.48,83.16,80.6,1,400.0,0.0,0.0,0,NONE
2026-09-29T18:48:53.788+00:00,1210.684,manual,Manual cook,temp,2100,400.5,83.16,inkbird_lowest_internal,,1,100,83.86,83.61,83.48,83.16,80.6,83.86,83.61,83.48,83.16,80.6,1,400.0,9.0,0.0,0,NONE
2026-09-29T18:48:54.289+00:00,1211.184,manual,Manual cook,temp,2100,401.0,83.16,inkbird_lowest_internal,,1,100,83.86,83.61,83.48,83.16,80.6,83.86,83.61,83.48,83.16,80.6,1,400.0,13.0,0.0,0,NONE
2026-09-29T18:48:55.288+00:00,1212.183,manual,Manual cook,temp,2100,401.0,83.16,inkbird_lowest_internal,,1,100,83.86,83.61,83.48,83.16,80.6,83.86,83.61,83.48,83.16,80.6,1,400.0,4.0,0.0,0,NONE
2026-09-29T18:48:55.788+00:00,1212.683,manual,Manual cook,temp,2100,400.5,83.16,inkbird_lowest_internal,,1,100,83.86,83.61,83.48,83.16,80.6,83.86,83.61,83.48,83.16,80.6,1,400.0,12.0,0.0,0,NONE
2026-09-29T18:48:56.788+00:00,1213.683,manual,Manual cook,temp,2100,400.1,83.16,inkbird_lowest_internal,,1,100,83.95,83.61,83.5,83.16,80.6,83.95,83.61,83.5,83.16,80.6,1,400.0,13.0,0.0,0,NONE
