timestamp_utc,elapsed_s,cook_type,cook_name,mode,fan_speed_rpm,chamber_temp_f,effective_probe_temp_f,probe_source,esp32_probe_temp_f,inkbird_connected,inkbird_battery_pct,inkbird_internal_1_f,inkbird_internal_2_f,inkbird_internal_3_f,inkbird_internal_4_f,inkbird_ambient_f,inkbird_internal_1_raw_f,inkbird_internal_2_raw_f,inkbird_internal_3_raw_f,inkbird_internal_4_raw_f,inkbird_ambient_raw_f,drawer_closed,set_temperature_f,top_heater_duty_pct,bottom_heater_duty_pct,paused,fault
2026-10-05T16:11:04.330+00:00,0.007,manual,Manual cook,temp,0,73.4,,esp32,,0,,,,,,,,,,,,1,445.0,0.0,0.0,0,NONE
2026-10-05T16:11:05.062+00:00,0.739,manual,Manual cook,temp,2100,73.4,,esp32,,0,,,,,,,,,,,,1,445.0,29.0,100.0,0,NONE
2026-10-05T16:11:05.562+00:00,1.239,manual,Manual cook,temp,2100,73.8,,esp32,,0,,,,,,,,,,,,1,445.0,49.0,100.0,0,NONE
2026-10-05T16:11:06.562+00:00,2.239,manual,Manual cook,temp,2100,73.8,,esp32,,0,,,,,,,,,,,,1,445.0,89.0,100.0,0,NONE
2026-10-05T16:11:07.062+00:00,2.739,manual,Manual cook,temp,2100,74.3,,esp32,,0,,,,,,,,,,,,1,445.0,100.0,100.0,0,NONE
2026-10-05T16:11:07.562+00:00,3.239,manual,Manual cook,temp,2100,74.7,,esp32,,0,,,,,,,,,,,,1,445.0,100.0,100.0,0,NONE
2026-10-05T16:11:08.562+00:00,4.239,manual,Manual cook,temp,2100,74.7,,esp32,,0,,,,,,,,,,,,1,445.0,100.0,100.0,0,NONE
2026-10-05T16:11:09.562+00:00,5.239,manual,Manual cook,temp,2100,76.1,,esp32,,0,,,,,,,,,,,,1,445.0,100.0,100.0,0,NONE
2026-10-05T16:11:10.562+00:00,6.239,manual,Manual cook,temp,2100,77.4,,esp32,,0,,,,,,,,,,,,1,445.0,100.0,100.0,0,NONE
2026-10-05T16:11:11.562+00:00,7.239,manual,Manual cook,temp,2100,77.9,,esp32,,0,,,,,,,,,,,,1,445.0,100.0,100.0,0,NONE
2026-10-05T16:11:12.561+00:00,8.239,manual,Manual cook,temp,2100,79.2,,esp32,,0,,,,,,,,,,,,1,445.0,100.0,100.0,0,NONE
2026-10-05T16:11:13.562+00:00,9.239,manual,Manual cook,temp,2100,81.5,,esp32,,0,,,,,,,,,,,,1,445.0,100.0,100.0,0,NONE
2026-10-05T16:11:14.561+00:00,10.239,manual,Manual cook,temp,2100,82.8,,esp32,,0,,,,,,,,,,,,1,445.0,100.0,100.0,0,NONE
2026-10-05T16:11:15.561+00:00,11.239,manual,Manual cook,temp,2100,83.7,,esp32,,0,,,,,,,,,,,,1,445.0,100.0,100.0,0,NONE
2026-10-05T16:11:16.561+00:00,12.239,manual,Manual cook,temp,2100,86.9,,esp32,,0,,,,,,,,,,,,1,445.0,100.0,100.0,0,NONE
2026-10-05T16:11:17.561+00:00,13.239,manual,Manual cook,temp,2100,87.8,,esp32,,0,,,,,,,,,,,,1,445.0,100.0,100.0,0,NONE
2026-10-05T16:11:18.561+00:00,14.239,manual,Manual cook,temp,2100,89.6,,esp32,,0,,,,,,,,,,,,1,445.0,100.0,100.0,0,NONE
2026-10-05T16:11:19.061+00:00,14.739,manual,Manual cook,temp,2100,90.5,,esp32,,0,,,,,,,,,,,,1,445.0,100.0,100.0,0,NONE
2026-10-05T16:11:20.061+00:00,15.739,manual,Manual cook,temp,2100,92.7,,esp32,,0,,,,,,,,,,,,1,445.0,100.0,100.0,0,NONE
2026-10-05T16:11:20.561+00:00,16.239,manual,Manual cook,temp,2100,94.1,,esp32,,0,,,,,,,,,,,,1,445.0,100.0,100.0,0,NONE
2026-10-05T16:11:21.561+00:00,17.239,manual,Manual cook,temp,2100,98.2,,esp32,,0,,,,,,,,,,,,1,445.0,100.0,100.0,0,NONE
2026-10-05T16:11:22.561+00:00,18.239,manual,Manual cook,temp,2100,99.1,,esp32,,0,,,,,,,,,,,,1,445.0,100.0,100.0,0,NONE
2026-10-05T16:11:23.061+00:00,18.739,manual,Manual cook,temp,2100,100.8,,esp32,,0,,,,,,,,,,,,1,445.0,100.0,100.0,0,NONE
2026-10-05T16:11:24.061+00:00,19.739,manual,Manual cook,temp,2100,102.2,,esp32,,0,,,,,,,,,,,,1,445.0,100.0,100.0,0,NONE
2026-10-05T16:11:24.561+00:00,20.239,manual,Manual cook,temp,2100,103.1,,esp32,,0,,,,,,,,,,,,1,445.0,100.0,100.0,0,NONE
2026-10-05T16:11:25.061+00:00,20.739,manual,Manual cook,temp,2100,106.2,,esp32,,0,,,,,,,,,,,,1,445.0,100.0,100.0,0,NONE
2026-10-05T16:11:26.061+00:00,21.739,manual,Manual cook,temp,2100,107.6,,esp32,,0,,,,,,,,,,,,1,445.0,100.0,100.0,0,NONE
2026-10-05T16:11:26.561+00:00,22.239,manual,Manual cook,temp,2100,110.3,,esp32,,0,,,,,,,,,,,,1,445.0,100.0,100.0,0,NONE
2026-10-05T16:11:27.061+00:00,22.739,manual,Manual cook,temp,2100,110.3,,esp32,,0,,,,,,,,,,,,1,445.0,100.0,100.0,0,NONE
2026-10-05T16:11:28.061+00:00,23.739,manual,Manual cook,temp,2100,113.0,,esp32,,0,,,,,,,,,,,,1,445.0,100.0,100.0,0,NONE
2026-10-05T16:11:29.061+00:00,24.738,manual,Manual cook,temp,2100,115.7,,esp32,,0,,,,,,,,,,,,1,445.0,100.0,100.0,0,NONE
2026-10-05T16:11:30.061+00:00,25.738,manual,Manual cook,temp,2100,118.8,,esp32,,0,,,,,,,,,,,,1,445.0,100.0,100.0,0,NONE
2026-10-05T16:11:31.061+00:00,26.738,manual,Manual cook,temp,2100,122.0,,esp32,,0,,,,,,,,,,,,1,445.0,100.0,100.0,0,NONE
2026-10-05T16:11:32.061+00:00,27.738,manual,Manual cook,temp,2100,123.3,,esp32,,0,,,,,,,,,,,,1,445.0,100.0,100.0,0,NONE
2026-10-05T16:11:32.561+00:00,28.239,manual,Manual cook,temp,2100,127.4,,esp32,,0,,,,,,,,,,,,1,445.0,100.0,100.0,0,NONE
2026-10-05T16:11:33.561+00:00,29.238,manual,Manual cook,temp,2100,130.1,,esp32,,0,,,,,,,,,,,,1,445.0,100.0,100.0,0,NONE
2026-10-05T16:11:34.561+00:00,30.238,manual,Manual cook,temp,2100,132.4,,esp32,,0,,,,,,,,,,,,1,445.0,100.0,100.0,0,NONE
2026-10-05T16:11:35.561+00:00,31.238,manual,Manual cook,temp,2100,134.6,,esp32,,0,,,,,,,,,,,,1,445.0,100.0,100.0,0,NONE
2026-10-05T16:11:36.061+00:00,31.738,manual,Manual cook,temp,2100,136.4,,esp32,,0,,,,,,,,,,,,1,445.0,100.0,100.0,0,NONE
2026-10-05T16:11:37.061+00:00,32.738,manual,Manual cook,temp,2100,139.6,,esp32,,0,,,,,,,,,,,,1,445.0,100.0,100.0,0,NONE
2026-10-05T16:11:38.061+00:00,33.738,manual,Manual cook,temp,2100,141.4,,esp32,,0,,,,,,,,,,,,1,445.0,100.0,100.0,0,NONE
2026-10-05T16:11:39.061+00:00,34.738,manual,Manual cook,temp,2100,145.4,,esp32,,0,,,,,,,,,,,,1,445.0,100.0,100.0,0,NONE
2026-10-05T16:11:39.561+00:00,35.238,manual,Manual cook,temp,2100,148.1,,esp32,,0,,,,,,,,,,,,1,445.0,100.0,100.0,0,NONE
2026-10-05T16:11:40.561+00:00,36.238,manual,Manual cook,temp,2100,149.4,,esp32,,0,,,,,,,,,,,,1,445.0,100.0,100.0,0,NONE
2026-10-05T16:11:41.061+00:00,36.738,manual,Manual cook,temp,2100,151.3,,esp32,,0,,,,,,,,,,,,1,445.0,100.0,100.0,0,NONE
2026-10-05T16:11:42.061+00:00,37.738,manual,Manual cook,temp,2100,153.5,,esp32,,0,,,,,,,,,,,,1,445.0,100.0,100.0,0,NONE
2026-10-05T16:11:42.561+00:00,38.238,manual,Manual cook,temp,2100,156.6,,esp32,,0,,,,,,,,,,,,1,445.0,100.0,100.0,0,NONE
2026-10-05T16:11:43.061+00:00,38.739,manual,Manual cook,temp,2100,156.6,,esp32,,0,,,,,,,,,,,,1,445.0,100.0,100.0,0,NONE
2026-10-05T16:11:44.061+00:00,39.738,manual,Manual cook,temp,2100,160.3,,esp32,,0,,,,,,,,,,,,1,445.0,100.0,100.0,0,NONE
2026-10-05T16:11:45.060+00:00,40.738,manual,Manual cook,temp,2100,162.9,,esp32,,0,,,,,,,,,,,,1,445.0,100.0,100.0,0,NONE
2026-10-05T16:11:45.561+00:00,41.238,manual,Manual cook,temp,2100,167.0,,esp32,,0,,,,,,,,,,,,1,445.0,100.0,100.0,0,NONE
2026-10-05T16:11:46.561+00:00,42.238,manual,Manual cook,temp,2100,169.7,,esp32,,0,,,,,,,,,,,,1,445.0,100.0,100.0,0,NONE
2026-10-05T16:11:47.561+00:00,43.238,manual,Manual cook,temp,2100,172.4,,esp32,,0,,,,,,,,,,,,1,445.0,100.0,100.0,0,NONE
2026-10-05T16:11:48.561+00:00,44.238,manual,Manual cook,temp,2100,174.6,,esp32,,0,,,,,,,,,,,,1,445.0,100.0,100.0,0,NONE
2026-10-05T16:11:49.560+00:00,45.238,manual,Manual cook,temp,2100,177.4,,esp32,,0,,,,,,,,,,,,1,445.0,100.0,100.0,0,NONE
2026-10-05T16:11:50.060+00:00,45.738,manual,Manual cook,temp,2100,180.5,,esp32,,0,,,,,,,,,,,,1,445.0,100.0,100.0,0,NONE
2026-10-05T16:11:51.060+00:00,46.738,manual,Manual cook,temp,2100,182.3,,esp32,,0,,,,,,,,,,,,1,445.0,100.0,100.0,0,NONE
2026-10-05T16:11:51.560+00:00,47.238,manual,Manual cook,temp,2100,184.1,,esp32,,0,,,,,,,,,,,,1,445.0,100.0,100.0,0,NONE
2026-10-05T16:11:52.560+00:00,48.238,manual,Manual cook,temp,2100,187.3,,esp32,,0,,,,,,,,,,,,1,445.0,100.0,100.0,0,NONE
2026-10-05T16:11:53.560+00:00,49.238,manual,Manual cook,temp,2100,191.8,,esp32,,0,,,,,,,,,,,,1,445.0,100.0,100.0,0,NONE
2026-10-05T16:11:54.060+00:00,49.738,manual,Manual cook,temp,2100,191.8,,esp32,,0,,,,,,,,,,,,1,445.0,100.0,100.0,0,NONE
2026-10-05T16:11:55.060+00:00,50.738,manual,Manual cook,temp,2100,194.0,,esp32,,0,,,,,,,,,,,,1,445.0,100.0,100.0,0,NONE
2026-10-05T16:11:56.060+00:00,51.738,manual,Manual cook,temp,2100,198.1,,esp32,,0,,,,,,,,,,,,1,445.0,100.0,100.0,0,NONE
2026-10-05T16:11:57.060+00:00,52.738,manual,Manual cook,temp,2100,200.8,,esp32,,0,,,,,,,,,,,,1,445.0,100.0,100.0,0,NONE
2026-10-05T16:11:58.060+00:00,53.738,manual,Manual cook,temp,2100,203.0,,esp32,,0,,,,,,,,,,,,1,445.0,100.0,100.0,0,NONE
2026-10-05T16:11:58.560+00:00,54.238,manual,Manual cook,temp,2100,205.3,,esp32,,0,,,,,,,,,,,,1,445.0,100.0,100.0,0,NONE
2026-10-05T16:11:59.560+00:00,55.238,manual,Manual cook,temp,2100,209.8,,esp32,,0,,,,,,,,,,,,1,445.0,100.0,100.0,0,NONE
2026-10-05T16:12:00.560+00:00,56.237,manual,Manual cook,temp,2100,211.6,,esp32,,0,,,,,,,,,,,,1,445.0,100.0,100.0,0,NONE
2026-10-05T16:12:01.560+00:00,57.237,manual,Manual cook,temp,2100,214.7,,esp32,,0,,,,,,,,,,,,1,445.0,100.0,100.0,0,NONE
2026-10-05T16:12:02.060+00:00,57.737,manual,Manual cook,temp,2100,218.3,,esp32,,0,,,,,,,,,,,,1,445.0,100.0,100.0,0,NONE
2026-10-05T16:12:03.060+00:00,58.737,manual,Manual cook,temp,2100,220.6,,esp32,,0,,,,,,,,,,,,1,445.0,100.0,100.0,0,NONE
2026-10-05T16:12:04.060+00:00,59.737,manual,Manual cook,temp,2100,222.8,,esp32,,0,,,,,,,,,,,,1,445.0,100.0,100.0,0,NONE
2026-10-05T16:12:05.060+00:00,60.738,manual,Manual cook,temp,2100,226.9,,esp32,,0,,,,,,,,,,,,1,445.0,100.0,100.0,0,NONE
2026-10-05T16:12:06.060+00:00,61.737,manual,Manual cook,temp,2100,229.6,,esp32,,0,,,,,,,,,,,,1,445.0,100.0,100.0,0,NONE
2026-10-05T16:12:07.060+00:00,62.737,manual,Manual cook,temp,2100,233.1,,esp32,,0,,,,,,,,,,,,1,445.0,100.0,100.0,0,NONE
2026-10-05T16:12:08.060+00:00,63.737,manual,Manual cook,temp,2100,235.4,,esp32,,0,,,,,,,,,,,,1,445.0,100.0,100.0,0,NONE
2026-10-05T16:12:09.060+00:00,64.737,manual,Manual cook,temp,2100,236.8,,esp32,,0,,,,,,,,,,,,1,445.0,100.0,100.0,0,NONE
2026-10-05T16:12:09.560+00:00,65.237,manual,Manual cook,temp,2100,239.0,,esp32,,0,,,,,,,,,,,,1,445.0,100.0,100.0,0,NONE
2026-10-05T16:12:10.060+00:00,65.737,manual,Manual cook,temp,2100,241.7,,esp32,,0,,,,,,,,,,,,1,445.0,100.0,100.0,0,NONE
2026-10-05T16:12:10.560+00:00,66.237,manual,Manual cook,temp,2100,241.7,,esp32,,0,,,,,,,,,,,,1,445.0,100.0,100.0,0,NONE
2026-10-05T16:12:11.560+00:00,67.237,manual,Manual cook,temp,2100,243.9,,esp32,,0,,,,,,,,,,,,1,445.0,100.0,100.0,0,NONE
2026-10-05T16:12:12.060+00:00,67.737,manual,Manual cook,temp,2100,246.2,,esp32,,0,,,,,,,,,,,,1,445.0,100.0,100.0,0,NONE
2026-10-05T16:12:13.060+00:00,68.737,manual,Manual cook,temp,2100,250.7,,esp32,,0,,,,,,,,,,,,1,445.0,100.0,100.0,0,NONE
2026-10-05T16:12:14.060+00:00,69.737,manual,Manual cook,temp,2100,252.9,,esp32,,0,,,,,,,,,,,,1,445.0,100.0,100.0,0,NONE
2026-10-05T16:12:15.060+00:00,70.737,manual,Manual cook,temp,2100,256.1,,esp32,,0,,,,,,,,,,,,1,445.0,100.0,100.0,0,NONE
2026-10-05T16:12:16.060+00:00,71.737,manual,Manual cook,temp,2100,258.8,,esp32,,0,,,,,,,,,,,,1,445.0,100.0,100.0,0,NONE
2026-10-05T16:12:17.059+00:00,72.737,manual,Manual cook,temp,2100,261.0,,esp32,,0,,,,,,,,,,,,1,445.0,100.0,100.0,0,NONE
2026-10-05T16:12:18.059+00:00,73.737,manual,Manual cook,temp,2100,265.1,,esp32,,0,,,,,,,,,,,,1,445.0,100.0,100.0,0,NONE
2026-10-05T16:12:19.059+00:00,74.737,manual,Manual cook,temp,2100,266.5,,esp32,,0,,,,,,,,,,,,1,445.0,100.0,100.0,0,NONE
2026-10-05T16:12:20.059+00:00,75.737,manual,Manual cook,temp,2100,268.7,,esp32,,0,,,,,,,,,,,,1,445.0,100.0,100.0,0,NONE
2026-10-05T16:12:20.559+00:00,76.237,manual,Manual cook,temp,2100,272.3,,esp32,,0,,,,,,,,,,,,1,445.0,100.0,100.0,0,NONE
2026-10-05T16:12:21.559+00:00,77.237,manual,Manual cook,temp,2100,273.2,,esp32,,0,,,,,,,,,,,,1,445.0,100.0,100.0,0,NONE
2026-10-05T16:12:22.059+00:00,77.737,manual,Manual cook,temp,2100,276.4,,esp32,,0,,,,,,,,,,,,1,445.0,100.0,100.0,0,NONE
2026-10-05T16:12:23.059+00:00,78.737,manual,Manual cook,temp,2100,278.1,,esp32,,0,,,,,,,,,,,,1,445.0,100.0,100.0,0,NONE
2026-10-05T16:12:24.059+00:00,79.737,manual,Manual cook,temp,2100,280.4,,esp32,,0,,,,,,,,,,,,1,445.0,100.0,100.0,0,NONE
2026-10-05T16:12:25.059+00:00,80.737,manual,Manual cook,temp,2100,283.5,,esp32,,0,,,,,,,,,,,,1,445.0,100.0,100.0,0,NONE
2026-10-05T16:12:25.559+00:00,81.237,manual,Manual cook,temp,2100,286.7,,esp32,,0,,,,,,,,,,,,1,445.0,100.0,100.0,0,NONE
2026-10-05T16:12:26.559+00:00,82.237,manual,Manual cook,temp,2100,286.3,,esp32,,0,,,,,,,,,,,,1,445.0,100.0,100.0,0,NONE
2026-10-05T16:12:27.559+00:00,83.237,manual,Manual cook,temp,2100,289.9,,esp32,,0,,,,,,,,,,,,1,445.0,100.0,100.0,0,NONE
2026-10-05T16:12:28.059+00:00,83.737,manual,Manual cook,temp,2100,292.5,,esp32,,0,,,,,,,,,,,,1,445.0,100.0,100.0,0,NONE
2026-10-05T16:12:29.059+00:00,84.737,manual,Manual cook,temp,2100,295.3,,esp32,,0,,,,,,,,,,,,1,445.0,100.0,100.0,0,NONE
2026-10-05T16:12:29.559+00:00,85.237,manual,Manual cook,temp,2100,296.6,,esp32,,0,,,,,,,,,,,,1,445.0,100.0,100.0,0,NONE
2026-10-05T16:12:30.559+00:00,86.237,manual,Manual cook,temp,2100,298.0,,esp32,,0,,,,,,,,,,,,1,445.0,100.0,100.0,0,NONE
2026-10-05T16:12:31.059+00:00,86.737,manual,Manual cook,temp,2100,302.0,,esp32,,0,,,,,,,,,,,,1,445.0,100.0,100.0,0,NONE
2026-10-05T16:12:32.059+00:00,87.736,manual,Manual cook,temp,2100,303.4,,esp32,,0,,,,,,,,,,,,1,445.0,100.0,100.0,0,NONE
2026-10-05T16:12:32.559+00:00,88.236,manual,Manual cook,temp,2100,306.5,,esp32,,0,,,,,,,,,,,,1,445.0,100.0,100.0,0,NONE
2026-10-05T16:12:33.559+00:00,89.236,manual,Manual cook,temp,2100,308.8,,esp32,,0,,,,,,,,,,,,1,445.0,100.0,100.0,0,NONE
2026-10-05T16:12:34.559+00:00,90.236,manual,Manual cook,temp,2100,311.0,,esp32,,0,,,,,,,,,,,,1,445.0,100.0,100.0,0,NONE
2026-10-05T16:12:35.559+00:00,91.236,manual,Manual cook,temp,2100,312.4,,esp32,,0,,,,,,,,,,,,1,445.0,100.0,100.0,0,NONE
2026-10-05T16:12:36.559+00:00,92.236,manual,Manual cook,temp,2100,315.5,,esp32,,0,,,,,,,,,,,,1,445.0,100.0,100.0,0,NONE
2026-10-05T16:12:37.059+00:00,92.736,manual,Manual cook,temp,2100,316.0,,esp32,,0,,,,,,,,,,,,1,445.0,100.0,100.0,0,NONE
2026-10-05T16:12:38.059+00:00,93.736,manual,Manual cook,temp,2100,319.1,,esp32,,0,,,,,,,,,,,,1,445.0,100.0,100.0,0,NONE
2026-10-05T16:12:38.559+00:00,94.236,manual,Manual cook,temp,2100,320.9,,esp32,,0,,,,,,,,,,,,1,445.0,100.0,100.0,0,NONE
2026-10-05T16:12:39.559+00:00,95.236,manual,Manual cook,temp,2100,322.7,,esp32,,0,,,,,,,,,,,,1,445.0,100.0,100.0,0,NONE
2026-10-05T16:12:40.559+00:00,96.236,manual,Manual cook,temp,2100,326.8,,esp32,,0,,,,,,,,,,,,1,445.0,100.0,100.0,0,NONE
2026-10-05T16:12:41.559+00:00,97.236,manual,Manual cook,temp,2100,327.6,,esp32,,0,,,,,,,,,,,,1,445.0,100.0,100.0,0,NONE
2026-10-05T16:12:42.559+00:00,98.236,manual,Manual cook,temp,2100,331.7,,esp32,,0,,,,,,,,,,,,1,445.0,100.0,100.0,0,NONE
2026-10-05T16:12:43.559+00:00,99.236,manual,Manual cook,temp,2100,333.5,,esp32,,0,,,,,,,,,,,,1,445.0,100.0,100.0,0,NONE
2026-10-05T16:12:44.559+00:00,100.236,manual,Manual cook,temp,2100,336.2,,esp32,,0,,,,,,,,,,,,1,445.0,100.0,100.0,0,NONE
2026-10-05T16:12:45.059+00:00,100.736,manual,Manual cook,temp,2100,338.0,,esp32,,0,,,,,,,,,,,,1,445.0,100.0,100.0,0,NONE
2026-10-05T16:12:46.058+00:00,101.736,manual,Manual cook,temp,2100,340.3,,esp32,,0,,,,,,,,,,,,1,445.0,100.0,100.0,0,NONE
2026-10-05T16:12:46.559+00:00,102.236,manual,Manual cook,temp,2100,341.6,,esp32,,0,,,,,,,,,,,,1,445.0,100.0,100.0,0,NONE
2026-10-05T16:12:47.559+00:00,103.236,manual,Manual cook,temp,2100,343.0,,esp32,,0,,,,,,,,,,,,1,445.0,100.0,100.0,0,NONE
2026-10-05T16:12:48.559+00:00,104.236,manual,Manual cook,temp,2100,347.9,,esp32,,0,,,,,,,,,,,,1,445.0,100.0,100.0,0,NONE
2026-10-05T16:12:49.558+00:00,105.236,manual,Manual cook,temp,2100,349.3,,esp32,,0,,,,,,,,,,,,1,445.0,100.0,100.0,0,NONE
2026-10-05T16:12:50.558+00:00,106.236,manual,Manual cook,temp,2100,351.5,,esp32,,0,,,,,,,,,,,,1,445.0,100.0,100.0,0,NONE
2026-10-05T16:12:51.058+00:00,106.736,manual,Manual cook,temp,2100,353.8,,esp32,,0,,,,,,,,,,,,1,445.0,100.0,100.0,0,NONE
2026-10-05T16:12:52.058+00:00,107.736,manual,Manual cook,temp,2100,356.5,,esp32,,0,,,,,,,,,,,,1,445.0,100.0,100.0,0,NONE
2026-10-05T16:12:53.059+00:00,108.736,manual,Manual cook,temp,2100,357.8,,esp32,,0,,,,,,,,,,,,1,445.0,100.0,100.0,0,NONE
2026-10-05T16:12:54.058+00:00,109.736,manual,Manual cook,temp,2100,360.0,,esp32,,0,,,,,,,,,,,,1,445.0,100.0,100.0,0,NONE
2026-10-05T16:12:55.058+00:00,110.736,manual,Manual cook,temp,2100,362.8,,esp32,,0,,,,,,,,,,,,1,445.0,100.0,100.0,0,NONE
2026-10-05T16:12:55.558+00:00,111.236,manual,Manual cook,temp,2100,365.0,,esp32,,0,,,,,,,,,,,,1,445.0,100.0,100.0,0,NONE
2026-10-05T16:12:56.558+00:00,112.236,manual,Manual cook,temp,2100,366.8,,esp32,,0,,,,,,,,,,,,1,445.0,100.0,100.0,0,NONE
2026-10-05T16:12:57.558+00:00,113.236,manual,Manual cook,temp,2100,370.0,,esp32,,0,,,,,,,,,,,,1,445.0,100.0,100.0,0,NONE
2026-10-05T16:12:58.558+00:00,114.236,manual,Manual cook,temp,2100,372.2,,esp32,,0,,,,,,,,,,,,1,445.0,100.0,100.0,0,NONE
2026-10-05T16:12:59.558+00:00,115.235,manual,Manual cook,temp,2100,373.1,,esp32,,0,,,,,,,,,,,,1,445.0,100.0,100.0,0,NONE
2026-10-05T16:13:00.058+00:00,115.736,manual,Manual cook,temp,2100,376.3,,esp32,,0,,,,,,,,,,,,1,445.0,100.0,100.0,0,NONE
2026-10-05T16:13:01.058+00:00,116.736,manual,Manual cook,temp,2100,378.5,,esp32,,0,,,,,,,,,,,,1,445.0,100.0,100.0,0,NONE
2026-10-05T16:13:02.058+00:00,117.735,manual,Manual cook,temp,2100,380.3,,esp32,,0,,,,,,,,,,,,1,445.0,100.0,100.0,0,NONE
2026-10-05T16:13:02.558+00:00,118.236,manual,Manual cook,temp,2100,382.1,,esp32,,0,,,,,,,,,,,,1,445.0,100.0,100.0,0,NONE
2026-10-05T16:13:03.558+00:00,119.235,manual,Manual cook,temp,2100,383.5,,esp32,,0,,,,,,,,,,,,1,445.0,100.0,100.0,0,NONE
2026-10-05T16:13:04.058+00:00,119.736,manual,Manual cook,temp,2100,384.4,,esp32,,0,,,,,,,,,,,,1,445.0,100.0,100.0,0,NONE
2026-10-05T16:13:05.058+00:00,120.735,manual,Manual cook,temp,2100,386.6,,esp32,,0,,,,,,,,,,,,1,445.0,100.0,100.0,0,NONE
2026-10-05T16:13:06.058+00:00,121.735,manual,Manual cook,temp,2100,389.3,,esp32,,0,,,,,,,,,,,,1,445.0,99.0,99.0,0,NONE
2026-10-05T16:13:06.558+00:00,122.235,manual,Manual cook,temp,2100,390.6,,esp32,,0,,,,,,,,,,,,1,445.0,89.0,89.0,0,NONE
2026-10-05T16:13:07.058+00:00,122.735,manual,Manual cook,temp,2100,392.9,,esp32,,0,,,,,,,,,,,,1,445.0,87.0,87.0,0,NONE
2026-10-05T16:13:08.058+00:00,123.735,manual,Manual cook,temp,2100,394.7,,esp32,,0,,,,,,,,,,,,1,445.0,76.0,76.0,0,NONE
2026-10-05T16:13:08.558+00:00,124.235,manual,Manual cook,temp,2100,396.5,,esp32,,0,,,,,,,,,,,,1,445.0,89.0,89.0,0,NONE
2026-10-05T16:13:09.558+00:00,125.235,manual,Manual cook,temp,2100,399.2,,esp32,,0,,,,,,,,,,,,1,445.0,86.0,86.0,0,NONE
2026-10-05T16:13:10.558+00:00,126.235,manual,Manual cook,temp,2100,399.2,,esp32,,0,,,,,,,,,,,,1,445.0,98.0,98.0,0,NONE
2026-10-05T16:13:11.558+00:00,127.235,manual,Manual cook,temp,2100,403.7,,esp32,,0,,,,,,,,,,,,1,445.0,78.0,78.0,0,NONE
2026-10-05T16:13:12.058+00:00,127.735,manual,Manual cook,temp,2100,404.1,,esp32,,0,,,,,,,,,,,,1,445.0,68.0,68.0,0,NONE
2026-10-05T16:13:12.558+00:00,128.235,manual,Manual cook,temp,2100,406.0,,esp32,,0,,,,,,,,,,,,1,445.0,82.0,82.0,0,NONE
2026-10-05T16:13:13.557+00:00,129.235,manual,Manual cook,temp,2100,407.8,,esp32,,0,,,,,,,,,,,,1,445.0,79.0,79.0,0,NONE
2026-10-05T16:13:14.557+00:00,130.235,manual,Manual cook,temp,2100,409.5,,esp32,,0,,,,,,,,,,,,1,445.0,51.0,51.0,0,NONE
2026-10-05T16:13:15.057+00:00,130.735,manual,Manual cook,temp,2100,410.9,,esp32,,0,,,,,,,,,,,,1,445.0,73.0,73.0,0,NONE
2026-10-05T16:13:16.057+00:00,131.735,manual,Manual cook,temp,2100,413.6,,esp32,,0,,,,,,,,,,,,1,445.0,46.0,46.0,0,NONE
2026-10-05T16:13:17.057+00:00,132.735,manual,Manual cook,temp,2100,415.0,,esp32,,0,,,,,,,,,,,,1,445.0,49.0,49.0,0,NONE
2026-10-05T16:13:17.557+00:00,133.235,manual,Manual cook,temp,2100,416.8,,esp32,,0,,,,,,,,,,,,1,445.0,55.0,55.0,0,NONE
2026-10-05T16:13:18.557+00:00,134.235,manual,Manual cook,temp,2100,418.5,,esp32,,0,,,,,,,,,,,,1,445.0,36.0,36.0,0,NONE
2026-10-05T16:13:19.057+00:00,134.735,manual,Manual cook,temp,2100,419.5,,esp32,,0,,,,,,,,,,,,1,445.0,73.0,73.0,0,NONE
2026-10-05T16:13:20.057+00:00,135.735,manual,Manual cook,temp,2100,420.4,,esp32,,0,,,,,,,,,,,,1,445.0,48.0,48.0,0,NONE
2026-10-05T16:13:20.557+00:00,136.235,manual,Manual cook,temp,2100,423.5,,esp32,,0,,,,,,,,,,,,1,445.0,22.0,22.0,0,NONE
2026-10-05T16:13:21.557+00:00,137.235,manual,Manual cook,temp,2100,425.3,,esp32,,0,,,,,,,,,,,,1,445.0,24.0,24.0,0,NONE
2026-10-05T16:13:22.557+00:00,138.235,manual,Manual cook,temp,2100,427.5,,esp32,,0,,,,,,,,,,,,1,445.0,20.0,20.0,0,NONE
2026-10-05T16:13:23.057+00:00,138.735,manual,Manual cook,temp,2100,428.0,,esp32,,0,,,,,,,,,,,,1,445.0,41.0,41.0,0,NONE
2026-10-05T16:13:24.057+00:00,139.734,manual,Manual cook,temp,2100,429.8,,esp32,,0,,,,,,,,,,,,1,445.0,37.0,37.0,0,NONE
2026-10-05T16:13:24.557+00:00,140.235,manual,Manual cook,temp,2100,431.6,,esp32,,0,,,,,,,,,,,,1,445.0,12.0,12.0,0,NONE
2026-10-05T16:13:25.057+00:00,140.735,manual,Manual cook,temp,2100,433.4,,esp32,,0,,,,,,,,,,,,1,445.0,25.0,25.0,0,NONE
2026-10-05T16:13:26.057+00:00,141.734,manual,Manual cook,temp,2100,435.6,,esp32,,0,,,,,,,,,,,,1,445.0,0.0,0.0,0,NONE
2026-10-05T16:13:27.057+00:00,142.734,manual,Manual cook,temp,2100,437.0,,esp32,,0,,,,,,,,,,,,1,445.0,25.0,25.0,0,NONE
2026-10-05T16:13:28.057+00:00,143.734,manual,Manual cook,temp,2100,438.8,,esp32,,0,,,,,,,,,,,,1,445.0,0.0,0.0,0,NONE
2026-10-05T16:13:29.057+00:00,144.734,manual,Manual cook,temp,2100,440.1,,esp32,,0,,,,,,,,,,,,1,445.0,3.0,3.0,0,NONE
2026-10-05T16:13:30.057+00:00,145.734,manual,Manual cook,temp,2100,442.0,,esp32,,0,,,,,,,,,,,,1,445.0,9.0,14.0,0,NONE
2026-10-05T16:13:31.057+00:00,146.734,manual,Manual cook,temp,2100,444.6,,esp32,,0,,,,,,,,,,,,1,445.0,3.0,3.0,0,NONE
2026-10-05T16:13:31.557+00:00,147.234,manual,Manual cook,temp,2100,445.1,,esp32,,0,,,,,,,,,,,,1,445.0,1.0,1.0,0,NONE
2026-10-05T16:13:32.557+00:00,148.234,manual,Manual cook,temp,2100,446.5,,esp32,,0,,,,,,,,,,,,1,445.0,0.0,0.0,0,NONE
2026-10-05T16:13:33.557+00:00,149.234,manual,Manual cook,temp,2100,447.8,,esp32,,0,,,,,,,,,,,,1,445.0,0.0,0.0,0,NONE
2026-10-05T16:13:34.057+00:00,149.734,manual,Manual cook,temp,2100,448.7,,esp32,,0,,,,,,,,,,,,1,445.0,2.0,2.0,0,NONE
2026-10-05T16:13:35.057+00:00,150.734,manual,Manual cook,temp,2100,449.6,,esp32,,0,,,,,,,,,,,,1,445.0,0.0,0.0,0,NONE
2026-10-05T16:13:36.056+00:00,151.734,manual,Manual cook,temp,2100,451.0,,esp32,,0,,,,,,,,,,,,1,445.0,0.0,0.0,0,NONE
2026-10-05T16:13:36.557+00:00,152.234,manual,Manual cook,temp,2100,451.4,,esp32,,0,,,,,,,,,,,,1,445.0,3.0,3.0,0,NONE
2026-10-05T16:13:37.556+00:00,153.234,manual,Manual cook,temp,2100,451.9,,esp32,,0,,,,,,,,,,,,1,445.0,0.0,0.0,0,NONE
2026-10-05T16:13:38.056+00:00,153.734,manual,Manual cook,temp,2100,451.9,,esp32,,0,,,,,,,,,,,,1,445.0,1.0,1.0,0,NONE
2026-10-05T16:13:38.556+00:00,154.234,manual,Manual cook,temp,2100,452.8,,esp32,,0,,,,,,,,,,,,1,445.0,1.0,1.0,0,NONE
2026-10-05T16:13:39.556+00:00,155.234,manual,Manual cook,temp,2100,453.2,,esp32,,0,,,,,,,,,,,,1,445.0,0.0,0.0,0,NONE
2026-10-05T16:13:40.556+00:00,156.234,manual,Manual cook,temp,2100,454.1,,esp32,,0,,,,,,,,,,,,1,445.0,0.0,0.0,0,NONE
2026-10-05T16:13:41.056+00:00,156.734,manual,Manual cook,temp,2100,454.1,,esp32,,0,,,,,,,,,,,,1,445.0,0.0,0.0,0,NONE
2026-10-05T16:13:42.056+00:00,157.734,manual,Manual cook,temp,2100,454.5,,esp32,,0,,,,,,,,,,,,1,445.0,0.0,0.0,0,NONE
2026-10-05T16:13:43.056+00:00,158.734,manual,Manual cook,temp,2100,455.5,,esp32,,0,,,,,,,,,,,,1,445.0,0.0,0.0,0,NONE
2026-10-05T16:13:43.556+00:00,159.234,manual,Manual cook,temp,2100,455.5,,esp32,,0,,,,,,,,,,,,1,445.0,9.0,10.0,0,NONE
2026-10-05T16:13:44.556+00:00,160.234,manual,Manual cook,temp,2100,454.1,,esp32,,0,,,,,,,,,,,,1,445.0,9.0,18.0,0,NONE
2026-10-05T16:13:45.556+00:00,161.234,manual,Manual cook,temp,2100,455.5,,esp32,,0,,,,,,,,,,,,1,445.0,0.0,0.0,0,NONE
2026-10-05T16:13:46.556+00:00,162.234,manual,Manual cook,temp,2100,455.9,,esp32,,0,,,,,,,,,,,,1,445.0,0.0,0.0,0,NONE
2026-10-05T16:13:47.556+00:00,163.234,manual,Manual cook,temp,2100,456.4,,esp32,,0,,,,,,,,,,,,1,445.0,0.0,0.0,0,NONE
2026-10-05T16:13:48.556+00:00,164.234,manual,Manual cook,temp,2100,456.4,,esp32,,0,,,,,,,,,,,,1,445.0,0.0,0.0,0,NONE
2026-10-05T16:13:49.056+00:00,164.734,manual,Manual cook,temp,2100,456.4,,esp32,,0,,,,,,,,,,,,1,445.0,0.0,0.0,0,NONE
2026-10-05T16:13:49.556+00:00,165.234,manual,Manual cook,temp,2100,456.8,,esp32,,0,,,,,,,,,,,,1,445.0,0.0,0.0,0,NONE
2026-10-05T16:13:50.556+00:00,166.233,manual,Manual cook,temp,2100,456.8,,esp32,,0,,,,,,,,,,,,1,445.0,0.0,0.0,0,NONE
2026-10-05T16:13:51.056+00:00,166.733,manual,Manual cook,temp,2100,456.8,,esp32,,0,,,,,,,,,,,,1,445.0,0.0,0.0,0,NONE
2026-10-05T16:13:52.056+00:00,167.734,manual,Manual cook,temp,2100,455.5,,esp32,,0,,,,,,,,,,,,1,445.0,9.0,15.0,0,NONE
2026-10-05T16:13:53.056+00:00,168.733,manual,Manual cook,temp,2100,455.5,,esp32,,0,,,,,,,,,,,,1,445.0,0.0,0.0,0,NONE
2026-10-05T16:13:54.056+00:00,169.733,manual,Manual cook,temp,2100,455.5,,esp32,,0,,,,,,,,,,,,1,445.0,0.0,0.0,0,NONE
2026-10-05T16:13:55.056+00:00,170.733,manual,Manual cook,temp,2100,455.0,,esp32,,0,,,,,,,,,,,,1,445.0,0.0,0.0,0,NONE
2026-10-05T16:13:55.556+00:00,171.233,manual,Manual cook,temp,2100,455.9,,esp32,,0,,,,,,,,,,,,1,445.0,8.0,8.0,0,NONE
2026-10-05T16:13:56.556+00:00,172.233,manual,Manual cook,temp,2100,455.5,,esp32,,0,,,,,,,,,,,,1,445.0,0.0,0.0,0,NONE
2026-10-05T16:13:57.556+00:00,173.233,manual,Manual cook,temp,2100,454.1,,esp32,,0,,,,,,,,,,,,1,445.0,9.0,17.0,0,NONE
2026-10-05T16:13:58.056+00:00,173.733,manual,Manual cook,temp,2100,455.0,,esp32,,0,,,,,,,,,,,,1,445.0,0.0,0.0,0,NONE
2026-10-05T16:13:59.056+00:00,174.733,manual,Manual cook,temp,2100,455.0,,esp32,,0,,,,,,,,,,,,1,445.0,0.0,0.0,0,NONE
2026-10-05T16:14:00.056+00:00,175.733,manual,Manual cook,temp,2100,454.1,,esp32,,0,,,,,,,,,,,,1,445.0,3.0,3.0,0,NONE
2026-10-05T16:14:01.056+00:00,176.733,manual,Manual cook,temp,2100,453.6,,esp32,,0,,,,,,,,,,,,1,445.0,9.0,11.0,0,NONE
2026-10-05T16:14:02.056+00:00,177.733,manual,Manual cook,temp,2100,453.2,,esp32,,0,,,,,,,,,,,,1,445.0,4.0,4.0,0,NONE
2026-10-05T16:14:02.556+00:00,178.233,manual,Manual cook,temp,2100,452.8,,esp32,,0,,,,,,,,,,,,1,445.0,0.0,0.0,0,NONE
2026-10-05T16:14:03.056+00:00,178.733,manual,Manual cook,temp,2100,452.8,,esp32,,0,,,,,,,,,,,,1,445.0,9.0,12.0,0,NONE
2026-10-05T16:14:04.057+00:00,179.734,manual,Manual cook,temp,2100,452.3,,esp32,,0,,,,,,,,,,,,1,445.0,9.0,13.0,0,NONE
2026-10-05T16:14:05.056+00:00,180.733,manual,Manual cook,temp,2100,452.8,,esp32,,0,,,,,,,,,,,,1,445.0,0.0,0.0,0,NONE
2026-10-05T16:14:05.556+00:00,181.233,manual,Manual cook,temp,2100,452.8,,esp32,,0,,,,,,,,,,,,1,445.0,0.0,0.0,0,NONE
2026-10-05T16:14:06.056+00:00,181.733,manual,Manual cook,temp,2100,452.3,,esp32,,0,,,,,,,,,,,,1,445.0,0.0,0.0,0,NONE
2026-10-05T16:14:07.055+00:00,182.733,manual,Manual cook,temp,2100,451.9,,esp32,,0,,,,,,,,,,,,1,445.0,7.0,7.0,0,NONE
2026-10-05T16:14:07.556+00:00,183.233,manual,Manual cook,temp,2100,451.0,,esp32,,0,,,,,,,,,,,,1,445.0,16.0,16.0,0,NONE
2026-10-05T16:14:08.556+00:00,184.233,manual,Manual cook,temp,2100,451.9,,esp32,,0,,,,,,,,,,,,1,445.0,0.0,0.0,0,NONE
2026-10-05T16:14:09.555+00:00,185.233,manual,Manual cook,temp,2100,451.0,,esp32,,0,,,,,,,,,,,,1,445.0,8.0,8.0,0,NONE
2026-10-05T16:14:10.055+00:00,185.733,manual,Manual cook,temp,2100,451.0,,esp32,,0,,,,,,,,,,,,1,445.0,1.0,1.0,0,NONE
2026-10-05T16:14:10.555+00:00,186.233,manual,Manual cook,temp,2100,450.0,,esp32,,0,,,,,,,,,,,,1,445.0,17.0,17.0,0,NONE
2026-10-05T16:14:11.555+00:00,187.233,manual,Manual cook,temp,2100,450.5,,esp32,,0,,,,,,,,,,,,1,445.0,2.0,2.0,0,NONE
2026-10-05T16:14:12.555+00:00,188.233,manual,Manual cook,temp,2100,450.5,,esp32,,0,,,,,,,,,,,,1,445.0,2.0,2.0,0,NONE
2026-10-05T16:14:13.055+00:00,188.733,manual,Manual cook,temp,2100,450.0,,esp32,,0,,,,,,,,,,,,1,445.0,18.0,18.0,0,NONE
2026-10-05T16:14:14.056+00:00,189.734,manual,Manual cook,temp,2100,449.1,,esp32,,0,,,,,,,,,,,,1,445.0,9.0,19.0,0,NONE
2026-10-05T16:14:15.055+00:00,190.733,manual,Manual cook,temp,2100,449.6,,esp32,,0,,,,,,,,,,,,1,445.0,0.0,0.0,0,NONE
2026-10-05T16:14:15.555+00:00,191.233,manual,Manual cook,temp,2100,449.6,,esp32,,0,,,,,,,,,,,,1,445.0,9.0,19.0,0,NONE
2026-10-05T16:14:16.555+00:00,192.233,manual,Manual cook,temp,2100,449.6,,esp32,,0,,,,,,,,,,,,1,445.0,3.0,3.0,0,NONE
2026-10-05T16:14:17.055+00:00,192.733,manual,Manual cook,temp,2100,449.1,,esp32,,0,,,,,,,,,,,,1,445.0,11.0,11.0,0,NONE
2026-10-05T16:14:18.055+00:00,193.733,manual,Manual cook,temp,2100,448.7,,esp32,,0,,,,,,,,,,,,1,445.0,4.0,4.0,0,NONE
2026-10-05T16:14:18.555+00:00,194.233,manual,Manual cook,temp,2100,449.1,,esp32,,0,,,,,,,,,,,,1,445.0,12.0,12.0,0,NONE
2026-10-05T16:14:19.555+00:00,195.233,manual,Manual cook,temp,2100,448.7,,esp32,,0,,,,,,,,,,,,1,445.0,9.0,12.0,0,NONE
2026-10-05T16:14:20.055+00:00,195.733,manual,Manual cook,temp,2100,448.7,,esp32,,0,,,,,,,,,,,,1,445.0,21.0,21.0,0,NONE
2026-10-05T16:14:21.055+00:00,196.733,manual,Manual cook,temp,2100,448.7,,esp32,,0,,,,,,,,,,,,1,445.0,9.0,21.0,0,NONE
2026-10-05T16:14:22.055+00:00,197.732,manual,Manual cook,temp,2100,448.7,,esp32,,0,,,,,,,,,,,,1,445.0,5.0,5.0,0,NONE
2026-10-05T16:14:22.555+00:00,198.232,manual,Manual cook,temp,2100,448.7,,esp32,,0,,,,,,,,,,,,1,445.0,5.0,5.0,0,NONE
2026-10-05T16:14:23.555+00:00,199.232,manual,Manual cook,temp,2100,448.7,,esp32,,0,,,,,,,,,,,,1,445.0,0.0,0.0,0,NONE
2026-10-05T16:14:24.055+00:00,199.733,manual,Manual cook,temp,2100,449.1,,esp32,,0,,,,,,,,,,,,1,445.0,9.0,12.0,0,NONE
2026-10-05T16:14:25.055+00:00,200.732,manual,Manual cook,temp,2100,448.7,,esp32,,0,,,,,,,,,,,,1,445.0,9.0,12.0,0,NONE
2026-10-05T16:14:26.055+00:00,201.732,manual,Manual cook,temp,2100,449.6,,esp32,,0,,,,,,,,,,,,1,445.0,0.0,0.0,0,NONE
2026-10-05T16:14:26.555+00:00,202.232,manual,Manual cook,temp,2100,449.1,,esp32,,0,,,,,,,,,,,,1,445.0,9.0,11.0,0,NONE
2026-10-05T16:14:27.555+00:00,203.232,manual,Manual cook,temp,2100,449.1,,esp32,,0,,,,,,,,,,,,1,445.0,4.0,4.0,0,NONE
2026-10-05T16:14:28.055+00:00,203.732,manual,Manual cook,temp,2100,448.7,,esp32,,0,,,,,,,,,,,,1,445.0,12.0,12.0,0,NONE
2026-10-05T16:14:29.055+00:00,204.732,manual,Manual cook,temp,2100,449.1,,esp32,,0,,,,,,,,,,,,1,445.0,3.0,3.0,0,NONE
2026-10-05T16:14:29.555+00:00,205.232,manual,Manual cook,temp,2100,448.7,,esp32,,0,,,,,,,,,,,,1,445.0,12.0,12.0,0,NONE
2026-10-05T16:14:30.555+00:00,206.232,manual,Manual cook,temp,2100,448.3,,esp32,,0,,,,,,,,,,,,1,445.0,9.0,20.0,0,NONE
2026-10-05T16:14:31.555+00:00,207.232,manual,Manual cook,temp,2100,449.1,,esp32,,0,,,,,,,,,,,,1,445.0,4.0,4.0,0,NONE
2026-10-05T16:14:32.555+00:00,208.232,manual,Manual cook,temp,2100,449.1,,esp32,,0,,,,,,,,,,,,1,445.0,3.0,3.0,0,NONE
2026-10-05T16:14:33.055+00:00,208.732,manual,Manual cook,temp,2100,448.7,,esp32,,0,,,,,,,,,,,,1,445.0,11.0,11.0,0,NONE
2026-10-05T16:14:34.055+00:00,209.732,manual,Manual cook,temp,2100,448.3,,esp32,,0,,,,,,,,,,,,1,445.0,9.0,27.0,0,NONE
2026-10-05T16:14:34.555+00:00,210.232,manual,Manual cook,temp,2100,448.7,,esp32,,0,,,,,,,,,,,,1,445.0,0.0,0.0,0,NONE
2026-10-05T16:14:35.555+00:00,211.232,manual,Manual cook,temp,2100,448.7,,esp32,,0,,,,,,,,,,,,1,445.0,0.0,0.0,0,NONE
2026-10-05T16:14:36.554+00:00,212.232,manual,Manual cook,temp,2100,449.1,,esp32,,0,,,,,,,,,,,,1,445.0,0.0,0.0,0,NONE
2026-10-05T16:14:37.555+00:00,213.232,manual,Manual cook,temp,2100,448.7,,esp32,,0,,,,,,,,,,,,1,445.0,11.0,11.0,0,NONE
2026-10-05T16:14:38.554+00:00,214.232,manual,Manual cook,temp,2100,449.1,,esp32,,0,,,,,,,,,,,,1,445.0,0.0,0.0,0,NONE
2026-10-05T16:14:39.554+00:00,215.232,manual,Manual cook,temp,2100,448.7,,esp32,,0,,,,,,,,,,,,1,445.0,11.0,11.0,0,NONE
2026-10-05T16:14:40.555+00:00,216.232,manual,Manual cook,temp,2100,449.1,,esp32,,0,,,,,,,,,,,,1,445.0,3.0,3.0,0,NONE
2026-10-05T16:14:41.554+00:00,217.232,manual,Manual cook,temp,2100,449.6,,esp32,,0,,,,,,,,,,,,1,445.0,0.0,0.0,0,NONE
2026-10-05T16:14:42.054+00:00,217.732,manual,Manual cook,temp,2100,449.1,,esp32,,0,,,,,,,,,,,,1,445.0,9.0,10.0,0,NONE
2026-10-05T16:14:43.054+00:00,218.732,manual,Manual cook,temp,2100,449.1,,esp32,,0,,,,,,,,,,,,1,445.0,11.0,11.0,0,NONE
2026-10-05T16:14:44.054+00:00,219.732,manual,Manual cook,temp,2100,448.3,,esp32,,0,,,,,,,,,,,,1,445.0,9.0,19.0,0,NONE
2026-10-05T16:14:44.554+00:00,220.232,manual,Manual cook,temp,2100,449.6,,esp32,,0,,,,,,,,,,,,1,445.0,0.0,0.0,0,NONE
2026-10-05T16:14:45.054+00:00,220.732,manual,Manual cook,temp,2100,449.6,,esp32,,0,,,,,,,,,,,,1,445.0,0.0,0.0,0,NONE
2026-10-05T16:14:46.054+00:00,221.732,manual,Manual cook,temp,2100,449.6,,esp32,,0,,,,,,,,,,,,1,445.0,2.0,2.0,0,NONE
2026-10-05T16:14:47.054+00:00,222.732,manual,Manual cook,temp,2100,448.7,,esp32,,0,,,,,,,,,,,,1,445.0,11.0,11.0,0,NONE
2026-10-05T16:14:48.054+00:00,223.732,manual,Manual cook,temp,2100,449.1,,esp32,,0,,,,,,,,,,,,1,445.0,0.0,0.0,0,NONE
2026-10-05T16:14:48.554+00:00,224.232,manual,Manual cook,temp,2100,449.1,,esp32,,0,,,,,,,,,,,,1,445.0,9.0,17.0,0,NONE
2026-10-05T16:14:49.554+00:00,225.232,manual,Manual cook,temp,2100,449.6,,esp32,,0,,,,,,,,,,,,1,445.0,9.0,10.0,0,NONE
2026-10-05T16:14:50.554+00:00,226.232,manual,Manual cook,temp,2100,449.1,,esp32,,0,,,,,,,,,,,,1,445.0,9.0,10.0,0,NONE
2026-10-05T16:14:51.554+00:00,227.232,manual,Manual cook,temp,2100,448.7,,esp32,,0,,,,,,,,,,,,1,445.0,10.0,10.0,0,NONE
2026-10-05T16:14:52.554+00:00,228.231,manual,Manual cook,temp,2100,449.1,,esp32,,0,,,,,,,,,,,,1,445.0,0.0,0.0,0,NONE
2026-10-05T16:14:53.054+00:00,228.731,manual,Manual cook,temp,2100,448.7,,esp32,,0,,,,,,,,,,,,1,445.0,2.0,2.0,0,NONE
2026-10-05T16:14:53.554+00:00,229.232,manual,Manual cook,temp,2100,449.6,,esp32,,0,,,,,,,,,,,,1,445.0,10.0,10.0,0,NONE
2026-10-05T16:14:54.554+00:00,230.231,manual,Manual cook,temp,2100,448.7,,esp32,,0,,,,,,,,,,,,1,445.0,9.0,17.0,0,NONE
2026-10-05T16:14:55.054+00:00,230.731,manual,Manual cook,temp,2100,447.8,,esp32,,0,,,,,,,,,,,,1,445.0,19.0,19.0,0,NONE
2026-10-05T16:14:56.054+00:00,231.731,manual,Manual cook,temp,2100,449.1,,esp32,,0,,,,,,,,,,,,1,445.0,0.0,0.0,0,NONE
2026-10-05T16:14:56.554+00:00,232.231,manual,Manual cook,temp,2100,449.1,,esp32,,0,,,,,,,,,,,,1,445.0,9.0,18.0,0,NONE
2026-10-05T16:14:57.554+00:00,233.231,manual,Manual cook,temp,2100,449.1,,esp32,,0,,,,,,,,,,,,1,445.0,2.0,2.0,0,NONE
2026-10-05T16:14:58.054+00:00,233.731,manual,Manual cook,temp,2100,448.7,,esp32,,0,,,,,,,,,,,,1,445.0,10.0,10.0,0,NONE
2026-10-05T16:14:59.054+00:00,234.731,manual,Manual cook,temp,2100,448.7,,esp32,,0,,,,,,,,,,,,1,445.0,19.0,19.0,0,NONE
2026-10-05T16:15:00.054+00:00,235.731,manual,Manual cook,temp,2100,448.3,,esp32,,0,,,,,,,,,,,,1,445.0,9.0,11.0,0,NONE
2026-10-05T16:15:01.054+00:00,236.731,manual,Manual cook,temp,2100,446.9,,esp32,,0,,,,,,,,,,,,1,445.0,9.0,35.0,0,NONE
2026-10-05T16:15:01.554+00:00,237.231,manual,Manual cook,temp,2100,448.7,,esp32,,0,,,,,,,,,,,,1,445.0,0.0,0.0,0,NONE
2026-10-05T16:15:02.554+00:00,238.231,manual,Manual cook,temp,2100,448.3,,esp32,,0,,,,,,,,,,,,1,445.0,9.0,11.0,0,NONE
2026-10-05T16:15:03.554+00:00,239.231,manual,Manual cook,temp,2100,447.4,,esp32,,0,,,,,,,,,,,,1,445.0,4.0,4.0,0,NONE
2026-10-05T16:15:04.054+00:00,239.731,manual,Manual cook,temp,2100,447.8,,esp32,,0,,,,,,,,,,,,1,445.0,20.0,20.0,0,NONE
2026-10-05T16:15:05.054+00:00,240.731,manual,Manual cook,temp,2100,447.4,,esp32,,0,,,,,,,,,,,,1,445.0,9.0,13.0,0,NONE
2026-10-05T16:15:05.554+00:00,241.231,manual,Manual cook,temp,2100,448.3,,esp32,,0,,,,,,,,,,,,1,445.0,0.0,0.0,0,NONE
2026-10-05T16:15:06.554+00:00,242.231,manual,Manual cook,temp,2100,447.8,,esp32,,0,,,,,,,,,,,,1,445.0,12.0,12.0,0,NONE
2026-10-05T16:15:07.054+00:00,242.731,manual,Manual cook,temp,2100,447.8,,esp32,,0,,,,,,,,,,,,1,445.0,4.0,4.0,0,NONE
2026-10-05T16:15:08.053+00:00,243.731,manual,Manual cook,temp,2100,447.4,,esp32,,0,,,,,,,,,,,,1,445.0,0.0,0.0,0,NONE
2026-10-05T16:15:08.553+00:00,244.231,manual,Manual cook,temp,2100,448.3,,esp32,,0,,,,,,,,,,,,1,445.0,9.0,27.0,0,NONE
2026-10-05T16:15:09.054+00:00,244.731,manual,Manual cook,temp,2100,448.3,,esp32,,0,,,,,,,,,,,,1,445.0,0.0,0.0,0,NONE
2026-10-05T16:15:10.053+00:00,245.731,manual,Manual cook,temp,2100,448.3,,esp32,,0,,,,,,,,,,,,1,445.0,0.0,0.0,0,NONE
2026-10-05T16:15:10.553+00:00,246.231,manual,Manual cook,temp,2100,447.8,,esp32,,0,,,,,,,,,,,,1,445.0,9.0,12.0,0,NONE
2026-10-05T16:15:11.553+00:00,247.231,manual,Manual cook,temp,2100,447.8,,esp32,,0,,,,,,,,,,,,1,445.0,4.0,4.0,0,NONE
2026-10-05T16:15:12.053+00:00,247.731,manual,Manual cook,temp,2100,447.8,,esp32,,0,,,,,,,,,,,,1,445.0,0.0,0.0,0,NONE
2026-10-05T16:15:13.053+00:00,248.731,manual,Manual cook,temp,2100,447.4,,esp32,,0,,,,,,,,,,,,1,445.0,12.0,12.0,0,NONE
2026-10-05T16:15:14.053+00:00,249.731,manual,Manual cook,temp,2100,447.8,,esp32,,0,,,,,,,,,,,,1,445.0,0.0,0.0,0,NONE
2026-10-05T16:15:14.553+00:00,250.231,manual,Manual cook,temp,2100,447.8,,esp32,,0,,,,,,,,,,,,1,445.0,9.0,19.0,0,NONE
2026-10-05T16:15:15.553+00:00,251.231,manual,Manual cook,temp,2100,448.3,,esp32,,0,,,,,,,,,,,,1,445.0,0.0,0.0,0,NONE
2026-10-05T16:15:16.053+00:00,251.731,manual,Manual cook,temp,2100,447.8,,esp32,,0,,,,,,,,,,,,1,445.0,9.0,11.0,0,NONE
2026-10-05T16:15:17.053+00:00,252.731,manual,Manual cook,temp,2100,447.8,,esp32,,0,,,,,,,,,,,,1,445.0,4.0,4.0,0,NONE
2026-10-05T16:15:18.053+00:00,253.731,manual,Manual cook,temp,2100,448.7,,esp32,,0,,,,,,,,,,,,1,445.0,0.0,0.0,0,NONE
2026-10-05T16:15:18.553+00:00,254.231,manual,Manual cook,temp,2100,447.4,,esp32,,0,,,,,,,,,,,,1,445.0,0.0,0.0,0,NONE
2026-10-05T16:15:19.053+00:00,254.731,manual,Manual cook,temp,2100,448.7,,esp32,,0,,,,,,,,,,,,1,445.0,9.0,27.0,0,NONE
2026-10-05T16:15:20.053+00:00,255.730,manual,Manual cook,temp,2100,448.7,,esp32,,0,,,,,,,,,,,,1,445.0,2.0,2.0,0,NONE
2026-10-05T16:15:20.553+00:00,256.230,manual,Manual cook,temp,2100,448.7,,esp32,,0,,,,,,,,,,,,1,445.0,2.0,2.0,0,NONE
2026-10-05T16:15:21.053+00:00,256.731,manual,Manual cook,temp,2100,447.4,,esp32,,0,,,,,,,,,,,,1,445.0,26.0,26.0,0,NONE
2026-10-05T16:15:22.053+00:00,257.730,manual,Manual cook,temp,2100,447.4,,esp32,,0,,,,,,,,,,,,1,445.0,9.0,26.0,0,NONE
2026-10-05T16:15:22.553+00:00,258.231,manual,Manual cook,temp,2100,448.3,,esp32,,0,,,,,,,,,,,,1,445.0,0.0,0.0,0,NONE
2026-10-05T16:15:23.553+00:00,259.230,manual,Manual cook,temp,2100,448.3,,esp32,,0,,,,,,,,,,,,1,445.0,3.0,3.0,0,NONE
2026-10-05T16:15:24.553+00:00,260.230,manual,Manual cook,temp,2100,448.3,,esp32,,0,,,,,,,,,,,,1,445.0,3.0,3.0,0,NONE
2026-10-05T16:15:25.553+00:00,261.230,manual,Manual cook,temp,2100,448.3,,esp32,,0,,,,,,,,,,,,1,445.0,3.0,3.0,0,NONE
2026-10-05T16:15:26.553+00:00,262.230,manual,Manual cook,temp,2100,448.3,,esp32,,0,,,,,,,,,,,,1,445.0,3.0,3.0,0,NONE
2026-10-05T16:15:27.553+00:00,263.230,manual,Manual cook,temp,2100,448.3,,esp32,,0,,,,,,,,,,,,1,445.0,3.0,3.0,0,NONE
2026-10-05T16:15:28.053+00:00,263.730,manual,Manual cook,temp,2100,448.3,,esp32,,0,,,,,,,,,,,,1,445.0,0.0,0.0,0,NONE
2026-10-05T16:15:29.053+00:00,264.730,manual,Manual cook,temp,2100,448.3,,esp32,,0,,,,,,,,,,,,1,445.0,3.0,3.0,0,NONE
2026-10-05T16:15:30.053+00:00,265.730,manual,Manual cook,temp,2100,448.7,,esp32,,0,,,,,,,,,,,,1,445.0,2.0,2.0,0,NONE
2026-10-05T16:15:30.553+00:00,266.230,manual,Manual cook,temp,2100,447.8,,esp32,,0,,,,,,,,,,,,1,445.0,18.0,18.0,0,NONE
2026-10-05T16:15:31.553+00:00,267.230,manual,Manual cook,temp,2100,448.7,,esp32,,0,,,,,,,,,,,,1,445.0,2.0,2.0,0,NONE
2026-10-05T16:15:32.053+00:00,267.730,manual,Manual cook,temp,2100,449.1,,esp32,,0,,,,,,,,,,,,1,445.0,10.0,10.0,0,NONE
2026-10-05T16:15:33.053+00:00,268.730,manual,Manual cook,temp,2100,448.7,,esp32,,0,,,,,,,,,,,,1,445.0,9.0,9.0,0,NONE
2026-10-05T16:15:34.053+00:00,269.730,manual,Manual cook,temp,2100,448.7,,esp32,,0,,,,,,,,,,,,1,445.0,9.0,24.0,0,NONE
2026-10-05T16:15:35.053+00:00,270.730,manual,Manual cook,temp,2100,448.3,,esp32,,0,,,,,,,,,,,,1,445.0,9.0,10.0,0,NONE
2026-10-05T16:15:36.053+00:00,271.730,manual,Manual cook,temp,2100,447.4,,esp32,,0,,,,,,,,,,,,1,445.0,19.0,19.0,0,NONE
2026-10-05T16:15:37.052+00:00,272.730,manual,Manual cook,temp,2100,447.8,,esp32,,0,,,,,,,,,,,,1,445.0,9.0,18.0,0,NONE
2026-10-05T16:15:38.052+00:00,273.730,manual,Manual cook,temp,2100,447.8,,esp32,,0,,,,,,,,,,,,1,445.0,9.0,10.0,0,NONE
2026-10-05T16:15:39.052+00:00,274.730,manual,Manual cook,temp,2100,448.3,,esp32,,0,,,,,,,,,,,,1,445.0,2.0,2.0,0,NONE
2026-10-05T16:15:39.552+00:00,275.230,manual,Manual cook,temp,2100,446.9,,esp32,,0,,,,,,,,,,,,1,445.0,2.0,2.0,0,NONE
2026-10-05T16:15:40.052+00:00,275.730,manual,Manual cook,temp,2100,448.7,,esp32,,0,,,,,,,,,,,,1,445.0,27.0,27.0,0,NONE
2026-10-05T16:15:41.052+00:00,276.730,manual,Manual cook,temp,2100,447.4,,esp32,,0,,,,,,,,,,,,1,445.0,9.0,26.0,0,NONE
2026-10-05T16:15:42.052+00:00,277.730,manual,Manual cook,temp,2100,446.9,,esp32,,0,,,,,,,,,,,,1,445.0,9.0,19.0,0,NONE
2026-10-05T16:15:43.052+00:00,278.730,manual,Manual cook,temp,2100,446.9,,esp32,,0,,,,,,,,,,,,1,445.0,5.0,5.0,0,NONE
2026-10-05T16:15:43.552+00:00,279.230,manual,Manual cook,temp,2100,446.9,,esp32,,0,,,,,,,,,,,,1,445.0,5.0,5.0,0,NONE
2026-10-05T16:15:44.552+00:00,280.230,manual,Manual cook,temp,2100,447.8,,esp32,,0,,,,,,,,,,,,1,445.0,0.0,0.0,0,NONE
2026-10-05T16:15:45.552+00:00,281.230,manual,Manual cook,temp,2100,447.4,,esp32,,0,,,,,,,,,,,,1,445.0,11.0,11.0,0,NONE
2026-10-05T16:15:46.552+00:00,282.230,manual,Manual cook,temp,2100,447.8,,esp32,,0,,,,,,,,,,,,1,445.0,3.0,3.0,0,NONE
2026-10-05T16:15:47.052+00:00,282.730,manual,Manual cook,temp,2100,446.9,,esp32,,0,,,,,,,,,,,,1,445.0,19.0,19.0,0,NONE
2026-10-05T16:15:48.052+00:00,283.730,manual,Manual cook,temp,2100,448.3,,esp32,,0,,,,,,,,,,,,1,445.0,5.0,5.0,0,NONE
2026-10-05T16:15:49.052+00:00,284.730,manual,Manual cook,temp,2100,447.4,,esp32,,0,,,,,,,,,,,,1,445.0,9.0,10.0,0,NONE
2026-10-05T16:15:50.052+00:00,285.729,manual,Manual cook,temp,2100,448.7,,esp32,,0,,,,,,,,,,,,1,445.0,0.0,0.0,0,NONE
2026-10-05T16:15:50.552+00:00,286.230,manual,Manual cook,temp,2100,448.3,,esp32,,0,,,,,,,,,,,,1,445.0,9.0,25.0,0,NONE
2026-10-05T16:15:51.552+00:00,287.229,manual,Manual cook,temp,2100,448.7,,esp32,,0,,,,,,,,,,,,1,445.0,2.0,2.0,0,NONE
2026-10-05T16:15:52.552+00:00,288.229,manual,Manual cook,temp,2100,448.7,,esp32,,0,,,,,,,,,,,,1,445.0,1.0,1.0,0,NONE
2026-10-05T16:15:53.552+00:00,289.229,manual,Manual cook,temp,2100,448.3,,esp32,,0,,,,,,,,,,,,1,445.0,0.0,0.0,0,NONE
2026-10-05T16:15:54.052+00:00,289.730,manual,Manual cook,temp,2100,448.3,,esp32,,0,,,,,,,,,,,,1,445.0,9.0,16.0,0,NONE
2026-10-05T16:15:55.052+00:00,290.729,manual,Manual cook,temp,2100,448.3,,esp32,,0,,,,,,,,,,,,1,445.0,0.0,0.0,0,NONE
2026-10-05T16:15:56.052+00:00,291.729,manual,Manual cook,temp,2100,447.4,,esp32,,0,,,,,,,,,,,,1,445.0,2.0,2.0,0,NONE
2026-10-05T16:15:56.552+00:00,292.229,manual,Manual cook,temp,2100,447.4,,esp32,,0,,,,,,,,,,,,1,445.0,18.0,18.0,0,NONE
2026-10-05T16:15:57.552+00:00,293.229,manual,Manual cook,temp,2100,447.8,,esp32,,0,,,,,,,,,,,,1,445.0,0.0,0.0,0,NONE
2026-10-05T16:15:58.052+00:00,293.729,manual,Manual cook,temp,2100,446.9,,esp32,,0,,,,,,,,,,,,1,445.0,3.0,3.0,0,NONE
2026-10-05T16:15:58.552+00:00,294.229,manual,Manual cook,temp,2100,448.3,,esp32,,0,,,,,,,,,,,,1,445.0,19.0,19.0,0,NONE
2026-10-05T16:15:59.552+00:00,295.229,manual,Manual cook,temp,2100,447.4,,esp32,,0,,,,,,,,,,,,1,445.0,9.0,26.0,0,NONE
2026-10-05T16:16:00.552+00:00,296.229,manual,Manual cook,temp,2100,447.4,,esp32,,0,,,,,,,,,,,,1,445.0,9.0,11.0,0,NONE
2026-10-05T16:16:01.551+00:00,297.229,manual,Manual cook,temp,2100,447.4,,esp32,,0,,,,,,,,,,,,1,445.0,3.0,3.0,0,NONE
2026-10-05T16:16:02.552+00:00,298.229,manual,Manual cook,temp,2100,446.9,,esp32,,0,,,,,,,,,,,,1,445.0,11.0,11.0,0,NONE
2026-10-05T16:16:03.552+00:00,299.229,manual,Manual cook,temp,2100,447.8,,esp32,,0,,,,,,,,,,,,1,445.0,9.0,28.0,0,NONE
2026-10-05T16:16:04.552+00:00,300.229,manual,Manual cook,temp,2100,446.9,,esp32,,0,,,,,,,,,,,,1,445.0,9.0,19.0,0,NONE
2026-10-05T16:16:05.551+00:00,301.229,manual,Manual cook,temp,2100,447.4,,esp32,,0,,,,,,,,,,,,1,445.0,3.0,3.0,0,NONE
2026-10-05T16:16:06.051+00:00,301.729,manual,Manual cook,temp,2100,447.4,,esp32,,0,,,,,,,,,,,,1,445.0,3.0,3.0,0,NONE
2026-10-05T16:16:07.052+00:00,302.729,manual,Manual cook,temp,2100,446.5,,esp32,,0,,,,,,,,,,,,1,445.0,11.0,11.0,0,NONE
2026-10-05T16:16:08.051+00:00,303.729,manual,Manual cook,temp,2100,447.4,,esp32,,0,,,,,,,,,,,,1,445.0,5.0,5.0,0,NONE
2026-10-05T16:16:09.051+00:00,304.729,manual,Manual cook,temp,2100,446.9,,esp32,,0,,,,,,,,,,,,1,445.0,9.0,11.0,0,NONE
2026-10-05T16:16:09.551+00:00,305.229,manual,Manual cook,temp,2100,446.0,,esp32,,0,,,,,,,,,,,,1,445.0,20.0,20.0,0,NONE
2026-10-05T16:16:10.051+00:00,305.729,manual,Manual cook,temp,2100,446.9,,esp32,,0,,,,,,,,,,,,1,445.0,0.0,0.0,0,NONE
2026-10-05T16:16:11.051+00:00,306.729,manual,Manual cook,temp,2100,447.8,,esp32,,0,,,,,,,,,,,,1,445.0,0.0,0.0,0,NONE
2026-10-05T16:16:12.051+00:00,307.729,manual,Manual cook,temp,2100,447.8,,esp32,,0,,,,,,,,,,,,1,445.0,2.0,2.0,0,NONE
2026-10-05T16:16:12.551+00:00,308.229,manual,Manual cook,temp,2100,447.8,,esp32,,0,,,,,,,,,,,,1,445.0,2.0,2.0,0,NONE
2026-10-05T16:16:13.051+00:00,308.729,manual,Manual cook,temp,2100,447.8,,esp32,,0,,,,,,,,,,,,1,445.0,18.0,18.0,0,NONE
2026-10-05T16:16:14.051+00:00,309.729,manual,Manual cook,temp,2100,447.8,,esp32,,0,,,,,,,,,,,,1,445.0,9.0,10.0,0,NONE
2026-10-05T16:16:15.051+00:00,310.729,manual,Manual cook,temp,2100,447.4,,esp32,,0,,,,,,,,,,,,1,445.0,9.0,10.0,0,NONE
2026-10-05T16:16:16.051+00:00,311.729,manual,Manual cook,temp,2100,446.9,,esp32,,0,,,,,,,,,,,,1,445.0,11.0,11.0,0,NONE
2026-10-05T16:16:16.551+00:00,312.229,manual,Manual cook,temp,2100,446.5,,esp32,,0,,,,,,,,,,,,1,445.0,12.0,12.0,0,NONE
2026-10-05T16:16:17.551+00:00,313.228,manual,Manual cook,temp,2100,446.9,,esp32,,0,,,,,,,,,,,,1,445.0,4.0,4.0,0,NONE
2026-10-05T16:16:18.551+00:00,314.229,manual,Manual cook,temp,2100,446.5,,esp32,,0,,,,,,,,,,,,1,445.0,12.0,12.0,0,NONE
2026-10-05T16:16:19.551+00:00,315.228,manual,Manual cook,temp,2100,446.0,,esp32,,0,,,,,,,,,,,,1,445.0,9.0,20.0,0,NONE
2026-10-05T16:16:20.551+00:00,316.228,manual,Manual cook,temp,2100,446.9,,esp32,,0,,,,,,,,,,,,1,445.0,4.0,4.0,0,NONE
2026-10-05T16:16:21.551+00:00,317.228,manual,Manual cook,temp,2100,447.4,,esp32,,0,,,,,,,,,,,,1,445.0,0.0,0.0,0,NONE
2026-10-05T16:16:22.551+00:00,318.228,manual,Manual cook,temp,2100,447.4,,esp32,,0,,,,,,,,,,,,1,445.0,3.0,3.0,0,NONE
2026-10-05T16:16:23.551+00:00,319.228,manual,Manual cook,temp,2100,447.4,,esp32,,0,,,,,,,,,,,,1,445.0,3.0,3.0,0,NONE
2026-10-05T16:16:24.051+00:00,319.728,manual,Manual cook,temp,2100,446.5,,esp32,,0,,,,,,,,,,,,1,445.0,19.0,19.0,0,NONE
2026-10-05T16:16:25.051+00:00,320.728,manual,Manual cook,temp,2100,446.5,,esp32,,0,,,,,,,,,,,,1,445.0,9.0,19.0,0,NONE
2026-10-05T16:16:26.051+00:00,321.728,manual,Manual cook,temp,2100,447.8,,esp32,,0,,,,,,,,,,,,1,445.0,0.0,0.0,0,NONE
2026-10-05T16:16:27.051+00:00,322.728,manual,Manual cook,temp,2100,446.9,,esp32,,0,,,,,,,,,,,,1,445.0,18.0,18.0,0,NONE
2026-10-05T16:16:28.051+00:00,323.728,manual,Manual cook,temp,2100,447.4,,esp32,,0,,,,,,,,,,,,1,445.0,9.0,10.0,0,NONE
2026-10-05T16:16:29.051+00:00,324.728,manual,Manual cook,temp,2100,447.8,,esp32,,0,,,,,,,,,,,,1,445.0,0.0,0.0,0,NONE
2026-10-05T16:16:29.551+00:00,325.228,manual,Manual cook,temp,2100,447.8,,esp32,,0,,,,,,,,,,,,1,445.0,9.0,9.0,0,NONE
2026-10-05T16:16:30.551+00:00,326.228,manual,Manual cook,temp,2100,448.3,,esp32,,0,,,,,,,,,,,,1,445.0,10.0,10.0,0,NONE
2026-10-05T16:16:31.051+00:00,326.729,manual,Manual cook,temp,2100,447.8,,esp32,,0,,,,,,,,,,,,1,445.0,0.0,0.0,0,NONE
2026-10-05T16:16:32.050+00:00,327.728,manual,Manual cook,temp,2100,447.8,,esp32,,0,,,,,,,,,,,,1,445.0,2.0,2.0,0,NONE
2026-10-05T16:16:33.051+00:00,328.728,manual,Manual cook,temp,2100,446.9,,esp32,,0,,,,,,,,,,,,1,445.0,18.0,18.0,0,NONE
2026-10-05T16:16:34.050+00:00,329.728,manual,Manual cook,temp,2100,447.4,,esp32,,0,,,,,,,,,,,,1,445.0,0.0,0.0,0,NONE
2026-10-05T16:16:34.550+00:00,330.228,manual,Manual cook,temp,2100,447.4,,esp32,,0,,,,,,,,,,,,1,445.0,9.0,10.0,0,NONE
2026-10-05T16:16:35.551+00:00,331.228,manual,Manual cook,temp,2100,447.4,,esp32,,0,,,,,,,,,,,,1,445.0,0.0,0.0,0,NONE
2026-10-05T16:16:36.550+00:00,332.228,manual,Manual cook,temp,2100,446.9,,esp32,,0,,,,,,,,,,,,1,445.0,10.0,10.0,0,NONE
2026-10-05T16:16:37.550+00:00,333.228,manual,Manual cook,temp,2100,447.4,,esp32,,0,,,,,,,,,,,,1,445.0,9.0,9.0,0,NONE
2026-10-05T16:16:38.550+00:00,334.228,manual,Manual cook,temp,2100,446.9,,esp32,,0,,,,,,,,,,,,1,445.0,9.0,18.0,0,NONE
2026-10-05T16:16:39.050+00:00,334.728,manual,Manual cook,temp,2100,447.8,,esp32,,0,,,,,,,,,,,,1,445.0,3.0,3.0,0,NONE
2026-10-05T16:16:40.050+00:00,335.728,manual,Manual cook,temp,2100,446.9,,esp32,,0,,,,,,,,,,,,1,445.0,9.0,18.0,0,NONE
2026-10-05T16:16:40.551+00:00,336.228,manual,Manual cook,temp,2100,446.5,,esp32,,0,,,,,,,,,,,,1,445.0,11.0,11.0,0,NONE
2026-10-05T16:16:41.550+00:00,337.228,manual,Manual cook,temp,2100,447.4,,esp32,,0,,,,,,,,,,,,1,445.0,0.0,0.0,0,NONE
2026-10-05T16:16:42.550+00:00,338.228,manual,Manual cook,temp,2100,447.4,,esp32,,0,,,,,,,,,,,,1,445.0,2.0,2.0,0,NONE
2026-10-05T16:16:43.050+00:00,338.728,manual,Manual cook,temp,2100,446.9,,esp32,,0,,,,,,,,,,,,1,445.0,10.0,10.0,0,NONE
2026-10-05T16:16:44.050+00:00,339.728,manual,Manual cook,temp,2100,446.0,,esp32,,0,,,,,,,,,,,,1,445.0,9.0,26.0,0,NONE
2026-10-05T16:16:45.050+00:00,340.728,manual,Manual cook,temp,2100,446.5,,esp32,,0,,,,,,,,,,,,1,445.0,9.0,11.0,0,NONE
2026-10-05T16:16:45.551+00:00,341.229,manual,Manual cook,temp,2100,446.5,,esp32,,0,,,,,,,,,,,,1,445.0,4.0,4.0,0,NONE
2026-10-05T16:16:46.550+00:00,342.228,manual,Manual cook,temp,2100,446.5,,esp32,,0,,,,,,,,,,,,1,445.0,9.0,11.0,0,NONE
2026-10-05T16:16:47.550+00:00,343.228,manual,Manual cook,temp,2100,446.5,,esp32,,0,,,,,,,,,,,,1,445.0,12.0,12.0,0,NONE
2026-10-05T16:16:48.550+00:00,344.227,manual,Manual cook,temp,2100,446.0,,esp32,,0,,,,,,,,,,,,1,445.0,4.0,4.0,0,NONE
2026-10-05T16:16:49.050+00:00,344.728,manual,Manual cook,temp,2100,446.5,,esp32,,0,,,,,,,,,,,,1,445.0,12.0,12.0,0,NONE
2026-10-05T16:16:50.050+00:00,345.727,manual,Manual cook,temp,2100,446.5,,esp32,,0,,,,,,,,,,,,1,445.0,4.0,4.0,0,NONE
2026-10-05T16:16:50.550+00:00,346.228,manual,Manual cook,temp,2100,446.5,,esp32,,0,,,,,,,,,,,,1,445.0,12.0,12.0,0,NONE
2026-10-05T16:16:51.550+00:00,347.227,manual,Manual cook,temp,2100,445.1,,esp32,,0,,,,,,,,,,,,1,445.0,9.0,28.0,0,NONE
2026-10-05T16:16:52.050+00:00,347.728,manual,Manual cook,temp,2100,446.5,,esp32,,0,,,,,,,,,,,,1,445.0,0.0,0.0,0,NONE
2026-10-05T16:16:53.050+00:00,348.727,manual,Manual cook,temp,2100,446.5,,esp32,,0,,,,,,,,,,,,1,445.0,0.0,0.0,0,NONE
2026-10-05T16:16:53.550+00:00,349.227,manual,Manual cook,temp,2100,446.5,,esp32,,0,,,,,,,,,,,,1,445.0,9.0,11.0,0,NONE
2026-10-05T16:16:54.550+00:00,350.227,manual,Manual cook,temp,2100,446.5,,esp32,,0,,,,,,,,,,,,1,445.0,12.0,12.0,0,NONE
2026-10-05T16:16:55.550+00:00,351.227,manual,Manual cook,temp,2100,446.0,,esp32,,0,,,,,,,,,,,,1,445.0,4.0,4.0,0,NONE
2026-10-05T16:16:56.050+00:00,351.727,manual,Manual cook,temp,2100,446.0,,esp32,,0,,,,,,,,,,,,1,445.0,12.0,12.0,0,NONE
2026-10-05T16:16:57.550+00:00,353.227,manual,Manual cook,temp,2100,446.0,,esp32,,0,,,,,,,,,,,,1,445.0,9.0,19.0,0,NONE
2026-10-05T16:16:58.550+00:00,354.227,manual,Manual cook,temp,2100,446.0,,esp32,,0,,,,,,,,,,,,1,445.0,3.0,3.0,0,NONE
2026-10-05T16:16:59.050+00:00,354.727,manual,Manual cook,temp,2100,446.0,,esp32,,0,,,,,,,,,,,,1,445.0,19.0,19.0,0,NONE
2026-10-05T16:17:00.050+00:00,355.727,manual,Manual cook,temp,2100,446.5,,esp32,,0,,,,,,,,,,,,1,445.0,9.0,11.0,0,NONE
2026-10-05T16:17:01.050+00:00,356.727,manual,Manual cook,temp,2100,446.9,,esp32,,0,,,,,,,,,,,,1,445.0,4.0,4.0,0,NONE
2026-10-05T16:17:02.050+00:00,357.727,manual,Manual cook,temp,2100,446.0,,esp32,,0,,,,,,,,,,,,1,445.0,0.0,0.0,0,NONE
2026-10-05T16:17:02.550+00:00,358.227,manual,Manual cook,temp,2100,447.8,,esp32,,0,,,,,,,,,,,,1,445.0,9.0,26.0,0,NONE
2026-10-05T16:17:03.549+00:00,359.227,manual,Manual cook,temp,2100,447.4,,esp32,,0,,,,,,,,,,,,1,445.0,9.0,9.0,0,NONE
2026-10-05T16:17:04.549+00:00,360.227,manual,Manual cook,temp,2100,446.5,,esp32,,0,,,,,,,,,,,,1,445.0,0.0,0.0,0,NONE
2026-10-05T16:17:05.549+00:00,361.227,manual,Manual cook,temp,2100,446.9,,esp32,,0,,,,,,,,,,,,1,445.0,0.0,0.0,0,NONE
2026-10-05T16:17:06.549+00:00,362.227,manual,Manual cook,temp,2100,447.4,,esp32,,0,,,,,,,,,,,,1,445.0,3.0,3.0,0,NONE
2026-10-05T16:17:07.549+00:00,363.227,manual,Manual cook,temp,2100,446.9,,esp32,,0,,,,,,,,,,,,1,445.0,9.0,10.0,0,NONE
2026-10-05T16:17:08.549+00:00,364.227,manual,Manual cook,temp,2100,446.9,,esp32,,0,,,,,,,,,,,,1,445.0,3.0,3.0,0,NONE
2026-10-05T16:17:09.049+00:00,364.727,manual,Manual cook,temp,2100,446.9,,esp32,,0,,,,,,,,,,,,1,445.0,0.0,0.0,0,NONE
2026-10-05T16:17:10.049+00:00,365.727,manual,Manual cook,temp,2100,447.4,,esp32,,0,,,,,,,,,,,,1,445.0,3.0,3.0,0,NONE
2026-10-05T16:17:10.549+00:00,366.227,manual,Manual cook,temp,2100,446.5,,esp32,,0,,,,,,,,,,,,1,445.0,0.0,0.0,0,NONE
2026-10-05T16:17:11.549+00:00,367.227,manual,Manual cook,temp,2100,446.9,,esp32,,0,,,,,,,,,,,,1,445.0,0.0,0.0,0,NONE
2026-10-05T16:17:12.549+00:00,368.227,manual,Manual cook,temp,2100,447.4,,esp32,,0,,,,,,,,,,,,1,445.0,2.0,2.0,0,NONE
2026-10-05T16:17:13.049+00:00,368.727,manual,Manual cook,temp,2100,446.9,,esp32,,0,,,,,,,,,,,,1,445.0,10.0,10.0,0,NONE
2026-10-05T16:17:14.049+00:00,369.727,manual,Manual cook,temp,2100,447.4,,esp32,,0,,,,,,,,,,,,1,445.0,9.0,10.0,0,NONE
2026-10-05T16:17:15.049+00:00,370.727,manual,Manual cook,temp,2100,446.0,,esp32,,0,,,,,,,,,,,,1,445.0,9.0,10.0,0,NONE
2026-10-05T16:17:15.549+00:00,371.227,manual,Manual cook,temp,2100,446.9,,esp32,,0,,,,,,,,,,,,1,445.0,19.0,19.0,0,NONE
2026-10-05T16:17:16.549+00:00,372.226,manual,Manual cook,temp,2100,446.0,,esp32,,0,,,,,,,,,,,,1,445.0,9.0,19.0,0,NONE
2026-10-05T16:17:17.549+00:00,373.226,manual,Manual cook,temp,2100,446.9,,esp32,,0,,,,,,,,,,,,1,445.0,2.0,2.0,0,NONE
2026-10-05T16:17:18.049+00:00,373.727,manual,Manual cook,temp,2100,446.5,,esp32,,0,,,,,,,,,,,,1,445.0,11.0,11.0,0,NONE
2026-10-05T16:17:19.049+00:00,374.727,manual,Manual cook,temp,2100,446.9,,esp32,,0,,,,,,,,,,,,1,445.0,9.0,10.0,0,NONE
2026-10-05T16:17:20.049+00:00,375.726,manual,Manual cook,temp,2100,446.0,,esp32,,0,,,,,,,,,,,,1,445.0,2.0,2.0,0,NONE
2026-10-05T16:17:20.549+00:00,376.226,manual,Manual cook,temp,2100,446.0,,esp32,,0,,,,,,,,,,,,1,445.0,19.0,19.0,0,NONE
2026-10-05T16:17:21.549+00:00,377.226,manual,Manual cook,temp,2100,446.5,,esp32,,0,,,,,,,,,,,,1,445.0,9.0,10.0,0,NONE
2026-10-05T16:17:22.549+00:00,378.226,manual,Manual cook,temp,2100,446.5,,esp32,,0,,,,,,,,,,,,1,445.0,3.0,3.0,0,NONE
2026-10-05T16:17:23.549+00:00,379.226,manual,Manual cook,temp,2100,446.5,,esp32,,0,,,,,,,,,,,,1,445.0,27.0,27.0,0,NONE
2026-10-05T16:17:24.549+00:00,380.226,manual,Manual cook,temp,2100,446.5,,esp32,,0,,,,,,,,,,,,1,445.0,3.0,3.0,0,NONE
2026-10-05T16:17:25.049+00:00,380.727,manual,Manual cook,temp,2100,445.1,,esp32,,0,,,,,,,,,,,,1,445.0,27.0,27.0,0,NONE
2026-10-05T16:17:26.049+00:00,381.726,manual,Manual cook,temp,2100,446.5,,esp32,,0,,,,,,,,,,,,1,445.0,3.0,3.0,0,NONE
2026-10-05T16:17:27.049+00:00,382.726,manual,Manual cook,temp,2100,446.0,,esp32,,0,,,,,,,,,,,,1,445.0,11.0,11.0,0,NONE
2026-10-05T16:17:28.049+00:00,383.726,manual,Manual cook,temp,2100,446.9,,esp32,,0,,,,,,,,,,,,1,445.0,4.0,4.0,0,NONE
2026-10-05T16:17:28.549+00:00,384.226,manual,Manual cook,temp,2100,446.5,,esp32,,0,,,,,,,,,,,,1,445.0,0.0,0.0,0,NONE
2026-10-05T16:17:29.549+00:00,385.226,manual,Manual cook,temp,2100,446.9,,esp32,,0,,,,,,,,,,,,1,445.0,0.0,0.0,0,NONE
2026-10-05T16:17:30.049+00:00,385.726,manual,Manual cook,temp,2100,446.9,,esp32,,0,,,,,,,,,,,,1,445.0,2.0,2.0,0,NONE
2026-10-05T16:17:30.549+00:00,386.226,manual,Manual cook,temp,2100,446.0,,esp32,,0,,,,,,,,,,,,1,445.0,18.0,18.0,0,NONE
2026-10-05T16:17:31.548+00:00,387.226,manual,Manual cook,temp,2100,446.9,,esp32,,0,,,,,,,,,,,,1,445.0,1.0,1.0,0,NONE
2026-10-05T16:17:32.548+00:00,388.226,manual,Manual cook,temp,2100,447.4,,esp32,,0,,,,,,,,,,,,1,445.0,0.0,0.0,0,NONE
2026-10-05T16:17:33.048+00:00,388.726,manual,Manual cook,temp,2100,446.9,,esp32,,0,,,,,,,,,,,,1,445.0,9.0,9.0,0,NONE
2026-10-05T16:17:33.548+00:00,389.226,manual,Manual cook,temp,2100,446.9,,esp32,,0,,,,,,,,,,,,1,445.0,0.0,0.0,0,NONE
2026-10-05T16:17:34.548+00:00,390.226,manual,Manual cook,temp,2100,446.5,,esp32,,0,,,,,,,,,,,,1,445.0,2.0,2.0,0,NONE
2026-10-05T16:17:35.048+00:00,390.726,manual,Manual cook,temp,2100,446.5,,esp32,,0,,,,,,,,,,,,1,445.0,10.0,10.0,0,NONE
2026-10-05T16:17:36.048+00:00,391.726,manual,Manual cook,temp,2100,446.5,,esp32,,0,,,,,,,,,,,,1,445.0,9.0,17.0,0,NONE
2026-10-05T16:17:37.048+00:00,392.726,manual,Manual cook,temp,2100,446.9,,esp32,,0,,,,,,,,,,,,1,445.0,0.0,0.0,0,NONE
2026-10-05T16:17:38.048+00:00,393.726,manual,Manual cook,temp,2100,446.5,,esp32,,0,,,,,,,,,,,,1,445.0,2.0,2.0,0,NONE
2026-10-05T16:17:38.548+00:00,394.226,manual,Manual cook,temp,2100,446.5,,esp32,,0,,,,,,,,,,,,1,445.0,10.0,10.0,0,NONE
2026-10-05T16:17:39.048+00:00,394.726,manual,Manual cook,temp,2100,446.5,,esp32,,0,,,,,,,,,,,,1,445.0,0.0,0.0,0,NONE
2026-10-05T16:17:40.048+00:00,395.726,manual,Manual cook,temp,2100,446.0,,esp32,,0,,,,,,,,,,,,1,445.0,3.0,3.0,0,NONE
2026-10-05T16:17:40.548+00:00,396.226,manual,Manual cook,temp,2100,446.0,,esp32,,0,,,,,,,,,,,,1,445.0,11.0,11.0,0,NONE
2026-10-05T16:17:41.548+00:00,397.226,manual,Manual cook,temp,2100,446.5,,esp32,,0,,,,,,,,,,,,1,445.0,2.0,2.0,0,NONE
2026-10-05T16:17:42.048+00:00,397.726,manual,Manual cook,temp,2100,446.9,,esp32,,0,,,,,,,,,,,,1,445.0,10.0,10.0,0,NONE
2026-10-05T16:17:43.048+00:00,398.726,manual,Manual cook,temp,2100,446.5,,esp32,,0,,,,,,,,,,,,1,445.0,9.0,10.0,0,NONE
2026-10-05T16:17:44.048+00:00,399.726,manual,Manual cook,temp,2100,446.0,,esp32,,0,,,,,,,,,,,,1,445.0,9.0,10.0,0,NONE
2026-10-05T16:17:44.548+00:00,400.226,manual,Manual cook,temp,2100,446.0,,esp32,,0,,,,,,,,,,,,1,445.0,11.0,11.0,0,NONE
2026-10-05T16:17:45.548+00:00,401.226,manual,Manual cook,temp,2100,446.5,,esp32,,0,,,,,,,,,,,,1,445.0,9.0,17.0,0,NONE
2026-10-05T16:17:46.548+00:00,402.225,manual,Manual cook,temp,2100,446.0,,esp32,,0,,,,,,,,,,,,1,445.0,9.0,18.0,0,NONE
2026-10-05T16:17:47.548+00:00,403.225,manual,Manual cook,temp,2100,446.0,,esp32,,0,,,,,,,,,,,,1,445.0,3.0,3.0,0,NONE
2026-10-05T16:17:48.048+00:00,403.726,manual,Manual cook,temp,2100,446.5,,esp32,,0,,,,,,,,,,,,1,445.0,11.0,11.0,0,NONE
2026-10-05T16:17:49.048+00:00,404.725,manual,Manual cook,temp,2100,446.5,,esp32,,0,,,,,,,,,,,,1,445.0,3.0,3.0,0,NONE
2026-10-05T16:17:49.548+00:00,405.226,manual,Manual cook,temp,2100,446.5,,esp32,,0,,,,,,,,,,,,1,445.0,3.0,3.0,0,NONE
2026-10-05T16:17:50.548+00:00,406.225,manual,Manual cook,temp,2100,446.0,,esp32,,0,,,,,,,,,,,,1,445.0,11.0,11.0,0,NONE
2026-10-05T16:17:51.548+00:00,407.225,manual,Manual cook,temp,2100,446.5,,esp32,,0,,,,,,,,,,,,1,445.0,9.0,10.0,0,NONE
2026-10-05T16:17:52.048+00:00,407.725,manual,Manual cook,temp,2100,445.5,,esp32,,0,,,,,,,,,,,,1,445.0,19.0,19.0,0,NONE
2026-10-05T16:17:53.048+00:00,408.725,manual,Manual cook,temp,2100,447.4,,esp32,,0,,,,,,,,,,,,1,445.0,0.0,0.0,0,NONE
2026-10-05T16:17:54.048+00:00,409.725,manual,Manual cook,temp,2100,446.9,,esp32,,0,,,,,,,,,,,,1,445.0,9.0,9.0,0,NONE
2026-10-05T16:17:54.548+00:00,410.225,manual,Manual cook,temp,2100,446.9,,esp32,,0,,,,,,,,,,,,1,445.0,10.0,10.0,0,NONE
2026-10-05T16:17:55.548+00:00,411.225,manual,Manual cook,temp,2100,447.8,,esp32,,0,,,,,,,,,,,,1,445.0,2.0,2.0,0,NONE
2026-10-05T16:17:56.548+00:00,412.225,manual,Manual cook,temp,2100,447.8,,esp32,,0,,,,,,,,,,,,1,445.0,9.0,16.0,0,NONE
2026-10-05T16:17:57.548+00:00,413.225,manual,Manual cook,temp,2100,446.9,,esp32,,0,,,,,,,,,,,,1,445.0,9.0,24.0,0,NONE
2026-10-05T16:17:58.548+00:00,414.225,manual,Manual cook,temp,2100,445.5,,esp32,,0,,,,,,,,,,,,1,445.0,9.0,10.0,0,NONE
2026-10-05T16:17:59.048+00:00,414.725,manual,Manual cook,temp,2100,446.9,,esp32,,0,,,,,,,,,,,,1,445.0,19.0,19.0,0,NONE
2026-10-05T16:18:00.048+00:00,415.725,manual,Manual cook,temp,2100,446.5,,esp32,,0,,,,,,,,,,,,1,445.0,9.0,10.0,0,NONE
2026-10-05T16:18:01.048+00:00,416.725,manual,Manual cook,temp,2100,445.5,,esp32,,0,,,,,,,,,,,,1,445.0,19.0,19.0,0,NONE
2026-10-05T16:18:02.047+00:00,417.725,manual,Manual cook,temp,2100,446.9,,esp32,,0,,,,,,,,,,,,1,445.0,0.0,0.0,0,NONE
2026-10-05T16:18:02.547+00:00,418.225,manual,Manual cook,temp,2100,446.9,,esp32,,0,,,,,,,,,,,,1,445.0,2.0,2.0,0,NONE
2026-10-05T16:18:03.547+00:00,419.225,manual,Manual cook,temp,2100,446.9,,esp32,,0,,,,,,,,,,,,1,445.0,2.0,2.0,0,NONE
2026-10-05T16:18:04.047+00:00,419.725,manual,Manual cook,temp,2100,445.1,,esp32,,0,,,,,,,,,,,,1,445.0,34.0,34.0,0,NONE
2026-10-05T16:18:05.047+00:00,420.725,manual,Manual cook,temp,2100,446.0,,esp32,,0,,,,,,,,,,,,1,445.0,9.0,11.0,0,NONE
2026-10-05T16:18:05.547+00:00,421.225,manual,Manual cook,temp,2100,446.0,,esp32,,0,,,,,,,,,,,,1,445.0,11.0,11.0,0,NONE
2026-10-05T16:18:06.547+00:00,422.225,manual,Manual cook,temp,2100,444.6,,esp32,,0,,,,,,,,,,,,1,445.0,9.0,28.0,0,NONE
2026-10-05T16:18:07.047+00:00,422.725,manual,Manual cook,temp,2100,445.1,,esp32,,0,,,,,,,,,,,,1,445.0,0.0,0.0,0,NONE
2026-10-05T16:18:08.047+00:00,423.725,manual,Manual cook,temp,2100,444.6,,esp32,,0,,,,,,,,,,,,1,445.0,0.0,0.0,0,NONE
2026-10-05T16:18:09.047+00:00,424.725,manual,Manual cook,temp,2100,445.1,,esp32,,0,,,,,,,,,,,,1,445.0,0.0,0.0,0,NONE
2026-10-05T16:18:09.547+00:00,425.225,manual,Manual cook,temp,2100,445.5,,esp32,,0,,,,,,,,,,,,1,445.0,0.0,0.0,0,NONE
2026-10-05T16:18:10.047+00:00,425.725,manual,Manual cook,temp,2100,445.5,,esp32,,0,,,,,,,,,,,,1,445.0,9.0,20.0,0,NONE
2026-10-05T16:18:11.047+00:00,426.725,manual,Manual cook,temp,2100,444.6,,esp32,,0,,,,,,,,,,,,1,445.0,9.0,20.0,0,NONE
2026-10-05T16:18:11.547+00:00,427.225,manual,Manual cook,temp,2100,445.1,,esp32,,0,,,,,,,,,,,,1,445.0,0.0,0.0,0,NONE
2026-10-05T16:18:12.547+00:00,428.225,manual,Manual cook,temp,2100,444.6,,esp32,,0,,,,,,,,,,,,1,445.0,13.0,13.0,0,NONE
2026-10-05T16:18:13.547+00:00,429.225,manual,Manual cook,temp,2100,443.8,,esp32,,0,,,,,,,,,,,,1,445.0,30.0,30.0,0,NONE
2026-10-05T16:18:14.547+00:00,430.224,manual,Manual cook,temp,2100,443.8,,esp32,,0,,,,,,,,,,,,1,445.0,8.0,8.0,0,NONE
2026-10-05T16:18:15.047+00:00,430.724,manual,Manual cook,temp,2100,444.2,,esp32,,0,,,,,,,,,,,,1,445.0,0.0,0.0,0,NONE
2026-10-05T16:18:15.547+00:00,431.224,manual,Manual cook,temp,2100,444.6,,esp32,,0,,,,,,,,,,,,1,445.0,7.0,7.0,0,NONE
2026-10-05T16:18:16.547+00:00,432.224,manual,Manual cook,temp,2100,444.6,,esp32,,0,,,,,,,,,,,,1,445.0,6.0,6.0,0,NONE
2026-10-05T16:18:17.547+00:00,433.224,manual,Manual cook,temp,2100,445.1,,esp32,,0,,,,,,,,,,,,1,445.0,0.0,0.0,0,NONE
2026-10-05T16:18:18.047+00:00,433.724,manual,Manual cook,temp,2100,444.6,,esp32,,0,,,,,,,,,,,,1,445.0,9.0,30.0,0,NONE
2026-10-05T16:18:19.047+00:00,434.724,manual,Manual cook,temp,2100,444.6,,esp32,,0,,,,,,,,,,,,1,445.0,6.0,6.0,0,NONE
2026-10-05T16:18:19.547+00:00,435.224,manual,Manual cook,temp,2100,444.2,,esp32,,0,,,,,,,,,,,,1,445.0,6.0,6.0,0,NONE
2026-10-05T16:18:20.047+00:00,435.725,manual,Manual cook,temp,2100,444.2,,esp32,,0,,,,,,,,,,,,1,445.0,14.0,14.0,0,NONE
2026-10-05T16:18:21.047+00:00,436.724,manual,Manual cook,temp,2100,444.2,,esp32,,0,,,,,,,,,,,,1,445.0,0.0,0.0,0,NONE
2026-10-05T16:18:22.047+00:00,437.724,manual,Manual cook,temp,2100,444.2,,esp32,,0,,,,,,,,,,,,1,445.0,7.0,7.0,0,NONE
2026-10-05T16:18:23.047+00:00,438.724,manual,Manual cook,temp,2100,444.6,,esp32,,0,,,,,,,,,,,,1,445.0,6.0,6.0,0,NONE
2026-10-05T16:18:23.547+00:00,439.224,manual,Manual cook,temp,2100,444.6,,esp32,,0,,,,,,,,,,,,1,445.0,6.0,6.0,0,NONE
2026-10-05T16:18:24.047+00:00,439.724,manual,Manual cook,temp,2100,444.2,,esp32,,0,,,,,,,,,,,,1,445.0,14.0,14.0,0,NONE
2026-10-05T16:18:25.047+00:00,440.724,manual,Manual cook,temp,2100,444.6,,esp32,,0,,,,,,,,,,,,1,445.0,9.0,21.0,0,NONE
2026-10-05T16:18:25.547+00:00,441.224,manual,Manual cook,temp,2100,445.1,,esp32,,0,,,,,,,,,,,,1,445.0,0.0,0.0,0,NONE
2026-10-05T16:18:26.547+00:00,442.224,manual,Manual cook,temp,2100,444.6,,esp32,,0,,,,,,,,,,,,1,445.0,13.0,13.0,0,NONE
2026-10-05T16:18:27.547+00:00,443.224,manual,Manual cook,temp,2100,445.1,,esp32,,0,,,,,,,,,,,,1,445.0,9.0,12.0,0,NONE
2026-10-05T16:18:28.546+00:00,444.224,manual,Manual cook,temp,2100,445.5,,esp32,,0,,,,,,,,,,,,1,445.0,0.0,0.0,0,NONE
2026-10-05T16:18:29.546+00:00,445.224,manual,Manual cook,temp,2100,446.0,,esp32,,0,,,,,,,,,,,,1,445.0,0.0,0.0,0,NONE
2026-10-05T16:18:30.047+00:00,445.724,manual,Manual cook,temp,2100,445.1,,esp32,,0,,,,,,,,,,,,1,445.0,9.0,12.0,0,NONE
2026-10-05T16:18:30.547+00:00,446.224,manual,Manual cook,temp,2100,445.5,,esp32,,0,,,,,,,,,,,,1,445.0,12.0,12.0,0,NONE
2026-10-05T16:18:31.546+00:00,447.224,manual,Manual cook,temp,2100,445.5,,esp32,,0,,,,,,,,,,,,1,445.0,4.0,4.0,0,NONE
2026-10-05T16:18:32.046+00:00,447.724,manual,Manual cook,temp,2100,445.5,,esp32,,0,,,,,,,,,,,,1,445.0,4.0,4.0,0,NONE
2026-10-05T16:18:33.046+00:00,448.724,manual,Manual cook,temp,2100,446.0,,esp32,,0,,,,,,,,,,,,1,445.0,0.0,0.0,0,NONE
2026-10-05T16:18:33.546+00:00,449.224,manual,Manual cook,temp,2100,445.1,,esp32,,0,,,,,,,,,,,,1,445.0,9.0,20.0,0,NONE
2026-10-05T16:18:34.546+00:00,450.224,manual,Manual cook,temp,2100,445.1,,esp32,,0,,,,,,,,,,,,1,445.0,0.0,0.0,0,NONE
2026-10-05T16:18:35.546+00:00,451.224,manual,Manual cook,temp,2100,446.0,,esp32,,0,,,,,,,,,,,,1,445.0,0.0,0.0,0,NONE
2026-10-05T16:18:36.546+00:00,452.224,manual,Manual cook,temp,2100,446.0,,esp32,,0,,,,,,,,,,,,1,445.0,3.0,3.0,0,NONE
2026-10-05T16:18:37.046+00:00,452.724,manual,Manual cook,temp,2100,446.5,,esp32,,0,,,,,,,,,,,,1,445.0,0.0,0.0,0,NONE
2026-10-05T16:18:37.546+00:00,453.224,manual,Manual cook,temp,2100,445.5,,esp32,,0,,,,,,,,,,,,1,445.0,9.0,19.0,0,NONE
2026-10-05T16:18:38.546+00:00,454.224,manual,Manual cook,temp,2100,446.5,,esp32,,0,,,,,,,,,,,,1,445.0,3.0,3.0,0,NONE
2026-10-05T16:18:39.546+00:00,455.224,manual,Manual cook,temp,2100,446.5,,esp32,,0,,,,,,,,,,,,1,445.0,3.0,3.0,0,NONE
2026-10-05T16:18:40.046+00:00,455.724,manual,Manual cook,temp,2100,446.0,,esp32,,0,,,,,,,,,,,,1,445.0,2.0,2.0,0,NONE
2026-10-05T16:18:40.546+00:00,456.224,manual,Manual cook,temp,2100,446.0,,esp32,,0,,,,,,,,,,,,1,445.0,11.0,11.0,0,NONE
2026-10-05T16:18:41.546+00:00,457.223,manual,Manual cook,temp,2100,446.5,,esp32,,0,,,,,,,,,,,,1,445.0,2.0,2.0,0,NONE
2026-10-05T16:18:42.046+00:00,457.723,manual,Manual cook,temp,2100,446.9,,esp32,,0,,,,,,,,,,,,1,445.0,0.0,0.0,0,NONE
2026-10-05T16:18:42.546+00:00,458.224,manual,Manual cook,temp,2100,445.5,,esp32,,0,,,,,,,,,,,,1,445.0,9.0,26.0,0,NONE
2026-10-05T16:18:43.546+00:00,459.224,manual,Manual cook,temp,2100,446.0,,esp32,,0,,,,,,,,,,,,1,445.0,0.0,0.0,0,NONE
2026-10-05T16:18:44.046+00:00,459.724,manual,Manual cook,temp,2100,446.0,,esp32,,0,,,,,,,,,,,,1,445.0,9.0,11.0,0,NONE
2026-10-05T16:18:45.046+00:00,460.723,manual,Manual cook,temp,2100,446.5,,esp32,,0,,,,,,,,,,,,1,445.0,0.0,0.0,0,NONE
2026-10-05T16:18:45.546+00:00,461.224,manual,Manual cook,temp,2100,445.5,,esp32,,0,,,,,,,,,,,,1,445.0,9.0,11.0,0,NONE
2026-10-05T16:18:46.546+00:00,462.223,manual,Manual cook,temp,2100,446.0,,esp32,,0,,,,,,,,,,,,1,445.0,4.0,4.0,0,NONE
2026-10-05T16:18:47.546+00:00,463.223,manual,Manual cook,temp,2100,445.1,,esp32,,0,,,,,,,,,,,,1,445.0,9.0,20.0,0,NONE
2026-10-05T16:18:48.046+00:00,463.724,manual,Manual cook,temp,2100,445.5,,esp32,,0,,,,,,,,,,,,1,445.0,0.0,0.0,0,NONE
2026-10-05T16:18:49.046+00:00,464.723,manual,Manual cook,temp,2100,446.0,,esp32,,0,,,,,,,,,,,,1,445.0,0.0,0.0,0,NONE
2026-10-05T16:18:50.046+00:00,465.723,manual,Manual cook,temp,2100,446.0,,esp32,,0,,,,,,,,,,,,1,445.0,3.0,3.0,0,NONE
2026-10-05T16:18:50.546+00:00,466.223,manual,Manual cook,temp,2100,445.5,,esp32,,0,,,,,,,,,,,,1,445.0,3.0,3.0,0,NONE
2026-10-05T16:18:51.046+00:00,466.723,manual,Manual cook,temp,2100,444.6,,esp32,,0,,,,,,,,,,,,1,445.0,11.0,11.0,0,NONE
2026-10-05T16:18:52.046+00:00,467.723,manual,Manual cook,temp,2100,444.6,,esp32,,0,,,,,,,,,,,,1,445.0,0.0,0.0,0,NONE
2026-10-05T16:18:53.046+00:00,468.723,manual,Manual cook,temp,2100,445.5,,esp32,,0,,,,,,,,,,,,1,445.0,0.0,0.0,0,NONE
2026-10-05T16:18:53.546+00:00,469.223,manual,Manual cook,temp,2100,445.5,,esp32,,0,,,,,,,,,,,,1,445.0,4.0,4.0,0,NONE
2026-10-05T16:18:54.046+00:00,469.723,manual,Manual cook,temp,2100,446.0,,esp32,,0,,,,,,,,,,,,1,445.0,0.0,0.0,0,NONE
2026-10-05T16:18:55.046+00:00,470.723,manual,Manual cook,temp,2100,446.5,,esp32,,0,,,,,,,,,,,,1,445.0,3.0,3.0,0,NONE
2026-10-05T16:18:55.546+00:00,471.223,manual,Manual cook,temp,2100,445.1,,esp32,,0,,,,,,,,,,,,1,445.0,0.0,0.0,0,NONE
2026-10-05T16:18:56.546+00:00,472.223,manual,Manual cook,temp,2100,445.5,,esp32,,0,,,,,,,,,,,,1,445.0,0.0,0.0,0,NONE
2026-10-05T16:18:57.046+00:00,472.723,manual,Manual cook,temp,2100,446.0,,esp32,,0,,,,,,,,,,,,1,445.0,9.0,19.0,0,NONE
2026-10-05T16:18:58.046+00:00,473.723,manual,Manual cook,temp,2100,445.1,,esp32,,0,,,,,,,,,,,,1,445.0,9.0,19.0,0,NONE
2026-10-05T16:18:59.045+00:00,474.723,manual,Manual cook,temp,2100,446.0,,esp32,,0,,,,,,,,,,,,1,445.0,3.0,3.0,0,NONE
2026-10-05T16:18:59.546+00:00,475.223,manual,Manual cook,temp,2100,445.1,,esp32,,0,,,,,,,,,,,,1,445.0,11.0,11.0,0,NONE
2026-10-05T16:19:00.545+00:00,476.223,manual,Manual cook,temp,2100,446.0,,esp32,,0,,,,,,,,,,,,1,445.0,0.0,0.0,0,NONE
2026-10-05T16:19:01.545+00:00,477.223,manual,Manual cook,temp,2100,446.0,,esp32,,0,,,,,,,,,,,,1,445.0,3.0,3.0,0,NONE
2026-10-05T16:19:02.046+00:00,477.723,manual,Manual cook,temp,2100,445.5,,esp32,,0,,,,,,,,,,,,1,445.0,11.0,11.0,0,NONE
2026-10-05T16:19:03.045+00:00,478.723,manual,Manual cook,temp,2100,446.5,,esp32,,0,,,,,,,,,,,,1,445.0,0.0,0.0,0,NONE
2026-10-05T16:19:03.545+00:00,479.223,manual,Manual cook,temp,2100,446.5,,esp32,,0,,,,,,,,,,,,1,445.0,9.0,10.0,0,NONE
2026-10-05T16:19:04.545+00:00,480.223,manual,Manual cook,temp,2100,446.5,,esp32,,0,,,,,,,,,,,,1,445.0,2.0,2.0,0,NONE
2026-10-05T16:19:05.545+00:00,481.223,manual,Manual cook,temp,2100,446.5,,esp32,,0,,,,,,,,,,,,1,445.0,2.0,2.0,0,NONE
2026-10-05T16:19:06.045+00:00,481.723,manual,Manual cook,temp,2100,446.5,,esp32,,0,,,,,,,,,,,,1,445.0,2.0,2.0,0,NONE
2026-10-05T16:19:07.045+00:00,482.723,manual,Manual cook,temp,2100,446.5,,esp32,,0,,,,,,,,,,,,1,445.0,2.0,2.0,0,NONE
2026-10-05T16:19:07.545+00:00,483.223,manual,Manual cook,temp,2100,446.5,,esp32,,0,,,,,,,,,,,,1,445.0,10.0,10.0,0,NONE
2026-10-05T16:19:08.546+00:00,484.223,manual,Manual cook,temp,2100,446.5,,esp32,,0,,,,,,,,,,,,1,445.0,2.0,2.0,0,NONE
2026-10-05T16:19:09.545+00:00,485.223,manual,Manual cook,temp,2100,446.0,,esp32,,0,,,,,,,,,,,,1,445.0,0.0,0.0,0,NONE
2026-10-05T16:19:10.545+00:00,486.223,manual,Manual cook,temp,2100,444.6,,esp32,,0,,,,,,,,,,,,1,445.0,27.0,27.0,0,NONE
2026-10-05T16:19:11.045+00:00,486.723,manual,Manual cook,temp,2100,445.5,,esp32,,0,,,,,,,,,,,,1,445.0,0.0,0.0,0,NONE
2026-10-05T16:19:12.046+00:00,487.724,manual,Manual cook,temp,2100,445.5,,esp32,,0,,,,,,,,,,,,1,445.0,4.0,4.0,0,NONE
2026-10-05T16:19:13.045+00:00,488.722,manual,Manual cook,temp,2100,445.5,,esp32,,0,,,,,,,,,,,,1,445.0,0.0,0.0,0,NONE
2026-10-05T16:19:13.545+00:00,489.223,manual,Manual cook,temp,2100,445.1,,esp32,,0,,,,,,,,,,,,1,445.0,9.0,12.0,0,NONE
2026-10-05T16:19:14.045+00:00,489.723,manual,Manual cook,temp,2100,445.1,,esp32,,0,,,,,,,,,,,,1,445.0,5.0,5.0,0,NONE
2026-10-05T16:19:15.045+00:00,490.722,manual,Manual cook,temp,2100,445.1,,esp32,,0,,,,,,,,,,,,1,445.0,0.0,0.0,0,NONE
2026-10-05T16:19:16.045+00:00,491.723,manual,Manual cook,temp,2100,445.1,,esp32,,0,,,,,,,,,,,,1,445.0,21.0,21.0,0,NONE
2026-10-05T16:19:17.045+00:00,492.722,manual,Manual cook,temp,2100,444.6,,esp32,,0,,,,,,,,,,,,1,445.0,0.0,0.0,0,NONE
2026-10-05T16:19:17.545+00:00,493.222,manual,Manual cook,temp,2100,445.5,,esp32,,0,,,,,,,,,,,,1,445.0,9.0,20.0,0,NONE
2026-10-05T16:19:18.545+00:00,494.222,manual,Manual cook,temp,2100,445.5,,esp32,,0,,,,,,,,,,,,1,445.0,4.0,4.0,0,NONE
2026-10-05T16:19:19.045+00:00,494.722,manual,Manual cook,temp,2100,446.0,,esp32,,0,,,,,,,,,,,,1,445.0,0.0,0.0,0,NONE
2026-10-05T16:19:20.045+00:00,495.722,manual,Manual cook,temp,2100,445.1,,esp32,,0,,,,,,,,,,,,1,445.0,11.0,11.0,0,NONE
2026-10-05T16:19:21.045+00:00,496.722,manual,Manual cook,temp,2100,445.5,,esp32,,0,,,,,,,,,,,,1,445.0,0.0,0.0,0,NONE
2026-10-05T16:19:22.045+00:00,497.722,manual,Manual cook,temp,2100,445.1,,esp32,,0,,,,,,,,,,,,1,445.0,12.0,12.0,0,NONE
2026-10-05T16:19:23.045+00:00,498.722,manual,Manual cook,temp,2100,445.5,,esp32,,0,,,,,,,,,,,,1,445.0,4.0,4.0,0,NONE
2026-10-05T16:19:23.545+00:00,499.222,manual,Manual cook,temp,2100,445.5,,esp32,,0,,,,,,,,,,,,1,445.0,4.0,4.0,0,NONE
2026-10-05T16:19:24.545+00:00,500.222,manual,Manual cook,temp,2100,446.0,,esp32,,0,,,,,,,,,,,,1,445.0,0.0,0.0,0,NONE
2026-10-05T16:19:25.545+00:00,501.222,manual,Manual cook,temp,2100,445.1,,esp32,,0,,,,,,,,,,,,1,445.0,12.0,12.0,0,NONE
2026-10-05T16:19:26.545+00:00,502.222,manual,Manual cook,temp,2100,445.5,,esp32,,0,,,,,,,,,,,,1,445.0,3.0,3.0,0,NONE
2026-10-05T16:19:27.045+00:00,502.722,manual,Manual cook,temp,2100,445.5,,esp32,,0,,,,,,,,,,,,1,445.0,11.0,11.0,0,NONE
2026-10-05T16:19:28.044+00:00,503.722,manual,Manual cook,temp,2100,446.0,,esp32,,0,,,,,,,,,,,,1,445.0,9.0,10.0,0,NONE
2026-10-05T16:19:29.045+00:00,504.722,manual,Manual cook,temp,2100,446.0,,esp32,,0,,,,,,,,,,,,1,445.0,11.0,11.0,0,NONE
2026-10-05T16:19:30.044+00:00,505.722,manual,Manual cook,temp,2100,446.5,,esp32,,0,,,,,,,,,,,,1,445.0,0.0,0.0,0,NONE
2026-10-05T16:19:31.044+00:00,506.722,manual,Manual cook,temp,2100,446.9,,esp32,,0,,,,,,,,,,,,1,445.0,9.0,9.0,0,NONE
2026-10-05T16:19:32.044+00:00,507.722,manual,Manual cook,temp,2100,446.0,,esp32,,0,,,,,,,,,,,,1,445.0,9.0,17.0,0,NONE
2026-10-05T16:19:33.044+00:00,508.722,manual,Manual cook,temp,2100,446.5,,esp32,,0,,,,,,,,,,,,1,445.0,9.0,9.0,0,NONE
2026-10-05T16:19:33.544+00:00,509.222,manual,Manual cook,temp,2100,446.5,,esp32,,0,,,,,,,,,,,,1,445.0,0.0,0.0,0,NONE
2026-10-05T16:19:34.544+00:00,510.222,manual,Manual cook,temp,2100,446.5,,esp32,,0,,,,,,,,,,,,1,445.0,2.0,2.0,0,NONE
2026-10-05T16:19:35.044+00:00,510.722,manual,Manual cook,temp,2100,446.0,,esp32,,0,,,,,,,,,,,,1,445.0,10.0,10.0,0,NONE
2026-10-05T16:19:36.044+00:00,511.722,manual,Manual cook,temp,2100,446.5,,esp32,,0,,,,,,,,,,,,1,445.0,9.0,9.0,0,NONE
2026-10-05T16:19:36.544+00:00,512.222,manual,Manual cook,temp,2100,446.0,,esp32,,0,,,,,,,,,,,,1,445.0,10.0,10.0,0,NONE
2026-10-05T16:19:37.544+00:00,513.222,manual,Manual cook,temp,2100,446.5,,esp32,,0,,,,,,,,,,,,1,445.0,3.0,3.0,0,NONE
2026-10-05T16:19:38.544+00:00,514.222,manual,Manual cook,temp,2100,446.0,,esp32,,0,,,,,,,,,,,,1,445.0,9.0,10.0,0,NONE
2026-10-05T16:19:39.544+00:00,515.222,manual,Manual cook,temp,2100,446.9,,esp32,,0,,,,,,,,,,,,1,445.0,0.0,0.0,0,NONE
2026-10-05T16:19:40.544+00:00,516.221,manual,Manual cook,temp,2100,446.9,,esp32,,0,,,,,,,,,,,,1,445.0,1.0,1.0,0,NONE
2026-10-05T16:19:41.544+00:00,517.221,manual,Manual cook,temp,2100,446.5,,esp32,,0,,,,,,,,,,,,1,445.0,2.0,2.0,0,NONE
2026-10-05T16:19:42.544+00:00,518.221,manual,Manual cook,temp,2100,446.5,,esp32,,0,,,,,,,,,,,,1,445.0,9.0,9.0,0,NONE
2026-10-05T16:19:43.044+00:00,518.721,manual,Manual cook,temp,2100,446.9,,esp32,,0,,,,,,,,,,,,1,445.0,0.0,0.0,0,NONE
2026-10-05T16:19:44.044+00:00,519.721,manual,Manual cook,temp,2100,446.5,,esp32,,0,,,,,,,,,,,,1,445.0,9.0,9.0,0,NONE
2026-10-05T16:19:44.544+00:00,520.221,manual,Manual cook,temp,2100,446.5,,esp32,,0,,,,,,,,,,,,1,445.0,2.0,2.0,0,NONE
2026-10-05T16:19:45.544+00:00,521.222,manual,Manual cook,temp,2100,446.0,,esp32,,0,,,,,,,,,,,,1,445.0,10.0,10.0,0,NONE
2026-10-05T16:19:46.544+00:00,522.221,manual,Manual cook,temp,2100,446.5,,esp32,,0,,,,,,,,,,,,1,445.0,9.0,18.0,0,NONE
2026-10-05T16:19:47.544+00:00,523.221,manual,Manual cook,temp,2100,446.5,,esp32,,0,,,,,,,,,,,,1,445.0,2.0,2.0,0,NONE
2026-10-05T16:19:48.544+00:00,524.221,manual,Manual cook,temp,2100,446.0,,esp32,,0,,,,,,,,,,,,1,445.0,10.0,10.0,0,NONE
2026-10-05T16:19:49.544+00:00,525.221,manual,Manual cook,temp,2100,446.0,,esp32,,0,,,,,,,,,,,,1,445.0,9.0,10.0,0,NONE
2026-10-05T16:19:50.544+00:00,526.221,manual,Manual cook,temp,2100,446.0,,esp32,,0,,,,,,,,,,,,1,445.0,3.0,3.0,0,NONE
2026-10-05T16:19:51.544+00:00,527.221,manual,Manual cook,temp,2100,446.0,,esp32,,0,,,,,,,,,,,,1,445.0,28.0,28.0,0,NONE
2026-10-05T16:19:52.544+00:00,528.221,manual,Manual cook,temp,2100,444.2,,esp32,,0,,,,,,,,,,,,1,445.0,9.0,35.0,0,NONE
2026-10-05T16:19:53.544+00:00,529.221,manual,Manual cook,temp,2100,445.5,,esp32,,0,,,,,,,,,,,,1,445.0,4.0,4.0,0,NONE
2026-10-05T16:19:54.044+00:00,529.721,manual,Manual cook,temp,2100,445.1,,esp32,,0,,,,,,,,,,,,1,445.0,12.0,12.0,0,NONE
2026-10-05T16:19:55.044+00:00,530.721,manual,Manual cook,temp,2100,445.5,,esp32,,0,,,,,,,,,,,,1,445.0,13.0,13.0,0,NONE
2026-10-05T16:19:56.044+00:00,531.721,manual,Manual cook,temp,2100,445.1,,esp32,,0,,,,,,,,,,,,1,445.0,4.0,4.0,0,NONE
2026-10-05T16:19:57.043+00:00,532.721,manual,Manual cook,temp,2100,445.1,,esp32,,0,,,,,,,,,,,,1,445.0,4.0,4.0,0,NONE
2026-10-05T16:19:58.043+00:00,533.721,manual,Manual cook,temp,2100,446.0,,esp32,,0,,,,,,,,,,,,1,445.0,3.0,3.0,0,NONE
2026-10-05T16:19:58.543+00:00,534.221,manual,Manual cook,temp,2100,446.0,,esp32,,0,,,,,,,,,,,,1,445.0,3.0,3.0,0,NONE
2026-10-05T16:19:59.043+00:00,534.721,manual,Manual cook,temp,2100,446.5,,esp32,,0,,,,,,,,,,,,1,445.0,0.0,0.0,0,NONE
2026-10-05T16:20:00.043+00:00,535.721,manual,Manual cook,temp,2100,446.5,,esp32,,0,,,,,,,,,,,,1,445.0,2.0,2.0,0,NONE
2026-10-05T16:20:01.043+00:00,536.721,manual,Manual cook,temp,2100,446.5,,esp32,,0,,,,,,,,,,,,1,445.0,2.0,2.0,0,NONE
2026-10-05T16:20:01.543+00:00,537.221,manual,Manual cook,temp,2100,446.5,,esp32,,0,,,,,,,,,,,,1,445.0,2.0,2.0,0,NONE
2026-10-05T16:20:02.543+00:00,538.221,manual,Manual cook,temp,2100,446.0,,esp32,,0,,,,,,,,,,,,1,445.0,9.0,17.0,0,NONE
2026-10-05T16:20:03.043+00:00,538.721,manual,Manual cook,temp,2100,445.5,,esp32,,0,,,,,,,,,,,,1,445.0,19.0,19.0,0,NONE
2026-10-05T16:20:04.043+00:00,539.721,manual,Manual cook,temp,2100,446.0,,esp32,,0,,,,,,,,,,,,1,445.0,0.0,0.0,0,NONE
2026-10-05T16:20:05.043+00:00,540.721,manual,Manual cook,temp,2100,445.5,,esp32,,0,,,,,,,,,,,,1,445.0,11.0,11.0,0,NONE
2026-10-05T16:20:05.543+00:00,541.221,manual,Manual cook,temp,2100,445.5,,esp32,,0,,,,,,,,,,,,1,445.0,20.0,20.0,0,NONE
2026-10-05T16:20:06.543+00:00,542.221,manual,Manual cook,temp,2100,445.1,,esp32,,0,,,,,,,,,,,,1,445.0,9.0,11.0,0,NONE
2026-10-05T16:20:07.044+00:00,542.722,manual,Manual cook,temp,2100,445.5,,esp32,,0,,,,,,,,,,,,1,445.0,0.0,0.0,0,NONE
2026-10-05T16:20:08.043+00:00,543.720,manual,Manual cook,temp,2100,446.0,,esp32,,0,,,,,,,,,,,,1,445.0,0.0,0.0,0,NONE
2026-10-05T16:20:08.543+00:00,544.221,manual,Manual cook,temp,2100,445.5,,esp32,,0,,,,,,,,,,,,1,445.0,9.0,11.0,0,NONE
2026-10-05T16:20:09.543+00:00,545.221,manual,Manual cook,temp,2100,444.6,,esp32,,0,,,,,,,,,,,,1,445.0,3.0,3.0,0,NONE
2026-10-05T16:20:10.043+00:00,545.721,manual,Manual cook,temp,2100,444.6,,esp32,,0,,,,,,,,,,,,1,445.0,20.0,20.0,0,NONE
2026-10-05T16:20:11.043+00:00,546.720,manual,Manual cook,temp,2100,445.1,,esp32,,0,,,,,,,,,,,,1,445.0,9.0,11.0,0,NONE
2026-10-05T16:20:12.043+00:00,547.720,manual,Manual cook,temp,2100,445.1,,esp32,,0,,,,,,,,,,,,1,445.0,3.0,3.0,0,NONE
2026-10-05T16:20:12.543+00:00,548.221,manual,Manual cook,temp,2100,445.1,,esp32,,0,,,,,,,,,,,,1,445.0,11.0,11.0,0,NONE
2026-10-05T16:20:13.543+00:00,549.220,manual,Manual cook,temp,2100,445.5,,esp32,,0,,,,,,,,,,,,1,445.0,0.0,0.0,0,NONE
2026-10-05T16:20:14.043+00:00,549.720,manual,Manual cook,temp,2100,446.0,,esp32,,0,,,,,,,,,,,,1,445.0,0.0,0.0,0,NONE
2026-10-05T16:20:15.043+00:00,550.720,manual,Manual cook,temp,2100,446.5,,esp32,,0,,,,,,,,,,,,1,445.0,2.0,2.0,0,NONE
2026-10-05T16:20:15.543+00:00,551.220,manual,Manual cook,temp,2100,446.0,,esp32,,0,,,,,,,,,,,,1,445.0,0.0,0.0,0,NONE
2026-10-05T16:20:16.543+00:00,552.220,manual,Manual cook,temp,2100,445.1,,esp32,,0,,,,,,,,,,,,1,445.0,19.0,19.0,0,NONE
2026-10-05T16:20:17.543+00:00,553.220,manual,Manual cook,temp,2100,445.5,,esp32,,0,,,,,,,,,,,,1,445.0,0.0,0.0,0,NONE
2026-10-05T16:20:18.043+00:00,553.720,manual,Manual cook,temp,2100,445.1,,esp32,,0,,,,,,,,,,,,1,445.0,3.0,3.0,0,NONE
2026-10-05T16:20:18.543+00:00,554.220,manual,Manual cook,temp,2100,445.1,,esp32,,0,,,,,,,,,,,,1,445.0,11.0,11.0,0,NONE
2026-10-05T16:20:19.543+00:00,555.220,manual,Manual cook,temp,2100,445.5,,esp32,,0,,,,,,,,,,,,1,445.0,9.0,11.0,0,NONE
2026-10-05T16:20:20.543+00:00,556.220,manual,Manual cook,temp,2100,446.0,,esp32,,0,,,,,,,,,,,,1,445.0,3.0,3.0,0,NONE
2026-10-05T16:20:21.543+00:00,557.220,manual,Manual cook,temp,2100,445.1,,esp32,,0,,,,,,,,,,,,1,445.0,9.0,19.0,0,NONE
2026-10-05T16:20:22.543+00:00,558.220,manual,Manual cook,temp,2100,446.0,,esp32,,0,,,,,,,,,,,,1,445.0,9.0,20.0,0,NONE
2026-10-05T16:20:23.543+00:00,559.220,manual,Manual cook,temp,2100,445.5,,esp32,,0,,,,,,,,,,,,1,445.0,9.0,11.0,0,NONE
2026-10-05T16:20:24.542+00:00,560.220,manual,Manual cook,temp,2100,445.5,,esp32,,0,,,,,,,,,,,,1,445.0,3.0,3.0,0,NONE
2026-10-05T16:20:25.043+00:00,560.720,manual,Manual cook,temp,2100,446.5,,esp32,,0,,,,,,,,,,,,1,445.0,3.0,3.0,0,NONE
2026-10-05T16:20:26.042+00:00,561.720,manual,Manual cook,temp,2100,445.5,,esp32,,0,,,,,,,,,,,,1,445.0,9.0,18.0,0,NONE
2026-10-05T16:20:27.043+00:00,562.720,manual,Manual cook,temp,2100,445.5,,esp32,,0,,,,,,,,,,,,1,445.0,9.0,27.0,0,NONE
2026-10-05T16:20:28.042+00:00,563.720,manual,Manual cook,temp,2100,445.1,,esp32,,0,,,,,,,,,,,,1,445.0,9.0,11.0,0,NONE
2026-10-05T16:20:29.042+00:00,564.720,manual,Manual cook,temp,2100,445.5,,esp32,,0,,,,,,,,,,,,1,445.0,9.0,10.0,0,NONE
2026-10-05T16:20:30.042+00:00,565.720,manual,Manual cook,temp,2100,446.0,,esp32,,0,,,,,,,,,,,,1,445.0,2.0,2.0,0,NONE
2026-10-05T16:20:30.542+00:00,566.220,manual,Manual cook,temp,2100,446.0,,esp32,,0,,,,,,,,,,,,1,445.0,10.0,10.0,0,NONE
2026-10-05T16:20:32.042+00:00,567.720,manual,Manual cook,temp,2100,446.0,,esp32,,0,,,,,,,,,,,,1,445.0,0.0,0.0,0,NONE
2026-10-05T16:20:32.542+00:00,568.220,manual,Manual cook,temp,2100,445.5,,esp32,,0,,,,,,,,,,,,1,445.0,9.0,10.0,0,NONE
2026-10-05T16:20:33.043+00:00,568.720,manual,Manual cook,temp,2100,445.5,,esp32,,0,,,,,,,,,,,,1,445.0,19.0,19.0,0,NONE
2026-10-05T16:20:34.042+00:00,569.720,manual,Manual cook,temp,2100,445.5,,esp32,,0,,,,,,,,,,,,1,445.0,3.0,3.0,0,NONE
2026-10-05T16:20:34.542+00:00,570.220,manual,Manual cook,temp,2100,445.1,,esp32,,0,,,,,,,,,,,,1,445.0,11.0,11.0,0,NONE
2026-10-05T16:20:35.542+00:00,571.220,manual,Manual cook,temp,2100,445.5,,esp32,,0,,,,,,,,,,,,1,445.0,0.0,0.0,0,NONE
2026-10-05T16:20:36.542+00:00,572.220,manual,Manual cook,temp,2100,446.5,,esp32,,0,,,,,,,,,,,,1,445.0,0.0,0.0,0,NONE
2026-10-05T16:20:37.042+00:00,572.720,manual,Manual cook,temp,2100,445.5,,esp32,,0,,,,,,,,,,,,1,445.0,9.0,18.0,0,NONE
2026-10-05T16:20:38.042+00:00,573.720,manual,Manual cook,temp,2100,445.5,,esp32,,0,,,,,,,,,,,,1,445.0,9.0,19.0,0,NONE
2026-10-05T16:20:39.042+00:00,574.720,manual,Manual cook,temp,2100,445.5,,esp32,,0,,,,,,,,,,,,1,445.0,0.0,0.0,0,NONE
2026-10-05T16:20:39.542+00:00,575.220,manual,Manual cook,temp,2100,445.5,,esp32,,0,,,,,,,,,,,,1,445.0,9.0,10.0,0,NONE
2026-10-05T16:20:40.542+00:00,576.220,manual,Manual cook,temp,2100,446.5,,esp32,,0,,,,,,,,,,,,1,445.0,11.0,11.0,0,NONE
2026-10-05T16:20:41.542+00:00,577.220,manual,Manual cook,temp,2100,446.0,,esp32,,0,,,,,,,,,,,,1,445.0,9.0,26.0,0,NONE
2026-10-05T16:20:42.542+00:00,578.219,manual,Manual cook,temp,2100,445.5,,esp32,,0,,,,,,,,,,,,1,445.0,2.0,2.0,0,NONE
2026-10-05T16:20:43.042+00:00,578.719,manual,Manual cook,temp,2100,445.5,,esp32,,0,,,,,,,,,,,,1,445.0,10.0,10.0,0,NONE
2026-10-05T16:20:43.542+00:00,579.220,manual,Manual cook,temp,2100,445.5,,esp32,,0,,,,,,,,,,,,1,445.0,3.0,3.0,0,NONE
2026-10-05T16:20:44.542+00:00,580.219,manual,Manual cook,temp,2100,446.0,,esp32,,0,,,,,,,,,,,,1,445.0,0.0,0.0,0,NONE
2026-10-05T16:20:45.542+00:00,581.219,manual,Manual cook,temp,2100,446.0,,esp32,,0,,,,,,,,,,,,1,445.0,2.0,2.0,0,NONE
2026-10-05T16:20:46.542+00:00,582.219,manual,Manual cook,temp,2100,446.0,,esp32,,0,,,,,,,,,,,,1,445.0,2.0,2.0,0,NONE
2026-10-05T16:20:47.542+00:00,583.219,manual,Manual cook,temp,2100,445.1,,esp32,,0,,,,,,,,,,,,1,445.0,18.0,18.0,0,NONE
2026-10-05T16:20:48.542+00:00,584.219,manual,Manual cook,temp,2100,445.5,,esp32,,0,,,,,,,,,,,,1,445.0,9.0,10.0,0,NONE
2026-10-05T16:20:49.542+00:00,585.219,manual,Manual cook,temp,2100,445.1,,esp32,,0,,,,,,,,,,,,1,445.0,3.0,3.0,0,NONE
2026-10-05T16:20:50.042+00:00,585.719,manual,Manual cook,temp,2100,445.1,,esp32,,0,,,,,,,,,,,,1,445.0,11.0,11.0,0,NONE
2026-10-05T16:20:51.042+00:00,586.719,manual,Manual cook,temp,2100,446.0,,esp32,,0,,,,,,,,,,,,1,445.0,0.0,0.0,0,NONE
2026-10-05T16:20:51.542+00:00,587.219,manual,Manual cook,temp,2100,444.2,,esp32,,0,,,,,,,,,,,,1,445.0,0.0,0.0,0,NONE
2026-10-05T16:20:52.042+00:00,587.719,manual,Manual cook,temp,2100,444.2,,esp32,,0,,,,,,,,,,,,1,445.0,9.0,35.0,0,NONE
2026-10-05T16:20:53.042+00:00,588.719,manual,Manual cook,temp,2100,445.1,,esp32,,0,,,,,,,,,,,,1,445.0,9.0,11.0,0,NONE
2026-10-05T16:20:54.042+00:00,589.720,manual,Manual cook,temp,2100,445.1,,esp32,,0,,,,,,,,,,,,1,445.0,3.0,3.0,0,NONE
2026-10-05T16:20:55.041+00:00,590.719,manual,Manual cook,temp,2100,445.1,,esp32,,0,,,,,,,,,,,,1,445.0,4.0,4.0,0,NONE
2026-10-05T16:20:55.541+00:00,591.219,manual,Manual cook,temp,2100,445.1,,esp32,,0,,,,,,,,,,,,1,445.0,4.0,4.0,0,NONE
2026-10-05T16:20:56.541+00:00,592.219,manual,Manual cook,temp,2100,445.1,,esp32,,0,,,,,,,,,,,,1,445.0,4.0,4.0,0,NONE
2026-10-05T16:20:57.541+00:00,593.219,manual,Manual cook,temp,2100,445.1,,esp32,,0,,,,,,,,,,,,1,445.0,9.0,18.0,0,NONE
2026-10-05T16:20:58.041+00:00,593.719,manual,Manual cook,temp,2100,445.5,,esp32,,0,,,,,,,,,,,,1,445.0,0.0,0.0,0,NONE
2026-10-05T16:20:59.041+00:00,594.719,manual,Manual cook,temp,2100,445.1,,esp32,,0,,,,,,,,,,,,1,445.0,11.0,11.0,0,NONE
2026-10-05T16:21:00.041+00:00,595.719,manual,Manual cook,temp,2100,446.0,,esp32,,0,,,,,,,,,,,,1,445.0,3.0,3.0,0,NONE
2026-10-05T16:21:01.041+00:00,596.719,manual,Manual cook,temp,2100,446.0,,esp32,,0,,,,,,,,,,,,1,445.0,2.0,2.0,0,NONE
2026-10-05T16:21:02.041+00:00,597.719,manual,Manual cook,temp,2100,445.5,,esp32,,0,,,,,,,,,,,,1,445.0,2.0,2.0,0,NONE
2026-10-05T16:21:02.541+00:00,598.219,manual,Manual cook,temp,2100,445.5,,esp32,,0,,,,,,,,,,,,1,445.0,10.0,10.0,0,NONE
2026-10-05T16:21:03.541+00:00,599.219,manual,Manual cook,temp,2100,445.5,,esp32,,0,,,,,,,,,,,,1,445.0,3.0,3.0,0,NONE
2026-10-05T16:21:04.041+00:00,599.719,manual,Manual cook,temp,2100,445.5,,esp32,,0,,,,,,,,,,,,1,445.0,3.0,3.0,0,NONE
2026-10-05T16:21:04.541+00:00,600.219,manual,Manual cook,temp,2100,445.1,,esp32,,0,,,,,,,,,,,,1,445.0,0.0,0.0,0,NONE
2026-10-05T16:21:05.541+00:00,601.218,manual,Manual cook,temp,2100,446.0,,esp32,,0,,,,,,,,,,,,1,445.0,0.0,0.0,0,NONE
2026-10-05T16:21:06.041+00:00,601.719,manual,Manual cook,temp,2100,445.1,,esp32,,0,,,,,,,,,,,,1,445.0,9.0,18.0,0,NONE
2026-10-05T16:21:06.541+00:00,602.219,manual,Manual cook,temp,2100,446.0,,esp32,,0,,,,,,,,,,,,1,445.0,0.0,0.0,0,NONE
2026-10-05T16:21:07.541+00:00,603.218,manual,Manual cook,temp,2100,446.0,,esp32,,0,,,,,,,,,,,,1,445.0,2.0,2.0,0,NONE
2026-10-05T16:21:08.041+00:00,603.719,manual,Manual cook,temp,2100,446.0,,esp32,,0,,,,,,,,,,,,1,445.0,2.0,2.0,0,NONE
2026-10-05T16:21:09.041+00:00,604.718,manual,Manual cook,temp,2100,446.0,,esp32,,0,,,,,,,,,,,,1,445.0,2.0,2.0,0,NONE
2026-10-05T16:21:09.541+00:00,605.219,manual,Manual cook,temp,2100,445.1,,esp32,,0,,,,,,,,,,,,1,445.0,18.0,18.0,0,NONE
2026-10-05T16:21:10.541+00:00,606.219,manual,Manual cook,temp,2100,445.1,,esp32,,0,,,,,,,,,,,,1,445.0,0.0,0.0,0,NONE
2026-10-05T16:21:11.541+00:00,607.218,manual,Manual cook,temp,2100,445.1,,esp32,,0,,,,,,,,,,,,1,445.0,4.0,4.0,0,NONE
2026-10-05T16:21:12.541+00:00,608.219,manual,Manual cook,temp,2100,444.6,,esp32,,0,,,,,,,,,,,,1,445.0,20.0,20.0,0,NONE
2026-10-05T16:21:13.541+00:00,609.218,manual,Manual cook,temp,2100,445.1,,esp32,,0,,,,,,,,,,,,1,445.0,5.0,5.0,0,NONE
2026-10-05T16:21:14.541+00:00,610.218,manual,Manual cook,temp,2100,445.1,,esp32,,0,,,,,,,,,,,,1,445.0,0.0,0.0,0,NONE
2026-10-05T16:21:15.541+00:00,611.218,manual,Manual cook,temp,2100,444.6,,esp32,,0,,,,,,,,,,,,1,445.0,0.0,0.0,0,NONE
2026-10-05T16:21:16.041+00:00,611.718,manual,Manual cook,temp,2100,445.1,,esp32,,0,,,,,,,,,,,,1,445.0,9.0,19.0,0,NONE
2026-10-05T16:21:17.041+00:00,612.718,manual,Manual cook,temp,2100,445.1,,esp32,,0,,,,,,,,,,,,1,445.0,4.0,4.0,0,NONE
2026-10-05T16:21:17.541+00:00,613.218,manual,Manual cook,temp,2100,444.6,,esp32,,0,,,,,,,,,,,,1,445.0,12.0,12.0,0,NONE
2026-10-05T16:21:18.541+00:00,614.218,manual,Manual cook,temp,2100,444.6,,esp32,,0,,,,,,,,,,,,1,445.0,5.0,5.0,0,NONE
2026-10-05T16:21:19.041+00:00,614.718,manual,Manual cook,temp,2100,444.6,,esp32,,0,,,,,,,,,,,,1,445.0,5.0,5.0,0,NONE
2026-10-05T16:21:20.041+00:00,615.718,manual,Manual cook,temp,2100,445.1,,esp32,,0,,,,,,,,,,,,1,445.0,0.0,0.0,0,NONE
2026-10-05T16:21:20.541+00:00,616.218,manual,Manual cook,temp,2100,444.6,,esp32,,0,,,,,,,,,,,,1,445.0,9.0,12.0,0,NONE
2026-10-05T16:21:21.541+00:00,617.218,manual,Manual cook,temp,2100,444.6,,esp32,,0,,,,,,,,,,,,1,445.0,9.0,19.0,0,NONE
2026-10-05T16:21:22.540+00:00,618.218,manual,Manual cook,temp,2100,445.1,,esp32,,0,,,,,,,,,,,,1,445.0,4.0,4.0,0,NONE
2026-10-05T16:21:23.540+00:00,619.218,manual,Manual cook,temp,2100,445.1,,esp32,,0,,,,,,,,,,,,1,445.0,0.0,0.0,0,NONE
2026-10-05T16:21:24.040+00:00,619.718,manual,Manual cook,temp,2100,445.1,,esp32,,0,,,,,,,,,,,,1,445.0,9.0,18.0,0,NONE
2026-10-05T16:21:25.041+00:00,620.718,manual,Manual cook,temp,2100,445.1,,esp32,,0,,,,,,,,,,,,1,445.0,9.0,19.0,0,NONE
2026-10-05T16:21:26.040+00:00,621.718,manual,Manual cook,temp,2100,445.1,,esp32,,0,,,,,,,,,,,,1,445.0,4.0,4.0,0,NONE
2026-10-05T16:21:26.540+00:00,622.218,manual,Manual cook,temp,2100,444.6,,esp32,,0,,,,,,,,,,,,1,445.0,12.0,12.0,0,NONE
2026-10-05T16:21:27.540+00:00,623.218,manual,Manual cook,temp,2100,445.1,,esp32,,0,,,,,,,,,,,,1,445.0,4.0,4.0,0,NONE
2026-10-05T16:21:28.041+00:00,623.718,manual,Manual cook,temp,2100,445.1,,esp32,,0,,,,,,,,,,,,1,445.0,20.0,20.0,0,NONE
2026-10-05T16:21:29.040+00:00,624.718,manual,Manual cook,temp,2100,445.5,,esp32,,0,,,,,,,,,,,,1,445.0,9.0,28.0,0,NONE
2026-10-05T16:21:30.040+00:00,625.718,manual,Manual cook,temp,2100,445.1,,esp32,,0,,,,,,,,,,,,1,445.0,3.0,3.0,0,NONE
2026-10-05T16:21:30.540+00:00,626.218,manual,Manual cook,temp,2100,445.1,,esp32,,0,,,,,,,,,,,,1,445.0,11.0,11.0,0,NONE
2026-10-05T16:21:31.041+00:00,626.718,manual,Manual cook,temp,2100,445.5,,esp32,,0,,,,,,,,,,,,1,445.0,4.0,4.0,0,NONE
2026-10-05T16:21:32.040+00:00,627.718,manual,Manual cook,temp,2100,444.6,,esp32,,0,,,,,,,,,,,,1,445.0,9.0,19.0,0,NONE
2026-10-05T16:21:32.540+00:00,628.218,manual,Manual cook,temp,2100,445.5,,esp32,,0,,,,,,,,,,,,1,445.0,0.0,0.0,0,NONE
2026-10-05T16:21:33.540+00:00,629.218,manual,Manual cook,temp,2100,444.2,,esp32,,0,,,,,,,,,,,,1,445.0,9.0,27.0,0,NONE
2026-10-05T16:21:34.040+00:00,629.718,manual,Manual cook,temp,2100,445.1,,esp32,,0,,,,,,,,,,,,1,445.0,0.0,0.0,0,NONE
2026-10-05T16:21:34.540+00:00,630.218,manual,Manual cook,temp,2100,444.6,,esp32,,0,,,,,,,,,,,,1,445.0,4.0,4.0,0,NONE
2026-10-05T16:21:35.040+00:00,630.718,manual,Manual cook,temp,2100,445.1,,esp32,,0,,,,,,,,,,,,1,445.0,12.0,12.0,0,NONE
2026-10-05T16:21:36.040+00:00,631.718,manual,Manual cook,temp,2100,445.1,,esp32,,0,,,,,,,,,,,,1,445.0,0.0,0.0,0,NONE
2026-10-05T16:21:37.040+00:00,632.718,manual,Manual cook,temp,2100,444.6,,esp32,,0,,,,,,,,,,,,1,445.0,0.0,0.0,0,NONE
2026-10-05T16:21:38.040+00:00,633.718,manual,Manual cook,temp,2100,444.2,,esp32,,0,,,,,,,,,,,,1,445.0,13.0,13.0,0,NONE
2026-10-05T16:21:39.040+00:00,634.717,manual,Manual cook,temp,2100,444.6,,esp32,,0,,,,,,,,,,,,1,445.0,9.0,19.0,0,NONE
2026-10-05T16:21:39.540+00:00,635.217,manual,Manual cook,temp,2100,445.5,,esp32,,0,,,,,,,,,,,,1,445.0,0.0,0.0,0,NONE
2026-10-05T16:21:40.540+00:00,636.217,manual,Manual cook,temp,2100,444.6,,esp32,,0,,,,,,,,,,,,1,445.0,9.0,19.0,0,NONE
2026-10-05T16:21:41.540+00:00,637.218,manual,Manual cook,temp,2100,445.1,,esp32,,0,,,,,,,,,,,,1,445.0,0.0,0.0,0,NONE
2026-10-05T16:21:42.540+00:00,638.217,manual,Manual cook,temp,2100,444.2,,esp32,,0,,,,,,,,,,,,1,445.0,0.0,0.0,0,NONE
2026-10-05T16:21:43.540+00:00,639.217,manual,Manual cook,temp,2100,445.1,,esp32,,0,,,,,,,,,,,,1,445.0,0.0,0.0,0,NONE
2026-10-05T16:21:44.040+00:00,639.717,manual,Manual cook,temp,2100,445.1,,esp32,,0,,,,,,,,,,,,1,445.0,9.0,12.0,0,NONE
2026-10-05T16:21:45.040+00:00,640.717,manual,Manual cook,temp,2100,444.2,,esp32,,0,,,,,,,,,,,,1,445.0,9.0,20.0,0,NONE
2026-10-05T16:21:46.040+00:00,641.717,manual,Manual cook,temp,2100,445.1,,esp32,,0,,,,,,,,,,,,1,445.0,4.0,4.0,0,NONE
2026-10-05T16:21:46.540+00:00,642.217,manual,Manual cook,temp,2100,444.2,,esp32,,0,,,,,,,,,,,,1,445.0,20.0,20.0,0,NONE
2026-10-05T16:21:47.540+00:00,643.217,manual,Manual cook,temp,2100,443.8,,esp32,,0,,,,,,,,,,,,1,445.0,9.0,13.0,0,NONE
2026-10-05T16:21:48.540+00:00,644.217,manual,Manual cook,temp,2100,444.2,,esp32,,0,,,,,,,,,,,,1,445.0,0.0,0.0,0,NONE
2026-10-05T16:21:49.040+00:00,644.717,manual,Manual cook,temp,2100,445.1,,esp32,,0,,,,,,,,,,,,1,445.0,6.0,6.0,0,NONE
2026-10-05T16:21:50.040+00:00,645.717,manual,Manual cook,temp,2100,444.2,,esp32,,0,,,,,,,,,,,,1,445.0,9.0,20.0,0,NONE
2026-10-05T16:21:51.039+00:00,646.717,manual,Manual cook,temp,2100,445.1,,esp32,,0,,,,,,,,,,,,1,445.0,0.0,0.0,0,NONE
2026-10-05T16:21:51.540+00:00,647.217,manual,Manual cook,temp,2100,444.6,,esp32,,0,,,,,,,,,,,,1,445.0,9.0,12.0,0,NONE
2026-10-05T16:21:52.540+00:00,648.217,manual,Manual cook,temp,2100,445.1,,esp32,,0,,,,,,,,,,,,1,445.0,9.0,20.0,0,NONE
2026-10-05T16:21:53.539+00:00,649.217,manual,Manual cook,temp,2100,444.6,,esp32,,0,,,,,,,,,,,,1,445.0,9.0,12.0,0,NONE
2026-10-05T16:21:54.040+00:00,649.717,manual,Manual cook,temp,2100,444.2,,esp32,,0,,,,,,,,,,,,1,445.0,13.0,13.0,0,NONE
2026-10-05T16:21:55.039+00:00,650.717,manual,Manual cook,temp,2100,444.2,,esp32,,0,,,,,,,,,,,,1,445.0,6.0,6.0,0,NONE
2026-10-05T16:21:55.539+00:00,651.217,manual,Manual cook,temp,2100,445.5,,esp32,,0,,,,,,,,,,,,1,445.0,0.0,0.0,0,NONE
2026-10-05T16:21:56.039+00:00,651.717,manual,Manual cook,temp,2100,444.2,,esp32,,0,,,,,,,,,,,,1,445.0,3.0,3.0,0,NONE
2026-10-05T16:21:56.539+00:00,652.217,manual,Manual cook,temp,2100,444.2,,esp32,,0,,,,,,,,,,,,1,445.0,28.0,28.0,0,NONE
2026-10-05T16:21:57.040+00:00,652.717,manual,Manual cook,temp,2100,445.5,,esp32,,0,,,,,,,,,,,,1,445.0,0.0,0.0,0,NONE
2026-10-05T16:21:58.039+00:00,653.717,manual,Manual cook,temp,2100,445.5,,esp32,,0,,,,,,,,,,,,1,445.0,3.0,3.0,0,NONE
2026-10-05T16:21:58.539+00:00,654.217,manual,Manual cook,temp,2100,445.1,,esp32,,0,,,,,,,,,,,,1,445.0,11.0,11.0,0,NONE
2026-10-05T16:21:59.539+00:00,655.217,manual,Manual cook,temp,2100,446.0,,esp32,,0,,,,,,,,,,,,1,445.0,9.0,19.0,0,NONE
2026-10-05T16:22:00.539+00:00,656.217,manual,Manual cook,temp,2100,446.0,,esp32,,0,,,,,,,,,,,,1,445.0,2.0,2.0,0,NONE
2026-10-05T16:22:01.039+00:00,656.717,manual,Manual cook,temp,2100,445.5,,esp32,,0,,,,,,,,,,,,1,445.0,2.0,2.0,0,NONE
2026-10-05T16:22:01.539+00:00,657.217,manual,Manual cook,temp,2100,446.0,,esp32,,0,,,,,,,,,,,,1,445.0,10.0,10.0,0,NONE
2026-10-05T16:22:02.539+00:00,658.217,manual,Manual cook,temp,2100,446.0,,esp32,,0,,,,,,,,,,,,1,445.0,2.0,2.0,0,NONE
2026-10-05T16:22:03.039+00:00,658.717,manual,Manual cook,temp,2100,445.5,,esp32,,0,,,,,,,,,,,,1,445.0,2.0,2.0,0,NONE
2026-10-05T16:22:03.539+00:00,659.217,manual,Manual cook,temp,2100,445.5,,esp32,,0,,,,,,,,,,,,1,445.0,10.0,10.0,0,NONE
2026-10-05T16:22:04.539+00:00,660.217,manual,Manual cook,temp,2100,445.5,,esp32,,0,,,,,,,,,,,,1,445.0,9.0,18.0,0,NONE
2026-10-05T16:22:05.539+00:00,661.217,manual,Manual cook,temp,2100,445.5,,esp32,,0,,,,,,,,,,,,1,445.0,0.0,0.0,0,NONE
2026-10-05T16:22:06.539+00:00,662.217,manual,Manual cook,temp,2100,446.5,,esp32,,0,,,,,,,,,,,,1,445.0,11.0,11.0,0,NONE
2026-10-05T16:22:07.540+00:00,663.217,manual,Manual cook,temp,2100,445.5,,esp32,,0,,,,,,,,,,,,1,445.0,9.0,18.0,0,NONE
2026-10-05T16:22:08.539+00:00,664.216,manual,Manual cook,temp,2100,445.1,,esp32,,0,,,,,,,,,,,,1,445.0,2.0,2.0,0,NONE
2026-10-05T16:22:09.039+00:00,664.717,manual,Manual cook,temp,2100,446.0,,esp32,,0,,,,,,,,,,,,1,445.0,18.0,18.0,0,NONE
2026-10-05T16:22:10.039+00:00,665.716,manual,Manual cook,temp,2100,446.0,,esp32,,0,,,,,,,,,,,,1,445.0,9.0,27.0,0,NONE
2026-10-05T16:22:11.039+00:00,666.716,manual,Manual cook,temp,2100,446.0,,esp32,,0,,,,,,,,,,,,1,445.0,2.0,2.0,0,NONE
2026-10-05T16:22:11.539+00:00,667.216,manual,Manual cook,temp,2100,445.5,,esp32,,0,,,,,,,,,,,,1,445.0,27.0,27.0,0,NONE
2026-10-05T16:22:12.539+00:00,668.216,manual,Manual cook,temp,2100,446.0,,esp32,,0,,,,,,,,,,,,1,445.0,0.0,0.0,0,NONE
2026-10-05T16:22:13.039+00:00,668.716,manual,Manual cook,temp,2100,445.1,,esp32,,0,,,,,,,,,,,,1,445.0,9.0,18.0,0,NONE
2026-10-05T16:22:14.039+00:00,669.716,manual,Manual cook,temp,2100,445.1,,esp32,,0,,,,,,,,,,,,1,445.0,9.0,11.0,0,NONE
2026-10-05T16:22:15.039+00:00,670.716,manual,Manual cook,temp,2100,445.5,,esp32,,0,,,,,,,,,,,,1,445.0,0.0,0.0,0,NONE
2026-10-05T16:22:16.039+00:00,671.716,manual,Manual cook,temp,2100,445.1,,esp32,,0,,,,,,,,,,,,1,445.0,11.0,11.0,0,NONE
2026-10-05T16:22:17.039+00:00,672.716,manual,Manual cook,temp,2100,443.8,,esp32,,0,,,,,,,,,,,,1,445.0,9.0,36.0,0,NONE
2026-10-05T16:22:18.039+00:00,673.716,manual,Manual cook,temp,2100,445.1,,esp32,,0,,,,,,,,,,,,1,445.0,0.0,0.0,0,NONE
2026-10-05T16:22:19.038+00:00,674.716,manual,Manual cook,temp,2100,445.5,,esp32,,0,,,,,,,,,,,,1,445.0,0.0,0.0,0,NONE
2026-10-05T16:22:20.039+00:00,675.716,manual,Manual cook,temp,2100,445.5,,esp32,,0,,,,,,,,,,,,1,445.0,19.0,19.0,0,NONE
2026-10-05T16:22:21.039+00:00,676.716,manual,Manual cook,temp,2100,445.1,,esp32,,0,,,,,,,,,,,,1,445.0,9.0,11.0,0,NONE
2026-10-05T16:22:22.039+00:00,677.716,manual,Manual cook,temp,2100,444.6,,esp32,,0,,,,,,,,,,,,1,445.0,12.0,12.0,0,NONE
2026-10-05T16:22:23.039+00:00,678.716,manual,Manual cook,temp,2100,443.8,,esp32,,0,,,,,,,,,,,,1,445.0,9.0,28.0,0,NONE
2026-10-05T16:22:24.038+00:00,679.716,manual,Manual cook,temp,2100,445.1,,esp32,,0,,,,,,,,,,,,1,445.0,4.0,4.0,0,NONE
2026-10-05T16:22:24.539+00:00,680.216,manual,Manual cook,temp,2100,444.6,,esp32,,0,,,,,,,,,,,,1,445.0,20.0,20.0,0,NONE
2026-10-05T16:22:25.538+00:00,681.216,manual,Manual cook,temp,2100,444.6,,esp32,,0,,,,,,,,,,,,1,445.0,5.0,5.0,0,NONE
2026-10-05T16:22:26.039+00:00,681.716,manual,Manual cook,temp,2100,445.1,,esp32,,0,,,,,,,,,,,,1,445.0,13.0,13.0,0,NONE
2026-10-05T16:22:27.038+00:00,682.716,manual,Manual cook,temp,2100,444.6,,esp32,,0,,,,,,,,,,,,1,445.0,9.0,12.0,0,NONE
2026-10-05T16:22:28.038+00:00,683.716,manual,Manual cook,temp,2100,444.6,,esp32,,0,,,,,,,,,,,,1,445.0,5.0,5.0,0,NONE
2026-10-05T16:22:28.538+00:00,684.216,manual,Manual cook,temp,2100,444.6,,esp32,,0,,,,,,,,,,,,1,445.0,0.0,0.0,0,NONE
2026-10-05T16:22:29.038+00:00,684.716,manual,Manual cook,temp,2100,445.1,,esp32,,0,,,,,,,,,,,,1,445.0,9.0,12.0,0,NONE
2026-10-05T16:22:30.038+00:00,685.716,manual,Manual cook,temp,2100,445.5,,esp32,,0,,,,,,,,,,,,1,445.0,9.0,20.0,0,NONE
2026-10-05T16:22:31.038+00:00,686.716,manual,Manual cook,temp,2100,444.6,,esp32,,0,,,,,,,,,,,,1,445.0,9.0,19.0,0,NONE
2026-10-05T16:22:32.038+00:00,687.716,manual,Manual cook,temp,2100,445.1,,esp32,,0,,,,,,,,,,,,1,445.0,4.0,4.0,0,NONE
2026-10-05T16:22:33.038+00:00,688.716,manual,Manual cook,temp,2100,445.1,,esp32,,0,,,,,,,,,,,,1,445.0,4.0,4.0,0,NONE
2026-10-05T16:22:33.538+00:00,689.216,manual,Manual cook,temp,2100,445.5,,esp32,,0,,,,,,,,,,,,1,445.0,4.0,4.0,0,NONE
2026-10-05T16:22:34.538+00:00,690.216,manual,Manual cook,temp,2100,445.5,,esp32,,0,,,,,,,,,,,,1,445.0,3.0,3.0,0,NONE
2026-10-05T16:22:35.538+00:00,691.215,manual,Manual cook,temp,2100,446.0,,esp32,,0,,,,,,,,,,,,1,445.0,0.0,0.0,0,NONE
2026-10-05T16:22:36.038+00:00,691.715,manual,Manual cook,temp,2100,444.6,,esp32,,0,,,,,,,,,,,,1,445.0,9.0,27.0,0,NONE
2026-10-05T16:22:37.038+00:00,692.715,manual,Manual cook,temp,2100,446.0,,esp32,,0,,,,,,,,,,,,1,445.0,0.0,0.0,0,NONE
2026-10-05T16:22:37.538+00:00,693.216,manual,Manual cook,temp,2100,446.0,,esp32,,0,,,,,,,,,,,,1,445.0,9.0,19.0,0,NONE
2026-10-05T16:22:39.038+00:00,694.715,manual,Manual cook,temp,2100,446.0,,esp32,,0,,,,,,,,,,,,1,445.0,0.0,0.0,0,NONE
2026-10-05T16:22:39.538+00:00,695.215,manual,Manual cook,temp,2100,445.1,,esp32,,0,,,,,,,,,,,,1,445.0,9.0,18.0,0,NONE
2026-10-05T16:22:40.538+00:00,696.215,manual,Manual cook,temp,2100,445.5,,esp32,,0,,,,,,,,,,,,1,445.0,9.0,18.0,0,NONE
2026-10-05T16:22:41.538+00:00,697.215,manual,Manual cook,temp,2100,445.5,,esp32,,0,,,,,,,,,,,,1,445.0,9.0,10.0,0,NONE
2026-10-05T16:22:42.538+00:00,698.215,manual,Manual cook,temp,2100,445.5,,esp32,,0,,,,,,,,,,,,1,445.0,3.0,3.0,0,NONE
2026-10-05T16:22:43.038+00:00,698.715,manual,Manual cook,temp,2100,446.0,,esp32,,0,,,,,,,,,,,,1,445.0,0.0,0.0,0,NONE
2026-10-05T16:22:44.038+00:00,699.715,manual,Manual cook,temp,2100,446.0,,esp32,,0,,,,,,,,,,,,1,445.0,2.0,2.0,0,NONE
2026-10-05T16:22:45.038+00:00,700.715,manual,Manual cook,temp,2100,446.0,,esp32,,0,,,,,,,,,,,,1,445.0,18.0,18.0,0,NONE
2026-10-05T16:22:46.038+00:00,701.715,manual,Manual cook,temp,2100,446.0,,esp32,,0,,,,,,,,,,,,1,445.0,9.0,10.0,0,NONE
2026-10-05T16:22:47.038+00:00,702.715,manual,Manual cook,temp,2100,445.5,,esp32,,0,,,,,,,,,,,,1,445.0,9.0,10.0,0,NONE
2026-10-05T16:22:47.538+00:00,703.215,manual,Manual cook,temp,2100,446.0,,esp32,,0,,,,,,,,,,,,1,445.0,3.0,3.0,0,NONE
2026-10-05T16:22:48.038+00:00,703.715,manual,Manual cook,temp,2100,445.1,,esp32,,0,,,,,,,,,,,,1,445.0,0.0,0.0,0,NONE
2026-10-05T16:22:49.038+00:00,704.715,manual,Manual cook,temp,2100,445.1,,esp32,,0,,,,,,,,,,,,1,445.0,4.0,4.0,0,NONE
2026-10-05T16:22:50.038+00:00,705.715,manual,Manual cook,temp,2100,444.6,,esp32,,0,,,,,,,,,,,,1,445.0,9.0,27.0,0,NONE
2026-10-05T16:22:51.037+00:00,706.715,manual,Manual cook,temp,2100,445.5,,esp32,,0,,,,,,,,,,,,1,445.0,0.0,0.0,0,NONE
2026-10-05T16:22:52.038+00:00,707.715,manual,Manual cook,temp,2100,446.0,,esp32,,0,,,,,,,,,,,,1,445.0,11.0,11.0,0,NONE
2026-10-05T16:22:53.037+00:00,708.715,manual,Manual cook,temp,2100,444.6,,esp32,,0,,,,,,,,,,,,1,445.0,9.0,27.0,0,NONE
2026-10-05T16:22:53.537+00:00,709.215,manual,Manual cook,temp,2100,445.5,,esp32,,0,,,,,,,,,,,,1,445.0,0.0,0.0,0,NONE
2026-10-05T16:22:54.037+00:00,709.715,manual,Manual cook,temp,2100,445.1,,esp32,,0,,,,,,,,,,,,1,445.0,3.0,3.0,0,NONE
2026-10-05T16:22:54.538+00:00,710.215,manual,Manual cook,temp,2100,445.1,,esp32,,0,,,,,,,,,,,,1,445.0,11.0,11.0,0,NONE
2026-10-05T16:22:55.538+00:00,711.215,manual,Manual cook,temp,2100,445.5,,esp32,,0,,,,,,,,,,,,1,445.0,3.0,3.0,0,NONE
2026-10-05T16:22:56.537+00:00,712.215,manual,Manual cook,temp,2100,446.0,,esp32,,0,,,,,,,,,,,,1,445.0,0.0,0.0,0,NONE
2026-10-05T16:22:57.037+00:00,712.715,manual,Manual cook,temp,2100,445.5,,esp32,,0,,,,,,,,,,,,1,445.0,9.0,10.0,0,NONE
2026-10-05T16:22:58.037+00:00,713.715,manual,Manual cook,temp,2100,445.5,,esp32,,0,,,,,,,,,,,,1,445.0,3.0,3.0,0,NONE
2026-10-05T16:22:59.037+00:00,714.715,manual,Manual cook,temp,2100,445.5,,esp32,,0,,,,,,,,,,,,1,445.0,0.0,0.0,0,NONE
2026-10-05T16:22:59.537+00:00,715.215,manual,Manual cook,temp,2100,445.5,,esp32,,0,,,,,,,,,,,,1,445.0,9.0,10.0,0,NONE
2026-10-05T16:23:00.537+00:00,716.215,manual,Manual cook,temp,2100,446.5,,esp32,,0,,,,,,,,,,,,1,445.0,0.0,0.0,0,NONE
2026-10-05T16:23:01.037+00:00,716.715,manual,Manual cook,temp,2100,446.0,,esp32,,0,,,,,,,,,,,,1,445.0,9.0,9.0,0,NONE
2026-10-05T16:23:02.037+00:00,717.714,manual,Manual cook,temp,2100,446.5,,esp32,,0,,,,,,,,,,,,1,445.0,0.0,0.0,0,NONE
2026-10-05T16:23:03.037+00:00,718.715,manual,Manual cook,temp,2100,446.0,,esp32,,0,,,,,,,,,,,,1,445.0,17.0,17.0,0,NONE
2026-10-05T16:23:04.037+00:00,719.714,manual,Manual cook,temp,2100,445.5,,esp32,,0,,,,,,,,,,,,1,445.0,9.0,10.0,0,NONE
2026-10-05T16:23:04.537+00:00,720.214,manual,Manual cook,temp,2100,446.0,,esp32,,0,,,,,,,,,,,,1,445.0,3.0,3.0,0,NONE
2026-10-05T16:23:05.537+00:00,721.214,manual,Manual cook,temp,2100,446.5,,esp32,,0,,,,,,,,,,,,1,445.0,0.0,0.0,0,NONE
2026-10-05T16:23:06.037+00:00,721.714,manual,Manual cook,temp,2100,446.5,,esp32,,0,,,,,,,,,,,,1,445.0,1.0,1.0,0,NONE
2026-10-05T16:23:07.037+00:00,722.714,manual,Manual cook,temp,2100,446.0,,esp32,,0,,,,,,,,,,,,1,445.0,9.0,9.0,0,NONE
2026-10-05T16:23:08.037+00:00,723.714,manual,Manual cook,temp,2100,446.0,,esp32,,0,,,,,,,,,,,,1,445.0,2.0,2.0,0,NONE
2026-10-05T16:23:09.037+00:00,724.714,manual,Manual cook,temp,2100,446.0,,esp32,,0,,,,,,,,,,,,1,445.0,2.0,2.0,0,NONE
2026-10-05T16:23:10.037+00:00,725.715,manual,Manual cook,temp,2100,445.1,,esp32,,0,,,,,,,,,,,,1,445.0,18.0,18.0,0,NONE
2026-10-05T16:23:11.038+00:00,726.715,manual,Manual cook,temp,2100,445.5,,esp32,,0,,,,,,,,,,,,1,445.0,3.0,3.0,0,NONE
2026-10-05T16:23:12.037+00:00,727.714,manual,Manual cook,temp,2100,445.1,,esp32,,0,,,,,,,,,,,,1,445.0,4.0,4.0,0,NONE
2026-10-05T16:23:12.537+00:00,728.214,manual,Manual cook,temp,2100,445.1,,esp32,,0,,,,,,,,,,,,1,445.0,4.0,4.0,0,NONE
2026-10-05T16:23:13.537+00:00,729.214,manual,Manual cook,temp,2100,444.6,,esp32,,0,,,,,,,,,,,,1,445.0,12.0,12.0,0,NONE
2026-10-05T16:23:14.537+00:00,730.214,manual,Manual cook,temp,2100,445.1,,esp32,,0,,,,,,,,,,,,1,445.0,0.0,0.0,0,NONE
2026-10-05T16:23:15.537+00:00,731.214,manual,Manual cook,temp,2100,445.1,,esp32,,0,,,,,,,,,,,,1,445.0,9.0,11.0,0,NONE
2026-10-05T16:23:16.537+00:00,732.214,manual,Manual cook,temp,2100,443.8,,esp32,,0,,,,,,,,,,,,1,445.0,12.0,12.0,0,NONE
2026-10-05T16:23:17.536+00:00,733.214,manual,Manual cook,temp,2100,445.1,,esp32,,0,,,,,,,,,,,,1,445.0,0.0,0.0,0,NONE
2026-10-05T16:23:18.037+00:00,733.714,manual,Manual cook,temp,2100,444.2,,esp32,,0,,,,,,,,,,,,1,445.0,9.0,20.0,0,NONE
2026-10-05T16:23:18.537+00:00,734.214,manual,Manual cook,temp,2100,445.1,,esp32,,0,,,,,,,,,,,,1,445.0,0.0,0.0,0,NONE
2026-10-05T16:23:19.536+00:00,735.214,manual,Manual cook,temp,2100,445.5,,esp32,,0,,,,,,,,,,,,1,445.0,0.0,0.0,0,NONE
2026-10-05T16:23:20.537+00:00,736.214,manual,Manual cook,temp,2100,445.1,,esp32,,0,,,,,,,,,,,,1,445.0,9.0,18.0,0,NONE
2026-10-05T16:23:21.536+00:00,737.214,manual,Manual cook,temp,2100,445.1,,esp32,,0,,,,,,,,,,,,1,445.0,4.0,4.0,0,NONE
2026-10-05T16:23:22.037+00:00,737.714,manual,Manual cook,temp,2100,445.5,,esp32,,0,,,,,,,,,,,,1,445.0,12.0,12.0,0,NONE
2026-10-05T16:23:23.036+00:00,738.714,manual,Manual cook,temp,2100,445.1,,esp32,,0,,,,,,,,,,,,1,445.0,9.0,11.0,0,NONE
2026-10-05T16:23:24.036+00:00,739.714,manual,Manual cook,temp,2100,444.6,,esp32,,0,,,,,,,,,,,,1,445.0,9.0,19.0,0,NONE
2026-10-05T16:23:24.536+00:00,740.214,manual,Manual cook,temp,2100,445.5,,esp32,,0,,,,,,,,,,,,1,445.0,0.0,0.0,0,NONE
2026-10-05T16:23:25.536+00:00,741.214,manual,Manual cook,temp,2100,445.5,,esp32,,0,,,,,,,,,,,,1,445.0,3.0,3.0,0,NONE
2026-10-05T16:23:26.036+00:00,741.714,manual,Manual cook,temp,2100,445.1,,esp32,,0,,,,,,,,,,,,1,445.0,11.0,11.0,0,NONE
2026-10-05T16:23:27.036+00:00,742.714,manual,Manual cook,temp,2100,445.5,,esp32,,0,,,,,,,,,,,,1,445.0,3.0,3.0,0,NONE
2026-10-05T16:23:27.536+00:00,743.214,manual,Manual cook,temp,2100,446.0,,esp32,,0,,,,,,,,,,,,1,445.0,0.0,0.0,0,NONE
2026-10-05T16:23:28.036+00:00,743.714,manual,Manual cook,temp,2100,445.5,,esp32,,0,,,,,,,,,,,,1,445.0,9.0,18.0,0,NONE
2026-10-05T16:23:29.036+00:00,744.714,manual,Manual cook,temp,2100,446.0,,esp32,,0,,,,,,,,,,,,1,445.0,9.0,11.0,0,NONE
2026-10-05T16:23:30.036+00:00,745.714,manual,Manual cook,temp,2100,445.1,,esp32,,0,,,,,,,,,,,,1,445.0,9.0,18.0,0,NONE
2026-10-05T16:23:31.036+00:00,746.714,manual,Manual cook,temp,2100,445.5,,esp32,,0,,,,,,,,,,,,1,445.0,9.0,11.0,0,NONE
2026-10-05T16:23:32.036+00:00,747.714,manual,Manual cook,temp,2100,445.5,,esp32,,0,,,,,,,,,,,,1,445.0,3.0,3.0,0,NONE
2026-10-05T16:23:33.036+00:00,748.714,manual,Manual cook,temp,2100,445.5,,esp32,,0,,,,,,,,,,,,1,445.0,11.0,11.0,0,NONE
2026-10-05T16:23:34.036+00:00,749.713,manual,Manual cook,temp,2100,445.1,,esp32,,0,,,,,,,,,,,,1,445.0,9.0,11.0,0,NONE
2026-10-05T16:23:34.536+00:00,750.214,manual,Manual cook,temp,2100,445.5,,esp32,,0,,,,,,,,,,,,1,445.0,12.0,12.0,0,NONE
2026-10-05T16:23:35.536+00:00,751.213,manual,Manual cook,temp,2100,445.5,,esp32,,0,,,,,,,,,,,,1,445.0,3.0,3.0,0,NONE
2026-10-05T16:23:36.536+00:00,752.213,manual,Manual cook,temp,2100,445.1,,esp32,,0,,,,,,,,,,,,1,445.0,11.0,11.0,0,NONE
2026-10-05T16:23:37.536+00:00,753.213,manual,Manual cook,temp,2100,445.5,,esp32,,0,,,,,,,,,,,,1,445.0,4.0,4.0,0,NONE
2026-10-05T16:23:38.536+00:00,754.213,manual,Manual cook,temp,2100,445.1,,esp32,,0,,,,,,,,,,,,1,445.0,3.0,3.0,0,NONE
2026-10-05T16:23:39.036+00:00,754.713,manual,Manual cook,temp,2100,445.1,,esp32,,0,,,,,,,,,,,,1,445.0,11.0,11.0,0,NONE
2026-10-05T16:23:40.036+00:00,755.713,manual,Manual cook,temp,2100,446.5,,esp32,,0,,,,,,,,,,,,1,445.0,0.0,0.0,0,NONE
2026-10-05T16:23:41.036+00:00,756.713,manual,Manual cook,temp,2100,446.5,,esp32,,0,,,,,,,,,,,,1,445.0,1.0,1.0,0,NONE
2026-10-05T16:23:41.536+00:00,757.213,manual,Manual cook,temp,2100,446.5,,esp32,,0,,,,,,,,,,,,1,445.0,1.0,1.0,0,NONE
2026-10-05T16:23:42.036+00:00,757.714,manual,Manual cook,temp,2100,446.5,,esp32,,0,,,,,,,,,,,,1,445.0,9.0,9.0,0,NONE
2026-10-05T16:23:43.036+00:00,758.713,manual,Manual cook,temp,2100,446.5,,esp32,,0,,,,,,,,,,,,1,445.0,1.0,1.0,0,NONE
2026-10-05T16:23:44.036+00:00,759.713,manual,Manual cook,temp,2100,446.5,,esp32,,0,,,,,,,,,,,,1,445.0,9.0,16.0,0,NONE
2026-10-05T16:23:45.036+00:00,760.713,manual,Manual cook,temp,2100,446.5,,esp32,,0,,,,,,,,,,,,1,445.0,1.0,1.0,0,NONE
2026-10-05T16:23:45.536+00:00,761.213,manual,Manual cook,temp,2100,446.0,,esp32,,0,,,,,,,,,,,,1,445.0,1.0,1.0,0,NONE
2026-10-05T16:23:46.536+00:00,762.213,manual,Manual cook,temp,2100,445.5,,esp32,,0,,,,,,,,,,,,1,445.0,10.0,10.0,0,NONE
2026-10-05T16:23:47.036+00:00,762.713,manual,Manual cook,temp,2100,446.0,,esp32,,0,,,,,,,,,,,,1,445.0,3.0,3.0,0,NONE
2026-10-05T16:23:48.036+00:00,763.713,manual,Manual cook,temp,2100,445.5,,esp32,,0,,,,,,,,,,,,1,445.0,2.0,2.0,0,NONE
2026-10-05T16:23:48.536+00:00,764.213,manual,Manual cook,temp,2100,445.5,,esp32,,0,,,,,,,,,,,,1,445.0,10.0,10.0,0,NONE
2026-10-05T16:23:49.535+00:00,765.213,manual,Manual cook,temp,2100,446.0,,esp32,,0,,,,,,,,,,,,1,445.0,2.0,2.0,0,NONE
2026-10-05T16:23:50.535+00:00,766.213,manual,Manual cook,temp,2100,444.6,,esp32,,0,,,,,,,,,,,,1,445.0,26.0,26.0,0,NONE
2026-10-05T16:23:51.535+00:00,767.213,manual,Manual cook,temp,2100,445.1,,esp32,,0,,,,,,,,,,,,1,445.0,9.0,18.0,0,NONE
2026-10-05T16:23:52.535+00:00,768.213,manual,Manual cook,temp,2100,445.5,,esp32,,0,,,,,,,,,,,,1,445.0,3.0,3.0,0,NONE
2026-10-05T16:23:53.036+00:00,768.713,manual,Manual cook,temp,2100,445.5,,esp32,,0,,,,,,,,,,,,1,445.0,19.0,19.0,0,NONE
2026-10-05T16:23:54.035+00:00,769.713,manual,Manual cook,temp,2100,445.1,,esp32,,0,,,,,,,,,,,,1,445.0,9.0,11.0,0,NONE
2026-10-05T16:23:55.035+00:00,770.713,manual,Manual cook,temp,2100,445.1,,esp32,,0,,,,,,,,,,,,1,445.0,4.0,4.0,0,NONE
2026-10-05T16:23:56.035+00:00,771.713,manual,Manual cook,temp,2100,445.1,,esp32,,0,,,,,,,,,,,,1,445.0,9.0,27.0,0,NONE
2026-10-05T16:23:57.035+00:00,772.713,manual,Manual cook,temp,2100,444.6,,esp32,,0,,,,,,,,,,,,1,445.0,4.0,4.0,0,NONE
2026-10-05T16:23:57.535+00:00,773.213,manual,Manual cook,temp,2100,444.6,,esp32,,0,,,,,,,,,,,,1,445.0,12.0,12.0,0,NONE
2026-10-05T16:23:58.535+00:00,774.213,manual,Manual cook,temp,2100,445.1,,esp32,,0,,,,,,,,,,,,1,445.0,4.0,4.0,0,NONE
2026-10-05T16:23:59.035+00:00,774.713,manual,Manual cook,temp,2100,445.1,,esp32,,0,,,,,,,,,,,,1,445.0,4.0,4.0,0,NONE
2026-10-05T16:24:00.035+00:00,775.713,manual,Manual cook,temp,2100,445.1,,esp32,,0,,,,,,,,,,,,1,445.0,4.0,4.0,0,NONE
2026-10-05T16:24:01.035+00:00,776.713,manual,Manual cook,temp,2100,445.5,,esp32,,0,,,,,,,,,,,,1,445.0,0.0,0.0,0,NONE
2026-10-05T16:24:02.035+00:00,777.713,manual,Manual cook,temp,2100,445.1,,esp32,,0,,,,,,,,,,,,1,445.0,11.0,11.0,0,NONE
2026-10-05T16:24:03.035+00:00,778.712,manual,Manual cook,temp,2100,446.0,,esp32,,0,,,,,,,,,,,,1,445.0,0.0,0.0,0,NONE
2026-10-05T16:24:03.535+00:00,779.212,manual,Manual cook,temp,2100,444.6,,esp32,,0,,,,,,,,,,,,1,445.0,9.0,26.0,0,NONE
2026-10-05T16:24:04.035+00:00,779.712,manual,Manual cook,temp,2100,446.0,,esp32,,0,,,,,,,,,,,,1,445.0,0.0,0.0,0,NONE
2026-10-05T16:24:05.035+00:00,780.712,manual,Manual cook,temp,2100,446.5,,esp32,,0,,,,,,,,,,,,1,445.0,0.0,0.0,0,NONE
2026-10-05T16:24:05.535+00:00,781.213,manual,Manual cook,temp,2100,445.5,,esp32,,0,,,,,,,,,,,,1,445.0,9.0,17.0,0,NONE
2026-10-05T16:24:06.535+00:00,782.212,manual,Manual cook,temp,2100,446.0,,esp32,,0,,,,,,,,,,,,1,445.0,0.0,0.0,0,NONE
2026-10-05T16:24:07.535+00:00,783.212,manual,Manual cook,temp,2100,445.1,,esp32,,0,,,,,,,,,,,,1,445.0,9.0,25.0,0,NONE
2026-10-05T16:24:08.036+00:00,783.713,manual,Manual cook,temp,2100,445.5,,esp32,,0,,,,,,,,,,,,1,445.0,0.0,0.0,0,NONE
2026-10-05T16:24:09.035+00:00,784.712,manual,Manual cook,temp,2100,446.5,,esp32,,0,,,,,,,,,,,,1,445.0,0.0,0.0,0,NONE
2026-10-05T16:24:10.035+00:00,785.712,manual,Manual cook,temp,2100,445.5,,esp32,,0,,,,,,,,,,,,1,445.0,9.0,17.0,0,NONE
2026-10-05T16:24:11.035+00:00,786.712,manual,Manual cook,temp,2100,446.0,,esp32,,0,,,,,,,,,,,,1,445.0,0.0,0.0,0,NONE
2026-10-05T16:24:12.035+00:00,787.712,manual,Manual cook,temp,2100,446.5,,esp32,,0,,,,,,,,,,,,1,445.0,2.0,2.0,0,NONE
2026-10-05T16:24:13.035+00:00,788.712,manual,Manual cook,temp,2100,446.0,,esp32,,0,,,,,,,,,,,,1,445.0,9.0,9.0,0,NONE
2026-10-05T16:24:14.035+00:00,789.712,manual,Manual cook,temp,2100,446.0,,esp32,,0,,,,,,,,,,,,1,445.0,18.0,18.0,0,NONE
2026-10-05T16:24:15.035+00:00,790.712,manual,Manual cook,temp,2100,445.5,,esp32,,0,,,,,,,,,,,,1,445.0,9.0,10.0,0,NONE
2026-10-05T16:24:16.034+00:00,791.712,manual,Manual cook,temp,2100,445.5,,esp32,,0,,,,,,,,,,,,1,445.0,3.0,3.0,0,NONE
2026-10-05T16:24:16.535+00:00,792.212,manual,Manual cook,temp,2100,445.5,,esp32,,0,,,,,,,,,,,,1,445.0,0.0,0.0,0,NONE
2026-10-05T16:24:17.535+00:00,793.212,manual,Manual cook,temp,2100,446.0,,esp32,,0,,,,,,,,,,,,1,445.0,19.0,19.0,0,NONE
2026-10-05T16:24:18.535+00:00,794.212,manual,Manual cook,temp,2100,445.5,,esp32,,0,,,,,,,,,,,,1,445.0,9.0,10.0,0,NONE
2026-10-05T16:24:19.534+00:00,795.212,manual,Manual cook,temp,2100,445.5,,esp32,,0,,,,,,,,,,,,1,445.0,3.0,3.0,0,NONE
2026-10-05T16:24:20.534+00:00,796.212,manual,Manual cook,temp,2100,445.5,,esp32,,0,,,,,,,,,,,,1,445.0,0.0,0.0,0,NONE
2026-10-05T16:24:21.535+00:00,797.212,manual,Manual cook,temp,2100,446.0,,esp32,,0,,,,,,,,,,,,1,445.0,11.0,11.0,0,NONE
2026-10-05T16:24:22.534+00:00,798.212,manual,Manual cook,temp,2100,445.5,,esp32,,0,,,,,,,,,,,,1,445.0,2.0,2.0,0,NONE
2026-10-05T16:24:23.034+00:00,798.712,manual,Manual cook,temp,2100,445.5,,esp32,,0,,,,,,,,,,,,1,445.0,10.0,10.0,0,NONE
2026-10-05T16:24:24.034+00:00,799.712,manual,Manual cook,temp,2100,446.0,,esp32,,0,,,,,,,,,,,,1,445.0,0.0,0.0,0,NONE
2026-10-05T16:24:25.034+00:00,800.712,manual,Manual cook,temp,2100,446.0,,esp32,,0,,,,,,,,,,,,1,445.0,9.0,9.0,0,NONE
2026-10-05T16:24:26.034+00:00,801.712,manual,Manual cook,temp,2100,446.5,,esp32,,0,,,,,,,,,,,,1,445.0,1.0,1.0,0,NONE
2026-10-05T16:24:27.034+00:00,802.712,manual,Manual cook,temp,2100,446.5,,esp32,,0,,,,,,,,,,,,1,445.0,1.0,1.0,0,NONE
2026-10-05T16:24:27.534+00:00,803.212,manual,Manual cook,temp,2100,445.5,,esp32,,0,,,,,,,,,,,,1,445.0,9.0,9.0,0,NONE
2026-10-05T16:24:28.034+00:00,803.712,manual,Manual cook,temp,2100,446.5,,esp32,,0,,,,,,,,,,,,1,445.0,10.0,10.0,0,NONE
2026-10-05T16:24:29.034+00:00,804.712,manual,Manual cook,temp,2100,446.5,,esp32,,0,,,,,,,,,,,,1,445.0,1.0,1.0,0,NONE
2026-10-05T16:24:29.534+00:00,805.212,manual,Manual cook,temp,2100,445.5,,esp32,,0,,,,,,,,,,,,1,445.0,17.0,17.0,0,NONE
2026-10-05T16:24:30.534+00:00,806.211,manual,Manual cook,temp,2100,445.5,,esp32,,0,,,,,,,,,,,,1,445.0,3.0,3.0,0,NONE
2026-10-05T16:24:31.034+00:00,806.712,manual,Manual cook,temp,2100,446.0,,esp32,,0,,,,,,,,,,,,1,445.0,0.0,0.0,0,NONE
2026-10-05T16:24:31.534+00:00,807.212,manual,Manual cook,temp,2100,445.5,,esp32,,0,,,,,,,,,,,,1,445.0,9.0,34.0,0,NONE
2026-10-05T16:24:32.034+00:00,807.712,manual,Manual cook,temp,2100,445.5,,esp32,,0,,,,,,,,,,,,1,445.0,0.0,0.0,0,NONE
2026-10-05T16:24:33.034+00:00,808.711,manual,Manual cook,temp,2100,446.0,,esp32,,0,,,,,,,,,,,,1,445.0,0.0,0.0,0,NONE
2026-10-05T16:24:33.534+00:00,809.211,manual,Manual cook,temp,2100,445.5,,esp32,,0,,,,,,,,,,,,1,445.0,0.0,0.0,0,NONE
2026-10-05T16:24:34.034+00:00,809.711,manual,Manual cook,temp,2100,446.0,,esp32,,0,,,,,,,,,,,,1,445.0,9.0,10.0,0,NONE
2026-10-05T16:24:35.034+00:00,810.711,manual,Manual cook,temp,2100,444.2,,esp32,,0,,,,,,,,,,,,1,445.0,2.0,2.0,0,NONE
2026-10-05T16:24:35.534+00:00,811.211,manual,Manual cook,temp,2100,444.2,,esp32,,0,,,,,,,,,,,,1,445.0,29.0,34.0,0,NONE
2026-10-05T16:24:36.534+00:00,812.211,manual,Manual cook,temp,2100,444.6,,esp32,,0,,,,,,,,,,,,1,445.0,9.0,12.0,0,NONE
2026-10-05T16:24:37.034+00:00,812.711,manual,Manual cook,temp,2100,444.6,,esp32,,0,,,,,,,,,,,,1,445.0,0.0,0.0,0,NONE
2026-10-05T16:24:37.534+00:00,813.211,manual,Manual cook,temp,2100,444.6,,esp32,,0,,,,,,,,,,,,1,445.0,9.0,12.0,0,NONE
2026-10-05T16:24:38.534+00:00,814.211,manual,Manual cook,temp,2100,444.6,,esp32,,0,,,,,,,,,,,,1,445.0,9.0,19.0,0,NONE
2026-10-05T16:24:39.034+00:00,814.711,manual,Manual cook,temp,2100,445.1,,esp32,,0,,,,,,,,,,,,1,445.0,0.0,0.0,0,NONE
2026-10-05T16:24:39.534+00:00,815.212,manual,Manual cook,temp,2100,445.1,,esp32,,0,,,,,,,,,,,,1,445.0,3.0,3.0,0,NONE
2026-10-05T16:24:40.534+00:00,816.211,manual,Manual cook,temp,2100,444.2,,esp32,,0,,,,,,,,,,,,1,445.0,5.0,5.0,0,NONE
2026-10-05T16:24:41.534+00:00,817.211,manual,Manual cook,temp,2100,445.1,,esp32,,0,,,,,,,,,,,,1,445.0,0.0,0.0,0,NONE
2026-10-05T16:24:42.534+00:00,818.211,manual,Manual cook,temp,2100,445.1,,esp32,,0,,,,,,,,,,,,1,445.0,3.0,3.0,0,NONE
2026-10-05T16:24:43.034+00:00,818.711,manual,Manual cook,temp,2100,445.1,,esp32,,0,,,,,,,,,,,,1,445.0,3.0,3.0,0,NONE
2026-10-05T16:24:44.033+00:00,819.711,manual,Manual cook,temp,2100,445.1,,esp32,,0,,,,,,,,,,,,1,445.0,3.0,3.0,0,NONE
2026-10-05T16:24:44.534+00:00,820.211,manual,Manual cook,temp,2100,445.5,,esp32,,0,,,,,,,,,,,,1,445.0,3.0,3.0,0,NONE
2026-10-05T16:24:45.534+00:00,821.211,manual,Manual cook,temp,2100,446.0,,esp32,,0,,,,,,,,,,,,1,445.0,0.0,0.0,0,NONE
2026-10-05T16:24:46.534+00:00,822.211,manual,Manual cook,temp,2100,445.5,,esp32,,0,,,,,,,,,,,,1,445.0,10.0,10.0,0,NONE
2026-10-05T16:24:47.534+00:00,823.211,manual,Manual cook,temp,2100,446.0,,esp32,,0,,,,,,,,,,,,1,445.0,9.0,10.0,0,NONE
2026-10-05T16:24:48.533+00:00,824.211,manual,Manual cook,temp,2100,446.0,,esp32,,0,,,,,,,,,,,,1,445.0,2.0,2.0,0,NONE
2026-10-05T16:24:49.533+00:00,825.211,manual,Manual cook,temp,2100,444.6,,esp32,,0,,,,,,,,,,,,1,445.0,26.0,26.0,0,NONE
2026-10-05T16:24:50.034+00:00,825.711,manual,Manual cook,temp,2100,445.5,,esp32,,0,,,,,,,,,,,,1,445.0,0.0,0.0,0,NONE
2026-10-05T16:24:51.033+00:00,826.711,manual,Manual cook,temp,2100,446.0,,esp32,,0,,,,,,,,,,,,1,445.0,2.0,2.0,0,NONE
2026-10-05T16:24:51.533+00:00,827.211,manual,Manual cook,temp,2100,445.1,,esp32,,0,,,,,,,,,,,,1,445.0,2.0,2.0,0,NONE
2026-10-05T16:24:52.033+00:00,827.711,manual,Manual cook,temp,2100,445.5,,esp32,,0,,,,,,,,,,,,1,445.0,18.0,18.0,0,NONE
2026-10-05T16:24:53.033+00:00,828.711,manual,Manual cook,temp,2100,444.6,,esp32,,0,,,,,,,,,,,,1,445.0,0.0,0.0,0,NONE
2026-10-05T16:24:54.033+00:00,829.711,manual,Manual cook,temp,2100,444.2,,esp32,,0,,,,,,,,,,,,1,445.0,12.0,12.0,0,NONE
2026-10-05T16:24:55.033+00:00,830.711,manual,Manual cook,temp,2100,444.6,,esp32,,0,,,,,,,,,,,,1,445.0,4.0,4.0,0,NONE
2026-10-05T16:24:55.533+00:00,831.211,manual,Manual cook,temp,2100,444.2,,esp32,,0,,,,,,,,,,,,1,445.0,12.0,12.0,0,NONE
2026-10-05T16:24:56.533+00:00,832.211,manual,Manual cook,temp,2100,444.6,,esp32,,0,,,,,,,,,,,,1,445.0,4.0,4.0,0,NONE
2026-10-05T16:24:57.533+00:00,833.211,manual,Manual cook,temp,2100,444.6,,esp32,,0,,,,,,,,,,,,1,445.0,4.0,4.0,0,NONE
2026-10-05T16:24:58.533+00:00,834.211,manual,Manual cook,temp,2100,445.1,,esp32,,0,,,,,,,,,,,,1,445.0,12.0,12.0,0,NONE
2026-10-05T16:24:59.533+00:00,835.211,manual,Manual cook,temp,2100,444.6,,esp32,,0,,,,,,,,,,,,1,445.0,9.0,12.0,0,NONE
2026-10-05T16:25:00.533+00:00,836.210,manual,Manual cook,temp,2100,445.1,,esp32,,0,,,,,,,,,,,,1,445.0,0.0,0.0,0,NONE
2026-10-05T16:25:01.533+00:00,837.210,manual,Manual cook,temp,2100,445.1,,esp32,,0,,,,,,,,,,,,1,445.0,3.0,3.0,0,NONE
2026-10-05T16:25:02.033+00:00,837.710,manual,Manual cook,temp,2100,445.1,,esp32,,0,,,,,,,,,,,,1,445.0,3.0,3.0,0,NONE
2026-10-05T16:25:03.033+00:00,838.710,manual,Manual cook,temp,2100,445.1,,esp32,,0,,,,,,,,,,,,1,445.0,3.0,3.0,0,NONE
2026-10-05T16:25:03.533+00:00,839.210,manual,Manual cook,temp,2100,445.1,,esp32,,0,,,,,,,,,,,,1,445.0,0.0,0.0,0,NONE
2026-10-05T16:25:04.033+00:00,839.710,manual,Manual cook,temp,2100,445.5,,esp32,,0,,,,,,,,,,,,1,445.0,9.0,11.0,0,NONE
2026-10-05T16:25:05.033+00:00,840.710,manual,Manual cook,temp,2100,445.5,,esp32,,0,,,,,,,,,,,,1,445.0,3.0,3.0,0,NONE
2026-10-05T16:25:05.533+00:00,841.210,manual,Manual cook,temp,2100,445.5,,esp32,,0,,,,,,,,,,,,1,445.0,3.0,3.0,0,NONE
2026-10-05T16:25:06.533+00:00,842.210,manual,Manual cook,temp,2100,445.5,,esp32,,0,,,,,,,,,,,,1,445.0,3.0,3.0,0,NONE
2026-10-05T16:25:07.533+00:00,843.210,manual,Manual cook,temp,2100,445.1,,esp32,,0,,,,,,,,,,,,1,445.0,11.0,11.0,0,NONE
2026-10-05T16:25:08.533+00:00,844.210,manual,Manual cook,temp,2100,445.5,,esp32,,0,,,,,,,,,,,,1,445.0,2.0,2.0,0,NONE
2026-10-05T16:25:09.033+00:00,844.710,manual,Manual cook,temp,2100,445.5,,esp32,,0,,,,,,,,,,,,1,445.0,10.0,10.0,0,NONE
2026-10-05T16:25:10.033+00:00,845.710,manual,Manual cook,temp,2100,446.5,,esp32,,0,,,,,,,,,,,,1,445.0,1.0,1.0,0,NONE
2026-10-05T16:25:10.533+00:00,846.210,manual,Manual cook,temp,2100,446.9,,esp32,,0,,,,,,,,,,,,1,445.0,17.0,17.0,0,NONE
2026-10-05T16:25:11.533+00:00,847.210,manual,Manual cook,temp,2100,446.9,,esp32,,0,,,,,,,,,,,,1,445.0,8.0,8.0,0,NONE
2026-10-05T16:25:12.533+00:00,848.210,manual,Manual cook,temp,2100,446.9,,esp32,,0,,,,,,,,,,,,1,445.0,8.0,8.0,0,NONE
2026-10-05T16:25:13.533+00:00,849.210,manual,Manual cook,temp,2100,446.9,,esp32,,0,,,,,,,,,,,,1,445.0,0.0,0.0,0,NONE
2026-10-05T16:25:14.533+00:00,850.210,manual,Manual cook,temp,2100,446.0,,esp32,,0,,,,,,,,,,,,1,445.0,9.0,16.0,0,NONE
2026-10-05T16:25:15.532+00:00,851.210,manual,Manual cook,temp,2100,446.9,,esp32,,0,,,,,,,,,,,,1,445.0,0.0,0.0,0,NONE
2026-10-05T16:25:16.033+00:00,851.710,manual,Manual cook,temp,2100,446.0,,esp32,,0,,,,,,,,,,,,1,445.0,8.0,8.0,0,NONE
2026-10-05T16:25:17.032+00:00,852.710,manual,Manual cook,temp,2100,446.5,,esp32,,0,,,,,,,,,,,,1,445.0,0.0,0.0,0,NONE
2026-10-05T16:25:18.032+00:00,853.710,manual,Manual cook,temp,2100,446.0,,esp32,,0,,,,,,,,,,,,1,445.0,0.0,0.0,0,NONE
2026-10-05T16:25:19.032+00:00,854.710,manual,Manual cook,temp,2100,445.5,,esp32,,0,,,,,,,,,,,,1,445.0,10.0,10.0,0,NONE
2026-10-05T16:25:20.032+00:00,855.710,manual,Manual cook,temp,2100,446.0,,esp32,,0,,,,,,,,,,,,1,445.0,1.0,1.0,0,NONE
2026-10-05T16:25:21.032+00:00,856.710,manual,Manual cook,temp,2100,446.0,,esp32,,0,,,,,,,,,,,,1,445.0,0.0,0.0,0,NONE
2026-10-05T16:25:22.032+00:00,857.710,manual,Manual cook,temp,2100,446.0,,esp32,,0,,,,,,,,,,,,1,445.0,1.0,1.0,0,NONE
2026-10-05T16:25:23.032+00:00,858.710,manual,Manual cook,temp,2100,446.0,,esp32,,0,,,,,,,,,,,,1,445.0,1.0,1.0,0,NONE
2026-10-05T16:25:23.532+00:00,859.210,manual,Manual cook,temp,2100,445.1,,esp32,,0,,,,,,,,,,,,1,445.0,1.0,1.0,0,NONE
2026-10-05T16:25:24.032+00:00,859.710,manual,Manual cook,temp,2100,445.5,,esp32,,0,,,,,,,,,,,,1,445.0,18.0,18.0,0,NONE
2026-10-05T16:25:25.032+00:00,860.710,manual,Manual cook,temp,2100,445.5,,esp32,,0,,,,,,,,,,,,1,445.0,9.0,10.0,0,NONE
2026-10-05T16:25:26.032+00:00,861.710,manual,Manual cook,temp,2100,445.5,,esp32,,0,,,,,,,,,,,,1,445.0,2.0,2.0,0,NONE
2026-10-05T16:25:26.532+00:00,862.210,manual,Manual cook,temp,2100,445.1,,esp32,,0,,,,,,,,,,,,1,445.0,10.0,10.0,0,NONE
2026-10-05T16:25:27.532+00:00,863.210,manual,Manual cook,temp,2100,444.6,,esp32,,0,,,,,,,,,,,,1,445.0,9.0,10.0,0,NONE
2026-10-05T16:25:28.032+00:00,863.710,manual,Manual cook,temp,2100,444.6,,esp32,,0,,,,,,,,,,,,1,445.0,11.0,11.0,0,NONE
2026-10-05T16:25:28.532+00:00,864.210,manual,Manual cook,temp,2100,444.6,,esp32,,0,,,,,,,,,,,,1,445.0,12.0,12.0,0,NONE
2026-10-05T16:25:29.532+00:00,865.209,manual,Manual cook,temp,2100,444.6,,esp32,,0,,,,,,,,,,,,1,445.0,4.0,4.0,0,NONE
2026-10-05T16:25:30.032+00:00,865.710,manual,Manual cook,temp,2100,444.2,,esp32,,0,,,,,,,,,,,,1,445.0,12.0,12.0,0,NONE
2026-10-05T16:25:31.032+00:00,866.710,manual,Manual cook,temp,2100,444.6,,esp32,,0,,,,,,,,,,,,1,445.0,9.0,19.0,0,NONE
2026-10-05T16:25:31.532+00:00,867.210,manual,Manual cook,temp,2100,444.6,,esp32,,0,,,,,,,,,,,,1,445.0,0.0,0.0,0,NONE
2026-10-05T16:25:32.532+00:00,868.210,manual,Manual cook,temp,2100,443.8,,esp32,,0,,,,,,,,,,,,1,445.0,0.0,0.0,0,NONE
2026-10-05T16:25:33.032+00:00,868.710,manual,Manual cook,temp,2100,444.6,,esp32,,0,,,,,,,,,,,,1,445.0,9.0,28.0,0,NONE
2026-10-05T16:25:34.032+00:00,869.709,manual,Manual cook,temp,2100,444.2,,esp32,,0,,,,,,,,,,,,1,445.0,9.0,12.0,0,NONE
2026-10-05T16:25:34.532+00:00,870.209,manual,Manual cook,temp,2100,443.8,,esp32,,0,,,,,,,,,,,,1,445.0,13.0,13.0,0,NONE
2026-10-05T16:25:35.532+00:00,871.209,manual,Manual cook,temp,2100,443.3,,esp32,,0,,,,,,,,,,,,1,445.0,9.0,29.0,0,NONE
2026-10-05T16:25:36.032+00:00,871.709,manual,Manual cook,temp,2100,444.2,,esp32,,0,,,,,,,,,,,,1,445.0,0.0,0.0,0,NONE
2026-10-05T16:25:36.532+00:00,872.209,manual,Manual cook,temp,2100,444.6,,esp32,,0,,,,,,,,,,,,1,445.0,9.0,12.0,0,NONE
2026-10-05T16:25:37.532+00:00,873.209,manual,Manual cook,temp,2100,443.8,,esp32,,0,,,,,,,,,,,,1,445.0,9.0,12.0,0,NONE
2026-10-05T16:25:38.532+00:00,874.209,manual,Manual cook,temp,2100,444.2,,esp32,,0,,,,,,,,,,,,1,445.0,0.0,0.0,0,NONE
2026-10-05T16:25:39.532+00:00,875.209,manual,Manual cook,temp,2100,444.2,,esp32,,0,,,,,,,,,,,,1,445.0,5.0,5.0,0,NONE
2026-10-05T16:25:40.032+00:00,875.709,manual,Manual cook,temp,2100,444.2,,esp32,,0,,,,,,,,,,,,1,445.0,0.0,0.0,0,NONE
2026-10-05T16:25:40.532+00:00,876.209,manual,Manual cook,temp,2100,444.2,,esp32,,0,,,,,,,,,,,,1,445.0,9.0,12.0,0,NONE
2026-10-05T16:25:41.532+00:00,877.209,manual,Manual cook,temp,2100,444.2,,esp32,,0,,,,,,,,,,,,1,445.0,9.0,12.0,0,NONE
2026-10-05T16:25:42.532+00:00,878.209,manual,Manual cook,temp,2100,444.2,,esp32,,0,,,,,,,,,,,,1,445.0,9.0,21.0,0,NONE
2026-10-05T16:25:43.532+00:00,879.209,manual,Manual cook,temp,2100,443.8,,esp32,,0,,,,,,,,,,,,1,445.0,5.0,5.0,0,NONE
2026-10-05T16:25:44.032+00:00,879.709,manual,Manual cook,temp,2100,443.8,,esp32,,0,,,,,,,,,,,,1,445.0,13.0,13.0,0,NONE
2026-10-05T16:25:45.031+00:00,880.709,manual,Manual cook,temp,2100,444.6,,esp32,,0,,,,,,,,,,,,1,445.0,4.0,4.0,0,NONE
2026-10-05T16:25:45.532+00:00,881.209,manual,Manual cook,temp,2100,444.2,,esp32,,0,,,,,,,,,,,,1,445.0,12.0,12.0,0,NONE
2026-10-05T16:25:46.532+00:00,882.209,manual,Manual cook,temp,2100,444.6,,esp32,,0,,,,,,,,,,,,1,445.0,13.0,13.0,0,NONE
2026-10-05T16:25:47.531+00:00,883.209,manual,Manual cook,temp,2100,445.1,,esp32,,0,,,,,,,,,,,,1,445.0,0.0,0.0,0,NONE
2026-10-05T16:25:48.031+00:00,883.709,manual,Manual cook,temp,2100,445.5,,esp32,,0,,,,,,,,,,,,1,445.0,9.0,28.0,0,NONE
2026-10-05T16:25:49.031+00:00,884.709,manual,Manual cook,temp,2100,444.6,,esp32,,0,,,,,,,,,,,,1,445.0,9.0,19.0,0,NONE
2026-10-05T16:25:49.532+00:00,885.209,manual,Manual cook,temp,2100,444.2,,esp32,,0,,,,,,,,,,,,1,445.0,13.0,13.0,0,NONE
2026-10-05T16:25:50.531+00:00,886.209,manual,Manual cook,temp,2100,444.6,,esp32,,0,,,,,,,,,,,,1,445.0,9.0,12.0,0,NONE
2026-10-05T16:25:51.531+00:00,887.209,manual,Manual cook,temp,2100,445.1,,esp32,,0,,,,,,,,,,,,1,445.0,13.0,13.0,0,NONE
2026-10-05T16:25:52.531+00:00,888.209,manual,Manual cook,temp,2100,445.5,,esp32,,0,,,,,,,,,,,,1,445.0,4.0,4.0,0,NONE
2026-10-05T16:25:53.531+00:00,889.209,manual,Manual cook,temp,2100,445.5,,esp32,,0,,,,,,,,,,,,1,445.0,3.0,3.0,0,NONE
2026-10-05T16:25:54.531+00:00,890.209,manual,Manual cook,temp,2100,444.6,,esp32,,0,,,,,,,,,,,,1,445.0,9.0,18.0,0,NONE
2026-10-05T16:25:55.531+00:00,891.209,manual,Manual cook,temp,2100,445.5,,esp32,,0,,,,,,,,,,,,1,445.0,0.0,0.0,0,NONE
2026-10-05T16:25:56.032+00:00,891.709,manual,Manual cook,temp,2100,446.0,,esp32,,0,,,,,,,,,,,,1,445.0,0.0,0.0,0,NONE
2026-10-05T16:25:57.031+00:00,892.709,manual,Manual cook,temp,2100,445.1,,esp32,,0,,,,,,,,,,,,1,445.0,9.0,18.0,0,NONE
2026-10-05T16:25:58.031+00:00,893.708,manual,Manual cook,temp,2100,446.0,,esp32,,0,,,,,,,,,,,,1,445.0,9.0,9.0,0,NONE
2026-10-05T16:25:59.031+00:00,894.709,manual,Manual cook,temp,2100,445.1,,esp32,,0,,,,,,,,,,,,1,445.0,18.0,18.0,0,NONE
2026-10-05T16:26:00.031+00:00,895.708,manual,Manual cook,temp,2100,445.5,,esp32,,0,,,,,,,,,,,,1,445.0,2.0,2.0,0,NONE
2026-10-05T16:26:00.531+00:00,896.209,manual,Manual cook,temp,2100,445.5,,esp32,,0,,,,,,,,,,,,1,445.0,10.0,10.0,0,NONE
2026-10-05T16:26:01.531+00:00,897.208,manual,Manual cook,temp,2100,445.1,,esp32,,0,,,,,,,,,,,,1,445.0,0.0,0.0,0,NONE
2026-10-05T16:26:02.531+00:00,898.208,manual,Manual cook,temp,2100,445.5,,esp32,,0,,,,,,,,,,,,1,445.0,0.0,0.0,0,NONE
2026-10-05T16:26:03.031+00:00,898.708,manual,Manual cook,temp,2100,445.5,,esp32,,0,,,,,,,,,,,,1,445.0,9.0,10.0,0,NONE
2026-10-05T16:26:04.031+00:00,899.708,manual,Manual cook,temp,2100,446.0,,esp32,,0,,,,,,,,,,,,1,445.0,0.0,0.0,0,NONE
2026-10-05T16:26:05.031+00:00,900.708,manual,Manual cook,temp,2100,445.1,,esp32,,0,,,,,,,,,,,,1,445.0,18.0,18.0,0,NONE
2026-10-05T16:26:06.031+00:00,901.708,manual,Manual cook,temp,2100,446.5,,esp32,,0,,,,,,,,,,,,1,445.0,0.0,0.0,0,NONE
2026-10-05T16:26:06.531+00:00,902.208,manual,Manual cook,temp,2100,446.0,,esp32,,0,,,,,,,,,,,,1,445.0,9.0,9.0,0,NONE
2026-10-05T16:26:07.531+00:00,903.208,manual,Manual cook,temp,2100,445.1,,esp32,,0,,,,,,,,,,,,1,445.0,18.0,18.0,0,NONE
2026-10-05T16:26:08.531+00:00,904.208,manual,Manual cook,temp,2100,445.1,,esp32,,0,,,,,,,,,,,,1,445.0,9.0,11.0,0,NONE
2026-10-05T16:26:09.531+00:00,905.208,manual,Manual cook,temp,2100,446.0,,esp32,,0,,,,,,,,,,,,1,445.0,2.0,2.0,0,NONE
2026-10-05T16:26:10.031+00:00,905.708,manual,Manual cook,temp,2100,445.5,,esp32,,0,,,,,,,,,,,,1,445.0,10.0,10.0,0,NONE
2026-10-05T16:26:11.031+00:00,906.708,manual,Manual cook,temp,2100,445.5,,esp32,,0,,,,,,,,,,,,1,445.0,9.0,10.0,0,NONE
2026-10-05T16:26:12.031+00:00,907.708,manual,Manual cook,temp,2100,445.5,,esp32,,0,,,,,,,,,,,,1,445.0,19.0,19.0,0,NONE
2026-10-05T16:26:13.031+00:00,908.708,manual,Manual cook,temp,2100,444.2,,esp32,,0,,,,,,,,,,,,1,445.0,2.0,2.0,0,NONE
2026-10-05T16:26:13.531+00:00,909.208,manual,Manual cook,temp,2100,444.2,,esp32,,0,,,,,,,,,,,,1,445.0,27.0,27.0,0,NONE
2026-10-05T16:26:14.031+00:00,909.709,manual,Manual cook,temp,2100,445.5,,esp32,,0,,,,,,,,,,,,1,445.0,0.0,0.0,0,NONE
2026-10-05T16:26:15.031+00:00,910.708,manual,Manual cook,temp,2100,445.5,,esp32,,0,,,,,,,,,,,,1,445.0,9.0,19.0,0,NONE
2026-10-05T16:26:16.030+00:00,911.708,manual,Manual cook,temp,2100,444.6,,esp32,,0,,,,,,,,,,,,1,445.0,9.0,19.0,0,NONE
2026-10-05T16:26:16.530+00:00,912.208,manual,Manual cook,temp,2100,445.5,,esp32,,0,,,,,,,,,,,,1,445.0,4.0,4.0,0,NONE
2026-10-05T16:26:17.530+00:00,913.208,manual,Manual cook,temp,2100,445.1,,esp32,,0,,,,,,,,,,,,1,445.0,9.0,11.0,0,NONE
2026-10-05T16:26:18.031+00:00,913.708,manual,Manual cook,temp,2100,445.1,,esp32,,0,,,,,,,,,,,,1,445.0,20.0,20.0,0,NONE
2026-10-05T16:26:19.030+00:00,914.708,manual,Manual cook,temp,2100,444.2,,esp32,,0,,,,,,,,,,,,1,445.0,9.0,20.0,0,NONE
2026-10-05T16:26:19.532+00:00,915.210,manual,Manual cook,temp,2100,444.2,,esp32,,0,,,,,,,,,,,,1,445.0,5.0,5.0,0,NONE
2026-10-05T16:26:20.530+00:00,916.208,manual,Manual cook,temp,2100,445.5,,esp32,,0,,,,,,,,,,,,1,445.0,5.0,5.0,0,NONE
2026-10-05T16:26:21.030+00:00,916.708,manual,Manual cook,temp,2100,445.1,,esp32,,0,,,,,,,,,,,,1,445.0,0.0,0.0,0,NONE
2026-10-05T16:26:21.531+00:00,917.208,manual,Manual cook,temp,2100,445.1,,esp32,,0,,,,,,,,,,,,1,445.0,9.0,11.0,0,NONE
2026-10-05T16:26:22.530+00:00,918.208,manual,Manual cook,temp,2100,445.5,,esp32,,0,,,,,,,,,,,,1,445.0,0.0,0.0,0,NONE
2026-10-05T16:26:23.530+00:00,919.208,manual,Manual cook,temp,2100,445.1,,esp32,,0,,,,,,,,,,,,1,445.0,4.0,4.0,0,NONE
2026-10-05T16:26:24.530+00:00,920.208,manual,Manual cook,temp,2100,445.5,,esp32,,0,,,,,,,,,,,,1,445.0,0.0,0.0,0,NONE
2026-10-05T16:26:25.030+00:00,920.708,manual,Manual cook,temp,2100,446.0,,esp32,,0,,,,,,,,,,,,1,445.0,0.0,0.0,0,NONE
2026-10-05T16:26:25.531+00:00,921.208,manual,Manual cook,temp,2100,444.2,,esp32,,0,,,,,,,,,,,,1,445.0,2.0,2.0,0,NONE
2026-10-05T16:26:26.530+00:00,922.208,manual,Manual cook,temp,2100,445.5,,esp32,,0,,,,,,,,,,,,1,445.0,0.0,0.0,0,NONE
2026-10-05T16:26:27.530+00:00,923.208,manual,Manual cook,temp,2100,445.5,,esp32,,0,,,,,,,,,,,,1,445.0,11.0,11.0,0,NONE
2026-10-05T16:26:28.530+00:00,924.208,manual,Manual cook,temp,2100,444.2,,esp32,,0,,,,,,,,,,,,1,445.0,3.0,3.0,0,NONE
2026-10-05T16:26:29.030+00:00,924.708,manual,Manual cook,temp,2100,444.2,,esp32,,0,,,,,,,,,,,,1,445.0,27.0,27.0,0,NONE
2026-10-05T16:26:30.030+00:00,925.708,manual,Manual cook,temp,2100,445.1,,esp32,,0,,,,,,,,,,,,1,445.0,9.0,18.0,0,NONE
2026-10-05T16:26:31.030+00:00,926.707,manual,Manual cook,temp,2100,446.0,,esp32,,0,,,,,,,,,,,,1,445.0,0.0,0.0,0,NONE
2026-10-05T16:26:31.531+00:00,927.208,manual,Manual cook,temp,2100,444.6,,esp32,,0,,,,,,,,,,,,1,445.0,9.0,26.0,0,NONE
2026-10-05T16:26:32.530+00:00,928.207,manual,Manual cook,temp,2100,445.5,,esp32,,0,,,,,,,,,,,,1,445.0,3.0,3.0,0,NONE
2026-10-05T16:26:33.030+00:00,928.707,manual,Manual cook,temp,2100,446.0,,esp32,,0,,,,,,,,,,,,1,445.0,0.0,0.0,0,NONE
2026-10-05T16:26:33.530+00:00,929.207,manual,Manual cook,temp,2100,446.0,,esp32,,0,,,,,,,,,,,,1,445.0,2.0,2.0,0,NONE
2026-10-05T16:26:34.530+00:00,930.207,manual,Manual cook,temp,2100,445.5,,esp32,,0,,,,,,,,,,,,1,445.0,10.0,10.0,0,NONE
2026-10-05T16:26:35.530+00:00,931.207,manual,Manual cook,temp,2100,445.5,,esp32,,0,,,,,,,,,,,,1,445.0,3.0,3.0,0,NONE
2026-10-05T16:26:36.530+00:00,932.207,manual,Manual cook,temp,2100,445.1,,esp32,,0,,,,,,,,,,,,1,445.0,9.0,18.0,0,NONE
2026-10-05T16:26:37.030+00:00,932.707,manual,Manual cook,temp,2100,444.2,,esp32,,0,,,,,,,,,,,,1,445.0,20.0,20.0,0,NONE
2026-10-05T16:26:38.030+00:00,933.707,manual,Manual cook,temp,2100,446.0,,esp32,,0,,,,,,,,,,,,1,445.0,9.0,11.0,0,NONE
2026-10-05T16:26:39.030+00:00,934.707,manual,Manual cook,temp,2100,446.0,,esp32,,0,,,,,,,,,,,,1,445.0,2.0,2.0,0,NONE
2026-10-05T16:26:39.530+00:00,935.207,manual,Manual cook,temp,2100,446.0,,esp32,,0,,,,,,,,,,,,1,445.0,10.0,10.0,0,NONE
2026-10-05T16:26:40.530+00:00,936.207,manual,Manual cook,temp,2100,445.5,,esp32,,0,,,,,,,,,,,,1,445.0,2.0,2.0,0,NONE
2026-10-05T16:26:41.530+00:00,937.207,manual,Manual cook,temp,2100,444.6,,esp32,,0,,,,,,,,,,,,1,445.0,2.0,2.0,0,NONE
2026-10-05T16:26:42.030+00:00,937.707,manual,Manual cook,temp,2100,444.6,,esp32,,0,,,,,,,,,,,,1,445.0,19.0,19.0,0,NONE
2026-10-05T16:26:43.029+00:00,938.707,manual,Manual cook,temp,2100,445.5,,esp32,,0,,,,,,,,,,,,1,445.0,2.0,2.0,0,NONE
2026-10-05T16:26:43.530+00:00,939.207,manual,Manual cook,temp,2100,445.5,,esp32,,0,,,,,,,,,,,,1,445.0,11.0,11.0,0,NONE
2026-10-05T16:26:44.530+00:00,940.207,manual,Manual cook,temp,2100,445.1,,esp32,,0,,,,,,,,,,,,1,445.0,9.0,11.0,0,NONE
2026-10-05T16:26:45.530+00:00,941.207,manual,Manual cook,temp,2100,445.1,,esp32,,0,,,,,,,,,,,,1,445.0,0.0,0.0,0,NONE
2026-10-05T16:26:46.529+00:00,942.207,manual,Manual cook,temp,2100,445.5,,esp32,,0,,,,,,,,,,,,1,445.0,0.0,0.0,0,NONE
2026-10-05T16:26:47.029+00:00,942.707,manual,Manual cook,temp,2100,445.1,,esp32,,0,,,,,,,,,,,,1,445.0,9.0,11.0,0,NONE
2026-10-05T16:26:48.029+00:00,943.707,manual,Manual cook,temp,2100,445.1,,esp32,,0,,,,,,,,,,,,1,445.0,3.0,3.0,0,NONE
2026-10-05T16:26:49.029+00:00,944.707,manual,Manual cook,temp,2100,445.5,,esp32,,0,,,,,,,,,,,,1,445.0,3.0,3.0,0,NONE
2026-10-05T16:26:50.029+00:00,945.707,manual,Manual cook,temp,2100,445.1,,esp32,,0,,,,,,,,,,,,1,445.0,2.0,2.0,0,NONE
2026-10-05T16:26:50.529+00:00,946.207,manual,Manual cook,temp,2100,445.1,,esp32,,0,,,,,,,,,,,,1,445.0,11.0,11.0,0,NONE
2026-10-05T16:26:51.030+00:00,946.707,manual,Manual cook,temp,2100,445.1,,esp32,,0,,,,,,,,,,,,1,445.0,3.0,3.0,0,NONE
2026-10-05T16:26:52.029+00:00,947.707,manual,Manual cook,temp,2100,445.5,,esp32,,0,,,,,,,,,,,,1,445.0,0.0,0.0,0,NONE
2026-10-05T16:26:52.529+00:00,948.207,manual,Manual cook,temp,2100,445.1,,esp32,,0,,,,,,,,,,,,1,445.0,9.0,10.0,0,NONE
2026-10-05T16:26:53.029+00:00,948.707,manual,Manual cook,temp,2100,446.0,,esp32,,0,,,,,,,,,,,,1,445.0,11.0,11.0,0,NONE
2026-10-05T16:26:54.029+00:00,949.707,manual,Manual cook,temp,2100,446.0,,esp32,,0,,,,,,,,,,,,1,445.0,2.0,2.0,0,NONE
2026-10-05T16:26:54.529+00:00,950.207,manual,Manual cook,temp,2100,445.1,,esp32,,0,,,,,,,,,,,,1,445.0,2.0,2.0,0,NONE
2026-10-05T16:26:55.029+00:00,950.707,manual,Manual cook,temp,2100,445.5,,esp32,,0,,,,,,,,,,,,1,445.0,18.0,18.0,0,NONE
2026-10-05T16:26:56.029+00:00,951.707,manual,Manual cook,temp,2100,446.0,,esp32,,0,,,,,,,,,,,,1,445.0,0.0,0.0,0,NONE
2026-10-05T16:26:57.029+00:00,952.706,manual,Manual cook,temp,2100,446.0,,esp32,,0,,,,,,,,,,,,1,445.0,2.0,2.0,0,NONE
2026-10-05T16:26:58.029+00:00,953.707,manual,Manual cook,temp,2100,446.0,,esp32,,0,,,,,,,,,,,,1,445.0,0.0,0.0,0,NONE
2026-10-05T16:26:59.029+00:00,954.707,manual,Manual cook,temp,2100,445.5,,esp32,,0,,,,,,,,,,,,1,445.0,10.0,10.0,0,NONE
2026-10-05T16:27:00.029+00:00,955.706,manual,Manual cook,temp,2100,445.5,,esp32,,0,,,,,,,,,,,,1,445.0,9.0,18.0,0,NONE
2026-10-05T16:27:01.029+00:00,956.706,manual,Manual cook,temp,2100,445.5,,esp32,,0,,,,,,,,,,,,1,445.0,2.0,2.0,0,NONE
2026-10-05T16:27:01.529+00:00,957.207,manual,Manual cook,temp,2100,445.1,,esp32,,0,,,,,,,,,,,,1,445.0,10.0,10.0,0,NONE
2026-10-05T16:27:02.529+00:00,958.206,manual,Manual cook,temp,2100,445.1,,esp32,,0,,,,,,,,,,,,1,445.0,0.0,0.0,0,NONE
2026-10-05T16:27:03.029+00:00,958.706,manual,Manual cook,temp,2100,444.6,,esp32,,0,,,,,,,,,,,,1,445.0,9.0,11.0,0,NONE
2026-10-05T16:27:03.529+00:00,959.206,manual,Manual cook,temp,2100,444.6,,esp32,,0,,,,,,,,,,,,1,445.0,4.0,4.0,0,NONE
2026-10-05T16:27:04.529+00:00,960.206,manual,Manual cook,temp,2100,445.1,,esp32,,0,,,,,,,,,,,,1,445.0,0.0,0.0,0,NONE
2026-10-05T16:27:05.529+00:00,961.206,manual,Manual cook,temp,2100,444.2,,esp32,,0,,,,,,,,,,,,1,445.0,20.0,20.0,0,NONE
2026-10-05T16:27:06.529+00:00,962.206,manual,Manual cook,temp,2100,445.1,,esp32,,0,,,,,,,,,,,,1,445.0,3.0,3.0,0,NONE
2026-10-05T16:27:07.029+00:00,962.706,manual,Manual cook,temp,2100,444.6,,esp32,,0,,,,,,,,,,,,1,445.0,11.0,11.0,0,NONE
2026-10-05T16:27:08.029+00:00,963.706,manual,Manual cook,temp,2100,445.1,,esp32,,0,,,,,,,,,,,,1,445.0,9.0,11.0,0,NONE
2026-10-05T16:27:09.029+00:00,964.706,manual,Manual cook,temp,2100,445.5,,esp32,,0,,,,,,,,,,,,1,445.0,2.0,2.0,0,NONE
2026-10-05T16:27:09.529+00:00,965.206,manual,Manual cook,temp,2100,445.5,,esp32,,0,,,,,,,,,,,,1,445.0,2.0,2.0,0,NONE
2026-10-05T16:27:10.528+00:00,966.206,manual,Manual cook,temp,2100,445.5,,esp32,,0,,,,,,,,,,,,1,445.0,2.0,2.0,0,NONE
2026-10-05T16:27:11.029+00:00,966.706,manual,Manual cook,temp,2100,445.5,,esp32,,0,,,,,,,,,,,,1,445.0,0.0,0.0,0,NONE
2026-10-05T16:27:11.529+00:00,967.206,manual,Manual cook,temp,2100,445.5,,esp32,,0,,,,,,,,,,,,1,445.0,9.0,10.0,0,NONE
2026-10-05T16:27:12.029+00:00,967.706,manual,Manual cook,temp,2100,445.1,,esp32,,0,,,,,,,,,,,,1,445.0,10.0,10.0,0,NONE
2026-10-05T16:27:13.028+00:00,968.706,manual,Manual cook,temp,2100,445.1,,esp32,,0,,,,,,,,,,,,1,445.0,3.0,3.0,0,NONE
2026-10-05T16:27:14.029+00:00,969.706,manual,Manual cook,temp,2100,445.1,,esp32,,0,,,,,,,,,,,,1,445.0,11.0,11.0,0,NONE
2026-10-05T16:27:15.028+00:00,970.706,manual,Manual cook,temp,2100,445.1,,esp32,,0,,,,,,,,,,,,1,445.0,3.0,3.0,0,NONE
2026-10-05T16:27:15.529+00:00,971.206,manual,Manual cook,temp,2100,444.2,,esp32,,0,,,,,,,,,,,,1,445.0,11.0,11.0,0,NONE
2026-10-05T16:27:16.528+00:00,972.206,manual,Manual cook,temp,2100,445.1,,esp32,,0,,,,,,,,,,,,1,445.0,5.0,5.0,0,NONE
2026-10-05T16:27:17.029+00:00,972.706,manual,Manual cook,temp,2100,445.1,,esp32,,0,,,,,,,,,,,,1,445.0,0.0,0.0,0,NONE
2026-10-05T16:27:18.028+00:00,973.706,manual,Manual cook,temp,2100,445.5,,esp32,,0,,,,,,,,,,,,1,445.0,0.0,0.0,0,NONE
2026-10-05T16:27:18.528+00:00,974.206,manual,Manual cook,temp,2100,445.1,,esp32,,0,,,,,,,,,,,,1,445.0,9.0,11.0,0,NONE
2026-10-05T16:27:19.528+00:00,975.206,manual,Manual cook,temp,2100,445.1,,esp32,,0,,,,,,,,,,,,1,445.0,3.0,3.0,0,NONE
2026-10-05T16:27:20.528+00:00,976.206,manual,Manual cook,temp,2100,446.0,,esp32,,0,,,,,,,,,,,,1,445.0,1.0,1.0,0,NONE
2026-10-05T16:27:21.528+00:00,977.206,manual,Manual cook,temp,2100,445.5,,esp32,,0,,,,,,,,,,,,1,445.0,10.0,10.0,0,NONE
2026-10-05T16:27:22.528+00:00,978.206,manual,Manual cook,temp,2100,446.0,,esp32,,0,,,,,,,,,,,,1,445.0,9.0,9.0,0,NONE
2026-10-05T16:27:23.528+00:00,979.206,manual,Manual cook,temp,2100,446.0,,esp32,,0,,,,,,,,,,,,1,445.0,9.0,9.0,0,NONE
2026-10-05T16:27:24.028+00:00,979.706,manual,Manual cook,temp,2100,446.0,,esp32,,0,,,,,,,,,,,,1,445.0,0.0,0.0,0,NONE
2026-10-05T16:27:25.028+00:00,980.706,manual,Manual cook,temp,2100,446.0,,esp32,,0,,,,,,,,,,,,1,445.0,0.0,0.0,0,NONE
2026-10-05T16:27:26.028+00:00,981.705,manual,Manual cook,temp,2100,446.0,,esp32,,0,,,,,,,,,,,,1,445.0,1.0,1.0,0,NONE
2026-10-05T16:27:26.528+00:00,982.206,manual,Manual cook,temp,2100,445.5,,esp32,,0,,,,,,,,,,,,1,445.0,10.0,10.0,0,NONE
2026-10-05T16:27:27.528+00:00,983.206,manual,Manual cook,temp,2100,446.0,,esp32,,0,,,,,,,,,,,,1,445.0,1.0,1.0,0,NONE
2026-10-05T16:27:28.528+00:00,984.205,manual,Manual cook,temp,2100,446.0,,esp32,,0,,,,,,,,,,,,1,445.0,1.0,1.0,0,NONE
2026-10-05T16:27:29.028+00:00,984.705,manual,Manual cook,temp,2100,445.5,,esp32,,0,,,,,,,,,,,,1,445.0,9.0,9.0,0,NONE
2026-10-05T16:27:29.528+00:00,985.205,manual,Manual cook,temp,2100,445.5,,esp32,,0,,,,,,,,,,,,1,445.0,2.0,2.0,0,NONE
2026-10-05T16:27:30.528+00:00,986.206,manual,Manual cook,temp,2100,445.1,,esp32,,0,,,,,,,,,,,,1,445.0,10.0,10.0,0,NONE
2026-10-05T16:27:31.528+00:00,987.205,manual,Manual cook,temp,2100,446.5,,esp32,,0,,,,,,,,,,,,1,445.0,0.0,0.0,0,NONE
2026-10-05T16:27:32.528+00:00,988.205,manual,Manual cook,temp,2100,446.0,,esp32,,0,,,,,,,,,,,,1,445.0,9.0,17.0,0,NONE
2026-10-05T16:27:33.028+00:00,988.705,manual,Manual cook,temp,2100,445.5,,esp32,,0,,,,,,,,,,,,1,445.0,0.0,0.0,0,NONE
2026-10-05T16:27:34.028+00:00,989.705,manual,Manual cook,temp,2100,445.5,,esp32,,0,,,,,,,,,,,,1,445.0,2.0,2.0,0,NONE
2026-10-05T16:27:35.028+00:00,990.705,manual,Manual cook,temp,2100,445.5,,esp32,,0,,,,,,,,,,,,1,445.0,9.0,9.0,0,NONE
2026-10-05T16:27:36.028+00:00,991.705,manual,Manual cook,temp,2100,445.1,,esp32,,0,,,,,,,,,,,,1,445.0,9.0,18.0,0,NONE
2026-10-05T16:27:37.028+00:00,992.705,manual,Manual cook,temp,2100,445.5,,esp32,,0,,,,,,,,,,,,1,445.0,3.0,3.0,0,NONE
2026-10-05T16:27:38.028+00:00,993.705,manual,Manual cook,temp,2100,444.6,,esp32,,0,,,,,,,,,,,,1,445.0,0.0,0.0,0,NONE
2026-10-05T16:27:39.028+00:00,994.705,manual,Manual cook,temp,2100,444.2,,esp32,,0,,,,,,,,,,,,1,445.0,0.0,0.0,0,NONE
2026-10-05T16:27:39.528+00:00,995.205,manual,Manual cook,temp,2100,443.8,,esp32,,0,,,,,,,,,,,,1,445.0,9.0,19.0,0,NONE
2026-10-05T16:27:40.527+00:00,996.205,manual,Manual cook,temp,2100,445.1,,esp32,,0,,,,,,,,,,,,1,445.0,0.0,0.0,0,NONE
2026-10-05T16:27:41.028+00:00,996.705,manual,Manual cook,temp,2100,445.1,,esp32,,0,,,,,,,,,,,,1,445.0,3.0,3.0,0,NONE
2026-10-05T16:27:42.028+00:00,997.705,manual,Manual cook,temp,2100,444.6,,esp32,,0,,,,,,,,,,,,1,445.0,11.0,11.0,0,NONE
2026-10-05T16:27:43.027+00:00,998.705,manual,Manual cook,temp,2100,445.1,,esp32,,0,,,,,,,,,,,,1,445.0,0.0,0.0,0,NONE
2026-10-05T16:27:44.027+00:00,999.705,manual,Manual cook,temp,2100,445.1,,esp32,,0,,,,,,,,,,,,1,445.0,3.0,3.0,0,NONE
2026-10-05T16:27:44.528+00:00,1000.205,manual,Manual cook,temp,2100,444.6,,esp32,,0,,,,,,,,,,,,1,445.0,11.0,11.0,0,NONE
2026-10-05T16:27:45.527+00:00,1001.205,manual,Manual cook,temp,2100,445.5,,esp32,,0,,,,,,,,,,,,1,445.0,0.0,0.0,0,NONE
2026-10-05T16:27:46.527+00:00,1002.205,manual,Manual cook,temp,2100,444.6,,esp32,,0,,,,,,,,,,,,1,445.0,18.0,18.0,0,NONE
2026-10-05T16:27:47.527+00:00,1003.205,manual,Manual cook,temp,2100,444.6,,esp32,,0,,,,,,,,,,,,1,445.0,9.0,11.0,0,NONE
2026-10-05T16:27:48.529+00:00,1004.206,manual,Manual cook,temp,2100,445.1,,esp32,,0,,,,,,,,,,,,1,445.0,3.0,3.0,0,NONE
2026-10-05T16:27:49.527+00:00,1005.205,manual,Manual cook,temp,2100,445.5,,esp32,,0,,,,,,,,,,,,1,445.0,9.0,18.0,0,NONE
2026-10-05T16:27:50.527+00:00,1006.205,manual,Manual cook,temp,2100,445.1,,esp32,,0,,,,,,,,,,,,1,445.0,9.0,18.0,0,NONE
2026-10-05T16:27:51.527+00:00,1007.205,manual,Manual cook,temp,2100,444.2,,esp32,,0,,,,,,,,,,,,1,445.0,3.0,3.0,0,NONE
2026-10-05T16:27:52.027+00:00,1007.705,manual,Manual cook,temp,2100,444.2,,esp32,,0,,,,,,,,,,,,1,445.0,19.0,19.0,0,NONE
2026-10-05T16:27:53.027+00:00,1008.705,manual,Manual cook,temp,2100,445.1,,esp32,,0,,,,,,,,,,,,1,445.0,2.0,2.0,0,NONE
2026-10-05T16:27:53.527+00:00,1009.205,manual,Manual cook,temp,2100,445.1,,esp32,,0,,,,,,,,,,,,1,445.0,10.0,10.0,0,NONE
2026-10-05T16:27:54.527+00:00,1010.205,manual,Manual cook,temp,2100,445.1,,esp32,,0,,,,,,,,,,,,1,445.0,3.0,3.0,0,NONE
2026-10-05T16:27:55.527+00:00,1011.204,manual,Manual cook,temp,2100,445.5,,esp32,,0,,,,,,,,,,,,1,445.0,0.0,0.0,0,NONE
2026-10-05T16:27:56.527+00:00,1012.205,manual,Manual cook,temp,2100,445.1,,esp32,,0,,,,,,,,,,,,1,445.0,10.0,10.0,0,NONE
2026-10-05T16:27:57.527+00:00,1013.204,manual,Manual cook,temp,2100,446.0,,esp32,,0,,,,,,,,,,,,1,445.0,0.0,0.0,0,NONE
2026-10-05T16:27:58.027+00:00,1013.704,manual,Manual cook,temp,2100,445.5,,esp32,,0,,,,,,,,,,,,1,445.0,9.0,9.0,0,NONE
2026-10-05T16:27:59.027+00:00,1014.704,manual,Manual cook,temp,2100,445.5,,esp32,,0,,,,,,,,,,,,1,445.0,2.0,2.0,0,NONE
2026-10-05T16:27:59.527+00:00,1015.204,manual,Manual cook,temp,2100,445.1,,esp32,,0,,,,,,,,,,,,1,445.0,0.0,0.0,0,NONE
2026-10-05T16:28:00.027+00:00,1015.704,manual,Manual cook,temp,2100,446.0,,esp32,,0,,,,,,,,,,,,1,445.0,9.0,18.0,0,NONE
2026-10-05T16:28:01.027+00:00,1016.704,manual,Manual cook,temp,2100,445.5,,esp32,,0,,,,,,,,,,,,1,445.0,9.0,18.0,0,NONE
2026-10-05T16:28:02.027+00:00,1017.704,manual,Manual cook,temp,2100,445.5,,esp32,,0,,,,,,,,,,,,1,445.0,2.0,2.0,0,NONE
2026-10-05T16:28:02.527+00:00,1018.204,manual,Manual cook,temp,2100,445.5,,esp32,,0,,,,,,,,,,,,1,445.0,2.0,2.0,0,NONE
2026-10-05T16:28:03.527+00:00,1019.204,manual,Manual cook,temp,2100,445.5,,esp32,,0,,,,,,,,,,,,1,445.0,2.0,2.0,0,NONE
2026-10-05T16:28:04.527+00:00,1020.204,manual,Manual cook,temp,2100,445.1,,esp32,,0,,,,,,,,,,,,1,445.0,27.0,27.0,0,NONE
2026-10-05T16:28:05.527+00:00,1021.204,manual,Manual cook,temp,2100,445.1,,esp32,,0,,,,,,,,,,,,1,445.0,3.0,3.0,0,NONE
2026-10-05T16:28:06.027+00:00,1021.704,manual,Manual cook,temp,2100,445.1,,esp32,,0,,,,,,,,,,,,1,445.0,11.0,11.0,0,NONE
2026-10-05T16:28:07.027+00:00,1022.704,manual,Manual cook,temp,2100,444.6,,esp32,,0,,,,,,,,,,,,1,445.0,9.0,19.0,0,NONE
2026-10-05T16:28:08.027+00:00,1023.704,manual,Manual cook,temp,2100,443.8,,esp32,,0,,,,,,,,,,,,1,445.0,9.0,20.0,0,NONE
2026-10-05T16:28:09.027+00:00,1024.704,manual,Manual cook,temp,2100,443.8,,esp32,,0,,,,,,,,,,,,1,445.0,9.0,28.0,0,NONE
2026-10-05T16:28:10.027+00:00,1025.704,manual,Manual cook,temp,2100,443.3,,esp32,,0,,,,,,,,,,,,1,445.0,0.0,0.0,0,NONE
2026-10-05T16:28:10.527+00:00,1026.204,manual,Manual cook,temp,2100,444.2,,esp32,,0,,,,,,,,,,,,1,445.0,9.0,21.0,0,NONE
2026-10-05T16:28:11.027+00:00,1026.704,manual,Manual cook,temp,2100,444.2,,esp32,,0,,,,,,,,,,,,1,445.0,0.0,0.0,0,NONE
2026-10-05T16:28:12.027+00:00,1027.704,manual,Manual cook,temp,2100,443.3,,esp32,,0,,,,,,,,,,,,1,445.0,29.0,29.0,0,NONE
2026-10-05T16:28:13.026+00:00,1028.704,manual,Manual cook,temp,2100,443.3,,esp32,,0,,,,,,,,,,,,1,445.0,7.0,7.0,0,NONE
2026-10-05T16:28:13.526+00:00,1029.204,manual,Manual cook,temp,2100,442.9,,esp32,,0,,,,,,,,,,,,1,445.0,0.0,0.0,0,NONE
2026-10-05T16:28:14.527+00:00,1030.204,manual,Manual cook,temp,2100,443.8,,esp32,,0,,,,,,,,,,,,1,445.0,0.0,0.0,0,NONE
2026-10-05T16:28:15.527+00:00,1031.204,manual,Manual cook,temp,2100,443.8,,esp32,,0,,,,,,,,,,,,1,445.0,15.0,15.0,0,NONE
2026-10-05T16:28:16.526+00:00,1032.204,manual,Manual cook,temp,2100,441.5,,esp32,,0,,,,,,,,,,,,1,445.0,9.0,47.0,0,NONE
2026-10-05T16:28:17.026+00:00,1032.704,manual,Manual cook,temp,2100,442.9,,esp32,,0,,,,,,,,,,,,1,445.0,0.0,0.0,0,NONE
2026-10-05T16:28:17.526+00:00,1033.204,manual,Manual cook,temp,2100,442.0,,esp32,,0,,,,,,,,,,,,1,445.0,9.0,15.0,0,NONE
2026-10-05T16:28:18.027+00:00,1033.704,manual,Manual cook,temp,2100,443.3,,esp32,,0,,,,,,,,,,,,1,445.0,24.0,24.0,0,NONE
2026-10-05T16:28:19.026+00:00,1034.704,manual,Manual cook,temp,2100,442.4,,esp32,,0,,,,,,,,,,,,1,445.0,9.0,23.0,0,NONE
2026-10-05T16:28:19.526+00:00,1035.204,manual,Manual cook,temp,2100,442.9,,esp32,,0,,,,,,,,,,,,1,445.0,1.0,1.0,0,NONE
2026-10-05T16:28:20.526+00:00,1036.204,manual,Manual cook,temp,2100,443.3,,esp32,,0,,,,,,,,,,,,1,445.0,0.0,0.0,0,NONE
2026-10-05T16:28:21.026+00:00,1036.704,manual,Manual cook,temp,2100,443.3,,esp32,,0,,,,,,,,,,,,1,445.0,7.0,7.0,0,NONE
2026-10-05T16:28:22.026+00:00,1037.704,manual,Manual cook,temp,2100,442.9,,esp32,,0,,,,,,,,,,,,1,445.0,15.0,15.0,0,NONE
2026-10-05T16:28:23.026+00:00,1038.704,manual,Manual cook,temp,2100,442.9,,esp32,,0,,,,,,,,,,,,1,445.0,0.0,0.0,0,NONE
2026-10-05T16:28:24.026+00:00,1039.704,manual,Manual cook,temp,2100,443.8,,esp32,,0,,,,,,,,,,,,1,445.0,0.0,0.0,0,NONE
2026-10-05T16:28:25.026+00:00,1040.704,manual,Manual cook,temp,2100,443.3,,esp32,,0,,,,,,,,,,,,1,445.0,15.0,15.0,0,NONE
2026-10-05T16:28:26.026+00:00,1041.703,manual,Manual cook,temp,2100,444.2,,esp32,,0,,,,,,,,,,,,1,445.0,0.0,0.0,0,NONE
2026-10-05T16:28:27.026+00:00,1042.703,manual,Manual cook,temp,2100,443.8,,esp32,,0,,,,,,,,,,,,1,445.0,9.0,14.0,0,NONE
2026-10-05T16:28:27.526+00:00,1043.204,manual,Manual cook,temp,2100,443.3,,esp32,,0,,,,,,,,,,,,1,445.0,15.0,15.0,0,NONE
2026-10-05T16:28:28.526+00:00,1044.203,manual,Manual cook,temp,2100,443.8,,esp32,,0,,,,,,,,,,,,1,445.0,9.0,22.0,0,NONE
2026-10-05T16:28:29.526+00:00,1045.203,manual,Manual cook,temp,2100,444.2,,esp32,,0,,,,,,,,,,,,1,445.0,0.0,0.0,0,NONE
2026-10-05T16:28:30.526+00:00,1046.203,manual,Manual cook,temp,2100,444.6,,esp32,,0,,,,,,,,,,,,1,445.0,0.0,0.0,0,NONE
2026-10-05T16:28:31.026+00:00,1046.703,manual,Manual cook,temp,2100,444.2,,esp32,,0,,,,,,,,,,,,1,445.0,9.0,13.0,0,NONE
2026-10-05T16:28:32.026+00:00,1047.703,manual,Manual cook,temp,2100,444.6,,esp32,,0,,,,,,,,,,,,1,445.0,0.0,0.0,0,NONE
2026-10-05T16:28:32.526+00:00,1048.203,manual,Manual cook,temp,2100,444.2,,esp32,,0,,,,,,,,,,,,1,445.0,9.0,21.0,0,NONE
2026-10-05T16:28:33.526+00:00,1049.203,manual,Manual cook,temp,2100,444.2,,esp32,,0,,,,,,,,,,,,1,445.0,6.0,6.0,0,NONE
2026-10-05T16:28:34.526+00:00,1050.203,manual,Manual cook,temp,2100,444.2,,esp32,,0,,,,,,,,,,,,1,445.0,6.0,6.0,0,NONE
2026-10-05T16:28:35.026+00:00,1050.703,manual,Manual cook,temp,2100,444.6,,esp32,,0,,,,,,,,,,,,1,445.0,0.0,0.0,0,NONE
2026-10-05T16:28:35.526+00:00,1051.203,manual,Manual cook,temp,2100,444.6,,esp32,,0,,,,,,,,,,,,1,445.0,5.0,5.0,0,NONE
2026-10-05T16:28:36.526+00:00,1052.203,manual,Manual cook,temp,2100,444.2,,esp32,,0,,,,,,,,,,,,1,445.0,5.0,5.0,0,NONE
2026-10-05T16:28:37.026+00:00,1052.703,manual,Manual cook,temp,2100,444.6,,esp32,,0,,,,,,,,,,,,1,445.0,13.0,13.0,0,NONE
2026-10-05T16:28:38.025+00:00,1053.703,manual,Manual cook,temp,2100,444.6,,esp32,,0,,,,,,,,,,,,1,445.0,5.0,5.0,0,NONE
2026-10-05T16:28:38.526+00:00,1054.203,manual,Manual cook,temp,2100,444.2,,esp32,,0,,,,,,,,,,,,1,445.0,13.0,13.0,0,NONE
2026-10-05T16:28:39.525+00:00,1055.203,manual,Manual cook,temp,2100,445.5,,esp32,,0,,,,,,,,,,,,1,445.0,0.0,0.0,0,NONE
2026-10-05T16:28:40.025+00:00,1055.703,manual,Manual cook,temp,2100,444.6,,esp32,,0,,,,,,,,,,,,1,445.0,9.0,19.0,0,NONE
2026-10-05T16:28:41.025+00:00,1056.703,manual,Manual cook,temp,2100,445.5,,esp32,,0,,,,,,,,,,,,1,445.0,3.0,3.0,0,NONE
2026-10-05T16:28:42.025+00:00,1057.703,manual,Manual cook,temp,2100,445.1,,esp32,,0,,,,,,,,,,,,1,445.0,11.0,11.0,0,NONE
2026-10-05T16:28:43.025+00:00,1058.703,manual,Manual cook,temp,2100,446.0,,esp32,,0,,,,,,,,,,,,1,445.0,0.0,0.0,0,NONE
2026-10-05T16:28:44.025+00:00,1059.703,manual,Manual cook,temp,2100,446.5,,esp32,,0,,,,,,,,,,,,1,445.0,9.0,10.0,0,NONE
2026-10-05T16:28:45.025+00:00,1060.703,manual,Manual cook,temp,2100,446.5,,esp32,,0,,,,,,,,,,,,1,445.0,1.0,1.0,0,NONE
2026-10-05T16:28:45.525+00:00,1061.203,manual,Manual cook,temp,2100,446.5,,esp32,,0,,,,,,,,,,,,1,445.0,1.0,1.0,0,NONE
2026-10-05T16:28:46.031+00:00,1061.708,manual,Manual cook,temp,2100,445.5,,esp32,,0,,,,,,,,,,,,1,445.0,1.0,1.0,0,NONE
2026-10-05T16:28:47.025+00:00,1062.703,manual,Manual cook,temp,2100,446.5,,esp32,,0,,,,,,,,,,,,1,445.0,0.0,0.0,0,NONE
2026-10-05T16:28:48.025+00:00,1063.703,manual,Manual cook,temp,2100,446.5,,esp32,,0,,,,,,,,,,,,1,445.0,1.0,1.0,0,NONE
2026-10-05T16:28:49.025+00:00,1064.703,manual,Manual cook,temp,2100,446.5,,esp32,,0,,,,,,,,,,,,1,445.0,9.0,9.0,0,NONE
2026-10-05T16:28:49.525+00:00,1065.203,manual,Manual cook,temp,2100,446.0,,esp32,,0,,,,,,,,,,,,1,445.0,0.0,0.0,0,NONE
2026-10-05T16:28:50.525+00:00,1066.203,manual,Manual cook,temp,2100,446.0,,esp32,,0,,,,,,,,,,,,1,445.0,18.0,18.0,0,NONE
2026-10-05T16:28:51.525+00:00,1067.203,manual,Manual cook,temp,2100,445.5,,esp32,,0,,,,,,,,,,,,1,445.0,9.0,10.0,0,NONE
2026-10-05T16:28:52.525+00:00,1068.203,manual,Manual cook,temp,2100,446.0,,esp32,,0,,,,,,,,,,,,1,445.0,2.0,2.0,0,NONE
2026-10-05T16:28:53.525+00:00,1069.203,manual,Manual cook,temp,2100,445.5,,esp32,,0,,,,,,,,,,,,1,445.0,2.0,2.0,0,NONE
2026-10-05T16:28:54.025+00:00,1069.703,manual,Manual cook,temp,2100,446.0,,esp32,,0,,,,,,,,,,,,1,445.0,10.0,10.0,0,NONE
2026-10-05T16:28:55.025+00:00,1070.702,manual,Manual cook,temp,2100,444.6,,esp32,,0,,,,,,,,,,,,1,445.0,9.0,26.0,0,NONE
2026-10-05T16:28:56.025+00:00,1071.703,manual,Manual cook,temp,2100,446.0,,esp32,,0,,,,,,,,,,,,1,445.0,9.0,26.0,0,NONE
2026-10-05T16:28:57.025+00:00,1072.703,manual,Manual cook,temp,2100,445.1,,esp32,,0,,,,,,,,,,,,1,445.0,9.0,10.0,0,NONE
2026-10-05T16:28:58.026+00:00,1073.703,manual,Manual cook,temp,2100,444.6,,esp32,,0,,,,,,,,,,,,1,445.0,12.0,12.0,0,NONE
2026-10-05T16:28:59.025+00:00,1074.702,manual,Manual cook,temp,2100,444.2,,esp32,,0,,,,,,,,,,,,1,445.0,13.0,13.0,0,NONE
2026-10-05T16:29:00.025+00:00,1075.702,manual,Manual cook,temp,2100,444.2,,esp32,,0,,,,,,,,,,,,1,445.0,0.0,0.0,0,NONE
2026-10-05T16:29:00.525+00:00,1076.202,manual,Manual cook,temp,2100,445.5,,esp32,,0,,,,,,,,,,,,1,445.0,9.0,20.0,0,NONE
2026-10-05T16:29:01.525+00:00,1077.203,manual,Manual cook,temp,2100,445.1,,esp32,,0,,,,,,,,,,,,1,445.0,9.0,11.0,0,NONE
2026-10-05T16:29:02.525+00:00,1078.202,manual,Manual cook,temp,2100,445.5,,esp32,,0,,,,,,,,,,,,1,445.0,12.0,12.0,0,NONE
2026-10-05T16:29:03.525+00:00,1079.202,manual,Manual cook,temp,2100,445.5,,esp32,,0,,,,,,,,,,,,1,445.0,3.0,3.0,0,NONE
2026-10-05T16:29:04.525+00:00,1080.202,manual,Manual cook,temp,2100,445.5,,esp32,,0,,,,,,,,,,,,1,445.0,3.0,3.0,0,NONE
2026-10-05T16:29:05.025+00:00,1080.702,manual,Manual cook,temp,2100,445.1,,esp32,,0,,,,,,,,,,,,1,445.0,0.0,0.0,0,NONE
2026-10-05T16:29:05.525+00:00,1081.202,manual,Manual cook,temp,2100,446.9,,esp32,,0,,,,,,,,,,,,1,445.0,9.0,18.0,0,NONE
2026-10-05T16:29:06.027+00:00,1081.704,manual,Manual cook,temp,2100,446.9,,esp32,,0,,,,,,,,,,,,1,445.0,0.0,0.0,0,NONE
2026-10-05T16:29:07.025+00:00,1082.702,manual,Manual cook,temp,2100,445.5,,esp32,,0,,,,,,,,,,,,1,445.0,10.0,10.0,0,NONE
2026-10-05T16:29:08.024+00:00,1083.702,manual,Manual cook,temp,2100,446.5,,esp32,,0,,,,,,,,,,,,1,445.0,1.0,1.0,0,NONE
2026-10-05T16:29:08.525+00:00,1084.202,manual,Manual cook,temp,2100,446.9,,esp32,,0,,,,,,,,,,,,1,445.0,25.0,25.0,0,NONE
2026-10-05T16:29:09.525+00:00,1085.202,manual,Manual cook,temp,2100,446.9,,esp32,,0,,,,,,,,,,,,1,445.0,0.0,0.0,0,NONE
2026-10-05T16:29:10.524+00:00,1086.202,manual,Manual cook,temp,2100,447.4,,esp32,,0,,,,,,,,,,,,1,445.0,0.0,0.0,0,NONE
2026-10-05T16:29:11.024+00:00,1086.702,manual,Manual cook,temp,2100,446.9,,esp32,,0,,,,,,,,,,,,1,445.0,7.0,7.0,0,NONE
2026-10-05T16:29:11.524+00:00,1087.202,manual,Manual cook,temp,2100,446.5,,esp32,,0,,,,,,,,,,,,1,445.0,8.0,8.0,0,NONE
2026-10-05T16:29:12.025+00:00,1087.703,manual,Manual cook,temp,2100,447.4,,esp32,,0,,,,,,,,,,,,1,445.0,1.0,1.0,0,NONE
2026-10-05T16:29:13.024+00:00,1088.702,manual,Manual cook,temp,2100,447.4,,esp32,,0,,,,,,,,,,,,1,445.0,0.0,0.0,0,NONE
2026-10-05T16:29:13.524+00:00,1089.202,manual,Manual cook,temp,2100,446.5,,esp32,,0,,,,,,,,,,,,1,445.0,9.0,15.0,0,NONE
2026-10-05T16:29:14.524+00:00,1090.202,manual,Manual cook,temp,2100,446.0,,esp32,,0,,,,,,,,,,,,1,445.0,1.0,1.0,0,NONE
2026-10-05T16:29:15.524+00:00,1091.202,manual,Manual cook,temp,2100,446.5,,esp32,,0,,,,,,,,,,,,1,445.0,0.0,0.0,0,NONE
2026-10-05T16:29:16.524+00:00,1092.202,manual,Manual cook,temp,2100,446.5,,esp32,,0,,,,,,,,,,,,1,445.0,0.0,0.0,0,NONE
2026-10-05T16:29:17.524+00:00,1093.202,manual,Manual cook,temp,2100,446.0,,esp32,,0,,,,,,,,,,,,1,445.0,17.0,17.0,0,NONE
2026-10-05T16:29:18.524+00:00,1094.202,manual,Manual cook,temp,2100,446.9,,esp32,,0,,,,,,,,,,,,1,445.0,0.0,0.0,0,NONE
2026-10-05T16:29:19.524+00:00,1095.202,manual,Manual cook,temp,2100,446.5,,esp32,,0,,,,,,,,,,,,1,445.0,1.0,1.0,0,NONE
2026-10-05T16:29:20.524+00:00,1096.201,manual,Manual cook,temp,2100,446.9,,esp32,,0,,,,,,,,,,,,1,445.0,0.0,0.0,0,NONE
2026-10-05T16:29:21.024+00:00,1096.702,manual,Manual cook,temp,2100,446.5,,esp32,,0,,,,,,,,,,,,1,445.0,9.0,24.0,0,NONE
2026-10-05T16:29:22.024+00:00,1097.702,manual,Manual cook,temp,2100,446.0,,esp32,,0,,,,,,,,,,,,1,445.0,9.0,9.0,0,NONE
2026-10-05T16:29:22.524+00:00,1098.202,manual,Manual cook,temp,2100,445.5,,esp32,,0,,,,,,,,,,,,1,445.0,2.0,2.0,0,NONE
2026-10-05T16:29:23.524+00:00,1099.201,manual,Manual cook,temp,2100,446.0,,esp32,,0,,,,,,,,,,,,1,445.0,0.0,0.0,0,NONE
2026-10-05T16:29:24.024+00:00,1099.702,manual,Manual cook,temp,2100,445.5,,esp32,,0,,,,,,,,,,,,1,445.0,0.0,0.0,0,NONE
2026-10-05T16:29:25.024+00:00,1100.701,manual,Manual cook,temp,2100,446.5,,esp32,,0,,,,,,,,,,,,1,445.0,0.0,0.0,0,NONE
2026-10-05T16:29:25.524+00:00,1101.201,manual,Manual cook,temp,2100,445.5,,esp32,,0,,,,,,,,,,,,1,445.0,9.0,17.0,0,NONE
2026-10-05T16:29:26.024+00:00,1101.701,manual,Manual cook,temp,2100,444.6,,esp32,,0,,,,,,,,,,,,1,445.0,3.0,3.0,0,NONE
2026-10-05T16:29:26.524+00:00,1102.202,manual,Manual cook,temp,2100,445.1,,esp32,,0,,,,,,,,,,,,1,445.0,19.0,19.0,0,NONE
2026-10-05T16:29:27.524+00:00,1103.201,manual,Manual cook,temp,2100,446.0,,esp32,,0,,,,,,,,,,,,1,445.0,0.0,0.0,0,NONE
2026-10-05T16:29:28.524+00:00,1104.201,manual,Manual cook,temp,2100,445.1,,esp32,,0,,,,,,,,,,,,1,445.0,9.0,18.0,0,NONE
2026-10-05T16:29:29.024+00:00,1104.701,manual,Manual cook,temp,2100,446.0,,esp32,,0,,,,,,,,,,,,1,445.0,4.0,4.0,0,NONE
2026-10-05T16:29:30.024+00:00,1105.701,manual,Manual cook,temp,2100,445.1,,esp32,,0,,,,,,,,,,,,1,445.0,9.0,18.0,0,NONE
2026-10-05T16:29:31.024+00:00,1106.701,manual,Manual cook,temp,2100,444.2,,esp32,,0,,,,,,,,,,,,1,445.0,0.0,0.0,0,NONE
2026-10-05T16:29:32.024+00:00,1107.701,manual,Manual cook,temp,2100,445.5,,esp32,,0,,,,,,,,,,,,1,445.0,0.0,0.0,0,NONE
2026-10-05T16:29:33.024+00:00,1108.701,manual,Manual cook,temp,2100,444.6,,esp32,,0,,,,,,,,,,,,1,445.0,9.0,11.0,0,NONE
2026-10-05T16:29:34.024+00:00,1109.701,manual,Manual cook,temp,2100,445.5,,esp32,,0,,,,,,,,,,,,1,445.0,0.0,0.0,0,NONE
2026-10-05T16:29:34.524+00:00,1110.201,manual,Manual cook,temp,2100,445.1,,esp32,,0,,,,,,,,,,,,1,445.0,9.0,11.0,0,NONE
2026-10-05T16:29:35.024+00:00,1110.701,manual,Manual cook,temp,2100,444.6,,esp32,,0,,,,,,,,,,,,1,445.0,4.0,4.0,0,NONE
2026-10-05T16:29:35.524+00:00,1111.201,manual,Manual cook,temp,2100,444.6,,esp32,,0,,,,,,,,,,,,1,445.0,12.0,12.0,0,NONE
2026-10-05T16:29:36.523+00:00,1112.201,manual,Manual cook,temp,2100,445.5,,esp32,,0,,,,,,,,,,,,1,445.0,0.0,0.0,0,NONE
2026-10-05T16:29:37.024+00:00,1112.701,manual,Manual cook,temp,2100,444.2,,esp32,,0,,,,,,,,,,,,1,445.0,9.0,19.0,0,NONE
2026-10-05T16:29:38.023+00:00,1113.701,manual,Manual cook,temp,2100,445.5,,esp32,,0,,,,,,,,,,,,1,445.0,0.0,0.0,0,NONE
2026-10-05T16:29:38.523+00:00,1114.201,manual,Manual cook,temp,2100,445.1,,esp32,,0,,,,,,,,,,,,1,445.0,0.0,0.0,0,NONE
2026-10-05T16:29:39.523+00:00,1115.201,manual,Manual cook,temp,2100,446.0,,esp32,,0,,,,,,,,,,,,1,445.0,0.0,0.0,0,NONE
2026-10-05T16:29:40.524+00:00,1116.201,manual,Manual cook,temp,2100,445.5,,esp32,,0,,,,,,,,,,,,1,445.0,9.0,10.0,0,NONE
2026-10-05T16:29:41.524+00:00,1117.201,manual,Manual cook,temp,2100,446.0,,esp32,,0,,,,,,,,,,,,1,445.0,11.0,11.0,0,NONE
2026-10-05T16:29:42.523+00:00,1118.201,manual,Manual cook,temp,2100,446.0,,esp32,,0,,,,,,,,,,,,1,445.0,2.0,2.0,0,NONE
2026-10-05T16:29:43.523+00:00,1119.201,manual,Manual cook,temp,2100,446.0,,esp32,,0,,,,,,,,,,,,1,445.0,10.0,10.0,0,NONE
2026-10-05T16:29:44.523+00:00,1120.201,manual,Manual cook,temp,2100,445.1,,esp32,,0,,,,,,,,,,,,1,445.0,9.0,18.0,0,NONE
2026-10-05T16:29:45.523+00:00,1121.201,manual,Manual cook,temp,2100,445.1,,esp32,,0,,,,,,,,,,,,1,445.0,0.0,0.0,0,NONE
2026-10-05T16:29:46.523+00:00,1122.201,manual,Manual cook,temp,2100,444.6,,esp32,,0,,,,,,,,,,,,1,445.0,9.0,19.0,0,NONE
2026-10-05T16:29:47.523+00:00,1123.201,manual,Manual cook,temp,2100,444.6,,esp32,,0,,,,,,,,,,,,1,445.0,9.0,10.0,0,NONE
2026-10-05T16:29:48.023+00:00,1123.701,manual,Manual cook,temp,2100,445.5,,esp32,,0,,,,,,,,,,,,1,445.0,19.0,19.0,0,NONE
2026-10-05T16:29:49.023+00:00,1124.701,manual,Manual cook,temp,2100,445.5,,esp32,,0,,,,,,,,,,,,1,445.0,9.0,11.0,0,NONE
2026-10-05T16:29:50.023+00:00,1125.700,manual,Manual cook,temp,2100,445.5,,esp32,,0,,,,,,,,,,,,1,445.0,3.0,3.0,0,NONE
2026-10-05T16:29:50.523+00:00,1126.201,manual,Manual cook,temp,2100,445.5,,esp32,,0,,,,,,,,,,,,1,445.0,11.0,11.0,0,NONE
2026-10-05T16:29:51.523+00:00,1127.201,manual,Manual cook,temp,2100,445.1,,esp32,,0,,,,,,,,,,,,1,445.0,9.0,11.0,0,NONE
2026-10-05T16:29:52.027+00:00,1127.704,manual,Manual cook,temp,2100,445.5,,esp32,,0,,,,,,,,,,,,1,445.0,0.0,0.0,0,NONE
2026-10-05T16:29:53.023+00:00,1128.700,manual,Manual cook,temp,2100,444.6,,esp32,,0,,,,,,,,,,,,1,445.0,9.0,26.0,0,NONE
2026-10-05T16:29:54.023+00:00,1129.700,manual,Manual cook,temp,2100,445.5,,esp32,,0,,,,,,,,,,,,1,445.0,0.0,0.0,0,NONE
2026-10-05T16:29:55.023+00:00,1130.700,manual,Manual cook,temp,2100,445.5,,esp32,,0,,,,,,,,,,,,1,445.0,0.0,0.0,0,NONE
2026-10-05T16:29:55.523+00:00,1131.200,manual,Manual cook,temp,2100,445.5,,esp32,,0,,,,,,,,,,,,1,445.0,3.0,3.0,0,NONE
2026-10-05T16:29:56.523+00:00,1132.200,manual,Manual cook,temp,2100,445.1,,esp32,,0,,,,,,,,,,,,1,445.0,11.0,11.0,0,NONE
2026-10-05T16:29:57.523+00:00,1133.200,manual,Manual cook,temp,2100,445.1,,esp32,,0,,,,,,,,,,,,1,445.0,9.0,18.0,0,NONE
2026-10-05T16:29:58.523+00:00,1134.200,manual,Manual cook,temp,2100,445.5,,esp32,,0,,,,,,,,,,,,1,445.0,0.0,0.0,0,NONE
2026-10-05T16:29:59.023+00:00,1134.700,manual,Manual cook,temp,2100,444.6,,esp32,,0,,,,,,,,,,,,1,445.0,9.0,19.0,0,NONE
2026-10-05T16:30:00.023+00:00,1135.700,manual,Manual cook,temp,2100,446.0,,esp32,,0,,,,,,,,,,,,1,445.0,0.0,0.0,0,NONE
2026-10-05T16:30:00.523+00:00,1136.200,manual,Manual cook,temp,2100,445.5,,esp32,,0,,,,,,,,,,,,1,445.0,9.0,10.0,0,NONE
2026-10-05T16:30:01.523+00:00,1137.200,manual,Manual cook,temp,2100,445.1,,esp32,,0,,,,,,,,,,,,1,445.0,11.0,11.0,0,NONE
2026-10-05T16:30:02.523+00:00,1138.200,manual,Manual cook,temp,2100,445.5,,esp32,,0,,,,,,,,,,,,1,445.0,0.0,0.0,0,NONE
2026-10-05T16:30:03.523+00:00,1139.200,manual,Manual cook,temp,2100,445.1,,esp32,,0,,,,,,,,,,,,1,445.0,11.0,11.0,0,NONE
2026-10-05T16:30:04.523+00:00,1140.200,manual,Manual cook,temp,2100,445.5,,esp32,,0,,,,,,,,,,,,1,445.0,9.0,10.0,0,NONE
2026-10-05T16:30:05.523+00:00,1141.200,manual,Manual cook,temp,2100,444.6,,esp32,,0,,,,,,,,,,,,1,445.0,9.0,26.0,0,NONE
2026-10-05T16:30:06.023+00:00,1141.700,manual,Manual cook,temp,2100,446.0,,esp32,,0,,,,,,,,,,,,1,445.0,0.0,0.0,0,NONE
2026-10-05T16:30:07.023+00:00,1142.700,manual,Manual cook,temp,2100,445.5,,esp32,,0,,,,,,,,,,,,1,445.0,9.0,10.0,0,NONE
2026-10-05T16:30:08.023+00:00,1143.700,manual,Manual cook,temp,2100,446.0,,esp32,,0,,,,,,,,,,,,1,445.0,0.0,0.0,0,NONE
2026-10-05T16:30:09.022+00:00,1144.700,manual,Manual cook,temp,2100,446.0,,esp32,,0,,,,,,,,,,,,1,445.0,2.0,2.0,0,NONE
2026-10-05T16:30:09.523+00:00,1145.200,manual,Manual cook,temp,2100,445.5,,esp32,,0,,,,,,,,,,,,1,445.0,10.0,10.0,0,NONE
2026-10-05T16:30:10.023+00:00,1145.700,manual,Manual cook,temp,2100,446.9,,esp32,,0,,,,,,,,,,,,1,445.0,11.0,11.0,0,NONE
2026-10-05T16:30:11.022+00:00,1146.700,manual,Manual cook,temp,2100,446.0,,esp32,,0,,,,,,,,,,,,1,445.0,8.0,8.0,0,NONE
2026-10-05T16:30:12.022+00:00,1147.700,manual,Manual cook,temp,2100,446.0,,esp32,,0,,,,,,,,,,,,1,445.0,2.0,2.0,0,NONE
2026-10-05T16:30:12.522+00:00,1148.200,manual,Manual cook,temp,2100,446.5,,esp32,,0,,,,,,,,,,,,1,445.0,2.0,2.0,0,NONE
2026-10-05T16:30:13.522+00:00,1149.200,manual,Manual cook,temp,2100,446.5,,esp32,,0,,,,,,,,,,,,1,445.0,0.0,0.0,0,NONE
2026-10-05T16:30:14.522+00:00,1150.200,manual,Manual cook,temp,2100,446.0,,esp32,,0,,,,,,,,,,,,1,445.0,9.0,9.0,0,NONE
2026-10-05T16:30:15.522+00:00,1151.200,manual,Manual cook,temp,2100,446.9,,esp32,,0,,,,,,,,,,,,1,445.0,0.0,0.0,0,NONE
2026-10-05T16:30:16.023+00:00,1151.700,manual,Manual cook,temp,2100,446.9,,esp32,,0,,,,,,,,,,,,1,445.0,0.0,0.0,0,NONE
2026-10-05T16:30:17.022+00:00,1152.700,manual,Manual cook,temp,2100,446.5,,esp32,,0,,,,,,,,,,,,1,445.0,0.0,0.0,0,NONE
2026-10-05T16:30:18.022+00:00,1153.700,manual,Manual cook,temp,2100,446.5,,esp32,,0,,,,,,,,,,,,1,445.0,1.0,1.0,0,NONE
2026-10-05T16:30:18.522+00:00,1154.200,manual,Manual cook,temp,2100,446.5,,esp32,,0,,,,,,,,,,,,1,445.0,1.0,1.0,0,NONE
2026-10-05T16:30:19.522+00:00,1155.200,manual,Manual cook,temp,2100,446.0,,esp32,,0,,,,,,,,,,,,1,445.0,9.0,9.0,0,NONE
2026-10-05T16:30:20.522+00:00,1156.199,manual,Manual cook,temp,2100,446.0,,esp32,,0,,,,,,,,,,,,1,445.0,2.0,2.0,0,NONE
2026-10-05T16:30:21.022+00:00,1156.700,manual,Manual cook,temp,2100,445.5,,esp32,,0,,,,,,,,,,,,1,445.0,10.0,10.0,0,NONE
2026-10-05T16:30:22.022+00:00,1157.700,manual,Manual cook,temp,2100,445.1,,esp32,,0,,,,,,,,,,,,1,445.0,10.0,10.0,0,NONE
2026-10-05T16:30:23.022+00:00,1158.700,manual,Manual cook,temp,2100,445.1,,esp32,,0,,,,,,,,,,,,1,445.0,9.0,25.0,0,NONE
2026-10-05T16:30:24.022+00:00,1159.700,manual,Manual cook,temp,2100,444.6,,esp32,,0,,,,,,,,,,,,1,445.0,11.0,11.0,0,NONE
2026-10-05T16:30:25.022+00:00,1160.699,manual,Manual cook,temp,2100,445.1,,esp32,,0,,,,,,,,,,,,1,445.0,0.0,0.0,0,NONE
2026-10-05T16:30:25.522+00:00,1161.200,manual,Manual cook,temp,2100,445.1,,esp32,,0,,,,,,,,,,,,1,445.0,9.0,20.0,0,NONE
2026-10-05T16:30:26.522+00:00,1162.199,manual,Manual cook,temp,2100,444.6,,esp32,,0,,,,,,,,,,,,1,445.0,9.0,11.0,0,NONE
2026-10-05T16:30:27.522+00:00,1163.199,manual,Manual cook,temp,2100,444.6,,esp32,,0,,,,,,,,,,,,1,445.0,9.0,11.0,0,NONE
2026-10-05T16:30:28.022+00:00,1163.699,manual,Manual cook,temp,2100,444.2,,esp32,,0,,,,,,,,,,,,1,445.0,12.0,12.0,0,NONE
2026-10-05T16:30:29.022+00:00,1164.699,manual,Manual cook,temp,2100,445.1,,esp32,,0,,,,,,,,,,,,1,445.0,3.0,3.0,0,NONE
2026-10-05T16:30:29.522+00:00,1165.199,manual,Manual cook,temp,2100,445.1,,esp32,,0,,,,,,,,,,,,1,445.0,3.0,3.0,0,NONE
2026-10-05T16:30:30.522+00:00,1166.199,manual,Manual cook,temp,2100,444.2,,esp32,,0,,,,,,,,,,,,1,445.0,0.0,0.0,0,NONE
2026-10-05T16:30:31.022+00:00,1166.699,manual,Manual cook,temp,2100,444.2,,esp32,,0,,,,,,,,,,,,1,445.0,9.0,27.0,0,NONE
2026-10-05T16:30:32.022+00:00,1167.699,manual,Manual cook,temp,2100,445.1,,esp32,,0,,,,,,,,,,,,1,445.0,3.0,3.0,0,NONE
2026-10-05T16:30:32.522+00:00,1168.199,manual,Manual cook,temp,2100,445.1,,esp32,,0,,,,,,,,,,,,1,445.0,0.0,0.0,0,NONE
2026-10-05T16:30:33.022+00:00,1168.699,manual,Manual cook,temp,2100,445.1,,esp32,,0,,,,,,,,,,,,1,445.0,9.0,11.0,0,NONE
2026-10-05T16:30:34.022+00:00,1169.699,manual,Manual cook,temp,2100,445.5,,esp32,,0,,,,,,,,,,,,1,445.0,11.0,11.0,0,NONE
2026-10-05T16:30:35.022+00:00,1170.699,manual,Manual cook,temp,2100,445.5,,esp32,,0,,,,,,,,,,,,1,445.0,9.0,27.0,0,NONE
2026-10-05T16:30:36.021+00:00,1171.699,manual,Manual cook,temp,2100,445.5,,esp32,,0,,,,,,,,,,,,1,445.0,2.0,2.0,0,NONE
2026-10-05T16:30:36.522+00:00,1172.199,manual,Manual cook,temp,2100,446.0,,esp32,,0,,,,,,,,,,,,1,445.0,0.0,0.0,0,NONE
2026-10-05T16:30:37.022+00:00,1172.699,manual,Manual cook,temp,2100,445.1,,esp32,,0,,,,,,,,,,,,1,445.0,9.0,18.0,0,NONE
2026-10-05T16:30:38.021+00:00,1173.699,manual,Manual cook,temp,2100,445.5,,esp32,,0,,,,,,,,,,,,1,445.0,0.0,0.0,0,NONE
2026-10-05T16:30:38.522+00:00,1174.200,manual,Manual cook,temp,2100,445.5,,esp32,,0,,,,,,,,,,,,1,445.0,2.0,2.0,0,NONE
2026-10-05T16:30:39.521+00:00,1175.199,manual,Manual cook,temp,2100,445.1,,esp32,,0,,,,,,,,,,,,1,445.0,2.0,2.0,0,NONE
2026-10-05T16:30:40.022+00:00,1175.699,manual,Manual cook,temp,2100,445.1,,esp32,,0,,,,,,,,,,,,1,445.0,11.0,11.0,0,NONE
2026-10-05T16:30:41.021+00:00,1176.699,manual,Manual cook,temp,2100,445.1,,esp32,,0,,,,,,,,,,,,1,445.0,0.0,0.0,0,NONE
2026-10-05T16:30:41.521+00:00,1177.199,manual,Manual cook,temp,2100,445.5,,esp32,,0,,,,,,,,,,,,1,445.0,9.0,11.0,0,NONE
2026-10-05T16:30:42.521+00:00,1178.199,manual,Manual cook,temp,2100,445.1,,esp32,,0,,,,,,,,,,,,1,445.0,9.0,11.0,0,NONE
2026-10-05T16:30:43.522+00:00,1179.199,manual,Manual cook,temp,2100,445.5,,esp32,,0,,,,,,,,,,,,1,445.0,11.0,11.0,0,NONE
2026-10-05T16:30:44.521+00:00,1180.199,manual,Manual cook,temp,2100,445.1,,esp32,,0,,,,,,,,,,,,1,445.0,9.0,11.0,0,NONE
2026-10-05T16:30:45.521+00:00,1181.199,manual,Manual cook,temp,2100,445.1,,esp32,,0,,,,,,,,,,,,1,445.0,3.0,3.0,0,NONE
2026-10-05T16:30:46.521+00:00,1182.199,manual,Manual cook,temp,2100,444.6,,esp32,,0,,,,,,,,,,,,1,445.0,11.0,11.0,0,NONE
2026-10-05T16:30:47.521+00:00,1183.199,manual,Manual cook,temp,2100,445.1,,esp32,,0,,,,,,,,,,,,1,445.0,9.0,11.0,0,NONE
2026-10-05T16:30:48.521+00:00,1184.199,manual,Manual cook,temp,2100,445.1,,esp32,,0,,,,,,,,,,,,1,445.0,9.0,11.0,0,NONE
2026-10-05T16:30:49.521+00:00,1185.199,manual,Manual cook,temp,2100,445.5,,esp32,,0,,,,,,,,,,,,1,445.0,0.0,0.0,0,NONE
2026-10-05T16:30:50.021+00:00,1185.699,manual,Manual cook,temp,2100,446.0,,esp32,,0,,,,,,,,,,,,1,445.0,9.0,10.0,0,NONE
2026-10-05T16:30:51.021+00:00,1186.699,manual,Manual cook,temp,2100,445.5,,esp32,,0,,,,,,,,,,,,1,445.0,9.0,10.0,0,NONE
2026-10-05T16:30:51.521+00:00,1187.199,manual,Manual cook,temp,2100,446.9,,esp32,,0,,,,,,,,,,,,1,445.0,0.0,0.0,0,NONE
2026-10-05T16:30:52.521+00:00,1188.198,manual,Manual cook,temp,2100,446.5,,esp32,,0,,,,,,,,,,,,1,445.0,8.0,8.0,0,NONE
2026-10-05T16:30:53.521+00:00,1189.198,manual,Manual cook,temp,2100,446.5,,esp32,,0,,,,,,,,,,,,1,445.0,1.0,1.0,0,NONE
2026-10-05T16:30:54.021+00:00,1189.699,manual,Manual cook,temp,2100,446.0,,esp32,,0,,,,,,,,,,,,1,445.0,17.0,17.0,0,NONE
2026-10-05T16:30:55.021+00:00,1190.698,manual,Manual cook,temp,2100,446.0,,esp32,,0,,,,,,,,,,,,1,445.0,0.0,0.0,0,NONE
2026-10-05T16:30:56.021+00:00,1191.698,manual,Manual cook,temp,2100,446.9,,esp32,,0,,,,,,,,,,,,1,445.0,0.0,0.0,0,NONE
2026-10-05T16:30:57.021+00:00,1192.698,manual,Manual cook,temp,2100,446.5,,esp32,,0,,,,,,,,,,,,1,445.0,8.0,8.0,0,NONE
2026-10-05T16:30:57.521+00:00,1193.198,manual,Manual cook,temp,2100,446.5,,esp32,,0,,,,,,,,,,,,1,445.0,1.0,1.0,0,NONE
2026-10-05T16:30:58.021+00:00,1193.698,manual,Manual cook,temp,2100,446.5,,esp32,,0,,,,,,,,,,,,1,445.0,1.0,1.0,0,NONE
2026-10-05T16:30:58.521+00:00,1194.198,manual,Manual cook,temp,2100,446.0,,esp32,,0,,,,,,,,,,,,1,445.0,17.0,17.0,0,NONE
2026-10-05T16:30:59.521+00:00,1195.198,manual,Manual cook,temp,2100,446.0,,esp32,,0,,,,,,,,,,,,1,445.0,0.0,0.0,0,NONE
2026-10-05T16:31:00.521+00:00,1196.198,manual,Manual cook,temp,2100,445.1,,esp32,,0,,,,,,,,,,,,1,445.0,18.0,18.0,0,NONE
2026-10-05T16:31:01.521+00:00,1197.198,manual,Manual cook,temp,2100,445.1,,esp32,,0,,,,,,,,,,,,1,445.0,9.0,9.0,0,NONE
2026-10-05T16:31:02.021+00:00,1197.698,manual,Manual cook,temp,2100,446.0,,esp32,,0,,,,,,,,,,,,1,445.0,18.0,18.0,0,NONE
2026-10-05T16:31:03.021+00:00,1198.698,manual,Manual cook,temp,2100,445.1,,esp32,,0,,,,,,,,,,,,1,445.0,9.0,9.0,0,NONE
2026-10-05T16:31:04.021+00:00,1199.698,manual,Manual cook,temp,2100,446.0,,esp32,,0,,,,,,,,,,,,1,445.0,0.0,0.0,0,NONE
2026-10-05T16:31:05.021+00:00,1200.698,manual,Manual cook,temp,2100,445.5,,esp32,,0,,,,,,,,,,,,1,445.0,0.0,0.0,0,NONE
2026-10-05T16:31:06.021+00:00,1201.698,manual,Manual cook,temp,2100,446.0,,esp32,,0,,,,,,,,,,,,1,445.0,10.0,10.0,0,NONE
2026-10-05T16:31:07.020+00:00,1202.698,manual,Manual cook,temp,2100,445.1,,esp32,,0,,,,,,,,,,,,1,445.0,9.0,18.0,0,NONE
2026-10-05T16:31:07.521+00:00,1203.198,manual,Manual cook,temp,2100,445.5,,esp32,,0,,,,,,,,,,,,1,445.0,0.0,0.0,0,NONE
2026-10-05T16:31:08.521+00:00,1204.198,manual,Manual cook,temp,2100,446.0,,esp32,,0,,,,,,,,,,,,1,445.0,0.0,0.0,0,NONE
2026-10-05T16:31:09.022+00:00,1204.700,manual,Manual cook,temp,2100,446.0,,esp32,,0,,,,,,,,,,,,1,445.0,1.0,1.0,0,NONE
2026-10-05T16:31:10.020+00:00,1205.698,manual,Manual cook,temp,2100,446.0,,esp32,,0,,,,,,,,,,,,1,445.0,9.0,25.0,0,NONE
2026-10-05T16:31:11.020+00:00,1206.698,manual,Manual cook,temp,2100,443.8,,esp32,,0,,,,,,,,,,,,1,445.0,9.0,18.0,0,NONE
2026-10-05T16:31:11.521+00:00,1207.198,manual,Manual cook,temp,2100,445.1,,esp32,,0,,,,,,,,,,,,1,445.0,27.0,27.0,0,NONE
2026-10-05T16:31:12.520+00:00,1208.198,manual,Manual cook,temp,2100,444.2,,esp32,,0,,,,,,,,,,,,1,445.0,9.0,19.0,0,NONE
2026-10-05T16:31:13.520+00:00,1209.198,manual,Manual cook,temp,2100,444.6,,esp32,,0,,,,,,,,,,,,1,445.0,9.0,11.0,0,NONE
2026-10-05T16:31:14.520+00:00,1210.198,manual,Manual cook,temp,2100,444.6,,esp32,,0,,,,,,,,,,,,1,445.0,4.0,4.0,0,NONE
2026-10-05T16:31:15.020+00:00,1210.698,manual,Manual cook,temp,2100,444.2,,esp32,,0,,,,,,,,,,,,1,445.0,4.0,4.0,0,NONE
2026-10-05T16:31:15.520+00:00,1211.198,manual,Manual cook,temp,2100,444.2,,esp32,,0,,,,,,,,,,,,1,445.0,12.0,12.0,0,NONE
2026-10-05T16:31:16.520+00:00,1212.198,manual,Manual cook,temp,2100,444.2,,esp32,,0,,,,,,,,,,,,1,445.0,0.0,0.0,0,NONE
2026-10-05T16:31:17.520+00:00,1213.198,manual,Manual cook,temp,2100,445.1,,esp32,,0,,,,,,,,,,,,1,445.0,0.0,0.0,0,NONE
2026-10-05T16:31:18.520+00:00,1214.198,manual,Manual cook,temp,2100,445.1,,esp32,,0,,,,,,,,,,,,1,445.0,0.0,0.0,0,NONE
2026-10-05T16:31:19.020+00:00,1214.698,manual,Manual cook,temp,2100,444.2,,esp32,,0,,,,,,,,,,,,1,445.0,9.0,10.0,0,NONE
2026-10-05T16:31:20.020+00:00,1215.698,manual,Manual cook,temp,2100,444.6,,esp32,,0,,,,,,,,,,,,1,445.0,0.0,0.0,0,NONE
2026-10-05T16:31:20.520+00:00,1216.198,manual,Manual cook,temp,2100,444.6,,esp32,,0,,,,,,,,,,,,1,445.0,9.0,11.0,0,NONE
2026-10-05T16:31:21.520+00:00,1217.198,manual,Manual cook,temp,2100,445.1,,esp32,,0,,,,,,,,,,,,1,445.0,4.0,4.0,0,NONE
2026-10-05T16:31:22.521+00:00,1218.198,manual,Manual cook,temp,2100,444.2,,esp32,,0,,,,,,,,,,,,1,445.0,0.0,0.0,0,NONE
2026-10-05T16:31:23.523+00:00,1219.200,manual,Manual cook,temp,2100,444.6,,esp32,,0,,,,,,,,,,,,1,445.0,0.0,0.0,0,NONE
2026-10-05T16:31:24.520+00:00,1220.197,manual,Manual cook,temp,2100,445.1,,esp32,,0,,,,,,,,,,,,1,445.0,0.0,0.0,0,NONE
2026-10-05T16:31:25.020+00:00,1220.697,manual,Manual cook,temp,2100,445.1,,esp32,,0,,,,,,,,,,,,1,445.0,3.0,3.0,0,NONE
2026-10-05T16:31:25.521+00:00,1221.199,manual,Manual cook,temp,2100,445.1,,esp32,,0,,,,,,,,,,,,1,445.0,3.0,3.0,0,NONE
2026-10-05T16:31:26.520+00:00,1222.197,manual,Manual cook,temp,2100,445.5,,esp32,,0,,,,,,,,,,,,1,445.0,9.0,19.0,0,NONE
2026-10-05T16:31:27.520+00:00,1223.197,manual,Manual cook,temp,2100,445.1,,esp32,,0,,,,,,,,,,,,1,445.0,9.0,10.0,0,NONE
2026-10-05T16:31:28.520+00:00,1224.197,manual,Manual cook,temp,2100,445.5,,esp32,,0,,,,,,,,,,,,1,445.0,0.0,0.0,0,NONE
2026-10-05T16:31:29.020+00:00,1224.697,manual,Manual cook,temp,2100,445.1,,esp32,,0,,,,,,,,,,,,1,445.0,9.0,10.0,0,NONE
2026-10-05T16:31:29.520+00:00,1225.197,manual,Manual cook,temp,2100,445.5,,esp32,,0,,,,,,,,,,,,1,445.0,0.0,0.0,0,NONE
2026-10-05T16:31:30.520+00:00,1226.197,manual,Manual cook,temp,2100,445.1,,esp32,,0,,,,,,,,,,,,1,445.0,10.0,10.0,0,NONE
2026-10-05T16:31:31.520+00:00,1227.197,manual,Manual cook,temp,2100,444.6,,esp32,,0,,,,,,,,,,,,1,445.0,0.0,0.0,0,NONE
2026-10-05T16:31:32.520+00:00,1228.197,manual,Manual cook,temp,2100,445.5,,esp32,,0,,,,,,,,,,,,1,445.0,4.0,4.0,0,NONE
2026-10-05T16:31:33.520+00:00,1229.197,manual,Manual cook,temp,2100,446.0,,esp32,,0,,,,,,,,,,,,1,445.0,9.0,27.0,0,NONE
2026-10-05T16:31:34.520+00:00,1230.197,manual,Manual cook,temp,2100,445.5,,esp32,,0,,,,,,,,,,,,1,445.0,9.0,10.0,0,NONE
2026-10-05T16:31:35.020+00:00,1230.697,manual,Manual cook,temp,2100,444.6,,esp32,,0,,,,,,,,,,,,1,445.0,19.0,19.0,0,NONE
2026-10-05T16:31:35.520+00:00,1231.198,manual,Manual cook,temp,2100,446.0,,esp32,,0,,,,,,,,,,,,1,445.0,0.0,0.0,0,NONE
2026-10-05T16:31:36.520+00:00,1232.197,manual,Manual cook,temp,2100,445.1,,esp32,,0,,,,,,,,,,,,1,445.0,10.0,10.0,0,NONE
2026-10-05T16:31:37.520+00:00,1233.197,manual,Manual cook,temp,2100,445.1,,esp32,,0,,,,,,,,,,,,1,445.0,9.0,18.0,0,NONE
2026-10-05T16:31:38.519+00:00,1234.197,manual,Manual cook,temp,2100,444.6,,esp32,,0,,,,,,,,,,,,1,445.0,0.0,0.0,0,NONE
2026-10-05T16:31:39.519+00:00,1235.197,manual,Manual cook,temp,2100,446.0,,esp32,,0,,,,,,,,,,,,1,445.0,0.0,0.0,0,NONE
2026-10-05T16:31:40.019+00:00,1235.697,manual,Manual cook,temp,2100,446.0,,esp32,,0,,,,,,,,,,,,1,445.0,9.0,9.0,0,NONE
2026-10-05T16:31:41.019+00:00,1236.697,manual,Manual cook,temp,2100,446.5,,esp32,,0,,,,,,,,,,,,1,445.0,0.0,0.0,0,NONE
2026-10-05T16:31:41.519+00:00,1237.197,manual,Manual cook,temp,2100,446.5,,esp32,,0,,,,,,,,,,,,1,445.0,1.0,1.0,0,NONE
2026-10-05T16:31:42.019+00:00,1237.697,manual,Manual cook,temp,2100,446.9,,esp32,,0,,,,,,,,,,,,1,445.0,9.0,9.0,0,NONE
2026-10-05T16:31:43.019+00:00,1238.697,manual,Manual cook,temp,2100,446.9,,esp32,,0,,,,,,,,,,,,1,445.0,0.0,0.0,0,NONE
2026-10-05T16:31:44.019+00:00,1239.697,manual,Manual cook,temp,2100,446.5,,esp32,,0,,,,,,,,,,,,1,445.0,0.0,0.0,0,NONE
2026-10-05T16:31:44.519+00:00,1240.197,manual,Manual cook,temp,2100,446.0,,esp32,,0,,,,,,,,,,,,1,445.0,9.0,9.0,0,NONE
2026-10-05T16:31:45.519+00:00,1241.197,manual,Manual cook,temp,2100,446.5,,esp32,,0,,,,,,,,,,,,1,445.0,0.0,0.0,0,NONE
2026-10-05T16:31:46.519+00:00,1242.197,manual,Manual cook,temp,2100,445.5,,esp32,,0,,,,,,,,,,,,1,445.0,1.0,1.0,0,NONE
2026-10-05T16:31:47.519+00:00,1243.196,manual,Manual cook,temp,2100,446.5,,esp32,,0,,,,,,,,,,,,1,445.0,0.0,0.0,0,NONE
2026-10-05T16:31:48.019+00:00,1243.697,manual,Manual cook,temp,2100,445.5,,esp32,,0,,,,,,,,,,,,1,445.0,9.0,17.0,0,NONE
2026-10-05T16:31:49.019+00:00,1244.696,manual,Manual cook,temp,2100,445.5,,esp32,,0,,,,,,,,,,,,1,445.0,9.0,9.0,0,NONE
2026-10-05T16:31:49.520+00:00,1245.197,manual,Manual cook,temp,2100,445.5,,esp32,,0,,,,,,,,,,,,1,445.0,0.0,0.0,0,NONE
2026-10-05T16:31:50.519+00:00,1246.197,manual,Manual cook,temp,2100,445.1,,esp32,,0,,,,,,,,,,,,1,445.0,0.0,0.0,0,NONE
2026-10-05T16:31:51.519+00:00,1247.196,manual,Manual cook,temp,2100,445.5,,esp32,,0,,,,,,,,,,,,1,445.0,0.0,0.0,0,NONE
2026-10-05T16:31:52.519+00:00,1248.197,manual,Manual cook,temp,2100,444.6,,esp32,,0,,,,,,,,,,,,1,445.0,18.0,18.0,0,NONE
2026-10-05T16:31:53.519+00:00,1249.196,manual,Manual cook,temp,2100,445.1,,esp32,,0,,,,,,,,,,,,1,445.0,9.0,9.0,0,NONE
2026-10-05T16:31:54.019+00:00,1249.696,manual,Manual cook,temp,2100,445.1,,esp32,,0,,,,,,,,,,,,1,445.0,10.0,10.0,0,NONE
2026-10-05T16:31:55.019+00:00,1250.696,manual,Manual cook,temp,2100,445.1,,esp32,,0,,,,,,,,,,,,1,445.0,3.0,3.0,0,NONE
2026-10-05T16:31:55.519+00:00,1251.196,manual,Manual cook,temp,2100,446.0,,esp32,,0,,,,,,,,,,,,1,445.0,11.0,11.0,0,NONE
2026-10-05T16:31:56.519+00:00,1252.196,manual,Manual cook,temp,2100,444.6,,esp32,,0,,,,,,,,,,,,1,445.0,9.0,26.0,0,NONE
2026-10-05T16:31:57.519+00:00,1253.196,manual,Manual cook,temp,2100,445.1,,esp32,,0,,,,,,,,,,,,1,445.0,0.0,0.0,0,NONE
2026-10-05T16:31:58.519+00:00,1254.196,manual,Manual cook,temp,2100,445.5,,esp32,,0,,,,,,,,,,,,1,445.0,0.0,0.0,0,NONE
2026-10-05T16:31:59.019+00:00,1254.696,manual,Manual cook,temp,2100,445.5,,esp32,,0,,,,,,,,,,,,1,445.0,9.0,9.0,0,NONE
2026-10-05T16:32:00.019+00:00,1255.696,manual,Manual cook,temp,2100,446.0,,esp32,,0,,,,,,,,,,,,1,445.0,1.0,1.0,0,NONE
2026-10-05T16:32:00.519+00:00,1256.196,manual,Manual cook,temp,2100,445.5,,esp32,,0,,,,,,,,,,,,1,445.0,1.0,1.0,0,NONE
2026-10-05T16:32:01.519+00:00,1257.196,manual,Manual cook,temp,2100,446.0,,esp32,,0,,,,,,,,,,,,1,445.0,0.0,0.0,0,NONE
2026-10-05T16:32:02.019+00:00,1257.696,manual,Manual cook,temp,2100,445.5,,esp32,,0,,,,,,,,,,,,1,445.0,8.0,8.0,0,NONE
2026-10-05T16:32:03.019+00:00,1258.696,manual,Manual cook,temp,2100,445.5,,esp32,,0,,,,,,,,,,,,1,445.0,2.0,2.0,0,NONE
2026-10-05T16:32:03.519+00:00,1259.196,manual,Manual cook,temp,2100,446.0,,esp32,,0,,,,,,,,,,,,1,445.0,0.0,0.0,0,NONE
2026-10-05T16:32:04.519+00:00,1260.196,manual,Manual cook,temp,2100,446.0,,esp32,,0,,,,,,,,,,,,1,445.0,0.0,0.0,0,NONE
2026-10-05T16:32:05.518+00:00,1261.196,manual,Manual cook,temp,2100,446.0,,esp32,,0,,,,,,,,,,,,1,445.0,1.0,1.0,0,NONE
2026-10-05T16:32:06.019+00:00,1261.696,manual,Manual cook,temp,2100,445.5,,esp32,,0,,,,,,,,,,,,1,445.0,9.0,9.0,0,NONE
2026-10-05T16:32:07.018+00:00,1262.696,manual,Manual cook,temp,2100,446.0,,esp32,,0,,,,,,,,,,,,1,445.0,0.0,0.0,0,NONE
2026-10-05T16:32:07.518+00:00,1263.196,manual,Manual cook,temp,2100,446.0,,esp32,,0,,,,,,,,,,,,1,445.0,1.0,1.0,0,NONE
2026-10-05T16:32:08.018+00:00,1263.696,manual,Manual cook,temp,2100,445.5,,esp32,,0,,,,,,,,,,,,1,445.0,9.0,9.0,0,NONE
2026-10-05T16:32:09.018+00:00,1264.696,manual,Manual cook,temp,2100,444.6,,esp32,,0,,,,,,,,,,,,1,445.0,2.0,2.0,0,NONE
2026-10-05T16:32:09.518+00:00,1265.196,manual,Manual cook,temp,2100,444.6,,esp32,,0,,,,,,,,,,,,1,445.0,18.0,18.0,0,NONE
2026-10-05T16:32:10.518+00:00,1266.196,manual,Manual cook,temp,2100,445.1,,esp32,,0,,,,,,,,,,,,1,445.0,3.0,3.0,0,NONE
2026-10-05T16:32:11.018+00:00,1266.696,manual,Manual cook,temp,2100,445.1,,esp32,,0,,,,,,,,,,,,1,445.0,3.0,3.0,0,NONE
2026-10-05T16:32:12.018+00:00,1267.696,manual,Manual cook,temp,2100,445.1,,esp32,,0,,,,,,,,,,,,1,445.0,3.0,3.0,0,NONE
2026-10-05T16:32:12.518+00:00,1268.196,manual,Manual cook,temp,2100,444.6,,esp32,,0,,,,,,,,,,,,1,445.0,11.0,11.0,0,NONE
2026-10-05T16:32:13.518+00:00,1269.196,manual,Manual cook,temp,2100,444.6,,esp32,,0,,,,,,,,,,,,1,445.0,0.0,0.0,0,NONE
2026-10-05T16:32:14.518+00:00,1270.196,manual,Manual cook,temp,2100,444.2,,esp32,,0,,,,,,,,,,,,1,445.0,0.0,0.0,0,NONE
2026-10-05T16:32:15.018+00:00,1270.696,manual,Manual cook,temp,2100,445.1,,esp32,,0,,,,,,,,,,,,1,445.0,9.0,19.0,0,NONE
2026-10-05T16:32:16.018+00:00,1271.696,manual,Manual cook,temp,2100,445.1,,esp32,,0,,,,,,,,,,,,1,445.0,3.0,3.0,0,NONE
2026-10-05T16:32:17.018+00:00,1272.696,manual,Manual cook,temp,2100,445.1,,esp32,,0,,,,,,,,,,,,1,445.0,3.0,3.0,0,NONE
2026-10-05T16:32:18.518+00:00,1274.196,manual,Manual cook,temp,2100,445.5,,esp32,,0,,,,,,,,,,,,1,445.0,10.0,10.0,0,NONE
2026-10-05T16:32:19.518+00:00,1275.195,manual,Manual cook,temp,2100,444.6,,esp32,,0,,,,,,,,,,,,1,445.0,9.0,18.0,0,NONE
2026-10-05T16:32:20.518+00:00,1276.195,manual,Manual cook,temp,2100,444.2,,esp32,,0,,,,,,,,,,,,1,445.0,9.0,19.0,0,NONE
2026-10-05T16:32:21.519+00:00,1277.197,manual,Manual cook,temp,2100,446.0,,esp32,,0,,,,,,,,,,,,1,445.0,0.0,0.0,0,NONE
2026-10-05T16:32:22.518+00:00,1278.195,manual,Manual cook,temp,2100,444.6,,esp32,,0,,,,,,,,,,,,1,445.0,18.0,18.0,0,NONE
2026-10-05T16:32:23.518+00:00,1279.195,manual,Manual cook,temp,2100,445.1,,esp32,,0,,,,,,,,,,,,1,445.0,0.0,0.0,0,NONE
2026-10-05T16:32:24.518+00:00,1280.195,manual,Manual cook,temp,2100,445.1,,esp32,,0,,,,,,,,,,,,1,445.0,3.0,3.0,0,NONE
2026-10-05T16:32:25.518+00:00,1281.195,manual,Manual cook,temp,2100,446.0,,esp32,,0,,,,,,,,,,,,1,445.0,0.0,0.0,0,NONE
2026-10-05T16:32:26.518+00:00,1282.195,manual,Manual cook,temp,2100,445.1,,esp32,,0,,,,,,,,,,,,1,445.0,17.0,17.0,0,NONE
2026-10-05T16:32:27.518+00:00,1283.195,manual,Manual cook,temp,2100,445.5,,esp32,,0,,,,,,,,,,,,1,445.0,0.0,0.0,0,NONE
2026-10-05T16:32:28.518+00:00,1284.195,manual,Manual cook,temp,2100,446.0,,esp32,,0,,,,,,,,,,,,1,445.0,0.0,0.0,0,NONE
2026-10-05T16:32:29.018+00:00,1284.695,manual,Manual cook,temp,2100,446.0,,esp32,,0,,,,,,,,,,,,1,445.0,1.0,1.0,0,NONE
2026-10-05T16:32:30.018+00:00,1285.695,manual,Manual cook,temp,2100,446.0,,esp32,,0,,,,,,,,,,,,1,445.0,1.0,1.0,0,NONE
2026-10-05T16:32:31.018+00:00,1286.695,manual,Manual cook,temp,2100,446.0,,esp32,,0,,,,,,,,,,,,1,445.0,1.0,1.0,0,NONE
2026-10-05T16:32:31.518+00:00,1287.195,manual,Manual cook,temp,2100,444.6,,esp32,,0,,,,,,,,,,,,1,445.0,25.0,25.0,0,NONE
2026-10-05T16:32:32.518+00:00,1288.195,manual,Manual cook,temp,2100,445.1,,esp32,,0,,,,,,,,,,,,1,445.0,1.0,1.0,0,NONE
2026-10-05T16:32:33.018+00:00,1288.695,manual,Manual cook,temp,2100,445.5,,esp32,,0,,,,,,,,,,,,1,445.0,17.0,17.0,0,NONE
2026-10-05T16:32:34.017+00:00,1289.695,manual,Manual cook,temp,2100,445.5,,esp32,,0,,,,,,,,,,,,1,445.0,2.0,2.0,0,NONE
2026-10-05T16:32:34.518+00:00,1290.195,manual,Manual cook,temp,2100,445.5,,esp32,,0,,,,,,,,,,,,1,445.0,0.0,0.0,0,NONE
2026-10-05T16:32:35.518+00:00,1291.195,manual,Manual cook,temp,2100,445.1,,esp32,,0,,,,,,,,,,,,1,445.0,10.0,10.0,0,NONE
2026-10-05T16:32:36.517+00:00,1292.195,manual,Manual cook,temp,2100,445.1,,esp32,,0,,,,,,,,,,,,1,445.0,9.0,10.0,0,NONE
2026-10-05T16:32:37.018+00:00,1292.695,manual,Manual cook,temp,2100,445.1,,esp32,,0,,,,,,,,,,,,1,445.0,3.0,3.0,0,NONE
2026-10-05T16:32:38.017+00:00,1293.695,manual,Manual cook,temp,2100,444.6,,esp32,,0,,,,,,,,,,,,1,445.0,11.0,11.0,0,NONE
2026-10-05T16:32:39.017+00:00,1294.695,manual,Manual cook,temp,2100,445.1,,esp32,,0,,,,,,,,,,,,1,445.0,0.0,0.0,0,NONE
2026-10-05T16:32:40.017+00:00,1295.695,manual,Manual cook,temp,2100,443.8,,esp32,,0,,,,,,,,,,,,1,445.0,27.0,27.0,0,NONE
2026-10-05T16:32:41.017+00:00,1296.695,manual,Manual cook,temp,2100,445.1,,esp32,,0,,,,,,,,,,,,1,445.0,3.0,3.0,0,NONE
2026-10-05T16:32:41.517+00:00,1297.195,manual,Manual cook,temp,2100,445.5,,esp32,,0,,,,,,,,,,,,1,445.0,0.0,0.0,0,NONE
2026-10-05T16:32:42.017+00:00,1297.695,manual,Manual cook,temp,2100,445.1,,esp32,,0,,,,,,,,,,,,1,445.0,9.0,10.0,0,NONE
2026-10-05T16:32:43.017+00:00,1298.695,manual,Manual cook,temp,2100,444.6,,esp32,,0,,,,,,,,,,,,1,445.0,9.0,18.0,0,NONE
2026-10-05T16:32:44.017+00:00,1299.695,manual,Manual cook,temp,2100,445.5,,esp32,,0,,,,,,,,,,,,1,445.0,0.0,0.0,0,NONE
2026-10-05T16:32:45.017+00:00,1300.695,manual,Manual cook,temp,2100,446.0,,esp32,,0,,,,,,,,,,,,1,445.0,0.0,0.0,0,NONE
2026-10-05T16:32:45.517+00:00,1301.195,manual,Manual cook,temp,2100,445.1,,esp32,,0,,,,,,,,,,,,1,445.0,9.0,17.0,0,NONE
2026-10-05T16:32:46.517+00:00,1302.195,manual,Manual cook,temp,2100,445.1,,esp32,,0,,,,,,,,,,,,1,445.0,9.0,10.0,0,NONE
2026-10-05T16:32:47.517+00:00,1303.195,manual,Manual cook,temp,2100,446.0,,esp32,,0,,,,,,,,,,,,1,445.0,9.0,25.0,0,NONE
2026-10-05T16:32:48.517+00:00,1304.195,manual,Manual cook,temp,2100,445.5,,esp32,,0,,,,,,,,,,,,1,445.0,9.0,9.0,0,NONE
2026-10-05T16:32:49.517+00:00,1305.195,manual,Manual cook,temp,2100,444.6,,esp32,,0,,,,,,,,,,,,1,445.0,18.0,18.0,0,NONE
2026-10-05T16:32:50.517+00:00,1306.194,manual,Manual cook,temp,2100,445.5,,esp32,,0,,,,,,,,,,,,1,445.0,0.0,0.0,0,NONE
2026-10-05T16:32:51.017+00:00,1306.695,manual,Manual cook,temp,2100,445.1,,esp32,,0,,,,,,,,,,,,1,445.0,2.0,2.0,0,NONE
2026-10-05T16:32:52.017+00:00,1307.695,manual,Manual cook,temp,2100,445.1,,esp32,,0,,,,,,,,,,,,1,445.0,11.0,11.0,0,NONE
2026-10-05T16:32:53.017+00:00,1308.694,manual,Manual cook,temp,2100,444.2,,esp32,,0,,,,,,,,,,,,1,445.0,9.0,19.0,0,NONE
2026-10-05T16:32:54.017+00:00,1309.694,manual,Manual cook,temp,2100,445.1,,esp32,,0,,,,,,,,,,,,1,445.0,9.0,10.0,0,NONE
2026-10-05T16:32:55.017+00:00,1310.694,manual,Manual cook,temp,2100,445.5,,esp32,,0,,,,,,,,,,,,1,445.0,0.0,0.0,0,NONE
2026-10-05T16:32:55.517+00:00,1311.194,manual,Manual cook,temp,2100,445.1,,esp32,,0,,,,,,,,,,,,1,445.0,9.0,10.0,0,NONE
2026-10-05T16:32:56.517+00:00,1312.194,manual,Manual cook,temp,2100,445.5,,esp32,,0,,,,,,,,,,,,1,445.0,2.0,2.0,0,NONE
2026-10-05T16:32:57.017+00:00,1312.694,manual,Manual cook,temp,2100,445.5,,esp32,,0,,,,,,,,,,,,1,445.0,2.0,2.0,0,NONE
2026-10-05T16:32:57.517+00:00,1313.194,manual,Manual cook,temp,2100,444.6,,esp32,,0,,,,,,,,,,,,1,445.0,18.0,18.0,0,NONE
2026-10-05T16:32:58.517+00:00,1314.194,manual,Manual cook,temp,2100,445.1,,esp32,,0,,,,,,,,,,,,1,445.0,9.0,10.0,0,NONE
2026-10-05T16:32:59.517+00:00,1315.194,manual,Manual cook,temp,2100,444.2,,esp32,,0,,,,,,,,,,,,1,445.0,3.0,3.0,0,NONE
2026-10-05T16:33:00.017+00:00,1315.694,manual,Manual cook,temp,2100,444.2,,esp32,,0,,,,,,,,,,,,1,445.0,19.0,19.0,0,NONE
2026-10-05T16:33:01.017+00:00,1316.694,manual,Manual cook,temp,2100,445.1,,esp32,,0,,,,,,,,,,,,1,445.0,9.0,9.0,0,NONE
2026-10-05T16:33:01.517+00:00,1317.194,manual,Manual cook,temp,2100,445.5,,esp32,,0,,,,,,,,,,,,1,445.0,10.0,10.0,0,NONE
2026-10-05T16:33:02.517+00:00,1318.194,manual,Manual cook,temp,2100,445.5,,esp32,,0,,,,,,,,,,,,1,445.0,0.0,0.0,0,NONE
2026-10-05T16:33:03.017+00:00,1318.694,manual,Manual cook,temp,2100,445.5,,esp32,,0,,,,,,,,,,,,1,445.0,9.0,16.0,0,NONE
2026-10-05T16:33:04.017+00:00,1319.694,manual,Manual cook,temp,2100,445.5,,esp32,,0,,,,,,,,,,,,1,445.0,2.0,2.0,0,NONE
2026-10-05T16:33:04.517+00:00,1320.194,manual,Manual cook,temp,2100,446.0,,esp32,,0,,,,,,,,,,,,1,445.0,2.0,2.0,0,NONE
2026-10-05T16:33:05.516+00:00,1321.194,manual,Manual cook,temp,2100,446.0,,esp32,,0,,,,,,,,,,,,1,445.0,9.0,9.0,0,NONE
2026-10-05T16:33:06.516+00:00,1322.194,manual,Manual cook,temp,2100,445.5,,esp32,,0,,,,,,,,,,,,1,445.0,9.0,9.0,0,NONE
2026-10-05T16:33:07.516+00:00,1323.194,manual,Manual cook,temp,2100,445.5,,esp32,,0,,,,,,,,,,,,1,445.0,9.0,9.0,0,NONE
2026-10-05T16:33:08.016+00:00,1323.694,manual,Manual cook,temp,2100,445.1,,esp32,,0,,,,,,,,,,,,1,445.0,10.0,10.0,0,NONE
2026-10-05T16:33:08.517+00:00,1324.194,manual,Manual cook,temp,2100,445.5,,esp32,,0,,,,,,,,,,,,1,445.0,0.0,0.0,0,NONE
2026-10-05T16:33:09.516+00:00,1325.194,manual,Manual cook,temp,2100,445.1,,esp32,,0,,,,,,,,,,,,1,445.0,0.0,0.0,0,NONE
2026-10-05T16:33:10.516+00:00,1326.194,manual,Manual cook,temp,2100,445.1,,esp32,,0,,,,,,,,,,,,1,445.0,3.0,3.0,0,NONE
2026-10-05T16:33:11.516+00:00,1327.194,manual,Manual cook,temp,2100,445.1,,esp32,,0,,,,,,,,,,,,1,445.0,9.0,10.0,0,NONE
2026-10-05T16:33:12.016+00:00,1327.694,manual,Manual cook,temp,2100,445.1,,esp32,,0,,,,,,,,,,,,1,445.0,0.0,0.0,0,NONE
2026-10-05T16:33:12.517+00:00,1328.194,manual,Manual cook,temp,2100,445.1,,esp32,,0,,,,,,,,,,,,1,445.0,9.0,10.0,0,NONE
2026-10-05T16:33:13.516+00:00,1329.194,manual,Manual cook,temp,2100,445.1,,esp32,,0,,,,,,,,,,,,1,445.0,3.0,3.0,0,NONE
2026-10-05T16:33:14.016+00:00,1329.694,manual,Manual cook,temp,2100,445.5,,esp32,,0,,,,,,,,,,,,1,445.0,0.0,0.0,0,NONE
2026-10-05T16:33:14.516+00:00,1330.194,manual,Manual cook,temp,2100,445.1,,esp32,,0,,,,,,,,,,,,1,445.0,9.0,10.0,0,NONE
2026-10-05T16:33:15.016+00:00,1330.694,manual,Manual cook,temp,2100,445.1,,esp32,,0,,,,,,,,,,,,1,445.0,0.0,0.0,0,NONE
2026-10-05T16:33:16.016+00:00,1331.694,manual,Manual cook,temp,2100,445.5,,esp32,,0,,,,,,,,,,,,1,445.0,0.0,0.0,0,NONE
2026-10-05T16:33:17.016+00:00,1332.693,manual,Manual cook,temp,2100,445.5,,esp32,,0,,,,,,,,,,,,1,445.0,2.0,2.0,0,NONE
2026-10-05T16:33:17.516+00:00,1333.194,manual,Manual cook,temp,2100,446.0,,esp32,,0,,,,,,,,,,,,1,445.0,10.0,10.0,0,NONE
2026-10-05T16:33:18.516+00:00,1334.194,manual,Manual cook,temp,2100,445.1,,esp32,,0,,,,,,,,,,,,1,445.0,9.0,17.0,0,NONE
2026-10-05T16:33:19.516+00:00,1335.193,manual,Manual cook,temp,2100,445.5,,esp32,,0,,,,,,,,,,,,1,445.0,0.0,0.0,0,NONE
2026-10-05T16:33:20.016+00:00,1335.693,manual,Manual cook,temp,2100,445.5,,esp32,,0,,,,,,,,,,,,1,445.0,2.0,2.0,0,NONE
2026-10-05T16:33:20.516+00:00,1336.193,manual,Manual cook,temp,2100,445.5,,esp32,,0,,,,,,,,,,,,1,445.0,2.0,2.0,0,NONE
2026-10-05T16:33:21.516+00:00,1337.194,manual,Manual cook,temp,2100,445.1,,esp32,,0,,,,,,,,,,,,1,445.0,10.0,10.0,0,NONE
2026-10-05T16:33:22.516+00:00,1338.193,manual,Manual cook,temp,2100,445.1,,esp32,,0,,,,,,,,,,,,1,445.0,3.0,3.0,0,NONE
2026-10-05T16:33:23.516+00:00,1339.194,manual,Manual cook,temp,2100,445.5,,esp32,,0,,,,,,,,,,,,1,445.0,11.0,11.0,0,NONE
2026-10-05T16:33:24.516+00:00,1340.193,manual,Manual cook,temp,2100,444.6,,esp32,,0,,,,,,,,,,,,1,445.0,9.0,18.0,0,NONE
2026-10-05T16:33:25.516+00:00,1341.193,manual,Manual cook,temp,2100,444.6,,esp32,,0,,,,,,,,,,,,1,445.0,9.0,11.0,0,NONE
2026-10-05T16:33:26.516+00:00,1342.193,manual,Manual cook,temp,2100,445.1,,esp32,,0,,,,,,,,,,,,1,445.0,9.0,10.0,0,NONE
2026-10-05T16:33:27.016+00:00,1342.693,manual,Manual cook,temp,2100,445.1,,esp32,,0,,,,,,,,,,,,1,445.0,19.0,19.0,0,NONE
2026-10-05T16:33:27.516+00:00,1343.193,manual,Manual cook,temp,2100,445.1,,esp32,,0,,,,,,,,,,,,1,445.0,0.0,0.0,0,NONE
2026-10-05T16:33:28.516+00:00,1344.193,manual,Manual cook,temp,2100,444.6,,esp32,,0,,,,,,,,,,,,1,445.0,0.0,0.0,0,NONE
2026-10-05T16:33:29.516+00:00,1345.193,manual,Manual cook,temp,2100,444.6,,esp32,,0,,,,,,,,,,,,1,445.0,0.0,0.0,0,NONE
2026-10-05T16:33:30.016+00:00,1345.693,manual,Manual cook,temp,2100,444.6,,esp32,,0,,,,,,,,,,,,1,445.0,9.0,18.0,0,NONE
2026-10-05T16:33:31.016+00:00,1346.693,manual,Manual cook,temp,2100,445.5,,esp32,,0,,,,,,,,,,,,1,445.0,0.0,0.0,0,NONE
2026-10-05T16:33:31.516+00:00,1347.193,manual,Manual cook,temp,2100,445.5,,esp32,,0,,,,,,,,,,,,1,445.0,2.0,2.0,0,NONE
2026-10-05T16:33:32.516+00:00,1348.193,manual,Manual cook,temp,2100,445.5,,esp32,,0,,,,,,,,,,,,1,445.0,2.0,2.0,0,NONE
2026-10-05T16:33:33.016+00:00,1348.693,manual,Manual cook,temp,2100,444.6,,esp32,,0,,,,,,,,,,,,1,445.0,2.0,2.0,0,NONE
2026-10-05T16:33:33.516+00:00,1349.193,manual,Manual cook,temp,2100,444.6,,esp32,,0,,,,,,,,,,,,1,445.0,18.0,18.0,0,NONE
2026-10-05T16:33:34.516+00:00,1350.193,manual,Manual cook,temp,2100,444.6,,esp32,,0,,,,,,,,,,,,1,445.0,4.0,4.0,0,NONE
2026-10-05T16:33:35.515+00:00,1351.193,manual,Manual cook,temp,2100,445.5,,esp32,,0,,,,,,,,,,,,1,445.0,0.0,0.0,0,NONE
2026-10-05T16:33:36.516+00:00,1352.193,manual,Manual cook,temp,2100,445.1,,esp32,,0,,,,,,,,,,,,1,445.0,18.0,18.0,0,NONE
2026-10-05T16:33:37.515+00:00,1353.193,manual,Manual cook,temp,2100,446.0,,esp32,,0,,,,,,,,,,,,1,445.0,0.0,0.0,0,NONE
2026-10-05T16:33:38.515+00:00,1354.193,manual,Manual cook,temp,2100,445.1,,esp32,,0,,,,,,,,,,,,1,445.0,10.0,10.0,0,NONE
2026-10-05T16:33:39.515+00:00,1355.193,manual,Manual cook,temp,2100,445.1,,esp32,,0,,,,,,,,,,,,1,445.0,3.0,3.0,0,NONE
2026-10-05T16:33:40.515+00:00,1356.193,manual,Manual cook,temp,2100,445.5,,esp32,,0,,,,,,,,,,,,1,445.0,0.0,0.0,0,NONE
2026-10-05T16:33:41.015+00:00,1356.693,manual,Manual cook,temp,2100,446.0,,esp32,,0,,,,,,,,,,,,1,445.0,2.0,2.0,0,NONE
2026-10-05T16:33:42.015+00:00,1357.693,manual,Manual cook,temp,2100,445.5,,esp32,,0,,,,,,,,,,,,1,445.0,1.0,1.0,0,NONE
2026-10-05T16:33:43.015+00:00,1358.693,manual,Manual cook,temp,2100,446.0,,esp32,,0,,,,,,,,,,,,1,445.0,0.0,0.0,0,NONE
2026-10-05T16:33:43.515+00:00,1359.193,manual,Manual cook,temp,2100,445.5,,esp32,,0,,,,,,,,,,,,1,445.0,0.0,0.0,0,NONE
2026-10-05T16:33:44.515+00:00,1360.193,manual,Manual cook,temp,2100,445.1,,esp32,,0,,,,,,,,,,,,1,445.0,10.0,10.0,0,NONE
2026-10-05T16:33:45.015+00:00,1360.693,manual,Manual cook,temp,2100,444.6,,esp32,,0,,,,,,,,,,,,1,445.0,11.0,11.0,0,NONE
2026-10-05T16:33:46.015+00:00,1361.692,manual,Manual cook,temp,2100,446.0,,esp32,,0,,,,,,,,,,,,1,445.0,0.0,0.0,0,NONE
2026-10-05T16:33:46.515+00:00,1362.193,manual,Manual cook,temp,2100,445.1,,esp32,,0,,,,,,,,,,,,1,445.0,9.0,9.0,0,NONE
2026-10-05T16:33:47.015+00:00,1362.693,manual,Manual cook,temp,2100,445.1,,esp32,,0,,,,,,,,,,,,1,445.0,10.0,10.0,0,NONE
2026-10-05T16:33:48.015+00:00,1363.693,manual,Manual cook,temp,2100,445.5,,esp32,,0,,,,,,,,,,,,1,445.0,1.0,1.0,0,NONE
2026-10-05T16:33:49.015+00:00,1364.693,manual,Manual cook,temp,2100,445.5,,esp32,,0,,,,,,,,,,,,1,445.0,0.0,0.0,0,NONE
2026-10-05T16:33:50.015+00:00,1365.692,manual,Manual cook,temp,2100,446.0,,esp32,,0,,,,,,,,,,,,1,445.0,2.0,2.0,0,NONE
2026-10-05T16:33:51.015+00:00,1366.692,manual,Manual cook,temp,2100,446.0,,esp32,,0,,,,,,,,,,,,1,445.0,1.0,1.0,0,NONE
2026-10-05T16:33:52.015+00:00,1367.692,manual,Manual cook,temp,2100,446.0,,esp32,,0,,,,,,,,,,,,1,445.0,0.0,0.0,0,NONE
2026-10-05T16:33:53.015+00:00,1368.692,manual,Manual cook,temp,2100,445.5,,esp32,,0,,,,,,,,,,,,1,445.0,9.0,9.0,0,NONE
2026-10-05T16:33:53.515+00:00,1369.192,manual,Manual cook,temp,2100,445.5,,esp32,,0,,,,,,,,,,,,1,445.0,2.0,2.0,0,NONE
2026-10-05T16:33:54.515+00:00,1370.192,manual,Manual cook,temp,2100,445.1,,esp32,,0,,,,,,,,,,,,1,445.0,10.0,10.0,0,NONE
2026-10-05T16:33:55.515+00:00,1371.192,manual,Manual cook,temp,2100,445.5,,esp32,,0,,,,,,,,,,,,1,445.0,2.0,2.0,0,NONE
2026-10-05T16:33:56.015+00:00,1371.692,manual,Manual cook,temp,2100,444.6,,esp32,,0,,,,,,,,,,,,1,445.0,2.0,2.0,0,NONE
2026-10-05T16:33:56.515+00:00,1372.192,manual,Manual cook,temp,2100,444.6,,esp32,,0,,,,,,,,,,,,1,445.0,18.0,18.0,0,NONE
2026-10-05T16:33:57.515+00:00,1373.192,manual,Manual cook,temp,2100,444.6,,esp32,,0,,,,,,,,,,,,1,445.0,0.0,0.0,0,NONE
2026-10-05T16:33:58.015+00:00,1373.692,manual,Manual cook,temp,2100,445.1,,esp32,,0,,,,,,,,,,,,1,445.0,9.0,18.0,0,NONE
2026-10-05T16:33:59.021+00:00,1374.698,manual,Manual cook,temp,2100,443.8,,esp32,,0,,,,,,,,,,,,1,445.0,9.0,27.0,0,NONE
2026-10-05T16:34:00.016+00:00,1375.693,manual,Manual cook,temp,2100,444.6,,esp32,,0,,,,,,,,,,,,1,445.0,9.0,19.0,0,NONE
2026-10-05T16:34:01.015+00:00,1376.693,manual,Manual cook,temp,2100,444.2,,esp32,,0,,,,,,,,,,,,1,445.0,9.0,12.0,0,NONE
2026-10-05T16:34:02.016+00:00,1377.693,manual,Manual cook,temp,2100,444.2,,esp32,,0,,,,,,,,,,,,1,445.0,5.0,5.0,0,NONE
2026-10-05T16:34:03.015+00:00,1378.692,manual,Manual cook,temp,2100,444.6,,esp32,,0,,,,,,,,,,,,1,445.0,0.0,0.0,0,NONE
2026-10-05T16:34:04.015+00:00,1379.692,manual,Manual cook,temp,2100,444.6,,esp32,,0,,,,,,,,,,,,1,445.0,12.0,12.0,0,NONE
2026-10-05T16:34:05.014+00:00,1380.692,manual,Manual cook,temp,2100,444.6,,esp32,,0,,,,,,,,,,,,1,445.0,4.0,4.0,0,NONE
2026-10-05T16:34:06.014+00:00,1381.692,manual,Manual cook,temp,2100,444.6,,esp32,,0,,,,,,,,,,,,1,445.0,4.0,4.0,0,NONE
2026-10-05T16:34:06.514+00:00,1382.192,manual,Manual cook,temp,2100,444.6,,esp32,,0,,,,,,,,,,,,1,445.0,4.0,4.0,0,NONE
2026-10-05T16:34:07.014+00:00,1382.692,manual,Manual cook,temp,2100,445.1,,esp32,,0,,,,,,,,,,,,1,445.0,0.0,0.0,0,NONE
2026-10-05T16:34:08.014+00:00,1383.692,manual,Manual cook,temp,2100,445.1,,esp32,,0,,,,,,,,,,,,1,445.0,3.0,3.0,0,NONE
2026-10-05T16:34:09.014+00:00,1384.692,manual,Manual cook,temp,2100,445.5,,esp32,,0,,,,,,,,,,,,1,445.0,3.0,3.0,0,NONE
2026-10-05T16:34:09.514+00:00,1385.192,manual,Manual cook,temp,2100,445.5,,esp32,,0,,,,,,,,,,,,1,445.0,0.0,0.0,0,NONE
2026-10-05T16:34:10.514+00:00,1386.192,manual,Manual cook,temp,2100,446.0,,esp32,,0,,,,,,,,,,,,1,445.0,18.0,18.0,0,NONE
2026-10-05T16:34:11.015+00:00,1386.693,manual,Manual cook,temp,2100,446.0,,esp32,,0,,,,,,,,,,,,1,445.0,0.0,0.0,0,NONE
2026-10-05T16:34:12.014+00:00,1387.692,manual,Manual cook,temp,2100,445.5,,esp32,,0,,,,,,,,,,,,1,445.0,1.0,1.0,0,NONE
2026-10-05T16:34:13.014+00:00,1388.692,manual,Manual cook,temp,2100,446.5,,esp32,,0,,,,,,,,,,,,1,445.0,0.0,0.0,0,NONE
2026-10-05T16:34:13.514+00:00,1389.192,manual,Manual cook,temp,2100,446.0,,esp32,,0,,,,,,,,,,,,1,445.0,8.0,8.0,0,NONE
2026-10-05T16:34:14.514+00:00,1390.192,manual,Manual cook,temp,2100,446.5,,esp32,,0,,,,,,,,,,,,1,445.0,1.0,1.0,0,NONE
2026-10-05T16:34:15.514+00:00,1391.192,manual,Manual cook,temp,2100,446.0,,esp32,,0,,,,,,,,,,,,1,445.0,0.0,0.0,0,NONE
2026-10-05T16:34:16.514+00:00,1392.192,manual,Manual cook,temp,2100,445.1,,esp32,,0,,,,,,,,,,,,1,445.0,17.0,17.0,0,NONE
2026-10-05T16:34:17.514+00:00,1393.192,manual,Manual cook,temp,2100,446.5,,esp32,,0,,,,,,,,,,,,1,445.0,0.0,0.0,0,NONE
2026-10-05T16:34:18.514+00:00,1394.191,manual,Manual cook,temp,2100,445.5,,esp32,,0,,,,,,,,,,,,1,445.0,9.0,16.0,0,NONE
2026-10-05T16:34:19.514+00:00,1395.191,manual,Manual cook,temp,2100,445.1,,esp32,,0,,,,,,,,,,,,1,445.0,9.0,17.0,0,NONE
2026-10-05T16:34:20.514+00:00,1396.191,manual,Manual cook,temp,2100,446.0,,esp32,,0,,,,,,,,,,,,1,445.0,1.0,1.0,0,NONE
2026-10-05T16:34:21.514+00:00,1397.192,manual,Manual cook,temp,2100,446.0,,esp32,,0,,,,,,,,,,,,1,445.0,1.0,1.0,0,NONE
2026-10-05T16:34:22.514+00:00,1398.191,manual,Manual cook,temp,2100,445.1,,esp32,,0,,,,,,,,,,,,1,445.0,3.0,3.0,0,NONE
2026-10-05T16:34:23.014+00:00,1398.691,manual,Manual cook,temp,2100,445.5,,esp32,,0,,,,,,,,,,,,1,445.0,0.0,0.0,0,NONE
2026-10-05T16:34:24.014+00:00,1399.691,manual,Manual cook,temp,2100,445.5,,esp32,,0,,,,,,,,,,,,1,445.0,2.0,2.0,0,NONE
2026-10-05T16:34:24.514+00:00,1400.191,manual,Manual cook,temp,2100,445.5,,esp32,,0,,,,,,,,,,,,1,445.0,10.0,10.0,0,NONE
2026-10-05T16:34:25.514+00:00,1401.191,manual,Manual cook,temp,2100,444.6,,esp32,,0,,,,,,,,,,,,1,445.0,9.0,34.0,0,NONE
2026-10-05T16:34:26.514+00:00,1402.191,manual,Manual cook,temp,2100,444.2,,esp32,,0,,,,,,,,,,,,1,445.0,0.0,0.0,0,NONE
2026-10-05T16:34:27.014+00:00,1402.691,manual,Manual cook,temp,2100,444.2,,esp32,,0,,,,,,,,,,,,1,445.0,9.0,19.0,0,NONE
2026-10-05T16:34:28.014+00:00,1403.691,manual,Manual cook,temp,2100,445.1,,esp32,,0,,,,,,,,,,,,1,445.0,0.0,0.0,0,NONE
2026-10-05T16:34:29.014+00:00,1404.691,manual,Manual cook,temp,2100,445.1,,esp32,,0,,,,,,,,,,,,1,445.0,3.0,3.0,0,NONE
2026-10-05T16:34:29.514+00:00,1405.191,manual,Manual cook,temp,2100,444.6,,esp32,,0,,,,,,,,,,,,1,445.0,11.0,11.0,0,NONE
2026-10-05T16:34:30.514+00:00,1406.191,manual,Manual cook,temp,2100,444.6,,esp32,,0,,,,,,,,,,,,1,445.0,4.0,4.0,0,NONE
2026-10-05T16:34:31.014+00:00,1406.691,manual,Manual cook,temp,2100,444.2,,esp32,,0,,,,,,,,,,,,1,445.0,12.0,12.0,0,NONE
2026-10-05T16:34:32.014+00:00,1407.691,manual,Manual cook,temp,2100,444.2,,esp32,,0,,,,,,,,,,,,1,445.0,9.0,12.0,0,NONE
2026-10-05T16:34:33.014+00:00,1408.691,manual,Manual cook,temp,2100,444.6,,esp32,,0,,,,,,,,,,,,1,445.0,9.0,20.0,0,NONE
2026-10-05T16:34:34.013+00:00,1409.691,manual,Manual cook,temp,2100,444.6,,esp32,,0,,,,,,,,,,,,1,445.0,4.0,4.0,0,NONE
2026-10-05T16:34:34.513+00:00,1410.191,manual,Manual cook,temp,2100,444.6,,esp32,,0,,,,,,,,,,,,1,445.0,4.0,4.0,0,NONE
2026-10-05T16:34:35.513+00:00,1411.191,manual,Manual cook,temp,2100,444.6,,esp32,,0,,,,,,,,,,,,1,445.0,4.0,4.0,0,NONE
2026-10-05T16:34:36.013+00:00,1411.691,manual,Manual cook,temp,2100,444.6,,esp32,,0,,,,,,,,,,,,1,445.0,0.0,0.0,0,NONE
2026-10-05T16:34:36.513+00:00,1412.191,manual,Manual cook,temp,2100,444.6,,esp32,,0,,,,,,,,,,,,1,445.0,9.0,11.0,0,NONE
2026-10-05T16:34:37.513+00:00,1413.191,manual,Manual cook,temp,2100,444.6,,esp32,,0,,,,,,,,,,,,1,445.0,4.0,4.0,0,NONE
2026-10-05T16:34:38.013+00:00,1413.691,manual,Manual cook,temp,2100,444.6,,esp32,,0,,,,,,,,,,,,1,445.0,0.0,0.0,0,NONE
2026-10-05T16:34:39.013+00:00,1414.691,manual,Manual cook,temp,2100,445.5,,esp32,,0,,,,,,,,,,,,1,445.0,0.0,0.0,0,NONE
2026-10-05T16:34:39.513+00:00,1415.191,manual,Manual cook,temp,2100,445.1,,esp32,,0,,,,,,,,,,,,1,445.0,9.0,10.0,0,NONE
2026-10-05T16:34:40.013+00:00,1415.691,manual,Manual cook,temp,2100,445.1,,esp32,,0,,,,,,,,,,,,1,445.0,3.0,3.0,0,NONE
2026-10-05T16:34:41.013+00:00,1416.691,manual,Manual cook,temp,2100,444.6,,esp32,,0,,,,,,,,,,,,1,445.0,11.0,11.0,0,NONE
2026-10-05T16:34:42.013+00:00,1417.691,manual,Manual cook,temp,2100,445.1,,esp32,,0,,,,,,,,,,,,1,445.0,1.0,1.0,0,NONE
2026-10-05T16:34:42.513+00:00,1418.191,manual,Manual cook,temp,2100,445.1,,esp32,,0,,,,,,,,,,,,1,445.0,17.0,17.0,0,NONE
2026-10-05T16:34:43.513+00:00,1419.191,manual,Manual cook,temp,2100,446.0,,esp32,,0,,,,,,,,,,,,1,445.0,9.0,9.0,0,NONE
2026-10-05T16:34:44.513+00:00,1420.190,manual,Manual cook,temp,2100,445.5,,esp32,,0,,,,,,,,,,,,1,445.0,9.0,9.0,0,NONE
2026-10-05T16:34:45.013+00:00,1420.691,manual,Manual cook,temp,2100,445.5,,esp32,,0,,,,,,,,,,,,1,445.0,0.0,0.0,0,NONE
2026-10-05T16:34:45.513+00:00,1421.191,manual,Manual cook,temp,2100,446.5,,esp32,,0,,,,,,,,,,,,1,445.0,9.0,24.0,0,NONE
2026-10-05T16:34:46.513+00:00,1422.191,manual,Manual cook,temp,2100,445.5,,esp32,,0,,,,,,,,,,,,1,445.0,0.0,0.0,0,NONE
2026-10-05T16:34:47.513+00:00,1423.191,manual,Manual cook,temp,2100,446.5,,esp32,,0,,,,,,,,,,,,1,445.0,0.0,0.0,0,NONE
2026-10-05T16:34:48.513+00:00,1424.190,manual,Manual cook,temp,2100,445.5,,esp32,,0,,,,,,,,,,,,1,445.0,0.0,0.0,0,NONE
2026-10-05T16:34:49.513+00:00,1425.190,manual,Manual cook,temp,2100,446.5,,esp32,,0,,,,,,,,,,,,1,445.0,0.0,0.0,0,NONE
2026-10-05T16:34:50.513+00:00,1426.190,manual,Manual cook,temp,2100,446.5,,esp32,,0,,,,,,,,,,,,1,445.0,0.0,0.0,0,NONE
2026-10-05T16:34:51.013+00:00,1426.690,manual,Manual cook,temp,2100,446.0,,esp32,,0,,,,,,,,,,,,1,445.0,0.0,0.0,0,NONE
2026-10-05T16:34:52.013+00:00,1427.690,manual,Manual cook,temp,2100,446.0,,esp32,,0,,,,,,,,,,,,1,445.0,1.0,1.0,0,NONE
2026-10-05T16:34:53.013+00:00,1428.690,manual,Manual cook,temp,2100,446.0,,esp32,,0,,,,,,,,,,,,1,445.0,8.0,8.0,0,NONE
2026-10-05T16:34:54.013+00:00,1429.690,manual,Manual cook,temp,2100,444.6,,esp32,,0,,,,,,,,,,,,1,445.0,25.0,25.0,0,NONE
2026-10-05T16:34:55.013+00:00,1430.690,manual,Manual cook,temp,2100,444.6,,esp32,,0,,,,,,,,,,,,1,445.0,9.0,32.0,0,NONE
2026-10-05T16:34:56.013+00:00,1431.690,manual,Manual cook,temp,2100,445.5,,esp32,,0,,,,,,,,,,,,1,445.0,0.0,0.0,0,NONE
2026-10-05T16:34:57.013+00:00,1432.690,manual,Manual cook,temp,2100,446.0,,esp32,,0,,,,,,,,,,,,1,445.0,2.0,2.0,0,NONE
2026-10-05T16:34:58.013+00:00,1433.690,manual,Manual cook,temp,2100,445.5,,esp32,,0,,,,,,,,,,,,1,445.0,9.0,9.0,0,NONE
2026-10-05T16:34:59.013+00:00,1434.690,manual,Manual cook,temp,2100,445.1,,esp32,,0,,,,,,,,,,,,1,445.0,0.0,0.0,0,NONE
2026-10-05T16:34:59.513+00:00,1435.190,manual,Manual cook,temp,2100,445.1,,esp32,,0,,,,,,,,,,,,1,445.0,9.0,17.0,0,NONE
2026-10-05T16:35:00.513+00:00,1436.190,manual,Manual cook,temp,2100,445.5,,esp32,,0,,,,,,,,,,,,1,445.0,0.0,0.0,0,NONE
2026-10-05T16:35:01.513+00:00,1437.190,manual,Manual cook,temp,2100,445.1,,esp32,,0,,,,,,,,,,,,1,445.0,10.0,10.0,0,NONE
2026-10-05T16:35:02.013+00:00,1437.690,manual,Manual cook,temp,2100,444.6,,esp32,,0,,,,,,,,,,,,1,445.0,11.0,11.0,0,NONE
2026-10-05T16:35:03.013+00:00,1438.690,manual,Manual cook,temp,2100,445.1,,esp32,,0,,,,,,,,,,,,1,445.0,9.0,18.0,0,NONE
2026-10-05T16:35:04.012+00:00,1439.690,manual,Manual cook,temp,2100,444.6,,esp32,,0,,,,,,,,,,,,1,445.0,9.0,11.0,0,NONE
2026-10-05T16:35:05.013+00:00,1440.690,manual,Manual cook,temp,2100,444.6,,esp32,,0,,,,,,,,,,,,1,445.0,9.0,10.0,0,NONE
2026-10-05T16:35:06.012+00:00,1441.690,manual,Manual cook,temp,2100,445.1,,esp32,,0,,,,,,,,,,,,1,445.0,0.0,0.0,0,NONE
2026-10-05T16:35:07.012+00:00,1442.690,manual,Manual cook,temp,2100,445.5,,esp32,,0,,,,,,,,,,,,1,445.0,0.0,0.0,0,NONE
2026-10-05T16:35:08.012+00:00,1443.690,manual,Manual cook,temp,2100,445.5,,esp32,,0,,,,,,,,,,,,1,445.0,9.0,9.0,0,NONE
2026-10-05T16:35:09.012+00:00,1444.690,manual,Manual cook,temp,2100,445.1,,esp32,,0,,,,,,,,,,,,1,445.0,10.0,10.0,0,NONE
2026-10-05T16:35:10.012+00:00,1445.690,manual,Manual cook,temp,2100,445.5,,esp32,,0,,,,,,,,,,,,1,445.0,9.0,9.0,0,NONE
2026-10-05T16:35:10.512+00:00,1446.190,manual,Manual cook,temp,2100,445.5,,esp32,,0,,,,,,,,,,,,1,445.0,10.0,10.0,0,NONE
2026-10-05T16:35:11.512+00:00,1447.190,manual,Manual cook,temp,2100,444.6,,esp32,,0,,,,,,,,,,,,1,445.0,9.0,18.0,0,NONE
2026-10-05T16:35:12.512+00:00,1448.190,manual,Manual cook,temp,2100,445.5,,esp32,,0,,,,,,,,,,,,1,445.0,0.0,0.0,0,NONE
2026-10-05T16:35:13.012+00:00,1448.690,manual,Manual cook,temp,2100,444.6,,esp32,,0,,,,,,,,,,,,1,445.0,9.0,18.0,0,NONE
2026-10-05T16:35:13.512+00:00,1449.190,manual,Manual cook,temp,2100,444.2,,esp32,,0,,,,,,,,,,,,1,445.0,0.0,0.0,0,NONE
2026-10-05T16:35:14.512+00:00,1450.190,manual,Manual cook,temp,2100,445.5,,esp32,,0,,,,,,,,,,,,1,445.0,0.0,0.0,0,NONE
2026-10-05T16:35:15.512+00:00,1451.190,manual,Manual cook,temp,2100,445.5,,esp32,,0,,,,,,,,,,,,1,445.0,9.0,18.0,0,NONE
2026-10-05T16:35:16.512+00:00,1452.190,manual,Manual cook,temp,2100,444.6,,esp32,,0,,,,,,,,,,,,1,445.0,9.0,18.0,0,NONE
2026-10-05T16:35:17.512+00:00,1453.190,manual,Manual cook,temp,2100,444.2,,esp32,,0,,,,,,,,,,,,1,445.0,12.0,12.0,0,NONE
2026-10-05T16:35:18.512+00:00,1454.189,manual,Manual cook,temp,2100,445.1,,esp32,,0,,,,,,,,,,,,1,445.0,0.0,0.0,0,NONE
2026-10-05T16:35:19.512+00:00,1455.190,manual,Manual cook,temp,2100,444.6,,esp32,,0,,,,,,,,,,,,1,445.0,11.0,11.0,0,NONE
2026-10-05T16:35:20.512+00:00,1456.189,manual,Manual cook,temp,2100,444.6,,esp32,,0,,,,,,,,,,,,1,445.0,0.0,0.0,0,NONE
2026-10-05T16:35:21.512+00:00,1457.189,manual,Manual cook,temp,2100,445.5,,esp32,,0,,,,,,,,,,,,1,445.0,9.0,11.0,0,NONE
2026-10-05T16:35:22.512+00:00,1458.189,manual,Manual cook,temp,2100,445.5,,esp32,,0,,,,,,,,,,,,1,445.0,9.0,10.0,0,NONE
2026-10-05T16:35:23.512+00:00,1459.189,manual,Manual cook,temp,2100,445.5,,esp32,,0,,,,,,,,,,,,1,445.0,2.0,2.0,0,NONE
2026-10-05T16:35:24.012+00:00,1459.690,manual,Manual cook,temp,2100,445.5,,esp32,,0,,,,,,,,,,,,1,445.0,26.0,26.0,0,NONE
2026-10-05T16:35:25.012+00:00,1460.689,manual,Manual cook,temp,2100,445.5,,esp32,,0,,,,,,,,,,,,1,445.0,2.0,2.0,0,NONE
2026-10-05T16:35:25.512+00:00,1461.189,manual,Manual cook,temp,2100,445.1,,esp32,,0,,,,,,,,,,,,1,445.0,18.0,18.0,0,NONE
2026-10-05T16:35:26.512+00:00,1462.189,manual,Manual cook,temp,2100,444.6,,esp32,,0,,,,,,,,,,,,1,445.0,9.0,11.0,0,NONE
2026-10-05T16:35:27.512+00:00,1463.189,manual,Manual cook,temp,2100,444.6,,esp32,,0,,,,,,,,,,,,1,445.0,4.0,4.0,0,NONE
2026-10-05T16:35:28.012+00:00,1463.689,manual,Manual cook,temp,2100,444.6,,esp32,,0,,,,,,,,,,,,1,445.0,4.0,4.0,0,NONE
2026-10-05T16:35:29.012+00:00,1464.689,manual,Manual cook,temp,2100,444.6,,esp32,,0,,,,,,,,,,,,1,445.0,0.0,0.0,0,NONE
2026-10-05T16:35:29.512+00:00,1465.189,manual,Manual cook,temp,2100,444.6,,esp32,,0,,,,,,,,,,,,1,445.0,9.0,18.0,0,NONE
2026-10-05T16:35:30.512+00:00,1466.189,manual,Manual cook,temp,2100,444.2,,esp32,,0,,,,,,,,,,,,1,445.0,0.0,0.0,0,NONE
2026-10-05T16:35:32.012+00:00,1467.689,manual,Manual cook,temp,2100,444.6,,esp32,,0,,,,,,,,,,,,1,445.0,9.0,11.0,0,NONE
2026-10-05T16:35:33.011+00:00,1468.689,manual,Manual cook,temp,2100,446.0,,esp32,,0,,,,,,,,,,,,1,445.0,0.0,0.0,0,NONE
2026-10-05T16:35:34.011+00:00,1469.689,manual,Manual cook,temp,2100,445.1,,esp32,,0,,,,,,,,,,,,1,445.0,1.0,1.0,0,NONE
2026-10-05T16:35:34.512+00:00,1470.189,manual,Manual cook,temp,2100,446.0,,esp32,,0,,,,,,,,,,,,1,445.0,17.0,17.0,0,NONE
2026-10-05T16:35:35.511+00:00,1471.189,manual,Manual cook,temp,2100,446.0,,esp32,,0,,,,,,,,,,,,1,445.0,1.0,1.0,0,NONE
2026-10-05T16:35:36.011+00:00,1471.689,manual,Manual cook,temp,2100,446.0,,esp32,,0,,,,,,,,,,,,1,445.0,1.0,1.0,0,NONE
2026-10-05T16:35:37.011+00:00,1472.689,manual,Manual cook,temp,2100,446.0,,esp32,,0,,,,,,,,,,,,1,445.0,2.0,2.0,0,NONE
2026-10-05T16:35:38.011+00:00,1473.689,manual,Manual cook,temp,2100,445.1,,esp32,,0,,,,,,,,,,,,1,445.0,9.0,17.0,0,NONE
2026-10-05T16:35:39.011+00:00,1474.689,manual,Manual cook,temp,2100,445.1,,esp32,,0,,,,,,,,,,,,1,445.0,9.0,10.0,0,NONE
2026-10-05T16:35:39.511+00:00,1475.189,manual,Manual cook,temp,2100,444.6,,esp32,,0,,,,,,,,,,,,1,445.0,0.0,0.0,0,NONE
2026-10-05T16:35:40.511+00:00,1476.189,manual,Manual cook,temp,2100,444.6,,esp32,,0,,,,,,,,,,,,1,445.0,0.0,0.0,0,NONE
2026-10-05T16:35:41.011+00:00,1476.689,manual,Manual cook,temp,2100,444.6,,esp32,,0,,,,,,,,,,,,1,445.0,9.0,18.0,0,NONE
2026-10-05T16:35:42.011+00:00,1477.689,manual,Manual cook,temp,2100,444.6,,esp32,,0,,,,,,,,,,,,1,445.0,9.0,11.0,0,NONE
2026-10-05T16:35:43.011+00:00,1478.689,manual,Manual cook,temp,2100,445.1,,esp32,,0,,,,,,,,,,,,1,445.0,3.0,3.0,0,NONE
2026-10-05T16:35:43.511+00:00,1479.189,manual,Manual cook,temp,2100,444.6,,esp32,,0,,,,,,,,,,,,1,445.0,11.0,11.0,0,NONE
2026-10-05T16:35:44.511+00:00,1480.189,manual,Manual cook,temp,2100,444.6,,esp32,,0,,,,,,,,,,,,1,445.0,9.0,11.0,0,NONE
2026-10-05T16:35:45.011+00:00,1480.689,manual,Manual cook,temp,2100,444.6,,esp32,,0,,,,,,,,,,,,1,445.0,4.0,4.0,0,NONE
2026-10-05T16:35:46.011+00:00,1481.688,manual,Manual cook,temp,2100,444.6,,esp32,,0,,,,,,,,,,,,1,445.0,4.0,4.0,0,NONE
2026-10-05T16:35:46.511+00:00,1482.188,manual,Manual cook,temp,2100,444.6,,esp32,,0,,,,,,,,,,,,1,445.0,4.0,4.0,0,NONE
2026-10-05T16:35:47.511+00:00,1483.188,manual,Manual cook,temp,2100,445.1,,esp32,,0,,,,,,,,,,,,1,445.0,4.0,4.0,0,NONE
2026-10-05T16:35:48.511+00:00,1484.188,manual,Manual cook,temp,2100,445.5,,esp32,,0,,,,,,,,,,,,1,445.0,0.0,0.0,0,NONE
2026-10-05T16:35:49.011+00:00,1484.688,manual,Manual cook,temp,2100,446.0,,esp32,,0,,,,,,,,,,,,1,445.0,2.0,2.0,0,NONE
2026-10-05T16:35:50.011+00:00,1485.688,manual,Manual cook,temp,2100,444.6,,esp32,,0,,,,,,,,,,,,1,445.0,9.0,17.0,0,NONE
2026-10-05T16:35:51.011+00:00,1486.688,manual,Manual cook,temp,2100,445.1,,esp32,,0,,,,,,,,,,,,1,445.0,0.0,0.0,0,NONE
2026-10-05T16:35:51.511+00:00,1487.188,manual,Manual cook,temp,2100,445.1,,esp32,,0,,,,,,,,,,,,1,445.0,9.0,10.0,0,NONE
2026-10-05T16:35:52.511+00:00,1488.188,manual,Manual cook,temp,2100,445.1,,esp32,,0,,,,,,,,,,,,1,445.0,9.0,9.0,0,NONE
2026-10-05T16:35:53.011+00:00,1488.688,manual,Manual cook,temp,2100,445.1,,esp32,,0,,,,,,,,,,,,1,445.0,10.0,10.0,0,NONE
2026-10-05T16:35:54.011+00:00,1489.688,manual,Manual cook,temp,2100,445.5,,esp32,,0,,,,,,,,,,,,1,445.0,2.0,2.0,0,NONE
2026-10-05T16:35:55.011+00:00,1490.688,manual,Manual cook,temp,2100,445.5,,esp32,,0,,,,,,,,,,,,1,445.0,2.0,2.0,0,NONE
2026-10-05T16:35:56.011+00:00,1491.688,manual,Manual cook,temp,2100,446.0,,esp32,,0,,,,,,,,,,,,1,445.0,1.0,1.0,0,NONE
2026-10-05T16:35:56.511+00:00,1492.188,manual,Manual cook,temp,2100,445.5,,esp32,,0,,,,,,,,,,,,1,445.0,9.0,9.0,0,NONE
2026-10-05T16:35:57.011+00:00,1492.688,manual,Manual cook,temp,2100,445.1,,esp32,,0,,,,,,,,,,,,1,445.0,2.0,2.0,0,NONE
2026-10-05T16:35:57.511+00:00,1493.188,manual,Manual cook,temp,2100,444.6,,esp32,,0,,,,,,,,,,,,1,445.0,10.0,10.0,0,NONE
2026-10-05T16:35:58.511+00:00,1494.188,manual,Manual cook,temp,2100,444.2,,esp32,,0,,,,,,,,,,,,1,445.0,0.0,0.0,0,NONE
2026-10-05T16:35:59.511+00:00,1495.188,manual,Manual cook,temp,2100,445.5,,esp32,,0,,,,,,,,,,,,1,445.0,0.0,0.0,0,NONE
2026-10-05T16:36:00.511+00:00,1496.188,manual,Manual cook,temp,2100,445.1,,esp32,,0,,,,,,,,,,,,1,445.0,2.0,2.0,0,NONE
2026-10-05T16:36:01.011+00:00,1496.688,manual,Manual cook,temp,2100,445.1,,esp32,,0,,,,,,,,,,,,1,445.0,10.0,10.0,0,NONE
2026-10-05T16:36:02.011+00:00,1497.688,manual,Manual cook,temp,2100,444.2,,esp32,,0,,,,,,,,,,,,1,445.0,0.0,0.0,0,NONE
2026-10-05T16:36:03.011+00:00,1498.688,manual,Manual cook,temp,2100,444.6,,esp32,,0,,,,,,,,,,,,1,445.0,0.0,0.0,0,NONE
2026-10-05T16:36:04.011+00:00,1499.688,manual,Manual cook,temp,2100,445.1,,esp32,,0,,,,,,,,,,,,1,445.0,12.0,12.0,0,NONE
2026-10-05T16:36:05.010+00:00,1500.688,manual,Manual cook,temp,2100,444.2,,esp32,,0,,,,,,,,,,,,1,445.0,0.0,0.0,0,NONE
2026-10-05T16:36:05.510+00:00,1501.188,manual,Manual cook,temp,2100,444.2,,esp32,,0,,,,,,,,,,,,1,445.0,9.0,26.0,0,NONE
2026-10-05T16:36:06.510+00:00,1502.188,manual,Manual cook,temp,2100,445.1,,esp32,,0,,,,,,,,,,,,1,445.0,9.0,27.0,0,NONE
2026-10-05T16:36:07.510+00:00,1503.188,manual,Manual cook,temp,2100,444.6,,esp32,,0,,,,,,,,,,,,1,445.0,9.0,11.0,0,NONE
2026-10-05T16:36:08.010+00:00,1503.688,manual,Manual cook,temp,2100,444.6,,esp32,,0,,,,,,,,,,,,1,445.0,4.0,4.0,0,NONE
2026-10-05T16:36:09.010+00:00,1504.688,manual,Manual cook,temp,2100,444.6,,esp32,,0,,,,,,,,,,,,1,445.0,20.0,20.0,0,NONE
2026-10-05T16:36:10.010+00:00,1505.688,manual,Manual cook,temp,2100,444.2,,esp32,,0,,,,,,,,,,,,1,445.0,9.0,12.0,0,NONE
2026-10-05T16:36:11.010+00:00,1506.688,manual,Manual cook,temp,2100,443.8,,esp32,,0,,,,,,,,,,,,1,445.0,9.0,20.0,0,NONE
2026-10-05T16:36:12.010+00:00,1507.688,manual,Manual cook,temp,2100,444.2,,esp32,,0,,,,,,,,,,,,1,445.0,5.0,5.0,0,NONE
2026-10-05T16:36:13.010+00:00,1508.688,manual,Manual cook,temp,2100,445.1,,esp32,,0,,,,,,,,,,,,1,445.0,0.0,0.0,0,NONE
2026-10-05T16:36:13.510+00:00,1509.188,manual,Manual cook,temp,2100,444.6,,esp32,,0,,,,,,,,,,,,1,445.0,9.0,19.0,0,NONE
2026-10-05T16:36:14.510+00:00,1510.188,manual,Manual cook,temp,2100,445.1,,esp32,,0,,,,,,,,,,,,1,445.0,0.0,0.0,0,NONE
2026-10-05T16:36:15.010+00:00,1510.688,manual,Manual cook,temp,2100,444.6,,esp32,,0,,,,,,,,,,,,1,445.0,9.0,19.0,0,NONE
2026-10-05T16:36:16.010+00:00,1511.688,manual,Manual cook,temp,2100,445.1,,esp32,,0,,,,,,,,,,,,1,445.0,4.0,4.0,0,NONE
2026-10-05T16:36:16.510+00:00,1512.188,manual,Manual cook,temp,2100,445.1,,esp32,,0,,,,,,,,,,,,1,445.0,0.0,0.0,0,NONE
2026-10-05T16:36:17.510+00:00,1513.188,manual,Manual cook,temp,2100,444.2,,esp32,,0,,,,,,,,,,,,1,445.0,12.0,12.0,0,NONE
2026-10-05T16:36:18.510+00:00,1514.187,manual,Manual cook,temp,2100,444.2,,esp32,,0,,,,,,,,,,,,1,445.0,9.0,19.0,0,NONE
2026-10-05T16:36:19.510+00:00,1515.187,manual,Manual cook,temp,2100,444.6,,esp32,,0,,,,,,,,,,,,1,445.0,0.0,0.0,0,NONE
2026-10-05T16:36:20.010+00:00,1515.687,manual,Manual cook,temp,2100,444.2,,esp32,,0,,,,,,,,,,,,1,445.0,9.0,12.0,0,NONE
2026-10-05T16:36:21.010+00:00,1516.687,manual,Manual cook,temp,2100,444.2,,esp32,,0,,,,,,,,,,,,1,445.0,0.0,0.0,0,NONE
2026-10-05T16:36:21.510+00:00,1517.188,manual,Manual cook,temp,2100,443.8,,esp32,,0,,,,,,,,,,,,1,445.0,9.0,12.0,0,NONE
2026-10-05T16:36:22.510+00:00,1518.187,manual,Manual cook,temp,2100,444.6,,esp32,,0,,,,,,,,,,,,1,445.0,0.0,0.0,0,NONE
2026-10-05T16:36:23.510+00:00,1519.187,manual,Manual cook,temp,2100,444.6,,esp32,,0,,,,,,,,,,,,1,445.0,9.0,20.0,0,NONE
2026-10-05T16:36:24.510+00:00,1520.187,manual,Manual cook,temp,2100,445.1,,esp32,,0,,,,,,,,,,,,1,445.0,0.0,0.0,0,NONE
2026-10-05T16:36:25.010+00:00,1520.687,manual,Manual cook,temp,2100,444.2,,esp32,,0,,,,,,,,,,,,1,445.0,9.0,19.0,0,NONE
2026-10-05T16:36:26.010+00:00,1521.687,manual,Manual cook,temp,2100,444.2,,esp32,,0,,,,,,,,,,,,1,445.0,9.0,12.0,0,NONE
2026-10-05T16:36:26.510+00:00,1522.187,manual,Manual cook,temp,2100,443.8,,esp32,,0,,,,,,,,,,,,1,445.0,13.0,13.0,0,NONE
2026-10-05T16:36:27.010+00:00,1522.687,manual,Manual cook,temp,2100,444.2,,esp32,,0,,,,,,,,,,,,1,445.0,0.0,0.0,0,NONE
2026-10-05T16:36:27.511+00:00,1523.189,manual,Manual cook,temp,2100,444.2,,esp32,,0,,,,,,,,,,,,1,445.0,9.0,12.0,0,NONE
2026-10-05T16:36:28.511+00:00,1524.188,manual,Manual cook,temp,2100,444.6,,esp32,,0,,,,,,,,,,,,1,445.0,4.0,4.0,0,NONE
2026-10-05T16:36:29.510+00:00,1525.187,manual,Manual cook,temp,2100,444.6,,esp32,,0,,,,,,,,,,,,1,445.0,4.0,4.0,0,NONE
2026-10-05T16:36:30.010+00:00,1525.687,manual,Manual cook,temp,2100,444.6,,esp32,,0,,,,,,,,,,,,1,445.0,12.0,12.0,0,NONE
2026-10-05T16:36:31.010+00:00,1526.687,manual,Manual cook,temp,2100,444.6,,esp32,,0,,,,,,,,,,,,1,445.0,4.0,4.0,0,NONE
2026-10-05T16:36:31.510+00:00,1527.187,manual,Manual cook,temp,2100,445.1,,esp32,,0,,,,,,,,,,,,1,445.0,0.0,0.0,0,NONE
2026-10-05T16:36:32.010+00:00,1527.687,manual,Manual cook,temp,2100,444.2,,esp32,,0,,,,,,,,,,,,1,445.0,9.0,11.0,0,NONE
2026-10-05T16:36:33.010+00:00,1528.688,manual,Manual cook,temp,2100,444.6,,esp32,,0,,,,,,,,,,,,1,445.0,0.0,0.0,0,NONE
2026-10-05T16:36:34.010+00:00,1529.687,manual,Manual cook,temp,2100,444.2,,esp32,,0,,,,,,,,,,,,1,445.0,0.0,0.0,0,NONE
2026-10-05T16:36:35.010+00:00,1530.687,manual,Manual cook,temp,2100,445.1,,esp32,,0,,,,,,,,,,,,1,445.0,0.0,0.0,0,NONE
2026-10-05T16:36:35.510+00:00,1531.187,manual,Manual cook,temp,2100,444.6,,esp32,,0,,,,,,,,,,,,1,445.0,0.0,0.0,0,NONE
2026-10-05T16:36:36.510+00:00,1532.187,manual,Manual cook,temp,2100,444.2,,esp32,,0,,,,,,,,,,,,1,445.0,0.0,0.0,0,NONE
2026-10-05T16:36:37.010+00:00,1532.687,manual,Manual cook,temp,2100,445.5,,esp32,,0,,,,,,,,,,,,1,445.0,9.0,26.0,0,NONE
2026-10-05T16:36:37.510+00:00,1533.188,manual,Manual cook,temp,2100,445.5,,esp32,,0,,,,,,,,,,,,1,445.0,0.0,0.0,0,NONE
2026-10-05T16:36:38.509+00:00,1534.187,manual,Manual cook,temp,2100,445.1,,esp32,,0,,,,,,,,,,,,1,445.0,3.0,3.0,0,NONE
2026-10-05T16:36:39.009+00:00,1534.687,manual,Manual cook,temp,2100,445.5,,esp32,,0,,,,,,,,,,,,1,445.0,0.0,0.0,0,NONE
2026-10-05T16:36:39.510+00:00,1535.187,manual,Manual cook,temp,2100,445.1,,esp32,,0,,,,,,,,,,,,1,445.0,9.0,10.0,0,NONE
2026-10-05T16:36:40.509+00:00,1536.187,manual,Manual cook,temp,2100,446.0,,esp32,,0,,,,,,,,,,,,1,445.0,0.0,0.0,0,NONE
2026-10-05T16:36:41.009+00:00,1536.687,manual,Manual cook,temp,2100,445.5,,esp32,,0,,,,,,,,,,,,1,445.0,1.0,1.0,0,NONE
2026-10-05T16:36:41.509+00:00,1537.187,manual,Manual cook,temp,2100,446.0,,esp32,,0,,,,,,,,,,,,1,445.0,9.0,9.0,0,NONE
2026-10-05T16:36:42.010+00:00,1537.687,manual,Manual cook,temp,2100,444.6,,esp32,,0,,,,,,,,,,,,1,445.0,0.0,0.0,0,NONE
2026-10-05T16:36:43.009+00:00,1538.687,manual,Manual cook,temp,2100,445.1,,esp32,,0,,,,,,,,,,,,1,445.0,0.0,0.0,0,NONE
2026-10-05T16:36:44.009+00:00,1539.687,manual,Manual cook,temp,2100,446.0,,esp32,,0,,,,,,,,,,,,1,445.0,0.0,0.0,0,NONE
2026-10-05T16:36:44.509+00:00,1540.187,manual,Manual cook,temp,2100,445.1,,esp32,,0,,,,,,,,,,,,1,445.0,9.0,17.0,0,NONE
2026-10-05T16:36:45.009+00:00,1540.687,manual,Manual cook,temp,2100,445.1,,esp32,,0,,,,,,,,,,,,1,445.0,0.0,0.0,0,NONE
2026-10-05T16:36:45.510+00:00,1541.187,manual,Manual cook,temp,2100,445.1,,esp32,,0,,,,,,,,,,,,1,445.0,9.0,10.0,0,NONE
2026-10-05T16:36:46.510+00:00,1542.187,manual,Manual cook,temp,2100,445.1,,esp32,,0,,,,,,,,,,,,1,445.0,9.0,10.0,0,NONE
2026-10-05T16:36:47.509+00:00,1543.187,manual,Manual cook,temp,2100,445.1,,esp32,,0,,,,,,,,,,,,1,445.0,3.0,3.0,0,NONE
2026-10-05T16:36:48.010+00:00,1543.687,manual,Manual cook,temp,2100,445.5,,esp32,,0,,,,,,,,,,,,1,445.0,3.0,3.0,0,NONE
2026-10-05T16:36:49.009+00:00,1544.687,manual,Manual cook,temp,2100,444.6,,esp32,,0,,,,,,,,,,,,1,445.0,9.0,18.0,0,NONE
2026-10-05T16:36:49.509+00:00,1545.187,manual,Manual cook,temp,2100,445.5,,esp32,,0,,,,,,,,,,,,1,445.0,4.0,4.0,0,NONE
2026-10-05T16:36:50.509+00:00,1546.187,manual,Manual cook,temp,2100,444.6,,esp32,,0,,,,,,,,,,,,1,445.0,9.0,18.0,0,NONE
2026-10-05T16:36:51.010+00:00,1546.687,manual,Manual cook,temp,2100,445.5,,esp32,,0,,,,,,,,,,,,1,445.0,0.0,0.0,0,NONE
2026-10-05T16:36:52.009+00:00,1547.687,manual,Manual cook,temp,2100,445.5,,esp32,,0,,,,,,,,,,,,1,445.0,2.0,2.0,0,NONE
2026-10-05T16:36:52.509+00:00,1548.187,manual,Manual cook,temp,2100,445.5,,esp32,,0,,,,,,,,,,,,1,445.0,0.0,0.0,0,NONE
2026-10-05T16:36:53.509+00:00,1549.187,manual,Manual cook,temp,2100,445.5,,esp32,,0,,,,,,,,,,,,1,445.0,10.0,10.0,0,NONE
2026-10-05T16:36:54.509+00:00,1550.187,manual,Manual cook,temp,2100,446.0,,esp32,,0,,,,,,,,,,,,1,445.0,0.0,0.0,0,NONE
2026-10-05T16:36:55.009+00:00,1550.687,manual,Manual cook,temp,2100,445.1,,esp32,,0,,,,,,,,,,,,1,445.0,9.0,17.0,0,NONE
2026-10-05T16:36:55.509+00:00,1551.187,manual,Manual cook,temp,2100,445.1,,esp32,,0,,,,,,,,,,,,1,445.0,0.0,0.0,0,NONE
2026-10-05T16:36:56.009+00:00,1551.687,manual,Manual cook,temp,2100,445.1,,esp32,,0,,,,,,,,,,,,1,445.0,9.0,10.0,0,NONE
2026-10-05T16:36:57.009+00:00,1552.687,manual,Manual cook,temp,2100,445.1,,esp32,,0,,,,,,,,,,,,1,445.0,3.0,3.0,0,NONE
2026-10-05T16:36:57.509+00:00,1553.187,manual,Manual cook,temp,2100,445.5,,esp32,,0,,,,,,,,,,,,1,445.0,0.0,0.0,0,NONE
2026-10-05T16:36:58.509+00:00,1554.187,manual,Manual cook,temp,2100,444.6,,esp32,,0,,,,,,,,,,,,1,445.0,18.0,18.0,0,NONE
2026-10-05T16:36:59.509+00:00,1555.187,manual,Manual cook,temp,2100,445.1,,esp32,,0,,,,,,,,,,,,1,445.0,9.0,10.0,0,NONE
2026-10-05T16:37:00.009+00:00,1555.687,manual,Manual cook,temp,2100,446.0,,esp32,,0,,,,,,,,,,,,1,445.0,19.0,19.0,0,NONE
2026-10-05T16:37:00.510+00:00,1556.187,manual,Manual cook,temp,2100,445.5,,esp32,,0,,,,,,,,,,,,1,445.0,0.0,0.0,0,NONE
2026-10-05T16:37:01.509+00:00,1557.187,manual,Manual cook,temp,2100,445.1,,esp32,,0,,,,,,,,,,,,1,445.0,10.0,10.0,0,NONE
2026-10-05T16:37:02.509+00:00,1558.186,manual,Manual cook,temp,2100,445.5,,esp32,,0,,,,,,,,,,,,1,445.0,0.0,0.0,0,NONE
2026-10-05T16:37:03.009+00:00,1558.687,manual,Manual cook,temp,2100,445.1,,esp32,,0,,,,,,,,,,,,1,445.0,9.0,10.0,0,NONE
2026-10-05T16:37:04.009+00:00,1559.687,manual,Manual cook,temp,2100,444.6,,esp32,,0,,,,,,,,,,,,1,445.0,11.0,11.0,0,NONE
2026-10-05T16:37:05.009+00:00,1560.687,manual,Manual cook,temp,2100,446.0,,esp32,,0,,,,,,,,,,,,1,445.0,0.0,0.0,0,NONE
2026-10-05T16:37:06.009+00:00,1561.687,manual,Manual cook,temp,2100,446.0,,esp32,,0,,,,,,,,,,,,1,445.0,1.0,1.0,0,NONE
2026-10-05T16:37:07.009+00:00,1562.687,manual,Manual cook,temp,2100,445.1,,esp32,,0,,,,,,,,,,,,1,445.0,17.0,17.0,0,NONE
2026-10-05T16:37:08.009+00:00,1563.686,manual,Manual cook,temp,2100,446.0,,esp32,,0,,,,,,,,,,,,1,445.0,1.0,1.0,0,NONE
2026-10-05T16:37:09.009+00:00,1564.686,manual,Manual cook,temp,2100,446.0,,esp32,,0,,,,,,,,,,,,1,445.0,0.0,0.0,0,NONE
2026-10-05T16:37:10.009+00:00,1565.686,manual,Manual cook,temp,2100,445.1,,esp32,,0,,,,,,,,,,,,1,445.0,0.0,0.0,0,NONE
2026-10-05T16:37:11.009+00:00,1566.686,manual,Manual cook,temp,2100,446.0,,esp32,,0,,,,,,,,,,,,1,445.0,0.0,0.0,0,NONE
2026-10-05T16:37:11.509+00:00,1567.187,manual,Manual cook,temp,2100,445.1,,esp32,,0,,,,,,,,,,,,1,445.0,9.0,17.0,0,NONE
2026-10-05T16:37:12.509+00:00,1568.186,manual,Manual cook,temp,2100,445.1,,esp32,,0,,,,,,,,,,,,1,445.0,3.0,3.0,0,NONE
2026-10-05T16:37:13.509+00:00,1569.186,manual,Manual cook,temp,2100,445.1,,esp32,,0,,,,,,,,,,,,1,445.0,9.0,18.0,0,NONE
2026-10-05T16:37:14.509+00:00,1570.186,manual,Manual cook,temp,2100,445.5,,esp32,,0,,,,,,,,,,,,1,445.0,0.0,0.0,0,NONE
2026-10-05T16:37:15.009+00:00,1570.686,manual,Manual cook,temp,2100,445.1,,esp32,,0,,,,,,,,,,,,1,445.0,2.0,2.0,0,NONE
2026-10-05T16:37:15.509+00:00,1571.186,manual,Manual cook,temp,2100,445.1,,esp32,,0,,,,,,,,,,,,1,445.0,10.0,10.0,0,NONE
2026-10-05T16:37:16.509+00:00,1572.186,manual,Manual cook,temp,2100,445.5,,esp32,,0,,,,,,,,,,,,1,445.0,0.0,0.0,0,NONE
2026-10-05T16:37:17.509+00:00,1573.186,manual,Manual cook,temp,2100,445.5,,esp32,,0,,,,,,,,,,,,1,445.0,2.0,2.0,0,NONE
2026-10-05T16:37:18.509+00:00,1574.186,manual,Manual cook,temp,2100,443.8,,esp32,,0,,,,,,,,,,,,1,445.0,18.0,18.0,0,NONE
2026-10-05T16:37:19.509+00:00,1575.186,manual,Manual cook,temp,2100,445.1,,esp32,,0,,,,,,,,,,,,1,445.0,0.0,0.0,0,NONE
2026-10-05T16:37:20.509+00:00,1576.186,manual,Manual cook,temp,2100,444.6,,esp32,,0,,,,,,,,,,,,1,445.0,0.0,0.0,0,NONE
2026-10-05T16:37:21.509+00:00,1577.186,manual,Manual cook,temp,2100,444.2,,esp32,,0,,,,,,,,,,,,1,445.0,12.0,12.0,0,NONE
2026-10-05T16:37:22.509+00:00,1578.186,manual,Manual cook,temp,2100,445.1,,esp32,,0,,,,,,,,,,,,1,445.0,0.0,0.0,0,NONE
2026-10-05T16:37:23.509+00:00,1579.186,manual,Manual cook,temp,2100,445.5,,esp32,,0,,,,,,,,,,,,1,445.0,0.0,0.0,0,NONE
2026-10-05T16:37:24.009+00:00,1579.686,manual,Manual cook,temp,2100,444.2,,esp32,,0,,,,,,,,,,,,1,445.0,9.0,26.0,0,NONE
2026-10-05T16:37:25.009+00:00,1580.686,manual,Manual cook,temp,2100,444.6,,esp32,,0,,,,,,,,,,,,1,445.0,4.0,4.0,0,NONE
2026-10-05T16:37:25.509+00:00,1581.186,manual,Manual cook,temp,2100,445.5,,esp32,,0,,,,,,,,,,,,1,445.0,4.0,4.0,0,NONE
2026-10-05T16:37:26.509+00:00,1582.186,manual,Manual cook,temp,2100,444.2,,esp32,,0,,,,,,,,,,,,1,445.0,9.0,26.0,0,NONE
2026-10-05T16:37:27.509+00:00,1583.186,manual,Manual cook,temp,2100,444.2,,esp32,,0,,,,,,,,,,,,1,445.0,0.0,0.0,0,NONE
2026-10-05T16:37:28.509+00:00,1584.186,manual,Manual cook,temp,2100,444.2,,esp32,,0,,,,,,,,,,,,1,445.0,5.0,5.0,0,NONE
2026-10-05T16:37:29.009+00:00,1584.686,manual,Manual cook,temp,2100,444.6,,esp32,,0,,,,,,,,,,,,1,445.0,5.0,5.0,0,NONE
2026-10-05T16:37:29.509+00:00,1585.186,manual,Manual cook,temp,2100,444.6,,esp32,,0,,,,,,,,,,,,1,445.0,0.0,0.0,0,NONE
2026-10-05T16:37:30.509+00:00,1586.186,manual,Manual cook,temp,2100,444.6,,esp32,,0,,,,,,,,,,,,1,445.0,4.0,4.0,0,NONE
2026-10-05T16:37:31.509+00:00,1587.186,manual,Manual cook,temp,2100,444.2,,esp32,,0,,,,,,,,,,,,1,445.0,9.0,27.0,0,NONE
2026-10-05T16:37:32.508+00:00,1588.186,manual,Manual cook,temp,2100,445.1,,esp32,,0,,,,,,,,,,,,1,445.0,0.0,0.0,0,NONE
2026-10-05T16:37:33.008+00:00,1588.686,manual,Manual cook,temp,2100,444.6,,esp32,,0,,,,,,,,,,,,1,445.0,9.0,11.0,0,NONE
2026-10-05T16:37:33.509+00:00,1589.186,manual,Manual cook,temp,2100,444.2,,esp32,,0,,,,,,,,,,,,1,445.0,4.0,4.0,0,NONE
2026-10-05T16:37:34.508+00:00,1590.186,manual,Manual cook,temp,2100,445.1,,esp32,,0,,,,,,,,,,,,1,445.0,0.0,0.0,0,NONE
2026-10-05T16:37:35.008+00:00,1590.686,manual,Manual cook,temp,2100,444.6,,esp32,,0,,,,,,,,,,,,1,445.0,9.0,11.0,0,NONE
2026-10-05T16:37:35.509+00:00,1591.186,manual,Manual cook,temp,2100,445.1,,esp32,,0,,,,,,,,,,,,1,445.0,12.0,12.0,0,NONE
2026-10-05T16:37:36.508+00:00,1592.186,manual,Manual cook,temp,2100,444.6,,esp32,,0,,,,,,,,,,,,1,445.0,0.0,0.0,0,NONE
2026-10-05T16:37:37.508+00:00,1593.186,manual,Manual cook,temp,2100,445.1,,esp32,,0,,,,,,,,,,,,1,445.0,0.0,0.0,0,NONE
2026-10-05T16:37:38.008+00:00,1593.686,manual,Manual cook,temp,2100,444.6,,esp32,,0,,,,,,,,,,,,1,445.0,3.0,3.0,0,NONE
2026-10-05T16:37:38.508+00:00,1594.186,manual,Manual cook,temp,2100,444.6,,esp32,,0,,,,,,,,,,,,1,445.0,11.0,11.0,0,NONE
2026-10-05T16:37:39.508+00:00,1595.186,manual,Manual cook,temp,2100,445.5,,esp32,,0,,,,,,,,,,,,1,445.0,0.0,0.0,0,NONE
2026-10-05T16:37:40.508+00:00,1596.186,manual,Manual cook,temp,2100,445.1,,esp32,,0,,,,,,,,,,,,1,445.0,10.0,10.0,0,NONE
2026-10-05T16:37:41.508+00:00,1597.186,manual,Manual cook,temp,2100,445.5,,esp32,,0,,,,,,,,,,,,1,445.0,9.0,9.0,0,NONE
2026-10-05T16:37:42.008+00:00,1597.686,manual,Manual cook,temp,2100,445.5,,esp32,,0,,,,,,,,,,,,1,445.0,10.0,10.0,0,NONE
2026-10-05T16:37:43.008+00:00,1598.686,manual,Manual cook,temp,2100,445.1,,esp32,,0,,,,,,,,,,,,1,445.0,2.0,2.0,0,NONE
2026-10-05T16:37:43.508+00:00,1599.186,manual,Manual cook,temp,2100,445.1,,esp32,,0,,,,,,,,,,,,1,445.0,10.0,10.0,0,NONE
2026-10-05T16:37:44.508+00:00,1600.186,manual,Manual cook,temp,2100,445.5,,esp32,,0,,,,,,,,,,,,1,445.0,9.0,9.0,0,NONE
2026-10-05T16:37:45.008+00:00,1600.686,manual,Manual cook,temp,2100,445.5,,esp32,,0,,,,,,,,,,,,1,445.0,0.0,0.0,0,NONE
2026-10-05T16:37:46.008+00:00,1601.686,manual,Manual cook,temp,2100,445.5,,esp32,,0,,,,,,,,,,,,1,445.0,2.0,2.0,0,NONE
2026-10-05T16:37:47.008+00:00,1602.686,manual,Manual cook,temp,2100,445.5,,esp32,,0,,,,,,,,,,,,1,445.0,0.0,0.0,0,NONE
2026-10-05T16:37:48.008+00:00,1603.686,manual,Manual cook,temp,2100,445.5,,esp32,,0,,,,,,,,,,,,1,445.0,2.0,2.0,0,NONE
2026-10-05T16:37:48.508+00:00,1604.186,manual,Manual cook,temp,2100,444.6,,esp32,,0,,,,,,,,,,,,1,445.0,2.0,2.0,0,NONE
2026-10-05T16:37:49.009+00:00,1604.686,manual,Manual cook,temp,2100,444.6,,esp32,,0,,,,,,,,,,,,1,445.0,18.0,18.0,0,NONE
2026-10-05T16:37:50.008+00:00,1605.686,manual,Manual cook,temp,2100,444.6,,esp32,,0,,,,,,,,,,,,1,445.0,9.0,26.0,0,NONE
2026-10-05T16:37:51.008+00:00,1606.686,manual,Manual cook,temp,2100,444.6,,esp32,,0,,,,,,,,,,,,1,445.0,9.0,11.0,0,NONE
2026-10-05T16:37:51.508+00:00,1607.186,manual,Manual cook,temp,2100,445.1,,esp32,,0,,,,,,,,,,,,1,445.0,12.0,12.0,0,NONE
2026-10-05T16:37:52.508+00:00,1608.185,manual,Manual cook,temp,2100,445.5,,esp32,,0,,,,,,,,,,,,1,445.0,0.0,0.0,0,NONE
2026-10-05T16:37:53.008+00:00,1608.686,manual,Manual cook,temp,2100,444.6,,esp32,,0,,,,,,,,,,,,1,445.0,9.0,18.0,0,NONE
2026-10-05T16:37:54.008+00:00,1609.686,manual,Manual cook,temp,2100,444.6,,esp32,,0,,,,,,,,,,,,1,445.0,9.0,11.0,0,NONE
2026-10-05T16:37:55.008+00:00,1610.685,manual,Manual cook,temp,2100,446.0,,esp32,,0,,,,,,,,,,,,1,445.0,0.0,0.0,0,NONE
2026-10-05T16:37:55.508+00:00,1611.186,manual,Manual cook,temp,2100,444.6,,esp32,,0,,,,,,,,,,,,1,445.0,9.0,17.0,0,NONE
2026-10-05T16:37:56.508+00:00,1612.185,manual,Manual cook,temp,2100,446.0,,esp32,,0,,,,,,,,,,,,1,445.0,0.0,0.0,0,NONE
2026-10-05T16:37:57.008+00:00,1612.685,manual,Manual cook,temp,2100,445.5,,esp32,,0,,,,,,,,,,,,1,445.0,9.0,9.0,0,NONE
2026-10-05T16:37:57.508+00:00,1613.186,manual,Manual cook,temp,2100,444.6,,esp32,,0,,,,,,,,,,,,1,445.0,18.0,18.0,0,NONE
2026-10-05T16:37:58.508+00:00,1614.185,manual,Manual cook,temp,2100,445.5,,esp32,,0,,,,,,,,,,,,1,445.0,0.0,0.0,0,NONE
2026-10-05T16:37:59.008+00:00,1614.686,manual,Manual cook,temp,2100,444.6,,esp32,,0,,,,,,,,,,,,1,445.0,9.0,10.0,0,NONE
2026-10-05T16:37:59.508+00:00,1615.186,manual,Manual cook,temp,2100,446.0,,esp32,,0,,,,,,,,,,,,1,445.0,11.0,11.0,0,NONE
2026-10-05T16:38:00.508+00:00,1616.185,manual,Manual cook,temp,2100,444.6,,esp32,,0,,,,,,,,,,,,1,445.0,9.0,26.0,0,NONE
2026-10-05T16:38:01.508+00:00,1617.185,manual,Manual cook,temp,2100,445.5,,esp32,,0,,,,,,,,,,,,1,445.0,1.0,1.0,0,NONE
2026-10-05T16:38:02.008+00:00,1617.686,manual,Manual cook,temp,2100,445.5,,esp32,,0,,,,,,,,,,,,1,445.0,9.0,9.0,0,NONE
2026-10-05T16:38:03.008+00:00,1618.685,manual,Manual cook,temp,2100,444.6,,esp32,,0,,,,,,,,,,,,1,445.0,2.0,2.0,0,NONE
2026-10-05T16:38:03.508+00:00,1619.186,manual,Manual cook,temp,2100,444.6,,esp32,,0,,,,,,,,,,,,1,445.0,18.0,18.0,0,NONE
2026-10-05T16:38:04.508+00:00,1620.185,manual,Manual cook,temp,2100,445.1,,esp32,,0,,,,,,,,,,,,1,445.0,9.0,17.0,0,NONE
2026-10-05T16:38:05.508+00:00,1621.185,manual,Manual cook,temp,2100,445.5,,esp32,,0,,,,,,,,,,,,1,445.0,2.0,2.0,0,NONE
2026-10-05T16:38:06.008+00:00,1621.685,manual,Manual cook,temp,2100,444.6,,esp32,,0,,,,,,,,,,,,1,445.0,18.0,18.0,0,NONE
2026-10-05T16:38:07.008+00:00,1622.685,manual,Manual cook,temp,2100,445.5,,esp32,,0,,,,,,,,,,,,1,445.0,9.0,9.0,0,NONE
2026-10-05T16:38:07.508+00:00,1623.185,manual,Manual cook,temp,2100,445.5,,esp32,,0,,,,,,,,,,,,1,445.0,0.0,0.0,0,NONE
2026-10-05T16:38:08.508+00:00,1624.185,manual,Manual cook,temp,2100,445.1,,esp32,,0,,,,,,,,,,,,1,445.0,10.0,10.0,0,NONE
2026-10-05T16:38:09.508+00:00,1625.185,manual,Manual cook,temp,2100,445.5,,esp32,,0,,,,,,,,,,,,1,445.0,2.0,2.0,0,NONE
2026-10-05T16:38:10.008+00:00,1625.685,manual,Manual cook,temp,2100,446.0,,esp32,,0,,,,,,,,,,,,1,445.0,10.0,10.0,0,NONE
2026-10-05T16:38:11.008+00:00,1626.685,manual,Manual cook,temp,2100,445.5,,esp32,,0,,,,,,,,,,,,1,445.0,9.0,9.0,0,NONE
2026-10-05T16:38:12.008+00:00,1627.685,manual,Manual cook,temp,2100,446.0,,esp32,,0,,,,,,,,,,,,1,445.0,18.0,18.0,0,NONE
2026-10-05T16:38:12.508+00:00,1628.185,manual,Manual cook,temp,2100,445.1,,esp32,,0,,,,,,,,,,,,1,445.0,0.0,0.0,0,NONE
2026-10-05T16:38:13.508+00:00,1629.185,manual,Manual cook,temp,2100,445.5,,esp32,,0,,,,,,,,,,,,1,445.0,0.0,0.0,0,NONE
2026-10-05T16:38:14.008+00:00,1629.685,manual,Manual cook,temp,2100,444.6,,esp32,,0,,,,,,,,,,,,1,445.0,2.0,2.0,0,NONE
2026-10-05T16:38:14.508+00:00,1630.185,manual,Manual cook,temp,2100,444.6,,esp32,,0,,,,,,,,,,,,1,445.0,18.0,18.0,0,NONE
2026-10-05T16:38:15.508+00:00,1631.185,manual,Manual cook,temp,2100,446.0,,esp32,,0,,,,,,,,,,,,1,445.0,9.0,26.0,0,NONE
2026-10-05T16:38:16.508+00:00,1632.185,manual,Manual cook,temp,2100,445.5,,esp32,,0,,,,,,,,,,,,1,445.0,9.0,9.0,0,NONE
2026-10-05T16:38:17.508+00:00,1633.185,manual,Manual cook,temp,2100,445.5,,esp32,,0,,,,,,,,,,,,1,445.0,10.0,10.0,0,NONE
2026-10-05T16:38:18.508+00:00,1634.185,manual,Manual cook,temp,2100,445.1,,esp32,,0,,,,,,,,,,,,1,445.0,9.0,10.0,0,NONE
2026-10-05T16:38:19.508+00:00,1635.185,manual,Manual cook,temp,2100,445.5,,esp32,,0,,,,,,,,,,,,1,445.0,9.0,10.0,0,NONE
2026-10-05T16:38:20.508+00:00,1636.185,manual,Manual cook,temp,2100,446.0,,esp32,,0,,,,,,,,,,,,1,445.0,9.0,10.0,0,NONE
2026-10-05T16:38:21.507+00:00,1637.185,manual,Manual cook,temp,2100,445.1,,esp32,,0,,,,,,,,,,,,1,445.0,9.0,9.0,0,NONE
2026-10-05T16:38:22.008+00:00,1637.685,manual,Manual cook,temp,2100,445.1,,esp32,,0,,,,,,,,,,,,1,445.0,10.0,10.0,0,NONE
2026-10-05T16:38:23.007+00:00,1638.685,manual,Manual cook,temp,2100,445.1,,esp32,,0,,,,,,,,,,,,1,445.0,3.0,3.0,0,NONE
2026-10-05T16:38:23.507+00:00,1639.185,manual,Manual cook,temp,2100,445.5,,esp32,,0,,,,,,,,,,,,1,445.0,3.0,3.0,0,NONE
2026-10-05T16:38:24.507+00:00,1640.185,manual,Manual cook,temp,2100,446.0,,esp32,,0,,,,,,,,,,,,1,445.0,0.0,0.0,0,NONE
2026-10-05T16:38:25.008+00:00,1640.685,manual,Manual cook,temp,2100,445.1,,esp32,,0,,,,,,,,,,,,1,445.0,1.0,1.0,0,NONE
2026-10-05T16:38:26.007+00:00,1641.685,manual,Manual cook,temp,2100,446.0,,esp32,,0,,,,,,,,,,,,1,445.0,3.0,3.0,0,NONE
2026-10-05T16:38:27.007+00:00,1642.685,manual,Manual cook,temp,2100,446.0,,esp32,,0,,,,,,,,,,,,1,445.0,9.0,9.0,0,NONE
2026-10-05T16:38:28.007+00:00,1643.685,manual,Manual cook,temp,2100,445.5,,esp32,,0,,,,,,,,,,,,1,445.0,9.0,9.0,0,NONE
2026-10-05T16:38:28.508+00:00,1644.185,manual,Manual cook,temp,2100,446.5,,esp32,,0,,,,,,,,,,,,1,445.0,10.0,10.0,0,NONE
2026-10-05T16:38:29.507+00:00,1645.185,manual,Manual cook,temp,2100,446.0,,esp32,,0,,,,,,,,,,,,1,445.0,8.0,8.0,0,NONE
2026-10-05T16:38:30.507+00:00,1646.185,manual,Manual cook,temp,2100,446.0,,esp32,,0,,,,,,,,,,,,1,445.0,1.0,1.0,0,NONE
2026-10-05T16:38:31.007+00:00,1646.685,manual,Manual cook,temp,2100,445.5,,esp32,,0,,,,,,,,,,,,1,445.0,9.0,9.0,0,NONE
2026-10-05T16:38:32.007+00:00,1647.685,manual,Manual cook,temp,2100,446.0,,esp32,,0,,,,,,,,,,,,1,445.0,1.0,1.0,0,NONE
2026-10-05T16:38:32.507+00:00,1648.185,manual,Manual cook,temp,2100,445.5,,esp32,,0,,,,,,,,,,,,1,445.0,17.0,17.0,0,NONE
2026-10-05T16:38:33.507+00:00,1649.185,manual,Manual cook,temp,2100,446.5,,esp32,,0,,,,,,,,,,,,1,445.0,0.0,0.0,0,NONE
2026-10-05T16:38:34.007+00:00,1649.685,manual,Manual cook,temp,2100,446.0,,esp32,,0,,,,,,,,,,,,1,445.0,8.0,8.0,0,NONE
2026-10-05T16:38:34.507+00:00,1650.185,manual,Manual cook,temp,2100,445.5,,esp32,,0,,,,,,,,,,,,1,445.0,9.0,9.0,0,NONE
2026-10-05T16:38:35.507+00:00,1651.185,manual,Manual cook,temp,2100,446.0,,esp32,,0,,,,,,,,,,,,1,445.0,0.0,0.0,0,NONE
2026-10-05T16:38:36.507+00:00,1652.185,manual,Manual cook,temp,2100,446.0,,esp32,,0,,,,,,,,,,,,1,445.0,1.0,1.0,0,NONE
2026-10-05T16:38:37.007+00:00,1652.685,manual,Manual cook,temp,2100,445.5,,esp32,,0,,,,,,,,,,,,1,445.0,1.0,1.0,0,NONE
2026-10-05T16:38:37.507+00:00,1653.185,manual,Manual cook,temp,2100,446.0,,esp32,,0,,,,,,,,,,,,1,445.0,9.0,9.0,0,NONE
2026-10-05T16:38:38.507+00:00,1654.185,manual,Manual cook,temp,2100,446.0,,esp32,,0,,,,,,,,,,,,1,445.0,1.0,1.0,0,NONE
2026-10-05T16:38:39.507+00:00,1655.185,manual,Manual cook,temp,2100,444.6,,esp32,,0,,,,,,,,,,,,1,445.0,0.0,0.0,0,NONE
2026-10-05T16:38:40.007+00:00,1655.685,manual,Manual cook,temp,2100,445.5,,esp32,,0,,,,,,,,,,,,1,445.0,9.0,25.0,0,NONE
2026-10-05T16:38:41.007+00:00,1656.685,manual,Manual cook,temp,2100,445.1,,esp32,,0,,,,,,,,,,,,1,445.0,2.0,2.0,0,NONE
2026-10-05T16:38:41.507+00:00,1657.185,manual,Manual cook,temp,2100,445.1,,esp32,,0,,,,,,,,,,,,1,445.0,10.0,10.0,0,NONE
2026-10-05T16:38:42.507+00:00,1658.184,manual,Manual cook,temp,2100,444.6,,esp32,,0,,,,,,,,,,,,1,445.0,3.0,3.0,0,NONE
2026-10-05T16:38:43.007+00:00,1658.685,manual,Manual cook,temp,2100,444.6,,esp32,,0,,,,,,,,,,,,1,445.0,11.0,11.0,0,NONE
2026-10-05T16:38:44.007+00:00,1659.684,manual,Manual cook,temp,2100,445.1,,esp32,,0,,,,,,,,,,,,1,445.0,0.0,0.0,0,NONE
2026-10-05T16:38:44.507+00:00,1660.184,manual,Manual cook,temp,2100,445.5,,esp32,,0,,,,,,,,,,,,1,445.0,0.0,0.0,0,NONE
2026-10-05T16:38:45.007+00:00,1660.684,manual,Manual cook,temp,2100,445.5,,esp32,,0,,,,,,,,,,,,1,445.0,2.0,2.0,0,NONE
2026-10-05T16:38:46.007+00:00,1661.685,manual,Manual cook,temp,2100,444.6,,esp32,,0,,,,,,,,,,,,1,445.0,18.0,18.0,0,NONE
2026-10-05T16:38:47.007+00:00,1662.684,manual,Manual cook,temp,2100,444.2,,esp32,,0,,,,,,,,,,,,1,445.0,2.0,2.0,0,NONE
2026-10-05T16:38:47.507+00:00,1663.185,manual,Manual cook,temp,2100,445.5,,esp32,,0,,,,,,,,,,,,1,445.0,26.0,26.0,0,NONE
2026-10-05T16:38:48.507+00:00,1664.184,manual,Manual cook,temp,2100,445.1,,esp32,,0,,,,,,,,,,,,1,445.0,9.0,10.0,0,NONE
2026-10-05T16:38:49.507+00:00,1665.184,manual,Manual cook,temp,2100,445.1,,esp32,,0,,,,,,,,,,,,1,445.0,3.0,3.0,0,NONE
2026-10-05T16:38:50.507+00:00,1666.184,manual,Manual cook,temp,2100,444.6,,esp32,,0,,,,,,,,,,,,1,445.0,9.0,18.0,0,NONE
2026-10-05T16:38:51.007+00:00,1666.684,manual,Manual cook,temp,2100,446.0,,esp32,,0,,,,,,,,,,,,1,445.0,0.0,0.0,0,NONE
2026-10-05T16:38:52.007+00:00,1667.684,manual,Manual cook,temp,2100,445.1,,esp32,,0,,,,,,,,,,,,1,445.0,9.0,17.0,0,NONE
2026-10-05T16:38:53.007+00:00,1668.684,manual,Manual cook,temp,2100,444.6,,esp32,,0,,,,,,,,,,,,1,445.0,0.0,0.0,0,NONE
2026-10-05T16:38:54.007+00:00,1669.684,manual,Manual cook,temp,2100,444.6,,esp32,,0,,,,,,,,,,,,1,445.0,4.0,4.0,0,NONE
2026-10-05T16:38:55.007+00:00,1670.684,manual,Manual cook,temp,2100,445.1,,esp32,,0,,,,,,,,,,,,1,445.0,9.0,10.0,0,NONE
2026-10-05T16:38:55.507+00:00,1671.184,manual,Manual cook,temp,2100,444.6,,esp32,,0,,,,,,,,,,,,1,445.0,3.0,3.0,0,NONE
2026-10-05T16:38:56.007+00:00,1671.685,manual,Manual cook,temp,2100,444.6,,esp32,,0,,,,,,,,,,,,1,445.0,11.0,11.0,0,NONE
2026-10-05T16:38:57.007+00:00,1672.684,manual,Manual cook,temp,2100,445.5,,esp32,,0,,,,,,,,,,,,1,445.0,2.0,2.0,0,NONE
2026-10-05T16:38:58.007+00:00,1673.684,manual,Manual cook,temp,2100,445.5,,esp32,,0,,,,,,,,,,,,1,445.0,2.0,2.0,0,NONE
2026-10-05T16:38:58.507+00:00,1674.184,manual,Manual cook,temp,2100,444.6,,esp32,,0,,,,,,,,,,,,1,445.0,0.0,0.0,0,NONE
2026-10-05T16:38:59.507+00:00,1675.184,manual,Manual cook,temp,2100,444.6,,esp32,,0,,,,,,,,,,,,1,445.0,4.0,4.0,0,NONE
2026-10-05T16:39:00.011+00:00,1675.688,manual,Manual cook,temp,2100,445.1,,esp32,,0,,,,,,,,,,,,1,445.0,0.0,0.0,0,NONE
2026-10-05T16:39:01.007+00:00,1676.684,manual,Manual cook,temp,2100,445.1,,esp32,,0,,,,,,,,,,,,1,445.0,0.0,0.0,0,NONE
2026-10-05T16:39:02.007+00:00,1677.685,manual,Manual cook,temp,2100,445.1,,esp32,,0,,,,,,,,,,,,1,445.0,9.0,10.0,0,NONE
2026-10-05T16:39:03.007+00:00,1678.684,manual,Manual cook,temp,2100,444.6,,esp32,,0,,,,,,,,,,,,1,445.0,11.0,11.0,0,NONE
2026-10-05T16:39:04.007+00:00,1679.684,manual,Manual cook,temp,2100,445.1,,esp32,,0,,,,,,,,,,,,1,445.0,0.0,0.0,0,NONE
2026-10-05T16:39:04.507+00:00,1680.184,manual,Manual cook,temp,2100,445.1,,esp32,,0,,,,,,,,,,,,1,445.0,9.0,10.0,0,NONE
2026-10-05T16:39:05.507+00:00,1681.184,manual,Manual cook,temp,2100,445.5,,esp32,,0,,,,,,,,,,,,1,445.0,0.0,0.0,0,NONE
2026-10-05T16:39:07.006+00:00,1682.684,manual,Manual cook,temp,2100,445.5,,esp32,,0,,,,,,,,,,,,1,445.0,0.0,0.0,0,NONE
2026-10-05T16:39:08.006+00:00,1683.684,manual,Manual cook,temp,2100,445.5,,esp32,,0,,,,,,,,,,,,1,445.0,2.0,2.0,0,NONE
2026-10-05T16:39:08.507+00:00,1684.184,manual,Manual cook,temp,2100,444.6,,esp32,,0,,,,,,,,,,,,1,445.0,18.0,18.0,0,NONE
2026-10-05T16:39:09.506+00:00,1685.184,manual,Manual cook,temp,2100,445.5,,esp32,,0,,,,,,,,,,,,1,445.0,0.0,0.0,0,NONE
2026-10-05T16:39:10.507+00:00,1686.184,manual,Manual cook,temp,2100,445.5,,esp32,,0,,,,,,,,,,,,1,445.0,10.0,10.0,0,NONE
2026-10-05T16:39:11.506+00:00,1687.184,manual,Manual cook,temp,2100,445.1,,esp32,,0,,,,,,,,,,,,1,445.0,9.0,18.0,0,NONE
2026-10-05T16:39:12.506+00:00,1688.184,manual,Manual cook,temp,2100,445.1,,esp32,,0,,,,,,,,,,,,1,445.0,3.0,3.0,0,NONE
2026-10-05T16:39:13.506+00:00,1689.184,manual,Manual cook,temp,2100,445.5,,esp32,,0,,,,,,,,,,,,1,445.0,0.0,0.0,0,NONE
2026-10-05T16:39:14.006+00:00,1689.684,manual,Manual cook,temp,2100,444.6,,esp32,,0,,,,,,,,,,,,1,445.0,9.0,18.0,0,NONE
2026-10-05T16:39:15.006+00:00,1690.684,manual,Manual cook,temp,2100,445.1,,esp32,,0,,,,,,,,,,,,1,445.0,0.0,0.0,0,NONE
2026-10-05T16:39:16.006+00:00,1691.684,manual,Manual cook,temp,2100,445.5,,esp32,,0,,,,,,,,,,,,1,445.0,0.0,0.0,0,NONE
2026-10-05T16:39:17.006+00:00,1692.684,manual,Manual cook,temp,2100,445.1,,esp32,,0,,,,,,,,,,,,1,445.0,2.0,2.0,0,NONE
2026-10-05T16:39:17.506+00:00,1693.184,manual,Manual cook,temp,2100,445.1,,esp32,,0,,,,,,,,,,,,1,445.0,10.0,10.0,0,NONE
2026-10-05T16:39:18.006+00:00,1693.684,manual,Manual cook,temp,2100,445.5,,esp32,,0,,,,,,,,,,,,1,445.0,11.0,11.0,0,NONE
2026-10-05T16:39:19.006+00:00,1694.684,manual,Manual cook,temp,2100,444.6,,esp32,,0,,,,,,,,,,,,1,445.0,9.0,18.0,0,NONE
2026-10-05T16:39:20.006+00:00,1695.684,manual,Manual cook,temp,2100,445.1,,esp32,,0,,,,,,,,,,,,1,445.0,3.0,3.0,0,NONE
2026-10-05T16:39:20.506+00:00,1696.184,manual,Manual cook,temp,2100,445.1,,esp32,,0,,,,,,,,,,,,1,445.0,0.0,0.0,0,NONE
2026-10-05T16:39:21.506+00:00,1697.184,manual,Manual cook,temp,2100,445.1,,esp32,,0,,,,,,,,,,,,1,445.0,3.0,3.0,0,NONE
2026-10-05T16:39:22.006+00:00,1697.684,manual,Manual cook,temp,2100,444.6,,esp32,,0,,,,,,,,,,,,1,445.0,3.0,3.0,0,NONE
2026-10-05T16:39:22.507+00:00,1698.184,manual,Manual cook,temp,2100,444.6,,esp32,,0,,,,,,,,,,,,1,445.0,11.0,11.0,0,NONE
2026-10-05T16:39:23.506+00:00,1699.184,manual,Manual cook,temp,2100,445.5,,esp32,,0,,,,,,,,,,,,1,445.0,0.0,0.0,0,NONE
2026-10-05T16:39:24.506+00:00,1700.184,manual,Manual cook,temp,2100,444.2,,esp32,,0,,,,,,,,,,,,1,445.0,26.0,26.0,0,NONE
2026-10-05T16:39:25.506+00:00,1701.184,manual,Manual cook,temp,2100,445.5,,esp32,,0,,,,,,,,,,,,1,445.0,9.0,9.0,0,NONE
2026-10-05T16:39:26.506+00:00,1702.184,manual,Manual cook,temp,2100,446.0,,esp32,,0,,,,,,,,,,,,1,445.0,1.0,1.0,0,NONE
2026-10-05T16:39:27.506+00:00,1703.184,manual,Manual cook,temp,2100,445.5,,esp32,,0,,,,,,,,,,,,1,445.0,9.0,9.0,0,NONE
2026-10-05T16:39:28.506+00:00,1704.183,manual,Manual cook,temp,2100,445.5,,esp32,,0,,,,,,,,,,,,1,445.0,0.0,0.0,0,NONE
2026-10-05T16:39:29.506+00:00,1705.183,manual,Manual cook,temp,2100,446.0,,esp32,,0,,,,,,,,,,,,1,445.0,0.0,0.0,0,NONE
2026-10-05T16:39:30.006+00:00,1705.683,manual,Manual cook,temp,2100,445.1,,esp32,,0,,,,,,,,,,,,1,445.0,9.0,17.0,0,NONE
2026-10-05T16:39:30.506+00:00,1706.183,manual,Manual cook,temp,2100,445.5,,esp32,,0,,,,,,,,,,,,1,445.0,0.0,0.0,0,NONE
2026-10-05T16:39:31.506+00:00,1707.184,manual,Manual cook,temp,2100,445.1,,esp32,,0,,,,,,,,,,,,1,445.0,10.0,10.0,0,NONE
2026-10-05T16:39:32.506+00:00,1708.183,manual,Manual cook,temp,2100,445.5,,esp32,,0,,,,,,,,,,,,1,445.0,0.0,0.0,0,NONE
2026-10-05T16:39:33.506+00:00,1709.183,manual,Manual cook,temp,2100,445.5,,esp32,,0,,,,,,,,,,,,1,445.0,2.0,2.0,0,NONE
2026-10-05T16:39:35.006+00:00,1710.684,manual,Manual cook,temp,2100,444.6,,esp32,,0,,,,,,,,,,,,1,445.0,12.0,12.0,0,NONE
2026-10-05T16:39:36.006+00:00,1711.683,manual,Manual cook,temp,2100,444.2,,esp32,,0,,,,,,,,,,,,1,445.0,9.0,12.0,0,NONE
2026-10-05T16:39:37.006+00:00,1712.683,manual,Manual cook,temp,2100,444.6,,esp32,,0,,,,,,,,,,,,1,445.0,0.0,0.0,0,NONE
2026-10-05T16:39:38.009+00:00,1713.686,manual,Manual cook,temp,2100,444.2,,esp32,,0,,,,,,,,,,,,1,445.0,12.0,12.0,0,NONE
2026-10-05T16:39:39.006+00:00,1714.683,manual,Manual cook,temp,2100,445.1,,esp32,,0,,,,,,,,,,,,1,445.0,4.0,4.0,0,NONE
2026-10-05T16:39:40.006+00:00,1715.683,manual,Manual cook,temp,2100,444.2,,esp32,,0,,,,,,,,,,,,1,445.0,9.0,19.0,0,NONE
2026-10-05T16:39:40.506+00:00,1716.183,manual,Manual cook,temp,2100,444.6,,esp32,,0,,,,,,,,,,,,1,445.0,0.0,0.0,0,NONE
2026-10-05T16:39:41.506+00:00,1717.183,manual,Manual cook,temp,2100,444.2,,esp32,,0,,,,,,,,,,,,1,445.0,12.0,12.0,0,NONE
2026-10-05T16:39:42.506+00:00,1718.183,manual,Manual cook,temp,2100,444.2,,esp32,,0,,,,,,,,,,,,1,445.0,5.0,5.0,0,NONE
2026-10-05T16:39:43.506+00:00,1719.183,manual,Manual cook,temp,2100,444.6,,esp32,,0,,,,,,,,,,,,1,445.0,4.0,4.0,0,NONE
2026-10-05T16:39:44.006+00:00,1719.683,manual,Manual cook,temp,2100,443.8,,esp32,,0,,,,,,,,,,,,1,445.0,20.0,20.0,0,NONE
2026-10-05T16:39:44.506+00:00,1720.183,manual,Manual cook,temp,2100,444.6,,esp32,,0,,,,,,,,,,,,1,445.0,0.0,0.0,0,NONE
2026-10-05T16:39:45.506+00:00,1721.183,manual,Manual cook,temp,2100,444.6,,esp32,,0,,,,,,,,,,,,1,445.0,4.0,4.0,0,NONE
2026-10-05T16:39:46.506+00:00,1722.183,manual,Manual cook,temp,2100,444.2,,esp32,,0,,,,,,,,,,,,1,445.0,12.0,12.0,0,NONE
2026-10-05T16:39:47.506+00:00,1723.183,manual,Manual cook,temp,2100,444.2,,esp32,,0,,,,,,,,,,,,1,445.0,9.0,12.0,0,NONE
2026-10-05T16:39:48.505+00:00,1724.183,manual,Manual cook,temp,2100,445.1,,esp32,,0,,,,,,,,,,,,1,445.0,3.0,3.0,0,NONE
2026-10-05T16:39:49.006+00:00,1724.683,manual,Manual cook,temp,2100,444.6,,esp32,,0,,,,,,,,,,,,1,445.0,11.0,11.0,0,NONE
2026-10-05T16:39:50.006+00:00,1725.683,manual,Manual cook,temp,2100,445.1,,esp32,,0,,,,,,,,,,,,1,445.0,0.0,0.0,0,NONE
2026-10-05T16:39:51.005+00:00,1726.683,manual,Manual cook,temp,2100,445.1,,esp32,,0,,,,,,,,,,,,1,445.0,3.0,3.0,0,NONE
2026-10-05T16:39:51.505+00:00,1727.183,manual,Manual cook,temp,2100,445.5,,esp32,,0,,,,,,,,,,,,1,445.0,0.0,0.0,0,NONE
2026-10-05T16:39:52.506+00:00,1728.183,manual,Manual cook,temp,2100,445.5,,esp32,,0,,,,,,,,,,,,1,445.0,2.0,2.0,0,NONE
2026-10-05T16:39:53.506+00:00,1729.183,manual,Manual cook,temp,2100,444.6,,esp32,,0,,,,,,,,,,,,1,445.0,18.0,18.0,0,NONE
2026-10-05T16:39:54.505+00:00,1730.183,manual,Manual cook,temp,2100,445.5,,esp32,,0,,,,,,,,,,,,1,445.0,9.0,9.0,0,NONE
2026-10-05T16:39:55.505+00:00,1731.183,manual,Manual cook,temp,2100,445.1,,esp32,,0,,,,,,,,,,,,1,445.0,2.0,2.0,0,NONE
2026-10-05T16:39:56.005+00:00,1731.683,manual,Manual cook,temp,2100,445.1,,esp32,,0,,,,,,,,,,,,1,445.0,10.0,10.0,0,NONE
2026-10-05T16:39:57.005+00:00,1732.683,manual,Manual cook,temp,2100,445.5,,esp32,,0,,,,,,,,,,,,1,445.0,2.0,2.0,0,NONE
2026-10-05T16:39:58.005+00:00,1733.683,manual,Manual cook,temp,2100,444.6,,esp32,,0,,,,,,,,,,,,1,445.0,18.0,18.0,0,NONE
2026-10-05T16:39:59.005+00:00,1734.683,manual,Manual cook,temp,2100,445.5,,esp32,,0,,,,,,,,,,,,1,445.0,0.0,0.0,0,NONE
2026-10-05T16:39:59.505+00:00,1735.183,manual,Manual cook,temp,2100,445.1,,esp32,,0,,,,,,,,,,,,1,445.0,9.0,10.0,0,NONE
2026-10-05T16:40:00.505+00:00,1736.183,manual,Manual cook,temp,2100,445.5,,esp32,,0,,,,,,,,,,,,1,445.0,0.0,0.0,0,NONE
2026-10-05T16:40:01.005+00:00,1736.683,manual,Manual cook,temp,2100,444.2,,esp32,,0,,,,,,,,,,,,1,445.0,9.0,10.0,0,NONE
2026-10-05T16:40:02.005+00:00,1737.683,manual,Manual cook,temp,2100,445.1,,esp32,,0,,,,,,,,,,,,1,445.0,0.0,0.0,0,NONE
2026-10-05T16:40:03.005+00:00,1738.683,manual,Manual cook,temp,2100,443.8,,esp32,,0,,,,,,,,,,,,1,445.0,0.0,0.0,0,NONE
2026-10-05T16:40:04.005+00:00,1739.683,manual,Manual cook,temp,2100,444.2,,esp32,,0,,,,,,,,,,,,1,445.0,0.0,0.0,0,NONE
2026-10-05T16:40:05.005+00:00,1740.683,manual,Manual cook,temp,2100,445.1,,esp32,,0,,,,,,,,,,,,1,445.0,3.0,3.0,0,NONE
2026-10-05T16:40:05.505+00:00,1741.183,manual,Manual cook,temp,2100,444.2,,esp32,,0,,,,,,,,,,,,1,445.0,19.0,19.0,0,NONE
2026-10-05T16:40:06.505+00:00,1742.183,manual,Manual cook,temp,2100,444.6,,esp32,,0,,,,,,,,,,,,1,445.0,0.0,0.0,0,NONE
2026-10-05T16:40:07.505+00:00,1743.183,manual,Manual cook,temp,2100,444.2,,esp32,,0,,,,,,,,,,,,1,445.0,9.0,19.0,0,NONE
2026-10-05T16:40:08.505+00:00,1744.183,manual,Manual cook,temp,2100,445.1,,esp32,,0,,,,,,,,,,,,1,445.0,3.0,3.0,0,NONE
2026-10-05T16:40:09.006+00:00,1744.683,manual,Manual cook,temp,2100,445.1,,esp32,,0,,,,,,,,,,,,1,445.0,19.0,19.0,0,NONE
2026-10-05T16:40:10.005+00:00,1745.683,manual,Manual cook,temp,2100,445.1,,esp32,,0,,,,,,,,,,,,1,445.0,3.0,3.0,0,NONE
2026-10-05T16:40:11.005+00:00,1746.682,manual,Manual cook,temp,2100,444.6,,esp32,,0,,,,,,,,,,,,1,445.0,3.0,3.0,0,NONE
2026-10-05T16:40:11.505+00:00,1747.183,manual,Manual cook,temp,2100,444.6,,esp32,,0,,,,,,,,,,,,1,445.0,11.0,11.0,0,NONE
2026-10-05T16:40:12.505+00:00,1748.182,manual,Manual cook,temp,2100,445.1,,esp32,,0,,,,,,,,,,,,1,445.0,3.0,3.0,0,NONE
2026-10-05T16:40:13.005+00:00,1748.682,manual,Manual cook,temp,2100,445.5,,esp32,,0,,,,,,,,,,,,1,445.0,3.0,3.0,0,NONE
2026-10-05T16:40:14.005+00:00,1749.682,manual,Manual cook,temp,2100,445.5,,esp32,,0,,,,,,,,,,,,1,445.0,2.0,2.0,0,NONE
2026-10-05T16:40:14.505+00:00,1750.182,manual,Manual cook,temp,2100,444.2,,esp32,,0,,,,,,,,,,,,1,445.0,26.0,26.0,0,NONE
2026-10-05T16:40:15.505+00:00,1751.182,manual,Manual cook,temp,2100,445.5,,esp32,,0,,,,,,,,,,,,1,445.0,0.0,0.0,0,NONE
2026-10-05T16:40:16.505+00:00,1752.182,manual,Manual cook,temp,2100,444.6,,esp32,,0,,,,,,,,,,,,1,445.0,2.0,2.0,0,NONE
2026-10-05T16:40:17.005+00:00,1752.682,manual,Manual cook,temp,2100,444.6,,esp32,,0,,,,,,,,,,,,1,445.0,18.0,18.0,0,NONE
2026-10-05T16:40:18.005+00:00,1753.682,manual,Manual cook,temp,2100,444.6,,esp32,,0,,,,,,,,,,,,1,445.0,9.0,18.0,0,NONE
2026-10-05T16:40:19.005+00:00,1754.683,manual,Manual cook,temp,2100,445.1,,esp32,,0,,,,,,,,,,,,1,445.0,9.0,17.0,0,NONE
2026-10-05T16:40:20.005+00:00,1755.682,manual,Manual cook,temp,2100,445.5,,esp32,,0,,,,,,,,,,,,1,445.0,9.0,9.0,0,NONE
2026-10-05T16:40:20.505+00:00,1756.182,manual,Manual cook,temp,2100,445.1,,esp32,,0,,,,,,,,,,,,1,445.0,10.0,10.0,0,NONE
2026-10-05T16:40:21.505+00:00,1757.182,manual,Manual cook,temp,2100,445.5,,esp32,,0,,,,,,,,,,,,1,445.0,9.0,9.0,0,NONE
2026-10-05T16:40:22.005+00:00,1757.682,manual,Manual cook,temp,2100,446.0,,esp32,,0,,,,,,,,,,,,1,445.0,2.0,2.0,0,NONE
2026-10-05T16:40:23.005+00:00,1758.682,manual,Manual cook,temp,2100,445.5,,esp32,,0,,,,,,,,,,,,1,445.0,9.0,9.0,0,NONE
2026-10-05T16:40:23.505+00:00,1759.182,manual,Manual cook,temp,2100,446.0,,esp32,,0,,,,,,,,,,,,1,445.0,0.0,0.0,0,NONE
2026-10-05T16:40:24.507+00:00,1760.184,manual,Manual cook,temp,2100,446.0,,esp32,,0,,,,,,,,,,,,1,445.0,25.0,25.0,0,NONE
2026-10-05T16:40:25.505+00:00,1761.182,manual,Manual cook,temp,2100,445.5,,esp32,,0,,,,,,,,,,,,1,445.0,9.0,9.0,0,NONE
2026-10-05T16:40:26.005+00:00,1761.682,manual,Manual cook,temp,2100,445.1,,esp32,,0,,,,,,,,,,,,1,445.0,10.0,10.0,0,NONE
2026-10-05T16:40:27.005+00:00,1762.682,manual,Manual cook,temp,2100,445.5,,esp32,,0,,,,,,,,,,,,1,445.0,8.0,8.0,0,NONE
2026-10-05T16:40:28.005+00:00,1763.682,manual,Manual cook,temp,2100,445.1,,esp32,,0,,,,,,,,,,,,1,445.0,0.0,0.0,0,NONE
2026-10-05T16:40:28.505+00:00,1764.182,manual,Manual cook,temp,2100,445.5,,esp32,,0,,,,,,,,,,,,1,445.0,9.0,25.0,0,NONE
2026-10-05T16:40:29.505+00:00,1765.182,manual,Manual cook,temp,2100,445.5,,esp32,,0,,,,,,,,,,,,1,445.0,2.0,2.0,0,NONE
2026-10-05T16:40:30.005+00:00,1765.682,manual,Manual cook,temp,2100,446.0,,esp32,,0,,,,,,,,,,,,1,445.0,2.0,2.0,0,NONE
2026-10-05T16:40:31.005+00:00,1766.682,manual,Manual cook,temp,2100,445.1,,esp32,,0,,,,,,,,,,,,1,445.0,9.0,17.0,0,NONE
2026-10-05T16:40:32.004+00:00,1767.682,manual,Manual cook,temp,2100,445.5,,esp32,,0,,,,,,,,,,,,1,445.0,0.0,0.0,0,NONE
2026-10-05T16:40:32.505+00:00,1768.182,manual,Manual cook,temp,2100,446.0,,esp32,,0,,,,,,,,,,,,1,445.0,0.0,0.0,0,NONE
2026-10-05T16:40:33.005+00:00,1768.682,manual,Manual cook,temp,2100,445.1,,esp32,,0,,,,,,,,,,,,1,445.0,9.0,9.0,0,NONE
2026-10-05T16:40:33.505+00:00,1769.182,manual,Manual cook,temp,2100,445.1,,esp32,,0,,,,,,,,,,,,1,445.0,10.0,10.0,0,NONE
2026-10-05T16:40:34.505+00:00,1770.182,manual,Manual cook,temp,2100,445.5,,esp32,,0,,,,,,,,,,,,1,445.0,9.0,33.0,0,NONE
2026-10-05T16:40:35.504+00:00,1771.182,manual,Manual cook,temp,2100,445.1,,esp32,,0,,,,,,,,,,,,1,445.0,0.0,0.0,0,NONE
2026-10-05T16:40:36.504+00:00,1772.182,manual,Manual cook,temp,2100,445.5,,esp32,,0,,,,,,,,,,,,1,445.0,0.0,0.0,0,NONE
2026-10-05T16:40:37.504+00:00,1773.182,manual,Manual cook,temp,2100,445.1,,esp32,,0,,,,,,,,,,,,1,445.0,10.0,10.0,0,NONE
2026-10-05T16:40:38.504+00:00,1774.182,manual,Manual cook,temp,2100,445.1,,esp32,,0,,,,,,,,,,,,1,445.0,9.0,18.0,0,NONE
2026-10-05T16:40:39.504+00:00,1775.182,manual,Manual cook,temp,2100,445.5,,esp32,,0,,,,,,,,,,,,1,445.0,0.0,0.0,0,NONE
2026-10-05T16:40:40.004+00:00,1775.682,manual,Manual cook,temp,2100,445.1,,esp32,,0,,,,,,,,,,,,1,445.0,9.0,10.0,0,NONE
2026-10-05T16:40:41.004+00:00,1776.682,manual,Manual cook,temp,2100,445.1,,esp32,,0,,,,,,,,,,,,1,445.0,9.0,18.0,0,NONE
2026-10-05T16:40:42.004+00:00,1777.682,manual,Manual cook,temp,2100,444.6,,esp32,,0,,,,,,,,,,,,1,445.0,9.0,11.0,0,NONE
2026-10-05T16:40:42.504+00:00,1778.182,manual,Manual cook,temp,2100,444.6,,esp32,,0,,,,,,,,,,,,1,445.0,4.0,4.0,0,NONE
2026-10-05T16:40:43.504+00:00,1779.182,manual,Manual cook,temp,2100,445.1,,esp32,,0,,,,,,,,,,,,1,445.0,0.0,0.0,0,NONE
2026-10-05T16:40:44.004+00:00,1779.682,manual,Manual cook,temp,2100,445.1,,esp32,,0,,,,,,,,,,,,1,445.0,9.0,11.0,0,NONE
2026-10-05T16:40:45.004+00:00,1780.682,manual,Manual cook,temp,2100,444.2,,esp32,,0,,,,,,,,,,,,1,445.0,9.0,27.0,0,NONE
2026-10-05T16:40:46.004+00:00,1781.682,manual,Manual cook,temp,2100,445.1,,esp32,,0,,,,,,,,,,,,1,445.0,0.0,0.0,0,NONE
2026-10-05T16:40:46.504+00:00,1782.182,manual,Manual cook,temp,2100,445.1,,esp32,,0,,,,,,,,,,,,1,445.0,3.0,3.0,0,NONE
2026-10-05T16:40:47.004+00:00,1782.682,manual,Manual cook,temp,2100,444.2,,esp32,,0,,,,,,,,,,,,1,445.0,11.0,11.0,0,NONE
2026-10-05T16:40:48.004+00:00,1783.682,manual,Manual cook,temp,2100,444.6,,esp32,,0,,,,,,,,,,,,1,445.0,0.0,0.0,0,NONE
2026-10-05T16:40:49.004+00:00,1784.682,manual,Manual cook,temp,2100,444.6,,esp32,,0,,,,,,,,,,,,1,445.0,9.0,19.0,0,NONE
2026-10-05T16:40:50.004+00:00,1785.682,manual,Manual cook,temp,2100,443.8,,esp32,,0,,,,,,,,,,,,1,445.0,9.0,20.0,0,NONE
2026-10-05T16:40:51.004+00:00,1786.682,manual,Manual cook,temp,2100,444.6,,esp32,,0,,,,,,,,,,,,1,445.0,9.0,11.0,0,NONE
2026-10-05T16:40:51.504+00:00,1787.182,manual,Manual cook,temp,2100,444.6,,esp32,,0,,,,,,,,,,,,1,445.0,12.0,12.0,0,NONE
2026-10-05T16:40:52.504+00:00,1788.182,manual,Manual cook,temp,2100,444.6,,esp32,,0,,,,,,,,,,,,1,445.0,4.0,4.0,0,NONE
2026-10-05T16:40:53.504+00:00,1789.181,manual,Manual cook,temp,2100,444.6,,esp32,,0,,,,,,,,,,,,1,445.0,4.0,4.0,0,NONE
2026-10-05T16:40:54.004+00:00,1789.682,manual,Manual cook,temp,2100,444.2,,esp32,,0,,,,,,,,,,,,1,445.0,12.0,12.0,0,NONE
2026-10-05T16:40:55.004+00:00,1790.682,manual,Manual cook,temp,2100,443.8,,esp32,,0,,,,,,,,,,,,1,445.0,13.0,13.0,0,NONE
2026-10-05T16:40:56.004+00:00,1791.682,manual,Manual cook,temp,2100,445.5,,esp32,,0,,,,,,,,,,,,1,445.0,9.0,11.0,0,NONE
2026-10-05T16:40:57.004+00:00,1792.681,manual,Manual cook,temp,2100,445.1,,esp32,,0,,,,,,,,,,,,1,445.0,2.0,2.0,0,NONE
2026-10-05T16:40:57.504+00:00,1793.181,manual,Manual cook,temp,2100,445.1,,esp32,,0,,,,,,,,,,,,1,445.0,10.0,10.0,0,NONE
2026-10-05T16:40:58.504+00:00,1794.181,manual,Manual cook,temp,2100,445.1,,esp32,,0,,,,,,,,,,,,1,445.0,3.0,3.0,0,NONE
2026-10-05T16:40:59.004+00:00,1794.681,manual,Manual cook,temp,2100,446.0,,esp32,,0,,,,,,,,,,,,1,445.0,0.0,0.0,0,NONE
2026-10-05T16:41:00.004+00:00,1795.681,manual,Manual cook,temp,2100,445.1,,esp32,,0,,,,,,,,,,,,1,445.0,9.0,17.0,0,NONE
2026-10-05T16:41:01.004+00:00,1796.681,manual,Manual cook,temp,2100,445.5,,esp32,,0,,,,,,,,,,,,1,445.0,0.0,0.0,0,NONE
2026-10-05T16:41:02.004+00:00,1797.681,manual,Manual cook,temp,2100,446.0,,esp32,,0,,,,,,,,,,,,1,445.0,0.0,0.0,0,NONE
2026-10-05T16:41:03.004+00:00,1798.681,manual,Manual cook,temp,2100,446.5,,esp32,,0,,,,,,,,,,,,1,445.0,0.0,0.0,0,NONE
2026-10-05T16:41:03.504+00:00,1799.181,manual,Manual cook,temp,2100,445.5,,esp32,,0,,,,,,,,,,,,1,445.0,9.0,16.0,0,NONE
2026-10-05T16:41:04.504+00:00,1800.181,manual,Manual cook,temp,2100,445.5,,esp32,,0,,,,,,,,,,,,1,445.0,2.0,2.0,0,NONE
2026-10-05T16:41:05.505+00:00,1801.183,manual,Manual cook,temp,2100,446.0,,esp32,,0,,,,,,,,,,,,1,445.0,0.0,0.0,0,NONE
2026-10-05T16:41:06.504+00:00,1802.181,manual,Manual cook,temp,2100,445.5,,esp32,,0,,,,,,,,,,,,1,445.0,2.0,2.0,0,NONE
2026-10-05T16:41:07.504+00:00,1803.181,manual,Manual cook,temp,2100,445.1,,esp32,,0,,,,,,,,,,,,1,445.0,9.0,34.0,0,NONE
2026-10-05T16:41:08.504+00:00,1804.181,manual,Manual cook,temp,2100,444.6,,esp32,,0,,,,,,,,,,,,1,445.0,3.0,3.0,0,NONE
2026-10-05T16:41:09.004+00:00,1804.681,manual,Manual cook,temp,2100,444.6,,esp32,,0,,,,,,,,,,,,1,445.0,11.0,11.0,0,NONE
2026-10-05T16:41:10.004+00:00,1805.681,manual,Manual cook,temp,2100,445.1,,esp32,,0,,,,,,,,,,,,1,445.0,0.0,0.0,0,NONE
2026-10-05T16:41:11.004+00:00,1806.681,manual,Manual cook,temp,2100,444.6,,esp32,,0,,,,,,,,,,,,1,445.0,11.0,11.0,0,NONE
2026-10-05T16:41:12.004+00:00,1807.681,manual,Manual cook,temp,2100,444.2,,esp32,,0,,,,,,,,,,,,1,445.0,4.0,4.0,0,NONE
2026-10-05T16:41:12.504+00:00,1808.181,manual,Manual cook,temp,2100,444.2,,esp32,,0,,,,,,,,,,,,1,445.0,12.0,12.0,0,NONE
2026-10-05T16:41:13.503+00:00,1809.181,manual,Manual cook,temp,2100,445.5,,esp32,,0,,,,,,,,,,,,1,445.0,0.0,0.0,0,NONE
2026-10-05T16:41:14.004+00:00,1809.681,manual,Manual cook,temp,2100,445.5,,esp32,,0,,,,,,,,,,,,1,445.0,2.0,2.0,0,NONE
2026-10-05T16:41:15.004+00:00,1810.681,manual,Manual cook,temp,2100,445.5,,esp32,,0,,,,,,,,,,,,1,445.0,2.0,2.0,0,NONE
2026-10-05T16:41:16.003+00:00,1811.681,manual,Manual cook,temp,2100,445.5,,esp32,,0,,,,,,,,,,,,1,445.0,2.0,2.0,0,NONE
2026-10-05T16:41:16.503+00:00,1812.181,manual,Manual cook,temp,2100,444.2,,esp32,,0,,,,,,,,,,,,1,445.0,2.0,2.0,0,NONE
2026-10-05T16:41:17.004+00:00,1812.681,manual,Manual cook,temp,2100,444.2,,esp32,,0,,,,,,,,,,,,1,445.0,26.0,26.0,0,NONE
2026-10-05T16:41:18.003+00:00,1813.681,manual,Manual cook,temp,2100,445.5,,esp32,,0,,,,,,,,,,,,1,445.0,2.0,2.0,0,NONE
2026-10-05T16:41:18.503+00:00,1814.181,manual,Manual cook,temp,2100,445.1,,esp32,,0,,,,,,,,,,,,1,445.0,10.0,10.0,0,NONE
2026-10-05T16:41:19.503+00:00,1815.181,manual,Manual cook,temp,2100,443.3,,esp32,,0,,,,,,,,,,,,1,445.0,9.0,43.0,0,NONE
2026-10-05T16:41:20.503+00:00,1816.181,manual,Manual cook,temp,2100,443.8,,esp32,,0,,,,,,,,,,,,1,445.0,0.0,0.0,0,NONE
2026-10-05T16:41:21.003+00:00,1816.681,manual,Manual cook,temp,2100,443.8,,esp32,,0,,,,,,,,,,,,1,445.0,9.0,20.0,0,NONE
2026-10-05T16:41:22.003+00:00,1817.681,manual,Manual cook,temp,2100,444.2,,esp32,,0,,,,,,,,,,,,1,445.0,0.0,0.0,0,NONE
2026-10-05T16:41:22.503+00:00,1818.181,manual,Manual cook,temp,2100,443.3,,esp32,,0,,,,,,,,,,,,1,445.0,9.0,21.0,0,NONE
2026-10-05T16:41:23.003+00:00,1818.681,manual,Manual cook,temp,2100,444.2,,esp32,,0,,,,,,,,,,,,1,445.0,0.0,0.0,0,NONE
2026-10-05T16:41:24.003+00:00,1819.681,manual,Manual cook,temp,2100,443.3,,esp32,,0,,,,,,,,,,,,1,445.0,21.0,21.0,0,NONE
2026-10-05T16:41:25.003+00:00,1820.681,manual,Manual cook,temp,2100,443.3,,esp32,,0,,,,,,,,,,,,1,445.0,9.0,14.0,0,NONE
2026-10-05T16:41:25.503+00:00,1821.181,manual,Manual cook,temp,2100,443.3,,esp32,,0,,,,,,,,,,,,1,445.0,15.0,15.0,0,NONE
2026-10-05T16:41:26.503+00:00,1822.181,manual,Manual cook,temp,2100,443.8,,esp32,,0,,,,,,,,,,,,1,445.0,0.0,0.0,0,NONE
2026-10-05T16:41:27.503+00:00,1823.181,manual,Manual cook,temp,2100,443.3,,esp32,,0,,,,,,,,,,,,1,445.0,14.0,14.0,0,NONE
2026-10-05T16:41:28.503+00:00,1824.181,manual,Manual cook,temp,2100,443.8,,esp32,,0,,,,,,,,,,,,1,445.0,6.0,6.0,0,NONE
2026-10-05T16:41:29.003+00:00,1824.681,manual,Manual cook,temp,2100,444.2,,esp32,,0,,,,,,,,,,,,1,445.0,14.0,14.0,0,NONE
2026-10-05T16:41:30.003+00:00,1825.681,manual,Manual cook,temp,2100,443.8,,esp32,,0,,,,,,,,,,,,1,445.0,5.0,5.0,0,NONE
2026-10-05T16:41:30.503+00:00,1826.181,manual,Manual cook,temp,2100,443.8,,esp32,,0,,,,,,,,,,,,1,445.0,13.0,13.0,0,NONE
2026-10-05T16:41:31.503+00:00,1827.181,manual,Manual cook,temp,2100,443.3,,esp32,,0,,,,,,,,,,,,1,445.0,0.0,0.0,0,NONE
2026-10-05T16:41:32.003+00:00,1827.681,manual,Manual cook,temp,2100,444.2,,esp32,,0,,,,,,,,,,,,1,445.0,9.0,21.0,0,NONE
2026-10-05T16:41:33.007+00:00,1828.685,manual,Manual cook,temp,2100,443.8,,esp32,,0,,,,,,,,,,,,1,445.0,5.0,5.0,0,NONE
2026-10-05T16:41:34.003+00:00,1829.680,manual,Manual cook,temp,2100,444.6,,esp32,,0,,,,,,,,,,,,1,445.0,0.0,0.0,0,NONE
2026-10-05T16:41:34.503+00:00,1830.180,manual,Manual cook,temp,2100,443.8,,esp32,,0,,,,,,,,,,,,1,445.0,9.0,20.0,0,NONE
2026-10-05T16:41:35.503+00:00,1831.180,manual,Manual cook,temp,2100,444.2,,esp32,,0,,,,,,,,,,,,1,445.0,9.0,12.0,0,NONE
2026-10-05T16:41:36.503+00:00,1832.181,manual,Manual cook,temp,2100,444.2,,esp32,,0,,,,,,,,,,,,1,445.0,4.0,4.0,0,NONE
2026-10-05T16:41:37.503+00:00,1833.180,manual,Manual cook,temp,2100,444.6,,esp32,,0,,,,,,,,,,,,1,445.0,0.0,0.0,0,NONE
2026-10-05T16:41:38.003+00:00,1833.680,manual,Manual cook,temp,2100,444.2,,esp32,,0,,,,,,,,,,,,1,445.0,4.0,4.0,0,NONE
2026-10-05T16:41:39.003+00:00,1834.680,manual,Manual cook,temp,2100,444.2,,esp32,,0,,,,,,,,,,,,1,445.0,0.0,0.0,0,NONE
2026-10-05T16:41:39.503+00:00,1835.180,manual,Manual cook,temp,2100,444.6,,esp32,,0,,,,,,,,,,,,1,445.0,9.0,12.0,0,NONE
2026-10-05T16:41:40.503+00:00,1836.180,manual,Manual cook,temp,2100,444.2,,esp32,,0,,,,,,,,,,,,1,445.0,4.0,4.0,0,NONE
2026-10-05T16:41:41.003+00:00,1836.680,manual,Manual cook,temp,2100,444.2,,esp32,,0,,,,,,,,,,,,1,445.0,12.0,12.0,0,NONE
2026-10-05T16:41:42.003+00:00,1837.680,manual,Manual cook,temp,2100,444.6,,esp32,,0,,,,,,,,,,,,1,445.0,4.0,4.0,0,NONE
2026-10-05T16:41:43.003+00:00,1838.680,manual,Manual cook,temp,2100,445.1,,esp32,,0,,,,,,,,,,,,1,445.0,0.0,0.0,0,NONE
2026-10-05T16:41:43.503+00:00,1839.180,manual,Manual cook,temp,2100,445.1,,esp32,,0,,,,,,,,,,,,1,445.0,3.0,3.0,0,NONE
2026-10-05T16:41:44.503+00:00,1840.180,manual,Manual cook,temp,2100,445.5,,esp32,,0,,,,,,,,,,,,1,445.0,0.0,0.0,0,NONE
2026-10-05T16:41:45.003+00:00,1840.680,manual,Manual cook,temp,2100,444.6,,esp32,,0,,,,,,,,,,,,1,445.0,9.0,19.0,0,NONE
2026-10-05T16:41:46.003+00:00,1841.680,manual,Manual cook,temp,2100,445.5,,esp32,,0,,,,,,,,,,,,1,445.0,0.0,0.0,0,NONE
2026-10-05T16:41:46.503+00:00,1842.180,manual,Manual cook,temp,2100,445.5,,esp32,,0,,,,,,,,,,,,1,445.0,9.0,19.0,0,NONE
2026-10-05T16:41:47.003+00:00,1842.680,manual,Manual cook,temp,2100,446.0,,esp32,,0,,,,,,,,,,,,1,445.0,0.0,0.0,0,NONE
2026-10-05T16:41:48.003+00:00,1843.680,manual,Manual cook,temp,2100,445.1,,esp32,,0,,,,,,,,,,,,1,445.0,9.0,10.0,0,NONE
2026-10-05T16:41:48.503+00:00,1844.180,manual,Manual cook,temp,2100,445.1,,esp32,,0,,,,,,,,,,,,1,445.0,11.0,11.0,0,NONE
2026-10-05T16:41:49.503+00:00,1845.180,manual,Manual cook,temp,2100,446.0,,esp32,,0,,,,,,,,,,,,1,445.0,0.0,0.0,0,NONE
2026-10-05T16:41:50.003+00:00,1845.680,manual,Manual cook,temp,2100,445.5,,esp32,,0,,,,,,,,,,,,1,445.0,9.0,10.0,0,NONE
2026-10-05T16:41:51.003+00:00,1846.680,manual,Manual cook,temp,2100,446.0,,esp32,,0,,,,,,,,,,,,1,445.0,3.0,3.0,0,NONE
2026-10-05T16:41:51.503+00:00,1847.180,manual,Manual cook,temp,2100,446.0,,esp32,,0,,,,,,,,,,,,1,445.0,0.0,0.0,0,NONE
2026-10-05T16:41:52.003+00:00,1847.680,manual,Manual cook,temp,2100,446.0,,esp32,,0,,,,,,,,,,,,1,445.0,2.0,2.0,0,NONE
2026-10-05T16:41:53.002+00:00,1848.680,manual,Manual cook,temp,2100,446.5,,esp32,,0,,,,,,,,,,,,1,445.0,0.0,0.0,0,NONE
2026-10-05T16:41:53.502+00:00,1849.180,manual,Manual cook,temp,2100,446.5,,esp32,,0,,,,,,,,,,,,1,445.0,1.0,1.0,0,NONE
2026-10-05T16:41:54.503+00:00,1850.180,manual,Manual cook,temp,2100,446.0,,esp32,,0,,,,,,,,,,,,1,445.0,1.0,1.0,0,NONE
2026-10-05T16:41:55.503+00:00,1851.180,manual,Manual cook,temp,2100,446.5,,esp32,,0,,,,,,,,,,,,1,445.0,0.0,0.0,0,NONE
2026-10-05T16:41:56.502+00:00,1852.180,manual,Manual cook,temp,2100,446.5,,esp32,,0,,,,,,,,,,,,1,445.0,1.0,1.0,0,NONE
2026-10-05T16:41:57.002+00:00,1852.680,manual,Manual cook,temp,2100,446.0,,esp32,,0,,,,,,,,,,,,1,445.0,9.0,9.0,0,NONE
2026-10-05T16:41:57.502+00:00,1853.180,manual,Manual cook,temp,2100,444.6,,esp32,,0,,,,,,,,,,,,1,445.0,1.0,1.0,0,NONE
2026-10-05T16:41:58.003+00:00,1853.680,manual,Manual cook,temp,2100,445.5,,esp32,,0,,,,,,,,,,,,1,445.0,26.0,26.0,0,NONE
2026-10-05T16:41:59.002+00:00,1854.680,manual,Manual cook,temp,2100,445.1,,esp32,,0,,,,,,,,,,,,1,445.0,9.0,10.0,0,NONE
2026-10-05T16:42:00.002+00:00,1855.680,manual,Manual cook,temp,2100,445.1,,esp32,,0,,,,,,,,,,,,1,445.0,3.0,3.0,0,NONE
2026-10-05T16:42:00.503+00:00,1856.180,manual,Manual cook,temp,2100,445.5,,esp32,,0,,,,,,,,,,,,1,445.0,11.0,11.0,0,NONE
2026-10-05T16:42:01.502+00:00,1857.180,manual,Manual cook,temp,2100,445.1,,esp32,,0,,,,,,,,,,,,1,445.0,2.0,2.0,0,NONE
2026-10-05T16:42:02.002+00:00,1857.680,manual,Manual cook,temp,2100,445.1,,esp32,,0,,,,,,,,,,,,1,445.0,10.0,10.0,0,NONE
2026-10-05T16:42:02.503+00:00,1858.180,manual,Manual cook,temp,2100,445.5,,esp32,,0,,,,,,,,,,,,1,445.0,11.0,11.0,0,NONE
2026-10-05T16:42:03.502+00:00,1859.180,manual,Manual cook,temp,2100,445.5,,esp32,,0,,,,,,,,,,,,1,445.0,2.0,2.0,0,NONE
2026-10-05T16:42:04.502+00:00,1860.180,manual,Manual cook,temp,2100,445.5,,esp32,,0,,,,,,,,,,,,1,445.0,2.0,2.0,0,NONE
2026-10-05T16:42:05.002+00:00,1860.680,manual,Manual cook,temp,2100,445.5,,esp32,,0,,,,,,,,,,,,1,445.0,2.0,2.0,0,NONE
2026-10-05T16:42:05.502+00:00,1861.180,manual,Manual cook,temp,2100,445.1,,esp32,,0,,,,,,,,,,,,1,445.0,2.0,2.0,0,NONE
2026-10-05T16:42:06.002+00:00,1861.680,manual,Manual cook,temp,2100,445.1,,esp32,,0,,,,,,,,,,,,1,445.0,10.0,10.0,0,NONE
2026-10-05T16:42:07.002+00:00,1862.680,manual,Manual cook,temp,2100,445.1,,esp32,,0,,,,,,,,,,,,1,445.0,3.0,3.0,0,NONE
2026-10-05T16:42:08.002+00:00,1863.680,manual,Manual cook,temp,2100,445.1,,esp32,,0,,,,,,,,,,,,1,445.0,0.0,0.0,0,NONE
2026-10-05T16:42:08.502+00:00,1864.180,manual,Manual cook,temp,2100,445.5,,esp32,,0,,,,,,,,,,,,1,445.0,9.0,10.0,0,NONE
2026-10-05T16:42:09.504+00:00,1865.181,manual,Manual cook,temp,2100,445.5,,esp32,,0,,,,,,,,,,,,1,445.0,9.0,10.0,0,NONE
2026-10-05T16:42:10.502+00:00,1866.179,manual,Manual cook,temp,2100,445.5,,esp32,,0,,,,,,,,,,,,1,445.0,2.0,2.0,0,NONE
2026-10-05T16:42:11.002+00:00,1866.680,manual,Manual cook,temp,2100,444.6,,esp32,,0,,,,,,,,,,,,1,445.0,19.0,19.0,0,NONE
2026-10-05T16:42:12.002+00:00,1867.680,manual,Manual cook,temp,2100,444.6,,esp32,,0,,,,,,,,,,,,1,445.0,3.0,3.0,0,NONE
2026-10-05T16:42:12.502+00:00,1868.180,manual,Manual cook,temp,2100,444.6,,esp32,,0,,,,,,,,,,,,1,445.0,11.0,11.0,0,NONE
2026-10-05T16:42:13.502+00:00,1869.180,manual,Manual cook,temp,2100,444.6,,esp32,,0,,,,,,,,,,,,1,445.0,9.0,11.0,0,NONE
2026-10-05T16:42:14.002+00:00,1869.680,manual,Manual cook,temp,2100,444.6,,esp32,,0,,,,,,,,,,,,1,445.0,0.0,0.0,0,NONE
2026-10-05T16:42:15.002+00:00,1870.679,manual,Manual cook,temp,2100,445.1,,esp32,,0,,,,,,,,,,,,1,445.0,0.0,0.0,0,NONE
2026-10-05T16:42:15.502+00:00,1871.179,manual,Manual cook,temp,2100,444.2,,esp32,,0,,,,,,,,,,,,1,445.0,3.0,3.0,0,NONE
2026-10-05T16:42:16.002+00:00,1871.680,manual,Manual cook,temp,2100,444.2,,esp32,,0,,,,,,,,,,,,1,445.0,19.0,19.0,0,NONE
2026-10-05T16:42:17.002+00:00,1872.679,manual,Manual cook,temp,2100,443.8,,esp32,,0,,,,,,,,,,,,1,445.0,0.0,0.0,0,NONE
2026-10-05T16:42:17.502+00:00,1873.179,manual,Manual cook,temp,2100,443.8,,esp32,,0,,,,,,,,,,,,1,445.0,9.0,28.0,0,NONE
2026-10-05T16:42:18.502+00:00,1874.179,manual,Manual cook,temp,2100,445.1,,esp32,,0,,,,,,,,,,,,1,445.0,0.0,0.0,0,NONE
2026-10-05T16:42:19.002+00:00,1874.679,manual,Manual cook,temp,2100,445.1,,esp32,,0,,,,,,,,,,,,1,445.0,3.0,3.0,0,NONE
2026-10-05T16:42:19.502+00:00,1875.180,manual,Manual cook,temp,2100,445.5,,esp32,,0,,,,,,,,,,,,1,445.0,3.0,3.0,0,NONE
2026-10-05T16:42:20.502+00:00,1876.179,manual,Manual cook,temp,2100,444.2,,esp32,,0,,,,,,,,,,,,1,445.0,9.0,27.0,0,NONE
2026-10-05T16:42:21.002+00:00,1876.679,manual,Manual cook,temp,2100,444.6,,esp32,,0,,,,,,,,,,,,1,445.0,0.0,0.0,0,NONE
2026-10-05T16:42:22.002+00:00,1877.679,manual,Manual cook,temp,2100,445.5,,esp32,,0,,,,,,,,,,,,1,445.0,0.0,0.0,0,NONE
2026-10-05T16:42:22.502+00:00,1878.179,manual,Manual cook,temp,2100,445.1,,esp32,,0,,,,,,,,,,,,1,445.0,9.0,11.0,0,NONE
2026-10-05T16:42:23.002+00:00,1878.679,manual,Manual cook,temp,2100,443.8,,esp32,,0,,,,,,,,,,,,1,445.0,0.0,0.0,0,NONE
2026-10-05T16:42:24.002+00:00,1879.679,manual,Manual cook,temp,2100,445.5,,esp32,,0,,,,,,,,,,,,1,445.0,0.0,0.0,0,NONE
2026-10-05T16:42:24.503+00:00,1880.181,manual,Manual cook,temp,2100,445.5,,esp32,,0,,,,,,,,,,,,1,445.0,0.0,0.0,0,NONE
2026-10-05T16:42:25.502+00:00,1881.179,manual,Manual cook,temp,2100,445.1,,esp32,,0,,,,,,,,,,,,1,445.0,11.0,11.0,0,NONE
2026-10-05T16:42:26.502+00:00,1882.179,manual,Manual cook,temp,2100,444.6,,esp32,,0,,,,,,,,,,,,1,445.0,11.0,11.0,0,NONE
2026-10-05T16:42:27.502+00:00,1883.179,manual,Manual cook,temp,2100,444.2,,esp32,,0,,,,,,,,,,,,1,445.0,0.0,0.0,0,NONE
2026-10-05T16:42:28.002+00:00,1883.679,manual,Manual cook,temp,2100,445.5,,esp32,,0,,,,,,,,,,,,1,445.0,9.0,20.0,0,NONE
2026-10-05T16:42:29.002+00:00,1884.679,manual,Manual cook,temp,2100,445.5,,esp32,,0,,,,,,,,,,,,1,445.0,2.0,2.0,0,NONE
2026-10-05T16:42:29.502+00:00,1885.179,manual,Manual cook,temp,2100,445.5,,esp32,,0,,,,,,,,,,,,1,445.0,19.0,19.0,0,NONE
2026-10-05T16:42:30.502+00:00,1886.179,manual,Manual cook,temp,2100,445.1,,esp32,,0,,,,,,,,,,,,1,445.0,9.0,19.0,0,NONE
2026-10-05T16:42:31.502+00:00,1887.179,manual,Manual cook,temp,2100,444.6,,esp32,,0,,,,,,,,,,,,1,445.0,9.0,11.0,0,NONE
2026-10-05T16:42:32.501+00:00,1888.179,manual,Manual cook,temp,2100,445.5,,esp32,,0,,,,,,,,,,,,1,445.0,0.0,0.0,0,NONE
2026-10-05T16:42:33.002+00:00,1888.679,manual,Manual cook,temp,2100,444.6,,esp32,,0,,,,,,,,,,,,1,445.0,9.0,19.0,0,NONE
2026-10-05T16:42:34.002+00:00,1889.679,manual,Manual cook,temp,2100,445.5,,esp32,,0,,,,,,,,,,,,1,445.0,9.0,10.0,0,NONE
2026-10-05T16:42:35.002+00:00,1890.679,manual,Manual cook,temp,2100,445.5,,esp32,,0,,,,,,,,,,,,1,445.0,2.0,2.0,0,NONE
2026-10-05T16:42:35.502+00:00,1891.179,manual,Manual cook,temp,2100,445.1,,esp32,,0,,,,,,,,,,,,1,445.0,11.0,11.0,0,NONE
2026-10-05T16:42:36.502+00:00,1892.179,manual,Manual cook,temp,2100,444.6,,esp32,,0,,,,,,,,,,,,1,445.0,11.0,11.0,0,NONE
2026-10-05T16:42:37.501+00:00,1893.179,manual,Manual cook,temp,2100,444.6,,esp32,,0,,,,,,,,,,,,1,445.0,9.0,11.0,0,NONE
2026-10-05T16:42:38.001+00:00,1893.679,manual,Manual cook,temp,2100,444.2,,esp32,,0,,,,,,,,,,,,1,445.0,0.0,0.0,0,NONE
2026-10-05T16:42:38.501+00:00,1894.179,manual,Manual cook,temp,2100,444.6,,esp32,,0,,,,,,,,,,,,1,445.0,9.0,20.0,0,NONE
2026-10-05T16:42:39.501+00:00,1895.179,manual,Manual cook,temp,2100,444.6,,esp32,,0,,,,,,,,,,,,1,445.0,4.0,4.0,0,NONE
2026-10-05T16:42:40.001+00:00,1895.679,manual,Manual cook,temp,2100,444.2,,esp32,,0,,,,,,,,,,,,1,445.0,12.0,12.0,0,NONE
2026-10-05T16:42:41.001+00:00,1896.679,manual,Manual cook,temp,2100,444.6,,esp32,,0,,,,,,,,,,,,1,445.0,4.0,4.0,0,NONE
2026-10-05T16:42:41.501+00:00,1897.179,manual,Manual cook,temp,2100,445.5,,esp32,,0,,,,,,,,,,,,1,445.0,0.0,0.0,0,NONE
2026-10-05T16:42:42.501+00:00,1898.179,manual,Manual cook,temp,2100,444.6,,esp32,,0,,,,,,,,,,,,1,445.0,9.0,19.0,0,NONE
2026-10-05T16:42:43.501+00:00,1899.179,manual,Manual cook,temp,2100,445.1,,esp32,,0,,,,,,,,,,,,1,445.0,0.0,0.0,0,NONE
2026-10-05T16:42:44.501+00:00,1900.179,manual,Manual cook,temp,2100,445.1,,esp32,,0,,,,,,,,,,,,1,445.0,3.0,3.0,0,NONE
2026-10-05T16:42:45.001+00:00,1900.679,manual,Manual cook,temp,2100,445.1,,esp32,,0,,,,,,,,,,,,1,445.0,20.0,20.0,0,NONE
2026-10-05T16:42:45.501+00:00,1901.179,manual,Manual cook,temp,2100,445.1,,esp32,,0,,,,,,,,,,,,1,445.0,0.0,0.0,0,NONE
2026-10-05T16:42:46.501+00:00,1902.179,manual,Manual cook,temp,2100,445.1,,esp32,,0,,,,,,,,,,,,1,445.0,3.0,3.0,0,NONE
2026-10-05T16:42:47.501+00:00,1903.179,manual,Manual cook,temp,2100,445.1,,esp32,,0,,,,,,,,,,,,1,445.0,9.0,11.0,0,NONE
2026-10-05T16:42:48.001+00:00,1903.679,manual,Manual cook,temp,2100,444.6,,esp32,,0,,,,,,,,,,,,1,445.0,11.0,11.0,0,NONE
2026-10-05T16:42:49.001+00:00,1904.678,manual,Manual cook,temp,2100,445.5,,esp32,,0,,,,,,,,,,,,1,445.0,0.0,0.0,0,NONE
2026-10-05T16:42:49.501+00:00,1905.179,manual,Manual cook,temp,2100,446.0,,esp32,,0,,,,,,,,,,,,1,445.0,0.0,0.0,0,NONE
2026-10-05T16:42:50.501+00:00,1906.179,manual,Manual cook,temp,2100,445.5,,esp32,,0,,,,,,,,,,,,1,445.0,2.0,2.0,0,NONE
2026-10-05T16:42:51.501+00:00,1907.179,manual,Manual cook,temp,2100,446.0,,esp32,,0,,,,,,,,,,,,1,445.0,0.0,0.0,0,NONE
2026-10-05T16:42:52.001+00:00,1907.679,manual,Manual cook,temp,2100,446.0,,esp32,,0,,,,,,,,,,,,1,445.0,9.0,9.0,0,NONE
2026-10-05T16:42:52.502+00:00,1908.179,manual,Manual cook,temp,2100,445.5,,esp32,,0,,,,,,,,,,,,1,445.0,10.0,10.0,0,NONE
2026-10-05T16:42:53.501+00:00,1909.178,manual,Manual cook,temp,2100,446.0,,esp32,,0,,,,,,,,,,,,1,445.0,2.0,2.0,0,NONE
2026-10-05T16:42:54.001+00:00,1909.678,manual,Manual cook,temp,2100,445.5,,esp32,,0,,,,,,,,,,,,1,445.0,2.0,2.0,0,NONE
2026-10-05T16:42:54.501+00:00,1910.179,manual,Manual cook,temp,2100,445.5,,esp32,,0,,,,,,,,,,,,1,445.0,10.0,10.0,0,NONE
2026-10-05T16:42:55.501+00:00,1911.178,manual,Manual cook,temp,2100,446.0,,esp32,,0,,,,,,,,,,,,1,445.0,0.0,0.0,0,NONE
2026-10-05T16:42:56.501+00:00,1912.178,manual,Manual cook,temp,2100,445.1,,esp32,,0,,,,,,,,,,,,1,445.0,18.0,18.0,0,NONE
2026-10-05T16:42:57.501+00:00,1913.179,manual,Manual cook,temp,2100,445.5,,esp32,,0,,,,,,,,,,,,1,445.0,2.0,2.0,0,NONE
2026-10-05T16:42:58.501+00:00,1914.178,manual,Manual cook,temp,2100,445.5,,esp32,,0,,,,,,,,,,,,1,445.0,2.0,2.0,0,NONE
2026-10-05T16:42:59.501+00:00,1915.178,manual,Manual cook,temp,2100,445.5,,esp32,,0,,,,,,,,,,,,1,445.0,2.0,2.0,0,NONE
2026-10-05T16:43:00.501+00:00,1916.178,manual,Manual cook,temp,2100,444.6,,esp32,,0,,,,,,,,,,,,1,445.0,0.0,0.0,0,NONE
2026-10-05T16:43:01.501+00:00,1917.178,manual,Manual cook,temp,2100,444.6,,esp32,,0,,,,,,,,,,,,1,445.0,4.0,4.0,0,NONE
2026-10-05T16:43:02.501+00:00,1918.178,manual,Manual cook,temp,2100,444.6,,esp32,,0,,,,,,,,,,,,1,445.0,4.0,4.0,0,NONE
2026-10-05T16:43:03.001+00:00,1918.678,manual,Manual cook,temp,2100,444.2,,esp32,,0,,,,,,,,,,,,1,445.0,4.0,4.0,0,NONE
2026-10-05T16:43:03.501+00:00,1919.178,manual,Manual cook,temp,2100,444.2,,esp32,,0,,,,,,,,,,,,1,445.0,12.0,12.0,0,NONE
2026-10-05T16:43:04.501+00:00,1920.178,manual,Manual cook,temp,2100,444.2,,esp32,,0,,,,,,,,,,,,1,445.0,9.0,12.0,0,NONE
2026-10-05T16:43:05.001+00:00,1920.678,manual,Manual cook,temp,2100,444.6,,esp32,,0,,,,,,,,,,,,1,445.0,21.0,21.0,0,NONE
2026-10-05T16:43:06.001+00:00,1921.678,manual,Manual cook,temp,2100,443.3,,esp32,,0,,,,,,,,,,,,1,445.0,9.0,29.0,0,NONE
2026-10-05T16:43:07.001+00:00,1922.678,manual,Manual cook,temp,2100,444.2,,esp32,,0,,,,,,,,,,,,1,445.0,0.0,0.0,0,NONE
2026-10-05T16:43:08.001+00:00,1923.678,manual,Manual cook,temp,2100,444.6,,esp32,,0,,,,,,,,,,,,1,445.0,0.0,0.0,0,NONE
2026-10-05T16:43:08.501+00:00,1924.178,manual,Manual cook,temp,2100,444.6,,esp32,,0,,,,,,,,,,,,1,445.0,9.0,12.0,0,NONE
2026-10-05T16:43:09.501+00:00,1925.178,manual,Manual cook,temp,2100,444.2,,esp32,,0,,,,,,,,,,,,1,445.0,9.0,12.0,0,NONE
2026-10-05T16:43:10.001+00:00,1925.678,manual,Manual cook,temp,2100,444.6,,esp32,,0,,,,,,,,,,,,1,445.0,5.0,5.0,0,NONE
2026-10-05T16:43:11.000+00:00,1926.678,manual,Manual cook,temp,2100,444.6,,esp32,,0,,,,,,,,,,,,1,445.0,4.0,4.0,0,NONE
2026-10-05T16:43:11.502+00:00,1927.179,manual,Manual cook,temp,2100,443.8,,esp32,,0,,,,,,,,,,,,1,445.0,21.0,21.0,0,NONE
2026-10-05T16:43:12.501+00:00,1928.178,manual,Manual cook,temp,2100,444.6,,esp32,,0,,,,,,,,,,,,1,445.0,0.0,0.0,0,NONE
2026-10-05T16:43:13.500+00:00,1929.178,manual,Manual cook,temp,2100,444.2,,esp32,,0,,,,,,,,,,,,1,445.0,9.0,12.0,0,NONE
2026-10-05T16:43:14.500+00:00,1930.178,manual,Manual cook,temp,2100,443.8,,esp32,,0,,,,,,,,,,,,1,445.0,5.0,5.0,0,NONE
2026-10-05T16:43:15.001+00:00,1930.678,manual,Manual cook,temp,2100,443.8,,esp32,,0,,,,,,,,,,,,1,445.0,13.0,13.0,0,NONE
2026-10-05T16:43:16.000+00:00,1931.678,manual,Manual cook,temp,2100,445.1,,esp32,,0,,,,,,,,,,,,1,445.0,3.0,3.0,0,NONE
2026-10-05T16:43:16.501+00:00,1932.178,manual,Manual cook,temp,2100,444.2,,esp32,,0,,,,,,,,,,,,1,445.0,20.0,20.0,0,NONE
2026-10-05T16:43:17.500+00:00,1933.178,manual,Manual cook,temp,2100,445.1,,esp32,,0,,,,,,,,,,,,1,445.0,0.0,0.0,0,NONE
2026-10-05T16:43:18.000+00:00,1933.678,manual,Manual cook,temp,2100,445.1,,esp32,,0,,,,,,,,,,,,1,445.0,3.0,3.0,0,NONE
2026-10-05T16:43:18.501+00:00,1934.179,manual,Manual cook,temp,2100,445.1,,esp32,,0,,,,,,,,,,,,1,445.0,0.0,0.0,0,NONE
2026-10-05T16:43:19.500+00:00,1935.178,manual,Manual cook,temp,2100,446.0,,esp32,,0,,,,,,,,,,,,1,445.0,0.0,0.0,0,NONE
2026-10-05T16:43:20.000+00:00,1935.678,manual,Manual cook,temp,2100,444.6,,esp32,,0,,,,,,,,,,,,1,445.0,9.0,26.0,0,NONE
2026-10-05T16:43:21.000+00:00,1936.678,manual,Manual cook,temp,2100,445.1,,esp32,,0,,,,,,,,,,,,1,445.0,9.0,11.0,0,NONE
2026-10-05T16:43:22.000+00:00,1937.678,manual,Manual cook,temp,2100,445.1,,esp32,,0,,,,,,,,,,,,1,445.0,9.0,11.0,0,NONE
2026-10-05T16:43:22.500+00:00,1938.178,manual,Manual cook,temp,2100,445.5,,esp32,,0,,,,,,,,,,,,1,445.0,0.0,0.0,0,NONE
2026-10-05T16:43:23.500+00:00,1939.178,manual,Manual cook,temp,2100,445.5,,esp32,,0,,,,,,,,,,,,1,445.0,2.0,2.0,0,NONE
2026-10-05T16:43:24.000+00:00,1939.678,manual,Manual cook,temp,2100,445.5,,esp32,,0,,,,,,,,,,,,1,445.0,10.0,10.0,0,NONE
2026-10-05T16:43:25.000+00:00,1940.678,manual,Manual cook,temp,2100,446.0,,esp32,,0,,,,,,,,,,,,1,445.0,2.0,2.0,0,NONE
2026-10-05T16:43:25.500+00:00,1941.178,manual,Manual cook,temp,2100,446.0,,esp32,,0,,,,,,,,,,,,1,445.0,0.0,0.0,0,NONE
2026-10-05T16:43:26.500+00:00,1942.178,manual,Manual cook,temp,2100,445.1,,esp32,,0,,,,,,,,,,,,1,445.0,18.0,18.0,0,NONE
2026-10-05T16:43:27.500+00:00,1943.178,manual,Manual cook,temp,2100,445.5,,esp32,,0,,,,,,,,,,,,1,445.0,3.0,3.0,0,NONE
2026-10-05T16:43:28.000+00:00,1943.678,manual,Manual cook,temp,2100,445.5,,esp32,,0,,,,,,,,,,,,1,445.0,3.0,3.0,0,NONE
2026-10-05T16:43:29.000+00:00,1944.678,manual,Manual cook,temp,2100,445.5,,esp32,,0,,,,,,,,,,,,1,445.0,19.0,19.0,0,NONE
2026-10-05T16:43:30.000+00:00,1945.678,manual,Manual cook,temp,2100,445.5,,esp32,,0,,,,,,,,,,,,1,445.0,0.0,0.0,0,NONE
2026-10-05T16:43:31.000+00:00,1946.678,manual,Manual cook,temp,2100,446.9,,esp32,,0,,,,,,,,,,,,1,445.0,0.0,0.0,0,NONE
2026-10-05T16:43:32.000+00:00,1947.678,manual,Manual cook,temp,2100,446.0,,esp32,,0,,,,,,,,,,,,1,445.0,0.0,0.0,0,NONE
2026-10-05T16:43:32.500+00:00,1948.178,manual,Manual cook,temp,2100,445.5,,esp32,,0,,,,,,,,,,,,1,445.0,9.0,16.0,0,NONE
2026-10-05T16:43:33.500+00:00,1949.177,manual,Manual cook,temp,2100,446.0,,esp32,,0,,,,,,,,,,,,1,445.0,0.0,0.0,0,NONE
2026-10-05T16:43:34.000+00:00,1949.678,manual,Manual cook,temp,2100,444.6,,esp32,,0,,,,,,,,,,,,1,445.0,9.0,26.0,0,NONE
2026-10-05T16:43:35.000+00:00,1950.677,manual,Manual cook,temp,2100,445.5,,esp32,,0,,,,,,,,,,,,1,445.0,3.0,3.0,0,NONE
2026-10-05T16:43:36.000+00:00,1951.677,manual,Manual cook,temp,2100,445.5,,esp32,,0,,,,,,,,,,,,1,445.0,0.0,0.0,0,NONE
2026-10-05T16:43:37.000+00:00,1952.677,manual,Manual cook,temp,2100,445.5,,esp32,,0,,,,,,,,,,,,1,445.0,2.0,2.0,0,NONE
2026-10-05T16:43:38.000+00:00,1953.677,manual,Manual cook,temp,2100,446.5,,esp32,,0,,,,,,,,,,,,1,445.0,0.0,0.0,0,NONE
2026-10-05T16:43:38.500+00:00,1954.177,manual,Manual cook,temp,2100,446.0,,esp32,,0,,,,,,,,,,,,1,445.0,9.0,17.0,0,NONE
2026-10-05T16:43:39.500+00:00,1955.177,manual,Manual cook,temp,2100,445.5,,esp32,,0,,,,,,,,,,,,1,445.0,9.0,18.0,0,NONE
2026-10-05T16:43:40.500+00:00,1956.177,manual,Manual cook,temp,2100,444.2,,esp32,,0,,,,,,,,,,,,1,445.0,9.0,27.0,0,NONE
2026-10-05T16:43:41.000+00:00,1956.677,manual,Manual cook,temp,2100,445.5,,esp32,,0,,,,,,,,,,,,1,445.0,0.0,0.0,0,NONE
2026-10-05T16:43:42.000+00:00,1957.677,manual,Manual cook,temp,2100,445.5,,esp32,,0,,,,,,,,,,,,1,445.0,2.0,2.0,0,NONE
2026-10-05T16:43:43.000+00:00,1958.677,manual,Manual cook,temp,2100,445.1,,esp32,,0,,,,,,,,,,,,1,445.0,19.0,19.0,0,NONE
2026-10-05T16:43:44.000+00:00,1959.677,manual,Manual cook,temp,2100,445.1,,esp32,,0,,,,,,,,,,,,1,445.0,3.0,3.0,0,NONE
2026-10-05T16:43:44.500+00:00,1960.177,manual,Manual cook,temp,2100,444.6,,esp32,,0,,,,,,,,,,,,1,445.0,11.0,11.0,0,NONE
2026-10-05T16:43:45.500+00:00,1961.177,manual,Manual cook,temp,2100,445.1,,esp32,,0,,,,,,,,,,,,1,445.0,0.0,0.0,0,NONE
2026-10-05T16:43:46.000+00:00,1961.677,manual,Manual cook,temp,2100,444.6,,esp32,,0,,,,,,,,,,,,1,445.0,9.0,20.0,0,NONE
2026-10-05T16:43:46.999+00:00,1962.677,manual,Manual cook,temp,2100,445.1,,esp32,,0,,,,,,,,,,,,1,445.0,0.0,0.0,0,NONE
2026-10-05T16:43:47.500+00:00,1963.177,manual,Manual cook,temp,2100,444.2,,esp32,,0,,,,,,,,,,,,1,445.0,9.0,20.0,0,NONE
2026-10-05T16:43:48.000+00:00,1963.677,manual,Manual cook,temp,2100,443.8,,esp32,,0,,,,,,,,,,,,1,445.0,0.0,0.0,0,NONE
2026-10-05T16:43:48.500+00:00,1964.177,manual,Manual cook,temp,2100,443.8,,esp32,,0,,,,,,,,,,,,1,445.0,9.0,21.0,0,NONE
2026-10-05T16:43:49.500+00:00,1965.177,manual,Manual cook,temp,2100,444.6,,esp32,,0,,,,,,,,,,,,1,445.0,0.0,0.0,0,NONE
2026-10-05T16:43:50.500+00:00,1966.177,manual,Manual cook,temp,2100,445.1,,esp32,,0,,,,,,,,,,,,1,445.0,12.0,12.0,0,NONE
2026-10-05T16:43:51.499+00:00,1967.177,manual,Manual cook,temp,2100,445.1,,esp32,,0,,,,,,,,,,,,1,445.0,3.0,3.0,0,NONE
2026-10-05T16:43:52.000+00:00,1967.677,manual,Manual cook,temp,2100,444.2,,esp32,,0,,,,,,,,,,,,1,445.0,20.0,20.0,0,NONE
2026-10-05T16:43:53.000+00:00,1968.677,manual,Manual cook,temp,2100,444.6,,esp32,,0,,,,,,,,,,,,1,445.0,9.0,21.0,0,NONE
2026-10-05T16:43:53.999+00:00,1969.677,manual,Manual cook,temp,2100,445.1,,esp32,,0,,,,,,,,,,,,1,445.0,4.0,4.0,0,NONE
2026-10-05T16:43:54.999+00:00,1970.677,manual,Manual cook,temp,2100,445.1,,esp32,,0,,,,,,,,,,,,1,445.0,3.0,3.0,0,NONE
2026-10-05T16:43:55.499+00:00,1971.177,manual,Manual cook,temp,2100,445.1,,esp32,,0,,,,,,,,,,,,1,445.0,3.0,3.0,0,NONE
2026-10-05T16:43:56.499+00:00,1972.177,manual,Manual cook,temp,2100,445.5,,esp32,,0,,,,,,,,,,,,1,445.0,0.0,0.0,0,NONE
2026-10-05T16:43:56.999+00:00,1972.677,manual,Manual cook,temp,2100,445.5,,esp32,,0,,,,,,,,,,,,1,445.0,3.0,3.0,0,NONE
2026-10-05T16:43:57.499+00:00,1973.177,manual,Manual cook,temp,2100,445.1,,esp32,,0,,,,,,,,,,,,1,445.0,11.0,11.0,0,NONE
2026-10-05T16:43:58.499+00:00,1974.177,manual,Manual cook,temp,2100,445.1,,esp32,,0,,,,,,,,,,,,1,445.0,3.0,3.0,0,NONE
2026-10-05T16:43:58.999+00:00,1974.677,manual,Manual cook,temp,2100,445.5,,esp32,,0,,,,,,,,,,,,1,445.0,0.0,0.0,0,NONE
2026-10-05T16:43:59.499+00:00,1975.177,manual,Manual cook,temp,2100,445.1,,esp32,,0,,,,,,,,,,,,1,445.0,9.0,11.0,0,NONE
2026-10-05T16:44:00.000+00:00,1975.677,manual,Manual cook,temp,2100,445.5,,esp32,,0,,,,,,,,,,,,1,445.0,0.0,0.0,0,NONE
2026-10-05T16:44:00.999+00:00,1976.677,manual,Manual cook,temp,2100,445.5,,esp32,,0,,,,,,,,,,,,1,445.0,0.0,0.0,0,NONE
2026-10-05T16:44:01.499+00:00,1977.177,manual,Manual cook,temp,2100,446.0,,esp32,,0,,,,,,,,,,,,1,445.0,3.0,3.0,0,NONE
2026-10-05T16:44:02.499+00:00,1978.177,manual,Manual cook,temp,2100,445.1,,esp32,,0,,,,,,,,,,,,1,445.0,9.0,18.0,0,NONE
2026-10-05T16:44:02.999+00:00,1978.677,manual,Manual cook,temp,2100,446.5,,esp32,,0,,,,,,,,,,,,1,445.0,0.0,0.0,0,NONE
2026-10-05T16:44:03.999+00:00,1979.677,manual,Manual cook,temp,2100,446.0,,esp32,,0,,,,,,,,,,,,1,445.0,9.0,9.0,0,NONE
2026-10-05T16:44:04.499+00:00,1980.177,manual,Manual cook,temp,2100,446.0,,esp32,,0,,,,,,,,,,,,1,445.0,2.0,2.0,0,NONE
2026-10-05T16:44:05.499+00:00,1981.177,manual,Manual cook,temp,2100,445.5,,esp32,,0,,,,,,,,,,,,1,445.0,10.0,10.0,0,NONE
2026-10-05T16:44:06.499+00:00,1982.177,manual,Manual cook,temp,2100,445.5,,esp32,,0,,,,,,,,,,,,1,445.0,9.0,17.0,0,NONE
2026-10-05T16:44:07.499+00:00,1983.177,manual,Manual cook,temp,2100,446.5,,esp32,,0,,,,,,,,,,,,1,445.0,0.0,0.0,0,NONE
2026-10-05T16:44:08.499+00:00,1984.176,manual,Manual cook,temp,2100,446.0,,esp32,,0,,,,,,,,,,,,1,445.0,2.0,2.0,0,NONE
2026-10-05T16:44:08.999+00:00,1984.676,manual,Manual cook,temp,2100,446.0,,esp32,,0,,,,,,,,,,,,1,445.0,2.0,2.0,0,NONE
2026-10-05T16:44:09.499+00:00,1985.177,manual,Manual cook,temp,2100,445.1,,esp32,,0,,,,,,,,,,,,1,445.0,18.0,18.0,0,NONE
2026-10-05T16:44:10.500+00:00,1986.178,manual,Manual cook,temp,2100,445.1,,esp32,,0,,,,,,,,,,,,1,445.0,9.0,17.0,0,NONE
2026-10-05T16:44:11.499+00:00,1987.176,manual,Manual cook,temp,2100,446.0,,esp32,,0,,,,,,,,,,,,1,445.0,0.0,0.0,0,NONE
2026-10-05T16:44:11.999+00:00,1987.676,manual,Manual cook,temp,2100,446.5,,esp32,,0,,,,,,,,,,,,1,445.0,0.0,0.0,0,NONE
2026-10-05T16:44:12.499+00:00,1988.177,manual,Manual cook,temp,2100,446.0,,esp32,,0,,,,,,,,,,,,1,445.0,9.0,25.0,0,NONE
2026-10-05T16:44:13.499+00:00,1989.176,manual,Manual cook,temp,2100,446.0,,esp32,,0,,,,,,,,,,,,1,445.0,2.0,2.0,0,NONE
2026-10-05T16:44:13.999+00:00,1989.677,manual,Manual cook,temp,2100,446.0,,esp32,,0,,,,,,,,,,,,1,445.0,18.0,18.0,0,NONE
2026-10-05T16:44:14.999+00:00,1990.676,manual,Manual cook,temp,2100,446.0,,esp32,,0,,,,,,,,,,,,1,445.0,9.0,10.0,0,NONE
2026-10-05T16:44:15.999+00:00,1991.676,manual,Manual cook,temp,2100,445.5,,esp32,,0,,,,,,,,,,,,1,445.0,9.0,10.0,0,NONE
2026-10-05T16:44:16.499+00:00,1992.176,manual,Manual cook,temp,2100,445.1,,esp32,,0,,,,,,,,,,,,1,445.0,11.0,11.0,0,NONE
2026-10-05T16:44:17.499+00:00,1993.176,manual,Manual cook,temp,2100,446.0,,esp32,,0,,,,,,,,,,,,1,445.0,0.0,0.0,0,NONE
2026-10-05T16:44:17.999+00:00,1993.676,manual,Manual cook,temp,2100,446.0,,esp32,,0,,,,,,,,,,,,1,445.0,2.0,2.0,0,NONE
2026-10-05T16:44:18.499+00:00,1994.176,manual,Manual cook,temp,2100,446.0,,esp32,,0,,,,,,,,,,,,1,445.0,2.0,2.0,0,NONE
2026-10-05T16:44:19.499+00:00,1995.176,manual,Manual cook,temp,2100,446.0,,esp32,,0,,,,,,,,,,,,1,445.0,2.0,2.0,0,NONE
2026-10-05T16:44:20.499+00:00,1996.176,manual,Manual cook,temp,2100,445.5,,esp32,,0,,,,,,,,,,,,1,445.0,10.0,10.0,0,NONE
2026-10-05T16:44:21.499+00:00,1997.176,manual,Manual cook,temp,2100,445.5,,esp32,,0,,,,,,,,,,,,1,445.0,2.0,2.0,0,NONE
2026-10-05T16:44:21.999+00:00,1997.676,manual,Manual cook,temp,2100,445.5,,esp32,,0,,,,,,,,,,,,1,445.0,10.0,10.0,0,NONE
2026-10-05T16:44:22.999+00:00,1998.676,manual,Manual cook,temp,2100,445.1,,esp32,,0,,,,,,,,,,,,1,445.0,9.0,19.0,0,NONE
2026-10-05T16:44:23.999+00:00,1999.676,manual,Manual cook,temp,2100,444.6,,esp32,,0,,,,,,,,,,,,1,445.0,9.0,11.0,0,NONE
2026-10-05T16:44:24.999+00:00,2000.676,manual,Manual cook,temp,2100,444.6,,esp32,,0,,,,,,,,,,,,1,445.0,4.0,4.0,0,NONE
2026-10-05T16:44:25.998+00:00,2001.676,manual,Manual cook,temp,2100,444.6,,esp32,,0,,,,,,,,,,,,1,445.0,4.0,4.0,0,NONE
2026-10-05T16:44:26.499+00:00,2002.176,manual,Manual cook,temp,2100,443.8,,esp32,,0,,,,,,,,,,,,1,445.0,12.0,12.0,0,NONE
2026-10-05T16:44:27.499+00:00,2003.176,manual,Manual cook,temp,2100,444.6,,esp32,,0,,,,,,,,,,,,1,445.0,0.0,0.0,0,NONE
2026-10-05T16:44:27.999+00:00,2003.676,manual,Manual cook,temp,2100,444.6,,esp32,,0,,,,,,,,,,,,1,445.0,9.0,11.0,0,NONE
2026-10-05T16:44:28.999+00:00,2004.676,manual,Manual cook,temp,2100,444.2,,esp32,,0,,,,,,,,,,,,1,445.0,12.0,12.0,0,NONE
2026-10-05T16:44:29.999+00:00,2005.676,manual,Manual cook,temp,2100,444.6,,esp32,,0,,,,,,,,,,,,1,445.0,9.0,11.0,0,NONE
2026-10-05T16:44:30.998+00:00,2006.676,manual,Manual cook,temp,2100,446.0,,esp32,,0,,,,,,,,,,,,1,445.0,3.0,3.0,0,NONE
2026-10-05T16:44:31.499+00:00,2007.176,manual,Manual cook,temp,2100,445.1,,esp32,,0,,,,,,,,,,,,1,445.0,0.0,0.0,0,NONE
2026-10-05T16:44:32.498+00:00,2008.176,manual,Manual cook,temp,2100,444.6,,esp32,,0,,,,,,,,,,,,1,445.0,11.0,11.0,0,NONE
2026-10-05T16:44:32.999+00:00,2008.676,manual,Manual cook,temp,2100,445.1,,esp32,,0,,,,,,,,,,,,1,445.0,0.0,0.0,0,NONE
2026-10-05T16:44:33.998+00:00,2009.676,manual,Manual cook,temp,2100,446.0,,esp32,,0,,,,,,,,,,,,1,445.0,0.0,0.0,0,NONE
2026-10-05T16:44:34.498+00:00,2010.176,manual,Manual cook,temp,2100,446.0,,esp32,,0,,,,,,,,,,,,1,445.0,2.0,2.0,0,NONE
2026-10-05T16:44:34.998+00:00,2010.676,manual,Manual cook,temp,2100,446.0,,esp32,,0,,,,,,,,,,,,1,445.0,2.0,2.0,0,NONE
2026-10-05T16:44:35.998+00:00,2011.676,manual,Manual cook,temp,2100,445.5,,esp32,,0,,,,,,,,,,,,1,445.0,10.0,10.0,0,NONE
2026-10-05T16:44:36.998+00:00,2012.676,manual,Manual cook,temp,2100,445.1,,esp32,,0,,,,,,,,,,,,1,445.0,9.0,18.0,0,NONE
2026-10-05T16:44:37.998+00:00,2013.676,manual,Manual cook,temp,2100,445.5,,esp32,,0,,,,,,,,,,,,1,445.0,2.0,2.0,0,NONE
2026-10-05T16:44:38.498+00:00,2014.176,manual,Manual cook,temp,2100,445.5,,esp32,,0,,,,,,,,,,,,1,445.0,2.0,2.0,0,NONE
2026-10-05T16:44:38.998+00:00,2014.676,manual,Manual cook,temp,2100,445.1,,esp32,,0,,,,,,,,,,,,1,445.0,10.0,10.0,0,NONE
2026-10-05T16:44:39.498+00:00,2015.176,manual,Manual cook,temp,2100,445.5,,esp32,,0,,,,,,,,,,,,1,445.0,11.0,11.0,0,NONE
2026-10-05T16:44:40.498+00:00,2016.176,manual,Manual cook,temp,2100,445.5,,esp32,,0,,,,,,,,,,,,1,445.0,2.0,2.0,0,NONE
2026-10-05T16:44:40.998+00:00,2016.676,manual,Manual cook,temp,2100,445.1,,esp32,,0,,,,,,,,,,,,1,445.0,2.0,2.0,0,NONE
2026-10-05T16:44:41.498+00:00,2017.176,manual,Manual cook,temp,2100,445.1,,esp32,,0,,,,,,,,,,,,1,445.0,10.0,10.0,0,NONE
2026-10-05T16:44:42.498+00:00,2018.176,manual,Manual cook,temp,2100,445.5,,esp32,,0,,,,,,,,,,,,1,445.0,0.0,0.0,0,NONE
2026-10-05T16:44:42.998+00:00,2018.676,manual,Manual cook,temp,2100,445.1,,esp32,,0,,,,,,,,,,,,1,445.0,9.0,10.0,0,NONE
2026-10-05T16:44:43.498+00:00,2019.176,manual,Manual cook,temp,2100,445.1,,esp32,,0,,,,,,,,,,,,1,445.0,11.0,11.0,0,NONE
2026-10-05T16:44:44.498+00:00,2020.175,manual,Manual cook,temp,2100,445.5,,esp32,,0,,,,,,,,,,,,1,445.0,0.0,0.0,0,NONE
2026-10-05T16:44:45.498+00:00,2021.176,manual,Manual cook,temp,2100,445.5,,esp32,,0,,,,,,,,,,,,1,445.0,10.0,10.0,0,NONE
2026-10-05T16:44:46.498+00:00,2022.175,manual,Manual cook,temp,2100,444.6,,esp32,,0,,,,,,,,,,,,1,445.0,9.0,19.0,0,NONE
2026-10-05T16:44:47.498+00:00,2023.176,manual,Manual cook,temp,2100,444.2,,esp32,,0,,,,,,,,,,,,1,445.0,12.0,12.0,0,NONE
2026-10-05T16:44:48.498+00:00,2024.175,manual,Manual cook,temp,2100,444.6,,esp32,,0,,,,,,,,,,,,1,445.0,4.0,4.0,0,NONE
2026-10-05T16:44:49.498+00:00,2025.175,manual,Manual cook,temp,2100,444.6,,esp32,,0,,,,,,,,,,,,1,445.0,4.0,4.0,0,NONE
2026-10-05T16:44:50.498+00:00,2026.175,manual,Manual cook,temp,2100,445.5,,esp32,,0,,,,,,,,,,,,1,445.0,9.0,20.0,0,NONE
2026-10-05T16:44:51.498+00:00,2027.175,manual,Manual cook,temp,2100,444.2,,esp32,,0,,,,,,,,,,,,1,445.0,9.0,27.0,0,NONE
2026-10-05T16:44:51.998+00:00,2027.676,manual,Manual cook,temp,2100,445.1,,esp32,,0,,,,,,,,,,,,1,445.0,0.0,0.0,0,NONE
2026-10-05T16:44:52.998+00:00,2028.675,manual,Manual cook,temp,2100,444.6,,esp32,,0,,,,,,,,,,,,1,445.0,11.0,11.0,0,NONE
2026-10-05T16:44:53.998+00:00,2029.675,manual,Manual cook,temp,2100,445.1,,esp32,,0,,,,,,,,,,,,1,445.0,9.0,11.0,0,NONE
2026-10-05T16:44:54.998+00:00,2030.675,manual,Manual cook,temp,2100,445.1,,esp32,,0,,,,,,,,,,,,1,445.0,3.0,3.0,0,NONE
2026-10-05T16:44:55.998+00:00,2031.675,manual,Manual cook,temp,2100,445.1,,esp32,,0,,,,,,,,,,,,1,445.0,9.0,11.0,0,NONE
2026-10-05T16:44:56.998+00:00,2032.675,manual,Manual cook,temp,2100,445.5,,esp32,,0,,,,,,,,,,,,1,445.0,9.0,10.0,0,NONE
2026-10-05T16:44:57.998+00:00,2033.675,manual,Manual cook,temp,2100,445.5,,esp32,,0,,,,,,,,,,,,1,445.0,2.0,2.0,0,NONE
2026-10-05T16:44:58.498+00:00,2034.175,manual,Manual cook,temp,2100,445.5,,esp32,,0,,,,,,,,,,,,1,445.0,10.0,10.0,0,NONE
2026-10-05T16:44:59.498+00:00,2035.175,manual,Manual cook,temp,2100,445.1,,esp32,,0,,,,,,,,,,,,1,445.0,9.0,18.0,0,NONE
2026-10-05T16:45:00.498+00:00,2036.175,manual,Manual cook,temp,2100,446.0,,esp32,,0,,,,,,,,,,,,1,445.0,9.0,26.0,0,NONE
2026-10-05T16:45:01.498+00:00,2037.175,manual,Manual cook,temp,2100,445.1,,esp32,,0,,,,,,,,,,,,1,445.0,9.0,18.0,0,NONE
2026-10-05T16:45:01.998+00:00,2037.675,manual,Manual cook,temp,2100,445.1,,esp32,,0,,,,,,,,,,,,1,445.0,11.0,11.0,0,NONE
2026-10-05T16:45:02.998+00:00,2038.675,manual,Manual cook,temp,2100,445.1,,esp32,,0,,,,,,,,,,,,1,445.0,0.0,0.0,0,NONE
2026-10-05T16:45:03.498+00:00,2039.175,manual,Manual cook,temp,2100,446.0,,esp32,,0,,,,,,,,,,,,1,445.0,9.0,11.0,0,NONE
2026-10-05T16:45:04.498+00:00,2040.175,manual,Manual cook,temp,2100,445.5,,esp32,,0,,,,,,,,,,,,1,445.0,2.0,2.0,0,NONE
2026-10-05T16:45:04.998+00:00,2040.675,manual,Manual cook,temp,2100,445.5,,esp32,,0,,,,,,,,,,,,1,445.0,10.0,10.0,0,NONE
2026-10-05T16:45:05.498+00:00,2041.175,manual,Manual cook,temp,2100,445.5,,esp32,,0,,,,,,,,,,,,1,445.0,10.0,10.0,0,NONE
2026-10-05T16:45:06.498+00:00,2042.175,manual,Manual cook,temp,2100,445.1,,esp32,,0,,,,,,,,,,,,1,445.0,9.0,10.0,0,NONE
2026-10-05T16:45:07.497+00:00,2043.175,manual,Manual cook,temp,2100,445.5,,esp32,,0,,,,,,,,,,,,1,445.0,0.0,0.0,0,NONE
2026-10-05T16:45:08.498+00:00,2044.175,manual,Manual cook,temp,2100,445.1,,esp32,,0,,,,,,,,,,,,1,445.0,10.0,10.0,0,NONE
2026-10-05T16:45:09.497+00:00,2045.175,manual,Manual cook,temp,2100,445.1,,esp32,,0,,,,,,,,,,,,1,445.0,9.0,18.0,0,NONE
2026-10-05T16:45:10.497+00:00,2046.175,manual,Manual cook,temp,2100,446.0,,esp32,,0,,,,,,,,,,,,1,445.0,0.0,0.0,0,NONE
2026-10-05T16:45:10.997+00:00,2046.675,manual,Manual cook,temp,2100,445.5,,esp32,,0,,,,,,,,,,,,1,445.0,9.0,10.0,0,NONE
2026-10-05T16:45:11.497+00:00,2047.175,manual,Manual cook,temp,2100,446.0,,esp32,,0,,,,,,,,,,,,1,445.0,0.0,0.0,0,NONE
2026-10-05T16:45:12.497+00:00,2048.175,manual,Manual cook,temp,2100,446.0,,esp32,,0,,,,,,,,,,,,1,445.0,1.0,1.0,0,NONE
2026-10-05T16:45:12.997+00:00,2048.675,manual,Manual cook,temp,2100,445.5,,esp32,,0,,,,,,,,,,,,1,445.0,10.0,10.0,0,NONE
2026-10-05T16:45:13.997+00:00,2049.675,manual,Manual cook,temp,2100,445.5,,esp32,,0,,,,,,,,,,,,1,445.0,9.0,10.0,0,NONE
2026-10-05T16:45:14.497+00:00,2050.175,manual,Manual cook,temp,2100,445.1,,esp32,,0,,,,,,,,,,,,1,445.0,2.0,2.0,0,NONE
2026-10-05T16:45:14.997+00:00,2050.675,manual,Manual cook,temp,2100,446.0,,esp32,,0,,,,,,,,,,,,1,445.0,10.0,10.0,0,NONE
2026-10-05T16:45:15.997+00:00,2051.675,manual,Manual cook,temp,2100,445.1,,esp32,,0,,,,,,,,,,,,1,445.0,9.0,10.0,0,NONE
2026-10-05T16:45:16.497+00:00,2052.175,manual,Manual cook,temp,2100,445.5,,esp32,,0,,,,,,,,,,,,1,445.0,10.0,10.0,0,NONE
2026-10-05T16:45:17.497+00:00,2053.175,manual,Manual cook,temp,2100,444.6,,esp32,,0,,,,,,,,,,,,1,445.0,9.0,19.0,0,NONE
2026-10-05T16:45:17.997+00:00,2053.675,manual,Manual cook,temp,2100,445.1,,esp32,,0,,,,,,,,,,,,1,445.0,0.0,0.0,0,NONE
2026-10-05T16:45:18.497+00:00,2054.175,manual,Manual cook,temp,2100,445.1,,esp32,,0,,,,,,,,,,,,1,445.0,9.0,10.0,0,NONE
2026-10-05T16:45:19.497+00:00,2055.175,manual,Manual cook,temp,2100,445.5,,esp32,,0,,,,,,,,,,,,1,445.0,2.0,2.0,0,NONE
2026-10-05T16:45:20.497+00:00,2056.174,manual,Manual cook,temp,2100,445.5,,esp32,,0,,,,,,,,,,,,1,445.0,2.0,2.0,0,NONE
2026-10-05T16:45:20.997+00:00,2056.675,manual,Manual cook,temp,2100,445.5,,esp32,,0,,,,,,,,,,,,1,445.0,10.0,10.0,0,NONE
2026-10-05T16:45:21.997+00:00,2057.674,manual,Manual cook,temp,2100,445.5,,esp32,,0,,,,,,,,,,,,1,445.0,2.0,2.0,0,NONE
2026-10-05T16:45:22.497+00:00,2058.175,manual,Manual cook,temp,2100,444.6,,esp32,,0,,,,,,,,,,,,1,445.0,10.0,10.0,0,NONE
2026-10-05T16:45:23.497+00:00,2059.174,manual,Manual cook,temp,2100,444.6,,esp32,,0,,,,,,,,,,,,1,445.0,4.0,4.0,0,NONE
2026-10-05T16:45:23.997+00:00,2059.674,manual,Manual cook,temp,2100,445.1,,esp32,,0,,,,,,,,,,,,1,445.0,0.0,0.0,0,NONE
2026-10-05T16:45:24.997+00:00,2060.674,manual,Manual cook,temp,2100,445.1,,esp32,,0,,,,,,,,,,,,1,445.0,3.0,3.0,0,NONE
2026-10-05T16:45:25.997+00:00,2061.675,manual,Manual cook,temp,2100,444.2,,esp32,,0,,,,,,,,,,,,1,445.0,19.0,19.0,0,NONE
2026-10-05T16:45:26.997+00:00,2062.674,manual,Manual cook,temp,2100,444.6,,esp32,,0,,,,,,,,,,,,1,445.0,9.0,11.0,0,NONE
2026-10-05T16:45:27.997+00:00,2063.674,manual,Manual cook,temp,2100,445.5,,esp32,,0,,,,,,,,,,,,1,445.0,0.0,0.0,0,NONE
2026-10-05T16:45:28.997+00:00,2064.674,manual,Manual cook,temp,2100,444.6,,esp32,,0,,,,,,,,,,,,1,445.0,2.0,2.0,0,NONE
2026-10-05T16:45:29.497+00:00,2065.174,manual,Manual cook,temp,2100,444.6,,esp32,,0,,,,,,,,,,,,1,445.0,19.0,19.0,0,NONE
2026-10-05T16:45:30.497+00:00,2066.174,manual,Manual cook,temp,2100,445.5,,esp32,,0,,,,,,,,,,,,1,445.0,2.0,2.0,0,NONE
2026-10-05T16:45:31.497+00:00,2067.174,manual,Manual cook,temp,2100,445.5,,esp32,,0,,,,,,,,,,,,1,445.0,2.0,2.0,0,NONE
2026-10-05T16:45:31.997+00:00,2067.674,manual,Manual cook,temp,2100,445.5,,esp32,,0,,,,,,,,,,,,1,445.0,10.0,10.0,0,NONE
2026-10-05T16:45:32.997+00:00,2068.674,manual,Manual cook,temp,2100,444.6,,esp32,,0,,,,,,,,,,,,1,445.0,9.0,19.0,0,NONE
2026-10-05T16:45:33.997+00:00,2069.674,manual,Manual cook,temp,2100,445.1,,esp32,,0,,,,,,,,,,,,1,445.0,0.0,0.0,0,NONE
2026-10-05T16:45:34.497+00:00,2070.174,manual,Manual cook,temp,2100,444.6,,esp32,,0,,,,,,,,,,,,1,445.0,9.0,11.0,0,NONE
2026-10-05T16:45:35.497+00:00,2071.174,manual,Manual cook,temp,2100,444.6,,esp32,,0,,,,,,,,,,,,1,445.0,4.0,4.0,0,NONE
2026-10-05T16:45:35.997+00:00,2071.674,manual,Manual cook,temp,2100,444.6,,esp32,,0,,,,,,,,,,,,1,445.0,4.0,4.0,0,NONE
2026-10-05T16:45:36.997+00:00,2072.674,manual,Manual cook,temp,2100,444.6,,esp32,,0,,,,,,,,,,,,1,445.0,4.0,4.0,0,NONE
2026-10-05T16:45:37.497+00:00,2073.174,manual,Manual cook,temp,2100,444.2,,esp32,,0,,,,,,,,,,,,1,445.0,12.0,12.0,0,NONE
2026-10-05T16:45:38.496+00:00,2074.174,manual,Manual cook,temp,2100,445.1,,esp32,,0,,,,,,,,,,,,1,445.0,0.0,0.0,0,NONE
2026-10-05T16:45:38.997+00:00,2074.674,manual,Manual cook,temp,2100,444.6,,esp32,,0,,,,,,,,,,,,1,445.0,3.0,3.0,0,NONE
2026-10-05T16:45:39.497+00:00,2075.174,manual,Manual cook,temp,2100,444.6,,esp32,,0,,,,,,,,,,,,1,445.0,11.0,11.0,0,NONE
2026-10-05T16:45:40.497+00:00,2076.174,manual,Manual cook,temp,2100,445.5,,esp32,,0,,,,,,,,,,,,1,445.0,9.0,11.0,0,NONE
2026-10-05T16:45:41.497+00:00,2077.174,manual,Manual cook,temp,2100,445.1,,esp32,,0,,,,,,,,,,,,1,445.0,2.0,2.0,0,NONE
2026-10-05T16:45:41.997+00:00,2077.674,manual,Manual cook,temp,2100,445.1,,esp32,,0,,,,,,,,,,,,1,445.0,10.0,10.0,0,NONE
2026-10-05T16:45:42.997+00:00,2078.674,manual,Manual cook,temp,2100,445.5,,esp32,,0,,,,,,,,,,,,1,445.0,9.0,10.0,0,NONE
2026-10-05T16:45:43.497+00:00,2079.174,manual,Manual cook,temp,2100,445.1,,esp32,,0,,,,,,,,,,,,1,445.0,2.0,2.0,0,NONE
2026-10-05T16:45:44.496+00:00,2080.174,manual,Manual cook,temp,2100,445.1,,esp32,,0,,,,,,,,,,,,1,445.0,0.0,0.0,0,NONE
2026-10-05T16:45:45.496+00:00,2081.174,manual,Manual cook,temp,2100,445.5,,esp32,,0,,,,,,,,,,,,1,445.0,0.0,0.0,0,NONE
2026-10-05T16:45:46.496+00:00,2082.174,manual,Manual cook,temp,2100,446.0,,esp32,,0,,,,,,,,,,,,1,445.0,0.0,0.0,0,NONE
2026-10-05T16:45:46.996+00:00,2082.674,manual,Manual cook,temp,2100,445.1,,esp32,,0,,,,,,,,,,,,1,445.0,9.0,10.0,0,NONE
2026-10-05T16:45:47.497+00:00,2083.174,manual,Manual cook,temp,2100,445.5,,esp32,,0,,,,,,,,,,,,1,445.0,10.0,10.0,0,NONE
2026-10-05T16:45:48.496+00:00,2084.174,manual,Manual cook,temp,2100,445.5,,esp32,,0,,,,,,,,,,,,1,445.0,2.0,2.0,0,NONE
2026-10-05T16:45:48.997+00:00,2084.674,manual,Manual cook,temp,2100,446.0,,esp32,,0,,,,,,,,,,,,1,445.0,2.0,2.0,0,NONE
2026-10-05T16:45:49.996+00:00,2085.674,manual,Manual cook,temp,2100,445.5,,esp32,,0,,,,,,,,,,,,1,445.0,9.0,10.0,0,NONE
2026-10-05T16:45:50.996+00:00,2086.674,manual,Manual cook,temp,2100,445.5,,esp32,,0,,,,,,,,,,,,1,445.0,9.0,9.0,0,NONE
2026-10-05T16:45:51.996+00:00,2087.674,manual,Manual cook,temp,2100,444.2,,esp32,,0,,,,,,,,,,,,1,445.0,27.0,27.0,0,NONE
2026-10-05T16:45:52.996+00:00,2088.674,manual,Manual cook,temp,2100,445.1,,esp32,,0,,,,,,,,,,,,1,445.0,3.0,3.0,0,NONE
2026-10-05T16:45:53.496+00:00,2089.174,manual,Manual cook,temp,2100,445.1,,esp32,,0,,,,,,,,,,,,1,445.0,3.0,3.0,0,NONE
2026-10-05T16:45:54.496+00:00,2090.174,manual,Manual cook,temp,2100,445.1,,esp32,,0,,,,,,,,,,,,1,445.0,3.0,3.0,0,NONE
2026-10-05T16:45:54.996+00:00,2090.674,manual,Manual cook,temp,2100,445.1,,esp32,,0,,,,,,,,,,,,1,445.0,3.0,3.0,0,NONE
2026-10-05T16:45:55.996+00:00,2091.673,manual,Manual cook,temp,2100,445.1,,esp32,,0,,,,,,,,,,,,1,445.0,3.0,3.0,0,NONE
2026-10-05T16:45:56.496+00:00,2092.173,manual,Manual cook,temp,2100,445.1,,esp32,,0,,,,,,,,,,,,1,445.0,3.0,3.0,0,NONE
2026-10-05T16:45:56.996+00:00,2092.674,manual,Manual cook,temp,2100,445.5,,esp32,,0,,,,,,,,,,,,1,445.0,0.0,0.0,0,NONE
2026-10-05T16:45:57.996+00:00,2093.673,manual,Manual cook,temp,2100,445.5,,esp32,,0,,,,,,,,,,,,1,445.0,2.0,2.0,0,NONE
2026-10-05T16:45:58.996+00:00,2094.673,manual,Manual cook,temp,2100,445.5,,esp32,,0,,,,,,,,,,,,1,445.0,2.0,2.0,0,NONE
2026-10-05T16:45:59.496+00:00,2095.173,manual,Manual cook,temp,2100,445.5,,esp32,,0,,,,,,,,,,,,1,445.0,2.0,2.0,0,NONE
2026-10-05T16:46:00.496+00:00,2096.173,manual,Manual cook,temp,2100,445.5,,esp32,,0,,,,,,,,,,,,1,445.0,9.0,9.0,0,NONE
2026-10-05T16:46:00.996+00:00,2096.674,manual,Manual cook,temp,2100,445.1,,esp32,,0,,,,,,,,,,,,1,445.0,10.0,10.0,0,NONE
2026-10-05T16:46:01.996+00:00,2097.673,manual,Manual cook,temp,2100,444.6,,esp32,,0,,,,,,,,,,,,1,445.0,9.0,18.0,0,NONE
2026-10-05T16:46:02.996+00:00,2098.673,manual,Manual cook,temp,2100,444.6,,esp32,,0,,,,,,,,,,,,1,445.0,9.0,18.0,0,NONE
2026-10-05T16:46:03.996+00:00,2099.673,manual,Manual cook,temp,2100,445.1,,esp32,,0,,,,,,,,,,,,1,445.0,3.0,3.0,0,NONE
2026-10-05T16:46:04.496+00:00,2100.173,manual,Manual cook,temp,2100,445.1,,esp32,,0,,,,,,,,,,,,1,445.0,3.0,3.0,0,NONE
2026-10-05T16:46:04.997+00:00,2100.674,manual,Manual cook,temp,2100,444.6,,esp32,,0,,,,,,,,,,,,1,445.0,11.0,11.0,0,NONE
2026-10-05T16:46:05.996+00:00,2101.673,manual,Manual cook,temp,2100,444.6,,esp32,,0,,,,,,,,,,,,1,445.0,9.0,18.0,0,NONE
2026-10-05T16:46:06.996+00:00,2102.673,manual,Manual cook,temp,2100,445.1,,esp32,,0,,,,,,,,,,,,1,445.0,3.0,3.0,0,NONE
2026-10-05T16:46:07.996+00:00,2103.673,manual,Manual cook,temp,2100,445.5,,esp32,,0,,,,,,,,,,,,1,445.0,0.0,0.0,0,NONE
2026-10-05T16:46:08.496+00:00,2104.173,manual,Manual cook,temp,2100,444.6,,esp32,,0,,,,,,,,,,,,1,445.0,9.0,18.0,0,NONE
2026-10-05T16:46:09.996+00:00,2105.673,manual,Manual cook,temp,2100,445.1,,esp32,,0,,,,,,,,,,,,1,445.0,3.0,3.0,0,NONE
2026-10-05T16:46:10.496+00:00,2106.173,manual,Manual cook,temp,2100,445.5,,esp32,,0,,,,,,,,,,,,1,445.0,3.0,3.0,0,NONE
2026-10-05T16:46:11.496+00:00,2107.173,manual,Manual cook,temp,2100,445.1,,esp32,,0,,,,,,,,,,,,1,445.0,2.0,2.0,0,NONE
2026-10-05T16:46:11.996+00:00,2107.673,manual,Manual cook,temp,2100,445.5,,esp32,,0,,,,,,,,,,,,1,445.0,10.0,10.0,0,NONE
2026-10-05T16:46:12.996+00:00,2108.673,manual,Manual cook,temp,2100,445.5,,esp32,,0,,,,,,,,,,,,1,445.0,9.0,10.0,0,NONE
2026-10-05T16:46:13.996+00:00,2109.673,manual,Manual cook,temp,2100,445.5,,esp32,,0,,,,,,,,,,,,1,445.0,2.0,2.0,0,NONE
2026-10-05T16:46:14.496+00:00,2110.173,manual,Manual cook,temp,2100,445.5,,esp32,,0,,,,,,,,,,,,1,445.0,2.0,2.0,0,NONE
2026-10-05T16:46:15.496+00:00,2111.173,manual,Manual cook,temp,2100,445.5,,esp32,,0,,,,,,,,,,,,1,445.0,0.0,0.0,0,NONE
2026-10-05T16:46:16.496+00:00,2112.173,manual,Manual cook,temp,2100,445.1,,esp32,,0,,,,,,,,,,,,1,445.0,2.0,2.0,0,NONE
2026-10-05T16:46:16.996+00:00,2112.673,manual,Manual cook,temp,2100,445.5,,esp32,,0,,,,,,,,,,,,1,445.0,10.0,10.0,0,NONE
2026-10-05T16:46:17.995+00:00,2113.673,manual,Manual cook,temp,2100,445.5,,esp32,,0,,,,,,,,,,,,1,445.0,2.0,2.0,0,NONE
2026-10-05T16:46:18.496+00:00,2114.173,manual,Manual cook,temp,2100,445.1,,esp32,,0,,,,,,,,,,,,1,445.0,10.0,10.0,0,NONE
2026-10-05T16:46:19.496+00:00,2115.173,manual,Manual cook,temp,2100,444.6,,esp32,,0,,,,,,,,,,,,1,445.0,0.0,0.0,0,NONE
2026-10-05T16:46:20.496+00:00,2116.173,manual,Manual cook,temp,2100,445.5,,esp32,,0,,,,,,,,,,,,1,445.0,0.0,0.0,0,NONE
2026-10-05T16:46:21.495+00:00,2117.173,manual,Manual cook,temp,2100,444.6,,esp32,,0,,,,,,,,,,,,1,445.0,0.0,0.0,0,NONE
2026-10-05T16:46:22.495+00:00,2118.173,manual,Manual cook,temp,2100,444.6,,esp32,,0,,,,,,,,,,,,1,445.0,4.0,4.0,0,NONE
2026-10-05T16:46:23.495+00:00,2119.173,manual,Manual cook,temp,2100,444.6,,esp32,,0,,,,,,,,,,,,1,445.0,4.0,4.0,0,NONE
2026-10-05T16:46:24.495+00:00,2120.173,manual,Manual cook,temp,2100,444.6,,esp32,,0,,,,,,,,,,,,1,445.0,4.0,4.0,0,NONE
2026-10-05T16:46:24.995+00:00,2120.673,manual,Manual cook,temp,2100,444.6,,esp32,,0,,,,,,,,,,,,1,445.0,0.0,0.0,0,NONE
2026-10-05T16:46:25.495+00:00,2121.173,manual,Manual cook,temp,2100,444.6,,esp32,,0,,,,,,,,,,,,1,445.0,9.0,11.0,0,NONE
2026-10-05T16:46:26.495+00:00,2122.173,manual,Manual cook,temp,2100,444.6,,esp32,,0,,,,,,,,,,,,1,445.0,9.0,19.0,0,NONE
2026-10-05T16:46:27.495+00:00,2123.173,manual,Manual cook,temp,2100,444.6,,esp32,,0,,,,,,,,,,,,1,445.0,4.0,4.0,0,NONE
2026-10-05T16:46:27.995+00:00,2123.673,manual,Manual cook,temp,2100,445.5,,esp32,,0,,,,,,,,,,,,1,445.0,4.0,4.0,0,NONE
2026-10-05T16:46:28.995+00:00,2124.673,manual,Manual cook,temp,2100,445.5,,esp32,,0,,,,,,,,,,,,1,445.0,9.0,10.0,0,NONE
2026-10-05T16:46:29.995+00:00,2125.673,manual,Manual cook,temp,2100,445.1,,esp32,,0,,,,,,,,,,,,1,445.0,9.0,10.0,0,NONE
2026-10-05T16:46:30.495+00:00,2126.173,manual,Manual cook,temp,2100,445.5,,esp32,,0,,,,,,,,,,,,1,445.0,11.0,11.0,0,NONE
2026-10-05T16:46:31.496+00:00,2127.173,manual,Manual cook,temp,2100,445.5,,esp32,,0,,,,,,,,,,,,1,445.0,2.0,2.0,0,NONE
2026-10-05T16:46:32.495+00:00,2128.172,manual,Manual cook,temp,2100,445.5,,esp32,,0,,,,,,,,,,,,1,445.0,9.0,9.0,0,NONE
2026-10-05T16:46:32.995+00:00,2128.673,manual,Manual cook,temp,2100,445.5,,esp32,,0,,,,,,,,,,,,1,445.0,2.0,2.0,0,NONE
2026-10-05T16:46:33.995+00:00,2129.672,manual,Manual cook,temp,2100,446.0,,esp32,,0,,,,,,,,,,,,1,445.0,0.0,0.0,0,NONE
2026-10-05T16:46:34.995+00:00,2130.673,manual,Manual cook,temp,2100,445.5,,esp32,,0,,,,,,,,,,,,1,445.0,9.0,9.0,0,NONE
2026-10-05T16:46:35.995+00:00,2131.673,manual,Manual cook,temp,2100,444.6,,esp32,,0,,,,,,,,,,,,1,445.0,10.0,10.0,0,NONE
2026-10-05T16:46:36.995+00:00,2132.673,manual,Manual cook,temp,2100,445.1,,esp32,,0,,,,,,,,,,,,1,445.0,0.0,0.0,0,NONE
2026-10-05T16:46:37.995+00:00,2133.672,manual,Manual cook,temp,2100,446.0,,esp32,,0,,,,,,,,,,,,1,445.0,3.0,3.0,0,NONE
2026-10-05T16:46:38.995+00:00,2134.672,manual,Manual cook,temp,2100,445.5,,esp32,,0,,,,,,,,,,,,1,445.0,9.0,18.0,0,NONE
2026-10-05T16:46:39.995+00:00,2135.672,manual,Manual cook,temp,2100,445.1,,esp32,,0,,,,,,,,,,,,1,445.0,9.0,10.0,0,NONE
2026-10-05T16:46:40.995+00:00,2136.672,manual,Manual cook,temp,2100,445.1,,esp32,,0,,,,,,,,,,,,1,445.0,3.0,3.0,0,NONE
2026-10-05T16:46:41.995+00:00,2137.672,manual,Manual cook,temp,2100,445.5,,esp32,,0,,,,,,,,,,,,1,445.0,0.0,0.0,0,NONE
2026-10-05T16:46:42.995+00:00,2138.672,manual,Manual cook,temp,2100,445.1,,esp32,,0,,,,,,,,,,,,1,445.0,10.0,10.0,0,NONE
2026-10-05T16:46:43.995+00:00,2139.672,manual,Manual cook,temp,2100,445.5,,esp32,,0,,,,,,,,,,,,1,445.0,2.0,2.0,0,NONE
2026-10-05T16:46:44.495+00:00,2140.172,manual,Manual cook,temp,2100,444.6,,esp32,,0,,,,,,,,,,,,1,445.0,18.0,18.0,0,NONE
2026-10-05T16:46:45.495+00:00,2141.172,manual,Manual cook,temp,2100,445.5,,esp32,,0,,,,,,,,,,,,1,445.0,2.0,2.0,0,NONE
2026-10-05T16:46:45.995+00:00,2141.672,manual,Manual cook,temp,2100,445.5,,esp32,,0,,,,,,,,,,,,1,445.0,2.0,2.0,0,NONE
2026-10-05T16:46:46.495+00:00,2142.172,manual,Manual cook,temp,2100,445.1,,esp32,,0,,,,,,,,,,,,1,445.0,10.0,10.0,0,NONE
2026-10-05T16:46:46.995+00:00,2142.673,manual,Manual cook,temp,2100,445.1,,esp32,,0,,,,,,,,,,,,1,445.0,0.0,0.0,0,NONE
2026-10-05T16:46:47.995+00:00,2143.672,manual,Manual cook,temp,2100,445.1,,esp32,,0,,,,,,,,,,,,1,445.0,3.0,3.0,0,NONE
2026-10-05T16:46:48.995+00:00,2144.672,manual,Manual cook,temp,2100,446.0,,esp32,,0,,,,,,,,,,,,1,445.0,0.0,0.0,0,NONE
2026-10-05T16:46:49.495+00:00,2145.172,manual,Manual cook,temp,2100,444.6,,esp32,,0,,,,,,,,,,,,1,445.0,9.0,26.0,0,NONE
2026-10-05T16:46:50.495+00:00,2146.172,manual,Manual cook,temp,2100,445.1,,esp32,,0,,,,,,,,,,,,1,445.0,2.0,2.0,0,NONE
2026-10-05T16:46:50.995+00:00,2146.672,manual,Manual cook,temp,2100,445.1,,esp32,,0,,,,,,,,,,,,1,445.0,10.0,10.0,0,NONE
2026-10-05T16:46:51.995+00:00,2147.672,manual,Manual cook,temp,2100,446.0,,esp32,,0,,,,,,,,,,,,1,445.0,11.0,11.0,0,NONE
2026-10-05T16:46:52.995+00:00,2148.672,manual,Manual cook,temp,2100,445.1,,esp32,,0,,,,,,,,,,,,1,445.0,9.0,18.0,0,NONE
2026-10-05T16:46:53.995+00:00,2149.672,manual,Manual cook,temp,2100,445.1,,esp32,,0,,,,,,,,,,,,1,445.0,9.0,10.0,0,NONE
2026-10-05T16:46:54.994+00:00,2150.672,manual,Manual cook,temp,2100,445.5,,esp32,,0,,,,,,,,,,,,1,445.0,0.0,0.0,0,NONE
2026-10-05T16:46:55.494+00:00,2151.172,manual,Manual cook,temp,2100,445.1,,esp32,,0,,,,,,,,,,,,1,445.0,9.0,10.0,0,NONE
2026-10-05T16:46:55.995+00:00,2151.672,manual,Manual cook,temp,2100,444.6,,esp32,,0,,,,,,,,,,,,1,445.0,11.0,11.0,0,NONE
2026-10-05T16:46:56.994+00:00,2152.672,manual,Manual cook,temp,2100,445.5,,esp32,,0,,,,,,,,,,,,1,445.0,0.0,0.0,0,NONE
2026-10-05T16:46:57.495+00:00,2153.172,manual,Manual cook,temp,2100,445.5,,esp32,,0,,,,,,,,,,,,1,445.0,9.0,10.0,0,NONE
2026-10-05T16:46:58.494+00:00,2154.172,manual,Manual cook,temp,2100,445.5,,esp32,,0,,,,,,,,,,,,1,445.0,0.0,0.0,0,NONE
2026-10-05T16:46:59.494+00:00,2155.172,manual,Manual cook,temp,2100,445.5,,esp32,,0,,,,,,,,,,,,1,445.0,2.0,2.0,0,NONE
2026-10-05T16:46:59.994+00:00,2155.672,manual,Manual cook,temp,2100,445.1,,esp32,,0,,,,,,,,,,,,1,445.0,10.0,10.0,0,NONE
2026-10-05T16:47:00.994+00:00,2156.672,manual,Manual cook,temp,2100,445.5,,esp32,,0,,,,,,,,,,,,1,445.0,0.0,0.0,0,NONE
2026-10-05T16:47:01.994+00:00,2157.672,manual,Manual cook,temp,2100,445.5,,esp32,,0,,,,,,,,,,,,1,445.0,0.0,0.0,0,NONE
2026-10-05T16:47:02.994+00:00,2158.672,manual,Manual cook,temp,2100,446.0,,esp32,,0,,,,,,,,,,,,1,445.0,0.0,0.0,0,NONE
2026-10-05T16:47:03.494+00:00,2159.172,manual,Manual cook,temp,2100,445.5,,esp32,,0,,,,,,,,,,,,1,445.0,9.0,9.0,0,NONE
2026-10-05T16:47:03.995+00:00,2159.672,manual,Manual cook,temp,2100,445.5,,esp32,,0,,,,,,,,,,,,1,445.0,10.0,10.0,0,NONE
2026-10-05T16:47:04.994+00:00,2160.672,manual,Manual cook,temp,2100,445.1,,esp32,,0,,,,,,,,,,,,1,445.0,9.0,10.0,0,NONE
2026-10-05T16:47:05.994+00:00,2161.672,manual,Manual cook,temp,2100,445.5,,esp32,,0,,,,,,,,,,,,1,445.0,9.0,9.0,0,NONE
2026-10-05T16:47:06.994+00:00,2162.672,manual,Manual cook,temp,2100,445.1,,esp32,,0,,,,,,,,,,,,1,445.0,9.0,17.0,0,NONE
2026-10-05T16:47:07.494+00:00,2163.172,manual,Manual cook,temp,2100,445.5,,esp32,,0,,,,,,,,,,,,1,445.0,11.0,11.0,0,NONE
2026-10-05T16:47:08.494+00:00,2164.172,manual,Manual cook,temp,2100,445.1,,esp32,,0,,,,,,,,,,,,1,445.0,9.0,10.0,0,NONE
2026-10-05T16:47:09.494+00:00,2165.171,manual,Manual cook,temp,2100,446.0,,esp32,,0,,,,,,,,,,,,1,445.0,0.0,0.0,0,NONE
2026-10-05T16:47:10.494+00:00,2166.172,manual,Manual cook,temp,2100,444.2,,esp32,,0,,,,,,,,,,,,1,445.0,2.0,2.0,0,NONE
2026-10-05T16:47:10.994+00:00,2166.672,manual,Manual cook,temp,2100,444.2,,esp32,,0,,,,,,,,,,,,1,445.0,26.0,26.0,0,NONE
2026-10-05T16:47:11.994+00:00,2167.671,manual,Manual cook,temp,2100,445.1,,esp32,,0,,,,,,,,,,,,1,445.0,0.0,0.0,0,NONE
2026-10-05T16:47:12.994+00:00,2168.672,manual,Manual cook,temp,2100,445.1,,esp32,,0,,,,,,,,,,,,1,445.0,11.0,11.0,0,NONE
2026-10-05T16:47:13.994+00:00,2169.671,manual,Manual cook,temp,2100,445.1,,esp32,,0,,,,,,,,,,,,1,445.0,3.0,3.0,0,NONE
2026-10-05T16:47:14.494+00:00,2170.171,manual,Manual cook,temp,2100,445.5,,esp32,,0,,,,,,,,,,,,1,445.0,0.0,0.0,0,NONE
2026-10-05T16:47:14.994+00:00,2170.671,manual,Manual cook,temp,2100,445.1,,esp32,,0,,,,,,,,,,,,1,445.0,9.0,18.0,0,NONE
2026-10-05T16:47:15.994+00:00,2171.671,manual,Manual cook,temp,2100,445.5,,esp32,,0,,,,,,,,,,,,1,445.0,0.0,0.0,0,NONE
2026-10-05T16:47:16.494+00:00,2172.171,manual,Manual cook,temp,2100,444.6,,esp32,,0,,,,,,,,,,,,1,445.0,9.0,18.0,0,NONE
2026-10-05T16:47:17.494+00:00,2173.171,manual,Manual cook,temp,2100,445.1,,esp32,,0,,,,,,,,,,,,1,445.0,3.0,3.0,0,NONE
2026-10-05T16:47:18.494+00:00,2174.171,manual,Manual cook,temp,2100,445.1,,esp32,,0,,,,,,,,,,,,1,445.0,0.0,0.0,0,NONE
2026-10-05T16:47:18.994+00:00,2174.671,manual,Manual cook,temp,2100,445.1,,esp32,,0,,,,,,,,,,,,1,445.0,9.0,17.0,0,NONE
2026-10-05T16:47:19.994+00:00,2175.671,manual,Manual cook,temp,2100,445.1,,esp32,,0,,,,,,,,,,,,1,445.0,3.0,3.0,0,NONE
2026-10-05T16:47:20.994+00:00,2176.671,manual,Manual cook,temp,2100,445.1,,esp32,,0,,,,,,,,,,,,1,445.0,9.0,10.0,0,NONE
2026-10-05T16:47:21.494+00:00,2177.171,manual,Manual cook,temp,2100,444.6,,esp32,,0,,,,,,,,,,,,1,445.0,11.0,11.0,0,NONE
2026-10-05T16:47:22.494+00:00,2178.171,manual,Manual cook,temp,2100,445.5,,esp32,,0,,,,,,,,,,,,1,445.0,9.0,9.0,0,NONE
2026-10-05T16:47:22.994+00:00,2178.671,manual,Manual cook,temp,2100,446.0,,esp32,,0,,,,,,,,,,,,1,445.0,2.0,2.0,0,NONE
2026-10-05T16:47:23.994+00:00,2179.671,manual,Manual cook,temp,2100,445.5,,esp32,,0,,,,,,,,,,,,1,445.0,9.0,9.0,0,NONE
2026-10-05T16:47:24.494+00:00,2180.171,manual,Manual cook,temp,2100,445.5,,esp32,,0,,,,,,,,,,,,1,445.0,2.0,2.0,0,NONE
2026-10-05T16:47:25.494+00:00,2181.171,manual,Manual cook,temp,2100,444.6,,esp32,,0,,,,,,,,,,,,1,445.0,2.0,2.0,0,NONE
2026-10-05T16:47:25.994+00:00,2181.671,manual,Manual cook,temp,2100,444.6,,esp32,,0,,,,,,,,,,,,1,445.0,18.0,18.0,0,NONE
2026-10-05T16:47:26.993+00:00,2182.671,manual,Manual cook,temp,2100,445.5,,esp32,,0,,,,,,,,,,,,1,445.0,0.0,0.0,0,NONE
2026-10-05T16:47:27.994+00:00,2183.671,manual,Manual cook,temp,2100,444.2,,esp32,,0,,,,,,,,,,,,1,445.0,1.0,1.0,0,NONE
2026-10-05T16:47:28.494+00:00,2184.171,manual,Manual cook,temp,2100,444.2,,esp32,,0,,,,,,,,,,,,1,445.0,29.0,34.0,0,NONE
2026-10-05T16:47:29.494+00:00,2185.171,manual,Manual cook,temp,2100,445.1,,esp32,,0,,,,,,,,,,,,1,445.0,9.0,17.0,0,NONE
2026-10-05T16:47:29.994+00:00,2185.671,manual,Manual cook,temp,2100,445.1,,esp32,,0,,,,,,,,,,,,1,445.0,3.0,3.0,0,NONE
2026-10-05T16:47:30.993+00:00,2186.671,manual,Manual cook,temp,2100,445.5,,esp32,,0,,,,,,,,,,,,1,445.0,0.0,0.0,0,NONE
2026-10-05T16:47:31.994+00:00,2187.671,manual,Manual cook,temp,2100,445.1,,esp32,,0,,,,,,,,,,,,1,445.0,10.0,10.0,0,NONE
2026-10-05T16:47:32.993+00:00,2188.671,manual,Manual cook,temp,2100,445.1,,esp32,,0,,,,,,,,,,,,1,445.0,3.0,3.0,0,NONE
2026-10-05T16:47:33.993+00:00,2189.671,manual,Manual cook,temp,2100,445.1,,esp32,,0,,,,,,,,,,,,1,445.0,3.0,3.0,0,NONE
2026-10-05T16:47:34.993+00:00,2190.671,manual,Manual cook,temp,2100,444.6,,esp32,,0,,,,,,,,,,,,1,445.0,9.0,10.0,0,NONE
2026-10-05T16:47:35.494+00:00,2191.171,manual,Manual cook,temp,2100,444.6,,esp32,,0,,,,,,,,,,,,1,445.0,11.0,11.0,0,NONE
2026-10-05T16:47:36.493+00:00,2192.171,manual,Manual cook,temp,2100,446.0,,esp32,,0,,,,,,,,,,,,1,445.0,0.0,0.0,0,NONE
2026-10-05T16:47:37.493+00:00,2193.171,manual,Manual cook,temp,2100,445.5,,esp32,,0,,,,,,,,,,,,1,445.0,9.0,9.0,0,NONE
2026-10-05T16:47:38.493+00:00,2194.171,manual,Manual cook,temp,2100,445.5,,esp32,,0,,,,,,,,,,,,1,445.0,9.0,17.0,0,NONE
2026-10-05T16:47:39.493+00:00,2195.171,manual,Manual cook,temp,2100,446.0,,esp32,,0,,,,,,,,,,,,1,445.0,1.0,1.0,0,NONE
2026-10-05T16:47:39.993+00:00,2195.671,manual,Manual cook,temp,2100,446.0,,esp32,,0,,,,,,,,,,,,1,445.0,1.0,1.0,0,NONE
2026-10-05T16:47:40.993+00:00,2196.671,manual,Manual cook,temp,2100,445.1,,esp32,,0,,,,,,,,,,,,1,445.0,17.0,17.0,0,NONE
2026-10-05T16:47:41.993+00:00,2197.671,manual,Manual cook,temp,2100,446.0,,esp32,,0,,,,,,,,,,,,1,445.0,1.0,1.0,0,NONE
2026-10-05T16:47:42.493+00:00,2198.171,manual,Manual cook,temp,2100,445.1,,esp32,,0,,,,,,,,,,,,1,445.0,9.0,9.0,0,NONE
2026-10-05T16:47:42.993+00:00,2198.671,manual,Manual cook,temp,2100,445.5,,esp32,,0,,,,,,,,,,,,1,445.0,10.0,10.0,0,NONE
2026-10-05T16:47:43.995+00:00,2199.672,manual,Manual cook,temp,2100,446.0,,esp32,,0,,,,,,,,,,,,1,445.0,0.0,0.0,0,NONE
2026-10-05T16:47:44.993+00:00,2200.671,manual,Manual cook,temp,2100,446.0,,esp32,,0,,,,,,,,,,,,1,445.0,0.0,0.0,0,NONE
2026-10-05T16:47:45.996+00:00,2201.673,manual,Manual cook,temp,2100,445.5,,esp32,,0,,,,,,,,,,,,1,445.0,9.0,17.0,0,NONE
2026-10-05T16:47:46.993+00:00,2202.670,manual,Manual cook,temp,2100,445.1,,esp32,,0,,,,,,,,,,,,1,445.0,9.0,10.0,0,NONE
2026-10-05T16:47:47.993+00:00,2203.671,manual,Manual cook,temp,2100,445.1,,esp32,,0,,,,,,,,,,,,1,445.0,9.0,17.0,0,NONE
2026-10-05T16:47:48.993+00:00,2204.670,manual,Manual cook,temp,2100,445.1,,esp32,,0,,,,,,,,,,,,1,445.0,3.0,3.0,0,NONE
2026-10-05T16:47:49.493+00:00,2205.170,manual,Manual cook,temp,2100,445.1,,esp32,,0,,,,,,,,,,,,1,445.0,0.0,0.0,0,NONE
2026-10-05T16:47:50.493+00:00,2206.170,manual,Manual cook,temp,2100,445.1,,esp32,,0,,,,,,,,,,,,1,445.0,3.0,3.0,0,NONE
2026-10-05T16:47:50.993+00:00,2206.670,manual,Manual cook,temp,2100,445.5,,esp32,,0,,,,,,,,,,,,1,445.0,0.0,0.0,0,NONE
2026-10-05T16:47:51.993+00:00,2207.670,manual,Manual cook,temp,2100,445.5,,esp32,,0,,,,,,,,,,,,1,445.0,2.0,2.0,0,NONE
2026-10-05T16:47:52.493+00:00,2208.170,manual,Manual cook,temp,2100,445.1,,esp32,,0,,,,,,,,,,,,1,445.0,10.0,10.0,0,NONE
2026-10-05T16:47:53.493+00:00,2209.170,manual,Manual cook,temp,2100,445.1,,esp32,,0,,,,,,,,,,,,1,445.0,3.0,3.0,0,NONE
2026-10-05T16:47:53.993+00:00,2209.670,manual,Manual cook,temp,2100,444.6,,esp32,,0,,,,,,,,,,,,1,445.0,11.0,11.0,0,NONE
2026-10-05T16:47:54.993+00:00,2210.670,manual,Manual cook,temp,2100,445.1,,esp32,,0,,,,,,,,,,,,1,445.0,9.0,10.0,0,NONE
2026-10-05T16:47:55.993+00:00,2211.670,manual,Manual cook,temp,2100,446.0,,esp32,,0,,,,,,,,,,,,1,445.0,0.0,0.0,0,NONE
2026-10-05T16:47:56.493+00:00,2212.170,manual,Manual cook,temp,2100,446.5,,esp32,,0,,,,,,,,,,,,1,445.0,1.0,1.0,0,NONE
2026-10-05T16:47:57.493+00:00,2213.170,manual,Manual cook,temp,2100,446.0,,esp32,,0,,,,,,,,,,,,1,445.0,8.0,8.0,0,NONE
2026-10-05T16:47:57.993+00:00,2213.670,manual,Manual cook,temp,2100,446.5,,esp32,,0,,,,,,,,,,,,1,445.0,9.0,9.0,0,NONE
2026-10-05T16:47:58.993+00:00,2214.670,manual,Manual cook,temp,2100,446.0,,esp32,,0,,,,,,,,,,,,1,445.0,8.0,8.0,0,NONE
2026-10-05T16:47:59.993+00:00,2215.670,manual,Manual cook,temp,2100,446.5,,esp32,,0,,,,,,,,,,,,1,445.0,0.0,0.0,0,NONE
2026-10-05T16:48:00.493+00:00,2216.170,manual,Manual cook,temp,2100,446.0,,esp32,,0,,,,,,,,,,,,1,445.0,9.0,16.0,0,NONE
2026-10-05T16:48:01.493+00:00,2217.170,manual,Manual cook,temp,2100,446.9,,esp32,,0,,,,,,,,,,,,1,445.0,0.0,0.0,0,NONE
2026-10-05T16:48:02.493+00:00,2218.170,manual,Manual cook,temp,2100,446.5,,esp32,,0,,,,,,,,,,,,1,445.0,0.0,0.0,0,NONE
2026-10-05T16:48:03.493+00:00,2219.170,manual,Manual cook,temp,2100,446.9,,esp32,,0,,,,,,,,,,,,1,445.0,8.0,8.0,0,NONE
2026-10-05T16:48:04.492+00:00,2220.170,manual,Manual cook,temp,2100,446.5,,esp32,,0,,,,,,,,,,,,1,445.0,7.0,7.0,0,NONE
2026-10-05T16:48:05.492+00:00,2221.170,manual,Manual cook,temp,2100,446.5,,esp32,,0,,,,,,,,,,,,1,445.0,7.0,7.0,0,NONE
2026-10-05T16:48:05.992+00:00,2221.670,manual,Manual cook,temp,2100,446.5,,esp32,,0,,,,,,,,,,,,1,445.0,0.0,0.0,0,NONE
2026-10-05T16:48:06.993+00:00,2222.670,manual,Manual cook,temp,2100,446.9,,esp32,,0,,,,,,,,,,,,1,445.0,0.0,0.0,0,NONE
2026-10-05T16:48:07.992+00:00,2223.670,manual,Manual cook,temp,2100,446.9,,esp32,,0,,,,,,,,,,,,1,445.0,0.0,0.0,0,NONE
2026-10-05T16:48:08.993+00:00,2224.670,manual,Manual cook,temp,2100,445.5,,esp32,,0,,,,,,,,,,,,1,445.0,16.0,16.0,0,NONE
2026-10-05T16:48:09.992+00:00,2225.670,manual,Manual cook,temp,2100,446.0,,esp32,,0,,,,,,,,,,,,1,445.0,8.0,8.0,0,NONE
2026-10-05T16:48:10.492+00:00,2226.170,manual,Manual cook,temp,2100,445.5,,esp32,,0,,,,,,,,,,,,1,445.0,0.0,0.0,0,NONE
2026-10-05T16:48:11.492+00:00,2227.170,manual,Manual cook,temp,2100,445.5,,esp32,,0,,,,,,,,,,,,1,445.0,2.0,2.0,0,NONE
2026-10-05T16:48:12.492+00:00,2228.170,manual,Manual cook,temp,2100,446.0,,esp32,,0,,,,,,,,,,,,1,445.0,0.0,0.0,0,NONE
2026-10-05T16:48:13.492+00:00,2229.170,manual,Manual cook,temp,2100,446.5,,esp32,,0,,,,,,,,,,,,1,445.0,1.0,1.0,0,NONE
2026-10-05T16:48:13.992+00:00,2229.670,manual,Manual cook,temp,2100,445.5,,esp32,,0,,,,,,,,,,,,1,445.0,0.0,0.0,0,NONE
2026-10-05T16:48:14.492+00:00,2230.170,manual,Manual cook,temp,2100,446.0,,esp32,,0,,,,,,,,,,,,1,445.0,9.0,16.0,0,NONE
2026-10-05T16:48:15.492+00:00,2231.170,manual,Manual cook,temp,2100,446.5,,esp32,,0,,,,,,,,,,,,1,445.0,0.0,0.0,0,NONE
2026-10-05T16:48:15.992+00:00,2231.670,manual,Manual cook,temp,2100,444.6,,esp32,,0,,,,,,,,,,,,1,445.0,9.0,32.0,0,NONE
2026-10-05T16:48:16.992+00:00,2232.670,manual,Manual cook,temp,2100,445.1,,esp32,,0,,,,,,,,,,,,1,445.0,9.0,17.0,0,NONE
2026-10-05T16:48:17.993+00:00,2233.670,manual,Manual cook,temp,2100,445.1,,esp32,,0,,,,,,,,,,,,1,445.0,9.0,10.0,0,NONE
2026-10-05T16:48:18.992+00:00,2234.670,manual,Manual cook,temp,2100,444.6,,esp32,,0,,,,,,,,,,,,1,445.0,4.0,4.0,0,NONE
2026-10-05T16:48:19.492+00:00,2235.170,manual,Manual cook,temp,2100,445.1,,esp32,,0,,,,,,,,,,,,1,445.0,12.0,12.0,0,NONE
2026-10-05T16:48:20.492+00:00,2236.170,manual,Manual cook,temp,2100,444.6,,esp32,,0,,,,,,,,,,,,1,445.0,9.0,11.0,0,NONE
2026-10-05T16:48:21.492+00:00,2237.170,manual,Manual cook,temp,2100,444.2,,esp32,,0,,,,,,,,,,,,1,445.0,9.0,19.0,0,NONE
2026-10-05T16:48:22.492+00:00,2238.169,manual,Manual cook,temp,2100,444.2,,esp32,,0,,,,,,,,,,,,1,445.0,9.0,12.0,0,NONE
2026-10-05T16:48:22.992+00:00,2238.670,manual,Manual cook,temp,2100,444.6,,esp32,,0,,,,,,,,,,,,1,445.0,0.0,0.0,0,NONE
2026-10-05T16:48:23.992+00:00,2239.669,manual,Manual cook,temp,2100,444.2,,esp32,,0,,,,,,,,,,,,1,445.0,0.0,0.0,0,NONE
2026-10-05T16:48:24.492+00:00,2240.170,manual,Manual cook,temp,2100,443.8,,esp32,,0,,,,,,,,,,,,1,445.0,0.0,0.0,0,NONE
2026-10-05T16:48:24.995+00:00,2240.672,manual,Manual cook,temp,2100,443.8,,esp32,,0,,,,,,,,,,,,1,445.0,9.0,20.0,0,NONE
2026-10-05T16:48:25.992+00:00,2241.669,manual,Manual cook,temp,2100,445.1,,esp32,,0,,,,,,,,,,,,1,445.0,0.0,0.0,0,NONE
2026-10-05T16:48:26.492+00:00,2242.169,manual,Manual cook,temp,2100,444.2,,esp32,,0,,,,,,,,,,,,1,445.0,9.0,19.0,0,NONE
2026-10-05T16:48:27.492+00:00,2243.169,manual,Manual cook,temp,2100,443.8,,esp32,,0,,,,,,,,,,,,1,445.0,5.0,5.0,0,NONE
2026-10-05T16:48:27.992+00:00,2243.669,manual,Manual cook,temp,2100,443.8,,esp32,,0,,,,,,,,,,,,1,445.0,13.0,13.0,0,NONE
2026-10-05T16:48:28.992+00:00,2244.669,manual,Manual cook,temp,2100,444.2,,esp32,,0,,,,,,,,,,,,1,445.0,5.0,5.0,0,NONE
2026-10-05T16:48:29.992+00:00,2245.669,manual,Manual cook,temp,2100,443.8,,esp32,,0,,,,,,,,,,,,1,445.0,5.0,5.0,0,NONE
2026-10-05T16:48:30.492+00:00,2246.169,manual,Manual cook,temp,2100,443.8,,esp32,,0,,,,,,,,,,,,1,445.0,13.0,13.0,0,NONE
2026-10-05T16:48:31.492+00:00,2247.169,manual,Manual cook,temp,2100,444.6,,esp32,,0,,,,,,,,,,,,1,445.0,9.0,12.0,0,NONE
2026-10-05T16:48:32.492+00:00,2248.169,manual,Manual cook,temp,2100,444.6,,esp32,,0,,,,,,,,,,,,1,445.0,4.0,4.0,0,NONE
2026-10-05T16:48:32.992+00:00,2248.669,manual,Manual cook,temp,2100,444.6,,esp32,,0,,,,,,,,,,,,1,445.0,4.0,4.0,0,NONE
2026-10-05T16:48:33.492+00:00,2249.169,manual,Manual cook,temp,2100,444.6,,esp32,,0,,,,,,,,,,,,1,445.0,4.0,4.0,0,NONE
2026-10-05T16:48:34.492+00:00,2250.169,manual,Manual cook,temp,2100,445.1,,esp32,,0,,,,,,,,,,,,1,445.0,9.0,10.0,0,NONE
2026-10-05T16:48:34.992+00:00,2250.669,manual,Manual cook,temp,2100,445.5,,esp32,,0,,,,,,,,,,,,1,445.0,0.0,0.0,0,NONE
2026-10-05T16:48:35.992+00:00,2251.669,manual,Manual cook,temp,2100,445.1,,esp32,,0,,,,,,,,,,,,1,445.0,10.0,10.0,0,NONE
2026-10-05T16:48:36.992+00:00,2252.669,manual,Manual cook,temp,2100,445.1,,esp32,,0,,,,,,,,,,,,1,445.0,9.0,10.0,0,NONE
2026-10-05T16:48:37.992+00:00,2253.669,manual,Manual cook,temp,2100,446.0,,esp32,,0,,,,,,,,,,,,1,445.0,0.0,0.0,0,NONE
2026-10-05T16:48:38.492+00:00,2254.169,manual,Manual cook,temp,2100,446.0,,esp32,,0,,,,,,,,,,,,1,445.0,1.0,1.0,0,NONE
2026-10-05T16:48:38.992+00:00,2254.669,manual,Manual cook,temp,2100,445.1,,esp32,,0,,,,,,,,,,,,1,445.0,17.0,17.0,0,NONE
2026-10-05T16:48:39.992+00:00,2255.669,manual,Manual cook,temp,2100,445.1,,esp32,,0,,,,,,,,,,,,1,445.0,9.0,10.0,0,NONE
2026-10-05T16:48:40.991+00:00,2256.669,manual,Manual cook,temp,2100,445.5,,esp32,,0,,,,,,,,,,,,1,445.0,0.0,0.0,0,NONE
2026-10-05T16:48:41.492+00:00,2257.169,manual,Manual cook,temp,2100,445.1,,esp32,,0,,,,,,,,,,,,1,445.0,9.0,10.0,0,NONE
2026-10-05T16:48:42.491+00:00,2258.169,manual,Manual cook,temp,2100,444.6,,esp32,,0,,,,,,,,,,,,1,445.0,0.0,0.0,0,NONE
2026-10-05T16:48:42.992+00:00,2258.669,manual,Manual cook,temp,2100,445.1,,esp32,,0,,,,,,,,,,,,1,445.0,9.0,25.0,0,NONE
2026-10-05T16:48:43.992+00:00,2259.669,manual,Manual cook,temp,2100,445.5,,esp32,,0,,,,,,,,,,,,1,445.0,9.0,11.0,0,NONE
2026-10-05T16:48:44.991+00:00,2260.669,manual,Manual cook,temp,2100,445.5,,esp32,,0,,,,,,,,,,,,1,445.0,2.0,2.0,0,NONE
2026-10-05T16:48:45.991+00:00,2261.669,manual,Manual cook,temp,2100,446.0,,esp32,,0,,,,,,,,,,,,1,445.0,0.0,0.0,0,NONE
2026-10-05T16:48:46.991+00:00,2262.669,manual,Manual cook,temp,2100,445.5,,esp32,,0,,,,,,,,,,,,1,445.0,2.0,2.0,0,NONE
2026-10-05T16:48:47.491+00:00,2263.169,manual,Manual cook,temp,2100,445.1,,esp32,,0,,,,,,,,,,,,1,445.0,10.0,10.0,0,NONE
2026-10-05T16:48:48.491+00:00,2264.169,manual,Manual cook,temp,2100,445.5,,esp32,,0,,,,,,,,,,,,1,445.0,9.0,9.0,0,NONE
2026-10-05T16:48:48.991+00:00,2264.669,manual,Manual cook,temp,2100,444.6,,esp32,,0,,,,,,,,,,,,1,445.0,18.0,18.0,0,NONE
2026-10-05T16:48:49.991+00:00,2265.669,manual,Manual cook,temp,2100,444.6,,esp32,,0,,,,,,,,,,,,1,445.0,9.0,18.0,0,NONE
2026-10-05T16:48:50.991+00:00,2266.669,manual,Manual cook,temp,2100,444.6,,esp32,,0,,,,,,,,,,,,1,445.0,9.0,19.0,0,NONE
2026-10-05T16:48:51.991+00:00,2267.669,manual,Manual cook,temp,2100,445.1,,esp32,,0,,,,,,,,,,,,1,445.0,0.0,0.0,0,NONE
2026-10-05T16:48:52.491+00:00,2268.169,manual,Manual cook,temp,2100,445.5,,esp32,,0,,,,,,,,,,,,1,445.0,9.0,11.0,0,NONE
2026-10-05T16:48:53.491+00:00,2269.169,manual,Manual cook,temp,2100,444.6,,esp32,,0,,,,,,,,,,,,1,445.0,9.0,18.0,0,NONE
2026-10-05T16:48:54.491+00:00,2270.169,manual,Manual cook,temp,2100,444.2,,esp32,,0,,,,,,,,,,,,1,445.0,0.0,0.0,0,NONE
2026-10-05T16:48:55.491+00:00,2271.169,manual,Manual cook,temp,2100,445.1,,esp32,,0,,,,,,,,,,,,1,445.0,0.0,0.0,0,NONE
2026-10-05T16:48:56.491+00:00,2272.169,manual,Manual cook,temp,2100,444.6,,esp32,,0,,,,,,,,,,,,1,445.0,3.0,3.0,0,NONE
2026-10-05T16:48:56.991+00:00,2272.669,manual,Manual cook,temp,2100,445.1,,esp32,,0,,,,,,,,,,,,1,445.0,11.0,11.0,0,NONE
2026-10-05T16:48:57.991+00:00,2273.668,manual,Manual cook,temp,2100,445.1,,esp32,,0,,,,,,,,,,,,1,445.0,3.0,3.0,0,NONE
2026-10-05T16:48:58.991+00:00,2274.669,manual,Manual cook,temp,2100,444.2,,esp32,,0,,,,,,,,,,,,1,445.0,19.0,19.0,0,NONE
2026-10-05T16:48:59.991+00:00,2275.668,manual,Manual cook,temp,2100,444.2,,esp32,,0,,,,,,,,,,,,1,445.0,0.0,0.0,0,NONE
2026-10-05T16:49:00.495+00:00,2276.172,manual,Manual cook,temp,2100,444.6,,esp32,,0,,,,,,,,,,,,1,445.0,9.0,19.0,0,NONE
2026-10-05T16:49:01.491+00:00,2277.168,manual,Manual cook,temp,2100,445.1,,esp32,,0,,,,,,,,,,,,1,445.0,0.0,0.0,0,NONE
2026-10-05T16:49:02.491+00:00,2278.168,manual,Manual cook,temp,2100,445.5,,esp32,,0,,,,,,,,,,,,1,445.0,0.0,0.0,0,NONE
2026-10-05T16:49:02.991+00:00,2278.668,manual,Manual cook,temp,2100,445.1,,esp32,,0,,,,,,,,,,,,1,445.0,2.0,2.0,0,NONE
2026-10-05T16:49:03.491+00:00,2279.168,manual,Manual cook,temp,2100,445.1,,esp32,,0,,,,,,,,,,,,1,445.0,10.0,10.0,0,NONE
2026-10-05T16:49:04.491+00:00,2280.168,manual,Manual cook,temp,2100,445.5,,esp32,,0,,,,,,,,,,,,1,445.0,0.0,0.0,0,NONE
2026-10-05T16:49:05.491+00:00,2281.168,manual,Manual cook,temp,2100,445.1,,esp32,,0,,,,,,,,,,,,1,445.0,2.0,2.0,0,NONE
2026-10-05T16:49:05.991+00:00,2281.668,manual,Manual cook,temp,2100,445.5,,esp32,,0,,,,,,,,,,,,1,445.0,10.0,10.0,0,NONE
2026-10-05T16:49:06.991+00:00,2282.668,manual,Manual cook,temp,2100,444.6,,esp32,,0,,,,,,,,,,,,1,445.0,9.0,18.0,0,NONE
2026-10-05T16:49:07.991+00:00,2283.668,manual,Manual cook,temp,2100,445.1,,esp32,,0,,,,,,,,,,,,1,445.0,0.0,0.0,0,NONE
2026-10-05T16:49:08.491+00:00,2284.169,manual,Manual cook,temp,2100,445.5,,esp32,,0,,,,,,,,,,,,1,445.0,9.0,10.0,0,NONE
2026-10-05T16:49:09.491+00:00,2285.168,manual,Manual cook,temp,2100,445.1,,esp32,,0,,,,,,,,,,,,1,445.0,9.0,10.0,0,NONE
2026-10-05T16:49:10.491+00:00,2286.168,manual,Manual cook,temp,2100,445.5,,esp32,,0,,,,,,,,,,,,1,445.0,0.0,0.0,0,NONE
2026-10-05T16:49:10.991+00:00,2286.668,manual,Manual cook,temp,2100,445.1,,esp32,,0,,,,,,,,,,,,1,445.0,9.0,10.0,0,NONE
2026-10-05T16:49:11.991+00:00,2287.668,manual,Manual cook,temp,2100,445.1,,esp32,,0,,,,,,,,,,,,1,445.0,3.0,3.0,0,NONE
2026-10-05T16:49:12.491+00:00,2288.168,manual,Manual cook,temp,2100,444.2,,esp32,,0,,,,,,,,,,,,1,445.0,19.0,19.0,0,NONE
2026-10-05T16:49:13.491+00:00,2289.168,manual,Manual cook,temp,2100,445.5,,esp32,,0,,,,,,,,,,,,1,445.0,3.0,3.0,0,NONE
2026-10-05T16:49:14.491+00:00,2290.168,manual,Manual cook,temp,2100,444.6,,esp32,,0,,,,,,,,,,,,1,445.0,9.0,10.0,0,NONE
2026-10-05T16:49:14.991+00:00,2290.668,manual,Manual cook,temp,2100,445.5,,esp32,,0,,,,,,,,,,,,1,445.0,11.0,11.0,0,NONE
2026-10-05T16:49:15.990+00:00,2291.668,manual,Manual cook,temp,2100,445.5,,esp32,,0,,,,,,,,,,,,1,445.0,2.0,2.0,0,NONE
2026-10-05T16:49:16.491+00:00,2292.168,manual,Manual cook,temp,2100,445.1,,esp32,,0,,,,,,,,,,,,1,445.0,10.0,10.0,0,NONE
2026-10-05T16:49:17.490+00:00,2293.168,manual,Manual cook,temp,2100,446.0,,esp32,,0,,,,,,,,,,,,1,445.0,0.0,0.0,0,NONE
2026-10-05T16:49:18.490+00:00,2294.168,manual,Manual cook,temp,2100,445.5,,esp32,,0,,,,,,,,,,,,1,445.0,9.0,9.0,0,NONE
2026-10-05T16:49:19.490+00:00,2295.168,manual,Manual cook,temp,2100,445.5,,esp32,,0,,,,,,,,,,,,1,445.0,0.0,0.0,0,NONE
2026-10-05T16:49:19.990+00:00,2295.668,manual,Manual cook,temp,2100,445.5,,esp32,,0,,,,,,,,,,,,1,445.0,9.0,16.0,0,NONE
2026-10-05T16:49:20.490+00:00,2296.168,manual,Manual cook,temp,2100,445.1,,esp32,,0,,,,,,,,,,,,1,445.0,10.0,10.0,0,NONE
2026-10-05T16:49:21.491+00:00,2297.168,manual,Manual cook,temp,2100,446.0,,esp32,,0,,,,,,,,,,,,1,445.0,8.0,8.0,0,NONE
2026-10-05T16:49:22.490+00:00,2298.168,manual,Manual cook,temp,2100,446.0,,esp32,,0,,,,,,,,,,,,1,445.0,1.0,1.0,0,NONE
2026-10-05T16:49:22.990+00:00,2298.668,manual,Manual cook,temp,2100,446.0,,esp32,,0,,,,,,,,,,,,1,445.0,9.0,9.0,0,NONE
2026-10-05T16:49:23.990+00:00,2299.668,manual,Manual cook,temp,2100,445.5,,esp32,,0,,,,,,,,,,,,1,445.0,9.0,17.0,0,NONE
2026-10-05T16:49:24.990+00:00,2300.668,manual,Manual cook,temp,2100,445.5,,esp32,,0,,,,,,,,,,,,1,445.0,9.0,10.0,0,NONE
2026-10-05T16:49:26.490+00:00,2302.168,manual,Manual cook,temp,2100,445.5,,esp32,,0,,,,,,,,,,,,1,445.0,2.0,2.0,0,NONE
2026-10-05T16:49:26.990+00:00,2302.668,manual,Manual cook,temp,2100,445.1,,esp32,,0,,,,,,,,,,,,1,445.0,2.0,2.0,0,NONE
2026-10-05T16:49:27.490+00:00,2303.168,manual,Manual cook,temp,2100,445.1,,esp32,,0,,,,,,,,,,,,1,445.0,10.0,10.0,0,NONE
2026-10-05T16:49:28.490+00:00,2304.168,manual,Manual cook,temp,2100,445.5,,esp32,,0,,,,,,,,,,,,1,445.0,9.0,9.0,0,NONE
2026-10-05T16:49:28.990+00:00,2304.668,manual,Manual cook,temp,2100,445.1,,esp32,,0,,,,,,,,,,,,1,445.0,2.0,2.0,0,NONE
2026-10-05T16:49:29.490+00:00,2305.168,manual,Manual cook,temp,2100,445.1,,esp32,,0,,,,,,,,,,,,1,445.0,10.0,10.0,0,NONE
2026-10-05T16:49:30.490+00:00,2306.168,manual,Manual cook,temp,2100,445.1,,esp32,,0,,,,,,,,,,,,1,445.0,9.0,9.0,0,NONE
2026-10-05T16:49:30.990+00:00,2306.668,manual,Manual cook,temp,2100,445.1,,esp32,,0,,,,,,,,,,,,1,445.0,10.0,10.0,0,NONE
2026-10-05T16:49:31.491+00:00,2307.168,manual,Manual cook,temp,2100,445.5,,esp32,,0,,,,,,,,,,,,1,445.0,11.0,11.0,0,NONE
2026-10-05T16:49:32.490+00:00,2308.167,manual,Manual cook,temp,2100,445.5,,esp32,,0,,,,,,,,,,,,1,445.0,2.0,2.0,0,NONE
2026-10-05T16:49:33.490+00:00,2309.167,manual,Manual cook,temp,2100,444.6,,esp32,,0,,,,,,,,,,,,1,445.0,2.0,2.0,0,NONE
2026-10-05T16:49:33.990+00:00,2309.668,manual,Manual cook,temp,2100,444.6,,esp32,,0,,,,,,,,,,,,1,445.0,18.0,18.0,0,NONE
2026-10-05T16:49:34.990+00:00,2310.667,manual,Manual cook,temp,2100,445.5,,esp32,,0,,,,,,,,,,,,1,445.0,2.0,2.0,0,NONE
2026-10-05T16:49:35.990+00:00,2311.667,manual,Manual cook,temp,2100,444.2,,esp32,,0,,,,,,,,,,,,1,445.0,26.0,26.0,0,NONE
2026-10-05T16:49:36.990+00:00,2312.668,manual,Manual cook,temp,2100,445.5,,esp32,,0,,,,,,,,,,,,1,445.0,9.0,10.0,0,NONE
2026-10-05T16:49:37.990+00:00,2313.667,manual,Manual cook,temp,2100,445.1,,esp32,,0,,,,,,,,,,,,1,445.0,9.0,10.0,0,NONE
2026-10-05T16:49:38.491+00:00,2314.168,manual,Manual cook,temp,2100,444.6,,esp32,,0,,,,,,,,,,,,1,445.0,11.0,11.0,0,NONE
2026-10-05T16:49:39.490+00:00,2315.167,manual,Manual cook,temp,2100,444.2,,esp32,,0,,,,,,,,,,,,1,445.0,12.0,12.0,0,NONE
2026-10-05T16:49:40.490+00:00,2316.167,manual,Manual cook,temp,2100,445.1,,esp32,,0,,,,,,,,,,,,1,445.0,5.0,5.0,0,NONE
2026-10-05T16:49:41.490+00:00,2317.167,manual,Manual cook,temp,2100,445.1,,esp32,,0,,,,,,,,,,,,1,445.0,3.0,3.0,0,NONE
2026-10-05T16:49:42.490+00:00,2318.167,manual,Manual cook,temp,2100,445.5,,esp32,,0,,,,,,,,,,,,1,445.0,2.0,2.0,0,NONE
2026-10-05T16:49:42.990+00:00,2318.667,manual,Manual cook,temp,2100,445.1,,esp32,,0,,,,,,,,,,,,1,445.0,10.0,10.0,0,NONE
2026-10-05T16:49:43.493+00:00,2319.170,manual,Manual cook,temp,2100,446.0,,esp32,,0,,,,,,,,,,,,1,445.0,11.0,11.0,0,NONE
2026-10-05T16:49:44.490+00:00,2320.167,manual,Manual cook,temp,2100,444.6,,esp32,,0,,,,,,,,,,,,1,445.0,9.0,25.0,0,NONE
2026-10-05T16:49:45.490+00:00,2321.167,manual,Manual cook,temp,2100,445.5,,esp32,,0,,,,,,,,,,,,1,445.0,2.0,2.0,0,NONE
2026-10-05T16:49:45.990+00:00,2321.667,manual,Manual cook,temp,2100,444.2,,esp32,,0,,,,,,,,,,,,1,445.0,26.0,26.0,0,NONE
2026-10-05T16:49:46.990+00:00,2322.667,manual,Manual cook,temp,2100,445.1,,esp32,,0,,,,,,,,,,,,1,445.0,1.0,1.0,0,NONE
2026-10-05T16:49:47.490+00:00,2323.167,manual,Manual cook,temp,2100,445.1,,esp32,,0,,,,,,,,,,,,1,445.0,17.0,17.0,0,NONE
2026-10-05T16:49:48.490+00:00,2324.167,manual,Manual cook,temp,2100,445.1,,esp32,,0,,,,,,,,,,,,1,445.0,9.0,24.0,0,NONE
2026-10-05T16:49:49.490+00:00,2325.167,manual,Manual cook,temp,2100,445.5,,esp32,,0,,,,,,,,,,,,1,445.0,0.0,0.0,0,NONE
2026-10-05T16:49:50.490+00:00,2326.167,manual,Manual cook,temp,2100,445.1,,esp32,,0,,,,,,,,,,,,1,445.0,10.0,10.0,0,NONE
2026-10-05T16:49:51.489+00:00,2327.167,manual,Manual cook,temp,2100,445.5,,esp32,,0,,,,,,,,,,,,1,445.0,0.0,0.0,0,NONE
2026-10-05T16:49:51.989+00:00,2327.667,manual,Manual cook,temp,2100,445.1,,esp32,,0,,,,,,,,,,,,1,445.0,2.0,2.0,0,NONE
2026-10-05T16:49:52.490+00:00,2328.167,manual,Manual cook,temp,2100,444.2,,esp32,,0,,,,,,,,,,,,1,445.0,10.0,10.0,0,NONE
2026-10-05T16:49:52.990+00:00,2328.667,manual,Manual cook,temp,2100,445.5,,esp32,,0,,,,,,,,,,,,1,445.0,19.0,19.0,0,NONE
2026-10-05T16:49:53.989+00:00,2329.667,manual,Manual cook,temp,2100,445.5,,esp32,,0,,,,,,,,,,,,1,445.0,2.0,2.0,0,NONE
2026-10-05T16:49:54.989+00:00,2330.667,manual,Manual cook,temp,2100,446.0,,esp32,,0,,,,,,,,,,,,1,445.0,0.0,0.0,0,NONE
2026-10-05T16:49:55.990+00:00,2331.667,manual,Manual cook,temp,2100,445.5,,esp32,,0,,,,,,,,,,,,1,445.0,29.0,33.0,0,NONE
2026-10-05T16:49:56.989+00:00,2332.667,manual,Manual cook,temp,2100,445.5,,esp32,,0,,,,,,,,,,,,1,445.0,0.0,0.0,0,NONE
2026-10-05T16:49:57.989+00:00,2333.667,manual,Manual cook,temp,2100,444.6,,esp32,,0,,,,,,,,,,,,1,445.0,18.0,18.0,0,NONE
2026-10-05T16:49:58.989+00:00,2334.667,manual,Manual cook,temp,2100,445.5,,esp32,,0,,,,,,,,,,,,1,445.0,0.0,0.0,0,NONE
2026-10-05T16:49:59.489+00:00,2335.167,manual,Manual cook,temp,2100,444.6,,esp32,,0,,,,,,,,,,,,1,445.0,9.0,18.0,0,NONE
2026-10-05T16:50:00.489+00:00,2336.167,manual,Manual cook,temp,2100,444.6,,esp32,,0,,,,,,,,,,,,1,445.0,0.0,0.0,0,NONE
2026-10-05T16:50:01.489+00:00,2337.167,manual,Manual cook,temp,2100,445.1,,esp32,,0,,,,,,,,,,,,1,445.0,0.0,0.0,0,NONE
2026-10-05T16:50:02.489+00:00,2338.167,manual,Manual cook,temp,2100,445.5,,esp32,,0,,,,,,,,,,,,1,445.0,0.0,0.0,0,NONE
2026-10-05T16:50:02.989+00:00,2338.667,manual,Manual cook,temp,2100,445.1,,esp32,,0,,,,,,,,,,,,1,445.0,9.0,10.0,0,NONE
2026-10-05T16:50:03.489+00:00,2339.167,manual,Manual cook,temp,2100,445.5,,esp32,,0,,,,,,,,,,,,1,445.0,11.0,11.0,0,NONE
2026-10-05T16:50:04.489+00:00,2340.167,manual,Manual cook,temp,2100,444.6,,esp32,,0,,,,,,,,,,,,1,445.0,2.0,2.0,0,NONE
2026-10-05T16:50:04.989+00:00,2340.667,manual,Manual cook,temp,2100,444.6,,esp32,,0,,,,,,,,,,,,1,445.0,18.0,18.0,0,NONE
2026-10-05T16:50:05.989+00:00,2341.667,manual,Manual cook,temp,2100,444.6,,esp32,,0,,,,,,,,,,,,1,445.0,9.0,25.0,0,NONE
2026-10-05T16:50:06.989+00:00,2342.667,manual,Manual cook,temp,2100,445.1,,esp32,,0,,,,,,,,,,,,1,445.0,0.0,0.0,0,NONE
2026-10-05T16:50:07.489+00:00,2343.167,manual,Manual cook,temp,2100,445.1,,esp32,,0,,,,,,,,,,,,1,445.0,9.0,10.0,0,NONE
2026-10-05T16:50:08.489+00:00,2344.166,manual,Manual cook,temp,2100,445.1,,esp32,,0,,,,,,,,,,,,1,445.0,3.0,3.0,0,NONE
2026-10-05T16:50:09.489+00:00,2345.166,manual,Manual cook,temp,2100,444.6,,esp32,,0,,,,,,,,,,,,1,445.0,9.0,18.0,0,NONE
2026-10-05T16:50:09.989+00:00,2345.666,manual,Manual cook,temp,2100,445.5,,esp32,,0,,,,,,,,,,,,1,445.0,0.0,0.0,0,NONE
2026-10-05T16:50:10.989+00:00,2346.666,manual,Manual cook,temp,2100,445.5,,esp32,,0,,,,,,,,,,,,1,445.0,2.0,2.0,0,NONE
2026-10-05T16:50:11.989+00:00,2347.666,manual,Manual cook,temp,2100,444.6,,esp32,,0,,,,,,,,,,,,1,445.0,18.0,18.0,0,NONE
2026-10-05T16:50:12.989+00:00,2348.666,manual,Manual cook,temp,2100,445.5,,esp32,,0,,,,,,,,,,,,1,445.0,9.0,17.0,0,NONE
2026-10-05T16:50:13.989+00:00,2349.666,manual,Manual cook,temp,2100,445.1,,esp32,,0,,,,,,,,,,,,1,445.0,9.0,10.0,0,NONE
2026-10-05T16:50:14.989+00:00,2350.666,manual,Manual cook,temp,2100,445.5,,esp32,,0,,,,,,,,,,,,1,445.0,2.0,2.0,0,NONE
2026-10-05T16:50:15.489+00:00,2351.166,manual,Manual cook,temp,2100,444.2,,esp32,,0,,,,,,,,,,,,1,445.0,2.0,2.0,0,NONE
2026-10-05T16:50:15.989+00:00,2351.666,manual,Manual cook,temp,2100,444.2,,esp32,,0,,,,,,,,,,,,1,445.0,26.0,26.0,0,NONE
2026-10-05T16:50:16.989+00:00,2352.666,manual,Manual cook,temp,2100,443.3,,esp32,,0,,,,,,,,,,,,1,445.0,9.0,11.0,0,NONE
2026-10-05T16:50:17.989+00:00,2353.666,manual,Manual cook,temp,2100,445.1,,esp32,,0,,,,,,,,,,,,1,445.0,0.0,0.0,0,NONE
2026-10-05T16:50:18.489+00:00,2354.166,manual,Manual cook,temp,2100,444.2,,esp32,,0,,,,,,,,,,,,1,445.0,3.0,3.0,0,NONE
2026-10-05T16:50:18.989+00:00,2354.666,manual,Manual cook,temp,2100,444.6,,esp32,,0,,,,,,,,,,,,1,445.0,19.0,19.0,0,NONE
2026-10-05T16:50:19.989+00:00,2355.666,manual,Manual cook,temp,2100,443.8,,esp32,,0,,,,,,,,,,,,1,445.0,9.0,20.0,0,NONE
2026-10-05T16:50:20.989+00:00,2356.666,manual,Manual cook,temp,2100,445.1,,esp32,,0,,,,,,,,,,,,1,445.0,0.0,0.0,0,NONE
2026-10-05T16:50:21.489+00:00,2357.166,manual,Manual cook,temp,2100,444.6,,esp32,,0,,,,,,,,,,,,1,445.0,0.0,0.0,0,NONE
2026-10-05T16:50:22.488+00:00,2358.166,manual,Manual cook,temp,2100,445.1,,esp32,,0,,,,,,,,,,,,1,445.0,0.0,0.0,0,NONE
2026-10-05T16:50:22.989+00:00,2358.666,manual,Manual cook,temp,2100,444.2,,esp32,,0,,,,,,,,,,,,1,445.0,9.0,19.0,0,NONE
2026-10-05T16:50:23.988+00:00,2359.666,manual,Manual cook,temp,2100,445.1,,esp32,,0,,,,,,,,,,,,1,445.0,0.0,0.0,0,NONE
2026-10-05T16:50:24.489+00:00,2360.166,manual,Manual cook,temp,2100,444.6,,esp32,,0,,,,,,,,,,,,1,445.0,9.0,11.0,0,NONE
2026-10-05T16:50:25.488+00:00,2361.166,manual,Manual cook,temp,2100,444.6,,esp32,,0,,,,,,,,,,,,1,445.0,4.0,4.0,0,NONE
2026-10-05T16:50:26.488+00:00,2362.166,manual,Manual cook,temp,2100,444.2,,esp32,,0,,,,,,,,,,,,1,445.0,0.0,0.0,0,NONE
2026-10-05T16:50:27.488+00:00,2363.166,manual,Manual cook,temp,2100,445.1,,esp32,,0,,,,,,,,,,,,1,445.0,0.0,0.0,0,NONE
2026-10-05T16:50:28.488+00:00,2364.166,manual,Manual cook,temp,2100,443.3,,esp32,,0,,,,,,,,,,,,1,445.0,9.0,35.0,0,NONE
2026-10-05T16:50:29.488+00:00,2365.166,manual,Manual cook,temp,2100,444.6,,esp32,,0,,,,,,,,,,,,1,445.0,4.0,4.0,0,NONE
2026-10-05T16:50:30.488+00:00,2366.166,manual,Manual cook,temp,2100,444.6,,esp32,,0,,,,,,,,,,,,1,445.0,4.0,4.0,0,NONE
2026-10-05T16:50:31.488+00:00,2367.166,manual,Manual cook,temp,2100,443.8,,esp32,,0,,,,,,,,,,,,1,445.0,20.0,20.0,0,NONE
2026-10-05T16:50:32.488+00:00,2368.166,manual,Manual cook,temp,2100,444.6,,esp32,,0,,,,,,,,,,,,1,445.0,4.0,4.0,0,NONE
2026-10-05T16:50:32.988+00:00,2368.666,manual,Manual cook,temp,2100,444.6,,esp32,,0,,,,,,,,,,,,1,445.0,0.0,0.0,0,NONE
2026-10-05T16:50:33.488+00:00,2369.166,manual,Manual cook,temp,2100,444.2,,esp32,,0,,,,,,,,,,,,1,445.0,9.0,11.0,0,NONE
2026-10-05T16:50:33.988+00:00,2369.666,manual,Manual cook,temp,2100,445.5,,esp32,,0,,,,,,,,,,,,1,445.0,12.0,12.0,0,NONE
2026-10-05T16:50:34.988+00:00,2370.666,manual,Manual cook,temp,2100,445.1,,esp32,,0,,,,,,,,,,,,1,445.0,9.0,10.0,0,NONE
2026-10-05T16:50:35.488+00:00,2371.166,manual,Manual cook,temp,2100,444.2,,esp32,,0,,,,,,,,,,,,1,445.0,3.0,3.0,0,NONE
2026-10-05T16:50:35.988+00:00,2371.666,manual,Manual cook,temp,2100,444.2,,esp32,,0,,,,,,,,,,,,1,445.0,19.0,19.0,0,NONE
2026-10-05T16:50:36.988+00:00,2372.666,manual,Manual cook,temp,2100,445.5,,esp32,,0,,,,,,,,,,,,1,445.0,2.0,2.0,0,NONE
2026-10-05T16:50:37.488+00:00,2373.166,manual,Manual cook,temp,2100,445.1,,esp32,,0,,,,,,,,,,,,1,445.0,10.0,10.0,0,NONE
2026-10-05T16:50:38.488+00:00,2374.166,manual,Manual cook,temp,2100,446.0,,esp32,,0,,,,,,,,,,,,1,445.0,0.0,0.0,0,NONE
2026-10-05T16:50:39.488+00:00,2375.166,manual,Manual cook,temp,2100,445.1,,esp32,,0,,,,,,,,,,,,1,445.0,17.0,17.0,0,NONE
2026-10-05T16:50:40.488+00:00,2376.165,manual,Manual cook,temp,2100,446.5,,esp32,,0,,,,,,,,,,,,1,445.0,0.0,0.0,0,NONE
2026-10-05T16:50:41.488+00:00,2377.165,manual,Manual cook,temp,2100,446.0,,esp32,,0,,,,,,,,,,,,1,445.0,1.0,1.0,0,NONE
2026-10-05T16:50:41.988+00:00,2377.666,manual,Manual cook,temp,2100,446.5,,esp32,,0,,,,,,,,,,,,1,445.0,0.0,0.0,0,NONE
2026-10-05T16:50:42.988+00:00,2378.665,manual,Manual cook,temp,2100,445.5,,esp32,,0,,,,,,,,,,,,1,445.0,8.0,8.0,0,NONE
2026-10-05T16:50:43.488+00:00,2379.165,manual,Manual cook,temp,2100,446.5,,esp32,,0,,,,,,,,,,,,1,445.0,9.0,9.0,0,NONE
2026-10-05T16:50:44.488+00:00,2380.165,manual,Manual cook,temp,2100,446.5,,esp32,,0,,,,,,,,,,,,1,445.0,0.0,0.0,0,NONE
2026-10-05T16:50:44.988+00:00,2380.666,manual,Manual cook,temp,2100,445.5,,esp32,,0,,,,,,,,,,,,1,445.0,0.0,0.0,0,NONE
2026-10-05T16:50:45.988+00:00,2381.665,manual,Manual cook,temp,2100,446.0,,esp32,,0,,,,,,,,,,,,1,445.0,2.0,2.0,0,NONE
2026-10-05T16:50:46.988+00:00,2382.665,manual,Manual cook,temp,2100,445.5,,esp32,,0,,,,,,,,,,,,1,445.0,9.0,17.0,0,NONE
2026-10-05T16:50:47.988+00:00,2383.665,manual,Manual cook,temp,2100,445.5,,esp32,,0,,,,,,,,,,,,1,445.0,9.0,10.0,0,NONE
2026-10-05T16:50:48.988+00:00,2384.665,manual,Manual cook,temp,2100,445.1,,esp32,,0,,,,,,,,,,,,1,445.0,9.0,10.0,0,NONE
2026-10-05T16:50:49.488+00:00,2385.165,manual,Manual cook,temp,2100,444.2,,esp32,,0,,,,,,,,,,,,1,445.0,0.0,0.0,0,NONE
2026-10-05T16:50:49.988+00:00,2385.665,manual,Manual cook,temp,2100,445.1,,esp32,,0,,,,,,,,,,,,1,445.0,9.0,34.0,0,NONE
2026-10-05T16:50:50.988+00:00,2386.665,manual,Manual cook,temp,2100,444.6,,esp32,,0,,,,,,,,,,,,1,445.0,9.0,11.0,0,NONE
2026-10-05T16:50:51.988+00:00,2387.665,manual,Manual cook,temp,2100,444.6,,esp32,,0,,,,,,,,,,,,1,445.0,4.0,4.0,0,NONE
2026-10-05T16:50:52.488+00:00,2388.165,manual,Manual cook,temp,2100,445.1,,esp32,,0,,,,,,,,,,,,1,445.0,12.0,12.0,0,NONE
2026-10-05T16:50:53.488+00:00,2389.165,manual,Manual cook,temp,2100,445.1,,esp32,,0,,,,,,,,,,,,1,445.0,3.0,3.0,0,NONE
2026-10-05T16:50:53.988+00:00,2389.665,manual,Manual cook,temp,2100,444.6,,esp32,,0,,,,,,,,,,,,1,445.0,11.0,11.0,0,NONE
2026-10-05T16:50:54.988+00:00,2390.665,manual,Manual cook,temp,2100,444.6,,esp32,,0,,,,,,,,,,,,1,445.0,13.0,13.0,0,NONE
2026-10-05T16:50:55.987+00:00,2391.665,manual,Manual cook,temp,2100,445.1,,esp32,,0,,,,,,,,,,,,1,445.0,0.0,0.0,0,NONE
2026-10-05T16:50:56.488+00:00,2392.165,manual,Manual cook,temp,2100,445.1,,esp32,,0,,,,,,,,,,,,1,445.0,9.0,19.0,0,NONE
2026-10-05T16:50:57.487+00:00,2393.165,manual,Manual cook,temp,2100,445.5,,esp32,,0,,,,,,,,,,,,1,445.0,0.0,0.0,0,NONE
2026-10-05T16:50:57.987+00:00,2393.665,manual,Manual cook,temp,2100,445.5,,esp32,,0,,,,,,,,,,,,1,445.0,2.0,2.0,0,NONE
2026-10-05T16:50:58.488+00:00,2394.165,manual,Manual cook,temp,2100,445.1,,esp32,,0,,,,,,,,,,,,1,445.0,2.0,2.0,0,NONE
2026-10-05T16:50:58.988+00:00,2394.665,manual,Manual cook,temp,2100,445.1,,esp32,,0,,,,,,,,,,,,1,445.0,10.0,10.0,0,NONE
2026-10-05T16:50:59.988+00:00,2395.665,manual,Manual cook,temp,2100,445.5,,esp32,,0,,,,,,,,,,,,1,445.0,9.0,10.0,0,NONE
2026-10-05T16:51:00.488+00:00,2396.165,manual,Manual cook,temp,2100,445.5,,esp32,,0,,,,,,,,,,,,1,445.0,0.0,0.0,0,NONE
2026-10-05T16:51:01.487+00:00,2397.165,manual,Manual cook,temp,2100,445.5,,esp32,,0,,,,,,,,,,,,1,445.0,0.0,0.0,0,NONE
2026-10-05T16:51:02.487+00:00,2398.165,manual,Manual cook,temp,2100,444.6,,esp32,,0,,,,,,,,,,,,1,445.0,18.0,18.0,0,NONE
2026-10-05T16:51:03.487+00:00,2399.165,manual,Manual cook,temp,2100,444.6,,esp32,,0,,,,,,,,,,,,1,445.0,9.0,11.0,0,NONE
