timestamp_utc,elapsed_s,cook_type,cook_name,mode,fan_speed_rpm,chamber_temp_f,effective_probe_temp_f,probe_source,esp32_probe_temp_f,inkbird_connected,inkbird_battery_pct,inkbird_internal_1_f,inkbird_internal_2_f,inkbird_internal_3_f,inkbird_internal_4_f,inkbird_ambient_f,inkbird_internal_1_raw_f,inkbird_internal_2_raw_f,inkbird_internal_3_raw_f,inkbird_internal_4_raw_f,inkbird_ambient_raw_f,drawer_closed,set_temperature_f,top_heater_duty_pct,bottom_heater_duty_pct,paused,fault
2026-10-04T16:22:50.292+00:00,0.014,manual,Manual cook,temp,0,69.3,,esp32,,0,,,,,,,,,,,,1,450.0,0.0,0.0,0,NONE
2026-10-04T16:22:51.026+00:00,0.748,manual,Manual cook,temp,2100,68.4,,esp32,,0,,,,,,,,,,,,1,450.0,29.0,100.0,0,NONE
2026-10-04T16:22:51.527+00:00,1.248,manual,Manual cook,temp,2100,68.0,,esp32,,0,,,,,,,,,,,,1,450.0,49.0,100.0,0,NONE
2026-10-04T16:22:52.527+00:00,2.248,manual,Manual cook,temp,2100,68.4,,esp32,,0,,,,,,,,,,,,1,450.0,89.0,100.0,0,NONE
2026-10-04T16:22:53.527+00:00,3.249,manual,Manual cook,temp,2100,67.6,,esp32,,0,,,,,,,,,,,,1,450.0,100.0,100.0,0,NONE
2026-10-04T16:22:54.526+00:00,4.248,manual,Manual cook,temp,2100,69.3,,esp32,,0,,,,,,,,,,,,1,450.0,100.0,100.0,0,NONE
2026-10-04T16:22:55.527+00:00,5.249,manual,Manual cook,temp,2100,68.0,,esp32,,0,,,,,,,,,,,,1,450.0,100.0,100.0,0,NONE
2026-10-04T16:22:56.527+00:00,6.249,manual,Manual cook,temp,2100,71.2,,esp32,,0,,,,,,,,,,,,1,450.0,100.0,100.0,0,NONE
2026-10-04T16:22:57.028+00:00,6.750,manual,Manual cook,temp,2100,71.2,,esp32,,0,,,,,,,,,,,,1,450.0,100.0,100.0,0,NONE
2026-10-04T16:22:58.027+00:00,7.749,manual,Manual cook,temp,2100,70.7,,esp32,,0,,,,,,,,,,,,1,450.0,100.0,100.0,0,NONE
2026-10-04T16:22:58.527+00:00,8.249,manual,Manual cook,temp,2100,71.6,,esp32,,0,,,,,,,,,,,,1,450.0,100.0,100.0,0,NONE
2026-10-04T16:22:59.027+00:00,8.749,manual,Manual cook,temp,2100,73.4,,esp32,,0,,,,,,,,,,,,1,450.0,100.0,100.0,0,NONE
2026-10-04T16:22:59.527+00:00,9.249,manual,Manual cook,temp,2100,72.9,,esp32,,0,,,,,,,,,,,,1,450.0,100.0,100.0,0,NONE
2026-10-04T16:23:00.027+00:00,9.749,manual,Manual cook,temp,2100,72.9,,esp32,,0,,,,,,,,,,,,1,450.0,100.0,100.0,0,NONE
2026-10-04T16:23:00.527+00:00,10.249,manual,Manual cook,temp,2100,75.7,,esp32,,0,,,,,,,,,,,,1,450.0,100.0,100.0,0,NONE
2026-10-04T16:23:01.528+00:00,11.249,manual,Manual cook,temp,2100,76.6,,esp32,,0,,,,,,,,,,,,1,450.0,100.0,100.0,0,NONE
2026-10-04T16:23:02.528+00:00,12.250,manual,Manual cook,temp,2100,77.9,,esp32,,0,,,,,,,,,,,,1,450.0,100.0,100.0,0,NONE
2026-10-04T16:23:03.029+00:00,12.751,manual,Manual cook,temp,2100,77.9,,esp32,,0,,,,,,,,,,,,1,450.0,100.0,100.0,0,NONE
2026-10-04T16:23:04.028+00:00,13.750,manual,Manual cook,temp,2100,80.2,,esp32,,0,,,,,,,,,,,,1,450.0,100.0,100.0,0,NONE
2026-10-04T16:23:04.528+00:00,14.250,manual,Manual cook,temp,2100,81.5,,esp32,,0,,,,,,,,,,,,1,450.0,100.0,100.0,0,NONE
2026-10-04T16:23:05.528+00:00,15.250,manual,Manual cook,temp,2100,84.2,,esp32,,0,,,,,,,,,,,,1,450.0,100.0,100.0,0,NONE
2026-10-04T16:23:06.528+00:00,16.250,manual,Manual cook,temp,2100,86.0,,esp32,,0,,,,,,,,,,,,1,450.0,100.0,100.0,0,NONE
2026-10-04T16:23:07.028+00:00,16.750,manual,Manual cook,temp,2100,86.4,,esp32,,0,,,,,,,,,,,,1,450.0,100.0,100.0,0,NONE
2026-10-04T16:23:07.528+00:00,17.250,manual,Manual cook,temp,2100,87.3,,esp32,,0,,,,,,,,,,,,1,450.0,100.0,100.0,0,NONE
2026-10-04T16:23:08.529+00:00,18.251,manual,Manual cook,temp,2100,90.1,,esp32,,0,,,,,,,,,,,,1,450.0,100.0,100.0,0,NONE
2026-10-04T16:23:09.030+00:00,18.751,manual,Manual cook,temp,2100,91.8,,esp32,,0,,,,,,,,,,,,1,450.0,100.0,100.0,0,NONE
2026-10-04T16:23:10.029+00:00,19.751,manual,Manual cook,temp,2100,93.2,,esp32,,0,,,,,,,,,,,,1,450.0,100.0,100.0,0,NONE
2026-10-04T16:23:11.029+00:00,20.751,manual,Manual cook,temp,2100,95.0,,esp32,,0,,,,,,,,,,,,1,450.0,100.0,100.0,0,NONE
2026-10-04T16:23:11.529+00:00,21.251,manual,Manual cook,temp,2100,97.2,,esp32,,0,,,,,,,,,,,,1,450.0,100.0,100.0,0,NONE
2026-10-04T16:23:12.529+00:00,22.251,manual,Manual cook,temp,2100,98.2,,esp32,,0,,,,,,,,,,,,1,450.0,100.0,100.0,0,NONE
2026-10-04T16:23:13.029+00:00,22.751,manual,Manual cook,temp,2100,100.8,,esp32,,0,,,,,,,,,,,,1,450.0,100.0,100.0,0,NONE
2026-10-04T16:23:14.029+00:00,23.751,manual,Manual cook,temp,2100,102.7,,esp32,,0,,,,,,,,,,,,1,450.0,100.0,100.0,0,NONE
2026-10-04T16:23:14.529+00:00,24.251,manual,Manual cook,temp,2100,102.7,,esp32,,0,,,,,,,,,,,,1,450.0,100.0,100.0,0,NONE
2026-10-04T16:23:15.529+00:00,25.251,manual,Manual cook,temp,2100,105.3,,esp32,,0,,,,,,,,,,,,1,450.0,100.0,100.0,0,NONE
2026-10-04T16:23:16.029+00:00,25.751,manual,Manual cook,temp,2100,106.7,,esp32,,0,,,,,,,,,,,,1,450.0,100.0,100.0,0,NONE
2026-10-04T16:23:17.029+00:00,26.751,manual,Manual cook,temp,2100,108.9,,esp32,,0,,,,,,,,,,,,1,450.0,100.0,100.0,0,NONE
2026-10-04T16:23:17.529+00:00,27.251,manual,Manual cook,temp,2100,111.2,,esp32,,0,,,,,,,,,,,,1,450.0,100.0,100.0,0,NONE
2026-10-04T16:23:18.529+00:00,28.251,manual,Manual cook,temp,2100,112.1,,esp32,,0,,,,,,,,,,,,1,450.0,100.0,100.0,0,NONE
2026-10-04T16:23:19.029+00:00,28.751,manual,Manual cook,temp,2100,115.2,,esp32,,0,,,,,,,,,,,,1,450.0,100.0,100.0,0,NONE
2026-10-04T16:23:20.030+00:00,29.752,manual,Manual cook,temp,2100,116.2,,esp32,,0,,,,,,,,,,,,1,450.0,100.0,100.0,0,NONE
2026-10-04T16:23:20.530+00:00,30.252,manual,Manual cook,temp,2100,117.9,,esp32,,0,,,,,,,,,,,,1,450.0,100.0,100.0,0,NONE
2026-10-04T16:23:21.529+00:00,31.251,manual,Manual cook,temp,2100,120.7,,esp32,,0,,,,,,,,,,,,1,450.0,100.0,100.0,0,NONE
2026-10-04T16:23:22.529+00:00,32.251,manual,Manual cook,temp,2100,122.0,,esp32,,0,,,,,,,,,,,,1,450.0,100.0,100.0,0,NONE
2026-10-04T16:23:23.029+00:00,32.751,manual,Manual cook,temp,2100,123.3,,esp32,,0,,,,,,,,,,,,1,450.0,100.0,100.0,0,NONE
2026-10-04T16:23:23.529+00:00,33.251,manual,Manual cook,temp,2100,125.6,,esp32,,0,,,,,,,,,,,,1,450.0,100.0,100.0,0,NONE
2026-10-04T16:23:24.029+00:00,33.751,manual,Manual cook,temp,2100,126.9,,esp32,,0,,,,,,,,,,,,1,450.0,100.0,100.0,0,NONE
2026-10-04T16:23:24.529+00:00,34.251,manual,Manual cook,temp,2100,128.8,,esp32,,0,,,,,,,,,,,,1,450.0,100.0,100.0,0,NONE
2026-10-04T16:23:25.529+00:00,35.251,manual,Manual cook,temp,2100,129.2,,esp32,,0,,,,,,,,,,,,1,450.0,100.0,100.0,0,NONE
2026-10-04T16:23:26.030+00:00,35.752,manual,Manual cook,temp,2100,132.4,,esp32,,0,,,,,,,,,,,,1,450.0,100.0,100.0,0,NONE
2026-10-04T16:23:27.030+00:00,36.752,manual,Manual cook,temp,2100,134.1,,esp32,,0,,,,,,,,,,,,1,450.0,100.0,100.0,0,NONE
2026-10-04T16:23:28.029+00:00,37.751,manual,Manual cook,temp,2100,139.1,,esp32,,0,,,,,,,,,,,,1,450.0,100.0,100.0,0,NONE
2026-10-04T16:23:28.530+00:00,38.251,manual,Manual cook,temp,2100,139.6,,esp32,,0,,,,,,,,,,,,1,450.0,100.0,100.0,0,NONE
2026-10-04T16:23:29.530+00:00,39.251,manual,Manual cook,temp,2100,142.3,,esp32,,0,,,,,,,,,,,,1,450.0,100.0,100.0,0,NONE
2026-10-04T16:23:30.030+00:00,39.751,manual,Manual cook,temp,2100,142.7,,esp32,,0,,,,,,,,,,,,1,450.0,100.0,100.0,0,NONE
2026-10-04T16:23:30.530+00:00,40.251,manual,Manual cook,temp,2100,145.9,,esp32,,0,,,,,,,,,,,,1,450.0,100.0,100.0,0,NONE
2026-10-04T16:23:31.530+00:00,41.251,manual,Manual cook,temp,2100,148.1,,esp32,,0,,,,,,,,,,,,1,450.0,100.0,100.0,0,NONE
2026-10-04T16:23:32.531+00:00,42.253,manual,Manual cook,temp,2100,150.4,,esp32,,0,,,,,,,,,,,,1,450.0,100.0,100.0,0,NONE
2026-10-04T16:23:33.530+00:00,43.252,manual,Manual cook,temp,2100,153.5,,esp32,,0,,,,,,,,,,,,1,450.0,100.0,100.0,0,NONE
2026-10-04T16:23:34.530+00:00,44.251,manual,Manual cook,temp,2100,153.5,,esp32,,0,,,,,,,,,,,,1,450.0,100.0,100.0,0,NONE
2026-10-04T16:23:35.030+00:00,44.751,manual,Manual cook,temp,2100,157.6,,esp32,,0,,,,,,,,,,,,1,450.0,100.0,100.0,0,NONE
2026-10-04T16:23:35.530+00:00,45.252,manual,Manual cook,temp,2100,159.4,,esp32,,0,,,,,,,,,,,,1,450.0,100.0,100.0,0,NONE
2026-10-04T16:23:36.530+00:00,46.251,manual,Manual cook,temp,2100,160.7,,esp32,,0,,,,,,,,,,,,1,450.0,100.0,100.0,0,NONE
2026-10-04T16:23:37.030+00:00,46.751,manual,Manual cook,temp,2100,161.6,,esp32,,0,,,,,,,,,,,,1,450.0,100.0,100.0,0,NONE
2026-10-04T16:23:37.530+00:00,47.251,manual,Manual cook,temp,2100,162.5,,esp32,,0,,,,,,,,,,,,1,450.0,100.0,100.0,0,NONE
2026-10-04T16:23:38.030+00:00,47.752,manual,Manual cook,temp,2100,165.2,,esp32,,0,,,,,,,,,,,,1,450.0,100.0,100.0,0,NONE
2026-10-04T16:23:39.031+00:00,48.753,manual,Manual cook,temp,2100,168.4,,esp32,,0,,,,,,,,,,,,1,450.0,100.0,100.0,0,NONE
2026-10-04T16:23:40.030+00:00,49.751,manual,Manual cook,temp,2100,169.7,,esp32,,0,,,,,,,,,,,,1,450.0,100.0,100.0,0,NONE
2026-10-04T16:23:41.030+00:00,50.751,manual,Manual cook,temp,2100,171.9,,esp32,,0,,,,,,,,,,,,1,450.0,100.0,100.0,0,NONE
2026-10-04T16:23:41.530+00:00,51.252,manual,Manual cook,temp,2100,171.9,,esp32,,0,,,,,,,,,,,,1,450.0,100.0,100.0,0,NONE
2026-10-04T16:23:42.030+00:00,51.752,manual,Manual cook,temp,2100,176.9,,esp32,,0,,,,,,,,,,,,1,450.0,100.0,100.0,0,NONE
2026-10-04T16:23:42.530+00:00,52.252,manual,Manual cook,temp,2100,176.9,,esp32,,0,,,,,,,,,,,,1,450.0,100.0,100.0,0,NONE
2026-10-04T16:23:43.530+00:00,53.252,manual,Manual cook,temp,2100,181.4,,esp32,,0,,,,,,,,,,,,1,450.0,100.0,100.0,0,NONE
2026-10-04T16:23:44.531+00:00,54.253,manual,Manual cook,temp,2100,183.2,,esp32,,0,,,,,,,,,,,,1,450.0,100.0,100.0,0,NONE
2026-10-04T16:23:45.531+00:00,55.253,manual,Manual cook,temp,2100,185.4,,esp32,,0,,,,,,,,,,,,1,450.0,100.0,100.0,0,NONE
2026-10-04T16:23:46.530+00:00,56.251,manual,Manual cook,temp,2100,188.1,,esp32,,0,,,,,,,,,,,,1,450.0,100.0,100.0,0,NONE
2026-10-04T16:23:47.030+00:00,56.752,manual,Manual cook,temp,2100,190.4,,esp32,,0,,,,,,,,,,,,1,450.0,100.0,100.0,0,NONE
2026-10-04T16:23:47.530+00:00,57.252,manual,Manual cook,temp,2100,192.2,,esp32,,0,,,,,,,,,,,,1,450.0,100.0,100.0,0,NONE
2026-10-04T16:23:48.530+00:00,58.251,manual,Manual cook,temp,2100,193.6,,esp32,,0,,,,,,,,,,,,1,450.0,100.0,100.0,0,NONE
2026-10-04T16:23:49.030+00:00,58.751,manual,Manual cook,temp,2100,194.9,,esp32,,0,,,,,,,,,,,,1,450.0,100.0,100.0,0,NONE
2026-10-04T16:23:49.530+00:00,59.251,manual,Manual cook,temp,2100,194.4,,esp32,,0,,,,,,,,,,,,1,450.0,100.0,100.0,0,NONE
2026-10-04T16:23:50.030+00:00,59.752,manual,Manual cook,temp,2100,198.5,,esp32,,0,,,,,,,,,,,,1,450.0,100.0,100.0,0,NONE
2026-10-04T16:23:51.030+00:00,60.752,manual,Manual cook,temp,2100,198.9,,esp32,,0,,,,,,,,,,,,1,450.0,100.0,100.0,0,NONE
2026-10-04T16:23:51.531+00:00,61.253,manual,Manual cook,temp,2100,203.4,,esp32,,0,,,,,,,,,,,,1,450.0,100.0,100.0,0,NONE
2026-10-04T16:23:52.530+00:00,62.251,manual,Manual cook,temp,2100,205.7,,esp32,,0,,,,,,,,,,,,1,450.0,100.0,100.0,0,NONE
2026-10-04T16:23:53.529+00:00,63.251,manual,Manual cook,temp,2100,206.6,,esp32,,0,,,,,,,,,,,,1,450.0,100.0,100.0,0,NONE
2026-10-04T16:23:54.030+00:00,63.751,manual,Manual cook,temp,2100,209.8,,esp32,,0,,,,,,,,,,,,1,450.0,100.0,100.0,0,NONE
2026-10-04T16:23:55.029+00:00,64.751,manual,Manual cook,temp,2100,211.1,,esp32,,0,,,,,,,,,,,,1,450.0,100.0,100.0,0,NONE
2026-10-04T16:23:55.530+00:00,65.251,manual,Manual cook,temp,2100,214.3,,esp32,,0,,,,,,,,,,,,1,450.0,100.0,100.0,0,NONE
2026-10-04T16:23:56.030+00:00,65.751,manual,Manual cook,temp,2100,214.7,,esp32,,0,,,,,,,,,,,,1,450.0,100.0,100.0,0,NONE
2026-10-04T16:23:57.030+00:00,66.752,manual,Manual cook,temp,2100,217.9,,esp32,,0,,,,,,,,,,,,1,450.0,100.0,100.0,0,NONE
2026-10-04T16:23:58.030+00:00,67.751,manual,Manual cook,temp,2100,220.6,,esp32,,0,,,,,,,,,,,,1,450.0,100.0,100.0,0,NONE
2026-10-04T16:23:58.530+00:00,68.251,manual,Manual cook,temp,2100,221.9,,esp32,,0,,,,,,,,,,,,1,450.0,100.0,100.0,0,NONE
2026-10-04T16:23:59.529+00:00,69.251,manual,Manual cook,temp,2100,223.3,,esp32,,0,,,,,,,,,,,,1,450.0,100.0,100.0,0,NONE
2026-10-04T16:24:00.030+00:00,69.751,manual,Manual cook,temp,2100,224.6,,esp32,,0,,,,,,,,,,,,1,450.0,100.0,100.0,0,NONE
2026-10-04T16:24:00.530+00:00,70.251,manual,Manual cook,temp,2100,226.9,,esp32,,0,,,,,,,,,,,,1,450.0,100.0,100.0,0,NONE
2026-10-04T16:24:01.530+00:00,71.252,manual,Manual cook,temp,2100,229.1,,esp32,,0,,,,,,,,,,,,1,450.0,100.0,100.0,0,NONE
2026-10-04T16:24:02.530+00:00,72.252,manual,Manual cook,temp,2100,231.4,,esp32,,0,,,,,,,,,,,,1,450.0,100.0,100.0,0,NONE
2026-10-04T16:24:03.529+00:00,73.251,manual,Manual cook,temp,2100,233.1,,esp32,,0,,,,,,,,,,,,1,450.0,100.0,100.0,0,NONE
2026-10-04T16:24:04.029+00:00,73.751,manual,Manual cook,temp,2100,236.8,,esp32,,0,,,,,,,,,,,,1,450.0,100.0,100.0,0,NONE
2026-10-04T16:24:05.029+00:00,74.751,manual,Manual cook,temp,2100,237.6,,esp32,,0,,,,,,,,,,,,1,450.0,100.0,100.0,0,NONE
2026-10-04T16:24:06.029+00:00,75.751,manual,Manual cook,temp,2100,239.9,,esp32,,0,,,,,,,,,,,,1,450.0,100.0,100.0,0,NONE
2026-10-04T16:24:06.529+00:00,76.251,manual,Manual cook,temp,2100,243.1,,esp32,,0,,,,,,,,,,,,1,450.0,100.0,100.0,0,NONE
2026-10-04T16:24:07.529+00:00,77.251,manual,Manual cook,temp,2100,243.9,,esp32,,0,,,,,,,,,,,,1,450.0,100.0,100.0,0,NONE
2026-10-04T16:24:08.030+00:00,77.752,manual,Manual cook,temp,2100,244.9,,esp32,,0,,,,,,,,,,,,1,450.0,100.0,100.0,0,NONE
2026-10-04T16:24:08.530+00:00,78.252,manual,Manual cook,temp,2100,247.1,,esp32,,0,,,,,,,,,,,,1,450.0,100.0,100.0,0,NONE
2026-10-04T16:24:09.529+00:00,79.251,manual,Manual cook,temp,2100,248.9,,esp32,,0,,,,,,,,,,,,1,450.0,100.0,100.0,0,NONE
2026-10-04T16:24:10.529+00:00,80.251,manual,Manual cook,temp,2100,251.1,,esp32,,0,,,,,,,,,,,,1,450.0,100.0,100.0,0,NONE
2026-10-04T16:24:11.529+00:00,81.251,manual,Manual cook,temp,2100,252.5,,esp32,,0,,,,,,,,,,,,1,450.0,100.0,100.0,0,NONE
2026-10-04T16:24:12.029+00:00,81.751,manual,Manual cook,temp,2100,257.0,,esp32,,0,,,,,,,,,,,,1,450.0,100.0,100.0,0,NONE
2026-10-04T16:24:13.029+00:00,82.751,manual,Manual cook,temp,2100,259.3,,esp32,,0,,,,,,,,,,,,1,450.0,100.0,100.0,0,NONE
2026-10-04T16:24:14.029+00:00,83.751,manual,Manual cook,temp,2100,261.5,,esp32,,0,,,,,,,,,,,,1,450.0,100.0,100.0,0,NONE
2026-10-04T16:24:15.029+00:00,84.751,manual,Manual cook,temp,2100,262.4,,esp32,,0,,,,,,,,,,,,1,450.0,100.0,100.0,0,NONE
2026-10-04T16:24:16.029+00:00,85.751,manual,Manual cook,temp,2100,263.8,,esp32,,0,,,,,,,,,,,,1,450.0,100.0,100.0,0,NONE
2026-10-04T16:24:16.529+00:00,86.251,manual,Manual cook,temp,2100,267.4,,esp32,,0,,,,,,,,,,,,1,450.0,100.0,100.0,0,NONE
2026-10-04T16:24:17.033+00:00,86.755,manual,Manual cook,temp,2100,267.4,,esp32,,0,,,,,,,,,,,,1,450.0,100.0,100.0,0,NONE
2026-10-04T16:24:18.029+00:00,87.751,manual,Manual cook,temp,2100,268.7,,esp32,,0,,,,,,,,,,,,1,450.0,100.0,100.0,0,NONE
2026-10-04T16:24:18.529+00:00,88.251,manual,Manual cook,temp,2100,272.8,,esp32,,0,,,,,,,,,,,,1,450.0,100.0,100.0,0,NONE
2026-10-04T16:24:19.030+00:00,88.752,manual,Manual cook,temp,2100,274.1,,esp32,,0,,,,,,,,,,,,1,450.0,100.0,100.0,0,NONE
2026-10-04T16:24:20.029+00:00,89.751,manual,Manual cook,temp,2100,274.5,,esp32,,0,,,,,,,,,,,,1,450.0,100.0,100.0,0,NONE
2026-10-04T16:24:20.529+00:00,90.251,manual,Manual cook,temp,2100,277.3,,esp32,,0,,,,,,,,,,,,1,450.0,100.0,100.0,0,NONE
2026-10-04T16:24:21.529+00:00,91.251,manual,Manual cook,temp,2100,277.7,,esp32,,0,,,,,,,,,,,,1,450.0,100.0,100.0,0,NONE
2026-10-04T16:24:22.029+00:00,91.751,manual,Manual cook,temp,2100,280.0,,esp32,,0,,,,,,,,,,,,1,450.0,100.0,100.0,0,NONE
2026-10-04T16:24:22.529+00:00,92.251,manual,Manual cook,temp,2100,281.8,,esp32,,0,,,,,,,,,,,,1,450.0,100.0,100.0,0,NONE
2026-10-04T16:24:23.529+00:00,93.251,manual,Manual cook,temp,2100,283.1,,esp32,,0,,,,,,,,,,,,1,450.0,100.0,100.0,0,NONE
2026-10-04T16:24:24.029+00:00,93.751,manual,Manual cook,temp,2100,285.4,,esp32,,0,,,,,,,,,,,,1,450.0,100.0,100.0,0,NONE
2026-10-04T16:24:24.530+00:00,94.252,manual,Manual cook,temp,2100,287.1,,esp32,,0,,,,,,,,,,,,1,450.0,100.0,100.0,0,NONE
2026-10-04T16:24:25.529+00:00,95.251,manual,Manual cook,temp,2100,289.9,,esp32,,0,,,,,,,,,,,,1,450.0,100.0,100.0,0,NONE
2026-10-04T16:24:26.529+00:00,96.251,manual,Manual cook,temp,2100,292.1,,esp32,,0,,,,,,,,,,,,1,450.0,100.0,100.0,0,NONE
2026-10-04T16:24:27.529+00:00,97.251,manual,Manual cook,temp,2100,292.5,,esp32,,0,,,,,,,,,,,,1,450.0,100.0,100.0,0,NONE
2026-10-04T16:24:28.029+00:00,97.751,manual,Manual cook,temp,2100,293.5,,esp32,,0,,,,,,,,,,,,1,450.0,100.0,100.0,0,NONE
2026-10-04T16:24:28.529+00:00,98.251,manual,Manual cook,temp,2100,295.7,,esp32,,0,,,,,,,,,,,,1,450.0,100.0,100.0,0,NONE
2026-10-04T16:24:29.529+00:00,99.250,manual,Manual cook,temp,2100,297.5,,esp32,,0,,,,,,,,,,,,1,450.0,100.0,100.0,0,NONE
2026-10-04T16:24:30.030+00:00,99.752,manual,Manual cook,temp,2100,299.3,,esp32,,0,,,,,,,,,,,,1,450.0,100.0,100.0,0,NONE
2026-10-04T16:24:31.029+00:00,100.751,manual,Manual cook,temp,2100,299.3,,esp32,,0,,,,,,,,,,,,1,450.0,100.0,100.0,0,NONE
2026-10-04T16:24:32.028+00:00,101.750,manual,Manual cook,temp,2100,302.5,,esp32,,0,,,,,,,,,,,,1,450.0,100.0,100.0,0,NONE
2026-10-04T16:24:32.529+00:00,102.251,manual,Manual cook,temp,2100,304.3,,esp32,,0,,,,,,,,,,,,1,450.0,100.0,100.0,0,NONE
2026-10-04T16:24:33.528+00:00,103.250,manual,Manual cook,temp,2100,304.7,,esp32,,0,,,,,,,,,,,,1,450.0,100.0,100.0,0,NONE
2026-10-04T16:24:34.529+00:00,104.250,manual,Manual cook,temp,2100,308.3,,esp32,,0,,,,,,,,,,,,1,450.0,100.0,100.0,0,NONE
2026-10-04T16:24:35.530+00:00,105.251,manual,Manual cook,temp,2100,309.6,,esp32,,0,,,,,,,,,,,,1,450.0,100.0,100.0,0,NONE
2026-10-04T16:24:36.528+00:00,106.250,manual,Manual cook,temp,2100,311.9,,esp32,,0,,,,,,,,,,,,1,450.0,100.0,100.0,0,NONE
2026-10-04T16:24:37.029+00:00,106.751,manual,Manual cook,temp,2100,314.1,,esp32,,0,,,,,,,,,,,,1,450.0,100.0,100.0,0,NONE
2026-10-04T16:24:38.028+00:00,107.750,manual,Manual cook,temp,2100,316.0,,esp32,,0,,,,,,,,,,,,1,450.0,100.0,100.0,0,NONE
2026-10-04T16:24:39.028+00:00,108.750,manual,Manual cook,temp,2100,317.3,,esp32,,0,,,,,,,,,,,,1,450.0,100.0,100.0,0,NONE
2026-10-04T16:24:40.028+00:00,109.750,manual,Manual cook,temp,2100,319.5,,esp32,,0,,,,,,,,,,,,1,450.0,100.0,100.0,0,NONE
2026-10-04T16:24:41.033+00:00,110.755,manual,Manual cook,temp,2100,320.5,,esp32,,0,,,,,,,,,,,,1,450.0,100.0,100.0,0,NONE
2026-10-04T16:24:42.028+00:00,111.750,manual,Manual cook,temp,2100,325.0,,esp32,,0,,,,,,,,,,,,1,450.0,100.0,100.0,0,NONE
2026-10-04T16:24:43.030+00:00,112.752,manual,Manual cook,temp,2100,325.9,,esp32,,0,,,,,,,,,,,,1,450.0,100.0,100.0,0,NONE
2026-10-04T16:24:44.028+00:00,113.750,manual,Manual cook,temp,2100,329.5,,esp32,,0,,,,,,,,,,,,1,450.0,100.0,100.0,0,NONE
2026-10-04T16:24:45.028+00:00,114.750,manual,Manual cook,temp,2100,329.0,,esp32,,0,,,,,,,,,,,,1,450.0,100.0,100.0,0,NONE
2026-10-04T16:24:45.528+00:00,115.250,manual,Manual cook,temp,2100,331.3,,esp32,,0,,,,,,,,,,,,1,450.0,100.0,100.0,0,NONE
2026-10-04T16:24:46.529+00:00,116.251,manual,Manual cook,temp,2100,331.7,,esp32,,0,,,,,,,,,,,,1,450.0,100.0,100.0,0,NONE
2026-10-04T16:24:47.029+00:00,116.751,manual,Manual cook,temp,2100,333.0,,esp32,,0,,,,,,,,,,,,1,450.0,100.0,100.0,0,NONE
2026-10-04T16:24:48.028+00:00,117.750,manual,Manual cook,temp,2100,334.0,,esp32,,0,,,,,,,,,,,,1,450.0,100.0,100.0,0,NONE
2026-10-04T16:24:48.528+00:00,118.250,manual,Manual cook,temp,2100,338.0,,esp32,,0,,,,,,,,,,,,1,450.0,100.0,100.0,0,NONE
2026-10-04T16:24:49.029+00:00,118.751,manual,Manual cook,temp,2100,338.5,,esp32,,0,,,,,,,,,,,,1,450.0,100.0,100.0,0,NONE
2026-10-04T16:24:50.028+00:00,119.750,manual,Manual cook,temp,2100,339.8,,esp32,,0,,,,,,,,,,,,1,450.0,100.0,100.0,0,NONE
2026-10-04T16:24:51.028+00:00,120.750,manual,Manual cook,temp,2100,343.0,,esp32,,0,,,,,,,,,,,,1,450.0,100.0,100.0,0,NONE
2026-10-04T16:24:52.028+00:00,121.750,manual,Manual cook,temp,2100,344.3,,esp32,,0,,,,,,,,,,,,1,450.0,100.0,100.0,0,NONE
2026-10-04T16:24:52.529+00:00,122.251,manual,Manual cook,temp,2100,346.1,,esp32,,0,,,,,,,,,,,,1,450.0,100.0,100.0,0,NONE
2026-10-04T16:24:53.528+00:00,123.250,manual,Manual cook,temp,2100,349.3,,esp32,,0,,,,,,,,,,,,1,450.0,100.0,100.0,0,NONE
2026-10-04T16:24:54.528+00:00,124.250,manual,Manual cook,temp,2100,351.0,,esp32,,0,,,,,,,,,,,,1,450.0,100.0,100.0,0,NONE
2026-10-04T16:24:55.528+00:00,125.250,manual,Manual cook,temp,2100,353.3,,esp32,,0,,,,,,,,,,,,1,450.0,100.0,100.0,0,NONE
2026-10-04T16:24:56.528+00:00,126.250,manual,Manual cook,temp,2100,354.2,,esp32,,0,,,,,,,,,,,,1,450.0,100.0,100.0,0,NONE
2026-10-04T16:24:57.528+00:00,127.250,manual,Manual cook,temp,2100,353.3,,esp32,,0,,,,,,,,,,,,1,450.0,100.0,100.0,0,NONE
2026-10-04T16:24:58.029+00:00,127.751,manual,Manual cook,temp,2100,356.0,,esp32,,0,,,,,,,,,,,,1,450.0,100.0,100.0,0,NONE
2026-10-04T16:24:59.028+00:00,128.750,manual,Manual cook,temp,2100,357.8,,esp32,,0,,,,,,,,,,,,1,450.0,100.0,100.0,0,NONE
2026-10-04T16:24:59.528+00:00,129.250,manual,Manual cook,temp,2100,360.5,,esp32,,0,,,,,,,,,,,,1,450.0,100.0,100.0,0,NONE
2026-10-04T16:25:00.528+00:00,130.250,manual,Manual cook,temp,2100,361.4,,esp32,,0,,,,,,,,,,,,1,450.0,100.0,100.0,0,NONE
2026-10-04T16:25:01.528+00:00,131.250,manual,Manual cook,temp,2100,363.6,,esp32,,0,,,,,,,,,,,,1,450.0,100.0,100.0,0,NONE
2026-10-04T16:25:02.528+00:00,132.250,manual,Manual cook,temp,2100,364.5,,esp32,,0,,,,,,,,,,,,1,450.0,100.0,100.0,0,NONE
2026-10-04T16:25:03.028+00:00,132.750,manual,Manual cook,temp,2100,365.9,,esp32,,0,,,,,,,,,,,,1,450.0,100.0,100.0,0,NONE
2026-10-04T16:25:04.028+00:00,133.750,manual,Manual cook,temp,2100,367.7,,esp32,,0,,,,,,,,,,,,1,450.0,100.0,100.0,0,NONE
2026-10-04T16:25:04.528+00:00,134.250,manual,Manual cook,temp,2100,368.1,,esp32,,0,,,,,,,,,,,,1,450.0,100.0,100.0,0,NONE
2026-10-04T16:25:05.528+00:00,135.250,manual,Manual cook,temp,2100,370.9,,esp32,,0,,,,,,,,,,,,1,450.0,100.0,100.0,0,NONE
2026-10-04T16:25:06.028+00:00,135.750,manual,Manual cook,temp,2100,371.3,,esp32,,0,,,,,,,,,,,,1,450.0,100.0,100.0,0,NONE
2026-10-04T16:25:07.028+00:00,136.750,manual,Manual cook,temp,2100,374.0,,esp32,,0,,,,,,,,,,,,1,450.0,100.0,100.0,0,NONE
2026-10-04T16:25:08.028+00:00,137.750,manual,Manual cook,temp,2100,374.9,,esp32,,0,,,,,,,,,,,,1,450.0,100.0,100.0,0,NONE
2026-10-04T16:25:08.529+00:00,138.250,manual,Manual cook,temp,2100,375.4,,esp32,,0,,,,,,,,,,,,1,450.0,100.0,100.0,0,NONE
2026-10-04T16:25:09.528+00:00,139.250,manual,Manual cook,temp,2100,378.5,,esp32,,0,,,,,,,,,,,,1,450.0,93.0,93.0,0,NONE
2026-10-04T16:25:10.028+00:00,139.750,manual,Manual cook,temp,2100,379.0,,esp32,,0,,,,,,,,,,,,1,450.0,100.0,100.0,0,NONE
2026-10-04T16:25:10.528+00:00,140.250,manual,Manual cook,temp,2100,381.2,,esp32,,0,,,,,,,,,,,,1,450.0,100.0,100.0,0,NONE
2026-10-04T16:25:11.528+00:00,141.250,manual,Manual cook,temp,2100,382.1,,esp32,,0,,,,,,,,,,,,1,450.0,100.0,100.0,0,NONE
2026-10-04T16:25:12.028+00:00,141.750,manual,Manual cook,temp,2100,384.4,,esp32,,0,,,,,,,,,,,,1,450.0,100.0,100.0,0,NONE
2026-10-04T16:25:13.028+00:00,142.750,manual,Manual cook,temp,2100,385.7,,esp32,,0,,,,,,,,,,,,1,450.0,100.0,100.0,0,NONE
2026-10-04T16:25:13.528+00:00,143.250,manual,Manual cook,temp,2100,385.7,,esp32,,0,,,,,,,,,,,,1,450.0,100.0,100.0,0,NONE
2026-10-04T16:25:14.028+00:00,143.750,manual,Manual cook,temp,2100,387.5,,esp32,,0,,,,,,,,,,,,1,450.0,98.0,98.0,0,NONE
2026-10-04T16:25:15.028+00:00,144.750,manual,Manual cook,temp,2100,388.4,,esp32,,0,,,,,,,,,,,,1,450.0,100.0,100.0,0,NONE
2026-10-04T16:25:16.028+00:00,145.750,manual,Manual cook,temp,2100,391.1,,esp32,,0,,,,,,,,,,,,1,450.0,100.0,100.0,0,NONE
2026-10-04T16:25:17.028+00:00,146.750,manual,Manual cook,temp,2100,391.5,,esp32,,0,,,,,,,,,,,,1,450.0,100.0,100.0,0,NONE
2026-10-04T16:25:18.028+00:00,147.749,manual,Manual cook,temp,2100,394.7,,esp32,,0,,,,,,,,,,,,1,450.0,93.0,93.0,0,NONE
2026-10-04T16:25:18.528+00:00,148.250,manual,Manual cook,temp,2100,397.4,,esp32,,0,,,,,,,,,,,,1,450.0,99.0,99.0,0,NONE
2026-10-04T16:25:19.528+00:00,149.250,manual,Manual cook,temp,2100,397.4,,esp32,,0,,,,,,,,,,,,1,450.0,100.0,100.0,0,NONE
2026-10-04T16:25:20.528+00:00,150.250,manual,Manual cook,temp,2100,400.5,,esp32,,0,,,,,,,,,,,,1,450.0,78.0,78.0,0,NONE
2026-10-04T16:25:21.527+00:00,151.249,manual,Manual cook,temp,2100,401.5,,esp32,,0,,,,,,,,,,,,1,450.0,89.0,89.0,0,NONE
2026-10-04T16:25:22.028+00:00,151.750,manual,Manual cook,temp,2100,401.9,,esp32,,0,,,,,,,,,,,,1,450.0,88.0,88.0,0,NONE
2026-10-04T16:25:23.028+00:00,152.749,manual,Manual cook,temp,2100,403.3,,esp32,,0,,,,,,,,,,,,1,450.0,79.0,79.0,0,NONE
2026-10-04T16:25:24.027+00:00,153.749,manual,Manual cook,temp,2100,406.4,,esp32,,0,,,,,,,,,,,,1,450.0,81.0,81.0,0,NONE
2026-10-04T16:25:25.028+00:00,154.750,manual,Manual cook,temp,2100,408.6,,esp32,,0,,,,,,,,,,,,1,450.0,77.0,77.0,0,NONE
2026-10-04T16:25:26.028+00:00,155.749,manual,Manual cook,temp,2100,410.5,,esp32,,0,,,,,,,,,,,,1,450.0,83.0,83.0,0,NONE
2026-10-04T16:25:27.028+00:00,156.750,manual,Manual cook,temp,2100,413.1,,esp32,,0,,,,,,,,,,,,1,450.0,73.0,73.0,0,NONE
2026-10-04T16:25:28.027+00:00,157.749,manual,Manual cook,temp,2100,414.0,,esp32,,0,,,,,,,,,,,,1,450.0,69.0,69.0,0,NONE
2026-10-04T16:25:29.027+00:00,158.749,manual,Manual cook,temp,2100,415.9,,esp32,,0,,,,,,,,,,,,1,450.0,51.0,51.0,0,NONE
2026-10-04T16:25:30.028+00:00,159.750,manual,Manual cook,temp,2100,417.6,,esp32,,0,,,,,,,,,,,,1,450.0,63.0,63.0,0,NONE
2026-10-04T16:25:30.528+00:00,160.250,manual,Manual cook,temp,2100,418.5,,esp32,,0,,,,,,,,,,,,1,450.0,61.0,61.0,0,NONE
2026-10-04T16:25:31.527+00:00,161.249,manual,Manual cook,temp,2100,420.4,,esp32,,0,,,,,,,,,,,,1,450.0,44.0,44.0,0,NONE
2026-10-04T16:25:32.027+00:00,161.749,manual,Manual cook,temp,2100,421.7,,esp32,,0,,,,,,,,,,,,1,450.0,57.0,57.0,0,NONE
2026-10-04T16:25:33.027+00:00,162.749,manual,Manual cook,temp,2100,422.6,,esp32,,0,,,,,,,,,,,,1,450.0,55.0,55.0,0,NONE
2026-10-04T16:25:33.527+00:00,163.249,manual,Manual cook,temp,2100,424.9,,esp32,,0,,,,,,,,,,,,1,450.0,45.0,45.0,0,NONE
2026-10-04T16:25:34.027+00:00,163.749,manual,Manual cook,temp,2100,424.9,,esp32,,0,,,,,,,,,,,,1,450.0,51.0,51.0,0,NONE
2026-10-04T16:25:35.027+00:00,164.749,manual,Manual cook,temp,2100,427.5,,esp32,,0,,,,,,,,,,,,1,450.0,17.0,17.0,0,NONE
2026-10-04T16:25:36.027+00:00,165.749,manual,Manual cook,temp,2100,429.4,,esp32,,0,,,,,,,,,,,,1,450.0,54.0,54.0,0,NONE
2026-10-04T16:25:37.027+00:00,166.749,manual,Manual cook,temp,2100,431.6,,esp32,,0,,,,,,,,,,,,1,450.0,41.0,41.0,0,NONE
2026-10-04T16:25:38.027+00:00,167.749,manual,Manual cook,temp,2100,433.0,,esp32,,0,,,,,,,,,,,,1,450.0,29.0,29.0,0,NONE
2026-10-04T16:25:39.027+00:00,168.749,manual,Manual cook,temp,2100,434.3,,esp32,,0,,,,,,,,,,,,1,450.0,27.0,27.0,0,NONE
2026-10-04T16:25:39.527+00:00,169.249,manual,Manual cook,temp,2100,436.1,,esp32,,0,,,,,,,,,,,,1,450.0,32.0,32.0,0,NONE
2026-10-04T16:25:40.527+00:00,170.249,manual,Manual cook,temp,2100,436.5,,esp32,,0,,,,,,,,,,,,1,450.0,37.0,37.0,0,NONE
2026-10-04T16:25:41.030+00:00,170.752,manual,Manual cook,temp,2100,437.9,,esp32,,0,,,,,,,,,,,,1,450.0,20.0,20.0,0,NONE
2026-10-04T16:25:42.027+00:00,171.749,manual,Manual cook,temp,2100,439.7,,esp32,,0,,,,,,,,,,,,1,450.0,24.0,24.0,0,NONE
2026-10-04T16:25:42.527+00:00,172.249,manual,Manual cook,temp,2100,440.1,,esp32,,0,,,,,,,,,,,,1,450.0,30.0,30.0,0,NONE
2026-10-04T16:25:43.527+00:00,173.249,manual,Manual cook,temp,2100,442.9,,esp32,,0,,,,,,,,,,,,1,450.0,42.0,42.0,0,NONE
2026-10-04T16:25:44.527+00:00,174.249,manual,Manual cook,temp,2100,443.8,,esp32,,0,,,,,,,,,,,,1,450.0,16.0,16.0,0,NONE
2026-10-04T16:25:45.027+00:00,174.749,manual,Manual cook,temp,2100,444.6,,esp32,,0,,,,,,,,,,,,1,450.0,14.0,14.0,0,NONE
2026-10-04T16:25:46.027+00:00,175.749,manual,Manual cook,temp,2100,446.0,,esp32,,0,,,,,,,,,,,,1,450.0,19.0,19.0,0,NONE
2026-10-04T16:25:46.528+00:00,176.250,manual,Manual cook,temp,2100,446.9,,esp32,,0,,,,,,,,,,,,1,450.0,10.0,10.0,0,NONE
2026-10-04T16:25:47.527+00:00,177.249,manual,Manual cook,temp,2100,450.0,,esp32,,0,,,,,,,,,,,,1,450.0,15.0,15.0,0,NONE
2026-10-04T16:25:48.527+00:00,178.249,manual,Manual cook,temp,2100,451.4,,esp32,,0,,,,,,,,,,,,1,450.0,9.0,10.0,0,NONE
2026-10-04T16:25:49.027+00:00,178.749,manual,Manual cook,temp,2100,451.9,,esp32,,0,,,,,,,,,,,,1,450.0,1.0,1.0,0,NONE
2026-10-04T16:25:49.527+00:00,179.249,manual,Manual cook,temp,2100,451.9,,esp32,,0,,,,,,,,,,,,1,450.0,7.0,7.0,0,NONE
2026-10-04T16:25:50.527+00:00,180.249,manual,Manual cook,temp,2100,453.2,,esp32,,0,,,,,,,,,,,,1,450.0,0.0,0.0,0,NONE
2026-10-04T16:25:51.027+00:00,180.749,manual,Manual cook,temp,2100,453.2,,esp32,,0,,,,,,,,,,,,1,450.0,9.0,12.0,0,NONE
2026-10-04T16:25:52.527+00:00,182.249,manual,Manual cook,temp,2100,455.9,,esp32,,0,,,,,,,,,,,,1,450.0,0.0,0.0,0,NONE
2026-10-04T16:25:53.027+00:00,182.749,manual,Manual cook,temp,2100,456.4,,esp32,,0,,,,,,,,,,,,1,450.0,0.0,0.0,0,NONE
2026-10-04T16:25:54.027+00:00,183.749,manual,Manual cook,temp,2100,457.7,,esp32,,0,,,,,,,,,,,,1,450.0,5.0,5.0,0,NONE
2026-10-04T16:25:55.027+00:00,184.749,manual,Manual cook,temp,2100,458.6,,esp32,,0,,,,,,,,,,,,1,450.0,3.0,3.0,0,NONE
2026-10-04T16:25:55.527+00:00,185.249,manual,Manual cook,temp,2100,458.6,,esp32,,0,,,,,,,,,,,,1,450.0,0.0,0.0,0,NONE
2026-10-04T16:25:56.527+00:00,186.249,manual,Manual cook,temp,2100,457.3,,esp32,,0,,,,,,,,,,,,1,450.0,25.0,25.0,0,NONE
2026-10-04T16:25:57.028+00:00,186.750,manual,Manual cook,temp,2100,458.6,,esp32,,0,,,,,,,,,,,,1,450.0,0.0,0.0,0,NONE
2026-10-04T16:25:58.027+00:00,187.749,manual,Manual cook,temp,2100,459.0,,esp32,,0,,,,,,,,,,,,1,450.0,0.0,0.0,0,NONE
2026-10-04T16:25:58.527+00:00,188.249,manual,Manual cook,temp,2100,459.5,,esp32,,0,,,,,,,,,,,,1,450.0,0.0,0.0,0,NONE
2026-10-04T16:25:59.027+00:00,188.749,manual,Manual cook,temp,2100,459.5,,esp32,,0,,,,,,,,,,,,1,450.0,0.0,0.0,0,NONE
2026-10-04T16:26:00.027+00:00,189.749,manual,Manual cook,temp,2100,459.5,,esp32,,0,,,,,,,,,,,,1,450.0,0.0,0.0,0,NONE
2026-10-04T16:26:01.027+00:00,190.749,manual,Manual cook,temp,2100,460.0,,esp32,,0,,,,,,,,,,,,1,450.0,0.0,0.0,0,NONE
2026-10-04T16:26:02.027+00:00,191.749,manual,Manual cook,temp,2100,460.0,,esp32,,0,,,,,,,,,,,,1,450.0,0.0,0.0,0,NONE
2026-10-04T16:26:03.028+00:00,192.749,manual,Manual cook,temp,2100,459.5,,esp32,,0,,,,,,,,,,,,1,450.0,6.0,6.0,0,NONE
2026-10-04T16:26:04.027+00:00,193.749,manual,Manual cook,temp,2100,460.0,,esp32,,0,,,,,,,,,,,,1,450.0,5.0,5.0,0,NONE
2026-10-04T16:26:05.032+00:00,194.754,manual,Manual cook,temp,2100,460.4,,esp32,,0,,,,,,,,,,,,1,450.0,0.0,0.0,0,NONE
2026-10-04T16:26:06.027+00:00,195.749,manual,Manual cook,temp,2100,460.4,,esp32,,0,,,,,,,,,,,,1,450.0,0.0,0.0,0,NONE
2026-10-04T16:26:07.029+00:00,196.750,manual,Manual cook,temp,2100,460.0,,esp32,,0,,,,,,,,,,,,1,450.0,4.0,4.0,0,NONE
2026-10-04T16:26:08.027+00:00,197.749,manual,Manual cook,temp,2100,459.0,,esp32,,0,,,,,,,,,,,,1,450.0,9.0,21.0,0,NONE
2026-10-04T16:26:09.027+00:00,198.749,manual,Manual cook,temp,2100,460.4,,esp32,,0,,,,,,,,,,,,1,450.0,0.0,0.0,0,NONE
2026-10-04T16:26:10.027+00:00,199.749,manual,Manual cook,temp,2100,459.0,,esp32,,0,,,,,,,,,,,,1,450.0,0.0,0.0,0,NONE
2026-10-04T16:26:11.027+00:00,200.749,manual,Manual cook,temp,2100,460.0,,esp32,,0,,,,,,,,,,,,1,450.0,0.0,0.0,0,NONE
2026-10-04T16:26:12.027+00:00,201.749,manual,Manual cook,temp,2100,458.6,,esp32,,0,,,,,,,,,,,,1,450.0,5.0,5.0,0,NONE
2026-10-04T16:26:13.027+00:00,202.748,manual,Manual cook,temp,2100,459.0,,esp32,,0,,,,,,,,,,,,1,450.0,0.0,0.0,0,NONE
2026-10-04T16:26:13.528+00:00,203.250,manual,Manual cook,temp,2100,459.0,,esp32,,0,,,,,,,,,,,,1,450.0,0.0,0.0,0,NONE
2026-10-04T16:26:14.527+00:00,204.248,manual,Manual cook,temp,2100,458.6,,esp32,,0,,,,,,,,,,,,1,450.0,7.0,7.0,0,NONE
2026-10-04T16:26:15.527+00:00,205.248,manual,Manual cook,temp,2100,458.1,,esp32,,0,,,,,,,,,,,,1,450.0,9.0,15.0,0,NONE
2026-10-04T16:26:16.527+00:00,206.248,manual,Manual cook,temp,2100,458.1,,esp32,,0,,,,,,,,,,,,1,440.0,0.0,0.0,0,NONE
2026-10-04T16:26:17.027+00:00,206.749,manual,Manual cook,temp,2100,458.1,,esp32,,0,,,,,,,,,,,,1,440.0,0.0,0.0,0,NONE
2026-10-04T16:26:18.027+00:00,207.749,manual,Manual cook,temp,2100,458.1,,esp32,,0,,,,,,,,,,,,1,440.0,0.0,0.0,0,NONE
2026-10-04T16:26:19.027+00:00,208.749,manual,Manual cook,temp,2100,456.8,,esp32,,0,,,,,,,,,,,,1,440.0,0.0,0.0,0,NONE
2026-10-04T16:26:20.026+00:00,209.748,manual,Manual cook,temp,2100,456.4,,esp32,,0,,,,,,,,,,,,1,440.0,0.0,0.0,0,NONE
2026-10-04T16:26:20.527+00:00,210.249,manual,Manual cook,temp,2100,456.8,,esp32,,0,,,,,,,,,,,,1,440.0,0.0,0.0,0,NONE
2026-10-04T16:26:21.027+00:00,210.749,manual,Manual cook,temp,2100,456.8,,esp32,,0,,,,,,,,,,,,1,440.0,0.0,0.0,0,NONE
2026-10-04T16:26:22.027+00:00,211.749,manual,Manual cook,temp,2100,455.0,,esp32,,0,,,,,,,,,,,,1,440.0,0.0,0.0,0,NONE
2026-10-04T16:26:23.027+00:00,212.749,manual,Manual cook,temp,2100,453.6,,esp32,,0,,,,,,,,,,,,1,440.0,0.0,0.0,0,NONE
2026-10-04T16:26:24.027+00:00,213.748,manual,Manual cook,temp,2100,453.6,,esp32,,0,,,,,,,,,,,,1,440.0,3.0,59.0,0,NONE
2026-10-04T16:26:24.528+00:00,214.250,manual,Manual cook,temp,2100,453.2,,esp32,,0,,,,,,,,,,,,1,440.0,0.0,0.0,0,NONE
2026-10-04T16:26:25.526+00:00,215.248,manual,Manual cook,temp,2100,452.3,,esp32,,0,,,,,,,,,,,,1,440.0,0.0,0.0,0,NONE
2026-10-04T16:26:26.027+00:00,215.748,manual,Manual cook,temp,2100,451.4,,esp32,,0,,,,,,,,,,,,1,440.0,0.0,0.0,0,NONE
2026-10-04T16:26:27.026+00:00,216.748,manual,Manual cook,temp,2100,451.0,,esp32,,0,,,,,,,,,,,,1,440.0,0.0,0.0,0,NONE
2026-10-04T16:26:28.027+00:00,217.748,manual,Manual cook,temp,2100,450.0,,esp32,,0,,,,,,,,,,,,1,440.0,2.0,2.0,0,NONE
2026-10-04T16:26:29.027+00:00,218.748,manual,Manual cook,temp,2100,448.7,,esp32,,0,,,,,,,,,,,,1,440.0,0.0,0.0,0,NONE
2026-10-04T16:26:30.027+00:00,219.749,manual,Manual cook,temp,2100,447.8,,esp32,,0,,,,,,,,,,,,1,440.0,0.0,0.0,0,NONE
2026-10-04T16:26:31.026+00:00,220.748,manual,Manual cook,temp,2100,446.9,,esp32,,0,,,,,,,,,,,,1,440.0,0.0,0.0,0,NONE
2026-10-04T16:26:31.526+00:00,221.248,manual,Manual cook,temp,2100,445.1,,esp32,,0,,,,,,,,,,,,1,440.0,3.0,11.0,0,NONE
2026-10-04T16:26:32.526+00:00,222.248,manual,Manual cook,temp,2100,444.2,,esp32,,0,,,,,,,,,,,,1,440.0,0.0,0.0,0,NONE
2026-10-04T16:26:33.526+00:00,223.248,manual,Manual cook,temp,2100,444.2,,esp32,,0,,,,,,,,,,,,1,440.0,0.0,0.0,0,NONE
2026-10-04T16:26:34.526+00:00,224.248,manual,Manual cook,temp,2100,442.4,,esp32,,0,,,,,,,,,,,,1,440.0,3.0,24.0,0,NONE
2026-10-04T16:26:35.527+00:00,225.249,manual,Manual cook,temp,2100,442.4,,esp32,,0,,,,,,,,,,,,1,440.0,2.0,2.0,0,NONE
2026-10-04T16:26:36.526+00:00,226.248,manual,Manual cook,temp,2100,441.5,,esp32,,0,,,,,,,,,,,,1,440.0,4.0,4.0,0,NONE
2026-10-04T16:26:37.026+00:00,226.748,manual,Manual cook,temp,2100,440.1,,esp32,,0,,,,,,,,,,,,1,440.0,21.0,21.0,0,NONE
2026-10-04T16:26:38.026+00:00,227.748,manual,Manual cook,temp,2100,438.8,,esp32,,0,,,,,,,,,,,,1,440.0,0.0,0.0,0,NONE
2026-10-04T16:26:38.526+00:00,228.248,manual,Manual cook,temp,2100,439.3,,esp32,,0,,,,,,,,,,,,1,440.0,3.0,24.0,0,NONE
2026-10-04T16:26:39.526+00:00,229.248,manual,Manual cook,temp,2100,438.4,,esp32,,0,,,,,,,,,,,,1,440.0,3.0,26.0,0,NONE
2026-10-04T16:26:40.526+00:00,230.248,manual,Manual cook,temp,2100,438.4,,esp32,,0,,,,,,,,,,,,1,440.0,3.0,3.0,0,NONE
2026-10-04T16:26:41.027+00:00,230.748,manual,Manual cook,temp,2100,437.9,,esp32,,0,,,,,,,,,,,,1,440.0,11.0,11.0,0,NONE
2026-10-04T16:26:42.026+00:00,231.748,manual,Manual cook,temp,2100,437.0,,esp32,,0,,,,,,,,,,,,1,440.0,29.0,29.0,0,NONE
2026-10-04T16:26:43.027+00:00,232.749,manual,Manual cook,temp,2100,436.1,,esp32,,0,,,,,,,,,,,,1,440.0,3.0,14.0,0,NONE
2026-10-04T16:26:44.026+00:00,233.748,manual,Manual cook,temp,2100,435.6,,esp32,,0,,,,,,,,,,,,1,440.0,16.0,16.0,0,NONE
2026-10-04T16:26:44.526+00:00,234.248,manual,Manual cook,temp,2100,435.6,,esp32,,0,,,,,,,,,,,,1,440.0,1.0,1.0,0,NONE
2026-10-04T16:26:45.026+00:00,234.748,manual,Manual cook,temp,2100,435.6,,esp32,,0,,,,,,,,,,,,1,440.0,16.0,16.0,0,NONE
2026-10-04T16:26:45.593+00:00,235.315,manual,Manual cook,temp,2100,435.2,,esp32,,0,,,,,,,,,,,,1,440.0,1.0,1.0,0,NONE
2026-10-04T16:26:46.527+00:00,236.248,manual,Manual cook,temp,3000,435.2,,esp32,,0,,,,,,,,,,,,1,440.0,10.0,10.0,0,NONE
2026-10-04T16:26:47.526+00:00,237.248,manual,Manual cook,temp,3000,435.2,,esp32,,0,,,,,,,,,,,,1,440.0,10.0,10.0,0,NONE
2026-10-04T16:26:48.026+00:00,237.748,manual,Manual cook,temp,2150,435.2,,esp32,,0,,,,,,,,,,,,1,440.0,10.0,10.0,0,NONE
2026-10-04T16:26:48.526+00:00,238.248,manual,Manual cook,temp,2150,434.8,,esp32,,0,,,,,,,,,,,,1,440.0,18.0,18.0,0,NONE
2026-10-04T16:26:49.117+00:00,238.838,manual,Manual cook,temp,2150,435.2,,esp32,,0,,,,,,,,,,,,1,440.0,11.0,11.0,0,NONE
2026-10-04T16:26:50.026+00:00,239.748,manual,Manual cook,temp,2100,433.4,,esp32,,0,,,,,,,,,,,,1,440.0,42.0,42.0,0,NONE
2026-10-04T16:26:51.026+00:00,240.748,manual,Manual cook,temp,2100,433.0,,esp32,,0,,,,,,,,,,,,1,440.0,16.0,50.0,0,NONE
2026-10-04T16:26:52.027+00:00,241.748,manual,Manual cook,temp,2100,433.0,,esp32,,0,,,,,,,,,,,,1,440.0,16.0,29.0,0,NONE
2026-10-04T16:26:53.026+00:00,242.748,manual,Manual cook,temp,2100,433.4,,esp32,,0,,,,,,,,,,,,1,440.0,16.0,21.0,0,NONE
2026-10-04T16:26:53.526+00:00,243.248,manual,Manual cook,temp,2100,433.4,,esp32,,0,,,,,,,,,,,,1,440.0,6.0,6.0,0,NONE
2026-10-04T16:26:54.526+00:00,244.248,manual,Manual cook,temp,2100,433.9,,esp32,,0,,,,,,,,,,,,1,440.0,6.0,6.0,0,NONE
2026-10-04T16:26:55.026+00:00,244.748,manual,Manual cook,temp,2100,433.0,,esp32,,0,,,,,,,,,,,,1,440.0,29.0,29.0,0,NONE
2026-10-04T16:26:55.526+00:00,245.248,manual,Manual cook,temp,2100,433.4,,esp32,,0,,,,,,,,,,,,1,440.0,15.0,15.0,0,NONE
2026-10-04T16:26:56.526+00:00,246.248,manual,Manual cook,temp,2100,432.5,,esp32,,0,,,,,,,,,,,,1,440.0,22.0,22.0,0,NONE
2026-10-04T16:26:57.028+00:00,246.750,manual,Manual cook,temp,2100,432.5,,esp32,,0,,,,,,,,,,,,1,440.0,23.0,23.0,0,NONE
2026-10-04T16:26:58.027+00:00,247.749,manual,Manual cook,temp,2100,433.4,,esp32,,0,,,,,,,,,,,,1,440.0,7.0,7.0,0,NONE
2026-10-04T16:26:59.026+00:00,248.748,manual,Manual cook,temp,2100,432.5,,esp32,,0,,,,,,,,,,,,1,440.0,16.0,16.0,0,NONE
2026-10-04T16:27:00.026+00:00,249.748,manual,Manual cook,temp,2100,433.4,,esp32,,0,,,,,,,,,,,,1,440.0,7.0,7.0,0,NONE
2026-10-04T16:27:01.026+00:00,250.748,manual,Manual cook,temp,2100,433.4,,esp32,,0,,,,,,,,,,,,1,440.0,0.0,0.0,0,NONE
2026-10-04T16:27:01.526+00:00,251.248,manual,Manual cook,temp,2100,433.9,,esp32,,0,,,,,,,,,,,,1,440.0,7.0,7.0,0,NONE
2026-10-04T16:27:02.526+00:00,252.248,manual,Manual cook,temp,2100,434.3,,esp32,,0,,,,,,,,,,,,1,440.0,6.0,6.0,0,NONE
2026-10-04T16:27:03.026+00:00,252.748,manual,Manual cook,temp,2100,434.3,,esp32,,0,,,,,,,,,,,,1,440.0,13.0,13.0,0,NONE
2026-10-04T16:27:03.527+00:00,253.249,manual,Manual cook,temp,2100,433.9,,esp32,,0,,,,,,,,,,,,1,440.0,21.0,21.0,0,NONE
2026-10-04T16:27:04.526+00:00,254.248,manual,Manual cook,temp,2100,434.8,,esp32,,0,,,,,,,,,,,,1,440.0,13.0,13.0,0,NONE
2026-10-04T16:27:05.526+00:00,255.248,manual,Manual cook,temp,2100,434.8,,esp32,,0,,,,,,,,,,,,1,440.0,13.0,13.0,0,NONE
2026-10-04T16:27:06.026+00:00,255.748,manual,Manual cook,temp,2100,434.3,,esp32,,0,,,,,,,,,,,,1,440.0,13.0,13.0,0,NONE
2026-10-04T16:27:06.526+00:00,256.248,manual,Manual cook,temp,2100,435.2,,esp32,,0,,,,,,,,,,,,1,440.0,21.0,21.0,0,NONE
2026-10-04T16:27:07.526+00:00,257.248,manual,Manual cook,temp,2100,435.6,,esp32,,0,,,,,,,,,,,,1,440.0,4.0,4.0,0,NONE
2026-10-04T16:27:08.026+00:00,257.748,manual,Manual cook,temp,2100,435.6,,esp32,,0,,,,,,,,,,,,1,440.0,11.0,11.0,0,NONE
2026-10-04T16:27:09.027+00:00,258.748,manual,Manual cook,temp,2100,436.1,,esp32,,0,,,,,,,,,,,,1,440.0,12.0,12.0,0,NONE
2026-10-04T16:27:10.026+00:00,259.748,manual,Manual cook,temp,2100,435.2,,esp32,,0,,,,,,,,,,,,1,440.0,16.0,18.0,0,NONE
2026-10-04T16:27:11.026+00:00,260.748,manual,Manual cook,temp,2100,436.1,,esp32,,0,,,,,,,,,,,,1,440.0,0.0,0.0,0,NONE
2026-10-04T16:27:12.026+00:00,261.748,manual,Manual cook,temp,2100,436.1,,esp32,,0,,,,,,,,,,,,1,440.0,19.0,19.0,0,NONE
2026-10-04T16:27:13.026+00:00,262.748,manual,Manual cook,temp,2100,437.0,,esp32,,0,,,,,,,,,,,,1,440.0,0.0,0.0,0,NONE
2026-10-04T16:27:14.026+00:00,263.748,manual,Manual cook,temp,2100,436.5,,esp32,,0,,,,,,,,,,,,1,440.0,9.0,9.0,0,NONE
2026-10-04T16:27:14.526+00:00,264.248,manual,Manual cook,temp,2100,437.0,,esp32,,0,,,,,,,,,,,,1,440.0,17.0,17.0,0,NONE
2026-10-04T16:27:15.526+00:00,265.248,manual,Manual cook,temp,2100,437.0,,esp32,,0,,,,,,,,,,,,1,440.0,9.0,9.0,0,NONE
2026-10-04T16:27:16.526+00:00,266.248,manual,Manual cook,temp,2100,437.5,,esp32,,0,,,,,,,,,,,,1,440.0,1.0,1.0,0,NONE
2026-10-04T16:27:17.026+00:00,266.748,manual,Manual cook,temp,2100,437.9,,esp32,,0,,,,,,,,,,,,1,440.0,8.0,8.0,0,NONE
2026-10-04T16:27:18.026+00:00,267.747,manual,Manual cook,temp,2100,437.5,,esp32,,0,,,,,,,,,,,,1,440.0,15.0,15.0,0,NONE
2026-10-04T16:27:18.526+00:00,268.247,manual,Manual cook,temp,2100,437.5,,esp32,,0,,,,,,,,,,,,1,440.0,0.0,0.0,0,NONE
2026-10-04T16:27:19.026+00:00,268.747,manual,Manual cook,temp,2100,437.5,,esp32,,0,,,,,,,,,,,,1,440.0,15.0,15.0,0,NONE
2026-10-04T16:27:20.026+00:00,269.748,manual,Manual cook,temp,2100,437.9,,esp32,,0,,,,,,,,,,,,1,440.0,16.0,16.0,0,NONE
2026-10-04T16:27:21.026+00:00,270.747,manual,Manual cook,temp,2100,438.4,,esp32,,0,,,,,,,,,,,,1,440.0,7.0,7.0,0,NONE
2026-10-04T16:27:22.026+00:00,271.747,manual,Manual cook,temp,2100,437.9,,esp32,,0,,,,,,,,,,,,1,440.0,15.0,15.0,0,NONE
2026-10-04T16:27:23.026+00:00,272.748,manual,Manual cook,temp,2100,438.8,,esp32,,0,,,,,,,,,,,,1,440.0,7.0,7.0,0,NONE
2026-10-04T16:27:24.026+00:00,273.747,manual,Manual cook,temp,2100,438.4,,esp32,,0,,,,,,,,,,,,1,440.0,16.0,22.0,0,NONE
2026-10-04T16:27:25.026+00:00,274.748,manual,Manual cook,temp,2100,438.8,,esp32,,0,,,,,,,,,,,,1,440.0,7.0,7.0,0,NONE
2026-10-04T16:27:25.526+00:00,275.248,manual,Manual cook,temp,2100,438.4,,esp32,,0,,,,,,,,,,,,1,440.0,0.0,0.0,0,NONE
2026-10-04T16:27:26.027+00:00,275.749,manual,Manual cook,temp,2100,438.8,,esp32,,0,,,,,,,,,,,,1,440.0,14.0,14.0,0,NONE
2026-10-04T16:27:27.026+00:00,276.747,manual,Manual cook,temp,2100,437.9,,esp32,,0,,,,,,,,,,,,1,440.0,14.0,14.0,0,NONE
2026-10-04T16:27:28.025+00:00,277.747,manual,Manual cook,temp,2100,437.9,,esp32,,0,,,,,,,,,,,,1,440.0,16.0,16.0,0,NONE
2026-10-04T16:27:29.026+00:00,278.748,manual,Manual cook,temp,2100,438.4,,esp32,,0,,,,,,,,,,,,1,440.0,16.0,16.0,0,NONE
2026-10-04T16:27:30.025+00:00,279.747,manual,Manual cook,temp,2100,438.4,,esp32,,0,,,,,,,,,,,,1,440.0,7.0,7.0,0,NONE
2026-10-04T16:27:31.025+00:00,280.747,manual,Manual cook,temp,2100,437.0,,esp32,,0,,,,,,,,,,,,1,440.0,7.0,7.0,0,NONE
2026-10-04T16:27:31.527+00:00,281.248,manual,Manual cook,temp,2100,437.0,,esp32,,0,,,,,,,,,,,,1,440.0,31.0,31.0,0,NONE
2026-10-04T16:27:32.525+00:00,282.247,manual,Manual cook,temp,2100,437.0,,esp32,,0,,,,,,,,,,,,1,440.0,0.0,0.0,0,NONE
2026-10-04T16:27:33.525+00:00,283.247,manual,Manual cook,temp,2100,437.5,,esp32,,0,,,,,,,,,,,,1,440.0,2.0,2.0,0,NONE
2026-10-04T16:27:34.025+00:00,283.747,manual,Manual cook,temp,2100,438.4,,esp32,,0,,,,,,,,,,,,1,440.0,0.0,0.0,0,NONE
2026-10-04T16:27:34.525+00:00,284.247,manual,Manual cook,temp,2100,437.9,,esp32,,0,,,,,,,,,,,,1,440.0,15.0,15.0,0,NONE
2026-10-04T16:27:35.026+00:00,284.748,manual,Manual cook,temp,2100,437.5,,esp32,,0,,,,,,,,,,,,1,440.0,32.0,32.0,0,NONE
2026-10-04T16:27:36.025+00:00,285.747,manual,Manual cook,temp,2100,437.0,,esp32,,0,,,,,,,,,,,,1,440.0,0.0,0.0,0,NONE
2026-10-04T16:27:37.025+00:00,286.747,manual,Manual cook,temp,2100,436.1,,esp32,,0,,,,,,,,,,,,1,440.0,0.0,0.0,0,NONE
2026-10-04T16:27:38.025+00:00,287.747,manual,Manual cook,temp,2100,437.9,,esp32,,0,,,,,,,,,,,,1,440.0,0.0,0.0,0,NONE
2026-10-04T16:27:39.025+00:00,288.747,manual,Manual cook,temp,2100,436.5,,esp32,,0,,,,,,,,,,,,1,440.0,16.0,16.0,0,NONE
2026-10-04T16:27:40.025+00:00,289.747,manual,Manual cook,temp,2100,437.0,,esp32,,0,,,,,,,,,,,,1,440.0,0.0,0.0,0,NONE
2026-10-04T16:27:41.026+00:00,290.748,manual,Manual cook,temp,2100,435.6,,esp32,,0,,,,,,,,,,,,1,440.0,34.0,34.0,0,NONE
2026-10-04T16:27:42.025+00:00,291.747,manual,Manual cook,temp,2100,437.0,,esp32,,0,,,,,,,,,,,,1,440.0,3.0,3.0,0,NONE
2026-10-04T16:27:42.527+00:00,292.249,manual,Manual cook,temp,2100,436.5,,esp32,,0,,,,,,,,,,,,1,440.0,18.0,18.0,0,NONE
2026-10-04T16:27:43.525+00:00,293.247,manual,Manual cook,temp,2100,436.5,,esp32,,0,,,,,,,,,,,,1,440.0,11.0,11.0,0,NONE
2026-10-04T16:27:44.025+00:00,293.747,manual,Manual cook,temp,2100,436.5,,esp32,,0,,,,,,,,,,,,1,440.0,11.0,11.0,0,NONE
2026-10-04T16:27:45.025+00:00,294.747,manual,Manual cook,temp,2100,435.2,,esp32,,0,,,,,,,,,,,,1,440.0,36.0,36.0,0,NONE
2026-10-04T16:27:46.025+00:00,295.747,manual,Manual cook,temp,2100,435.6,,esp32,,0,,,,,,,,,,,,1,440.0,0.0,0.0,0,NONE
2026-10-04T16:27:47.025+00:00,296.747,manual,Manual cook,temp,2100,436.5,,esp32,,0,,,,,,,,,,,,1,440.0,5.0,5.0,0,NONE
2026-10-04T16:27:48.025+00:00,297.747,manual,Manual cook,temp,2100,435.6,,esp32,,0,,,,,,,,,,,,1,440.0,20.0,20.0,0,NONE
2026-10-04T16:27:49.025+00:00,298.747,manual,Manual cook,temp,2100,437.0,,esp32,,0,,,,,,,,,,,,1,440.0,0.0,0.0,0,NONE
2026-10-04T16:27:49.525+00:00,299.247,manual,Manual cook,temp,2100,436.5,,esp32,,0,,,,,,,,,,,,1,440.0,3.0,3.0,0,NONE
2026-10-04T16:27:50.525+00:00,300.247,manual,Manual cook,temp,2100,436.5,,esp32,,0,,,,,,,,,,,,1,440.0,20.0,20.0,0,NONE
2026-10-04T16:27:51.525+00:00,301.247,manual,Manual cook,temp,2100,437.5,,esp32,,0,,,,,,,,,,,,1,440.0,0.0,0.0,0,NONE
2026-10-04T16:27:52.025+00:00,301.747,manual,Manual cook,temp,2100,437.0,,esp32,,0,,,,,,,,,,,,1,440.0,16.0,18.0,0,NONE
2026-10-04T16:27:52.525+00:00,302.247,manual,Manual cook,temp,2100,437.5,,esp32,,0,,,,,,,,,,,,1,440.0,3.0,3.0,0,NONE
2026-10-04T16:27:53.025+00:00,302.747,manual,Manual cook,temp,2100,437.5,,esp32,,0,,,,,,,,,,,,1,440.0,10.0,10.0,0,NONE
2026-10-04T16:27:53.527+00:00,303.249,manual,Manual cook,temp,2100,436.5,,esp32,,0,,,,,,,,,,,,1,440.0,26.0,26.0,0,NONE
2026-10-04T16:27:54.525+00:00,304.247,manual,Manual cook,temp,2100,437.9,,esp32,,0,,,,,,,,,,,,1,440.0,3.0,3.0,0,NONE
2026-10-04T16:27:55.525+00:00,305.247,manual,Manual cook,temp,2100,437.5,,esp32,,0,,,,,,,,,,,,1,440.0,17.0,17.0,0,NONE
2026-10-04T16:27:56.525+00:00,306.247,manual,Manual cook,temp,2100,437.9,,esp32,,0,,,,,,,,,,,,1,440.0,9.0,9.0,0,NONE
2026-10-04T16:27:57.025+00:00,306.747,manual,Manual cook,temp,2100,438.4,,esp32,,0,,,,,,,,,,,,1,440.0,1.0,1.0,0,NONE
2026-10-04T16:27:57.525+00:00,307.247,manual,Manual cook,temp,2100,437.9,,esp32,,0,,,,,,,,,,,,1,440.0,17.0,17.0,0,NONE
2026-10-04T16:27:58.025+00:00,307.747,manual,Manual cook,temp,2100,438.8,,esp32,,0,,,,,,,,,,,,1,440.0,9.0,9.0,0,NONE
2026-10-04T16:27:58.525+00:00,308.247,manual,Manual cook,temp,2100,437.9,,esp32,,0,,,,,,,,,,,,1,440.0,0.0,0.0,0,NONE
2026-10-04T16:27:59.026+00:00,308.748,manual,Manual cook,temp,2100,438.8,,esp32,,0,,,,,,,,,,,,1,440.0,16.0,24.0,0,NONE
2026-10-04T16:28:00.025+00:00,309.747,manual,Manual cook,temp,2100,438.8,,esp32,,0,,,,,,,,,,,,1,440.0,8.0,8.0,0,NONE
2026-10-04T16:28:00.525+00:00,310.247,manual,Manual cook,temp,2100,438.8,,esp32,,0,,,,,,,,,,,,1,440.0,32.0,32.0,0,NONE
2026-10-04T16:28:01.525+00:00,311.247,manual,Manual cook,temp,2100,438.8,,esp32,,0,,,,,,,,,,,,1,440.0,8.0,8.0,0,NONE
2026-10-04T16:28:02.025+00:00,311.747,manual,Manual cook,temp,2100,438.4,,esp32,,0,,,,,,,,,,,,1,440.0,16.0,16.0,0,NONE
2026-10-04T16:28:03.025+00:00,312.747,manual,Manual cook,temp,2100,438.8,,esp32,,0,,,,,,,,,,,,1,440.0,0.0,0.0,0,NONE
2026-10-04T16:28:03.525+00:00,313.247,manual,Manual cook,temp,2100,438.8,,esp32,,0,,,,,,,,,,,,1,440.0,0.0,0.0,0,NONE
2026-10-04T16:28:04.525+00:00,314.247,manual,Manual cook,temp,2100,438.8,,esp32,,0,,,,,,,,,,,,1,440.0,8.0,8.0,0,NONE
2026-10-04T16:28:05.025+00:00,314.747,manual,Manual cook,temp,2100,438.4,,esp32,,0,,,,,,,,,,,,1,440.0,16.0,16.0,0,NONE
2026-10-04T16:28:06.025+00:00,315.747,manual,Manual cook,temp,2100,438.8,,esp32,,0,,,,,,,,,,,,1,440.0,0.0,0.0,0,NONE
2026-10-04T16:28:07.025+00:00,316.747,manual,Manual cook,temp,2100,439.3,,esp32,,0,,,,,,,,,,,,1,440.0,7.0,7.0,0,NONE
2026-10-04T16:28:08.025+00:00,317.747,manual,Manual cook,temp,2100,438.4,,esp32,,0,,,,,,,,,,,,1,440.0,16.0,16.0,0,NONE
2026-10-04T16:28:08.525+00:00,318.247,manual,Manual cook,temp,2100,439.3,,esp32,,0,,,,,,,,,,,,1,440.0,1.0,1.0,0,NONE
2026-10-04T16:28:09.525+00:00,319.247,manual,Manual cook,temp,2100,438.4,,esp32,,0,,,,,,,,,,,,1,440.0,7.0,7.0,0,NONE
2026-10-04T16:28:10.525+00:00,320.247,manual,Manual cook,temp,2100,438.8,,esp32,,0,,,,,,,,,,,,1,440.0,1.0,1.0,0,NONE
2026-10-04T16:28:11.026+00:00,320.748,manual,Manual cook,temp,2100,438.4,,esp32,,0,,,,,,,,,,,,1,440.0,16.0,16.0,0,NONE
2026-10-04T16:28:12.025+00:00,321.747,manual,Manual cook,temp,2100,438.8,,esp32,,0,,,,,,,,,,,,1,440.0,15.0,15.0,0,NONE
2026-10-04T16:28:13.025+00:00,322.746,manual,Manual cook,temp,2100,438.4,,esp32,,0,,,,,,,,,,,,1,440.0,16.0,16.0,0,NONE
2026-10-04T16:28:14.025+00:00,323.746,manual,Manual cook,temp,2100,438.4,,esp32,,0,,,,,,,,,,,,1,440.0,16.0,23.0,0,NONE
2026-10-04T16:28:15.025+00:00,324.747,manual,Manual cook,temp,2100,438.4,,esp32,,0,,,,,,,,,,,,1,440.0,16.0,23.0,0,NONE
2026-10-04T16:28:16.025+00:00,325.747,manual,Manual cook,temp,2100,438.8,,esp32,,0,,,,,,,,,,,,1,440.0,1.0,1.0,0,NONE
2026-10-04T16:28:17.025+00:00,326.746,manual,Manual cook,temp,2100,438.8,,esp32,,0,,,,,,,,,,,,1,440.0,8.0,8.0,0,NONE
2026-10-04T16:28:18.024+00:00,327.746,manual,Manual cook,temp,2100,438.8,,esp32,,0,,,,,,,,,,,,1,440.0,8.0,8.0,0,NONE
2026-10-04T16:28:18.525+00:00,328.246,manual,Manual cook,temp,2100,438.8,,esp32,,0,,,,,,,,,,,,1,440.0,0.0,0.0,0,NONE
2026-10-04T16:28:19.525+00:00,329.246,manual,Manual cook,temp,2100,439.3,,esp32,,0,,,,,,,,,,,,1,440.0,0.0,0.0,0,NONE
2026-10-04T16:28:20.025+00:00,329.747,manual,Manual cook,temp,2100,439.3,,esp32,,0,,,,,,,,,,,,1,440.0,7.0,7.0,0,NONE
2026-10-04T16:28:21.025+00:00,330.747,manual,Manual cook,temp,2100,439.3,,esp32,,0,,,,,,,,,,,,1,440.0,0.0,0.0,0,NONE
2026-10-04T16:28:21.525+00:00,331.247,manual,Manual cook,temp,2100,439.3,,esp32,,0,,,,,,,,,,,,1,440.0,7.0,7.0,0,NONE
2026-10-04T16:28:22.524+00:00,332.246,manual,Manual cook,temp,2100,438.8,,esp32,,0,,,,,,,,,,,,1,440.0,1.0,1.0,0,NONE
2026-10-04T16:28:23.027+00:00,332.749,manual,Manual cook,temp,2100,438.4,,esp32,,0,,,,,,,,,,,,1,440.0,0.0,0.0,0,NONE
2026-10-04T16:28:24.024+00:00,333.746,manual,Manual cook,temp,2100,438.4,,esp32,,0,,,,,,,,,,,,1,440.0,9.0,9.0,0,NONE
2026-10-04T16:28:24.524+00:00,334.246,manual,Manual cook,temp,2100,438.4,,esp32,,0,,,,,,,,,,,,1,440.0,0.0,0.0,0,NONE
2026-10-04T16:28:25.524+00:00,335.246,manual,Manual cook,temp,2100,437.9,,esp32,,0,,,,,,,,,,,,1,440.0,17.0,17.0,0,NONE
2026-10-04T16:28:26.024+00:00,335.746,manual,Manual cook,temp,2100,438.8,,esp32,,0,,,,,,,,,,,,1,440.0,0.0,0.0,0,NONE
2026-10-04T16:28:27.024+00:00,336.746,manual,Manual cook,temp,2100,438.8,,esp32,,0,,,,,,,,,,,,1,440.0,8.0,8.0,0,NONE
2026-10-04T16:28:27.524+00:00,337.246,manual,Manual cook,temp,2100,438.4,,esp32,,0,,,,,,,,,,,,1,440.0,16.0,16.0,0,NONE
2026-10-04T16:28:28.524+00:00,338.246,manual,Manual cook,temp,2100,438.8,,esp32,,0,,,,,,,,,,,,1,440.0,8.0,8.0,0,NONE
2026-10-04T16:28:29.025+00:00,338.747,manual,Manual cook,temp,2100,438.8,,esp32,,0,,,,,,,,,,,,1,440.0,8.0,8.0,0,NONE
2026-10-04T16:28:30.024+00:00,339.746,manual,Manual cook,temp,2100,438.8,,esp32,,0,,,,,,,,,,,,1,440.0,8.0,8.0,0,NONE
2026-10-04T16:28:31.024+00:00,340.746,manual,Manual cook,temp,2100,439.3,,esp32,,0,,,,,,,,,,,,1,440.0,7.0,7.0,0,NONE
2026-10-04T16:28:31.524+00:00,341.246,manual,Manual cook,temp,2100,438.8,,esp32,,0,,,,,,,,,,,,1,440.0,16.0,16.0,0,NONE
2026-10-04T16:28:32.025+00:00,341.747,manual,Manual cook,temp,2100,438.8,,esp32,,0,,,,,,,,,,,,1,440.0,8.0,8.0,0,NONE
2026-10-04T16:28:32.525+00:00,342.247,manual,Manual cook,temp,2100,438.8,,esp32,,0,,,,,,,,,,,,1,440.0,8.0,8.0,0,NONE
2026-10-04T16:28:33.025+00:00,342.747,manual,Manual cook,temp,2100,438.4,,esp32,,0,,,,,,,,,,,,1,440.0,17.0,17.0,0,NONE
2026-10-04T16:28:34.024+00:00,343.746,manual,Manual cook,temp,2100,438.4,,esp32,,0,,,,,,,,,,,,1,440.0,8.0,8.0,0,NONE
2026-10-04T16:28:35.026+00:00,344.748,manual,Manual cook,temp,2100,439.3,,esp32,,0,,,,,,,,,,,,1,440.0,0.0,0.0,0,NONE
2026-10-04T16:28:36.024+00:00,345.746,manual,Manual cook,temp,2100,439.7,,esp32,,0,,,,,,,,,,,,1,440.0,0.0,0.0,0,NONE
2026-10-04T16:28:37.024+00:00,346.746,manual,Manual cook,temp,2100,439.7,,esp32,,0,,,,,,,,,,,,1,440.0,0.0,0.0,0,NONE
2026-10-04T16:28:37.524+00:00,347.246,manual,Manual cook,temp,2100,439.7,,esp32,,0,,,,,,,,,,,,1,440.0,7.0,7.0,0,NONE
2026-10-04T16:28:38.025+00:00,347.746,manual,Manual cook,temp,2100,439.7,,esp32,,0,,,,,,,,,,,,1,440.0,7.0,7.0,0,NONE
2026-10-04T16:28:38.525+00:00,348.247,manual,Manual cook,temp,2100,439.7,,esp32,,0,,,,,,,,,,,,1,440.0,7.0,7.0,0,NONE
2026-10-04T16:28:39.027+00:00,348.749,manual,Manual cook,temp,2100,440.1,,esp32,,0,,,,,,,,,,,,1,440.0,0.0,0.0,0,NONE
2026-10-04T16:28:40.024+00:00,349.746,manual,Manual cook,temp,2100,438.8,,esp32,,0,,,,,,,,,,,,1,440.0,16.0,16.0,0,NONE
2026-10-04T16:28:41.025+00:00,350.747,manual,Manual cook,temp,2100,439.3,,esp32,,0,,,,,,,,,,,,1,440.0,15.0,15.0,0,NONE
2026-10-04T16:28:42.024+00:00,351.746,manual,Manual cook,temp,2100,439.7,,esp32,,0,,,,,,,,,,,,1,440.0,14.0,14.0,0,NONE
2026-10-04T16:28:42.524+00:00,352.246,manual,Manual cook,temp,2100,439.3,,esp32,,0,,,,,,,,,,,,1,440.0,15.0,15.0,0,NONE
2026-10-04T16:28:43.524+00:00,353.246,manual,Manual cook,temp,2100,439.7,,esp32,,0,,,,,,,,,,,,1,440.0,0.0,0.0,0,NONE
2026-10-04T16:28:44.025+00:00,353.747,manual,Manual cook,temp,2100,439.7,,esp32,,0,,,,,,,,,,,,1,440.0,7.0,7.0,0,NONE
2026-10-04T16:28:45.024+00:00,354.746,manual,Manual cook,temp,2100,439.7,,esp32,,0,,,,,,,,,,,,1,440.0,7.0,7.0,0,NONE
2026-10-04T16:28:45.524+00:00,355.246,manual,Manual cook,temp,2100,439.3,,esp32,,0,,,,,,,,,,,,1,440.0,15.0,15.0,0,NONE
2026-10-04T16:28:46.024+00:00,355.746,manual,Manual cook,temp,2100,439.7,,esp32,,0,,,,,,,,,,,,1,440.0,8.0,8.0,0,NONE
2026-10-04T16:28:47.025+00:00,356.746,manual,Manual cook,temp,2100,438.8,,esp32,,0,,,,,,,,,,,,1,440.0,7.0,7.0,0,NONE
2026-10-04T16:28:48.024+00:00,357.746,manual,Manual cook,temp,2100,440.1,,esp32,,0,,,,,,,,,,,,1,440.0,0.0,0.0,0,NONE
2026-10-04T16:28:48.524+00:00,358.246,manual,Manual cook,temp,2100,440.6,,esp32,,0,,,,,,,,,,,,1,440.0,0.0,0.0,0,NONE
2026-10-04T16:28:49.024+00:00,358.746,manual,Manual cook,temp,2100,439.3,,esp32,,0,,,,,,,,,,,,1,440.0,16.0,29.0,0,NONE
2026-10-04T16:28:49.525+00:00,359.247,manual,Manual cook,temp,2100,439.3,,esp32,,0,,,,,,,,,,,,1,440.0,8.0,8.0,0,NONE
2026-10-04T16:28:50.524+00:00,360.246,manual,Manual cook,temp,2100,440.1,,esp32,,0,,,,,,,,,,,,1,440.0,6.0,6.0,0,NONE
2026-10-04T16:28:51.524+00:00,361.246,manual,Manual cook,temp,2100,440.6,,esp32,,0,,,,,,,,,,,,1,440.0,8.0,8.0,0,NONE
2026-10-04T16:28:52.524+00:00,362.246,manual,Manual cook,temp,2100,440.1,,esp32,,0,,,,,,,,,,,,1,440.0,13.0,13.0,0,NONE
2026-10-04T16:28:53.524+00:00,363.246,manual,Manual cook,temp,2100,440.1,,esp32,,0,,,,,,,,,,,,1,440.0,14.0,14.0,0,NONE
2026-10-04T16:28:54.524+00:00,364.246,manual,Manual cook,temp,2100,439.7,,esp32,,0,,,,,,,,,,,,1,440.0,14.0,14.0,0,NONE
2026-10-04T16:28:55.024+00:00,364.746,manual,Manual cook,temp,2100,439.3,,esp32,,0,,,,,,,,,,,,1,440.0,7.0,7.0,0,NONE
2026-10-04T16:28:56.024+00:00,365.746,manual,Manual cook,temp,2100,439.3,,esp32,,0,,,,,,,,,,,,1,440.0,8.0,8.0,0,NONE
2026-10-04T16:28:56.524+00:00,366.246,manual,Manual cook,temp,2100,440.6,,esp32,,0,,,,,,,,,,,,1,440.0,0.0,0.0,0,NONE
2026-10-04T16:28:57.524+00:00,367.246,manual,Manual cook,temp,2100,439.7,,esp32,,0,,,,,,,,,,,,1,440.0,21.0,21.0,0,NONE
2026-10-04T16:28:58.524+00:00,368.246,manual,Manual cook,temp,2100,440.1,,esp32,,0,,,,,,,,,,,,1,440.0,6.0,6.0,0,NONE
2026-10-04T16:28:59.524+00:00,369.246,manual,Manual cook,temp,2100,439.7,,esp32,,0,,,,,,,,,,,,1,440.0,6.0,6.0,0,NONE
2026-10-04T16:29:00.525+00:00,370.247,manual,Manual cook,temp,2100,440.1,,esp32,,0,,,,,,,,,,,,1,440.0,0.0,0.0,0,NONE
2026-10-04T16:29:01.524+00:00,371.246,manual,Manual cook,temp,2100,441.0,,esp32,,0,,,,,,,,,,,,1,440.0,12.0,12.0,0,NONE
2026-10-04T16:29:02.524+00:00,372.246,manual,Manual cook,temp,2100,440.1,,esp32,,0,,,,,,,,,,,,1,440.0,16.0,20.0,0,NONE
2026-10-04T16:29:03.024+00:00,372.746,manual,Manual cook,temp,2100,441.5,,esp32,,0,,,,,,,,,,,,1,440.0,0.0,0.0,0,NONE
2026-10-04T16:29:04.024+00:00,373.746,manual,Manual cook,temp,2100,441.0,,esp32,,0,,,,,,,,,,,,1,440.0,11.0,11.0,0,NONE
2026-10-04T16:29:05.024+00:00,374.746,manual,Manual cook,temp,2100,440.6,,esp32,,0,,,,,,,,,,,,1,440.0,13.0,13.0,0,NONE
2026-10-04T16:29:06.024+00:00,375.746,manual,Manual cook,temp,2100,439.3,,esp32,,0,,,,,,,,,,,,1,440.0,16.0,29.0,0,NONE
2026-10-04T16:29:07.025+00:00,376.747,manual,Manual cook,temp,2100,440.6,,esp32,,0,,,,,,,,,,,,1,440.0,5.0,5.0,0,NONE
2026-10-04T16:29:08.024+00:00,377.746,manual,Manual cook,temp,2100,440.1,,esp32,,0,,,,,,,,,,,,1,440.0,21.0,21.0,0,NONE
2026-10-04T16:29:09.024+00:00,378.745,manual,Manual cook,temp,2100,440.6,,esp32,,0,,,,,,,,,,,,1,440.0,0.0,0.0,0,NONE
2026-10-04T16:29:10.030+00:00,379.751,manual,Manual cook,temp,2100,440.1,,esp32,,0,,,,,,,,,,,,1,440.0,13.0,13.0,0,NONE
2026-10-04T16:29:11.024+00:00,380.746,manual,Manual cook,temp,2100,440.1,,esp32,,0,,,,,,,,,,,,1,440.0,6.0,6.0,0,NONE
2026-10-04T16:29:12.024+00:00,381.745,manual,Manual cook,temp,2100,440.1,,esp32,,0,,,,,,,,,,,,1,440.0,0.0,0.0,0,NONE
2026-10-04T16:29:13.024+00:00,382.746,manual,Manual cook,temp,2100,439.7,,esp32,,0,,,,,,,,,,,,1,440.0,14.0,14.0,0,NONE
2026-10-04T16:29:14.024+00:00,383.745,manual,Manual cook,temp,2100,440.6,,esp32,,0,,,,,,,,,,,,1,440.0,5.0,5.0,0,NONE
2026-10-04T16:29:14.524+00:00,384.245,manual,Manual cook,temp,2100,439.7,,esp32,,0,,,,,,,,,,,,1,440.0,21.0,21.0,0,NONE
2026-10-04T16:29:15.523+00:00,385.245,manual,Manual cook,temp,2100,439.7,,esp32,,0,,,,,,,,,,,,1,440.0,14.0,14.0,0,NONE
2026-10-04T16:29:16.024+00:00,385.746,manual,Manual cook,temp,2100,440.1,,esp32,,0,,,,,,,,,,,,1,440.0,0.0,0.0,0,NONE
2026-10-04T16:29:16.524+00:00,386.246,manual,Manual cook,temp,2100,440.1,,esp32,,0,,,,,,,,,,,,1,440.0,6.0,6.0,0,NONE
2026-10-04T16:29:17.524+00:00,387.246,manual,Manual cook,temp,2100,439.7,,esp32,,0,,,,,,,,,,,,1,440.0,13.0,13.0,0,NONE
2026-10-04T16:29:18.523+00:00,388.245,manual,Manual cook,temp,2100,440.6,,esp32,,0,,,,,,,,,,,,1,440.0,0.0,0.0,0,NONE
2026-10-04T16:29:19.028+00:00,388.750,manual,Manual cook,temp,2100,439.7,,esp32,,0,,,,,,,,,,,,1,440.0,16.0,21.0,0,NONE
2026-10-04T16:29:20.024+00:00,389.745,manual,Manual cook,temp,2100,440.6,,esp32,,0,,,,,,,,,,,,1,440.0,6.0,6.0,0,NONE
2026-10-04T16:29:21.023+00:00,390.745,manual,Manual cook,temp,2100,439.7,,esp32,,0,,,,,,,,,,,,1,440.0,16.0,21.0,0,NONE
2026-10-04T16:29:21.524+00:00,391.245,manual,Manual cook,temp,2100,440.1,,esp32,,0,,,,,,,,,,,,1,440.0,15.0,15.0,0,NONE
2026-10-04T16:29:22.024+00:00,391.746,manual,Manual cook,temp,2100,440.1,,esp32,,0,,,,,,,,,,,,1,440.0,0.0,0.0,0,NONE
2026-10-04T16:29:23.023+00:00,392.745,manual,Manual cook,temp,2100,440.1,,esp32,,0,,,,,,,,,,,,1,440.0,6.0,6.0,0,NONE
2026-10-04T16:29:23.523+00:00,393.245,manual,Manual cook,temp,2100,439.3,,esp32,,0,,,,,,,,,,,,1,440.0,22.0,22.0,0,NONE
2026-10-04T16:29:24.523+00:00,394.245,manual,Manual cook,temp,2100,438.8,,esp32,,0,,,,,,,,,,,,1,440.0,16.0,23.0,0,NONE
2026-10-04T16:29:25.024+00:00,394.746,manual,Manual cook,temp,2100,439.3,,esp32,,0,,,,,,,,,,,,1,440.0,1.0,1.0,0,NONE
2026-10-04T16:29:26.023+00:00,395.745,manual,Manual cook,temp,2100,439.3,,esp32,,0,,,,,,,,,,,,1,440.0,8.0,8.0,0,NONE
2026-10-04T16:29:26.523+00:00,396.245,manual,Manual cook,temp,2100,438.8,,esp32,,0,,,,,,,,,,,,1,440.0,0.0,0.0,0,NONE
2026-10-04T16:29:27.024+00:00,396.746,manual,Manual cook,temp,2100,438.8,,esp32,,0,,,,,,,,,,,,1,440.0,16.0,23.0,0,NONE
2026-10-04T16:29:28.024+00:00,397.746,manual,Manual cook,temp,2100,438.8,,esp32,,0,,,,,,,,,,,,1,440.0,16.0,23.0,0,NONE
2026-10-04T16:29:29.023+00:00,398.745,manual,Manual cook,temp,2100,438.4,,esp32,,0,,,,,,,,,,,,1,440.0,17.0,17.0,0,NONE
2026-10-04T16:29:29.523+00:00,399.245,manual,Manual cook,temp,2100,438.4,,esp32,,0,,,,,,,,,,,,1,440.0,10.0,10.0,0,NONE
2026-10-04T16:29:30.523+00:00,400.245,manual,Manual cook,temp,2100,439.3,,esp32,,0,,,,,,,,,,,,1,440.0,1.0,1.0,0,NONE
2026-10-04T16:29:31.025+00:00,400.747,manual,Manual cook,temp,2100,438.8,,esp32,,0,,,,,,,,,,,,1,440.0,16.0,16.0,0,NONE
2026-10-04T16:29:32.023+00:00,401.745,manual,Manual cook,temp,2100,437.9,,esp32,,0,,,,,,,,,,,,1,440.0,24.0,24.0,0,NONE
2026-10-04T16:29:33.024+00:00,402.746,manual,Manual cook,temp,2100,437.9,,esp32,,0,,,,,,,,,,,,1,440.0,3.0,3.0,0,NONE
2026-10-04T16:29:34.024+00:00,403.746,manual,Manual cook,temp,2100,439.3,,esp32,,0,,,,,,,,,,,,1,440.0,0.0,0.0,0,NONE
2026-10-04T16:29:35.023+00:00,404.745,manual,Manual cook,temp,2100,438.8,,esp32,,0,,,,,,,,,,,,1,440.0,16.0,16.0,0,NONE
2026-10-04T16:29:35.523+00:00,405.245,manual,Manual cook,temp,2100,438.4,,esp32,,0,,,,,,,,,,,,1,440.0,17.0,17.0,0,NONE
2026-10-04T16:29:36.523+00:00,406.245,manual,Manual cook,temp,2100,438.8,,esp32,,0,,,,,,,,,,,,1,440.0,26.0,26.0,0,NONE
2026-10-04T16:29:37.025+00:00,406.747,manual,Manual cook,temp,2100,438.8,,esp32,,0,,,,,,,,,,,,1,440.0,0.0,0.0,0,NONE
2026-10-04T16:29:38.023+00:00,407.745,manual,Manual cook,temp,2100,438.4,,esp32,,0,,,,,,,,,,,,1,440.0,10.0,10.0,0,NONE
2026-10-04T16:29:38.525+00:00,408.247,manual,Manual cook,temp,2100,437.9,,esp32,,0,,,,,,,,,,,,1,440.0,18.0,18.0,0,NONE
2026-10-04T16:29:39.523+00:00,409.245,manual,Manual cook,temp,2100,438.8,,esp32,,0,,,,,,,,,,,,1,440.0,0.0,0.0,0,NONE
2026-10-04T16:29:40.024+00:00,409.745,manual,Manual cook,temp,2100,438.8,,esp32,,0,,,,,,,,,,,,1,440.0,2.0,2.0,0,NONE
2026-10-04T16:29:41.023+00:00,410.745,manual,Manual cook,temp,2100,438.8,,esp32,,0,,,,,,,,,,,,1,440.0,2.0,2.0,0,NONE
2026-10-04T16:29:41.523+00:00,411.245,manual,Manual cook,temp,2100,438.8,,esp32,,0,,,,,,,,,,,,1,440.0,9.0,9.0,0,NONE
2026-10-04T16:29:42.523+00:00,412.245,manual,Manual cook,temp,2100,439.3,,esp32,,0,,,,,,,,,,,,1,440.0,1.0,1.0,0,NONE
2026-10-04T16:29:43.024+00:00,412.746,manual,Manual cook,temp,2100,438.8,,esp32,,0,,,,,,,,,,,,1,440.0,24.0,24.0,0,NONE
2026-10-04T16:29:44.025+00:00,413.747,manual,Manual cook,temp,2100,438.4,,esp32,,0,,,,,,,,,,,,1,440.0,25.0,25.0,0,NONE
2026-10-04T16:29:45.023+00:00,414.745,manual,Manual cook,temp,2100,437.9,,esp32,,0,,,,,,,,,,,,1,440.0,18.0,18.0,0,NONE
2026-10-04T16:29:46.023+00:00,415.745,manual,Manual cook,temp,2100,438.4,,esp32,,0,,,,,,,,,,,,1,440.0,10.0,10.0,0,NONE
2026-10-04T16:29:46.523+00:00,416.245,manual,Manual cook,temp,2100,438.8,,esp32,,0,,,,,,,,,,,,1,440.0,10.0,10.0,0,NONE
2026-10-04T16:29:47.523+00:00,417.245,manual,Manual cook,temp,2100,438.8,,esp32,,0,,,,,,,,,,,,1,440.0,9.0,9.0,0,NONE
2026-10-04T16:29:48.523+00:00,418.245,manual,Manual cook,temp,2100,439.7,,esp32,,0,,,,,,,,,,,,1,440.0,8.0,8.0,0,NONE
2026-10-04T16:29:49.023+00:00,418.745,manual,Manual cook,temp,2100,438.4,,esp32,,0,,,,,,,,,,,,1,440.0,0.0,0.0,0,NONE
2026-10-04T16:29:49.526+00:00,419.248,manual,Manual cook,temp,2100,438.4,,esp32,,0,,,,,,,,,,,,1,440.0,16.0,32.0,0,NONE
2026-10-04T16:29:50.523+00:00,420.245,manual,Manual cook,temp,2100,439.7,,esp32,,0,,,,,,,,,,,,1,440.0,0.0,0.0,0,NONE
2026-10-04T16:29:51.023+00:00,420.745,manual,Manual cook,temp,2100,439.7,,esp32,,0,,,,,,,,,,,,1,440.0,8.0,8.0,0,NONE
2026-10-04T16:29:51.523+00:00,421.245,manual,Manual cook,temp,2100,439.7,,esp32,,0,,,,,,,,,,,,1,440.0,8.0,8.0,0,NONE
2026-10-04T16:29:52.523+00:00,422.245,manual,Manual cook,temp,2100,439.7,,esp32,,0,,,,,,,,,,,,1,440.0,15.0,15.0,0,NONE
2026-10-04T16:29:53.523+00:00,423.245,manual,Manual cook,temp,2100,439.7,,esp32,,0,,,,,,,,,,,,1,440.0,8.0,8.0,0,NONE
2026-10-04T16:29:54.023+00:00,423.745,manual,Manual cook,temp,2100,438.8,,esp32,,0,,,,,,,,,,,,1,440.0,8.0,8.0,0,NONE
2026-10-04T16:29:54.523+00:00,424.245,manual,Manual cook,temp,2100,439.3,,esp32,,0,,,,,,,,,,,,1,440.0,24.0,24.0,0,NONE
2026-10-04T16:29:55.026+00:00,424.748,manual,Manual cook,temp,2100,439.3,,esp32,,0,,,,,,,,,,,,1,440.0,1.0,1.0,0,NONE
2026-10-04T16:29:56.025+00:00,425.747,manual,Manual cook,temp,2100,437.9,,esp32,,0,,,,,,,,,,,,1,440.0,16.0,47.0,0,NONE
2026-10-04T16:29:57.024+00:00,426.746,manual,Manual cook,temp,2100,439.3,,esp32,,0,,,,,,,,,,,,1,440.0,8.0,8.0,0,NONE
2026-10-04T16:29:58.023+00:00,427.745,manual,Manual cook,temp,2100,438.8,,esp32,,0,,,,,,,,,,,,1,440.0,17.0,17.0,0,NONE
2026-10-04T16:29:59.023+00:00,428.745,manual,Manual cook,temp,2100,439.3,,esp32,,0,,,,,,,,,,,,1,440.0,9.0,9.0,0,NONE
2026-10-04T16:30:00.023+00:00,429.745,manual,Manual cook,temp,2100,437.9,,esp32,,0,,,,,,,,,,,,1,440.0,9.0,9.0,0,NONE
2026-10-04T16:30:00.525+00:00,430.247,manual,Manual cook,temp,2100,437.9,,esp32,,0,,,,,,,,,,,,1,440.0,33.0,33.0,0,NONE
2026-10-04T16:30:01.523+00:00,431.245,manual,Manual cook,temp,2100,438.4,,esp32,,0,,,,,,,,,,,,1,440.0,3.0,3.0,0,NONE
2026-10-04T16:30:02.023+00:00,431.745,manual,Manual cook,temp,2100,439.3,,esp32,,0,,,,,,,,,,,,1,440.0,10.0,10.0,0,NONE
2026-10-04T16:30:03.025+00:00,432.747,manual,Manual cook,temp,2100,439.7,,esp32,,0,,,,,,,,,,,,1,440.0,9.0,9.0,0,NONE
2026-10-04T16:30:04.023+00:00,433.745,manual,Manual cook,temp,2100,439.7,,esp32,,0,,,,,,,,,,,,1,440.0,8.0,8.0,0,NONE
2026-10-04T16:30:05.023+00:00,434.745,manual,Manual cook,temp,2100,439.7,,esp32,,0,,,,,,,,,,,,1,440.0,8.0,8.0,0,NONE
2026-10-04T16:30:06.024+00:00,435.746,manual,Manual cook,temp,2100,439.7,,esp32,,0,,,,,,,,,,,,1,440.0,8.0,8.0,0,NONE
2026-10-04T16:30:07.023+00:00,436.745,manual,Manual cook,temp,2100,439.7,,esp32,,0,,,,,,,,,,,,1,440.0,8.0,8.0,0,NONE
2026-10-04T16:30:08.023+00:00,437.745,manual,Manual cook,temp,2100,440.6,,esp32,,0,,,,,,,,,,,,1,440.0,0.0,0.0,0,NONE
2026-10-04T16:30:09.023+00:00,438.745,manual,Manual cook,temp,2100,441.0,,esp32,,0,,,,,,,,,,,,1,440.0,14.0,14.0,0,NONE
2026-10-04T16:30:10.023+00:00,439.745,manual,Manual cook,temp,2100,440.6,,esp32,,0,,,,,,,,,,,,1,440.0,13.0,13.0,0,NONE
2026-10-04T16:30:11.023+00:00,440.745,manual,Manual cook,temp,2100,440.1,,esp32,,0,,,,,,,,,,,,1,440.0,14.0,14.0,0,NONE
2026-10-04T16:30:12.023+00:00,441.744,manual,Manual cook,temp,2100,440.6,,esp32,,0,,,,,,,,,,,,1,440.0,0.0,0.0,0,NONE
2026-10-04T16:30:13.023+00:00,442.744,manual,Manual cook,temp,2100,440.1,,esp32,,0,,,,,,,,,,,,1,440.0,14.0,14.0,0,NONE
2026-10-04T16:30:14.022+00:00,443.744,manual,Manual cook,temp,2100,440.6,,esp32,,0,,,,,,,,,,,,1,440.0,6.0,6.0,0,NONE
2026-10-04T16:30:15.022+00:00,444.744,manual,Manual cook,temp,2100,441.5,,esp32,,0,,,,,,,,,,,,1,440.0,0.0,0.0,0,NONE
2026-10-04T16:30:15.522+00:00,445.244,manual,Manual cook,temp,2100,440.6,,esp32,,0,,,,,,,,,,,,1,440.0,16.0,20.0,0,NONE
2026-10-04T16:30:16.023+00:00,445.744,manual,Manual cook,temp,2100,441.0,,esp32,,0,,,,,,,,,,,,1,440.0,0.0,0.0,0,NONE
2026-10-04T16:30:16.523+00:00,446.245,manual,Manual cook,temp,2100,441.0,,esp32,,0,,,,,,,,,,,,1,440.0,5.0,5.0,0,NONE
2026-10-04T16:30:17.523+00:00,447.245,manual,Manual cook,temp,2100,441.5,,esp32,,0,,,,,,,,,,,,1,440.0,4.0,4.0,0,NONE
2026-10-04T16:30:18.522+00:00,448.244,manual,Manual cook,temp,2100,441.5,,esp32,,0,,,,,,,,,,,,1,440.0,0.0,0.0,0,NONE
2026-10-04T16:30:19.023+00:00,448.744,manual,Manual cook,temp,2100,441.0,,esp32,,0,,,,,,,,,,,,1,440.0,4.0,4.0,0,NONE
2026-10-04T16:30:20.022+00:00,449.744,manual,Manual cook,temp,2100,440.6,,esp32,,0,,,,,,,,,,,,1,440.0,13.0,13.0,0,NONE
2026-10-04T16:30:20.522+00:00,450.244,manual,Manual cook,temp,2100,441.5,,esp32,,0,,,,,,,,,,,,1,440.0,0.0,0.0,0,NONE
2026-10-04T16:30:21.522+00:00,451.244,manual,Manual cook,temp,2100,441.5,,esp32,,0,,,,,,,,,,,,1,440.0,4.0,4.0,0,NONE
2026-10-04T16:30:22.023+00:00,451.745,manual,Manual cook,temp,2100,441.5,,esp32,,0,,,,,,,,,,,,1,440.0,4.0,4.0,0,NONE
2026-10-04T16:30:23.022+00:00,452.744,manual,Manual cook,temp,2100,441.5,,esp32,,0,,,,,,,,,,,,1,440.0,0.0,0.0,0,NONE
2026-10-04T16:30:24.022+00:00,453.744,manual,Manual cook,temp,2100,441.0,,esp32,,0,,,,,,,,,,,,1,440.0,12.0,12.0,0,NONE
2026-10-04T16:30:24.522+00:00,454.244,manual,Manual cook,temp,2100,441.5,,esp32,,0,,,,,,,,,,,,1,440.0,0.0,0.0,0,NONE
2026-10-04T16:30:25.022+00:00,454.744,manual,Manual cook,temp,2100,441.5,,esp32,,0,,,,,,,,,,,,1,440.0,4.0,4.0,0,NONE
2026-10-04T16:30:26.023+00:00,455.745,manual,Manual cook,temp,2100,441.0,,esp32,,0,,,,,,,,,,,,1,440.0,12.0,12.0,0,NONE
2026-10-04T16:30:27.024+00:00,456.746,manual,Manual cook,temp,2100,441.5,,esp32,,0,,,,,,,,,,,,1,440.0,4.0,4.0,0,NONE
2026-10-04T16:30:28.023+00:00,457.745,manual,Manual cook,temp,2100,441.5,,esp32,,0,,,,,,,,,,,,1,440.0,12.0,12.0,0,NONE
2026-10-04T16:30:29.026+00:00,458.748,manual,Manual cook,temp,2100,440.6,,esp32,,0,,,,,,,,,,,,1,440.0,0.0,0.0,0,NONE
2026-10-04T16:30:30.022+00:00,459.744,manual,Manual cook,temp,2100,441.5,,esp32,,0,,,,,,,,,,,,1,440.0,0.0,0.0,0,NONE
2026-10-04T16:30:30.522+00:00,460.244,manual,Manual cook,temp,2100,441.5,,esp32,,0,,,,,,,,,,,,1,440.0,11.0,11.0,0,NONE
2026-10-04T16:30:31.522+00:00,461.244,manual,Manual cook,temp,2100,442.0,,esp32,,0,,,,,,,,,,,,1,440.0,0.0,0.0,0,NONE
2026-10-04T16:30:32.022+00:00,461.744,manual,Manual cook,temp,2100,441.0,,esp32,,0,,,,,,,,,,,,1,440.0,16.0,19.0,0,NONE
2026-10-04T16:30:33.022+00:00,462.744,manual,Manual cook,temp,2100,441.0,,esp32,,0,,,,,,,,,,,,1,440.0,0.0,0.0,0,NONE
2026-10-04T16:30:33.523+00:00,463.245,manual,Manual cook,temp,2100,440.6,,esp32,,0,,,,,,,,,,,,1,440.0,13.0,13.0,0,NONE
2026-10-04T16:30:34.522+00:00,464.244,manual,Manual cook,temp,2100,441.0,,esp32,,0,,,,,,,,,,,,1,440.0,0.0,0.0,0,NONE
2026-10-04T16:30:35.522+00:00,465.244,manual,Manual cook,temp,2100,441.5,,esp32,,0,,,,,,,,,,,,1,440.0,0.0,0.0,0,NONE
2026-10-04T16:30:36.522+00:00,466.244,manual,Manual cook,temp,2100,440.6,,esp32,,0,,,,,,,,,,,,1,440.0,12.0,12.0,0,NONE
2026-10-04T16:30:37.522+00:00,467.244,manual,Manual cook,temp,2100,440.6,,esp32,,0,,,,,,,,,,,,1,440.0,6.0,6.0,0,NONE
2026-10-04T16:30:38.522+00:00,468.244,manual,Manual cook,temp,2100,440.6,,esp32,,0,,,,,,,,,,,,1,440.0,13.0,13.0,0,NONE
2026-10-04T16:30:39.022+00:00,468.744,manual,Manual cook,temp,2100,440.1,,esp32,,0,,,,,,,,,,,,1,440.0,14.0,14.0,0,NONE
2026-10-04T16:30:40.022+00:00,469.744,manual,Manual cook,temp,2100,440.6,,esp32,,0,,,,,,,,,,,,1,440.0,13.0,13.0,0,NONE
2026-10-04T16:30:41.022+00:00,470.744,manual,Manual cook,temp,2100,440.6,,esp32,,0,,,,,,,,,,,,1,440.0,13.0,13.0,0,NONE
2026-10-04T16:30:42.022+00:00,471.744,manual,Manual cook,temp,2100,441.5,,esp32,,0,,,,,,,,,,,,1,440.0,0.0,0.0,0,NONE
2026-10-04T16:30:43.022+00:00,472.744,manual,Manual cook,temp,2100,441.0,,esp32,,0,,,,,,,,,,,,1,440.0,12.0,12.0,0,NONE
2026-10-04T16:30:44.021+00:00,473.743,manual,Manual cook,temp,2100,441.0,,esp32,,0,,,,,,,,,,,,1,440.0,5.0,5.0,0,NONE
2026-10-04T16:30:44.524+00:00,474.245,manual,Manual cook,temp,2100,439.3,,esp32,,0,,,,,,,,,,,,1,440.0,37.0,37.0,0,NONE
2026-10-04T16:30:45.521+00:00,475.243,manual,Manual cook,temp,2100,440.6,,esp32,,0,,,,,,,,,,,,1,440.0,6.0,6.0,0,NONE
2026-10-04T16:30:46.022+00:00,475.744,manual,Manual cook,temp,2100,441.5,,esp32,,0,,,,,,,,,,,,1,440.0,0.0,0.0,0,NONE
2026-10-04T16:30:47.021+00:00,476.743,manual,Manual cook,temp,2100,441.0,,esp32,,0,,,,,,,,,,,,1,440.0,12.0,12.0,0,NONE
2026-10-04T16:30:48.021+00:00,477.743,manual,Manual cook,temp,2100,441.5,,esp32,,0,,,,,,,,,,,,1,440.0,0.0,0.0,0,NONE
2026-10-04T16:30:48.521+00:00,478.243,manual,Manual cook,temp,2100,440.6,,esp32,,0,,,,,,,,,,,,1,440.0,16.0,20.0,0,NONE
2026-10-04T16:30:49.022+00:00,478.744,manual,Manual cook,temp,2100,441.0,,esp32,,0,,,,,,,,,,,,1,440.0,0.0,0.0,0,NONE
2026-10-04T16:30:50.022+00:00,479.744,manual,Manual cook,temp,2100,440.6,,esp32,,0,,,,,,,,,,,,1,440.0,13.0,13.0,0,NONE
2026-10-04T16:30:51.021+00:00,480.743,manual,Manual cook,temp,2100,440.6,,esp32,,0,,,,,,,,,,,,1,440.0,16.0,29.0,0,NONE
2026-10-04T16:30:52.021+00:00,481.743,manual,Manual cook,temp,2100,439.7,,esp32,,0,,,,,,,,,,,,1,440.0,16.0,22.0,0,NONE
2026-10-04T16:30:53.021+00:00,482.743,manual,Manual cook,temp,2100,440.1,,esp32,,0,,,,,,,,,,,,1,440.0,16.0,23.0,0,NONE
2026-10-04T16:30:54.021+00:00,483.743,manual,Manual cook,temp,2100,439.3,,esp32,,0,,,,,,,,,,,,1,440.0,16.0,23.0,0,NONE
2026-10-04T16:30:54.521+00:00,484.243,manual,Manual cook,temp,2100,439.3,,esp32,,0,,,,,,,,,,,,1,440.0,8.0,8.0,0,NONE
2026-10-04T16:30:55.521+00:00,485.243,manual,Manual cook,temp,2100,440.1,,esp32,,0,,,,,,,,,,,,1,440.0,0.0,0.0,0,NONE
2026-10-04T16:30:56.521+00:00,486.243,manual,Manual cook,temp,2100,438.8,,esp32,,0,,,,,,,,,,,,1,440.0,24.0,24.0,0,NONE
2026-10-04T16:30:57.521+00:00,487.243,manual,Manual cook,temp,2100,439.7,,esp32,,0,,,,,,,,,,,,1,440.0,0.0,0.0,0,NONE
2026-10-04T16:30:58.021+00:00,487.743,manual,Manual cook,temp,2100,438.8,,esp32,,0,,,,,,,,,,,,1,440.0,16.0,24.0,0,NONE
2026-10-04T16:30:59.021+00:00,488.743,manual,Manual cook,temp,2100,438.8,,esp32,,0,,,,,,,,,,,,1,440.0,9.0,9.0,0,NONE
2026-10-04T16:31:00.021+00:00,489.743,manual,Manual cook,temp,2100,438.8,,esp32,,0,,,,,,,,,,,,1,440.0,9.0,9.0,0,NONE
2026-10-04T16:31:01.021+00:00,490.743,manual,Manual cook,temp,2100,438.8,,esp32,,0,,,,,,,,,,,,1,440.0,9.0,9.0,0,NONE
2026-10-04T16:31:02.021+00:00,491.743,manual,Manual cook,temp,2100,438.8,,esp32,,0,,,,,,,,,,,,1,440.0,9.0,9.0,0,NONE
2026-10-04T16:31:02.521+00:00,492.243,manual,Manual cook,temp,2100,437.5,,esp32,,0,,,,,,,,,,,,1,440.0,1.0,1.0,0,NONE
2026-10-04T16:31:03.021+00:00,492.743,manual,Manual cook,temp,2100,439.3,,esp32,,0,,,,,,,,,,,,1,440.0,41.0,41.0,0,NONE
2026-10-04T16:31:04.021+00:00,493.743,manual,Manual cook,temp,2100,439.3,,esp32,,0,,,,,,,,,,,,1,440.0,8.0,8.0,0,NONE
2026-10-04T16:31:05.020+00:00,494.742,manual,Manual cook,temp,2100,439.3,,esp32,,0,,,,,,,,,,,,1,440.0,8.0,8.0,0,NONE
2026-10-04T16:31:05.520+00:00,495.242,manual,Manual cook,temp,2100,439.7,,esp32,,0,,,,,,,,,,,,1,440.0,0.0,0.0,0,NONE
2026-10-04T16:31:06.021+00:00,495.743,manual,Manual cook,temp,2100,439.3,,esp32,,0,,,,,,,,,,,,1,440.0,16.0,16.0,0,NONE
2026-10-04T16:31:07.021+00:00,496.743,manual,Manual cook,temp,2100,439.3,,esp32,,0,,,,,,,,,,,,1,440.0,8.0,8.0,0,NONE
2026-10-04T16:31:08.021+00:00,497.742,manual,Manual cook,temp,2100,439.7,,esp32,,0,,,,,,,,,,,,1,440.0,8.0,8.0,0,NONE
2026-10-04T16:31:09.020+00:00,498.742,manual,Manual cook,temp,2100,439.3,,esp32,,0,,,,,,,,,,,,1,440.0,16.0,16.0,0,NONE
2026-10-04T16:31:10.021+00:00,499.743,manual,Manual cook,temp,2100,439.3,,esp32,,0,,,,,,,,,,,,1,440.0,8.0,8.0,0,NONE
2026-10-04T16:31:11.020+00:00,500.742,manual,Manual cook,temp,2100,439.3,,esp32,,0,,,,,,,,,,,,1,440.0,8.0,8.0,0,NONE
2026-10-04T16:31:11.521+00:00,501.243,manual,Manual cook,temp,2100,439.3,,esp32,,0,,,,,,,,,,,,1,440.0,9.0,9.0,0,NONE
2026-10-04T16:31:12.520+00:00,502.242,manual,Manual cook,temp,2100,440.1,,esp32,,0,,,,,,,,,,,,1,440.0,7.0,7.0,0,NONE
2026-10-04T16:31:13.021+00:00,502.743,manual,Manual cook,temp,2100,439.3,,esp32,,0,,,,,,,,,,,,1,440.0,23.0,23.0,0,NONE
2026-10-04T16:31:14.020+00:00,503.742,manual,Manual cook,temp,2100,439.3,,esp32,,0,,,,,,,,,,,,1,440.0,9.0,9.0,0,NONE
2026-10-04T16:31:14.520+00:00,504.242,manual,Manual cook,temp,2100,440.1,,esp32,,0,,,,,,,,,,,,1,440.0,0.0,0.0,0,NONE
2026-10-04T16:31:15.020+00:00,504.742,manual,Manual cook,temp,2100,438.8,,esp32,,0,,,,,,,,,,,,1,440.0,16.0,31.0,0,NONE
2026-10-04T16:31:16.021+00:00,505.743,manual,Manual cook,temp,2100,440.6,,esp32,,0,,,,,,,,,,,,1,440.0,6.0,6.0,0,NONE
2026-10-04T16:31:17.020+00:00,506.742,manual,Manual cook,temp,2100,440.6,,esp32,,0,,,,,,,,,,,,1,440.0,6.0,6.0,0,NONE
2026-10-04T16:31:18.020+00:00,507.742,manual,Manual cook,temp,2100,439.3,,esp32,,0,,,,,,,,,,,,1,440.0,0.0,0.0,0,NONE
2026-10-04T16:31:19.020+00:00,508.742,manual,Manual cook,temp,2100,440.6,,esp32,,0,,,,,,,,,,,,1,440.0,0.0,0.0,0,NONE
2026-10-04T16:31:20.020+00:00,509.742,manual,Manual cook,temp,2100,440.6,,esp32,,0,,,,,,,,,,,,1,440.0,6.0,6.0,0,NONE
2026-10-04T16:31:20.520+00:00,510.242,manual,Manual cook,temp,2100,440.6,,esp32,,0,,,,,,,,,,,,1,440.0,14.0,14.0,0,NONE
2026-10-04T16:31:21.020+00:00,510.742,manual,Manual cook,temp,2100,440.1,,esp32,,0,,,,,,,,,,,,1,440.0,0.0,0.0,0,NONE
2026-10-04T16:31:22.020+00:00,511.742,manual,Manual cook,temp,2100,440.6,,esp32,,0,,,,,,,,,,,,1,440.0,0.0,0.0,0,NONE
2026-10-04T16:31:23.022+00:00,512.744,manual,Manual cook,temp,2100,440.6,,esp32,,0,,,,,,,,,,,,1,440.0,6.0,6.0,0,NONE
2026-10-04T16:31:24.020+00:00,513.742,manual,Manual cook,temp,2100,441.0,,esp32,,0,,,,,,,,,,,,1,440.0,0.0,0.0,0,NONE
2026-10-04T16:31:25.020+00:00,514.742,manual,Manual cook,temp,2100,441.0,,esp32,,0,,,,,,,,,,,,1,440.0,6.0,6.0,0,NONE
2026-10-04T16:31:26.020+00:00,515.742,manual,Manual cook,temp,2100,440.6,,esp32,,0,,,,,,,,,,,,1,440.0,13.0,13.0,0,NONE
2026-10-04T16:31:27.020+00:00,516.742,manual,Manual cook,temp,2100,439.7,,esp32,,0,,,,,,,,,,,,1,440.0,22.0,22.0,0,NONE
2026-10-04T16:31:28.020+00:00,517.742,manual,Manual cook,temp,2100,441.0,,esp32,,0,,,,,,,,,,,,1,440.0,5.0,5.0,0,NONE
2026-10-04T16:31:28.520+00:00,518.242,manual,Manual cook,temp,2100,440.1,,esp32,,0,,,,,,,,,,,,1,440.0,21.0,21.0,0,NONE
2026-10-04T16:31:29.520+00:00,519.241,manual,Manual cook,temp,2100,441.0,,esp32,,0,,,,,,,,,,,,1,440.0,0.0,0.0,0,NONE
2026-10-04T16:31:30.020+00:00,519.742,manual,Manual cook,temp,2100,440.6,,esp32,,0,,,,,,,,,,,,1,440.0,13.0,13.0,0,NONE
2026-10-04T16:31:30.520+00:00,520.242,manual,Manual cook,temp,2100,440.6,,esp32,,0,,,,,,,,,,,,1,440.0,0.0,0.0,0,NONE
2026-10-04T16:31:31.520+00:00,521.241,manual,Manual cook,temp,2100,442.0,,esp32,,0,,,,,,,,,,,,1,440.0,14.0,14.0,0,NONE
2026-10-04T16:31:32.020+00:00,521.742,manual,Manual cook,temp,2100,442.0,,esp32,,0,,,,,,,,,,,,1,440.0,0.0,0.0,0,NONE
2026-10-04T16:31:33.020+00:00,522.742,manual,Manual cook,temp,2100,441.5,,esp32,,0,,,,,,,,,,,,1,440.0,19.0,19.0,0,NONE
2026-10-04T16:31:33.521+00:00,523.242,manual,Manual cook,temp,2100,441.0,,esp32,,0,,,,,,,,,,,,1,440.0,0.0,0.0,0,NONE
2026-10-04T16:31:34.519+00:00,524.241,manual,Manual cook,temp,2100,441.0,,esp32,,0,,,,,,,,,,,,1,440.0,5.0,5.0,0,NONE
2026-10-04T16:31:35.020+00:00,524.741,manual,Manual cook,temp,2100,442.0,,esp32,,0,,,,,,,,,,,,1,440.0,0.0,0.0,0,NONE
2026-10-04T16:31:36.019+00:00,525.741,manual,Manual cook,temp,2100,441.0,,esp32,,0,,,,,,,,,,,,1,440.0,19.0,19.0,0,NONE
2026-10-04T16:31:37.019+00:00,526.741,manual,Manual cook,temp,2100,441.0,,esp32,,0,,,,,,,,,,,,1,440.0,0.0,0.0,0,NONE
2026-10-04T16:31:38.020+00:00,527.742,manual,Manual cook,temp,2100,441.5,,esp32,,0,,,,,,,,,,,,1,440.0,0.0,0.0,0,NONE
2026-10-04T16:31:39.019+00:00,528.741,manual,Manual cook,temp,2100,442.0,,esp32,,0,,,,,,,,,,,,1,440.0,0.0,0.0,0,NONE
2026-10-04T16:31:40.019+00:00,529.741,manual,Manual cook,temp,2100,441.0,,esp32,,0,,,,,,,,,,,,1,440.0,0.0,0.0,0,NONE
2026-10-04T16:31:41.019+00:00,530.741,manual,Manual cook,temp,2100,440.1,,esp32,,0,,,,,,,,,,,,1,440.0,14.0,14.0,0,NONE
2026-10-04T16:31:42.019+00:00,531.741,manual,Manual cook,temp,2100,440.6,,esp32,,0,,,,,,,,,,,,1,440.0,0.0,0.0,0,NONE
2026-10-04T16:31:43.019+00:00,532.741,manual,Manual cook,temp,2100,440.6,,esp32,,0,,,,,,,,,,,,1,440.0,6.0,6.0,0,NONE
2026-10-04T16:31:44.019+00:00,533.741,manual,Manual cook,temp,2100,440.6,,esp32,,0,,,,,,,,,,,,1,440.0,6.0,6.0,0,NONE
2026-10-04T16:31:44.520+00:00,534.242,manual,Manual cook,temp,2100,440.6,,esp32,,0,,,,,,,,,,,,1,440.0,6.0,6.0,0,NONE
2026-10-04T16:31:45.519+00:00,535.241,manual,Manual cook,temp,2100,440.6,,esp32,,0,,,,,,,,,,,,1,440.0,6.0,6.0,0,NONE
2026-10-04T16:31:46.519+00:00,536.241,manual,Manual cook,temp,2100,440.1,,esp32,,0,,,,,,,,,,,,1,440.0,14.0,14.0,0,NONE
2026-10-04T16:31:47.519+00:00,537.241,manual,Manual cook,temp,2100,441.0,,esp32,,0,,,,,,,,,,,,1,440.0,6.0,6.0,0,NONE
2026-10-04T16:31:48.519+00:00,538.241,manual,Manual cook,temp,2100,439.7,,esp32,,0,,,,,,,,,,,,1,440.0,16.0,29.0,0,NONE
2026-10-04T16:31:49.019+00:00,538.741,manual,Manual cook,temp,2100,440.1,,esp32,,0,,,,,,,,,,,,1,440.0,0.0,0.0,0,NONE
2026-10-04T16:31:50.019+00:00,539.741,manual,Manual cook,temp,2100,442.0,,esp32,,0,,,,,,,,,,,,1,440.0,0.0,0.0,0,NONE
2026-10-04T16:31:51.019+00:00,540.741,manual,Manual cook,temp,2100,442.0,,esp32,,0,,,,,,,,,,,,1,440.0,3.0,3.0,0,NONE
2026-10-04T16:31:52.019+00:00,541.741,manual,Manual cook,temp,2100,441.0,,esp32,,0,,,,,,,,,,,,1,440.0,12.0,12.0,0,NONE
2026-10-04T16:31:53.019+00:00,542.741,manual,Manual cook,temp,2100,441.0,,esp32,,0,,,,,,,,,,,,1,440.0,0.0,0.0,0,NONE
2026-10-04T16:31:54.019+00:00,543.741,manual,Manual cook,temp,2100,442.0,,esp32,,0,,,,,,,,,,,,1,440.0,0.0,0.0,0,NONE
2026-10-04T16:31:55.019+00:00,544.741,manual,Manual cook,temp,2100,441.5,,esp32,,0,,,,,,,,,,,,1,440.0,11.0,11.0,0,NONE
2026-10-04T16:31:55.520+00:00,545.242,manual,Manual cook,temp,2100,440.6,,esp32,,0,,,,,,,,,,,,1,440.0,4.0,4.0,0,NONE
2026-10-04T16:31:56.519+00:00,546.241,manual,Manual cook,temp,2100,441.5,,esp32,,0,,,,,,,,,,,,1,440.0,0.0,0.0,0,NONE
2026-10-04T16:31:57.019+00:00,546.741,manual,Manual cook,temp,2100,441.5,,esp32,,0,,,,,,,,,,,,1,440.0,4.0,4.0,0,NONE
2026-10-04T16:31:58.019+00:00,547.741,manual,Manual cook,temp,2100,442.0,,esp32,,0,,,,,,,,,,,,1,440.0,11.0,11.0,0,NONE
2026-10-04T16:31:59.019+00:00,548.740,manual,Manual cook,temp,2100,441.5,,esp32,,0,,,,,,,,,,,,1,440.0,11.0,11.0,0,NONE
2026-10-04T16:32:00.019+00:00,549.741,manual,Manual cook,temp,2100,441.5,,esp32,,0,,,,,,,,,,,,1,440.0,0.0,0.0,0,NONE
2026-10-04T16:32:01.019+00:00,550.740,manual,Manual cook,temp,2100,440.1,,esp32,,0,,,,,,,,,,,,1,440.0,21.0,21.0,0,NONE
2026-10-04T16:32:01.521+00:00,551.242,manual,Manual cook,temp,2100,440.1,,esp32,,0,,,,,,,,,,,,1,440.0,0.0,0.0,0,NONE
2026-10-04T16:32:02.518+00:00,552.240,manual,Manual cook,temp,2100,441.0,,esp32,,0,,,,,,,,,,,,1,440.0,0.0,0.0,0,NONE
2026-10-04T16:32:03.019+00:00,552.741,manual,Manual cook,temp,2100,441.5,,esp32,,0,,,,,,,,,,,,1,440.0,0.0,0.0,0,NONE
2026-10-04T16:32:04.018+00:00,553.740,manual,Manual cook,temp,2100,440.6,,esp32,,0,,,,,,,,,,,,1,440.0,13.0,13.0,0,NONE
2026-10-04T16:32:04.518+00:00,554.240,manual,Manual cook,temp,2100,440.1,,esp32,,0,,,,,,,,,,,,1,440.0,0.0,0.0,0,NONE
2026-10-04T16:32:05.018+00:00,554.740,manual,Manual cook,temp,2100,440.1,,esp32,,0,,,,,,,,,,,,1,440.0,16.0,21.0,0,NONE
2026-10-04T16:32:06.018+00:00,555.740,manual,Manual cook,temp,2100,440.6,,esp32,,0,,,,,,,,,,,,1,440.0,13.0,13.0,0,NONE
2026-10-04T16:32:07.019+00:00,556.740,manual,Manual cook,temp,2100,440.1,,esp32,,0,,,,,,,,,,,,1,440.0,6.0,6.0,0,NONE
2026-10-04T16:32:08.018+00:00,557.740,manual,Manual cook,temp,2100,440.6,,esp32,,0,,,,,,,,,,,,1,440.0,5.0,5.0,0,NONE
2026-10-04T16:32:09.020+00:00,558.742,manual,Manual cook,temp,2100,440.6,,esp32,,0,,,,,,,,,,,,1,440.0,0.0,0.0,0,NONE
2026-10-04T16:32:10.018+00:00,559.740,manual,Manual cook,temp,2100,439.7,,esp32,,0,,,,,,,,,,,,1,440.0,22.0,22.0,0,NONE
2026-10-04T16:32:10.518+00:00,560.240,manual,Manual cook,temp,2100,439.7,,esp32,,0,,,,,,,,,,,,1,440.0,0.0,0.0,0,NONE
2026-10-04T16:32:11.518+00:00,561.240,manual,Manual cook,temp,2100,440.1,,esp32,,0,,,,,,,,,,,,1,440.0,7.0,7.0,0,NONE
2026-10-04T16:32:12.018+00:00,561.740,manual,Manual cook,temp,2100,440.1,,esp32,,0,,,,,,,,,,,,1,440.0,0.0,0.0,0,NONE
2026-10-04T16:32:12.519+00:00,562.241,manual,Manual cook,temp,2100,440.6,,esp32,,0,,,,,,,,,,,,1,440.0,6.0,6.0,0,NONE
2026-10-04T16:32:13.518+00:00,563.240,manual,Manual cook,temp,2100,440.1,,esp32,,0,,,,,,,,,,,,1,440.0,5.0,5.0,0,NONE
2026-10-04T16:32:14.518+00:00,564.240,manual,Manual cook,temp,2100,438.4,,esp32,,0,,,,,,,,,,,,1,440.0,39.0,39.0,0,NONE
2026-10-04T16:32:15.018+00:00,564.740,manual,Manual cook,temp,2100,441.0,,esp32,,0,,,,,,,,,,,,1,440.0,0.0,0.0,0,NONE
2026-10-04T16:32:16.018+00:00,565.740,manual,Manual cook,temp,2100,441.0,,esp32,,0,,,,,,,,,,,,1,440.0,0.0,0.0,0,NONE
2026-10-04T16:32:17.018+00:00,566.740,manual,Manual cook,temp,2100,441.0,,esp32,,0,,,,,,,,,,,,1,440.0,4.0,4.0,0,NONE
2026-10-04T16:32:18.019+00:00,567.740,manual,Manual cook,temp,2100,440.6,,esp32,,0,,,,,,,,,,,,1,440.0,0.0,0.0,0,NONE
2026-10-04T16:32:19.018+00:00,568.740,manual,Manual cook,temp,2100,440.6,,esp32,,0,,,,,,,,,,,,1,440.0,13.0,13.0,0,NONE
2026-10-04T16:32:20.018+00:00,569.740,manual,Manual cook,temp,2100,440.6,,esp32,,0,,,,,,,,,,,,1,440.0,16.0,21.0,0,NONE
2026-10-04T16:32:21.019+00:00,570.740,manual,Manual cook,temp,2100,440.6,,esp32,,0,,,,,,,,,,,,1,440.0,0.0,0.0,0,NONE
2026-10-04T16:32:22.018+00:00,571.740,manual,Manual cook,temp,2100,440.1,,esp32,,0,,,,,,,,,,,,1,440.0,13.0,13.0,0,NONE
2026-10-04T16:32:23.018+00:00,572.740,manual,Manual cook,temp,2100,440.6,,esp32,,0,,,,,,,,,,,,1,440.0,5.0,5.0,0,NONE
2026-10-04T16:32:23.519+00:00,573.240,manual,Manual cook,temp,2100,440.6,,esp32,,0,,,,,,,,,,,,1,440.0,5.0,5.0,0,NONE
2026-10-04T16:32:24.518+00:00,574.240,manual,Manual cook,temp,2100,439.7,,esp32,,0,,,,,,,,,,,,1,440.0,0.0,0.0,0,NONE
2026-10-04T16:32:25.018+00:00,574.740,manual,Manual cook,temp,2100,439.3,,esp32,,0,,,,,,,,,,,,1,440.0,14.0,14.0,0,NONE
2026-10-04T16:32:26.018+00:00,575.740,manual,Manual cook,temp,2100,439.7,,esp32,,0,,,,,,,,,,,,1,440.0,0.0,0.0,0,NONE
2026-10-04T16:32:26.518+00:00,576.240,manual,Manual cook,temp,2100,439.7,,esp32,,0,,,,,,,,,,,,1,440.0,7.0,7.0,0,NONE
2026-10-04T16:32:27.518+00:00,577.239,manual,Manual cook,temp,2100,438.8,,esp32,,0,,,,,,,,,,,,1,440.0,16.0,16.0,0,NONE
2026-10-04T16:32:28.518+00:00,578.239,manual,Manual cook,temp,2100,439.7,,esp32,,0,,,,,,,,,,,,1,440.0,0.0,0.0,0,NONE
2026-10-04T16:32:29.019+00:00,578.741,manual,Manual cook,temp,2100,438.4,,esp32,,0,,,,,,,,,,,,1,440.0,16.0,32.0,0,NONE
2026-10-04T16:32:30.018+00:00,579.739,manual,Manual cook,temp,2100,439.3,,esp32,,0,,,,,,,,,,,,1,440.0,8.0,8.0,0,NONE
2026-10-04T16:32:30.518+00:00,580.240,manual,Manual cook,temp,2100,439.3,,esp32,,0,,,,,,,,,,,,1,440.0,32.0,32.0,0,NONE
2026-10-04T16:32:31.518+00:00,581.239,manual,Manual cook,temp,2100,438.4,,esp32,,0,,,,,,,,,,,,1,440.0,16.0,24.0,0,NONE
2026-10-04T16:32:32.517+00:00,582.239,manual,Manual cook,temp,2100,439.3,,esp32,,0,,,,,,,,,,,,1,440.0,1.0,1.0,0,NONE
2026-10-04T16:32:33.018+00:00,582.739,manual,Manual cook,temp,2100,437.9,,esp32,,0,,,,,,,,,,,,1,440.0,33.0,33.0,0,NONE
2026-10-04T16:32:34.018+00:00,583.739,manual,Manual cook,temp,2100,437.5,,esp32,,0,,,,,,,,,,,,1,440.0,16.0,41.0,0,NONE
2026-10-04T16:32:34.520+00:00,584.242,manual,Manual cook,temp,2100,438.4,,esp32,,0,,,,,,,,,,,,1,440.0,12.0,12.0,0,NONE
2026-10-04T16:32:35.517+00:00,585.239,manual,Manual cook,temp,2100,438.8,,esp32,,0,,,,,,,,,,,,1,440.0,2.0,2.0,0,NONE
2026-10-04T16:32:36.017+00:00,585.739,manual,Manual cook,temp,2100,437.9,,esp32,,0,,,,,,,,,,,,1,440.0,17.0,17.0,0,NONE
2026-10-04T16:32:37.019+00:00,586.741,manual,Manual cook,temp,2100,437.9,,esp32,,0,,,,,,,,,,,,1,440.0,3.0,3.0,0,NONE
2026-10-04T16:32:38.017+00:00,587.739,manual,Manual cook,temp,2100,437.0,,esp32,,0,,,,,,,,,,,,1,440.0,27.0,27.0,0,NONE
2026-10-04T16:32:39.018+00:00,588.739,manual,Manual cook,temp,2100,437.9,,esp32,,0,,,,,,,,,,,,1,440.0,11.0,11.0,0,NONE
2026-10-04T16:32:40.018+00:00,589.740,manual,Manual cook,temp,2100,437.9,,esp32,,0,,,,,,,,,,,,1,440.0,11.0,11.0,0,NONE
2026-10-04T16:32:41.017+00:00,590.739,manual,Manual cook,temp,2100,437.9,,esp32,,0,,,,,,,,,,,,1,440.0,11.0,11.0,0,NONE
2026-10-04T16:32:42.017+00:00,591.739,manual,Manual cook,temp,2100,437.5,,esp32,,0,,,,,,,,,,,,1,440.0,19.0,19.0,0,NONE
2026-10-04T16:32:43.017+00:00,592.739,manual,Manual cook,temp,2100,438.4,,esp32,,0,,,,,,,,,,,,1,440.0,0.0,0.0,0,NONE
2026-10-04T16:32:43.517+00:00,593.239,manual,Manual cook,temp,2100,437.9,,esp32,,0,,,,,,,,,,,,1,440.0,16.0,18.0,0,NONE
2026-10-04T16:32:44.017+00:00,593.739,manual,Manual cook,temp,2100,437.9,,esp32,,0,,,,,,,,,,,,1,440.0,19.0,19.0,0,NONE
2026-10-04T16:32:45.017+00:00,594.739,manual,Manual cook,temp,2100,437.9,,esp32,,0,,,,,,,,,,,,1,440.0,11.0,11.0,0,NONE
2026-10-04T16:32:45.518+00:00,595.240,manual,Manual cook,temp,2100,438.8,,esp32,,0,,,,,,,,,,,,1,440.0,3.0,3.0,0,NONE
2026-10-04T16:32:46.517+00:00,596.239,manual,Manual cook,temp,2100,439.3,,esp32,,0,,,,,,,,,,,,1,440.0,26.0,26.0,0,NONE
2026-10-04T16:32:47.018+00:00,596.740,manual,Manual cook,temp,2100,439.3,,esp32,,0,,,,,,,,,,,,1,440.0,0.0,0.0,0,NONE
2026-10-04T16:32:48.017+00:00,597.739,manual,Manual cook,temp,2100,439.3,,esp32,,0,,,,,,,,,,,,1,440.0,9.0,9.0,0,NONE
2026-10-04T16:32:49.017+00:00,598.739,manual,Manual cook,temp,2100,439.7,,esp32,,0,,,,,,,,,,,,1,440.0,1.0,1.0,0,NONE
2026-10-04T16:32:50.017+00:00,599.739,manual,Manual cook,temp,2100,438.8,,esp32,,0,,,,,,,,,,,,1,440.0,24.0,24.0,0,NONE
2026-10-04T16:32:51.018+00:00,600.740,manual,Manual cook,temp,2100,439.7,,esp32,,0,,,,,,,,,,,,1,440.0,8.0,8.0,0,NONE
2026-10-04T16:32:52.017+00:00,601.739,manual,Manual cook,temp,2100,439.7,,esp32,,0,,,,,,,,,,,,1,440.0,24.0,24.0,0,NONE
2026-10-04T16:32:53.017+00:00,602.739,manual,Manual cook,temp,2100,440.1,,esp32,,0,,,,,,,,,,,,1,440.0,0.0,0.0,0,NONE
2026-10-04T16:32:54.017+00:00,603.739,manual,Manual cook,temp,2100,440.1,,esp32,,0,,,,,,,,,,,,1,440.0,14.0,14.0,0,NONE
2026-10-04T16:32:55.017+00:00,604.739,manual,Manual cook,temp,2100,440.6,,esp32,,0,,,,,,,,,,,,1,440.0,16.0,21.0,0,NONE
2026-10-04T16:32:56.017+00:00,605.739,manual,Manual cook,temp,2100,440.1,,esp32,,0,,,,,,,,,,,,1,440.0,14.0,14.0,0,NONE
2026-10-04T16:32:56.517+00:00,606.239,manual,Manual cook,temp,2100,440.6,,esp32,,0,,,,,,,,,,,,1,440.0,0.0,0.0,0,NONE
2026-10-04T16:32:57.018+00:00,606.740,manual,Manual cook,temp,2100,440.1,,esp32,,0,,,,,,,,,,,,1,440.0,16.0,22.0,0,NONE
2026-10-04T16:32:58.017+00:00,607.739,manual,Manual cook,temp,2100,439.7,,esp32,,0,,,,,,,,,,,,1,440.0,15.0,15.0,0,NONE
2026-10-04T16:32:59.017+00:00,608.739,manual,Manual cook,temp,2100,439.7,,esp32,,0,,,,,,,,,,,,1,440.0,15.0,15.0,0,NONE
2026-10-04T16:33:00.017+00:00,609.739,manual,Manual cook,temp,2100,440.1,,esp32,,0,,,,,,,,,,,,1,440.0,0.0,0.0,0,NONE
2026-10-04T16:33:01.017+00:00,610.739,manual,Manual cook,temp,2100,438.8,,esp32,,0,,,,,,,,,,,,1,440.0,14.0,14.0,0,NONE
2026-10-04T16:33:02.017+00:00,611.739,manual,Manual cook,temp,2100,439.7,,esp32,,0,,,,,,,,,,,,1,440.0,10.0,10.0,0,NONE
2026-10-04T16:33:03.017+00:00,612.739,manual,Manual cook,temp,2100,438.8,,esp32,,0,,,,,,,,,,,,1,440.0,16.0,24.0,0,NONE
2026-10-04T16:33:04.017+00:00,613.738,manual,Manual cook,temp,2100,438.8,,esp32,,0,,,,,,,,,,,,1,440.0,17.0,17.0,0,NONE
2026-10-04T16:33:04.517+00:00,614.239,manual,Manual cook,temp,2100,438.8,,esp32,,0,,,,,,,,,,,,1,440.0,10.0,10.0,0,NONE
2026-10-04T16:33:05.517+00:00,615.238,manual,Manual cook,temp,2100,439.3,,esp32,,0,,,,,,,,,,,,1,440.0,8.0,8.0,0,NONE
2026-10-04T16:33:06.516+00:00,616.238,manual,Manual cook,temp,2100,439.3,,esp32,,0,,,,,,,,,,,,1,440.0,9.0,9.0,0,NONE
2026-10-04T16:33:07.017+00:00,616.738,manual,Manual cook,temp,2100,439.3,,esp32,,0,,,,,,,,,,,,1,440.0,9.0,9.0,0,NONE
2026-10-04T16:33:07.517+00:00,617.239,manual,Manual cook,temp,2100,439.3,,esp32,,0,,,,,,,,,,,,1,440.0,9.0,9.0,0,NONE
2026-10-04T16:33:08.516+00:00,618.238,manual,Manual cook,temp,2100,438.8,,esp32,,0,,,,,,,,,,,,1,440.0,9.0,9.0,0,NONE
2026-10-04T16:33:09.017+00:00,618.739,manual,Manual cook,temp,2100,439.7,,esp32,,0,,,,,,,,,,,,1,440.0,17.0,17.0,0,NONE
2026-10-04T16:33:10.017+00:00,619.738,manual,Manual cook,temp,2100,439.7,,esp32,,0,,,,,,,,,,,,1,440.0,16.0,24.0,0,NONE
2026-10-04T16:33:11.016+00:00,620.738,manual,Manual cook,temp,2100,439.7,,esp32,,0,,,,,,,,,,,,1,440.0,8.0,8.0,0,NONE
2026-10-04T16:33:11.516+00:00,621.238,manual,Manual cook,temp,2100,440.1,,esp32,,0,,,,,,,,,,,,1,440.0,0.0,0.0,0,NONE
2026-10-04T16:33:12.516+00:00,622.238,manual,Manual cook,temp,2100,440.1,,esp32,,0,,,,,,,,,,,,1,440.0,15.0,15.0,0,NONE
2026-10-04T16:33:13.017+00:00,622.739,manual,Manual cook,temp,2100,440.1,,esp32,,0,,,,,,,,,,,,1,440.0,0.0,0.0,0,NONE
2026-10-04T16:33:14.016+00:00,623.738,manual,Manual cook,temp,2100,440.1,,esp32,,0,,,,,,,,,,,,1,440.0,7.0,7.0,0,NONE
2026-10-04T16:33:14.516+00:00,624.238,manual,Manual cook,temp,2100,440.1,,esp32,,0,,,,,,,,,,,,1,440.0,7.0,7.0,0,NONE
2026-10-04T16:33:15.017+00:00,624.738,manual,Manual cook,temp,2100,440.1,,esp32,,0,,,,,,,,,,,,1,440.0,7.0,7.0,0,NONE
2026-10-04T16:33:16.017+00:00,625.739,manual,Manual cook,temp,2100,440.1,,esp32,,0,,,,,,,,,,,,1,440.0,7.0,7.0,0,NONE
2026-10-04T16:33:17.016+00:00,626.738,manual,Manual cook,temp,2100,440.6,,esp32,,0,,,,,,,,,,,,1,440.0,6.0,6.0,0,NONE
2026-10-04T16:33:18.016+00:00,627.738,manual,Manual cook,temp,2100,440.1,,esp32,,0,,,,,,,,,,,,1,440.0,6.0,6.0,0,NONE
2026-10-04T16:33:18.517+00:00,628.239,manual,Manual cook,temp,2100,440.1,,esp32,,0,,,,,,,,,,,,1,440.0,14.0,14.0,0,NONE
2026-10-04T16:33:19.017+00:00,628.739,manual,Manual cook,temp,2100,441.0,,esp32,,0,,,,,,,,,,,,1,440.0,0.0,0.0,0,NONE
2026-10-04T16:33:20.016+00:00,629.738,manual,Manual cook,temp,2100,441.0,,esp32,,0,,,,,,,,,,,,1,440.0,5.0,5.0,0,NONE
2026-10-04T16:33:21.016+00:00,630.738,manual,Manual cook,temp,2100,441.5,,esp32,,0,,,,,,,,,,,,1,440.0,0.0,0.0,0,NONE
2026-10-04T16:33:22.016+00:00,631.738,manual,Manual cook,temp,2100,441.5,,esp32,,0,,,,,,,,,,,,1,440.0,4.0,4.0,0,NONE
2026-10-04T16:33:23.016+00:00,632.738,manual,Manual cook,temp,2100,441.5,,esp32,,0,,,,,,,,,,,,1,440.0,4.0,4.0,0,NONE
2026-10-04T16:33:24.017+00:00,633.739,manual,Manual cook,temp,2100,441.5,,esp32,,0,,,,,,,,,,,,1,440.0,4.0,4.0,0,NONE
2026-10-04T16:33:25.016+00:00,634.738,manual,Manual cook,temp,2100,442.0,,esp32,,0,,,,,,,,,,,,1,440.0,0.0,0.0,0,NONE
2026-10-04T16:33:26.016+00:00,635.738,manual,Manual cook,temp,2100,442.0,,esp32,,0,,,,,,,,,,,,1,440.0,11.0,11.0,0,NONE
2026-10-04T16:33:27.016+00:00,636.738,manual,Manual cook,temp,2100,442.0,,esp32,,0,,,,,,,,,,,,1,440.0,3.0,3.0,0,NONE
2026-10-04T16:33:28.016+00:00,637.738,manual,Manual cook,temp,2100,442.4,,esp32,,0,,,,,,,,,,,,1,440.0,0.0,0.0,0,NONE
2026-10-04T16:33:29.016+00:00,638.738,manual,Manual cook,temp,2100,442.9,,esp32,,0,,,,,,,,,,,,1,440.0,3.0,3.0,0,NONE
2026-10-04T16:33:30.016+00:00,639.738,manual,Manual cook,temp,2100,442.9,,esp32,,0,,,,,,,,,,,,1,440.0,1.0,1.0,0,NONE
2026-10-04T16:33:31.017+00:00,640.739,manual,Manual cook,temp,2100,442.4,,esp32,,0,,,,,,,,,,,,1,440.0,10.0,10.0,0,NONE
2026-10-04T16:33:32.016+00:00,641.738,manual,Manual cook,temp,2100,443.8,,esp32,,0,,,,,,,,,,,,1,440.0,7.0,7.0,0,NONE
2026-10-04T16:33:33.016+00:00,642.738,manual,Manual cook,temp,2100,443.3,,esp32,,0,,,,,,,,,,,,1,440.0,15.0,15.0,0,NONE
2026-10-04T16:33:34.016+00:00,643.738,manual,Manual cook,temp,2100,443.3,,esp32,,0,,,,,,,,,,,,1,440.0,0.0,0.0,0,NONE
2026-10-04T16:33:34.516+00:00,644.238,manual,Manual cook,temp,2100,443.3,,esp32,,0,,,,,,,,,,,,1,440.0,0.0,0.0,0,NONE
2026-10-04T16:33:35.516+00:00,645.238,manual,Manual cook,temp,2100,443.3,,esp32,,0,,,,,,,,,,,,1,440.0,8.0,8.0,0,NONE
2026-10-04T16:33:36.516+00:00,646.238,manual,Manual cook,temp,2100,443.8,,esp32,,0,,,,,,,,,,,,1,440.0,16.0,16.0,0,NONE
2026-10-04T16:33:37.017+00:00,646.739,manual,Manual cook,temp,2100,442.4,,esp32,,0,,,,,,,,,,,,1,440.0,0.0,0.0,0,NONE
2026-10-04T16:33:38.016+00:00,647.737,manual,Manual cook,temp,2100,442.9,,esp32,,0,,,,,,,,,,,,1,440.0,0.0,0.0,0,NONE
2026-10-04T16:33:38.516+00:00,648.237,manual,Manual cook,temp,2100,442.0,,esp32,,0,,,,,,,,,,,,1,440.0,16.0,17.0,0,NONE
2026-10-04T16:33:39.016+00:00,648.738,manual,Manual cook,temp,2100,442.4,,esp32,,0,,,,,,,,,,,,1,440.0,11.0,11.0,0,NONE
2026-10-04T16:33:40.016+00:00,649.738,manual,Manual cook,temp,2100,442.4,,esp32,,0,,,,,,,,,,,,1,440.0,2.0,2.0,0,NONE
2026-10-04T16:33:41.016+00:00,650.738,manual,Manual cook,temp,2100,442.4,,esp32,,0,,,,,,,,,,,,1,440.0,0.0,0.0,0,NONE
2026-10-04T16:33:42.015+00:00,651.737,manual,Manual cook,temp,2100,442.4,,esp32,,0,,,,,,,,,,,,1,440.0,0.0,0.0,0,NONE
2026-10-04T16:33:43.017+00:00,652.739,manual,Manual cook,temp,2100,441.0,,esp32,,0,,,,,,,,,,,,1,440.0,19.0,19.0,0,NONE
2026-10-04T16:33:44.016+00:00,653.737,manual,Manual cook,temp,2100,441.5,,esp32,,0,,,,,,,,,,,,1,440.0,0.0,0.0,0,NONE
2026-10-04T16:33:45.016+00:00,654.738,manual,Manual cook,temp,2100,441.0,,esp32,,0,,,,,,,,,,,,1,440.0,20.0,20.0,0,NONE
2026-10-04T16:33:45.517+00:00,655.238,manual,Manual cook,temp,2100,440.1,,esp32,,0,,,,,,,,,,,,1,440.0,0.0,0.0,0,NONE
2026-10-04T16:33:46.515+00:00,656.237,manual,Manual cook,temp,2100,439.3,,esp32,,0,,,,,,,,,,,,1,440.0,23.0,23.0,0,NONE
2026-10-04T16:33:47.015+00:00,656.737,manual,Manual cook,temp,2100,440.1,,esp32,,0,,,,,,,,,,,,1,440.0,0.0,0.0,0,NONE
2026-10-04T16:33:48.015+00:00,657.737,manual,Manual cook,temp,2100,438.8,,esp32,,0,,,,,,,,,,,,1,440.0,31.0,31.0,0,NONE
2026-10-04T16:33:49.016+00:00,658.738,manual,Manual cook,temp,2100,438.4,,esp32,,0,,,,,,,,,,,,1,440.0,17.0,17.0,0,NONE
2026-10-04T16:33:50.015+00:00,659.737,manual,Manual cook,temp,2100,439.3,,esp32,,0,,,,,,,,,,,,1,440.0,8.0,8.0,0,NONE
2026-10-04T16:33:51.019+00:00,660.740,manual,Manual cook,temp,2100,438.8,,esp32,,0,,,,,,,,,,,,1,440.0,16.0,16.0,0,NONE
2026-10-04T16:33:52.016+00:00,661.737,manual,Manual cook,temp,2100,438.8,,esp32,,0,,,,,,,,,,,,1,440.0,16.0,24.0,0,NONE
2026-10-04T16:33:53.015+00:00,662.737,manual,Manual cook,temp,2100,439.7,,esp32,,0,,,,,,,,,,,,1,440.0,0.0,0.0,0,NONE
2026-10-04T16:33:54.015+00:00,663.737,manual,Manual cook,temp,2100,439.7,,esp32,,0,,,,,,,,,,,,1,440.0,7.0,7.0,0,NONE
2026-10-04T16:33:54.515+00:00,664.237,manual,Manual cook,temp,2100,439.3,,esp32,,0,,,,,,,,,,,,1,440.0,15.0,15.0,0,NONE
2026-10-04T16:33:55.015+00:00,664.737,manual,Manual cook,temp,2100,439.3,,esp32,,0,,,,,,,,,,,,1,440.0,0.0,0.0,0,NONE
2026-10-04T16:33:56.015+00:00,665.737,manual,Manual cook,temp,2100,439.3,,esp32,,0,,,,,,,,,,,,1,440.0,8.0,8.0,0,NONE
2026-10-04T16:33:56.517+00:00,666.239,manual,Manual cook,temp,2100,440.1,,esp32,,0,,,,,,,,,,,,1,440.0,16.0,16.0,0,NONE
2026-10-04T16:33:57.515+00:00,667.237,manual,Manual cook,temp,2100,439.3,,esp32,,0,,,,,,,,,,,,1,440.0,16.0,23.0,0,NONE
2026-10-04T16:33:58.015+00:00,667.737,manual,Manual cook,temp,2100,439.3,,esp32,,0,,,,,,,,,,,,1,440.0,8.0,8.0,0,NONE
2026-10-04T16:33:59.015+00:00,668.737,manual,Manual cook,temp,2100,438.8,,esp32,,0,,,,,,,,,,,,1,440.0,16.0,16.0,0,NONE
2026-10-04T16:34:00.015+00:00,669.737,manual,Manual cook,temp,2100,440.1,,esp32,,0,,,,,,,,,,,,1,440.0,7.0,7.0,0,NONE
2026-10-04T16:34:00.516+00:00,670.237,manual,Manual cook,temp,2100,440.1,,esp32,,0,,,,,,,,,,,,1,440.0,7.0,7.0,0,NONE
2026-10-04T16:34:01.515+00:00,671.237,manual,Manual cook,temp,2100,440.1,,esp32,,0,,,,,,,,,,,,1,440.0,7.0,7.0,0,NONE
2026-10-04T16:34:02.015+00:00,671.737,manual,Manual cook,temp,2100,441.0,,esp32,,0,,,,,,,,,,,,1,440.0,0.0,0.0,0,NONE
2026-10-04T16:34:02.517+00:00,672.239,manual,Manual cook,temp,2100,440.6,,esp32,,0,,,,,,,,,,,,1,440.0,13.0,13.0,0,NONE
2026-10-04T16:34:03.515+00:00,673.237,manual,Manual cook,temp,2100,440.1,,esp32,,0,,,,,,,,,,,,1,440.0,14.0,14.0,0,NONE
2026-10-04T16:34:04.515+00:00,674.237,manual,Manual cook,temp,2100,441.5,,esp32,,0,,,,,,,,,,,,1,440.0,0.0,0.0,0,NONE
2026-10-04T16:34:05.515+00:00,675.237,manual,Manual cook,temp,2100,441.0,,esp32,,0,,,,,,,,,,,,1,440.0,0.0,0.0,0,NONE
2026-10-04T16:34:06.515+00:00,676.237,manual,Manual cook,temp,2100,440.6,,esp32,,0,,,,,,,,,,,,1,440.0,5.0,5.0,0,NONE
2026-10-04T16:34:07.017+00:00,676.739,manual,Manual cook,temp,2100,441.5,,esp32,,0,,,,,,,,,,,,1,440.0,13.0,13.0,0,NONE
2026-10-04T16:34:08.015+00:00,677.737,manual,Manual cook,temp,2100,441.0,,esp32,,0,,,,,,,,,,,,1,440.0,12.0,12.0,0,NONE
2026-10-04T16:34:08.515+00:00,678.237,manual,Manual cook,temp,2100,441.5,,esp32,,0,,,,,,,,,,,,1,440.0,0.0,0.0,0,NONE
2026-10-04T16:34:09.515+00:00,679.237,manual,Manual cook,temp,2100,441.5,,esp32,,0,,,,,,,,,,,,1,440.0,0.0,0.0,0,NONE
2026-10-04T16:34:10.016+00:00,679.738,manual,Manual cook,temp,2100,441.5,,esp32,,0,,,,,,,,,,,,1,440.0,4.0,4.0,0,NONE
2026-10-04T16:34:11.015+00:00,680.737,manual,Manual cook,temp,2100,441.5,,esp32,,0,,,,,,,,,,,,1,440.0,4.0,4.0,0,NONE
2026-10-04T16:34:11.515+00:00,681.237,manual,Manual cook,temp,2100,442.0,,esp32,,0,,,,,,,,,,,,1,440.0,0.0,0.0,0,NONE
2026-10-04T16:34:12.515+00:00,682.237,manual,Manual cook,temp,2100,441.5,,esp32,,0,,,,,,,,,,,,1,440.0,0.0,0.0,0,NONE
2026-10-04T16:34:13.015+00:00,682.737,manual,Manual cook,temp,2100,441.5,,esp32,,0,,,,,,,,,,,,1,440.0,4.0,4.0,0,NONE
2026-10-04T16:34:14.015+00:00,683.737,manual,Manual cook,temp,2100,441.5,,esp32,,0,,,,,,,,,,,,1,440.0,4.0,4.0,0,NONE
2026-10-04T16:34:14.515+00:00,684.237,manual,Manual cook,temp,2100,441.5,,esp32,,0,,,,,,,,,,,,1,440.0,4.0,4.0,0,NONE
2026-10-04T16:34:15.515+00:00,685.237,manual,Manual cook,temp,2100,440.6,,esp32,,0,,,,,,,,,,,,1,440.0,20.0,20.0,0,NONE
2026-10-04T16:34:16.515+00:00,686.236,manual,Manual cook,temp,2100,440.6,,esp32,,0,,,,,,,,,,,,1,440.0,16.0,20.0,0,NONE
2026-10-04T16:34:17.015+00:00,686.737,manual,Manual cook,temp,2100,441.5,,esp32,,0,,,,,,,,,,,,1,440.0,0.0,0.0,0,NONE
2026-10-04T16:34:18.015+00:00,687.737,manual,Manual cook,temp,2100,440.6,,esp32,,0,,,,,,,,,,,,1,440.0,5.0,5.0,0,NONE
2026-10-04T16:34:19.014+00:00,688.736,manual,Manual cook,temp,2100,440.1,,esp32,,0,,,,,,,,,,,,1,440.0,0.0,0.0,0,NONE
2026-10-04T16:34:19.515+00:00,689.236,manual,Manual cook,temp,2100,441.0,,esp32,,0,,,,,,,,,,,,1,440.0,0.0,0.0,0,NONE
2026-10-04T16:34:20.515+00:00,690.236,manual,Manual cook,temp,2100,440.6,,esp32,,0,,,,,,,,,,,,1,440.0,13.0,13.0,0,NONE
2026-10-04T16:34:21.015+00:00,690.737,manual,Manual cook,temp,2100,441.5,,esp32,,0,,,,,,,,,,,,1,440.0,0.0,0.0,0,NONE
2026-10-04T16:34:22.015+00:00,691.736,manual,Manual cook,temp,2100,440.6,,esp32,,0,,,,,,,,,,,,1,440.0,16.0,20.0,0,NONE
2026-10-04T16:34:23.015+00:00,692.736,manual,Manual cook,temp,2100,441.5,,esp32,,0,,,,,,,,,,,,1,440.0,0.0,0.0,0,NONE
2026-10-04T16:34:23.518+00:00,693.239,manual,Manual cook,temp,2100,440.6,,esp32,,0,,,,,,,,,,,,1,440.0,12.0,12.0,0,NONE
2026-10-04T16:34:24.514+00:00,694.236,manual,Manual cook,temp,2100,440.1,,esp32,,0,,,,,,,,,,,,1,440.0,13.0,13.0,0,NONE
2026-10-04T16:34:25.014+00:00,694.736,manual,Manual cook,temp,2100,440.1,,esp32,,0,,,,,,,,,,,,1,440.0,6.0,6.0,0,NONE
2026-10-04T16:34:25.514+00:00,695.236,manual,Manual cook,temp,2100,440.6,,esp32,,0,,,,,,,,,,,,1,440.0,0.0,0.0,0,NONE
2026-10-04T16:34:26.514+00:00,696.236,manual,Manual cook,temp,2100,439.7,,esp32,,0,,,,,,,,,,,,1,440.0,22.0,22.0,0,NONE
2026-10-04T16:34:27.014+00:00,696.736,manual,Manual cook,temp,2100,441.0,,esp32,,0,,,,,,,,,,,,1,440.0,0.0,0.0,0,NONE
2026-10-04T16:34:28.014+00:00,697.736,manual,Manual cook,temp,2100,441.0,,esp32,,0,,,,,,,,,,,,1,440.0,4.0,4.0,0,NONE
2026-10-04T16:34:29.015+00:00,698.737,manual,Manual cook,temp,2100,441.5,,esp32,,0,,,,,,,,,,,,1,440.0,0.0,0.0,0,NONE
2026-10-04T16:34:30.014+00:00,699.736,manual,Manual cook,temp,2100,441.5,,esp32,,0,,,,,,,,,,,,1,440.0,0.0,0.0,0,NONE
2026-10-04T16:34:30.515+00:00,700.237,manual,Manual cook,temp,2100,441.5,,esp32,,0,,,,,,,,,,,,1,440.0,4.0,4.0,0,NONE
2026-10-04T16:34:31.514+00:00,701.236,manual,Manual cook,temp,2100,441.5,,esp32,,0,,,,,,,,,,,,1,440.0,3.0,3.0,0,NONE
2026-10-04T16:34:32.514+00:00,702.236,manual,Manual cook,temp,2100,441.0,,esp32,,0,,,,,,,,,,,,1,440.0,0.0,0.0,0,NONE
2026-10-04T16:34:33.014+00:00,702.736,manual,Manual cook,temp,2100,441.0,,esp32,,0,,,,,,,,,,,,1,440.0,4.0,4.0,0,NONE
2026-10-04T16:34:33.521+00:00,703.243,manual,Manual cook,temp,2100,442.0,,esp32,,0,,,,,,,,,,,,1,440.0,0.0,0.0,0,NONE
2026-10-04T16:34:34.515+00:00,704.237,manual,Manual cook,temp,2100,441.5,,esp32,,0,,,,,,,,,,,,1,440.0,0.0,0.0,0,NONE
2026-10-04T16:34:35.514+00:00,705.236,manual,Manual cook,temp,2100,442.0,,esp32,,0,,,,,,,,,,,,1,440.0,0.0,0.0,0,NONE
2026-10-04T16:34:36.014+00:00,705.736,manual,Manual cook,temp,2100,441.5,,esp32,,0,,,,,,,,,,,,1,440.0,11.0,11.0,0,NONE
2026-10-04T16:34:36.514+00:00,706.236,manual,Manual cook,temp,2100,442.0,,esp32,,0,,,,,,,,,,,,1,440.0,0.0,0.0,0,NONE
2026-10-04T16:34:37.014+00:00,706.736,manual,Manual cook,temp,2100,441.0,,esp32,,0,,,,,,,,,,,,1,440.0,16.0,19.0,0,NONE
2026-10-04T16:34:38.014+00:00,707.736,manual,Manual cook,temp,2100,441.0,,esp32,,0,,,,,,,,,,,,1,440.0,4.0,4.0,0,NONE
2026-10-04T16:34:39.014+00:00,708.736,manual,Manual cook,temp,2100,441.5,,esp32,,0,,,,,,,,,,,,1,440.0,3.0,3.0,0,NONE
2026-10-04T16:34:40.015+00:00,709.737,manual,Manual cook,temp,2100,441.0,,esp32,,0,,,,,,,,,,,,1,440.0,11.0,11.0,0,NONE
2026-10-04T16:34:41.014+00:00,710.736,manual,Manual cook,temp,2100,441.0,,esp32,,0,,,,,,,,,,,,1,440.0,4.0,4.0,0,NONE
2026-10-04T16:34:42.014+00:00,711.736,manual,Manual cook,temp,2100,441.5,,esp32,,0,,,,,,,,,,,,1,440.0,0.0,0.0,0,NONE
2026-10-04T16:34:43.014+00:00,712.736,manual,Manual cook,temp,2100,440.6,,esp32,,0,,,,,,,,,,,,1,440.0,20.0,20.0,0,NONE
2026-10-04T16:34:44.014+00:00,713.736,manual,Manual cook,temp,2100,441.0,,esp32,,0,,,,,,,,,,,,1,440.0,4.0,4.0,0,NONE
2026-10-04T16:34:44.514+00:00,714.236,manual,Manual cook,temp,2100,441.0,,esp32,,0,,,,,,,,,,,,1,440.0,4.0,4.0,0,NONE
2026-10-04T16:34:45.515+00:00,715.237,manual,Manual cook,temp,2100,441.0,,esp32,,0,,,,,,,,,,,,1,440.0,4.0,4.0,0,NONE
2026-10-04T16:34:46.514+00:00,716.236,manual,Manual cook,temp,2100,442.0,,esp32,,0,,,,,,,,,,,,1,440.0,0.0,0.0,0,NONE
2026-10-04T16:34:47.514+00:00,717.236,manual,Manual cook,temp,2100,440.6,,esp32,,0,,,,,,,,,,,,1,440.0,16.0,27.0,0,NONE
2026-10-04T16:34:48.014+00:00,717.736,manual,Manual cook,temp,2100,442.0,,esp32,,0,,,,,,,,,,,,1,440.0,0.0,0.0,0,NONE
2026-10-04T16:34:49.014+00:00,718.736,manual,Manual cook,temp,2100,442.0,,esp32,,0,,,,,,,,,,,,1,440.0,10.0,10.0,0,NONE
2026-10-04T16:34:50.014+00:00,719.736,manual,Manual cook,temp,2100,442.0,,esp32,,0,,,,,,,,,,,,1,440.0,16.0,19.0,0,NONE
2026-10-04T16:34:51.014+00:00,720.736,manual,Manual cook,temp,2100,441.0,,esp32,,0,,,,,,,,,,,,1,440.0,16.0,19.0,0,NONE
2026-10-04T16:34:52.014+00:00,721.736,manual,Manual cook,temp,2100,441.5,,esp32,,0,,,,,,,,,,,,1,440.0,4.0,4.0,0,NONE
2026-10-04T16:34:53.014+00:00,722.736,manual,Manual cook,temp,2100,441.5,,esp32,,0,,,,,,,,,,,,1,440.0,3.0,3.0,0,NONE
2026-10-04T16:34:54.014+00:00,723.736,manual,Manual cook,temp,2100,441.5,,esp32,,0,,,,,,,,,,,,1,440.0,10.0,10.0,0,NONE
2026-10-04T16:34:55.014+00:00,724.736,manual,Manual cook,temp,2100,440.1,,esp32,,0,,,,,,,,,,,,1,440.0,27.0,27.0,0,NONE
2026-10-04T16:34:56.015+00:00,725.737,manual,Manual cook,temp,2100,440.1,,esp32,,0,,,,,,,,,,,,1,440.0,13.0,13.0,0,NONE
2026-10-04T16:34:57.014+00:00,726.736,manual,Manual cook,temp,2100,441.0,,esp32,,0,,,,,,,,,,,,1,440.0,0.0,0.0,0,NONE
2026-10-04T16:34:58.014+00:00,727.736,manual,Manual cook,temp,2100,441.5,,esp32,,0,,,,,,,,,,,,1,440.0,0.0,0.0,0,NONE
2026-10-04T16:34:59.014+00:00,728.736,manual,Manual cook,temp,2100,440.1,,esp32,,0,,,,,,,,,,,,1,440.0,27.0,27.0,0,NONE
2026-10-04T16:35:00.014+00:00,729.735,manual,Manual cook,temp,2100,441.0,,esp32,,0,,,,,,,,,,,,1,440.0,0.0,0.0,0,NONE
2026-10-04T16:35:01.014+00:00,730.735,manual,Manual cook,temp,2100,440.6,,esp32,,0,,,,,,,,,,,,1,440.0,12.0,12.0,0,NONE
2026-10-04T16:35:01.515+00:00,731.237,manual,Manual cook,temp,2100,440.1,,esp32,,0,,,,,,,,,,,,1,440.0,13.0,13.0,0,NONE
2026-10-04T16:35:02.015+00:00,731.737,manual,Manual cook,temp,2100,441.0,,esp32,,0,,,,,,,,,,,,1,440.0,0.0,0.0,0,NONE
2026-10-04T16:35:03.014+00:00,732.736,manual,Manual cook,temp,2100,440.6,,esp32,,0,,,,,,,,,,,,1,440.0,0.0,0.0,0,NONE
2026-10-04T16:35:04.013+00:00,733.735,manual,Manual cook,temp,2100,440.1,,esp32,,0,,,,,,,,,,,,1,440.0,13.0,13.0,0,NONE
2026-10-04T16:35:04.514+00:00,734.235,manual,Manual cook,temp,2100,440.1,,esp32,,0,,,,,,,,,,,,1,440.0,6.0,6.0,0,NONE
2026-10-04T16:35:05.017+00:00,734.739,manual,Manual cook,temp,2100,440.1,,esp32,,0,,,,,,,,,,,,1,440.0,6.0,6.0,0,NONE
2026-10-04T16:35:06.013+00:00,735.735,manual,Manual cook,temp,2100,440.1,,esp32,,0,,,,,,,,,,,,1,440.0,6.0,6.0,0,NONE
2026-10-04T16:35:06.513+00:00,736.235,manual,Manual cook,temp,2100,439.7,,esp32,,0,,,,,,,,,,,,1,440.0,14.0,14.0,0,NONE
2026-10-04T16:35:07.015+00:00,736.737,manual,Manual cook,temp,2100,439.7,,esp32,,0,,,,,,,,,,,,1,440.0,15.0,15.0,0,NONE
2026-10-04T16:35:08.013+00:00,737.735,manual,Manual cook,temp,2100,439.7,,esp32,,0,,,,,,,,,,,,1,440.0,7.0,7.0,0,NONE
2026-10-04T16:35:09.013+00:00,738.735,manual,Manual cook,temp,2100,439.7,,esp32,,0,,,,,,,,,,,,1,440.0,14.0,14.0,0,NONE
2026-10-04T16:35:10.013+00:00,739.735,manual,Manual cook,temp,2100,440.1,,esp32,,0,,,,,,,,,,,,1,440.0,6.0,6.0,0,NONE
2026-10-04T16:35:10.513+00:00,740.235,manual,Manual cook,temp,2100,440.1,,esp32,,0,,,,,,,,,,,,1,440.0,6.0,6.0,0,NONE
2026-10-04T16:35:11.013+00:00,740.735,manual,Manual cook,temp,2100,440.1,,esp32,,0,,,,,,,,,,,,1,440.0,6.0,6.0,0,NONE
2026-10-04T16:35:12.013+00:00,741.735,manual,Manual cook,temp,2100,439.7,,esp32,,0,,,,,,,,,,,,1,440.0,6.0,6.0,0,NONE
2026-10-04T16:35:12.515+00:00,742.237,manual,Manual cook,temp,2100,439.7,,esp32,,0,,,,,,,,,,,,1,440.0,14.0,14.0,0,NONE
2026-10-04T16:35:13.513+00:00,743.235,manual,Manual cook,temp,2100,439.7,,esp32,,0,,,,,,,,,,,,1,440.0,0.0,0.0,0,NONE
2026-10-04T16:35:14.513+00:00,744.235,manual,Manual cook,temp,2100,441.0,,esp32,,0,,,,,,,,,,,,1,440.0,0.0,0.0,0,NONE
2026-10-04T16:35:15.013+00:00,744.735,manual,Manual cook,temp,2100,440.6,,esp32,,0,,,,,,,,,,,,1,440.0,4.0,4.0,0,NONE
2026-10-04T16:35:15.513+00:00,745.235,manual,Manual cook,temp,2100,440.1,,esp32,,0,,,,,,,,,,,,1,440.0,12.0,12.0,0,NONE
2026-10-04T16:35:16.513+00:00,746.235,manual,Manual cook,temp,2100,441.0,,esp32,,0,,,,,,,,,,,,1,440.0,0.0,0.0,0,NONE
2026-10-04T16:35:17.013+00:00,746.735,manual,Manual cook,temp,2100,441.0,,esp32,,0,,,,,,,,,,,,1,440.0,4.0,4.0,0,NONE
2026-10-04T16:35:18.013+00:00,747.735,manual,Manual cook,temp,2100,441.5,,esp32,,0,,,,,,,,,,,,1,440.0,0.0,0.0,0,NONE
2026-10-04T16:35:19.013+00:00,748.735,manual,Manual cook,temp,2100,441.0,,esp32,,0,,,,,,,,,,,,1,440.0,0.0,0.0,0,NONE
2026-10-04T16:35:19.513+00:00,749.235,manual,Manual cook,temp,2100,440.6,,esp32,,0,,,,,,,,,,,,1,440.0,12.0,12.0,0,NONE
2026-10-04T16:35:20.513+00:00,750.235,manual,Manual cook,temp,2100,441.0,,esp32,,0,,,,,,,,,,,,1,440.0,16.0,19.0,0,NONE
2026-10-04T16:35:21.013+00:00,750.735,manual,Manual cook,temp,2100,440.6,,esp32,,0,,,,,,,,,,,,1,440.0,0.0,0.0,0,NONE
2026-10-04T16:35:22.013+00:00,751.735,manual,Manual cook,temp,2100,441.5,,esp32,,0,,,,,,,,,,,,1,440.0,0.0,0.0,0,NONE
2026-10-04T16:35:22.513+00:00,752.235,manual,Manual cook,temp,2100,440.6,,esp32,,0,,,,,,,,,,,,1,440.0,16.0,19.0,0,NONE
2026-10-04T16:35:23.013+00:00,752.735,manual,Manual cook,temp,2100,440.1,,esp32,,0,,,,,,,,,,,,1,440.0,13.0,13.0,0,NONE
2026-10-04T16:35:23.514+00:00,753.236,manual,Manual cook,temp,2100,441.0,,esp32,,0,,,,,,,,,,,,1,440.0,0.0,0.0,0,NONE
2026-10-04T16:35:24.513+00:00,754.235,manual,Manual cook,temp,2100,441.0,,esp32,,0,,,,,,,,,,,,1,440.0,4.0,4.0,0,NONE
2026-10-04T16:35:25.013+00:00,754.735,manual,Manual cook,temp,2100,440.6,,esp32,,0,,,,,,,,,,,,1,440.0,4.0,4.0,0,NONE
2026-10-04T16:35:26.013+00:00,755.735,manual,Manual cook,temp,2100,439.3,,esp32,,0,,,,,,,,,,,,1,440.0,29.0,29.0,0,NONE
2026-10-04T16:35:27.013+00:00,756.735,manual,Manual cook,temp,2100,440.6,,esp32,,0,,,,,,,,,,,,1,440.0,4.0,4.0,0,NONE
2026-10-04T16:35:28.013+00:00,757.735,manual,Manual cook,temp,2100,441.5,,esp32,,0,,,,,,,,,,,,1,440.0,0.0,0.0,0,NONE
2026-10-04T16:35:29.013+00:00,758.735,manual,Manual cook,temp,2100,441.5,,esp32,,0,,,,,,,,,,,,1,440.0,11.0,11.0,0,NONE
2026-10-04T16:35:29.514+00:00,759.236,manual,Manual cook,temp,2100,441.5,,esp32,,0,,,,,,,,,,,,1,440.0,0.0,0.0,0,NONE
2026-10-04T16:35:30.513+00:00,760.235,manual,Manual cook,temp,2100,441.5,,esp32,,0,,,,,,,,,,,,1,440.0,0.0,0.0,0,NONE
2026-10-04T16:35:31.014+00:00,760.736,manual,Manual cook,temp,2100,441.0,,esp32,,0,,,,,,,,,,,,1,440.0,11.0,11.0,0,NONE
2026-10-04T16:35:32.013+00:00,761.735,manual,Manual cook,temp,2100,441.5,,esp32,,0,,,,,,,,,,,,1,440.0,3.0,3.0,0,NONE
2026-10-04T16:35:32.513+00:00,762.235,manual,Manual cook,temp,2100,440.1,,esp32,,0,,,,,,,,,,,,1,440.0,19.0,19.0,0,NONE
2026-10-04T16:35:33.013+00:00,762.735,manual,Manual cook,temp,2100,440.1,,esp32,,0,,,,,,,,,,,,1,440.0,13.0,13.0,0,NONE
2026-10-04T16:35:34.016+00:00,763.738,manual,Manual cook,temp,2100,440.6,,esp32,,0,,,,,,,,,,,,1,440.0,5.0,5.0,0,NONE
2026-10-04T16:35:35.014+00:00,764.736,manual,Manual cook,temp,2100,441.5,,esp32,,0,,,,,,,,,,,,1,440.0,0.0,0.0,0,NONE
2026-10-04T16:35:36.013+00:00,765.735,manual,Manual cook,temp,2100,441.0,,esp32,,0,,,,,,,,,,,,1,440.0,0.0,0.0,0,NONE
2026-10-04T16:35:37.013+00:00,766.735,manual,Manual cook,temp,2100,440.6,,esp32,,0,,,,,,,,,,,,1,440.0,12.0,12.0,0,NONE
2026-10-04T16:35:38.013+00:00,767.734,manual,Manual cook,temp,2100,441.0,,esp32,,0,,,,,,,,,,,,1,440.0,0.0,0.0,0,NONE
2026-10-04T16:35:38.513+00:00,768.235,manual,Manual cook,temp,2100,440.6,,esp32,,0,,,,,,,,,,,,1,440.0,12.0,12.0,0,NONE
2026-10-04T16:35:39.013+00:00,768.735,manual,Manual cook,temp,2100,441.0,,esp32,,0,,,,,,,,,,,,1,440.0,0.0,0.0,0,NONE
2026-10-04T16:35:40.014+00:00,769.736,manual,Manual cook,temp,2100,441.0,,esp32,,0,,,,,,,,,,,,1,440.0,0.0,0.0,0,NONE
2026-10-04T16:35:41.013+00:00,770.735,manual,Manual cook,temp,2100,440.1,,esp32,,0,,,,,,,,,,,,1,440.0,0.0,0.0,0,NONE
2026-10-04T16:35:42.013+00:00,771.734,manual,Manual cook,temp,2100,441.5,,esp32,,0,,,,,,,,,,,,1,440.0,0.0,0.0,0,NONE
2026-10-04T16:35:42.513+00:00,772.235,manual,Manual cook,temp,2100,441.0,,esp32,,0,,,,,,,,,,,,1,440.0,16.0,27.0,0,NONE
2026-10-04T16:35:43.017+00:00,772.739,manual,Manual cook,temp,2100,441.0,,esp32,,0,,,,,,,,,,,,1,440.0,0.0,0.0,0,NONE
2026-10-04T16:35:44.013+00:00,773.735,manual,Manual cook,temp,2100,440.1,,esp32,,0,,,,,,,,,,,,1,440.0,13.0,13.0,0,NONE
2026-10-04T16:35:45.013+00:00,774.735,manual,Manual cook,temp,2100,440.6,,esp32,,0,,,,,,,,,,,,1,440.0,5.0,5.0,0,NONE
2026-10-04T16:35:46.013+00:00,775.735,manual,Manual cook,temp,2100,441.0,,esp32,,0,,,,,,,,,,,,1,440.0,13.0,13.0,0,NONE
2026-10-04T16:35:47.013+00:00,776.735,manual,Manual cook,temp,2100,440.1,,esp32,,0,,,,,,,,,,,,1,440.0,16.0,20.0,0,NONE
2026-10-04T16:35:48.013+00:00,777.734,manual,Manual cook,temp,2100,440.1,,esp32,,0,,,,,,,,,,,,1,440.0,15.0,15.0,0,NONE
2026-10-04T16:35:49.014+00:00,778.735,manual,Manual cook,temp,2100,439.7,,esp32,,0,,,,,,,,,,,,1,440.0,14.0,14.0,0,NONE
2026-10-04T16:35:50.012+00:00,779.734,manual,Manual cook,temp,2100,440.1,,esp32,,0,,,,,,,,,,,,1,440.0,0.0,0.0,0,NONE
2026-10-04T16:35:50.513+00:00,780.235,manual,Manual cook,temp,2100,440.1,,esp32,,0,,,,,,,,,,,,1,440.0,13.0,13.0,0,NONE
2026-10-04T16:35:51.512+00:00,781.234,manual,Manual cook,temp,2100,440.1,,esp32,,0,,,,,,,,,,,,1,440.0,6.0,6.0,0,NONE
2026-10-04T16:35:52.013+00:00,781.734,manual,Manual cook,temp,2100,440.6,,esp32,,0,,,,,,,,,,,,1,440.0,6.0,6.0,0,NONE
2026-10-04T16:35:53.013+00:00,782.734,manual,Manual cook,temp,2100,440.6,,esp32,,0,,,,,,,,,,,,1,440.0,16.0,21.0,0,NONE
2026-10-04T16:35:54.012+00:00,783.734,manual,Manual cook,temp,2100,440.6,,esp32,,0,,,,,,,,,,,,1,440.0,5.0,5.0,0,NONE
2026-10-04T16:35:55.012+00:00,784.734,manual,Manual cook,temp,2100,440.6,,esp32,,0,,,,,,,,,,,,1,440.0,0.0,0.0,0,NONE
2026-10-04T16:35:56.012+00:00,785.734,manual,Manual cook,temp,2100,439.7,,esp32,,0,,,,,,,,,,,,1,440.0,0.0,0.0,0,NONE
2026-10-04T16:35:56.513+00:00,786.235,manual,Manual cook,temp,2100,439.7,,esp32,,0,,,,,,,,,,,,1,440.0,16.0,21.0,0,NONE
2026-10-04T16:35:57.512+00:00,787.234,manual,Manual cook,temp,2100,440.1,,esp32,,0,,,,,,,,,,,,1,440.0,0.0,0.0,0,NONE
2026-10-04T16:35:58.512+00:00,788.234,manual,Manual cook,temp,2100,440.1,,esp32,,0,,,,,,,,,,,,1,440.0,13.0,13.0,0,NONE
2026-10-04T16:35:59.512+00:00,789.234,manual,Manual cook,temp,2100,439.7,,esp32,,0,,,,,,,,,,,,1,440.0,22.0,22.0,0,NONE
2026-10-04T16:36:00.012+00:00,789.734,manual,Manual cook,temp,2100,439.7,,esp32,,0,,,,,,,,,,,,1,440.0,0.0,0.0,0,NONE
2026-10-04T16:36:01.012+00:00,790.734,manual,Manual cook,temp,2100,440.1,,esp32,,0,,,,,,,,,,,,1,440.0,6.0,6.0,0,NONE
2026-10-04T16:36:02.012+00:00,791.734,manual,Manual cook,temp,2100,440.1,,esp32,,0,,,,,,,,,,,,1,440.0,6.0,6.0,0,NONE
2026-10-04T16:36:02.512+00:00,792.234,manual,Manual cook,temp,2100,440.1,,esp32,,0,,,,,,,,,,,,1,440.0,14.0,14.0,0,NONE
2026-10-04T16:36:03.013+00:00,792.735,manual,Manual cook,temp,2100,440.1,,esp32,,0,,,,,,,,,,,,1,440.0,0.0,0.0,0,NONE
2026-10-04T16:36:04.012+00:00,793.734,manual,Manual cook,temp,2100,440.1,,esp32,,0,,,,,,,,,,,,1,440.0,0.0,0.0,0,NONE
2026-10-04T16:36:04.512+00:00,794.234,manual,Manual cook,temp,2100,439.7,,esp32,,0,,,,,,,,,,,,1,440.0,14.0,14.0,0,NONE
2026-10-04T16:36:05.512+00:00,795.234,manual,Manual cook,temp,2100,439.7,,esp32,,0,,,,,,,,,,,,1,440.0,7.0,7.0,0,NONE
2026-10-04T16:36:06.012+00:00,795.734,manual,Manual cook,temp,2100,438.8,,esp32,,0,,,,,,,,,,,,1,440.0,23.0,23.0,0,NONE
2026-10-04T16:36:07.013+00:00,796.735,manual,Manual cook,temp,2100,439.3,,esp32,,0,,,,,,,,,,,,1,440.0,15.0,15.0,0,NONE
2026-10-04T16:36:08.012+00:00,797.734,manual,Manual cook,temp,2100,439.7,,esp32,,0,,,,,,,,,,,,1,440.0,14.0,14.0,0,NONE
2026-10-04T16:36:08.512+00:00,798.234,manual,Manual cook,temp,2100,439.7,,esp32,,0,,,,,,,,,,,,1,440.0,7.0,7.0,0,NONE
2026-10-04T16:36:09.012+00:00,798.734,manual,Manual cook,temp,2100,440.1,,esp32,,0,,,,,,,,,,,,1,440.0,0.0,0.0,0,NONE
2026-10-04T16:36:10.012+00:00,799.734,manual,Manual cook,temp,2100,438.8,,esp32,,0,,,,,,,,,,,,1,440.0,30.0,30.0,0,NONE
2026-10-04T16:36:10.512+00:00,800.234,manual,Manual cook,temp,2100,440.1,,esp32,,0,,,,,,,,,,,,1,440.0,0.0,0.0,0,NONE
2026-10-04T16:36:11.012+00:00,800.734,manual,Manual cook,temp,2100,440.1,,esp32,,0,,,,,,,,,,,,1,440.0,6.0,6.0,0,NONE
2026-10-04T16:36:12.012+00:00,801.734,manual,Manual cook,temp,2100,439.7,,esp32,,0,,,,,,,,,,,,1,440.0,16.0,21.0,0,NONE
2026-10-04T16:36:12.513+00:00,802.235,manual,Manual cook,temp,2100,440.1,,esp32,,0,,,,,,,,,,,,1,440.0,0.0,0.0,0,NONE
2026-10-04T16:36:13.512+00:00,803.234,manual,Manual cook,temp,2100,440.1,,esp32,,0,,,,,,,,,,,,1,440.0,6.0,6.0,0,NONE
2026-10-04T16:36:14.512+00:00,804.234,manual,Manual cook,temp,2100,440.6,,esp32,,0,,,,,,,,,,,,1,440.0,0.0,0.0,0,NONE
2026-10-04T16:36:15.013+00:00,804.735,manual,Manual cook,temp,2100,439.3,,esp32,,0,,,,,,,,,,,,1,440.0,0.0,0.0,0,NONE
2026-10-04T16:36:16.012+00:00,805.734,manual,Manual cook,temp,2100,440.6,,esp32,,0,,,,,,,,,,,,1,440.0,0.0,0.0,0,NONE
2026-10-04T16:36:16.512+00:00,806.234,manual,Manual cook,temp,2100,438.8,,esp32,,0,,,,,,,,,,,,1,440.0,16.0,37.0,0,NONE
2026-10-04T16:36:17.012+00:00,806.734,manual,Manual cook,temp,2100,439.7,,esp32,,0,,,,,,,,,,,,1,440.0,0.0,0.0,0,NONE
2026-10-04T16:36:18.012+00:00,807.734,manual,Manual cook,temp,2100,439.7,,esp32,,0,,,,,,,,,,,,1,440.0,7.0,7.0,0,NONE
2026-10-04T16:36:19.012+00:00,808.734,manual,Manual cook,temp,2100,439.7,,esp32,,0,,,,,,,,,,,,1,440.0,0.0,0.0,0,NONE
2026-10-04T16:36:20.012+00:00,809.734,manual,Manual cook,temp,2100,439.3,,esp32,,0,,,,,,,,,,,,1,440.0,15.0,15.0,0,NONE
2026-10-04T16:36:21.013+00:00,810.734,manual,Manual cook,temp,2100,439.7,,esp32,,0,,,,,,,,,,,,1,440.0,7.0,7.0,0,NONE
2026-10-04T16:36:22.012+00:00,811.734,manual,Manual cook,temp,2100,438.8,,esp32,,0,,,,,,,,,,,,1,440.0,16.0,30.0,0,NONE
2026-10-04T16:36:22.512+00:00,812.234,manual,Manual cook,temp,2100,439.7,,esp32,,0,,,,,,,,,,,,1,440.0,0.0,0.0,0,NONE
2026-10-04T16:36:23.012+00:00,812.734,manual,Manual cook,temp,2100,439.7,,esp32,,0,,,,,,,,,,,,1,440.0,0.0,0.0,0,NONE
2026-10-04T16:36:24.012+00:00,813.734,manual,Manual cook,temp,2100,439.3,,esp32,,0,,,,,,,,,,,,1,440.0,23.0,23.0,0,NONE
2026-10-04T16:36:25.012+00:00,814.734,manual,Manual cook,temp,2100,439.7,,esp32,,0,,,,,,,,,,,,1,440.0,0.0,0.0,0,NONE
2026-10-04T16:36:26.012+00:00,815.734,manual,Manual cook,temp,2100,439.3,,esp32,,0,,,,,,,,,,,,1,440.0,7.0,7.0,0,NONE
2026-10-04T16:36:27.012+00:00,816.733,manual,Manual cook,temp,2100,439.3,,esp32,,0,,,,,,,,,,,,1,440.0,8.0,8.0,0,NONE
2026-10-04T16:36:28.012+00:00,817.733,manual,Manual cook,temp,2100,439.3,,esp32,,0,,,,,,,,,,,,1,440.0,0.0,0.0,0,NONE
2026-10-04T16:36:28.512+00:00,818.234,manual,Manual cook,temp,2100,439.3,,esp32,,0,,,,,,,,,,,,1,440.0,8.0,8.0,0,NONE
2026-10-04T16:36:29.512+00:00,819.234,manual,Manual cook,temp,2100,439.3,,esp32,,0,,,,,,,,,,,,1,440.0,15.0,15.0,0,NONE
2026-10-04T16:36:30.511+00:00,820.233,manual,Manual cook,temp,2100,439.3,,esp32,,0,,,,,,,,,,,,1,440.0,15.0,15.0,0,NONE
2026-10-04T16:36:31.012+00:00,820.733,manual,Manual cook,temp,2100,439.3,,esp32,,0,,,,,,,,,,,,1,440.0,8.0,8.0,0,NONE
2026-10-04T16:36:32.013+00:00,821.735,manual,Manual cook,temp,2100,439.3,,esp32,,0,,,,,,,,,,,,1,440.0,0.0,0.0,0,NONE
2026-10-04T16:36:33.012+00:00,822.733,manual,Manual cook,temp,2100,438.8,,esp32,,0,,,,,,,,,,,,1,440.0,16.0,16.0,0,NONE
2026-10-04T16:36:34.012+00:00,823.734,manual,Manual cook,temp,2100,439.3,,esp32,,0,,,,,,,,,,,,1,440.0,1.0,1.0,0,NONE
2026-10-04T16:36:35.012+00:00,824.733,manual,Manual cook,temp,2100,439.3,,esp32,,0,,,,,,,,,,,,1,440.0,8.0,8.0,0,NONE
2026-10-04T16:36:36.012+00:00,825.734,manual,Manual cook,temp,2100,439.7,,esp32,,0,,,,,,,,,,,,1,440.0,0.0,0.0,0,NONE
2026-10-04T16:36:37.012+00:00,826.734,manual,Manual cook,temp,2100,439.7,,esp32,,0,,,,,,,,,,,,1,440.0,0.0,0.0,0,NONE
2026-10-04T16:36:38.011+00:00,827.733,manual,Manual cook,temp,2100,439.7,,esp32,,0,,,,,,,,,,,,1,440.0,7.0,7.0,0,NONE
2026-10-04T16:36:39.011+00:00,828.733,manual,Manual cook,temp,2100,439.7,,esp32,,0,,,,,,,,,,,,1,440.0,7.0,7.0,0,NONE
2026-10-04T16:36:39.512+00:00,829.234,manual,Manual cook,temp,2100,439.7,,esp32,,0,,,,,,,,,,,,1,440.0,7.0,7.0,0,NONE
2026-10-04T16:36:40.511+00:00,830.233,manual,Manual cook,temp,2100,440.1,,esp32,,0,,,,,,,,,,,,1,440.0,0.0,0.0,0,NONE
2026-10-04T16:36:41.011+00:00,830.733,manual,Manual cook,temp,2100,440.1,,esp32,,0,,,,,,,,,,,,1,440.0,6.0,6.0,0,NONE
2026-10-04T16:36:42.011+00:00,831.733,manual,Manual cook,temp,2100,440.1,,esp32,,0,,,,,,,,,,,,1,440.0,0.0,0.0,0,NONE
2026-10-04T16:36:43.011+00:00,832.733,manual,Manual cook,temp,2100,440.1,,esp32,,0,,,,,,,,,,,,1,440.0,6.0,6.0,0,NONE
2026-10-04T16:36:44.011+00:00,833.733,manual,Manual cook,temp,2100,440.6,,esp32,,0,,,,,,,,,,,,1,440.0,6.0,6.0,0,NONE
2026-10-04T16:36:45.012+00:00,834.734,manual,Manual cook,temp,2100,440.6,,esp32,,0,,,,,,,,,,,,1,440.0,5.0,5.0,0,NONE
2026-10-04T16:36:46.011+00:00,835.733,manual,Manual cook,temp,2100,441.0,,esp32,,0,,,,,,,,,,,,1,440.0,11.0,11.0,0,NONE
2026-10-04T16:36:47.011+00:00,836.733,manual,Manual cook,temp,2100,441.0,,esp32,,0,,,,,,,,,,,,1,440.0,11.0,11.0,0,NONE
2026-10-04T16:36:48.011+00:00,837.733,manual,Manual cook,temp,2100,441.5,,esp32,,0,,,,,,,,,,,,1,440.0,0.0,0.0,0,NONE
2026-10-04T16:36:49.011+00:00,838.733,manual,Manual cook,temp,2100,441.5,,esp32,,0,,,,,,,,,,,,1,440.0,3.0,3.0,0,NONE
2026-10-04T16:36:50.013+00:00,839.734,manual,Manual cook,temp,2100,441.5,,esp32,,0,,,,,,,,,,,,1,440.0,0.0,0.0,0,NONE
2026-10-04T16:36:50.514+00:00,840.235,manual,Manual cook,temp,2100,441.0,,esp32,,0,,,,,,,,,,,,1,440.0,11.0,11.0,0,NONE
2026-10-04T16:36:51.511+00:00,841.233,manual,Manual cook,temp,2100,441.5,,esp32,,0,,,,,,,,,,,,1,440.0,16.0,27.0,0,NONE
2026-10-04T16:36:52.011+00:00,841.733,manual,Manual cook,temp,2100,441.5,,esp32,,0,,,,,,,,,,,,1,440.0,0.0,0.0,0,NONE
2026-10-04T16:36:52.511+00:00,842.233,manual,Manual cook,temp,2100,441.5,,esp32,,0,,,,,,,,,,,,1,440.0,16.0,19.0,0,NONE
2026-10-04T16:36:53.511+00:00,843.233,manual,Manual cook,temp,2100,442.9,,esp32,,0,,,,,,,,,,,,1,440.0,0.0,0.0,0,NONE
2026-10-04T16:36:54.011+00:00,843.733,manual,Manual cook,temp,2100,441.5,,esp32,,0,,,,,,,,,,,,1,440.0,16.0,25.0,0,NONE
2026-10-04T16:36:55.011+00:00,844.733,manual,Manual cook,temp,2100,441.0,,esp32,,0,,,,,,,,,,,,1,440.0,11.0,11.0,0,NONE
2026-10-04T16:36:56.014+00:00,845.736,manual,Manual cook,temp,2100,442.0,,esp32,,0,,,,,,,,,,,,1,440.0,0.0,0.0,0,NONE
2026-10-04T16:36:57.011+00:00,846.733,manual,Manual cook,temp,2100,440.6,,esp32,,0,,,,,,,,,,,,1,440.0,12.0,12.0,0,NONE
2026-10-04T16:36:58.011+00:00,847.733,manual,Manual cook,temp,2100,441.5,,esp32,,0,,,,,,,,,,,,1,440.0,0.0,0.0,0,NONE
2026-10-04T16:36:58.511+00:00,848.233,manual,Manual cook,temp,2100,440.6,,esp32,,0,,,,,,,,,,,,1,440.0,3.0,3.0,0,NONE
2026-10-04T16:36:59.011+00:00,848.733,manual,Manual cook,temp,2100,440.6,,esp32,,0,,,,,,,,,,,,1,440.0,19.0,19.0,0,NONE
2026-10-04T16:37:00.011+00:00,849.733,manual,Manual cook,temp,2100,441.5,,esp32,,0,,,,,,,,,,,,1,440.0,3.0,3.0,0,NONE
2026-10-04T16:37:01.011+00:00,850.733,manual,Manual cook,temp,2100,441.5,,esp32,,0,,,,,,,,,,,,1,440.0,3.0,3.0,0,NONE
2026-10-04T16:37:02.011+00:00,851.733,manual,Manual cook,temp,2100,441.5,,esp32,,0,,,,,,,,,,,,1,440.0,10.0,10.0,0,NONE
2026-10-04T16:37:03.011+00:00,852.733,manual,Manual cook,temp,2100,442.4,,esp32,,0,,,,,,,,,,,,1,440.0,0.0,0.0,0,NONE
2026-10-04T16:37:04.011+00:00,853.733,manual,Manual cook,temp,2100,442.0,,esp32,,0,,,,,,,,,,,,1,440.0,0.0,0.0,0,NONE
2026-10-04T16:37:05.011+00:00,854.733,manual,Manual cook,temp,2100,442.0,,esp32,,0,,,,,,,,,,,,1,440.0,3.0,3.0,0,NONE
2026-10-04T16:37:06.011+00:00,855.733,manual,Manual cook,temp,2100,441.5,,esp32,,0,,,,,,,,,,,,1,440.0,10.0,10.0,0,NONE
2026-10-04T16:37:06.512+00:00,856.234,manual,Manual cook,temp,2100,441.5,,esp32,,0,,,,,,,,,,,,1,440.0,3.0,3.0,0,NONE
2026-10-04T16:37:07.511+00:00,857.233,manual,Manual cook,temp,2100,441.5,,esp32,,0,,,,,,,,,,,,1,440.0,3.0,3.0,0,NONE
2026-10-04T16:37:08.511+00:00,858.233,manual,Manual cook,temp,2100,441.5,,esp32,,0,,,,,,,,,,,,1,440.0,10.0,10.0,0,NONE
2026-10-04T16:37:09.011+00:00,858.733,manual,Manual cook,temp,2100,441.5,,esp32,,0,,,,,,,,,,,,1,440.0,3.0,3.0,0,NONE
2026-10-04T16:37:10.011+00:00,859.733,manual,Manual cook,temp,2100,441.0,,esp32,,0,,,,,,,,,,,,1,440.0,0.0,0.0,0,NONE
2026-10-04T16:37:11.011+00:00,860.733,manual,Manual cook,temp,2100,441.5,,esp32,,0,,,,,,,,,,,,1,440.0,0.0,0.0,0,NONE
2026-10-04T16:37:12.011+00:00,861.733,manual,Manual cook,temp,2100,442.0,,esp32,,0,,,,,,,,,,,,1,440.0,0.0,0.0,0,NONE
2026-10-04T16:37:13.011+00:00,862.733,manual,Manual cook,temp,2100,441.0,,esp32,,0,,,,,,,,,,,,1,440.0,18.0,18.0,0,NONE
2026-10-04T16:37:14.011+00:00,863.733,manual,Manual cook,temp,2100,441.5,,esp32,,0,,,,,,,,,,,,1,440.0,0.0,0.0,0,NONE
2026-10-04T16:37:15.011+00:00,864.733,manual,Manual cook,temp,2100,440.6,,esp32,,0,,,,,,,,,,,,1,440.0,19.0,19.0,0,NONE
2026-10-04T16:37:16.011+00:00,865.732,manual,Manual cook,temp,2100,441.5,,esp32,,0,,,,,,,,,,,,1,440.0,3.0,3.0,0,NONE
2026-10-04T16:37:17.011+00:00,866.733,manual,Manual cook,temp,2100,439.7,,esp32,,0,,,,,,,,,,,,1,440.0,35.0,35.0,0,NONE
2026-10-04T16:37:17.511+00:00,867.233,manual,Manual cook,temp,2100,441.0,,esp32,,0,,,,,,,,,,,,1,440.0,0.0,0.0,0,NONE
2026-10-04T16:37:18.510+00:00,868.232,manual,Manual cook,temp,2100,441.0,,esp32,,0,,,,,,,,,,,,1,440.0,0.0,0.0,0,NONE
2026-10-04T16:37:19.011+00:00,868.732,manual,Manual cook,temp,2100,441.0,,esp32,,0,,,,,,,,,,,,1,440.0,11.0,11.0,0,NONE
2026-10-04T16:37:20.013+00:00,869.735,manual,Manual cook,temp,2100,439.7,,esp32,,0,,,,,,,,,,,,1,440.0,3.0,3.0,0,NONE
2026-10-04T16:37:21.011+00:00,870.733,manual,Manual cook,temp,2100,441.0,,esp32,,0,,,,,,,,,,,,1,440.0,0.0,0.0,0,NONE
2026-10-04T16:37:22.010+00:00,871.732,manual,Manual cook,temp,2100,441.0,,esp32,,0,,,,,,,,,,,,1,440.0,4.0,4.0,0,NONE
2026-10-04T16:37:23.011+00:00,872.733,manual,Manual cook,temp,2100,441.5,,esp32,,0,,,,,,,,,,,,1,440.0,0.0,0.0,0,NONE
2026-10-04T16:37:24.010+00:00,873.732,manual,Manual cook,temp,2100,441.5,,esp32,,0,,,,,,,,,,,,1,440.0,3.0,3.0,0,NONE
2026-10-04T16:37:25.011+00:00,874.732,manual,Manual cook,temp,2100,441.5,,esp32,,0,,,,,,,,,,,,1,440.0,0.0,0.0,0,NONE
2026-10-04T16:37:26.011+00:00,875.733,manual,Manual cook,temp,2100,441.0,,esp32,,0,,,,,,,,,,,,1,440.0,11.0,11.0,0,NONE
2026-10-04T16:37:27.010+00:00,876.732,manual,Manual cook,temp,2100,441.5,,esp32,,0,,,,,,,,,,,,1,440.0,0.0,0.0,0,NONE
2026-10-04T16:37:28.010+00:00,877.732,manual,Manual cook,temp,2100,441.5,,esp32,,0,,,,,,,,,,,,1,440.0,3.0,3.0,0,NONE
2026-10-04T16:37:28.511+00:00,878.233,manual,Manual cook,temp,2100,442.0,,esp32,,0,,,,,,,,,,,,1,440.0,0.0,0.0,0,NONE
2026-10-04T16:37:29.510+00:00,879.232,manual,Manual cook,temp,2100,442.0,,esp32,,0,,,,,,,,,,,,1,440.0,2.0,2.0,0,NONE
2026-10-04T16:37:30.010+00:00,879.732,manual,Manual cook,temp,2100,442.0,,esp32,,0,,,,,,,,,,,,1,440.0,2.0,2.0,0,NONE
2026-10-04T16:37:30.510+00:00,880.232,manual,Manual cook,temp,2100,441.5,,esp32,,0,,,,,,,,,,,,1,440.0,10.0,10.0,0,NONE
2026-10-04T16:37:31.511+00:00,881.233,manual,Manual cook,temp,2100,442.0,,esp32,,0,,,,,,,,,,,,1,440.0,0.0,0.0,0,NONE
2026-10-04T16:37:32.510+00:00,882.232,manual,Manual cook,temp,2100,441.5,,esp32,,0,,,,,,,,,,,,1,440.0,0.0,0.0,0,NONE
2026-10-04T16:37:33.010+00:00,882.732,manual,Manual cook,temp,2100,441.5,,esp32,,0,,,,,,,,,,,,1,440.0,0.0,0.0,0,NONE
2026-10-04T16:37:33.510+00:00,883.232,manual,Manual cook,temp,2100,440.6,,esp32,,0,,,,,,,,,,,,1,440.0,2.0,2.0,0,NONE
2026-10-04T16:37:34.015+00:00,883.737,manual,Manual cook,temp,2100,441.0,,esp32,,0,,,,,,,,,,,,1,440.0,19.0,19.0,0,NONE
2026-10-04T16:37:35.011+00:00,884.732,manual,Manual cook,temp,2100,440.1,,esp32,,0,,,,,,,,,,,,1,440.0,0.0,0.0,0,NONE
2026-10-04T16:37:36.010+00:00,885.732,manual,Manual cook,temp,2100,440.6,,esp32,,0,,,,,,,,,,,,1,440.0,0.0,0.0,0,NONE
2026-10-04T16:37:37.012+00:00,886.734,manual,Manual cook,temp,2100,441.0,,esp32,,0,,,,,,,,,,,,1,440.0,0.0,0.0,0,NONE
2026-10-04T16:37:38.010+00:00,887.732,manual,Manual cook,temp,2100,440.1,,esp32,,0,,,,,,,,,,,,1,440.0,12.0,12.0,0,NONE
2026-10-04T16:37:38.510+00:00,888.232,manual,Manual cook,temp,2100,440.1,,esp32,,0,,,,,,,,,,,,1,440.0,5.0,5.0,0,NONE
2026-10-04T16:37:39.010+00:00,888.732,manual,Manual cook,temp,2100,440.1,,esp32,,0,,,,,,,,,,,,1,440.0,5.0,5.0,0,NONE
2026-10-04T16:37:39.513+00:00,889.235,manual,Manual cook,temp,2100,439.7,,esp32,,0,,,,,,,,,,,,1,440.0,13.0,13.0,0,NONE
2026-10-04T16:37:40.510+00:00,890.232,manual,Manual cook,temp,2100,439.3,,esp32,,0,,,,,,,,,,,,1,440.0,14.0,14.0,0,NONE
2026-10-04T16:37:41.010+00:00,890.732,manual,Manual cook,temp,2100,440.6,,esp32,,0,,,,,,,,,,,,1,440.0,0.0,0.0,0,NONE
2026-10-04T16:37:42.010+00:00,891.732,manual,Manual cook,temp,2100,439.7,,esp32,,0,,,,,,,,,,,,1,440.0,16.0,20.0,0,NONE
2026-10-04T16:37:42.510+00:00,892.232,manual,Manual cook,temp,2100,440.1,,esp32,,0,,,,,,,,,,,,1,440.0,0.0,0.0,0,NONE
2026-10-04T16:37:43.010+00:00,892.732,manual,Manual cook,temp,2100,440.1,,esp32,,0,,,,,,,,,,,,1,440.0,5.0,5.0,0,NONE
2026-10-04T16:37:44.010+00:00,893.732,manual,Manual cook,temp,2100,440.1,,esp32,,0,,,,,,,,,,,,1,440.0,5.0,5.0,0,NONE
2026-10-04T16:37:45.010+00:00,894.732,manual,Manual cook,temp,2100,439.7,,esp32,,0,,,,,,,,,,,,1,440.0,13.0,13.0,0,NONE
2026-10-04T16:37:46.011+00:00,895.733,manual,Manual cook,temp,2100,439.7,,esp32,,0,,,,,,,,,,,,1,440.0,0.0,0.0,0,NONE
2026-10-04T16:37:47.010+00:00,896.732,manual,Manual cook,temp,2100,439.3,,esp32,,0,,,,,,,,,,,,1,440.0,16.0,21.0,0,NONE
2026-10-04T16:37:48.010+00:00,897.732,manual,Manual cook,temp,2100,440.1,,esp32,,0,,,,,,,,,,,,1,440.0,0.0,0.0,0,NONE
2026-10-04T16:37:49.010+00:00,898.732,manual,Manual cook,temp,2100,440.6,,esp32,,0,,,,,,,,,,,,1,440.0,4.0,4.0,0,NONE
2026-10-04T16:37:50.010+00:00,899.732,manual,Manual cook,temp,2100,440.6,,esp32,,0,,,,,,,,,,,,1,440.0,4.0,4.0,0,NONE
2026-10-04T16:37:50.512+00:00,900.234,manual,Manual cook,temp,2100,440.1,,esp32,,0,,,,,,,,,,,,1,440.0,12.0,12.0,0,NONE
2026-10-04T16:37:51.510+00:00,901.232,manual,Manual cook,temp,2100,440.6,,esp32,,0,,,,,,,,,,,,1,440.0,0.0,0.0,0,NONE
2026-10-04T16:37:52.010+00:00,901.732,manual,Manual cook,temp,2100,439.7,,esp32,,0,,,,,,,,,,,,1,440.0,16.0,20.0,0,NONE
2026-10-04T16:37:53.010+00:00,902.732,manual,Manual cook,temp,2100,440.6,,esp32,,0,,,,,,,,,,,,1,440.0,0.0,0.0,0,NONE
2026-10-04T16:37:54.010+00:00,903.732,manual,Manual cook,temp,2100,439.7,,esp32,,0,,,,,,,,,,,,1,440.0,0.0,0.0,0,NONE
2026-10-04T16:37:55.010+00:00,904.732,manual,Manual cook,temp,2100,439.7,,esp32,,0,,,,,,,,,,,,1,440.0,6.0,6.0,0,NONE
2026-10-04T16:37:56.010+00:00,905.732,manual,Manual cook,temp,2100,440.1,,esp32,,0,,,,,,,,,,,,1,440.0,16.0,20.0,0,NONE
2026-10-04T16:37:56.511+00:00,906.232,manual,Manual cook,temp,2100,440.1,,esp32,,0,,,,,,,,,,,,1,440.0,5.0,5.0,0,NONE
2026-10-04T16:37:57.510+00:00,907.231,manual,Manual cook,temp,2100,440.1,,esp32,,0,,,,,,,,,,,,1,440.0,0.0,0.0,0,NONE
2026-10-04T16:37:58.010+00:00,907.732,manual,Manual cook,temp,2100,441.0,,esp32,,0,,,,,,,,,,,,1,440.0,0.0,0.0,0,NONE
2026-10-04T16:37:59.010+00:00,908.732,manual,Manual cook,temp,2100,440.1,,esp32,,0,,,,,,,,,,,,1,440.0,0.0,0.0,0,NONE
2026-10-04T16:38:00.010+00:00,909.731,manual,Manual cook,temp,2100,440.6,,esp32,,0,,,,,,,,,,,,1,440.0,0.0,0.0,0,NONE
2026-10-04T16:38:01.010+00:00,910.732,manual,Manual cook,temp,2100,440.6,,esp32,,0,,,,,,,,,,,,1,440.0,11.0,11.0,0,NONE
2026-10-04T16:38:02.012+00:00,911.734,manual,Manual cook,temp,2100,439.3,,esp32,,0,,,,,,,,,,,,1,440.0,29.0,29.0,0,NONE
2026-10-04T16:38:03.010+00:00,912.732,manual,Manual cook,temp,2100,438.8,,esp32,,0,,,,,,,,,,,,1,440.0,16.0,20.0,0,NONE
2026-10-04T16:38:03.510+00:00,913.232,manual,Manual cook,temp,2100,440.6,,esp32,,0,,,,,,,,,,,,1,440.0,22.0,22.0,0,NONE
2026-10-04T16:38:04.509+00:00,914.231,manual,Manual cook,temp,2100,440.6,,esp32,,0,,,,,,,,,,,,1,440.0,4.0,4.0,0,NONE
2026-10-04T16:38:05.010+00:00,914.731,manual,Manual cook,temp,2100,440.6,,esp32,,0,,,,,,,,,,,,1,440.0,4.0,4.0,0,NONE
2026-10-04T16:38:06.009+00:00,915.731,manual,Manual cook,temp,2100,440.1,,esp32,,0,,,,,,,,,,,,1,440.0,12.0,12.0,0,NONE
2026-10-04T16:38:06.509+00:00,916.231,manual,Manual cook,temp,2100,439.7,,esp32,,0,,,,,,,,,,,,1,440.0,13.0,13.0,0,NONE
2026-10-04T16:38:07.010+00:00,916.732,manual,Manual cook,temp,2100,439.7,,esp32,,0,,,,,,,,,,,,1,440.0,6.0,6.0,0,NONE
2026-10-04T16:38:07.510+00:00,917.232,manual,Manual cook,temp,2100,441.0,,esp32,,0,,,,,,,,,,,,1,440.0,0.0,0.0,0,NONE
2026-10-04T16:38:08.509+00:00,918.231,manual,Manual cook,temp,2100,440.6,,esp32,,0,,,,,,,,,,,,1,440.0,4.0,4.0,0,NONE
2026-10-04T16:38:09.009+00:00,918.731,manual,Manual cook,temp,2100,440.6,,esp32,,0,,,,,,,,,,,,1,440.0,4.0,4.0,0,NONE
2026-10-04T16:38:09.510+00:00,919.231,manual,Manual cook,temp,2100,440.6,,esp32,,0,,,,,,,,,,,,1,440.0,4.0,4.0,0,NONE
2026-10-04T16:38:10.509+00:00,920.231,manual,Manual cook,temp,2100,441.0,,esp32,,0,,,,,,,,,,,,1,440.0,0.0,0.0,0,NONE
2026-10-04T16:38:11.010+00:00,920.732,manual,Manual cook,temp,2100,440.6,,esp32,,0,,,,,,,,,,,,1,440.0,3.0,3.0,0,NONE
2026-10-04T16:38:12.012+00:00,921.734,manual,Manual cook,temp,2100,440.6,,esp32,,0,,,,,,,,,,,,1,440.0,4.0,4.0,0,NONE
2026-10-04T16:38:13.010+00:00,922.732,manual,Manual cook,temp,2100,441.5,,esp32,,0,,,,,,,,,,,,1,440.0,10.0,10.0,0,NONE
2026-10-04T16:38:14.009+00:00,923.731,manual,Manual cook,temp,2100,440.6,,esp32,,0,,,,,,,,,,,,1,440.0,11.0,11.0,0,NONE
2026-10-04T16:38:15.010+00:00,924.732,manual,Manual cook,temp,2100,441.5,,esp32,,0,,,,,,,,,,,,1,440.0,0.0,0.0,0,NONE
2026-10-04T16:38:16.009+00:00,925.731,manual,Manual cook,temp,2100,442.4,,esp32,,0,,,,,,,,,,,,1,440.0,0.0,0.0,0,NONE
2026-10-04T16:38:17.009+00:00,926.731,manual,Manual cook,temp,2100,442.9,,esp32,,0,,,,,,,,,,,,1,440.0,0.0,0.0,0,NONE
2026-10-04T16:38:18.009+00:00,927.731,manual,Manual cook,temp,2100,442.0,,esp32,,0,,,,,,,,,,,,1,440.0,1.0,1.0,0,NONE
2026-10-04T16:38:18.510+00:00,928.232,manual,Manual cook,temp,2100,442.0,,esp32,,0,,,,,,,,,,,,1,440.0,9.0,9.0,0,NONE
2026-10-04T16:38:19.509+00:00,929.231,manual,Manual cook,temp,2100,442.4,,esp32,,0,,,,,,,,,,,,1,440.0,0.0,0.0,0,NONE
2026-10-04T16:38:20.009+00:00,929.731,manual,Manual cook,temp,2100,441.5,,esp32,,0,,,,,,,,,,,,1,440.0,16.0,17.0,0,NONE
2026-10-04T16:38:21.009+00:00,930.731,manual,Manual cook,temp,2100,442.9,,esp32,,0,,,,,,,,,,,,1,440.0,0.0,0.0,0,NONE
2026-10-04T16:38:22.009+00:00,931.731,manual,Manual cook,temp,2100,442.4,,esp32,,0,,,,,,,,,,,,1,440.0,0.0,0.0,0,NONE
2026-10-04T16:38:23.009+00:00,932.731,manual,Manual cook,temp,2100,442.0,,esp32,,0,,,,,,,,,,,,1,440.0,16.0,16.0,0,NONE
2026-10-04T16:38:24.010+00:00,933.732,manual,Manual cook,temp,2100,442.0,,esp32,,0,,,,,,,,,,,,1,440.0,1.0,1.0,0,NONE
2026-10-04T16:38:25.009+00:00,934.731,manual,Manual cook,temp,2100,442.0,,esp32,,0,,,,,,,,,,,,1,440.0,1.0,1.0,0,NONE
2026-10-04T16:38:26.009+00:00,935.731,manual,Manual cook,temp,2100,441.0,,esp32,,0,,,,,,,,,,,,1,440.0,10.0,10.0,0,NONE
2026-10-04T16:38:26.509+00:00,936.231,manual,Manual cook,temp,2100,440.6,,esp32,,0,,,,,,,,,,,,1,440.0,0.0,0.0,0,NONE
2026-10-04T16:38:27.009+00:00,936.731,manual,Manual cook,temp,2100,440.6,,esp32,,0,,,,,,,,,,,,1,440.0,16.0,18.0,0,NONE
2026-10-04T16:38:28.009+00:00,937.731,manual,Manual cook,temp,2100,441.5,,esp32,,0,,,,,,,,,,,,1,440.0,0.0,0.0,0,NONE
2026-10-04T16:38:29.010+00:00,938.732,manual,Manual cook,temp,2100,440.6,,esp32,,0,,,,,,,,,,,,1,440.0,18.0,18.0,0,NONE
2026-10-04T16:38:30.012+00:00,939.734,manual,Manual cook,temp,2100,440.6,,esp32,,0,,,,,,,,,,,,1,440.0,0.0,0.0,0,NONE
2026-10-04T16:38:31.009+00:00,940.731,manual,Manual cook,temp,2100,440.1,,esp32,,0,,,,,,,,,,,,1,440.0,12.0,12.0,0,NONE
2026-10-04T16:38:32.009+00:00,941.731,manual,Manual cook,temp,2100,440.6,,esp32,,0,,,,,,,,,,,,1,440.0,0.0,0.0,0,NONE
2026-10-04T16:38:32.509+00:00,942.231,manual,Manual cook,temp,2100,440.6,,esp32,,0,,,,,,,,,,,,1,440.0,0.0,0.0,0,NONE
2026-10-04T16:38:33.009+00:00,942.731,manual,Manual cook,temp,2100,440.6,,esp32,,0,,,,,,,,,,,,1,440.0,11.0,11.0,0,NONE
2026-10-04T16:38:34.009+00:00,943.731,manual,Manual cook,temp,2100,440.6,,esp32,,0,,,,,,,,,,,,1,440.0,4.0,4.0,0,NONE
2026-10-04T16:38:34.509+00:00,944.231,manual,Manual cook,temp,2100,440.1,,esp32,,0,,,,,,,,,,,,1,440.0,12.0,12.0,0,NONE
2026-10-04T16:38:35.009+00:00,944.731,manual,Manual cook,temp,2100,439.7,,esp32,,0,,,,,,,,,,,,1,440.0,13.0,13.0,0,NONE
2026-10-04T16:38:36.010+00:00,945.732,manual,Manual cook,temp,2100,440.6,,esp32,,0,,,,,,,,,,,,1,440.0,0.0,0.0,0,NONE
2026-10-04T16:38:37.009+00:00,946.731,manual,Manual cook,temp,2100,440.6,,esp32,,0,,,,,,,,,,,,1,440.0,4.0,4.0,0,NONE
2026-10-04T16:38:37.509+00:00,947.231,manual,Manual cook,temp,2100,441.0,,esp32,,0,,,,,,,,,,,,1,440.0,0.0,0.0,0,NONE
2026-10-04T16:38:38.509+00:00,948.231,manual,Manual cook,temp,2100,439.3,,esp32,,0,,,,,,,,,,,,1,440.0,28.0,28.0,0,NONE
2026-10-04T16:38:39.010+00:00,948.731,manual,Manual cook,temp,2100,439.7,,esp32,,0,,,,,,,,,,,,1,440.0,0.0,0.0,0,NONE
2026-10-04T16:38:40.009+00:00,949.731,manual,Manual cook,temp,2100,440.1,,esp32,,0,,,,,,,,,,,,1,440.0,0.0,0.0,0,NONE
2026-10-04T16:38:41.009+00:00,950.731,manual,Manual cook,temp,2100,440.6,,esp32,,0,,,,,,,,,,,,1,440.0,0.0,0.0,0,NONE
2026-10-04T16:38:41.509+00:00,951.231,manual,Manual cook,temp,2100,440.6,,esp32,,0,,,,,,,,,,,,1,440.0,4.0,4.0,0,NONE
2026-10-04T16:38:42.509+00:00,952.230,manual,Manual cook,temp,2100,440.1,,esp32,,0,,,,,,,,,,,,1,440.0,0.0,0.0,0,NONE
2026-10-04T16:38:43.009+00:00,952.731,manual,Manual cook,temp,2100,439.7,,esp32,,0,,,,,,,,,,,,1,440.0,13.0,13.0,0,NONE
2026-10-04T16:38:44.009+00:00,953.731,manual,Manual cook,temp,2100,439.7,,esp32,,0,,,,,,,,,,,,1,440.0,0.0,0.0,0,NONE
2026-10-04T16:38:45.009+00:00,954.731,manual,Manual cook,temp,2100,439.7,,esp32,,0,,,,,,,,,,,,1,440.0,0.0,0.0,0,NONE
2026-10-04T16:38:46.009+00:00,955.731,manual,Manual cook,temp,2100,439.7,,esp32,,0,,,,,,,,,,,,1,440.0,6.0,6.0,0,NONE
2026-10-04T16:38:47.010+00:00,956.731,manual,Manual cook,temp,2100,439.7,,esp32,,0,,,,,,,,,,,,1,440.0,0.0,0.0,0,NONE
2026-10-04T16:38:48.009+00:00,957.731,manual,Manual cook,temp,2100,439.3,,esp32,,0,,,,,,,,,,,,1,440.0,7.0,7.0,0,NONE
2026-10-04T16:38:49.009+00:00,958.731,manual,Manual cook,temp,2100,439.3,,esp32,,0,,,,,,,,,,,,1,440.0,0.0,0.0,0,NONE
2026-10-04T16:38:50.009+00:00,959.731,manual,Manual cook,temp,2100,439.7,,esp32,,0,,,,,,,,,,,,1,440.0,0.0,0.0,0,NONE
2026-10-04T16:38:51.009+00:00,960.731,manual,Manual cook,temp,2100,439.7,,esp32,,0,,,,,,,,,,,,1,440.0,13.0,13.0,0,NONE
2026-10-04T16:38:52.009+00:00,961.730,manual,Manual cook,temp,2100,439.7,,esp32,,0,,,,,,,,,,,,1,440.0,16.0,20.0,0,NONE
2026-10-04T16:38:52.509+00:00,962.231,manual,Manual cook,temp,2100,439.7,,esp32,,0,,,,,,,,,,,,1,440.0,6.0,6.0,0,NONE
2026-10-04T16:38:53.009+00:00,962.731,manual,Manual cook,temp,2100,439.7,,esp32,,0,,,,,,,,,,,,1,440.0,6.0,6.0,0,NONE
2026-10-04T16:38:54.009+00:00,963.730,manual,Manual cook,temp,2100,439.7,,esp32,,0,,,,,,,,,,,,1,440.0,6.0,6.0,0,NONE
2026-10-04T16:38:55.009+00:00,964.730,manual,Manual cook,temp,2100,440.6,,esp32,,0,,,,,,,,,,,,1,440.0,0.0,0.0,0,NONE
2026-10-04T16:38:55.509+00:00,965.231,manual,Manual cook,temp,2100,439.3,,esp32,,0,,,,,,,,,,,,1,440.0,16.0,28.0,0,NONE
2026-10-04T16:38:56.508+00:00,966.230,manual,Manual cook,temp,2100,439.7,,esp32,,0,,,,,,,,,,,,1,440.0,0.0,0.0,0,NONE
2026-10-04T16:38:57.009+00:00,966.731,manual,Manual cook,temp,2100,440.6,,esp32,,0,,,,,,,,,,,,1,440.0,0.0,0.0,0,NONE
2026-10-04T16:38:58.010+00:00,967.732,manual,Manual cook,temp,2100,440.1,,esp32,,0,,,,,,,,,,,,1,440.0,12.0,12.0,0,NONE
2026-10-04T16:38:59.008+00:00,968.730,manual,Manual cook,temp,2100,440.1,,esp32,,0,,,,,,,,,,,,1,440.0,5.0,5.0,0,NONE
2026-10-04T16:39:00.008+00:00,969.730,manual,Manual cook,temp,2100,439.7,,esp32,,0,,,,,,,,,,,,1,440.0,6.0,6.0,0,NONE
2026-10-04T16:39:01.009+00:00,970.730,manual,Manual cook,temp,2100,439.7,,esp32,,0,,,,,,,,,,,,1,440.0,13.0,13.0,0,NONE
2026-10-04T16:39:02.008+00:00,971.730,manual,Manual cook,temp,2100,439.7,,esp32,,0,,,,,,,,,,,,1,440.0,13.0,13.0,0,NONE
2026-10-04T16:39:03.008+00:00,972.730,manual,Manual cook,temp,2100,440.1,,esp32,,0,,,,,,,,,,,,1,440.0,0.0,0.0,0,NONE
2026-10-04T16:39:03.509+00:00,973.230,manual,Manual cook,temp,2100,440.1,,esp32,,0,,,,,,,,,,,,1,440.0,5.0,5.0,0,NONE
2026-10-04T16:39:04.508+00:00,974.230,manual,Manual cook,temp,2100,440.1,,esp32,,0,,,,,,,,,,,,1,440.0,12.0,12.0,0,NONE
2026-10-04T16:39:05.008+00:00,974.730,manual,Manual cook,temp,2100,440.1,,esp32,,0,,,,,,,,,,,,1,440.0,5.0,5.0,0,NONE
2026-10-04T16:39:06.008+00:00,975.730,manual,Manual cook,temp,2100,440.1,,esp32,,0,,,,,,,,,,,,1,440.0,5.0,5.0,0,NONE
2026-10-04T16:39:07.008+00:00,976.730,manual,Manual cook,temp,2100,440.1,,esp32,,0,,,,,,,,,,,,1,440.0,0.0,0.0,0,NONE
2026-10-04T16:39:08.008+00:00,977.730,manual,Manual cook,temp,2100,440.6,,esp32,,0,,,,,,,,,,,,1,440.0,0.0,0.0,0,NONE
2026-10-04T16:39:09.009+00:00,978.731,manual,Manual cook,temp,2100,440.1,,esp32,,0,,,,,,,,,,,,1,440.0,12.0,12.0,0,NONE
2026-10-04T16:39:10.008+00:00,979.730,manual,Manual cook,temp,2100,440.6,,esp32,,0,,,,,,,,,,,,1,440.0,4.0,4.0,0,NONE
2026-10-04T16:39:11.008+00:00,980.730,manual,Manual cook,temp,2100,439.7,,esp32,,0,,,,,,,,,,,,1,440.0,13.0,13.0,0,NONE
2026-10-04T16:39:12.008+00:00,981.730,manual,Manual cook,temp,2100,441.0,,esp32,,0,,,,,,,,,,,,1,440.0,3.0,3.0,0,NONE
2026-10-04T16:39:13.008+00:00,982.730,manual,Manual cook,temp,2100,440.1,,esp32,,0,,,,,,,,,,,,1,440.0,19.0,19.0,0,NONE
2026-10-04T16:39:14.008+00:00,983.730,manual,Manual cook,temp,2100,440.6,,esp32,,0,,,,,,,,,,,,1,440.0,11.0,11.0,0,NONE
2026-10-04T16:39:14.508+00:00,984.230,manual,Manual cook,temp,2100,440.1,,esp32,,0,,,,,,,,,,,,1,440.0,12.0,12.0,0,NONE
2026-10-04T16:39:15.508+00:00,985.230,manual,Manual cook,temp,2100,440.1,,esp32,,0,,,,,,,,,,,,1,440.0,12.0,12.0,0,NONE
2026-10-04T16:39:16.008+00:00,985.730,manual,Manual cook,temp,2100,441.5,,esp32,,0,,,,,,,,,,,,1,440.0,0.0,0.0,0,NONE
2026-10-04T16:39:17.008+00:00,986.730,manual,Manual cook,temp,2100,441.0,,esp32,,0,,,,,,,,,,,,1,440.0,3.0,3.0,0,NONE
2026-10-04T16:39:18.008+00:00,987.730,manual,Manual cook,temp,2100,441.0,,esp32,,0,,,,,,,,,,,,1,440.0,3.0,3.0,0,NONE
2026-10-04T16:39:19.008+00:00,988.730,manual,Manual cook,temp,2100,440.6,,esp32,,0,,,,,,,,,,,,1,440.0,0.0,0.0,0,NONE
2026-10-04T16:39:20.008+00:00,989.730,manual,Manual cook,temp,2100,441.5,,esp32,,0,,,,,,,,,,,,1,440.0,0.0,0.0,0,NONE
2026-10-04T16:39:21.008+00:00,990.730,manual,Manual cook,temp,2100,441.5,,esp32,,0,,,,,,,,,,,,1,440.0,1.0,1.0,0,NONE
2026-10-04T16:39:21.508+00:00,991.230,manual,Manual cook,temp,2100,441.5,,esp32,,0,,,,,,,,,,,,1,440.0,9.0,9.0,0,NONE
2026-10-04T16:39:22.008+00:00,991.730,manual,Manual cook,temp,2100,442.0,,esp32,,0,,,,,,,,,,,,1,440.0,0.0,0.0,0,NONE
2026-10-04T16:39:22.509+00:00,992.231,manual,Manual cook,temp,2100,442.0,,esp32,,0,,,,,,,,,,,,1,440.0,1.0,1.0,0,NONE
2026-10-04T16:39:23.508+00:00,993.230,manual,Manual cook,temp,2100,441.0,,esp32,,0,,,,,,,,,,,,1,440.0,10.0,10.0,0,NONE
2026-10-04T16:39:24.008+00:00,993.730,manual,Manual cook,temp,2100,441.0,,esp32,,0,,,,,,,,,,,,1,440.0,0.0,0.0,0,NONE
2026-10-04T16:39:25.008+00:00,994.730,manual,Manual cook,temp,2100,441.0,,esp32,,0,,,,,,,,,,,,1,440.0,3.0,3.0,0,NONE
2026-10-04T16:39:25.509+00:00,995.231,manual,Manual cook,temp,2100,440.6,,esp32,,0,,,,,,,,,,,,1,440.0,11.0,11.0,0,NONE
2026-10-04T16:39:26.512+00:00,996.234,manual,Manual cook,temp,2100,440.6,,esp32,,0,,,,,,,,,,,,1,440.0,16.0,18.0,0,NONE
2026-10-04T16:39:27.508+00:00,997.230,manual,Manual cook,temp,2100,441.0,,esp32,,0,,,,,,,,,,,,1,440.0,0.0,0.0,0,NONE
2026-10-04T16:39:28.008+00:00,997.730,manual,Manual cook,temp,2100,441.0,,esp32,,0,,,,,,,,,,,,1,440.0,10.0,10.0,0,NONE
2026-10-04T16:39:29.008+00:00,998.730,manual,Manual cook,temp,2100,441.0,,esp32,,0,,,,,,,,,,,,1,440.0,10.0,10.0,0,NONE
2026-10-04T16:39:30.008+00:00,999.729,manual,Manual cook,temp,2100,440.1,,esp32,,0,,,,,,,,,,,,1,440.0,19.0,19.0,0,NONE
2026-10-04T16:39:31.009+00:00,1000.730,manual,Manual cook,temp,2100,441.0,,esp32,,0,,,,,,,,,,,,1,440.0,0.0,0.0,0,NONE
2026-10-04T16:39:32.007+00:00,1001.729,manual,Manual cook,temp,2100,441.0,,esp32,,0,,,,,,,,,,,,1,440.0,3.0,3.0,0,NONE
2026-10-04T16:39:32.508+00:00,1002.229,manual,Manual cook,temp,2100,441.5,,esp32,,0,,,,,,,,,,,,1,440.0,0.0,0.0,0,NONE
2026-10-04T16:39:33.507+00:00,1003.229,manual,Manual cook,temp,2100,440.1,,esp32,,0,,,,,,,,,,,,1,440.0,26.0,26.0,0,NONE
2026-10-04T16:39:34.507+00:00,1004.229,manual,Manual cook,temp,2100,440.6,,esp32,,0,,,,,,,,,,,,1,440.0,0.0,0.0,0,NONE
2026-10-04T16:39:35.008+00:00,1004.729,manual,Manual cook,temp,2100,440.1,,esp32,,0,,,,,,,,,,,,1,440.0,12.0,12.0,0,NONE
2026-10-04T16:39:36.007+00:00,1005.729,manual,Manual cook,temp,2100,440.6,,esp32,,0,,,,,,,,,,,,1,440.0,11.0,11.0,0,NONE
2026-10-04T16:39:36.508+00:00,1006.230,manual,Manual cook,temp,2100,440.6,,esp32,,0,,,,,,,,,,,,1,440.0,4.0,4.0,0,NONE
2026-10-04T16:39:37.507+00:00,1007.229,manual,Manual cook,temp,2100,440.1,,esp32,,0,,,,,,,,,,,,1,440.0,12.0,12.0,0,NONE
2026-10-04T16:39:38.008+00:00,1007.729,manual,Manual cook,temp,2100,440.6,,esp32,,0,,,,,,,,,,,,1,440.0,5.0,5.0,0,NONE
2026-10-04T16:39:39.007+00:00,1008.729,manual,Manual cook,temp,2100,439.7,,esp32,,0,,,,,,,,,,,,1,440.0,16.0,20.0,0,NONE
2026-10-04T16:39:40.007+00:00,1009.729,manual,Manual cook,temp,2100,440.6,,esp32,,0,,,,,,,,,,,,1,440.0,0.0,0.0,0,NONE
2026-10-04T16:39:40.507+00:00,1010.229,manual,Manual cook,temp,2100,441.0,,esp32,,0,,,,,,,,,,,,1,440.0,4.0,4.0,0,NONE
2026-10-04T16:39:41.008+00:00,1010.730,manual,Manual cook,temp,2100,440.6,,esp32,,0,,,,,,,,,,,,1,440.0,0.0,0.0,0,NONE
2026-10-04T16:39:42.009+00:00,1011.731,manual,Manual cook,temp,2100,440.6,,esp32,,0,,,,,,,,,,,,1,440.0,4.0,4.0,0,NONE
2026-10-04T16:39:43.007+00:00,1012.729,manual,Manual cook,temp,2100,439.7,,esp32,,0,,,,,,,,,,,,1,440.0,13.0,13.0,0,NONE
2026-10-04T16:39:44.007+00:00,1013.729,manual,Manual cook,temp,2100,439.7,,esp32,,0,,,,,,,,,,,,1,440.0,16.0,20.0,0,NONE
2026-10-04T16:39:45.008+00:00,1014.730,manual,Manual cook,temp,2100,440.6,,esp32,,0,,,,,,,,,,,,1,440.0,0.0,0.0,0,NONE
2026-10-04T16:39:46.007+00:00,1015.729,manual,Manual cook,temp,2100,440.1,,esp32,,0,,,,,,,,,,,,1,440.0,0.0,0.0,0,NONE
2026-10-04T16:39:47.007+00:00,1016.729,manual,Manual cook,temp,2100,439.7,,esp32,,0,,,,,,,,,,,,1,440.0,13.0,13.0,0,NONE
2026-10-04T16:39:48.007+00:00,1017.729,manual,Manual cook,temp,2100,439.7,,esp32,,0,,,,,,,,,,,,1,440.0,5.0,5.0,0,NONE
2026-10-04T16:39:48.509+00:00,1018.231,manual,Manual cook,temp,2100,439.7,,esp32,,0,,,,,,,,,,,,1,440.0,13.0,13.0,0,NONE
2026-10-04T16:39:49.507+00:00,1019.229,manual,Manual cook,temp,2100,440.1,,esp32,,0,,,,,,,,,,,,1,440.0,0.0,0.0,0,NONE
2026-10-04T16:39:50.007+00:00,1019.729,manual,Manual cook,temp,2100,440.1,,esp32,,0,,,,,,,,,,,,1,440.0,5.0,5.0,0,NONE
2026-10-04T16:39:51.007+00:00,1020.729,manual,Manual cook,temp,2100,440.1,,esp32,,0,,,,,,,,,,,,1,440.0,0.0,0.0,0,NONE
2026-10-04T16:39:52.007+00:00,1021.729,manual,Manual cook,temp,2100,439.7,,esp32,,0,,,,,,,,,,,,1,440.0,13.0,13.0,0,NONE
2026-10-04T16:39:52.507+00:00,1022.229,manual,Manual cook,temp,2100,440.6,,esp32,,0,,,,,,,,,,,,1,440.0,0.0,0.0,0,NONE
2026-10-04T16:39:53.507+00:00,1023.229,manual,Manual cook,temp,2100,440.6,,esp32,,0,,,,,,,,,,,,1,440.0,16.0,20.0,0,NONE
2026-10-04T16:39:54.507+00:00,1024.229,manual,Manual cook,temp,2100,440.1,,esp32,,0,,,,,,,,,,,,1,440.0,16.0,20.0,0,NONE
2026-10-04T16:39:55.007+00:00,1024.729,manual,Manual cook,temp,2100,440.1,,esp32,,0,,,,,,,,,,,,1,440.0,0.0,0.0,0,NONE
2026-10-04T16:39:56.007+00:00,1025.729,manual,Manual cook,temp,2100,440.1,,esp32,,0,,,,,,,,,,,,1,440.0,5.0,5.0,0,NONE
2026-10-04T16:39:57.008+00:00,1026.729,manual,Manual cook,temp,2100,440.1,,esp32,,0,,,,,,,,,,,,1,440.0,0.0,0.0,0,NONE
2026-10-04T16:39:58.008+00:00,1027.730,manual,Manual cook,temp,2100,439.3,,esp32,,0,,,,,,,,,,,,1,440.0,14.0,14.0,0,NONE
2026-10-04T16:39:59.007+00:00,1028.729,manual,Manual cook,temp,2100,440.1,,esp32,,0,,,,,,,,,,,,1,440.0,5.0,5.0,0,NONE
2026-10-04T16:40:00.007+00:00,1029.729,manual,Manual cook,temp,2100,439.3,,esp32,,0,,,,,,,,,,,,1,440.0,0.0,0.0,0,NONE
2026-10-04T16:40:01.007+00:00,1030.729,manual,Manual cook,temp,2100,439.3,,esp32,,0,,,,,,,,,,,,1,440.0,6.0,6.0,0,NONE
2026-10-04T16:40:02.007+00:00,1031.729,manual,Manual cook,temp,2100,439.7,,esp32,,0,,,,,,,,,,,,1,440.0,6.0,6.0,0,NONE
2026-10-04T16:40:03.007+00:00,1032.729,manual,Manual cook,temp,2100,440.1,,esp32,,0,,,,,,,,,,,,1,440.0,0.0,0.0,0,NONE
2026-10-04T16:40:03.507+00:00,1033.229,manual,Manual cook,temp,2100,440.1,,esp32,,0,,,,,,,,,,,,1,440.0,5.0,5.0,0,NONE
2026-10-04T16:40:04.506+00:00,1034.228,manual,Manual cook,temp,2100,439.7,,esp32,,0,,,,,,,,,,,,1,440.0,0.0,0.0,0,NONE
2026-10-04T16:40:05.007+00:00,1034.729,manual,Manual cook,temp,2100,439.3,,esp32,,0,,,,,,,,,,,,1,440.0,14.0,14.0,0,NONE
2026-10-04T16:40:06.007+00:00,1035.729,manual,Manual cook,temp,2100,439.7,,esp32,,0,,,,,,,,,,,,1,440.0,0.0,0.0,0,NONE
2026-10-04T16:40:07.007+00:00,1036.729,manual,Manual cook,temp,2100,439.7,,esp32,,0,,,,,,,,,,,,1,440.0,13.0,13.0,0,NONE
2026-10-04T16:40:08.007+00:00,1037.729,manual,Manual cook,temp,2100,440.6,,esp32,,0,,,,,,,,,,,,1,440.0,0.0,0.0,0,NONE
2026-10-04T16:40:09.008+00:00,1038.730,manual,Manual cook,temp,2100,439.7,,esp32,,0,,,,,,,,,,,,1,440.0,0.0,0.0,0,NONE
2026-10-04T16:40:10.006+00:00,1039.728,manual,Manual cook,temp,2100,439.3,,esp32,,0,,,,,,,,,,,,1,440.0,6.0,6.0,0,NONE
2026-10-04T16:40:11.007+00:00,1040.728,manual,Manual cook,temp,2100,439.3,,esp32,,0,,,,,,,,,,,,1,440.0,14.0,14.0,0,NONE
2026-10-04T16:40:12.006+00:00,1041.728,manual,Manual cook,temp,2100,438.8,,esp32,,0,,,,,,,,,,,,1,440.0,16.0,29.0,0,NONE
2026-10-04T16:40:12.507+00:00,1042.228,manual,Manual cook,temp,2100,439.3,,esp32,,0,,,,,,,,,,,,1,440.0,0.0,0.0,0,NONE
2026-10-04T16:40:13.008+00:00,1042.730,manual,Manual cook,temp,2100,439.3,,esp32,,0,,,,,,,,,,,,1,440.0,16.0,21.0,0,NONE
2026-10-04T16:40:14.006+00:00,1043.728,manual,Manual cook,temp,2100,438.8,,esp32,,0,,,,,,,,,,,,1,440.0,7.0,7.0,0,NONE
2026-10-04T16:40:14.507+00:00,1044.229,manual,Manual cook,temp,2100,439.3,,esp32,,0,,,,,,,,,,,,1,440.0,0.0,0.0,0,NONE
2026-10-04T16:40:15.007+00:00,1044.729,manual,Manual cook,temp,2100,440.1,,esp32,,0,,,,,,,,,,,,1,440.0,0.0,0.0,0,NONE
2026-10-04T16:40:16.006+00:00,1045.728,manual,Manual cook,temp,2100,439.3,,esp32,,0,,,,,,,,,,,,1,440.0,21.0,21.0,0,NONE
2026-10-04T16:40:17.007+00:00,1046.728,manual,Manual cook,temp,2100,439.7,,esp32,,0,,,,,,,,,,,,1,440.0,0.0,0.0,0,NONE
2026-10-04T16:40:17.507+00:00,1047.228,manual,Manual cook,temp,2100,438.8,,esp32,,0,,,,,,,,,,,,1,440.0,14.0,14.0,0,NONE
2026-10-04T16:40:18.506+00:00,1048.228,manual,Manual cook,temp,2100,439.3,,esp32,,0,,,,,,,,,,,,1,440.0,0.0,0.0,0,NONE
2026-10-04T16:40:19.007+00:00,1048.729,manual,Manual cook,temp,2100,439.3,,esp32,,0,,,,,,,,,,,,1,440.0,14.0,14.0,0,NONE
2026-10-04T16:40:20.007+00:00,1049.729,manual,Manual cook,temp,2100,439.7,,esp32,,0,,,,,,,,,,,,1,440.0,13.0,13.0,0,NONE
2026-10-04T16:40:20.507+00:00,1050.229,manual,Manual cook,temp,2100,439.3,,esp32,,0,,,,,,,,,,,,1,440.0,0.0,0.0,0,NONE
2026-10-04T16:40:21.506+00:00,1051.228,manual,Manual cook,temp,2100,439.3,,esp32,,0,,,,,,,,,,,,1,440.0,0.0,0.0,0,NONE
2026-10-04T16:40:22.006+00:00,1051.728,manual,Manual cook,temp,2100,439.7,,esp32,,0,,,,,,,,,,,,1,440.0,14.0,14.0,0,NONE
2026-10-04T16:40:23.007+00:00,1052.729,manual,Manual cook,temp,2100,438.8,,esp32,,0,,,,,,,,,,,,1,440.0,16.0,22.0,0,NONE
2026-10-04T16:40:24.006+00:00,1053.728,manual,Manual cook,temp,2100,439.7,,esp32,,0,,,,,,,,,,,,1,440.0,14.0,14.0,0,NONE
2026-10-04T16:40:25.007+00:00,1054.729,manual,Manual cook,temp,2100,438.8,,esp32,,0,,,,,,,,,,,,1,440.0,16.0,22.0,0,NONE
2026-10-04T16:40:26.006+00:00,1055.728,manual,Manual cook,temp,2100,438.8,,esp32,,0,,,,,,,,,,,,1,440.0,15.0,15.0,0,NONE
2026-10-04T16:40:27.006+00:00,1056.728,manual,Manual cook,temp,2100,439.3,,esp32,,0,,,,,,,,,,,,1,440.0,15.0,15.0,0,NONE
2026-10-04T16:40:28.006+00:00,1057.728,manual,Manual cook,temp,2100,438.8,,esp32,,0,,,,,,,,,,,,1,440.0,15.0,15.0,0,NONE
2026-10-04T16:40:29.006+00:00,1058.728,manual,Manual cook,temp,2100,438.8,,esp32,,0,,,,,,,,,,,,1,440.0,8.0,8.0,0,NONE
2026-10-04T16:40:30.006+00:00,1059.728,manual,Manual cook,temp,2100,438.8,,esp32,,0,,,,,,,,,,,,1,440.0,8.0,8.0,0,NONE
2026-10-04T16:40:30.507+00:00,1060.229,manual,Manual cook,temp,2100,437.9,,esp32,,0,,,,,,,,,,,,1,440.0,16.0,16.0,0,NONE
2026-10-04T16:40:31.007+00:00,1060.729,manual,Manual cook,temp,2100,438.4,,esp32,,0,,,,,,,,,,,,1,440.0,17.0,17.0,0,NONE
2026-10-04T16:40:32.006+00:00,1061.728,manual,Manual cook,temp,2100,438.4,,esp32,,0,,,,,,,,,,,,1,440.0,9.0,9.0,0,NONE
2026-10-04T16:40:33.006+00:00,1062.728,manual,Manual cook,temp,2100,438.8,,esp32,,0,,,,,,,,,,,,1,440.0,10.0,10.0,0,NONE
2026-10-04T16:40:34.006+00:00,1063.728,manual,Manual cook,temp,2100,439.3,,esp32,,0,,,,,,,,,,,,1,440.0,0.0,0.0,0,NONE
2026-10-04T16:40:35.006+00:00,1064.728,manual,Manual cook,temp,2100,439.3,,esp32,,0,,,,,,,,,,,,1,440.0,0.0,0.0,0,NONE
2026-10-04T16:40:35.506+00:00,1065.228,manual,Manual cook,temp,2100,439.3,,esp32,,0,,,,,,,,,,,,1,440.0,15.0,15.0,0,NONE
2026-10-04T16:40:36.507+00:00,1066.229,manual,Manual cook,temp,2100,438.8,,esp32,,0,,,,,,,,,,,,1,440.0,7.0,7.0,0,NONE
2026-10-04T16:40:37.506+00:00,1067.228,manual,Manual cook,temp,2100,438.4,,esp32,,0,,,,,,,,,,,,1,440.0,8.0,8.0,0,NONE
2026-10-04T16:40:38.006+00:00,1067.728,manual,Manual cook,temp,2100,438.4,,esp32,,0,,,,,,,,,,,,1,440.0,16.0,16.0,0,NONE
2026-10-04T16:40:39.006+00:00,1068.728,manual,Manual cook,temp,2100,439.3,,esp32,,0,,,,,,,,,,,,1,440.0,1.0,1.0,0,NONE
2026-10-04T16:40:40.006+00:00,1069.728,manual,Manual cook,temp,2100,439.7,,esp32,,0,,,,,,,,,,,,1,440.0,0.0,0.0,0,NONE
2026-10-04T16:40:41.006+00:00,1070.728,manual,Manual cook,temp,2100,439.7,,esp32,,0,,,,,,,,,,,,1,440.0,6.0,6.0,0,NONE
2026-10-04T16:40:42.006+00:00,1071.728,manual,Manual cook,temp,2100,437.9,,esp32,,0,,,,,,,,,,,,1,440.0,6.0,6.0,0,NONE
2026-10-04T16:40:43.006+00:00,1072.728,manual,Manual cook,temp,2100,439.3,,esp32,,0,,,,,,,,,,,,1,440.0,0.0,0.0,0,NONE
2026-10-04T16:40:44.006+00:00,1073.727,manual,Manual cook,temp,2100,439.3,,esp32,,0,,,,,,,,,,,,1,440.0,14.0,14.0,0,NONE
2026-10-04T16:40:45.006+00:00,1074.728,manual,Manual cook,temp,2100,439.3,,esp32,,0,,,,,,,,,,,,1,440.0,0.0,0.0,0,NONE
2026-10-04T16:40:46.005+00:00,1075.727,manual,Manual cook,temp,2100,439.7,,esp32,,0,,,,,,,,,,,,1,440.0,0.0,0.0,0,NONE
2026-10-04T16:40:47.006+00:00,1076.728,manual,Manual cook,temp,2100,439.3,,esp32,,0,,,,,,,,,,,,1,440.0,6.0,6.0,0,NONE
2026-10-04T16:40:48.006+00:00,1077.727,manual,Manual cook,temp,2100,440.1,,esp32,,0,,,,,,,,,,,,1,440.0,0.0,0.0,0,NONE
2026-10-04T16:40:49.006+00:00,1078.728,manual,Manual cook,temp,2100,440.1,,esp32,,0,,,,,,,,,,,,1,440.0,16.0,30.0,0,NONE
2026-10-04T16:40:49.506+00:00,1079.228,manual,Manual cook,temp,2100,440.1,,esp32,,0,,,,,,,,,,,,1,440.0,0.0,0.0,0,NONE
2026-10-04T16:40:50.505+00:00,1080.227,manual,Manual cook,temp,2100,440.1,,esp32,,0,,,,,,,,,,,,1,440.0,5.0,5.0,0,NONE
2026-10-04T16:40:51.006+00:00,1080.727,manual,Manual cook,temp,2100,439.7,,esp32,,0,,,,,,,,,,,,1,440.0,13.0,13.0,0,NONE
2026-10-04T16:40:52.006+00:00,1081.728,manual,Manual cook,temp,2100,440.1,,esp32,,0,,,,,,,,,,,,1,440.0,0.0,0.0,0,NONE
2026-10-04T16:40:53.006+00:00,1082.728,manual,Manual cook,temp,2100,440.1,,esp32,,0,,,,,,,,,,,,1,440.0,5.0,5.0,0,NONE
2026-10-04T16:40:54.005+00:00,1083.727,manual,Manual cook,temp,2100,440.1,,esp32,,0,,,,,,,,,,,,1,440.0,13.0,13.0,0,NONE
2026-10-04T16:40:55.005+00:00,1084.727,manual,Manual cook,temp,2100,439.7,,esp32,,0,,,,,,,,,,,,1,440.0,13.0,13.0,0,NONE
2026-10-04T16:40:56.005+00:00,1085.727,manual,Manual cook,temp,2100,440.6,,esp32,,0,,,,,,,,,,,,1,440.0,0.0,0.0,0,NONE
2026-10-04T16:40:57.005+00:00,1086.727,manual,Manual cook,temp,2100,440.6,,esp32,,0,,,,,,,,,,,,1,440.0,4.0,4.0,0,NONE
2026-10-04T16:40:58.005+00:00,1087.727,manual,Manual cook,temp,2100,440.6,,esp32,,0,,,,,,,,,,,,1,440.0,4.0,4.0,0,NONE
2026-10-04T16:40:58.506+00:00,1088.227,manual,Manual cook,temp,2100,440.6,,esp32,,0,,,,,,,,,,,,1,440.0,4.0,4.0,0,NONE
2026-10-04T16:40:59.006+00:00,1088.728,manual,Manual cook,temp,2100,440.6,,esp32,,0,,,,,,,,,,,,1,440.0,4.0,4.0,0,NONE
2026-10-04T16:41:00.005+00:00,1089.727,manual,Manual cook,temp,2100,440.6,,esp32,,0,,,,,,,,,,,,1,440.0,12.0,12.0,0,NONE
2026-10-04T16:41:01.005+00:00,1090.727,manual,Manual cook,temp,2100,439.7,,esp32,,0,,,,,,,,,,,,1,440.0,0.0,0.0,0,NONE
2026-10-04T16:41:02.005+00:00,1091.727,manual,Manual cook,temp,2100,440.6,,esp32,,0,,,,,,,,,,,,1,440.0,0.0,0.0,0,NONE
2026-10-04T16:41:03.006+00:00,1092.728,manual,Manual cook,temp,2100,441.5,,esp32,,0,,,,,,,,,,,,1,440.0,3.0,3.0,0,NONE
2026-10-04T16:41:04.005+00:00,1093.727,manual,Manual cook,temp,2100,440.6,,esp32,,0,,,,,,,,,,,,1,440.0,16.0,19.0,0,NONE
2026-10-04T16:41:05.005+00:00,1094.727,manual,Manual cook,temp,2100,441.5,,esp32,,0,,,,,,,,,,,,1,440.0,16.0,19.0,0,NONE
2026-10-04T16:41:06.005+00:00,1095.727,manual,Manual cook,temp,2100,440.6,,esp32,,0,,,,,,,,,,,,1,440.0,16.0,19.0,0,NONE
2026-10-04T16:41:07.005+00:00,1096.727,manual,Manual cook,temp,2100,441.0,,esp32,,0,,,,,,,,,,,,1,440.0,12.0,12.0,0,NONE
2026-10-04T16:41:08.005+00:00,1097.727,manual,Manual cook,temp,2100,440.6,,esp32,,0,,,,,,,,,,,,1,440.0,12.0,12.0,0,NONE
2026-10-04T16:41:09.006+00:00,1098.728,manual,Manual cook,temp,2100,440.1,,esp32,,0,,,,,,,,,,,,1,440.0,12.0,12.0,0,NONE
2026-10-04T16:41:10.005+00:00,1099.727,manual,Manual cook,temp,2100,440.1,,esp32,,0,,,,,,,,,,,,1,440.0,5.0,5.0,0,NONE
2026-10-04T16:41:10.505+00:00,1100.227,manual,Manual cook,temp,2100,439.7,,esp32,,0,,,,,,,,,,,,1,440.0,0.0,0.0,0,NONE
2026-10-04T16:41:11.005+00:00,1100.727,manual,Manual cook,temp,2100,439.7,,esp32,,0,,,,,,,,,,,,1,440.0,16.0,21.0,0,NONE
2026-10-04T16:41:12.005+00:00,1101.727,manual,Manual cook,temp,2100,439.7,,esp32,,0,,,,,,,,,,,,1,440.0,16.0,21.0,0,NONE
2026-10-04T16:41:12.506+00:00,1102.227,manual,Manual cook,temp,2100,440.1,,esp32,,0,,,,,,,,,,,,1,440.0,0.0,0.0,0,NONE
2026-10-04T16:41:13.505+00:00,1103.227,manual,Manual cook,temp,2100,439.7,,esp32,,0,,,,,,,,,,,,1,440.0,16.0,21.0,0,NONE
2026-10-04T16:41:14.005+00:00,1103.727,manual,Manual cook,temp,2100,440.6,,esp32,,0,,,,,,,,,,,,1,440.0,0.0,0.0,0,NONE
2026-10-04T16:41:15.005+00:00,1104.727,manual,Manual cook,temp,2100,440.1,,esp32,,0,,,,,,,,,,,,1,440.0,0.0,0.0,0,NONE
2026-10-04T16:41:16.005+00:00,1105.727,manual,Manual cook,temp,2100,439.7,,esp32,,0,,,,,,,,,,,,1,440.0,13.0,13.0,0,NONE
2026-10-04T16:41:17.005+00:00,1106.727,manual,Manual cook,temp,2100,440.1,,esp32,,0,,,,,,,,,,,,1,440.0,0.0,0.0,0,NONE
2026-10-04T16:41:18.005+00:00,1107.727,manual,Manual cook,temp,2100,440.1,,esp32,,0,,,,,,,,,,,,1,440.0,5.0,5.0,0,NONE
2026-10-04T16:41:19.005+00:00,1108.727,manual,Manual cook,temp,2100,439.3,,esp32,,0,,,,,,,,,,,,1,440.0,7.0,7.0,0,NONE
2026-10-04T16:41:19.505+00:00,1109.227,manual,Manual cook,temp,2100,439.3,,esp32,,0,,,,,,,,,,,,1,440.0,7.0,7.0,0,NONE
2026-10-04T16:41:20.505+00:00,1110.226,manual,Manual cook,temp,2100,439.7,,esp32,,0,,,,,,,,,,,,1,440.0,13.0,13.0,0,NONE
2026-10-04T16:41:21.005+00:00,1110.727,manual,Manual cook,temp,2100,439.7,,esp32,,0,,,,,,,,,,,,1,440.0,0.0,0.0,0,NONE
2026-10-04T16:41:22.005+00:00,1111.727,manual,Manual cook,temp,2100,440.6,,esp32,,0,,,,,,,,,,,,1,440.0,0.0,0.0,0,NONE
2026-10-04T16:41:23.005+00:00,1112.727,manual,Manual cook,temp,2100,440.1,,esp32,,0,,,,,,,,,,,,1,440.0,12.0,12.0,0,NONE
2026-10-04T16:41:24.005+00:00,1113.727,manual,Manual cook,temp,2100,440.1,,esp32,,0,,,,,,,,,,,,1,440.0,5.0,5.0,0,NONE
2026-10-04T16:41:25.006+00:00,1114.727,manual,Manual cook,temp,2100,439.7,,esp32,,0,,,,,,,,,,,,1,440.0,13.0,13.0,0,NONE
2026-10-04T16:41:26.004+00:00,1115.726,manual,Manual cook,temp,2100,439.7,,esp32,,0,,,,,,,,,,,,1,440.0,6.0,6.0,0,NONE
2026-10-04T16:41:26.504+00:00,1116.226,manual,Manual cook,temp,2100,440.1,,esp32,,0,,,,,,,,,,,,1,440.0,0.0,0.0,0,NONE
2026-10-04T16:41:27.005+00:00,1116.727,manual,Manual cook,temp,2100,440.1,,esp32,,0,,,,,,,,,,,,1,440.0,5.0,5.0,0,NONE
2026-10-04T16:41:28.004+00:00,1117.726,manual,Manual cook,temp,2100,440.1,,esp32,,0,,,,,,,,,,,,1,440.0,12.0,12.0,0,NONE
2026-10-04T16:41:28.504+00:00,1118.226,manual,Manual cook,temp,2100,440.6,,esp32,,0,,,,,,,,,,,,1,440.0,0.0,0.0,0,NONE
2026-10-04T16:41:29.006+00:00,1118.728,manual,Manual cook,temp,2100,440.1,,esp32,,0,,,,,,,,,,,,1,440.0,12.0,12.0,0,NONE
2026-10-04T16:41:30.004+00:00,1119.726,manual,Manual cook,temp,2100,440.6,,esp32,,0,,,,,,,,,,,,1,440.0,4.0,4.0,0,NONE
2026-10-04T16:41:30.505+00:00,1120.227,manual,Manual cook,temp,2100,440.6,,esp32,,0,,,,,,,,,,,,1,440.0,4.0,4.0,0,NONE
2026-10-04T16:41:31.504+00:00,1121.226,manual,Manual cook,temp,2100,441.0,,esp32,,0,,,,,,,,,,,,1,440.0,0.0,0.0,0,NONE
2026-10-04T16:41:32.004+00:00,1121.726,manual,Manual cook,temp,2100,440.1,,esp32,,0,,,,,,,,,,,,1,440.0,3.0,3.0,0,NONE
2026-10-04T16:41:32.505+00:00,1122.226,manual,Manual cook,temp,2100,440.6,,esp32,,0,,,,,,,,,,,,1,440.0,20.0,20.0,0,NONE
2026-10-04T16:41:33.504+00:00,1123.226,manual,Manual cook,temp,2100,440.1,,esp32,,0,,,,,,,,,,,,1,440.0,12.0,12.0,0,NONE
2026-10-04T16:41:34.504+00:00,1124.226,manual,Manual cook,temp,2100,439.7,,esp32,,0,,,,,,,,,,,,1,440.0,13.0,13.0,0,NONE
2026-10-04T16:41:35.004+00:00,1124.726,manual,Manual cook,temp,2100,440.1,,esp32,,0,,,,,,,,,,,,1,440.0,0.0,0.0,0,NONE
2026-10-04T16:41:36.005+00:00,1125.727,manual,Manual cook,temp,2100,441.0,,esp32,,0,,,,,,,,,,,,1,440.0,5.0,5.0,0,NONE
2026-10-04T16:41:37.004+00:00,1126.726,manual,Manual cook,temp,2100,441.0,,esp32,,0,,,,,,,,,,,,1,440.0,3.0,3.0,0,NONE
2026-10-04T16:41:38.005+00:00,1127.727,manual,Manual cook,temp,2100,441.0,,esp32,,0,,,,,,,,,,,,1,440.0,3.0,3.0,0,NONE
2026-10-04T16:41:39.004+00:00,1128.726,manual,Manual cook,temp,2100,442.0,,esp32,,0,,,,,,,,,,,,1,440.0,0.0,0.0,0,NONE
2026-10-04T16:41:40.004+00:00,1129.726,manual,Manual cook,temp,2100,441.5,,esp32,,0,,,,,,,,,,,,1,440.0,10.0,10.0,0,NONE
2026-10-04T16:41:41.004+00:00,1130.726,manual,Manual cook,temp,2100,441.5,,esp32,,0,,,,,,,,,,,,1,440.0,0.0,0.0,0,NONE
2026-10-04T16:41:42.004+00:00,1131.726,manual,Manual cook,temp,2100,442.0,,esp32,,0,,,,,,,,,,,,1,440.0,2.0,2.0,0,NONE
2026-10-04T16:41:42.504+00:00,1132.226,manual,Manual cook,temp,2100,441.5,,esp32,,0,,,,,,,,,,,,1,440.0,18.0,18.0,0,NONE
2026-10-04T16:41:43.504+00:00,1133.226,manual,Manual cook,temp,2100,442.0,,esp32,,0,,,,,,,,,,,,1,440.0,0.0,0.0,0,NONE
2026-10-04T16:41:44.004+00:00,1133.726,manual,Manual cook,temp,2100,441.0,,esp32,,0,,,,,,,,,,,,1,440.0,16.0,18.0,0,NONE
2026-10-04T16:41:44.504+00:00,1134.226,manual,Manual cook,temp,2100,441.0,,esp32,,0,,,,,,,,,,,,1,440.0,0.0,0.0,0,NONE
2026-10-04T16:41:45.004+00:00,1134.726,manual,Manual cook,temp,2100,441.0,,esp32,,0,,,,,,,,,,,,1,440.0,11.0,11.0,0,NONE
2026-10-04T16:41:46.004+00:00,1135.726,manual,Manual cook,temp,2100,441.5,,esp32,,0,,,,,,,,,,,,1,440.0,0.0,0.0,0,NONE
2026-10-04T16:41:46.505+00:00,1136.227,manual,Manual cook,temp,2100,441.5,,esp32,,0,,,,,,,,,,,,1,440.0,2.0,2.0,0,NONE
2026-10-04T16:41:47.504+00:00,1137.226,manual,Manual cook,temp,2100,440.6,,esp32,,0,,,,,,,,,,,,1,440.0,4.0,4.0,0,NONE
2026-10-04T16:41:48.004+00:00,1137.726,manual,Manual cook,temp,2100,440.6,,esp32,,0,,,,,,,,,,,,1,440.0,4.0,4.0,0,NONE
2026-10-04T16:41:49.005+00:00,1138.727,manual,Manual cook,temp,2100,441.0,,esp32,,0,,,,,,,,,,,,1,440.0,0.0,0.0,0,NONE
2026-10-04T16:41:50.004+00:00,1139.726,manual,Manual cook,temp,2100,441.0,,esp32,,0,,,,,,,,,,,,1,440.0,10.0,10.0,0,NONE
2026-10-04T16:41:51.005+00:00,1140.727,manual,Manual cook,temp,2100,441.0,,esp32,,0,,,,,,,,,,,,1,440.0,3.0,3.0,0,NONE
2026-10-04T16:41:52.004+00:00,1141.726,manual,Manual cook,temp,2100,440.1,,esp32,,0,,,,,,,,,,,,1,440.0,12.0,12.0,0,NONE
2026-10-04T16:41:53.004+00:00,1142.726,manual,Manual cook,temp,2100,440.6,,esp32,,0,,,,,,,,,,,,1,440.0,4.0,4.0,0,NONE
2026-10-04T16:41:54.004+00:00,1143.726,manual,Manual cook,temp,2100,441.0,,esp32,,0,,,,,,,,,,,,1,440.0,3.0,3.0,0,NONE
2026-10-04T16:41:55.004+00:00,1144.726,manual,Manual cook,temp,2100,441.5,,esp32,,0,,,,,,,,,,,,1,440.0,2.0,2.0,0,NONE
2026-10-04T16:41:55.504+00:00,1145.226,manual,Manual cook,temp,2100,441.5,,esp32,,0,,,,,,,,,,,,1,440.0,2.0,2.0,0,NONE
2026-10-04T16:41:56.004+00:00,1145.726,manual,Manual cook,temp,2100,441.5,,esp32,,0,,,,,,,,,,,,1,440.0,2.0,2.0,0,NONE
2026-10-04T16:41:57.004+00:00,1146.726,manual,Manual cook,temp,2100,440.6,,esp32,,0,,,,,,,,,,,,1,440.0,18.0,18.0,0,NONE
2026-10-04T16:41:57.504+00:00,1147.226,manual,Manual cook,temp,2100,441.0,,esp32,,0,,,,,,,,,,,,1,440.0,0.0,0.0,0,NONE
2026-10-04T16:41:58.005+00:00,1147.727,manual,Manual cook,temp,2100,440.1,,esp32,,0,,,,,,,,,,,,1,440.0,16.0,19.0,0,NONE
2026-10-04T16:41:59.004+00:00,1148.726,manual,Manual cook,temp,2100,440.6,,esp32,,0,,,,,,,,,,,,1,440.0,12.0,12.0,0,NONE
2026-10-04T16:42:00.004+00:00,1149.726,manual,Manual cook,temp,2100,440.6,,esp32,,0,,,,,,,,,,,,1,440.0,4.0,4.0,0,NONE
2026-10-04T16:42:00.504+00:00,1150.226,manual,Manual cook,temp,2100,440.1,,esp32,,0,,,,,,,,,,,,1,440.0,12.0,12.0,0,NONE
2026-10-04T16:42:01.504+00:00,1151.226,manual,Manual cook,temp,2100,439.3,,esp32,,0,,,,,,,,,,,,1,440.0,0.0,0.0,0,NONE
2026-10-04T16:42:02.004+00:00,1151.726,manual,Manual cook,temp,2100,439.3,,esp32,,0,,,,,,,,,,,,1,440.0,16.0,21.0,0,NONE
2026-10-04T16:42:03.004+00:00,1152.725,manual,Manual cook,temp,2100,439.7,,esp32,,0,,,,,,,,,,,,1,440.0,6.0,6.0,0,NONE
2026-10-04T16:42:04.004+00:00,1153.726,manual,Manual cook,temp,2100,439.7,,esp32,,0,,,,,,,,,,,,1,440.0,0.0,0.0,0,NONE
2026-10-04T16:42:05.005+00:00,1154.726,manual,Manual cook,temp,2100,439.3,,esp32,,0,,,,,,,,,,,,1,440.0,14.0,14.0,0,NONE
2026-10-04T16:42:06.004+00:00,1155.726,manual,Manual cook,temp,2100,438.4,,esp32,,0,,,,,,,,,,,,1,440.0,23.0,23.0,0,NONE
2026-10-04T16:42:07.003+00:00,1156.725,manual,Manual cook,temp,2100,439.3,,esp32,,0,,,,,,,,,,,,1,440.0,0.0,0.0,0,NONE
2026-10-04T16:42:08.005+00:00,1157.727,manual,Manual cook,temp,2100,438.8,,esp32,,0,,,,,,,,,,,,1,440.0,15.0,15.0,0,NONE
2026-10-04T16:42:09.003+00:00,1158.725,manual,Manual cook,temp,2100,438.4,,esp32,,0,,,,,,,,,,,,1,440.0,9.0,9.0,0,NONE
2026-10-04T16:42:10.004+00:00,1159.725,manual,Manual cook,temp,2100,437.9,,esp32,,0,,,,,,,,,,,,1,440.0,17.0,17.0,0,NONE
2026-10-04T16:42:11.004+00:00,1160.725,manual,Manual cook,temp,2100,437.9,,esp32,,0,,,,,,,,,,,,1,440.0,10.0,10.0,0,NONE
2026-10-04T16:42:12.004+00:00,1161.726,manual,Manual cook,temp,2100,438.8,,esp32,,0,,,,,,,,,,,,1,440.0,1.0,1.0,0,NONE
2026-10-04T16:42:13.004+00:00,1162.726,manual,Manual cook,temp,2100,439.3,,esp32,,0,,,,,,,,,,,,1,440.0,0.0,0.0,0,NONE
2026-10-04T16:42:14.006+00:00,1163.728,manual,Manual cook,temp,2100,439.3,,esp32,,0,,,,,,,,,,,,1,440.0,7.0,7.0,0,NONE
2026-10-04T16:42:15.003+00:00,1164.725,manual,Manual cook,temp,2100,439.3,,esp32,,0,,,,,,,,,,,,1,440.0,7.0,7.0,0,NONE
2026-10-04T16:42:16.005+00:00,1165.727,manual,Manual cook,temp,2100,438.8,,esp32,,0,,,,,,,,,,,,1,440.0,15.0,15.0,0,NONE
2026-10-04T16:42:17.003+00:00,1166.725,manual,Manual cook,temp,2100,437.9,,esp32,,0,,,,,,,,,,,,1,440.0,0.0,0.0,0,NONE
2026-10-04T16:42:18.004+00:00,1167.726,manual,Manual cook,temp,2100,439.7,,esp32,,0,,,,,,,,,,,,1,440.0,0.0,0.0,0,NONE
2026-10-04T16:42:19.003+00:00,1168.725,manual,Manual cook,temp,2100,439.7,,esp32,,0,,,,,,,,,,,,1,440.0,6.0,6.0,0,NONE
2026-10-04T16:42:19.504+00:00,1169.226,manual,Manual cook,temp,2100,439.7,,esp32,,0,,,,,,,,,,,,1,440.0,6.0,6.0,0,NONE
2026-10-04T16:42:20.503+00:00,1170.225,manual,Manual cook,temp,2100,440.1,,esp32,,0,,,,,,,,,,,,1,440.0,14.0,14.0,0,NONE
2026-10-04T16:42:21.003+00:00,1170.725,manual,Manual cook,temp,2100,439.7,,esp32,,0,,,,,,,,,,,,1,440.0,0.0,0.0,0,NONE
2026-10-04T16:42:22.003+00:00,1171.725,manual,Manual cook,temp,2100,439.7,,esp32,,0,,,,,,,,,,,,1,440.0,14.0,14.0,0,NONE
2026-10-04T16:42:23.003+00:00,1172.725,manual,Manual cook,temp,2100,440.6,,esp32,,0,,,,,,,,,,,,1,440.0,16.0,22.0,0,NONE
2026-10-04T16:42:24.003+00:00,1173.725,manual,Manual cook,temp,2100,440.1,,esp32,,0,,,,,,,,,,,,1,440.0,13.0,13.0,0,NONE
2026-10-04T16:42:24.503+00:00,1174.225,manual,Manual cook,temp,2100,440.1,,esp32,,0,,,,,,,,,,,,1,440.0,13.0,13.0,0,NONE
2026-10-04T16:42:25.005+00:00,1174.726,manual,Manual cook,temp,2100,439.7,,esp32,,0,,,,,,,,,,,,1,440.0,0.0,0.0,0,NONE
2026-10-04T16:42:26.003+00:00,1175.725,manual,Manual cook,temp,2100,440.1,,esp32,,0,,,,,,,,,,,,1,440.0,0.0,0.0,0,NONE
2026-10-04T16:42:27.003+00:00,1176.725,manual,Manual cook,temp,2100,440.6,,esp32,,0,,,,,,,,,,,,1,440.0,5.0,5.0,0,NONE
2026-10-04T16:42:28.003+00:00,1177.725,manual,Manual cook,temp,2100,440.1,,esp32,,0,,,,,,,,,,,,1,440.0,13.0,13.0,0,NONE
2026-10-04T16:42:28.503+00:00,1178.225,manual,Manual cook,temp,2100,439.7,,esp32,,0,,,,,,,,,,,,1,440.0,13.0,13.0,0,NONE
2026-10-04T16:42:29.503+00:00,1179.225,manual,Manual cook,temp,2100,439.7,,esp32,,0,,,,,,,,,,,,1,440.0,6.0,6.0,0,NONE
2026-10-04T16:42:30.003+00:00,1179.725,manual,Manual cook,temp,2100,440.6,,esp32,,0,,,,,,,,,,,,1,440.0,0.0,0.0,0,NONE
2026-10-04T16:42:31.003+00:00,1180.725,manual,Manual cook,temp,2100,440.1,,esp32,,0,,,,,,,,,,,,1,440.0,13.0,13.0,0,NONE
2026-10-04T16:42:31.503+00:00,1181.225,manual,Manual cook,temp,2100,440.1,,esp32,,0,,,,,,,,,,,,1,440.0,0.0,0.0,0,NONE
2026-10-04T16:42:32.503+00:00,1182.225,manual,Manual cook,temp,2100,440.6,,esp32,,0,,,,,,,,,,,,1,440.0,0.0,0.0,0,NONE
2026-10-04T16:42:33.003+00:00,1182.725,manual,Manual cook,temp,2100,441.0,,esp32,,0,,,,,,,,,,,,1,440.0,0.0,0.0,0,NONE
2026-10-04T16:42:34.003+00:00,1183.725,manual,Manual cook,temp,2100,441.0,,esp32,,0,,,,,,,,,,,,1,440.0,0.0,0.0,0,NONE
2026-10-04T16:42:35.003+00:00,1184.725,manual,Manual cook,temp,2100,441.0,,esp32,,0,,,,,,,,,,,,1,440.0,4.0,4.0,0,NONE
2026-10-04T16:42:35.503+00:00,1185.225,manual,Manual cook,temp,2100,440.6,,esp32,,0,,,,,,,,,,,,1,440.0,20.0,20.0,0,NONE
2026-10-04T16:42:36.004+00:00,1185.726,manual,Manual cook,temp,2100,441.0,,esp32,,0,,,,,,,,,,,,1,440.0,0.0,0.0,0,NONE
2026-10-04T16:42:37.003+00:00,1186.725,manual,Manual cook,temp,2100,440.6,,esp32,,0,,,,,,,,,,,,1,440.0,12.0,12.0,0,NONE
2026-10-04T16:42:37.503+00:00,1187.225,manual,Manual cook,temp,2100,440.1,,esp32,,0,,,,,,,,,,,,1,440.0,13.0,13.0,0,NONE
2026-10-04T16:42:38.003+00:00,1187.725,manual,Manual cook,temp,2100,441.0,,esp32,,0,,,,,,,,,,,,1,440.0,0.0,0.0,0,NONE
2026-10-04T16:42:39.003+00:00,1188.725,manual,Manual cook,temp,2100,440.6,,esp32,,0,,,,,,,,,,,,1,440.0,12.0,12.0,0,NONE
2026-10-04T16:42:40.003+00:00,1189.725,manual,Manual cook,temp,2100,441.0,,esp32,,0,,,,,,,,,,,,1,440.0,3.0,3.0,0,NONE
2026-10-04T16:42:41.003+00:00,1190.725,manual,Manual cook,temp,2100,439.7,,esp32,,0,,,,,,,,,,,,1,440.0,13.0,13.0,0,NONE
2026-10-04T16:42:41.503+00:00,1191.225,manual,Manual cook,temp,2100,440.1,,esp32,,0,,,,,,,,,,,,1,440.0,0.0,0.0,0,NONE
2026-10-04T16:42:42.503+00:00,1192.224,manual,Manual cook,temp,2100,440.1,,esp32,,0,,,,,,,,,,,,1,440.0,5.0,5.0,0,NONE
2026-10-04T16:42:43.003+00:00,1192.724,manual,Manual cook,temp,2100,441.0,,esp32,,0,,,,,,,,,,,,1,440.0,0.0,0.0,0,NONE
2026-10-04T16:42:44.003+00:00,1193.724,manual,Manual cook,temp,2100,440.6,,esp32,,0,,,,,,,,,,,,1,440.0,0.0,0.0,0,NONE
2026-10-04T16:42:45.003+00:00,1194.724,manual,Manual cook,temp,2100,440.6,,esp32,,0,,,,,,,,,,,,1,440.0,12.0,12.0,0,NONE
2026-10-04T16:42:46.003+00:00,1195.724,manual,Manual cook,temp,2100,439.7,,esp32,,0,,,,,,,,,,,,1,440.0,21.0,21.0,0,NONE
2026-10-04T16:42:47.003+00:00,1196.725,manual,Manual cook,temp,2100,440.1,,esp32,,0,,,,,,,,,,,,1,440.0,0.0,0.0,0,NONE
2026-10-04T16:42:48.004+00:00,1197.726,manual,Manual cook,temp,2100,440.1,,esp32,,0,,,,,,,,,,,,1,440.0,5.0,5.0,0,NONE
2026-10-04T16:42:49.002+00:00,1198.724,manual,Manual cook,temp,2100,439.7,,esp32,,0,,,,,,,,,,,,1,440.0,13.0,13.0,0,NONE
2026-10-04T16:42:50.002+00:00,1199.724,manual,Manual cook,temp,2100,440.1,,esp32,,0,,,,,,,,,,,,1,440.0,12.0,12.0,0,NONE
