timestamp_utc,elapsed_s,cook_type,cook_name,mode,fan_speed_rpm,chamber_temp_f,effective_probe_temp_f,probe_source,esp32_probe_temp_f,inkbird_connected,inkbird_battery_pct,inkbird_internal_1_f,inkbird_internal_2_f,inkbird_internal_3_f,inkbird_internal_4_f,inkbird_ambient_f,inkbird_internal_1_raw_f,inkbird_internal_2_raw_f,inkbird_internal_3_raw_f,inkbird_internal_4_raw_f,inkbird_ambient_raw_f,drawer_closed,set_temperature_f,top_heater_duty_pct,bottom_heater_duty_pct,paused,fault
2026-09-29T17:55:43.375+00:00,207.424,manual,Manual cook,temp,2900,199.9,,esp32,,0,,,,,,,,,,,,0,375.0,0.0,0.0,0,NONE
2026-09-29T17:55:44.375+00:00,208.424,manual,Manual cook,temp,0,199.9,,esp32,,0,,,,,,,,,,,,0,375.0,0.0,0.0,0,
2026-09-29T17:55:44.875+00:00,208.924,manual,Manual cook,375.0,0,,900.0,esp32,900.0,0,,,,,,,,,,,,0,200.8,0.0,0.0,0,
2026-09-29T17:55:46.375+00:00,210.424,manual,Manual cook,temp,2900,200.8,,esp32,,0,,,,,,,,,,,,0,375.0,0.0,0.0,0,NONE
2026-09-29T17:55:46.875+00:00,210.924,manual,Manual cook,temp,0,,2900.0,esp32,2900.0,0,,,,,,,,,,,,0,375.0,0.0,0.0,0,
2026-09-29T17:55:48.374+00:00,212.423,manual,Manual cook,temp,2900,200.3,,esp32,,0,,,,,,,,,,,,0,375.0,0.0,0.0,0,NONE
2026-09-29T17:55:48.874+00:00,212.923,manual,Manual cook,temp,2900,199.4,,esp32,,0,,,,,,,,,,,,0,375.0,0.0,0.0,0,NONE
2026-09-29T17:55:49.874+00:00,213.923,manual,Manual cook,temp,0,,2900.0,esp32,2900.0,0,,,,,,,,,,,,0,375.0,0.0,0.0,0,
2026-09-29T17:55:50.874+00:00,214.923,manual,Manual cook,temp,2900,197.1,,esp32,,0,,,,,,,,,,,,0,375.0,0.0,0.0,0,NONE
2026-09-29T17:55:51.874+00:00,215.923,manual,Manual cook,temp,2900,194.9,,esp32,,0,,,,,,,,,,,,0,375.0,0.0,0.0,0,NONE
2026-09-29T17:55:52.874+00:00,216.923,manual,Manual cook,temp,2900,194.4,,esp32,,0,,,,,,,,,,,,0,375.0,0.0,0.0,0,NONE
2026-09-29T17:55:53.374+00:00,217.423,manual,Manual cook,temp,2900,193.6,,esp32,,0,,,,,,,,,,,,0,375.0,0.0,0.0,0,NONE
2026-09-29T17:55:53.874+00:00,217.923,manual,Manual cook,temp,2900,191.8,,esp32,,0,,,,,,,,,,,,0,375.0,0.0,0.0,0,NONE
2026-09-29T17:55:54.874+00:00,218.923,manual,Manual cook,temp,2900,191.3,,esp32,,0,,,,,,,,,,,,0,375.0,0.0,0.0,0,NONE
2026-09-29T17:55:55.874+00:00,219.923,manual,Manual cook,temp,2900,189.9,,esp32,,0,,,,,,,,,,,,0,375.0,0.0,0.0,0,NONE
2026-09-29T17:55:56.374+00:00,220.423,manual,Manual cook,temp,2900,189.5,,esp32,,0,,,,,,,,,,,,0,375.0,0.0,0.0,0,NONE
2026-09-29T17:55:57.375+00:00,221.424,manual,Manual cook,temp,2900,189.5,,esp32,,0,,,,,,,,,,,,0,375.0,0.0,0.0,0,NONE
2026-09-29T17:55:59.374+00:00,223.423,manual,Manual cook,temp,2900,187.3,,esp32,,0,,,,,,,,,,,,0,375.0,0.0,0.0,0,NONE
2026-09-29T17:56:00.374+00:00,224.423,manual,Manual cook,temp,2900,186.4,,esp32,,0,,,,,,,,,,,,0,375.0,0.0,0.0,0,NONE
2026-09-29T17:56:00.874+00:00,224.923,manual,Manual cook,temp,2900,185.4,,esp32,,0,,,,,,,,,,,,0,375.0,0.0,0.0,0,NONE
2026-09-29T17:56:01.874+00:00,225.923,manual,Manual cook,temp,2900,186.4,,esp32,,0,,,,,,,,,,,,0,375.0,0.0,0.0,0,NONE
2026-09-29T17:56:02.875+00:00,226.924,manual,Manual cook,temp,2900,185.4,,esp32,,0,,,,,,,,,,,,0,375.0,0.0,0.0,0,NONE
2026-09-29T17:56:03.874+00:00,227.923,manual,Manual cook,temp,2900,183.6,,esp32,,0,,,,,,,,,,,,0,375.0,0.0,0.0,0,NONE
2026-09-29T17:56:04.874+00:00,228.923,manual,Manual cook,temp,2900,183.6,,esp32,,0,,,,,,,,,,,,0,375.0,0.0,0.0,0,NONE
2026-09-29T17:56:05.374+00:00,229.423,manual,Manual cook,temp,2900,183.6,,esp32,,0,,,,,,,,,,,,0,375.0,0.0,0.0,0,NONE
2026-09-29T17:56:06.374+00:00,230.423,manual,Manual cook,temp,2900,183.2,,esp32,,0,,,,,,,,,,,,0,375.0,0.0,0.0,0,NONE
2026-09-29T17:56:07.374+00:00,231.423,manual,Manual cook,temp,2900,182.8,,esp32,,0,,,,,,,,,,,,0,375.0,0.0,0.0,0,NONE
2026-09-29T17:56:08.374+00:00,232.423,manual,Manual cook,temp,2900,182.8,,esp32,,0,,,,,,,,,,,,0,375.0,0.0,0.0,0,NONE
2026-09-29T17:56:08.874+00:00,232.923,manual,Manual cook,temp,2900,181.9,,esp32,,0,,,,,,,,,,,,0,375.0,0.0,0.0,0,NONE
2026-09-29T17:56:09.874+00:00,233.923,manual,Manual cook,temp,2900,181.9,,esp32,,0,,,,,,,,,,,,0,375.0,0.0,0.0,0,NONE
2026-09-29T17:56:10.374+00:00,234.423,manual,Manual cook,temp,2900,181.4,,esp32,,0,,,,,,,,,,,,0,375.0,0.0,0.0,0,NONE
2026-09-29T17:56:11.374+00:00,235.423,manual,Manual cook,temp,2900,180.1,,esp32,,0,,,,,,,,,,,,0,375.0,0.0,0.0,0,NONE
2026-09-29T17:56:12.374+00:00,236.423,manual,Manual cook,temp,2900,180.1,,esp32,,0,,,,,,,,,,,,0,375.0,0.0,0.0,0,NONE
2026-09-29T17:56:13.375+00:00,237.424,manual,Manual cook,temp,2900,179.6,,esp32,,0,,,,,,,,,,,,0,375.0,0.0,0.0,0,NONE
2026-09-29T17:56:14.374+00:00,238.423,manual,Manual cook,temp,2900,179.1,,esp32,,0,,,,,,,,,,,,0,375.0,0.0,0.0,0,NONE
2026-09-29T17:56:15.374+00:00,239.423,manual,Manual cook,temp,2900,177.8,,esp32,,0,,,,,,,,,,,,0,375.0,0.0,0.0,0,NONE
2026-09-29T17:56:16.874+00:00,240.923,manual,Manual cook,temp,2900,177.4,,esp32,,0,,,,,,,,,,,,0,375.0,0.0,0.0,0,NONE
2026-09-29T17:56:17.874+00:00,241.923,manual,Manual cook,temp,2900,177.4,,esp32,,0,,,,,,,,,,,,0,375.0,0.0,0.0,0,NONE
2026-09-29T17:56:18.875+00:00,242.924,manual,Manual cook,temp,2900,176.4,,esp32,,0,,,,,,,,,,,,0,375.0,0.0,0.0,0,NONE
2026-09-29T17:56:20.374+00:00,244.423,manual,Manual cook,temp,2900,175.6,,esp32,,0,,,,,,,,,,,,0,375.0,0.0,0.0,0,NONE
2026-09-29T17:56:21.374+00:00,245.423,manual,Manual cook,temp,2900,174.6,,esp32,,0,,,,,,,,,,,,0,375.0,0.0,0.0,0,NONE
2026-09-29T17:56:22.374+00:00,246.423,manual,Manual cook,temp,2900,174.2,,esp32,,0,,,,,,,,,,,,0,375.0,0.0,0.0,0,NONE
2026-09-29T17:56:23.374+00:00,247.423,manual,Manual cook,temp,2900,175.1,,esp32,,0,,,,,,,,,,,,0,375.0,0.0,0.0,0,NONE
2026-09-29T17:56:24.374+00:00,248.423,manual,Manual cook,temp,2900,174.6,,esp32,,0,,,,,,,,,,,,0,375.0,0.0,0.0,0,NONE
2026-09-29T17:56:25.374+00:00,249.423,manual,Manual cook,temp,2900,174.6,,esp32,,0,,,,,,,,,,,,0,375.0,0.0,0.0,0,NONE
2026-09-29T17:56:25.874+00:00,249.923,manual,Manual cook,temp,2900,173.8,,esp32,,0,,,,,,,,,,,,0,375.0,0.0,0.0,0,NONE
2026-09-29T17:56:26.374+00:00,250.423,manual,Manual cook,temp,2900,174.2,,esp32,,0,,,,,,,,,,,,0,375.0,0.0,0.0,0,NONE
2026-09-29T17:56:27.374+00:00,251.423,manual,Manual cook,temp,2900,174.2,,esp32,,0,,,,,,,,,,,,0,375.0,0.0,0.0,0,NONE
2026-09-29T17:56:28.373+00:00,252.422,manual,Manual cook,temp,2900,172.9,,esp32,,0,,,,,,,,,,,,0,375.0,0.0,0.0,0,NONE
2026-09-29T17:56:29.374+00:00,253.423,manual,Manual cook,temp,2900,171.9,,esp32,,0,,,,,,,,,,,,0,375.0,0.0,0.0,0,NONE
2026-09-29T17:56:30.373+00:00,254.422,manual,Manual cook,temp,2900,172.4,,esp32,,0,,,,,,,,,,,,0,375.0,0.0,0.0,0,NONE
2026-09-29T17:56:31.373+00:00,255.422,manual,Manual cook,temp,2900,172.4,,esp32,,0,,,,,,,,,,,,0,375.0,0.0,0.0,0,NONE
2026-09-29T17:56:31.873+00:00,255.922,manual,Manual cook,temp,2900,172.9,,esp32,,0,,,,,,,,,,,,0,375.0,0.0,0.0,0,NONE
2026-09-29T17:56:32.873+00:00,256.922,manual,Manual cook,temp,2900,172.4,,esp32,,0,,,,,,,,,,,,0,375.0,0.0,0.0,0,NONE
2026-09-29T17:56:33.373+00:00,257.422,manual,Manual cook,temp,2900,172.4,,esp32,,0,,,,,,,,,,,,0,375.0,0.0,0.0,0,NONE
2026-09-29T17:56:34.373+00:00,258.422,manual,Manual cook,temp,2900,171.1,,esp32,,0,,,,,,,,,,,,0,375.0,0.0,0.0,0,NONE
2026-09-29T17:56:34.874+00:00,258.923,manual,Manual cook,temp,2900,171.5,,esp32,,0,,,,,,,,,,,,0,375.0,0.0,0.0,0,NONE
2026-09-29T17:56:35.873+00:00,259.922,manual,Manual cook,temp,2900,171.5,,esp32,,0,,,,,,,,,,,,0,375.0,0.0,0.0,0,NONE
2026-09-29T17:56:36.373+00:00,260.422,manual,Manual cook,temp,2900,171.1,,esp32,,0,,,,,,,,,,,,0,375.0,0.0,0.0,0,NONE
2026-09-29T17:56:37.373+00:00,261.422,manual,Manual cook,temp,2900,170.6,,esp32,,0,,,,,,,,,,,,0,375.0,0.0,0.0,0,NONE
2026-09-29T17:56:37.873+00:00,261.922,manual,Manual cook,temp,2900,171.5,,esp32,,0,,,,,,,,,,,,0,375.0,0.0,0.0,0,NONE
2026-09-29T17:56:38.873+00:00,262.922,manual,Manual cook,temp,2900,171.1,,esp32,,0,,,,,,,,,,,,0,375.0,0.0,0.0,0,NONE
2026-09-29T17:56:39.373+00:00,263.422,manual,Manual cook,temp,2900,171.1,,esp32,,0,,,,,,,,,,,,0,375.0,0.0,0.0,0,NONE
2026-09-29T17:56:39.873+00:00,263.922,manual,Manual cook,temp,2900,170.6,,esp32,,0,,,,,,,,,,,,0,375.0,0.0,0.0,0,NONE
2026-09-29T17:56:40.374+00:00,264.423,manual,Manual cook,temp,2900,170.1,,esp32,,0,,,,,,,,,,,,0,375.0,0.0,0.0,0,NONE
2026-09-29T17:56:41.373+00:00,265.422,manual,Manual cook,temp,2900,170.1,,esp32,,0,,,,,,,,,,,,0,375.0,0.0,0.0,0,NONE
2026-09-29T17:56:42.373+00:00,266.422,manual,Manual cook,temp,2900,169.3,,esp32,,0,,,,,,,,,,,,0,375.0,0.0,0.0,0,NONE
2026-09-29T17:56:43.373+00:00,267.422,manual,Manual cook,temp,2900,168.4,,esp32,,0,,,,,,,,,,,,0,375.0,0.0,0.0,0,NONE
2026-09-29T17:56:44.373+00:00,268.422,manual,Manual cook,temp,2900,168.8,,esp32,,0,,,,,,,,,,,,0,375.0,0.0,0.0,0,NONE
2026-09-29T17:56:45.373+00:00,269.422,manual,Manual cook,temp,2900,169.7,,esp32,,0,,,,,,,,,,,,0,375.0,0.0,0.0,0,NONE
2026-09-29T17:56:45.874+00:00,269.923,manual,Manual cook,temp,2900,169.7,,esp32,,0,,,,,,,,,,,,0,375.0,0.0,0.0,0,NONE
2026-09-29T17:56:46.873+00:00,270.922,manual,Manual cook,temp,2900,169.3,,esp32,,0,,,,,,,,,,,,0,375.0,0.0,0.0,0,NONE
2026-09-29T17:56:47.373+00:00,271.422,manual,Manual cook,temp,2900,168.4,,esp32,,0,,,,,,,,,,,,0,375.0,0.0,0.0,0,NONE
2026-09-29T17:56:48.373+00:00,272.422,manual,Manual cook,temp,2900,167.9,,esp32,,0,,,,,,,,,,,,0,375.0,0.0,0.0,0,NONE
2026-09-29T17:56:49.373+00:00,273.422,manual,Manual cook,temp,2900,168.8,,esp32,,0,,,,,,,,,,,,0,375.0,0.0,0.0,0,NONE
2026-09-29T17:56:50.373+00:00,274.422,manual,Manual cook,temp,2900,168.8,,esp32,,0,,,,,,,,,,,,0,375.0,0.0,0.0,0,NONE
2026-09-29T17:56:51.373+00:00,275.422,manual,Manual cook,temp,2900,168.8,,esp32,,0,,,,,,,,,,,,0,375.0,0.0,0.0,0,NONE
2026-09-29T17:56:51.874+00:00,275.923,manual,Manual cook,temp,2900,167.9,,esp32,,0,,,,,,,,,,,,0,375.0,0.0,0.0,0,NONE
2026-09-29T17:56:52.873+00:00,276.922,manual,Manual cook,temp,2900,168.4,,esp32,,0,,,,,,,,,,,,0,375.0,0.0,0.0,0,NONE
2026-09-29T17:56:53.873+00:00,277.922,manual,Manual cook,temp,2900,167.4,,esp32,,0,,,,,,,,,,,,0,375.0,0.0,0.0,0,NONE
2026-09-29T17:56:54.873+00:00,278.922,manual,Manual cook,temp,2900,167.4,,esp32,,0,,,,,,,,,,,,0,375.0,0.0,0.0,0,NONE
2026-09-29T17:56:55.373+00:00,279.422,manual,Manual cook,temp,2900,167.0,,esp32,,0,,,,,,,,,,,,0,375.0,0.0,0.0,0,NONE
2026-09-29T17:56:56.373+00:00,280.422,manual,Manual cook,temp,2900,166.1,,esp32,,0,,,,,,,,,,,,0,375.0,0.0,0.0,0,NONE
2026-09-29T17:56:57.373+00:00,281.422,manual,Manual cook,temp,2900,167.0,,esp32,,0,,,,,,,,,,,,0,375.0,0.0,0.0,0,NONE
2026-09-29T17:56:58.373+00:00,282.422,manual,Manual cook,temp,2900,166.1,,esp32,,0,,,,,,,,,,,,0,375.0,0.0,0.0,0,NONE
2026-09-29T17:56:59.873+00:00,283.922,manual,Manual cook,temp,2900,165.2,,esp32,,0,,,,,,,,,,,,0,375.0,0.0,0.0,0,NONE
2026-09-29T17:57:00.873+00:00,284.922,manual,Manual cook,temp,2900,165.2,,esp32,,0,,,,,,,,,,,,0,375.0,0.0,0.0,0,NONE
2026-09-29T17:57:01.873+00:00,285.922,manual,Manual cook,temp,2900,165.2,,esp32,,0,,,,,,,,,,,,0,375.0,0.0,0.0,0,NONE
2026-09-29T17:57:02.373+00:00,286.422,manual,Manual cook,temp,2900,164.8,,esp32,,0,,,,,,,,,,,,0,375.0,0.0,0.0,0,NONE
2026-09-29T17:57:03.373+00:00,287.422,manual,Manual cook,temp,2900,165.2,,esp32,,0,,,,,,,,,,,,0,375.0,0.0,0.0,0,NONE
2026-09-29T17:57:04.373+00:00,288.422,manual,Manual cook,temp,2900,164.3,,esp32,,0,,,,,,,,,,,,0,375.0,0.0,0.0,0,NONE
2026-09-29T17:57:04.873+00:00,288.922,manual,Manual cook,temp,2900,164.8,,esp32,,0,,,,,,,,,,,,0,375.0,0.0,0.0,0,NONE
2026-09-29T17:57:05.873+00:00,289.922,manual,Manual cook,temp,2900,163.9,,esp32,,0,,,,,,,,,,,,0,375.0,0.0,0.0,0,NONE
2026-09-29T17:57:06.373+00:00,290.422,manual,Manual cook,temp,2900,164.3,,esp32,,0,,,,,,,,,,,,0,375.0,0.0,0.0,0,NONE
2026-09-29T17:57:07.373+00:00,291.422,manual,Manual cook,temp,2900,164.8,,esp32,,0,,,,,,,,,,,,0,375.0,0.0,0.0,0,NONE
2026-09-29T17:57:08.373+00:00,292.422,manual,Manual cook,temp,2900,164.3,,esp32,,0,,,,,,,,,,,,0,375.0,0.0,0.0,0,NONE
2026-09-29T17:57:08.874+00:00,292.923,manual,Manual cook,temp,2900,163.4,,esp32,,0,,,,,,,,,,,,0,375.0,0.0,0.0,0,NONE
2026-09-29T17:57:09.873+00:00,293.922,manual,Manual cook,temp,2900,163.9,,esp32,,0,,,,,,,,,,,,0,375.0,0.0,0.0,0,NONE
2026-09-29T17:57:10.373+00:00,294.422,manual,Manual cook,temp,2900,163.4,,esp32,,0,,,,,,,,,,,,0,375.0,0.0,0.0,0,NONE
2026-09-29T17:57:10.873+00:00,294.922,manual,Manual cook,temp,2900,163.4,,esp32,,0,,,,,,,,,,,,0,375.0,0.0,0.0,0,NONE
2026-09-29T17:57:11.873+00:00,295.922,manual,Manual cook,temp,2900,163.4,,esp32,,0,,,,,,,,,,,,0,375.0,0.0,0.0,0,NONE
2026-09-29T17:57:12.873+00:00,296.922,manual,Manual cook,temp,2900,163.4,,esp32,,0,,,,,,,,,,,,0,375.0,0.0,0.0,0,NONE
2026-09-29T17:57:13.373+00:00,297.422,manual,Manual cook,temp,2900,162.9,,esp32,,0,,,,,,,,,,,,0,375.0,0.0,0.0,0,NONE
2026-09-29T17:57:14.373+00:00,298.422,manual,Manual cook,temp,2900,162.9,,esp32,,0,,,,,,,,,,,,0,375.0,0.0,0.0,0,NONE
2026-09-29T17:57:14.873+00:00,298.922,manual,Manual cook,temp,2900,162.9,,esp32,,0,,,,,,,,,,,,0,375.0,0.0,0.0,0,NONE
2026-09-29T17:57:15.873+00:00,299.922,manual,Manual cook,temp,2900,161.1,,esp32,,0,,,,,,,,,,,,0,375.0,0.0,0.0,0,NONE
2026-09-29T17:57:16.873+00:00,300.922,manual,Manual cook,temp,2900,162.1,,esp32,,0,,,,,,,,,,,,0,375.0,0.0,0.0,0,NONE
2026-09-29T17:57:17.373+00:00,301.422,manual,Manual cook,temp,2900,161.6,,esp32,,0,,,,,,,,,,,,0,375.0,0.0,0.0,0,NONE
2026-09-29T17:57:18.372+00:00,302.421,manual,Manual cook,temp,2900,162.1,,esp32,,0,,,,,,,,,,,,0,375.0,0.0,0.0,0,NONE
2026-09-29T17:57:19.372+00:00,303.421,manual,Manual cook,temp,2900,161.6,,esp32,,0,,,,,,,,,,,,0,375.0,0.0,0.0,0,NONE
2026-09-29T17:57:20.373+00:00,304.422,manual,Manual cook,temp,2900,162.1,,esp32,,0,,,,,,,,,,,,0,375.0,0.0,0.0,0,NONE
2026-09-29T17:57:20.873+00:00,304.922,manual,Manual cook,temp,2900,161.6,,esp32,,0,,,,,,,,,,,,0,375.0,0.0,0.0,0,NONE
2026-09-29T17:57:21.872+00:00,305.921,manual,Manual cook,temp,2900,161.6,,esp32,,0,,,,,,,,,,,,0,375.0,0.0,0.0,0,NONE
2026-09-29T17:57:22.872+00:00,306.921,manual,Manual cook,temp,2900,160.7,,esp32,,0,,,,,,,,,,,,0,375.0,0.0,0.0,0,NONE
2026-09-29T17:57:23.373+00:00,307.422,manual,Manual cook,temp,2900,161.1,,esp32,,0,,,,,,,,,,,,0,375.0,0.0,0.0,0,NONE
2026-09-29T17:57:24.372+00:00,308.421,manual,Manual cook,temp,2900,161.1,,esp32,,0,,,,,,,,,,,,0,375.0,0.0,0.0,0,NONE
2026-09-29T17:57:25.372+00:00,309.421,manual,Manual cook,temp,2900,161.1,,esp32,,0,,,,,,,,,,,,0,375.0,0.0,0.0,0,NONE
2026-09-29T17:57:25.872+00:00,309.921,manual,Manual cook,temp,2900,161.1,,esp32,,0,,,,,,,,,,,,0,375.0,0.0,0.0,0,NONE
2026-09-29T17:57:26.872+00:00,310.921,manual,Manual cook,temp,2900,160.7,,esp32,,0,,,,,,,,,,,,0,375.0,0.0,0.0,0,NONE
2026-09-29T17:57:27.872+00:00,311.921,manual,Manual cook,temp,2900,160.3,,esp32,,0,,,,,,,,,,,,0,375.0,0.0,0.0,0,NONE
2026-09-29T17:57:28.872+00:00,312.921,manual,Manual cook,temp,2900,159.8,,esp32,,0,,,,,,,,,,,,0,375.0,0.0,0.0,0,NONE
2026-09-29T17:57:29.872+00:00,313.921,manual,Manual cook,temp,2900,159.8,,esp32,,0,,,,,,,,,,,,0,375.0,0.0,0.0,0,NONE
2026-09-29T17:57:30.372+00:00,314.421,manual,Manual cook,temp,2900,159.8,,esp32,,0,,,,,,,,,,,,0,375.0,0.0,0.0,0,NONE
2026-09-29T17:57:31.373+00:00,315.422,manual,Manual cook,temp,2900,160.3,,esp32,,0,,,,,,,,,,,,0,375.0,0.0,0.0,0,NONE
2026-09-29T17:57:31.873+00:00,315.922,manual,Manual cook,temp,2900,158.9,,esp32,,0,,,,,,,,,,,,0,375.0,0.0,0.0,0,NONE
2026-09-29T17:57:32.873+00:00,316.922,manual,Manual cook,temp,2900,159.4,,esp32,,0,,,,,,,,,,,,0,375.0,0.0,0.0,0,NONE
2026-09-29T17:57:33.872+00:00,317.921,manual,Manual cook,temp,2900,158.9,,esp32,,0,,,,,,,,,,,,0,375.0,0.0,0.0,0,NONE
2026-09-29T17:57:34.872+00:00,318.921,manual,Manual cook,temp,2900,158.4,,esp32,,0,,,,,,,,,,,,0,375.0,0.0,0.0,0,NONE
2026-09-29T17:57:35.372+00:00,319.421,manual,Manual cook,temp,2900,159.4,,esp32,,0,,,,,,,,,,,,0,375.0,0.0,0.0,0,NONE
2026-09-29T17:57:36.372+00:00,320.421,manual,Manual cook,temp,2900,158.4,,esp32,,0,,,,,,,,,,,,0,375.0,0.0,0.0,0,NONE
2026-09-29T17:57:37.372+00:00,321.421,manual,Manual cook,temp,2900,158.0,,esp32,,0,,,,,,,,,,,,0,375.0,0.0,0.0,0,NONE
2026-09-29T17:57:38.373+00:00,322.422,manual,Manual cook,temp,2900,158.9,,esp32,,0,,,,,,,,,,,,0,375.0,0.0,0.0,0,NONE
2026-09-29T17:57:38.873+00:00,322.922,manual,Manual cook,temp,2900,158.4,,esp32,,0,,,,,,,,,,,,0,375.0,0.0,0.0,0,NONE
2026-09-29T17:57:39.872+00:00,323.921,manual,Manual cook,temp,2900,158.0,,esp32,,0,,,,,,,,,,,,0,375.0,0.0,0.0,0,NONE
2026-09-29T17:57:40.372+00:00,324.421,manual,Manual cook,temp,2900,158.0,,esp32,,0,,,,,,,,,,,,0,375.0,0.0,0.0,0,NONE
2026-09-29T17:57:41.372+00:00,325.421,manual,Manual cook,temp,2900,158.0,,esp32,,0,,,,,,,,,,,,0,375.0,0.0,0.0,0,NONE
2026-09-29T17:57:42.372+00:00,326.421,manual,Manual cook,temp,2900,157.6,,esp32,,0,,,,,,,,,,,,0,375.0,0.0,0.0,0,NONE
2026-09-29T17:57:42.872+00:00,326.921,manual,Manual cook,temp,2900,156.2,,esp32,,0,,,,,,,,,,,,0,375.0,0.0,0.0,0,NONE
2026-09-29T17:57:43.872+00:00,327.921,manual,Manual cook,temp,2900,156.6,,esp32,,0,,,,,,,,,,,,0,375.0,0.0,0.0,0,NONE
2026-09-29T17:57:44.373+00:00,328.422,manual,Manual cook,temp,2900,157.6,,esp32,,0,,,,,,,,,,,,0,375.0,0.0,0.0,0,NONE
2026-09-29T17:57:44.873+00:00,328.922,manual,Manual cook,temp,2900,157.1,,esp32,,0,,,,,,,,,,,,0,375.0,0.0,0.0,0,NONE
2026-09-29T17:57:45.873+00:00,329.922,manual,Manual cook,temp,2900,156.2,,esp32,,0,,,,,,,,,,,,0,375.0,0.0,0.0,0,NONE
2026-09-29T17:57:46.873+00:00,330.922,manual,Manual cook,temp,2900,156.6,,esp32,,0,,,,,,,,,,,,0,375.0,0.0,0.0,0,NONE
2026-09-29T17:57:47.873+00:00,331.922,manual,Manual cook,temp,2900,156.2,,esp32,,0,,,,,,,,,,,,0,375.0,0.0,0.0,0,NONE
2026-09-29T17:57:48.399+00:00,332.448,manual,Manual cook,temp,1800,156.6,,esp32,,0,,,,,,,,,,,,0,375.0,0.0,0.0,0,NONE
2026-09-29T17:57:49.372+00:00,333.421,manual,Manual cook,temp,1400,156.6,,esp32,,0,,,,,,,,,,,,0,375.0,0.0,0.0,0,NONE
2026-09-29T17:57:49.872+00:00,333.921,manual,Manual cook,temp,1400,156.2,,esp32,,0,,,,,,,,,,,,0,375.0,0.0,0.0,0,NONE
2026-09-29T17:57:50.872+00:00,334.921,manual,Manual cook,temp,1400,156.6,,esp32,,0,,,,,,,,,,,,0,375.0,0.0,0.0,0,NONE
2026-09-29T17:57:51.872+00:00,335.921,manual,Manual cook,temp,1400,156.6,,esp32,,0,,,,,,,,,,,,0,375.0,0.0,0.0,0,NONE
2026-09-29T17:57:52.372+00:00,336.421,manual,Manual cook,temp,1400,155.8,,esp32,,0,,,,,,,,,,,,0,375.0,0.0,0.0,0,NONE
2026-09-29T17:57:53.373+00:00,337.422,manual,Manual cook,temp,1400,155.8,,esp32,,0,,,,,,,,,,,,0,375.0,0.0,0.0,0,NONE
2026-09-29T17:57:53.873+00:00,337.922,manual,Manual cook,temp,1400,156.2,,esp32,,0,,,,,,,,,,,,0,375.0,0.0,0.0,0,NONE
2026-09-29T17:57:54.872+00:00,338.921,manual,Manual cook,temp,1400,155.3,,esp32,,0,,,,,,,,,,,,0,375.0,0.0,0.0,0,NONE
2026-09-29T17:57:55.372+00:00,339.421,manual,Manual cook,temp,1400,156.2,,esp32,,0,,,,,,,,,,,,0,375.0,0.0,0.0,0,NONE
2026-09-29T17:57:56.372+00:00,340.421,manual,Manual cook,temp,1400,155.8,,esp32,,0,,,,,,,,,,,,0,375.0,0.0,0.0,0,NONE
2026-09-29T17:57:56.872+00:00,340.921,manual,Manual cook,temp,1400,155.8,,esp32,,0,,,,,,,,,,,,0,375.0,0.0,0.0,0,NONE
2026-09-29T17:57:57.872+00:00,341.921,manual,Manual cook,temp,1400,155.3,,esp32,,0,,,,,,,,,,,,0,375.0,0.0,0.0,0,NONE
2026-09-29T17:57:58.872+00:00,342.921,manual,Manual cook,temp,1400,156.2,,esp32,,0,,,,,,,,,,,,0,375.0,0.0,0.0,0,NONE
2026-09-29T17:57:59.373+00:00,343.422,manual,Manual cook,temp,1400,156.2,,esp32,,0,,,,,,,,,,,,0,375.0,0.0,0.0,0,NONE
2026-09-29T17:58:00.372+00:00,344.421,manual,Manual cook,temp,1400,156.2,,esp32,,0,,,,,,,,,,,,0,375.0,0.0,0.0,0,NONE
2026-09-29T17:58:01.372+00:00,345.421,manual,Manual cook,temp,1400,155.3,,esp32,,0,,,,,,,,,,,,0,375.0,0.0,0.0,0,NONE
2026-09-29T17:58:01.872+00:00,345.921,manual,Manual cook,temp,1400,154.9,,esp32,,0,,,,,,,,,,,,0,375.0,0.0,0.0,0,NONE
2026-09-29T17:58:02.872+00:00,346.921,manual,Manual cook,temp,1400,155.3,,esp32,,0,,,,,,,,,,,,0,375.0,0.0,0.0,0,NONE
2026-09-29T17:58:03.872+00:00,347.921,manual,Manual cook,temp,1400,155.8,,esp32,,0,,,,,,,,,,,,0,375.0,0.0,0.0,0,NONE
2026-09-29T17:58:04.372+00:00,348.421,manual,Manual cook,temp,1400,155.3,,esp32,,0,,,,,,,,,,,,0,375.0,0.0,0.0,0,NONE
2026-09-29T17:58:04.872+00:00,348.921,manual,Manual cook,temp,1400,155.3,,esp32,,0,,,,,,,,,,,,0,375.0,0.0,0.0,0,NONE
2026-09-29T17:58:05.372+00:00,349.421,manual,Manual cook,temp,1400,155.3,,esp32,,0,,,,,,,,,,,,0,375.0,0.0,0.0,0,NONE
2026-09-29T17:58:05.873+00:00,349.922,manual,Manual cook,temp,1400,154.9,,esp32,,0,,,,,,,,,,,,0,375.0,0.0,0.0,0,NONE
2026-09-29T17:58:06.873+00:00,350.922,manual,Manual cook,temp,1400,154.4,,esp32,,0,,,,,,,,,,,,0,375.0,0.0,0.0,0,NONE
2026-09-29T17:58:07.872+00:00,351.921,manual,Manual cook,temp,1400,155.3,,esp32,,0,,,,,,,,,,,,0,375.0,0.0,0.0,0,NONE
2026-09-29T17:58:08.872+00:00,352.921,manual,Manual cook,temp,1400,155.8,,esp32,,0,,,,,,,,,,,,0,375.0,0.0,0.0,0,NONE
2026-09-29T17:58:09.372+00:00,353.421,manual,Manual cook,temp,1400,154.9,,esp32,,0,,,,,,,,,,,,0,375.0,0.0,0.0,0,NONE
2026-09-29T17:58:09.872+00:00,353.921,manual,Manual cook,temp,1400,155.3,,esp32,,0,,,,,,,,,,,,0,375.0,0.0,0.0,0,NONE
2026-09-29T17:58:10.372+00:00,354.421,manual,Manual cook,temp,1400,154.9,,esp32,,0,,,,,,,,,,,,0,375.0,0.0,0.0,0,NONE
2026-09-29T17:58:11.372+00:00,355.421,manual,Manual cook,temp,1400,155.8,,esp32,,0,,,,,,,,,,,,0,375.0,0.0,0.0,0,NONE
2026-09-29T17:58:11.872+00:00,355.921,manual,Manual cook,temp,1400,154.9,,esp32,,0,,,,,,,,,,,,0,375.0,0.0,0.0,0,NONE
2026-09-29T17:58:12.372+00:00,356.421,manual,Manual cook,temp,1400,155.3,,esp32,,0,,,,,,,,,,,,0,375.0,0.0,0.0,0,NONE
2026-09-29T17:58:13.372+00:00,357.421,manual,Manual cook,temp,1400,154.4,,esp32,,0,,,,,,,,,,,,0,375.0,0.0,0.0,0,NONE
2026-09-29T17:58:14.372+00:00,358.421,manual,Manual cook,temp,1400,154.9,,esp32,,0,,,,,,,,,,,,0,375.0,0.0,0.0,0,NONE
2026-09-29T17:58:14.872+00:00,358.921,manual,Manual cook,temp,1400,154.9,,esp32,,0,,,,,,,,,,,,0,375.0,0.0,0.0,0,NONE
2026-09-29T17:58:15.872+00:00,359.921,manual,Manual cook,temp,1400,154.9,,esp32,,0,,,,,,,,,,,,0,375.0,0.0,0.0,0,NONE
2026-09-29T17:58:16.372+00:00,360.421,manual,Manual cook,temp,1400,155.3,,esp32,,0,,,,,,,,,,,,0,375.0,0.0,0.0,0,NONE
2026-09-29T17:58:17.373+00:00,361.422,manual,Manual cook,temp,1400,154.9,,esp32,,0,,,,,,,,,,,,0,375.0,0.0,0.0,0,NONE
2026-09-29T17:58:17.873+00:00,361.922,manual,Manual cook,temp,1400,154.9,,esp32,,0,,,,,,,,,,,,0,375.0,0.0,0.0,0,NONE
2026-09-29T17:58:18.873+00:00,362.922,manual,Manual cook,temp,1400,155.8,,esp32,,0,,,,,,,,,,,,0,375.0,0.0,0.0,0,NONE
2026-09-29T17:58:19.872+00:00,363.921,manual,Manual cook,temp,1400,154.9,,esp32,,0,,,,,,,,,,,,0,375.0,0.0,0.0,0,NONE
2026-09-29T17:58:20.372+00:00,364.421,manual,Manual cook,temp,1400,154.9,,esp32,,0,,,,,,,,,,,,0,375.0,0.0,0.0,0,NONE
2026-09-29T17:58:21.372+00:00,365.421,manual,Manual cook,temp,1400,154.9,,esp32,,0,,,,,,,,,,,,0,375.0,0.0,0.0,0,NONE
2026-09-29T17:58:22.372+00:00,366.421,manual,Manual cook,temp,1400,155.3,,esp32,,0,,,,,,,,,,,,0,375.0,0.0,0.0,0,NONE
2026-09-29T17:58:23.372+00:00,367.421,manual,Manual cook,temp,1400,155.3,,esp32,,0,,,,,,,,,,,,0,375.0,0.0,0.0,0,NONE
2026-09-29T17:58:24.373+00:00,368.422,manual,Manual cook,temp,1400,155.3,,esp32,,0,,,,,,,,,,,,0,375.0,0.0,0.0,0,NONE
2026-09-29T17:58:24.873+00:00,368.922,manual,Manual cook,temp,1400,155.3,,esp32,,0,,,,,,,,,,,,0,375.0,0.0,0.0,0,NONE
2026-09-29T17:58:25.872+00:00,369.921,manual,Manual cook,temp,1400,154.9,,esp32,,0,,,,,,,,,,,,0,375.0,0.0,0.0,0,NONE
2026-09-29T17:58:26.372+00:00,370.421,manual,Manual cook,temp,1400,155.3,,esp32,,0,,,,,,,,,,,,0,375.0,0.0,0.0,0,NONE
2026-09-29T17:58:27.372+00:00,371.421,manual,Manual cook,temp,1400,154.9,,esp32,,0,,,,,,,,,,,,0,375.0,0.0,0.0,0,NONE
2026-09-29T17:58:27.872+00:00,371.921,manual,Manual cook,temp,1400,154.9,,esp32,,0,,,,,,,,,,,,0,375.0,0.0,0.0,0,NONE
2026-09-29T17:58:28.872+00:00,372.921,manual,Manual cook,temp,1400,153.9,,esp32,,0,,,,,,,,,,,,0,375.0,0.0,0.0,0,NONE
2026-09-29T17:58:29.372+00:00,373.421,manual,Manual cook,temp,1400,155.3,,esp32,,0,,,,,,,,,,,,0,375.0,0.0,0.0,0,NONE
2026-09-29T17:58:30.372+00:00,374.421,manual,Manual cook,temp,1400,154.4,,esp32,,0,,,,,,,,,,,,0,375.0,0.0,0.0,0,NONE
2026-09-29T17:58:30.872+00:00,374.921,manual,Manual cook,temp,1400,154.9,,esp32,,0,,,,,,,,,,,,0,375.0,0.0,0.0,0,NONE
2026-09-29T17:58:31.872+00:00,375.921,manual,Manual cook,temp,1400,154.9,,esp32,,0,,,,,,,,,,,,0,375.0,0.0,0.0,0,NONE
2026-09-29T17:58:32.373+00:00,376.422,manual,Manual cook,temp,1400,154.9,,esp32,,0,,,,,,,,,,,,0,375.0,0.0,0.0,0,NONE
2026-09-29T17:58:33.372+00:00,377.421,manual,Manual cook,temp,1400,154.4,,esp32,,0,,,,,,,,,,,,0,375.0,0.0,0.0,0,NONE
2026-09-29T17:58:33.872+00:00,377.921,manual,Manual cook,temp,1400,154.4,,esp32,,0,,,,,,,,,,,,0,375.0,0.0,0.0,0,NONE
2026-09-29T17:58:34.872+00:00,378.921,manual,Manual cook,temp,1400,154.9,,esp32,,0,,,,,,,,,,,,0,375.0,0.0,0.0,0,NONE
2026-09-29T17:58:35.871+00:00,379.920,manual,Manual cook,temp,1400,155.3,,esp32,,0,,,,,,,,,,,,0,375.0,0.0,0.0,0,NONE
2026-09-29T17:58:36.872+00:00,380.921,manual,Manual cook,temp,1400,154.9,,esp32,,0,,,,,,,,,,,,0,375.0,0.0,0.0,0,NONE
2026-09-29T17:58:37.872+00:00,381.921,manual,Manual cook,temp,1400,154.9,,esp32,,0,,,,,,,,,,,,0,375.0,0.0,0.0,0,NONE
2026-09-29T17:58:38.872+00:00,382.921,manual,Manual cook,temp,1400,154.4,,esp32,,0,,,,,,,,,,,,0,375.0,0.0,0.0,0,NONE
2026-09-29T17:58:39.372+00:00,383.421,manual,Manual cook,temp,1400,154.4,,esp32,,0,,,,,,,,,,,,0,375.0,0.0,0.0,0,NONE
2026-09-29T17:58:39.872+00:00,383.921,manual,Manual cook,temp,1400,154.4,,esp32,,0,,,,,,,,,,,,0,375.0,0.0,0.0,0,NONE
2026-09-29T17:58:40.872+00:00,384.921,manual,Manual cook,temp,1400,154.9,,esp32,,0,,,,,,,,,,,,0,375.0,0.0,0.0,0,NONE
2026-09-29T17:58:41.872+00:00,385.921,manual,Manual cook,temp,1400,153.9,,esp32,,0,,,,,,,,,,,,0,375.0,0.0,0.0,0,NONE
2026-09-29T17:58:42.372+00:00,386.421,manual,Manual cook,temp,1400,154.9,,esp32,,0,,,,,,,,,,,,0,375.0,0.0,0.0,0,NONE
2026-09-29T17:58:42.872+00:00,386.921,manual,Manual cook,temp,1400,154.4,,esp32,,0,,,,,,,,,,,,0,375.0,0.0,0.0,0,NONE
2026-09-29T17:58:43.871+00:00,387.920,manual,Manual cook,temp,1400,154.9,,esp32,,0,,,,,,,,,,,,0,375.0,0.0,0.0,0,NONE
2026-09-29T17:58:44.371+00:00,388.420,manual,Manual cook,temp,1400,154.9,,esp32,,0,,,,,,,,,,,,0,375.0,0.0,0.0,0,NONE
2026-09-29T17:58:45.371+00:00,389.420,manual,Manual cook,temp,1400,154.9,,esp32,,0,,,,,,,,,,,,0,375.0,0.0,0.0,0,NONE
2026-09-29T17:58:45.871+00:00,389.920,manual,Manual cook,temp,1400,154.9,,esp32,,0,,,,,,,,,,,,0,375.0,0.0,0.0,0,NONE
2026-09-29T17:58:46.371+00:00,390.420,manual,Manual cook,temp,1400,154.4,,esp32,,0,,,,,,,,,,,,0,375.0,0.0,0.0,0,NONE
2026-09-29T17:58:47.371+00:00,391.420,manual,Manual cook,temp,1400,155.3,,esp32,,0,,,,,,,,,,,,0,375.0,0.0,0.0,0,NONE
2026-09-29T17:58:48.372+00:00,392.421,manual,Manual cook,temp,1400,154.4,,esp32,,0,,,,,,,,,,,,0,375.0,0.0,0.0,0,NONE
2026-09-29T17:58:49.372+00:00,393.422,manual,Manual cook,temp,1400,154.9,,esp32,,0,,,,,,,,,,,,0,375.0,0.0,0.0,0,NONE
2026-09-29T17:58:50.371+00:00,394.420,manual,Manual cook,temp,1400,154.4,,esp32,,0,,,,,,,,,,,,0,375.0,0.0,0.0,0,NONE
2026-09-29T17:58:50.871+00:00,394.920,manual,Manual cook,temp,1400,154.9,,esp32,,0,,,,,,,,,,,,0,375.0,0.0,0.0,0,NONE
2026-09-29T17:58:51.871+00:00,395.920,manual,Manual cook,temp,1400,154.9,,esp32,,0,,,,,,,,,,,,0,375.0,0.0,0.0,0,NONE
2026-09-29T17:58:52.371+00:00,396.420,manual,Manual cook,temp,1400,153.9,,esp32,,0,,,,,,,,,,,,0,375.0,0.0,0.0,0,NONE
2026-09-29T17:58:53.371+00:00,397.420,manual,Manual cook,temp,1400,155.3,,esp32,,0,,,,,,,,,,,,0,375.0,0.0,0.0,0,NONE
2026-09-29T17:58:53.871+00:00,397.920,manual,Manual cook,temp,1400,154.4,,esp32,,0,,,,,,,,,,,,0,375.0,0.0,0.0,0,NONE
2026-09-29T17:58:54.372+00:00,398.421,manual,Manual cook,temp,1400,154.9,,esp32,,0,,,,,,,,,,,,0,375.0,0.0,0.0,0,NONE
2026-09-29T17:58:55.372+00:00,399.421,manual,Manual cook,temp,1400,154.9,,esp32,,0,,,,,,,,,,,,0,375.0,0.0,0.0,0,NONE
2026-09-29T17:58:56.372+00:00,400.421,manual,Manual cook,temp,1400,153.9,,esp32,,0,,,,,,,,,,,,0,375.0,0.0,0.0,0,NONE
2026-09-29T17:58:57.372+00:00,401.421,manual,Manual cook,temp,1400,154.9,,esp32,,0,,,,,,,,,,,,0,375.0,0.0,0.0,0,NONE
2026-09-29T17:58:57.872+00:00,401.921,manual,Manual cook,temp,1400,153.9,,esp32,,0,,,,,,,,,,,,0,375.0,0.0,0.0,0,NONE
2026-09-29T17:58:58.871+00:00,402.920,manual,Manual cook,temp,1400,153.9,,esp32,,0,,,,,,,,,,,,0,375.0,0.0,0.0,0,NONE
2026-09-29T17:58:59.871+00:00,403.920,manual,Manual cook,temp,1400,153.9,,esp32,,0,,,,,,,,,,,,0,375.0,0.0,0.0,0,NONE
2026-09-29T17:59:00.871+00:00,404.920,manual,Manual cook,temp,1400,154.4,,esp32,,0,,,,,,,,,,,,0,375.0,0.0,0.0,0,NONE
2026-09-29T17:59:01.871+00:00,405.920,manual,Manual cook,temp,1400,154.4,,esp32,,0,,,,,,,,,,,,0,375.0,0.0,0.0,0,NONE
2026-09-29T17:59:02.872+00:00,406.921,manual,Manual cook,temp,1400,153.9,,esp32,,0,,,,,,,,,,,,0,375.0,0.0,0.0,0,NONE
2026-09-29T17:59:03.872+00:00,407.921,manual,Manual cook,temp,1400,153.9,,esp32,,0,,,,,,,,,,,,0,375.0,0.0,0.0,0,NONE
2026-09-29T17:59:04.871+00:00,408.920,manual,Manual cook,temp,1400,154.4,,esp32,,0,,,,,,,,,,,,0,375.0,0.0,0.0,0,NONE
2026-09-29T17:59:05.871+00:00,409.920,manual,Manual cook,temp,1400,154.4,,esp32,,0,,,,,,,,,,,,0,375.0,0.0,0.0,0,NONE
2026-09-29T17:59:06.871+00:00,410.920,manual,Manual cook,temp,1400,154.4,,esp32,,0,,,,,,,,,,,,0,375.0,0.0,0.0,0,NONE
2026-09-29T17:59:07.871+00:00,411.920,manual,Manual cook,temp,1400,153.9,,esp32,,0,,,,,,,,,,,,0,375.0,0.0,0.0,0,NONE
2026-09-29T17:59:08.371+00:00,412.420,manual,Manual cook,temp,1400,154.4,,esp32,,0,,,,,,,,,,,,0,375.0,0.0,0.0,0,NONE
2026-09-29T17:59:08.871+00:00,412.920,manual,Manual cook,temp,1400,153.5,,esp32,,0,,,,,,,,,,,,0,375.0,0.0,0.0,0,NONE
2026-09-29T17:59:09.372+00:00,413.421,manual,Manual cook,temp,1400,153.5,,esp32,,0,,,,,,,,,,,,0,375.0,0.0,0.0,0,NONE
2026-09-29T17:59:10.372+00:00,414.421,manual,Manual cook,temp,1400,154.4,,esp32,,0,,,,,,,,,,,,0,375.0,0.0,0.0,0,NONE
2026-09-29T17:59:11.371+00:00,415.420,manual,Manual cook,temp,1400,154.4,,esp32,,0,,,,,,,,,,,,0,375.0,0.0,0.0,0,NONE
2026-09-29T17:59:12.371+00:00,416.420,manual,Manual cook,temp,1400,154.4,,esp32,,0,,,,,,,,,,,,0,375.0,0.0,0.0,0,NONE
2026-09-29T17:59:12.871+00:00,416.920,manual,Manual cook,temp,1400,154.4,,esp32,,0,,,,,,,,,,,,0,375.0,0.0,0.0,0,NONE
2026-09-29T17:59:13.371+00:00,417.420,manual,Manual cook,temp,1400,153.9,,esp32,,0,,,,,,,,,,,,0,375.0,0.0,0.0,0,NONE
2026-09-29T17:59:13.871+00:00,417.920,manual,Manual cook,temp,1400,153.9,,esp32,,0,,,,,,,,,,,,0,375.0,0.0,0.0,0,NONE
2026-09-29T17:59:14.871+00:00,418.920,manual,Manual cook,temp,1400,153.9,,esp32,,0,,,,,,,,,,,,0,375.0,0.0,0.0,0,NONE
2026-09-29T17:59:15.871+00:00,419.920,manual,Manual cook,temp,1400,153.9,,esp32,,0,,,,,,,,,,,,0,375.0,0.0,0.0,0,NONE
2026-09-29T17:59:16.373+00:00,420.422,manual,Manual cook,temp,1400,153.9,,esp32,,0,,,,,,,,,,,,0,375.0,0.0,0.0,0,NONE
2026-09-29T17:59:17.371+00:00,421.420,manual,Manual cook,temp,1400,153.9,,esp32,,0,,,,,,,,,,,,0,375.0,0.0,0.0,0,NONE
2026-09-29T17:59:17.871+00:00,421.920,manual,Manual cook,temp,1400,153.1,,esp32,,0,,,,,,,,,,,,0,375.0,0.0,0.0,0,NONE
2026-09-29T17:59:18.871+00:00,422.920,manual,Manual cook,temp,1400,153.5,,esp32,,0,,,,,,,,,,,,0,375.0,0.0,0.0,0,NONE
2026-09-29T17:59:19.371+00:00,423.420,manual,Manual cook,temp,1400,153.5,,esp32,,0,,,,,,,,,,,,0,375.0,0.0,0.0,0,NONE
2026-09-29T17:59:19.871+00:00,423.920,manual,Manual cook,temp,1400,153.1,,esp32,,0,,,,,,,,,,,,0,375.0,0.0,0.0,0,NONE
2026-09-29T17:59:20.371+00:00,424.420,manual,Manual cook,temp,1400,153.9,,esp32,,0,,,,,,,,,,,,0,375.0,0.0,0.0,0,NONE
2026-09-29T17:59:21.371+00:00,425.420,manual,Manual cook,temp,1400,153.9,,esp32,,0,,,,,,,,,,,,0,375.0,0.0,0.0,0,NONE
2026-09-29T17:59:21.871+00:00,425.920,manual,Manual cook,temp,1400,153.5,,esp32,,0,,,,,,,,,,,,0,375.0,0.0,0.0,0,NONE
2026-09-29T17:59:22.372+00:00,426.421,manual,Manual cook,temp,1400,153.9,,esp32,,0,,,,,,,,,,,,0,375.0,0.0,0.0,0,NONE
2026-09-29T17:59:23.371+00:00,427.420,manual,Manual cook,temp,1400,153.1,,esp32,,0,,,,,,,,,,,,0,375.0,0.0,0.0,0,NONE
2026-09-29T17:59:24.371+00:00,428.420,manual,Manual cook,temp,1400,153.9,,esp32,,0,,,,,,,,,,,,0,375.0,0.0,0.0,0,NONE
2026-09-29T17:59:25.371+00:00,429.420,manual,Manual cook,temp,1400,153.5,,esp32,,0,,,,,,,,,,,,0,375.0,0.0,0.0,0,NONE
2026-09-29T17:59:26.371+00:00,430.420,manual,Manual cook,temp,1400,153.1,,esp32,,0,,,,,,,,,,,,0,375.0,0.0,0.0,0,NONE
2026-09-29T17:59:27.371+00:00,431.420,manual,Manual cook,temp,1400,153.5,,esp32,,0,,,,,,,,,,,,0,375.0,0.0,0.0,0,NONE
2026-09-29T17:59:27.871+00:00,431.920,manual,Manual cook,temp,1400,153.5,,esp32,,0,,,,,,,,,,,,0,375.0,0.0,0.0,0,NONE
2026-09-29T17:59:28.372+00:00,432.421,manual,Manual cook,temp,1400,152.6,,esp32,,0,,,,,,,,,,,,0,375.0,0.0,0.0,0,NONE
2026-09-29T17:59:29.371+00:00,433.420,manual,Manual cook,temp,1400,153.1,,esp32,,0,,,,,,,,,,,,0,375.0,0.0,0.0,0,NONE
2026-09-29T17:59:30.371+00:00,434.420,manual,Manual cook,temp,1400,153.1,,esp32,,0,,,,,,,,,,,,0,375.0,0.0,0.0,0,NONE
2026-09-29T17:59:30.871+00:00,434.920,manual,Manual cook,temp,1400,152.6,,esp32,,0,,,,,,,,,,,,0,375.0,0.0,0.0,0,NONE
2026-09-29T17:59:31.871+00:00,435.920,manual,Manual cook,temp,1400,153.5,,esp32,,0,,,,,,,,,,,,0,375.0,0.0,0.0,0,NONE
2026-09-29T17:59:32.371+00:00,436.420,manual,Manual cook,temp,1400,153.5,,esp32,,0,,,,,,,,,,,,0,375.0,0.0,0.0,0,NONE
2026-09-29T17:59:33.371+00:00,437.420,manual,Manual cook,temp,1400,152.6,,esp32,,0,,,,,,,,,,,,0,375.0,0.0,0.0,0,NONE
2026-09-29T17:59:34.372+00:00,438.421,manual,Manual cook,temp,1400,153.5,,esp32,,0,,,,,,,,,,,,0,375.0,0.0,0.0,0,NONE
2026-09-29T17:59:34.872+00:00,438.921,manual,Manual cook,temp,1400,153.5,,esp32,,0,,,,,,,,,,,,0,375.0,0.0,0.0,0,NONE
2026-09-29T17:59:35.871+00:00,439.920,manual,Manual cook,temp,1400,153.1,,esp32,,0,,,,,,,,,,,,0,375.0,0.0,0.0,0,NONE
2026-09-29T17:59:36.371+00:00,440.420,manual,Manual cook,temp,1400,153.1,,esp32,,0,,,,,,,,,,,,0,375.0,0.0,0.0,0,NONE
2026-09-29T17:59:36.871+00:00,440.920,manual,Manual cook,temp,1400,153.5,,esp32,,0,,,,,,,,,,,,0,375.0,0.0,0.0,0,NONE
2026-09-29T17:59:37.871+00:00,441.920,manual,Manual cook,temp,1400,152.6,,esp32,,0,,,,,,,,,,,,0,375.0,0.0,0.0,0,NONE
2026-09-29T17:59:38.871+00:00,442.920,manual,Manual cook,temp,1400,153.1,,esp32,,0,,,,,,,,,,,,0,375.0,0.0,0.0,0,NONE
2026-09-29T17:59:39.871+00:00,443.920,manual,Manual cook,temp,1400,153.1,,esp32,,0,,,,,,,,,,,,0,375.0,0.0,0.0,0,NONE
2026-09-29T17:59:40.372+00:00,444.421,manual,Manual cook,temp,1400,153.5,,esp32,,0,,,,,,,,,,,,0,375.0,0.0,0.0,0,NONE
2026-09-29T17:59:40.872+00:00,444.921,manual,Manual cook,temp,1400,153.5,,esp32,,0,,,,,,,,,,,,0,375.0,0.0,0.0,0,NONE
2026-09-29T17:59:41.871+00:00,445.920,manual,Manual cook,temp,1400,153.1,,esp32,,0,,,,,,,,,,,,0,375.0,0.0,0.0,0,NONE
2026-09-29T17:59:42.871+00:00,446.920,manual,Manual cook,temp,1400,152.1,,esp32,,0,,,,,,,,,,,,0,375.0,0.0,0.0,0,NONE
2026-09-29T17:59:43.371+00:00,447.420,manual,Manual cook,temp,1400,153.5,,esp32,,0,,,,,,,,,,,,0,375.0,0.0,0.0,0,NONE
2026-09-29T17:59:44.371+00:00,448.420,manual,Manual cook,temp,1400,152.1,,esp32,,0,,,,,,,,,,,,0,375.0,0.0,0.0,0,NONE
2026-09-29T17:59:44.871+00:00,448.920,manual,Manual cook,temp,1400,152.1,,esp32,,0,,,,,,,,,,,,0,375.0,0.0,0.0,0,NONE
2026-09-29T17:59:45.871+00:00,449.920,manual,Manual cook,temp,1400,152.6,,esp32,,0,,,,,,,,,,,,0,375.0,0.0,0.0,0,NONE
2026-09-29T17:59:46.372+00:00,450.421,manual,Manual cook,temp,1400,153.1,,esp32,,0,,,,,,,,,,,,0,375.0,0.0,0.0,0,NONE
2026-09-29T17:59:47.371+00:00,451.420,manual,Manual cook,temp,1400,153.1,,esp32,,0,,,,,,,,,,,,0,375.0,0.0,0.0,0,NONE
2026-09-29T17:59:48.371+00:00,452.420,manual,Manual cook,temp,1400,152.1,,esp32,,0,,,,,,,,,,,,0,375.0,0.0,0.0,0,NONE
2026-09-29T17:59:48.871+00:00,452.920,manual,Manual cook,temp,1400,153.1,,esp32,,0,,,,,,,,,,,,0,375.0,0.0,0.0,0,NONE
2026-09-29T17:59:49.871+00:00,453.920,manual,Manual cook,temp,1400,152.1,,esp32,,0,,,,,,,,,,,,0,375.0,0.0,0.0,0,NONE
2026-09-29T17:59:50.371+00:00,454.420,manual,Manual cook,temp,1400,152.6,,esp32,,0,,,,,,,,,,,,0,375.0,0.0,0.0,0,NONE
2026-09-29T17:59:51.371+00:00,455.420,manual,Manual cook,temp,1400,152.1,,esp32,,0,,,,,,,,,,,,0,375.0,0.0,0.0,0,NONE
2026-09-29T17:59:52.372+00:00,456.421,manual,Manual cook,temp,1400,152.6,,esp32,,0,,,,,,,,,,,,0,375.0,0.0,0.0,0,NONE
2026-09-29T17:59:53.371+00:00,457.420,manual,Manual cook,temp,1400,152.1,,esp32,,0,,,,,,,,,,,,0,375.0,0.0,0.0,0,NONE
2026-09-29T17:59:54.371+00:00,458.420,manual,Manual cook,temp,1400,152.6,,esp32,,0,,,,,,,,,,,,0,375.0,0.0,0.0,0,NONE
2026-09-29T17:59:54.871+00:00,458.920,manual,Manual cook,temp,1400,152.1,,esp32,,0,,,,,,,,,,,,0,375.0,0.0,0.0,0,NONE
2026-09-29T17:59:55.871+00:00,459.920,manual,Manual cook,temp,1400,152.6,,esp32,,0,,,,,,,,,,,,0,375.0,0.0,0.0,0,NONE
2026-09-29T17:59:56.871+00:00,460.920,manual,Manual cook,temp,1400,152.1,,esp32,,0,,,,,,,,,,,,0,375.0,0.0,0.0,0,NONE
2026-09-29T17:59:57.871+00:00,461.920,manual,Manual cook,temp,1400,152.6,,esp32,,0,,,,,,,,,,,,0,375.0,0.0,0.0,0,NONE
2026-09-29T17:59:58.371+00:00,462.420,manual,Manual cook,temp,1400,152.1,,esp32,,0,,,,,,,,,,,,0,375.0,0.0,0.0,0,NONE
2026-09-29T17:59:58.872+00:00,462.921,manual,Manual cook,temp,1400,152.1,,esp32,,0,,,,,,,,,,,,0,375.0,0.0,0.0,0,NONE
2026-09-29T17:59:59.871+00:00,463.920,manual,Manual cook,temp,1400,152.1,,esp32,,0,,,,,,,,,,,,0,375.0,0.0,0.0,0,NONE
2026-09-29T18:00:00.371+00:00,464.420,manual,Manual cook,temp,1400,151.7,,esp32,,0,,,,,,,,,,,,0,375.0,0.0,0.0,0,NONE
2026-09-29T18:00:01.371+00:00,465.420,manual,Manual cook,temp,1400,152.1,,esp32,,0,,,,,,,,,,,,0,375.0,0.0,0.0,0,NONE
2026-09-29T18:00:02.370+00:00,466.419,manual,Manual cook,temp,1400,151.3,,esp32,,0,,,,,,,,,,,,0,375.0,0.0,0.0,0,NONE
2026-09-29T18:00:03.370+00:00,467.419,manual,Manual cook,temp,1400,151.3,,esp32,,0,,,,,,,,,,,,0,375.0,0.0,0.0,0,NONE
2026-09-29T18:00:04.370+00:00,468.419,manual,Manual cook,temp,1400,152.1,,esp32,,0,,,,,,,,,,,,0,375.0,0.0,0.0,0,NONE
2026-09-29T18:00:04.871+00:00,468.920,manual,Manual cook,temp,1400,151.7,,esp32,,0,,,,,,,,,,,,0,375.0,0.0,0.0,0,NONE
2026-09-29T18:00:05.870+00:00,469.919,manual,Manual cook,temp,1400,149.9,,esp32,,0,,,,,,,,,,,,0,375.0,0.0,0.0,0,NONE
2026-09-29T18:00:06.870+00:00,470.919,manual,Manual cook,temp,1400,150.8,,esp32,,0,,,,,,,,,,,,0,375.0,0.0,0.0,0,NONE
2026-09-29T18:00:07.370+00:00,471.419,manual,Manual cook,temp,1400,151.3,,esp32,,0,,,,,,,,,,,,0,375.0,0.0,0.0,0,NONE
2026-09-29T18:00:08.370+00:00,472.419,manual,Manual cook,temp,1400,151.3,,esp32,,0,,,,,,,,,,,,0,375.0,0.0,0.0,0,NONE
2026-09-29T18:00:09.370+00:00,473.419,manual,Manual cook,temp,1400,151.7,,esp32,,0,,,,,,,,,,,,0,375.0,0.0,0.0,0,NONE
2026-09-29T18:00:10.371+00:00,474.420,manual,Manual cook,temp,1400,151.7,,esp32,,0,,,,,,,,,,,,0,375.0,0.0,0.0,0,NONE
2026-09-29T18:00:11.370+00:00,475.419,manual,Manual cook,temp,1400,151.3,,esp32,,0,,,,,,,,,,,,0,375.0,0.0,0.0,0,NONE
2026-09-29T18:00:11.870+00:00,475.919,manual,Manual cook,temp,1400,151.7,,esp32,,0,,,,,,,,,,,,0,375.0,0.0,0.0,0,NONE
2026-09-29T18:00:12.870+00:00,476.919,manual,Manual cook,temp,1400,150.8,,esp32,,0,,,,,,,,,,,,0,375.0,0.0,0.0,0,NONE
2026-09-29T18:00:13.869+00:00,477.918,manual,Manual cook,temp,1400,150.8,,esp32,,0,,,,,,,,,,,,0,375.0,0.0,0.0,0,NONE
2026-09-29T18:00:14.370+00:00,478.419,manual,Manual cook,temp,1400,150.8,,esp32,,0,,,,,,,,,,,,0,375.0,0.0,0.0,0,NONE
2026-09-29T18:00:15.369+00:00,479.418,manual,Manual cook,temp,1400,150.8,,esp32,,0,,,,,,,,,,,,0,375.0,0.0,0.0,0,NONE
2026-09-29T18:00:15.870+00:00,479.919,manual,Manual cook,temp,1400,150.8,,esp32,,0,,,,,,,,,,,,0,375.0,0.0,0.0,0,NONE
2026-09-29T18:00:16.370+00:00,480.420,manual,Manual cook,temp,1400,151.3,,esp32,,0,,,,,,,,,,,,0,375.0,0.0,0.0,0,NONE
2026-09-29T18:00:17.370+00:00,481.419,manual,Manual cook,temp,1400,150.8,,esp32,,0,,,,,,,,,,,,0,375.0,0.0,0.0,0,NONE
2026-09-29T18:00:18.370+00:00,482.419,manual,Manual cook,temp,1400,150.8,,esp32,,0,,,,,,,,,,,,0,375.0,0.0,0.0,0,NONE
2026-09-29T18:00:19.369+00:00,483.418,manual,Manual cook,temp,1400,150.8,,esp32,,0,,,,,,,,,,,,0,375.0,0.0,0.0,0,NONE
2026-09-29T18:00:19.869+00:00,483.918,manual,Manual cook,temp,1400,150.4,,esp32,,0,,,,,,,,,,,,0,375.0,0.0,0.0,0,NONE
2026-09-29T18:00:20.869+00:00,484.918,manual,Manual cook,temp,1400,151.3,,esp32,,0,,,,,,,,,,,,0,375.0,0.0,0.0,0,NONE
2026-09-29T18:00:21.869+00:00,485.918,manual,Manual cook,temp,1400,150.4,,esp32,,0,,,,,,,,,,,,0,375.0,0.0,0.0,0,NONE
2026-09-29T18:00:22.869+00:00,486.918,manual,Manual cook,temp,1400,149.9,,esp32,,0,,,,,,,,,,,,0,375.0,0.0,0.0,0,NONE
2026-09-29T18:00:23.869+00:00,487.918,manual,Manual cook,temp,1400,150.8,,esp32,,0,,,,,,,,,,,,0,375.0,0.0,0.0,0,NONE
2026-09-29T18:00:24.370+00:00,488.419,manual,Manual cook,temp,1400,150.4,,esp32,,0,,,,,,,,,,,,0,375.0,0.0,0.0,0,NONE
2026-09-29T18:00:25.369+00:00,489.418,manual,Manual cook,temp,1400,150.8,,esp32,,0,,,,,,,,,,,,0,375.0,0.0,0.0,0,NONE
2026-09-29T18:00:25.869+00:00,489.918,manual,Manual cook,temp,1400,150.8,,esp32,,0,,,,,,,,,,,,0,375.0,0.0,0.0,0,NONE
2026-09-29T18:00:26.369+00:00,490.418,manual,Manual cook,temp,1400,150.8,,esp32,,0,,,,,,,,,,,,0,375.0,0.0,0.0,0,NONE
2026-09-29T18:00:27.369+00:00,491.418,manual,Manual cook,temp,1400,149.9,,esp32,,0,,,,,,,,,,,,0,375.0,0.0,0.0,0,NONE
2026-09-29T18:00:28.369+00:00,492.418,manual,Manual cook,temp,1400,149.9,,esp32,,0,,,,,,,,,,,,0,375.0,0.0,0.0,0,NONE
2026-09-29T18:00:29.369+00:00,493.418,manual,Manual cook,temp,1400,149.9,,esp32,,0,,,,,,,,,,,,0,375.0,0.0,0.0,0,NONE
2026-09-29T18:00:30.368+00:00,494.417,manual,Manual cook,temp,1400,149.9,,esp32,,0,,,,,,,,,,,,0,375.0,0.0,0.0,0,NONE
2026-09-29T18:00:31.368+00:00,495.417,manual,Manual cook,temp,1400,149.9,,esp32,,0,,,,,,,,,,,,0,375.0,0.0,0.0,0,NONE
2026-09-29T18:00:32.369+00:00,496.418,manual,Manual cook,temp,1400,149.4,,esp32,,0,,,,,,,,,,,,0,375.0,0.0,0.0,0,NONE
2026-09-29T18:00:33.369+00:00,497.418,manual,Manual cook,temp,1400,150.4,,esp32,,0,,,,,,,,,,,,0,375.0,0.0,0.0,0,NONE
2026-09-29T18:00:34.369+00:00,498.418,manual,Manual cook,temp,1400,149.9,,esp32,,0,,,,,,,,,,,,0,375.0,0.0,0.0,0,NONE
2026-09-29T18:00:35.368+00:00,499.417,manual,Manual cook,temp,1400,150.4,,esp32,,0,,,,,,,,,,,,0,375.0,0.0,0.0,0,NONE
2026-09-29T18:00:36.368+00:00,500.417,manual,Manual cook,temp,1400,149.9,,esp32,,0,,,,,,,,,,,,0,375.0,0.0,0.0,0,NONE
2026-09-29T18:00:37.368+00:00,501.417,manual,Manual cook,temp,1400,148.6,,esp32,,0,,,,,,,,,,,,0,375.0,0.0,0.0,0,NONE
2026-09-29T18:00:38.368+00:00,502.417,manual,Manual cook,temp,1400,148.6,,esp32,,0,,,,,,,,,,,,0,375.0,0.0,0.0,0,NONE
2026-09-29T18:00:39.368+00:00,503.417,manual,Manual cook,temp,1400,149.4,,esp32,,0,,,,,,,,,,,,0,375.0,0.0,0.0,0,NONE
2026-09-29T18:00:40.369+00:00,504.418,manual,Manual cook,temp,1400,149.0,,esp32,,0,,,,,,,,,,,,0,375.0,0.0,0.0,0,NONE
2026-09-29T18:00:40.869+00:00,504.918,manual,Manual cook,temp,1400,149.0,,esp32,,0,,,,,,,,,,,,0,375.0,0.0,0.0,0,NONE
2026-09-29T18:00:41.868+00:00,505.917,manual,Manual cook,temp,1400,149.4,,esp32,,0,,,,,,,,,,,,0,375.0,0.0,0.0,0,NONE
2026-09-29T18:00:42.868+00:00,506.917,manual,Manual cook,temp,1400,149.4,,esp32,,0,,,,,,,,,,,,0,375.0,0.0,0.0,0,NONE
2026-09-29T18:00:43.868+00:00,507.917,manual,Manual cook,temp,1400,148.1,,esp32,,0,,,,,,,,,,,,0,375.0,0.0,0.0,0,NONE
2026-09-29T18:00:44.868+00:00,508.917,manual,Manual cook,temp,1400,149.4,,esp32,,0,,,,,,,,,,,,0,375.0,0.0,0.0,0,NONE
2026-09-29T18:00:45.868+00:00,509.917,manual,Manual cook,temp,1400,149.0,,esp32,,0,,,,,,,,,,,,0,375.0,0.0,0.0,0,NONE
2026-09-29T18:00:46.368+00:00,510.417,manual,Manual cook,temp,1400,148.1,,esp32,,0,,,,,,,,,,,,0,375.0,0.0,0.0,0,NONE
2026-09-29T18:00:47.367+00:00,511.416,manual,Manual cook,temp,1400,148.1,,esp32,,0,,,,,,,,,,,,0,375.0,0.0,0.0,0,NONE
2026-09-29T18:00:47.867+00:00,511.916,manual,Manual cook,temp,1400,148.1,,esp32,,0,,,,,,,,,,,,0,375.0,0.0,0.0,0,NONE
2026-09-29T18:00:48.867+00:00,512.916,manual,Manual cook,temp,1400,148.6,,esp32,,0,,,,,,,,,,,,0,375.0,0.0,0.0,0,NONE
2026-09-29T18:00:49.868+00:00,513.917,manual,Manual cook,temp,1400,148.6,,esp32,,0,,,,,,,,,,,,0,375.0,0.0,0.0,0,NONE
2026-09-29T18:00:50.867+00:00,514.916,manual,Manual cook,temp,1400,148.6,,esp32,,0,,,,,,,,,,,,0,375.0,0.0,0.0,0,NONE
2026-09-29T18:00:51.868+00:00,515.917,manual,Manual cook,temp,1400,149.0,,esp32,,0,,,,,,,,,,,,0,375.0,0.0,0.0,0,NONE
2026-09-29T18:00:52.867+00:00,516.916,manual,Manual cook,temp,1400,148.1,,esp32,,0,,,,,,,,,,,,0,375.0,0.0,0.0,0,NONE
2026-09-29T18:00:53.867+00:00,517.916,manual,Manual cook,temp,1400,148.6,,esp32,,0,,,,,,,,,,,,0,375.0,0.0,0.0,0,NONE
2026-09-29T18:00:54.367+00:00,518.416,manual,Manual cook,temp,1400,148.6,,esp32,,0,,,,,,,,,,,,0,375.0,0.0,0.0,0,NONE
2026-09-29T18:00:55.367+00:00,519.416,manual,Manual cook,temp,1400,148.1,,esp32,,0,,,,,,,,,,,,0,375.0,0.0,0.0,0,NONE
2026-09-29T18:00:56.367+00:00,520.416,manual,Manual cook,temp,1400,148.1,,esp32,,0,,,,,,,,,,,,0,375.0,0.0,0.0,0,NONE
2026-09-29T18:00:57.368+00:00,521.417,manual,Manual cook,temp,1400,148.6,,esp32,,0,,,,,,,,,,,,0,375.0,0.0,0.0,0,NONE
2026-09-29T18:00:57.868+00:00,521.917,manual,Manual cook,temp,1400,148.1,,esp32,,0,,,,,,,,,,,,0,375.0,0.0,0.0,0,NONE
2026-09-29T18:00:58.867+00:00,522.916,manual,Manual cook,temp,1400,147.6,,esp32,,0,,,,,,,,,,,,0,375.0,0.0,0.0,0,NONE
2026-09-29T18:00:59.867+00:00,523.916,manual,Manual cook,temp,1400,148.1,,esp32,,0,,,,,,,,,,,,0,375.0,0.0,0.0,0,NONE
2026-09-29T18:01:00.367+00:00,524.416,manual,Manual cook,temp,1400,148.1,,esp32,,0,,,,,,,,,,,,0,375.0,0.0,0.0,0,NONE
2026-09-29T18:01:01.367+00:00,525.416,manual,Manual cook,temp,1400,147.6,,esp32,,0,,,,,,,,,,,,0,375.0,0.0,0.0,0,NONE
2026-09-29T18:01:01.867+00:00,525.916,manual,Manual cook,temp,1400,147.2,,esp32,,0,,,,,,,,,,,,0,375.0,0.0,0.0,0,NONE
2026-09-29T18:01:02.867+00:00,526.916,manual,Manual cook,temp,1400,147.2,,esp32,,0,,,,,,,,,,,,0,375.0,0.0,0.0,0,NONE
2026-09-29T18:01:03.367+00:00,527.416,manual,Manual cook,temp,1400,147.2,,esp32,,0,,,,,,,,,,,,0,375.0,0.0,0.0,0,NONE
2026-09-29T18:01:03.867+00:00,527.916,manual,Manual cook,temp,1400,147.6,,esp32,,0,,,,,,,,,,,,0,375.0,0.0,0.0,0,NONE
2026-09-29T18:01:04.867+00:00,528.916,manual,Manual cook,temp,1400,147.6,,esp32,,0,,,,,,,,,,,,0,375.0,0.0,0.0,0,NONE
2026-09-29T18:01:05.866+00:00,529.915,manual,Manual cook,temp,1400,147.2,,esp32,,0,,,,,,,,,,,,0,375.0,0.0,0.0,0,NONE
2026-09-29T18:01:06.866+00:00,530.915,manual,Manual cook,temp,1400,147.6,,esp32,,0,,,,,,,,,,,,0,375.0,0.0,0.0,0,NONE
2026-09-29T18:01:07.866+00:00,531.915,manual,Manual cook,temp,1400,147.2,,esp32,,0,,,,,,,,,,,,0,375.0,0.0,0.0,0,NONE
2026-09-29T18:01:08.866+00:00,532.915,manual,Manual cook,temp,1400,146.8,,esp32,,0,,,,,,,,,,,,0,375.0,0.0,0.0,0,NONE
2026-09-29T18:01:09.866+00:00,533.915,manual,Manual cook,temp,1400,146.3,,esp32,,0,,,,,,,,,,,,0,375.0,0.0,0.0,0,NONE
2026-09-29T18:01:10.367+00:00,534.416,manual,Manual cook,temp,1400,147.2,,esp32,,0,,,,,,,,,,,,0,375.0,0.0,0.0,0,NONE
2026-09-29T18:01:10.867+00:00,534.916,manual,Manual cook,temp,1400,147.2,,esp32,,0,,,,,,,,,,,,0,375.0,0.0,0.0,0,NONE
2026-09-29T18:01:11.866+00:00,535.915,manual,Manual cook,temp,1400,146.8,,esp32,,0,,,,,,,,,,,,0,375.0,0.0,0.0,0,NONE
2026-09-29T18:01:12.866+00:00,536.915,manual,Manual cook,temp,1400,146.8,,esp32,,0,,,,,,,,,,,,0,375.0,0.0,0.0,0,NONE
2026-09-29T18:01:13.866+00:00,537.915,manual,Manual cook,temp,1400,147.2,,esp32,,0,,,,,,,,,,,,0,375.0,0.0,0.0,0,NONE
2026-09-29T18:01:14.866+00:00,538.915,manual,Manual cook,temp,1400,146.3,,esp32,,0,,,,,,,,,,,,0,375.0,0.0,0.0,0,NONE
2026-09-29T18:01:15.866+00:00,539.915,manual,Manual cook,temp,1400,146.3,,esp32,,0,,,,,,,,,,,,0,375.0,0.0,0.0,0,NONE
2026-09-29T18:01:16.366+00:00,540.415,manual,Manual cook,temp,1400,146.3,,esp32,,0,,,,,,,,,,,,0,375.0,0.0,0.0,0,NONE
2026-09-29T18:01:16.867+00:00,540.916,manual,Manual cook,temp,1400,146.3,,esp32,,0,,,,,,,,,,,,0,375.0,0.0,0.0,0,NONE
2026-09-29T18:01:17.866+00:00,541.915,manual,Manual cook,temp,1400,146.3,,esp32,,0,,,,,,,,,,,,0,375.0,0.0,0.0,0,NONE
2026-09-29T18:01:18.866+00:00,542.915,manual,Manual cook,temp,1400,146.8,,esp32,,0,,,,,,,,,,,,0,375.0,0.0,0.0,0,NONE
2026-09-29T18:01:19.866+00:00,543.915,manual,Manual cook,temp,1400,146.3,,esp32,,0,,,,,,,,,,,,0,375.0,0.0,0.0,0,NONE
2026-09-29T18:01:20.866+00:00,544.915,manual,Manual cook,temp,1400,146.8,,esp32,,0,,,,,,,,,,,,0,375.0,0.0,0.0,0,NONE
2026-09-29T18:01:21.866+00:00,545.915,manual,Manual cook,temp,1400,146.3,,esp32,,0,,,,,,,,,,,,0,375.0,0.0,0.0,0,NONE
2026-09-29T18:01:22.366+00:00,546.415,manual,Manual cook,temp,1400,145.4,,esp32,,0,,,,,,,,,,,,0,375.0,0.0,0.0,0,NONE
2026-09-29T18:01:22.866+00:00,546.915,manual,Manual cook,temp,1400,145.4,,esp32,,0,,,,,,,,,,,,0,375.0,0.0,0.0,0,NONE
2026-09-29T18:01:23.866+00:00,547.915,manual,Manual cook,temp,1400,146.3,,esp32,,0,,,,,,,,,,,,0,375.0,0.0,0.0,0,NONE
2026-09-29T18:01:24.865+00:00,548.914,manual,Manual cook,temp,1400,145.4,,esp32,,0,,,,,,,,,,,,0,375.0,0.0,0.0,0,NONE
2026-09-29T18:01:25.865+00:00,549.914,manual,Manual cook,temp,1400,145.4,,esp32,,0,,,,,,,,,,,,0,375.0,0.0,0.0,0,NONE
2026-09-29T18:01:26.365+00:00,550.414,manual,Manual cook,temp,1400,145.9,,esp32,,0,,,,,,,,,,,,0,375.0,0.0,0.0,0,NONE
2026-09-29T18:01:27.365+00:00,551.414,manual,Manual cook,temp,1400,146.3,,esp32,,0,,,,,,,,,,,,0,375.0,0.0,0.0,0,NONE
2026-09-29T18:01:28.365+00:00,552.414,manual,Manual cook,temp,1400,146.3,,esp32,,0,,,,,,,,,,,,0,375.0,0.0,0.0,0,NONE
2026-09-29T18:01:28.866+00:00,552.915,manual,Manual cook,temp,1400,145.4,,esp32,,0,,,,,,,,,,,,0,375.0,0.0,0.0,0,NONE
2026-09-29T18:01:29.865+00:00,553.914,manual,Manual cook,temp,1400,145.4,,esp32,,0,,,,,,,,,,,,0,375.0,0.0,0.0,0,NONE
2026-09-29T18:01:30.865+00:00,554.914,manual,Manual cook,temp,1400,145.9,,esp32,,0,,,,,,,,,,,,0,375.0,0.0,0.0,0,NONE
2026-09-29T18:01:31.865+00:00,555.914,manual,Manual cook,temp,1400,144.9,,esp32,,0,,,,,,,,,,,,0,375.0,0.0,0.0,0,NONE
2026-09-29T18:01:32.865+00:00,556.914,manual,Manual cook,temp,1400,144.9,,esp32,,0,,,,,,,,,,,,0,375.0,0.0,0.0,0,NONE
2026-09-29T18:01:33.865+00:00,557.914,manual,Manual cook,temp,1400,144.5,,esp32,,0,,,,,,,,,,,,0,375.0,0.0,0.0,0,NONE
2026-09-29T18:01:34.366+00:00,558.415,manual,Manual cook,temp,1400,144.9,,esp32,,0,,,,,,,,,,,,0,375.0,0.0,0.0,0,NONE
2026-09-29T18:01:35.366+00:00,559.415,manual,Manual cook,temp,1400,145.9,,esp32,,0,,,,,,,,,,,,0,375.0,0.0,0.0,0,NONE
2026-09-29T18:01:36.365+00:00,560.414,manual,Manual cook,temp,1400,145.4,,esp32,,0,,,,,,,,,,,,0,375.0,0.0,0.0,0,NONE
2026-09-29T18:01:37.365+00:00,561.414,manual,Manual cook,temp,1400,144.9,,esp32,,0,,,,,,,,,,,,0,375.0,0.0,0.0,0,NONE
2026-09-29T18:01:38.365+00:00,562.414,manual,Manual cook,temp,1400,144.1,,esp32,,0,,,,,,,,,,,,0,375.0,0.0,0.0,0,NONE
2026-09-29T18:01:38.865+00:00,562.914,manual,Manual cook,temp,1400,145.4,,esp32,,0,,,,,,,,,,,,0,375.0,0.0,0.0,0,NONE
2026-09-29T18:01:39.865+00:00,563.914,manual,Manual cook,temp,1400,145.4,,esp32,,0,,,,,,,,,,,,0,375.0,0.0,0.0,0,NONE
2026-09-29T18:01:40.865+00:00,564.914,manual,Manual cook,temp,1400,144.1,,esp32,,0,,,,,,,,,,,,0,375.0,0.0,0.0,0,NONE
2026-09-29T18:01:41.865+00:00,565.914,manual,Manual cook,temp,1400,144.9,,esp32,,0,,,,,,,,,,,,0,375.0,0.0,0.0,0,NONE
2026-09-29T18:01:42.365+00:00,566.414,manual,Manual cook,temp,1400,144.1,,esp32,,0,,,,,,,,,,,,0,375.0,0.0,0.0,0,NONE
2026-09-29T18:01:43.365+00:00,567.414,manual,Manual cook,temp,1400,144.9,,esp32,,0,,,,,,,,,,,,0,375.0,0.0,0.0,0,NONE
2026-09-29T18:01:44.365+00:00,568.414,manual,Manual cook,temp,1400,144.1,,esp32,,0,,,,,,,,,,,,0,375.0,0.0,0.0,0,NONE
2026-09-29T18:01:44.865+00:00,568.914,manual,Manual cook,temp,1400,144.9,,esp32,,0,,,,,,,,,,,,0,375.0,0.0,0.0,0,NONE
2026-09-29T18:01:45.864+00:00,569.913,manual,Manual cook,temp,1400,143.6,,esp32,,0,,,,,,,,,,,,0,375.0,0.0,0.0,0,NONE
2026-09-29T18:01:46.365+00:00,570.414,manual,Manual cook,temp,1400,144.1,,esp32,,0,,,,,,,,,,,,0,375.0,0.0,0.0,0,NONE
2026-09-29T18:01:47.364+00:00,571.414,manual,Manual cook,temp,1400,144.1,,esp32,,0,,,,,,,,,,,,0,375.0,0.0,0.0,0,NONE
2026-09-29T18:01:48.365+00:00,572.414,manual,Manual cook,temp,1400,144.1,,esp32,,0,,,,,,,,,,,,0,375.0,0.0,0.0,0,NONE
2026-09-29T18:01:49.364+00:00,573.413,manual,Manual cook,temp,1400,144.9,,esp32,,0,,,,,,,,,,,,0,375.0,0.0,0.0,0,NONE
2026-09-29T18:01:50.364+00:00,574.413,manual,Manual cook,temp,1400,143.1,,esp32,,0,,,,,,,,,,,,0,375.0,0.0,0.0,0,NONE
2026-09-29T18:01:51.364+00:00,575.413,manual,Manual cook,temp,1400,144.1,,esp32,,0,,,,,,,,,,,,0,375.0,0.0,0.0,0,NONE
2026-09-29T18:01:51.864+00:00,575.913,manual,Manual cook,temp,1400,144.1,,esp32,,0,,,,,,,,,,,,0,375.0,0.0,0.0,0,NONE
2026-09-29T18:01:52.365+00:00,576.414,manual,Manual cook,temp,1400,144.1,,esp32,,0,,,,,,,,,,,,0,375.0,0.0,0.0,0,NONE
2026-09-29T18:01:52.865+00:00,576.914,manual,Manual cook,temp,1400,144.1,,esp32,,0,,,,,,,,,,,,0,375.0,0.0,0.0,0,NONE
2026-09-29T18:01:53.865+00:00,577.914,manual,Manual cook,temp,1400,144.1,,esp32,,0,,,,,,,,,,,,0,375.0,0.0,0.0,0,NONE
2026-09-29T18:01:54.864+00:00,578.913,manual,Manual cook,temp,1400,144.1,,esp32,,0,,,,,,,,,,,,0,375.0,0.0,0.0,0,NONE
2026-09-29T18:01:55.864+00:00,579.913,manual,Manual cook,temp,1400,144.1,,esp32,,0,,,,,,,,,,,,0,375.0,0.0,0.0,0,NONE
2026-09-29T18:01:56.864+00:00,580.913,manual,Manual cook,temp,1400,143.6,,esp32,,0,,,,,,,,,,,,0,375.0,0.0,0.0,0,NONE
2026-09-29T18:01:57.864+00:00,581.913,manual,Manual cook,temp,1400,142.7,,esp32,,0,,,,,,,,,,,,0,375.0,0.0,0.0,0,NONE
2026-09-29T18:01:58.864+00:00,582.913,manual,Manual cook,temp,1400,143.6,,esp32,,0,,,,,,,,,,,,0,375.0,0.0,0.0,0,NONE
2026-09-29T18:01:59.364+00:00,583.413,manual,Manual cook,temp,1400,143.6,,esp32,,0,,,,,,,,,,,,0,375.0,0.0,0.0,0,NONE
2026-09-29T18:01:59.865+00:00,583.914,manual,Manual cook,temp,1400,143.6,,esp32,,0,,,,,,,,,,,,0,375.0,0.0,0.0,0,NONE
2026-09-29T18:02:00.865+00:00,584.914,manual,Manual cook,temp,1400,142.7,,esp32,,0,,,,,,,,,,,,0,375.0,0.0,0.0,0,NONE
2026-09-29T18:02:01.865+00:00,585.914,manual,Manual cook,temp,1400,142.7,,esp32,,0,,,,,,,,,,,,0,375.0,0.0,0.0,0,NONE
2026-09-29T18:02:02.864+00:00,586.913,manual,Manual cook,temp,1400,142.3,,esp32,,0,,,,,,,,,,,,0,375.0,0.0,0.0,0,NONE
2026-09-29T18:02:03.864+00:00,587.913,manual,Manual cook,temp,1400,142.7,,esp32,,0,,,,,,,,,,,,0,375.0,0.0,0.0,0,NONE
2026-09-29T18:02:04.864+00:00,588.913,manual,Manual cook,temp,1400,143.1,,esp32,,0,,,,,,,,,,,,0,375.0,0.0,0.0,0,NONE
2026-09-29T18:02:05.864+00:00,589.913,manual,Manual cook,temp,1400,141.8,,esp32,,0,,,,,,,,,,,,0,375.0,0.0,0.0,0,NONE
2026-09-29T18:02:06.864+00:00,590.913,manual,Manual cook,temp,1400,143.1,,esp32,,0,,,,,,,,,,,,0,375.0,0.0,0.0,0,NONE
2026-09-29T18:02:07.364+00:00,591.413,manual,Manual cook,temp,1400,141.8,,esp32,,0,,,,,,,,,,,,0,375.0,0.0,0.0,0,NONE
2026-09-29T18:02:08.364+00:00,592.413,manual,Manual cook,temp,1400,141.8,,esp32,,0,,,,,,,,,,,,0,375.0,0.0,0.0,0,NONE
2026-09-29T18:02:09.364+00:00,593.413,manual,Manual cook,temp,1400,141.8,,esp32,,0,,,,,,,,,,,,0,375.0,0.0,0.0,0,NONE
2026-09-29T18:02:09.864+00:00,593.913,manual,Manual cook,temp,1400,142.3,,esp32,,0,,,,,,,,,,,,0,375.0,0.0,0.0,0,NONE
2026-09-29T18:02:10.864+00:00,594.913,manual,Manual cook,temp,1400,141.8,,esp32,,0,,,,,,,,,,,,0,375.0,0.0,0.0,0,NONE
2026-09-29T18:02:11.863+00:00,595.913,manual,Manual cook,temp,1400,142.3,,esp32,,0,,,,,,,,,,,,0,375.0,0.0,0.0,0,NONE
2026-09-29T18:02:12.364+00:00,596.413,manual,Manual cook,temp,1400,143.1,,esp32,,0,,,,,,,,,,,,0,375.0,0.0,0.0,0,NONE
2026-09-29T18:02:13.364+00:00,597.414,manual,Manual cook,temp,1400,142.3,,esp32,,0,,,,,,,,,,,,0,375.0,0.0,0.0,0,NONE
2026-09-29T18:02:14.364+00:00,598.413,manual,Manual cook,temp,1400,142.3,,esp32,,0,,,,,,,,,,,,0,375.0,0.0,0.0,0,NONE
2026-09-29T18:02:15.363+00:00,599.412,manual,Manual cook,temp,1400,142.3,,esp32,,0,,,,,,,,,,,,0,375.0,0.0,0.0,0,NONE
2026-09-29T18:02:16.363+00:00,600.412,manual,Manual cook,temp,1400,141.4,,esp32,,0,,,,,,,,,,,,0,375.0,0.0,0.0,0,NONE
2026-09-29T18:02:16.863+00:00,600.912,manual,Manual cook,temp,1400,141.8,,esp32,,0,,,,,,,,,,,,0,375.0,0.0,0.0,0,NONE
2026-09-29T18:02:17.863+00:00,601.912,manual,Manual cook,temp,1400,141.8,,esp32,,0,,,,,,,,,,,,0,375.0,0.0,0.0,0,NONE
2026-09-29T18:02:18.363+00:00,602.412,manual,Manual cook,temp,1400,141.8,,esp32,,0,,,,,,,,,,,,0,375.0,0.0,0.0,0,NONE
2026-09-29T18:02:18.864+00:00,602.913,manual,Manual cook,temp,1400,141.8,,esp32,,0,,,,,,,,,,,,0,375.0,0.0,0.0,0,NONE
2026-09-29T18:02:19.364+00:00,603.413,manual,Manual cook,temp,1400,141.8,,esp32,,0,,,,,,,,,,,,0,375.0,0.0,0.0,0,NONE
2026-09-29T18:02:19.864+00:00,603.913,manual,Manual cook,temp,1400,141.8,,esp32,,0,,,,,,,,,,,,0,375.0,0.0,0.0,0,NONE
2026-09-29T18:02:20.863+00:00,604.912,manual,Manual cook,temp,1400,141.4,,esp32,,0,,,,,,,,,,,,0,375.0,0.0,0.0,0,NONE
2026-09-29T18:02:21.863+00:00,605.912,manual,Manual cook,temp,1400,141.4,,esp32,,0,,,,,,,,,,,,0,375.0,0.0,0.0,0,NONE
2026-09-29T18:02:22.863+00:00,606.912,manual,Manual cook,temp,1400,140.9,,esp32,,0,,,,,,,,,,,,0,375.0,0.0,0.0,0,NONE
2026-09-29T18:02:23.863+00:00,607.912,manual,Manual cook,temp,1400,140.9,,esp32,,0,,,,,,,,,,,,0,375.0,0.0,0.0,0,NONE
2026-09-29T18:02:24.363+00:00,608.412,manual,Manual cook,temp,1400,141.4,,esp32,,0,,,,,,,,,,,,0,375.0,0.0,0.0,0,NONE
2026-09-29T18:02:25.364+00:00,609.413,manual,Manual cook,temp,1400,141.4,,esp32,,0,,,,,,,,,,,,0,375.0,0.0,0.0,0,NONE
2026-09-29T18:02:25.864+00:00,609.913,manual,Manual cook,temp,1400,140.4,,esp32,,0,,,,,,,,,,,,0,375.0,0.0,0.0,0,NONE
2026-09-29T18:02:26.863+00:00,610.912,manual,Manual cook,temp,1400,141.4,,esp32,,0,,,,,,,,,,,,0,375.0,0.0,0.0,0,NONE
2026-09-29T18:02:27.363+00:00,611.412,manual,Manual cook,temp,1400,141.4,,esp32,,0,,,,,,,,,,,,0,375.0,0.0,0.0,0,NONE
2026-09-29T18:02:28.363+00:00,612.412,manual,Manual cook,temp,1400,141.4,,esp32,,0,,,,,,,,,,,,0,375.0,0.0,0.0,0,NONE
2026-09-29T18:02:29.363+00:00,613.412,manual,Manual cook,temp,1400,140.9,,esp32,,0,,,,,,,,,,,,0,375.0,0.0,0.0,0,NONE
2026-09-29T18:02:30.363+00:00,614.412,manual,Manual cook,temp,1400,140.9,,esp32,,0,,,,,,,,,,,,0,375.0,0.0,0.0,0,NONE
2026-09-29T18:02:30.863+00:00,614.912,manual,Manual cook,temp,1400,140.4,,esp32,,0,,,,,,,,,,,,0,375.0,0.0,0.0,0,NONE
2026-09-29T18:02:31.364+00:00,615.413,manual,Manual cook,temp,1400,141.4,,esp32,,0,,,,,,,,,,,,0,375.0,0.0,0.0,0,NONE
2026-09-29T18:02:31.864+00:00,615.913,manual,Manual cook,temp,1400,140.9,,esp32,,0,,,,,,,,,,,,0,375.0,0.0,0.0,0,NONE
2026-09-29T18:02:32.864+00:00,616.913,manual,Manual cook,temp,1400,141.4,,esp32,,0,,,,,,,,,,,,0,375.0,0.0,0.0,0,NONE
2026-09-29T18:02:33.863+00:00,617.912,manual,Manual cook,temp,1400,139.6,,esp32,,0,,,,,,,,,,,,0,375.0,0.0,0.0,0,NONE
2026-09-29T18:02:34.363+00:00,618.412,manual,Manual cook,temp,1400,140.9,,esp32,,0,,,,,,,,,,,,0,375.0,0.0,0.0,0,NONE
2026-09-29T18:02:35.363+00:00,619.412,manual,Manual cook,temp,1400,140.4,,esp32,,0,,,,,,,,,,,,0,375.0,0.0,0.0,0,NONE
2026-09-29T18:02:36.363+00:00,620.412,manual,Manual cook,temp,1400,140.4,,esp32,,0,,,,,,,,,,,,0,375.0,0.0,0.0,0,NONE
2026-09-29T18:02:36.863+00:00,620.912,manual,Manual cook,temp,1400,140.0,,esp32,,0,,,,,,,,,,,,0,375.0,0.0,0.0,0,NONE
2026-09-29T18:02:37.863+00:00,621.912,manual,Manual cook,temp,1400,140.4,,esp32,,0,,,,,,,,,,,,0,375.0,0.0,0.0,0,NONE
2026-09-29T18:02:38.363+00:00,622.412,manual,Manual cook,temp,1400,140.0,,esp32,,0,,,,,,,,,,,,0,375.0,0.0,0.0,0,NONE
2026-09-29T18:02:38.864+00:00,622.913,manual,Manual cook,temp,1400,139.1,,esp32,,0,,,,,,,,,,,,0,375.0,0.0,0.0,0,NONE
2026-09-29T18:02:39.863+00:00,623.912,manual,Manual cook,temp,1400,139.6,,esp32,,0,,,,,,,,,,,,0,375.0,0.0,0.0,0,NONE
2026-09-29T18:02:40.863+00:00,624.912,manual,Manual cook,temp,1400,140.0,,esp32,,0,,,,,,,,,,,,0,375.0,0.0,0.0,0,NONE
2026-09-29T18:02:41.863+00:00,625.912,manual,Manual cook,temp,1400,139.1,,esp32,,0,,,,,,,,,,,,0,375.0,0.0,0.0,0,NONE
2026-09-29T18:02:42.863+00:00,626.912,manual,Manual cook,temp,1400,139.6,,esp32,,0,,,,,,,,,,,,0,375.0,0.0,0.0,0,NONE
2026-09-29T18:02:43.363+00:00,627.412,manual,Manual cook,temp,1400,140.4,,esp32,,0,,,,,,,,,,,,0,375.0,0.0,0.0,0,NONE
2026-09-29T18:02:44.363+00:00,628.412,manual,Manual cook,temp,1400,140.0,,esp32,,0,,,,,,,,,,,,0,375.0,0.0,0.0,0,NONE
2026-09-29T18:02:44.863+00:00,628.912,manual,Manual cook,temp,1400,140.0,,esp32,,0,,,,,,,,,,,,0,375.0,0.0,0.0,0,NONE
2026-09-29T18:02:45.862+00:00,629.911,manual,Manual cook,temp,1400,139.6,,esp32,,0,,,,,,,,,,,,0,375.0,0.0,0.0,0,NONE
2026-09-29T18:02:46.862+00:00,630.911,manual,Manual cook,temp,1400,140.0,,esp32,,0,,,,,,,,,,,,0,375.0,0.0,0.0,0,NONE
2026-09-29T18:02:47.862+00:00,631.911,manual,Manual cook,temp,1400,138.6,,esp32,,0,,,,,,,,,,,,0,375.0,0.0,0.0,0,NONE
2026-09-29T18:02:48.862+00:00,632.911,manual,Manual cook,temp,1400,139.1,,esp32,,0,,,,,,,,,,,,0,375.0,0.0,0.0,0,NONE
2026-09-29T18:02:49.862+00:00,633.911,manual,Manual cook,temp,1400,140.0,,esp32,,0,,,,,,,,,,,,0,375.0,0.0,0.0,0,NONE
2026-09-29T18:02:50.363+00:00,634.412,manual,Manual cook,temp,1400,138.6,,esp32,,0,,,,,,,,,,,,0,375.0,0.0,0.0,0,NONE
2026-09-29T18:02:50.863+00:00,634.912,manual,Manual cook,temp,1400,139.1,,esp32,,0,,,,,,,,,,,,0,375.0,0.0,0.0,0,NONE
2026-09-29T18:02:51.863+00:00,635.912,manual,Manual cook,temp,1400,139.1,,esp32,,0,,,,,,,,,,,,0,375.0,0.0,0.0,0,NONE
2026-09-29T18:02:52.863+00:00,636.912,manual,Manual cook,temp,1400,139.6,,esp32,,0,,,,,,,,,,,,0,375.0,0.0,0.0,0,NONE
2026-09-29T18:02:53.862+00:00,637.911,manual,Manual cook,temp,1400,139.6,,esp32,,0,,,,,,,,,,,,0,375.0,0.0,0.0,0,NONE
2026-09-29T18:02:54.362+00:00,638.411,manual,Manual cook,temp,1400,140.0,,esp32,,0,,,,,,,,,,,,0,375.0,0.0,0.0,0,NONE
2026-09-29T18:02:55.362+00:00,639.411,manual,Manual cook,temp,1400,138.2,,esp32,,0,,,,,,,,,,,,0,375.0,0.0,0.0,0,NONE
2026-09-29T18:02:55.862+00:00,639.911,manual,Manual cook,temp,1400,138.2,,esp32,,0,,,,,,,,,,,,0,375.0,0.0,0.0,0,NONE
2026-09-29T18:02:56.862+00:00,640.911,manual,Manual cook,temp,1400,139.1,,esp32,,0,,,,,,,,,,,,0,375.0,0.0,0.0,0,NONE
2026-09-29T18:02:57.862+00:00,641.911,manual,Manual cook,temp,1400,139.1,,esp32,,0,,,,,,,,,,,,0,375.0,0.0,0.0,0,NONE
2026-09-29T18:02:58.362+00:00,642.411,manual,Manual cook,temp,1400,139.1,,esp32,,0,,,,,,,,,,,,0,375.0,0.0,0.0,0,NONE
2026-09-29T18:02:58.863+00:00,642.912,manual,Manual cook,temp,1400,138.2,,esp32,,0,,,,,,,,,,,,0,375.0,0.0,0.0,0,NONE
2026-09-29T18:02:59.862+00:00,643.911,manual,Manual cook,temp,1400,139.1,,esp32,,0,,,,,,,,,,,,0,375.0,0.0,0.0,0,NONE
2026-09-29T18:03:00.862+00:00,644.911,manual,Manual cook,temp,1400,138.2,,esp32,,0,,,,,,,,,,,,0,375.0,0.0,0.0,0,NONE
2026-09-29T18:03:01.362+00:00,645.411,manual,Manual cook,temp,1400,138.6,,esp32,,0,,,,,,,,,,,,0,375.0,0.0,0.0,0,NONE
2026-09-29T18:03:02.362+00:00,646.411,manual,Manual cook,temp,1400,138.6,,esp32,,0,,,,,,,,,,,,0,375.0,0.0,0.0,0,NONE
2026-09-29T18:03:03.362+00:00,647.411,manual,Manual cook,temp,1400,138.6,,esp32,,0,,,,,,,,,,,,0,375.0,0.0,0.0,0,NONE
2026-09-29T18:03:04.362+00:00,648.411,manual,Manual cook,temp,1400,138.2,,esp32,,0,,,,,,,,,,,,0,375.0,0.0,0.0,0,NONE
2026-09-29T18:03:04.863+00:00,648.912,manual,Manual cook,temp,1400,138.2,,esp32,,0,,,,,,,,,,,,0,375.0,0.0,0.0,0,NONE
2026-09-29T18:03:05.862+00:00,649.911,manual,Manual cook,temp,1400,138.2,,esp32,,0,,,,,,,,,,,,0,375.0,0.0,0.0,0,NONE
2026-09-29T18:03:06.862+00:00,650.911,manual,Manual cook,temp,1400,137.8,,esp32,,0,,,,,,,,,,,,0,375.0,0.0,0.0,0,NONE
2026-09-29T18:03:07.362+00:00,651.411,manual,Manual cook,temp,1400,138.2,,esp32,,0,,,,,,,,,,,,0,375.0,0.0,0.0,0,NONE
2026-09-29T18:03:08.362+00:00,652.411,manual,Manual cook,temp,1400,137.8,,esp32,,0,,,,,,,,,,,,0,375.0,0.0,0.0,0,NONE
2026-09-29T18:03:09.362+00:00,653.411,manual,Manual cook,temp,1400,137.8,,esp32,,0,,,,,,,,,,,,0,375.0,0.0,0.0,0,NONE
2026-09-29T18:03:10.362+00:00,654.411,manual,Manual cook,temp,1400,137.3,,esp32,,0,,,,,,,,,,,,0,375.0,0.0,0.0,0,NONE
2026-09-29T18:03:10.863+00:00,654.912,manual,Manual cook,temp,1400,137.8,,esp32,,0,,,,,,,,,,,,0,375.0,0.0,0.0,0,NONE
2026-09-29T18:03:11.862+00:00,655.911,manual,Manual cook,temp,1400,137.8,,esp32,,0,,,,,,,,,,,,0,375.0,0.0,0.0,0,NONE
2026-09-29T18:03:12.862+00:00,656.911,manual,Manual cook,temp,1400,137.8,,esp32,,0,,,,,,,,,,,,0,375.0,0.0,0.0,0,NONE
2026-09-29T18:03:13.862+00:00,657.911,manual,Manual cook,temp,1400,137.8,,esp32,,0,,,,,,,,,,,,0,375.0,0.0,0.0,0,NONE
2026-09-29T18:03:14.862+00:00,658.911,manual,Manual cook,temp,1400,137.8,,esp32,,0,,,,,,,,,,,,0,375.0,0.0,0.0,0,NONE
2026-09-29T18:03:15.862+00:00,659.911,manual,Manual cook,temp,1400,136.9,,esp32,,0,,,,,,,,,,,,0,375.0,0.0,0.0,0,NONE
2026-09-29T18:03:16.362+00:00,660.411,manual,Manual cook,temp,1400,137.3,,esp32,,0,,,,,,,,,,,,0,375.0,0.0,0.0,0,NONE
2026-09-29T18:03:16.862+00:00,660.911,manual,Manual cook,temp,1400,137.3,,esp32,,0,,,,,,,,,,,,0,375.0,0.0,0.0,0,NONE
2026-09-29T18:03:17.862+00:00,661.911,manual,Manual cook,temp,1400,137.8,,esp32,,0,,,,,,,,,,,,0,375.0,0.0,0.0,0,NONE
2026-09-29T18:03:18.862+00:00,662.911,manual,Manual cook,temp,1400,137.3,,esp32,,0,,,,,,,,,,,,0,375.0,0.0,0.0,0,NONE
2026-09-29T18:03:19.862+00:00,663.911,manual,Manual cook,temp,1400,137.3,,esp32,,0,,,,,,,,,,,,0,375.0,0.0,0.0,0,NONE
2026-09-29T18:03:20.362+00:00,664.411,manual,Manual cook,temp,1400,137.3,,esp32,,0,,,,,,,,,,,,0,375.0,0.0,0.0,0,NONE
2026-09-29T18:03:21.362+00:00,665.411,manual,Manual cook,temp,1400,137.3,,esp32,,0,,,,,,,,,,,,0,375.0,0.0,0.0,0,NONE
2026-09-29T18:03:22.361+00:00,666.410,manual,Manual cook,temp,1400,136.4,,esp32,,0,,,,,,,,,,,,0,375.0,0.0,0.0,0,NONE
2026-09-29T18:03:23.362+00:00,667.411,manual,Manual cook,temp,1400,136.9,,esp32,,0,,,,,,,,,,,,0,375.0,0.0,0.0,0,NONE
2026-09-29T18:03:23.862+00:00,667.911,manual,Manual cook,temp,1400,136.9,,esp32,,0,,,,,,,,,,,,0,375.0,0.0,0.0,0,NONE
2026-09-29T18:03:24.862+00:00,668.911,manual,Manual cook,temp,1400,136.9,,esp32,,0,,,,,,,,,,,,0,375.0,0.0,0.0,0,NONE
2026-09-29T18:03:25.861+00:00,669.910,manual,Manual cook,temp,1400,136.4,,esp32,,0,,,,,,,,,,,,0,375.0,0.0,0.0,0,NONE
2026-09-29T18:03:26.861+00:00,670.910,manual,Manual cook,temp,1400,136.4,,esp32,,0,,,,,,,,,,,,0,375.0,0.0,0.0,0,NONE
2026-09-29T18:03:27.361+00:00,671.410,manual,Manual cook,temp,1400,136.4,,esp32,,0,,,,,,,,,,,,0,375.0,0.0,0.0,0,NONE
2026-09-29T18:03:28.361+00:00,672.410,manual,Manual cook,temp,1400,136.9,,esp32,,0,,,,,,,,,,,,0,375.0,0.0,0.0,0,NONE
2026-09-29T18:03:29.361+00:00,673.410,manual,Manual cook,temp,1400,136.4,,esp32,,0,,,,,,,,,,,,0,375.0,0.0,0.0,0,NONE
2026-09-29T18:03:30.362+00:00,674.411,manual,Manual cook,temp,1400,136.4,,esp32,,0,,,,,,,,,,,,0,375.0,0.0,0.0,0,NONE
2026-09-29T18:03:31.361+00:00,675.410,manual,Manual cook,temp,1400,136.4,,esp32,,0,,,,,,,,,,,,0,375.0,0.0,0.0,0,NONE
2026-09-29T18:03:32.361+00:00,676.410,manual,Manual cook,temp,1400,135.5,,esp32,,0,,,,,,,,,,,,0,375.0,0.0,0.0,0,NONE
2026-09-29T18:03:33.361+00:00,677.410,manual,Manual cook,temp,1400,136.4,,esp32,,0,,,,,,,,,,,,0,375.0,0.0,0.0,0,NONE
2026-09-29T18:03:33.861+00:00,677.910,manual,Manual cook,temp,1400,135.9,,esp32,,0,,,,,,,,,,,,0,375.0,0.0,0.0,0,NONE
2026-09-29T18:03:34.361+00:00,678.410,manual,Manual cook,temp,1400,136.4,,esp32,,0,,,,,,,,,,,,0,375.0,0.0,0.0,0,NONE
2026-09-29T18:03:35.361+00:00,679.410,manual,Manual cook,temp,1400,135.9,,esp32,,0,,,,,,,,,,,,0,375.0,0.0,0.0,0,NONE
2026-09-29T18:03:35.861+00:00,679.910,manual,Manual cook,temp,1400,135.9,,esp32,,0,,,,,,,,,,,,0,375.0,0.0,0.0,0,NONE
2026-09-29T18:03:36.362+00:00,680.411,manual,Manual cook,temp,1400,135.5,,esp32,,0,,,,,,,,,,,,0,375.0,0.0,0.0,0,NONE
2026-09-29T18:03:37.361+00:00,681.410,manual,Manual cook,temp,1400,135.1,,esp32,,0,,,,,,,,,,,,0,375.0,0.0,0.0,0,NONE
2026-09-29T18:03:38.361+00:00,682.410,manual,Manual cook,temp,1400,135.1,,esp32,,0,,,,,,,,,,,,0,375.0,0.0,0.0,0,NONE
2026-09-29T18:03:39.361+00:00,683.410,manual,Manual cook,temp,1400,136.4,,esp32,,0,,,,,,,,,,,,0,375.0,0.0,0.0,0,NONE
2026-09-29T18:03:40.361+00:00,684.410,manual,Manual cook,temp,1400,136.4,,esp32,,0,,,,,,,,,,,,0,375.0,0.0,0.0,0,NONE
2026-09-29T18:03:41.361+00:00,685.410,manual,Manual cook,temp,1400,135.9,,esp32,,0,,,,,,,,,,,,0,375.0,0.0,0.0,0,NONE
2026-09-29T18:03:41.862+00:00,685.911,manual,Manual cook,temp,1400,135.1,,esp32,,0,,,,,,,,,,,,0,375.0,0.0,0.0,0,NONE
2026-09-29T18:03:42.862+00:00,686.911,manual,Manual cook,temp,1400,135.5,,esp32,,0,,,,,,,,,,,,0,375.0,0.0,0.0,0,NONE
2026-09-29T18:03:43.862+00:00,687.911,manual,Manual cook,temp,1400,134.6,,esp32,,0,,,,,,,,,,,,0,375.0,0.0,0.0,0,NONE
2026-09-29T18:03:44.861+00:00,688.910,manual,Manual cook,temp,1400,135.5,,esp32,,0,,,,,,,,,,,,0,375.0,0.0,0.0,0,NONE
2026-09-29T18:03:45.861+00:00,689.910,manual,Manual cook,temp,1400,135.5,,esp32,,0,,,,,,,,,,,,0,375.0,0.0,0.0,0,NONE
2026-09-29T18:03:46.861+00:00,690.910,manual,Manual cook,temp,1400,135.5,,esp32,,0,,,,,,,,,,,,0,375.0,0.0,0.0,0,NONE
2026-09-29T18:03:47.861+00:00,691.910,manual,Manual cook,temp,1400,135.1,,esp32,,0,,,,,,,,,,,,0,375.0,0.0,0.0,0,NONE
2026-09-29T18:03:48.861+00:00,692.910,manual,Manual cook,temp,1400,135.5,,esp32,,0,,,,,,,,,,,,0,375.0,0.0,0.0,0,NONE
2026-09-29T18:03:49.362+00:00,693.411,manual,Manual cook,temp,1400,135.1,,esp32,,0,,,,,,,,,,,,0,375.0,0.0,0.0,0,NONE
2026-09-29T18:03:50.361+00:00,694.410,manual,Manual cook,temp,1400,135.1,,esp32,,0,,,,,,,,,,,,0,375.0,0.0,0.0,0,NONE
2026-09-29T18:03:50.861+00:00,694.910,manual,Manual cook,temp,1400,134.6,,esp32,,0,,,,,,,,,,,,0,375.0,0.0,0.0,0,NONE
2026-09-29T18:03:51.361+00:00,695.410,manual,Manual cook,temp,1400,135.1,,esp32,,0,,,,,,,,,,,,0,375.0,0.0,0.0,0,NONE
2026-09-29T18:03:52.361+00:00,696.410,manual,Manual cook,temp,1400,133.7,,esp32,,0,,,,,,,,,,,,0,375.0,0.0,0.0,0,NONE
2026-09-29T18:03:53.361+00:00,697.410,manual,Manual cook,temp,1400,135.1,,esp32,,0,,,,,,,,,,,,0,375.0,0.0,0.0,0,NONE
2026-09-29T18:03:53.861+00:00,697.910,manual,Manual cook,temp,1400,135.1,,esp32,,0,,,,,,,,,,,,0,375.0,0.0,0.0,0,NONE
2026-09-29T18:03:54.861+00:00,698.910,manual,Manual cook,temp,1400,135.1,,esp32,,0,,,,,,,,,,,,0,375.0,0.0,0.0,0,NONE
2026-09-29T18:03:55.361+00:00,699.410,manual,Manual cook,temp,1400,135.1,,esp32,,0,,,,,,,,,,,,0,375.0,0.0,0.0,0,NONE
2026-09-29T18:03:55.862+00:00,699.911,manual,Manual cook,temp,1400,134.6,,esp32,,0,,,,,,,,,,,,0,375.0,0.0,0.0,0,NONE
2026-09-29T18:03:56.861+00:00,700.910,manual,Manual cook,temp,1400,134.1,,esp32,,0,,,,,,,,,,,,0,375.0,0.0,0.0,0,NONE
2026-09-29T18:03:57.861+00:00,701.910,manual,Manual cook,temp,1400,134.1,,esp32,,0,,,,,,,,,,,,0,375.0,0.0,0.0,0,NONE
2026-09-29T18:03:58.861+00:00,702.910,manual,Manual cook,temp,1400,134.6,,esp32,,0,,,,,,,,,,,,0,375.0,0.0,0.0,0,NONE
2026-09-29T18:03:59.361+00:00,703.410,manual,Manual cook,temp,1400,134.6,,esp32,,0,,,,,,,,,,,,0,375.0,0.0,0.0,0,NONE
2026-09-29T18:04:00.361+00:00,704.410,manual,Manual cook,temp,1400,133.7,,esp32,,0,,,,,,,,,,,,0,375.0,0.0,0.0,0,NONE
2026-09-29T18:04:01.361+00:00,705.410,manual,Manual cook,temp,1400,134.1,,esp32,,0,,,,,,,,,,,,0,375.0,0.0,0.0,0,NONE
2026-09-29T18:04:02.361+00:00,706.410,manual,Manual cook,temp,1400,134.1,,esp32,,0,,,,,,,,,,,,0,375.0,0.0,0.0,0,NONE
2026-09-29T18:04:03.360+00:00,707.409,manual,Manual cook,temp,1400,133.3,,esp32,,0,,,,,,,,,,,,0,375.0,0.0,0.0,0,NONE
2026-09-29T18:04:04.360+00:00,708.409,manual,Manual cook,temp,1400,133.7,,esp32,,0,,,,,,,,,,,,0,375.0,0.0,0.0,0,NONE
2026-09-29T18:04:05.360+00:00,709.409,manual,Manual cook,temp,1400,134.1,,esp32,,0,,,,,,,,,,,,0,375.0,0.0,0.0,0,NONE
2026-09-29T18:04:06.360+00:00,710.409,manual,Manual cook,temp,1400,133.7,,esp32,,0,,,,,,,,,,,,0,375.0,0.0,0.0,0,NONE
2026-09-29T18:04:06.861+00:00,710.910,manual,Manual cook,temp,1400,133.7,,esp32,,0,,,,,,,,,,,,0,375.0,0.0,0.0,0,NONE
2026-09-29T18:04:07.860+00:00,711.909,manual,Manual cook,temp,1400,133.7,,esp32,,0,,,,,,,,,,,,0,375.0,0.0,0.0,0,NONE
2026-09-29T18:04:08.361+00:00,712.410,manual,Manual cook,temp,1400,133.7,,esp32,,0,,,,,,,,,,,,0,375.0,0.0,0.0,0,NONE
2026-09-29T18:04:09.360+00:00,713.409,manual,Manual cook,temp,1400,133.7,,esp32,,0,,,,,,,,,,,,0,375.0,0.0,0.0,0,NONE
2026-09-29T18:04:10.360+00:00,714.409,manual,Manual cook,temp,1400,133.3,,esp32,,0,,,,,,,,,,,,0,375.0,0.0,0.0,0,NONE
2026-09-29T18:04:10.860+00:00,714.909,manual,Manual cook,temp,1400,133.3,,esp32,,0,,,,,,,,,,,,0,375.0,0.0,0.0,0,NONE
2026-09-29T18:04:11.860+00:00,715.909,manual,Manual cook,temp,1400,133.7,,esp32,,0,,,,,,,,,,,,0,375.0,0.0,0.0,0,NONE
2026-09-29T18:04:12.860+00:00,716.909,manual,Manual cook,temp,1400,131.9,,esp32,,0,,,,,,,,,,,,0,375.0,0.0,0.0,0,NONE
2026-09-29T18:04:13.360+00:00,717.409,manual,Manual cook,temp,1400,133.7,,esp32,,0,,,,,,,,,,,,0,375.0,0.0,0.0,0,NONE
2026-09-29T18:04:14.361+00:00,718.410,manual,Manual cook,temp,1400,133.3,,esp32,,0,,,,,,,,,,,,0,375.0,0.0,0.0,0,NONE
2026-09-29T18:04:14.861+00:00,718.910,manual,Manual cook,temp,1400,133.7,,esp32,,0,,,,,,,,,,,,0,375.0,0.0,0.0,0,NONE
2026-09-29T18:04:15.860+00:00,719.909,manual,Manual cook,temp,1400,132.8,,esp32,,0,,,,,,,,,,,,0,375.0,0.0,0.0,0,NONE
2026-09-29T18:04:16.860+00:00,720.909,manual,Manual cook,temp,1400,133.3,,esp32,,0,,,,,,,,,,,,0,375.0,0.0,0.0,0,NONE
2026-09-29T18:04:17.360+00:00,721.409,manual,Manual cook,temp,1400,133.3,,esp32,,0,,,,,,,,,,,,0,375.0,0.0,0.0,0,NONE
2026-09-29T18:04:18.360+00:00,722.409,manual,Manual cook,temp,1400,132.8,,esp32,,0,,,,,,,,,,,,0,375.0,0.0,0.0,0,NONE
2026-09-29T18:04:19.360+00:00,723.409,manual,Manual cook,temp,1400,133.3,,esp32,,0,,,,,,,,,,,,0,375.0,0.0,0.0,0,NONE
2026-09-29T18:04:19.860+00:00,723.909,manual,Manual cook,temp,1400,132.4,,esp32,,0,,,,,,,,,,,,0,375.0,0.0,0.0,0,NONE
2026-09-29T18:04:20.361+00:00,724.410,manual,Manual cook,temp,1400,132.8,,esp32,,0,,,,,,,,,,,,0,375.0,0.0,0.0,0,NONE
2026-09-29T18:04:20.861+00:00,724.910,manual,Manual cook,temp,1400,132.4,,esp32,,0,,,,,,,,,,,,0,375.0,0.0,0.0,0,NONE
2026-09-29T18:04:21.861+00:00,725.910,manual,Manual cook,temp,1400,131.4,,esp32,,0,,,,,,,,,,,,0,375.0,0.0,0.0,0,NONE
2026-09-29T18:04:22.363+00:00,726.412,manual,Manual cook,temp,1400,132.4,,esp32,,0,,,,,,,,,,,,0,375.0,0.0,0.0,0,NONE
2026-09-29T18:04:23.360+00:00,727.409,manual,Manual cook,temp,1400,132.4,,esp32,,0,,,,,,,,,,,,0,375.0,0.0,0.0,0,NONE
2026-09-29T18:04:23.860+00:00,727.909,manual,Manual cook,temp,1400,131.9,,esp32,,0,,,,,,,,,,,,0,375.0,0.0,0.0,0,NONE
2026-09-29T18:04:24.860+00:00,728.909,manual,Manual cook,temp,1400,131.4,,esp32,,0,,,,,,,,,,,,0,375.0,0.0,0.0,0,NONE
2026-09-29T18:04:25.860+00:00,729.909,manual,Manual cook,temp,1400,132.4,,esp32,,0,,,,,,,,,,,,0,375.0,0.0,0.0,0,NONE
2026-09-29T18:04:26.860+00:00,730.909,manual,Manual cook,temp,1400,132.8,,esp32,,0,,,,,,,,,,,,0,375.0,0.0,0.0,0,NONE
2026-09-29T18:04:27.360+00:00,731.409,manual,Manual cook,temp,1400,132.8,,esp32,,0,,,,,,,,,,,,0,375.0,0.0,0.0,0,NONE
2026-09-29T18:04:28.360+00:00,732.409,manual,Manual cook,temp,1400,131.9,,esp32,,0,,,,,,,,,,,,0,375.0,0.0,0.0,0,NONE
2026-09-29T18:04:29.360+00:00,733.409,manual,Manual cook,temp,1400,132.8,,esp32,,0,,,,,,,,,,,,0,375.0,0.0,0.0,0,NONE
2026-09-29T18:04:30.360+00:00,734.409,manual,Manual cook,temp,1400,132.4,,esp32,,0,,,,,,,,,,,,0,375.0,0.0,0.0,0,NONE
2026-09-29T18:04:31.360+00:00,735.409,manual,Manual cook,temp,1400,131.4,,esp32,,0,,,,,,,,,,,,0,375.0,0.0,0.0,0,NONE
2026-09-29T18:04:32.361+00:00,736.410,manual,Manual cook,temp,1400,132.4,,esp32,,0,,,,,,,,,,,,0,375.0,0.0,0.0,0,NONE
2026-09-29T18:04:33.360+00:00,737.409,manual,Manual cook,temp,1400,131.9,,esp32,,0,,,,,,,,,,,,0,375.0,0.0,0.0,0,NONE
2026-09-29T18:04:33.861+00:00,737.910,manual,Manual cook,temp,1400,131.9,,esp32,,0,,,,,,,,,,,,0,375.0,0.0,0.0,0,NONE
2026-09-29T18:04:34.860+00:00,738.909,manual,Manual cook,temp,1400,132.4,,esp32,,0,,,,,,,,,,,,0,375.0,0.0,0.0,0,NONE
2026-09-29T18:04:35.360+00:00,739.409,manual,Manual cook,temp,1400,131.4,,esp32,,0,,,,,,,,,,,,0,375.0,0.0,0.0,0,NONE
2026-09-29T18:04:36.360+00:00,740.409,manual,Manual cook,temp,1400,131.4,,esp32,,0,,,,,,,,,,,,0,375.0,0.0,0.0,0,NONE
2026-09-29T18:04:37.360+00:00,741.409,manual,Manual cook,temp,1400,131.4,,esp32,,0,,,,,,,,,,,,0,375.0,0.0,0.0,0,NONE
2026-09-29T18:04:37.860+00:00,741.909,manual,Manual cook,temp,1400,131.4,,esp32,,0,,,,,,,,,,,,0,375.0,0.0,0.0,0,NONE
2026-09-29T18:04:38.360+00:00,742.409,manual,Manual cook,temp,1400,131.4,,esp32,,0,,,,,,,,,,,,0,375.0,0.0,0.0,0,NONE
2026-09-29T18:04:39.360+00:00,743.409,manual,Manual cook,temp,1400,131.4,,esp32,,0,,,,,,,,,,,,0,375.0,0.0,0.0,0,NONE
2026-09-29T18:04:40.360+00:00,744.409,manual,Manual cook,temp,1400,131.4,,esp32,,0,,,,,,,,,,,,0,375.0,0.0,0.0,0,NONE
2026-09-29T18:04:41.360+00:00,745.409,manual,Manual cook,temp,1400,131.0,,esp32,,0,,,,,,,,,,,,0,375.0,0.0,0.0,0,NONE
2026-09-29T18:04:42.360+00:00,746.409,manual,Manual cook,temp,1400,130.6,,esp32,,0,,,,,,,,,,,,0,375.0,0.0,0.0,0,NONE
2026-09-29T18:04:43.360+00:00,747.409,manual,Manual cook,temp,1400,131.4,,esp32,,0,,,,,,,,,,,,0,375.0,0.0,0.0,0,NONE
2026-09-29T18:04:44.360+00:00,748.409,manual,Manual cook,temp,1400,130.6,,esp32,,0,,,,,,,,,,,,0,375.0,0.0,0.0,0,NONE
2026-09-29T18:04:45.360+00:00,749.409,manual,Manual cook,temp,1400,130.6,,esp32,,0,,,,,,,,,,,,0,375.0,0.0,0.0,0,NONE
2026-09-29T18:04:46.361+00:00,750.410,manual,Manual cook,temp,1400,130.1,,esp32,,0,,,,,,,,,,,,0,375.0,0.0,0.0,0,NONE
2026-09-29T18:04:47.360+00:00,751.409,manual,Manual cook,temp,1400,131.0,,esp32,,0,,,,,,,,,,,,0,375.0,0.0,0.0,0,NONE
2026-09-29T18:04:48.360+00:00,752.409,manual,Manual cook,temp,1400,130.6,,esp32,,0,,,,,,,,,,,,0,375.0,0.0,0.0,0,NONE
2026-09-29T18:04:49.360+00:00,753.409,manual,Manual cook,temp,1400,130.6,,esp32,,0,,,,,,,,,,,,0,375.0,0.0,0.0,0,NONE
2026-09-29T18:04:50.360+00:00,754.409,manual,Manual cook,temp,1400,130.1,,esp32,,0,,,,,,,,,,,,0,375.0,0.0,0.0,0,NONE
2026-09-29T18:04:51.360+00:00,755.409,manual,Manual cook,temp,1400,130.1,,esp32,,0,,,,,,,,,,,,0,375.0,0.0,0.0,0,NONE
2026-09-29T18:04:51.860+00:00,755.909,manual,Manual cook,temp,1400,130.1,,esp32,,0,,,,,,,,,,,,0,375.0,0.0,0.0,0,NONE
2026-09-29T18:04:52.860+00:00,756.909,manual,Manual cook,temp,1400,130.1,,esp32,,0,,,,,,,,,,,,0,375.0,0.0,0.0,0,NONE
2026-09-29T18:04:53.860+00:00,757.909,manual,Manual cook,temp,1400,129.6,,esp32,,0,,,,,,,,,,,,0,375.0,0.0,0.0,0,NONE
2026-09-29T18:04:54.360+00:00,758.409,manual,Manual cook,temp,1400,130.1,,esp32,,0,,,,,,,,,,,,0,375.0,0.0,0.0,0,NONE
2026-09-29T18:04:55.360+00:00,759.409,manual,Manual cook,temp,1400,130.1,,esp32,,0,,,,,,,,,,,,0,375.0,0.0,0.0,0,NONE
2026-09-29T18:04:56.359+00:00,760.408,manual,Manual cook,temp,1400,129.6,,esp32,,0,,,,,,,,,,,,0,375.0,0.0,0.0,0,NONE
2026-09-29T18:04:56.860+00:00,760.909,manual,Manual cook,temp,1400,130.1,,esp32,,0,,,,,,,,,,,,0,375.0,0.0,0.0,0,NONE
2026-09-29T18:04:57.360+00:00,761.409,manual,Manual cook,temp,1400,130.1,,esp32,,0,,,,,,,,,,,,0,375.0,0.0,0.0,0,NONE
2026-09-29T18:04:58.359+00:00,762.408,manual,Manual cook,temp,1400,130.1,,esp32,,0,,,,,,,,,,,,0,375.0,0.0,0.0,0,NONE
2026-09-29T18:04:59.359+00:00,763.408,manual,Manual cook,temp,1400,129.6,,esp32,,0,,,,,,,,,,,,0,375.0,0.0,0.0,0,NONE
2026-09-29T18:05:00.359+00:00,764.408,manual,Manual cook,temp,1400,129.6,,esp32,,0,,,,,,,,,,,,0,375.0,0.0,0.0,0,NONE
2026-09-29T18:05:01.359+00:00,765.408,manual,Manual cook,temp,1400,129.6,,esp32,,0,,,,,,,,,,,,0,375.0,0.0,0.0,0,NONE
2026-09-29T18:05:01.859+00:00,765.908,manual,Manual cook,temp,1400,130.1,,esp32,,0,,,,,,,,,,,,0,375.0,0.0,0.0,0,NONE
2026-09-29T18:05:02.860+00:00,766.909,manual,Manual cook,temp,1400,129.6,,esp32,,0,,,,,,,,,,,,0,375.0,0.0,0.0,0,NONE
2026-09-29T18:05:03.859+00:00,767.908,manual,Manual cook,temp,1400,129.2,,esp32,,0,,,,,,,,,,,,0,375.0,0.0,0.0,0,NONE
2026-09-29T18:05:04.359+00:00,768.408,manual,Manual cook,temp,1400,129.2,,esp32,,0,,,,,,,,,,,,0,375.0,0.0,0.0,0,NONE
2026-09-29T18:05:05.359+00:00,769.408,manual,Manual cook,temp,1400,129.6,,esp32,,0,,,,,,,,,,,,0,375.0,0.0,0.0,0,NONE
2026-09-29T18:05:06.359+00:00,770.408,manual,Manual cook,temp,1400,129.2,,esp32,,0,,,,,,,,,,,,0,375.0,0.0,0.0,0,NONE
2026-09-29T18:05:07.359+00:00,771.408,manual,Manual cook,temp,1400,129.6,,esp32,,0,,,,,,,,,,,,0,375.0,0.0,0.0,0,NONE
2026-09-29T18:05:07.859+00:00,771.908,manual,Manual cook,temp,1400,129.2,,esp32,,0,,,,,,,,,,,,0,375.0,0.0,0.0,0,NONE
2026-09-29T18:05:08.359+00:00,772.408,manual,Manual cook,temp,1400,129.2,,esp32,,0,,,,,,,,,,,,0,375.0,0.0,0.0,0,NONE
2026-09-29T18:05:09.359+00:00,773.408,manual,Manual cook,temp,1400,129.6,,esp32,,0,,,,,,,,,,,,0,375.0,0.0,0.0,0,NONE
2026-09-29T18:05:09.859+00:00,773.908,manual,Manual cook,temp,1400,129.6,,esp32,,0,,,,,,,,,,,,0,375.0,0.0,0.0,0,NONE
2026-09-29T18:05:10.359+00:00,774.408,manual,Manual cook,temp,1400,128.8,,esp32,,0,,,,,,,,,,,,0,375.0,0.0,0.0,0,NONE
2026-09-29T18:05:11.359+00:00,775.408,manual,Manual cook,temp,1400,128.3,,esp32,,0,,,,,,,,,,,,0,375.0,0.0,0.0,0,NONE
2026-09-29T18:05:12.359+00:00,776.408,manual,Manual cook,temp,1400,128.3,,esp32,,0,,,,,,,,,,,,0,375.0,0.0,0.0,0,NONE
2026-09-29T18:05:13.360+00:00,777.409,manual,Manual cook,temp,1400,129.2,,esp32,,0,,,,,,,,,,,,0,375.0,0.0,0.0,0,NONE
2026-09-29T18:05:14.359+00:00,778.408,manual,Manual cook,temp,1400,128.3,,esp32,,0,,,,,,,,,,,,0,375.0,0.0,0.0,0,NONE
2026-09-29T18:05:15.359+00:00,779.408,manual,Manual cook,temp,1400,128.8,,esp32,,0,,,,,,,,,,,,0,375.0,0.0,0.0,0,NONE
2026-09-29T18:05:15.859+00:00,779.908,manual,Manual cook,temp,1400,127.8,,esp32,,0,,,,,,,,,,,,0,375.0,0.0,0.0,0,NONE
2026-09-29T18:05:16.359+00:00,780.408,manual,Manual cook,temp,1400,128.3,,esp32,,0,,,,,,,,,,,,0,375.0,0.0,0.0,0,NONE
2026-09-29T18:05:17.359+00:00,781.408,manual,Manual cook,temp,1400,128.8,,esp32,,0,,,,,,,,,,,,0,375.0,0.0,0.0,0,NONE
2026-09-29T18:05:18.359+00:00,782.408,manual,Manual cook,temp,1400,127.4,,esp32,,0,,,,,,,,,,,,0,375.0,0.0,0.0,0,NONE
2026-09-29T18:05:18.860+00:00,782.909,manual,Manual cook,temp,1400,128.8,,esp32,,0,,,,,,,,,,,,0,375.0,0.0,0.0,0,NONE
2026-09-29T18:05:19.859+00:00,783.908,manual,Manual cook,temp,1400,128.3,,esp32,,0,,,,,,,,,,,,0,375.0,0.0,0.0,0,NONE
2026-09-29T18:05:20.859+00:00,784.908,manual,Manual cook,temp,1400,128.8,,esp32,,0,,,,,,,,,,,,0,375.0,0.0,0.0,0,NONE
2026-09-29T18:05:21.859+00:00,785.908,manual,Manual cook,temp,1400,128.3,,esp32,,0,,,,,,,,,,,,0,375.0,0.0,0.0,0,NONE
2026-09-29T18:05:22.859+00:00,786.908,manual,Manual cook,temp,1400,127.4,,esp32,,0,,,,,,,,,,,,0,375.0,0.0,0.0,0,NONE
2026-09-29T18:05:23.859+00:00,787.908,manual,Manual cook,temp,1400,127.4,,esp32,,0,,,,,,,,,,,,0,375.0,0.0,0.0,0,NONE
2026-09-29T18:05:24.859+00:00,788.908,manual,Manual cook,temp,1400,128.3,,esp32,,0,,,,,,,,,,,,0,375.0,0.0,0.0,0,NONE
2026-09-29T18:05:25.360+00:00,789.409,manual,Manual cook,temp,1400,127.8,,esp32,,0,,,,,,,,,,,,0,375.0,0.0,0.0,0,NONE
2026-09-29T18:05:26.359+00:00,790.408,manual,Manual cook,temp,1400,127.8,,esp32,,0,,,,,,,,,,,,0,375.0,0.0,0.0,0,NONE
2026-09-29T18:05:27.359+00:00,791.408,manual,Manual cook,temp,1400,127.8,,esp32,,0,,,,,,,,,,,,0,375.0,0.0,0.0,0,NONE
2026-09-29T18:05:28.359+00:00,792.408,manual,Manual cook,temp,1400,128.3,,esp32,,0,,,,,,,,,,,,0,375.0,0.0,0.0,0,NONE
2026-09-29T18:05:29.859+00:00,793.908,manual,Manual cook,temp,1400,127.4,,esp32,,0,,,,,,,,,,,,0,375.0,0.0,0.0,0,NONE
2026-09-29T18:05:30.359+00:00,794.408,manual,Manual cook,temp,1400,127.4,,esp32,,0,,,,,,,,,,,,0,375.0,0.0,0.0,0,NONE
2026-09-29T18:05:30.859+00:00,794.908,manual,Manual cook,temp,1400,127.4,,esp32,,0,,,,,,,,,,,,0,375.0,0.0,0.0,0,NONE
2026-09-29T18:05:31.360+00:00,795.409,manual,Manual cook,temp,1400,127.4,,esp32,,0,,,,,,,,,,,,0,375.0,0.0,0.0,0,NONE
2026-09-29T18:05:32.359+00:00,796.408,manual,Manual cook,temp,1400,126.9,,esp32,,0,,,,,,,,,,,,0,375.0,0.0,0.0,0,NONE
2026-09-29T18:05:33.359+00:00,797.408,manual,Manual cook,temp,1400,127.4,,esp32,,0,,,,,,,,,,,,0,375.0,0.0,0.0,0,NONE
2026-09-29T18:05:34.359+00:00,798.408,manual,Manual cook,temp,1400,127.4,,esp32,,0,,,,,,,,,,,,0,375.0,0.0,0.0,0,NONE
2026-09-29T18:05:35.359+00:00,799.408,manual,Manual cook,temp,1400,127.4,,esp32,,0,,,,,,,,,,,,0,375.0,0.0,0.0,0,NONE
2026-09-29T18:05:35.859+00:00,799.908,manual,Manual cook,temp,1400,127.4,,esp32,,0,,,,,,,,,,,,0,375.0,0.0,0.0,0,NONE
2026-09-29T18:05:36.859+00:00,800.908,manual,Manual cook,temp,1400,127.4,,esp32,,0,,,,,,,,,,,,0,375.0,0.0,0.0,0,NONE
2026-09-29T18:05:37.859+00:00,801.908,manual,Manual cook,temp,1400,127.4,,esp32,,0,,,,,,,,,,,,0,375.0,0.0,0.0,0,NONE
2026-09-29T18:05:38.360+00:00,802.409,manual,Manual cook,temp,1400,127.4,,esp32,,0,,,,,,,,,,,,0,375.0,0.0,0.0,0,NONE
2026-09-29T18:05:39.359+00:00,803.408,manual,Manual cook,temp,1400,127.4,,esp32,,0,,,,,,,,,,,,0,375.0,0.0,0.0,0,NONE
2026-09-29T18:05:40.359+00:00,804.408,manual,Manual cook,temp,1400,127.4,,esp32,,0,,,,,,,,,,,,0,375.0,0.0,0.0,0,NONE
2026-09-29T18:05:41.359+00:00,805.408,manual,Manual cook,temp,1400,126.9,,esp32,,0,,,,,,,,,,,,0,375.0,0.0,0.0,0,NONE
2026-09-29T18:05:42.359+00:00,806.408,manual,Manual cook,temp,1400,127.4,,esp32,,0,,,,,,,,,,,,0,375.0,0.0,0.0,0,NONE
2026-09-29T18:05:43.359+00:00,807.408,manual,Manual cook,temp,1400,126.9,,esp32,,0,,,,,,,,,,,,0,375.0,0.0,0.0,0,NONE
2026-09-29T18:05:44.359+00:00,808.408,manual,Manual cook,temp,1400,126.5,,esp32,,0,,,,,,,,,,,,0,375.0,0.0,0.0,0,NONE
2026-09-29T18:05:44.859+00:00,808.908,manual,Manual cook,temp,1400,126.5,,esp32,,0,,,,,,,,,,,,0,375.0,0.0,0.0,0,NONE
2026-09-29T18:05:45.859+00:00,809.908,manual,Manual cook,temp,1400,126.9,,esp32,,0,,,,,,,,,,,,0,375.0,0.0,0.0,0,NONE
2026-09-29T18:05:46.359+00:00,810.408,manual,Manual cook,temp,1400,126.9,,esp32,,0,,,,,,,,,,,,0,375.0,0.0,0.0,0,NONE
2026-09-29T18:05:47.359+00:00,811.408,manual,Manual cook,temp,1400,126.5,,esp32,,0,,,,,,,,,,,,0,375.0,0.0,0.0,0,NONE
2026-09-29T18:05:47.859+00:00,811.908,manual,Manual cook,temp,1400,125.6,,esp32,,0,,,,,,,,,,,,0,375.0,0.0,0.0,0,NONE
2026-09-29T18:05:48.859+00:00,812.908,manual,Manual cook,temp,1400,126.5,,esp32,,0,,,,,,,,,,,,0,375.0,0.0,0.0,0,NONE
2026-09-29T18:05:49.859+00:00,813.908,manual,Manual cook,temp,1400,125.6,,esp32,,0,,,,,,,,,,,,0,375.0,0.0,0.0,0,NONE
2026-09-29T18:05:50.858+00:00,814.907,manual,Manual cook,temp,1400,126.5,,esp32,,0,,,,,,,,,,,,0,375.0,0.0,0.0,0,NONE
2026-09-29T18:05:51.359+00:00,815.408,manual,Manual cook,temp,1400,126.1,,esp32,,0,,,,,,,,,,,,0,375.0,0.0,0.0,0,NONE
2026-09-29T18:05:52.359+00:00,816.408,manual,Manual cook,temp,1400,125.6,,esp32,,0,,,,,,,,,,,,0,375.0,0.0,0.0,0,NONE
2026-09-29T18:05:53.359+00:00,817.408,manual,Manual cook,temp,1400,125.6,,esp32,,0,,,,,,,,,,,,0,375.0,0.0,0.0,0,NONE
2026-09-29T18:05:54.359+00:00,818.408,manual,Manual cook,temp,1400,126.1,,esp32,,0,,,,,,,,,,,,0,375.0,0.0,0.0,0,NONE
2026-09-29T18:05:54.859+00:00,818.908,manual,Manual cook,temp,1400,126.1,,esp32,,0,,,,,,,,,,,,0,375.0,0.0,0.0,0,NONE
2026-09-29T18:05:55.359+00:00,819.408,manual,Manual cook,temp,1400,126.5,,esp32,,0,,,,,,,,,,,,0,375.0,0.0,0.0,0,NONE
2026-09-29T18:05:56.359+00:00,820.408,manual,Manual cook,temp,1400,126.5,,esp32,,0,,,,,,,,,,,,0,375.0,0.0,0.0,0,NONE
2026-09-29T18:05:57.359+00:00,821.408,manual,Manual cook,temp,1400,125.6,,esp32,,0,,,,,,,,,,,,0,375.0,0.0,0.0,0,NONE
2026-09-29T18:05:57.860+00:00,821.909,manual,Manual cook,temp,1400,125.6,,esp32,,0,,,,,,,,,,,,0,375.0,0.0,0.0,0,NONE
2026-09-29T18:05:58.859+00:00,822.908,manual,Manual cook,temp,1400,125.6,,esp32,,0,,,,,,,,,,,,0,375.0,0.0,0.0,0,NONE
2026-09-29T18:05:59.859+00:00,823.908,manual,Manual cook,temp,1400,125.6,,esp32,,0,,,,,,,,,,,,0,375.0,0.0,0.0,0,NONE
2026-09-29T18:06:00.858+00:00,824.907,manual,Manual cook,temp,1400,125.6,,esp32,,0,,,,,,,,,,,,0,375.0,0.0,0.0,0,NONE
2026-09-29T18:06:01.859+00:00,825.908,manual,Manual cook,temp,1400,126.1,,esp32,,0,,,,,,,,,,,,0,375.0,0.0,0.0,0,NONE
2026-09-29T18:06:02.858+00:00,826.907,manual,Manual cook,temp,1400,125.6,,esp32,,0,,,,,,,,,,,,0,375.0,0.0,0.0,0,NONE
2026-09-29T18:06:03.858+00:00,827.907,manual,Manual cook,temp,1400,125.6,,esp32,,0,,,,,,,,,,,,0,375.0,0.0,0.0,0,NONE
2026-09-29T18:06:04.859+00:00,828.908,manual,Manual cook,temp,1400,126.1,,esp32,,0,,,,,,,,,,,,0,375.0,0.0,0.0,0,NONE
2026-09-29T18:06:05.858+00:00,829.907,manual,Manual cook,temp,1400,125.6,,esp32,,0,,,,,,,,,,,,0,375.0,0.0,0.0,0,NONE
2026-09-29T18:06:06.858+00:00,830.907,manual,Manual cook,temp,1400,124.7,,esp32,,0,,,,,,,,,,,,0,375.0,0.0,0.0,0,NONE
2026-09-29T18:06:07.858+00:00,831.907,manual,Manual cook,temp,1400,125.6,,esp32,,0,,,,,,,,,,,,0,375.0,0.0,0.0,0,NONE
2026-09-29T18:06:08.359+00:00,832.408,manual,Manual cook,temp,1400,125.6,,esp32,,0,,,,,,,,,,,,0,375.0,0.0,0.0,0,NONE
2026-09-29T18:06:08.859+00:00,832.908,manual,Manual cook,temp,1400,125.2,,esp32,,0,,,,,,,,,,,,0,375.0,0.0,0.0,0,NONE
2026-09-29T18:06:09.858+00:00,833.907,manual,Manual cook,temp,1400,125.2,,esp32,,0,,,,,,,,,,,,0,375.0,0.0,0.0,0,NONE
2026-09-29T18:06:10.358+00:00,834.407,manual,Manual cook,temp,1400,124.7,,esp32,,0,,,,,,,,,,,,0,375.0,0.0,0.0,0,NONE
2026-09-29T18:06:10.858+00:00,834.907,manual,Manual cook,temp,1400,125.2,,esp32,,0,,,,,,,,,,,,0,375.0,0.0,0.0,0,NONE
2026-09-29T18:06:11.858+00:00,835.907,manual,Manual cook,temp,1400,124.2,,esp32,,0,,,,,,,,,,,,0,375.0,0.0,0.0,0,NONE
2026-09-29T18:06:12.858+00:00,836.907,manual,Manual cook,temp,1400,124.2,,esp32,,0,,,,,,,,,,,,0,375.0,0.0,0.0,0,NONE
2026-09-29T18:06:13.358+00:00,837.407,manual,Manual cook,temp,1400,125.2,,esp32,,0,,,,,,,,,,,,0,375.0,0.0,0.0,0,NONE
2026-09-29T18:06:14.359+00:00,838.408,manual,Manual cook,temp,1400,125.6,,esp32,,0,,,,,,,,,,,,0,375.0,0.0,0.0,0,NONE
2026-09-29T18:06:14.859+00:00,838.908,manual,Manual cook,temp,1400,124.2,,esp32,,0,,,,,,,,,,,,0,375.0,0.0,0.0,0,NONE
2026-09-29T18:06:15.858+00:00,839.907,manual,Manual cook,temp,1400,124.7,,esp32,,0,,,,,,,,,,,,0,375.0,0.0,0.0,0,NONE
2026-09-29T18:06:16.358+00:00,840.407,manual,Manual cook,temp,1400,124.7,,esp32,,0,,,,,,,,,,,,0,375.0,0.0,0.0,0,NONE
2026-09-29T18:06:16.858+00:00,840.907,manual,Manual cook,temp,1400,124.7,,esp32,,0,,,,,,,,,,,,0,375.0,0.0,0.0,0,NONE
2026-09-29T18:06:17.358+00:00,841.407,manual,Manual cook,temp,1400,124.7,,esp32,,0,,,,,,,,,,,,0,375.0,0.0,0.0,0,NONE
2026-09-29T18:06:18.358+00:00,842.407,manual,Manual cook,temp,1400,124.7,,esp32,,0,,,,,,,,,,,,0,375.0,0.0,0.0,0,NONE
2026-09-29T18:06:18.858+00:00,842.907,manual,Manual cook,temp,1400,124.2,,esp32,,0,,,,,,,,,,,,0,375.0,0.0,0.0,0,NONE
2026-09-29T18:06:19.858+00:00,843.907,manual,Manual cook,temp,1400,125.2,,esp32,,0,,,,,,,,,,,,0,375.0,0.0,0.0,0,NONE
2026-09-29T18:06:20.359+00:00,844.408,manual,Manual cook,temp,1400,123.8,,esp32,,0,,,,,,,,,,,,0,375.0,0.0,0.0,0,NONE
2026-09-29T18:06:21.358+00:00,845.407,manual,Manual cook,temp,1400,125.2,,esp32,,0,,,,,,,,,,,,0,375.0,0.0,0.0,0,NONE
2026-09-29T18:06:21.858+00:00,845.907,manual,Manual cook,temp,1400,124.7,,esp32,,0,,,,,,,,,,,,0,375.0,0.0,0.0,0,NONE
2026-09-29T18:06:22.858+00:00,846.907,manual,Manual cook,temp,1400,124.7,,esp32,,0,,,,,,,,,,,,0,375.0,0.0,0.0,0,NONE
2026-09-29T18:06:23.858+00:00,847.907,manual,Manual cook,temp,1400,123.8,,esp32,,0,,,,,,,,,,,,0,375.0,0.0,0.0,0,NONE
2026-09-29T18:06:24.858+00:00,848.907,manual,Manual cook,temp,1400,124.7,,esp32,,0,,,,,,,,,,,,0,375.0,0.0,0.0,0,NONE
2026-09-29T18:06:25.358+00:00,849.407,manual,Manual cook,temp,1400,123.8,,esp32,,0,,,,,,,,,,,,0,375.0,0.0,0.0,0,NONE
2026-09-29T18:06:26.359+00:00,850.408,manual,Manual cook,temp,1400,124.7,,esp32,,0,,,,,,,,,,,,0,375.0,0.0,0.0,0,NONE
2026-09-29T18:06:27.359+00:00,851.408,manual,Manual cook,temp,1400,124.2,,esp32,,0,,,,,,,,,,,,0,375.0,0.0,0.0,0,NONE
2026-09-29T18:06:28.359+00:00,852.408,manual,Manual cook,temp,1400,124.2,,esp32,,0,,,,,,,,,,,,0,375.0,0.0,0.0,0,NONE
2026-09-29T18:06:28.859+00:00,852.908,manual,Manual cook,temp,1400,124.2,,esp32,,0,,,,,,,,,,,,0,375.0,0.0,0.0,0,NONE
2026-09-29T18:06:29.858+00:00,853.907,manual,Manual cook,temp,1400,123.3,,esp32,,0,,,,,,,,,,,,0,375.0,0.0,0.0,0,NONE
2026-09-29T18:06:30.358+00:00,854.407,manual,Manual cook,temp,1400,123.3,,esp32,,0,,,,,,,,,,,,0,375.0,0.0,0.0,0,NONE
2026-09-29T18:06:31.358+00:00,855.407,manual,Manual cook,temp,1400,124.2,,esp32,,0,,,,,,,,,,,,0,375.0,0.0,0.0,0,NONE
2026-09-29T18:06:32.358+00:00,856.407,manual,Manual cook,temp,1400,124.2,,esp32,,0,,,,,,,,,,,,0,375.0,0.0,0.0,0,NONE
2026-09-29T18:06:33.358+00:00,857.407,manual,Manual cook,temp,1400,123.8,,esp32,,0,,,,,,,,,,,,0,375.0,0.0,0.0,0,NONE
2026-09-29T18:06:34.359+00:00,858.408,manual,Manual cook,temp,1400,124.2,,esp32,,0,,,,,,,,,,,,0,375.0,0.0,0.0,0,NONE
2026-09-29T18:06:34.859+00:00,858.908,manual,Manual cook,temp,1400,123.3,,esp32,,0,,,,,,,,,,,,0,375.0,0.0,0.0,0,NONE
2026-09-29T18:06:35.859+00:00,859.908,manual,Manual cook,temp,1400,123.8,,esp32,,0,,,,,,,,,,,,0,375.0,0.0,0.0,0,NONE
2026-09-29T18:06:36.359+00:00,860.408,manual,Manual cook,temp,1400,124.2,,esp32,,0,,,,,,,,,,,,0,375.0,0.0,0.0,0,NONE
2026-09-29T18:06:36.859+00:00,860.908,manual,Manual cook,temp,1400,123.3,,esp32,,0,,,,,,,,,,,,0,375.0,0.0,0.0,0,NONE
2026-09-29T18:06:37.858+00:00,861.907,manual,Manual cook,temp,1400,123.8,,esp32,,0,,,,,,,,,,,,0,375.0,0.0,0.0,0,NONE
2026-09-29T18:06:38.858+00:00,862.907,manual,Manual cook,temp,1400,123.3,,esp32,,0,,,,,,,,,,,,0,375.0,0.0,0.0,0,NONE
2026-09-29T18:06:39.358+00:00,863.407,manual,Manual cook,temp,1400,123.8,,esp32,,0,,,,,,,,,,,,0,375.0,0.0,0.0,0,NONE
2026-09-29T18:06:39.858+00:00,863.907,manual,Manual cook,temp,1400,123.8,,esp32,,0,,,,,,,,,,,,0,375.0,0.0,0.0,0,NONE
2026-09-29T18:06:40.858+00:00,864.907,manual,Manual cook,temp,1400,123.3,,esp32,,0,,,,,,,,,,,,0,375.0,0.0,0.0,0,NONE
2026-09-29T18:06:41.858+00:00,865.907,manual,Manual cook,temp,1400,123.3,,esp32,,0,,,,,,,,,,,,0,375.0,0.0,0.0,0,NONE
2026-09-29T18:06:42.359+00:00,866.408,manual,Manual cook,temp,1400,122.9,,esp32,,0,,,,,,,,,,,,0,375.0,0.0,0.0,0,NONE
2026-09-29T18:06:42.859+00:00,866.908,manual,Manual cook,temp,1400,122.9,,esp32,,0,,,,,,,,,,,,0,375.0,0.0,0.0,0,NONE
2026-09-29T18:06:43.858+00:00,867.907,manual,Manual cook,temp,1400,122.9,,esp32,,0,,,,,,,,,,,,0,375.0,0.0,0.0,0,NONE
2026-09-29T18:06:44.358+00:00,868.407,manual,Manual cook,temp,1400,123.3,,esp32,,0,,,,,,,,,,,,0,375.0,0.0,0.0,0,NONE
2026-09-29T18:06:45.358+00:00,869.407,manual,Manual cook,temp,1400,123.8,,esp32,,0,,,,,,,,,,,,0,375.0,0.0,0.0,0,NONE
2026-09-29T18:06:45.858+00:00,869.907,manual,Manual cook,temp,1400,122.4,,esp32,,0,,,,,,,,,,,,0,375.0,0.0,0.0,0,NONE
2026-09-29T18:06:46.858+00:00,870.907,manual,Manual cook,temp,1400,123.3,,esp32,,0,,,,,,,,,,,,0,375.0,0.0,0.0,0,NONE
2026-09-29T18:06:47.858+00:00,871.907,manual,Manual cook,temp,1400,123.8,,esp32,,0,,,,,,,,,,,,0,375.0,0.0,0.0,0,NONE
2026-09-29T18:06:48.858+00:00,872.907,manual,Manual cook,temp,1400,123.3,,esp32,,0,,,,,,,,,,,,0,375.0,0.0,0.0,0,NONE
2026-09-29T18:06:49.859+00:00,873.908,manual,Manual cook,temp,1400,122.4,,esp32,,0,,,,,,,,,,,,0,375.0,0.0,0.0,0,NONE
2026-09-29T18:06:50.859+00:00,874.908,manual,Manual cook,temp,1400,122.9,,esp32,,0,,,,,,,,,,,,0,375.0,0.0,0.0,0,NONE
2026-09-29T18:06:51.858+00:00,875.907,manual,Manual cook,temp,1400,123.3,,esp32,,0,,,,,,,,,,,,0,375.0,0.0,0.0,0,NONE
2026-09-29T18:06:52.359+00:00,876.408,manual,Manual cook,temp,1400,122.4,,esp32,,0,,,,,,,,,,,,0,375.0,0.0,0.0,0,NONE
2026-09-29T18:06:53.358+00:00,877.407,manual,Manual cook,temp,1400,122.4,,esp32,,0,,,,,,,,,,,,0,375.0,0.0,0.0,0,NONE
2026-09-29T18:06:53.858+00:00,877.907,manual,Manual cook,temp,1400,122.4,,esp32,,0,,,,,,,,,,,,0,375.0,0.0,0.0,0,NONE
2026-09-29T18:06:54.359+00:00,878.408,manual,Manual cook,temp,1400,122.4,,esp32,,0,,,,,,,,,,,,0,375.0,0.0,0.0,0,NONE
2026-09-29T18:06:55.358+00:00,879.407,manual,Manual cook,temp,1400,122.0,,esp32,,0,,,,,,,,,,,,0,375.0,0.0,0.0,0,NONE
2026-09-29T18:06:55.858+00:00,879.907,manual,Manual cook,temp,1400,122.4,,esp32,,0,,,,,,,,,,,,0,375.0,0.0,0.0,0,NONE
2026-09-29T18:06:56.857+00:00,880.906,manual,Manual cook,temp,1400,121.6,,esp32,,0,,,,,,,,,,,,0,375.0,0.0,0.0,0,NONE
2026-09-29T18:06:57.358+00:00,881.407,manual,Manual cook,temp,1400,122.0,,esp32,,0,,,,,,,,,,,,0,375.0,0.0,0.0,0,NONE
2026-09-29T18:06:58.358+00:00,882.407,manual,Manual cook,temp,1400,122.9,,esp32,,0,,,,,,,,,,,,0,375.0,0.0,0.0,0,NONE
2026-09-29T18:06:59.357+00:00,883.406,manual,Manual cook,temp,1400,122.4,,esp32,,0,,,,,,,,,,,,0,375.0,0.0,0.0,0,NONE
2026-09-29T18:06:59.858+00:00,883.907,manual,Manual cook,temp,1400,122.9,,esp32,,0,,,,,,,,,,,,0,375.0,0.0,0.0,0,NONE
2026-09-29T18:07:00.857+00:00,884.906,manual,Manual cook,temp,1400,122.4,,esp32,,0,,,,,,,,,,,,0,375.0,0.0,0.0,0,NONE
2026-09-29T18:07:01.358+00:00,885.407,manual,Manual cook,temp,1400,122.4,,esp32,,0,,,,,,,,,,,,0,375.0,0.0,0.0,0,NONE
2026-09-29T18:07:01.858+00:00,885.907,manual,Manual cook,temp,1400,122.4,,esp32,,0,,,,,,,,,,,,0,375.0,0.0,0.0,0,NONE
2026-09-29T18:07:02.858+00:00,886.907,manual,Manual cook,temp,1400,121.6,,esp32,,0,,,,,,,,,,,,0,375.0,0.0,0.0,0,NONE
2026-09-29T18:07:03.858+00:00,887.907,manual,Manual cook,temp,1400,122.0,,esp32,,0,,,,,,,,,,,,0,375.0,0.0,0.0,0,NONE
2026-09-29T18:07:04.858+00:00,888.907,manual,Manual cook,temp,1400,122.4,,esp32,,0,,,,,,,,,,,,0,375.0,0.0,0.0,0,NONE
2026-09-29T18:07:05.858+00:00,889.907,manual,Manual cook,temp,1400,121.6,,esp32,,0,,,,,,,,,,,,0,375.0,0.0,0.0,0,NONE
2026-09-29T18:07:06.857+00:00,890.906,manual,Manual cook,temp,1400,121.6,,esp32,,0,,,,,,,,,,,,0,375.0,0.0,0.0,0,NONE
2026-09-29T18:07:07.857+00:00,891.906,manual,Manual cook,temp,1400,121.6,,esp32,,0,,,,,,,,,,,,0,375.0,0.0,0.0,0,NONE
2026-09-29T18:07:08.857+00:00,892.906,manual,Manual cook,temp,1400,122.0,,esp32,,0,,,,,,,,,,,,0,375.0,0.0,0.0,0,NONE
2026-09-29T18:07:09.357+00:00,893.406,manual,Manual cook,temp,1400,121.6,,esp32,,0,,,,,,,,,,,,0,375.0,0.0,0.0,0,NONE
2026-09-29T18:07:09.857+00:00,893.906,manual,Manual cook,temp,1400,122.0,,esp32,,0,,,,,,,,,,,,0,375.0,0.0,0.0,0,NONE
2026-09-29T18:07:10.857+00:00,894.906,manual,Manual cook,temp,1400,121.6,,esp32,,0,,,,,,,,,,,,0,375.0,0.0,0.0,0,NONE
2026-09-29T18:07:11.358+00:00,895.407,manual,Manual cook,temp,1400,121.6,,esp32,,0,,,,,,,,,,,,0,375.0,0.0,0.0,0,NONE
2026-09-29T18:07:12.357+00:00,896.406,manual,Manual cook,temp,1400,121.6,,esp32,,0,,,,,,,,,,,,0,375.0,0.0,0.0,0,NONE
2026-09-29T18:07:13.357+00:00,897.406,manual,Manual cook,temp,1400,120.7,,esp32,,0,,,,,,,,,,,,0,375.0,0.0,0.0,0,NONE
2026-09-29T18:07:14.357+00:00,898.406,manual,Manual cook,temp,1400,122.0,,esp32,,0,,,,,,,,,,,,0,375.0,0.0,0.0,0,NONE
2026-09-29T18:07:15.357+00:00,899.406,manual,Manual cook,temp,1400,121.6,,esp32,,0,,,,,,,,,,,,0,375.0,0.0,0.0,0,NONE
2026-09-29T18:07:16.357+00:00,900.406,manual,Manual cook,temp,1400,121.1,,esp32,,0,,,,,,,,,,,,0,375.0,0.0,0.0,0,NONE
2026-09-29T18:07:16.858+00:00,900.907,manual,Manual cook,temp,1400,121.6,,esp32,,0,,,,,,,,,,,,0,375.0,0.0,0.0,0,NONE
2026-09-29T18:07:17.857+00:00,901.906,manual,Manual cook,temp,1400,121.6,,esp32,,0,,,,,,,,,,,,0,375.0,0.0,0.0,0,NONE
2026-09-29T18:07:18.357+00:00,902.406,manual,Manual cook,temp,1400,120.7,,esp32,,0,,,,,,,,,,,,0,375.0,0.0,0.0,0,NONE
2026-09-29T18:07:19.357+00:00,903.406,manual,Manual cook,temp,1400,121.6,,esp32,,0,,,,,,,,,,,,0,375.0,0.0,0.0,0,NONE
2026-09-29T18:07:20.357+00:00,904.406,manual,Manual cook,temp,1400,121.1,,esp32,,0,,,,,,,,,,,,0,375.0,0.0,0.0,0,NONE
2026-09-29T18:07:21.357+00:00,905.406,manual,Manual cook,temp,1400,120.2,,esp32,,0,,,,,,,,,,,,0,375.0,0.0,0.0,0,NONE
2026-09-29T18:07:22.358+00:00,906.407,manual,Manual cook,temp,1400,121.1,,esp32,,0,,,,,,,,,,,,0,375.0,0.0,0.0,0,NONE
2026-09-29T18:07:22.858+00:00,906.907,manual,Manual cook,temp,1400,121.1,,esp32,,0,,,,,,,,,,,,0,375.0,0.0,0.0,0,NONE
2026-09-29T18:07:23.857+00:00,907.906,manual,Manual cook,temp,1400,121.1,,esp32,,0,,,,,,,,,,,,0,375.0,0.0,0.0,0,NONE
2026-09-29T18:07:24.357+00:00,908.406,manual,Manual cook,temp,1400,121.1,,esp32,,0,,,,,,,,,,,,0,375.0,0.0,0.0,0,NONE
2026-09-29T18:07:25.357+00:00,909.406,manual,Manual cook,temp,1400,121.1,,esp32,,0,,,,,,,,,,,,0,375.0,0.0,0.0,0,NONE
2026-09-29T18:07:26.357+00:00,910.406,manual,Manual cook,temp,1400,120.2,,esp32,,0,,,,,,,,,,,,0,375.0,0.0,0.0,0,NONE
2026-09-29T18:07:27.357+00:00,911.406,manual,Manual cook,temp,1400,120.2,,esp32,,0,,,,,,,,,,,,0,375.0,0.0,0.0,0,NONE
2026-09-29T18:07:28.358+00:00,912.407,manual,Manual cook,temp,1400,120.7,,esp32,,0,,,,,,,,,,,,0,375.0,0.0,0.0,0,NONE
2026-09-29T18:07:28.858+00:00,912.907,manual,Manual cook,temp,1400,120.2,,esp32,,0,,,,,,,,,,,,0,375.0,0.0,0.0,0,NONE
2026-09-29T18:07:29.857+00:00,913.906,manual,Manual cook,temp,1400,121.1,,esp32,,0,,,,,,,,,,,,0,375.0,0.0,0.0,0,NONE
2026-09-29T18:07:30.857+00:00,914.906,manual,Manual cook,temp,1400,120.7,,esp32,,0,,,,,,,,,,,,0,375.0,0.0,0.0,0,NONE
2026-09-29T18:07:31.857+00:00,915.906,manual,Manual cook,temp,1400,119.7,,esp32,,0,,,,,,,,,,,,0,375.0,0.0,0.0,0,NONE
2026-09-29T18:07:32.357+00:00,916.406,manual,Manual cook,temp,1400,119.7,,esp32,,0,,,,,,,,,,,,0,375.0,0.0,0.0,0,NONE
2026-09-29T18:07:33.357+00:00,917.406,manual,Manual cook,temp,1400,120.2,,esp32,,0,,,,,,,,,,,,0,375.0,0.0,0.0,0,NONE
2026-09-29T18:07:33.857+00:00,917.906,manual,Manual cook,temp,1400,120.2,,esp32,,0,,,,,,,,,,,,0,375.0,0.0,0.0,0,NONE
2026-09-29T18:07:34.357+00:00,918.406,manual,Manual cook,temp,1400,120.2,,esp32,,0,,,,,,,,,,,,0,375.0,0.0,0.0,0,NONE
2026-09-29T18:07:34.858+00:00,918.907,manual,Manual cook,temp,1400,120.2,,esp32,,0,,,,,,,,,,,,0,375.0,0.0,0.0,0,NONE
2026-09-29T18:07:35.857+00:00,919.906,manual,Manual cook,temp,1400,120.7,,esp32,,0,,,,,,,,,,,,0,375.0,0.0,0.0,0,NONE
2026-09-29T18:07:36.857+00:00,920.906,manual,Manual cook,temp,1400,119.7,,esp32,,0,,,,,,,,,,,,0,375.0,0.0,0.0,0,NONE
2026-09-29T18:07:37.857+00:00,921.906,manual,Manual cook,temp,1400,120.2,,esp32,,0,,,,,,,,,,,,0,375.0,0.0,0.0,0,NONE
2026-09-29T18:07:38.357+00:00,922.406,manual,Manual cook,temp,1400,119.7,,esp32,,0,,,,,,,,,,,,0,375.0,0.0,0.0,0,NONE
2026-09-29T18:07:39.357+00:00,923.406,manual,Manual cook,temp,1400,120.2,,esp32,,0,,,,,,,,,,,,0,375.0,0.0,0.0,0,NONE
2026-09-29T18:07:39.857+00:00,923.906,manual,Manual cook,temp,1400,119.7,,esp32,,0,,,,,,,,,,,,0,375.0,0.0,0.0,0,NONE
2026-09-29T18:07:40.357+00:00,924.406,manual,Manual cook,temp,1400,119.7,,esp32,,0,,,,,,,,,,,,0,375.0,0.0,0.0,0,NONE
2026-09-29T18:07:40.858+00:00,924.907,manual,Manual cook,temp,1400,120.2,,esp32,,0,,,,,,,,,,,,0,375.0,0.0,0.0,0,NONE
2026-09-29T18:07:41.857+00:00,925.906,manual,Manual cook,temp,1400,120.7,,esp32,,0,,,,,,,,,,,,0,375.0,0.0,0.0,0,NONE
2026-09-29T18:07:42.357+00:00,926.406,manual,Manual cook,temp,1400,119.7,,esp32,,0,,,,,,,,,,,,0,375.0,0.0,0.0,0,NONE
2026-09-29T18:07:43.357+00:00,927.406,manual,Manual cook,temp,1400,120.7,,esp32,,0,,,,,,,,,,,,0,375.0,0.0,0.0,0,NONE
2026-09-29T18:07:44.357+00:00,928.406,manual,Manual cook,temp,1400,118.8,,esp32,,0,,,,,,,,,,,,0,375.0,0.0,0.0,0,NONE
2026-09-29T18:07:45.357+00:00,929.406,manual,Manual cook,temp,1400,120.2,,esp32,,0,,,,,,,,,,,,0,375.0,0.0,0.0,0,NONE
2026-09-29T18:07:46.357+00:00,930.406,manual,Manual cook,temp,1400,119.7,,esp32,,0,,,,,,,,,,,,0,375.0,0.0,0.0,0,NONE
2026-09-29T18:07:46.858+00:00,930.907,manual,Manual cook,temp,1400,119.7,,esp32,,0,,,,,,,,,,,,0,375.0,0.0,0.0,0,NONE
2026-09-29T18:07:47.857+00:00,931.906,manual,Manual cook,temp,1400,118.4,,esp32,,0,,,,,,,,,,,,0,375.0,0.0,0.0,0,NONE
2026-09-29T18:07:48.857+00:00,932.906,manual,Manual cook,temp,1400,119.7,,esp32,,0,,,,,,,,,,,,0,375.0,0.0,0.0,0,NONE
2026-09-29T18:07:49.857+00:00,933.906,manual,Manual cook,temp,1400,118.8,,esp32,,0,,,,,,,,,,,,0,375.0,0.0,0.0,0,NONE
2026-09-29T18:07:50.357+00:00,934.406,manual,Manual cook,temp,1400,119.7,,esp32,,0,,,,,,,,,,,,0,375.0,0.0,0.0,0,NONE
2026-09-29T18:07:51.357+00:00,935.406,manual,Manual cook,temp,1400,118.8,,esp32,,0,,,,,,,,,,,,0,375.0,0.0,0.0,0,NONE
2026-09-29T18:07:52.357+00:00,936.406,manual,Manual cook,temp,1400,118.8,,esp32,,0,,,,,,,,,,,,0,375.0,0.0,0.0,0,NONE
2026-09-29T18:07:53.357+00:00,937.406,manual,Manual cook,temp,1400,118.8,,esp32,,0,,,,,,,,,,,,0,375.0,0.0,0.0,0,NONE
2026-09-29T18:07:53.858+00:00,937.907,manual,Manual cook,temp,1400,119.7,,esp32,,0,,,,,,,,,,,,0,375.0,0.0,0.0,0,NONE
2026-09-29T18:07:54.857+00:00,938.906,manual,Manual cook,temp,1400,119.7,,esp32,,0,,,,,,,,,,,,0,375.0,0.0,0.0,0,NONE
2026-09-29T18:07:55.857+00:00,939.906,manual,Manual cook,temp,1400,119.3,,esp32,,0,,,,,,,,,,,,0,375.0,0.0,0.0,0,NONE
2026-09-29T18:07:56.857+00:00,940.906,manual,Manual cook,temp,1400,118.4,,esp32,,0,,,,,,,,,,,,0,375.0,0.0,0.0,0,NONE
2026-09-29T18:07:57.857+00:00,941.906,manual,Manual cook,temp,1400,118.8,,esp32,,0,,,,,,,,,,,,0,375.0,0.0,0.0,0,NONE
2026-09-29T18:07:58.857+00:00,942.906,manual,Manual cook,temp,1400,117.9,,esp32,,0,,,,,,,,,,,,0,375.0,0.0,0.0,0,NONE
2026-09-29T18:07:59.357+00:00,943.406,manual,Manual cook,temp,1400,117.9,,esp32,,0,,,,,,,,,,,,0,375.0,0.0,0.0,0,NONE
2026-09-29T18:07:59.857+00:00,943.906,manual,Manual cook,temp,1400,119.3,,esp32,,0,,,,,,,,,,,,0,375.0,0.0,0.0,0,NONE
2026-09-29T18:08:00.857+00:00,944.906,manual,Manual cook,temp,1400,118.4,,esp32,,0,,,,,,,,,,,,0,375.0,0.0,0.0,0,NONE
2026-09-29T18:08:01.856+00:00,945.906,manual,Manual cook,temp,1400,118.8,,esp32,,0,,,,,,,,,,,,0,375.0,0.0,0.0,0,NONE
2026-09-29T18:08:02.356+00:00,946.406,manual,Manual cook,temp,1400,117.9,,esp32,,0,,,,,,,,,,,,0,375.0,0.0,0.0,0,NONE
2026-09-29T18:08:02.857+00:00,946.906,manual,Manual cook,temp,1400,118.4,,esp32,,0,,,,,,,,,,,,0,375.0,0.0,0.0,0,NONE
2026-09-29T18:08:03.857+00:00,947.906,manual,Manual cook,temp,1400,118.8,,esp32,,0,,,,,,,,,,,,0,375.0,0.0,0.0,0,NONE
2026-09-29T18:08:04.857+00:00,948.906,manual,Manual cook,temp,1400,118.8,,esp32,,0,,,,,,,,,,,,0,375.0,0.0,0.0,0,NONE
2026-09-29T18:08:05.357+00:00,949.406,manual,Manual cook,temp,1400,118.8,,esp32,,0,,,,,,,,,,,,0,375.0,0.0,0.0,0,NONE
2026-09-29T18:08:06.357+00:00,950.406,manual,Manual cook,temp,1400,118.8,,esp32,,0,,,,,,,,,,,,0,375.0,0.0,0.0,0,NONE
2026-09-29T18:08:06.857+00:00,950.906,manual,Manual cook,temp,1400,118.8,,esp32,,0,,,,,,,,,,,,0,375.0,0.0,0.0,0,NONE
2026-09-29T18:08:07.856+00:00,951.905,manual,Manual cook,temp,1400,118.8,,esp32,,0,,,,,,,,,,,,0,375.0,0.0,0.0,0,NONE
2026-09-29T18:08:08.356+00:00,952.405,manual,Manual cook,temp,1400,118.8,,esp32,,0,,,,,,,,,,,,0,375.0,0.0,0.0,0,NONE
2026-09-29T18:08:09.357+00:00,953.406,manual,Manual cook,temp,1400,118.4,,esp32,,0,,,,,,,,,,,,0,375.0,0.0,0.0,0,NONE
2026-09-29T18:08:10.356+00:00,954.405,manual,Manual cook,temp,1400,118.8,,esp32,,0,,,,,,,,,,,,0,375.0,0.0,0.0,0,NONE
2026-09-29T18:08:11.356+00:00,955.405,manual,Manual cook,temp,1400,117.5,,esp32,,0,,,,,,,,,,,,0,375.0,0.0,0.0,0,NONE
2026-09-29T18:08:12.357+00:00,956.406,manual,Manual cook,temp,1400,117.5,,esp32,,0,,,,,,,,,,,,0,375.0,0.0,0.0,0,NONE
2026-09-29T18:08:12.857+00:00,956.906,manual,Manual cook,temp,1400,118.4,,esp32,,0,,,,,,,,,,,,0,375.0,0.0,0.0,0,NONE
2026-09-29T18:08:13.856+00:00,957.905,manual,Manual cook,temp,1400,118.8,,esp32,,0,,,,,,,,,,,,0,375.0,0.0,0.0,0,NONE
2026-09-29T18:08:14.356+00:00,958.405,manual,Manual cook,temp,1400,118.8,,esp32,,0,,,,,,,,,,,,0,375.0,0.0,0.0,0,NONE
2026-09-29T18:08:15.356+00:00,959.405,manual,Manual cook,temp,1400,117.9,,esp32,,0,,,,,,,,,,,,0,375.0,0.0,0.0,0,NONE
2026-09-29T18:08:15.856+00:00,959.905,manual,Manual cook,temp,1400,118.8,,esp32,,0,,,,,,,,,,,,0,375.0,0.0,0.0,0,NONE
2026-09-29T18:08:16.856+00:00,960.905,manual,Manual cook,temp,1400,117.5,,esp32,,0,,,,,,,,,,,,0,375.0,0.0,0.0,0,NONE
2026-09-29T18:08:17.856+00:00,961.905,manual,Manual cook,temp,1400,118.8,,esp32,,0,,,,,,,,,,,,0,375.0,0.0,0.0,0,NONE
2026-09-29T18:08:18.357+00:00,962.406,manual,Manual cook,temp,1400,118.4,,esp32,,0,,,,,,,,,,,,0,375.0,0.0,0.0,0,NONE
2026-09-29T18:08:18.858+00:00,962.907,manual,Manual cook,temp,1400,118.4,,esp32,,0,,,,,,,,,,,,0,375.0,0.0,0.0,0,NONE
2026-09-29T18:08:20.356+00:00,964.405,manual,Manual cook,temp,1400,117.9,,esp32,,0,,,,,,,,,,,,0,375.0,0.0,0.0,0,NONE
2026-09-29T18:08:21.356+00:00,965.405,manual,Manual cook,temp,1400,117.9,,esp32,,0,,,,,,,,,,,,0,375.0,0.0,0.0,0,NONE
2026-09-29T18:08:22.356+00:00,966.405,manual,Manual cook,temp,1400,117.9,,esp32,,0,,,,,,,,,,,,0,375.0,0.0,0.0,0,NONE
2026-09-29T18:08:22.856+00:00,966.905,manual,Manual cook,temp,1400,117.9,,esp32,,0,,,,,,,,,,,,0,375.0,0.0,0.0,0,NONE
2026-09-29T18:08:23.856+00:00,967.905,manual,Manual cook,temp,1400,117.9,,esp32,,0,,,,,,,,,,,,0,375.0,0.0,0.0,0,NONE
2026-09-29T18:08:24.357+00:00,968.406,manual,Manual cook,temp,1400,117.9,,esp32,,0,,,,,,,,,,,,0,375.0,0.0,0.0,0,NONE
2026-09-29T18:08:24.857+00:00,968.906,manual,Manual cook,temp,1400,117.9,,esp32,,0,,,,,,,,,,,,0,375.0,0.0,0.0,0,NONE
2026-09-29T18:08:25.857+00:00,969.906,manual,Manual cook,temp,1400,117.9,,esp32,,0,,,,,,,,,,,,0,375.0,0.0,0.0,0,NONE
2026-09-29T18:08:26.357+00:00,970.406,manual,Manual cook,temp,1400,117.9,,esp32,,0,,,,,,,,,,,,0,375.0,0.0,0.0,0,NONE
2026-09-29T18:08:26.857+00:00,970.906,manual,Manual cook,temp,1400,117.9,,esp32,,0,,,,,,,,,,,,0,375.0,0.0,0.0,0,NONE
2026-09-29T18:08:27.856+00:00,971.905,manual,Manual cook,temp,1400,117.5,,esp32,,0,,,,,,,,,,,,0,375.0,0.0,0.0,0,NONE
2026-09-29T18:08:28.356+00:00,972.405,manual,Manual cook,temp,1400,117.1,,esp32,,0,,,,,,,,,,,,0,375.0,0.0,0.0,0,NONE
2026-09-29T18:08:28.856+00:00,972.905,manual,Manual cook,temp,1400,117.1,,esp32,,0,,,,,,,,,,,,0,375.0,0.0,0.0,0,NONE
2026-09-29T18:08:29.856+00:00,973.905,manual,Manual cook,temp,1400,117.5,,esp32,,0,,,,,,,,,,,,0,375.0,0.0,0.0,0,NONE
2026-09-29T18:08:30.356+00:00,974.405,manual,Manual cook,temp,1400,117.5,,esp32,,0,,,,,,,,,,,,0,375.0,0.0,0.0,0,NONE
2026-09-29T18:08:31.356+00:00,975.405,manual,Manual cook,temp,1400,117.1,,esp32,,0,,,,,,,,,,,,0,375.0,0.0,0.0,0,NONE
2026-09-29T18:08:32.357+00:00,976.406,manual,Manual cook,temp,1400,116.6,,esp32,,0,,,,,,,,,,,,0,375.0,0.0,0.0,0,NONE
2026-09-29T18:08:33.357+00:00,977.406,manual,Manual cook,temp,1400,117.9,,esp32,,0,,,,,,,,,,,,0,375.0,0.0,0.0,0,NONE
2026-09-29T18:08:34.356+00:00,978.405,manual,Manual cook,temp,1400,116.6,,esp32,,0,,,,,,,,,,,,0,375.0,0.0,0.0,0,NONE
2026-09-29T18:08:35.356+00:00,979.405,manual,Manual cook,temp,1400,116.6,,esp32,,0,,,,,,,,,,,,0,375.0,0.0,0.0,0,NONE
2026-09-29T18:08:36.356+00:00,980.405,manual,Manual cook,temp,1400,117.5,,esp32,,0,,,,,,,,,,,,0,375.0,0.0,0.0,0,NONE
2026-09-29T18:08:37.356+00:00,981.405,manual,Manual cook,temp,1400,116.6,,esp32,,0,,,,,,,,,,,,0,375.0,0.0,0.0,0,NONE
2026-09-29T18:08:38.356+00:00,982.405,manual,Manual cook,temp,1400,117.5,,esp32,,0,,,,,,,,,,,,0,375.0,0.0,0.0,0,NONE
2026-09-29T18:08:39.356+00:00,983.405,manual,Manual cook,temp,1400,117.1,,esp32,,0,,,,,,,,,,,,0,375.0,0.0,0.0,0,NONE
2026-09-29T18:08:40.356+00:00,984.405,manual,Manual cook,temp,1400,117.5,,esp32,,0,,,,,,,,,,,,0,375.0,0.0,0.0,0,NONE
2026-09-29T18:08:41.356+00:00,985.405,manual,Manual cook,temp,1400,117.1,,esp32,,0,,,,,,,,,,,,0,375.0,0.0,0.0,0,NONE
2026-09-29T18:08:42.355+00:00,986.405,manual,Manual cook,temp,1400,115.7,,esp32,,0,,,,,,,,,,,,0,375.0,0.0,0.0,0,NONE
2026-09-29T18:08:42.856+00:00,986.905,manual,Manual cook,temp,1400,116.6,,esp32,,0,,,,,,,,,,,,0,375.0,0.0,0.0,0,NONE
2026-09-29T18:08:43.356+00:00,987.405,manual,Manual cook,temp,1400,116.6,,esp32,,0,,,,,,,,,,,,0,375.0,0.0,0.0,0,NONE
2026-09-29T18:08:44.355+00:00,988.404,manual,Manual cook,temp,1400,117.1,,esp32,,0,,,,,,,,,,,,0,375.0,0.0,0.0,0,NONE
2026-09-29T18:08:45.356+00:00,989.405,manual,Manual cook,temp,1400,116.2,,esp32,,0,,,,,,,,,,,,0,375.0,0.0,0.0,0,NONE
2026-09-29T18:08:45.856+00:00,989.905,manual,Manual cook,temp,1400,117.1,,esp32,,0,,,,,,,,,,,,0,375.0,0.0,0.0,0,NONE
2026-09-29T18:08:46.855+00:00,990.904,manual,Manual cook,temp,1400,117.1,,esp32,,0,,,,,,,,,,,,0,375.0,0.0,0.0,0,NONE
2026-09-29T18:08:47.355+00:00,991.404,manual,Manual cook,temp,1400,116.2,,esp32,,0,,,,,,,,,,,,0,375.0,0.0,0.0,0,NONE
2026-09-29T18:08:48.355+00:00,992.404,manual,Manual cook,temp,1400,116.2,,esp32,,0,,,,,,,,,,,,0,375.0,0.0,0.0,0,NONE
2026-09-29T18:08:49.355+00:00,993.404,manual,Manual cook,temp,1400,116.2,,esp32,,0,,,,,,,,,,,,0,375.0,0.0,0.0,0,NONE
2026-09-29T18:08:50.355+00:00,994.404,manual,Manual cook,temp,1400,117.1,,esp32,,0,,,,,,,,,,,,0,375.0,0.0,0.0,0,NONE
2026-09-29T18:08:51.356+00:00,995.405,manual,Manual cook,temp,1400,116.6,,esp32,,0,,,,,,,,,,,,0,375.0,0.0,0.0,0,NONE
2026-09-29T18:08:51.856+00:00,995.905,manual,Manual cook,temp,1400,116.6,,esp32,,0,,,,,,,,,,,,0,375.0,0.0,0.0,0,NONE
2026-09-29T18:08:52.356+00:00,996.405,manual,Manual cook,temp,1400,116.6,,esp32,,0,,,,,,,,,,,,0,375.0,0.0,0.0,0,NONE
2026-09-29T18:08:53.355+00:00,997.404,manual,Manual cook,temp,1400,116.2,,esp32,,0,,,,,,,,,,,,0,375.0,0.0,0.0,0,NONE
2026-09-29T18:08:54.355+00:00,998.404,manual,Manual cook,temp,1400,116.2,,esp32,,0,,,,,,,,,,,,0,375.0,0.0,0.0,0,NONE
2026-09-29T18:08:54.855+00:00,998.904,manual,Manual cook,temp,1400,116.6,,esp32,,0,,,,,,,,,,,,0,375.0,0.0,0.0,0,NONE
2026-09-29T18:08:55.855+00:00,999.904,manual,Manual cook,temp,1400,116.6,,esp32,,0,,,,,,,,,,,,0,375.0,0.0,0.0,0,NONE
2026-09-29T18:08:56.355+00:00,1000.404,manual,Manual cook,temp,1400,115.7,,esp32,,0,,,,,,,,,,,,0,375.0,0.0,0.0,0,NONE
2026-09-29T18:08:57.355+00:00,1001.404,manual,Manual cook,temp,1400,116.6,,esp32,,0,,,,,,,,,,,,0,375.0,0.0,0.0,0,NONE
2026-09-29T18:08:57.855+00:00,1001.904,manual,Manual cook,temp,1400,115.2,,esp32,,0,,,,,,,,,,,,0,375.0,0.0,0.0,0,NONE
2026-09-29T18:08:58.855+00:00,1002.904,manual,Manual cook,temp,1400,116.6,,esp32,,0,,,,,,,,,,,,0,375.0,0.0,0.0,0,NONE
2026-09-29T18:08:59.855+00:00,1003.904,manual,Manual cook,temp,1400,114.8,,esp32,,0,,,,,,,,,,,,0,375.0,0.0,0.0,0,NONE
2026-09-29T18:09:00.855+00:00,1004.904,manual,Manual cook,temp,1400,116.2,,esp32,,0,,,,,,,,,,,,0,375.0,0.0,0.0,0,NONE
2026-09-29T18:09:01.355+00:00,1005.404,manual,Manual cook,temp,1400,116.2,,esp32,,0,,,,,,,,,,,,0,375.0,0.0,0.0,0,NONE
2026-09-29T18:09:02.355+00:00,1006.404,manual,Manual cook,temp,1400,116.2,,esp32,,0,,,,,,,,,,,,0,375.0,0.0,0.0,0,NONE
2026-09-29T18:09:03.355+00:00,1007.404,manual,Manual cook,temp,1400,116.2,,esp32,,0,,,,,,,,,,,,0,375.0,0.0,0.0,0,NONE
2026-09-29T18:09:04.355+00:00,1008.404,manual,Manual cook,temp,1400,115.7,,esp32,,0,,,,,,,,,,,,0,375.0,0.0,0.0,0,NONE
2026-09-29T18:09:04.855+00:00,1008.904,manual,Manual cook,temp,1400,115.7,,esp32,,0,,,,,,,,,,,,0,375.0,0.0,0.0,0,NONE
2026-09-29T18:09:05.855+00:00,1009.904,manual,Manual cook,temp,1400,115.7,,esp32,,0,,,,,,,,,,,,0,375.0,0.0,0.0,0,NONE
2026-09-29T18:09:06.854+00:00,1010.903,manual,Manual cook,temp,1400,115.7,,esp32,,0,,,,,,,,,,,,0,375.0,0.0,0.0,0,NONE
2026-09-29T18:09:07.354+00:00,1011.403,manual,Manual cook,temp,1400,116.2,,esp32,,0,,,,,,,,,,,,0,375.0,0.0,0.0,0,NONE
2026-09-29T18:09:08.354+00:00,1012.403,manual,Manual cook,temp,1400,115.2,,esp32,,0,,,,,,,,,,,,0,375.0,0.0,0.0,0,NONE
2026-09-29T18:09:09.354+00:00,1013.403,manual,Manual cook,temp,1400,116.2,,esp32,,0,,,,,,,,,,,,0,375.0,0.0,0.0,0,NONE
2026-09-29T18:09:10.354+00:00,1014.403,manual,Manual cook,temp,1400,115.2,,esp32,,0,,,,,,,,,,,,0,375.0,0.0,0.0,0,NONE
2026-09-29T18:09:11.355+00:00,1015.404,manual,Manual cook,temp,1400,115.7,,esp32,,0,,,,,,,,,,,,0,375.0,0.0,0.0,0,NONE
2026-09-29T18:09:12.354+00:00,1016.403,manual,Manual cook,temp,1400,115.7,,esp32,,0,,,,,,,,,,,,0,375.0,0.0,0.0,0,NONE
2026-09-29T18:09:13.354+00:00,1017.403,manual,Manual cook,temp,1400,116.2,,esp32,,0,,,,,,,,,,,,0,375.0,0.0,0.0,0,NONE
2026-09-29T18:09:14.354+00:00,1018.403,manual,Manual cook,temp,1400,115.7,,esp32,,0,,,,,,,,,,,,0,375.0,0.0,0.0,0,NONE
2026-09-29T18:09:14.854+00:00,1018.903,manual,Manual cook,temp,1400,115.2,,esp32,,0,,,,,,,,,,,,0,375.0,0.0,0.0,0,NONE
2026-09-29T18:09:15.854+00:00,1019.903,manual,Manual cook,temp,1400,115.7,,esp32,,0,,,,,,,,,,,,0,375.0,0.0,0.0,0,NONE
2026-09-29T18:09:16.854+00:00,1020.903,manual,Manual cook,temp,1400,115.2,,esp32,,0,,,,,,,,,,,,0,375.0,0.0,0.0,0,NONE
2026-09-29T18:09:17.355+00:00,1021.404,manual,Manual cook,temp,1400,115.7,,esp32,,0,,,,,,,,,,,,0,375.0,0.0,0.0,0,NONE
2026-09-29T18:09:17.855+00:00,1021.904,manual,Manual cook,temp,1400,115.2,,esp32,,0,,,,,,,,,,,,0,375.0,0.0,0.0,0,NONE
2026-09-29T18:09:18.854+00:00,1022.903,manual,Manual cook,temp,1400,115.7,,esp32,,0,,,,,,,,,,,,0,375.0,0.0,0.0,0,NONE
2026-09-29T18:09:19.354+00:00,1023.403,manual,Manual cook,temp,1400,115.7,,esp32,,0,,,,,,,,,,,,0,375.0,0.0,0.0,0,NONE
2026-09-29T18:09:20.354+00:00,1024.403,manual,Manual cook,temp,1400,115.2,,esp32,,0,,,,,,,,,,,,0,375.0,0.0,0.0,0,NONE
2026-09-29T18:09:20.854+00:00,1024.903,manual,Manual cook,temp,1400,114.8,,esp32,,0,,,,,,,,,,,,0,375.0,0.0,0.0,0,NONE
2026-09-29T18:09:21.854+00:00,1025.903,manual,Manual cook,temp,1400,115.2,,esp32,,0,,,,,,,,,,,,0,375.0,0.0,0.0,0,NONE
2026-09-29T18:09:22.854+00:00,1026.903,manual,Manual cook,temp,1400,115.2,,esp32,,0,,,,,,,,,,,,0,375.0,0.0,0.0,0,NONE
2026-09-29T18:09:23.354+00:00,1027.403,manual,Manual cook,temp,1400,115.2,,esp32,,0,,,,,,,,,,,,0,375.0,0.0,0.0,0,NONE
2026-09-29T18:09:23.855+00:00,1027.904,manual,Manual cook,temp,1400,114.3,,esp32,,0,,,,,,,,,,,,0,375.0,0.0,0.0,0,NONE
2026-09-29T18:09:24.854+00:00,1028.903,manual,Manual cook,temp,1400,115.2,,esp32,,0,,,,,,,,,,,,0,375.0,0.0,0.0,0,NONE
2026-09-29T18:09:25.854+00:00,1029.903,manual,Manual cook,temp,1400,114.3,,esp32,,0,,,,,,,,,,,,0,375.0,0.0,0.0,0,NONE
2026-09-29T18:09:26.854+00:00,1030.903,manual,Manual cook,temp,1400,114.8,,esp32,,0,,,,,,,,,,,,0,375.0,0.0,0.0,0,NONE
2026-09-29T18:09:27.854+00:00,1031.903,manual,Manual cook,temp,1400,114.3,,esp32,,0,,,,,,,,,,,,0,375.0,0.0,0.0,0,NONE
2026-09-29T18:09:28.354+00:00,1032.403,manual,Manual cook,temp,1400,115.2,,esp32,,0,,,,,,,,,,,,0,375.0,0.0,0.0,0,NONE
2026-09-29T18:09:29.353+00:00,1033.402,manual,Manual cook,temp,1400,115.2,,esp32,,0,,,,,,,,,,,,0,375.0,0.0,0.0,0,NONE
2026-09-29T18:09:29.853+00:00,1033.903,manual,Manual cook,temp,1400,114.8,,esp32,,0,,,,,,,,,,,,0,375.0,0.0,0.0,0,NONE
2026-09-29T18:09:30.354+00:00,1034.403,manual,Manual cook,temp,1400,114.8,,esp32,,0,,,,,,,,,,,,0,375.0,0.0,0.0,0,NONE
2026-09-29T18:09:31.353+00:00,1035.402,manual,Manual cook,temp,1400,115.2,,esp32,,0,,,,,,,,,,,,0,375.0,0.0,0.0,0,NONE
2026-09-29T18:09:32.353+00:00,1036.402,manual,Manual cook,temp,1400,113.9,,esp32,,0,,,,,,,,,,,,0,375.0,0.0,0.0,0,NONE
2026-09-29T18:09:33.353+00:00,1037.402,manual,Manual cook,temp,1400,114.8,,esp32,,0,,,,,,,,,,,,0,375.0,0.0,0.0,0,NONE
2026-09-29T18:09:33.853+00:00,1037.902,manual,Manual cook,temp,1400,114.8,,esp32,,0,,,,,,,,,,,,0,375.0,0.0,0.0,0,NONE
2026-09-29T18:09:34.853+00:00,1038.902,manual,Manual cook,temp,1400,113.9,,esp32,,0,,,,,,,,,,,,0,375.0,0.0,0.0,0,NONE
2026-09-29T18:09:35.354+00:00,1039.403,manual,Manual cook,temp,1400,114.8,,esp32,,0,,,,,,,,,,,,0,375.0,0.0,0.0,0,NONE
2026-09-29T18:09:36.353+00:00,1040.402,manual,Manual cook,temp,1400,113.9,,esp32,,0,,,,,,,,,,,,0,375.0,0.0,0.0,0,NONE
2026-09-29T18:09:37.353+00:00,1041.402,manual,Manual cook,temp,1400,114.3,,esp32,,0,,,,,,,,,,,,0,375.0,0.0,0.0,0,NONE
2026-09-29T18:09:37.853+00:00,1041.902,manual,Manual cook,temp,1400,114.3,,esp32,,0,,,,,,,,,,,,0,375.0,0.0,0.0,0,NONE
2026-09-29T18:09:38.853+00:00,1042.902,manual,Manual cook,temp,1400,114.3,,esp32,,0,,,,,,,,,,,,0,375.0,0.0,0.0,0,NONE
2026-09-29T18:09:39.853+00:00,1043.902,manual,Manual cook,temp,1400,114.8,,esp32,,0,,,,,,,,,,,,0,375.0,0.0,0.0,0,NONE
2026-09-29T18:09:40.853+00:00,1044.902,manual,Manual cook,temp,1400,114.3,,esp32,,0,,,,,,,,,,,,0,375.0,0.0,0.0,0,NONE
2026-09-29T18:09:41.354+00:00,1045.403,manual,Manual cook,temp,1400,114.3,,esp32,,0,,,,,,,,,,,,0,375.0,0.0,0.0,0,NONE
2026-09-29T18:09:42.353+00:00,1046.402,manual,Manual cook,temp,1400,114.3,,esp32,,0,,,,,,,,,,,,0,375.0,0.0,0.0,0,NONE
2026-09-29T18:09:43.353+00:00,1047.402,manual,Manual cook,temp,1400,113.9,,esp32,,0,,,,,,,,,,,,0,375.0,0.0,0.0,0,NONE
2026-09-29T18:09:44.353+00:00,1048.402,manual,Manual cook,temp,1400,113.9,,esp32,,0,,,,,,,,,,,,0,375.0,0.0,0.0,0,NONE
2026-09-29T18:09:45.853+00:00,1049.902,manual,Manual cook,temp,1400,113.9,,esp32,,0,,,,,,,,,,,,0,375.0,0.0,0.0,0,NONE
2026-09-29T18:09:46.853+00:00,1050.902,manual,Manual cook,temp,1400,113.9,,esp32,,0,,,,,,,,,,,,0,375.0,0.0,0.0,0,NONE
2026-09-29T18:09:47.353+00:00,1051.402,manual,Manual cook,temp,1400,114.3,,esp32,,0,,,,,,,,,,,,0,375.0,0.0,0.0,0,NONE
2026-09-29T18:09:47.853+00:00,1051.902,manual,Manual cook,temp,1400,112.6,,esp32,,0,,,,,,,,,,,,0,375.0,0.0,0.0,0,NONE
2026-09-29T18:09:48.854+00:00,1052.903,manual,Manual cook,temp,1400,113.0,,esp32,,0,,,,,,,,,,,,0,375.0,0.0,0.0,0,NONE
2026-09-29T18:09:49.853+00:00,1053.902,manual,Manual cook,temp,1400,114.3,,esp32,,0,,,,,,,,,,,,0,375.0,0.0,0.0,0,NONE
2026-09-29T18:09:50.853+00:00,1054.902,manual,Manual cook,temp,1400,113.9,,esp32,,0,,,,,,,,,,,,0,375.0,0.0,0.0,0,NONE
2026-09-29T18:09:51.353+00:00,1055.402,manual,Manual cook,temp,1400,113.4,,esp32,,0,,,,,,,,,,,,0,375.0,0.0,0.0,0,NONE
2026-09-29T18:09:52.353+00:00,1056.402,manual,Manual cook,temp,1400,113.9,,esp32,,0,,,,,,,,,,,,0,375.0,0.0,0.0,0,NONE
2026-09-29T18:09:53.352+00:00,1057.401,manual,Manual cook,temp,1400,113.9,,esp32,,0,,,,,,,,,,,,0,375.0,0.0,0.0,0,NONE
2026-09-29T18:09:54.353+00:00,1058.402,manual,Manual cook,temp,1400,113.4,,esp32,,0,,,,,,,,,,,,0,375.0,0.0,0.0,0,NONE
2026-09-29T18:09:54.853+00:00,1058.902,manual,Manual cook,temp,1400,113.4,,esp32,,0,,,,,,,,,,,,0,375.0,0.0,0.0,0,NONE
2026-09-29T18:09:55.852+00:00,1059.901,manual,Manual cook,temp,1400,112.6,,esp32,,0,,,,,,,,,,,,0,375.0,0.0,0.0,0,NONE
2026-09-29T18:09:56.352+00:00,1060.401,manual,Manual cook,temp,1400,113.4,,esp32,,0,,,,,,,,,,,,0,375.0,0.0,0.0,0,NONE
2026-09-29T18:09:57.352+00:00,1061.401,manual,Manual cook,temp,1400,113.4,,esp32,,0,,,,,,,,,,,,0,375.0,0.0,0.0,0,NONE
2026-09-29T18:09:58.352+00:00,1062.401,manual,Manual cook,temp,1400,112.6,,esp32,,0,,,,,,,,,,,,0,375.0,0.0,0.0,0,NONE
2026-09-29T18:09:58.852+00:00,1062.901,manual,Manual cook,temp,1400,113.0,,esp32,,0,,,,,,,,,,,,0,375.0,0.0,0.0,0,NONE
2026-09-29T18:09:59.852+00:00,1063.901,manual,Manual cook,temp,1400,113.0,,esp32,,0,,,,,,,,,,,,0,375.0,0.0,0.0,0,NONE
2026-09-29T18:10:00.353+00:00,1064.402,manual,Manual cook,temp,1400,113.0,,esp32,,0,,,,,,,,,,,,0,375.0,0.0,0.0,0,NONE
2026-09-29T18:10:00.853+00:00,1064.902,manual,Manual cook,temp,1400,112.6,,esp32,,0,,,,,,,,,,,,0,375.0,0.0,0.0,0,NONE
2026-09-29T18:10:01.852+00:00,1065.901,manual,Manual cook,temp,1400,112.1,,esp32,,0,,,,,,,,,,,,0,375.0,0.0,0.0,0,NONE
2026-09-29T18:10:02.852+00:00,1066.901,manual,Manual cook,temp,1400,112.6,,esp32,,0,,,,,,,,,,,,0,375.0,0.0,0.0,0,NONE
2026-09-29T18:10:03.852+00:00,1067.901,manual,Manual cook,temp,1400,113.4,,esp32,,0,,,,,,,,,,,,0,375.0,0.0,0.0,0,NONE
2026-09-29T18:10:04.352+00:00,1068.401,manual,Manual cook,temp,1400,113.4,,esp32,,0,,,,,,,,,,,,0,375.0,0.0,0.0,0,NONE
2026-09-29T18:10:05.352+00:00,1069.401,manual,Manual cook,temp,1400,113.0,,esp32,,0,,,,,,,,,,,,0,375.0,0.0,0.0,0,NONE
2026-09-29T18:10:06.352+00:00,1070.401,manual,Manual cook,temp,1400,112.6,,esp32,,0,,,,,,,,,,,,0,375.0,0.0,0.0,0,NONE
2026-09-29T18:10:07.352+00:00,1071.401,manual,Manual cook,temp,1400,113.4,,esp32,,0,,,,,,,,,,,,0,375.0,0.0,0.0,0,NONE
2026-09-29T18:10:08.352+00:00,1072.401,manual,Manual cook,temp,1400,113.0,,esp32,,0,,,,,,,,,,,,0,375.0,0.0,0.0,0,NONE
2026-09-29T18:10:09.352+00:00,1073.401,manual,Manual cook,temp,1400,112.6,,esp32,,0,,,,,,,,,,,,0,375.0,0.0,0.0,0,NONE
2026-09-29T18:10:09.852+00:00,1073.901,manual,Manual cook,temp,1400,113.0,,esp32,,0,,,,,,,,,,,,0,375.0,0.0,0.0,0,NONE
2026-09-29T18:10:10.852+00:00,1074.901,manual,Manual cook,temp,1400,112.1,,esp32,,0,,,,,,,,,,,,0,375.0,0.0,0.0,0,NONE
2026-09-29T18:10:11.353+00:00,1075.402,manual,Manual cook,temp,1400,112.1,,esp32,,0,,,,,,,,,,,,0,375.0,0.0,0.0,0,NONE
2026-09-29T18:10:12.352+00:00,1076.401,manual,Manual cook,temp,1400,112.6,,esp32,,0,,,,,,,,,,,,0,375.0,0.0,0.0,0,NONE
2026-09-29T18:10:13.352+00:00,1077.401,manual,Manual cook,temp,1400,112.1,,esp32,,0,,,,,,,,,,,,0,375.0,0.0,0.0,0,NONE
2026-09-29T18:10:13.852+00:00,1077.901,manual,Manual cook,temp,1400,112.6,,esp32,,0,,,,,,,,,,,,0,375.0,0.0,0.0,0,NONE
2026-09-29T18:10:14.852+00:00,1078.901,manual,Manual cook,temp,1400,112.6,,esp32,,0,,,,,,,,,,,,0,375.0,0.0,0.0,0,NONE
2026-09-29T18:10:15.852+00:00,1079.901,manual,Manual cook,temp,1400,112.6,,esp32,,0,,,,,,,,,,,,0,375.0,0.0,0.0,0,NONE
2026-09-29T18:10:16.852+00:00,1080.901,manual,Manual cook,temp,1400,112.6,,esp32,,0,,,,,,,,,,,,0,375.0,0.0,0.0,0,NONE
2026-09-29T18:10:17.852+00:00,1081.901,manual,Manual cook,temp,1400,112.1,,esp32,,0,,,,,,,,,,,,0,375.0,0.0,0.0,0,NONE
2026-09-29T18:10:18.352+00:00,1082.401,manual,Manual cook,temp,1400,111.7,,esp32,,0,,,,,,,,,,,,0,375.0,0.0,0.0,0,NONE
2026-09-29T18:10:18.852+00:00,1082.901,manual,Manual cook,temp,1400,111.7,,esp32,,0,,,,,,,,,,,,0,375.0,0.0,0.0,0,NONE
2026-09-29T18:10:19.852+00:00,1083.901,manual,Manual cook,temp,1400,111.2,,esp32,,0,,,,,,,,,,,,0,375.0,0.0,0.0,0,NONE
2026-09-29T18:10:20.851+00:00,1084.900,manual,Manual cook,temp,1400,112.6,,esp32,,0,,,,,,,,,,,,0,375.0,0.0,0.0,0,NONE
2026-09-29T18:10:21.852+00:00,1085.901,manual,Manual cook,temp,1400,112.1,,esp32,,0,,,,,,,,,,,,0,375.0,0.0,0.0,0,NONE
2026-09-29T18:10:22.851+00:00,1086.900,manual,Manual cook,temp,1400,112.1,,esp32,,0,,,,,,,,,,,,0,375.0,0.0,0.0,0,NONE
2026-09-29T18:10:23.851+00:00,1087.900,manual,Manual cook,temp,1400,111.7,,esp32,,0,,,,,,,,,,,,0,375.0,0.0,0.0,0,NONE
2026-09-29T18:10:24.352+00:00,1088.401,manual,Manual cook,temp,1400,112.1,,esp32,,0,,,,,,,,,,,,0,375.0,0.0,0.0,0,NONE
2026-09-29T18:10:25.351+00:00,1089.400,manual,Manual cook,temp,1400,111.7,,esp32,,0,,,,,,,,,,,,0,375.0,0.0,0.0,0,NONE
2026-09-29T18:10:25.851+00:00,1089.900,manual,Manual cook,temp,1400,111.7,,esp32,,0,,,,,,,,,,,,0,375.0,0.0,0.0,0,NONE
2026-09-29T18:10:26.851+00:00,1090.900,manual,Manual cook,temp,1400,111.7,,esp32,,0,,,,,,,,,,,,0,375.0,0.0,0.0,0,NONE
2026-09-29T18:10:27.352+00:00,1091.401,manual,Manual cook,temp,1400,111.2,,esp32,,0,,,,,,,,,,,,0,375.0,0.0,0.0,0,NONE
2026-09-29T18:10:28.352+00:00,1092.401,manual,Manual cook,temp,1400,111.7,,esp32,,0,,,,,,,,,,,,0,375.0,0.0,0.0,0,NONE
2026-09-29T18:10:29.351+00:00,1093.400,manual,Manual cook,temp,1400,111.7,,esp32,,0,,,,,,,,,,,,0,375.0,0.0,0.0,0,NONE
2026-09-29T18:10:30.351+00:00,1094.400,manual,Manual cook,temp,1400,112.6,,esp32,,0,,,,,,,,,,,,0,375.0,0.0,0.0,0,NONE
2026-09-29T18:10:31.351+00:00,1095.400,manual,Manual cook,temp,1400,112.1,,esp32,,0,,,,,,,,,,,,0,375.0,0.0,0.0,0,NONE
2026-09-29T18:10:31.851+00:00,1095.900,manual,Manual cook,temp,1400,111.7,,esp32,,0,,,,,,,,,,,,0,375.0,0.0,0.0,0,NONE
2026-09-29T18:10:32.851+00:00,1096.900,manual,Manual cook,temp,1400,111.2,,esp32,,0,,,,,,,,,,,,0,375.0,0.0,0.0,0,NONE
2026-09-29T18:10:33.851+00:00,1097.900,manual,Manual cook,temp,1400,111.7,,esp32,,0,,,,,,,,,,,,0,375.0,0.0,0.0,0,NONE
2026-09-29T18:10:34.352+00:00,1098.401,manual,Manual cook,temp,1400,111.7,,esp32,,0,,,,,,,,,,,,0,375.0,0.0,0.0,0,NONE
2026-09-29T18:10:35.351+00:00,1099.400,manual,Manual cook,temp,1400,111.7,,esp32,,0,,,,,,,,,,,,0,375.0,0.0,0.0,0,NONE
2026-09-29T18:10:35.851+00:00,1099.900,manual,Manual cook,temp,1400,111.7,,esp32,,0,,,,,,,,,,,,0,375.0,0.0,0.0,0,NONE
2026-09-29T18:10:36.851+00:00,1100.900,manual,Manual cook,temp,1400,111.2,,esp32,,0,,,,,,,,,,,,0,375.0,0.0,0.0,0,NONE
2026-09-29T18:10:37.351+00:00,1101.400,manual,Manual cook,temp,1400,112.1,,esp32,,0,,,,,,,,,,,,0,375.0,0.0,0.0,0,NONE
2026-09-29T18:10:38.351+00:00,1102.400,manual,Manual cook,temp,1400,111.2,,esp32,,0,,,,,,,,,,,,0,375.0,0.0,0.0,0,NONE
2026-09-29T18:10:38.851+00:00,1102.900,manual,Manual cook,temp,1400,111.7,,esp32,,0,,,,,,,,,,,,0,375.0,0.0,0.0,0,NONE
2026-09-29T18:10:39.851+00:00,1103.900,manual,Manual cook,temp,1400,111.2,,esp32,,0,,,,,,,,,,,,0,375.0,0.0,0.0,0,NONE
2026-09-29T18:10:40.351+00:00,1104.400,manual,Manual cook,temp,1400,111.7,,esp32,,0,,,,,,,,,,,,0,375.0,0.0,0.0,0,NONE
2026-09-29T18:10:41.351+00:00,1105.400,manual,Manual cook,temp,1400,111.7,,esp32,,0,,,,,,,,,,,,0,375.0,0.0,0.0,0,NONE
2026-09-29T18:10:42.351+00:00,1106.400,manual,Manual cook,temp,1400,111.2,,esp32,,0,,,,,,,,,,,,0,375.0,0.0,0.0,0,NONE
2026-09-29T18:10:43.351+00:00,1107.400,manual,Manual cook,temp,1400,111.7,,esp32,,0,,,,,,,,,,,,0,375.0,0.0,0.0,0,NONE
2026-09-29T18:10:43.851+00:00,1107.900,manual,Manual cook,temp,1400,111.2,,esp32,,0,,,,,,,,,,,,0,375.0,0.0,0.0,0,NONE
2026-09-29T18:10:44.850+00:00,1108.899,manual,Manual cook,temp,1400,111.2,,esp32,,0,,,,,,,,,,,,0,375.0,0.0,0.0,0,NONE
2026-09-29T18:10:45.351+00:00,1109.400,manual,Manual cook,temp,1400,110.3,,esp32,,0,,,,,,,,,,,,0,375.0,0.0,0.0,0,NONE
2026-09-29T18:10:46.351+00:00,1110.400,manual,Manual cook,temp,1400,111.7,,esp32,,0,,,,,,,,,,,,0,375.0,0.0,0.0,0,NONE
2026-09-29T18:10:47.351+00:00,1111.400,manual,Manual cook,temp,1400,111.7,,esp32,,0,,,,,,,,,,,,0,375.0,0.0,0.0,0,NONE
2026-09-29T18:10:48.350+00:00,1112.399,manual,Manual cook,temp,1400,111.2,,esp32,,0,,,,,,,,,,,,0,375.0,0.0,0.0,0,NONE
2026-09-29T18:10:49.350+00:00,1113.399,manual,Manual cook,temp,1400,111.2,,esp32,,0,,,,,,,,,,,,0,375.0,0.0,0.0,0,NONE
2026-09-29T18:10:49.850+00:00,1113.899,manual,Manual cook,temp,1400,110.7,,esp32,,0,,,,,,,,,,,,0,375.0,0.0,0.0,0,NONE
2026-09-29T18:10:50.850+00:00,1114.899,manual,Manual cook,temp,1400,110.7,,esp32,,0,,,,,,,,,,,,0,375.0,0.0,0.0,0,NONE
2026-09-29T18:10:51.850+00:00,1115.899,manual,Manual cook,temp,1400,110.7,,esp32,,0,,,,,,,,,,,,0,375.0,0.0,0.0,0,NONE
2026-09-29T18:10:52.851+00:00,1116.900,manual,Manual cook,temp,1400,110.7,,esp32,,0,,,,,,,,,,,,0,375.0,0.0,0.0,0,NONE
2026-09-29T18:10:53.850+00:00,1117.899,manual,Manual cook,temp,1400,110.3,,esp32,,0,,,,,,,,,,,,0,375.0,0.0,0.0,0,NONE
2026-09-29T18:10:54.850+00:00,1118.899,manual,Manual cook,temp,1400,111.2,,esp32,,0,,,,,,,,,,,,0,375.0,0.0,0.0,0,NONE
2026-09-29T18:10:55.850+00:00,1119.899,manual,Manual cook,temp,1400,110.7,,esp32,,0,,,,,,,,,,,,0,375.0,0.0,0.0,0,NONE
2026-09-29T18:10:56.850+00:00,1120.899,manual,Manual cook,temp,1400,110.3,,esp32,,0,,,,,,,,,,,,0,375.0,0.0,0.0,0,NONE
2026-09-29T18:10:57.850+00:00,1121.899,manual,Manual cook,temp,1400,110.7,,esp32,,0,,,,,,,,,,,,0,375.0,0.0,0.0,0,NONE
2026-09-29T18:10:58.351+00:00,1122.400,manual,Manual cook,temp,1400,110.3,,esp32,,0,,,,,,,,,,,,0,375.0,0.0,0.0,0,NONE
2026-09-29T18:10:58.851+00:00,1122.900,manual,Manual cook,temp,1400,110.3,,esp32,,0,,,,,,,,,,,,0,375.0,0.0,0.0,0,NONE
2026-09-29T18:10:59.850+00:00,1123.899,manual,Manual cook,temp,1400,109.8,,esp32,,0,,,,,,,,,,,,0,375.0,0.0,0.0,0,NONE
2026-09-29T18:11:00.850+00:00,1124.899,manual,Manual cook,temp,1400,110.7,,esp32,,0,,,,,,,,,,,,0,375.0,0.0,0.0,0,NONE
2026-09-29T18:11:01.850+00:00,1125.899,manual,Manual cook,temp,1400,110.7,,esp32,,0,,,,,,,,,,,,0,375.0,0.0,0.0,0,NONE
2026-09-29T18:11:02.850+00:00,1126.899,manual,Manual cook,temp,1400,110.7,,esp32,,0,,,,,,,,,,,,0,375.0,0.0,0.0,0,NONE
2026-09-29T18:11:03.850+00:00,1127.899,manual,Manual cook,temp,1400,110.7,,esp32,,0,,,,,,,,,,,,0,375.0,0.0,0.0,0,NONE
2026-09-29T18:11:04.350+00:00,1128.399,manual,Manual cook,temp,1400,110.7,,esp32,,0,,,,,,,,,,,,0,375.0,0.0,0.0,0,NONE
2026-09-29T18:11:04.851+00:00,1128.900,manual,Manual cook,temp,1400,110.7,,esp32,,0,,,,,,,,,,,,0,375.0,0.0,0.0,0,NONE
2026-09-29T18:11:05.850+00:00,1129.899,manual,Manual cook,temp,1400,110.3,,esp32,,0,,,,,,,,,,,,0,375.0,0.0,0.0,0,NONE
2026-09-29T18:11:06.850+00:00,1130.899,manual,Manual cook,temp,1400,110.7,,esp32,,0,,,,,,,,,,,,0,375.0,0.0,0.0,0,NONE
2026-09-29T18:11:07.850+00:00,1131.899,manual,Manual cook,temp,1400,110.3,,esp32,,0,,,,,,,,,,,,0,375.0,0.0,0.0,0,NONE
2026-09-29T18:11:08.850+00:00,1132.899,manual,Manual cook,temp,1400,109.4,,esp32,,0,,,,,,,,,,,,0,375.0,0.0,0.0,0,NONE
2026-09-29T18:11:09.350+00:00,1133.399,manual,Manual cook,temp,1400,110.3,,esp32,,0,,,,,,,,,,,,0,375.0,0.0,0.0,0,NONE
2026-09-29T18:11:10.350+00:00,1134.399,manual,Manual cook,temp,1400,110.3,,esp32,,0,,,,,,,,,,,,0,375.0,0.0,0.0,0,NONE
2026-09-29T18:11:10.850+00:00,1134.899,manual,Manual cook,temp,1400,109.8,,esp32,,0,,,,,,,,,,,,0,375.0,0.0,0.0,0,NONE
2026-09-29T18:11:11.850+00:00,1135.899,manual,Manual cook,temp,1400,109.4,,esp32,,0,,,,,,,,,,,,0,375.0,0.0,0.0,0,NONE
2026-09-29T18:11:12.850+00:00,1136.899,manual,Manual cook,temp,1400,110.3,,esp32,,0,,,,,,,,,,,,0,375.0,0.0,0.0,0,NONE
2026-09-29T18:11:13.850+00:00,1137.899,manual,Manual cook,temp,1400,109.4,,esp32,,0,,,,,,,,,,,,0,375.0,0.0,0.0,0,NONE
2026-09-29T18:11:14.850+00:00,1138.899,manual,Manual cook,temp,1400,109.4,,esp32,,0,,,,,,,,,,,,0,375.0,0.0,0.0,0,NONE
2026-09-29T18:11:15.849+00:00,1139.898,manual,Manual cook,temp,1400,109.8,,esp32,,0,,,,,,,,,,,,0,375.0,0.0,0.0,0,NONE
2026-09-29T18:11:16.350+00:00,1140.399,manual,Manual cook,temp,1400,109.4,,esp32,,0,,,,,,,,,,,,0,375.0,0.0,0.0,0,NONE
2026-09-29T18:11:16.850+00:00,1140.899,manual,Manual cook,temp,1400,109.8,,esp32,,0,,,,,,,,,,,,0,375.0,0.0,0.0,0,NONE
2026-09-29T18:11:17.850+00:00,1141.899,manual,Manual cook,temp,1400,109.4,,esp32,,0,,,,,,,,,,,,0,375.0,0.0,0.0,0,NONE
2026-09-29T18:11:18.350+00:00,1142.399,manual,Manual cook,temp,1400,109.4,,esp32,,0,,,,,,,,,,,,0,375.0,0.0,0.0,0,NONE
2026-09-29T18:11:19.349+00:00,1143.398,manual,Manual cook,temp,1400,109.4,,esp32,,0,,,,,,,,,,,,0,375.0,0.0,0.0,0,NONE
2026-09-29T18:11:20.349+00:00,1144.398,manual,Manual cook,temp,1400,109.4,,esp32,,0,,,,,,,,,,,,0,375.0,0.0,0.0,0,NONE
2026-09-29T18:11:21.349+00:00,1145.398,manual,Manual cook,temp,1400,110.3,,esp32,,0,,,,,,,,,,,,0,375.0,0.0,0.0,0,NONE
2026-09-29T18:11:22.350+00:00,1146.399,manual,Manual cook,temp,1400,109.8,,esp32,,0,,,,,,,,,,,,0,375.0,0.0,0.0,0,NONE
2026-09-29T18:11:22.850+00:00,1146.899,manual,Manual cook,temp,1400,109.4,,esp32,,0,,,,,,,,,,,,0,375.0,0.0,0.0,0,NONE
2026-09-29T18:11:23.849+00:00,1147.898,manual,Manual cook,temp,1400,109.4,,esp32,,0,,,,,,,,,,,,0,375.0,0.0,0.0,0,NONE
2026-09-29T18:11:24.849+00:00,1148.898,manual,Manual cook,temp,1400,108.9,,esp32,,0,,,,,,,,,,,,0,375.0,0.0,0.0,0,NONE
2026-09-29T18:11:25.849+00:00,1149.898,manual,Manual cook,temp,1400,108.9,,esp32,,0,,,,,,,,,,,,0,375.0,0.0,0.0,0,NONE
2026-09-29T18:11:26.349+00:00,1150.398,manual,Manual cook,temp,1400,109.8,,esp32,,0,,,,,,,,,,,,0,375.0,0.0,0.0,0,NONE
2026-09-29T18:11:27.349+00:00,1151.398,manual,Manual cook,temp,1400,109.8,,esp32,,0,,,,,,,,,,,,0,375.0,0.0,0.0,0,NONE
2026-09-29T18:11:28.349+00:00,1152.398,manual,Manual cook,temp,1400,109.8,,esp32,,0,,,,,,,,,,,,0,375.0,0.0,0.0,0,NONE
2026-09-29T18:11:29.349+00:00,1153.398,manual,Manual cook,temp,1400,109.4,,esp32,,0,,,,,,,,,,,,0,375.0,0.0,0.0,0,NONE
2026-09-29T18:11:30.349+00:00,1154.398,manual,Manual cook,temp,1400,109.4,,esp32,,0,,,,,,,,,,,,0,375.0,0.0,0.0,0,NONE
2026-09-29T18:11:31.349+00:00,1155.398,manual,Manual cook,temp,1400,108.5,,esp32,,0,,,,,,,,,,,,0,375.0,0.0,0.0,0,NONE
2026-09-29T18:11:32.349+00:00,1156.398,manual,Manual cook,temp,1400,108.9,,esp32,,0,,,,,,,,,,,,0,375.0,0.0,0.0,0,NONE
2026-09-29T18:11:33.350+00:00,1157.399,manual,Manual cook,temp,1400,108.5,,esp32,,0,,,,,,,,,,,,0,375.0,0.0,0.0,0,NONE
2026-09-29T18:11:34.349+00:00,1158.398,manual,Manual cook,temp,1400,108.9,,esp32,,0,,,,,,,,,,,,0,375.0,0.0,0.0,0,NONE
2026-09-29T18:11:35.349+00:00,1159.398,manual,Manual cook,temp,1400,108.5,,esp32,,0,,,,,,,,,,,,0,375.0,0.0,0.0,0,NONE
2026-09-29T18:11:36.349+00:00,1160.398,manual,Manual cook,temp,1400,108.9,,esp32,,0,,,,,,,,,,,,0,375.0,0.0,0.0,0,NONE
2026-09-29T18:11:37.349+00:00,1161.398,manual,Manual cook,temp,1400,109.4,,esp32,,0,,,,,,,,,,,,0,375.0,0.0,0.0,0,NONE
2026-09-29T18:11:38.349+00:00,1162.398,manual,Manual cook,temp,1400,108.9,,esp32,,0,,,,,,,,,,,,0,375.0,0.0,0.0,0,NONE
2026-09-29T18:11:38.850+00:00,1162.899,manual,Manual cook,temp,1400,108.9,,esp32,,0,,,,,,,,,,,,0,375.0,0.0,0.0,0,NONE
2026-09-29T18:11:39.849+00:00,1163.898,manual,Manual cook,temp,1400,108.9,,esp32,,0,,,,,,,,,,,,0,375.0,0.0,0.0,0,NONE
2026-09-29T18:11:40.349+00:00,1164.398,manual,Manual cook,temp,1400,108.9,,esp32,,0,,,,,,,,,,,,0,375.0,0.0,0.0,0,NONE
2026-09-29T18:11:40.849+00:00,1164.898,manual,Manual cook,temp,1400,109.4,,esp32,,0,,,,,,,,,,,,0,375.0,0.0,0.0,0,NONE
2026-09-29T18:11:41.849+00:00,1165.898,manual,Manual cook,temp,1400,108.9,,esp32,,0,,,,,,,,,,,,0,375.0,0.0,0.0,0,NONE
2026-09-29T18:11:42.848+00:00,1166.897,manual,Manual cook,temp,1400,108.1,,esp32,,0,,,,,,,,,,,,0,375.0,0.0,0.0,0,NONE
2026-09-29T18:11:43.349+00:00,1167.398,manual,Manual cook,temp,1400,108.9,,esp32,,0,,,,,,,,,,,,0,375.0,0.0,0.0,0,NONE
2026-09-29T18:11:44.349+00:00,1168.398,manual,Manual cook,temp,1400,108.9,,esp32,,0,,,,,,,,,,,,0,375.0,0.0,0.0,0,NONE
2026-09-29T18:11:44.849+00:00,1168.898,manual,Manual cook,temp,1400,108.9,,esp32,,0,,,,,,,,,,,,0,375.0,0.0,0.0,0,NONE
2026-09-29T18:11:45.848+00:00,1169.897,manual,Manual cook,temp,1400,108.9,,esp32,,0,,,,,,,,,,,,0,375.0,0.0,0.0,0,NONE
2026-09-29T18:11:46.348+00:00,1170.397,manual,Manual cook,temp,1400,108.9,,esp32,,0,,,,,,,,,,,,0,375.0,0.0,0.0,0,NONE
2026-09-29T18:11:47.348+00:00,1171.397,manual,Manual cook,temp,1400,108.9,,esp32,,0,,,,,,,,,,,,0,375.0,0.0,0.0,0,NONE
2026-09-29T18:11:48.348+00:00,1172.397,manual,Manual cook,temp,1400,108.9,,esp32,,0,,,,,,,,,,,,0,375.0,0.0,0.0,0,NONE
2026-09-29T18:11:49.348+00:00,1173.397,manual,Manual cook,temp,1400,108.9,,esp32,,0,,,,,,,,,,,,0,375.0,0.0,0.0,0,NONE
2026-09-29T18:11:50.349+00:00,1174.398,manual,Manual cook,temp,1400,108.5,,esp32,,0,,,,,,,,,,,,0,375.0,0.0,0.0,0,NONE
2026-09-29T18:11:50.849+00:00,1174.898,manual,Manual cook,temp,1400,108.9,,esp32,,0,,,,,,,,,,,,0,375.0,0.0,0.0,0,NONE
2026-09-29T18:11:51.848+00:00,1175.897,manual,Manual cook,temp,1400,108.9,,esp32,,0,,,,,,,,,,,,0,375.0,0.0,0.0,0,NONE
2026-09-29T18:11:52.848+00:00,1176.897,manual,Manual cook,temp,1400,108.5,,esp32,,0,,,,,,,,,,,,0,375.0,0.0,0.0,0,NONE
2026-09-29T18:11:53.848+00:00,1177.897,manual,Manual cook,temp,1400,107.6,,esp32,,0,,,,,,,,,,,,0,375.0,0.0,0.0,0,NONE
2026-09-29T18:11:54.348+00:00,1178.397,manual,Manual cook,temp,1400,108.1,,esp32,,0,,,,,,,,,,,,0,375.0,0.0,0.0,0,NONE
2026-09-29T18:11:54.848+00:00,1178.897,manual,Manual cook,temp,1400,108.5,,esp32,,0,,,,,,,,,,,,0,375.0,0.0,0.0,0,NONE
2026-09-29T18:11:55.348+00:00,1179.397,manual,Manual cook,temp,1400,108.5,,esp32,,0,,,,,,,,,,,,0,375.0,0.0,0.0,0,NONE
2026-09-29T18:11:56.349+00:00,1180.398,manual,Manual cook,temp,1400,108.9,,esp32,,0,,,,,,,,,,,,0,375.0,0.0,0.0,0,NONE
2026-09-29T18:11:57.349+00:00,1181.398,manual,Manual cook,temp,1400,108.1,,esp32,,0,,,,,,,,,,,,0,375.0,0.0,0.0,0,NONE
2026-09-29T18:11:58.349+00:00,1182.398,manual,Manual cook,temp,1400,107.6,,esp32,,0,,,,,,,,,,,,0,375.0,0.0,0.0,0,NONE
2026-09-29T18:11:58.849+00:00,1182.898,manual,Manual cook,temp,1400,107.6,,esp32,,0,,,,,,,,,,,,0,375.0,0.0,0.0,0,NONE
2026-09-29T18:11:59.848+00:00,1183.897,manual,Manual cook,temp,1400,108.1,,esp32,,0,,,,,,,,,,,,0,375.0,0.0,0.0,0,NONE
2026-09-29T18:12:00.848+00:00,1184.897,manual,Manual cook,temp,1400,108.9,,esp32,,0,,,,,,,,,,,,0,375.0,0.0,0.0,0,NONE
2026-09-29T18:12:01.848+00:00,1185.897,manual,Manual cook,temp,1400,108.1,,esp32,,0,,,,,,,,,,,,0,375.0,0.0,0.0,0,NONE
2026-09-29T18:12:02.348+00:00,1186.397,manual,Manual cook,temp,1400,108.1,,esp32,,0,,,,,,,,,,,,0,375.0,0.0,0.0,0,NONE
2026-09-29T18:12:02.848+00:00,1186.897,manual,Manual cook,temp,1400,107.6,,esp32,,0,,,,,,,,,,,,0,375.0,0.0,0.0,0,NONE
2026-09-29T18:12:03.848+00:00,1187.897,manual,Manual cook,temp,1400,108.1,,esp32,,0,,,,,,,,,,,,0,375.0,0.0,0.0,0,NONE
2026-09-29T18:12:04.349+00:00,1188.398,manual,Manual cook,temp,1400,107.6,,esp32,,0,,,,,,,,,,,,0,375.0,0.0,0.0,0,NONE
2026-09-29T18:12:05.348+00:00,1189.397,manual,Manual cook,temp,1400,108.1,,esp32,,0,,,,,,,,,,,,0,375.0,0.0,0.0,0,NONE
2026-09-29T18:12:05.848+00:00,1189.897,manual,Manual cook,temp,1400,107.6,,esp32,,0,,,,,,,,,,,,0,375.0,0.0,0.0,0,NONE
2026-09-29T18:12:06.848+00:00,1190.897,manual,Manual cook,temp,1400,108.1,,esp32,,0,,,,,,,,,,,,0,375.0,0.0,0.0,0,NONE
2026-09-29T18:12:07.848+00:00,1191.897,manual,Manual cook,temp,1400,107.2,,esp32,,0,,,,,,,,,,,,0,375.0,0.0,0.0,0,NONE
2026-09-29T18:12:08.848+00:00,1192.897,manual,Manual cook,temp,1400,108.1,,esp32,,0,,,,,,,,,,,,0,375.0,0.0,0.0,0,NONE
2026-09-29T18:12:09.348+00:00,1193.397,manual,Manual cook,temp,1400,108.1,,esp32,,0,,,,,,,,,,,,0,375.0,0.0,0.0,0,NONE
2026-09-29T18:12:09.849+00:00,1193.898,manual,Manual cook,temp,1400,108.1,,esp32,,0,,,,,,,,,,,,0,375.0,0.0,0.0,0,NONE
2026-09-29T18:12:10.848+00:00,1194.897,manual,Manual cook,temp,1400,107.2,,esp32,,0,,,,,,,,,,,,0,375.0,0.0,0.0,0,NONE
2026-09-29T18:12:11.847+00:00,1195.896,manual,Manual cook,temp,1400,108.1,,esp32,,0,,,,,,,,,,,,0,375.0,0.0,0.0,0,NONE
2026-09-29T18:12:12.847+00:00,1196.896,manual,Manual cook,temp,1400,108.1,,esp32,,0,,,,,,,,,,,,0,375.0,0.0,0.0,0,NONE
2026-09-29T18:12:13.347+00:00,1197.397,manual,Manual cook,temp,1400,108.1,,esp32,,0,,,,,,,,,,,,0,375.0,0.0,0.0,0,NONE
2026-09-29T18:12:14.347+00:00,1198.396,manual,Manual cook,temp,1400,106.7,,esp32,,0,,,,,,,,,,,,0,375.0,0.0,0.0,0,NONE
2026-09-29T18:12:15.348+00:00,1199.397,manual,Manual cook,temp,1400,106.2,,esp32,,0,,,,,,,,,,,,0,375.0,0.0,0.0,0,NONE
2026-09-29T18:12:15.848+00:00,1199.897,manual,Manual cook,temp,1400,106.7,,esp32,,0,,,,,,,,,,,,0,375.0,0.0,0.0,0,NONE
