timestamp_utc,elapsed_s,cook_type,cook_name,mode,fan_speed_rpm,chamber_temp_f,effective_probe_temp_f,probe_source,esp32_probe_temp_f,inkbird_connected,inkbird_battery_pct,inkbird_internal_1_f,inkbird_internal_2_f,inkbird_internal_3_f,inkbird_internal_4_f,inkbird_ambient_f,inkbird_internal_1_raw_f,inkbird_internal_2_raw_f,inkbird_internal_3_raw_f,inkbird_internal_4_raw_f,inkbird_ambient_raw_f,drawer_closed,set_temperature_f,top_heater_duty_pct,bottom_heater_duty_pct,paused,fault
2026-09-28T17:17:24.015+00:00,0.008,manual,Manual cook,temp,0,228.2,,esp32,,0,,,,,,,,,,,,1,375.0,0.0,0.0,0,NONE
2026-09-28T17:17:24.571+00:00,0.564,manual,Manual cook,temp,2100,227.3,,esp32,,0,,,,,,,,,,,,1,375.0,22.0,0.0,0,NONE
2026-09-28T17:17:25.071+00:00,1.064,manual,Manual cook,temp,2100,225.5,,esp32,,0,,,,,,,,,,,,1,375.0,42.0,0.0,0,NONE
2026-09-28T17:20:15.443+00:00,2.064,manual,Manual cook,temp,2100,226.4,,esp32,,0,,,,,,,,,,,,1,375.0,82.0,0.0,0,NONE
2026-09-28T17:20:16.443+00:00,3.064,manual,Manual cook,temp,2100,228.2,,esp32,,0,,,,,,,,,,,,1,375.0,100.0,0.0,0,NONE
2026-09-28T17:20:17.443+00:00,4.064,manual,Manual cook,temp,2100,228.6,,esp32,,0,,,,,,,,,,,,1,375.0,100.0,0.0,0,NONE
2026-09-28T17:20:17.943+00:00,4.564,manual,Manual cook,temp,2100,228.6,,esp32,,0,,,,,,,,,,,,1,375.0,100.0,0.0,0,NONE
2026-09-28T17:20:18.943+00:00,5.564,manual,Manual cook,temp,2100,229.6,,esp32,,0,,,,,,,,,,,,1,375.0,100.0,0.0,0,NONE
2026-09-28T17:20:19.943+00:00,6.564,manual,Manual cook,temp,2100,229.6,,esp32,,0,,,,,,,,,,,,1,375.0,100.0,0.0,0,NONE
2026-09-28T17:20:20.443+00:00,7.064,manual,Manual cook,temp,2100,231.4,,esp32,,0,,,,,,,,,,,,1,375.0,100.0,0.0,0,NONE
2026-09-28T17:20:20.943+00:00,7.564,manual,Manual cook,temp,2100,231.4,,esp32,,0,,,,,,,,,,,,1,375.0,100.0,0.0,0,NONE
2026-09-28T17:20:21.443+00:00,8.064,manual,Manual cook,temp,2100,232.7,,esp32,,0,,,,,,,,,,,,1,375.0,100.0,0.0,0,NONE
2026-09-28T17:20:22.443+00:00,9.064,manual,Manual cook,temp,2100,234.1,,esp32,,0,,,,,,,,,,,,1,375.0,100.0,0.0,0,NONE
2026-09-28T17:20:23.443+00:00,10.064,manual,Manual cook,temp,2100,234.5,,esp32,,0,,,,,,,,,,,,1,375.0,100.0,0.0,0,NONE
2026-09-28T17:20:23.943+00:00,10.564,manual,Manual cook,temp,2100,234.5,,esp32,,0,,,,,,,,,,,,1,375.0,100.0,0.0,0,NONE
2026-09-28T17:20:24.443+00:00,11.064,manual,Manual cook,temp,2100,237.2,,esp32,,0,,,,,,,,,,,,1,375.0,100.0,0.0,0,NONE
2026-09-28T17:20:25.443+00:00,12.064,manual,Manual cook,temp,2100,237.6,,esp32,,0,,,,,,,,,,,,1,375.0,100.0,0.0,0,NONE
2026-09-28T17:20:25.943+00:00,12.564,manual,Manual cook,temp,2100,238.1,,esp32,,0,,,,,,,,,,,,1,375.0,100.0,0.0,0,NONE
2026-09-28T17:20:26.943+00:00,13.564,manual,Manual cook,temp,2100,239.0,,esp32,,0,,,,,,,,,,,,1,375.0,100.0,0.0,0,NONE
2026-09-28T17:20:27.443+00:00,14.064,manual,Manual cook,temp,2100,241.7,,esp32,,0,,,,,,,,,,,,1,375.0,100.0,0.0,0,NONE
2026-09-28T17:20:28.443+00:00,15.064,manual,Manual cook,temp,2100,244.4,,esp32,,0,,,,,,,,,,,,1,375.0,100.0,0.0,0,NONE
2026-09-28T17:20:29.443+00:00,16.064,manual,Manual cook,temp,2100,245.3,,esp32,,0,,,,,,,,,,,,1,375.0,100.0,0.0,0,NONE
2026-09-28T17:20:30.443+00:00,17.064,manual,Manual cook,temp,2100,246.6,,esp32,,0,,,,,,,,,,,,1,375.0,100.0,0.0,0,NONE
2026-09-28T17:20:31.443+00:00,18.064,manual,Manual cook,temp,2100,248.4,,esp32,,0,,,,,,,,,,,,1,375.0,100.0,0.0,0,NONE
2026-09-28T17:20:31.943+00:00,18.564,manual,Manual cook,temp,2100,251.1,,esp32,,0,,,,,,,,,,,,1,375.0,100.0,0.0,0,NONE
2026-09-28T17:20:32.943+00:00,19.564,manual,Manual cook,temp,2100,251.1,,esp32,,0,,,,,,,,,,,,1,375.0,100.0,0.0,0,NONE
2026-09-28T17:20:33.443+00:00,20.064,manual,Manual cook,temp,2100,254.3,,esp32,,0,,,,,,,,,,,,1,375.0,100.0,0.0,0,NONE
2026-09-28T17:20:33.943+00:00,20.564,manual,Manual cook,temp,2100,255.2,,esp32,,0,,,,,,,,,,,,1,375.0,100.0,0.0,0,NONE
2026-09-28T17:20:34.443+00:00,21.064,manual,Manual cook,temp,2100,256.5,,esp32,,0,,,,,,,,,,,,1,375.0,100.0,0.0,0,NONE
2026-09-28T17:20:35.443+00:00,22.064,manual,Manual cook,temp,2100,258.4,,esp32,,0,,,,,,,,,,,,1,375.0,100.0,0.0,0,NONE
2026-09-28T17:20:36.443+00:00,23.064,manual,Manual cook,temp,2100,260.1,,esp32,,0,,,,,,,,,,,,1,375.0,100.0,0.0,0,NONE
2026-09-28T17:20:37.443+00:00,24.064,manual,Manual cook,temp,2100,261.0,,esp32,,0,,,,,,,,,,,,1,375.0,100.0,0.0,0,NONE
2026-09-28T17:20:38.443+00:00,25.064,manual,Manual cook,temp,2100,264.2,,esp32,,0,,,,,,,,,,,,1,375.0,100.0,0.0,0,NONE
2026-09-28T17:20:39.443+00:00,26.064,manual,Manual cook,temp,2100,265.5,,esp32,,0,,,,,,,,,,,,1,375.0,100.0,0.0,0,NONE
2026-09-28T17:20:39.943+00:00,26.564,manual,Manual cook,temp,2100,268.7,,esp32,,0,,,,,,,,,,,,1,375.0,100.0,0.0,0,NONE
2026-09-28T17:20:40.943+00:00,27.564,manual,Manual cook,temp,2100,270.0,,esp32,,0,,,,,,,,,,,,1,375.0,100.0,0.0,0,NONE
2026-09-28T17:20:41.443+00:00,28.064,manual,Manual cook,temp,2100,271.0,,esp32,,0,,,,,,,,,,,,1,375.0,100.0,0.0,0,NONE
2026-09-28T17:20:41.944+00:00,28.565,manual,Manual cook,temp,2100,271.4,,esp32,,0,,,,,,,,,,,,1,375.0,100.0,0.0,0,NONE
2026-09-28T17:20:42.944+00:00,29.565,manual,Manual cook,temp,2100,275.0,,esp32,,0,,,,,,,,,,,,1,375.0,100.0,0.0,0,NONE
2026-09-28T17:20:43.943+00:00,30.565,manual,Manual cook,temp,2100,278.1,,esp32,,0,,,,,,,,,,,,1,375.0,100.0,0.0,0,NONE
2026-09-28T17:20:44.943+00:00,31.564,manual,Manual cook,temp,2100,279.0,,esp32,,0,,,,,,,,,,,,1,375.0,100.0,0.0,0,NONE
2026-09-28T17:20:45.444+00:00,32.065,manual,Manual cook,temp,2100,280.4,,esp32,,0,,,,,,,,,,,,1,375.0,100.0,0.0,0,NONE
2026-09-28T17:20:46.443+00:00,33.064,manual,Manual cook,temp,2100,284.0,,esp32,,0,,,,,,,,,,,,1,375.0,100.0,0.0,0,NONE
2026-09-28T17:20:47.443+00:00,34.064,manual,Manual cook,temp,2100,285.4,,esp32,,0,,,,,,,,,,,,1,375.0,100.0,0.0,0,NONE
2026-09-28T17:20:47.943+00:00,34.564,manual,Manual cook,temp,2100,286.7,,esp32,,0,,,,,,,,,,,,1,375.0,100.0,0.0,0,NONE
2026-09-28T17:20:48.943+00:00,35.564,manual,Manual cook,temp,2100,288.5,,esp32,,0,,,,,,,,,,,,1,375.0,100.0,0.0,0,NONE
2026-09-28T17:20:49.443+00:00,36.064,manual,Manual cook,temp,2100,289.0,,esp32,,0,,,,,,,,,,,,1,375.0,100.0,0.0,0,NONE
2026-09-28T17:20:49.943+00:00,36.564,manual,Manual cook,temp,2100,292.5,,esp32,,0,,,,,,,,,,,,1,375.0,100.0,0.0,0,NONE
2026-09-28T17:20:50.943+00:00,37.564,manual,Manual cook,temp,2100,293.9,,esp32,,0,,,,,,,,,,,,1,375.0,100.0,0.0,0,NONE
2026-09-28T17:20:51.444+00:00,38.065,manual,Manual cook,temp,2100,295.3,,esp32,,0,,,,,,,,,,,,1,375.0,100.0,0.0,0,NONE
2026-09-28T17:20:52.443+00:00,39.064,manual,Manual cook,temp,2100,296.1,,esp32,,0,,,,,,,,,,,,1,375.0,100.0,0.0,0,NONE
2026-09-28T17:20:53.443+00:00,40.064,manual,Manual cook,temp,2100,299.3,,esp32,,0,,,,,,,,,,,,1,375.0,100.0,0.0,0,NONE
2026-09-28T17:20:53.943+00:00,40.565,manual,Manual cook,temp,2100,300.6,,esp32,,0,,,,,,,,,,,,1,375.0,100.0,0.0,0,NONE
2026-09-28T17:20:54.443+00:00,41.065,manual,Manual cook,temp,2100,301.5,,esp32,,0,,,,,,,,,,,,1,375.0,100.0,0.0,0,NONE
2026-09-28T17:20:54.943+00:00,41.565,manual,Manual cook,temp,2100,303.4,,esp32,,0,,,,,,,,,,,,1,375.0,100.0,0.0,0,NONE
2026-09-28T17:20:55.444+00:00,42.065,manual,Manual cook,temp,2100,305.6,,esp32,,0,,,,,,,,,,,,1,375.0,100.0,0.0,0,NONE
2026-09-28T17:20:56.444+00:00,43.065,manual,Manual cook,temp,2100,306.5,,esp32,,0,,,,,,,,,,,,1,375.0,100.0,0.0,0,NONE
2026-09-28T17:20:57.444+00:00,44.066,manual,Manual cook,temp,2100,309.2,,esp32,,0,,,,,,,,,,,,1,375.0,100.0,0.0,0,NONE
2026-09-28T17:20:57.944+00:00,44.566,manual,Manual cook,temp,2100,310.5,,esp32,,0,,,,,,,,,,,,1,375.0,100.0,0.0,0,NONE
2026-09-28T17:20:58.944+00:00,45.565,manual,Manual cook,temp,2100,312.8,,esp32,,0,,,,,,,,,,,,1,375.0,89.0,0.0,0,NONE
2026-09-28T17:20:59.444+00:00,46.065,manual,Manual cook,temp,2100,315.0,,esp32,,0,,,,,,,,,,,,1,375.0,100.0,0.0,0,NONE
2026-09-28T17:21:00.444+00:00,47.065,manual,Manual cook,temp,2100,317.8,,esp32,,0,,,,,,,,,,,,1,375.0,97.0,0.0,0,NONE
2026-09-28T17:21:01.444+00:00,48.065,manual,Manual cook,temp,2100,319.5,,esp32,,0,,,,,,,,,,,,1,375.0,100.0,0.0,0,NONE
2026-09-28T17:21:02.444+00:00,49.065,manual,Manual cook,temp,2100,321.4,,esp32,,0,,,,,,,,,,,,1,375.0,98.0,0.0,0,NONE
2026-09-28T17:21:02.944+00:00,49.565,manual,Manual cook,temp,2100,321.4,,esp32,,0,,,,,,,,,,,,1,375.0,97.0,0.0,0,NONE
2026-09-28T17:21:03.445+00:00,50.066,manual,Manual cook,temp,2100,322.7,,esp32,,0,,,,,,,,,,,,1,375.0,88.0,0.0,0,NONE
2026-09-28T17:21:04.444+00:00,51.065,manual,Manual cook,temp,2100,325.4,,esp32,,0,,,,,,,,,,,,1,375.0,76.0,0.0,0,NONE
2026-09-28T17:21:05.444+00:00,52.065,manual,Manual cook,temp,2100,327.6,,esp32,,0,,,,,,,,,,,,1,375.0,80.0,0.0,0,NONE
2026-09-28T17:21:05.944+00:00,52.565,manual,Manual cook,temp,2100,328.1,,esp32,,0,,,,,,,,,,,,1,375.0,94.0,0.0,0,NONE
2026-09-28T17:21:06.444+00:00,53.065,manual,Manual cook,temp,2100,330.8,,esp32,,0,,,,,,,,,,,,1,375.0,61.0,0.0,0,NONE
2026-09-28T17:21:07.444+00:00,54.065,manual,Manual cook,temp,2100,332.1,,esp32,,0,,,,,,,,,,,,1,375.0,72.0,0.0,0,NONE
2026-09-28T17:21:07.945+00:00,54.566,manual,Manual cook,temp,2100,333.5,,esp32,,0,,,,,,,,,,,,1,375.0,70.0,0.0,0,NONE
2026-09-28T17:21:08.944+00:00,55.565,manual,Manual cook,temp,2100,335.3,,esp32,,0,,,,,,,,,,,,1,375.0,75.0,0.0,0,NONE
2026-09-28T17:21:09.445+00:00,56.066,manual,Manual cook,temp,2100,335.8,,esp32,,0,,,,,,,,,,,,1,375.0,81.0,0.0,0,NONE
2026-09-28T17:21:10.445+00:00,57.066,manual,Manual cook,temp,2100,338.9,,esp32,,0,,,,,,,,,,,,1,375.0,54.0,0.0,0,NONE
2026-09-28T17:21:10.945+00:00,57.566,manual,Manual cook,temp,2100,341.1,,esp32,,0,,,,,,,,,,,,1,375.0,83.0,0.0,0,NONE
2026-09-28T17:21:11.945+00:00,58.566,manual,Manual cook,temp,2100,342.0,,esp32,,0,,,,,,,,,,,,1,375.0,55.0,0.0,0,NONE
2026-09-28T17:21:12.945+00:00,59.566,manual,Manual cook,temp,2100,345.2,,esp32,,0,,,,,,,,,,,,1,375.0,62.0,0.0,0,NONE
2026-09-28T17:21:13.445+00:00,60.066,manual,Manual cook,temp,2100,345.2,,esp32,,0,,,,,,,,,,,,1,375.0,36.0,0.0,0,NONE
2026-09-28T17:21:13.945+00:00,60.566,manual,Manual cook,temp,2100,347.9,,esp32,,0,,,,,,,,,,,,1,375.0,48.0,0.0,0,NONE
2026-09-28T17:21:14.944+00:00,61.565,manual,Manual cook,temp,2100,347.9,,esp32,,0,,,,,,,,,,,,1,375.0,68.0,0.0,0,NONE
2026-09-28T17:21:15.444+00:00,62.065,manual,Manual cook,temp,2100,348.4,,esp32,,0,,,,,,,,,,,,1,375.0,60.0,0.0,0,NONE
2026-09-28T17:21:15.944+00:00,62.565,manual,Manual cook,temp,2100,351.0,,esp32,,0,,,,,,,,,,,,1,375.0,19.0,0.0,0,NONE
2026-09-28T17:21:16.444+00:00,63.065,manual,Manual cook,temp,2100,352.0,,esp32,,0,,,,,,,,,,,,1,375.0,46.0,0.0,0,NONE
2026-09-28T17:21:16.944+00:00,63.565,manual,Manual cook,temp,2100,354.2,,esp32,,0,,,,,,,,,,,,1,375.0,52.0,0.0,0,NONE
2026-09-28T17:21:17.944+00:00,64.565,manual,Manual cook,temp,2100,356.5,,esp32,,0,,,,,,,,,,,,1,375.0,48.0,0.0,0,NONE
2026-09-28T17:21:18.444+00:00,65.065,manual,Manual cook,temp,2100,357.4,,esp32,,0,,,,,,,,,,,,1,375.0,23.0,0.0,0,NONE
2026-09-28T17:21:19.445+00:00,66.066,manual,Manual cook,temp,2100,358.3,,esp32,,0,,,,,,,,,,,,1,375.0,34.0,0.0,0,NONE
2026-09-28T17:21:20.445+00:00,67.066,manual,Manual cook,temp,2100,361.0,,esp32,,0,,,,,,,,,,,,1,375.0,22.0,0.0,0,NONE
2026-09-28T17:21:20.945+00:00,67.566,manual,Manual cook,temp,2100,361.4,,esp32,,0,,,,,,,,,,,,1,375.0,36.0,0.0,0,NONE
2026-09-28T17:21:21.945+00:00,68.566,manual,Manual cook,temp,2100,363.2,,esp32,,0,,,,,,,,,,,,1,375.0,25.0,0.0,0,NONE
2026-09-28T17:21:22.945+00:00,69.566,manual,Manual cook,temp,2100,365.0,,esp32,,0,,,,,,,,,,,,1,375.0,7.0,0.0,0,NONE
2026-09-28T17:21:23.944+00:00,70.565,manual,Manual cook,temp,2100,366.8,,esp32,,0,,,,,,,,,,,,1,375.0,26.0,0.0,0,NONE
2026-09-28T17:21:24.444+00:00,71.065,manual,Manual cook,temp,2100,369.0,,esp32,,0,,,,,,,,,,,,1,375.0,0.0,0.0,0,NONE
2026-09-28T17:21:25.444+00:00,72.065,manual,Manual cook,temp,2100,369.0,,esp32,,0,,,,,,,,,,,,1,375.0,22.0,0.0,0,NONE
2026-09-28T17:21:25.944+00:00,72.565,manual,Manual cook,temp,2100,369.0,,esp32,,0,,,,,,,,,,,,1,375.0,29.0,0.0,0,NONE
2026-09-28T17:21:26.944+00:00,73.565,manual,Manual cook,temp,2100,371.3,,esp32,,0,,,,,,,,,,,,1,375.0,2.0,0.0,0,NONE
2026-09-28T17:21:27.444+00:00,74.065,manual,Manual cook,temp,2100,372.2,,esp32,,0,,,,,,,,,,,,1,375.0,0.0,0.0,0,NONE
2026-09-28T17:21:28.445+00:00,75.066,manual,Manual cook,temp,2100,374.5,,esp32,,0,,,,,,,,,,,,1,375.0,6.0,0.0,0,NONE
2026-09-28T17:21:28.945+00:00,75.566,manual,Manual cook,temp,2100,374.5,,esp32,,0,,,,,,,,,,,,1,375.0,0.0,0.0,0,NONE
2026-09-28T17:21:29.945+00:00,76.566,manual,Manual cook,temp,2100,376.3,,esp32,,0,,,,,,,,,,,,1,375.0,0.0,0.0,0,NONE
2026-09-28T17:21:30.944+00:00,77.566,manual,Manual cook,temp,2100,376.3,,esp32,,0,,,,,,,,,,,,1,375.0,22.0,0.0,0,NONE
2026-09-28T17:21:31.944+00:00,78.565,manual,Manual cook,temp,2100,377.6,,esp32,,0,,,,,,,,,,,,1,375.0,0.0,0.0,0,NONE
2026-09-28T17:21:32.944+00:00,79.565,manual,Manual cook,temp,2100,379.0,,esp32,,0,,,,,,,,,,,,1,375.0,0.0,0.0,0,NONE
2026-09-28T17:21:33.944+00:00,80.565,manual,Manual cook,temp,2100,380.3,,esp32,,0,,,,,,,,,,,,1,375.0,1.0,0.0,0,NONE
2026-09-28T17:21:34.944+00:00,81.565,manual,Manual cook,temp,2100,381.2,,esp32,,0,,,,,,,,,,,,1,375.0,0.0,0.0,0,NONE
2026-09-28T17:21:35.445+00:00,82.066,manual,Manual cook,temp,2100,380.8,,esp32,,0,,,,,,,,,,,,1,375.0,0.0,0.0,0,NONE
2026-09-28T17:21:36.445+00:00,83.066,manual,Manual cook,temp,2100,382.5,,esp32,,0,,,,,,,,,,,,1,375.0,0.0,0.0,0,NONE
2026-09-28T17:21:36.945+00:00,83.566,manual,Manual cook,temp,2100,381.6,,esp32,,0,,,,,,,,,,,,1,375.0,0.0,0.0,0,NONE
2026-09-28T17:21:37.945+00:00,84.566,manual,Manual cook,temp,2100,382.5,,esp32,,0,,,,,,,,,,,,1,375.0,0.0,0.0,0,NONE
2026-09-28T17:21:38.946+00:00,85.567,manual,Manual cook,temp,2100,382.1,,esp32,,0,,,,,,,,,,,,1,375.0,9.0,0.0,0,NONE
2026-09-28T17:21:39.944+00:00,86.565,manual,Manual cook,temp,2100,383.0,,esp32,,0,,,,,,,,,,,,1,375.0,0.0,0.0,0,NONE
2026-09-28T17:21:40.944+00:00,87.565,manual,Manual cook,temp,2100,382.5,,esp32,,0,,,,,,,,,,,,1,375.0,2.0,0.0,0,NONE
2026-09-28T17:21:41.944+00:00,88.565,manual,Manual cook,temp,2100,383.9,,esp32,,0,,,,,,,,,,,,1,375.0,0.0,0.0,0,NONE
2026-09-28T17:21:42.444+00:00,89.065,manual,Manual cook,temp,2100,383.5,,esp32,,0,,,,,,,,,,,,1,375.0,0.0,0.0,0,NONE
2026-09-28T17:21:43.444+00:00,90.065,manual,Manual cook,temp,2100,382.5,,esp32,,0,,,,,,,,,,,,1,375.0,15.0,0.0,0,NONE
2026-09-28T17:21:43.945+00:00,90.566,manual,Manual cook,temp,2100,383.9,,esp32,,0,,,,,,,,,,,,1,375.0,0.0,0.0,0,NONE
2026-09-28T17:21:44.944+00:00,91.565,manual,Manual cook,temp,2100,383.5,,esp32,,0,,,,,,,,,,,,1,375.0,0.0,0.0,0,NONE
2026-09-28T17:21:45.944+00:00,92.565,manual,Manual cook,temp,2100,384.4,,esp32,,0,,,,,,,,,,,,1,375.0,0.0,0.0,0,NONE
2026-09-28T17:21:46.444+00:00,93.065,manual,Manual cook,temp,2100,382.5,,esp32,,0,,,,,,,,,,,,1,375.0,0.0,0.0,0,NONE
2026-09-28T17:21:47.444+00:00,94.065,manual,Manual cook,temp,2100,383.5,,esp32,,0,,,,,,,,,,,,1,375.0,0.0,0.0,0,NONE
2026-09-28T17:21:48.444+00:00,95.065,manual,Manual cook,temp,2100,383.9,,esp32,,0,,,,,,,,,,,,1,375.0,0.0,0.0,0,NONE
2026-09-28T17:21:48.944+00:00,95.566,manual,Manual cook,temp,2100,383.9,,esp32,,0,,,,,,,,,,,,1,440.0,0.0,0.0,0,NONE
2026-09-28T17:21:49.445+00:00,96.066,manual,Manual cook,temp,2100,383.9,,esp32,,0,,,,,,,,,,,,1,450.0,20.0,0.0,0,NONE
2026-09-28T17:21:49.945+00:00,96.566,manual,Manual cook,temp,2100,383.9,,esp32,,0,,,,,,,,,,,,1,450.0,40.0,0.0,0,NONE
2026-09-28T17:21:50.944+00:00,97.565,manual,Manual cook,temp,2100,383.5,,esp32,,0,,,,,,,,,,,,1,450.0,80.0,0.0,0,NONE
2026-09-28T17:21:51.444+00:00,98.065,manual,Manual cook,temp,2100,383.5,,esp32,,0,,,,,,,,,,,,1,450.0,100.0,0.0,0,NONE
2026-09-28T17:21:52.444+00:00,99.066,manual,Manual cook,temp,2100,383.9,,esp32,,0,,,,,,,,,,,,1,450.0,100.0,0.0,0,NONE
2026-09-28T17:21:53.444+00:00,100.066,manual,Manual cook,temp,2100,384.8,,esp32,,0,,,,,,,,,,,,1,450.0,100.0,0.0,0,NONE
2026-09-28T17:21:54.444+00:00,101.065,manual,Manual cook,temp,2100,385.7,,esp32,,0,,,,,,,,,,,,1,450.0,93.0,0.0,0,NONE
2026-09-28T17:21:54.944+00:00,101.565,manual,Manual cook,temp,2100,385.7,,esp32,,0,,,,,,,,,,,,1,450.0,100.0,0.0,0,NONE
2026-09-28T17:21:55.445+00:00,102.066,manual,Manual cook,temp,2100,385.7,,esp32,,0,,,,,,,,,,,,1,450.0,100.0,0.0,0,NONE
2026-09-28T17:21:56.444+00:00,103.065,manual,Manual cook,temp,2100,386.6,,esp32,,0,,,,,,,,,,,,1,450.0,100.0,0.0,0,NONE
2026-09-28T17:21:57.444+00:00,104.065,manual,Manual cook,temp,2100,387.0,,esp32,,0,,,,,,,,,,,,1,450.0,100.0,0.0,0,NONE
2026-09-28T17:21:58.444+00:00,105.065,manual,Manual cook,temp,2100,389.8,,esp32,,0,,,,,,,,,,,,1,450.0,100.0,0.0,0,NONE
2026-09-28T17:21:59.444+00:00,106.065,manual,Manual cook,temp,2100,389.8,,esp32,,0,,,,,,,,,,,,1,450.0,100.0,0.0,0,NONE
2026-09-28T17:22:00.444+00:00,107.065,manual,Manual cook,temp,2100,391.1,,esp32,,0,,,,,,,,,,,,1,450.0,100.0,0.0,0,NONE
2026-09-28T17:22:00.945+00:00,107.566,manual,Manual cook,temp,2100,392.0,,esp32,,0,,,,,,,,,,,,1,450.0,100.0,0.0,0,NONE
2026-09-28T17:22:01.944+00:00,108.565,manual,Manual cook,temp,2100,392.9,,esp32,,0,,,,,,,,,,,,1,450.0,100.0,0.0,0,NONE
2026-09-28T17:22:02.944+00:00,109.565,manual,Manual cook,temp,2100,392.9,,esp32,,0,,,,,,,,,,,,1,450.0,99.0,0.0,0,NONE
2026-09-28T17:22:03.444+00:00,110.065,manual,Manual cook,temp,2100,392.9,,esp32,,0,,,,,,,,,,,,1,450.0,100.0,0.0,0,NONE
2026-09-28T17:22:04.444+00:00,111.065,manual,Manual cook,temp,2100,394.7,,esp32,,0,,,,,,,,,,,,1,450.0,100.0,0.0,0,NONE
2026-09-28T17:22:05.444+00:00,112.065,manual,Manual cook,temp,2100,397.0,,esp32,,0,,,,,,,,,,,,1,450.0,96.0,0.0,0,NONE
2026-09-28T17:22:06.444+00:00,113.065,manual,Manual cook,temp,2100,397.9,,esp32,,0,,,,,,,,,,,,1,450.0,94.0,0.0,0,NONE
2026-09-28T17:22:07.443+00:00,114.065,manual,Manual cook,temp,2100,399.2,,esp32,,0,,,,,,,,,,,,1,450.0,78.0,0.0,0,NONE
2026-09-28T17:22:08.443+00:00,115.065,manual,Manual cook,temp,2100,400.5,,esp32,,0,,,,,,,,,,,,1,450.0,91.0,0.0,0,NONE
2026-09-28T17:22:09.444+00:00,116.065,manual,Manual cook,temp,2100,401.5,,esp32,,0,,,,,,,,,,,,1,450.0,100.0,0.0,0,NONE
2026-09-28T17:22:10.443+00:00,117.065,manual,Manual cook,temp,2100,403.7,,esp32,,0,,,,,,,,,,,,1,450.0,87.0,0.0,0,NONE
2026-09-28T17:22:11.444+00:00,118.065,manual,Manual cook,temp,2100,403.7,,esp32,,0,,,,,,,,,,,,1,450.0,100.0,0.0,0,NONE
2026-09-28T17:22:12.444+00:00,119.065,manual,Manual cook,temp,2100,406.0,,esp32,,0,,,,,,,,,,,,1,450.0,75.0,0.0,0,NONE
2026-09-28T17:22:13.443+00:00,120.065,manual,Manual cook,temp,2100,406.0,,esp32,,0,,,,,,,,,,,,1,450.0,90.0,0.0,0,NONE
2026-09-28T17:22:14.443+00:00,121.064,manual,Manual cook,temp,2100,407.8,,esp32,,0,,,,,,,,,,,,1,450.0,80.0,0.0,0,NONE
2026-09-28T17:22:14.943+00:00,121.564,manual,Manual cook,temp,2100,408.6,,esp32,,0,,,,,,,,,,,,1,450.0,95.0,0.0,0,NONE
2026-09-28T17:22:15.943+00:00,122.564,manual,Manual cook,temp,2100,410.0,,esp32,,0,,,,,,,,,,,,1,450.0,70.0,0.0,0,NONE
2026-09-28T17:22:16.943+00:00,123.564,manual,Manual cook,temp,2100,410.9,,esp32,,0,,,,,,,,,,,,1,450.0,76.0,0.0,0,NONE
2026-09-28T17:22:17.443+00:00,124.064,manual,Manual cook,temp,2100,411.8,,esp32,,0,,,,,,,,,,,,1,450.0,75.0,0.0,0,NONE
2026-09-28T17:22:17.944+00:00,124.566,manual,Manual cook,temp,2100,412.7,,esp32,,0,,,,,,,,,,,,1,450.0,73.0,0.0,0,NONE
2026-09-28T17:22:18.943+00:00,125.564,manual,Manual cook,temp,2100,413.6,,esp32,,0,,,,,,,,,,,,1,450.0,86.0,0.0,0,NONE
2026-09-28T17:22:19.443+00:00,126.064,manual,Manual cook,temp,2100,415.0,,esp32,,0,,,,,,,,,,,,1,450.0,62.0,0.0,0,NONE
2026-09-28T17:22:20.443+00:00,127.064,manual,Manual cook,temp,2100,416.3,,esp32,,0,,,,,,,,,,,,1,450.0,60.0,0.0,0,NONE
2026-09-28T17:22:21.443+00:00,128.064,manual,Manual cook,temp,2100,416.8,,esp32,,0,,,,,,,,,,,,1,450.0,67.0,0.0,0,NONE
2026-09-28T17:22:22.443+00:00,129.064,manual,Manual cook,temp,2100,419.0,,esp32,,0,,,,,,,,,,,,1,450.0,64.0,0.0,0,NONE
2026-09-28T17:22:22.943+00:00,129.564,manual,Manual cook,temp,2100,419.5,,esp32,,0,,,,,,,,,,,,1,450.0,70.0,0.0,0,NONE
2026-09-28T17:22:23.943+00:00,130.564,manual,Manual cook,temp,2100,419.0,,esp32,,0,,,,,,,,,,,,1,450.0,100.0,0.0,0,NONE
2026-09-28T17:22:24.943+00:00,131.564,manual,Manual cook,temp,2100,423.0,,esp32,,0,,,,,,,,,,,,1,450.0,67.0,0.0,0,NONE
2026-09-28T17:22:25.943+00:00,132.564,manual,Manual cook,temp,2100,424.4,,esp32,,0,,,,,,,,,,,,1,450.0,55.0,0.0,0,NONE
2026-09-28T17:22:26.943+00:00,133.564,manual,Manual cook,temp,2100,424.9,,esp32,,0,,,,,,,,,,,,1,450.0,61.0,0.0,0,NONE
2026-09-28T17:22:27.443+00:00,134.064,manual,Manual cook,temp,2100,425.8,,esp32,,0,,,,,,,,,,,,1,450.0,77.0,0.0,0,NONE
2026-09-28T17:22:27.943+00:00,134.564,manual,Manual cook,temp,2100,425.8,,esp32,,0,,,,,,,,,,,,1,450.0,46.0,0.0,0,NONE
2026-09-28T17:22:28.943+00:00,135.564,manual,Manual cook,temp,2100,427.5,,esp32,,0,,,,,,,,,,,,1,450.0,73.0,0.0,0,NONE
2026-09-28T17:22:29.943+00:00,136.564,manual,Manual cook,temp,2100,428.9,,esp32,,0,,,,,,,,,,,,1,450.0,48.0,0.0,0,NONE
2026-09-28T17:22:30.944+00:00,137.565,manual,Manual cook,temp,2100,430.7,,esp32,,0,,,,,,,,,,,,1,450.0,30.0,0.0,0,NONE
2026-09-28T17:22:31.943+00:00,138.564,manual,Manual cook,temp,2100,430.3,,esp32,,0,,,,,,,,,,,,1,450.0,67.0,0.0,0,NONE
2026-09-28T17:22:32.943+00:00,139.564,manual,Manual cook,temp,2100,431.1,,esp32,,0,,,,,,,,,,,,1,450.0,80.0,0.0,0,NONE
2026-09-28T17:22:33.444+00:00,140.065,manual,Manual cook,temp,2100,433.9,,esp32,,0,,,,,,,,,,,,1,450.0,34.0,0.0,0,NONE
2026-09-28T17:22:34.443+00:00,141.064,manual,Manual cook,temp,2100,433.9,,esp32,,0,,,,,,,,,,,,1,450.0,54.0,0.0,0,NONE
2026-09-28T17:22:35.443+00:00,142.064,manual,Manual cook,temp,2100,435.6,,esp32,,0,,,,,,,,,,,,1,450.0,29.0,0.0,0,NONE
2026-09-28T17:22:35.943+00:00,142.564,manual,Manual cook,temp,2100,436.1,,esp32,,0,,,,,,,,,,,,1,450.0,42.0,0.0,0,NONE
2026-09-28T17:22:36.443+00:00,143.064,manual,Manual cook,temp,2100,437.5,,esp32,,0,,,,,,,,,,,,1,450.0,50.0,0.0,0,NONE
2026-09-28T17:22:37.443+00:00,144.064,manual,Manual cook,temp,2100,438.8,,esp32,,0,,,,,,,,,,,,1,450.0,31.0,0.0,0,NONE
2026-09-28T17:22:38.443+00:00,145.064,manual,Manual cook,temp,2100,439.7,,esp32,,0,,,,,,,,,,,,1,450.0,28.0,0.0,0,NONE
2026-09-28T17:22:38.943+00:00,145.565,manual,Manual cook,temp,2100,440.6,,esp32,,0,,,,,,,,,,,,1,450.0,51.0,0.0,0,NONE
2026-09-28T17:22:39.942+00:00,146.564,manual,Manual cook,temp,2100,441.0,,esp32,,0,,,,,,,,,,,,1,450.0,33.0,0.0,0,NONE
2026-09-28T17:22:40.443+00:00,147.065,manual,Manual cook,temp,2100,441.5,,esp32,,0,,,,,,,,,,,,1,450.0,32.0,0.0,0,NONE
2026-09-28T17:22:41.443+00:00,148.064,manual,Manual cook,temp,2100,443.3,,esp32,,0,,,,,,,,,,,,1,450.0,45.0,0.0,0,NONE
2026-09-28T17:22:42.442+00:00,149.064,manual,Manual cook,temp,2100,443.8,,esp32,,0,,,,,,,,,,,,1,450.0,28.0,0.0,0,NONE
2026-09-28T17:22:42.942+00:00,149.564,manual,Manual cook,temp,2100,444.6,,esp32,,0,,,,,,,,,,,,1,450.0,11.0,0.0,0,NONE
2026-09-28T17:22:43.943+00:00,150.564,manual,Manual cook,temp,2100,446.5,,esp32,,0,,,,,,,,,,,,1,450.0,18.0,0.0,0,NONE
2026-09-28T17:22:44.942+00:00,151.564,manual,Manual cook,temp,2100,447.4,,esp32,,0,,,,,,,,,,,,1,450.0,14.0,0.0,0,NONE
2026-09-28T17:22:45.942+00:00,152.564,manual,Manual cook,temp,2100,448.3,,esp32,,0,,,,,,,,,,,,1,450.0,19.0,0.0,0,NONE
2026-09-28T17:22:46.442+00:00,153.064,manual,Manual cook,temp,2100,448.7,,esp32,,0,,,,,,,,,,,,1,450.0,27.0,0.0,0,NONE
2026-09-28T17:22:47.442+00:00,154.064,manual,Manual cook,temp,2100,449.6,,esp32,,0,,,,,,,,,,,,1,450.0,10.0,0.0,0,NONE
2026-09-28T17:22:48.442+00:00,155.063,manual,Manual cook,temp,2100,450.5,,esp32,,0,,,,,,,,,,,,1,450.0,22.0,0.0,0,NONE
2026-09-28T17:22:49.443+00:00,156.064,manual,Manual cook,temp,2100,451.9,,esp32,,0,,,,,,,,,,,,1,450.0,12.0,0.0,0,NONE
2026-09-28T17:22:50.442+00:00,157.064,manual,Manual cook,temp,2100,452.3,,esp32,,0,,,,,,,,,,,,1,450.0,10.0,0.0,0,NONE
2026-09-28T17:22:51.442+00:00,158.063,manual,Manual cook,temp,2100,452.8,,esp32,,0,,,,,,,,,,,,1,450.0,10.0,0.0,0,NONE
2026-09-28T17:22:52.442+00:00,159.063,manual,Manual cook,temp,2100,455.0,,esp32,,0,,,,,,,,,,,,1,450.0,0.0,0.0,0,NONE
2026-09-28T17:22:52.942+00:00,159.563,manual,Manual cook,temp,2100,455.0,,esp32,,0,,,,,,,,,,,,1,450.0,13.0,0.0,0,NONE
2026-09-28T17:22:53.942+00:00,160.563,manual,Manual cook,temp,2100,454.5,,esp32,,0,,,,,,,,,,,,1,450.0,12.0,0.0,0,NONE
2026-09-28T17:22:54.942+00:00,161.563,manual,Manual cook,temp,2100,455.5,,esp32,,0,,,,,,,,,,,,1,450.0,0.0,0.0,0,NONE
2026-09-28T17:22:55.442+00:00,162.063,manual,Manual cook,temp,2100,456.8,,esp32,,0,,,,,,,,,,,,1,450.0,0.0,0.0,0,NONE
2026-09-28T17:22:55.942+00:00,162.563,manual,Manual cook,temp,2100,456.8,,esp32,,0,,,,,,,,,,,,1,450.0,9.0,0.0,0,NONE
2026-09-28T17:22:56.942+00:00,163.563,manual,Manual cook,temp,2100,457.3,,esp32,,0,,,,,,,,,,,,1,450.0,15.0,0.0,0,NONE
2026-09-28T17:22:57.942+00:00,164.563,manual,Manual cook,temp,2100,457.7,,esp32,,0,,,,,,,,,,,,1,450.0,7.0,0.0,0,NONE
2026-09-28T17:22:58.942+00:00,165.563,manual,Manual cook,temp,2100,458.1,,esp32,,0,,,,,,,,,,,,1,450.0,0.0,0.0,0,NONE
2026-09-28T17:22:59.442+00:00,166.063,manual,Manual cook,temp,2100,458.1,,esp32,,0,,,,,,,,,,,,1,450.0,6.0,0.0,0,NONE
2026-09-28T17:22:59.943+00:00,166.564,manual,Manual cook,temp,2100,458.6,,esp32,,0,,,,,,,,,,,,1,450.0,0.0,0.0,0,NONE
2026-09-28T17:23:00.942+00:00,167.563,manual,Manual cook,temp,2100,458.6,,esp32,,0,,,,,,,,,,,,1,450.0,0.0,0.0,0,NONE
2026-09-28T17:23:01.942+00:00,168.563,manual,Manual cook,temp,2100,458.1,,esp32,,0,,,,,,,,,,,,1,450.0,13.0,0.0,0,NONE
2026-09-28T17:23:02.942+00:00,169.563,manual,Manual cook,temp,2100,458.6,,esp32,,0,,,,,,,,,,,,1,450.0,14.0,0.0,0,NONE
2026-09-28T17:23:03.942+00:00,170.563,manual,Manual cook,temp,2100,459.0,,esp32,,0,,,,,,,,,,,,1,450.0,5.0,0.0,0,NONE
2026-09-28T17:23:04.942+00:00,171.563,manual,Manual cook,temp,2100,457.3,,esp32,,0,,,,,,,,,,,,1,450.0,19.0,0.0,0,NONE
2026-09-28T17:23:05.443+00:00,172.064,manual,Manual cook,temp,2100,458.1,,esp32,,0,,,,,,,,,,,,1,450.0,0.0,0.0,0,NONE
2026-09-28T17:23:06.442+00:00,173.063,manual,Manual cook,temp,2100,458.6,,esp32,,0,,,,,,,,,,,,1,450.0,5.0,0.0,0,NONE
2026-09-28T17:23:06.942+00:00,173.563,manual,Manual cook,temp,2100,459.0,,esp32,,0,,,,,,,,,,,,1,450.0,13.0,0.0,0,NONE
2026-09-28T17:23:07.942+00:00,174.563,manual,Manual cook,temp,2100,458.6,,esp32,,0,,,,,,,,,,,,1,450.0,12.0,0.0,0,NONE
2026-09-28T17:23:08.442+00:00,175.063,manual,Manual cook,temp,2100,458.1,,esp32,,0,,,,,,,,,,,,1,450.0,12.0,0.0,0,NONE
2026-09-28T17:23:09.442+00:00,176.063,manual,Manual cook,temp,2100,458.6,,esp32,,0,,,,,,,,,,,,1,450.0,0.0,0.0,0,NONE
2026-09-28T17:23:09.942+00:00,176.563,manual,Manual cook,temp,2100,459.0,,esp32,,0,,,,,,,,,,,,1,450.0,12.0,0.0,0,NONE
2026-09-28T17:23:10.943+00:00,177.564,manual,Manual cook,temp,2100,458.6,,esp32,,0,,,,,,,,,,,,1,450.0,3.0,0.0,0,NONE
2026-09-28T17:23:11.942+00:00,178.563,manual,Manual cook,temp,2100,458.6,,esp32,,0,,,,,,,,,,,,1,450.0,4.0,0.0,0,NONE
2026-09-28T17:23:12.442+00:00,179.063,manual,Manual cook,temp,2100,457.7,,esp32,,0,,,,,,,,,,,,1,450.0,20.0,0.0,0,NONE
2026-09-28T17:23:13.442+00:00,180.063,manual,Manual cook,temp,2100,458.1,,esp32,,0,,,,,,,,,,,,1,450.0,12.0,0.0,0,NONE
2026-09-28T17:23:14.442+00:00,181.063,manual,Manual cook,temp,2100,457.3,,esp32,,0,,,,,,,,,,,,1,450.0,0.0,0.0,0,NONE
2026-09-28T17:23:15.442+00:00,182.063,manual,Manual cook,temp,2100,457.7,,esp32,,0,,,,,,,,,,,,1,450.0,0.0,0.0,0,NONE
2026-09-28T17:23:16.442+00:00,183.063,manual,Manual cook,temp,2100,457.7,,esp32,,0,,,,,,,,,,,,1,450.0,5.0,0.0,0,NONE
2026-09-28T17:23:16.942+00:00,183.563,manual,Manual cook,temp,2100,457.7,,esp32,,0,,,,,,,,,,,,1,450.0,5.0,0.0,0,NONE
2026-09-28T17:23:17.442+00:00,184.063,manual,Manual cook,temp,2100,457.3,,esp32,,0,,,,,,,,,,,,1,450.0,13.0,0.0,0,NONE
2026-09-28T17:23:18.442+00:00,185.063,manual,Manual cook,temp,2100,457.3,,esp32,,0,,,,,,,,,,,,1,450.0,13.0,0.0,0,NONE
2026-09-28T17:23:19.442+00:00,186.063,manual,Manual cook,temp,2100,457.7,,esp32,,0,,,,,,,,,,,,1,450.0,0.0,0.0,0,NONE
2026-09-28T17:23:19.942+00:00,186.563,manual,Manual cook,temp,2100,457.7,,esp32,,0,,,,,,,,,,,,1,450.0,0.0,0.0,0,NONE
2026-09-28T17:23:20.942+00:00,187.563,manual,Manual cook,temp,2100,457.3,,esp32,,0,,,,,,,,,,,,1,450.0,5.0,0.0,0,NONE
2026-09-28T17:23:21.442+00:00,188.064,manual,Manual cook,temp,2100,457.3,,esp32,,0,,,,,,,,,,,,1,450.0,13.0,0.0,0,NONE
2026-09-28T17:23:22.442+00:00,189.063,manual,Manual cook,temp,2100,456.4,,esp32,,0,,,,,,,,,,,,1,450.0,19.0,0.0,0,NONE
2026-09-28T17:23:23.441+00:00,190.063,manual,Manual cook,temp,2100,456.8,,esp32,,0,,,,,,,,,,,,1,450.0,0.0,0.0,0,NONE
2026-09-28T17:23:23.942+00:00,190.563,manual,Manual cook,temp,2100,456.8,,esp32,,0,,,,,,,,,,,,1,450.0,14.0,0.0,0,NONE
2026-09-28T17:23:24.941+00:00,191.563,manual,Manual cook,temp,2100,456.8,,esp32,,0,,,,,,,,,,,,1,450.0,6.0,0.0,0,NONE
2026-09-28T17:23:25.442+00:00,192.063,manual,Manual cook,temp,2100,456.4,,esp32,,0,,,,,,,,,,,,1,450.0,14.0,0.0,0,NONE
2026-09-28T17:23:26.442+00:00,193.063,manual,Manual cook,temp,2100,455.5,,esp32,,0,,,,,,,,,,,,1,450.0,23.0,0.0,0,NONE
2026-09-28T17:23:27.441+00:00,194.063,manual,Manual cook,temp,2100,455.9,,esp32,,0,,,,,,,,,,,,1,450.0,1.0,0.0,0,NONE
2026-09-28T17:23:27.942+00:00,194.563,manual,Manual cook,temp,2100,455.5,,esp32,,0,,,,,,,,,,,,1,450.0,0.0,0.0,0,NONE
2026-09-28T17:23:28.941+00:00,195.563,manual,Manual cook,temp,2100,455.5,,esp32,,0,,,,,,,,,,,,1,450.0,0.0,0.0,0,NONE
2026-09-28T17:23:29.941+00:00,196.563,manual,Manual cook,temp,2100,455.0,,esp32,,0,,,,,,,,,,,,1,450.0,17.0,0.0,0,NONE
2026-09-28T17:23:30.941+00:00,197.563,manual,Manual cook,temp,2100,455.5,,esp32,,0,,,,,,,,,,,,1,450.0,16.0,0.0,0,NONE
2026-09-28T17:23:31.941+00:00,198.563,manual,Manual cook,temp,2100,454.5,,esp32,,0,,,,,,,,,,,,1,450.0,8.0,0.0,0,NONE
2026-09-28T17:23:32.942+00:00,199.563,manual,Manual cook,temp,2100,453.6,,esp32,,0,,,,,,,,,,,,1,450.0,10.0,0.0,0,NONE
2026-09-28T17:23:33.941+00:00,200.562,manual,Manual cook,temp,2100,454.1,,esp32,,0,,,,,,,,,,,,1,450.0,4.0,0.0,0,NONE
2026-09-28T17:23:34.441+00:00,201.063,manual,Manual cook,temp,2100,454.1,,esp32,,0,,,,,,,,,,,,1,450.0,11.0,0.0,0,NONE
2026-09-28T17:23:35.441+00:00,202.063,manual,Manual cook,temp,2100,454.1,,esp32,,0,,,,,,,,,,,,1,450.0,11.0,0.0,0,NONE
2026-09-28T17:23:36.441+00:00,203.063,manual,Manual cook,temp,2100,454.5,,esp32,,0,,,,,,,,,,,,1,450.0,10.0,0.0,0,NONE
2026-09-28T17:23:37.442+00:00,204.063,manual,Manual cook,temp,2100,455.0,,esp32,,0,,,,,,,,,,,,1,450.0,0.0,0.0,0,NONE
2026-09-28T17:23:38.441+00:00,205.063,manual,Manual cook,temp,2100,454.1,,esp32,,0,,,,,,,,,,,,1,450.0,25.0,0.0,0,NONE
2026-09-28T17:23:39.441+00:00,206.062,manual,Manual cook,temp,2100,454.5,,esp32,,0,,,,,,,,,,,,1,450.0,0.0,0.0,0,NONE
2026-09-28T17:23:39.941+00:00,206.563,manual,Manual cook,temp,2100,454.5,,esp32,,0,,,,,,,,,,,,1,450.0,17.0,0.0,0,NONE
2026-09-28T17:23:40.941+00:00,207.562,manual,Manual cook,temp,2100,454.1,,esp32,,0,,,,,,,,,,,,1,450.0,17.0,0.0,0,NONE
2026-09-28T17:23:41.941+00:00,208.563,manual,Manual cook,temp,2100,454.1,,esp32,,0,,,,,,,,,,,,1,450.0,8.0,0.0,0,NONE
2026-09-28T17:23:42.942+00:00,209.563,manual,Manual cook,temp,2100,454.5,,esp32,,0,,,,,,,,,,,,1,450.0,2.0,0.0,0,NONE
2026-09-28T17:23:43.941+00:00,210.562,manual,Manual cook,temp,2100,453.6,,esp32,,0,,,,,,,,,,,,1,450.0,18.0,0.0,0,NONE
2026-09-28T17:23:44.941+00:00,211.562,manual,Manual cook,temp,2100,454.5,,esp32,,0,,,,,,,,,,,,1,450.0,0.0,0.0,0,NONE
2026-09-28T17:23:45.441+00:00,212.062,manual,Manual cook,temp,2100,453.6,,esp32,,0,,,,,,,,,,,,1,450.0,19.0,0.0,0,NONE
2026-09-28T17:23:46.441+00:00,213.062,manual,Manual cook,temp,2100,454.5,,esp32,,0,,,,,,,,,,,,1,450.0,9.0,0.0,0,NONE
2026-09-28T17:23:46.941+00:00,213.562,manual,Manual cook,temp,2100,453.6,,esp32,,0,,,,,,,,,,,,1,450.0,17.0,0.0,0,NONE
2026-09-28T17:23:47.941+00:00,214.562,manual,Manual cook,temp,2100,453.2,,esp32,,0,,,,,,,,,,,,1,450.0,19.0,0.0,0,NONE
2026-09-28T17:23:48.941+00:00,215.562,manual,Manual cook,temp,2100,454.5,,esp32,,0,,,,,,,,,,,,1,450.0,0.0,0.0,0,NONE
2026-09-28T17:23:49.441+00:00,216.062,manual,Manual cook,temp,2100,453.2,,esp32,,0,,,,,,,,,,,,1,450.0,19.0,0.0,0,NONE
2026-09-28T17:23:50.441+00:00,217.062,manual,Manual cook,temp,2100,454.1,,esp32,,0,,,,,,,,,,,,1,450.0,11.0,0.0,0,NONE
2026-09-28T17:23:51.441+00:00,218.062,manual,Manual cook,temp,2100,453.6,,esp32,,0,,,,,,,,,,,,1,450.0,10.0,0.0,0,NONE
2026-09-28T17:23:52.441+00:00,219.062,manual,Manual cook,temp,2100,454.1,,esp32,,0,,,,,,,,,,,,1,450.0,0.0,0.0,0,NONE
2026-09-28T17:23:53.442+00:00,220.063,manual,Manual cook,temp,2100,454.1,,esp32,,0,,,,,,,,,,,,1,450.0,10.0,0.0,0,NONE
2026-09-28T17:23:54.441+00:00,221.062,manual,Manual cook,temp,2100,454.1,,esp32,,0,,,,,,,,,,,,1,450.0,9.0,0.0,0,NONE
2026-09-28T17:23:55.441+00:00,222.062,manual,Manual cook,temp,2100,453.6,,esp32,,0,,,,,,,,,,,,1,450.0,17.0,0.0,0,NONE
2026-09-28T17:23:56.441+00:00,223.062,manual,Manual cook,temp,2100,453.6,,esp32,,0,,,,,,,,,,,,1,450.0,3.0,0.0,0,NONE
2026-09-28T17:23:56.941+00:00,223.562,manual,Manual cook,temp,2100,453.2,,esp32,,0,,,,,,,,,,,,1,450.0,10.0,0.0,0,NONE
2026-09-28T17:23:57.441+00:00,224.062,manual,Manual cook,temp,2100,454.1,,esp32,,0,,,,,,,,,,,,1,450.0,18.0,0.0,0,NONE
2026-09-28T17:23:58.441+00:00,225.062,manual,Manual cook,temp,2100,454.5,,esp32,,0,,,,,,,,,,,,1,450.0,1.0,0.0,0,NONE
2026-09-28T17:23:58.941+00:00,225.563,manual,Manual cook,temp,2100,454.5,,esp32,,0,,,,,,,,,,,,1,450.0,8.0,0.0,0,NONE
2026-09-28T17:23:59.941+00:00,226.562,manual,Manual cook,temp,2100,454.5,,esp32,,0,,,,,,,,,,,,1,450.0,15.0,0.0,0,NONE
2026-09-28T17:24:00.441+00:00,227.062,manual,Manual cook,temp,2100,454.1,,esp32,,0,,,,,,,,,,,,1,450.0,16.0,0.0,0,NONE
2026-09-28T17:24:01.441+00:00,228.062,manual,Manual cook,temp,2100,453.6,,esp32,,0,,,,,,,,,,,,1,450.0,17.0,0.0,0,NONE
2026-09-28T17:24:02.441+00:00,229.062,manual,Manual cook,temp,2100,454.5,,esp32,,0,,,,,,,,,,,,1,450.0,1.0,0.0,0,NONE
2026-09-28T17:24:03.441+00:00,230.062,manual,Manual cook,temp,2100,454.1,,esp32,,0,,,,,,,,,,,,1,450.0,16.0,0.0,0,NONE
2026-09-28T17:24:04.441+00:00,231.062,manual,Manual cook,temp,2100,454.1,,esp32,,0,,,,,,,,,,,,1,450.0,9.0,0.0,0,NONE
2026-09-28T17:24:05.441+00:00,232.062,manual,Manual cook,temp,2100,454.5,,esp32,,0,,,,,,,,,,,,1,450.0,7.0,0.0,0,NONE
2026-09-28T17:24:05.941+00:00,232.562,manual,Manual cook,temp,2100,454.5,,esp32,,0,,,,,,,,,,,,1,450.0,15.0,0.0,0,NONE
2026-09-28T17:24:06.941+00:00,233.562,manual,Manual cook,temp,2100,454.1,,esp32,,0,,,,,,,,,,,,1,450.0,19.0,0.0,0,NONE
2026-09-28T17:24:07.941+00:00,234.563,manual,Manual cook,temp,2100,455.0,,esp32,,0,,,,,,,,,,,,1,450.0,15.0,0.0,0,NONE
2026-09-28T17:24:08.941+00:00,235.562,manual,Manual cook,temp,2100,455.0,,esp32,,0,,,,,,,,,,,,1,450.0,7.0,0.0,0,NONE
2026-09-28T17:24:09.442+00:00,236.063,manual,Manual cook,temp,2100,454.5,,esp32,,0,,,,,,,,,,,,1,450.0,31.0,0.0,0,NONE
2026-09-28T17:24:10.442+00:00,237.063,manual,Manual cook,temp,2100,454.1,,esp32,,0,,,,,,,,,,,,1,450.0,19.0,0.0,0,NONE
2026-09-28T17:24:11.441+00:00,238.063,manual,Manual cook,temp,2100,454.1,,esp32,,0,,,,,,,,,,,,1,450.0,8.0,0.0,0,NONE
2026-09-28T17:24:11.941+00:00,238.563,manual,Manual cook,temp,2100,454.1,,esp32,,0,,,,,,,,,,,,1,450.0,8.0,0.0,0,NONE
2026-09-28T17:24:12.442+00:00,239.063,manual,Manual cook,temp,2100,454.1,,esp32,,0,,,,,,,,,,,,1,450.0,16.0,0.0,0,NONE
2026-09-28T17:24:13.442+00:00,240.063,manual,Manual cook,temp,2100,454.1,,esp32,,0,,,,,,,,,,,,1,450.0,8.0,0.0,0,NONE
2026-09-28T17:24:14.441+00:00,241.063,manual,Manual cook,temp,2100,454.1,,esp32,,0,,,,,,,,,,,,1,450.0,1.0,0.0,0,NONE
2026-09-28T17:24:14.942+00:00,241.563,manual,Manual cook,temp,2100,453.2,,esp32,,0,,,,,,,,,,,,1,450.0,8.0,0.0,0,NONE
2026-09-28T17:24:15.442+00:00,242.063,manual,Manual cook,temp,2100,453.2,,esp32,,0,,,,,,,,,,,,1,450.0,24.0,0.0,0,NONE
2026-09-28T17:24:16.442+00:00,243.063,manual,Manual cook,temp,2100,453.6,,esp32,,0,,,,,,,,,,,,1,450.0,10.0,0.0,0,NONE
2026-09-28T17:24:17.442+00:00,244.063,manual,Manual cook,temp,2100,453.6,,esp32,,0,,,,,,,,,,,,1,450.0,9.0,0.0,0,NONE
2026-09-28T17:24:18.442+00:00,245.063,manual,Manual cook,temp,2100,453.6,,esp32,,0,,,,,,,,,,,,1,450.0,9.0,0.0,0,NONE
2026-09-28T17:24:18.942+00:00,245.563,manual,Manual cook,temp,2100,453.6,,esp32,,0,,,,,,,,,,,,1,450.0,9.0,0.0,0,NONE
2026-09-28T17:24:19.442+00:00,246.063,manual,Manual cook,temp,2100,453.6,,esp32,,0,,,,,,,,,,,,1,450.0,9.0,0.0,0,NONE
2026-09-28T17:24:19.942+00:00,246.563,manual,Manual cook,temp,2100,453.6,,esp32,,0,,,,,,,,,,,,1,450.0,9.0,0.0,0,NONE
2026-09-28T17:24:20.442+00:00,247.063,manual,Manual cook,temp,2100,452.8,,esp32,,0,,,,,,,,,,,,1,450.0,0.0,0.0,0,NONE
2026-09-28T17:24:20.943+00:00,247.564,manual,Manual cook,temp,2100,454.1,,esp32,,0,,,,,,,,,,,,1,450.0,19.0,0.0,0,NONE
2026-09-28T17:24:21.942+00:00,248.563,manual,Manual cook,temp,2100,453.2,,esp32,,0,,,,,,,,,,,,1,450.0,8.0,0.0,0,NONE
2026-09-28T17:24:22.442+00:00,249.063,manual,Manual cook,temp,2100,454.1,,esp32,,0,,,,,,,,,,,,1,450.0,24.0,0.0,0,NONE
2026-09-28T17:24:23.442+00:00,250.063,manual,Manual cook,temp,2100,453.6,,esp32,,0,,,,,,,,,,,,1,450.0,16.0,0.0,0,NONE
2026-09-28T17:24:24.442+00:00,251.063,manual,Manual cook,temp,2100,453.2,,esp32,,0,,,,,,,,,,,,1,450.0,7.0,0.0,0,NONE
2026-09-28T17:24:24.942+00:00,251.563,manual,Manual cook,temp,2100,453.6,,esp32,,0,,,,,,,,,,,,1,450.0,24.0,0.0,0,NONE
2026-09-28T17:24:25.942+00:00,252.563,manual,Manual cook,temp,2100,453.6,,esp32,,0,,,,,,,,,,,,1,450.0,16.0,0.0,0,NONE
2026-09-28T17:24:26.443+00:00,253.064,manual,Manual cook,temp,2100,453.6,,esp32,,0,,,,,,,,,,,,1,450.0,1.0,0.0,0,NONE
2026-09-28T17:24:27.442+00:00,254.063,manual,Manual cook,temp,2100,453.6,,esp32,,0,,,,,,,,,,,,1,450.0,0.0,0.0,0,NONE
2026-09-28T17:24:27.942+00:00,254.563,manual,Manual cook,temp,2100,453.6,,esp32,,0,,,,,,,,,,,,1,450.0,8.0,0.0,0,NONE
2026-09-28T17:24:28.942+00:00,255.563,manual,Manual cook,temp,2100,453.6,,esp32,,0,,,,,,,,,,,,1,450.0,16.0,0.0,0,NONE
2026-09-28T17:24:29.942+00:00,256.563,manual,Manual cook,temp,2100,453.6,,esp32,,0,,,,,,,,,,,,1,450.0,8.0,0.0,0,NONE
2026-09-28T17:24:30.442+00:00,257.063,manual,Manual cook,temp,2100,453.6,,esp32,,0,,,,,,,,,,,,1,450.0,16.0,0.0,0,NONE
2026-09-28T17:24:31.442+00:00,258.063,manual,Manual cook,temp,2100,452.8,,esp32,,0,,,,,,,,,,,,1,450.0,24.0,0.0,0,NONE
2026-09-28T17:24:31.943+00:00,258.564,manual,Manual cook,temp,2100,453.6,,esp32,,0,,,,,,,,,,,,1,450.0,0.0,0.0,0,NONE
2026-09-28T17:24:32.942+00:00,259.563,manual,Manual cook,temp,2100,452.3,,esp32,,0,,,,,,,,,,,,1,450.0,16.0,0.0,0,NONE
2026-09-28T17:24:33.942+00:00,260.563,manual,Manual cook,temp,2100,452.3,,esp32,,0,,,,,,,,,,,,1,450.0,10.0,0.0,0,NONE
2026-09-28T17:24:34.442+00:00,261.063,manual,Manual cook,temp,2100,453.2,,esp32,,0,,,,,,,,,,,,1,450.0,2.0,0.0,0,NONE
2026-09-28T17:24:35.442+00:00,262.063,manual,Manual cook,temp,2100,451.9,,esp32,,0,,,,,,,,,,,,1,450.0,33.0,0.0,0,NONE
2026-09-28T17:24:36.442+00:00,263.063,manual,Manual cook,temp,2100,453.2,,esp32,,0,,,,,,,,,,,,1,450.0,9.0,0.0,0,NONE
2026-09-28T17:24:36.942+00:00,263.563,manual,Manual cook,temp,2100,451.4,,esp32,,0,,,,,,,,,,,,1,450.0,8.0,0.0,0,NONE
2026-09-28T17:24:37.442+00:00,264.064,manual,Manual cook,temp,2100,452.3,,esp32,,0,,,,,,,,,,,,1,450.0,41.0,0.0,0,NONE
2026-09-28T17:24:38.442+00:00,265.063,manual,Manual cook,temp,2100,452.8,,esp32,,0,,,,,,,,,,,,1,450.0,2.0,0.0,0,NONE
2026-09-28T17:24:38.942+00:00,265.564,manual,Manual cook,temp,2100,452.8,,esp32,,0,,,,,,,,,,,,1,450.0,17.0,0.0,0,NONE
2026-09-28T17:24:39.942+00:00,266.564,manual,Manual cook,temp,2100,453.2,,esp32,,0,,,,,,,,,,,,1,450.0,17.0,0.0,0,NONE
2026-09-28T17:24:40.942+00:00,267.563,manual,Manual cook,temp,2100,453.2,,esp32,,0,,,,,,,,,,,,1,450.0,8.0,0.0,0,NONE
2026-09-28T17:24:41.442+00:00,268.064,manual,Manual cook,temp,2100,452.3,,esp32,,0,,,,,,,,,,,,1,450.0,25.0,0.0,0,NONE
2026-09-28T17:24:41.942+00:00,268.564,manual,Manual cook,temp,2100,452.3,,esp32,,0,,,,,,,,,,,,1,450.0,18.0,0.0,0,NONE
2026-09-28T17:24:42.942+00:00,269.564,manual,Manual cook,temp,2100,451.9,,esp32,,0,,,,,,,,,,,,1,450.0,18.0,0.0,0,NONE
2026-09-28T17:24:43.443+00:00,270.064,manual,Manual cook,temp,2100,452.3,,esp32,,0,,,,,,,,,,,,1,450.0,0.0,0.0,0,NONE
2026-09-28T17:24:44.443+00:00,271.064,manual,Manual cook,temp,2100,452.3,,esp32,,0,,,,,,,,,,,,1,450.0,26.0,0.0,0,NONE
2026-09-28T17:24:45.442+00:00,272.064,manual,Manual cook,temp,2100,452.3,,esp32,,0,,,,,,,,,,,,1,450.0,10.0,0.0,0,NONE
2026-09-28T17:24:46.442+00:00,273.064,manual,Manual cook,temp,2100,452.8,,esp32,,0,,,,,,,,,,,,1,450.0,9.0,0.0,0,NONE
2026-09-28T17:24:46.942+00:00,273.564,manual,Manual cook,temp,2100,452.3,,esp32,,0,,,,,,,,,,,,1,450.0,17.0,0.0,0,NONE
2026-09-28T17:24:47.443+00:00,274.064,manual,Manual cook,temp,2100,452.3,,esp32,,0,,,,,,,,,,,,1,450.0,10.0,0.0,0,NONE
2026-09-28T17:24:48.443+00:00,275.064,manual,Manual cook,temp,2100,452.3,,esp32,,0,,,,,,,,,,,,1,450.0,10.0,0.0,0,NONE
2026-09-28T17:24:48.943+00:00,275.564,manual,Manual cook,temp,2100,451.0,,esp32,,0,,,,,,,,,,,,1,450.0,26.0,0.0,0,NONE
2026-09-28T17:24:49.943+00:00,276.564,manual,Manual cook,temp,2100,452.8,,esp32,,0,,,,,,,,,,,,1,450.0,0.0,0.0,0,NONE
2026-09-28T17:24:50.443+00:00,277.064,manual,Manual cook,temp,2100,451.9,,esp32,,0,,,,,,,,,,,,1,450.0,9.0,0.0,0,NONE
2026-09-28T17:24:51.443+00:00,278.064,manual,Manual cook,temp,2100,452.8,,esp32,,0,,,,,,,,,,,,1,450.0,0.0,0.0,0,NONE
2026-09-28T17:24:52.442+00:00,279.064,manual,Manual cook,temp,2100,452.8,,esp32,,0,,,,,,,,,,,,1,450.0,9.0,0.0,0,NONE
2026-09-28T17:24:53.443+00:00,280.064,manual,Manual cook,temp,2100,451.9,,esp32,,0,,,,,,,,,,,,1,450.0,32.0,0.0,0,NONE
2026-09-28T17:24:54.443+00:00,281.064,manual,Manual cook,temp,2100,452.8,,esp32,,0,,,,,,,,,,,,1,450.0,0.0,0.0,0,NONE
2026-09-28T17:24:54.943+00:00,281.564,manual,Manual cook,temp,2100,453.2,,esp32,,0,,,,,,,,,,,,1,450.0,19.0,0.0,0,NONE
2026-09-28T17:24:55.943+00:00,282.564,manual,Manual cook,temp,2100,452.3,,esp32,,0,,,,,,,,,,,,1,450.0,24.0,0.0,0,NONE
2026-09-28T17:24:56.443+00:00,283.064,manual,Manual cook,temp,2100,452.3,,esp32,,0,,,,,,,,,,,,1,450.0,10.0,0.0,0,NONE
2026-09-28T17:24:57.443+00:00,284.064,manual,Manual cook,temp,2100,452.3,,esp32,,0,,,,,,,,,,,,1,450.0,19.0,0.0,0,NONE
2026-09-28T17:24:57.943+00:00,284.564,manual,Manual cook,temp,2100,452.8,,esp32,,0,,,,,,,,,,,,1,450.0,1.0,0.0,0,NONE
2026-09-28T17:24:58.943+00:00,285.564,manual,Manual cook,temp,2100,452.8,,esp32,,0,,,,,,,,,,,,1,450.0,10.0,0.0,0,NONE
2026-09-28T17:24:59.943+00:00,286.564,manual,Manual cook,temp,2100,451.4,,esp32,,0,,,,,,,,,,,,1,450.0,19.0,0.0,0,NONE
2026-09-28T17:25:00.443+00:00,287.064,manual,Manual cook,temp,2100,452.3,,esp32,,0,,,,,,,,,,,,1,450.0,0.0,0.0,0,NONE
2026-09-28T17:25:01.443+00:00,288.064,manual,Manual cook,temp,2100,452.3,,esp32,,0,,,,,,,,,,,,1,450.0,25.0,0.0,0,NONE
2026-09-28T17:25:02.443+00:00,289.064,manual,Manual cook,temp,2100,451.4,,esp32,,0,,,,,,,,,,,,1,450.0,26.0,0.0,0,NONE
2026-09-28T17:25:02.943+00:00,289.564,manual,Manual cook,temp,2100,452.3,,esp32,,0,,,,,,,,,,,,1,450.0,0.0,0.0,0,NONE
2026-09-28T17:25:03.444+00:00,290.065,manual,Manual cook,temp,2100,451.0,,esp32,,0,,,,,,,,,,,,1,450.0,17.0,0.0,0,NONE
2026-09-28T17:25:04.443+00:00,291.064,manual,Manual cook,temp,2100,451.9,,esp32,,0,,,,,,,,,,,,1,450.0,0.0,0.0,0,NONE
2026-09-28T17:25:05.443+00:00,292.064,manual,Manual cook,temp,2100,451.0,,esp32,,0,,,,,,,,,,,,1,450.0,26.0,0.0,0,NONE
2026-09-28T17:25:05.943+00:00,292.564,manual,Manual cook,temp,2100,451.0,,esp32,,0,,,,,,,,,,,,1,450.0,12.0,0.0,0,NONE
2026-09-28T17:25:06.443+00:00,293.064,manual,Manual cook,temp,2100,451.0,,esp32,,0,,,,,,,,,,,,1,450.0,12.0,0.0,0,NONE
2026-09-28T17:25:07.443+00:00,294.064,manual,Manual cook,temp,2100,451.4,,esp32,,0,,,,,,,,,,,,1,450.0,4.0,0.0,0,NONE
2026-09-28T17:25:08.443+00:00,295.064,manual,Manual cook,temp,2100,451.9,,esp32,,0,,,,,,,,,,,,1,450.0,10.0,0.0,0,NONE
2026-09-28T17:25:09.444+00:00,296.065,manual,Manual cook,temp,2100,451.9,,esp32,,0,,,,,,,,,,,,1,450.0,10.0,0.0,0,NONE
2026-09-28T17:25:10.443+00:00,297.064,manual,Manual cook,temp,2100,451.4,,esp32,,0,,,,,,,,,,,,1,450.0,11.0,0.0,0,NONE
2026-09-28T17:25:11.443+00:00,298.064,manual,Manual cook,temp,2100,452.3,,esp32,,0,,,,,,,,,,,,1,450.0,2.0,0.0,0,NONE
2026-09-28T17:25:11.943+00:00,298.564,manual,Manual cook,temp,2100,452.8,,esp32,,0,,,,,,,,,,,,1,450.0,9.0,0.0,0,NONE
2026-09-28T17:25:12.943+00:00,299.564,manual,Manual cook,temp,2100,452.3,,esp32,,0,,,,,,,,,,,,1,450.0,0.0,0.0,0,NONE
2026-09-28T17:25:13.443+00:00,300.064,manual,Manual cook,temp,2100,452.3,,esp32,,0,,,,,,,,,,,,1,450.0,19.0,0.0,0,NONE
2026-09-28T17:25:14.443+00:00,301.064,manual,Manual cook,temp,2100,452.8,,esp32,,0,,,,,,,,,,,,1,450.0,1.0,0.0,0,NONE
2026-09-28T17:25:15.443+00:00,302.064,manual,Manual cook,temp,2100,452.8,,esp32,,0,,,,,,,,,,,,1,450.0,24.0,0.0,0,NONE
2026-09-28T17:25:16.443+00:00,303.064,manual,Manual cook,temp,2100,453.2,,esp32,,0,,,,,,,,,,,,1,450.0,19.0,0.0,0,NONE
2026-09-28T17:25:17.443+00:00,304.064,manual,Manual cook,temp,2100,452.8,,esp32,,0,,,,,,,,,,,,1,450.0,7.0,0.0,0,NONE
2026-09-28T17:25:18.443+00:00,305.064,manual,Manual cook,temp,2100,453.6,,esp32,,0,,,,,,,,,,,,1,450.0,0.0,0.0,0,NONE
2026-09-28T17:25:18.943+00:00,305.564,manual,Manual cook,temp,2100,452.8,,esp32,,0,,,,,,,,,,,,1,450.0,19.0,0.0,0,NONE
2026-09-28T17:25:19.443+00:00,306.064,manual,Manual cook,temp,2100,451.9,,esp32,,0,,,,,,,,,,,,1,450.0,24.0,0.0,0,NONE
2026-09-28T17:25:19.943+00:00,306.565,manual,Manual cook,temp,2100,452.3,,esp32,,0,,,,,,,,,,,,1,450.0,0.0,0.0,0,NONE
2026-09-28T17:25:20.943+00:00,307.564,manual,Manual cook,temp,2100,451.4,,esp32,,0,,,,,,,,,,,,1,450.0,25.0,0.0,0,NONE
2026-09-28T17:25:21.943+00:00,308.564,manual,Manual cook,temp,2100,453.2,,esp32,,0,,,,,,,,,,,,1,450.0,0.0,0.0,0,NONE
2026-09-28T17:25:22.443+00:00,309.064,manual,Manual cook,temp,2100,452.8,,esp32,,0,,,,,,,,,,,,1,450.0,15.0,0.0,0,NONE
2026-09-28T17:25:22.943+00:00,309.564,manual,Manual cook,temp,2100,451.9,,esp32,,0,,,,,,,,,,,,1,450.0,24.0,0.0,0,NONE
2026-09-28T17:25:23.443+00:00,310.064,manual,Manual cook,temp,2100,452.8,,esp32,,0,,,,,,,,,,,,1,450.0,1.0,0.0,0,NONE
2026-09-28T17:25:24.443+00:00,311.064,manual,Manual cook,temp,2100,452.8,,esp32,,0,,,,,,,,,,,,1,450.0,0.0,0.0,0,NONE
2026-09-28T17:25:24.943+00:00,311.564,manual,Manual cook,temp,2100,452.8,,esp32,,0,,,,,,,,,,,,1,450.0,15.0,0.0,0,NONE
2026-09-28T17:25:25.444+00:00,312.065,manual,Manual cook,temp,2100,452.3,,esp32,,0,,,,,,,,,,,,1,450.0,16.0,0.0,0,NONE
2026-09-28T17:25:26.443+00:00,313.064,manual,Manual cook,temp,2100,452.8,,esp32,,0,,,,,,,,,,,,1,450.0,15.0,0.0,0,NONE
2026-09-28T17:25:26.943+00:00,313.564,manual,Manual cook,temp,2100,452.8,,esp32,,0,,,,,,,,,,,,1,450.0,0.0,0.0,0,NONE
2026-09-28T17:25:27.443+00:00,314.064,manual,Manual cook,temp,2100,452.8,,esp32,,0,,,,,,,,,,,,1,450.0,15.0,0.0,0,NONE
2026-09-28T17:25:28.443+00:00,315.064,manual,Manual cook,temp,2100,452.8,,esp32,,0,,,,,,,,,,,,1,450.0,8.0,0.0,0,NONE
2026-09-28T17:25:28.943+00:00,315.564,manual,Manual cook,temp,2100,451.4,,esp32,,0,,,,,,,,,,,,1,450.0,32.0,0.0,0,NONE
2026-09-28T17:25:29.943+00:00,316.564,manual,Manual cook,temp,2100,451.4,,esp32,,0,,,,,,,,,,,,1,450.0,17.0,0.0,0,NONE
2026-09-28T17:25:30.943+00:00,317.564,manual,Manual cook,temp,2100,452.3,,esp32,,0,,,,,,,,,,,,1,450.0,0.0,0.0,0,NONE
2026-09-28T17:25:31.443+00:00,318.064,manual,Manual cook,temp,2100,451.9,,esp32,,0,,,,,,,,,,,,1,450.0,19.0,0.0,0,NONE
2026-09-28T17:25:32.443+00:00,319.064,manual,Manual cook,temp,2100,451.9,,esp32,,0,,,,,,,,,,,,1,450.0,9.0,0.0,0,NONE
2026-09-28T17:25:32.943+00:00,319.564,manual,Manual cook,temp,2100,452.3,,esp32,,0,,,,,,,,,,,,1,450.0,1.0,0.0,0,NONE
2026-09-28T17:25:33.443+00:00,320.064,manual,Manual cook,temp,2100,452.3,,esp32,,0,,,,,,,,,,,,1,450.0,8.0,0.0,0,NONE
2026-09-28T17:25:33.943+00:00,320.564,manual,Manual cook,temp,2100,451.9,,esp32,,0,,,,,,,,,,,,1,450.0,16.0,0.0,0,NONE
2026-09-28T17:25:34.943+00:00,321.564,manual,Manual cook,temp,2100,451.9,,esp32,,0,,,,,,,,,,,,1,450.0,2.0,0.0,0,NONE
2026-09-28T17:25:35.943+00:00,322.564,manual,Manual cook,temp,2100,451.9,,esp32,,0,,,,,,,,,,,,1,450.0,9.0,0.0,0,NONE
2026-09-28T17:25:36.444+00:00,323.065,manual,Manual cook,temp,2100,451.9,,esp32,,0,,,,,,,,,,,,1,450.0,9.0,0.0,0,NONE
2026-09-28T17:25:37.443+00:00,324.064,manual,Manual cook,temp,2100,451.9,,esp32,,0,,,,,,,,,,,,1,450.0,0.0,0.0,0,NONE
2026-09-28T17:25:37.943+00:00,324.564,manual,Manual cook,temp,2100,451.9,,esp32,,0,,,,,,,,,,,,1,450.0,19.0,0.0,0,NONE
2026-09-28T17:25:38.943+00:00,325.564,manual,Manual cook,temp,2100,451.9,,esp32,,0,,,,,,,,,,,,1,450.0,17.0,0.0,0,NONE
2026-09-28T17:25:39.943+00:00,326.564,manual,Manual cook,temp,2100,451.9,,esp32,,0,,,,,,,,,,,,1,450.0,17.0,0.0,0,NONE
2026-09-28T17:25:40.943+00:00,327.564,manual,Manual cook,temp,2100,451.9,,esp32,,0,,,,,,,,,,,,1,450.0,9.0,0.0,0,NONE
2026-09-28T17:25:41.443+00:00,328.064,manual,Manual cook,temp,2100,451.9,,esp32,,0,,,,,,,,,,,,1,450.0,9.0,0.0,0,NONE
2026-09-28T17:25:41.944+00:00,328.565,manual,Manual cook,temp,2100,451.9,,esp32,,0,,,,,,,,,,,,1,450.0,9.0,0.0,0,NONE
2026-09-28T17:25:42.943+00:00,329.564,manual,Manual cook,temp,2100,451.9,,esp32,,0,,,,,,,,,,,,1,450.0,9.0,0.0,0,NONE
2026-09-28T17:25:43.443+00:00,330.064,manual,Manual cook,temp,2100,451.9,,esp32,,0,,,,,,,,,,,,1,450.0,9.0,0.0,0,NONE
2026-09-28T17:25:44.443+00:00,331.064,manual,Manual cook,temp,2100,452.3,,esp32,,0,,,,,,,,,,,,1,450.0,17.0,0.0,0,NONE
2026-09-28T17:25:45.443+00:00,332.064,manual,Manual cook,temp,2100,452.3,,esp32,,0,,,,,,,,,,,,1,450.0,19.0,0.0,0,NONE
2026-09-28T17:25:46.443+00:00,333.064,manual,Manual cook,temp,2100,452.3,,esp32,,0,,,,,,,,,,,,1,450.0,8.0,0.0,0,NONE
2026-09-28T17:25:46.943+00:00,333.564,manual,Manual cook,temp,2100,452.3,,esp32,,0,,,,,,,,,,,,1,450.0,8.0,0.0,0,NONE
2026-09-28T17:25:47.444+00:00,334.065,manual,Manual cook,temp,2100,452.8,,esp32,,0,,,,,,,,,,,,1,450.0,8.0,0.0,0,NONE
2026-09-28T17:25:48.443+00:00,335.064,manual,Manual cook,temp,2100,452.8,,esp32,,0,,,,,,,,,,,,1,450.0,7.0,0.0,0,NONE
2026-09-28T17:25:48.943+00:00,335.564,manual,Manual cook,temp,2100,452.3,,esp32,,0,,,,,,,,,,,,1,450.0,15.0,0.0,0,NONE
2026-09-28T17:25:49.443+00:00,336.064,manual,Manual cook,temp,2100,451.9,,esp32,,0,,,,,,,,,,,,1,450.0,16.0,0.0,0,NONE
2026-09-28T17:25:50.443+00:00,337.064,manual,Manual cook,temp,2100,452.3,,esp32,,0,,,,,,,,,,,,1,450.0,15.0,0.0,0,NONE
2026-09-28T17:25:51.443+00:00,338.064,manual,Manual cook,temp,2100,451.0,,esp32,,0,,,,,,,,,,,,1,450.0,32.0,0.0,0,NONE
2026-09-28T17:25:52.443+00:00,339.064,manual,Manual cook,temp,2100,452.8,,esp32,,0,,,,,,,,,,,,1,450.0,0.0,0.0,0,NONE
2026-09-28T17:25:52.943+00:00,339.564,manual,Manual cook,temp,2100,452.8,,esp32,,0,,,,,,,,,,,,1,450.0,14.0,0.0,0,NONE
2026-09-28T17:25:53.943+00:00,340.564,manual,Manual cook,temp,2100,452.3,,esp32,,0,,,,,,,,,,,,1,450.0,15.0,0.0,0,NONE
2026-09-28T17:25:54.943+00:00,341.564,manual,Manual cook,temp,2100,452.8,,esp32,,0,,,,,,,,,,,,1,450.0,7.0,0.0,0,NONE
2026-09-28T17:25:55.443+00:00,342.064,manual,Manual cook,temp,2100,451.9,,esp32,,0,,,,,,,,,,,,1,450.0,7.0,0.0,0,NONE
2026-09-28T17:25:55.943+00:00,342.564,manual,Manual cook,temp,2100,451.9,,esp32,,0,,,,,,,,,,,,1,450.0,23.0,0.0,0,NONE
2026-09-28T17:25:56.443+00:00,343.064,manual,Manual cook,temp,2100,453.2,,esp32,,0,,,,,,,,,,,,1,450.0,0.0,0.0,0,NONE
2026-09-28T17:25:57.443+00:00,344.064,manual,Manual cook,temp,2100,453.2,,esp32,,0,,,,,,,,,,,,1,450.0,6.0,0.0,0,NONE
2026-09-28T17:25:57.943+00:00,344.564,manual,Manual cook,temp,2100,453.2,,esp32,,0,,,,,,,,,,,,1,450.0,6.0,0.0,0,NONE
2026-09-28T17:25:58.444+00:00,345.065,manual,Manual cook,temp,2100,453.2,,esp32,,0,,,,,,,,,,,,1,450.0,6.0,0.0,0,NONE
2026-09-28T17:25:59.443+00:00,346.064,manual,Manual cook,temp,2100,453.2,,esp32,,0,,,,,,,,,,,,1,450.0,0.0,0.0,0,NONE
2026-09-28T17:25:59.943+00:00,346.564,manual,Manual cook,temp,2100,452.3,,esp32,,0,,,,,,,,,,,,1,450.0,19.0,0.0,0,NONE
2026-09-28T17:26:00.443+00:00,347.064,manual,Manual cook,temp,2100,453.2,,esp32,,0,,,,,,,,,,,,1,450.0,0.0,0.0,0,NONE
2026-09-28T17:26:01.443+00:00,348.064,manual,Manual cook,temp,2100,452.8,,esp32,,0,,,,,,,,,,,,1,450.0,14.0,0.0,0,NONE
2026-09-28T17:26:02.443+00:00,349.064,manual,Manual cook,temp,2100,453.2,,esp32,,0,,,,,,,,,,,,1,450.0,6.0,0.0,0,NONE
2026-09-28T17:26:03.443+00:00,350.064,manual,Manual cook,temp,2100,453.2,,esp32,,0,,,,,,,,,,,,1,450.0,6.0,0.0,0,NONE
2026-09-28T17:26:03.943+00:00,350.564,manual,Manual cook,temp,2100,453.6,,esp32,,0,,,,,,,,,,,,1,450.0,0.0,0.0,0,NONE
2026-09-28T17:26:04.943+00:00,351.564,manual,Manual cook,temp,2100,453.6,,esp32,,0,,,,,,,,,,,,1,450.0,5.0,0.0,0,NONE
2026-09-28T17:26:05.443+00:00,352.064,manual,Manual cook,temp,2100,454.5,,esp32,,0,,,,,,,,,,,,1,450.0,5.0,0.0,0,NONE
2026-09-28T17:26:06.443+00:00,353.064,manual,Manual cook,temp,2100,453.2,,esp32,,0,,,,,,,,,,,,1,450.0,19.0,0.0,0,NONE
2026-09-28T17:26:07.443+00:00,354.064,manual,Manual cook,temp,2100,454.1,,esp32,,0,,,,,,,,,,,,1,450.0,19.0,0.0,0,NONE
2026-09-28T17:26:08.443+00:00,355.064,manual,Manual cook,temp,2100,454.1,,esp32,,0,,,,,,,,,,,,1,450.0,19.0,0.0,0,NONE
2026-09-28T17:26:09.444+00:00,356.065,manual,Manual cook,temp,2100,452.3,,esp32,,0,,,,,,,,,,,,1,450.0,12.0,0.0,0,NONE
2026-09-28T17:26:10.443+00:00,357.064,manual,Manual cook,temp,2100,454.1,,esp32,,0,,,,,,,,,,,,1,450.0,0.0,0.0,0,NONE
2026-09-28T17:26:10.943+00:00,357.564,manual,Manual cook,temp,2100,452.8,,esp32,,0,,,,,,,,,,,,1,450.0,3.0,0.0,0,NONE
2026-09-28T17:26:11.443+00:00,358.064,manual,Manual cook,temp,2100,452.8,,esp32,,0,,,,,,,,,,,,1,450.0,28.0,0.0,0,NONE
2026-09-28T17:26:12.443+00:00,359.064,manual,Manual cook,temp,2100,452.8,,esp32,,0,,,,,,,,,,,,1,450.0,6.0,0.0,0,NONE
2026-09-28T17:26:13.443+00:00,360.064,manual,Manual cook,temp,2100,452.8,,esp32,,0,,,,,,,,,,,,1,450.0,6.0,0.0,0,NONE
2026-09-28T17:26:13.943+00:00,360.564,manual,Manual cook,temp,2100,452.8,,esp32,,0,,,,,,,,,,,,1,450.0,0.0,0.0,0,NONE
2026-09-28T17:26:14.443+00:00,361.064,manual,Manual cook,temp,2100,453.2,,esp32,,0,,,,,,,,,,,,1,450.0,19.0,0.0,0,NONE
2026-09-28T17:26:14.943+00:00,361.564,manual,Manual cook,temp,2100,453.2,,esp32,,0,,,,,,,,,,,,1,450.0,0.0,0.0,0,NONE
2026-09-28T17:26:15.943+00:00,362.564,manual,Manual cook,temp,2100,453.2,,esp32,,0,,,,,,,,,,,,1,450.0,12.0,0.0,0,NONE
2026-09-28T17:26:16.943+00:00,363.564,manual,Manual cook,temp,2100,453.2,,esp32,,0,,,,,,,,,,,,1,450.0,5.0,0.0,0,NONE
2026-09-28T17:26:17.443+00:00,364.064,manual,Manual cook,temp,2100,453.2,,esp32,,0,,,,,,,,,,,,1,450.0,5.0,0.0,0,NONE
2026-09-28T17:26:17.943+00:00,364.564,manual,Manual cook,temp,2100,454.1,,esp32,,0,,,,,,,,,,,,1,450.0,5.0,0.0,0,NONE
2026-09-28T17:26:18.943+00:00,365.564,manual,Manual cook,temp,2100,454.1,,esp32,,0,,,,,,,,,,,,1,450.0,0.0,0.0,0,NONE
2026-09-28T17:26:19.443+00:00,366.064,manual,Manual cook,temp,2100,454.1,,esp32,,0,,,,,,,,,,,,1,450.0,10.0,0.0,0,NONE
2026-09-28T17:26:20.444+00:00,367.065,manual,Manual cook,temp,2100,454.1,,esp32,,0,,,,,,,,,,,,1,450.0,0.0,0.0,0,NONE
2026-09-28T17:26:21.443+00:00,368.064,manual,Manual cook,temp,2100,453.6,,esp32,,0,,,,,,,,,,,,1,450.0,11.0,0.0,0,NONE
2026-09-28T17:26:22.443+00:00,369.064,manual,Manual cook,temp,2100,453.6,,esp32,,0,,,,,,,,,,,,1,450.0,19.0,0.0,0,NONE
2026-09-28T17:26:23.443+00:00,370.064,manual,Manual cook,temp,2100,453.2,,esp32,,0,,,,,,,,,,,,1,450.0,4.0,0.0,0,NONE
2026-09-28T17:26:24.443+00:00,371.064,manual,Manual cook,temp,2100,453.6,,esp32,,0,,,,,,,,,,,,1,450.0,0.0,0.0,0,NONE
2026-09-28T17:26:24.943+00:00,371.564,manual,Manual cook,temp,2100,453.6,,esp32,,0,,,,,,,,,,,,1,450.0,12.0,0.0,0,NONE
2026-09-28T17:26:25.943+00:00,372.564,manual,Manual cook,temp,2100,453.6,,esp32,,0,,,,,,,,,,,,1,450.0,4.0,0.0,0,NONE
2026-09-28T17:26:26.943+00:00,373.564,manual,Manual cook,temp,2100,453.2,,esp32,,0,,,,,,,,,,,,1,450.0,5.0,0.0,0,NONE
2026-09-28T17:26:27.943+00:00,374.564,manual,Manual cook,temp,2100,453.6,,esp32,,0,,,,,,,,,,,,1,450.0,0.0,0.0,0,NONE
2026-09-28T17:26:28.443+00:00,375.064,manual,Manual cook,temp,2100,453.6,,esp32,,0,,,,,,,,,,,,1,450.0,11.0,0.0,0,NONE
2026-09-28T17:26:29.443+00:00,376.064,manual,Manual cook,temp,2100,453.6,,esp32,,0,,,,,,,,,,,,1,450.0,3.0,0.0,0,NONE
2026-09-28T17:26:29.943+00:00,376.564,manual,Manual cook,temp,2100,453.6,,esp32,,0,,,,,,,,,,,,1,450.0,3.0,0.0,0,NONE
2026-09-28T17:26:30.443+00:00,377.064,manual,Manual cook,temp,2100,453.2,,esp32,,0,,,,,,,,,,,,1,450.0,3.0,0.0,0,NONE
2026-09-28T17:26:31.444+00:00,378.065,manual,Manual cook,temp,2100,453.6,,esp32,,0,,,,,,,,,,,,1,450.0,0.0,0.0,0,NONE
2026-09-28T17:26:32.443+00:00,379.064,manual,Manual cook,temp,2100,453.6,,esp32,,0,,,,,,,,,,,,1,450.0,0.0,0.0,0,NONE
2026-09-28T17:26:33.443+00:00,380.064,manual,Manual cook,temp,2100,453.2,,esp32,,0,,,,,,,,,,,,1,450.0,19.0,0.0,0,NONE
2026-09-28T17:26:34.443+00:00,381.064,manual,Manual cook,temp,2100,453.6,,esp32,,0,,,,,,,,,,,,1,450.0,4.0,0.0,0,NONE
2026-09-28T17:26:35.443+00:00,382.064,manual,Manual cook,temp,2100,453.2,,esp32,,0,,,,,,,,,,,,1,450.0,11.0,0.0,0,NONE
2026-09-28T17:26:35.943+00:00,382.564,manual,Manual cook,temp,2100,452.8,,esp32,,0,,,,,,,,,,,,1,450.0,0.0,0.0,0,NONE
2026-09-28T17:26:36.943+00:00,383.564,manual,Manual cook,temp,2100,451.9,,esp32,,0,,,,,,,,,,,,1,450.0,21.0,0.0,0,NONE
2026-09-28T17:26:37.443+00:00,384.064,manual,Manual cook,temp,2100,451.9,,esp32,,0,,,,,,,,,,,,1,450.0,0.0,0.0,0,NONE
2026-09-28T17:26:38.443+00:00,385.064,manual,Manual cook,temp,2100,452.3,,esp32,,0,,,,,,,,,,,,1,450.0,0.0,0.0,0,NONE
2026-09-28T17:26:38.943+00:00,385.564,manual,Manual cook,temp,2100,452.3,,esp32,,0,,,,,,,,,,,,1,450.0,13.0,0.0,0,NONE
2026-09-28T17:26:39.943+00:00,386.564,manual,Manual cook,temp,2100,452.3,,esp32,,0,,,,,,,,,,,,1,450.0,13.0,0.0,0,NONE
2026-09-28T17:26:40.943+00:00,387.564,manual,Manual cook,temp,2100,451.4,,esp32,,0,,,,,,,,,,,,1,450.0,0.0,0.0,0,NONE
2026-09-28T17:26:41.943+00:00,388.564,manual,Manual cook,temp,2100,451.4,,esp32,,0,,,,,,,,,,,,1,450.0,0.0,0.0,0,NONE
2026-09-28T17:26:42.443+00:00,389.064,manual,Manual cook,temp,2100,452.3,,esp32,,0,,,,,,,,,,,,1,450.0,19.0,0.0,0,NONE
2026-09-28T17:26:43.443+00:00,390.064,manual,Manual cook,temp,2100,451.9,,esp32,,0,,,,,,,,,,,,1,450.0,14.0,0.0,0,NONE
2026-09-28T17:26:43.943+00:00,390.564,manual,Manual cook,temp,2100,452.3,,esp32,,0,,,,,,,,,,,,1,450.0,7.0,0.0,0,NONE
2026-09-28T17:26:44.943+00:00,391.564,manual,Manual cook,temp,2100,451.9,,esp32,,0,,,,,,,,,,,,1,450.0,19.0,0.0,0,NONE
2026-09-28T17:26:45.943+00:00,392.564,manual,Manual cook,temp,2100,451.4,,esp32,,0,,,,,,,,,,,,1,450.0,15.0,0.0,0,NONE
2026-09-28T17:26:46.943+00:00,393.565,manual,Manual cook,temp,2100,451.9,,esp32,,0,,,,,,,,,,,,1,450.0,0.0,0.0,0,NONE
2026-09-28T17:26:47.943+00:00,394.564,manual,Manual cook,temp,2100,451.4,,esp32,,0,,,,,,,,,,,,1,450.0,7.0,0.0,0,NONE
2026-09-28T17:26:48.943+00:00,395.564,manual,Manual cook,temp,2100,451.4,,esp32,,0,,,,,,,,,,,,1,450.0,7.0,0.0,0,NONE
2026-09-28T17:26:49.443+00:00,396.064,manual,Manual cook,temp,2100,451.4,,esp32,,0,,,,,,,,,,,,1,450.0,7.0,0.0,0,NONE
2026-09-28T17:26:49.943+00:00,396.564,manual,Manual cook,temp,2100,451.0,,esp32,,0,,,,,,,,,,,,1,450.0,16.0,0.0,0,NONE
2026-09-28T17:26:50.943+00:00,397.564,manual,Manual cook,temp,2100,451.0,,esp32,,0,,,,,,,,,,,,1,450.0,8.0,0.0,0,NONE
2026-09-28T17:26:51.943+00:00,398.564,manual,Manual cook,temp,2100,451.4,,esp32,,0,,,,,,,,,,,,1,450.0,0.0,0.0,0,NONE
2026-09-28T17:26:52.443+00:00,399.064,manual,Manual cook,temp,2100,451.9,,esp32,,0,,,,,,,,,,,,1,450.0,0.0,0.0,0,NONE
2026-09-28T17:26:53.443+00:00,400.064,manual,Manual cook,temp,2100,452.3,,esp32,,0,,,,,,,,,,,,1,450.0,0.0,0.0,0,NONE
2026-09-28T17:26:53.943+00:00,400.564,manual,Manual cook,temp,2100,451.9,,esp32,,0,,,,,,,,,,,,1,450.0,19.0,0.0,0,NONE
2026-09-28T17:26:54.943+00:00,401.564,manual,Manual cook,temp,2100,451.4,,esp32,,0,,,,,,,,,,,,1,450.0,15.0,0.0,0,NONE
2026-09-28T17:26:55.943+00:00,402.564,manual,Manual cook,temp,2100,451.4,,esp32,,0,,,,,,,,,,,,1,450.0,19.0,0.0,0,NONE
2026-09-28T17:26:56.943+00:00,403.564,manual,Manual cook,temp,2100,450.5,,esp32,,0,,,,,,,,,,,,1,450.0,19.0,0.0,0,NONE
2026-09-28T17:26:57.444+00:00,404.065,manual,Manual cook,temp,2100,451.4,,esp32,,0,,,,,,,,,,,,1,450.0,1.0,0.0,0,NONE
2026-09-28T17:26:58.443+00:00,405.064,manual,Manual cook,temp,2100,451.0,,esp32,,0,,,,,,,,,,,,1,450.0,15.0,0.0,0,NONE
2026-09-28T17:26:59.443+00:00,406.064,manual,Manual cook,temp,2100,451.0,,esp32,,0,,,,,,,,,,,,1,450.0,8.0,0.0,0,NONE
2026-09-28T17:26:59.943+00:00,406.564,manual,Manual cook,temp,2100,450.0,,esp32,,0,,,,,,,,,,,,1,450.0,24.0,0.0,0,NONE
2026-09-28T17:27:00.943+00:00,407.564,manual,Manual cook,temp,2100,451.0,,esp32,,0,,,,,,,,,,,,1,450.0,0.0,0.0,0,NONE
2026-09-28T17:27:01.443+00:00,408.064,manual,Manual cook,temp,2100,450.5,,esp32,,0,,,,,,,,,,,,1,450.0,16.0,0.0,0,NONE
2026-09-28T17:27:02.443+00:00,409.064,manual,Manual cook,temp,2100,450.0,,esp32,,0,,,,,,,,,,,,1,450.0,17.0,0.0,0,NONE
2026-09-28T17:27:02.943+00:00,409.564,manual,Manual cook,temp,2100,451.0,,esp32,,0,,,,,,,,,,,,1,450.0,0.0,0.0,0,NONE
2026-09-28T17:27:03.943+00:00,410.564,manual,Manual cook,temp,2100,450.0,,esp32,,0,,,,,,,,,,,,1,450.0,0.0,0.0,0,NONE
2026-09-28T17:27:04.443+00:00,411.064,manual,Manual cook,temp,2100,451.4,,esp32,,0,,,,,,,,,,,,1,450.0,19.0,0.0,0,NONE
2026-09-28T17:27:05.443+00:00,412.064,manual,Manual cook,temp,2100,450.5,,esp32,,0,,,,,,,,,,,,1,450.0,19.0,0.0,0,NONE
2026-09-28T17:27:06.443+00:00,413.064,manual,Manual cook,temp,2100,449.1,,esp32,,0,,,,,,,,,,,,1,450.0,19.0,0.0,0,NONE
2026-09-28T17:27:07.443+00:00,414.064,manual,Manual cook,temp,2100,450.0,,esp32,,0,,,,,,,,,,,,1,450.0,19.0,0.0,0,NONE
2026-09-28T17:27:08.444+00:00,415.065,manual,Manual cook,temp,2100,449.6,,esp32,,0,,,,,,,,,,,,1,450.0,25.0,0.0,0,NONE
2026-09-28T17:27:09.443+00:00,416.065,manual,Manual cook,temp,2100,450.0,,esp32,,0,,,,,,,,,,,,1,450.0,17.0,0.0,0,NONE
2026-09-28T17:27:10.443+00:00,417.064,manual,Manual cook,temp,2100,449.6,,esp32,,0,,,,,,,,,,,,1,450.0,18.0,0.0,0,NONE
2026-09-28T17:27:10.943+00:00,417.564,manual,Manual cook,temp,2100,449.1,,esp32,,0,,,,,,,,,,,,1,450.0,19.0,0.0,0,NONE
2026-09-28T17:27:11.443+00:00,418.064,manual,Manual cook,temp,2100,449.6,,esp32,,0,,,,,,,,,,,,1,450.0,20.0,0.0,0,NONE
2026-09-28T17:27:12.443+00:00,419.064,manual,Manual cook,temp,2100,449.6,,esp32,,0,,,,,,,,,,,,1,450.0,11.0,0.0,0,NONE
2026-09-28T17:27:13.443+00:00,420.064,manual,Manual cook,temp,2100,449.6,,esp32,,0,,,,,,,,,,,,1,450.0,11.0,0.0,0,NONE
2026-09-28T17:27:13.943+00:00,420.565,manual,Manual cook,temp,2100,449.1,,esp32,,0,,,,,,,,,,,,1,450.0,3.0,0.0,0,NONE
2026-09-28T17:27:14.943+00:00,421.564,manual,Manual cook,temp,2100,449.6,,esp32,,0,,,,,,,,,,,,1,450.0,4.0,0.0,0,NONE
2026-09-28T17:27:15.443+00:00,422.064,manual,Manual cook,temp,2100,449.6,,esp32,,0,,,,,,,,,,,,1,450.0,11.0,0.0,0,NONE
2026-09-28T17:27:16.443+00:00,423.064,manual,Manual cook,temp,2100,449.6,,esp32,,0,,,,,,,,,,,,1,450.0,18.0,0.0,0,NONE
2026-09-28T17:27:17.443+00:00,424.064,manual,Manual cook,temp,2100,450.5,,esp32,,0,,,,,,,,,,,,1,450.0,0.0,0.0,0,NONE
2026-09-28T17:27:18.443+00:00,425.064,manual,Manual cook,temp,2100,451.0,,esp32,,0,,,,,,,,,,,,1,450.0,1.0,0.0,0,NONE
2026-09-28T17:27:18.943+00:00,425.564,manual,Manual cook,temp,2100,451.4,,esp32,,0,,,,,,,,,,,,1,450.0,16.0,0.0,0,NONE
2026-09-28T17:27:19.443+00:00,426.064,manual,Manual cook,temp,2100,451.0,,esp32,,0,,,,,,,,,,,,1,450.0,0.0,0.0,0,NONE
2026-09-28T17:27:20.443+00:00,427.064,manual,Manual cook,temp,2100,451.4,,esp32,,0,,,,,,,,,,,,1,450.0,8.0,0.0,0,NONE
2026-09-28T17:27:21.443+00:00,428.064,manual,Manual cook,temp,2100,451.4,,esp32,,0,,,,,,,,,,,,1,450.0,7.0,0.0,0,NONE
2026-09-28T17:27:21.943+00:00,428.564,manual,Manual cook,temp,2100,451.9,,esp32,,0,,,,,,,,,,,,1,450.0,0.0,0.0,0,NONE
2026-09-28T17:27:22.443+00:00,429.064,manual,Manual cook,temp,2100,451.4,,esp32,,0,,,,,,,,,,,,1,450.0,14.0,0.0,0,NONE
2026-09-28T17:27:23.443+00:00,430.064,manual,Manual cook,temp,2100,450.0,,esp32,,0,,,,,,,,,,,,1,450.0,14.0,0.0,0,NONE
2026-09-28T17:27:24.443+00:00,431.064,manual,Manual cook,temp,2100,451.9,,esp32,,0,,,,,,,,,,,,1,450.0,0.0,0.0,0,NONE
2026-09-28T17:27:25.443+00:00,432.065,manual,Manual cook,temp,2100,452.3,,esp32,,0,,,,,,,,,,,,1,450.0,6.0,0.0,0,NONE
2026-09-28T17:27:26.443+00:00,433.064,manual,Manual cook,temp,2100,452.3,,esp32,,0,,,,,,,,,,,,1,450.0,19.0,0.0,0,NONE
2026-09-28T17:27:27.443+00:00,434.064,manual,Manual cook,temp,2100,451.4,,esp32,,0,,,,,,,,,,,,1,450.0,19.0,0.0,0,NONE
2026-09-28T17:27:28.443+00:00,435.064,manual,Manual cook,temp,2100,451.9,,esp32,,0,,,,,,,,,,,,1,450.0,6.0,0.0,0,NONE
2026-09-28T17:27:28.943+00:00,435.564,manual,Manual cook,temp,2100,451.0,,esp32,,0,,,,,,,,,,,,1,450.0,22.0,0.0,0,NONE
2026-09-28T17:27:29.943+00:00,436.564,manual,Manual cook,temp,2100,451.4,,esp32,,0,,,,,,,,,,,,1,450.0,0.0,0.0,0,NONE
2026-09-28T17:27:30.943+00:00,437.564,manual,Manual cook,temp,2100,451.9,,esp32,,0,,,,,,,,,,,,1,450.0,0.0,0.0,0,NONE
2026-09-28T17:27:31.943+00:00,438.564,manual,Manual cook,temp,2100,451.9,,esp32,,0,,,,,,,,,,,,1,450.0,1.0,0.0,0,NONE
2026-09-28T17:27:32.943+00:00,439.564,manual,Manual cook,temp,2100,451.9,,esp32,,0,,,,,,,,,,,,1,450.0,6.0,0.0,0,NONE
2026-09-28T17:27:33.943+00:00,440.564,manual,Manual cook,temp,2100,451.4,,esp32,,0,,,,,,,,,,,,1,450.0,19.0,0.0,0,NONE
2026-09-28T17:27:34.943+00:00,441.564,manual,Manual cook,temp,2100,451.4,,esp32,,0,,,,,,,,,,,,1,450.0,0.0,0.0,0,NONE
2026-09-28T17:27:35.943+00:00,442.564,manual,Manual cook,temp,2100,451.9,,esp32,,0,,,,,,,,,,,,1,450.0,7.0,0.0,0,NONE
2026-09-28T17:27:36.443+00:00,443.064,manual,Manual cook,temp,2100,451.9,,esp32,,0,,,,,,,,,,,,1,450.0,0.0,0.0,0,NONE
2026-09-28T17:27:37.443+00:00,444.064,manual,Manual cook,temp,2100,451.4,,esp32,,0,,,,,,,,,,,,1,450.0,7.0,0.0,0,NONE
2026-09-28T17:27:38.443+00:00,445.064,manual,Manual cook,temp,2100,450.5,,esp32,,0,,,,,,,,,,,,1,450.0,23.0,0.0,0,NONE
2026-09-28T17:27:39.442+00:00,446.064,manual,Manual cook,temp,2100,451.4,,esp32,,0,,,,,,,,,,,,1,450.0,7.0,0.0,0,NONE
2026-09-28T17:27:39.943+00:00,446.564,manual,Manual cook,temp,2100,450.0,,esp32,,0,,,,,,,,,,,,1,450.0,23.0,0.0,0,NONE
2026-09-28T17:27:40.943+00:00,447.564,manual,Manual cook,temp,2100,451.0,,esp32,,0,,,,,,,,,,,,1,450.0,0.0,0.0,0,NONE
2026-09-28T17:27:41.443+00:00,448.064,manual,Manual cook,temp,2100,451.9,,esp32,,0,,,,,,,,,,,,1,450.0,15.0,0.0,0,NONE
2026-09-28T17:27:41.943+00:00,448.564,manual,Manual cook,temp,2100,451.0,,esp32,,0,,,,,,,,,,,,1,450.0,0.0,0.0,0,NONE
2026-09-28T17:27:42.942+00:00,449.564,manual,Manual cook,temp,2100,451.4,,esp32,,0,,,,,,,,,,,,1,450.0,0.0,0.0,0,NONE
2026-09-28T17:27:43.442+00:00,450.064,manual,Manual cook,temp,2100,451.4,,esp32,,0,,,,,,,,,,,,1,450.0,7.0,0.0,0,NONE
2026-09-28T17:27:44.443+00:00,451.064,manual,Manual cook,temp,2100,451.0,,esp32,,0,,,,,,,,,,,,1,450.0,6.0,0.0,0,NONE
2026-09-28T17:27:44.943+00:00,451.564,manual,Manual cook,temp,2100,451.0,,esp32,,0,,,,,,,,,,,,1,450.0,22.0,0.0,0,NONE
2026-09-28T17:27:45.943+00:00,452.564,manual,Manual cook,temp,2100,451.0,,esp32,,0,,,,,,,,,,,,1,450.0,19.0,0.0,0,NONE
2026-09-28T17:27:46.443+00:00,453.064,manual,Manual cook,temp,2100,451.4,,esp32,,0,,,,,,,,,,,,1,450.0,0.0,0.0,0,NONE
2026-09-28T17:27:47.443+00:00,454.064,manual,Manual cook,temp,2100,451.0,,esp32,,0,,,,,,,,,,,,1,450.0,7.0,0.0,0,NONE
2026-09-28T17:27:48.443+00:00,455.064,manual,Manual cook,temp,2100,451.0,,esp32,,0,,,,,,,,,,,,1,450.0,0.0,0.0,0,NONE
2026-09-28T17:27:49.442+00:00,456.064,manual,Manual cook,temp,2100,451.0,,esp32,,0,,,,,,,,,,,,1,450.0,8.0,0.0,0,NONE
2026-09-28T17:27:50.443+00:00,457.064,manual,Manual cook,temp,2100,451.4,,esp32,,0,,,,,,,,,,,,1,450.0,6.0,0.0,0,NONE
2026-09-28T17:27:51.442+00:00,458.064,manual,Manual cook,temp,2100,451.4,,esp32,,0,,,,,,,,,,,,1,450.0,0.0,0.0,0,NONE
2026-09-28T17:27:51.943+00:00,458.564,manual,Manual cook,temp,2100,451.4,,esp32,,0,,,,,,,,,,,,1,450.0,14.0,0.0,0,NONE
2026-09-28T17:27:52.942+00:00,459.564,manual,Manual cook,temp,2100,450.0,,esp32,,0,,,,,,,,,,,,1,450.0,0.0,0.0,0,NONE
2026-09-28T17:27:53.443+00:00,460.064,manual,Manual cook,temp,2100,451.9,,esp32,,0,,,,,,,,,,,,1,450.0,19.0,0.0,0,NONE
2026-09-28T17:27:54.443+00:00,461.064,manual,Manual cook,temp,2100,451.4,,esp32,,0,,,,,,,,,,,,1,450.0,19.0,0.0,0,NONE
2026-09-28T17:27:55.443+00:00,462.064,manual,Manual cook,temp,2100,451.4,,esp32,,0,,,,,,,,,,,,1,450.0,15.0,0.0,0,NONE
2026-09-28T17:27:56.442+00:00,463.064,manual,Manual cook,temp,2100,450.5,,esp32,,0,,,,,,,,,,,,1,450.0,19.0,0.0,0,NONE
2026-09-28T17:27:57.442+00:00,464.064,manual,Manual cook,temp,2100,450.0,,esp32,,0,,,,,,,,,,,,1,450.0,19.0,0.0,0,NONE
2026-09-28T17:27:57.942+00:00,464.564,manual,Manual cook,temp,2100,451.9,,esp32,,0,,,,,,,,,,,,1,450.0,0.0,0.0,0,NONE
2026-09-28T17:27:58.443+00:00,465.064,manual,Manual cook,temp,2100,451.9,,esp32,,0,,,,,,,,,,,,1,450.0,0.0,0.0,0,NONE
2026-09-28T17:27:59.443+00:00,466.064,manual,Manual cook,temp,2100,450.5,,esp32,,0,,,,,,,,,,,,1,450.0,16.0,0.0,0,NONE
2026-09-28T17:28:00.443+00:00,467.064,manual,Manual cook,temp,2100,451.0,,esp32,,0,,,,,,,,,,,,1,450.0,17.0,0.0,0,NONE
2026-09-28T17:28:01.442+00:00,468.063,manual,Manual cook,temp,2100,451.0,,esp32,,0,,,,,,,,,,,,1,450.0,8.0,0.0,0,NONE
2026-09-28T17:28:01.942+00:00,468.564,manual,Manual cook,temp,2100,450.5,,esp32,,0,,,,,,,,,,,,1,450.0,16.0,0.0,0,NONE
2026-09-28T17:28:02.942+00:00,469.564,manual,Manual cook,temp,2100,451.0,,esp32,,0,,,,,,,,,,,,1,450.0,8.0,0.0,0,NONE
2026-09-28T17:28:03.943+00:00,470.564,manual,Manual cook,temp,2100,451.0,,esp32,,0,,,,,,,,,,,,1,450.0,8.0,0.0,0,NONE
2026-09-28T17:28:04.942+00:00,471.563,manual,Manual cook,temp,2100,451.4,,esp32,,0,,,,,,,,,,,,1,450.0,0.0,0.0,0,NONE
2026-09-28T17:28:05.442+00:00,472.064,manual,Manual cook,temp,2100,450.5,,esp32,,0,,,,,,,,,,,,1,450.0,19.0,0.0,0,NONE
2026-09-28T17:28:06.442+00:00,473.064,manual,Manual cook,temp,2100,451.0,,esp32,,0,,,,,,,,,,,,1,450.0,25.0,0.0,0,NONE
2026-09-28T17:28:07.442+00:00,474.063,manual,Manual cook,temp,2100,451.0,,esp32,,0,,,,,,,,,,,,1,450.0,8.0,0.0,0,NONE
2026-09-28T17:28:07.942+00:00,474.563,manual,Manual cook,temp,2100,451.4,,esp32,,0,,,,,,,,,,,,1,450.0,0.0,0.0,0,NONE
2026-09-28T17:28:08.442+00:00,475.064,manual,Manual cook,temp,2100,450.5,,esp32,,0,,,,,,,,,,,,1,450.0,19.0,0.0,0,NONE
2026-09-28T17:28:09.442+00:00,476.064,manual,Manual cook,temp,2100,450.5,,esp32,,0,,,,,,,,,,,,1,450.0,19.0,0.0,0,NONE
2026-09-28T17:28:10.442+00:00,477.064,manual,Manual cook,temp,2100,451.4,,esp32,,0,,,,,,,,,,,,1,450.0,7.0,0.0,0,NONE
2026-09-28T17:28:11.442+00:00,478.064,manual,Manual cook,temp,2100,451.4,,esp32,,0,,,,,,,,,,,,1,450.0,15.0,0.0,0,NONE
2026-09-28T17:28:12.442+00:00,479.063,manual,Manual cook,temp,2100,451.4,,esp32,,0,,,,,,,,,,,,1,450.0,7.0,0.0,0,NONE
2026-09-28T17:28:12.942+00:00,479.564,manual,Manual cook,temp,2100,450.5,,esp32,,0,,,,,,,,,,,,1,450.0,23.0,0.0,0,NONE
2026-09-28T17:28:13.942+00:00,480.563,manual,Manual cook,temp,2100,451.0,,esp32,,0,,,,,,,,,,,,1,450.0,15.0,0.0,0,NONE
2026-09-28T17:28:14.443+00:00,481.064,manual,Manual cook,temp,2100,451.4,,esp32,,0,,,,,,,,,,,,1,450.0,0.0,0.0,0,NONE
2026-09-28T17:28:15.443+00:00,482.064,manual,Manual cook,temp,2100,451.4,,esp32,,0,,,,,,,,,,,,1,450.0,14.0,0.0,0,NONE
2026-09-28T17:28:16.442+00:00,483.063,manual,Manual cook,temp,2100,451.0,,esp32,,0,,,,,,,,,,,,1,450.0,0.0,0.0,0,NONE
2026-09-28T17:28:16.942+00:00,483.563,manual,Manual cook,temp,2100,451.0,,esp32,,0,,,,,,,,,,,,1,450.0,7.0,0.0,0,NONE
2026-09-28T17:28:17.942+00:00,484.563,manual,Manual cook,temp,2100,451.0,,esp32,,0,,,,,,,,,,,,1,450.0,0.0,0.0,0,NONE
2026-09-28T17:28:18.442+00:00,485.064,manual,Manual cook,temp,2100,451.4,,esp32,,0,,,,,,,,,,,,1,450.0,15.0,0.0,0,NONE
2026-09-28T17:28:19.443+00:00,486.064,manual,Manual cook,temp,2100,450.5,,esp32,,0,,,,,,,,,,,,1,450.0,19.0,0.0,0,NONE
2026-09-28T17:28:20.442+00:00,487.063,manual,Manual cook,temp,2100,451.0,,esp32,,0,,,,,,,,,,,,1,450.0,0.0,0.0,0,NONE
2026-09-28T17:28:20.942+00:00,487.563,manual,Manual cook,temp,2100,451.0,,esp32,,0,,,,,,,,,,,,1,450.0,7.0,0.0,0,NONE
2026-09-28T17:28:21.443+00:00,488.064,manual,Manual cook,temp,2100,450.0,,esp32,,0,,,,,,,,,,,,1,450.0,24.0,0.0,0,NONE
2026-09-28T17:28:22.442+00:00,489.063,manual,Manual cook,temp,2100,450.5,,esp32,,0,,,,,,,,,,,,1,450.0,15.0,0.0,0,NONE
2026-09-28T17:28:23.442+00:00,490.063,manual,Manual cook,temp,2100,451.4,,esp32,,0,,,,,,,,,,,,1,450.0,7.0,0.0,0,NONE
2026-09-28T17:28:24.442+00:00,491.063,manual,Manual cook,temp,2100,451.4,,esp32,,0,,,,,,,,,,,,1,450.0,6.0,0.0,0,NONE
2026-09-28T17:28:24.942+00:00,491.564,manual,Manual cook,temp,2100,450.5,,esp32,,0,,,,,,,,,,,,1,450.0,15.0,0.0,0,NONE
2026-09-28T17:28:25.942+00:00,492.563,manual,Manual cook,temp,2100,450.5,,esp32,,0,,,,,,,,,,,,1,450.0,8.0,0.0,0,NONE
2026-09-28T17:28:26.442+00:00,493.063,manual,Manual cook,temp,2100,450.5,,esp32,,0,,,,,,,,,,,,1,450.0,8.0,0.0,0,NONE
2026-09-28T17:28:26.943+00:00,493.564,manual,Manual cook,temp,2100,450.5,,esp32,,0,,,,,,,,,,,,1,450.0,24.0,0.0,0,NONE
2026-09-28T17:28:27.942+00:00,494.563,manual,Manual cook,temp,2100,450.5,,esp32,,0,,,,,,,,,,,,1,450.0,8.0,0.0,0,NONE
2026-09-28T17:28:28.442+00:00,495.063,manual,Manual cook,temp,2100,451.0,,esp32,,0,,,,,,,,,,,,1,450.0,0.0,0.0,0,NONE
2026-09-28T17:28:29.442+00:00,496.063,manual,Manual cook,temp,2100,451.0,,esp32,,0,,,,,,,,,,,,1,450.0,7.0,0.0,0,NONE
2026-09-28T17:28:30.442+00:00,497.063,manual,Manual cook,temp,2100,451.4,,esp32,,0,,,,,,,,,,,,1,450.0,0.0,0.0,0,NONE
2026-09-28T17:28:30.942+00:00,497.563,manual,Manual cook,temp,2100,451.9,,esp32,,0,,,,,,,,,,,,1,450.0,6.0,0.0,0,NONE
2026-09-28T17:28:31.442+00:00,498.063,manual,Manual cook,temp,2100,450.5,,esp32,,0,,,,,,,,,,,,1,450.0,0.0,0.0,0,NONE
2026-09-28T17:28:32.442+00:00,499.063,manual,Manual cook,temp,2100,450.5,,esp32,,0,,,,,,,,,,,,1,450.0,0.0,0.0,0,NONE
2026-09-28T17:28:32.942+00:00,499.563,manual,Manual cook,temp,2100,451.4,,esp32,,0,,,,,,,,,,,,1,450.0,15.0,0.0,0,NONE
2026-09-28T17:28:33.942+00:00,500.563,manual,Manual cook,temp,2100,451.4,,esp32,,0,,,,,,,,,,,,1,450.0,14.0,0.0,0,NONE
2026-09-28T17:28:34.942+00:00,501.563,manual,Manual cook,temp,2100,450.0,,esp32,,0,,,,,,,,,,,,1,450.0,19.0,0.0,0,NONE
2026-09-28T17:28:35.942+00:00,502.563,manual,Manual cook,temp,2100,451.0,,esp32,,0,,,,,,,,,,,,1,450.0,14.0,0.0,0,NONE
2026-09-28T17:28:36.942+00:00,503.563,manual,Manual cook,temp,2100,450.5,,esp32,,0,,,,,,,,,,,,1,450.0,15.0,0.0,0,NONE
2026-09-28T17:28:37.442+00:00,504.064,manual,Manual cook,temp,2100,451.0,,esp32,,0,,,,,,,,,,,,1,450.0,8.0,0.0,0,NONE
2026-09-28T17:28:37.943+00:00,504.564,manual,Manual cook,temp,2100,451.0,,esp32,,0,,,,,,,,,,,,1,450.0,0.0,0.0,0,NONE
2026-09-28T17:28:38.942+00:00,505.563,manual,Manual cook,temp,2100,450.5,,esp32,,0,,,,,,,,,,,,1,450.0,15.0,0.0,0,NONE
2026-09-28T17:28:39.442+00:00,506.063,manual,Manual cook,temp,2100,450.5,,esp32,,0,,,,,,,,,,,,1,450.0,16.0,0.0,0,NONE
2026-09-28T17:28:40.442+00:00,507.063,manual,Manual cook,temp,2100,451.4,,esp32,,0,,,,,,,,,,,,1,450.0,8.0,0.0,0,NONE
2026-09-28T17:28:41.442+00:00,508.063,manual,Manual cook,temp,2100,450.5,,esp32,,0,,,,,,,,,,,,1,450.0,14.0,0.0,0,NONE
2026-09-28T17:28:42.442+00:00,509.063,manual,Manual cook,temp,2100,451.4,,esp32,,0,,,,,,,,,,,,1,450.0,0.0,0.0,0,NONE
2026-09-28T17:28:42.942+00:00,509.563,manual,Manual cook,temp,2100,450.5,,esp32,,0,,,,,,,,,,,,1,450.0,19.0,0.0,0,NONE
2026-09-28T17:28:43.942+00:00,510.563,manual,Manual cook,temp,2100,451.4,,esp32,,0,,,,,,,,,,,,1,450.0,15.0,0.0,0,NONE
2026-09-28T17:28:44.942+00:00,511.563,manual,Manual cook,temp,2100,450.0,,esp32,,0,,,,,,,,,,,,1,450.0,19.0,0.0,0,NONE
2026-09-28T17:28:45.942+00:00,512.563,manual,Manual cook,temp,2100,450.5,,esp32,,0,,,,,,,,,,,,1,450.0,16.0,0.0,0,NONE
2026-09-28T17:28:46.942+00:00,513.563,manual,Manual cook,temp,2100,450.5,,esp32,,0,,,,,,,,,,,,1,450.0,8.0,0.0,0,NONE
2026-09-28T17:28:47.442+00:00,514.063,manual,Manual cook,temp,2100,450.5,,esp32,,0,,,,,,,,,,,,1,450.0,8.0,0.0,0,NONE
2026-09-28T17:28:47.942+00:00,514.563,manual,Manual cook,temp,2100,450.0,,esp32,,0,,,,,,,,,,,,1,450.0,16.0,0.0,0,NONE
2026-09-28T17:28:48.442+00:00,515.063,manual,Manual cook,temp,2100,449.6,,esp32,,0,,,,,,,,,,,,1,450.0,17.0,0.0,0,NONE
2026-09-28T17:28:49.442+00:00,516.063,manual,Manual cook,temp,2100,450.0,,esp32,,0,,,,,,,,,,,,1,450.0,17.0,0.0,0,NONE
2026-09-28T17:28:50.442+00:00,517.063,manual,Manual cook,temp,2100,450.0,,esp32,,0,,,,,,,,,,,,1,450.0,9.0,0.0,0,NONE
2026-09-28T17:28:50.942+00:00,517.563,manual,Manual cook,temp,2100,450.0,,esp32,,0,,,,,,,,,,,,1,450.0,9.0,0.0,0,NONE
2026-09-28T17:28:51.942+00:00,518.563,manual,Manual cook,temp,2100,450.0,,esp32,,0,,,,,,,,,,,,1,450.0,9.0,0.0,0,NONE
2026-09-28T17:28:52.442+00:00,519.063,manual,Manual cook,temp,2100,450.0,,esp32,,0,,,,,,,,,,,,1,450.0,9.0,0.0,0,NONE
2026-09-28T17:28:53.443+00:00,520.064,manual,Manual cook,temp,2100,450.5,,esp32,,0,,,,,,,,,,,,1,450.0,1.0,0.0,0,NONE
2026-09-28T17:28:54.442+00:00,521.063,manual,Manual cook,temp,2100,451.0,,esp32,,0,,,,,,,,,,,,1,450.0,7.0,0.0,0,NONE
2026-09-28T17:28:54.942+00:00,521.563,manual,Manual cook,temp,2100,451.9,,esp32,,0,,,,,,,,,,,,1,450.0,15.0,0.0,0,NONE
2026-09-28T17:28:55.942+00:00,522.563,manual,Manual cook,temp,2100,451.9,,esp32,,0,,,,,,,,,,,,1,450.0,5.0,0.0,0,NONE
2026-09-28T17:28:56.442+00:00,523.063,manual,Manual cook,temp,2100,451.9,,esp32,,0,,,,,,,,,,,,1,450.0,5.0,0.0,0,NONE
2026-09-28T17:28:57.442+00:00,524.063,manual,Manual cook,temp,2100,451.0,,esp32,,0,,,,,,,,,,,,1,450.0,21.0,0.0,0,NONE
2026-09-28T17:28:58.442+00:00,525.063,manual,Manual cook,temp,2100,451.4,,esp32,,0,,,,,,,,,,,,1,450.0,6.0,0.0,0,NONE
2026-09-28T17:28:58.943+00:00,525.564,manual,Manual cook,temp,2100,451.0,,esp32,,0,,,,,,,,,,,,1,450.0,6.0,0.0,0,NONE
2026-09-28T17:28:59.942+00:00,526.563,manual,Manual cook,temp,2100,451.0,,esp32,,0,,,,,,,,,,,,1,450.0,7.0,0.0,0,NONE
2026-09-28T17:29:00.942+00:00,527.563,manual,Manual cook,temp,2100,450.5,,esp32,,0,,,,,,,,,,,,1,450.0,19.0,0.0,0,NONE
2026-09-28T17:29:01.442+00:00,528.063,manual,Manual cook,temp,2100,451.9,,esp32,,0,,,,,,,,,,,,1,450.0,0.0,0.0,0,NONE
2026-09-28T17:29:02.442+00:00,529.063,manual,Manual cook,temp,2100,452.8,,esp32,,0,,,,,,,,,,,,1,450.0,0.0,0.0,0,NONE
2026-09-28T17:29:02.942+00:00,529.563,manual,Manual cook,temp,2100,451.9,,esp32,,0,,,,,,,,,,,,1,450.0,19.0,0.0,0,NONE
2026-09-28T17:29:03.942+00:00,530.563,manual,Manual cook,temp,2100,452.8,,esp32,,0,,,,,,,,,,,,1,450.0,0.0,0.0,0,NONE
2026-09-28T17:29:04.442+00:00,531.063,manual,Manual cook,temp,2100,452.3,,esp32,,0,,,,,,,,,,,,1,450.0,3.0,0.0,0,NONE
2026-09-28T17:29:04.942+00:00,531.563,manual,Manual cook,temp,2100,452.3,,esp32,,0,,,,,,,,,,,,1,450.0,11.0,0.0,0,NONE
2026-09-28T17:29:05.942+00:00,532.563,manual,Manual cook,temp,2100,453.2,,esp32,,0,,,,,,,,,,,,1,450.0,0.0,0.0,0,NONE
2026-09-28T17:29:06.942+00:00,533.563,manual,Manual cook,temp,2100,452.8,,esp32,,0,,,,,,,,,,,,1,450.0,18.0,0.0,0,NONE
2026-09-28T17:29:07.942+00:00,534.563,manual,Manual cook,temp,2100,453.2,,esp32,,0,,,,,,,,,,,,1,450.0,19.0,0.0,0,NONE
2026-09-28T17:29:08.942+00:00,535.563,manual,Manual cook,temp,2100,452.3,,esp32,,0,,,,,,,,,,,,1,450.0,18.0,0.0,0,NONE
2026-09-28T17:29:09.942+00:00,536.563,manual,Manual cook,temp,2100,452.8,,esp32,,0,,,,,,,,,,,,1,450.0,0.0,0.0,0,NONE
2026-09-28T17:29:10.442+00:00,537.063,manual,Manual cook,temp,2100,452.8,,esp32,,0,,,,,,,,,,,,1,450.0,3.0,0.0,0,NONE
2026-09-28T17:29:11.442+00:00,538.063,manual,Manual cook,temp,2100,453.2,,esp32,,0,,,,,,,,,,,,1,450.0,0.0,0.0,0,NONE
2026-09-28T17:29:11.942+00:00,538.563,manual,Manual cook,temp,2100,453.6,,esp32,,0,,,,,,,,,,,,1,450.0,10.0,0.0,0,NONE
2026-09-28T17:29:12.942+00:00,539.563,manual,Manual cook,temp,2100,452.3,,esp32,,0,,,,,,,,,,,,1,450.0,19.0,0.0,0,NONE
2026-09-28T17:29:13.442+00:00,540.063,manual,Manual cook,temp,2100,453.2,,esp32,,0,,,,,,,,,,,,1,450.0,0.0,0.0,0,NONE
2026-09-28T17:29:14.442+00:00,541.063,manual,Manual cook,temp,2100,453.6,,esp32,,0,,,,,,,,,,,,1,450.0,2.0,0.0,0,NONE
2026-09-28T17:29:15.442+00:00,542.063,manual,Manual cook,temp,2100,452.8,,esp32,,0,,,,,,,,,,,,1,450.0,17.0,0.0,0,NONE
2026-09-28T17:29:16.442+00:00,543.064,manual,Manual cook,temp,2100,452.8,,esp32,,0,,,,,,,,,,,,1,450.0,10.0,0.0,0,NONE
2026-09-28T17:29:17.442+00:00,544.063,manual,Manual cook,temp,2100,452.8,,esp32,,0,,,,,,,,,,,,1,450.0,3.0,0.0,0,NONE
2026-09-28T17:29:18.442+00:00,545.063,manual,Manual cook,temp,2100,452.3,,esp32,,0,,,,,,,,,,,,1,450.0,11.0,0.0,0,NONE
2026-09-28T17:29:19.442+00:00,546.063,manual,Manual cook,temp,2100,451.4,,esp32,,0,,,,,,,,,,,,1,450.0,20.0,0.0,0,NONE
2026-09-28T17:29:20.442+00:00,547.063,manual,Manual cook,temp,2100,452.3,,esp32,,0,,,,,,,,,,,,1,450.0,11.0,0.0,0,NONE
2026-09-28T17:29:20.942+00:00,547.563,manual,Manual cook,temp,2100,452.8,,esp32,,0,,,,,,,,,,,,1,450.0,12.0,0.0,0,NONE
2026-09-28T17:29:21.942+00:00,548.563,manual,Manual cook,temp,2100,452.8,,esp32,,0,,,,,,,,,,,,1,450.0,3.0,0.0,0,NONE
2026-09-28T17:29:22.942+00:00,549.563,manual,Manual cook,temp,2100,453.2,,esp32,,0,,,,,,,,,,,,1,450.0,2.0,0.0,0,NONE
2026-09-28T17:29:23.942+00:00,550.563,manual,Manual cook,temp,2100,452.3,,esp32,,0,,,,,,,,,,,,1,450.0,18.0,0.0,0,NONE
2026-09-28T17:29:24.942+00:00,551.563,manual,Manual cook,temp,2100,452.8,,esp32,,0,,,,,,,,,,,,1,450.0,0.0,0.0,0,NONE
2026-09-28T17:29:25.442+00:00,552.063,manual,Manual cook,temp,2100,451.9,,esp32,,0,,,,,,,,,,,,1,450.0,3.0,0.0,0,NONE
2026-09-28T17:29:25.942+00:00,552.563,manual,Manual cook,temp,2100,451.9,,esp32,,0,,,,,,,,,,,,1,450.0,19.0,0.0,0,NONE
2026-09-28T17:29:26.942+00:00,553.563,manual,Manual cook,temp,2100,452.8,,esp32,,0,,,,,,,,,,,,1,450.0,4.0,0.0,0,NONE
2026-09-28T17:29:27.442+00:00,554.064,manual,Manual cook,temp,2100,451.0,,esp32,,0,,,,,,,,,,,,1,450.0,0.0,0.0,0,NONE
2026-09-28T17:29:28.442+00:00,555.063,manual,Manual cook,temp,2100,452.3,,esp32,,0,,,,,,,,,,,,1,450.0,0.0,0.0,0,NONE
2026-09-28T17:29:29.442+00:00,556.063,manual,Manual cook,temp,2100,451.9,,esp32,,0,,,,,,,,,,,,1,450.0,11.0,0.0,0,NONE
2026-09-28T17:29:30.442+00:00,557.063,manual,Manual cook,temp,2100,451.0,,esp32,,0,,,,,,,,,,,,1,450.0,20.0,0.0,0,NONE
2026-09-28T17:29:31.442+00:00,558.063,manual,Manual cook,temp,2100,451.4,,esp32,,0,,,,,,,,,,,,1,450.0,12.0,0.0,0,NONE
2026-09-28T17:29:32.442+00:00,559.063,manual,Manual cook,temp,2100,451.4,,esp32,,0,,,,,,,,,,,,1,450.0,19.0,0.0,0,NONE
2026-09-28T17:29:32.942+00:00,559.563,manual,Manual cook,temp,2100,451.4,,esp32,,0,,,,,,,,,,,,1,450.0,5.0,0.0,0,NONE
2026-09-28T17:29:33.941+00:00,560.563,manual,Manual cook,temp,2100,452.3,,esp32,,0,,,,,,,,,,,,1,450.0,3.0,0.0,0,NONE
2026-09-28T17:29:34.442+00:00,561.063,manual,Manual cook,temp,2100,451.9,,esp32,,0,,,,,,,,,,,,1,450.0,11.0,0.0,0,NONE
2026-09-28T17:29:35.442+00:00,562.063,manual,Manual cook,temp,2100,452.3,,esp32,,0,,,,,,,,,,,,1,450.0,0.0,0.0,0,NONE
2026-09-28T17:29:36.442+00:00,563.063,manual,Manual cook,temp,2100,452.3,,esp32,,0,,,,,,,,,,,,1,450.0,19.0,0.0,0,NONE
2026-09-28T17:29:37.442+00:00,564.063,manual,Manual cook,temp,2100,452.8,,esp32,,0,,,,,,,,,,,,1,450.0,19.0,0.0,0,NONE
2026-09-28T17:29:38.442+00:00,565.063,manual,Manual cook,temp,2100,452.8,,esp32,,0,,,,,,,,,,,,1,450.0,18.0,0.0,0,NONE
2026-09-28T17:29:39.442+00:00,566.063,manual,Manual cook,temp,2100,451.9,,esp32,,0,,,,,,,,,,,,1,450.0,18.0,0.0,0,NONE
2026-09-28T17:29:40.442+00:00,567.063,manual,Manual cook,temp,2100,451.4,,esp32,,0,,,,,,,,,,,,1,450.0,19.0,0.0,0,NONE
2026-09-28T17:29:41.441+00:00,568.063,manual,Manual cook,temp,2100,452.8,,esp32,,0,,,,,,,,,,,,1,450.0,0.0,0.0,0,NONE
2026-09-28T17:29:41.942+00:00,568.563,manual,Manual cook,temp,2100,452.3,,esp32,,0,,,,,,,,,,,,1,450.0,10.0,0.0,0,NONE
2026-09-28T17:29:42.941+00:00,569.563,manual,Manual cook,temp,2100,452.3,,esp32,,0,,,,,,,,,,,,1,450.0,3.0,0.0,0,NONE
2026-09-28T17:29:43.442+00:00,570.063,manual,Manual cook,temp,2100,452.3,,esp32,,0,,,,,,,,,,,,1,450.0,3.0,0.0,0,NONE
2026-09-28T17:29:44.441+00:00,571.063,manual,Manual cook,temp,2100,452.3,,esp32,,0,,,,,,,,,,,,1,450.0,3.0,0.0,0,NONE
2026-09-28T17:29:44.941+00:00,571.563,manual,Manual cook,temp,2100,451.4,,esp32,,0,,,,,,,,,,,,1,450.0,19.0,0.0,0,NONE
2026-09-28T17:29:45.942+00:00,572.563,manual,Manual cook,temp,2100,452.8,,esp32,,0,,,,,,,,,,,,1,450.0,19.0,0.0,0,NONE
2026-09-28T17:29:46.941+00:00,573.563,manual,Manual cook,temp,2100,452.8,,esp32,,0,,,,,,,,,,,,1,450.0,2.0,0.0,0,NONE
2026-09-28T17:29:47.442+00:00,574.063,manual,Manual cook,temp,2100,452.3,,esp32,,0,,,,,,,,,,,,1,450.0,10.0,0.0,0,NONE
2026-09-28T17:29:48.442+00:00,575.063,manual,Manual cook,temp,2100,452.3,,esp32,,0,,,,,,,,,,,,1,450.0,10.0,0.0,0,NONE
2026-09-28T17:29:49.441+00:00,576.062,manual,Manual cook,temp,2100,452.8,,esp32,,0,,,,,,,,,,,,1,450.0,0.0,0.0,0,NONE
2026-09-28T17:29:49.941+00:00,576.563,manual,Manual cook,temp,2100,452.8,,esp32,,0,,,,,,,,,,,,1,450.0,2.0,0.0,0,NONE
2026-09-28T17:29:50.441+00:00,577.063,manual,Manual cook,temp,2100,451.9,,esp32,,0,,,,,,,,,,,,1,450.0,18.0,0.0,0,NONE
2026-09-28T17:29:51.441+00:00,578.062,manual,Manual cook,temp,2100,452.3,,esp32,,0,,,,,,,,,,,,1,450.0,3.0,0.0,0,NONE
2026-09-28T17:29:51.942+00:00,578.563,manual,Manual cook,temp,2100,451.4,,esp32,,0,,,,,,,,,,,,1,450.0,19.0,0.0,0,NONE
2026-09-28T17:29:52.442+00:00,579.063,manual,Manual cook,temp,2100,452.3,,esp32,,0,,,,,,,,,,,,1,450.0,0.0,0.0,0,NONE
2026-09-28T17:29:53.442+00:00,580.063,manual,Manual cook,temp,2100,451.9,,esp32,,0,,,,,,,,,,,,1,450.0,11.0,0.0,0,NONE
2026-09-28T17:29:54.442+00:00,581.063,manual,Manual cook,temp,2100,451.9,,esp32,,0,,,,,,,,,,,,1,450.0,4.0,0.0,0,NONE
2026-09-28T17:29:55.441+00:00,582.063,manual,Manual cook,temp,2100,451.9,,esp32,,0,,,,,,,,,,,,1,450.0,4.0,0.0,0,NONE
2026-09-28T17:29:56.441+00:00,583.063,manual,Manual cook,temp,2100,452.3,,esp32,,0,,,,,,,,,,,,1,450.0,0.0,0.0,0,NONE
2026-09-28T17:29:56.941+00:00,583.563,manual,Manual cook,temp,2100,452.8,,esp32,,0,,,,,,,,,,,,1,450.0,19.0,0.0,0,NONE
2026-09-28T17:29:57.941+00:00,584.563,manual,Manual cook,temp,2100,452.3,,esp32,,0,,,,,,,,,,,,1,450.0,10.0,0.0,0,NONE
2026-09-28T17:29:58.942+00:00,585.563,manual,Manual cook,temp,2100,452.3,,esp32,,0,,,,,,,,,,,,1,450.0,11.0,0.0,0,NONE
2026-09-28T17:29:59.942+00:00,586.563,manual,Manual cook,temp,2100,451.9,,esp32,,0,,,,,,,,,,,,1,450.0,11.0,0.0,0,NONE
2026-09-28T17:30:00.941+00:00,587.563,manual,Manual cook,temp,2100,451.9,,esp32,,0,,,,,,,,,,,,1,450.0,0.0,0.0,0,NONE
2026-09-28T17:30:01.442+00:00,588.063,manual,Manual cook,temp,2100,452.8,,esp32,,0,,,,,,,,,,,,1,450.0,11.0,0.0,0,NONE
2026-09-28T17:30:02.441+00:00,589.063,manual,Manual cook,temp,2100,452.3,,esp32,,0,,,,,,,,,,,,1,450.0,10.0,0.0,0,NONE
2026-09-28T17:30:02.942+00:00,589.563,manual,Manual cook,temp,2100,451.9,,esp32,,0,,,,,,,,,,,,1,450.0,11.0,0.0,0,NONE
2026-09-28T17:30:03.941+00:00,590.562,manual,Manual cook,temp,2100,452.3,,esp32,,0,,,,,,,,,,,,1,450.0,2.0,0.0,0,NONE
2026-09-28T17:30:04.441+00:00,591.062,manual,Manual cook,temp,2100,452.3,,esp32,,0,,,,,,,,,,,,1,450.0,2.0,0.0,0,NONE
2026-09-28T17:30:04.942+00:00,591.563,manual,Manual cook,temp,2100,452.3,,esp32,,0,,,,,,,,,,,,1,450.0,2.0,0.0,0,NONE
2026-09-28T17:30:05.941+00:00,592.562,manual,Manual cook,temp,2100,452.3,,esp32,,0,,,,,,,,,,,,1,450.0,0.0,0.0,0,NONE
2026-09-28T17:30:06.441+00:00,593.063,manual,Manual cook,temp,2100,451.4,,esp32,,0,,,,,,,,,,,,1,450.0,19.0,0.0,0,NONE
2026-09-28T17:30:06.941+00:00,593.563,manual,Manual cook,temp,2100,451.0,,esp32,,0,,,,,,,,,,,,1,450.0,12.0,0.0,0,NONE
2026-09-28T17:30:07.941+00:00,594.562,manual,Manual cook,temp,2100,451.9,,esp32,,0,,,,,,,,,,,,1,450.0,3.0,0.0,0,NONE
2026-09-28T17:30:08.941+00:00,595.563,manual,Manual cook,temp,2100,451.0,,esp32,,0,,,,,,,,,,,,1,450.0,10.0,0.0,0,NONE
2026-09-28T17:30:09.941+00:00,596.562,manual,Manual cook,temp,2100,451.9,,esp32,,0,,,,,,,,,,,,1,450.0,5.0,0.0,0,NONE
2026-09-28T17:30:10.442+00:00,597.063,manual,Manual cook,temp,2100,451.9,,esp32,,0,,,,,,,,,,,,1,450.0,0.0,0.0,0,NONE
2026-09-28T17:30:11.441+00:00,598.062,manual,Manual cook,temp,2100,451.9,,esp32,,0,,,,,,,,,,,,1,450.0,0.0,0.0,0,NONE
2026-09-28T17:30:11.941+00:00,598.562,manual,Manual cook,temp,2100,451.4,,esp32,,0,,,,,,,,,,,,1,450.0,11.0,0.0,0,NONE
2026-09-28T17:30:12.441+00:00,599.062,manual,Manual cook,temp,2100,451.4,,esp32,,0,,,,,,,,,,,,1,450.0,12.0,0.0,0,NONE
2026-09-28T17:30:13.441+00:00,600.062,manual,Manual cook,temp,2100,451.4,,esp32,,0,,,,,,,,,,,,1,450.0,4.0,0.0,0,NONE
2026-09-28T17:30:13.941+00:00,600.562,manual,Manual cook,temp,2100,451.9,,esp32,,0,,,,,,,,,,,,1,450.0,0.0,0.0,0,NONE
2026-09-28T17:30:14.441+00:00,601.062,manual,Manual cook,temp,2100,451.9,,esp32,,0,,,,,,,,,,,,1,450.0,19.0,0.0,0,NONE
2026-09-28T17:30:15.441+00:00,602.062,manual,Manual cook,temp,2100,450.5,,esp32,,0,,,,,,,,,,,,1,450.0,19.0,0.0,0,NONE
2026-09-28T17:30:16.441+00:00,603.062,manual,Manual cook,temp,2100,451.4,,esp32,,0,,,,,,,,,,,,1,450.0,0.0,0.0,0,NONE
2026-09-28T17:30:17.441+00:00,604.062,manual,Manual cook,temp,2100,450.5,,esp32,,0,,,,,,,,,,,,1,450.0,12.0,0.0,0,NONE
2026-09-28T17:30:18.441+00:00,605.062,manual,Manual cook,temp,2100,449.6,,esp32,,0,,,,,,,,,,,,1,450.0,22.0,0.0,0,NONE
2026-09-28T17:30:19.441+00:00,606.062,manual,Manual cook,temp,2100,450.0,,esp32,,0,,,,,,,,,,,,1,450.0,7.0,0.0,0,NONE
2026-09-28T17:30:19.941+00:00,606.562,manual,Manual cook,temp,2100,450.5,,esp32,,0,,,,,,,,,,,,1,450.0,0.0,0.0,0,NONE
2026-09-28T17:30:20.441+00:00,607.062,manual,Manual cook,temp,2100,451.0,,esp32,,0,,,,,,,,,,,,1,450.0,13.0,0.0,0,NONE
2026-09-28T17:30:20.942+00:00,607.563,manual,Manual cook,temp,2100,451.0,,esp32,,0,,,,,,,,,,,,1,450.0,0.0,0.0,0,NONE
2026-09-28T17:30:21.941+00:00,608.562,manual,Manual cook,temp,2100,450.0,,esp32,,0,,,,,,,,,,,,1,450.0,14.0,0.0,0,NONE
2026-09-28T17:30:22.441+00:00,609.062,manual,Manual cook,temp,2100,451.0,,esp32,,0,,,,,,,,,,,,1,450.0,0.0,0.0,0,NONE
2026-09-28T17:30:23.441+00:00,610.062,manual,Manual cook,temp,2100,451.0,,esp32,,0,,,,,,,,,,,,1,450.0,5.0,0.0,0,NONE
2026-09-28T17:30:23.941+00:00,610.562,manual,Manual cook,temp,2100,450.0,,esp32,,0,,,,,,,,,,,,1,450.0,21.0,0.0,0,NONE
2026-09-28T17:30:24.941+00:00,611.562,manual,Manual cook,temp,2100,450.5,,esp32,,0,,,,,,,,,,,,1,450.0,6.0,0.0,0,NONE
2026-09-28T17:30:25.441+00:00,612.062,manual,Manual cook,temp,2100,450.0,,esp32,,0,,,,,,,,,,,,1,450.0,14.0,0.0,0,NONE
2026-09-28T17:30:26.441+00:00,613.062,manual,Manual cook,temp,2100,451.0,,esp32,,0,,,,,,,,,,,,1,450.0,0.0,0.0,0,NONE
2026-09-28T17:30:26.941+00:00,613.562,manual,Manual cook,temp,2100,450.0,,esp32,,0,,,,,,,,,,,,1,450.0,5.0,0.0,0,NONE
2026-09-28T17:30:27.441+00:00,614.062,manual,Manual cook,temp,2100,450.0,,esp32,,0,,,,,,,,,,,,1,450.0,21.0,0.0,0,NONE
2026-09-28T17:30:28.441+00:00,615.062,manual,Manual cook,temp,2100,450.5,,esp32,,0,,,,,,,,,,,,1,450.0,0.0,0.0,0,NONE
2026-09-28T17:30:28.941+00:00,615.562,manual,Manual cook,temp,2100,451.0,,esp32,,0,,,,,,,,,,,,1,450.0,19.0,0.0,0,NONE
2026-09-28T17:30:29.941+00:00,616.562,manual,Manual cook,temp,2100,451.4,,esp32,,0,,,,,,,,,,,,1,450.0,0.0,0.0,0,NONE
2026-09-28T17:30:30.441+00:00,617.062,manual,Manual cook,temp,2100,450.0,,esp32,,0,,,,,,,,,,,,1,450.0,19.0,0.0,0,NONE
2026-09-28T17:30:31.442+00:00,618.063,manual,Manual cook,temp,2100,450.5,,esp32,,0,,,,,,,,,,,,1,450.0,0.0,0.0,0,NONE
2026-09-28T17:30:32.441+00:00,619.062,manual,Manual cook,temp,2100,450.0,,esp32,,0,,,,,,,,,,,,1,450.0,0.0,0.0,0,NONE
2026-09-28T17:30:32.941+00:00,619.562,manual,Manual cook,temp,2100,450.5,,esp32,,0,,,,,,,,,,,,1,450.0,15.0,0.0,0,NONE
2026-09-28T17:30:33.941+00:00,620.562,manual,Manual cook,temp,2100,450.0,,esp32,,0,,,,,,,,,,,,1,450.0,19.0,0.0,0,NONE
2026-09-28T17:30:34.941+00:00,621.562,manual,Manual cook,temp,2100,449.1,,esp32,,0,,,,,,,,,,,,1,450.0,19.0,0.0,0,NONE
2026-09-28T17:30:35.941+00:00,622.562,manual,Manual cook,temp,2100,448.3,,esp32,,0,,,,,,,,,,,,1,450.0,16.0,0.0,0,NONE
2026-09-28T17:30:36.441+00:00,623.062,manual,Manual cook,temp,2100,449.6,,esp32,,0,,,,,,,,,,,,1,450.0,25.0,0.0,0,NONE
2026-09-28T17:30:37.441+00:00,624.062,manual,Manual cook,temp,2100,448.7,,esp32,,0,,,,,,,,,,,,1,450.0,19.0,0.0,0,NONE
2026-09-28T17:30:37.941+00:00,624.562,manual,Manual cook,temp,2100,449.1,,esp32,,0,,,,,,,,,,,,1,450.0,0.0,0.0,0,NONE
2026-09-28T17:30:38.941+00:00,625.562,manual,Manual cook,temp,2100,448.7,,esp32,,0,,,,,,,,,,,,1,450.0,17.0,0.0,0,NONE
2026-09-28T17:30:39.941+00:00,626.562,manual,Manual cook,temp,2100,449.1,,esp32,,0,,,,,,,,,,,,1,450.0,19.0,0.0,0,NONE
2026-09-28T17:30:40.941+00:00,627.562,manual,Manual cook,temp,2100,449.1,,esp32,,0,,,,,,,,,,,,1,450.0,9.0,0.0,0,NONE
2026-09-28T17:30:41.441+00:00,628.062,manual,Manual cook,temp,2100,448.3,,esp32,,0,,,,,,,,,,,,1,450.0,25.0,0.0,0,NONE
2026-09-28T17:30:41.941+00:00,628.563,manual,Manual cook,temp,2100,449.1,,esp32,,0,,,,,,,,,,,,1,450.0,0.0,0.0,0,NONE
2026-09-28T17:30:42.941+00:00,629.562,manual,Manual cook,temp,2100,447.8,,esp32,,0,,,,,,,,,,,,1,450.0,0.0,0.0,0,NONE
2026-09-28T17:30:43.441+00:00,630.062,manual,Manual cook,temp,2100,448.3,,esp32,,0,,,,,,,,,,,,1,450.0,19.0,0.0,0,NONE
2026-09-28T17:30:44.441+00:00,631.062,manual,Manual cook,temp,2100,449.1,,esp32,,0,,,,,,,,,,,,1,450.0,0.0,0.0,0,NONE
2026-09-28T17:30:44.941+00:00,631.562,manual,Manual cook,temp,2100,449.1,,esp32,,0,,,,,,,,,,,,1,450.0,9.0,0.0,0,NONE
2026-09-28T17:30:45.441+00:00,632.062,manual,Manual cook,temp,2100,449.1,,esp32,,0,,,,,,,,,,,,1,450.0,9.0,0.0,0,NONE
2026-09-28T17:30:45.941+00:00,632.562,manual,Manual cook,temp,2100,449.6,,esp32,,0,,,,,,,,,,,,1,450.0,9.0,0.0,0,NONE
2026-09-28T17:30:46.941+00:00,633.562,manual,Manual cook,temp,2100,449.6,,esp32,,0,,,,,,,,,,,,1,450.0,24.0,0.0,0,NONE
2026-09-28T17:30:47.442+00:00,634.063,manual,Manual cook,temp,2100,449.6,,esp32,,0,,,,,,,,,,,,1,450.0,0.0,0.0,0,NONE
2026-09-28T17:30:48.441+00:00,635.062,manual,Manual cook,temp,2100,449.6,,esp32,,0,,,,,,,,,,,,1,450.0,8.0,0.0,0,NONE
2026-09-28T17:30:48.941+00:00,635.562,manual,Manual cook,temp,2100,449.6,,esp32,,0,,,,,,,,,,,,1,450.0,8.0,0.0,0,NONE
2026-09-28T17:30:49.941+00:00,636.562,manual,Manual cook,temp,2100,449.6,,esp32,,0,,,,,,,,,,,,1,450.0,8.0,0.0,0,NONE
2026-09-28T17:30:50.441+00:00,637.062,manual,Manual cook,temp,2100,450.0,,esp32,,0,,,,,,,,,,,,1,450.0,0.0,0.0,0,NONE
2026-09-28T17:30:50.941+00:00,637.562,manual,Manual cook,temp,2100,450.0,,esp32,,0,,,,,,,,,,,,1,450.0,7.0,0.0,0,NONE
2026-09-28T17:30:51.941+00:00,638.562,manual,Manual cook,temp,2100,449.6,,esp32,,0,,,,,,,,,,,,1,450.0,15.0,0.0,0,NONE
2026-09-28T17:30:52.941+00:00,639.563,manual,Manual cook,temp,2100,449.1,,esp32,,0,,,,,,,,,,,,1,450.0,19.0,0.0,0,NONE
2026-09-28T17:30:53.941+00:00,640.562,manual,Manual cook,temp,2100,449.6,,esp32,,0,,,,,,,,,,,,1,450.0,19.0,0.0,0,NONE
2026-09-28T17:30:54.941+00:00,641.562,manual,Manual cook,temp,2100,450.5,,esp32,,0,,,,,,,,,,,,1,450.0,19.0,0.0,0,NONE
2026-09-28T17:30:55.941+00:00,642.562,manual,Manual cook,temp,2100,451.0,,esp32,,0,,,,,,,,,,,,1,450.0,19.0,0.0,0,NONE
2026-09-28T17:30:56.941+00:00,643.562,manual,Manual cook,temp,2100,450.0,,esp32,,0,,,,,,,,,,,,1,450.0,13.0,0.0,0,NONE
2026-09-28T17:30:57.941+00:00,644.562,manual,Manual cook,temp,2100,450.5,,esp32,,0,,,,,,,,,,,,1,450.0,0.0,0.0,0,NONE
2026-09-28T17:30:58.442+00:00,645.063,manual,Manual cook,temp,2100,450.0,,esp32,,0,,,,,,,,,,,,1,450.0,14.0,0.0,0,NONE
2026-09-28T17:30:59.441+00:00,646.062,manual,Manual cook,temp,2100,450.0,,esp32,,0,,,,,,,,,,,,1,450.0,19.0,0.0,0,NONE
2026-09-28T17:30:59.941+00:00,646.562,manual,Manual cook,temp,2100,450.5,,esp32,,0,,,,,,,,,,,,1,450.0,7.0,0.0,0,NONE
2026-09-28T17:31:00.941+00:00,647.562,manual,Manual cook,temp,2100,450.5,,esp32,,0,,,,,,,,,,,,1,450.0,6.0,0.0,0,NONE
2026-09-28T17:31:01.941+00:00,648.562,manual,Manual cook,temp,2100,450.5,,esp32,,0,,,,,,,,,,,,1,450.0,14.0,0.0,0,NONE
2026-09-28T17:31:02.941+00:00,649.562,manual,Manual cook,temp,2100,451.0,,esp32,,0,,,,,,,,,,,,1,450.0,14.0,0.0,0,NONE
2026-09-28T17:31:03.941+00:00,650.562,manual,Manual cook,temp,2100,450.5,,esp32,,0,,,,,,,,,,,,1,450.0,5.0,0.0,0,NONE
2026-09-28T17:31:04.941+00:00,651.562,manual,Manual cook,temp,2100,451.0,,esp32,,0,,,,,,,,,,,,1,450.0,14.0,0.0,0,NONE
2026-09-28T17:31:05.941+00:00,652.562,manual,Manual cook,temp,2100,451.0,,esp32,,0,,,,,,,,,,,,1,450.0,0.0,0.0,0,NONE
2026-09-28T17:31:06.441+00:00,653.062,manual,Manual cook,temp,2100,451.4,,esp32,,0,,,,,,,,,,,,1,450.0,12.0,0.0,0,NONE
2026-09-28T17:31:07.441+00:00,654.062,manual,Manual cook,temp,2100,451.0,,esp32,,0,,,,,,,,,,,,1,450.0,12.0,0.0,0,NONE
2026-09-28T17:31:08.441+00:00,655.062,manual,Manual cook,temp,2100,451.4,,esp32,,0,,,,,,,,,,,,1,450.0,5.0,0.0,0,NONE
2026-09-28T17:31:08.941+00:00,655.562,manual,Manual cook,temp,2100,451.4,,esp32,,0,,,,,,,,,,,,1,450.0,0.0,0.0,0,NONE
2026-09-28T17:31:09.441+00:00,656.062,manual,Manual cook,temp,2100,450.5,,esp32,,0,,,,,,,,,,,,1,450.0,19.0,0.0,0,NONE
2026-09-28T17:31:10.441+00:00,657.062,manual,Manual cook,temp,2100,451.0,,esp32,,0,,,,,,,,,,,,1,450.0,0.0,0.0,0,NONE
2026-09-28T17:31:10.941+00:00,657.562,manual,Manual cook,temp,2100,451.4,,esp32,,0,,,,,,,,,,,,1,450.0,0.0,0.0,0,NONE
2026-09-28T17:31:11.441+00:00,658.062,manual,Manual cook,temp,2100,451.0,,esp32,,0,,,,,,,,,,,,1,450.0,12.0,0.0,0,NONE
2026-09-28T17:31:12.441+00:00,659.062,manual,Manual cook,temp,2100,450.5,,esp32,,0,,,,,,,,,,,,1,450.0,19.0,0.0,0,NONE
2026-09-28T17:31:13.441+00:00,660.062,manual,Manual cook,temp,2100,451.0,,esp32,,0,,,,,,,,,,,,1,450.0,6.0,0.0,0,NONE
2026-09-28T17:31:14.441+00:00,661.062,manual,Manual cook,temp,2100,451.9,,esp32,,0,,,,,,,,,,,,1,450.0,13.0,0.0,0,NONE
2026-09-28T17:31:15.441+00:00,662.063,manual,Manual cook,temp,2100,451.0,,esp32,,0,,,,,,,,,,,,1,450.0,11.0,0.0,0,NONE
2026-09-28T17:31:16.441+00:00,663.062,manual,Manual cook,temp,2100,451.4,,esp32,,0,,,,,,,,,,,,1,450.0,0.0,0.0,0,NONE
2026-09-28T17:31:17.441+00:00,664.062,manual,Manual cook,temp,2100,450.5,,esp32,,0,,,,,,,,,,,,1,450.0,20.0,0.0,0,NONE
2026-09-28T17:31:18.441+00:00,665.062,manual,Manual cook,temp,2100,451.4,,esp32,,0,,,,,,,,,,,,1,450.0,0.0,0.0,0,NONE
2026-09-28T17:31:18.941+00:00,665.562,manual,Manual cook,temp,2100,451.0,,esp32,,0,,,,,,,,,,,,1,450.0,12.0,0.0,0,NONE
2026-09-28T17:31:19.940+00:00,666.562,manual,Manual cook,temp,2100,451.0,,esp32,,0,,,,,,,,,,,,1,450.0,5.0,0.0,0,NONE
2026-09-28T17:31:20.441+00:00,667.062,manual,Manual cook,temp,2100,451.0,,esp32,,0,,,,,,,,,,,,1,450.0,0.0,0.0,0,NONE
2026-09-28T17:31:20.941+00:00,667.562,manual,Manual cook,temp,2100,450.5,,esp32,,0,,,,,,,,,,,,1,450.0,12.0,0.0,0,NONE
2026-09-28T17:31:21.940+00:00,668.562,manual,Manual cook,temp,2100,451.0,,esp32,,0,,,,,,,,,,,,1,450.0,0.0,0.0,0,NONE
2026-09-28T17:31:22.441+00:00,669.062,manual,Manual cook,temp,2100,450.5,,esp32,,0,,,,,,,,,,,,1,450.0,19.0,0.0,0,NONE
2026-09-28T17:31:23.441+00:00,670.062,manual,Manual cook,temp,2100,451.4,,esp32,,0,,,,,,,,,,,,1,450.0,0.0,0.0,0,NONE
2026-09-28T17:31:24.441+00:00,671.062,manual,Manual cook,temp,2100,451.0,,esp32,,0,,,,,,,,,,,,1,450.0,12.0,0.0,0,NONE
2026-09-28T17:31:25.441+00:00,672.062,manual,Manual cook,temp,2100,451.4,,esp32,,0,,,,,,,,,,,,1,450.0,5.0,0.0,0,NONE
2026-09-28T17:31:26.441+00:00,673.062,manual,Manual cook,temp,2100,451.4,,esp32,,0,,,,,,,,,,,,1,450.0,4.0,0.0,0,NONE
2026-09-28T17:31:26.941+00:00,673.562,manual,Manual cook,temp,2100,450.5,,esp32,,0,,,,,,,,,,,,1,450.0,20.0,0.0,0,NONE
2026-09-28T17:31:27.941+00:00,674.562,manual,Manual cook,temp,2100,450.0,,esp32,,0,,,,,,,,,,,,1,450.0,14.0,0.0,0,NONE
2026-09-28T17:31:28.940+00:00,675.562,manual,Manual cook,temp,2100,451.0,,esp32,,0,,,,,,,,,,,,1,450.0,0.0,0.0,0,NONE
2026-09-28T17:31:29.440+00:00,676.062,manual,Manual cook,temp,2100,451.4,,esp32,,0,,,,,,,,,,,,1,450.0,0.0,0.0,0,NONE
2026-09-28T17:31:29.940+00:00,676.562,manual,Manual cook,temp,2100,451.9,,esp32,,0,,,,,,,,,,,,1,450.0,4.0,0.0,0,NONE
2026-09-28T17:31:30.940+00:00,677.562,manual,Manual cook,temp,2100,451.4,,esp32,,0,,,,,,,,,,,,1,450.0,11.0,0.0,0,NONE
2026-09-28T17:31:31.940+00:00,678.562,manual,Manual cook,temp,2100,451.4,,esp32,,0,,,,,,,,,,,,1,450.0,4.0,0.0,0,NONE
2026-09-28T17:31:32.441+00:00,679.062,manual,Manual cook,temp,2100,451.0,,esp32,,0,,,,,,,,,,,,1,450.0,12.0,0.0,0,NONE
2026-09-28T17:31:33.440+00:00,680.062,manual,Manual cook,temp,2100,451.4,,esp32,,0,,,,,,,,,,,,1,450.0,0.0,0.0,0,NONE
2026-09-28T17:31:33.940+00:00,680.562,manual,Manual cook,temp,2100,451.0,,esp32,,0,,,,,,,,,,,,1,450.0,4.0,0.0,0,NONE
2026-09-28T17:31:34.441+00:00,681.062,manual,Manual cook,temp,2100,451.0,,esp32,,0,,,,,,,,,,,,1,450.0,12.0,0.0,0,NONE
2026-09-28T17:31:35.440+00:00,682.062,manual,Manual cook,temp,2100,451.4,,esp32,,0,,,,,,,,,,,,1,450.0,0.0,0.0,0,NONE
2026-09-28T17:31:36.440+00:00,683.062,manual,Manual cook,temp,2100,451.4,,esp32,,0,,,,,,,,,,,,1,450.0,4.0,0.0,0,NONE
2026-09-28T17:31:36.940+00:00,683.562,manual,Manual cook,temp,2100,451.0,,esp32,,0,,,,,,,,,,,,1,450.0,4.0,0.0,0,NONE
2026-09-28T17:31:37.441+00:00,684.062,manual,Manual cook,temp,2100,451.0,,esp32,,0,,,,,,,,,,,,1,450.0,12.0,0.0,0,NONE
2026-09-28T17:31:38.440+00:00,685.061,manual,Manual cook,temp,2100,451.4,,esp32,,0,,,,,,,,,,,,1,450.0,0.0,0.0,0,NONE
2026-09-28T17:31:38.940+00:00,685.562,manual,Manual cook,temp,2100,451.9,,esp32,,0,,,,,,,,,,,,1,450.0,4.0,0.0,0,NONE
2026-09-28T17:31:39.941+00:00,686.562,manual,Manual cook,temp,2100,451.9,,esp32,,0,,,,,,,,,,,,1,450.0,11.0,0.0,0,NONE
2026-09-28T17:31:40.940+00:00,687.561,manual,Manual cook,temp,2100,451.9,,esp32,,0,,,,,,,,,,,,1,450.0,3.0,0.0,0,NONE
2026-09-28T17:31:41.440+00:00,688.061,manual,Manual cook,temp,2100,451.9,,esp32,,0,,,,,,,,,,,,1,450.0,3.0,0.0,0,NONE
2026-09-28T17:31:41.940+00:00,688.562,manual,Manual cook,temp,2100,451.9,,esp32,,0,,,,,,,,,,,,1,450.0,19.0,0.0,0,NONE
2026-09-28T17:31:42.940+00:00,689.562,manual,Manual cook,temp,2100,451.0,,esp32,,0,,,,,,,,,,,,1,450.0,19.0,0.0,0,NONE
2026-09-28T17:31:43.940+00:00,690.561,manual,Manual cook,temp,2100,452.3,,esp32,,0,,,,,,,,,,,,1,450.0,0.0,0.0,0,NONE
2026-09-28T17:31:44.440+00:00,691.062,manual,Manual cook,temp,2100,451.0,,esp32,,0,,,,,,,,,,,,1,450.0,10.0,0.0,0,NONE
2026-09-28T17:31:45.440+00:00,692.061,manual,Manual cook,temp,2100,452.3,,esp32,,0,,,,,,,,,,,,1,450.0,0.0,0.0,0,NONE
2026-09-28T17:31:45.940+00:00,692.562,manual,Manual cook,temp,2100,451.4,,esp32,,0,,,,,,,,,,,,1,450.0,18.0,0.0,0,NONE
2026-09-28T17:31:46.940+00:00,693.562,manual,Manual cook,temp,2100,451.9,,esp32,,0,,,,,,,,,,,,1,450.0,0.0,0.0,0,NONE
2026-09-28T17:31:47.941+00:00,694.562,manual,Manual cook,temp,2100,452.8,,esp32,,0,,,,,,,,,,,,1,450.0,0.0,0.0,0,NONE
2026-09-28T17:31:48.940+00:00,695.562,manual,Manual cook,temp,2100,451.4,,esp32,,0,,,,,,,,,,,,1,450.0,11.0,0.0,0,NONE
2026-09-28T17:31:49.940+00:00,696.562,manual,Manual cook,temp,2100,451.9,,esp32,,0,,,,,,,,,,,,1,450.0,5.0,0.0,0,NONE
2026-09-28T17:31:50.940+00:00,697.562,manual,Manual cook,temp,2100,451.4,,esp32,,0,,,,,,,,,,,,1,450.0,11.0,0.0,0,NONE
2026-09-28T17:31:51.940+00:00,698.561,manual,Manual cook,temp,2100,452.3,,esp32,,0,,,,,,,,,,,,1,450.0,2.0,0.0,0,NONE
2026-09-28T17:31:52.940+00:00,699.561,manual,Manual cook,temp,2100,452.3,,esp32,,0,,,,,,,,,,,,1,450.0,2.0,0.0,0,NONE
2026-09-28T17:31:53.441+00:00,700.062,manual,Manual cook,temp,2100,451.9,,esp32,,0,,,,,,,,,,,,1,450.0,10.0,0.0,0,NONE
2026-09-28T17:31:54.440+00:00,701.061,manual,Manual cook,temp,2100,451.0,,esp32,,0,,,,,,,,,,,,1,450.0,2.0,0.0,0,NONE
2026-09-28T17:31:54.941+00:00,701.562,manual,Manual cook,temp,2100,451.4,,esp32,,0,,,,,,,,,,,,1,450.0,26.0,0.0,0,NONE
2026-09-28T17:31:55.940+00:00,702.561,manual,Manual cook,temp,2100,451.4,,esp32,,0,,,,,,,,,,,,1,450.0,4.0,0.0,0,NONE
2026-09-28T17:31:56.940+00:00,703.561,manual,Manual cook,temp,2100,451.9,,esp32,,0,,,,,,,,,,,,1,450.0,3.0,0.0,0,NONE
2026-09-28T17:31:57.940+00:00,704.561,manual,Manual cook,temp,2100,451.4,,esp32,,0,,,,,,,,,,,,1,450.0,11.0,0.0,0,NONE
2026-09-28T17:31:58.440+00:00,705.061,manual,Manual cook,temp,2100,450.5,,esp32,,0,,,,,,,,,,,,1,450.0,20.0,0.0,0,NONE
2026-09-28T17:31:58.941+00:00,705.562,manual,Manual cook,temp,2100,451.4,,esp32,,0,,,,,,,,,,,,1,450.0,0.0,0.0,0,NONE
2026-09-28T17:31:59.940+00:00,706.561,manual,Manual cook,temp,2100,451.0,,esp32,,0,,,,,,,,,,,,1,450.0,12.0,0.0,0,NONE
2026-09-28T17:32:00.940+00:00,707.561,manual,Manual cook,temp,2100,451.0,,esp32,,0,,,,,,,,,,,,1,450.0,19.0,0.0,0,NONE
2026-09-28T17:32:01.940+00:00,708.561,manual,Manual cook,temp,2100,451.9,,esp32,,0,,,,,,,,,,,,1,450.0,12.0,0.0,0,NONE
2026-09-28T17:32:02.940+00:00,709.561,manual,Manual cook,temp,2100,451.4,,esp32,,0,,,,,,,,,,,,1,450.0,19.0,0.0,0,NONE
2026-09-28T17:32:03.940+00:00,710.561,manual,Manual cook,temp,2100,451.4,,esp32,,0,,,,,,,,,,,,1,450.0,3.0,0.0,0,NONE
2026-09-28T17:32:04.441+00:00,711.062,manual,Manual cook,temp,2100,450.0,,esp32,,0,,,,,,,,,,,,1,450.0,3.0,0.0,0,NONE
2026-09-28T17:32:05.440+00:00,712.061,manual,Manual cook,temp,2100,450.5,,esp32,,0,,,,,,,,,,,,1,450.0,0.0,0.0,0,NONE
2026-09-28T17:32:06.440+00:00,713.061,manual,Manual cook,temp,2100,450.5,,esp32,,0,,,,,,,,,,,,1,450.0,5.0,0.0,0,NONE
2026-09-28T17:32:06.940+00:00,713.561,manual,Manual cook,temp,2100,451.4,,esp32,,0,,,,,,,,,,,,1,450.0,5.0,0.0,0,NONE
2026-09-28T17:32:07.940+00:00,714.561,manual,Manual cook,temp,2100,451.4,,esp32,,0,,,,,,,,,,,,1,450.0,19.0,0.0,0,NONE
2026-09-28T17:32:08.940+00:00,715.561,manual,Manual cook,temp,2100,450.5,,esp32,,0,,,,,,,,,,,,1,450.0,19.0,0.0,0,NONE
2026-09-28T17:32:09.940+00:00,716.561,manual,Manual cook,temp,2100,450.5,,esp32,,0,,,,,,,,,,,,1,450.0,19.0,0.0,0,NONE
2026-09-28T17:32:10.940+00:00,717.561,manual,Manual cook,temp,2100,451.0,,esp32,,0,,,,,,,,,,,,1,450.0,0.0,0.0,0,NONE
2026-09-28T17:32:11.940+00:00,718.561,manual,Manual cook,temp,2100,451.0,,esp32,,0,,,,,,,,,,,,1,450.0,4.0,0.0,0,NONE
2026-09-28T17:32:12.440+00:00,719.061,manual,Manual cook,temp,2100,451.0,,esp32,,0,,,,,,,,,,,,1,450.0,4.0,0.0,0,NONE
2026-09-28T17:32:13.440+00:00,720.061,manual,Manual cook,temp,2100,450.0,,esp32,,0,,,,,,,,,,,,1,450.0,20.0,0.0,0,NONE
2026-09-28T17:32:14.440+00:00,721.061,manual,Manual cook,temp,2100,451.0,,esp32,,0,,,,,,,,,,,,1,450.0,19.0,0.0,0,NONE
2026-09-28T17:32:14.941+00:00,721.562,manual,Manual cook,temp,2100,451.0,,esp32,,0,,,,,,,,,,,,1,450.0,0.0,0.0,0,NONE
2026-09-28T17:32:15.940+00:00,722.561,manual,Manual cook,temp,2100,450.0,,esp32,,0,,,,,,,,,,,,1,450.0,0.0,0.0,0,NONE
2026-09-28T17:32:16.440+00:00,723.061,manual,Manual cook,temp,2100,449.6,,esp32,,0,,,,,,,,,,,,1,450.0,19.0,0.0,0,NONE
2026-09-28T17:32:17.440+00:00,724.061,manual,Manual cook,temp,2100,450.0,,esp32,,0,,,,,,,,,,,,1,450.0,0.0,0.0,0,NONE
2026-09-28T17:32:17.940+00:00,724.561,manual,Manual cook,temp,2100,450.5,,esp32,,0,,,,,,,,,,,,1,450.0,0.0,0.0,0,NONE
2026-09-28T17:32:18.440+00:00,725.061,manual,Manual cook,temp,2100,450.5,,esp32,,0,,,,,,,,,,,,1,450.0,5.0,0.0,0,NONE
2026-09-28T17:32:18.940+00:00,725.561,manual,Manual cook,temp,2100,449.6,,esp32,,0,,,,,,,,,,,,1,450.0,5.0,0.0,0,NONE
2026-09-28T17:32:19.440+00:00,726.061,manual,Manual cook,temp,2100,450.5,,esp32,,0,,,,,,,,,,,,1,450.0,21.0,0.0,0,NONE
2026-09-28T17:32:20.440+00:00,727.061,manual,Manual cook,temp,2100,450.0,,esp32,,0,,,,,,,,,,,,1,450.0,13.0,0.0,0,NONE
2026-09-28T17:32:21.440+00:00,728.061,manual,Manual cook,temp,2100,450.0,,esp32,,0,,,,,,,,,,,,1,450.0,13.0,0.0,0,NONE
2026-09-28T17:32:22.440+00:00,729.061,manual,Manual cook,temp,2100,450.5,,esp32,,0,,,,,,,,,,,,1,450.0,0.0,0.0,0,NONE
2026-09-28T17:32:23.016+00:00,729.637,manual,Manual cook,temp,2100,450.5,,esp32,,0,,,,,,,,,,,,1,450.0,5.0,0.0,0,NONE
2026-09-28T17:32:23.940+00:00,730.561,manual,Manual cook,temp,2100,451.4,,esp32,,0,,,,,,,,,,,,1,450.0,0.0,0.0,0,NONE
2026-09-28T17:32:24.440+00:00,731.061,manual,Manual cook,temp,2100,451.4,,esp32,,0,,,,,,,,,,,,1,450.0,0.0,0.0,0,NONE
2026-09-28T17:32:25.441+00:00,732.062,manual,Manual cook,temp,2100,450.0,,esp32,,0,,,,,,,,,,,,1,450.0,0.0,0.0,0,NONE
2026-09-28T17:32:26.440+00:00,733.061,manual,Manual cook,temp,2450,449.6,,esp32,,0,,,,,,,,,,,,1,450.0,0.0,0.0,0,NONE
2026-09-28T17:32:27.440+00:00,734.061,manual,Manual cook,temp,2550,449.6,,esp32,,0,,,,,,,,,,,,1,450.0,0.0,0.0,0,NONE
2026-09-28T17:32:27.945+00:00,734.567,manual,Manual cook,temp,2500,449.1,,esp32,,0,,,,,,,,,,,,1,450.0,0.0,0.0,0,NONE
2026-09-28T17:32:28.940+00:00,735.561,manual,Manual cook,temp,2997,450.0,,esp32,,0,,,,,,,,,,,,1,450.0,0.0,0.0,0,NONE
2026-09-28T17:32:29.440+00:00,736.061,manual,Manual cook,temp,3000,448.7,,esp32,,0,,,,,,,,,,,,1,450.0,0.0,0.0,0,NONE
2026-09-28T17:32:30.440+00:00,737.061,manual,Manual cook,temp,3000,447.4,,esp32,,0,,,,,,,,,,,,1,450.0,0.0,0.0,0,NONE
2026-09-28T17:32:30.941+00:00,737.562,manual,Manual cook,temp,3000,447.4,,esp32,,0,,,,,,,,,,,,1,450.0,0.0,0.0,0,NONE
2026-09-28T17:32:31.940+00:00,738.561,manual,Manual cook,temp,3000,446.5,,esp32,,0,,,,,,,,,,,,1,450.0,0.0,0.0,0,NONE
2026-09-28T17:32:32.440+00:00,739.061,manual,Manual cook,temp,3000,446.5,,esp32,,0,,,,,,,,,,,,1,450.0,0.0,0.0,0,NONE
2026-09-28T17:32:33.440+00:00,740.061,manual,Manual cook,temp,3000,446.0,,esp32,,0,,,,,,,,,,,,1,450.0,0.0,0.0,0,NONE
2026-09-28T17:32:34.440+00:00,741.061,manual,Manual cook,temp,3000,443.8,,esp32,,0,,,,,,,,,,,,1,450.0,0.0,0.0,0,NONE
2026-09-28T17:32:35.440+00:00,742.061,manual,Manual cook,temp,3000,443.8,,esp32,,0,,,,,,,,,,,,1,450.0,0.0,0.0,0,NONE
2026-09-28T17:32:36.441+00:00,743.062,manual,Manual cook,temp,3000,442.4,,esp32,,0,,,,,,,,,,,,1,450.0,0.0,0.0,0,NONE
2026-09-28T17:32:37.440+00:00,744.061,manual,Manual cook,temp,3000,442.0,,esp32,,0,,,,,,,,,,,,1,450.0,0.0,0.0,0,NONE
2026-09-28T17:32:37.940+00:00,744.561,manual,Manual cook,temp,3000,442.0,,esp32,,0,,,,,,,,,,,,1,450.0,0.0,0.0,0,NONE
2026-09-28T17:32:38.440+00:00,745.061,manual,Manual cook,temp,3000,439.3,,esp32,,0,,,,,,,,,,,,1,450.0,0.0,0.0,0,NONE
2026-09-28T17:32:38.940+00:00,745.562,manual,Manual cook,temp,3000,439.3,,esp32,,0,,,,,,,,,,,,1,450.0,0.0,0.0,0,NONE
2026-09-28T17:32:39.940+00:00,746.561,manual,Manual cook,temp,3000,438.8,,esp32,,0,,,,,,,,,,,,1,450.0,0.0,0.0,0,NONE
2026-09-28T17:32:40.440+00:00,747.061,manual,Manual cook,temp,3000,437.9,,esp32,,0,,,,,,,,,,,,1,450.0,0.0,0.0,0,NONE
2026-09-28T17:32:41.442+00:00,748.063,manual,Manual cook,temp,3000,436.5,,esp32,,0,,,,,,,,,,,,1,450.0,0.0,0.0,0,NONE
2026-09-28T17:32:42.440+00:00,749.061,manual,Manual cook,temp,3000,435.6,,esp32,,0,,,,,,,,,,,,1,450.0,0.0,0.0,0,NONE
2026-09-28T17:32:43.440+00:00,750.061,manual,Manual cook,temp,3000,432.5,,esp32,,0,,,,,,,,,,,,1,450.0,0.0,0.0,0,NONE
2026-09-28T17:32:43.940+00:00,750.561,manual,Manual cook,temp,3000,432.5,,esp32,,0,,,,,,,,,,,,1,450.0,0.0,0.0,0,NONE
2026-09-28T17:32:44.441+00:00,751.062,manual,Manual cook,temp,3000,431.1,,esp32,,0,,,,,,,,,,,,1,450.0,0.0,0.0,0,NONE
2026-09-28T17:32:45.440+00:00,752.062,manual,Manual cook,temp,3000,429.8,,esp32,,0,,,,,,,,,,,,1,450.0,0.0,0.0,0,NONE
2026-09-28T17:32:46.440+00:00,753.061,manual,Manual cook,temp,3000,429.8,,esp32,,0,,,,,,,,,,,,1,450.0,0.0,0.0,0,NONE
2026-09-28T17:32:47.440+00:00,754.061,manual,Manual cook,temp,3000,428.5,,esp32,,0,,,,,,,,,,,,1,450.0,0.0,0.0,0,NONE
2026-09-28T17:32:48.440+00:00,755.061,manual,Manual cook,temp,3000,425.8,,esp32,,0,,,,,,,,,,,,1,450.0,0.0,0.0,0,NONE
2026-09-28T17:32:49.440+00:00,756.061,manual,Manual cook,temp,3000,424.4,,esp32,,0,,,,,,,,,,,,1,450.0,0.0,0.0,0,NONE
2026-09-28T17:32:50.440+00:00,757.061,manual,Manual cook,temp,3000,422.1,,esp32,,0,,,,,,,,,,,,1,450.0,0.0,0.0,0,NONE
2026-09-28T17:32:51.440+00:00,758.062,manual,Manual cook,temp,3000,422.6,,esp32,,0,,,,,,,,,,,,1,450.0,0.0,0.0,0,NONE
2026-09-28T17:32:52.440+00:00,759.061,manual,Manual cook,temp,3000,420.4,,esp32,,0,,,,,,,,,,,,1,450.0,0.0,0.0,0,NONE
2026-09-28T17:32:53.440+00:00,760.061,manual,Manual cook,temp,3000,418.5,,esp32,,0,,,,,,,,,,,,1,450.0,0.0,0.0,0,NONE
2026-09-28T17:32:54.440+00:00,761.061,manual,Manual cook,temp,3000,417.2,,esp32,,0,,,,,,,,,,,,1,450.0,0.0,0.0,0,NONE
2026-09-28T17:32:55.440+00:00,762.061,manual,Manual cook,temp,3000,415.4,,esp32,,0,,,,,,,,,,,,1,450.0,0.0,0.0,0,NONE
2026-09-28T17:32:56.440+00:00,763.061,manual,Manual cook,temp,3000,414.0,,esp32,,0,,,,,,,,,,,,1,450.0,0.0,0.0,0,NONE
2026-09-28T17:32:57.440+00:00,764.061,manual,Manual cook,temp,3000,413.1,,esp32,,0,,,,,,,,,,,,1,450.0,0.0,0.0,0,NONE
2026-09-28T17:32:58.440+00:00,765.062,manual,Manual cook,temp,3000,410.5,,esp32,,0,,,,,,,,,,,,1,450.0,0.0,0.0,0,NONE
2026-09-28T17:32:59.440+00:00,766.061,manual,Manual cook,temp,3000,409.5,,esp32,,0,,,,,,,,,,,,1,450.0,0.0,0.0,0,NONE
2026-09-28T17:32:59.941+00:00,766.562,manual,Manual cook,temp,3000,408.6,,esp32,,0,,,,,,,,,,,,1,450.0,0.0,0.0,0,NONE
2026-09-28T17:33:00.940+00:00,767.561,manual,Manual cook,temp,3000,407.3,,esp32,,0,,,,,,,,,,,,1,450.0,0.0,0.0,0,NONE
2026-09-28T17:33:01.440+00:00,768.061,manual,Manual cook,temp,3000,406.9,,esp32,,0,,,,,,,,,,,,1,450.0,0.0,0.0,0,NONE
2026-09-28T17:33:02.440+00:00,769.061,manual,Manual cook,temp,3000,404.6,,esp32,,0,,,,,,,,,,,,1,450.0,0.0,0.0,0,NONE
2026-09-28T17:33:03.440+00:00,770.061,manual,Manual cook,temp,3000,403.7,,esp32,,0,,,,,,,,,,,,1,450.0,0.0,0.0,0,NONE
2026-09-28T17:33:04.440+00:00,771.061,manual,Manual cook,temp,3000,401.5,,esp32,,0,,,,,,,,,,,,1,450.0,0.0,0.0,0,NONE
2026-09-28T17:33:05.440+00:00,772.062,manual,Manual cook,temp,3000,399.6,,esp32,,0,,,,,,,,,,,,1,450.0,0.0,0.0,0,NONE
2026-09-28T17:33:06.440+00:00,773.061,manual,Manual cook,temp,3000,398.3,,esp32,,0,,,,,,,,,,,,1,450.0,0.0,0.0,0,NONE
2026-09-28T17:33:06.940+00:00,773.561,manual,Manual cook,temp,3000,398.3,,esp32,,0,,,,,,,,,,,,1,450.0,0.0,0.0,0,NONE
2026-09-28T17:33:07.940+00:00,774.561,manual,Manual cook,temp,3000,396.0,,esp32,,0,,,,,,,,,,,,1,450.0,0.0,0.0,0,NONE
2026-09-28T17:33:08.440+00:00,775.061,manual,Manual cook,temp,3000,396.0,,esp32,,0,,,,,,,,,,,,1,450.0,0.0,0.0,0,NONE
2026-09-28T17:33:09.440+00:00,776.061,manual,Manual cook,temp,3000,393.8,,esp32,,0,,,,,,,,,,,,1,450.0,0.0,0.0,0,NONE
2026-09-28T17:33:10.439+00:00,777.061,manual,Manual cook,temp,3000,392.9,,esp32,,0,,,,,,,,,,,,1,450.0,0.0,0.0,0,NONE
2026-09-28T17:33:11.440+00:00,778.061,manual,Manual cook,temp,3000,391.5,,esp32,,0,,,,,,,,,,,,1,450.0,0.0,0.0,0,NONE
2026-09-28T17:33:11.940+00:00,778.561,manual,Manual cook,temp,3000,391.5,,esp32,,0,,,,,,,,,,,,1,450.0,0.0,0.0,0,NONE
2026-09-28T17:33:12.440+00:00,779.061,manual,Manual cook,temp,3000,389.3,,esp32,,0,,,,,,,,,,,,1,450.0,0.0,0.0,0,NONE
2026-09-28T17:33:13.440+00:00,780.061,manual,Manual cook,temp,3000,387.5,,esp32,,0,,,,,,,,,,,,1,450.0,0.0,0.0,0,NONE
2026-09-28T17:33:13.940+00:00,780.561,manual,Manual cook,temp,3000,386.6,,esp32,,0,,,,,,,,,,,,1,450.0,0.0,0.0,0,NONE
2026-09-28T17:33:14.440+00:00,781.061,manual,Manual cook,temp,3000,385.3,,esp32,,0,,,,,,,,,,,,1,450.0,0.0,0.0,0,NONE
2026-09-28T17:33:15.440+00:00,782.061,manual,Manual cook,temp,3000,384.8,,esp32,,0,,,,,,,,,,,,1,450.0,0.0,0.0,0,NONE
2026-09-28T17:33:16.440+00:00,783.061,manual,Manual cook,temp,3000,383.9,,esp32,,0,,,,,,,,,,,,1,450.0,0.0,0.0,0,NONE
2026-09-28T17:33:17.439+00:00,784.061,manual,Manual cook,temp,3000,382.5,,esp32,,0,,,,,,,,,,,,1,450.0,0.0,0.0,0,NONE
2026-09-28T17:33:18.440+00:00,785.061,manual,Manual cook,temp,3000,380.3,,esp32,,0,,,,,,,,,,,,1,450.0,0.0,0.0,0,NONE
2026-09-28T17:33:19.440+00:00,786.061,manual,Manual cook,temp,3000,379.0,,esp32,,0,,,,,,,,,,,,1,450.0,0.0,0.0,0,NONE
2026-09-28T17:33:19.940+00:00,786.561,manual,Manual cook,temp,3000,377.6,,esp32,,0,,,,,,,,,,,,1,450.0,0.0,0.0,0,NONE
2026-09-28T17:33:20.939+00:00,787.561,manual,Manual cook,temp,3000,375.8,,esp32,,0,,,,,,,,,,,,1,450.0,0.0,0.0,0,NONE
2026-09-28T17:33:21.440+00:00,788.061,manual,Manual cook,temp,3000,375.8,,esp32,,0,,,,,,,,,,,,1,450.0,0.0,0.0,0,NONE
2026-09-28T17:33:22.439+00:00,789.061,manual,Manual cook,temp,3000,374.9,,esp32,,0,,,,,,,,,,,,1,450.0,0.0,0.0,0,NONE
2026-09-28T17:33:22.939+00:00,789.561,manual,Manual cook,temp,3000,374.0,,esp32,,0,,,,,,,,,,,,1,450.0,0.0,0.0,0,NONE
2026-09-28T17:33:23.939+00:00,790.561,manual,Manual cook,temp,3000,373.1,,esp32,,0,,,,,,,,,,,,1,450.0,0.0,0.0,0,NONE
2026-09-28T17:33:24.939+00:00,791.560,manual,Manual cook,temp,3000,371.8,,esp32,,0,,,,,,,,,,,,1,450.0,0.0,0.0,0,NONE
2026-09-28T17:33:25.440+00:00,792.061,manual,Manual cook,temp,3000,371.3,,esp32,,0,,,,,,,,,,,,1,450.0,0.0,0.0,0,NONE
2026-09-28T17:33:26.440+00:00,793.061,manual,Manual cook,temp,3000,368.6,,esp32,,0,,,,,,,,,,,,1,450.0,0.0,0.0,0,NONE
2026-09-28T17:33:26.940+00:00,793.561,manual,Manual cook,temp,3000,367.7,,esp32,,0,,,,,,,,,,,,1,450.0,0.0,0.0,0,NONE
2026-09-28T17:33:27.939+00:00,794.560,manual,Manual cook,temp,3000,367.7,,esp32,,0,,,,,,,,,,,,1,450.0,0.0,0.0,0,NONE
2026-09-28T17:33:28.439+00:00,795.061,manual,Manual cook,temp,3000,366.8,,esp32,,0,,,,,,,,,,,,1,450.0,0.0,0.0,0,NONE
2026-09-28T17:33:29.440+00:00,796.061,manual,Manual cook,temp,3000,365.0,,esp32,,0,,,,,,,,,,,,1,450.0,0.0,0.0,0,NONE
2026-09-28T17:33:30.439+00:00,797.060,manual,Manual cook,temp,3000,364.1,,esp32,,0,,,,,,,,,,,,1,450.0,0.0,0.0,0,NONE
2026-09-28T17:33:31.439+00:00,798.061,manual,Manual cook,temp,3000,362.8,,esp32,,0,,,,,,,,,,,,1,450.0,0.0,0.0,0,NONE
2026-09-28T17:33:32.440+00:00,799.061,manual,Manual cook,temp,3000,362.3,,esp32,,0,,,,,,,,,,,,1,450.0,0.0,0.0,0,NONE
2026-09-28T17:33:33.439+00:00,800.060,manual,Manual cook,temp,3000,360.0,,esp32,,0,,,,,,,,,,,,1,450.0,0.0,0.0,0,NONE
2026-09-28T17:33:33.939+00:00,800.560,manual,Manual cook,temp,3000,358.3,,esp32,,0,,,,,,,,,,,,1,450.0,0.0,0.0,0,NONE
2026-09-28T17:33:34.439+00:00,801.061,manual,Manual cook,temp,3000,358.3,,esp32,,0,,,,,,,,,,,,1,450.0,0.0,0.0,0,NONE
2026-09-28T17:33:35.439+00:00,802.061,manual,Manual cook,temp,3000,357.8,,esp32,,0,,,,,,,,,,,,1,450.0,0.0,0.0,0,NONE
2026-09-28T17:33:36.439+00:00,803.061,manual,Manual cook,temp,3000,355.5,,esp32,,0,,,,,,,,,,,,1,450.0,0.0,0.0,0,NONE
2026-09-28T17:33:37.439+00:00,804.060,manual,Manual cook,temp,3000,355.1,,esp32,,0,,,,,,,,,,,,1,450.0,0.0,0.0,0,NONE
2026-09-28T17:33:37.939+00:00,804.560,manual,Manual cook,temp,3000,354.2,,esp32,,0,,,,,,,,,,,,1,450.0,0.0,0.0,0,NONE
2026-09-28T17:33:38.440+00:00,805.061,manual,Manual cook,temp,3000,352.4,,esp32,,0,,,,,,,,,,,,1,450.0,0.0,0.0,0,NONE
2026-09-28T17:33:39.439+00:00,806.060,manual,Manual cook,temp,3000,352.0,,esp32,,0,,,,,,,,,,,,1,450.0,0.0,0.0,0,NONE
2026-09-28T17:33:40.439+00:00,807.060,manual,Manual cook,temp,3000,350.6,,esp32,,0,,,,,,,,,,,,1,450.0,0.0,0.0,0,NONE
2026-09-28T17:33:41.439+00:00,808.060,manual,Manual cook,temp,3000,350.1,,esp32,,0,,,,,,,,,,,,1,450.0,0.0,0.0,0,NONE
2026-09-28T17:33:42.439+00:00,809.060,manual,Manual cook,temp,3000,349.3,,esp32,,0,,,,,,,,,,,,1,450.0,0.0,0.0,0,NONE
2026-09-28T17:33:42.939+00:00,809.561,manual,Manual cook,temp,3000,347.9,,esp32,,0,,,,,,,,,,,,1,450.0,0.0,0.0,0,NONE
2026-09-28T17:33:43.939+00:00,810.560,manual,Manual cook,temp,3000,346.1,,esp32,,0,,,,,,,,,,,,1,450.0,0.0,0.0,0,NONE
2026-09-28T17:33:44.440+00:00,811.061,manual,Manual cook,temp,3000,346.1,,esp32,,0,,,,,,,,,,,,1,450.0,0.0,0.0,0,NONE
2026-09-28T17:33:45.440+00:00,812.061,manual,Manual cook,temp,3000,345.6,,esp32,,0,,,,,,,,,,,,1,450.0,0.0,0.0,0,NONE
2026-09-28T17:33:46.439+00:00,813.060,manual,Manual cook,temp,3000,342.5,,esp32,,0,,,,,,,,,,,,1,450.0,0.0,0.0,0,NONE
2026-09-28T17:33:47.439+00:00,814.060,manual,Manual cook,temp,3000,343.0,,esp32,,0,,,,,,,,,,,,1,450.0,0.0,0.0,0,NONE
2026-09-28T17:33:48.439+00:00,815.060,manual,Manual cook,temp,3000,340.7,,esp32,,0,,,,,,,,,,,,1,450.0,0.0,0.0,0,NONE
2026-09-28T17:33:49.439+00:00,816.060,manual,Manual cook,temp,3000,340.7,,esp32,,0,,,,,,,,,,,,1,450.0,0.0,0.0,0,NONE
2026-09-28T17:33:50.439+00:00,817.060,manual,Manual cook,temp,3000,338.9,,esp32,,0,,,,,,,,,,,,1,450.0,0.0,0.0,0,NONE
2026-09-28T17:33:50.940+00:00,817.561,manual,Manual cook,temp,3000,337.5,,esp32,,0,,,,,,,,,,,,1,450.0,0.0,0.0,0,NONE
2026-09-28T17:33:51.939+00:00,818.561,manual,Manual cook,temp,3000,337.1,,esp32,,0,,,,,,,,,,,,1,450.0,0.0,0.0,0,NONE
2026-09-28T17:33:52.939+00:00,819.561,manual,Manual cook,temp,3000,337.1,,esp32,,0,,,,,,,,,,,,1,450.0,0.0,0.0,0,NONE
2026-09-28T17:33:53.440+00:00,820.061,manual,Manual cook,temp,3000,335.3,,esp32,,0,,,,,,,,,,,,1,450.0,0.0,0.0,0,NONE
2026-09-28T17:33:54.439+00:00,821.061,manual,Manual cook,temp,3000,333.5,,esp32,,0,,,,,,,,,,,,1,450.0,0.0,0.0,0,NONE
2026-09-28T17:33:55.440+00:00,822.061,manual,Manual cook,temp,3000,332.6,,esp32,,0,,,,,,,,,,,,1,450.0,0.0,0.0,0,NONE
2026-09-28T17:33:55.940+00:00,822.561,manual,Manual cook,temp,3000,332.1,,esp32,,0,,,,,,,,,,,,1,450.0,0.0,0.0,0,NONE
2026-09-28T17:33:56.939+00:00,823.561,manual,Manual cook,temp,3000,330.8,,esp32,,0,,,,,,,,,,,,1,450.0,0.0,0.0,0,NONE
2026-09-28T17:33:57.939+00:00,824.561,manual,Manual cook,temp,3000,329.9,,esp32,,0,,,,,,,,,,,,1,450.0,0.0,0.0,0,NONE
2026-09-28T17:33:58.939+00:00,825.560,manual,Manual cook,temp,3000,328.1,,esp32,,0,,,,,,,,,,,,1,450.0,0.0,0.0,0,NONE
2026-09-28T17:33:59.939+00:00,826.560,manual,Manual cook,temp,3000,328.1,,esp32,,0,,,,,,,,,,,,1,450.0,0.0,0.0,0,NONE
2026-09-28T17:34:00.939+00:00,827.560,manual,Manual cook,temp,3000,327.2,,esp32,,0,,,,,,,,,,,,1,450.0,0.0,0.0,0,NONE
2026-09-28T17:34:01.939+00:00,828.560,manual,Manual cook,temp,3000,324.0,,esp32,,0,,,,,,,,,,,,1,450.0,0.0,0.0,0,NONE
2026-09-28T17:34:02.939+00:00,829.560,manual,Manual cook,temp,3000,325.4,,esp32,,0,,,,,,,,,,,,1,450.0,0.0,0.0,0,NONE
2026-09-28T17:34:03.440+00:00,830.061,manual,Manual cook,temp,3000,324.5,,esp32,,0,,,,,,,,,,,,1,450.0,0.0,0.0,0,NONE
2026-09-28T17:34:03.940+00:00,830.561,manual,Manual cook,temp,3000,323.6,,esp32,,0,,,,,,,,,,,,1,450.0,0.0,0.0,0,NONE
2026-09-28T17:34:04.939+00:00,831.560,manual,Manual cook,temp,3000,323.1,,esp32,,0,,,,,,,,,,,,1,450.0,0.0,0.0,0,NONE
2026-09-28T17:34:05.439+00:00,832.060,manual,Manual cook,temp,3000,323.1,,esp32,,0,,,,,,,,,,,,1,450.0,0.0,0.0,0,NONE
2026-09-28T17:34:05.939+00:00,832.561,manual,Manual cook,temp,3000,322.7,,esp32,,0,,,,,,,,,,,,1,450.0,0.0,0.0,0,NONE
2026-09-28T17:34:06.939+00:00,833.561,manual,Manual cook,temp,3000,320.9,,esp32,,0,,,,,,,,,,,,1,450.0,0.0,0.0,0,NONE
2026-09-28T17:34:07.440+00:00,834.061,manual,Manual cook,temp,3000,320.9,,esp32,,0,,,,,,,,,,,,1,450.0,0.0,0.0,0,NONE
2026-09-28T17:34:08.439+00:00,835.060,manual,Manual cook,temp,3000,319.1,,esp32,,0,,,,,,,,,,,,1,450.0,0.0,0.0,0,NONE
2026-09-28T17:34:09.439+00:00,836.060,manual,Manual cook,temp,3000,318.6,,esp32,,0,,,,,,,,,,,,1,450.0,0.0,0.0,0,NONE
2026-09-28T17:34:10.439+00:00,837.060,manual,Manual cook,temp,3000,317.8,,esp32,,0,,,,,,,,,,,,1,450.0,0.0,0.0,0,NONE
2026-09-28T17:34:11.439+00:00,838.060,manual,Manual cook,temp,3000,316.9,,esp32,,0,,,,,,,,,,,,1,450.0,0.0,0.0,0,NONE
2026-09-28T17:34:11.939+00:00,838.560,manual,Manual cook,temp,3000,315.5,,esp32,,0,,,,,,,,,,,,1,450.0,0.0,0.0,0,NONE
2026-09-28T17:34:12.939+00:00,839.560,manual,Manual cook,temp,3000,314.6,,esp32,,0,,,,,,,,,,,,1,450.0,0.0,0.0,0,NONE
2026-09-28T17:34:13.440+00:00,840.061,manual,Manual cook,temp,3000,313.7,,esp32,,0,,,,,,,,,,,,1,450.0,0.0,0.0,0,NONE
2026-09-28T17:34:14.439+00:00,841.060,manual,Manual cook,temp,492,314.1,,esp32,,0,,,,,,,,,,,,0,450.0,0.0,0.0,0,NONE
2026-09-28T17:34:15.439+00:00,842.060,manual,Manual cook,temp,1091,312.8,,esp32,,0,,,,,,,,,,,,0,450.0,0.0,0.0,0,NONE
2026-09-28T17:34:16.439+00:00,843.060,manual,Manual cook,temp,1692,312.4,,esp32,,0,,,,,,,,,,,,0,450.0,0.0,0.0,0,NONE
2026-09-28T17:34:16.939+00:00,843.560,manual,Manual cook,temp,1992,311.0,,esp32,,0,,,,,,,,,,,,0,450.0,0.0,0.0,0,NONE
2026-09-28T17:34:17.939+00:00,844.560,manual,Manual cook,temp,2592,310.1,,esp32,,0,,,,,,,,,,,,0,450.0,0.0,0.0,0,NONE
2026-09-28T17:34:18.940+00:00,845.561,manual,Manual cook,temp,3000,309.6,,esp32,,0,,,,,,,,,,,,0,450.0,0.0,0.0,0,NONE
2026-09-28T17:34:19.939+00:00,846.560,manual,Manual cook,temp,3000,307.9,,esp32,,0,,,,,,,,,,,,0,450.0,0.0,0.0,0,NONE
2026-09-28T17:34:20.939+00:00,847.560,manual,Manual cook,temp,3000,307.4,,esp32,,0,,,,,,,,,,,,0,450.0,0.0,0.0,0,NONE
2026-09-28T17:34:21.439+00:00,848.060,manual,Manual cook,temp,3000,307.0,,esp32,,0,,,,,,,,,,,,0,450.0,0.0,0.0,0,NONE
2026-09-28T17:34:21.939+00:00,848.560,manual,Manual cook,temp,3000,306.0,,esp32,,0,,,,,,,,,,,,0,450.0,0.0,0.0,0,NONE
2026-09-28T17:34:22.939+00:00,849.560,manual,Manual cook,temp,3000,305.1,,esp32,,0,,,,,,,,,,,,0,450.0,0.0,0.0,0,NONE
2026-09-28T17:34:23.439+00:00,850.060,manual,Manual cook,temp,3000,305.1,,esp32,,0,,,,,,,,,,,,0,450.0,0.0,0.0,0,NONE
2026-09-28T17:34:24.439+00:00,851.060,manual,Manual cook,temp,3000,303.8,,esp32,,0,,,,,,,,,,,,0,450.0,0.0,0.0,0,NONE
2026-09-28T17:34:25.439+00:00,852.061,manual,Manual cook,temp,3000,302.9,,esp32,,0,,,,,,,,,,,,0,450.0,0.0,0.0,0,NONE
2026-09-28T17:34:26.439+00:00,853.060,manual,Manual cook,temp,3000,301.1,,esp32,,0,,,,,,,,,,,,0,450.0,0.0,0.0,0,NONE
2026-09-28T17:34:26.939+00:00,853.560,manual,Manual cook,temp,3000,301.1,,esp32,,0,,,,,,,,,,,,0,450.0,0.0,0.0,0,NONE
2026-09-28T17:34:27.939+00:00,854.560,manual,Manual cook,temp,3000,299.8,,esp32,,0,,,,,,,,,,,,0,450.0,0.0,0.0,0,NONE
2026-09-28T17:34:28.439+00:00,855.060,manual,Manual cook,temp,3000,298.9,,esp32,,0,,,,,,,,,,,,0,450.0,0.0,0.0,0,NONE
2026-09-28T17:34:29.439+00:00,856.060,manual,Manual cook,temp,3000,297.5,,esp32,,0,,,,,,,,,,,,0,450.0,0.0,0.0,0,NONE
2026-09-28T17:34:30.439+00:00,857.060,manual,Manual cook,temp,3000,297.0,,esp32,,0,,,,,,,,,,,,0,450.0,0.0,0.0,0,NONE
2026-09-28T17:34:31.439+00:00,858.061,manual,Manual cook,temp,3000,295.7,,esp32,,0,,,,,,,,,,,,0,450.0,0.0,0.0,0,NONE
2026-09-28T17:34:32.439+00:00,859.060,manual,Manual cook,temp,3000,294.8,,esp32,,0,,,,,,,,,,,,0,450.0,0.0,0.0,0,NONE
2026-09-28T17:34:33.439+00:00,860.060,manual,Manual cook,temp,3000,292.5,,esp32,,0,,,,,,,,,,,,0,450.0,0.0,0.0,0,NONE
2026-09-28T17:34:34.439+00:00,861.060,manual,Manual cook,temp,3000,291.6,,esp32,,0,,,,,,,,,,,,0,450.0,0.0,0.0,0,NONE
2026-09-28T17:34:35.439+00:00,862.060,manual,Manual cook,temp,3000,291.2,,esp32,,0,,,,,,,,,,,,0,450.0,0.0,0.0,0,NONE
2026-09-28T17:34:36.439+00:00,863.060,manual,Manual cook,temp,3000,290.3,,esp32,,0,,,,,,,,,,,,0,450.0,0.0,0.0,0,NONE
2026-09-28T17:34:37.439+00:00,864.061,manual,Manual cook,temp,3000,289.0,,esp32,,0,,,,,,,,,,,,0,450.0,0.0,0.0,0,NONE
2026-09-28T17:34:38.439+00:00,865.060,manual,Manual cook,temp,3000,287.1,,esp32,,0,,,,,,,,,,,,0,450.0,0.0,0.0,0,NONE
2026-09-28T17:34:38.939+00:00,865.560,manual,Manual cook,temp,3000,286.7,,esp32,,0,,,,,,,,,,,,0,450.0,0.0,0.0,0,NONE
2026-09-28T17:34:39.439+00:00,866.060,manual,Manual cook,temp,3000,285.8,,esp32,,0,,,,,,,,,,,,0,450.0,0.0,0.0,0,NONE
2026-09-28T17:34:40.439+00:00,867.060,manual,Manual cook,temp,3000,284.9,,esp32,,0,,,,,,,,,,,,0,450.0,0.0,0.0,0,NONE
2026-09-28T17:34:41.439+00:00,868.060,manual,Manual cook,temp,3000,284.9,,esp32,,0,,,,,,,,,,,,0,450.0,0.0,0.0,0,NONE
2026-09-28T17:34:42.439+00:00,869.060,manual,Manual cook,temp,3000,282.6,,esp32,,0,,,,,,,,,,,,0,450.0,0.0,0.0,0,NONE
2026-09-28T17:34:43.439+00:00,870.060,manual,Manual cook,temp,3000,282.2,,esp32,,0,,,,,,,,,,,,0,450.0,0.0,0.0,0,NONE
2026-09-28T17:34:43.939+00:00,870.560,manual,Manual cook,temp,3000,280.9,,esp32,,0,,,,,,,,,,,,0,450.0,0.0,0.0,0,NONE
2026-09-28T17:34:44.939+00:00,871.560,manual,Manual cook,temp,3000,281.3,,esp32,,0,,,,,,,,,,,,0,450.0,0.0,0.0,0,NONE
2026-09-28T17:34:45.939+00:00,872.560,manual,Manual cook,temp,3000,279.0,,esp32,,0,,,,,,,,,,,,0,450.0,0.0,0.0,0,NONE
2026-09-28T17:34:46.939+00:00,873.560,manual,Manual cook,temp,3000,278.6,,esp32,,0,,,,,,,,,,,,0,450.0,0.0,0.0,0,NONE
2026-09-28T17:34:47.939+00:00,874.560,manual,Manual cook,temp,3000,277.3,,esp32,,0,,,,,,,,,,,,0,450.0,0.0,0.0,0,NONE
2026-09-28T17:34:48.939+00:00,875.560,manual,Manual cook,temp,3000,275.0,,esp32,,0,,,,,,,,,,,,0,450.0,0.0,0.0,0,NONE
2026-09-28T17:34:49.439+00:00,876.060,manual,Manual cook,temp,3000,275.9,,esp32,,0,,,,,,,,,,,,0,450.0,0.0,0.0,0,NONE
2026-09-28T17:34:50.439+00:00,877.060,manual,Manual cook,temp,3000,274.5,,esp32,,0,,,,,,,,,,,,0,450.0,0.0,0.0,0,NONE
2026-09-28T17:34:51.439+00:00,878.060,manual,Manual cook,temp,3000,273.2,,esp32,,0,,,,,,,,,,,,0,450.0,0.0,0.0,0,NONE
2026-09-28T17:34:52.438+00:00,879.060,manual,Manual cook,temp,3000,271.4,,esp32,,0,,,,,,,,,,,,0,450.0,0.0,0.0,0,NONE
2026-09-28T17:34:53.438+00:00,880.060,manual,Manual cook,temp,3000,270.5,,esp32,,0,,,,,,,,,,,,0,450.0,0.0,0.0,0,NONE
2026-09-28T17:34:54.438+00:00,881.060,manual,Manual cook,temp,3000,270.0,,esp32,,0,,,,,,,,,,,,0,450.0,0.0,0.0,0,NONE
2026-09-28T17:34:54.939+00:00,881.560,manual,Manual cook,temp,3000,269.6,,esp32,,0,,,,,,,,,,,,0,450.0,0.0,0.0,0,NONE
2026-09-28T17:34:55.938+00:00,882.560,manual,Manual cook,temp,3000,268.3,,esp32,,0,,,,,,,,,,,,0,450.0,0.0,0.0,0,NONE
2026-09-28T17:34:56.439+00:00,883.060,manual,Manual cook,temp,3000,267.8,,esp32,,0,,,,,,,,,,,,0,450.0,0.0,0.0,0,NONE
2026-09-28T17:34:57.439+00:00,884.060,manual,Manual cook,temp,3000,266.9,,esp32,,0,,,,,,,,,,,,0,450.0,0.0,0.0,0,NONE
2026-09-28T17:34:58.439+00:00,885.060,manual,Manual cook,temp,3000,265.5,,esp32,,0,,,,,,,,,,,,0,450.0,0.0,0.0,0,NONE
2026-09-28T17:34:59.438+00:00,886.060,manual,Manual cook,temp,3000,264.2,,esp32,,0,,,,,,,,,,,,0,450.0,0.0,0.0,0,NONE
2026-09-28T17:34:59.939+00:00,886.560,manual,Manual cook,temp,3000,263.3,,esp32,,0,,,,,,,,,,,,0,450.0,0.0,0.0,0,NONE
2026-09-28T17:35:00.938+00:00,887.560,manual,Manual cook,temp,3000,264.2,,esp32,,0,,,,,,,,,,,,0,450.0,0.0,0.0,0,NONE
2026-09-28T17:35:01.938+00:00,888.560,manual,Manual cook,temp,3000,263.3,,esp32,,0,,,,,,,,,,,,0,450.0,0.0,0.0,0,NONE
2026-09-28T17:35:02.439+00:00,889.060,manual,Manual cook,temp,3000,262.9,,esp32,,0,,,,,,,,,,,,0,450.0,0.0,0.0,0,NONE
2026-09-28T17:35:03.439+00:00,890.060,manual,Manual cook,temp,3000,262.0,,esp32,,0,,,,,,,,,,,,0,450.0,0.0,0.0,0,NONE
2026-09-28T17:35:04.439+00:00,891.060,manual,Manual cook,temp,3000,261.0,,esp32,,0,,,,,,,,,,,,0,450.0,0.0,0.0,0,NONE
2026-09-28T17:35:05.439+00:00,892.060,manual,Manual cook,temp,3000,260.1,,esp32,,0,,,,,,,,,,,,0,450.0,0.0,0.0,0,NONE
2026-09-28T17:35:06.439+00:00,893.060,manual,Manual cook,temp,3000,259.7,,esp32,,0,,,,,,,,,,,,0,450.0,0.0,0.0,0,NONE
2026-09-28T17:35:07.439+00:00,894.060,manual,Manual cook,temp,3000,257.5,,esp32,,0,,,,,,,,,,,,0,450.0,0.0,0.0,0,NONE
2026-09-28T17:35:08.439+00:00,895.060,manual,Manual cook,temp,3000,257.5,,esp32,,0,,,,,,,,,,,,0,450.0,0.0,0.0,0,NONE
2026-09-28T17:35:09.438+00:00,896.060,manual,Manual cook,temp,3000,256.5,,esp32,,0,,,,,,,,,,,,0,450.0,0.0,0.0,0,NONE
2026-09-28T17:35:10.439+00:00,897.060,manual,Manual cook,temp,3000,255.2,,esp32,,0,,,,,,,,,,,,0,450.0,0.0,0.0,0,NONE
2026-09-28T17:35:11.438+00:00,898.060,manual,Manual cook,temp,3000,254.8,,esp32,,0,,,,,,,,,,,,0,450.0,0.0,0.0,0,NONE
2026-09-28T17:35:12.438+00:00,899.060,manual,Manual cook,temp,3000,253.4,,esp32,,0,,,,,,,,,,,,0,450.0,0.0,0.0,0,NONE
2026-09-28T17:35:13.439+00:00,900.060,manual,Manual cook,temp,3000,252.5,,esp32,,0,,,,,,,,,,,,0,450.0,0.0,0.0,0,NONE
2026-09-28T17:35:14.438+00:00,901.059,manual,Manual cook,temp,3000,252.5,,esp32,,0,,,,,,,,,,,,0,450.0,0.0,0.0,0,NONE
2026-09-28T17:35:15.438+00:00,902.060,manual,Manual cook,temp,3000,251.6,,esp32,,0,,,,,,,,,,,,0,450.0,0.0,0.0,0,NONE
2026-09-28T17:35:15.939+00:00,902.560,manual,Manual cook,temp,3000,252.1,,esp32,,0,,,,,,,,,,,,0,450.0,0.0,0.0,0,NONE
2026-09-28T17:35:16.938+00:00,903.559,manual,Manual cook,temp,3000,249.8,,esp32,,0,,,,,,,,,,,,0,450.0,0.0,0.0,0,NONE
2026-09-28T17:35:17.438+00:00,904.059,manual,Manual cook,temp,3000,248.4,,esp32,,0,,,,,,,,,,,,0,450.0,0.0,0.0,0,NONE
2026-09-28T17:35:17.938+00:00,904.559,manual,Manual cook,temp,3000,248.4,,esp32,,0,,,,,,,,,,,,0,450.0,0.0,0.0,0,NONE
2026-09-28T17:35:18.938+00:00,905.559,manual,Manual cook,temp,3000,248.0,,esp32,,0,,,,,,,,,,,,0,450.0,0.0,0.0,0,NONE
2026-09-28T17:35:19.938+00:00,906.559,manual,Manual cook,temp,3000,247.6,,esp32,,0,,,,,,,,,,,,0,450.0,0.0,0.0,0,NONE
2026-09-28T17:35:20.938+00:00,907.559,manual,Manual cook,temp,3000,246.2,,esp32,,0,,,,,,,,,,,,0,450.0,0.0,0.0,0,NONE
2026-09-28T17:35:21.938+00:00,908.559,manual,Manual cook,temp,3000,246.2,,esp32,,0,,,,,,,,,,,,0,450.0,0.0,0.0,0,NONE
2026-09-28T17:35:22.938+00:00,909.559,manual,Manual cook,temp,3000,244.9,,esp32,,0,,,,,,,,,,,,0,450.0,0.0,0.0,0,NONE
2026-09-28T17:35:23.938+00:00,910.559,manual,Manual cook,temp,3000,244.4,,esp32,,0,,,,,,,,,,,,0,450.0,0.0,0.0,0,NONE
2026-09-28T17:35:24.938+00:00,911.559,manual,Manual cook,temp,3000,243.5,,esp32,,0,,,,,,,,,,,,0,450.0,0.0,0.0,0,NONE
2026-09-28T17:35:25.438+00:00,912.059,manual,Manual cook,temp,3000,243.1,,esp32,,0,,,,,,,,,,,,0,450.0,0.0,0.0,0,NONE
2026-09-28T17:35:26.439+00:00,913.060,manual,Manual cook,temp,3000,241.7,,esp32,,0,,,,,,,,,,,,0,450.0,0.0,0.0,0,NONE
2026-09-28T17:35:27.438+00:00,914.059,manual,Manual cook,temp,3000,241.3,,esp32,,0,,,,,,,,,,,,0,450.0,0.0,0.0,0,NONE
2026-09-28T17:35:28.438+00:00,915.059,manual,Manual cook,temp,3000,240.4,,esp32,,0,,,,,,,,,,,,0,450.0,0.0,0.0,0,NONE
2026-09-28T17:35:28.938+00:00,915.559,manual,Manual cook,temp,3000,240.4,,esp32,,0,,,,,,,,,,,,0,450.0,0.0,0.0,0,NONE
2026-09-28T17:35:29.938+00:00,916.559,manual,Manual cook,temp,3000,239.0,,esp32,,0,,,,,,,,,,,,0,450.0,0.0,0.0,0,NONE
2026-09-28T17:35:30.438+00:00,917.059,manual,Manual cook,temp,3000,239.0,,esp32,,0,,,,,,,,,,,,0,450.0,0.0,0.0,0,NONE
2026-09-28T17:35:30.939+00:00,917.560,manual,Manual cook,temp,3000,239.0,,esp32,,0,,,,,,,,,,,,0,450.0,0.0,0.0,0,NONE
2026-09-28T17:35:31.938+00:00,918.559,manual,Manual cook,temp,3000,238.1,,esp32,,0,,,,,,,,,,,,0,450.0,0.0,0.0,0,NONE
2026-09-28T17:35:32.938+00:00,919.559,manual,Manual cook,temp,3000,236.3,,esp32,,0,,,,,,,,,,,,0,450.0,0.0,0.0,0,NONE
2026-09-28T17:35:33.938+00:00,920.559,manual,Manual cook,temp,3000,236.3,,esp32,,0,,,,,,,,,,,,0,450.0,0.0,0.0,0,NONE
2026-09-28T17:35:34.938+00:00,921.559,manual,Manual cook,temp,3000,235.4,,esp32,,0,,,,,,,,,,,,0,450.0,0.0,0.0,0,NONE
2026-09-28T17:35:35.938+00:00,922.559,manual,Manual cook,temp,3000,234.5,,esp32,,0,,,,,,,,,,,,0,450.0,0.0,0.0,0,NONE
2026-09-28T17:35:36.438+00:00,923.059,manual,Manual cook,temp,3000,234.1,,esp32,,0,,,,,,,,,,,,0,450.0,0.0,0.0,0,NONE
2026-09-28T17:35:36.939+00:00,923.560,manual,Manual cook,temp,3000,233.6,,esp32,,0,,,,,,,,,,,,0,450.0,0.0,0.0,0,NONE
2026-09-28T17:35:37.938+00:00,924.559,manual,Manual cook,temp,3000,233.1,,esp32,,0,,,,,,,,,,,,0,450.0,0.0,0.0,0,NONE
2026-09-28T17:35:38.938+00:00,925.559,manual,Manual cook,temp,3000,232.7,,esp32,,0,,,,,,,,,,,,0,450.0,0.0,0.0,0,NONE
2026-09-28T17:35:39.938+00:00,926.559,manual,Manual cook,temp,3000,231.8,,esp32,,0,,,,,,,,,,,,0,450.0,0.0,0.0,0,NONE
2026-09-28T17:35:40.938+00:00,927.559,manual,Manual cook,temp,3000,230.4,,esp32,,0,,,,,,,,,,,,0,450.0,0.0,0.0,0,NONE
2026-09-28T17:35:41.438+00:00,928.059,manual,Manual cook,temp,3000,230.4,,esp32,,0,,,,,,,,,,,,0,450.0,0.0,0.0,0,NONE
2026-09-28T17:35:42.439+00:00,929.060,manual,Manual cook,temp,3000,230.0,,esp32,,0,,,,,,,,,,,,0,450.0,0.0,0.0,0,NONE
2026-09-28T17:35:43.438+00:00,930.059,manual,Manual cook,temp,3000,228.6,,esp32,,0,,,,,,,,,,,,0,450.0,0.0,0.0,0,NONE
2026-09-28T17:35:44.438+00:00,931.059,manual,Manual cook,temp,3000,228.2,,esp32,,0,,,,,,,,,,,,0,450.0,0.0,0.0,0,NONE
2026-09-28T17:35:44.938+00:00,931.559,manual,Manual cook,temp,3000,227.8,,esp32,,0,,,,,,,,,,,,0,450.0,0.0,0.0,0,NONE
2026-09-28T17:35:45.938+00:00,932.559,manual,Manual cook,temp,3000,227.3,,esp32,,0,,,,,,,,,,,,0,450.0,0.0,0.0,0,NONE
2026-09-28T17:35:46.438+00:00,933.059,manual,Manual cook,temp,3000,227.3,,esp32,,0,,,,,,,,,,,,0,450.0,0.0,0.0,0,NONE
2026-09-28T17:35:47.438+00:00,934.059,manual,Manual cook,temp,3000,225.1,,esp32,,0,,,,,,,,,,,,0,450.0,0.0,0.0,0,NONE
2026-09-28T17:35:47.939+00:00,934.560,manual,Manual cook,temp,3000,225.5,,esp32,,0,,,,,,,,,,,,0,450.0,0.0,0.0,0,NONE
2026-09-28T17:35:48.938+00:00,935.559,manual,Manual cook,temp,3000,224.6,,esp32,,0,,,,,,,,,,,,0,450.0,0.0,0.0,0,NONE
2026-09-28T17:35:49.938+00:00,936.559,manual,Manual cook,temp,3000,223.7,,esp32,,0,,,,,,,,,,,,0,450.0,0.0,0.0,0,NONE
2026-09-28T17:35:50.438+00:00,937.059,manual,Manual cook,temp,3000,223.3,,esp32,,0,,,,,,,,,,,,0,450.0,0.0,0.0,0,NONE
2026-09-28T17:35:50.938+00:00,937.559,manual,Manual cook,temp,3000,223.3,,esp32,,0,,,,,,,,,,,,0,450.0,0.0,0.0,0,NONE
2026-09-28T17:35:51.938+00:00,938.559,manual,Manual cook,temp,3000,221.9,,esp32,,0,,,,,,,,,,,,0,450.0,0.0,0.0,0,NONE
2026-09-28T17:35:52.938+00:00,939.559,manual,Manual cook,temp,3000,222.4,,esp32,,0,,,,,,,,,,,,0,450.0,0.0,0.0,0,NONE
2026-09-28T17:35:53.938+00:00,940.559,manual,Manual cook,temp,3000,221.9,,esp32,,0,,,,,,,,,,,,0,450.0,0.0,0.0,0,NONE
2026-09-28T17:35:54.938+00:00,941.559,manual,Manual cook,temp,3000,220.6,,esp32,,0,,,,,,,,,,,,0,450.0,0.0,0.0,0,NONE
2026-09-28T17:35:55.438+00:00,942.059,manual,Manual cook,temp,3000,220.1,,esp32,,0,,,,,,,,,,,,0,450.0,0.0,0.0,0,NONE
2026-09-28T17:35:56.438+00:00,943.059,manual,Manual cook,temp,3000,219.2,,esp32,,0,,,,,,,,,,,,0,450.0,0.0,0.0,0,NONE
2026-09-28T17:35:56.938+00:00,943.559,manual,Manual cook,temp,3000,219.2,,esp32,,0,,,,,,,,,,,,0,450.0,0.0,0.0,0,NONE
2026-09-28T17:35:57.938+00:00,944.559,manual,Manual cook,temp,3000,218.3,,esp32,,0,,,,,,,,,,,,0,450.0,0.0,0.0,0,NONE
2026-09-28T17:35:58.439+00:00,945.060,manual,Manual cook,temp,3000,218.8,,esp32,,0,,,,,,,,,,,,0,450.0,0.0,0.0,0,NONE
2026-09-28T17:35:59.438+00:00,946.059,manual,Manual cook,temp,3000,217.4,,esp32,,0,,,,,,,,,,,,0,450.0,0.0,0.0,0,NONE
2026-09-28T17:36:00.438+00:00,947.059,manual,Manual cook,temp,3000,216.9,,esp32,,0,,,,,,,,,,,,0,450.0,0.0,0.0,0,NONE
2026-09-28T17:36:01.438+00:00,948.059,manual,Manual cook,temp,3000,216.5,,esp32,,0,,,,,,,,,,,,0,450.0,0.0,0.0,0,NONE
2026-09-28T17:36:01.938+00:00,948.559,manual,Manual cook,temp,3000,215.6,,esp32,,0,,,,,,,,,,,,0,450.0,0.0,0.0,0,NONE
2026-09-28T17:36:02.438+00:00,949.059,manual,Manual cook,temp,3000,215.6,,esp32,,0,,,,,,,,,,,,0,450.0,0.0,0.0,0,NONE
2026-09-28T17:36:03.438+00:00,950.059,manual,Manual cook,temp,3000,214.7,,esp32,,0,,,,,,,,,,,,0,450.0,0.0,0.0,0,NONE
2026-09-28T17:36:04.438+00:00,951.059,manual,Manual cook,temp,3000,214.7,,esp32,,0,,,,,,,,,,,,0,450.0,0.0,0.0,0,NONE
2026-09-28T17:36:04.938+00:00,951.559,manual,Manual cook,temp,3000,213.4,,esp32,,0,,,,,,,,,,,,0,450.0,0.0,0.0,0,NONE
2026-09-28T17:36:05.938+00:00,952.559,manual,Manual cook,temp,3000,213.8,,esp32,,0,,,,,,,,,,,,0,450.0,0.0,0.0,0,NONE
2026-09-28T17:36:06.938+00:00,953.559,manual,Manual cook,temp,3000,212.9,,esp32,,0,,,,,,,,,,,,0,450.0,0.0,0.0,0,NONE
2026-09-28T17:36:07.938+00:00,954.559,manual,Manual cook,temp,3000,212.4,,esp32,,0,,,,,,,,,,,,0,450.0,0.0,0.0,0,NONE
2026-09-28T17:36:08.939+00:00,955.561,manual,Manual cook,temp,3000,211.6,,esp32,,0,,,,,,,,,,,,0,450.0,0.0,0.0,0,NONE
2026-09-28T17:36:09.938+00:00,956.559,manual,Manual cook,temp,3000,211.1,,esp32,,0,,,,,,,,,,,,0,450.0,0.0,0.0,0,NONE
2026-09-28T17:36:10.938+00:00,957.559,manual,Manual cook,temp,3000,209.8,,esp32,,0,,,,,,,,,,,,0,450.0,0.0,0.0,0,NONE
2026-09-28T17:36:11.938+00:00,958.559,manual,Manual cook,temp,3000,208.9,,esp32,,0,,,,,,,,,,,,0,450.0,0.0,0.0,0,NONE
2026-09-28T17:36:12.938+00:00,959.559,manual,Manual cook,temp,3000,208.9,,esp32,,0,,,,,,,,,,,,0,450.0,0.0,0.0,0,NONE
2026-09-28T17:36:13.938+00:00,960.559,manual,Manual cook,temp,3000,208.4,,esp32,,0,,,,,,,,,,,,0,450.0,0.0,0.0,0,NONE
2026-09-28T17:36:14.438+00:00,961.060,manual,Manual cook,temp,3000,207.9,,esp32,,0,,,,,,,,,,,,0,450.0,0.0,0.0,0,NONE
2026-09-28T17:36:15.438+00:00,962.059,manual,Manual cook,temp,3000,206.6,,esp32,,0,,,,,,,,,,,,0,450.0,0.0,0.0,0,NONE
2026-09-28T17:36:16.438+00:00,963.059,manual,Manual cook,temp,3000,207.1,,esp32,,0,,,,,,,,,,,,0,450.0,0.0,0.0,0,NONE
2026-09-28T17:36:16.938+00:00,963.559,manual,Manual cook,temp,3000,207.1,,esp32,,0,,,,,,,,,,,,0,450.0,0.0,0.0,0,NONE
2026-09-28T17:36:17.938+00:00,964.559,manual,Manual cook,temp,3000,205.7,,esp32,,0,,,,,,,,,,,,0,450.0,0.0,0.0,0,NONE
2026-09-28T17:36:18.938+00:00,965.559,manual,Manual cook,temp,3000,205.7,,esp32,,0,,,,,,,,,,,,0,450.0,0.0,0.0,0,NONE
2026-09-28T17:36:19.938+00:00,966.559,manual,Manual cook,temp,3000,204.8,,esp32,,0,,,,,,,,,,,,0,450.0,0.0,0.0,0,NONE
2026-09-28T17:36:20.938+00:00,967.559,manual,Manual cook,temp,3000,203.4,,esp32,,0,,,,,,,,,,,,0,450.0,0.0,0.0,0,NONE
2026-09-28T17:36:21.938+00:00,968.559,manual,Manual cook,temp,3000,204.4,,esp32,,0,,,,,,,,,,,,0,450.0,0.0,0.0,0,NONE
2026-09-28T17:36:22.938+00:00,969.559,manual,Manual cook,temp,3000,203.0,,esp32,,0,,,,,,,,,,,,0,450.0,0.0,0.0,0,NONE
2026-09-28T17:36:23.938+00:00,970.559,manual,Manual cook,temp,3000,203.0,,esp32,,0,,,,,,,,,,,,0,450.0,0.0,0.0,0,NONE
2026-09-28T17:36:24.938+00:00,971.559,manual,Manual cook,temp,3000,202.1,,esp32,,0,,,,,,,,,,,,0,450.0,0.0,0.0,0,NONE
2026-09-28T17:36:25.438+00:00,972.060,manual,Manual cook,temp,3000,201.2,,esp32,,0,,,,,,,,,,,,0,450.0,0.0,0.0,0,NONE
2026-09-28T17:36:26.438+00:00,973.059,manual,Manual cook,temp,3000,201.2,,esp32,,0,,,,,,,,,,,,0,450.0,0.0,0.0,0,NONE
2026-09-28T17:36:26.938+00:00,973.559,manual,Manual cook,temp,3000,200.8,,esp32,,0,,,,,,,,,,,,0,450.0,0.0,0.0,0,NONE
2026-09-28T17:36:27.938+00:00,974.559,manual,Manual cook,temp,3000,200.3,,esp32,,0,,,,,,,,,,,,0,450.0,0.0,0.0,0,NONE
2026-09-28T17:36:28.938+00:00,975.559,manual,Manual cook,temp,3000,199.4,,esp32,,0,,,,,,,,,,,,0,450.0,0.0,0.0,0,NONE
2026-09-28T17:36:29.938+00:00,976.559,manual,Manual cook,temp,3000,198.9,,esp32,,0,,,,,,,,,,,,0,450.0,0.0,0.0,0,NONE
2026-09-28T17:36:30.938+00:00,977.559,manual,Manual cook,temp,3000,199.4,,esp32,,0,,,,,,,,,,,,0,450.0,0.0,0.0,0,NONE
2026-09-28T17:36:31.938+00:00,978.559,manual,Manual cook,temp,3000,198.9,,esp32,,0,,,,,,,,,,,,0,450.0,0.0,0.0,0,NONE
2026-09-28T17:36:32.438+00:00,979.059,manual,Manual cook,temp,3000,197.1,,esp32,,0,,,,,,,,,,,,0,450.0,0.0,0.0,0,NONE
2026-09-28T17:36:33.438+00:00,980.059,manual,Manual cook,temp,3000,196.7,,esp32,,0,,,,,,,,,,,,0,450.0,0.0,0.0,0,NONE
2026-09-28T17:36:34.438+00:00,981.059,manual,Manual cook,temp,3000,197.1,,esp32,,0,,,,,,,,,,,,0,450.0,0.0,0.0,0,NONE
2026-09-28T17:36:34.938+00:00,981.559,manual,Manual cook,temp,3000,197.1,,esp32,,0,,,,,,,,,,,,0,450.0,0.0,0.0,0,NONE
2026-09-28T17:36:35.938+00:00,982.559,manual,Manual cook,temp,3000,196.3,,esp32,,0,,,,,,,,,,,,0,450.0,0.0,0.0,0,NONE
2026-09-28T17:36:36.938+00:00,983.559,manual,Manual cook,temp,3000,196.3,,esp32,,0,,,,,,,,,,,,0,450.0,0.0,0.0,0,NONE
2026-09-28T17:36:37.938+00:00,984.559,manual,Manual cook,temp,3000,195.4,,esp32,,0,,,,,,,,,,,,0,450.0,0.0,0.0,0,NONE
2026-09-28T17:36:38.938+00:00,985.559,manual,Manual cook,temp,3000,195.4,,esp32,,0,,,,,,,,,,,,0,450.0,0.0,0.0,0,NONE
2026-09-28T17:36:39.438+00:00,986.059,manual,Manual cook,temp,3000,194.4,,esp32,,0,,,,,,,,,,,,0,450.0,0.0,0.0,0,NONE
2026-09-28T17:36:39.938+00:00,986.559,manual,Manual cook,temp,3000,194.9,,esp32,,0,,,,,,,,,,,,0,450.0,0.0,0.0,0,NONE
2026-09-28T17:36:40.937+00:00,987.559,manual,Manual cook,temp,3000,193.1,,esp32,,0,,,,,,,,,,,,0,450.0,0.0,0.0,0,NONE
2026-09-28T17:36:41.937+00:00,988.559,manual,Manual cook,temp,3000,194.0,,esp32,,0,,,,,,,,,,,,0,450.0,0.0,0.0,0,NONE
2026-09-28T17:36:42.438+00:00,989.059,manual,Manual cook,temp,3000,192.6,,esp32,,0,,,,,,,,,,,,0,450.0,0.0,0.0,0,NONE
2026-09-28T17:36:43.437+00:00,990.059,manual,Manual cook,temp,3000,192.6,,esp32,,0,,,,,,,,,,,,0,450.0,0.0,0.0,0,NONE
2026-09-28T17:36:43.937+00:00,990.559,manual,Manual cook,temp,3000,192.2,,esp32,,0,,,,,,,,,,,,0,450.0,0.0,0.0,0,NONE
2026-09-28T17:36:44.937+00:00,991.559,manual,Manual cook,temp,3000,190.9,,esp32,,0,,,,,,,,,,,,0,450.0,0.0,0.0,0,NONE
2026-09-28T17:36:45.937+00:00,992.559,manual,Manual cook,temp,3000,191.3,,esp32,,0,,,,,,,,,,,,0,450.0,0.0,0.0,0,NONE
2026-09-28T17:36:46.937+00:00,993.559,manual,Manual cook,temp,3000,190.9,,esp32,,0,,,,,,,,,,,,0,450.0,0.0,0.0,0,NONE
2026-09-28T17:36:47.938+00:00,994.559,manual,Manual cook,temp,3000,189.5,,esp32,,0,,,,,,,,,,,,0,450.0,0.0,0.0,0,NONE
2026-09-28T17:36:48.937+00:00,995.559,manual,Manual cook,temp,3000,189.9,,esp32,,0,,,,,,,,,,,,0,450.0,0.0,0.0,0,NONE
2026-09-28T17:36:49.937+00:00,996.558,manual,Manual cook,temp,3000,189.9,,esp32,,0,,,,,,,,,,,,0,450.0,0.0,0.0,0,NONE
2026-09-28T17:36:50.937+00:00,997.558,manual,Manual cook,temp,3000,188.6,,esp32,,0,,,,,,,,,,,,0,450.0,0.0,0.0,0,NONE
2026-09-28T17:36:51.937+00:00,998.558,manual,Manual cook,temp,3000,188.6,,esp32,,0,,,,,,,,,,,,0,450.0,0.0,0.0,0,NONE
2026-09-28T17:36:52.938+00:00,999.559,manual,Manual cook,temp,3000,188.1,,esp32,,0,,,,,,,,,,,,0,450.0,0.0,0.0,0,NONE
2026-09-28T17:36:53.937+00:00,1000.558,manual,Manual cook,temp,3000,187.3,,esp32,,0,,,,,,,,,,,,0,450.0,0.0,0.0,0,NONE
2026-09-28T17:36:54.937+00:00,1001.558,manual,Manual cook,temp,3000,187.7,,esp32,,0,,,,,,,,,,,,0,450.0,0.0,0.0,0,NONE
2026-09-28T17:36:55.937+00:00,1002.558,manual,Manual cook,temp,3000,185.9,,esp32,,0,,,,,,,,,,,,0,450.0,0.0,0.0,0,NONE
2026-09-28T17:36:56.937+00:00,1003.558,manual,Manual cook,temp,3000,186.8,,esp32,,0,,,,,,,,,,,,0,450.0,0.0,0.0,0,NONE
2026-09-28T17:36:57.937+00:00,1004.558,manual,Manual cook,temp,3000,186.4,,esp32,,0,,,,,,,,,,,,0,450.0,0.0,0.0,0,NONE
2026-09-28T17:36:58.437+00:00,1005.058,manual,Manual cook,temp,3000,185.4,,esp32,,0,,,,,,,,,,,,0,450.0,0.0,0.0,0,NONE
2026-09-28T17:36:59.436+00:00,1006.057,manual,Manual cook,temp,3000,185.9,,esp32,,0,,,,,,,,,,,,0,450.0,0.0,0.0,0,NONE
2026-09-28T17:37:00.436+00:00,1007.057,manual,Manual cook,temp,3000,185.0,,esp32,,0,,,,,,,,,,,,0,450.0,0.0,0.0,0,NONE
2026-09-28T17:37:01.436+00:00,1008.057,manual,Manual cook,temp,3000,185.0,,esp32,,0,,,,,,,,,,,,0,450.0,0.0,0.0,0,NONE
2026-09-28T17:37:02.436+00:00,1009.057,manual,Manual cook,temp,3000,184.1,,esp32,,0,,,,,,,,,,,,0,450.0,0.0,0.0,0,NONE
2026-09-28T17:37:03.436+00:00,1010.058,manual,Manual cook,temp,3000,183.2,,esp32,,0,,,,,,,,,,,,0,450.0,0.0,0.0,0,NONE
2026-09-28T17:37:04.436+00:00,1011.057,manual,Manual cook,temp,3000,183.6,,esp32,,0,,,,,,,,,,,,0,450.0,0.0,0.0,0,NONE
2026-09-28T17:37:05.436+00:00,1012.057,manual,Manual cook,temp,3000,183.2,,esp32,,0,,,,,,,,,,,,0,450.0,0.0,0.0,0,NONE
2026-09-28T17:37:06.436+00:00,1013.057,manual,Manual cook,temp,3000,183.2,,esp32,,0,,,,,,,,,,,,0,450.0,0.0,0.0,0,NONE
2026-09-28T17:37:07.435+00:00,1014.057,manual,Manual cook,temp,3000,182.3,,esp32,,0,,,,,,,,,,,,0,450.0,0.0,0.0,0,NONE
2026-09-28T17:37:08.435+00:00,1015.056,manual,Manual cook,temp,3000,181.4,,esp32,,0,,,,,,,,,,,,0,450.0,0.0,0.0,0,NONE
2026-09-28T17:37:09.436+00:00,1016.057,manual,Manual cook,temp,3000,180.9,,esp32,,0,,,,,,,,,,,,0,450.0,0.0,0.0,0,NONE
2026-09-28T17:37:10.435+00:00,1017.056,manual,Manual cook,temp,3000,181.4,,esp32,,0,,,,,,,,,,,,0,450.0,0.0,0.0,0,NONE
2026-09-28T17:37:11.435+00:00,1018.056,manual,Manual cook,temp,3000,179.1,,esp32,,0,,,,,,,,,,,,0,450.0,0.0,0.0,0,NONE
2026-09-28T17:37:12.435+00:00,1019.056,manual,Manual cook,temp,3000,179.1,,esp32,,0,,,,,,,,,,,,0,450.0,0.0,0.0,0,NONE
2026-09-28T17:37:13.435+00:00,1020.056,manual,Manual cook,temp,3000,178.7,,esp32,,0,,,,,,,,,,,,0,450.0,0.0,0.0,0,NONE
2026-09-28T17:37:14.435+00:00,1021.056,manual,Manual cook,temp,3000,178.7,,esp32,,0,,,,,,,,,,,,0,450.0,0.0,0.0,0,NONE
2026-09-28T17:37:14.935+00:00,1021.557,manual,Manual cook,temp,3000,178.3,,esp32,,0,,,,,,,,,,,,0,450.0,0.0,0.0,0,NONE
2026-09-28T17:37:15.935+00:00,1022.556,manual,Manual cook,temp,3000,178.3,,esp32,,0,,,,,,,,,,,,0,450.0,0.0,0.0,0,NONE
2026-09-28T17:37:16.934+00:00,1023.556,manual,Manual cook,temp,3000,178.3,,esp32,,0,,,,,,,,,,,,0,450.0,0.0,0.0,0,NONE
2026-09-28T17:37:17.934+00:00,1024.556,manual,Manual cook,temp,3000,177.4,,esp32,,0,,,,,,,,,,,,0,450.0,0.0,0.0,0,NONE
2026-09-28T17:37:18.935+00:00,1025.556,manual,Manual cook,temp,3000,177.4,,esp32,,0,,,,,,,,,,,,0,450.0,0.0,0.0,0,NONE
2026-09-28T17:37:19.934+00:00,1026.555,manual,Manual cook,temp,3000,177.4,,esp32,,0,,,,,,,,,,,,0,450.0,0.0,0.0,0,NONE
2026-09-28T17:37:20.435+00:00,1027.056,manual,Manual cook,temp,3000,176.0,,esp32,,0,,,,,,,,,,,,0,450.0,0.0,0.0,0,NONE
2026-09-28T17:37:21.434+00:00,1028.055,manual,Manual cook,temp,3000,176.4,,esp32,,0,,,,,,,,,,,,0,450.0,0.0,0.0,0,NONE
2026-09-28T17:37:22.434+00:00,1029.055,manual,Manual cook,temp,3000,175.6,,esp32,,0,,,,,,,,,,,,0,450.0,0.0,0.0,0,NONE
2026-09-28T17:37:23.434+00:00,1030.055,manual,Manual cook,temp,3000,174.2,,esp32,,0,,,,,,,,,,,,0,450.0,0.0,0.0,0,NONE
