timestamp_utc,elapsed_s,cook_type,cook_name,mode,fan_speed_rpm,chamber_temp_f,effective_probe_temp_f,probe_source,esp32_probe_temp_f,inkbird_connected,inkbird_battery_pct,inkbird_internal_1_f,inkbird_internal_2_f,inkbird_internal_3_f,inkbird_internal_4_f,inkbird_ambient_f,inkbird_internal_1_raw_f,inkbird_internal_2_raw_f,inkbird_internal_3_raw_f,inkbird_internal_4_raw_f,inkbird_ambient_raw_f,drawer_closed,set_temperature_f,top_heater_duty_pct,bottom_heater_duty_pct,paused,fault
2026-09-18T17:10:31.280+00:00,0.007,routine,Adaptive thermal response carryover,duty,1500,86.0,,esp32,,0,,,,,,,,,,,,1,,0.0,0.0,0,NONE
2026-09-18T17:10:32.184+00:00,0.911,routine,Adaptive thermal response carryover,duty,1500,76.6,,esp32,,0,,,,,,,,,,,,1,,0.0,0.0,0,NONE
2026-09-18T17:10:33.185+00:00,1.912,routine,Adaptive thermal response carryover,duty,1500,77.0,,esp32,,0,,,,,,,,,,,,1,,0.0,0.0,0,NONE
2026-09-18T17:10:34.184+00:00,2.911,routine,Adaptive thermal response carryover,duty,1500,77.0,,esp32,,1,79,,,,,,,,,,,1,,0.0,0.0,0,NONE
2026-09-18T17:10:34.685+00:00,3.411,routine,Adaptive thermal response carryover,duty,1500,77.4,42.09,inkbird_lowest_internal,,1,70,42.17,42.09,42.61,44.16,64.4,41.97,42.09,42.71,44.36,64.4,1,,0.0,0.0,0,NONE
2026-09-18T17:10:35.684+00:00,4.411,routine,Adaptive thermal response carryover,duty,1500,78.3,42.09,inkbird_lowest_internal,,1,70,42.17,42.09,42.61,44.16,64.4,41.97,42.09,42.71,44.36,64.4,1,,0.0,0.0,0,NONE
2026-09-18T17:10:36.684+00:00,5.411,routine,Adaptive thermal response carryover,duty,1500,77.4,42.09,inkbird_lowest_internal,,1,70,42.17,42.09,42.61,44.16,64.4,41.97,42.09,42.71,44.36,64.4,1,,0.0,0.0,0,NONE
2026-09-18T17:10:37.684+00:00,6.411,routine,Adaptive thermal response carryover,duty,1500,77.9,42.09,inkbird_lowest_internal,,1,70,42.17,42.09,42.61,44.16,64.4,41.97,42.09,42.71,44.36,64.4,1,,0.0,0.0,0,NONE
2026-09-18T17:10:38.684+00:00,7.411,routine,Adaptive thermal response carryover,duty,1500,77.9,42.09,inkbird_lowest_internal,,1,70,42.17,42.09,42.61,44.16,64.4,41.97,42.09,42.71,44.36,64.4,1,,0.0,0.0,0,NONE
2026-09-18T17:10:39.684+00:00,8.411,routine,Adaptive thermal response carryover,duty,1500,77.0,42.09,inkbird_lowest_internal,,1,70,42.17,42.09,42.61,44.16,64.4,41.97,42.09,42.71,44.36,64.4,1,,0.0,0.0,0,NONE
2026-09-18T17:10:40.684+00:00,9.411,routine,Adaptive thermal response carryover,duty,1500,77.4,42.09,inkbird_lowest_internal,,1,70,42.17,42.09,42.61,44.16,64.4,41.97,42.09,42.71,44.36,64.4,1,,0.0,0.0,0,NONE
2026-09-18T17:10:41.684+00:00,10.411,routine,Adaptive thermal response carryover,duty,1500,77.0,42.09,inkbird_lowest_internal,,1,70,42.17,42.09,42.61,44.16,64.4,41.97,42.09,42.71,44.36,64.4,1,,0.0,0.0,0,NONE
2026-09-18T17:10:42.684+00:00,11.411,routine,Adaptive thermal response carryover,duty,1500,77.9,42.09,inkbird_lowest_internal,,1,70,42.17,42.09,42.61,44.16,64.4,41.97,42.09,42.71,44.36,64.4,1,,0.0,0.0,0,NONE
2026-09-18T17:10:43.685+00:00,12.412,routine,Adaptive thermal response carryover,duty,1500,77.4,42.09,inkbird_lowest_internal,,1,70,42.19,42.09,42.65,44.26,64.4,41.99,42.09,42.75,44.46,64.4,1,,0.0,0.0,0,NONE
2026-09-18T17:10:44.684+00:00,13.411,routine,Adaptive thermal response carryover,duty,1500,77.4,42.09,inkbird_lowest_internal,,1,70,42.19,42.09,42.65,44.26,64.4,41.99,42.09,42.75,44.46,64.4,1,,0.0,0.0,0,NONE
2026-09-18T17:10:45.684+00:00,14.411,routine,Adaptive thermal response carryover,duty,1500,77.4,42.09,inkbird_lowest_internal,,1,70,42.24,42.09,42.66,44.26,66.2,42.04,42.09,42.76,44.46,66.2,1,,0.0,0.0,0,NONE
2026-09-18T17:10:46.684+00:00,15.411,routine,Adaptive thermal response carryover,duty,1500,77.4,42.19,inkbird_lowest_internal,,1,70,42.24,42.19,42.72,44.36,66.2,42.04,42.19,42.82,44.56,66.2,1,,0.0,0.0,0,NONE
2026-09-18T17:10:47.184+00:00,15.911,routine,Adaptive thermal response carryover,duty,1500,77.4,42.19,inkbird_lowest_internal,,1,70,42.24,42.19,42.72,44.36,66.2,42.04,42.19,42.82,44.56,66.2,1,,0.0,0.0,0,NONE
2026-09-18T17:10:48.184+00:00,16.911,routine,Adaptive thermal response carryover,duty,1500,77.4,42.19,inkbird_lowest_internal,,1,70,42.24,42.19,42.72,44.36,66.2,42.04,42.19,42.82,44.56,66.2,1,,0.0,0.0,0,NONE
2026-09-18T17:10:48.684+00:00,17.411,routine,Adaptive thermal response carryover,duty,1500,77.0,42.19,inkbird_lowest_internal,,1,70,42.24,42.19,42.72,44.36,66.2,42.04,42.19,42.82,44.56,66.2,1,,0.0,0.0,0,NONE
2026-09-18T17:10:49.185+00:00,17.912,routine,Adaptive thermal response carryover,duty,1500,77.0,42.19,inkbird_lowest_internal,,1,70,42.24,42.19,42.72,44.36,66.2,42.04,42.19,42.82,44.56,66.2,1,,0.0,0.0,0,NONE
2026-09-18T17:10:50.184+00:00,18.911,routine,Adaptive thermal response carryover,duty,1500,77.0,42.19,inkbird_lowest_internal,,1,70,42.24,42.19,42.72,44.36,66.2,42.04,42.19,42.82,44.56,66.2,1,,0.0,0.0,0,NONE
2026-09-18T17:10:50.684+00:00,19.411,routine,Adaptive thermal response carryover,duty,1500,77.0,42.19,inkbird_lowest_internal,,1,70,42.26,42.19,42.73,44.47,66.2,42.06,42.19,42.83,44.67,66.2,1,,0.0,0.0,0,NONE
2026-09-18T17:10:51.684+00:00,20.411,routine,Adaptive thermal response carryover,duty,1500,77.0,42.19,inkbird_lowest_internal,,1,70,42.26,42.19,42.73,44.47,66.2,42.06,42.19,42.83,44.67,66.2,1,,0.0,0.0,0,NONE
2026-09-18T17:10:52.684+00:00,21.411,routine,Adaptive thermal response carryover,duty,1500,76.6,42.19,inkbird_lowest_internal,,1,70,42.26,42.19,42.73,44.47,66.2,42.06,42.19,42.83,44.67,66.2,1,,0.0,0.0,0,NONE
2026-09-18T17:10:53.684+00:00,22.411,routine,Adaptive thermal response carryover,duty,1500,76.1,42.19,inkbird_lowest_internal,,1,70,42.26,42.19,42.73,44.47,66.2,42.06,42.19,42.83,44.67,66.2,1,,0.0,0.0,0,NONE
2026-09-18T17:10:54.684+00:00,23.411,routine,Adaptive thermal response carryover,duty,1500,76.6,42.19,inkbird_lowest_internal,,1,70,42.27,42.19,42.78,44.59,66.2,42.07,42.19,42.88,44.79,66.2,1,,0.0,0.0,0,NONE
2026-09-18T17:10:55.184+00:00,23.911,routine,Adaptive thermal response carryover,duty,1500,76.6,42.19,inkbird_lowest_internal,,1,70,42.27,42.19,42.78,44.59,66.2,42.07,42.19,42.88,44.79,66.2,1,,0.0,0.0,0,NONE
2026-09-18T17:10:56.184+00:00,24.911,routine,Adaptive thermal response carryover,duty,1500,76.6,42.19,inkbird_lowest_internal,,1,70,42.27,42.19,42.78,44.59,66.2,42.07,42.19,42.88,44.79,66.2,1,,0.0,0.0,0,NONE
2026-09-18T17:10:57.184+00:00,25.911,routine,Adaptive thermal response carryover,duty,1500,76.6,42.19,inkbird_lowest_internal,,1,70,42.27,42.19,42.78,44.59,66.2,42.07,42.19,42.88,44.79,66.2,1,,0.0,0.0,0,NONE
2026-09-18T17:10:57.684+00:00,26.411,routine,Adaptive thermal response carryover,duty,1500,76.6,42.19,inkbird_lowest_internal,,1,70,42.27,42.19,42.78,44.59,66.2,42.07,42.19,42.88,44.79,66.2,1,,0.0,0.0,0,NONE
2026-09-18T17:10:58.684+00:00,27.411,routine,Adaptive thermal response carryover,duty,1500,76.6,42.29,inkbird_lowest_internal,,1,70,42.29,42.3,42.85,44.72,66.2,42.09,42.3,42.95,44.92,66.2,1,,0.0,0.0,0,NONE
2026-09-18T17:10:59.684+00:00,28.411,routine,Adaptive thermal response carryover,duty,1500,76.1,42.29,inkbird_lowest_internal,,1,70,42.29,42.3,42.85,44.72,66.2,42.09,42.3,42.95,44.92,66.2,1,,0.0,0.0,0,NONE
2026-09-18T17:11:00.684+00:00,29.410,routine,Adaptive thermal response carryover,duty,1500,76.6,42.3,inkbird_lowest_internal,,1,69,42.3,42.3,42.88,44.83,66.2,42.1,42.3,42.98,45.03,66.2,1,,0.0,0.0,0,NONE
2026-09-18T17:11:01.184+00:00,29.911,routine,Adaptive thermal response carryover,duty,1500,76.6,42.3,inkbird_lowest_internal,,1,69,42.3,42.3,42.88,44.83,66.2,42.1,42.3,42.98,45.03,66.2,1,,0.0,0.0,0,NONE
2026-09-18T17:11:02.184+00:00,30.911,routine,Adaptive thermal response carryover,duty,1500,77.0,42.3,inkbird_lowest_internal,,1,69,42.3,42.3,42.88,44.83,66.2,42.1,42.3,42.98,45.03,66.2,1,,0.0,0.0,0,NONE
2026-09-18T17:11:03.184+00:00,31.910,routine,Adaptive thermal response carryover,duty,1500,76.6,42.3,inkbird_lowest_internal,,1,69,42.3,42.3,42.88,44.83,66.2,42.1,42.3,42.98,45.03,66.2,1,,0.0,0.0,0,NONE
2026-09-18T17:11:04.184+00:00,32.911,routine,Adaptive thermal response carryover,duty,1500,76.6,42.3,inkbird_lowest_internal,,1,69,42.3,42.3,42.88,44.83,66.2,42.1,42.3,42.98,45.03,66.2,1,,0.0,0.0,0,NONE
2026-09-18T17:11:04.684+00:00,33.411,routine,Adaptive thermal response carryover,duty,1500,76.6,42.3,inkbird_lowest_internal,,1,69,42.36,42.3,42.96,44.95,68.0,42.16,42.3,43.06,45.15,68.0,1,,0.0,0.0,0,NONE
2026-09-18T17:11:05.683+00:00,34.410,routine,Adaptive thermal response carryover,duty,1500,76.6,42.3,inkbird_lowest_internal,,1,69,42.36,42.3,42.96,44.95,68.0,42.16,42.3,43.06,45.15,68.0,1,,0.0,0.0,0,NONE
2026-09-18T17:11:06.184+00:00,34.910,routine,Adaptive thermal response carryover,duty,1500,76.6,42.3,inkbird_lowest_internal,,1,69,42.36,42.3,42.96,44.95,68.0,42.16,42.3,43.06,45.15,68.0,1,,0.0,0.0,0,NONE
2026-09-18T17:11:07.183+00:00,35.910,routine,Adaptive thermal response carryover,duty,1500,76.6,42.3,inkbird_lowest_internal,,1,69,42.36,42.3,42.96,44.95,68.0,42.16,42.3,43.06,45.15,68.0,1,,0.0,0.0,0,NONE
2026-09-18T17:11:07.684+00:00,36.410,routine,Adaptive thermal response carryover,duty,1500,76.1,42.3,inkbird_lowest_internal,,1,69,42.38,42.3,42.97,45.06,68.0,42.18,42.3,43.07,45.26,68.0,1,,0.0,0.0,0,NONE
2026-09-18T17:11:08.684+00:00,37.410,routine,Adaptive thermal response carryover,duty,1500,76.1,42.38,inkbird_lowest_internal,,1,69,42.38,42.41,42.99,45.16,68.0,42.18,42.41,43.09,45.36,68.0,1,,0.0,0.0,0,NONE
2026-09-18T17:11:09.684+00:00,38.410,routine,Adaptive thermal response carryover,duty,1500,75.7,42.38,inkbird_lowest_internal,,1,69,42.38,42.41,42.99,45.16,68.0,42.18,42.41,43.09,45.36,68.0,1,,0.0,0.0,0,NONE
2026-09-18T17:11:10.184+00:00,38.911,routine,Adaptive thermal response carryover,duty,1500,75.7,42.38,inkbird_lowest_internal,,1,69,42.38,42.41,42.99,45.16,68.0,42.18,42.41,43.09,45.36,68.0,1,,0.0,0.0,0,NONE
2026-09-18T17:11:11.183+00:00,39.910,routine,Adaptive thermal response carryover,duty,1500,75.2,42.39,inkbird_lowest_internal,,1,69,42.39,42.41,43.06,45.21,68.0,42.19,42.41,43.16,45.41,68.0,1,,0.0,0.0,0,NONE
2026-09-18T17:11:11.684+00:00,40.410,routine,Adaptive thermal response carryover,duty,1500,76.1,42.39,inkbird_lowest_internal,,1,69,42.39,42.41,43.06,45.21,68.0,42.19,42.41,43.16,45.41,68.0,1,,0.0,0.0,0,NONE
2026-09-18T17:11:12.683+00:00,41.410,routine,Adaptive thermal response carryover,duty,1500,76.1,42.39,inkbird_lowest_internal,,1,69,42.39,42.41,43.08,45.31,68.0,42.19,42.41,43.18,45.51,68.0,1,,0.0,0.0,0,NONE
2026-09-18T17:11:13.683+00:00,42.410,routine,Adaptive thermal response carryover,duty,1500,76.1,42.39,inkbird_lowest_internal,,1,69,42.39,42.41,43.08,45.31,68.0,42.19,42.41,43.18,45.51,68.0,1,,0.0,0.0,0,NONE
2026-09-18T17:11:14.183+00:00,42.910,routine,Adaptive thermal response carryover,duty,1500,76.1,42.39,inkbird_lowest_internal,,1,69,42.39,42.41,43.08,45.31,68.0,42.19,42.41,43.18,45.51,68.0,1,,0.0,0.0,0,NONE
2026-09-18T17:11:15.183+00:00,43.910,routine,Adaptive thermal response carryover,duty,1500,75.2,42.4,inkbird_lowest_internal,,1,69,42.4,42.41,43.1,45.31,68.0,42.2,42.41,43.2,45.51,68.0,1,,0.0,0.0,0,NONE
2026-09-18T17:11:16.183+00:00,44.910,routine,Adaptive thermal response carryover,duty,1500,76.1,42.4,inkbird_lowest_internal,,1,69,42.4,42.41,43.1,45.31,68.0,42.2,42.41,43.2,45.51,68.0,1,,0.0,0.0,0,NONE
2026-09-18T17:11:16.683+00:00,45.410,routine,Adaptive thermal response carryover,duty,1500,76.1,42.41,inkbird_lowest_internal,,1,69,42.46,42.41,43.18,45.44,68.0,42.26,42.41,43.28,45.64,68.0,1,,0.0,0.0,0,NONE
2026-09-18T17:11:17.683+00:00,46.410,routine,Adaptive thermal response carryover,duty,1500,75.2,42.41,inkbird_lowest_internal,,1,69,42.46,42.41,43.18,45.44,68.0,42.26,42.41,43.28,45.64,68.0,1,,0.0,0.0,0,NONE
2026-09-18T17:11:18.683+00:00,47.410,routine,Adaptive thermal response carryover,duty,1500,75.2,42.46,inkbird_lowest_internal,,1,69,42.46,42.52,43.19,45.55,68.0,42.26,42.52,43.29,45.75,68.0,1,,0.0,0.0,0,NONE
2026-09-18T17:11:19.683+00:00,48.410,routine,Adaptive thermal response carryover,duty,1500,76.1,42.46,inkbird_lowest_internal,,1,69,42.46,42.52,43.19,45.55,68.0,42.26,42.52,43.29,45.75,68.0,1,,0.0,0.0,0,NONE
2026-09-18T17:11:20.684+00:00,49.411,routine,Adaptive thermal response carryover,duty,1500,76.1,42.47,inkbird_lowest_internal,,1,69,42.47,42.52,43.23,45.55,68.0,42.27,42.52,43.33,45.75,68.0,1,,0.0,0.0,0,NONE
2026-09-18T17:11:21.683+00:00,50.410,routine,Adaptive thermal response carryover,duty,1500,75.2,42.47,inkbird_lowest_internal,,1,69,42.47,42.52,43.23,45.55,68.0,42.27,42.52,43.33,45.75,68.0,1,,0.0,0.0,0,NONE
2026-09-18T17:11:22.683+00:00,51.410,routine,Adaptive thermal response carryover,duty,1500,75.7,42.48,inkbird_lowest_internal,,1,69,42.48,42.52,43.31,45.68,68.0,42.28,42.52,43.41,45.88,68.0,1,,0.0,0.0,0,NONE
2026-09-18T17:11:23.683+00:00,52.410,routine,Adaptive thermal response carryover,duty,1500,76.1,42.48,inkbird_lowest_internal,,1,69,42.48,42.52,43.31,45.68,68.0,42.28,42.52,43.41,45.88,68.0,1,,0.0,0.0,0,NONE
2026-09-18T17:11:24.683+00:00,53.410,routine,Adaptive thermal response carryover,duty,1500,75.7,42.49,inkbird_lowest_internal,,1,69,42.49,42.52,43.32,45.79,68.0,42.29,42.52,43.42,45.99,68.0,1,,0.0,0.0,0,NONE
2026-09-18T17:11:25.683+00:00,54.410,routine,Adaptive thermal response carryover,duty,1500,75.7,42.49,inkbird_lowest_internal,,1,69,42.49,42.52,43.32,45.79,68.0,42.29,42.52,43.42,45.99,68.0,1,,0.0,0.0,0,NONE
2026-09-18T17:11:26.683+00:00,55.410,routine,Adaptive thermal response carryover,duty,1500,75.2,42.49,inkbird_lowest_internal,,1,69,42.49,42.52,43.32,45.79,68.0,42.29,42.52,43.42,45.99,68.0,1,,0.0,0.0,0,NONE
2026-09-18T17:11:27.683+00:00,56.410,routine,Adaptive thermal response carryover,duty,1500,75.7,42.5,inkbird_lowest_internal,,1,69,42.5,42.63,43.34,45.88,68.0,42.3,42.63,43.44,46.08,68.0,1,,0.0,0.0,0,NONE
2026-09-18T17:11:28.683+00:00,57.410,routine,Adaptive thermal response carryover,duty,1500,75.7,42.5,inkbird_lowest_internal,,1,69,42.5,42.63,43.34,45.88,68.0,42.3,42.63,43.44,46.08,68.0,1,,0.0,0.0,0,NONE
2026-09-18T17:11:29.683+00:00,58.410,routine,Adaptive thermal response carryover,duty,1500,75.2,42.56,inkbird_lowest_internal,,1,69,42.56,42.63,43.42,45.92,68.0,42.36,42.63,43.52,46.12,68.0,1,,0.0,0.0,0,NONE
2026-09-18T17:11:30.683+00:00,59.410,routine,Adaptive thermal response carryover,duty,1500,75.7,42.56,inkbird_lowest_internal,,1,69,42.56,42.63,43.42,45.92,68.0,42.36,42.63,43.52,46.12,68.0,1,,0.0,0.0,0,NONE
2026-09-18T17:11:31.184+00:00,59.911,routine,Adaptive thermal response carryover,duty,1500,75.7,42.56,inkbird_lowest_internal,,1,69,42.56,42.63,43.42,45.92,68.0,42.36,42.63,43.52,46.12,68.0,1,,0.0,0.0,0,NONE
2026-09-18T17:11:32.183+00:00,60.910,routine,Adaptive thermal response carryover,duty,1500,74.3,42.56,inkbird_lowest_internal,,1,69,42.56,42.63,43.42,45.92,68.0,42.36,42.63,43.52,46.12,68.0,1,,0.0,0.0,0,NONE
2026-09-18T17:11:32.683+00:00,61.410,routine,Adaptive thermal response carryover,duty,1500,75.7,42.58,inkbird_lowest_internal,,1,69,42.58,42.63,43.47,46.05,69.8,42.38,42.63,43.57,46.25,69.8,1,,0.0,0.0,0,NONE
2026-09-18T17:11:33.683+00:00,62.410,routine,Adaptive thermal response carryover,duty,1500,74.7,42.58,inkbird_lowest_internal,,1,69,42.58,42.63,43.47,46.05,69.8,42.38,42.63,43.57,46.25,69.8,1,,0.0,0.0,0,NONE
2026-09-18T17:11:34.683+00:00,63.410,routine,Adaptive thermal response carryover,duty,1500,75.2,42.59,inkbird_lowest_internal,,1,69,42.59,42.74,43.55,46.15,69.8,42.39,42.74,43.65,46.35,69.8,1,,0.0,0.0,0,NONE
2026-09-18T17:11:35.683+00:00,64.410,routine,Adaptive thermal response carryover,duty,1500,75.7,42.59,inkbird_lowest_internal,,1,69,42.59,42.74,43.55,46.15,69.8,42.39,42.74,43.65,46.35,69.8,1,,0.0,0.0,0,NONE
2026-09-18T17:11:36.683+00:00,65.410,routine,Adaptive thermal response carryover,duty,1500,73.4,42.6,inkbird_lowest_internal,,1,69,42.6,42.74,43.57,46.19,69.8,42.4,42.74,43.67,46.39,69.8,1,,0.0,0.0,0,NONE
2026-09-18T17:11:37.683+00:00,66.409,routine,Adaptive thermal response carryover,duty,1500,74.7,42.6,inkbird_lowest_internal,,1,69,42.6,42.74,43.57,46.19,69.8,42.4,42.74,43.67,46.39,69.8,1,,0.0,0.0,0,NONE
2026-09-18T17:11:38.183+00:00,66.910,routine,Adaptive thermal response carryover,duty,1500,74.7,42.6,inkbird_lowest_internal,,1,69,42.6,42.74,43.57,46.19,69.8,42.4,42.74,43.67,46.39,69.8,1,,0.0,0.0,0,NONE
2026-09-18T17:11:39.183+00:00,67.910,routine,Adaptive thermal response carryover,duty,1500,74.7,42.62,inkbird_lowest_internal,,1,69,42.62,42.74,43.59,46.19,69.8,42.42,42.74,43.69,46.39,69.8,1,,0.0,0.0,0,NONE
2026-09-18T17:11:40.183+00:00,68.909,routine,Adaptive thermal response carryover,duty,1500,74.7,42.62,inkbird_lowest_internal,,1,69,42.62,42.74,43.59,46.19,69.8,42.42,42.74,43.69,46.39,69.8,1,,0.0,0.0,0,NONE
2026-09-18T17:11:41.183+00:00,69.909,routine,Adaptive thermal response carryover,duty,1500,75.2,42.68,inkbird_lowest_internal,,1,69,42.68,42.74,43.67,46.32,69.8,42.48,42.74,43.77,46.52,69.8,1,,0.0,0.0,0,NONE
2026-09-18T17:11:41.684+00:00,70.410,routine,Adaptive thermal response carryover,duty,1500,75.2,42.68,inkbird_lowest_internal,,1,69,42.68,42.74,43.67,46.32,69.8,42.48,42.74,43.77,46.52,69.8,1,,0.0,0.0,0,NONE
2026-09-18T17:11:42.683+00:00,71.409,routine,Adaptive thermal response carryover,duty,1500,74.7,42.7,inkbird_lowest_internal,,1,69,42.7,42.86,43.68,46.41,69.8,42.5,42.86,43.78,46.61,69.8,1,,0.0,0.0,0,NONE
2026-09-18T17:11:43.682+00:00,72.409,routine,Adaptive thermal response carryover,duty,1500,74.7,42.7,inkbird_lowest_internal,,1,69,42.7,42.86,43.68,46.41,69.8,42.5,42.86,43.78,46.61,69.8,1,,0.0,0.0,0,NONE
2026-09-18T17:11:44.683+00:00,73.409,routine,Adaptive thermal response carryover,duty,1500,75.2,42.7,inkbird_lowest_internal,,1,69,42.7,42.86,43.7,46.44,69.8,42.5,42.86,43.8,46.64,69.8,1,,0.0,0.0,0,NONE
2026-09-18T17:11:45.683+00:00,74.409,routine,Adaptive thermal response carryover,duty,1500,75.2,42.7,inkbird_lowest_internal,,1,69,42.7,42.86,43.7,46.44,69.8,42.5,42.86,43.8,46.64,69.8,1,,0.0,0.0,0,NONE
2026-09-18T17:11:46.682+00:00,75.409,routine,Adaptive thermal response carryover,duty,1500,75.2,42.7,inkbird_lowest_internal,,1,69,42.7,42.86,43.7,46.44,69.8,42.5,42.86,43.8,46.64,69.8,1,,0.0,0.0,0,NONE
2026-09-18T17:11:47.682+00:00,76.409,routine,Adaptive thermal response carryover,duty,1500,75.2,42.7,inkbird_lowest_internal,,1,69,42.7,42.86,43.7,46.44,69.8,42.5,42.86,43.8,46.64,69.8,1,,0.0,0.0,0,NONE
2026-09-18T17:11:48.682+00:00,77.409,routine,Adaptive thermal response carryover,duty,1500,74.7,42.72,inkbird_lowest_internal,,1,69,42.72,42.86,43.79,46.56,69.8,42.52,42.86,43.89,46.76,69.8,1,,0.0,0.0,0,NONE
2026-09-18T17:11:49.182+00:00,77.909,routine,Adaptive thermal response carryover,duty,1500,74.7,42.72,inkbird_lowest_internal,,1,69,42.72,42.86,43.79,46.56,69.8,42.52,42.86,43.89,46.76,69.8,1,,0.0,0.0,0,NONE
2026-09-18T17:11:50.182+00:00,78.909,routine,Adaptive thermal response carryover,duty,1500,74.7,42.72,inkbird_lowest_internal,,1,69,42.72,42.86,43.79,46.56,69.8,42.52,42.86,43.89,46.76,69.8,1,,0.0,0.0,0,NONE
2026-09-18T17:11:51.182+00:00,79.909,routine,Adaptive thermal response carryover,duty,1500,74.7,42.79,inkbird_lowest_internal,,1,69,42.79,42.98,43.82,46.64,69.8,42.59,42.98,43.92,46.84,69.8,1,,0.0,0.0,0,NONE
2026-09-18T17:11:52.183+00:00,80.910,routine,Adaptive thermal response carryover,duty,1500,74.3,42.79,inkbird_lowest_internal,,1,69,42.79,42.98,43.82,46.64,69.8,42.59,42.98,43.92,46.84,69.8,1,,0.0,0.0,0,NONE
2026-09-18T17:11:52.683+00:00,81.410,routine,Adaptive thermal response carryover,duty,1500,74.3,42.8,inkbird_lowest_internal,,1,69,42.8,42.98,43.88,46.67,69.8,42.6,42.98,43.98,46.87,69.8,1,,0.0,0.0,0,NONE
2026-09-18T17:11:53.682+00:00,82.409,routine,Adaptive thermal response carryover,duty,1500,74.7,42.8,inkbird_lowest_internal,,1,69,42.8,42.98,43.88,46.67,69.8,42.6,42.98,43.98,46.87,69.8,1,,0.0,0.0,0,NONE
2026-09-18T17:11:54.682+00:00,83.409,routine,Adaptive thermal response carryover,duty,1500,74.7,42.8,inkbird_lowest_internal,,1,69,42.8,42.98,43.88,46.67,69.8,42.6,42.98,43.98,46.87,69.8,1,,0.0,0.0,0,NONE
2026-09-18T17:11:55.682+00:00,84.409,routine,Adaptive thermal response carryover,duty,1500,74.7,42.8,inkbird_lowest_internal,,1,69,42.8,42.98,43.88,46.67,69.8,42.6,42.98,43.98,46.87,69.8,1,,0.0,0.0,0,NONE
2026-09-18T17:11:56.682+00:00,85.409,routine,Adaptive thermal response carryover,duty,1500,74.7,42.82,inkbird_lowest_internal,,1,69,42.82,42.98,43.92,46.79,69.8,42.62,42.98,44.02,46.99,69.8,1,,0.0,0.0,0,NONE
2026-09-18T17:11:57.682+00:00,86.409,routine,Adaptive thermal response carryover,duty,1500,74.7,42.82,inkbird_lowest_internal,,1,69,42.82,42.98,43.92,46.79,69.8,42.62,42.98,44.02,46.99,69.8,1,,0.0,0.0,0,NONE
2026-09-18T17:11:58.683+00:00,87.410,routine,Adaptive thermal response carryover,duty,1500,74.7,42.84,inkbird_lowest_internal,,1,69,42.84,43.08,43.99,46.87,69.8,42.64,43.08,44.09,47.07,69.8,1,,0.0,0.0,0,NONE
2026-09-18T17:11:59.682+00:00,88.409,routine,Adaptive thermal response carryover,duty,1500,74.3,42.84,inkbird_lowest_internal,,1,69,42.84,43.08,43.99,46.87,69.8,42.64,43.08,44.09,47.07,69.8,1,,0.0,0.0,0,NONE
2026-09-18T17:12:00.682+00:00,89.409,routine,Adaptive thermal response carryover,duty,1500,74.7,42.91,inkbird_lowest_internal,,1,69,42.91,43.08,44.01,46.9,69.8,42.71,43.08,44.11,47.1,69.8,1,,0.0,0.0,0,NONE
2026-09-18T17:12:01.182+00:00,89.909,routine,Adaptive thermal response carryover,duty,1500,74.3,42.91,inkbird_lowest_internal,,1,69,42.91,43.08,44.01,46.9,69.8,42.71,43.08,44.11,47.1,69.8,1,,0.0,0.0,0,NONE
2026-09-18T17:12:02.182+00:00,90.909,routine,Adaptive thermal response carryover,duty,1500,73.8,42.91,inkbird_lowest_internal,,1,69,42.91,43.08,44.01,46.9,69.8,42.71,43.08,44.11,47.1,69.8,1,,0.0,0.0,0,NONE
2026-09-18T17:12:03.182+00:00,91.909,routine,Adaptive thermal response carryover,duty,1500,74.3,42.91,inkbird_lowest_internal,,1,69,42.91,43.08,44.01,46.9,69.8,42.71,43.08,44.11,47.1,69.8,1,,0.0,0.0,0,NONE
2026-09-18T17:12:04.182+00:00,92.909,routine,Adaptive thermal response carryover,duty,1500,73.8,42.91,inkbird_lowest_internal,,1,69,42.91,43.08,44.01,46.9,69.8,42.71,43.08,44.11,47.1,69.8,1,,0.0,0.0,0,NONE
2026-09-18T17:12:05.182+00:00,93.909,routine,Adaptive thermal response carryover,duty,1500,74.3,42.93,inkbird_lowest_internal,,1,69,42.93,43.18,44.05,47.01,69.8,42.73,43.18,44.15,47.21,69.8,1,,0.0,0.0,0,NONE
2026-09-18T17:12:06.182+00:00,94.909,routine,Adaptive thermal response carryover,duty,1500,74.3,42.93,inkbird_lowest_internal,,1,69,42.93,43.18,44.05,47.01,69.8,42.73,43.18,44.15,47.21,69.8,1,,0.0,0.0,0,NONE
2026-09-18T17:12:07.182+00:00,95.909,routine,Adaptive thermal response carryover,duty,1500,73.8,42.93,inkbird_lowest_internal,,1,69,42.93,43.18,44.05,47.01,69.8,42.73,43.18,44.15,47.21,69.8,1,,0.0,0.0,0,NONE
2026-09-18T17:12:08.182+00:00,96.909,routine,Adaptive thermal response carryover,duty,1500,74.3,42.95,inkbird_lowest_internal,,1,69,42.95,43.18,44.05,47.01,69.8,42.75,43.18,44.15,47.21,69.8,1,,0.0,0.0,0,NONE
2026-09-18T17:12:09.183+00:00,97.909,routine,Adaptive thermal response carryover,duty,1500,73.4,42.95,inkbird_lowest_internal,,1,69,42.95,43.18,44.05,47.01,69.8,42.75,43.18,44.15,47.21,69.8,1,,0.0,0.0,0,NONE
2026-09-18T17:12:10.182+00:00,98.908,routine,Adaptive thermal response carryover,duty,1500,74.3,43.01,inkbird_lowest_internal,,1,69,43.01,43.18,44.15,47.01,69.8,42.81,43.18,44.25,47.21,69.8,1,,0.0,0.0,0,NONE
2026-09-18T17:12:10.682+00:00,99.409,routine,Adaptive thermal response carryover,duty,1500,74.3,43.03,inkbird_lowest_internal,,1,69,43.03,43.18,44.2,47.13,71.6,42.83,43.18,44.3,47.33,71.6,1,,0.0,0.0,0,NONE
2026-09-18T17:12:11.682+00:00,100.409,routine,Adaptive thermal response carryover,duty,1500,74.3,43.03,inkbird_lowest_internal,,1,69,43.03,43.18,44.2,47.13,71.6,42.83,43.18,44.3,47.33,71.6,1,,0.0,0.0,0,NONE
2026-09-18T17:12:12.682+00:00,101.408,routine,Adaptive thermal response carryover,duty,1500,74.3,43.05,inkbird_lowest_internal,,1,69,43.05,43.28,44.22,47.2,71.6,42.85,43.28,44.32,47.4,71.6,1,,0.0,0.0,0,NONE
2026-09-18T17:12:13.682+00:00,102.409,routine,Adaptive thermal response carryover,duty,1500,73.8,43.05,inkbird_lowest_internal,,1,69,43.05,43.28,44.22,47.2,71.6,42.85,43.28,44.32,47.4,71.6,1,,0.0,0.0,0,NONE
2026-09-18T17:12:14.682+00:00,103.409,routine,Adaptive thermal response carryover,duty,1500,73.8,43.06,inkbird_lowest_internal,,1,69,43.06,43.28,44.24,47.23,71.6,42.86,43.28,44.34,47.43,71.6,1,,0.0,0.0,0,NONE
2026-09-18T17:12:15.682+00:00,104.408,routine,Adaptive thermal response carryover,duty,1500,73.8,43.06,inkbird_lowest_internal,,1,69,43.06,43.28,44.24,47.23,71.6,42.86,43.28,44.34,47.43,71.6,1,,0.0,0.0,0,NONE
2026-09-18T17:12:16.681+00:00,105.408,routine,Adaptive thermal response carryover,duty,1500,74.3,43.13,inkbird_lowest_internal,,1,69,43.13,43.28,44.25,47.23,71.6,42.93,43.28,44.35,47.43,71.6,1,,0.0,0.0,0,NONE
2026-09-18T17:12:17.682+00:00,106.408,routine,Adaptive thermal response carryover,duty,1500,73.8,43.13,inkbird_lowest_internal,,1,69,43.13,43.28,44.25,47.23,71.6,42.93,43.28,44.35,47.43,71.6,1,,0.0,0.0,0,NONE
2026-09-18T17:12:18.682+00:00,107.408,routine,Adaptive thermal response carryover,duty,1500,73.4,43.14,inkbird_lowest_internal,,1,69,43.14,43.39,44.32,47.34,71.6,42.94,43.39,44.42,47.54,71.6,1,,0.0,0.0,0,NONE
2026-09-18T17:12:19.683+00:00,108.410,routine,Adaptive thermal response carryover,duty,1500,73.8,43.14,inkbird_lowest_internal,,1,69,43.14,43.39,44.32,47.34,71.6,42.94,43.39,44.42,47.54,71.6,1,,0.0,0.0,0,NONE
2026-09-18T17:12:20.682+00:00,109.408,routine,Adaptive thermal response carryover,duty,1500,73.8,43.14,inkbird_lowest_internal,,1,69,43.14,43.39,44.32,47.34,71.6,42.94,43.39,44.42,47.54,71.6,1,,0.0,0.0,0,NONE
2026-09-18T17:12:21.681+00:00,110.408,routine,Adaptive thermal response carryover,duty,1500,73.8,43.14,inkbird_lowest_internal,,1,69,43.14,43.39,44.32,47.34,71.6,42.94,43.39,44.42,47.54,71.6,1,,0.0,0.0,0,NONE
2026-09-18T17:12:22.681+00:00,111.408,routine,Adaptive thermal response carryover,duty,1500,73.8,43.17,inkbird_lowest_internal,,1,69,43.17,43.39,44.32,47.34,71.6,42.97,43.39,44.42,47.54,71.6,1,,0.0,0.0,0,NONE
2026-09-18T17:12:23.681+00:00,112.408,routine,Adaptive thermal response carryover,duty,1500,72.9,43.17,inkbird_lowest_internal,,1,69,43.17,43.39,44.32,47.34,71.6,42.97,43.39,44.42,47.54,71.6,1,,0.0,0.0,0,NONE
2026-09-18T17:12:24.682+00:00,113.408,routine,Adaptive thermal response carryover,duty,1500,73.8,43.23,inkbird_lowest_internal,,1,69,43.23,43.39,44.37,47.44,71.6,43.03,43.39,44.47,47.64,71.6,1,,0.0,0.0,0,NONE
2026-09-18T17:12:25.681+00:00,114.408,routine,Adaptive thermal response carryover,duty,1500,73.8,43.23,inkbird_lowest_internal,,1,69,43.23,43.39,44.37,47.44,71.6,43.03,43.39,44.47,47.64,71.6,1,,0.0,0.0,0,NONE
2026-09-18T17:12:26.681+00:00,115.408,routine,Adaptive thermal response carryover,duty,1500,73.4,43.26,inkbird_lowest_internal,,1,69,43.26,43.49,44.43,47.51,71.6,43.06,43.49,44.53,47.71,71.6,1,,0.0,0.0,0,NONE
2026-09-18T17:12:27.681+00:00,116.408,routine,Adaptive thermal response carryover,duty,1500,73.8,43.26,inkbird_lowest_internal,,1,69,43.26,43.49,44.43,47.51,71.6,43.06,43.49,44.53,47.71,71.6,1,,0.0,0.0,0,NONE
2026-09-18T17:12:28.181+00:00,116.908,routine,Adaptive thermal response carryover,duty,1500,73.8,43.26,inkbird_lowest_internal,,1,69,43.26,43.49,44.43,47.51,71.6,43.06,43.49,44.53,47.71,71.6,1,,0.0,0.0,0,NONE
2026-09-18T17:12:29.181+00:00,117.908,routine,Adaptive thermal response carryover,duty,1500,73.8,43.26,inkbird_lowest_internal,,1,69,43.26,43.49,44.43,47.51,71.6,43.06,43.49,44.53,47.71,71.6,1,,0.0,0.0,0,NONE
2026-09-18T17:12:29.681+00:00,118.408,routine,Adaptive thermal response carryover,duty,1500,73.8,43.26,inkbird_lowest_internal,,1,69,43.26,43.49,44.43,47.51,71.6,43.06,43.49,44.53,47.71,71.6,1,,0.0,0.0,0,NONE
2026-09-18T17:12:30.681+00:00,119.408,routine,Adaptive thermal response carryover,duty,1500,73.8,43.26,inkbird_lowest_internal,,1,69,43.26,43.49,44.43,47.51,71.6,43.06,43.49,44.53,47.71,71.6,1,,0.0,0.0,0,NONE
2026-09-18T17:12:31.321+00:00,120.048,routine,Adaptive thermal response carryover,duty,1500,72.9,43.26,inkbird_lowest_internal,,1,69,43.26,43.49,44.43,47.51,71.6,43.06,43.49,44.53,47.71,71.6,1,,0.0,0.0,0,NONE
2026-09-18T17:12:32.181+00:00,120.908,routine,Adaptive thermal response carryover,duty,1500,72.9,43.28,inkbird_lowest_internal,,1,69,43.28,43.49,44.48,47.56,71.6,43.08,43.49,44.58,47.76,71.6,1,,50.0,0.0,0,NONE
2026-09-18T17:12:33.181+00:00,121.908,routine,Adaptive thermal response carryover,duty,1500,74.3,43.28,inkbird_lowest_internal,,1,69,43.28,43.49,44.48,47.56,71.6,43.08,43.49,44.58,47.76,71.6,1,,50.0,0.0,0,NONE
2026-09-18T17:12:33.681+00:00,122.408,routine,Adaptive thermal response carryover,duty,1500,73.4,43.28,inkbird_lowest_internal,,1,69,43.28,43.49,44.48,47.56,71.6,43.08,43.49,44.58,47.76,71.6,1,,50.0,0.0,0,NONE
2026-09-18T17:12:34.681+00:00,123.408,routine,Adaptive thermal response carryover,duty,1500,74.7,43.38,inkbird_lowest_internal,,1,69,43.38,43.6,44.55,47.65,71.6,43.18,43.6,44.65,47.85,71.6,1,,50.0,0.0,0,NONE
2026-09-18T17:12:35.182+00:00,123.909,routine,Adaptive thermal response carryover,duty,1500,75.2,43.38,inkbird_lowest_internal,,1,69,43.38,43.6,44.55,47.65,71.6,43.18,43.6,44.65,47.85,71.6,1,,50.0,0.0,0,NONE
2026-09-18T17:12:36.181+00:00,124.908,routine,Adaptive thermal response carryover,duty,1500,74.3,43.38,inkbird_lowest_internal,,1,69,43.38,43.6,44.55,47.65,71.6,43.18,43.6,44.65,47.85,71.6,1,,50.0,0.0,0,NONE
2026-09-18T17:12:37.181+00:00,125.908,routine,Adaptive thermal response carryover,duty,1500,77.0,43.39,inkbird_lowest_internal,,1,69,43.39,43.6,44.55,47.65,71.6,43.19,43.6,44.65,47.85,71.6,1,,50.0,0.0,0,NONE
2026-09-18T17:12:37.681+00:00,126.408,routine,Adaptive thermal response carryover,duty,1500,77.4,43.39,inkbird_lowest_internal,,1,69,43.39,43.6,44.55,47.65,71.6,43.19,43.6,44.65,47.85,71.6,1,,50.0,0.0,0,NONE
2026-09-18T17:12:38.681+00:00,127.408,routine,Adaptive thermal response carryover,duty,1500,77.9,43.46,inkbird_lowest_internal,,1,69,43.46,43.6,44.58,47.7,71.6,43.26,43.6,44.68,47.9,71.6,1,,50.0,0.0,0,NONE
2026-09-18T17:12:39.181+00:00,127.908,routine,Adaptive thermal response carryover,duty,1500,77.4,43.46,inkbird_lowest_internal,,1,69,43.46,43.6,44.58,47.7,71.6,43.26,43.6,44.68,47.9,71.6,1,,50.0,0.0,0,NONE
2026-09-18T17:12:39.681+00:00,128.408,routine,Adaptive thermal response carryover,duty,1500,79.7,43.46,inkbird_lowest_internal,,1,69,43.46,43.6,44.58,47.7,71.6,43.26,43.6,44.68,47.9,71.6,1,,50.0,0.0,0,NONE
2026-09-18T17:12:40.681+00:00,129.408,routine,Adaptive thermal response carryover,duty,1500,80.2,43.46,inkbird_lowest_internal,,1,69,43.46,43.6,44.58,47.7,71.6,43.26,43.6,44.68,47.9,71.6,1,,50.0,0.0,0,NONE
2026-09-18T17:12:41.681+00:00,130.408,routine,Adaptive thermal response carryover,duty,1500,82.4,43.46,inkbird_lowest_internal,,1,69,43.46,43.6,44.58,47.7,71.6,43.26,43.6,44.68,47.9,71.6,1,,50.0,0.0,0,NONE
2026-09-18T17:12:42.681+00:00,131.408,routine,Adaptive thermal response carryover,duty,1500,82.8,43.49,inkbird_lowest_internal,,1,69,43.49,43.71,44.66,47.79,71.6,43.29,43.71,44.76,47.99,71.6,1,,50.0,0.0,0,NONE
2026-09-18T17:12:43.681+00:00,132.408,routine,Adaptive thermal response carryover,duty,1500,84.7,43.49,inkbird_lowest_internal,,1,69,43.49,43.71,44.66,47.79,71.6,43.29,43.71,44.76,47.99,71.6,1,,50.0,0.0,0,NONE
2026-09-18T17:12:44.681+00:00,133.408,routine,Adaptive thermal response carryover,duty,1500,84.2,43.56,inkbird_lowest_internal,,1,68,43.56,43.71,44.69,47.84,73.4,43.36,43.71,44.79,48.04,73.4,1,,50.0,0.0,0,NONE
2026-09-18T17:12:45.181+00:00,133.908,routine,Adaptive thermal response carryover,duty,1500,85.6,43.56,inkbird_lowest_internal,,1,68,43.56,43.71,44.69,47.84,73.4,43.36,43.71,44.79,48.04,73.4,1,,50.0,0.0,0,NONE
2026-09-18T17:12:45.682+00:00,134.409,routine,Adaptive thermal response carryover,duty,1500,86.4,43.56,inkbird_lowest_internal,,1,68,43.56,43.71,44.69,47.84,73.4,43.36,43.71,44.79,48.04,73.4,1,,50.0,0.0,0,NONE
2026-09-18T17:12:46.681+00:00,135.408,routine,Adaptive thermal response carryover,duty,1500,87.8,43.58,inkbird_lowest_internal,,1,68,43.58,43.71,44.75,47.95,73.4,43.38,43.71,44.85,48.15,73.4,1,,50.0,0.0,0,NONE
2026-09-18T17:12:47.681+00:00,136.408,routine,Adaptive thermal response carryover,duty,1500,88.7,43.58,inkbird_lowest_internal,,1,68,43.58,43.71,44.75,47.95,73.4,43.38,43.71,44.85,48.15,73.4,1,,50.0,0.0,0,NONE
2026-09-18T17:12:48.681+00:00,137.408,routine,Adaptive thermal response carryover,duty,1500,89.6,43.58,inkbird_lowest_internal,,1,68,43.58,43.71,44.75,47.95,73.4,43.38,43.71,44.85,48.15,73.4,1,,50.0,0.0,0,NONE
2026-09-18T17:12:49.181+00:00,137.908,routine,Adaptive thermal response carryover,duty,1500,90.5,43.58,inkbird_lowest_internal,,1,68,43.58,43.71,44.75,47.95,73.4,43.38,43.71,44.85,48.15,73.4,1,,50.0,0.0,0,NONE
2026-09-18T17:12:49.681+00:00,138.408,routine,Adaptive thermal response carryover,duty,1500,91.8,43.6,inkbird_lowest_internal,,1,68,43.6,43.71,44.75,47.95,73.4,43.4,43.71,44.85,48.15,73.4,1,,50.0,0.0,0,NONE
2026-09-18T17:12:50.681+00:00,139.407,routine,Adaptive thermal response carryover,duty,1500,92.7,43.6,inkbird_lowest_internal,,1,68,43.6,43.71,44.75,47.95,73.4,43.4,43.71,44.85,48.15,73.4,1,,50.0,0.0,0,NONE
2026-09-18T17:12:51.182+00:00,139.909,routine,Adaptive thermal response carryover,duty,1500,94.1,43.6,inkbird_lowest_internal,,1,68,43.6,43.71,44.75,47.95,73.4,43.4,43.71,44.85,48.15,73.4,1,,50.0,0.0,0,NONE
2026-09-18T17:12:52.181+00:00,140.907,routine,Adaptive thermal response carryover,duty,1500,94.1,43.67,inkbird_lowest_internal,,1,68,43.67,43.82,44.79,48.08,75.2,43.47,43.82,44.89,48.28,75.2,1,,50.0,0.0,0,NONE
2026-09-18T17:12:52.681+00:00,141.408,routine,Adaptive thermal response carryover,duty,1500,96.8,43.69,inkbird_lowest_internal,,1,68,43.69,43.82,44.86,48.2,75.2,43.49,43.82,44.96,48.4,75.2,1,,50.0,0.0,0,NONE
2026-09-18T17:12:53.681+00:00,142.408,routine,Adaptive thermal response carryover,duty,1500,98.2,43.69,inkbird_lowest_internal,,1,68,43.69,43.82,44.86,48.2,75.2,43.49,43.82,44.96,48.4,75.2,1,,50.0,0.0,0,NONE
2026-09-18T17:12:54.681+00:00,143.407,routine,Adaptive thermal response carryover,duty,1500,99.1,43.71,inkbird_lowest_internal,,1,68,43.71,43.82,44.89,48.32,77.0,43.51,43.82,44.99,48.52,77.0,1,,50.0,0.0,0,NONE
2026-09-18T17:12:55.681+00:00,144.408,routine,Adaptive thermal response carryover,duty,1500,101.3,43.71,inkbird_lowest_internal,,1,68,43.71,43.82,44.89,48.32,77.0,43.51,43.82,44.99,48.52,77.0,1,,50.0,0.0,0,NONE
2026-09-18T17:12:56.181+00:00,144.908,routine,Adaptive thermal response carryover,duty,1500,101.3,43.71,inkbird_lowest_internal,,1,68,43.71,43.82,44.89,48.32,77.0,43.51,43.82,44.99,48.52,77.0,1,,50.0,0.0,0,NONE
2026-09-18T17:12:57.181+00:00,145.907,routine,Adaptive thermal response carryover,duty,1500,102.2,43.78,inkbird_lowest_internal,,1,68,43.78,43.93,44.92,48.44,77.0,43.58,43.93,45.02,48.64,77.0,1,,50.0,0.0,0,NONE
2026-09-18T17:12:57.681+00:00,146.408,routine,Adaptive thermal response carryover,duty,1500,104.0,43.78,inkbird_lowest_internal,,1,68,43.78,43.93,44.92,48.44,77.0,43.58,43.93,45.02,48.64,77.0,1,,50.0,0.0,0,NONE
2026-09-18T17:12:58.681+00:00,147.407,routine,Adaptive thermal response carryover,duty,1500,104.9,43.79,inkbird_lowest_internal,,1,68,43.79,43.93,45.01,48.58,78.8,43.59,43.93,45.11,48.78,78.8,1,,50.0,0.0,0,NONE
2026-09-18T17:12:59.681+00:00,148.407,routine,Adaptive thermal response carryover,duty,1500,107.2,43.79,inkbird_lowest_internal,,1,68,43.79,43.93,45.01,48.58,78.8,43.59,43.93,45.11,48.78,78.8,1,,50.0,0.0,0,NONE
2026-09-18T17:13:00.680+00:00,149.407,routine,Adaptive thermal response carryover,duty,1500,107.2,43.82,inkbird_lowest_internal,,1,68,43.82,43.93,45.03,48.74,78.8,43.62,43.93,45.13,48.94,78.8,1,,50.0,0.0,0,NONE
2026-09-18T17:13:01.682+00:00,150.408,routine,Adaptive thermal response carryover,duty,1500,110.7,43.82,inkbird_lowest_internal,,1,68,43.82,43.93,45.03,48.74,78.8,43.62,43.93,45.13,48.94,78.8,1,,50.0,0.0,0,NONE
2026-09-18T17:13:02.680+00:00,151.407,routine,Adaptive thermal response carryover,duty,1500,110.7,43.88,inkbird_lowest_internal,,1,68,43.88,44.05,45.12,48.9,80.6,43.68,44.05,45.22,49.1,80.6,1,,50.0,0.0,0,NONE
2026-09-18T17:13:03.681+00:00,152.407,routine,Adaptive thermal response carryover,duty,1500,113.4,43.88,inkbird_lowest_internal,,1,68,43.88,44.05,45.12,48.9,80.6,43.68,44.05,45.22,49.1,80.6,1,,50.0,0.0,0,NONE
2026-09-18T17:13:04.680+00:00,153.407,routine,Adaptive thermal response carryover,duty,1500,114.3,43.91,inkbird_lowest_internal,,1,68,43.91,44.05,45.15,49.05,82.4,43.71,44.05,45.25,49.25,82.4,1,,50.0,0.0,0,NONE
2026-09-18T17:13:05.680+00:00,154.407,routine,Adaptive thermal response carryover,duty,1500,116.6,43.91,inkbird_lowest_internal,,1,68,43.91,44.05,45.15,49.05,82.4,43.71,44.05,45.25,49.25,82.4,1,,50.0,0.0,0,NONE
2026-09-18T17:13:06.680+00:00,155.407,routine,Adaptive thermal response carryover,duty,1500,117.5,43.91,inkbird_lowest_internal,,1,68,43.91,44.05,45.15,49.05,82.4,43.71,44.05,45.25,49.25,82.4,1,,50.0,0.0,0,NONE
2026-09-18T17:13:07.180+00:00,155.907,routine,Adaptive thermal response carryover,duty,1500,118.8,43.91,inkbird_lowest_internal,,1,68,43.91,44.05,45.15,49.05,82.4,43.71,44.05,45.25,49.25,82.4,1,,50.0,0.0,0,NONE
2026-09-18T17:13:08.180+00:00,156.907,routine,Adaptive thermal response carryover,duty,1500,120.7,43.92,inkbird_lowest_internal,,1,68,43.92,44.05,45.26,49.24,82.4,43.72,44.05,45.36,49.44,82.4,1,,50.0,0.0,0,NONE
2026-09-18T17:13:09.180+00:00,157.907,routine,Adaptive thermal response carryover,duty,1500,121.6,43.92,inkbird_lowest_internal,,1,68,43.92,44.05,45.26,49.24,82.4,43.72,44.05,45.36,49.44,82.4,1,,50.0,0.0,0,NONE
2026-09-18T17:13:09.680+00:00,158.407,routine,Adaptive thermal response carryover,duty,1500,122.9,43.99,inkbird_lowest_internal,,1,68,43.99,44.17,45.35,49.43,84.2,43.79,44.17,45.45,49.63,84.2,1,,50.0,0.0,0,NONE
2026-09-18T17:13:10.680+00:00,159.407,routine,Adaptive thermal response carryover,duty,1500,123.8,44.01,inkbird_lowest_internal,,1,68,44.01,44.17,45.39,49.63,86.0,43.81,44.17,45.49,49.83,86.0,1,,50.0,0.0,0,NONE
2026-09-18T17:13:11.180+00:00,159.907,routine,Adaptive thermal response carryover,duty,1500,125.2,44.01,inkbird_lowest_internal,,1,68,44.01,44.17,45.39,49.63,86.0,43.81,44.17,45.49,49.83,86.0,1,,50.0,0.0,0,NONE
2026-09-18T17:13:12.181+00:00,160.908,routine,Adaptive thermal response carryover,duty,1500,126.9,44.01,inkbird_lowest_internal,,1,68,44.01,44.17,45.39,49.63,86.0,43.81,44.17,45.49,49.83,86.0,1,,50.0,0.0,0,NONE
2026-09-18T17:13:13.180+00:00,161.907,routine,Adaptive thermal response carryover,duty,1500,127.4,44.04,inkbird_lowest_internal,,1,68,44.04,44.29,45.5,49.84,87.8,43.84,44.29,45.6,50.04,87.8,1,,50.0,0.0,0,NONE
2026-09-18T17:13:13.680+00:00,162.407,routine,Adaptive thermal response carryover,duty,1500,129.6,44.04,inkbird_lowest_internal,,1,68,44.04,44.29,45.5,49.84,87.8,43.84,44.29,45.6,50.04,87.8,1,,50.0,0.0,0,NONE
2026-09-18T17:13:14.680+00:00,163.407,routine,Adaptive thermal response carryover,duty,1500,130.1,44.12,inkbird_lowest_internal,,1,68,44.12,44.29,45.6,50.07,87.8,43.92,44.29,45.7,50.27,87.8,1,,50.0,0.0,0,NONE
2026-09-18T17:13:15.180+00:00,163.907,routine,Adaptive thermal response carryover,duty,1500,131.4,44.12,inkbird_lowest_internal,,1,68,44.12,44.29,45.6,50.07,87.8,43.92,44.29,45.7,50.27,87.8,1,,50.0,0.0,0,NONE
2026-09-18T17:13:16.180+00:00,164.907,routine,Adaptive thermal response carryover,duty,1500,132.8,44.12,inkbird_lowest_internal,,1,68,44.12,44.29,45.6,50.07,87.8,43.92,44.29,45.7,50.27,87.8,1,,50.0,0.0,0,NONE
2026-09-18T17:13:17.180+00:00,165.907,routine,Adaptive thermal response carryover,duty,1500,135.1,44.13,inkbird_lowest_internal,,1,68,44.13,44.4,45.7,50.31,89.6,43.93,44.4,45.8,50.51,89.6,1,,50.0,0.0,0,NONE
2026-09-18T17:13:17.681+00:00,166.408,routine,Adaptive thermal response carryover,duty,1500,135.1,44.13,inkbird_lowest_internal,,1,68,44.13,44.4,45.7,50.31,89.6,43.93,44.4,45.8,50.51,89.6,1,,50.0,0.0,0,NONE
2026-09-18T17:13:18.680+00:00,167.407,routine,Adaptive thermal response carryover,duty,1500,136.9,44.14,inkbird_lowest_internal,,1,68,44.14,44.4,45.77,50.56,91.4,43.94,44.4,45.87,50.76,91.4,1,,50.0,0.0,0,NONE
2026-09-18T17:13:19.680+00:00,168.407,routine,Adaptive thermal response carryover,duty,1500,139.1,44.14,inkbird_lowest_internal,,1,68,44.14,44.4,45.77,50.56,91.4,43.94,44.4,45.87,50.76,91.4,1,,50.0,0.0,0,NONE
2026-09-18T17:13:20.680+00:00,169.407,routine,Adaptive thermal response carryover,duty,1500,140.0,44.23,inkbird_lowest_internal,,1,68,44.23,44.52,45.89,50.82,93.2,44.03,44.52,45.99,51.02,93.2,1,,50.0,0.0,0,NONE
2026-09-18T17:13:21.180+00:00,169.907,routine,Adaptive thermal response carryover,duty,1500,141.8,44.23,inkbird_lowest_internal,,1,68,44.23,44.52,45.89,50.82,93.2,44.03,44.52,45.99,51.02,93.2,1,,50.0,0.0,0,NONE
2026-09-18T17:13:22.180+00:00,170.907,routine,Adaptive thermal response carryover,duty,1500,143.1,44.23,inkbird_lowest_internal,,1,68,44.23,44.52,45.89,50.82,93.2,44.03,44.52,45.99,51.02,93.2,1,,50.0,0.0,0,NONE
2026-09-18T17:13:23.181+00:00,171.907,routine,Adaptive thermal response carryover,duty,1500,144.1,44.26,inkbird_lowest_internal,,1,68,44.26,44.52,46.0,51.09,95.0,44.06,44.52,46.1,51.29,95.0,1,,50.0,0.0,0,NONE
2026-09-18T17:13:23.681+00:00,172.408,routine,Adaptive thermal response carryover,duty,1500,146.8,44.26,inkbird_lowest_internal,,1,68,44.26,44.52,46.0,51.09,95.0,44.06,44.52,46.1,51.29,95.0,1,,50.0,0.0,0,NONE
2026-09-18T17:13:24.680+00:00,173.407,routine,Adaptive thermal response carryover,duty,1500,145.9,44.33,inkbird_lowest_internal,,1,68,44.33,44.65,46.12,51.38,96.8,44.13,44.65,46.22,51.58,96.8,1,,50.0,0.0,0,NONE
2026-09-18T17:13:25.680+00:00,174.407,routine,Adaptive thermal response carryover,duty,1500,149.0,44.33,inkbird_lowest_internal,,1,68,44.33,44.65,46.12,51.38,96.8,44.13,44.65,46.22,51.58,96.8,1,,50.0,0.0,0,NONE
2026-09-18T17:13:26.680+00:00,175.407,routine,Adaptive thermal response carryover,duty,1500,149.0,44.33,inkbird_lowest_internal,,1,68,44.33,44.65,46.12,51.38,96.8,44.13,44.65,46.22,51.58,96.8,1,,50.0,0.0,0,NONE
2026-09-18T17:13:27.180+00:00,175.907,routine,Adaptive thermal response carryover,duty,1500,150.8,44.33,inkbird_lowest_internal,,1,68,44.33,44.65,46.12,51.38,96.8,44.13,44.65,46.22,51.58,96.8,1,,50.0,0.0,0,NONE
2026-09-18T17:13:28.180+00:00,176.907,routine,Adaptive thermal response carryover,duty,1500,152.1,44.36,inkbird_lowest_internal,,1,68,44.36,44.65,46.25,51.67,98.6,44.16,44.65,46.35,51.87,98.6,1,,50.0,0.0,0,NONE
2026-09-18T17:13:29.180+00:00,177.907,routine,Adaptive thermal response carryover,duty,1500,154.4,44.36,inkbird_lowest_internal,,1,68,44.36,44.65,46.25,51.67,98.6,44.16,44.65,46.35,51.87,98.6,1,,50.0,0.0,0,NONE
2026-09-18T17:13:30.180+00:00,178.907,routine,Adaptive thermal response carryover,duty,1500,155.3,44.38,inkbird_lowest_internal,,1,68,44.38,44.78,46.37,51.95,100.4,44.18,44.78,46.47,52.15,100.4,1,,50.0,0.0,0,NONE
2026-09-18T17:13:31.180+00:00,179.906,routine,Adaptive thermal response carryover,duty,1500,156.6,44.46,inkbird_lowest_internal,,1,68,44.46,44.89,46.49,52.25,100.4,44.26,44.89,46.59,52.45,100.4,1,,50.0,0.0,0,NONE
2026-09-18T17:13:31.680+00:00,180.407,routine,Adaptive thermal response carryover,duty,1500,158.0,44.46,inkbird_lowest_internal,,1,68,44.46,44.89,46.49,52.25,100.4,44.26,44.89,46.59,52.45,100.4,1,,50.0,0.0,0,NONE
2026-09-18T17:13:32.680+00:00,181.406,routine,Adaptive thermal response carryover,duty,1500,158.9,44.49,inkbird_lowest_internal,,1,68,44.49,44.89,46.62,52.56,102.2,44.29,44.89,46.72,52.76,102.2,1,,50.0,0.0,0,NONE
2026-09-18T17:13:33.180+00:00,181.907,routine,Adaptive thermal response carryover,duty,1500,159.8,44.49,inkbird_lowest_internal,,1,68,44.49,44.89,46.62,52.56,102.2,44.29,44.89,46.72,52.76,102.2,1,,50.0,0.0,0,NONE
2026-09-18T17:13:34.180+00:00,182.907,routine,Adaptive thermal response carryover,duty,1500,161.1,44.49,inkbird_lowest_internal,,1,68,44.49,44.89,46.62,52.56,102.2,44.29,44.89,46.72,52.76,102.2,1,,50.0,0.0,0,NONE
2026-09-18T17:13:35.180+00:00,183.907,routine,Adaptive thermal response carryover,duty,1500,163.4,44.57,inkbird_lowest_internal,,1,68,44.57,45.04,46.74,52.88,104.0,44.37,45.04,46.84,53.08,104.0,1,,50.0,0.0,0,NONE
2026-09-18T17:13:36.180+00:00,184.906,routine,Adaptive thermal response carryover,duty,1500,165.2,44.57,inkbird_lowest_internal,,1,68,44.57,45.04,46.74,52.88,104.0,44.37,45.04,46.84,53.08,104.0,1,,50.0,0.0,0,NONE
2026-09-18T17:13:37.180+00:00,185.906,routine,Adaptive thermal response carryover,duty,1500,167.0,44.6,inkbird_lowest_internal,,1,68,44.6,45.14,46.9,53.2,105.8,44.4,45.14,47.0,53.4,105.8,1,,50.0,0.0,0,NONE
2026-09-18T17:13:38.180+00:00,186.906,routine,Adaptive thermal response carryover,duty,1500,167.9,44.6,inkbird_lowest_internal,,1,68,44.6,45.14,46.9,53.2,105.8,44.4,45.14,47.0,53.4,105.8,1,,50.0,0.0,0,NONE
2026-09-18T17:13:39.179+00:00,187.906,routine,Adaptive thermal response carryover,duty,1500,168.8,44.69,inkbird_lowest_internal,,1,68,44.69,45.25,47.04,53.52,107.6,44.49,45.25,47.14,53.72,107.6,1,,50.0,0.0,0,NONE
2026-09-18T17:13:39.680+00:00,188.406,routine,Adaptive thermal response carryover,duty,1500,170.6,44.69,inkbird_lowest_internal,,1,68,44.69,45.25,47.04,53.52,107.6,44.49,45.25,47.14,53.72,107.6,1,,50.0,0.0,0,NONE
2026-09-18T17:13:40.679+00:00,189.406,routine,Adaptive thermal response carryover,duty,1500,169.7,44.72,inkbird_lowest_internal,,1,68,44.72,45.25,47.18,53.87,109.4,44.52,45.25,47.28,54.07,109.4,1,,50.0,0.0,0,NONE
2026-09-18T17:13:41.680+00:00,190.406,routine,Adaptive thermal response carryover,duty,1500,172.9,44.72,inkbird_lowest_internal,,1,68,44.72,45.25,47.18,53.87,109.4,44.52,45.25,47.28,54.07,109.4,1,,50.0,0.0,0,NONE
2026-09-18T17:13:42.679+00:00,191.406,routine,Adaptive thermal response carryover,duty,1500,174.2,44.81,inkbird_lowest_internal,,1,68,44.81,45.39,47.34,54.21,111.2,44.61,45.39,47.44,54.41,111.2,1,,50.0,0.0,0,NONE
2026-09-18T17:13:43.679+00:00,192.406,routine,Adaptive thermal response carryover,duty,1500,175.6,44.81,inkbird_lowest_internal,,1,68,44.81,45.39,47.34,54.21,111.2,44.61,45.39,47.44,54.41,111.2,1,,50.0,0.0,0,NONE
2026-09-18T17:13:44.680+00:00,193.407,routine,Adaptive thermal response carryover,duty,1500,176.9,44.83,inkbird_lowest_internal,,1,68,44.83,45.51,47.48,54.55,113.0,44.63,45.51,47.58,54.75,113.0,1,,50.0,0.0,0,NONE
2026-09-18T17:13:45.679+00:00,194.406,routine,Adaptive thermal response carryover,duty,1500,178.3,44.83,inkbird_lowest_internal,,1,68,44.83,45.51,47.48,54.55,113.0,44.63,45.51,47.58,54.75,113.0,1,,50.0,0.0,0,NONE
2026-09-18T17:13:46.679+00:00,195.406,routine,Adaptive thermal response carryover,duty,1500,179.6,44.92,inkbird_lowest_internal,,1,68,44.92,45.62,47.64,54.9,114.8,44.72,45.62,47.74,55.1,114.8,1,,50.0,0.0,0,NONE
2026-09-18T17:13:47.179+00:00,195.906,routine,Adaptive thermal response carryover,duty,1500,179.6,44.92,inkbird_lowest_internal,,1,68,44.92,45.62,47.64,54.9,114.8,44.72,45.62,47.74,55.1,114.8,1,,50.0,0.0,0,NONE
2026-09-18T17:13:48.180+00:00,196.906,routine,Adaptive thermal response carryover,duty,1500,181.9,44.92,inkbird_lowest_internal,,1,68,44.92,45.62,47.64,54.9,114.8,44.72,45.62,47.74,55.1,114.8,1,,50.0,0.0,0,NONE
2026-09-18T17:13:49.179+00:00,197.906,routine,Adaptive thermal response carryover,duty,1500,182.8,44.92,inkbird_lowest_internal,,1,68,44.92,45.62,47.64,54.9,114.8,44.72,45.62,47.74,55.1,114.8,1,,50.0,0.0,0,NONE
2026-09-18T17:13:49.679+00:00,198.406,routine,Adaptive thermal response carryover,duty,1500,185.0,44.96,inkbird_lowest_internal,,1,68,44.96,45.62,47.81,55.26,116.6,44.76,45.62,47.91,55.46,116.6,1,,50.0,0.0,0,NONE
2026-09-18T17:13:50.179+00:00,198.906,routine,Adaptive thermal response carryover,duty,1500,185.0,44.96,inkbird_lowest_internal,,1,68,44.96,45.62,47.81,55.26,116.6,44.76,45.62,47.91,55.46,116.6,1,,50.0,0.0,0,NONE
2026-09-18T17:13:51.179+00:00,199.906,routine,Adaptive thermal response carryover,duty,1500,185.9,44.96,inkbird_lowest_internal,,1,68,44.96,45.62,47.81,55.26,116.6,44.76,45.62,47.91,55.46,116.6,1,,50.0,0.0,0,NONE
2026-09-18T17:13:51.679+00:00,200.406,routine,Adaptive thermal response carryover,duty,1500,187.7,45.05,inkbird_lowest_internal,,1,68,45.05,45.77,47.97,55.62,118.4,44.85,45.77,48.07,55.82,118.4,1,,50.0,0.0,0,NONE
2026-09-18T17:13:52.679+00:00,201.406,routine,Adaptive thermal response carryover,duty,1500,187.3,45.09,inkbird_lowest_internal,,1,68,45.09,45.89,48.12,55.98,120.2,44.89,45.89,48.22,56.18,120.2,1,,50.0,0.0,0,NONE
2026-09-18T17:13:53.179+00:00,201.906,routine,Adaptive thermal response carryover,duty,1500,189.9,45.09,inkbird_lowest_internal,,1,68,45.09,45.89,48.12,55.98,120.2,44.89,45.89,48.22,56.18,120.2,1,,50.0,0.0,0,NONE
2026-09-18T17:13:54.179+00:00,202.906,routine,Adaptive thermal response carryover,duty,1500,189.1,45.09,inkbird_lowest_internal,,1,68,45.09,45.89,48.12,55.98,120.2,44.89,45.89,48.22,56.18,120.2,1,,50.0,0.0,0,NONE
2026-09-18T17:13:55.180+00:00,203.907,routine,Adaptive thermal response carryover,duty,1500,191.8,45.19,inkbird_lowest_internal,,1,68,45.19,46.01,48.29,56.35,122.0,44.99,46.01,48.39,56.55,122.0,1,,50.0,0.0,0,NONE
2026-09-18T17:13:56.179+00:00,204.906,routine,Adaptive thermal response carryover,duty,1500,194.0,45.19,inkbird_lowest_internal,,1,68,45.19,46.01,48.29,56.35,122.0,44.99,46.01,48.39,56.55,122.0,1,,50.0,0.0,0,NONE
2026-09-18T17:13:57.179+00:00,205.906,routine,Adaptive thermal response carryover,duty,1500,193.6,45.28,inkbird_lowest_internal,,1,68,45.28,46.13,48.45,56.72,123.8,45.08,46.13,48.55,56.92,123.8,1,,50.0,0.0,0,NONE
2026-09-18T17:13:57.679+00:00,206.406,routine,Adaptive thermal response carryover,duty,1500,195.8,45.28,inkbird_lowest_internal,,1,68,45.28,46.13,48.45,56.72,123.8,45.08,46.13,48.55,56.92,123.8,1,,50.0,0.0,0,NONE
2026-09-18T17:13:58.679+00:00,207.406,routine,Adaptive thermal response carryover,duty,1500,196.7,45.31,inkbird_lowest_internal,,1,68,45.31,46.24,48.63,57.09,125.6,45.11,46.24,48.73,57.29,125.6,1,,50.0,0.0,0,NONE
2026-09-18T17:13:59.679+00:00,208.406,routine,Adaptive thermal response carryover,duty,1500,197.1,45.31,inkbird_lowest_internal,,1,68,45.31,46.24,48.63,57.09,125.6,45.11,46.24,48.73,57.29,125.6,1,,50.0,0.0,0,NONE
2026-09-18T17:14:00.679+00:00,209.406,routine,Adaptive thermal response carryover,duty,1500,198.9,45.41,inkbird_lowest_internal,,1,68,45.41,46.35,48.81,57.47,127.4,45.21,46.35,48.91,57.67,127.4,1,,50.0,0.0,0,NONE
2026-09-18T17:14:01.679+00:00,210.406,routine,Adaptive thermal response carryover,duty,1500,199.9,45.41,inkbird_lowest_internal,,1,68,45.41,46.35,48.81,57.47,127.4,45.21,46.35,48.91,57.67,127.4,1,,50.0,0.0,0,NONE
2026-09-18T17:14:02.179+00:00,210.906,routine,Adaptive thermal response carryover,duty,1500,201.2,45.41,inkbird_lowest_internal,,1,68,45.41,46.35,48.81,57.47,127.4,45.21,46.35,48.91,57.67,127.4,1,,50.0,0.0,0,NONE
2026-09-18T17:14:03.179+00:00,211.906,routine,Adaptive thermal response carryover,duty,1500,202.1,45.5,inkbird_lowest_internal,,1,68,45.5,46.46,48.98,57.84,131.0,45.3,46.46,49.08,58.04,131.0,1,,50.0,0.0,0,NONE
2026-09-18T17:14:03.679+00:00,212.406,routine,Adaptive thermal response carryover,duty,1500,203.0,45.5,inkbird_lowest_internal,,1,68,45.5,46.46,48.98,57.84,131.0,45.3,46.46,49.08,58.04,131.0,1,,50.0,0.0,0,NONE
2026-09-18T17:14:04.679+00:00,213.406,routine,Adaptive thermal response carryover,duty,1500,203.9,45.55,inkbird_lowest_internal,,1,68,45.55,46.58,49.15,58.21,132.8,45.35,46.58,49.25,58.41,132.8,1,,50.0,0.0,0,NONE
2026-09-18T17:14:05.680+00:00,214.407,routine,Adaptive thermal response carryover,duty,1500,204.8,45.55,inkbird_lowest_internal,,1,68,45.55,46.58,49.15,58.21,132.8,45.35,46.58,49.25,58.41,132.8,1,,50.0,0.0,0,NONE
2026-09-18T17:14:06.679+00:00,215.406,routine,Adaptive thermal response carryover,duty,1500,206.6,45.66,inkbird_lowest_internal,,1,68,45.66,46.7,49.33,58.59,134.6,45.46,46.7,49.43,58.79,134.6,1,,50.0,0.0,0,NONE
2026-09-18T17:14:07.679+00:00,216.406,routine,Adaptive thermal response carryover,duty,1500,207.9,45.66,inkbird_lowest_internal,,1,68,45.66,46.7,49.33,58.59,134.6,45.46,46.7,49.43,58.79,134.6,1,,50.0,0.0,0,NONE
2026-09-18T17:14:08.679+00:00,217.406,routine,Adaptive thermal response carryover,duty,1500,208.9,45.75,inkbird_lowest_internal,,1,68,45.75,46.82,49.52,58.98,136.4,45.55,46.82,49.62,59.18,136.4,1,,50.0,0.0,0,NONE
2026-09-18T17:14:09.679+00:00,218.405,routine,Adaptive thermal response carryover,duty,1500,209.3,45.75,inkbird_lowest_internal,,1,68,45.75,46.82,49.52,58.98,136.4,45.55,46.82,49.62,59.18,136.4,1,,50.0,0.0,0,NONE
2026-09-18T17:14:10.179+00:00,218.906,routine,Adaptive thermal response carryover,duty,1500,210.6,45.75,inkbird_lowest_internal,,1,68,45.75,46.82,49.52,58.98,136.4,45.55,46.82,49.62,59.18,136.4,1,,50.0,0.0,0,NONE
2026-09-18T17:14:11.179+00:00,219.905,routine,Adaptive thermal response carryover,duty,1500,212.0,45.75,inkbird_lowest_internal,,1,68,45.75,46.82,49.52,58.98,136.4,45.55,46.82,49.62,59.18,136.4,1,,50.0,0.0,0,NONE
2026-09-18T17:14:12.179+00:00,220.906,routine,Adaptive thermal response carryover,duty,1500,213.4,45.79,inkbird_lowest_internal,,1,68,45.79,46.95,49.69,59.37,138.2,45.59,46.95,49.79,59.57,138.2,1,,50.0,0.0,0,NONE
2026-09-18T17:14:13.178+00:00,221.905,routine,Adaptive thermal response carryover,duty,1500,213.8,45.79,inkbird_lowest_internal,,1,68,45.79,46.95,49.69,59.37,138.2,45.59,46.95,49.79,59.57,138.2,1,,50.0,0.0,0,NONE
2026-09-18T17:14:13.679+00:00,222.405,routine,Adaptive thermal response carryover,duty,1500,214.7,45.91,inkbird_lowest_internal,,1,68,45.91,47.07,49.88,59.76,140.0,45.71,47.07,49.98,59.96,140.0,1,,50.0,0.0,0,NONE
2026-09-18T17:14:14.179+00:00,222.905,routine,Adaptive thermal response carryover,duty,1500,215.1,45.91,inkbird_lowest_internal,,1,68,45.91,47.07,49.88,59.76,140.0,45.71,47.07,49.98,59.96,140.0,1,,50.0,0.0,0,NONE
2026-09-18T17:14:15.178+00:00,223.905,routine,Adaptive thermal response carryover,duty,1500,216.1,46.01,inkbird_lowest_internal,,1,68,46.01,47.18,50.07,60.14,141.8,45.81,47.18,50.17,60.34,141.8,1,,50.0,0.0,0,NONE
2026-09-18T17:14:16.179+00:00,224.905,routine,Adaptive thermal response carryover,duty,1500,216.9,46.01,inkbird_lowest_internal,,1,68,46.01,47.18,50.07,60.14,141.8,45.81,47.18,50.17,60.34,141.8,1,,50.0,0.0,0,NONE
2026-09-18T17:14:16.679+00:00,225.406,routine,Adaptive thermal response carryover,duty,1500,216.9,46.06,inkbird_lowest_internal,,1,68,46.06,47.32,50.26,60.53,143.6,45.86,47.32,50.36,60.73,143.6,1,,50.0,0.0,0,NONE
2026-09-18T17:14:17.179+00:00,225.906,routine,Adaptive thermal response carryover,duty,1500,218.3,46.06,inkbird_lowest_internal,,1,68,46.06,47.32,50.26,60.53,143.6,45.86,47.32,50.36,60.73,143.6,1,,50.0,0.0,0,NONE
2026-09-18T17:14:18.179+00:00,226.905,routine,Adaptive thermal response carryover,duty,1500,220.6,46.06,inkbird_lowest_internal,,1,68,46.06,47.32,50.26,60.53,143.6,45.86,47.32,50.36,60.73,143.6,1,,50.0,0.0,0,NONE
2026-09-18T17:14:19.178+00:00,227.905,routine,Adaptive thermal response carryover,duty,1500,220.6,46.19,inkbird_lowest_internal,,1,68,46.19,47.43,50.44,60.92,145.4,45.99,47.43,50.54,61.12,145.4,1,,50.0,0.0,0,NONE
2026-09-18T17:14:20.178+00:00,228.905,routine,Adaptive thermal response carryover,duty,1500,221.0,46.19,inkbird_lowest_internal,,1,68,46.19,47.43,50.44,60.92,145.4,45.99,47.43,50.54,61.12,145.4,1,,50.0,0.0,0,NONE
2026-09-18T17:14:21.178+00:00,229.905,routine,Adaptive thermal response carryover,duty,1500,222.8,46.29,inkbird_lowest_internal,,1,68,46.29,47.56,50.64,61.31,147.2,46.09,47.56,50.74,61.51,147.2,1,,50.0,0.0,0,NONE
2026-09-18T17:14:22.178+00:00,230.905,routine,Adaptive thermal response carryover,duty,1500,224.6,46.29,inkbird_lowest_internal,,1,68,46.29,47.56,50.64,61.31,147.2,46.09,47.56,50.74,61.51,147.2,1,,50.0,0.0,0,NONE
2026-09-18T17:14:22.678+00:00,231.405,routine,Adaptive thermal response carryover,duty,1500,225.1,46.35,inkbird_lowest_internal,,1,68,46.35,47.7,50.84,61.71,149.0,46.15,47.7,50.94,61.91,149.0,1,,50.0,0.0,0,NONE
2026-09-18T17:14:23.678+00:00,232.405,routine,Adaptive thermal response carryover,duty,1500,224.1,46.35,inkbird_lowest_internal,,1,68,46.35,47.7,50.84,61.71,149.0,46.15,47.7,50.94,61.91,149.0,1,,50.0,0.0,0,NONE
2026-09-18T17:14:24.178+00:00,232.905,routine,Adaptive thermal response carryover,duty,1500,226.4,46.35,inkbird_lowest_internal,,1,68,46.35,47.7,50.84,61.71,149.0,46.15,47.7,50.94,61.91,149.0,1,,50.0,0.0,0,NONE
2026-09-18T17:14:25.178+00:00,233.905,routine,Adaptive thermal response carryover,duty,1500,227.3,46.47,inkbird_lowest_internal,,1,68,46.47,47.83,51.03,62.08,150.8,46.27,47.83,51.13,62.28,150.8,1,,50.0,0.0,0,NONE
2026-09-18T17:14:26.178+00:00,234.905,routine,Adaptive thermal response carryover,duty,1500,227.8,46.47,inkbird_lowest_internal,,1,68,46.47,47.83,51.03,62.08,150.8,46.27,47.83,51.13,62.28,150.8,1,,50.0,0.0,0,NONE
2026-09-18T17:14:27.178+00:00,235.905,routine,Adaptive thermal response carryover,duty,1500,230.0,46.47,inkbird_lowest_internal,,1,68,46.47,47.83,51.03,62.08,150.8,46.27,47.83,51.13,62.28,150.8,1,,50.0,0.0,0,NONE
2026-09-18T17:14:27.679+00:00,236.406,routine,Adaptive thermal response carryover,duty,1500,230.0,46.59,inkbird_lowest_internal,,1,68,46.59,47.96,51.23,62.47,152.6,46.39,47.96,51.33,62.67,152.6,1,,50.0,0.0,0,NONE
2026-09-18T17:14:28.678+00:00,237.405,routine,Adaptive thermal response carryover,duty,1500,230.4,46.59,inkbird_lowest_internal,,1,68,46.59,47.96,51.23,62.47,152.6,46.39,47.96,51.33,62.67,152.6,1,,50.0,0.0,0,NONE
2026-09-18T17:14:29.678+00:00,238.405,routine,Adaptive thermal response carryover,duty,1500,232.7,46.71,inkbird_lowest_internal,,1,68,46.71,48.09,51.41,62.87,154.4,46.51,48.09,51.51,63.07,154.4,1,,50.0,0.0,0,NONE
2026-09-18T17:14:30.678+00:00,239.405,routine,Adaptive thermal response carryover,duty,1500,233.1,46.82,inkbird_lowest_internal,,1,68,46.82,48.22,51.61,63.27,156.2,46.62,48.22,51.71,63.47,156.2,1,,50.0,0.0,0,NONE
2026-09-18T17:14:31.178+00:00,239.905,routine,Adaptive thermal response carryover,duty,1500,233.6,46.82,inkbird_lowest_internal,,1,68,46.82,48.22,51.61,63.27,156.2,46.62,48.22,51.71,63.47,156.2,1,,50.0,0.0,0,NONE
2026-09-18T17:14:32.178+00:00,240.905,routine,Adaptive thermal response carryover,duty,1500,234.9,46.82,inkbird_lowest_internal,,1,68,46.82,48.22,51.61,63.27,156.2,46.62,48.22,51.71,63.47,156.2,1,,50.0,0.0,0,NONE
2026-09-18T17:14:32.678+00:00,241.405,routine,Adaptive thermal response carryover,duty,1500,235.9,46.93,inkbird_lowest_internal,,1,68,46.93,48.36,51.81,63.66,158.0,46.73,48.36,51.91,63.86,158.0,1,,50.0,0.0,0,NONE
2026-09-18T17:14:33.179+00:00,241.906,routine,Adaptive thermal response carryover,duty,1500,235.9,46.93,inkbird_lowest_internal,,1,68,46.93,48.36,51.81,63.66,158.0,46.73,48.36,51.91,63.86,158.0,1,,50.0,0.0,0,NONE
2026-09-18T17:14:34.178+00:00,242.905,routine,Adaptive thermal response carryover,duty,1500,236.8,46.93,inkbird_lowest_internal,,1,68,46.93,48.36,51.81,63.66,158.0,46.73,48.36,51.91,63.86,158.0,1,,50.0,0.0,0,NONE
2026-09-18T17:14:35.178+00:00,243.905,routine,Adaptive thermal response carryover,duty,1500,238.6,47.04,inkbird_lowest_internal,,1,68,47.04,48.51,52.01,64.06,159.8,46.84,48.51,52.11,64.26,159.8,1,,50.0,0.0,0,NONE
2026-09-18T17:14:36.178+00:00,244.905,routine,Adaptive thermal response carryover,duty,1500,237.6,47.04,inkbird_lowest_internal,,1,68,47.04,48.51,52.01,64.06,159.8,46.84,48.51,52.11,64.26,159.8,1,,50.0,0.0,0,NONE
2026-09-18T17:14:37.178+00:00,245.905,routine,Adaptive thermal response carryover,duty,1500,239.4,47.15,inkbird_lowest_internal,,1,68,47.15,48.65,52.22,64.46,161.6,46.95,48.65,52.32,64.66,161.6,1,,50.0,0.0,0,NONE
2026-09-18T17:14:38.178+00:00,246.905,routine,Adaptive thermal response carryover,duty,1500,240.4,47.15,inkbird_lowest_internal,,1,68,47.15,48.65,52.22,64.46,161.6,46.95,48.65,52.32,64.66,161.6,1,,50.0,0.0,0,NONE
2026-09-18T17:14:38.678+00:00,247.405,routine,Adaptive thermal response carryover,duty,1500,241.3,47.27,inkbird_lowest_internal,,1,68,47.27,48.79,52.41,64.84,163.4,47.07,48.79,52.51,65.04,163.4,1,,50.0,0.0,0,NONE
2026-09-18T17:14:39.678+00:00,248.405,routine,Adaptive thermal response carryover,duty,1500,242.1,47.27,inkbird_lowest_internal,,1,68,47.27,48.79,52.41,64.84,163.4,47.07,48.79,52.51,65.04,163.4,1,,50.0,0.0,0,NONE
2026-09-18T17:14:40.178+00:00,248.905,routine,Adaptive thermal response carryover,duty,1500,243.1,47.27,inkbird_lowest_internal,,1,68,47.27,48.79,52.41,64.84,163.4,47.07,48.79,52.51,65.04,163.4,1,,50.0,0.0,0,NONE
2026-09-18T17:14:41.178+00:00,249.905,routine,Adaptive thermal response carryover,duty,1500,243.5,47.38,inkbird_lowest_internal,,1,68,47.38,48.94,52.61,65.23,165.2,47.18,48.94,52.71,65.43,165.2,1,,50.0,0.0,0,NONE
2026-09-18T17:14:41.678+00:00,250.405,routine,Adaptive thermal response carryover,duty,1500,242.6,47.38,inkbird_lowest_internal,,1,68,47.38,48.94,52.61,65.23,165.2,47.18,48.94,52.71,65.43,165.2,1,,50.0,0.0,0,NONE
2026-09-18T17:14:42.178+00:00,250.905,routine,Adaptive thermal response carryover,duty,1500,243.9,47.38,inkbird_lowest_internal,,1,68,47.38,48.94,52.61,65.23,165.2,47.18,48.94,52.71,65.43,165.2,1,,50.0,0.0,0,NONE
2026-09-18T17:14:43.178+00:00,251.905,routine,Adaptive thermal response carryover,duty,1500,245.3,47.49,inkbird_lowest_internal,,1,68,47.49,49.08,52.81,65.62,167.0,47.29,49.08,52.91,65.82,167.0,1,,50.0,0.0,0,NONE
2026-09-18T17:14:43.678+00:00,252.405,routine,Adaptive thermal response carryover,duty,1500,245.3,47.49,inkbird_lowest_internal,,1,68,47.49,49.08,52.81,65.62,167.0,47.29,49.08,52.91,65.82,167.0,1,,50.0,0.0,0,NONE
2026-09-18T17:14:44.179+00:00,252.906,routine,Adaptive thermal response carryover,duty,1500,245.8,47.49,inkbird_lowest_internal,,1,68,47.49,49.08,52.81,65.62,167.0,47.29,49.08,52.91,65.82,167.0,1,,50.0,0.0,0,NONE
2026-09-18T17:14:45.178+00:00,253.905,routine,Adaptive thermal response carryover,duty,1500,247.6,47.62,inkbird_lowest_internal,,1,68,47.62,49.23,53.02,66.02,168.8,47.42,49.23,53.12,66.22,168.8,1,,50.0,0.0,0,NONE
2026-09-18T17:14:46.178+00:00,254.904,routine,Adaptive thermal response carryover,duty,1500,248.0,47.62,inkbird_lowest_internal,,1,68,47.62,49.23,53.02,66.02,168.8,47.42,49.23,53.12,66.22,168.8,1,,50.0,0.0,0,NONE
2026-09-18T17:14:46.678+00:00,255.405,routine,Adaptive thermal response carryover,duty,1500,248.4,47.62,inkbird_lowest_internal,,1,68,47.62,49.23,53.02,66.02,168.8,47.42,49.23,53.12,66.22,168.8,1,,50.0,0.0,0,NONE
2026-09-18T17:14:47.678+00:00,256.405,routine,Adaptive thermal response carryover,duty,1500,248.9,47.75,inkbird_lowest_internal,,1,68,47.75,49.39,53.23,66.4,170.6,47.55,49.39,53.33,66.6,170.6,1,,50.0,0.0,0,NONE
2026-09-18T17:14:48.678+00:00,257.404,routine,Adaptive thermal response carryover,duty,1500,250.3,47.88,inkbird_lowest_internal,,1,68,47.88,49.53,53.44,66.8,172.4,47.68,49.53,53.54,67.0,172.4,1,,50.0,0.0,0,NONE
2026-09-18T17:14:49.178+00:00,257.905,routine,Adaptive thermal response carryover,duty,1500,251.1,47.88,inkbird_lowest_internal,,1,68,47.88,49.53,53.44,66.8,172.4,47.68,49.53,53.54,67.0,172.4,1,,50.0,0.0,0,NONE
2026-09-18T17:14:49.678+00:00,258.405,routine,Adaptive thermal response carryover,duty,1500,251.1,47.88,inkbird_lowest_internal,,1,68,47.88,49.53,53.44,66.8,172.4,47.68,49.53,53.54,67.0,172.4,1,,50.0,0.0,0,NONE
2026-09-18T17:14:50.678+00:00,259.404,routine,Adaptive thermal response carryover,duty,1500,252.9,48.0,inkbird_lowest_internal,,1,68,48.0,49.67,53.65,67.19,174.2,47.8,49.67,53.75,67.39,174.2,1,,50.0,0.0,0,NONE
2026-09-18T17:14:51.678+00:00,260.404,routine,Adaptive thermal response carryover,duty,1500,253.4,48.0,inkbird_lowest_internal,,1,68,48.0,49.67,53.65,67.19,174.2,47.8,49.67,53.75,67.39,174.2,1,,50.0,0.0,0,NONE
2026-09-18T17:14:52.677+00:00,261.404,routine,Adaptive thermal response carryover,duty,1500,253.4,48.13,inkbird_lowest_internal,,1,68,48.13,49.82,53.85,67.59,176.0,47.93,49.82,53.95,67.79,176.0,1,,50.0,0.0,0,NONE
2026-09-18T17:14:53.178+00:00,261.904,routine,Adaptive thermal response carryover,duty,1500,254.8,48.13,inkbird_lowest_internal,,1,68,48.13,49.82,53.85,67.59,176.0,47.93,49.82,53.95,67.79,176.0,1,,50.0,0.0,0,NONE
2026-09-18T17:14:54.177+00:00,262.904,routine,Adaptive thermal response carryover,duty,1500,255.2,48.13,inkbird_lowest_internal,,1,68,48.13,49.82,53.85,67.59,176.0,47.93,49.82,53.95,67.79,176.0,1,,50.0,0.0,0,NONE
2026-09-18T17:14:55.179+00:00,263.905,routine,Adaptive thermal response carryover,duty,1500,256.5,48.27,inkbird_lowest_internal,,1,68,48.27,49.96,54.06,67.98,177.8,48.07,49.96,54.16,68.18,177.8,1,,50.0,0.0,0,NONE
2026-09-18T17:14:56.177+00:00,264.904,routine,Adaptive thermal response carryover,duty,1500,257.0,48.27,inkbird_lowest_internal,,1,68,48.27,49.96,54.06,67.98,177.8,48.07,49.96,54.16,68.18,177.8,1,,50.0,0.0,0,NONE
2026-09-18T17:14:57.177+00:00,265.904,routine,Adaptive thermal response carryover,duty,1500,258.4,48.41,inkbird_lowest_internal,,1,68,48.41,50.11,54.27,68.36,179.6,48.21,50.11,54.37,68.56,179.6,1,,50.0,0.0,0,NONE
2026-09-18T17:14:58.177+00:00,266.904,routine,Adaptive thermal response carryover,duty,1500,258.4,48.41,inkbird_lowest_internal,,1,68,48.41,50.11,54.27,68.36,179.6,48.21,50.11,54.37,68.56,179.6,1,,50.0,0.0,0,NONE
2026-09-18T17:14:58.677+00:00,267.404,routine,Adaptive thermal response carryover,duty,1500,259.7,48.54,inkbird_lowest_internal,,1,68,48.54,50.28,54.49,68.76,181.4,48.34,50.28,54.59,68.96,181.4,1,,50.0,0.0,0,NONE
2026-09-18T17:14:59.677+00:00,268.404,routine,Adaptive thermal response carryover,duty,1500,259.7,48.54,inkbird_lowest_internal,,1,68,48.54,50.28,54.49,68.76,181.4,48.34,50.28,54.59,68.96,181.4,1,,50.0,0.0,0,NONE
2026-09-18T17:15:00.179+00:00,268.906,routine,Adaptive thermal response carryover,duty,1500,259.7,48.54,inkbird_lowest_internal,,1,68,48.54,50.28,54.49,68.76,181.4,48.34,50.28,54.59,68.96,181.4,1,,50.0,0.0,0,NONE
2026-09-18T17:15:01.177+00:00,269.904,routine,Adaptive thermal response carryover,duty,1500,261.0,48.68,inkbird_lowest_internal,,1,68,48.68,50.44,54.69,69.16,183.2,48.48,50.44,54.79,69.36,183.2,1,,50.0,0.0,0,NONE
2026-09-18T17:15:01.677+00:00,270.404,routine,Adaptive thermal response carryover,duty,1500,262.0,48.68,inkbird_lowest_internal,,1,68,48.68,50.44,54.69,69.16,183.2,48.48,50.44,54.79,69.36,183.2,1,,50.0,0.0,0,NONE
2026-09-18T17:15:02.677+00:00,271.404,routine,Adaptive thermal response carryover,duty,1500,262.9,48.68,inkbird_lowest_internal,,1,68,48.68,50.44,54.69,69.16,183.2,48.48,50.44,54.79,69.36,183.2,1,,50.0,0.0,0,NONE
2026-09-18T17:15:03.677+00:00,272.404,routine,Adaptive thermal response carryover,duty,1500,262.9,48.82,inkbird_lowest_internal,,1,68,48.82,50.6,54.91,69.55,185.0,48.62,50.6,55.01,69.75,185.0,1,,50.0,0.0,0,NONE
2026-09-18T17:15:04.677+00:00,273.404,routine,Adaptive thermal response carryover,duty,1500,263.8,48.82,inkbird_lowest_internal,,1,68,48.82,50.6,54.91,69.55,185.0,48.62,50.6,55.01,69.75,185.0,1,,50.0,0.0,0,NONE
2026-09-18T17:15:05.177+00:00,273.904,routine,Adaptive thermal response carryover,duty,1500,264.6,48.82,inkbird_lowest_internal,,1,68,48.82,50.6,54.91,69.55,185.0,48.62,50.6,55.01,69.75,185.0,1,,50.0,0.0,0,NONE
2026-09-18T17:15:06.177+00:00,274.904,routine,Adaptive thermal response carryover,duty,1500,265.5,48.96,inkbird_lowest_internal,,1,68,48.96,50.76,55.12,69.94,185.0,48.76,50.76,55.22,70.14,185.0,1,,50.0,0.0,0,NONE
2026-09-18T17:15:06.677+00:00,275.404,routine,Adaptive thermal response carryover,duty,1500,266.5,49.1,inkbird_lowest_internal,,1,68,49.1,50.92,55.32,70.32,186.8,48.9,50.92,55.42,70.52,186.8,1,,50.0,0.0,0,NONE
2026-09-18T17:15:07.177+00:00,275.904,routine,Adaptive thermal response carryover,duty,1500,266.5,49.1,inkbird_lowest_internal,,1,68,49.1,50.92,55.32,70.32,186.8,48.9,50.92,55.42,70.52,186.8,1,,50.0,0.0,0,NONE
2026-09-18T17:15:08.177+00:00,276.904,routine,Adaptive thermal response carryover,duty,1500,266.0,49.1,inkbird_lowest_internal,,1,68,49.1,50.92,55.32,70.32,186.8,48.9,50.92,55.42,70.52,186.8,1,,50.0,0.0,0,NONE
2026-09-18T17:15:09.177+00:00,277.904,routine,Adaptive thermal response carryover,duty,1500,266.9,49.25,inkbird_lowest_internal,,1,68,49.25,51.09,55.54,70.72,188.6,49.05,51.09,55.64,70.92,188.6,1,,50.0,0.0,0,NONE
2026-09-18T17:15:09.677+00:00,278.404,routine,Adaptive thermal response carryover,duty,1500,266.9,49.25,inkbird_lowest_internal,,1,68,49.25,51.09,55.54,70.72,188.6,49.05,51.09,55.64,70.92,188.6,1,,50.0,0.0,0,NONE
2026-09-18T17:15:10.678+00:00,279.405,routine,Adaptive thermal response carryover,duty,1500,269.1,49.39,inkbird_lowest_internal,,1,68,49.39,51.26,55.75,71.1,190.4,49.19,51.26,55.85,71.3,190.4,1,,50.0,0.0,0,NONE
2026-09-18T17:15:11.677+00:00,280.404,routine,Adaptive thermal response carryover,duty,1500,270.0,49.39,inkbird_lowest_internal,,1,68,49.39,51.26,55.75,71.1,190.4,49.19,51.26,55.85,71.3,190.4,1,,50.0,0.0,0,NONE
2026-09-18T17:15:12.677+00:00,281.404,routine,Adaptive thermal response carryover,duty,1500,270.0,49.54,inkbird_lowest_internal,,1,68,49.54,51.41,55.98,71.49,192.2,49.34,51.41,56.08,71.69,192.2,1,,50.0,0.0,0,NONE
2026-09-18T17:15:13.177+00:00,281.904,routine,Adaptive thermal response carryover,duty,1500,271.0,49.54,inkbird_lowest_internal,,1,68,49.54,51.41,55.98,71.49,192.2,49.34,51.41,56.08,71.69,192.2,1,,50.0,0.0,0,NONE
2026-09-18T17:15:14.177+00:00,282.904,routine,Adaptive thermal response carryover,duty,1500,271.0,49.54,inkbird_lowest_internal,,1,68,49.54,51.41,55.98,71.49,192.2,49.34,51.41,56.08,71.69,192.2,1,,50.0,0.0,0,NONE
2026-09-18T17:15:15.177+00:00,283.904,routine,Adaptive thermal response carryover,duty,1500,272.8,49.69,inkbird_lowest_internal,,1,68,49.69,51.58,56.19,71.87,194.0,49.49,51.58,56.29,72.07,194.0,1,,50.0,0.0,0,NONE
2026-09-18T17:15:15.677+00:00,284.404,routine,Adaptive thermal response carryover,duty,1500,272.8,49.69,inkbird_lowest_internal,,1,68,49.69,51.58,56.19,71.87,194.0,49.49,51.58,56.29,72.07,194.0,1,,50.0,0.0,0,NONE
2026-09-18T17:15:16.677+00:00,285.404,routine,Adaptive thermal response carryover,duty,1500,273.2,49.85,inkbird_lowest_internal,,1,68,49.85,51.75,56.41,72.26,195.8,49.65,51.75,56.51,72.46,195.8,1,,50.0,0.0,0,NONE
2026-09-18T17:15:17.677+00:00,286.404,routine,Adaptive thermal response carryover,duty,1500,274.5,49.85,inkbird_lowest_internal,,1,68,49.85,51.75,56.41,72.26,195.8,49.65,51.75,56.51,72.46,195.8,1,,50.0,0.0,0,NONE
2026-09-18T17:15:18.177+00:00,286.904,routine,Adaptive thermal response carryover,duty,1500,275.0,49.85,inkbird_lowest_internal,,1,68,49.85,51.75,56.41,72.26,195.8,49.65,51.75,56.51,72.46,195.8,1,,50.0,0.0,0,NONE
2026-09-18T17:15:19.177+00:00,287.904,routine,Adaptive thermal response carryover,duty,1500,276.4,50.01,inkbird_lowest_internal,,1,68,50.01,51.91,56.63,72.65,197.6,49.81,51.91,56.73,72.85,197.6,1,,50.0,0.0,0,NONE
2026-09-18T17:15:20.177+00:00,288.904,routine,Adaptive thermal response carryover,duty,1500,276.4,50.01,inkbird_lowest_internal,,1,68,50.01,51.91,56.63,72.65,197.6,49.81,51.91,56.73,72.85,197.6,1,,50.0,0.0,0,NONE
2026-09-18T17:15:21.178+00:00,289.905,routine,Adaptive thermal response carryover,duty,1500,277.3,50.16,inkbird_lowest_internal,,1,68,50.16,52.08,56.85,73.04,199.4,49.96,52.08,56.95,73.24,199.4,1,,50.0,0.0,0,NONE
2026-09-18T17:15:22.177+00:00,290.903,routine,Adaptive thermal response carryover,duty,1500,276.8,50.16,inkbird_lowest_internal,,1,68,50.16,52.08,56.85,73.04,199.4,49.96,52.08,56.95,73.24,199.4,1,,50.0,0.0,0,NONE
2026-09-18T17:15:22.677+00:00,291.404,routine,Adaptive thermal response carryover,duty,1500,278.6,50.16,inkbird_lowest_internal,,1,68,50.16,52.08,56.85,73.04,199.4,49.96,52.08,56.95,73.24,199.4,1,,50.0,0.0,0,NONE
2026-09-18T17:15:23.677+00:00,292.404,routine,Adaptive thermal response carryover,duty,1500,279.0,50.32,inkbird_lowest_internal,,1,68,50.32,52.24,57.07,73.43,201.2,50.12,52.24,57.17,73.63,201.2,1,,50.0,0.0,0,NONE
2026-09-18T17:15:24.677+00:00,293.404,routine,Adaptive thermal response carryover,duty,1500,279.0,50.48,inkbird_lowest_internal,,1,68,50.48,52.41,57.29,73.81,203.0,50.28,52.41,57.39,74.01,203.0,1,,50.0,0.0,0,NONE
2026-09-18T17:15:25.677+00:00,294.404,routine,Adaptive thermal response carryover,duty,1500,279.0,50.48,inkbird_lowest_internal,,1,68,50.48,52.41,57.29,73.81,203.0,50.28,52.41,57.39,74.01,203.0,1,,50.0,0.0,0,NONE
2026-09-18T17:15:26.676+00:00,295.403,routine,Adaptive thermal response carryover,duty,1500,280.9,50.64,inkbird_lowest_internal,,1,68,50.64,52.59,57.52,74.19,204.8,50.44,52.59,57.62,74.39,204.8,1,,50.0,0.0,0,NONE
2026-09-18T17:15:27.177+00:00,295.903,routine,Adaptive thermal response carryover,duty,1500,281.8,50.64,inkbird_lowest_internal,,1,68,50.64,52.59,57.52,74.19,204.8,50.44,52.59,57.62,74.39,204.8,1,,50.0,0.0,0,NONE
2026-09-18T17:15:28.176+00:00,296.903,routine,Adaptive thermal response carryover,duty,1500,281.8,50.64,inkbird_lowest_internal,,1,68,50.64,52.59,57.52,74.19,204.8,50.44,52.59,57.62,74.39,204.8,1,,50.0,0.0,0,NONE
2026-09-18T17:15:29.177+00:00,297.903,routine,Adaptive thermal response carryover,duty,1500,281.8,50.8,inkbird_lowest_internal,,1,68,50.8,52.76,57.74,74.57,206.6,50.6,52.76,57.84,74.77,206.6,1,,50.0,0.0,0,NONE
2026-09-18T17:15:30.176+00:00,298.903,routine,Adaptive thermal response carryover,duty,1500,283.5,50.8,inkbird_lowest_internal,,1,68,50.8,52.76,57.74,74.57,206.6,50.6,52.76,57.84,74.77,206.6,1,,50.0,0.0,0,NONE
2026-09-18T17:15:30.677+00:00,299.403,routine,Adaptive thermal response carryover,duty,1500,283.5,50.97,inkbird_lowest_internal,,1,68,50.97,52.94,57.95,74.96,206.6,50.77,52.94,58.05,75.16,206.6,1,,50.0,0.0,0,NONE
2026-09-18T17:15:31.324+00:00,300.051,routine,Adaptive thermal response carryover,duty,1500,283.5,50.97,inkbird_lowest_internal,,1,68,50.97,52.94,57.95,74.96,206.6,50.77,52.94,58.05,75.16,206.6,1,,50.0,0.0,0,NONE
2026-09-18T17:15:32.176+00:00,300.903,routine,Adaptive thermal response carryover,duty,1500,284.0,50.97,inkbird_lowest_internal,,1,68,50.97,52.94,57.95,74.96,206.6,50.77,52.94,58.05,75.16,206.6,1,,75.0,0.0,0,NONE
2026-09-18T17:15:32.676+00:00,301.403,routine,Adaptive thermal response carryover,duty,1500,285.4,51.13,inkbird_lowest_internal,,1,68,51.13,53.12,58.17,75.34,208.4,50.93,53.12,58.27,75.54,208.4,1,,75.0,0.0,0,NONE
2026-09-18T17:15:33.676+00:00,302.403,routine,Adaptive thermal response carryover,duty,1500,285.8,51.13,inkbird_lowest_internal,,1,68,51.13,53.12,58.17,75.34,208.4,50.93,53.12,58.27,75.54,208.4,1,,75.0,0.0,0,NONE
2026-09-18T17:15:34.176+00:00,302.903,routine,Adaptive thermal response carryover,duty,1500,285.8,51.13,inkbird_lowest_internal,,1,68,51.13,53.12,58.17,75.34,208.4,50.93,53.12,58.27,75.54,208.4,1,,75.0,0.0,0,NONE
2026-09-18T17:15:35.176+00:00,303.903,routine,Adaptive thermal response carryover,duty,1500,287.1,51.31,inkbird_lowest_internal,,1,68,51.31,53.3,58.39,75.72,210.2,51.11,53.3,58.49,75.92,210.2,1,,75.0,0.0,0,NONE
2026-09-18T17:15:36.176+00:00,304.903,routine,Adaptive thermal response carryover,duty,1500,289.0,51.31,inkbird_lowest_internal,,1,68,51.31,53.3,58.39,75.72,210.2,51.11,53.3,58.49,75.92,210.2,1,,75.0,0.0,0,NONE
2026-09-18T17:15:36.677+00:00,305.403,routine,Adaptive thermal response carryover,duty,1500,289.0,51.48,inkbird_lowest_internal,,1,68,51.48,53.48,58.63,76.11,212.0,51.28,53.48,58.73,76.31,212.0,1,,75.0,0.0,0,NONE
2026-09-18T17:15:37.177+00:00,305.904,routine,Adaptive thermal response carryover,duty,1500,289.9,51.48,inkbird_lowest_internal,,1,68,51.48,53.48,58.63,76.11,212.0,51.28,53.48,58.73,76.31,212.0,1,,75.0,0.0,0,NONE
2026-09-18T17:15:38.176+00:00,306.903,routine,Adaptive thermal response carryover,duty,1500,291.2,51.48,inkbird_lowest_internal,,1,68,51.48,53.48,58.63,76.11,212.0,51.28,53.48,58.73,76.31,212.0,1,,75.0,0.0,0,NONE
2026-09-18T17:15:39.176+00:00,307.903,routine,Adaptive thermal response carryover,duty,1500,292.1,51.65,inkbird_lowest_internal,,1,68,51.65,53.66,58.85,76.49,213.8,51.45,53.66,58.95,76.69,213.8,1,,75.0,0.0,0,NONE
2026-09-18T17:15:39.676+00:00,308.403,routine,Adaptive thermal response carryover,duty,1500,292.5,51.65,inkbird_lowest_internal,,1,68,51.65,53.66,58.85,76.49,213.8,51.45,53.66,58.95,76.69,213.8,1,,75.0,0.0,0,NONE
2026-09-18T17:15:40.676+00:00,309.403,routine,Adaptive thermal response carryover,duty,1500,293.5,51.65,inkbird_lowest_internal,,1,68,51.65,53.66,58.85,76.49,213.8,51.45,53.66,58.95,76.69,213.8,1,,75.0,0.0,0,NONE
2026-09-18T17:15:41.176+00:00,309.903,routine,Adaptive thermal response carryover,duty,1500,293.9,51.65,inkbird_lowest_internal,,1,68,51.65,53.66,58.85,76.49,213.8,51.45,53.66,58.95,76.69,213.8,1,,75.0,0.0,0,NONE
2026-09-18T17:15:42.176+00:00,310.903,routine,Adaptive thermal response carryover,duty,1500,295.7,51.83,inkbird_lowest_internal,,1,68,51.83,53.85,59.08,76.88,215.6,51.63,53.85,59.18,77.08,215.6,1,,75.0,0.0,0,NONE
2026-09-18T17:15:43.176+00:00,311.903,routine,Adaptive thermal response carryover,duty,1500,297.0,51.83,inkbird_lowest_internal,,1,68,51.83,53.85,59.08,76.88,215.6,51.63,53.85,59.18,77.08,215.6,1,,75.0,0.0,0,NONE
2026-09-18T17:15:44.176+00:00,312.903,routine,Adaptive thermal response carryover,duty,1500,297.5,52.01,inkbird_lowest_internal,,1,68,52.01,54.02,59.31,77.27,217.4,51.81,54.02,59.41,77.47,217.4,1,,75.0,0.0,0,NONE
2026-09-18T17:15:45.176+00:00,313.903,routine,Adaptive thermal response carryover,duty,1500,298.9,52.19,inkbird_lowest_internal,,1,68,52.19,54.2,59.54,77.64,219.2,51.99,54.2,59.64,77.84,219.2,1,,75.0,0.0,0,NONE
2026-09-18T17:15:46.176+00:00,314.903,routine,Adaptive thermal response carryover,duty,1500,300.2,52.19,inkbird_lowest_internal,,1,68,52.19,54.2,59.54,77.64,219.2,51.99,54.2,59.64,77.84,219.2,1,,75.0,0.0,0,NONE
2026-09-18T17:15:46.676+00:00,315.403,routine,Adaptive thermal response carryover,duty,1500,302.0,52.37,inkbird_lowest_internal,,1,68,52.37,54.39,59.77,78.04,221.0,52.17,54.39,59.87,78.24,221.0,1,,75.0,0.0,0,NONE
2026-09-18T17:15:47.677+00:00,316.404,routine,Adaptive thermal response carryover,duty,1500,302.0,52.37,inkbird_lowest_internal,,1,68,52.37,54.39,59.77,78.04,221.0,52.17,54.39,59.87,78.24,221.0,1,,75.0,0.0,0,NONE
2026-09-18T17:15:48.676+00:00,317.403,routine,Adaptive thermal response carryover,duty,1500,303.4,52.55,inkbird_lowest_internal,,1,68,52.55,54.57,59.99,78.45,222.8,52.35,54.57,60.09,78.65,222.8,1,,75.0,0.0,0,NONE
2026-09-18T17:15:49.676+00:00,318.403,routine,Adaptive thermal response carryover,duty,1500,304.7,52.55,inkbird_lowest_internal,,1,68,52.55,54.57,59.99,78.45,222.8,52.35,54.57,60.09,78.65,222.8,1,,75.0,0.0,0,NONE
2026-09-18T17:15:50.176+00:00,318.903,routine,Adaptive thermal response carryover,duty,1500,306.0,52.55,inkbird_lowest_internal,,1,68,52.55,54.57,59.99,78.45,222.8,52.35,54.57,60.09,78.65,222.8,1,,75.0,0.0,0,NONE
2026-09-18T17:15:51.176+00:00,319.903,routine,Adaptive thermal response carryover,duty,1500,306.5,52.73,inkbird_lowest_internal,,1,68,52.73,54.77,60.23,78.85,224.6,52.53,54.77,60.33,79.05,224.6,1,,75.0,0.0,0,NONE
2026-09-18T17:15:51.676+00:00,320.403,routine,Adaptive thermal response carryover,duty,1500,307.4,52.73,inkbird_lowest_internal,,1,68,52.73,54.77,60.23,78.85,224.6,52.53,54.77,60.33,79.05,224.6,1,,75.0,0.0,0,NONE
2026-09-18T17:15:52.676+00:00,321.403,routine,Adaptive thermal response carryover,duty,1500,308.3,52.92,inkbird_lowest_internal,,1,68,52.92,54.96,60.46,79.25,226.4,52.72,54.96,60.56,79.45,226.4,1,,75.0,0.0,0,NONE
2026-09-18T17:15:53.177+00:00,321.904,routine,Adaptive thermal response carryover,duty,1500,308.8,52.92,inkbird_lowest_internal,,1,68,52.92,54.96,60.46,79.25,226.4,52.72,54.96,60.56,79.45,226.4,1,,75.0,0.0,0,NONE
2026-09-18T17:15:54.176+00:00,322.903,routine,Adaptive thermal response carryover,duty,1500,310.5,52.92,inkbird_lowest_internal,,1,68,52.92,54.96,60.46,79.25,226.4,52.72,54.96,60.56,79.45,226.4,1,,75.0,0.0,0,NONE
2026-09-18T17:15:55.176+00:00,323.903,routine,Adaptive thermal response carryover,duty,1500,311.5,53.11,inkbird_lowest_internal,,1,68,53.11,55.15,60.71,79.66,228.2,52.91,55.15,60.81,79.86,228.2,1,,75.0,0.0,0,NONE
2026-09-18T17:15:56.176+00:00,324.903,routine,Adaptive thermal response carryover,duty,1500,313.7,53.11,inkbird_lowest_internal,,1,68,53.11,55.15,60.71,79.66,228.2,52.91,55.15,60.81,79.86,228.2,1,,75.0,0.0,0,NONE
2026-09-18T17:15:57.176+00:00,325.903,routine,Adaptive thermal response carryover,duty,1500,313.7,53.11,inkbird_lowest_internal,,1,68,53.11,55.15,60.71,79.66,228.2,52.91,55.15,60.81,79.86,228.2,1,,75.0,0.0,0,NONE
2026-09-18T17:15:58.176+00:00,326.903,routine,Adaptive thermal response carryover,duty,1500,316.0,53.3,inkbird_lowest_internal,,1,68,53.3,55.34,60.95,80.07,230.0,53.1,55.34,61.05,80.27,230.0,1,,75.0,0.0,0,NONE
2026-09-18T17:15:58.677+00:00,327.404,routine,Adaptive thermal response carryover,duty,1500,316.0,53.49,inkbird_lowest_internal,,1,68,53.49,55.53,61.18,80.49,231.8,53.29,55.53,61.28,80.69,231.8,1,,75.0,0.0,0,NONE
2026-09-18T17:15:59.680+00:00,328.406,routine,Adaptive thermal response carryover,duty,1500,317.3,53.49,inkbird_lowest_internal,,1,68,53.49,55.53,61.18,80.49,231.8,53.29,55.53,61.28,80.69,231.8,1,,75.0,0.0,0,NONE
2026-09-18T17:16:00.676+00:00,329.403,routine,Adaptive thermal response carryover,duty,1500,318.6,53.69,inkbird_lowest_internal,,1,68,53.69,55.73,61.42,80.91,233.6,53.49,55.73,61.52,81.11,233.6,1,,75.0,0.0,0,NONE
2026-09-18T17:16:01.676+00:00,330.403,routine,Adaptive thermal response carryover,duty,1500,319.1,53.69,inkbird_lowest_internal,,1,68,53.69,55.73,61.42,80.91,233.6,53.49,55.73,61.52,81.11,233.6,1,,75.0,0.0,0,NONE
2026-09-18T17:16:02.176+00:00,330.903,routine,Adaptive thermal response carryover,duty,1500,320.9,53.69,inkbird_lowest_internal,,1,68,53.69,55.73,61.42,80.91,233.6,53.49,55.73,61.52,81.11,233.6,1,,75.0,0.0,0,NONE
2026-09-18T17:16:02.677+00:00,331.404,routine,Adaptive thermal response carryover,duty,1500,321.8,53.88,inkbird_lowest_internal,,1,68,53.88,55.93,61.66,81.34,235.4,53.68,55.93,61.76,81.54,235.4,1,,75.0,0.0,0,NONE
2026-09-18T17:16:03.676+00:00,332.403,routine,Adaptive thermal response carryover,duty,1500,322.3,53.88,inkbird_lowest_internal,,1,68,53.88,55.93,61.66,81.34,235.4,53.68,55.93,61.76,81.54,235.4,1,,75.0,0.0,0,NONE
2026-09-18T17:16:04.676+00:00,333.403,routine,Adaptive thermal response carryover,duty,1500,323.6,54.07,inkbird_lowest_internal,,1,68,54.07,56.13,61.91,81.78,251.6,53.87,56.13,62.01,81.98,251.6,1,,75.0,0.0,0,NONE
2026-09-18T17:16:05.676+00:00,334.403,routine,Adaptive thermal response carryover,duty,1500,324.0,54.07,inkbird_lowest_internal,,1,68,54.07,56.13,61.91,81.78,251.6,53.87,56.13,62.01,81.98,251.6,1,,75.0,0.0,0,NONE
2026-09-18T17:16:06.676+00:00,335.403,routine,Adaptive thermal response carryover,duty,1500,326.3,54.27,inkbird_lowest_internal,,1,68,54.27,56.33,62.18,82.22,253.4,54.07,56.33,62.28,82.42,253.4,1,,75.0,0.0,0,NONE
2026-09-18T17:16:07.676+00:00,336.402,routine,Adaptive thermal response carryover,duty,1500,328.1,54.27,inkbird_lowest_internal,,1,68,54.27,56.33,62.18,82.22,253.4,54.07,56.33,62.28,82.42,253.4,1,,75.0,0.0,0,NONE
2026-09-18T17:16:08.675+00:00,337.402,routine,Adaptive thermal response carryover,duty,1500,327.6,54.47,inkbird_lowest_internal,,1,68,54.47,56.54,62.44,82.67,253.4,54.27,56.54,62.54,82.87,253.4,1,,75.0,0.0,0,NONE
2026-09-18T17:16:09.176+00:00,337.903,routine,Adaptive thermal response carryover,duty,1500,329.5,54.47,inkbird_lowest_internal,,1,68,54.47,56.54,62.44,82.67,253.4,54.27,56.54,62.54,82.87,253.4,1,,75.0,0.0,0,NONE
2026-09-18T17:16:10.175+00:00,338.902,routine,Adaptive thermal response carryover,duty,1500,330.8,54.47,inkbird_lowest_internal,,1,68,54.47,56.54,62.44,82.67,253.4,54.27,56.54,62.54,82.87,253.4,1,,75.0,0.0,0,NONE
2026-09-18T17:16:10.675+00:00,339.402,routine,Adaptive thermal response carryover,duty,1500,331.7,54.67,inkbird_lowest_internal,,1,68,54.67,56.75,62.7,83.11,255.2,54.47,56.75,62.8,83.31,255.2,1,,75.0,0.0,0,NONE
2026-09-18T17:16:11.675+00:00,340.402,routine,Adaptive thermal response carryover,duty,1500,333.0,54.67,inkbird_lowest_internal,,1,68,54.67,56.75,62.7,83.11,255.2,54.47,56.75,62.8,83.31,255.2,1,,75.0,0.0,0,NONE
2026-09-18T17:16:12.675+00:00,341.402,routine,Adaptive thermal response carryover,duty,1500,333.5,54.87,inkbird_lowest_internal,,1,68,54.87,56.96,62.96,83.57,257.0,54.67,56.96,63.06,83.77,257.0,1,,75.0,0.0,0,NONE
2026-09-18T17:16:13.175+00:00,341.902,routine,Adaptive thermal response carryover,duty,1500,334.9,54.87,inkbird_lowest_internal,,1,68,54.87,56.96,62.96,83.57,257.0,54.67,56.96,63.06,83.77,257.0,1,,75.0,0.0,0,NONE
2026-09-18T17:16:14.175+00:00,342.902,routine,Adaptive thermal response carryover,duty,1500,335.3,54.87,inkbird_lowest_internal,,1,68,54.87,56.96,62.96,83.57,257.0,54.67,56.96,63.06,83.77,257.0,1,,75.0,0.0,0,NONE
2026-09-18T17:16:14.675+00:00,343.402,routine,Adaptive thermal response carryover,duty,1500,335.8,55.07,inkbird_lowest_internal,,1,68,55.07,57.17,63.23,84.03,258.8,54.87,57.17,63.33,84.23,258.8,1,,75.0,0.0,0,NONE
2026-09-18T17:16:15.675+00:00,344.402,routine,Adaptive thermal response carryover,duty,1500,337.5,55.07,inkbird_lowest_internal,,1,68,55.07,57.17,63.23,84.03,258.8,54.87,57.17,63.33,84.23,258.8,1,,75.0,0.0,0,NONE
2026-09-18T17:16:16.675+00:00,345.402,routine,Adaptive thermal response carryover,duty,1500,338.9,55.07,inkbird_lowest_internal,,1,68,55.07,57.17,63.23,84.03,258.8,54.87,57.17,63.33,84.23,258.8,1,,75.0,0.0,0,NONE
2026-09-18T17:16:17.675+00:00,346.402,routine,Adaptive thermal response carryover,duty,1500,339.8,55.28,inkbird_lowest_internal,,1,68,55.28,57.37,63.48,84.49,260.6,55.08,57.37,63.58,84.69,260.6,1,,75.0,0.0,0,NONE
2026-09-18T17:16:18.175+00:00,346.902,routine,Adaptive thermal response carryover,duty,1500,340.7,55.28,inkbird_lowest_internal,,1,68,55.28,57.37,63.48,84.49,260.6,55.08,57.37,63.58,84.69,260.6,1,,75.0,0.0,0,NONE
2026-09-18T17:16:18.675+00:00,347.402,routine,Adaptive thermal response carryover,duty,1500,341.6,55.28,inkbird_lowest_internal,,1,68,55.28,57.37,63.48,84.49,260.6,55.08,57.37,63.58,84.69,260.6,1,,75.0,0.0,0,NONE
2026-09-18T17:16:19.676+00:00,348.403,routine,Adaptive thermal response carryover,duty,1500,342.5,55.48,inkbird_lowest_internal,,1,68,55.48,57.58,63.76,84.96,262.4,55.28,57.58,63.86,85.16,262.4,1,,75.0,0.0,0,NONE
2026-09-18T17:16:20.675+00:00,349.402,routine,Adaptive thermal response carryover,duty,1500,343.4,55.69,inkbird_lowest_internal,,1,68,55.69,57.8,64.02,85.42,264.2,55.49,57.8,64.12,85.62,264.2,1,,75.0,0.0,0,NONE
2026-09-18T17:16:21.675+00:00,350.402,routine,Adaptive thermal response carryover,duty,1500,344.3,55.69,inkbird_lowest_internal,,1,68,55.69,57.8,64.02,85.42,264.2,55.49,57.8,64.12,85.62,264.2,1,,75.0,0.0,0,NONE
2026-09-18T17:16:22.675+00:00,351.402,routine,Adaptive thermal response carryover,duty,1500,345.6,55.9,inkbird_lowest_internal,,1,68,55.9,58.02,64.3,85.9,266.0,55.7,58.02,64.4,86.1,266.0,1,,75.0,0.0,0,NONE
2026-09-18T17:16:23.675+00:00,352.402,routine,Adaptive thermal response carryover,duty,1500,346.5,55.9,inkbird_lowest_internal,,1,68,55.9,58.02,64.3,85.9,266.0,55.7,58.02,64.4,86.1,266.0,1,,75.0,0.0,0,NONE
2026-09-18T17:16:24.675+00:00,353.402,routine,Adaptive thermal response carryover,duty,1500,348.4,56.11,inkbird_lowest_internal,,1,68,56.11,58.23,64.58,86.4,267.8,55.91,58.23,64.68,86.6,267.8,1,,75.0,0.0,0,NONE
2026-09-18T17:16:25.675+00:00,354.402,routine,Adaptive thermal response carryover,duty,1500,348.8,56.11,inkbird_lowest_internal,,1,68,56.11,58.23,64.58,86.4,267.8,55.91,58.23,64.68,86.6,267.8,1,,75.0,0.0,0,NONE
2026-09-18T17:16:26.675+00:00,355.402,routine,Adaptive thermal response carryover,duty,1500,351.0,56.33,inkbird_lowest_internal,,1,68,56.33,58.47,64.85,86.84,269.6,56.13,58.47,64.95,87.04,269.6,1,,75.0,0.0,0,NONE
2026-09-18T17:16:27.675+00:00,356.402,routine,Adaptive thermal response carryover,duty,1500,352.0,56.33,inkbird_lowest_internal,,1,68,56.33,58.47,64.85,86.84,269.6,56.13,58.47,64.95,87.04,269.6,1,,75.0,0.0,0,NONE
2026-09-18T17:16:28.675+00:00,357.402,routine,Adaptive thermal response carryover,duty,1500,352.4,56.54,inkbird_lowest_internal,,1,68,56.54,58.69,65.14,87.31,271.4,56.34,58.69,65.24,87.51,271.4,1,,75.0,0.0,0,NONE
2026-09-18T17:16:29.175+00:00,357.902,routine,Adaptive thermal response carryover,duty,1500,353.8,56.54,inkbird_lowest_internal,,1,68,56.54,58.69,65.14,87.31,271.4,56.34,58.69,65.24,87.51,271.4,1,,75.0,0.0,0,NONE
2026-09-18T17:16:30.176+00:00,358.903,routine,Adaptive thermal response carryover,duty,1500,354.2,56.54,inkbird_lowest_internal,,1,68,56.54,58.69,65.14,87.31,271.4,56.34,58.69,65.24,87.51,271.4,1,,75.0,0.0,0,NONE
2026-09-18T17:16:31.175+00:00,359.902,routine,Adaptive thermal response carryover,duty,1500,355.1,56.75,inkbird_lowest_internal,,1,68,56.75,58.92,65.41,87.78,273.2,56.55,58.92,65.51,87.98,273.2,1,,75.0,0.0,0,NONE
2026-09-18T17:16:31.675+00:00,360.402,routine,Adaptive thermal response carryover,duty,1500,355.1,56.75,inkbird_lowest_internal,,1,68,56.75,58.92,65.41,87.78,273.2,56.55,58.92,65.51,87.98,273.2,1,,75.0,0.0,0,NONE
2026-09-18T17:16:32.675+00:00,361.402,routine,Adaptive thermal response carryover,duty,1500,357.4,56.97,inkbird_lowest_internal,,1,68,56.97,59.16,65.69,88.25,275.0,56.77,59.16,65.79,88.45,275.0,1,,75.0,0.0,0,NONE
2026-09-18T17:16:33.675+00:00,362.402,routine,Adaptive thermal response carryover,duty,1500,358.3,56.97,inkbird_lowest_internal,,1,68,56.97,59.16,65.69,88.25,275.0,56.77,59.16,65.79,88.45,275.0,1,,75.0,0.0,0,NONE
2026-09-18T17:16:34.675+00:00,363.402,routine,Adaptive thermal response carryover,duty,1500,360.0,56.97,inkbird_lowest_internal,,1,68,56.97,59.16,65.69,88.25,275.0,56.77,59.16,65.79,88.45,275.0,1,,75.0,0.0,0,NONE
2026-09-18T17:16:35.676+00:00,364.403,routine,Adaptive thermal response carryover,duty,1500,360.0,57.19,inkbird_lowest_internal,,1,68,57.19,59.38,65.99,88.74,276.8,56.99,59.38,66.09,88.94,276.8,1,,75.0,0.0,0,NONE
2026-09-18T17:16:36.675+00:00,365.402,routine,Adaptive thermal response carryover,duty,1500,361.4,57.19,inkbird_lowest_internal,,1,68,57.19,59.38,65.99,88.74,276.8,56.99,59.38,66.09,88.94,276.8,1,,75.0,0.0,0,NONE
2026-09-18T17:16:37.675+00:00,366.402,routine,Adaptive thermal response carryover,duty,1500,362.8,57.41,inkbird_lowest_internal,,1,68,57.41,59.61,66.28,89.23,278.6,57.21,59.61,66.38,89.43,278.6,1,,75.0,0.0,0,NONE
2026-09-18T17:16:38.675+00:00,367.402,routine,Adaptive thermal response carryover,duty,1500,364.5,57.65,inkbird_lowest_internal,,1,68,57.65,59.84,66.57,89.71,280.4,57.45,59.84,66.67,89.91,280.4,1,,75.0,0.0,0,NONE
2026-09-18T17:16:39.675+00:00,368.401,routine,Adaptive thermal response carryover,duty,1500,364.1,57.65,inkbird_lowest_internal,,1,68,57.65,59.84,66.57,89.71,280.4,57.45,59.84,66.67,89.91,280.4,1,,75.0,0.0,0,NONE
2026-09-18T17:16:40.675+00:00,369.402,routine,Adaptive thermal response carryover,duty,1500,366.4,57.87,inkbird_lowest_internal,,1,68,57.87,60.07,66.86,90.21,282.2,57.67,60.07,66.96,90.41,282.2,1,,75.0,0.0,0,NONE
2026-09-18T17:16:41.676+00:00,370.402,routine,Adaptive thermal response carryover,duty,1500,367.3,57.87,inkbird_lowest_internal,,1,68,57.87,60.07,66.86,90.21,282.2,57.67,60.07,66.96,90.41,282.2,1,,75.0,0.0,0,NONE
2026-09-18T17:16:42.674+00:00,371.401,routine,Adaptive thermal response carryover,duty,1500,367.7,58.1,inkbird_lowest_internal,,1,68,58.1,60.31,67.14,90.7,284.0,57.9,60.31,67.24,90.9,284.0,1,,75.0,0.0,0,NONE
2026-09-18T17:16:43.675+00:00,372.401,routine,Adaptive thermal response carryover,duty,1500,370.0,58.1,inkbird_lowest_internal,,1,68,58.1,60.31,67.14,90.7,284.0,57.9,60.31,67.24,90.9,284.0,1,,75.0,0.0,0,NONE
2026-09-18T17:16:44.674+00:00,373.401,routine,Adaptive thermal response carryover,duty,1500,369.0,58.33,inkbird_lowest_internal,,1,68,58.33,60.55,67.44,91.19,285.8,58.13,60.55,67.54,91.39,285.8,1,,75.0,0.0,0,NONE
2026-09-18T17:16:45.175+00:00,373.901,routine,Adaptive thermal response carryover,duty,1500,370.4,58.33,inkbird_lowest_internal,,1,68,58.33,60.55,67.44,91.19,285.8,58.13,60.55,67.54,91.39,285.8,1,,75.0,0.0,0,NONE
2026-09-18T17:16:46.175+00:00,374.901,routine,Adaptive thermal response carryover,duty,1500,372.6,58.33,inkbird_lowest_internal,,1,68,58.33,60.55,67.44,91.19,285.8,58.13,60.55,67.54,91.39,285.8,1,,75.0,0.0,0,NONE
2026-09-18T17:16:47.174+00:00,375.901,routine,Adaptive thermal response carryover,duty,1500,372.2,58.56,inkbird_lowest_internal,,1,68,58.56,60.8,67.73,91.69,287.6,58.36,60.8,67.83,91.89,287.6,1,,75.0,0.0,0,NONE
2026-09-18T17:16:47.675+00:00,376.401,routine,Adaptive thermal response carryover,duty,1500,373.1,58.56,inkbird_lowest_internal,,1,68,58.56,60.8,67.73,91.69,287.6,58.36,60.8,67.83,91.89,287.6,1,,75.0,0.0,0,NONE
2026-09-18T17:16:48.674+00:00,377.401,routine,Adaptive thermal response carryover,duty,1500,374.0,58.56,inkbird_lowest_internal,,1,68,58.56,60.8,67.73,91.69,287.6,58.36,60.8,67.83,91.89,287.6,1,,75.0,0.0,0,NONE
2026-09-18T17:16:49.674+00:00,378.401,routine,Adaptive thermal response carryover,duty,1500,375.8,58.79,inkbird_lowest_internal,,1,68,58.79,61.04,68.04,92.19,289.4,58.59,61.04,68.14,92.39,289.4,1,,75.0,0.0,0,NONE
2026-09-18T17:16:50.674+00:00,379.401,routine,Adaptive thermal response carryover,duty,1500,375.4,58.79,inkbird_lowest_internal,,1,68,58.79,61.04,68.04,92.19,289.4,58.59,61.04,68.14,92.39,289.4,1,,75.0,0.0,0,NONE
2026-09-18T17:16:51.674+00:00,380.401,routine,Adaptive thermal response carryover,duty,1500,377.6,59.02,inkbird_lowest_internal,,1,68,59.02,61.29,68.34,92.69,291.2,58.82,61.29,68.44,92.89,291.2,1,,75.0,0.0,0,NONE
2026-09-18T17:16:52.175+00:00,380.902,routine,Adaptive thermal response carryover,duty,1500,377.6,59.02,inkbird_lowest_internal,,1,68,59.02,61.29,68.34,92.69,291.2,58.82,61.29,68.44,92.89,291.2,1,,75.0,0.0,0,NONE
2026-09-18T17:16:53.174+00:00,381.901,routine,Adaptive thermal response carryover,duty,1500,377.6,59.26,inkbird_lowest_internal,,1,68,59.26,61.53,68.65,93.19,293.0,59.06,61.53,68.75,93.39,293.0,1,,75.0,0.0,0,NONE
2026-09-18T17:16:53.674+00:00,382.401,routine,Adaptive thermal response carryover,duty,1500,379.0,59.26,inkbird_lowest_internal,,1,68,59.26,61.53,68.65,93.19,293.0,59.06,61.53,68.75,93.39,293.0,1,,75.0,0.0,0,NONE
2026-09-18T17:16:54.674+00:00,383.401,routine,Adaptive thermal response carryover,duty,1500,380.3,59.5,inkbird_lowest_internal,,1,68,59.5,61.78,68.95,93.68,294.8,59.3,61.78,69.05,93.88,294.8,1,,75.0,0.0,0,NONE
2026-09-18T17:16:55.174+00:00,383.901,routine,Adaptive thermal response carryover,duty,1500,381.2,59.5,inkbird_lowest_internal,,1,68,59.5,61.78,68.95,93.68,294.8,59.3,61.78,69.05,93.88,294.8,1,,75.0,0.0,0,NONE
2026-09-18T17:16:56.174+00:00,384.901,routine,Adaptive thermal response carryover,duty,1500,381.2,59.5,inkbird_lowest_internal,,1,68,59.5,61.78,68.95,93.68,294.8,59.3,61.78,69.05,93.88,294.8,1,,75.0,0.0,0,NONE
2026-09-18T17:16:56.674+00:00,385.401,routine,Adaptive thermal response carryover,duty,1500,382.1,59.73,inkbird_lowest_internal,,1,68,59.73,62.02,69.24,94.17,296.6,59.53,62.02,69.34,94.37,296.6,1,,75.0,0.0,0,NONE
2026-09-18T17:16:57.674+00:00,386.401,routine,Adaptive thermal response carryover,duty,1500,383.9,59.73,inkbird_lowest_internal,,1,68,59.73,62.02,69.24,94.17,296.6,59.53,62.02,69.34,94.37,296.6,1,,75.0,0.0,0,NONE
2026-09-18T17:16:58.674+00:00,387.401,routine,Adaptive thermal response carryover,duty,1500,383.0,59.98,inkbird_lowest_internal,,1,68,59.98,62.27,69.56,94.67,298.4,59.78,62.27,69.66,94.87,298.4,1,,75.0,0.0,0,NONE
2026-09-18T17:16:59.674+00:00,388.401,routine,Adaptive thermal response carryover,duty,1500,385.3,59.98,inkbird_lowest_internal,,1,68,59.98,62.27,69.56,94.67,298.4,59.78,62.27,69.66,94.87,298.4,1,,75.0,0.0,0,NONE
2026-09-18T17:17:00.674+00:00,389.401,routine,Adaptive thermal response carryover,duty,1500,385.7,60.23,inkbird_lowest_internal,,1,68,60.23,62.53,69.87,95.17,300.2,60.03,62.53,69.97,95.37,300.2,1,,75.0,0.0,0,NONE
2026-09-18T17:17:01.674+00:00,390.401,routine,Adaptive thermal response carryover,duty,1500,387.0,60.23,inkbird_lowest_internal,,1,68,60.23,62.53,69.87,95.17,300.2,60.03,62.53,69.97,95.37,300.2,1,,75.0,0.0,0,NONE
2026-09-18T17:17:02.675+00:00,391.402,routine,Adaptive thermal response carryover,duty,1500,387.0,60.47,inkbird_lowest_internal,,1,68,60.47,62.78,70.19,95.68,303.8,60.27,62.78,70.29,95.88,303.8,1,,75.0,0.0,0,NONE
2026-09-18T17:17:03.674+00:00,392.401,routine,Adaptive thermal response carryover,duty,1500,388.9,60.47,inkbird_lowest_internal,,1,68,60.47,62.78,70.19,95.68,303.8,60.27,62.78,70.29,95.88,303.8,1,,75.0,0.0,0,NONE
2026-09-18T17:17:04.674+00:00,393.401,routine,Adaptive thermal response carryover,duty,1500,389.3,60.47,inkbird_lowest_internal,,1,68,60.47,62.78,70.19,95.68,303.8,60.27,62.78,70.29,95.88,303.8,1,,75.0,0.0,0,NONE
2026-09-18T17:17:05.674+00:00,394.401,routine,Adaptive thermal response carryover,duty,1500,390.6,60.72,inkbird_lowest_internal,,1,68,60.72,63.03,70.49,96.17,305.6,60.52,63.03,70.59,96.37,305.6,1,,75.0,0.0,0,NONE
2026-09-18T17:17:06.674+00:00,395.401,routine,Adaptive thermal response carryover,duty,1500,390.6,60.97,inkbird_lowest_internal,,1,68,60.97,63.28,70.8,96.68,307.4,60.77,63.28,70.9,96.88,307.4,1,,75.0,0.0,0,NONE
2026-09-18T17:17:07.674+00:00,396.401,routine,Adaptive thermal response carryover,duty,1500,392.9,60.97,inkbird_lowest_internal,,1,68,60.97,63.28,70.8,96.68,307.4,60.77,63.28,70.9,96.88,307.4,1,,75.0,0.0,0,NONE
2026-09-18T17:17:08.675+00:00,397.402,routine,Adaptive thermal response carryover,duty,1500,393.8,61.22,inkbird_lowest_internal,,1,68,61.22,63.55,71.12,97.17,309.2,61.02,63.55,71.22,97.37,309.2,1,,75.0,0.0,0,NONE
2026-09-18T17:17:09.674+00:00,398.401,routine,Adaptive thermal response carryover,duty,1500,394.3,61.22,inkbird_lowest_internal,,1,68,61.22,63.55,71.12,97.17,309.2,61.02,63.55,71.22,97.37,309.2,1,,75.0,0.0,0,NONE
2026-09-18T17:17:10.674+00:00,399.401,routine,Adaptive thermal response carryover,duty,1500,395.6,61.47,inkbird_lowest_internal,,1,68,61.47,63.81,71.42,97.67,311.0,61.27,63.81,71.52,97.87,311.0,1,,75.0,0.0,0,NONE
2026-09-18T17:17:11.174+00:00,399.901,routine,Adaptive thermal response carryover,duty,1500,395.1,61.47,inkbird_lowest_internal,,1,68,61.47,63.81,71.42,97.67,311.0,61.27,63.81,71.52,97.87,311.0,1,,75.0,0.0,0,NONE
2026-09-18T17:17:11.674+00:00,400.401,routine,Adaptive thermal response carryover,duty,1500,396.0,61.47,inkbird_lowest_internal,,1,68,61.47,63.81,71.42,97.67,311.0,61.27,63.81,71.52,97.87,311.0,1,,75.0,0.0,0,NONE
2026-09-18T17:17:12.674+00:00,401.401,routine,Adaptive thermal response carryover,duty,1500,397.0,61.73,inkbird_lowest_internal,,1,68,61.73,64.06,71.73,98.17,312.8,61.53,64.06,71.83,98.37,312.8,1,,75.0,0.0,0,NONE
2026-09-18T17:17:13.674+00:00,402.401,routine,Adaptive thermal response carryover,duty,1500,398.3,61.73,inkbird_lowest_internal,,1,68,61.73,64.06,71.73,98.17,312.8,61.53,64.06,71.83,98.37,312.8,1,,75.0,0.0,0,NONE
2026-09-18T17:17:14.174+00:00,402.901,routine,Adaptive thermal response carryover,duty,1500,398.3,61.73,inkbird_lowest_internal,,1,68,61.73,64.06,71.73,98.17,312.8,61.53,64.06,71.83,98.37,312.8,1,,75.0,0.0,0,NONE
2026-09-18T17:17:15.174+00:00,403.900,routine,Adaptive thermal response carryover,duty,1500,398.3,61.98,inkbird_lowest_internal,,1,68,61.98,64.33,72.04,98.67,316.4,61.78,64.33,72.14,98.87,316.4,1,,75.0,0.0,0,NONE
2026-09-18T17:17:15.674+00:00,404.401,routine,Adaptive thermal response carryover,duty,1500,400.1,61.98,inkbird_lowest_internal,,1,68,61.98,64.33,72.04,98.67,316.4,61.78,64.33,72.14,98.87,316.4,1,,75.0,0.0,0,NONE
2026-09-18T17:17:16.674+00:00,405.400,routine,Adaptive thermal response carryover,duty,1500,399.6,62.24,inkbird_lowest_internal,,1,68,62.24,64.58,72.37,99.18,318.2,62.04,64.58,72.47,99.38,318.2,1,,75.0,0.0,0,NONE
2026-09-18T17:17:17.174+00:00,405.900,routine,Adaptive thermal response carryover,duty,1500,401.0,62.24,inkbird_lowest_internal,,1,68,62.24,64.58,72.37,99.18,318.2,62.04,64.58,72.47,99.38,318.2,1,,75.0,0.0,0,NONE
2026-09-18T17:17:17.674+00:00,406.401,routine,Adaptive thermal response carryover,duty,1500,401.5,62.24,inkbird_lowest_internal,,1,68,62.24,64.58,72.37,99.18,318.2,62.04,64.58,72.47,99.38,318.2,1,,75.0,0.0,0,NONE
2026-09-18T17:17:18.174+00:00,406.901,routine,Adaptive thermal response carryover,duty,1500,401.9,62.24,inkbird_lowest_internal,,1,68,62.24,64.58,72.37,99.18,318.2,62.04,64.58,72.47,99.38,318.2,1,,75.0,0.0,0,NONE
2026-09-18T17:17:19.174+00:00,407.900,routine,Adaptive thermal response carryover,duty,1500,402.4,62.5,inkbird_lowest_internal,,1,68,62.5,64.85,72.69,99.67,320.0,62.3,64.85,72.79,99.87,320.0,1,,75.0,0.0,0,NONE
2026-09-18T17:17:19.675+00:00,408.401,routine,Adaptive thermal response carryover,duty,1500,403.3,62.5,inkbird_lowest_internal,,1,68,62.5,64.85,72.69,99.67,320.0,62.3,64.85,72.79,99.87,320.0,1,,75.0,0.0,0,NONE
2026-09-18T17:17:20.673+00:00,409.400,routine,Adaptive thermal response carryover,duty,1500,402.8,62.5,inkbird_lowest_internal,,1,68,62.5,64.85,72.69,99.67,320.0,62.3,64.85,72.79,99.87,320.0,1,,75.0,0.0,0,NONE
2026-09-18T17:17:21.674+00:00,410.400,routine,Adaptive thermal response carryover,duty,1500,404.6,62.76,inkbird_lowest_internal,,1,68,62.76,65.12,73.0,100.17,321.8,62.56,65.12,73.1,100.37,321.8,1,,75.0,0.0,0,NONE
2026-09-18T17:17:22.673+00:00,411.400,routine,Adaptive thermal response carryover,duty,1500,405.0,62.76,inkbird_lowest_internal,,1,68,62.76,65.12,73.0,100.17,321.8,62.56,65.12,73.1,100.37,321.8,1,,75.0,0.0,0,NONE
2026-09-18T17:17:23.173+00:00,411.900,routine,Adaptive thermal response carryover,duty,1500,405.5,62.76,inkbird_lowest_internal,,1,68,62.76,65.12,73.0,100.17,321.8,62.56,65.12,73.1,100.37,321.8,1,,75.0,0.0,0,NONE
2026-09-18T17:17:23.674+00:00,412.400,routine,Adaptive thermal response carryover,duty,1500,406.4,63.03,inkbird_lowest_internal,,1,68,63.03,65.39,73.32,100.68,323.6,62.83,65.39,73.42,100.88,323.6,1,,75.0,0.0,0,NONE
2026-09-18T17:17:24.673+00:00,413.400,routine,Adaptive thermal response carryover,duty,1500,407.3,63.3,inkbird_lowest_internal,,1,68,63.3,65.65,73.65,101.18,325.4,63.1,65.65,73.75,101.38,325.4,1,,75.0,0.0,0,NONE
2026-09-18T17:17:25.674+00:00,414.400,routine,Adaptive thermal response carryover,duty,1500,408.2,63.3,inkbird_lowest_internal,,1,68,63.3,65.65,73.65,101.18,325.4,63.1,65.65,73.75,101.38,325.4,1,,75.0,0.0,0,NONE
2026-09-18T17:17:26.673+00:00,415.400,routine,Adaptive thermal response carryover,duty,1500,408.6,63.57,inkbird_lowest_internal,,1,68,63.57,65.92,73.97,101.68,327.2,63.37,65.92,74.07,101.88,327.2,1,,75.0,0.0,0,NONE
2026-09-18T17:17:27.674+00:00,416.400,routine,Adaptive thermal response carryover,duty,1500,410.5,63.57,inkbird_lowest_internal,,1,68,63.57,65.92,73.97,101.68,327.2,63.37,65.92,74.07,101.88,327.2,1,,75.0,0.0,0,NONE
2026-09-18T17:17:28.673+00:00,417.400,routine,Adaptive thermal response carryover,duty,1500,410.0,63.84,inkbird_lowest_internal,,1,68,63.84,66.18,74.29,102.19,329.0,63.64,66.18,74.39,102.39,329.0,1,,75.0,0.0,0,NONE
2026-09-18T17:17:29.173+00:00,417.900,routine,Adaptive thermal response carryover,duty,1500,411.4,63.84,inkbird_lowest_internal,,1,68,63.84,66.18,74.29,102.19,329.0,63.64,66.18,74.39,102.39,329.0,1,,75.0,0.0,0,NONE
2026-09-18T17:17:30.174+00:00,418.900,routine,Adaptive thermal response carryover,duty,1500,411.8,63.84,inkbird_lowest_internal,,1,68,63.84,66.18,74.29,102.19,329.0,63.64,66.18,74.39,102.39,329.0,1,,75.0,0.0,0,NONE
2026-09-18T17:17:31.173+00:00,419.900,routine,Adaptive thermal response carryover,duty,1500,412.7,64.11,inkbird_lowest_internal,,1,68,64.11,66.45,74.6,102.69,330.8,63.91,66.45,74.7,102.89,330.8,1,,75.0,0.0,0,NONE
2026-09-18T17:17:31.673+00:00,420.400,routine,Adaptive thermal response carryover,duty,1500,413.1,64.11,inkbird_lowest_internal,,1,68,64.11,66.45,74.6,102.69,330.8,63.91,66.45,74.7,102.89,330.8,1,,75.0,0.0,0,NONE
2026-09-18T17:17:32.173+00:00,420.900,routine,Adaptive thermal response carryover,duty,1500,413.6,64.11,inkbird_lowest_internal,,1,68,64.11,66.45,74.6,102.69,330.8,63.91,66.45,74.7,102.89,330.8,1,,75.0,0.0,0,NONE
2026-09-18T17:17:33.173+00:00,421.900,routine,Adaptive thermal response carryover,duty,1500,414.5,64.39,inkbird_lowest_internal,,1,68,64.39,66.73,74.93,103.19,332.6,64.19,66.73,75.03,103.39,332.6,1,,75.0,0.0,0,NONE
2026-09-18T17:17:34.173+00:00,422.900,routine,Adaptive thermal response carryover,duty,1500,414.5,64.39,inkbird_lowest_internal,,1,68,64.39,66.73,74.93,103.19,332.6,64.19,66.73,75.03,103.39,332.6,1,,75.0,0.0,0,NONE
2026-09-18T17:17:35.173+00:00,423.900,routine,Adaptive thermal response carryover,duty,1500,416.3,64.66,inkbird_lowest_internal,,1,68,64.66,66.99,75.26,103.7,334.4,64.46,66.99,75.36,103.9,334.4,1,,75.0,0.0,0,NONE
2026-09-18T17:17:35.674+00:00,424.400,routine,Adaptive thermal response carryover,duty,1500,415.4,64.66,inkbird_lowest_internal,,1,68,64.66,66.99,75.26,103.7,334.4,64.46,66.99,75.36,103.9,334.4,1,,75.0,0.0,0,NONE
2026-09-18T17:17:36.673+00:00,425.400,routine,Adaptive thermal response carryover,duty,1500,416.8,64.66,inkbird_lowest_internal,,1,68,64.66,66.99,75.26,103.7,334.4,64.46,66.99,75.36,103.9,334.4,1,,75.0,0.0,0,NONE
2026-09-18T17:17:37.173+00:00,425.900,routine,Adaptive thermal response carryover,duty,1500,417.6,64.66,inkbird_lowest_internal,,1,68,64.66,66.99,75.26,103.7,334.4,64.46,66.99,75.36,103.9,334.4,1,,75.0,0.0,0,NONE
2026-09-18T17:17:38.173+00:00,426.900,routine,Adaptive thermal response carryover,duty,1500,417.6,64.93,inkbird_lowest_internal,,1,68,64.93,67.27,75.58,104.21,336.2,64.73,67.27,75.68,104.41,336.2,1,,75.0,0.0,0,NONE
2026-09-18T17:17:38.673+00:00,427.400,routine,Adaptive thermal response carryover,duty,1500,418.1,64.93,inkbird_lowest_internal,,1,68,64.93,67.27,75.58,104.21,336.2,64.73,67.27,75.68,104.41,336.2,1,,75.0,0.0,0,NONE
2026-09-18T17:17:39.673+00:00,428.400,routine,Adaptive thermal response carryover,duty,1500,419.5,65.21,inkbird_lowest_internal,,1,68,65.21,67.55,75.91,104.72,338.0,65.01,67.55,76.01,104.92,338.0,1,,75.0,0.0,0,NONE
2026-09-18T17:17:40.674+00:00,429.401,routine,Adaptive thermal response carryover,duty,1500,419.0,65.49,inkbird_lowest_internal,,1,68,65.49,67.83,76.24,105.21,339.8,65.29,67.83,76.34,105.41,339.8,1,,75.0,0.0,0,NONE
2026-09-18T17:17:41.673+00:00,430.400,routine,Adaptive thermal response carryover,duty,1500,421.3,65.49,inkbird_lowest_internal,,1,68,65.49,67.83,76.24,105.21,339.8,65.29,67.83,76.34,105.41,339.8,1,,75.0,0.0,0,NONE
2026-09-18T17:17:42.673+00:00,431.400,routine,Adaptive thermal response carryover,duty,1500,420.4,65.77,inkbird_lowest_internal,,1,68,65.77,68.11,76.56,105.72,341.6,65.57,68.11,76.66,105.92,341.6,1,,75.0,0.0,0,NONE
2026-09-18T17:17:43.673+00:00,432.400,routine,Adaptive thermal response carryover,duty,1500,422.1,65.77,inkbird_lowest_internal,,1,68,65.77,68.11,76.56,105.72,341.6,65.57,68.11,76.66,105.92,341.6,1,,75.0,0.0,0,NONE
2026-09-18T17:17:44.673+00:00,433.400,routine,Adaptive thermal response carryover,duty,1500,423.0,66.05,inkbird_lowest_internal,,1,68,66.05,68.39,76.89,106.23,343.4,65.85,68.39,76.99,106.43,343.4,1,,75.0,0.0,0,NONE
2026-09-18T17:17:45.673+00:00,434.400,routine,Adaptive thermal response carryover,duty,1500,424.0,66.05,inkbird_lowest_internal,,1,68,66.05,68.39,76.89,106.23,343.4,65.85,68.39,76.99,106.43,343.4,1,,75.0,0.0,0,NONE
2026-09-18T17:17:46.673+00:00,435.400,routine,Adaptive thermal response carryover,duty,1500,424.4,66.34,inkbird_lowest_internal,,1,68,66.34,68.67,77.21,106.74,345.2,66.14,68.67,77.31,106.94,345.2,1,,75.0,0.0,0,NONE
2026-09-18T17:17:47.173+00:00,435.900,routine,Adaptive thermal response carryover,duty,1500,424.9,66.34,inkbird_lowest_internal,,1,68,66.34,68.67,77.21,106.74,345.2,66.14,68.67,77.31,106.94,345.2,1,,75.0,0.0,0,NONE
2026-09-18T17:17:48.173+00:00,436.900,routine,Adaptive thermal response carryover,duty,1500,425.8,66.34,inkbird_lowest_internal,,1,68,66.34,68.67,77.21,106.74,345.2,66.14,68.67,77.31,106.94,345.2,1,,75.0,0.0,0,NONE
2026-09-18T17:17:49.173+00:00,437.900,routine,Adaptive thermal response carryover,duty,1500,424.9,66.64,inkbird_lowest_internal,,1,68,66.64,68.95,77.53,107.23,345.2,66.44,68.95,77.63,107.43,345.2,1,,75.0,0.0,0,NONE
2026-09-18T17:17:49.673+00:00,438.400,routine,Adaptive thermal response carryover,duty,1500,426.2,66.64,inkbird_lowest_internal,,1,68,66.64,68.95,77.53,107.23,345.2,66.44,68.95,77.63,107.43,345.2,1,,75.0,0.0,0,NONE
2026-09-18T17:17:50.673+00:00,439.400,routine,Adaptive thermal response carryover,duty,1500,427.1,66.93,inkbird_lowest_internal,,1,68,66.93,69.23,77.87,107.76,347.0,66.73,69.23,77.97,107.96,347.0,1,,75.0,0.0,0,NONE
2026-09-18T17:17:51.173+00:00,439.900,routine,Adaptive thermal response carryover,duty,1500,427.5,66.93,inkbird_lowest_internal,,1,68,66.93,69.23,77.87,107.76,347.0,66.73,69.23,77.97,107.96,347.0,1,,75.0,0.0,0,NONE
2026-09-18T17:17:52.173+00:00,440.899,routine,Adaptive thermal response carryover,duty,1500,427.1,66.93,inkbird_lowest_internal,,1,68,66.93,69.23,77.87,107.76,347.0,66.73,69.23,77.97,107.96,347.0,1,,75.0,0.0,0,NONE
2026-09-18T17:17:53.173+00:00,441.900,routine,Adaptive thermal response carryover,duty,1500,429.4,66.93,inkbird_lowest_internal,,1,68,66.93,69.23,77.87,107.76,347.0,66.73,69.23,77.97,107.96,347.0,1,,75.0,0.0,0,NONE
2026-09-18T17:17:54.173+00:00,442.899,routine,Adaptive thermal response carryover,duty,1500,429.4,67.21,inkbird_lowest_internal,,1,68,67.21,69.51,78.2,108.26,348.8,67.01,69.51,78.3,108.46,348.8,1,,75.0,0.0,0,NONE
2026-09-18T17:17:54.673+00:00,443.400,routine,Adaptive thermal response carryover,duty,1500,430.3,67.21,inkbird_lowest_internal,,1,68,67.21,69.51,78.2,108.26,348.8,67.01,69.51,78.3,108.46,348.8,1,,75.0,0.0,0,NONE
2026-09-18T17:17:55.673+00:00,444.399,routine,Adaptive thermal response carryover,duty,1500,429.8,67.51,inkbird_lowest_internal,,1,68,67.51,69.81,78.53,108.76,350.6,67.31,69.81,78.63,108.96,350.6,1,,75.0,0.0,0,NONE
2026-09-18T17:17:56.173+00:00,444.900,routine,Adaptive thermal response carryover,duty,1500,431.1,67.51,inkbird_lowest_internal,,1,68,67.51,69.81,78.53,108.76,350.6,67.31,69.81,78.63,108.96,350.6,1,,75.0,0.0,0,NONE
2026-09-18T17:17:57.173+00:00,445.899,routine,Adaptive thermal response carryover,duty,1500,431.6,67.8,inkbird_lowest_internal,,1,68,67.8,70.08,78.87,109.26,352.4,67.6,70.08,78.97,109.46,352.4,1,,75.0,0.0,0,NONE
2026-09-18T17:17:57.673+00:00,446.400,routine,Adaptive thermal response carryover,duty,1500,432.5,67.8,inkbird_lowest_internal,,1,68,67.8,70.08,78.87,109.26,352.4,67.6,70.08,78.97,109.46,352.4,1,,75.0,0.0,0,NONE
2026-09-18T17:17:58.173+00:00,446.900,routine,Adaptive thermal response carryover,duty,1500,432.5,67.8,inkbird_lowest_internal,,1,68,67.8,70.08,78.87,109.26,352.4,67.6,70.08,78.97,109.46,352.4,1,,75.0,0.0,0,NONE
2026-09-18T17:17:59.172+00:00,447.899,routine,Adaptive thermal response carryover,duty,1500,432.0,68.1,inkbird_lowest_internal,,1,68,68.1,70.36,79.21,109.77,354.2,67.9,70.36,79.31,109.97,354.2,1,,75.0,0.0,0,NONE
2026-09-18T17:17:59.673+00:00,448.399,routine,Adaptive thermal response carryover,duty,1500,433.0,68.1,inkbird_lowest_internal,,1,68,68.1,70.36,79.21,109.77,354.2,67.9,70.36,79.31,109.97,354.2,1,,75.0,0.0,0,NONE
2026-09-18T17:18:00.672+00:00,449.399,routine,Adaptive thermal response carryover,duty,1500,434.3,68.39,inkbird_lowest_internal,,1,68,68.39,70.66,79.54,110.27,356.0,68.19,70.66,79.64,110.47,356.0,1,,75.0,0.0,0,NONE
2026-09-18T17:18:01.673+00:00,450.400,routine,Adaptive thermal response carryover,duty,1500,435.2,68.39,inkbird_lowest_internal,,1,68,68.39,70.66,79.54,110.27,356.0,68.19,70.66,79.64,110.47,356.0,1,,75.0,0.0,0,NONE
2026-09-18T17:18:02.672+00:00,451.399,routine,Adaptive thermal response carryover,duty,1500,435.2,68.7,inkbird_lowest_internal,,1,68,68.7,70.93,79.86,110.78,357.8,68.5,70.93,79.96,110.98,357.8,1,,75.0,0.0,0,NONE
2026-09-18T17:18:03.172+00:00,451.899,routine,Adaptive thermal response carryover,duty,1500,435.6,68.7,inkbird_lowest_internal,,1,68,68.7,70.93,79.86,110.78,357.8,68.5,70.93,79.96,110.98,357.8,1,,75.0,0.0,0,NONE
2026-09-18T17:18:03.673+00:00,452.399,routine,Adaptive thermal response carryover,duty,1500,436.5,68.7,inkbird_lowest_internal,,1,68,68.7,70.93,79.86,110.78,357.8,68.5,70.93,79.96,110.98,357.8,1,,75.0,0.0,0,NONE
2026-09-18T17:18:04.173+00:00,452.899,routine,Adaptive thermal response carryover,duty,1500,436.5,68.7,inkbird_lowest_internal,,1,68,68.7,70.93,79.86,110.78,357.8,68.5,70.93,79.96,110.98,357.8,1,,75.0,0.0,0,NONE
2026-09-18T17:18:05.172+00:00,453.899,routine,Adaptive thermal response carryover,duty,1500,437.0,69.0,inkbird_lowest_internal,,1,68,69.0,71.22,80.2,111.3,359.6,68.8,71.22,80.3,111.5,359.6,1,,75.0,0.0,0,NONE
2026-09-18T17:18:05.672+00:00,454.399,routine,Adaptive thermal response carryover,duty,1500,437.0,69.0,inkbird_lowest_internal,,1,68,69.0,71.22,80.2,111.3,359.6,68.8,71.22,80.3,111.5,359.6,1,,75.0,0.0,0,NONE
2026-09-18T17:18:06.672+00:00,455.399,routine,Adaptive thermal response carryover,duty,1500,437.5,69.3,inkbird_lowest_internal,,1,68,69.3,71.5,80.54,111.8,361.4,69.1,71.5,80.64,112.0,361.4,1,,75.0,0.0,0,NONE
2026-09-18T17:18:07.173+00:00,455.900,routine,Adaptive thermal response carryover,duty,1500,438.4,69.3,inkbird_lowest_internal,,1,68,69.3,71.5,80.54,111.8,361.4,69.1,71.5,80.64,112.0,361.4,1,,75.0,0.0,0,NONE
2026-09-18T17:18:07.673+00:00,456.400,routine,Adaptive thermal response carryover,duty,1500,438.4,69.3,inkbird_lowest_internal,,1,68,69.3,71.5,80.54,111.8,361.4,69.1,71.5,80.64,112.0,361.4,1,,75.0,0.0,0,NONE
2026-09-18T17:18:08.672+00:00,457.399,routine,Adaptive thermal response carryover,duty,1500,438.8,69.3,inkbird_lowest_internal,,1,68,69.3,71.5,80.54,111.8,361.4,69.1,71.5,80.64,112.0,361.4,1,,75.0,0.0,0,NONE
2026-09-18T17:18:09.172+00:00,457.899,routine,Adaptive thermal response carryover,duty,1500,440.1,69.3,inkbird_lowest_internal,,1,68,69.3,71.5,80.54,111.8,361.4,69.1,71.5,80.64,112.0,361.4,1,,75.0,0.0,0,NONE
2026-09-18T17:18:10.172+00:00,458.899,routine,Adaptive thermal response carryover,duty,1500,440.1,69.6,inkbird_lowest_internal,,1,68,69.6,71.79,80.89,112.31,361.4,69.4,71.79,80.99,112.51,361.4,1,,75.0,0.0,0,NONE
2026-09-18T17:18:11.172+00:00,459.899,routine,Adaptive thermal response carryover,duty,1500,441.5,69.91,inkbird_lowest_internal,,1,68,69.91,72.09,81.21,112.81,363.2,69.71,72.09,81.31,113.01,363.2,1,,75.0,0.0,0,NONE
2026-09-18T17:18:12.172+00:00,460.899,routine,Adaptive thermal response carryover,duty,1500,441.5,69.91,inkbird_lowest_internal,,1,68,69.91,72.09,81.21,112.81,363.2,69.71,72.09,81.31,113.01,363.2,1,,75.0,0.0,0,NONE
2026-09-18T17:18:13.172+00:00,461.899,routine,Adaptive thermal response carryover,duty,1500,441.5,70.22,inkbird_lowest_internal,,1,68,70.22,72.38,81.55,113.33,365.0,70.02,72.38,81.65,113.53,365.0,1,,75.0,0.0,0,NONE
2026-09-18T17:18:13.672+00:00,462.399,routine,Adaptive thermal response carryover,duty,1500,442.9,70.22,inkbird_lowest_internal,,1,68,70.22,72.38,81.55,113.33,365.0,70.02,72.38,81.65,113.53,365.0,1,,75.0,0.0,0,NONE
2026-09-18T17:18:14.672+00:00,463.399,routine,Adaptive thermal response carryover,duty,1500,442.4,70.53,inkbird_lowest_internal,,1,68,70.53,72.67,81.89,113.83,366.8,70.33,72.67,81.99,114.03,366.8,1,,75.0,0.0,0,NONE
2026-09-18T17:18:15.172+00:00,463.899,routine,Adaptive thermal response carryover,duty,1500,443.3,70.53,inkbird_lowest_internal,,1,68,70.53,72.67,81.89,113.83,366.8,70.33,72.67,81.99,114.03,366.8,1,,75.0,0.0,0,NONE
2026-09-18T17:18:15.672+00:00,464.399,routine,Adaptive thermal response carryover,duty,1500,444.2,70.53,inkbird_lowest_internal,,1,68,70.53,72.67,81.89,113.83,366.8,70.33,72.67,81.99,114.03,366.8,1,,75.0,0.0,0,NONE
2026-09-18T17:18:16.672+00:00,465.399,routine,Adaptive thermal response carryover,duty,1500,444.6,70.85,inkbird_lowest_internal,,1,68,70.85,72.96,82.23,114.35,368.6,70.65,72.96,82.33,114.55,368.6,1,,75.0,0.0,0,NONE
2026-09-18T17:18:17.672+00:00,466.399,routine,Adaptive thermal response carryover,duty,1500,445.1,70.85,inkbird_lowest_internal,,1,68,70.85,72.96,82.23,114.35,368.6,70.65,72.96,82.33,114.55,368.6,1,,75.0,0.0,0,NONE
2026-09-18T17:18:18.172+00:00,466.899,routine,Adaptive thermal response carryover,duty,1500,444.6,70.85,inkbird_lowest_internal,,1,68,70.85,72.96,82.23,114.35,368.6,70.65,72.96,82.33,114.55,368.6,1,,75.0,0.0,0,NONE
2026-09-18T17:18:18.673+00:00,467.400,routine,Adaptive thermal response carryover,duty,1500,445.1,71.16,inkbird_lowest_internal,,1,68,71.16,73.25,82.57,114.86,370.4,70.96,73.25,82.67,115.06,370.4,1,,75.0,0.0,0,NONE
2026-09-18T17:18:19.672+00:00,468.399,routine,Adaptive thermal response carryover,duty,1500,446.5,71.16,inkbird_lowest_internal,,1,68,71.16,73.25,82.57,114.86,370.4,70.96,73.25,82.67,115.06,370.4,1,,75.0,0.0,0,NONE
2026-09-18T17:18:20.672+00:00,469.399,routine,Adaptive thermal response carryover,duty,1500,446.5,71.48,inkbird_lowest_internal,,1,68,71.48,73.55,82.91,115.37,370.4,71.28,73.55,83.01,115.57,370.4,1,,75.0,0.0,0,NONE
2026-09-18T17:18:21.172+00:00,469.899,routine,Adaptive thermal response carryover,duty,1500,447.8,71.48,inkbird_lowest_internal,,1,68,71.48,73.55,82.91,115.37,370.4,71.28,73.55,83.01,115.57,370.4,1,,75.0,0.0,0,NONE
2026-09-18T17:18:22.172+00:00,470.899,routine,Adaptive thermal response carryover,duty,1500,448.3,71.48,inkbird_lowest_internal,,1,68,71.48,73.55,82.91,115.37,370.4,71.28,73.55,83.01,115.57,370.4,1,,75.0,0.0,0,NONE
2026-09-18T17:18:23.172+00:00,471.899,routine,Adaptive thermal response carryover,duty,1500,449.1,71.79,inkbird_lowest_internal,,1,68,71.79,73.84,83.25,115.87,372.2,71.59,73.84,83.35,116.07,372.2,1,,75.0,0.0,0,NONE
2026-09-18T17:18:24.173+00:00,472.899,routine,Adaptive thermal response carryover,duty,1500,449.6,71.79,inkbird_lowest_internal,,1,68,71.79,73.84,83.25,115.87,372.2,71.59,73.84,83.35,116.07,372.2,1,,75.0,0.0,0,NONE
2026-09-18T17:18:25.172+00:00,473.899,routine,Adaptive thermal response carryover,duty,1500,449.6,71.79,inkbird_lowest_internal,,1,68,71.79,73.84,83.25,115.87,372.2,71.59,73.84,83.35,116.07,372.2,1,,75.0,0.0,0,NONE
2026-09-18T17:18:25.672+00:00,474.399,routine,Adaptive thermal response carryover,duty,1500,450.0,72.11,inkbird_lowest_internal,,1,68,72.11,74.14,83.59,116.38,374.0,71.91,74.14,83.69,116.58,374.0,1,,75.0,0.0,0,NONE
2026-09-18T17:18:26.672+00:00,475.399,routine,Adaptive thermal response carryover,duty,1500,450.5,72.43,inkbird_lowest_internal,,1,68,72.43,74.45,83.94,116.89,375.8,72.23,74.45,84.04,117.09,375.8,1,,75.0,0.0,0,NONE
2026-09-18T17:18:27.172+00:00,475.899,routine,Adaptive thermal response carryover,duty,1500,451.0,72.43,inkbird_lowest_internal,,1,68,72.43,74.45,83.94,116.89,375.8,72.23,74.45,84.04,117.09,375.8,1,,75.0,0.0,0,NONE
2026-09-18T17:18:27.672+00:00,476.399,routine,Adaptive thermal response carryover,duty,1500,451.0,72.43,inkbird_lowest_internal,,1,68,72.43,74.45,83.94,116.89,375.8,72.23,74.45,84.04,117.09,375.8,1,,75.0,0.0,0,NONE
2026-09-18T17:18:28.172+00:00,476.899,routine,Adaptive thermal response carryover,duty,1500,451.0,72.43,inkbird_lowest_internal,,1,68,72.43,74.45,83.94,116.89,375.8,72.23,74.45,84.04,117.09,375.8,1,,75.0,0.0,0,NONE
2026-09-18T17:18:29.174+00:00,477.901,routine,Adaptive thermal response carryover,duty,1500,451.4,72.75,inkbird_lowest_internal,,1,68,72.75,74.74,84.28,117.39,377.6,72.55,74.74,84.38,117.59,377.6,1,,75.0,0.0,0,NONE
2026-09-18T17:18:30.172+00:00,478.899,routine,Adaptive thermal response carryover,duty,1500,452.8,72.75,inkbird_lowest_internal,,1,68,72.75,74.74,84.28,117.39,377.6,72.55,74.74,84.38,117.59,377.6,1,,75.0,0.0,0,NONE
2026-09-18T17:18:31.172+00:00,479.899,routine,Adaptive thermal response carryover,duty,1500,452.8,73.07,inkbird_lowest_internal,,1,68,73.07,75.04,84.63,117.91,379.4,72.87,75.04,84.73,118.11,379.4,1,,75.0,0.0,0,NONE
2026-09-18T17:18:32.172+00:00,480.899,routine,Adaptive thermal response carryover,duty,1500,453.6,73.07,inkbird_lowest_internal,,1,68,73.07,75.04,84.63,117.91,379.4,72.87,75.04,84.73,118.11,379.4,1,,50.0,0.0,0,NONE
2026-09-18T17:18:33.172+00:00,481.899,routine,Adaptive thermal response carryover,duty,1500,453.6,73.39,inkbird_lowest_internal,,1,68,73.39,75.34,84.98,118.42,379.4,73.19,75.34,85.08,118.62,379.4,1,,50.0,0.0,0,NONE
2026-09-18T17:18:34.172+00:00,482.899,routine,Adaptive thermal response carryover,duty,1500,454.5,73.39,inkbird_lowest_internal,,1,68,73.39,75.34,84.98,118.42,379.4,73.19,75.34,85.08,118.62,379.4,1,,50.0,0.0,0,NONE
2026-09-18T17:18:34.672+00:00,483.399,routine,Adaptive thermal response carryover,duty,1500,454.5,73.71,inkbird_lowest_internal,,1,68,73.71,75.63,85.32,118.93,381.2,73.51,75.63,85.42,119.13,381.2,1,,50.0,0.0,0,NONE
2026-09-18T17:18:35.672+00:00,484.398,routine,Adaptive thermal response carryover,duty,1500,455.0,73.71,inkbird_lowest_internal,,1,68,73.71,75.63,85.32,118.93,381.2,73.51,75.63,85.42,119.13,381.2,1,,50.0,0.0,0,NONE
2026-09-18T17:18:36.172+00:00,484.899,routine,Adaptive thermal response carryover,duty,1500,455.0,73.71,inkbird_lowest_internal,,1,68,73.71,75.63,85.32,118.93,381.2,73.51,75.63,85.42,119.13,381.2,1,,50.0,0.0,0,NONE
2026-09-18T17:18:37.171+00:00,485.898,routine,Adaptive thermal response carryover,duty,1500,455.5,74.03,inkbird_lowest_internal,,1,68,74.03,75.94,85.66,119.44,383.0,73.83,75.94,85.76,119.64,383.0,1,,50.0,0.0,0,NONE
2026-09-18T17:18:37.672+00:00,486.399,routine,Adaptive thermal response carryover,duty,1500,455.0,74.03,inkbird_lowest_internal,,1,68,74.03,75.94,85.66,119.44,383.0,73.83,75.94,85.76,119.64,383.0,1,,50.0,0.0,0,NONE
2026-09-18T17:18:38.672+00:00,487.398,routine,Adaptive thermal response carryover,duty,1500,455.5,74.35,inkbird_lowest_internal,,1,68,74.35,76.24,86.0,119.94,384.8,74.15,76.24,86.1,120.14,384.8,1,,50.0,0.0,0,NONE
2026-09-18T17:18:39.672+00:00,488.398,routine,Adaptive thermal response carryover,duty,1500,455.5,74.35,inkbird_lowest_internal,,1,68,74.35,76.24,86.0,119.94,384.8,74.15,76.24,86.1,120.14,384.8,1,,50.0,0.0,0,NONE
2026-09-18T17:18:40.172+00:00,488.899,routine,Adaptive thermal response carryover,duty,1500,455.5,74.35,inkbird_lowest_internal,,1,68,74.35,76.24,86.0,119.94,384.8,74.15,76.24,86.1,120.14,384.8,1,,50.0,0.0,0,NONE
2026-09-18T17:18:41.171+00:00,489.898,routine,Adaptive thermal response carryover,duty,1500,454.5,74.68,inkbird_lowest_internal,,1,68,74.68,76.54,86.35,120.46,384.8,74.48,76.54,86.45,120.66,384.8,1,,50.0,0.0,0,NONE
2026-09-18T17:18:41.672+00:00,490.398,routine,Adaptive thermal response carryover,duty,1500,455.5,74.68,inkbird_lowest_internal,,1,68,74.68,76.54,86.35,120.46,384.8,74.48,76.54,86.45,120.66,384.8,1,,50.0,0.0,0,NONE
2026-09-18T17:18:42.672+00:00,491.398,routine,Adaptive thermal response carryover,duty,1500,455.0,74.68,inkbird_lowest_internal,,1,68,74.68,76.54,86.35,120.46,384.8,74.48,76.54,86.45,120.66,384.8,1,,50.0,0.0,0,NONE
2026-09-18T17:18:43.671+00:00,492.398,routine,Adaptive thermal response carryover,duty,1500,455.5,75.0,inkbird_lowest_internal,,1,68,75.0,76.84,86.73,120.96,386.6,74.8,76.84,86.83,121.16,386.6,1,,50.0,0.0,0,NONE
2026-09-18T17:18:44.671+00:00,493.398,routine,Adaptive thermal response carryover,duty,1500,455.0,75.0,inkbird_lowest_internal,,1,68,75.0,76.84,86.73,120.96,386.6,74.8,76.84,86.83,121.16,386.6,1,,50.0,0.0,0,NONE
2026-09-18T17:18:45.671+00:00,494.398,routine,Adaptive thermal response carryover,duty,1500,455.5,75.32,inkbird_lowest_internal,,1,68,75.32,77.13,87.03,121.46,388.4,75.12,77.13,87.13,121.66,388.4,1,,50.0,0.0,0,NONE
2026-09-18T17:18:46.671+00:00,495.398,routine,Adaptive thermal response carryover,duty,1500,455.5,75.64,inkbird_lowest_internal,,1,68,75.64,77.45,87.38,121.96,388.4,75.44,77.45,87.48,122.16,388.4,1,,50.0,0.0,0,NONE
2026-09-18T17:18:47.671+00:00,496.398,routine,Adaptive thermal response carryover,duty,1500,455.5,75.64,inkbird_lowest_internal,,1,68,75.64,77.45,87.38,121.96,388.4,75.44,77.45,87.48,122.16,388.4,1,,50.0,0.0,0,NONE
2026-09-18T17:18:48.171+00:00,496.898,routine,Adaptive thermal response carryover,duty,1500,455.0,75.64,inkbird_lowest_internal,,1,68,75.64,77.45,87.38,121.96,388.4,75.44,77.45,87.48,122.16,388.4,1,,50.0,0.0,0,NONE
2026-09-18T17:18:49.171+00:00,497.898,routine,Adaptive thermal response carryover,duty,1500,455.5,75.96,inkbird_lowest_internal,,1,68,75.96,77.76,87.71,122.46,390.2,75.76,77.76,87.81,122.66,390.2,1,,50.0,0.0,0,NONE
2026-09-18T17:18:49.671+00:00,498.398,routine,Adaptive thermal response carryover,duty,1500,455.5,75.96,inkbird_lowest_internal,,1,68,75.96,77.76,87.71,122.46,390.2,75.76,77.76,87.81,122.66,390.2,1,,50.0,0.0,0,NONE
2026-09-18T17:18:50.672+00:00,499.399,routine,Adaptive thermal response carryover,duty,1500,455.5,76.28,inkbird_lowest_internal,,1,68,76.28,78.06,88.05,122.95,390.2,76.08,78.06,88.15,123.15,390.2,1,,50.0,0.0,0,NONE
2026-09-18T17:18:51.671+00:00,500.398,routine,Adaptive thermal response carryover,duty,1500,455.5,76.28,inkbird_lowest_internal,,1,68,76.28,78.06,88.05,122.95,390.2,76.08,78.06,88.15,123.15,390.2,1,,50.0,0.0,0,NONE
2026-09-18T17:18:52.171+00:00,500.898,routine,Adaptive thermal response carryover,duty,1500,455.0,76.28,inkbird_lowest_internal,,1,68,76.28,78.06,88.05,122.95,390.2,76.08,78.06,88.15,123.15,390.2,1,,50.0,0.0,0,NONE
2026-09-18T17:18:53.171+00:00,501.898,routine,Adaptive thermal response carryover,duty,1500,455.0,76.6,inkbird_lowest_internal,,1,68,76.6,78.35,88.38,123.42,392.0,76.4,78.35,88.48,123.62,392.0,1,,50.0,0.0,0,NONE
2026-09-18T17:18:53.671+00:00,502.398,routine,Adaptive thermal response carryover,duty,1500,455.0,76.6,inkbird_lowest_internal,,1,68,76.6,78.35,88.38,123.42,392.0,76.4,78.35,88.48,123.62,392.0,1,,50.0,0.0,0,NONE
2026-09-18T17:18:54.671+00:00,503.398,routine,Adaptive thermal response carryover,duty,1500,455.0,76.92,inkbird_lowest_internal,,1,68,76.92,78.65,88.73,123.9,393.8,76.72,78.65,88.83,124.1,393.8,1,,50.0,0.0,0,NONE
2026-09-18T17:18:55.671+00:00,504.398,routine,Adaptive thermal response carryover,duty,1500,455.0,76.92,inkbird_lowest_internal,,1,68,76.92,78.65,88.73,123.9,393.8,76.72,78.65,88.83,124.1,393.8,1,,50.0,0.0,0,NONE
2026-09-18T17:18:56.172+00:00,504.899,routine,Adaptive thermal response carryover,duty,1500,455.0,76.92,inkbird_lowest_internal,,1,68,76.92,78.65,88.73,123.9,393.8,76.72,78.65,88.83,124.1,393.8,1,,50.0,0.0,0,NONE
2026-09-18T17:18:57.171+00:00,505.898,routine,Adaptive thermal response carryover,duty,1500,454.5,76.92,inkbird_lowest_internal,,1,68,76.92,78.65,88.73,123.9,393.8,76.72,78.65,88.83,124.1,393.8,1,,50.0,0.0,0,NONE
2026-09-18T17:18:58.171+00:00,506.898,routine,Adaptive thermal response carryover,duty,1500,454.5,77.25,inkbird_lowest_internal,,1,68,77.25,78.97,89.08,124.38,393.8,77.05,78.97,89.18,124.58,393.8,1,,50.0,0.0,0,NONE
2026-09-18T17:18:59.171+00:00,507.898,routine,Adaptive thermal response carryover,duty,1500,454.5,77.58,inkbird_lowest_internal,,1,68,77.58,79.28,89.42,124.84,395.6,77.38,79.28,89.52,125.04,395.6,1,,50.0,0.0,0,NONE
2026-09-18T17:19:00.171+00:00,508.898,routine,Adaptive thermal response carryover,duty,1500,453.6,77.58,inkbird_lowest_internal,,1,68,77.58,79.28,89.42,124.84,395.6,77.38,79.28,89.52,125.04,395.6,1,,50.0,0.0,0,NONE
2026-09-18T17:19:01.171+00:00,509.898,routine,Adaptive thermal response carryover,duty,1500,454.1,77.9,inkbird_lowest_internal,,1,68,77.9,79.57,89.75,125.28,395.6,77.7,79.57,89.85,125.48,395.6,1,,50.0,0.0,0,NONE
2026-09-18T17:19:02.171+00:00,510.898,routine,Adaptive thermal response carryover,duty,1500,453.2,77.9,inkbird_lowest_internal,,1,68,77.9,79.57,89.75,125.28,395.6,77.7,79.57,89.85,125.48,395.6,1,,50.0,0.0,0,NONE
2026-09-18T17:19:03.171+00:00,511.898,routine,Adaptive thermal response carryover,duty,1500,453.2,78.23,inkbird_lowest_internal,,1,68,78.23,79.89,90.09,125.74,397.4,78.03,79.89,90.19,125.94,397.4,1,,50.0,0.0,0,NONE
2026-09-18T17:19:04.171+00:00,512.898,routine,Adaptive thermal response carryover,duty,1500,453.6,78.23,inkbird_lowest_internal,,1,68,78.23,79.89,90.09,125.74,397.4,78.03,79.89,90.19,125.94,397.4,1,,50.0,0.0,0,NONE
2026-09-18T17:19:05.171+00:00,513.898,routine,Adaptive thermal response carryover,duty,1500,453.6,78.56,inkbird_lowest_internal,,1,68,78.56,80.18,90.42,126.18,397.4,78.36,80.18,90.52,126.38,397.4,1,,50.0,0.0,0,NONE
2026-09-18T17:19:06.171+00:00,514.898,routine,Adaptive thermal response carryover,duty,1500,453.6,78.56,inkbird_lowest_internal,,1,68,78.56,80.18,90.42,126.18,397.4,78.36,80.18,90.52,126.38,397.4,1,,50.0,0.0,0,NONE
2026-09-18T17:19:06.672+00:00,515.399,routine,Adaptive thermal response carryover,duty,1500,453.6,78.88,inkbird_lowest_internal,,1,68,78.88,80.48,90.75,126.61,399.2,78.68,80.48,90.85,126.81,399.2,1,,50.0,0.0,0,NONE
2026-09-18T17:19:07.172+00:00,515.899,routine,Adaptive thermal response carryover,duty,1500,453.6,78.88,inkbird_lowest_internal,,1,68,78.88,80.48,90.75,126.61,399.2,78.68,80.48,90.85,126.81,399.2,1,,50.0,0.0,0,NONE
2026-09-18T17:19:08.171+00:00,516.898,routine,Adaptive thermal response carryover,duty,1500,453.2,78.88,inkbird_lowest_internal,,1,68,78.88,80.48,90.75,126.61,399.2,78.68,80.48,90.85,126.81,399.2,1,,50.0,0.0,0,NONE
2026-09-18T17:19:09.171+00:00,517.898,routine,Adaptive thermal response carryover,duty,1500,453.2,79.2,inkbird_lowest_internal,,1,68,79.2,80.8,91.07,127.05,399.2,79.0,80.8,91.17,127.25,399.2,1,,50.0,0.0,0,NONE
2026-09-18T17:19:10.171+00:00,518.898,routine,Adaptive thermal response carryover,duty,1500,453.2,79.2,inkbird_lowest_internal,,1,68,79.2,80.8,91.07,127.05,399.2,79.0,80.8,91.17,127.25,399.2,1,,50.0,0.0,0,NONE
2026-09-18T17:19:11.171+00:00,519.897,routine,Adaptive thermal response carryover,duty,1500,452.8,79.52,inkbird_lowest_internal,,1,68,79.52,81.09,91.4,127.47,401.0,79.32,81.09,91.5,127.67,401.0,1,,50.0,0.0,0,NONE
2026-09-18T17:19:12.171+00:00,520.898,routine,Adaptive thermal response carryover,duty,1500,452.8,79.52,inkbird_lowest_internal,,1,68,79.52,81.09,91.4,127.47,401.0,79.32,81.09,91.5,127.67,401.0,1,,50.0,0.0,0,NONE
2026-09-18T17:19:12.671+00:00,521.398,routine,Adaptive thermal response carryover,duty,1500,452.8,79.52,inkbird_lowest_internal,,1,68,79.52,81.09,91.4,127.47,401.0,79.32,81.09,91.5,127.67,401.0,1,,50.0,0.0,0,NONE
2026-09-18T17:19:13.172+00:00,521.898,routine,Adaptive thermal response carryover,duty,1500,451.0,79.52,inkbird_lowest_internal,,1,68,79.52,81.09,91.4,127.47,401.0,79.32,81.09,91.5,127.67,401.0,1,,50.0,0.0,0,NONE
2026-09-18T17:19:14.171+00:00,522.898,routine,Adaptive thermal response carryover,duty,1500,452.8,79.84,inkbird_lowest_internal,,1,68,79.84,81.39,91.73,127.89,401.0,79.64,81.39,91.83,128.09,401.0,1,,50.0,0.0,0,NONE
2026-09-18T17:19:15.171+00:00,523.897,routine,Adaptive thermal response carryover,duty,1500,451.9,79.84,inkbird_lowest_internal,,1,68,79.84,81.39,91.73,127.89,401.0,79.64,81.39,91.83,128.09,401.0,1,,50.0,0.0,0,NONE
2026-09-18T17:19:16.170+00:00,524.897,routine,Adaptive thermal response carryover,duty,1500,451.4,80.17,inkbird_lowest_internal,,1,68,80.17,81.69,92.06,128.31,401.0,79.97,81.69,92.16,128.51,401.0,1,,50.0,0.0,0,NONE
2026-09-18T17:19:16.671+00:00,525.397,routine,Adaptive thermal response carryover,duty,1500,451.4,80.49,inkbird_lowest_internal,,1,68,80.49,82.0,92.38,128.73,401.0,80.29,82.0,92.48,128.93,401.0,1,,50.0,0.0,0,NONE
2026-09-18T17:19:17.671+00:00,526.397,routine,Adaptive thermal response carryover,duty,1500,451.9,80.49,inkbird_lowest_internal,,1,68,80.49,82.0,92.38,128.73,401.0,80.29,82.0,92.48,128.93,401.0,1,,50.0,0.0,0,NONE
2026-09-18T17:19:18.671+00:00,527.397,routine,Adaptive thermal response carryover,duty,1500,451.9,80.81,inkbird_lowest_internal,,1,68,80.81,82.29,92.69,129.14,401.0,80.61,82.29,92.79,129.34,401.0,1,,50.0,0.0,0,NONE
2026-09-18T17:19:19.671+00:00,528.397,routine,Adaptive thermal response carryover,duty,1500,451.4,80.81,inkbird_lowest_internal,,1,68,80.81,82.29,92.69,129.14,401.0,80.61,82.29,92.79,129.34,401.0,1,,50.0,0.0,0,NONE
2026-09-18T17:19:20.670+00:00,529.397,routine,Adaptive thermal response carryover,duty,1500,451.4,81.13,inkbird_lowest_internal,,1,68,81.13,82.58,93.01,129.55,404.6,80.93,82.58,93.11,129.75,404.6,1,,50.0,0.0,0,NONE
2026-09-18T17:19:21.171+00:00,529.897,routine,Adaptive thermal response carryover,duty,1500,451.9,81.13,inkbird_lowest_internal,,1,68,81.13,82.58,93.01,129.55,404.6,80.93,82.58,93.11,129.75,404.6,1,,50.0,0.0,0,NONE
2026-09-18T17:19:22.170+00:00,530.897,routine,Adaptive thermal response carryover,duty,1500,451.4,81.13,inkbird_lowest_internal,,1,68,81.13,82.58,93.01,129.55,404.6,80.93,82.58,93.11,129.75,404.6,1,,50.0,0.0,0,NONE
2026-09-18T17:19:23.170+00:00,531.897,routine,Adaptive thermal response carryover,duty,1500,451.4,81.45,inkbird_lowest_internal,,1,68,81.45,82.89,93.34,129.95,404.6,81.25,82.89,93.44,130.15,404.6,1,,50.0,0.0,0,NONE
2026-09-18T17:19:23.671+00:00,532.398,routine,Adaptive thermal response carryover,duty,1500,451.4,81.45,inkbird_lowest_internal,,1,68,81.45,82.89,93.34,129.95,404.6,81.25,82.89,93.44,130.15,404.6,1,,50.0,0.0,0,NONE
2026-09-18T17:19:24.670+00:00,533.397,routine,Adaptive thermal response carryover,duty,1500,451.0,81.77,inkbird_lowest_internal,,1,68,81.77,83.18,93.66,130.35,406.4,81.57,83.18,93.76,130.55,406.4,1,,50.0,0.0,0,NONE
2026-09-18T17:19:25.170+00:00,533.897,routine,Adaptive thermal response carryover,duty,1500,451.0,81.77,inkbird_lowest_internal,,1,68,81.77,83.18,93.66,130.35,406.4,81.57,83.18,93.76,130.55,406.4,1,,50.0,0.0,0,NONE
2026-09-18T17:19:26.170+00:00,534.897,routine,Adaptive thermal response carryover,duty,1500,450.5,81.77,inkbird_lowest_internal,,1,68,81.77,83.18,93.66,130.35,406.4,81.57,83.18,93.76,130.55,406.4,1,,50.0,0.0,0,NONE
2026-09-18T17:19:26.670+00:00,535.397,routine,Adaptive thermal response carryover,duty,1500,450.5,82.09,inkbird_lowest_internal,,1,68,82.09,83.49,93.97,130.75,406.4,81.89,83.49,94.07,130.95,406.4,1,,50.0,0.0,0,NONE
2026-09-18T17:19:27.670+00:00,536.397,routine,Adaptive thermal response carryover,duty,1500,450.0,82.09,inkbird_lowest_internal,,1,68,82.09,83.49,93.97,130.75,406.4,81.89,83.49,94.07,130.95,406.4,1,,50.0,0.0,0,NONE
2026-09-18T17:19:28.670+00:00,537.397,routine,Adaptive thermal response carryover,duty,1500,450.5,82.42,inkbird_lowest_internal,,1,68,82.42,83.79,94.28,131.14,406.4,82.22,83.79,94.38,131.34,406.4,1,,50.0,0.0,0,NONE
2026-09-18T17:19:29.170+00:00,537.897,routine,Adaptive thermal response carryover,duty,1500,450.5,82.42,inkbird_lowest_internal,,1,68,82.42,83.79,94.28,131.14,406.4,82.22,83.79,94.38,131.34,406.4,1,,50.0,0.0,0,NONE
2026-09-18T17:19:30.170+00:00,538.897,routine,Adaptive thermal response carryover,duty,1500,450.0,82.42,inkbird_lowest_internal,,1,68,82.42,83.79,94.28,131.14,406.4,82.22,83.79,94.38,131.34,406.4,1,,50.0,0.0,0,NONE
2026-09-18T17:19:31.170+00:00,539.897,routine,Adaptive thermal response carryover,duty,1500,449.6,82.42,inkbird_lowest_internal,,1,68,82.42,83.79,94.28,131.14,406.4,82.22,83.79,94.38,131.34,406.4,1,,50.0,0.0,0,NONE
2026-09-18T17:19:32.170+00:00,540.897,routine,Adaptive thermal response carryover,duty,1500,450.0,82.73,inkbird_lowest_internal,,1,68,82.73,84.08,94.6,131.52,406.4,82.53,84.08,94.7,131.72,406.4,1,,50.0,0.0,0,NONE
2026-09-18T17:19:32.670+00:00,541.397,routine,Adaptive thermal response carryover,duty,1500,449.1,82.73,inkbird_lowest_internal,,1,68,82.73,84.08,94.6,131.52,406.4,82.53,84.08,94.7,131.72,406.4,1,,50.0,0.0,0,NONE
2026-09-18T17:19:33.670+00:00,542.397,routine,Adaptive thermal response carryover,duty,1500,450.0,83.05,inkbird_lowest_internal,,1,68,83.05,84.37,94.91,131.9,408.2,82.85,84.37,95.01,132.1,408.2,1,,50.0,0.0,0,NONE
2026-09-18T17:19:34.171+00:00,542.898,routine,Adaptive thermal response carryover,duty,1500,449.6,83.05,inkbird_lowest_internal,,1,68,83.05,84.37,94.91,131.9,408.2,82.85,84.37,95.01,132.1,408.2,1,,50.0,0.0,0,NONE
2026-09-18T17:19:35.170+00:00,543.897,routine,Adaptive thermal response carryover,duty,1500,449.6,83.36,inkbird_lowest_internal,,1,68,83.36,84.67,95.22,132.27,408.2,83.16,84.67,95.32,132.47,408.2,1,,50.0,0.0,0,NONE
2026-09-18T17:19:36.170+00:00,544.897,routine,Adaptive thermal response carryover,duty,1500,449.1,83.36,inkbird_lowest_internal,,1,68,83.36,84.67,95.22,132.27,408.2,83.16,84.67,95.32,132.47,408.2,1,,50.0,0.0,0,NONE
2026-09-18T17:19:37.170+00:00,545.897,routine,Adaptive thermal response carryover,duty,1500,449.6,83.68,inkbird_lowest_internal,,1,68,83.68,84.96,95.53,132.66,410.0,83.48,84.96,95.63,132.86,410.0,1,,50.0,0.0,0,NONE
2026-09-18T17:19:37.670+00:00,546.397,routine,Adaptive thermal response carryover,duty,1500,449.1,83.68,inkbird_lowest_internal,,1,68,83.68,84.96,95.53,132.66,410.0,83.48,84.96,95.63,132.86,410.0,1,,50.0,0.0,0,NONE
2026-09-18T17:19:38.670+00:00,547.397,routine,Adaptive thermal response carryover,duty,1500,448.3,83.99,inkbird_lowest_internal,,1,68,83.99,85.26,95.84,133.03,410.0,83.79,85.26,95.94,133.23,410.0,1,,50.0,0.0,0,NONE
2026-09-18T17:19:39.670+00:00,548.397,routine,Adaptive thermal response carryover,duty,1500,448.7,83.99,inkbird_lowest_internal,,1,68,83.99,85.26,95.84,133.03,410.0,83.79,85.26,95.94,133.23,410.0,1,,50.0,0.0,0,NONE
2026-09-18T17:19:40.670+00:00,549.397,routine,Adaptive thermal response carryover,duty,1500,449.1,84.29,inkbird_lowest_internal,,1,68,84.29,85.54,96.15,133.41,410.0,84.09,85.54,96.25,133.61,410.0,1,,50.0,0.0,0,NONE
2026-09-18T17:19:41.170+00:00,549.897,routine,Adaptive thermal response carryover,duty,1500,449.1,84.29,inkbird_lowest_internal,,1,68,84.29,85.54,96.15,133.41,410.0,84.09,85.54,96.25,133.61,410.0,1,,50.0,0.0,0,NONE
2026-09-18T17:19:42.170+00:00,550.897,routine,Adaptive thermal response carryover,duty,1500,448.7,84.29,inkbird_lowest_internal,,1,68,84.29,85.54,96.15,133.41,410.0,84.09,85.54,96.25,133.61,410.0,1,,50.0,0.0,0,NONE
2026-09-18T17:19:42.670+00:00,551.397,routine,Adaptive thermal response carryover,duty,1500,449.1,84.6,inkbird_lowest_internal,,1,68,84.6,85.83,96.46,133.78,410.0,84.4,85.83,96.56,133.98,410.0,1,,50.0,0.0,0,NONE
2026-09-18T17:19:43.170+00:00,551.897,routine,Adaptive thermal response carryover,duty,1500,449.1,84.6,inkbird_lowest_internal,,1,68,84.6,85.83,96.46,133.78,410.0,84.4,85.83,96.56,133.98,410.0,1,,50.0,0.0,0,NONE
2026-09-18T17:19:44.170+00:00,552.897,routine,Adaptive thermal response carryover,duty,1500,448.3,84.6,inkbird_lowest_internal,,1,68,84.6,85.83,96.46,133.78,410.0,84.4,85.83,96.56,133.98,410.0,1,,50.0,0.0,0,NONE
2026-09-18T17:19:44.670+00:00,553.397,routine,Adaptive thermal response carryover,duty,1500,448.3,84.6,inkbird_lowest_internal,,1,68,84.6,85.83,96.46,133.78,410.0,84.4,85.83,96.56,133.98,410.0,1,,50.0,0.0,0,NONE
2026-09-18T17:19:45.670+00:00,554.397,routine,Adaptive thermal response carryover,duty,1500,447.8,84.91,inkbird_lowest_internal,,1,68,84.91,86.12,96.76,134.15,411.8,84.71,86.12,96.86,134.35,411.8,1,,50.0,0.0,0,NONE
2026-09-18T17:19:46.670+00:00,555.397,routine,Adaptive thermal response carryover,duty,1500,448.3,84.91,inkbird_lowest_internal,,1,68,84.91,86.12,96.76,134.15,411.8,84.71,86.12,96.86,134.35,411.8,1,,50.0,0.0,0,NONE
2026-09-18T17:19:47.670+00:00,556.397,routine,Adaptive thermal response carryover,duty,1500,448.7,85.23,inkbird_lowest_internal,,1,68,85.23,86.41,97.05,134.5,411.8,85.03,86.41,97.15,134.7,411.8,1,,50.0,0.0,0,NONE
2026-09-18T17:19:48.670+00:00,557.396,routine,Adaptive thermal response carryover,duty,1500,448.7,85.54,inkbird_lowest_internal,,1,68,85.54,86.71,97.36,134.87,411.8,85.34,86.71,97.46,135.07,411.8,1,,50.0,0.0,0,NONE
2026-09-18T17:19:49.170+00:00,557.897,routine,Adaptive thermal response carryover,duty,1500,447.4,85.54,inkbird_lowest_internal,,1,68,85.54,86.71,97.36,134.87,411.8,85.34,86.71,97.46,135.07,411.8,1,,50.0,0.0,0,NONE
2026-09-18T17:19:50.170+00:00,558.896,routine,Adaptive thermal response carryover,duty,1500,448.7,85.54,inkbird_lowest_internal,,1,68,85.54,86.71,97.36,134.87,411.8,85.34,86.71,97.46,135.07,411.8,1,,50.0,0.0,0,NONE
2026-09-18T17:19:50.670+00:00,559.397,routine,Adaptive thermal response carryover,duty,1500,448.7,85.84,inkbird_lowest_internal,,1,68,85.84,87.03,97.66,135.23,411.8,85.64,87.03,97.76,135.43,411.8,1,,50.0,0.0,0,NONE
2026-09-18T17:19:51.670+00:00,560.397,routine,Adaptive thermal response carryover,duty,1500,447.8,85.84,inkbird_lowest_internal,,1,68,85.84,87.03,97.66,135.23,411.8,85.64,87.03,97.76,135.43,411.8,1,,50.0,0.0,0,NONE
2026-09-18T17:19:52.670+00:00,561.397,routine,Adaptive thermal response carryover,duty,1500,447.8,86.15,inkbird_lowest_internal,,1,68,86.15,87.27,97.97,135.58,413.6,85.95,87.27,98.07,135.78,413.6,1,,50.0,0.0,0,NONE
2026-09-18T17:19:53.670+00:00,562.397,routine,Adaptive thermal response carryover,duty,1500,447.8,86.15,inkbird_lowest_internal,,1,68,86.15,87.27,97.97,135.58,413.6,85.95,87.27,98.07,135.78,413.6,1,,50.0,0.0,0,NONE
2026-09-18T17:19:54.670+00:00,563.397,routine,Adaptive thermal response carryover,duty,1500,446.9,86.46,inkbird_lowest_internal,,1,68,86.46,87.55,98.26,135.95,413.6,86.26,87.55,98.36,136.15,413.6,1,,50.0,0.0,0,NONE
2026-09-18T17:19:55.171+00:00,563.897,routine,Adaptive thermal response carryover,duty,1500,446.9,86.46,inkbird_lowest_internal,,1,68,86.46,87.55,98.26,135.95,413.6,86.26,87.55,98.36,136.15,413.6,1,,50.0,0.0,0,NONE
2026-09-18T17:19:56.169+00:00,564.896,routine,Adaptive thermal response carryover,duty,1500,447.4,86.46,inkbird_lowest_internal,,1,68,86.46,87.55,98.26,135.95,413.6,86.26,87.55,98.36,136.15,413.6,1,,50.0,0.0,0,NONE
2026-09-18T17:19:57.170+00:00,565.896,routine,Adaptive thermal response carryover,duty,1500,447.8,86.76,inkbird_lowest_internal,,1,68,86.76,87.85,98.56,136.31,413.6,86.56,87.85,98.66,136.51,413.6,1,,50.0,0.0,0,NONE
2026-09-18T17:19:58.169+00:00,566.896,routine,Adaptive thermal response carryover,duty,1500,447.8,86.76,inkbird_lowest_internal,,1,68,86.76,87.85,98.56,136.31,413.6,86.56,87.85,98.66,136.51,413.6,1,,50.0,0.0,0,NONE
2026-09-18T17:19:58.670+00:00,567.396,routine,Adaptive thermal response carryover,duty,1500,447.4,87.06,inkbird_lowest_internal,,1,68,87.06,88.14,98.85,136.66,413.6,86.86,88.14,98.95,136.86,413.6,1,,50.0,0.0,0,NONE
2026-09-18T17:19:59.669+00:00,568.396,routine,Adaptive thermal response carryover,duty,1500,447.4,87.06,inkbird_lowest_internal,,1,68,87.06,88.14,98.85,136.66,413.6,86.86,88.14,98.95,136.86,413.6,1,,50.0,0.0,0,NONE
2026-09-18T17:20:00.669+00:00,569.396,routine,Adaptive thermal response carryover,duty,1500,447.4,87.36,inkbird_lowest_internal,,1,68,87.36,88.41,99.16,137.01,415.4,87.16,88.41,99.26,137.21,415.4,1,,50.0,0.0,0,NONE
2026-09-18T17:20:01.670+00:00,570.396,routine,Adaptive thermal response carryover,duty,1500,446.5,87.36,inkbird_lowest_internal,,1,68,87.36,88.41,99.16,137.01,415.4,87.16,88.41,99.26,137.21,415.4,1,,50.0,0.0,0,NONE
2026-09-18T17:20:02.669+00:00,571.396,routine,Adaptive thermal response carryover,duty,1500,446.9,87.36,inkbird_lowest_internal,,1,68,87.36,88.41,99.16,137.01,415.4,87.16,88.41,99.26,137.21,415.4,1,,50.0,0.0,0,NONE
2026-09-18T17:20:03.169+00:00,571.896,routine,Adaptive thermal response carryover,duty,1500,447.8,87.36,inkbird_lowest_internal,,1,68,87.36,88.41,99.16,137.01,415.4,87.16,88.41,99.26,137.21,415.4,1,,50.0,0.0,0,NONE
2026-09-18T17:20:04.169+00:00,572.896,routine,Adaptive thermal response carryover,duty,1500,446.5,87.67,inkbird_lowest_internal,,1,68,87.67,88.7,99.46,137.36,415.4,87.47,88.7,99.56,137.56,415.4,1,,50.0,0.0,0,NONE
2026-09-18T17:20:05.169+00:00,573.896,routine,Adaptive thermal response carryover,duty,1500,447.4,87.97,inkbird_lowest_internal,,1,68,87.97,88.99,99.74,137.71,415.4,87.77,88.99,99.84,137.91,415.4,1,,50.0,0.0,0,NONE
2026-09-18T17:20:05.669+00:00,574.396,routine,Adaptive thermal response carryover,duty,1500,446.9,87.97,inkbird_lowest_internal,,1,68,87.97,88.99,99.74,137.71,415.4,87.77,88.99,99.84,137.91,415.4,1,,50.0,0.0,0,NONE
2026-09-18T17:20:06.170+00:00,574.897,routine,Adaptive thermal response carryover,duty,1500,446.0,87.97,inkbird_lowest_internal,,1,68,87.97,88.99,99.74,137.71,415.4,87.77,88.99,99.84,137.91,415.4,1,,50.0,0.0,0,NONE
2026-09-18T17:20:07.169+00:00,575.896,routine,Adaptive thermal response carryover,duty,1500,446.9,88.27,inkbird_lowest_internal,,1,68,88.27,89.27,100.05,138.06,415.4,88.07,89.27,100.15,138.26,415.4,1,,50.0,0.0,0,NONE
2026-09-18T17:20:08.169+00:00,576.896,routine,Adaptive thermal response carryover,duty,1500,447.4,88.27,inkbird_lowest_internal,,1,68,88.27,89.27,100.05,138.06,415.4,88.07,89.27,100.15,138.26,415.4,1,,50.0,0.0,0,NONE
2026-09-18T17:20:09.169+00:00,577.896,routine,Adaptive thermal response carryover,duty,1500,446.9,88.57,inkbird_lowest_internal,,1,68,88.57,89.56,100.35,138.41,415.4,88.37,89.56,100.45,138.61,415.4,1,,50.0,0.0,0,NONE
2026-09-18T17:20:10.169+00:00,578.896,routine,Adaptive thermal response carryover,duty,1500,446.5,88.57,inkbird_lowest_internal,,1,68,88.57,89.56,100.35,138.41,415.4,88.37,89.56,100.45,138.61,415.4,1,,50.0,0.0,0,NONE
2026-09-18T17:20:11.169+00:00,579.896,routine,Adaptive thermal response carryover,duty,1500,447.4,88.87,inkbird_lowest_internal,,1,68,88.87,89.84,100.65,138.76,417.2,88.67,89.84,100.75,138.96,417.2,1,,50.0,0.0,0,NONE
2026-09-18T17:20:11.669+00:00,580.396,routine,Adaptive thermal response carryover,duty,1500,447.4,88.87,inkbird_lowest_internal,,1,68,88.87,89.84,100.65,138.76,417.2,88.67,89.84,100.75,138.96,417.2,1,,50.0,0.0,0,NONE
2026-09-18T17:20:12.669+00:00,581.396,routine,Adaptive thermal response carryover,duty,1500,446.9,89.16,inkbird_lowest_internal,,1,68,89.16,90.12,100.95,139.1,417.2,88.96,90.12,101.05,139.3,417.2,1,,50.0,0.0,0,NONE
2026-09-18T17:20:13.169+00:00,581.896,routine,Adaptive thermal response carryover,duty,1500,447.4,89.16,inkbird_lowest_internal,,1,68,89.16,90.12,100.95,139.1,417.2,88.96,90.12,101.05,139.3,417.2,1,,50.0,0.0,0,NONE
2026-09-18T17:20:14.169+00:00,582.896,routine,Adaptive thermal response carryover,duty,1500,446.0,89.16,inkbird_lowest_internal,,1,68,89.16,90.12,100.95,139.1,417.2,88.96,90.12,101.05,139.3,417.2,1,,50.0,0.0,0,NONE
2026-09-18T17:20:15.169+00:00,583.896,routine,Adaptive thermal response carryover,duty,1500,446.9,89.46,inkbird_lowest_internal,,1,68,89.46,90.41,101.24,139.46,417.2,89.26,90.41,101.34,139.66,417.2,1,,50.0,0.0,0,NONE
2026-09-18T17:20:15.669+00:00,584.396,routine,Adaptive thermal response carryover,duty,1500,446.9,89.46,inkbird_lowest_internal,,1,68,89.46,90.41,101.24,139.46,417.2,89.26,90.41,101.34,139.66,417.2,1,,50.0,0.0,0,NONE
2026-09-18T17:20:16.669+00:00,585.396,routine,Adaptive thermal response carryover,duty,1500,446.9,89.46,inkbird_lowest_internal,,1,68,89.46,90.41,101.24,139.46,417.2,89.26,90.41,101.34,139.66,417.2,1,,50.0,0.0,0,NONE
2026-09-18T17:20:17.170+00:00,585.897,routine,Adaptive thermal response carryover,duty,1500,446.9,89.75,inkbird_lowest_internal,,1,68,89.75,90.68,101.53,139.8,417.2,89.55,90.68,101.63,140.0,417.2,1,,50.0,0.0,0,NONE
2026-09-18T17:20:18.169+00:00,586.896,routine,Adaptive thermal response carryover,duty,1500,446.9,89.75,inkbird_lowest_internal,,1,68,89.75,90.68,101.53,139.8,417.2,89.55,90.68,101.63,140.0,417.2,1,,50.0,0.0,0,NONE
2026-09-18T17:20:19.169+00:00,587.896,routine,Adaptive thermal response carryover,duty,1500,446.9,90.04,inkbird_lowest_internal,,1,68,90.04,90.97,101.83,140.15,417.2,89.84,90.97,101.93,140.35,417.2,1,,50.0,0.0,0,NONE
2026-09-18T17:20:20.169+00:00,588.896,routine,Adaptive thermal response carryover,duty,1500,446.9,90.04,inkbird_lowest_internal,,1,68,90.04,90.97,101.83,140.15,417.2,89.84,90.97,101.93,140.35,417.2,1,,50.0,0.0,0,NONE
2026-09-18T17:20:21.169+00:00,589.896,routine,Adaptive thermal response carryover,duty,1500,446.9,90.33,inkbird_lowest_internal,,1,68,90.33,91.26,102.12,140.49,417.2,90.13,91.26,102.22,140.69,417.2,1,,50.0,0.0,0,NONE
2026-09-18T17:20:22.169+00:00,590.896,routine,Adaptive thermal response carryover,duty,1500,446.9,90.33,inkbird_lowest_internal,,1,68,90.33,91.26,102.12,140.49,417.2,90.13,91.26,102.22,140.69,417.2,1,,50.0,0.0,0,NONE
2026-09-18T17:20:22.669+00:00,591.396,routine,Adaptive thermal response carryover,duty,1500,446.9,90.62,inkbird_lowest_internal,,1,68,90.62,91.53,102.41,140.83,419.0,90.42,91.53,102.51,141.03,419.0,1,,50.0,0.0,0,NONE
2026-09-18T17:20:23.669+00:00,592.396,routine,Adaptive thermal response carryover,duty,1500,446.5,90.62,inkbird_lowest_internal,,1,68,90.62,91.53,102.41,140.83,419.0,90.42,91.53,102.51,141.03,419.0,1,,50.0,0.0,0,NONE
2026-09-18T17:20:24.169+00:00,592.896,routine,Adaptive thermal response carryover,duty,1500,446.5,90.62,inkbird_lowest_internal,,1,68,90.62,91.53,102.41,140.83,419.0,90.42,91.53,102.51,141.03,419.0,1,,50.0,0.0,0,NONE
2026-09-18T17:20:25.169+00:00,593.896,routine,Adaptive thermal response carryover,duty,1500,446.5,90.91,inkbird_lowest_internal,,1,68,90.91,91.84,102.71,141.16,419.0,90.71,91.84,102.81,141.36,419.0,1,,50.0,0.0,0,NONE
2026-09-18T17:20:26.169+00:00,594.895,routine,Adaptive thermal response carryover,duty,1500,446.5,90.91,inkbird_lowest_internal,,1,68,90.91,91.84,102.71,141.16,419.0,90.71,91.84,102.81,141.36,419.0,1,,50.0,0.0,0,NONE
2026-09-18T17:20:27.169+00:00,595.896,routine,Adaptive thermal response carryover,duty,1500,446.0,91.21,inkbird_lowest_internal,,1,68,91.21,92.11,103.01,141.49,419.0,91.01,92.11,103.11,141.69,419.0,1,,50.0,0.0,0,NONE
2026-09-18T17:20:28.169+00:00,596.895,routine,Adaptive thermal response carryover,duty,1500,446.9,91.21,inkbird_lowest_internal,,1,68,91.21,92.11,103.01,141.49,419.0,91.01,92.11,103.11,141.69,419.0,1,,50.0,0.0,0,NONE
2026-09-18T17:20:29.169+00:00,597.896,routine,Adaptive thermal response carryover,duty,1500,446.9,91.49,inkbird_lowest_internal,,1,68,91.49,92.39,103.3,141.83,419.0,91.29,92.39,103.4,142.03,419.0,1,,50.0,0.0,0,NONE
2026-09-18T17:20:30.169+00:00,598.895,routine,Adaptive thermal response carryover,duty,1500,447.4,91.49,inkbird_lowest_internal,,1,68,91.49,92.39,103.3,141.83,419.0,91.29,92.39,103.4,142.03,419.0,1,,50.0,0.0,0,NONE
2026-09-18T17:20:31.169+00:00,599.896,routine,Adaptive thermal response carryover,duty,1500,446.9,91.78,inkbird_lowest_internal,,1,68,91.78,92.66,103.58,142.17,419.0,91.58,92.66,103.68,142.37,419.0,1,,50.0,0.0,0,NONE
2026-09-18T17:20:32.168+00:00,600.895,routine,Adaptive thermal response carryover,duty,1500,446.9,91.78,inkbird_lowest_internal,,1,68,91.78,92.66,103.58,142.17,419.0,91.58,92.66,103.68,142.37,419.0,1,,50.0,0.0,0,NONE
2026-09-18T17:20:32.669+00:00,601.396,routine,Adaptive thermal response carryover,duty,1500,446.9,91.78,inkbird_lowest_internal,,1,68,91.78,92.66,103.58,142.17,419.0,91.58,92.66,103.68,142.37,419.0,1,,50.0,0.0,0,NONE
2026-09-18T17:20:33.170+00:00,601.896,routine,Adaptive thermal response carryover,duty,1500,446.9,92.06,inkbird_lowest_internal,,1,68,92.06,92.95,103.88,142.51,419.0,91.86,92.95,103.98,142.71,419.0,1,,50.0,0.0,0,NONE
2026-09-18T17:20:34.168+00:00,602.895,routine,Adaptive thermal response carryover,duty,1500,446.9,92.06,inkbird_lowest_internal,,1,68,92.06,92.95,103.88,142.51,419.0,91.86,92.95,103.98,142.71,419.0,1,,50.0,0.0,0,NONE
2026-09-18T17:20:34.669+00:00,603.395,routine,Adaptive thermal response carryover,duty,1500,446.5,92.35,inkbird_lowest_internal,,1,68,92.35,93.23,104.17,142.85,420.8,92.15,93.23,104.27,143.05,420.8,1,,50.0,0.0,0,NONE
2026-09-18T17:20:35.169+00:00,603.895,routine,Adaptive thermal response carryover,duty,1500,446.9,92.35,inkbird_lowest_internal,,1,68,92.35,93.23,104.17,142.85,420.8,92.15,93.23,104.27,143.05,420.8,1,,50.0,0.0,0,NONE
2026-09-18T17:20:36.169+00:00,604.895,routine,Adaptive thermal response carryover,duty,1500,446.5,92.35,inkbird_lowest_internal,,1,68,92.35,93.23,104.17,142.85,420.8,92.15,93.23,104.27,143.05,420.8,1,,50.0,0.0,0,NONE
2026-09-18T17:20:37.169+00:00,605.895,routine,Adaptive thermal response carryover,duty,1500,446.9,92.64,inkbird_lowest_internal,,1,68,92.64,93.51,104.47,143.19,420.8,92.44,93.51,104.57,143.39,420.8,1,,50.0,0.0,0,NONE
2026-09-18T17:20:38.169+00:00,606.895,routine,Adaptive thermal response carryover,duty,1500,446.5,92.64,inkbird_lowest_internal,,1,68,92.64,93.51,104.47,143.19,420.8,92.44,93.51,104.57,143.39,420.8,1,,50.0,0.0,0,NONE
2026-09-18T17:20:39.168+00:00,607.895,routine,Adaptive thermal response carryover,duty,1500,447.4,92.92,inkbird_lowest_internal,,1,68,92.92,93.78,104.75,143.52,420.8,92.72,93.78,104.85,143.72,420.8,1,,50.0,0.0,0,NONE
2026-09-18T17:20:40.168+00:00,608.895,routine,Adaptive thermal response carryover,duty,1500,446.5,92.92,inkbird_lowest_internal,,1,68,92.92,93.78,104.75,143.52,420.8,92.72,93.78,104.85,143.72,420.8,1,,50.0,0.0,0,NONE
2026-09-18T17:20:40.668+00:00,609.395,routine,Adaptive thermal response carryover,duty,1500,446.5,93.2,inkbird_lowest_internal,,1,68,93.2,94.06,105.05,143.85,420.8,93.0,94.06,105.15,144.05,420.8,1,,50.0,0.0,0,NONE
2026-09-18T17:20:41.668+00:00,610.395,routine,Adaptive thermal response carryover,duty,1500,446.9,93.2,inkbird_lowest_internal,,1,68,93.2,94.06,105.05,143.85,420.8,93.0,94.06,105.15,144.05,420.8,1,,50.0,0.0,0,NONE
2026-09-18T17:20:42.668+00:00,611.395,routine,Adaptive thermal response carryover,duty,1500,446.0,93.48,inkbird_lowest_internal,,1,68,93.48,94.35,105.34,144.18,420.8,93.28,94.35,105.44,144.38,420.8,1,,50.0,0.0,0,NONE
2026-09-18T17:20:43.669+00:00,612.396,routine,Adaptive thermal response carryover,duty,1500,446.9,93.48,inkbird_lowest_internal,,1,68,93.48,94.35,105.34,144.18,420.8,93.28,94.35,105.44,144.38,420.8,1,,50.0,0.0,0,NONE
2026-09-18T17:20:44.668+00:00,613.395,routine,Adaptive thermal response carryover,duty,1500,446.0,93.75,inkbird_lowest_internal,,1,68,93.75,94.62,105.62,144.51,422.6,93.55,94.62,105.72,144.71,422.6,1,,50.0,0.0,0,NONE
2026-09-18T17:20:45.668+00:00,614.395,routine,Adaptive thermal response carryover,duty,1500,447.4,93.75,inkbird_lowest_internal,,1,68,93.75,94.62,105.62,144.51,422.6,93.55,94.62,105.72,144.71,422.6,1,,50.0,0.0,0,NONE
2026-09-18T17:20:46.668+00:00,615.395,routine,Adaptive thermal response carryover,duty,1500,447.4,94.04,inkbird_lowest_internal,,1,68,94.04,94.89,105.91,144.83,422.6,93.84,94.89,106.01,145.03,422.6,1,,50.0,0.0,0,NONE
2026-09-18T17:20:47.168+00:00,615.895,routine,Adaptive thermal response carryover,duty,1500,446.9,94.04,inkbird_lowest_internal,,1,68,94.04,94.89,105.91,144.83,422.6,93.84,94.89,106.01,145.03,422.6,1,,50.0,0.0,0,NONE
2026-09-18T17:20:48.168+00:00,616.895,routine,Adaptive thermal response carryover,duty,1500,447.4,94.04,inkbird_lowest_internal,,1,68,94.04,94.89,105.91,144.83,422.6,93.84,94.89,106.01,145.03,422.6,1,,50.0,0.0,0,NONE
2026-09-18T17:20:48.669+00:00,617.396,routine,Adaptive thermal response carryover,duty,1500,446.9,94.04,inkbird_lowest_internal,,1,68,94.04,94.89,105.91,144.83,422.6,93.84,94.89,106.01,145.03,422.6,1,,50.0,0.0,0,NONE
2026-09-18T17:20:49.668+00:00,618.395,routine,Adaptive thermal response carryover,duty,1500,446.5,94.32,inkbird_lowest_internal,,1,68,94.32,95.17,106.19,145.15,422.6,94.12,95.17,106.29,145.35,422.6,1,,50.0,0.0,0,NONE
2026-09-18T17:20:50.668+00:00,619.395,routine,Adaptive thermal response carryover,duty,1500,446.0,94.32,inkbird_lowest_internal,,1,68,94.32,95.17,106.19,145.15,422.6,94.12,95.17,106.29,145.35,422.6,1,,50.0,0.0,0,NONE
2026-09-18T17:20:51.168+00:00,619.895,routine,Adaptive thermal response carryover,duty,1500,447.4,94.58,inkbird_lowest_internal,,1,68,94.58,95.44,106.47,145.46,422.6,94.38,95.44,106.57,145.66,422.6,1,,50.0,0.0,0,NONE
2026-09-18T17:20:52.168+00:00,620.895,routine,Adaptive thermal response carryover,duty,1500,447.4,94.85,inkbird_lowest_internal,,1,68,94.85,95.73,106.75,145.78,422.6,94.65,95.73,106.85,145.98,422.6,1,,50.0,0.0,0,NONE
2026-09-18T17:20:52.668+00:00,621.395,routine,Adaptive thermal response carryover,duty,1500,446.9,94.85,inkbird_lowest_internal,,1,68,94.85,95.73,106.75,145.78,422.6,94.65,95.73,106.85,145.98,422.6,1,,50.0,0.0,0,NONE
2026-09-18T17:20:53.668+00:00,622.395,routine,Adaptive thermal response carryover,duty,1500,447.4,94.85,inkbird_lowest_internal,,1,68,94.85,95.73,106.75,145.78,422.6,94.65,95.73,106.85,145.98,422.6,1,,50.0,0.0,0,NONE
2026-09-18T17:20:54.668+00:00,623.395,routine,Adaptive thermal response carryover,duty,1500,446.9,95.11,inkbird_lowest_internal,,1,68,95.11,95.99,107.04,146.08,422.6,94.91,95.99,107.14,146.28,422.6,1,,50.0,0.0,0,NONE
2026-09-18T17:20:55.668+00:00,624.395,routine,Adaptive thermal response carryover,duty,1500,447.8,95.11,inkbird_lowest_internal,,1,68,95.11,95.99,107.04,146.08,422.6,94.91,95.99,107.14,146.28,422.6,1,,50.0,0.0,0,NONE
2026-09-18T17:20:56.668+00:00,625.395,routine,Adaptive thermal response carryover,duty,1500,447.4,95.37,inkbird_lowest_internal,,1,68,95.37,96.26,107.33,146.4,422.6,95.17,96.26,107.43,146.6,422.6,1,,50.0,0.0,0,NONE
2026-09-18T17:20:57.168+00:00,625.895,routine,Adaptive thermal response carryover,duty,1500,447.8,95.37,inkbird_lowest_internal,,1,68,95.37,96.26,107.33,146.4,422.6,95.17,96.26,107.43,146.6,422.6,1,,50.0,0.0,0,NONE
2026-09-18T17:20:57.672+00:00,626.399,routine,Adaptive thermal response carryover,duty,1500,447.8,95.37,inkbird_lowest_internal,,1,68,95.37,96.26,107.33,146.4,422.6,95.17,96.26,107.43,146.6,422.6,1,,50.0,0.0,0,NONE
2026-09-18T17:20:58.668+00:00,627.395,routine,Adaptive thermal response carryover,duty,1500,447.4,95.63,inkbird_lowest_internal,,1,68,95.63,96.54,107.61,146.71,422.6,95.43,96.54,107.71,146.91,422.6,1,,50.0,0.0,0,NONE
2026-09-18T17:20:59.169+00:00,627.896,routine,Adaptive thermal response carryover,duty,1500,447.4,95.63,inkbird_lowest_internal,,1,68,95.63,96.54,107.61,146.71,422.6,95.43,96.54,107.71,146.91,422.6,1,,50.0,0.0,0,NONE
2026-09-18T17:21:00.168+00:00,628.895,routine,Adaptive thermal response carryover,duty,1500,447.8,95.89,inkbird_lowest_internal,,1,68,95.89,96.8,107.88,147.01,424.4,95.69,96.8,107.98,147.21,424.4,1,,50.0,0.0,0,NONE
2026-09-18T17:21:00.668+00:00,629.395,routine,Adaptive thermal response carryover,duty,1500,447.4,95.89,inkbird_lowest_internal,,1,68,95.89,96.8,107.88,147.01,424.4,95.69,96.8,107.98,147.21,424.4,1,,50.0,0.0,0,NONE
2026-09-18T17:21:01.168+00:00,629.895,routine,Adaptive thermal response carryover,duty,1500,448.3,95.89,inkbird_lowest_internal,,1,68,95.89,96.8,107.88,147.01,424.4,95.69,96.8,107.98,147.21,424.4,1,,50.0,0.0,0,NONE
2026-09-18T17:21:02.168+00:00,630.895,routine,Adaptive thermal response carryover,duty,1500,448.3,96.16,inkbird_lowest_internal,,1,68,96.16,97.07,108.15,147.32,424.4,95.96,97.07,108.25,147.52,424.4,1,,50.0,0.0,0,NONE
2026-09-18T17:21:02.668+00:00,631.395,routine,Adaptive thermal response carryover,duty,1500,447.8,96.16,inkbird_lowest_internal,,1,68,96.16,97.07,108.15,147.32,424.4,95.96,97.07,108.25,147.52,424.4,1,,50.0,0.0,0,NONE
2026-09-18T17:21:03.668+00:00,632.395,routine,Adaptive thermal response carryover,duty,1500,447.8,96.16,inkbird_lowest_internal,,1,68,96.16,97.07,108.15,147.32,424.4,95.96,97.07,108.25,147.52,424.4,1,,50.0,0.0,0,NONE
2026-09-18T17:21:04.668+00:00,633.395,routine,Adaptive thermal response carryover,duty,1500,447.8,96.16,inkbird_lowest_internal,,1,68,96.16,97.07,108.15,147.32,424.4,95.96,97.07,108.25,147.52,424.4,1,,50.0,0.0,0,NONE
2026-09-18T17:21:05.668+00:00,634.395,routine,Adaptive thermal response carryover,duty,1500,447.8,96.42,inkbird_lowest_internal,,1,68,96.42,97.33,108.43,147.62,424.4,96.22,97.33,108.53,147.82,424.4,1,,50.0,0.0,0,NONE
2026-09-18T17:21:06.668+00:00,635.394,routine,Adaptive thermal response carryover,duty,1500,447.4,96.68,inkbird_lowest_internal,,1,68,96.68,97.61,108.71,147.93,424.4,96.48,97.61,108.81,148.13,424.4,1,,50.0,0.0,0,NONE
2026-09-18T17:21:07.668+00:00,636.395,routine,Adaptive thermal response carryover,duty,1500,448.7,96.68,inkbird_lowest_internal,,1,68,96.68,97.61,108.71,147.93,424.4,96.48,97.61,108.81,148.13,424.4,1,,50.0,0.0,0,NONE
2026-09-18T17:21:08.668+00:00,637.394,routine,Adaptive thermal response carryover,duty,1500,447.8,96.94,inkbird_lowest_internal,,1,68,96.94,97.86,108.97,148.23,424.4,96.74,97.86,109.07,148.43,424.4,1,,50.0,0.0,0,NONE
2026-09-18T17:21:09.669+00:00,638.396,routine,Adaptive thermal response carryover,duty,1500,447.8,96.94,inkbird_lowest_internal,,1,68,96.94,97.86,108.97,148.23,424.4,96.74,97.86,109.07,148.43,424.4,1,,50.0,0.0,0,NONE
2026-09-18T17:21:10.668+00:00,639.394,routine,Adaptive thermal response carryover,duty,1500,448.3,97.19,inkbird_lowest_internal,,1,68,97.19,98.13,109.25,148.53,424.4,96.99,98.13,109.35,148.73,424.4,1,,50.0,0.0,0,NONE
2026-09-18T17:21:11.668+00:00,640.394,routine,Adaptive thermal response carryover,duty,1500,448.7,97.19,inkbird_lowest_internal,,1,68,97.19,98.13,109.25,148.53,424.4,96.99,98.13,109.35,148.73,424.4,1,,50.0,0.0,0,NONE
2026-09-18T17:21:12.667+00:00,641.394,routine,Adaptive thermal response carryover,duty,1500,448.7,97.45,inkbird_lowest_internal,,1,68,97.45,98.38,109.53,148.83,424.4,97.25,98.38,109.63,149.03,424.4,1,,50.0,0.0,0,NONE
2026-09-18T17:21:13.168+00:00,641.895,routine,Adaptive thermal response carryover,duty,1500,449.1,97.45,inkbird_lowest_internal,,1,68,97.45,98.38,109.53,148.83,424.4,97.25,98.38,109.63,149.03,424.4,1,,50.0,0.0,0,NONE
2026-09-18T17:21:14.167+00:00,642.894,routine,Adaptive thermal response carryover,duty,1500,448.7,97.7,inkbird_lowest_internal,,1,68,97.7,98.64,109.8,149.13,424.4,97.5,98.64,109.9,149.33,424.4,1,,50.0,0.0,0,NONE
2026-09-18T17:21:14.667+00:00,643.394,routine,Adaptive thermal response carryover,duty,1500,448.7,97.7,inkbird_lowest_internal,,1,68,97.7,98.64,109.8,149.13,424.4,97.5,98.64,109.9,149.33,424.4,1,,50.0,0.0,0,NONE
2026-09-18T17:21:15.168+00:00,643.895,routine,Adaptive thermal response carryover,duty,1500,448.3,97.7,inkbird_lowest_internal,,1,68,97.7,98.64,109.8,149.13,424.4,97.5,98.64,109.9,149.33,424.4,1,,50.0,0.0,0,NONE
2026-09-18T17:21:16.167+00:00,644.894,routine,Adaptive thermal response carryover,duty,1500,448.3,97.95,inkbird_lowest_internal,,1,68,97.95,98.9,110.08,149.44,424.4,97.75,98.9,110.18,149.64,424.4,1,,50.0,0.0,0,NONE
2026-09-18T17:21:16.667+00:00,645.394,routine,Adaptive thermal response carryover,duty,1500,449.1,97.95,inkbird_lowest_internal,,1,68,97.95,98.9,110.08,149.44,424.4,97.75,98.9,110.18,149.64,424.4,1,,50.0,0.0,0,NONE
2026-09-18T17:21:17.668+00:00,646.394,routine,Adaptive thermal response carryover,duty,1500,448.3,97.95,inkbird_lowest_internal,,1,68,97.95,98.9,110.08,149.44,424.4,97.75,98.9,110.18,149.64,424.4,1,,50.0,0.0,0,NONE
2026-09-18T17:21:18.667+00:00,647.394,routine,Adaptive thermal response carryover,duty,1500,448.7,98.22,inkbird_lowest_internal,,1,68,98.22,99.16,110.36,149.74,426.2,98.02,99.16,110.46,149.94,426.2,1,,50.0,0.0,0,NONE
2026-09-18T17:21:19.667+00:00,648.394,routine,Adaptive thermal response carryover,duty,1500,448.3,98.22,inkbird_lowest_internal,,1,68,98.22,99.16,110.36,149.74,426.2,98.02,99.16,110.46,149.94,426.2,1,,50.0,0.0,0,NONE
2026-09-18T17:21:20.668+00:00,649.395,routine,Adaptive thermal response carryover,duty,1500,448.7,98.22,inkbird_lowest_internal,,1,68,98.22,99.16,110.36,149.74,426.2,98.02,99.16,110.46,149.94,426.2,1,,50.0,0.0,0,NONE
2026-09-18T17:21:21.667+00:00,650.394,routine,Adaptive thermal response carryover,duty,1500,449.1,98.47,inkbird_lowest_internal,,1,68,98.47,99.43,110.64,150.03,426.2,98.27,99.43,110.74,150.23,426.2,1,,50.0,0.0,0,NONE
2026-09-18T17:21:22.667+00:00,651.394,routine,Adaptive thermal response carryover,duty,1500,448.3,98.47,inkbird_lowest_internal,,1,68,98.47,99.43,110.64,150.03,426.2,98.27,99.43,110.74,150.23,426.2,1,,50.0,0.0,0,NONE
2026-09-18T17:21:23.667+00:00,652.394,routine,Adaptive thermal response carryover,duty,1500,449.1,98.71,inkbird_lowest_internal,,1,68,98.71,99.68,110.9,150.34,426.2,98.51,99.68,111.0,150.54,426.2,1,,50.0,0.0,0,NONE
2026-09-18T17:21:24.667+00:00,653.394,routine,Adaptive thermal response carryover,duty,1500,448.3,98.97,inkbird_lowest_internal,,1,68,98.97,99.96,111.18,150.65,426.2,98.77,99.96,111.28,150.85,426.2,1,,50.0,0.0,0,NONE
2026-09-18T17:21:25.667+00:00,654.394,routine,Adaptive thermal response carryover,duty,1500,449.1,98.97,inkbird_lowest_internal,,1,68,98.97,99.96,111.18,150.65,426.2,98.77,99.96,111.28,150.85,426.2,1,,50.0,0.0,0,NONE
2026-09-18T17:21:26.667+00:00,655.394,routine,Adaptive thermal response carryover,duty,1500,449.6,99.22,inkbird_lowest_internal,,1,68,99.22,100.2,111.45,150.94,426.2,99.02,100.2,111.55,151.14,426.2,1,,50.0,0.0,0,NONE
2026-09-18T17:21:27.667+00:00,656.394,routine,Adaptive thermal response carryover,duty,1500,448.7,99.22,inkbird_lowest_internal,,1,68,99.22,100.2,111.45,150.94,426.2,99.02,100.2,111.55,151.14,426.2,1,,50.0,0.0,0,NONE
2026-09-18T17:21:28.667+00:00,657.394,routine,Adaptive thermal response carryover,duty,1500,448.7,99.48,inkbird_lowest_internal,,1,68,99.48,100.46,111.72,151.24,426.2,99.28,100.46,111.82,151.44,426.2,1,,50.0,0.0,0,NONE
2026-09-18T17:21:29.667+00:00,658.394,routine,Adaptive thermal response carryover,duty,1500,449.6,99.48,inkbird_lowest_internal,,1,68,99.48,100.46,111.72,151.24,426.2,99.28,100.46,111.82,151.44,426.2,1,,50.0,0.0,0,NONE
2026-09-18T17:21:30.667+00:00,659.394,routine,Adaptive thermal response carryover,duty,1500,448.7,99.74,inkbird_lowest_internal,,1,68,99.74,100.72,111.99,151.54,426.2,99.54,100.72,112.09,151.74,426.2,1,,50.0,0.0,0,NONE
2026-09-18T17:21:31.168+00:00,659.895,routine,Adaptive thermal response carryover,duty,1500,449.6,99.74,inkbird_lowest_internal,,1,68,99.74,100.72,111.99,151.54,426.2,99.54,100.72,112.09,151.74,426.2,1,,50.0,0.0,0,NONE
2026-09-18T17:21:32.167+00:00,660.894,routine,Adaptive thermal response carryover,duty,2250,447.4,99.99,inkbird_lowest_internal,,1,68,99.99,100.98,112.26,151.83,428.0,99.79,100.98,112.36,152.03,428.0,1,,50.0,0.0,0,NONE
2026-09-18T17:21:32.667+00:00,661.394,routine,Adaptive thermal response carryover,duty,2250,447.8,99.99,inkbird_lowest_internal,,1,68,99.99,100.98,112.26,151.83,428.0,99.79,100.98,112.36,152.03,428.0,1,,50.0,0.0,0,NONE
2026-09-18T17:21:33.667+00:00,662.394,routine,Adaptive thermal response carryover,duty,2250,448.7,99.99,inkbird_lowest_internal,,1,68,99.99,100.98,112.26,151.83,428.0,99.79,100.98,112.36,152.03,428.0,1,,50.0,0.0,0,NONE
2026-09-18T17:21:34.667+00:00,663.394,routine,Adaptive thermal response carryover,duty,2250,448.7,100.23,inkbird_lowest_internal,,1,68,100.23,101.25,112.53,152.14,428.0,100.03,101.25,112.63,152.34,428.0,1,,50.0,0.0,0,NONE
2026-09-18T17:21:35.667+00:00,664.394,routine,Adaptive thermal response carryover,duty,2250,448.7,100.23,inkbird_lowest_internal,,1,68,100.23,101.25,112.53,152.14,428.0,100.03,101.25,112.63,152.34,428.0,1,,50.0,0.0,0,NONE
2026-09-18T17:21:36.667+00:00,665.394,routine,Adaptive thermal response carryover,duty,2250,447.8,100.23,inkbird_lowest_internal,,1,68,100.23,101.25,112.53,152.14,428.0,100.03,101.25,112.63,152.34,428.0,1,,50.0,0.0,0,NONE
2026-09-18T17:21:37.667+00:00,666.394,routine,Adaptive thermal response carryover,duty,2250,448.3,100.49,inkbird_lowest_internal,,1,68,100.49,101.51,112.8,152.44,428.0,100.29,101.51,112.9,152.64,428.0,1,,50.0,0.0,0,NONE
2026-09-18T17:21:38.167+00:00,666.894,routine,Adaptive thermal response carryover,duty,2250,447.8,100.74,inkbird_lowest_internal,,1,68,100.74,101.77,113.07,152.73,428.0,100.54,101.77,113.17,152.93,428.0,1,,50.0,0.0,0,NONE
2026-09-18T17:21:39.167+00:00,667.894,routine,Adaptive thermal response carryover,duty,2250,448.3,100.74,inkbird_lowest_internal,,1,68,100.74,101.77,113.07,152.73,428.0,100.54,101.77,113.17,152.93,428.0,1,,50.0,0.0,0,NONE
2026-09-18T17:21:40.167+00:00,668.894,routine,Adaptive thermal response carryover,duty,2250,447.4,101.0,inkbird_lowest_internal,,1,68,101.0,102.02,113.34,153.04,428.0,100.8,102.02,113.44,153.24,428.0,1,,50.0,0.0,0,NONE
2026-09-18T17:21:40.667+00:00,669.394,routine,Adaptive thermal response carryover,duty,2250,448.7,101.0,inkbird_lowest_internal,,1,68,101.0,102.02,113.34,153.04,428.0,100.8,102.02,113.44,153.24,428.0,1,,50.0,0.0,0,NONE
2026-09-18T17:21:41.668+00:00,670.395,routine,Adaptive thermal response carryover,duty,2250,447.4,101.0,inkbird_lowest_internal,,1,68,101.0,102.02,113.34,153.04,428.0,100.8,102.02,113.44,153.24,428.0,1,,50.0,0.0,0,NONE
2026-09-18T17:21:42.667+00:00,671.394,routine,Adaptive thermal response carryover,duty,2250,447.4,101.24,inkbird_lowest_internal,,1,68,101.24,102.28,113.61,153.35,428.0,101.04,102.28,113.71,153.55,428.0,1,,50.0,0.0,0,NONE
2026-09-18T17:21:43.667+00:00,672.394,routine,Adaptive thermal response carryover,duty,2250,446.9,101.24,inkbird_lowest_internal,,1,68,101.24,102.28,113.61,153.35,428.0,101.04,102.28,113.71,153.55,428.0,1,,50.0,0.0,0,NONE
2026-09-18T17:21:44.167+00:00,672.894,routine,Adaptive thermal response carryover,duty,2250,446.0,101.49,inkbird_lowest_internal,,1,68,101.49,102.54,113.89,153.66,428.0,101.29,102.54,113.99,153.86,428.0,1,,50.0,0.0,0,NONE
2026-09-18T17:21:45.167+00:00,673.893,routine,Adaptive thermal response carryover,duty,2250,447.4,101.49,inkbird_lowest_internal,,1,68,101.49,102.54,113.89,153.66,428.0,101.29,102.54,113.99,153.86,428.0,1,,50.0,0.0,0,NONE
2026-09-18T17:21:46.167+00:00,674.893,routine,Adaptive thermal response carryover,duty,2250,446.9,101.73,inkbird_lowest_internal,,1,68,101.73,102.81,114.17,153.99,428.0,101.53,102.81,114.27,154.19,428.0,1,,50.0,0.0,0,NONE
2026-09-18T17:21:46.667+00:00,675.394,routine,Adaptive thermal response carryover,duty,2250,446.9,101.73,inkbird_lowest_internal,,1,68,101.73,102.81,114.17,153.99,428.0,101.53,102.81,114.27,154.19,428.0,1,,50.0,0.0,0,NONE
2026-09-18T17:21:47.667+00:00,676.394,routine,Adaptive thermal response carryover,duty,2250,447.4,101.73,inkbird_lowest_internal,,1,68,101.73,102.81,114.17,153.99,428.0,101.53,102.81,114.27,154.19,428.0,1,,50.0,0.0,0,NONE
2026-09-18T17:21:48.667+00:00,677.393,routine,Adaptive thermal response carryover,duty,2250,446.5,101.97,inkbird_lowest_internal,,1,68,101.97,103.06,114.45,154.3,428.0,101.77,103.06,114.55,154.5,428.0,1,,50.0,0.0,0,NONE
2026-09-18T17:21:49.667+00:00,678.394,routine,Adaptive thermal response carryover,duty,2250,446.9,101.97,inkbird_lowest_internal,,1,68,101.97,103.06,114.45,154.3,428.0,101.77,103.06,114.55,154.5,428.0,1,,50.0,0.0,0,NONE
2026-09-18T17:21:50.666+00:00,679.393,routine,Adaptive thermal response carryover,duty,2250,446.9,102.21,inkbird_lowest_internal,,1,68,102.21,103.33,114.72,154.63,428.0,102.01,103.33,114.82,154.83,428.0,1,,50.0,0.0,0,NONE
2026-09-18T17:21:51.167+00:00,679.894,routine,Adaptive thermal response carryover,duty,2250,446.0,102.21,inkbird_lowest_internal,,1,68,102.21,103.33,114.72,154.63,428.0,102.01,103.33,114.82,154.83,428.0,1,,50.0,0.0,0,NONE
2026-09-18T17:21:52.167+00:00,680.894,routine,Adaptive thermal response carryover,duty,2250,445.5,102.21,inkbird_lowest_internal,,1,68,102.21,103.33,114.72,154.63,428.0,102.01,103.33,114.82,154.83,428.0,1,,50.0,0.0,0,NONE
2026-09-18T17:21:53.166+00:00,681.893,routine,Adaptive thermal response carryover,duty,2250,446.5,102.44,inkbird_lowest_internal,,1,68,102.44,103.59,115.0,154.96,428.0,102.24,103.59,115.1,155.16,428.0,1,,50.0,0.0,0,NONE
2026-09-18T17:21:54.167+00:00,682.893,routine,Adaptive thermal response carryover,duty,2250,446.0,102.44,inkbird_lowest_internal,,1,68,102.44,103.59,115.0,154.96,428.0,102.24,103.59,115.1,155.16,428.0,1,,50.0,0.0,0,NONE
2026-09-18T17:21:55.166+00:00,683.893,routine,Adaptive thermal response carryover,duty,2250,444.6,102.67,inkbird_lowest_internal,,1,68,102.67,103.85,115.28,155.29,428.0,102.47,103.85,115.38,155.49,428.0,1,,50.0,0.0,0,NONE
2026-09-18T17:21:55.667+00:00,684.393,routine,Adaptive thermal response carryover,duty,2250,445.5,102.67,inkbird_lowest_internal,,1,68,102.67,103.85,115.28,155.29,428.0,102.47,103.85,115.38,155.49,428.0,1,,50.0,0.0,0,NONE
2026-09-18T17:21:56.167+00:00,684.893,routine,Adaptive thermal response carryover,duty,2250,444.2,102.91,inkbird_lowest_internal,,1,68,102.91,104.11,115.55,155.63,428.0,102.71,104.11,115.65,155.83,428.0,1,,50.0,0.0,0,NONE
2026-09-18T17:21:57.166+00:00,685.893,routine,Adaptive thermal response carryover,duty,2250,444.6,102.91,inkbird_lowest_internal,,1,68,102.91,104.11,115.55,155.63,428.0,102.71,104.11,115.65,155.83,428.0,1,,50.0,0.0,0,NONE
2026-09-18T17:21:57.666+00:00,686.393,routine,Adaptive thermal response carryover,duty,2250,445.1,102.91,inkbird_lowest_internal,,1,68,102.91,104.11,115.55,155.63,428.0,102.71,104.11,115.65,155.83,428.0,1,,50.0,0.0,0,NONE
2026-09-18T17:21:58.666+00:00,687.393,routine,Adaptive thermal response carryover,duty,2250,444.2,103.13,inkbird_lowest_internal,,1,68,103.13,104.37,115.83,155.97,428.0,102.93,104.37,115.93,156.17,428.0,1,,50.0,0.0,0,NONE
2026-09-18T17:21:59.166+00:00,687.893,routine,Adaptive thermal response carryover,duty,2250,444.6,103.13,inkbird_lowest_internal,,1,68,103.13,104.37,115.83,155.97,428.0,102.93,104.37,115.93,156.17,428.0,1,,50.0,0.0,0,NONE
2026-09-18T17:22:00.166+00:00,688.893,routine,Adaptive thermal response carryover,duty,2250,445.1,103.36,inkbird_lowest_internal,,1,68,103.36,104.63,116.12,156.32,428.0,103.16,104.63,116.22,156.52,428.0,1,,50.0,0.0,0,NONE
2026-09-18T17:22:01.166+00:00,689.893,routine,Adaptive thermal response carryover,duty,2250,443.3,103.36,inkbird_lowest_internal,,1,68,103.36,104.63,116.12,156.32,428.0,103.16,104.63,116.22,156.52,428.0,1,,50.0,0.0,0,NONE
2026-09-18T17:22:01.666+00:00,690.393,routine,Adaptive thermal response carryover,duty,2250,444.2,103.36,inkbird_lowest_internal,,1,68,103.36,104.63,116.12,156.32,428.0,103.16,104.63,116.22,156.52,428.0,1,,50.0,0.0,0,NONE
2026-09-18T17:22:02.166+00:00,690.893,routine,Adaptive thermal response carryover,duty,2250,443.8,103.6,inkbird_lowest_internal,,1,68,103.6,104.9,116.4,156.65,428.0,103.4,104.9,116.5,156.85,428.0,1,,50.0,0.0,0,NONE
2026-09-18T17:22:02.667+00:00,691.394,routine,Adaptive thermal response carryover,duty,2250,443.8,103.6,inkbird_lowest_internal,,1,68,103.6,104.9,116.4,156.65,428.0,103.4,104.9,116.5,156.85,428.0,1,,50.0,0.0,0,NONE
2026-09-18T17:22:03.666+00:00,692.393,routine,Adaptive thermal response carryover,duty,2250,443.8,103.6,inkbird_lowest_internal,,1,68,103.6,104.9,116.4,156.65,428.0,103.4,104.9,116.5,156.85,428.0,1,,50.0,0.0,0,NONE
2026-09-18T17:22:04.166+00:00,692.893,routine,Adaptive thermal response carryover,duty,2250,443.8,103.83,inkbird_lowest_internal,,1,68,103.83,105.16,116.69,156.99,426.2,103.63,105.16,116.79,157.19,426.2,1,,50.0,0.0,0,NONE
2026-09-18T17:22:04.666+00:00,693.393,routine,Adaptive thermal response carryover,duty,2250,443.3,103.83,inkbird_lowest_internal,,1,68,103.83,105.16,116.69,156.99,426.2,103.63,105.16,116.79,157.19,426.2,1,,50.0,0.0,0,NONE
2026-09-18T17:22:05.166+00:00,693.893,routine,Adaptive thermal response carryover,duty,2250,443.3,103.83,inkbird_lowest_internal,,1,68,103.83,105.16,116.69,156.99,426.2,103.63,105.16,116.79,157.19,426.2,1,,50.0,0.0,0,NONE
2026-09-18T17:22:06.166+00:00,694.893,routine,Adaptive thermal response carryover,duty,2250,443.8,104.06,inkbird_lowest_internal,,1,68,104.06,105.42,116.97,157.31,426.2,103.86,105.42,117.07,157.51,426.2,1,,50.0,0.0,0,NONE
2026-09-18T17:22:07.166+00:00,695.893,routine,Adaptive thermal response carryover,duty,2250,443.3,104.06,inkbird_lowest_internal,,1,68,104.06,105.42,116.97,157.31,426.2,103.86,105.42,117.07,157.51,426.2,1,,50.0,0.0,0,NONE
2026-09-18T17:22:07.666+00:00,696.393,routine,Adaptive thermal response carryover,duty,2250,442.9,104.06,inkbird_lowest_internal,,1,68,104.06,105.42,116.97,157.31,426.2,103.86,105.42,117.07,157.51,426.2,1,,50.0,0.0,0,NONE
2026-09-18T17:22:08.167+00:00,696.894,routine,Adaptive thermal response carryover,duty,2250,442.9,104.06,inkbird_lowest_internal,,1,68,104.06,105.42,116.97,157.31,426.2,103.86,105.42,117.07,157.51,426.2,1,,50.0,0.0,0,NONE
2026-09-18T17:22:09.166+00:00,697.893,routine,Adaptive thermal response carryover,duty,2250,442.4,104.29,inkbird_lowest_internal,,1,68,104.29,105.68,117.27,157.66,426.2,104.09,105.68,117.37,157.86,426.2,1,,50.0,0.0,0,NONE
2026-09-18T17:22:10.166+00:00,698.893,routine,Adaptive thermal response carryover,duty,2250,442.0,104.52,inkbird_lowest_internal,,1,68,104.52,105.95,117.54,157.98,426.2,104.32,105.95,117.64,158.18,426.2,1,,50.0,0.0,0,NONE
2026-09-18T17:22:11.166+00:00,699.893,routine,Adaptive thermal response carryover,duty,2250,441.5,104.52,inkbird_lowest_internal,,1,68,104.52,105.95,117.54,157.98,426.2,104.32,105.95,117.64,158.18,426.2,1,,50.0,0.0,0,NONE
2026-09-18T17:22:11.666+00:00,700.393,routine,Adaptive thermal response carryover,duty,2250,442.0,104.52,inkbird_lowest_internal,,1,68,104.52,105.95,117.54,157.98,426.2,104.32,105.95,117.64,158.18,426.2,1,,50.0,0.0,0,NONE
2026-09-18T17:22:12.666+00:00,701.393,routine,Adaptive thermal response carryover,duty,2250,442.0,104.76,inkbird_lowest_internal,,1,68,104.76,106.21,117.83,158.31,426.2,104.56,106.21,117.93,158.51,426.2,1,,50.0,0.0,0,NONE
2026-09-18T17:22:13.166+00:00,701.893,routine,Adaptive thermal response carryover,duty,2250,442.0,104.76,inkbird_lowest_internal,,1,68,104.76,106.21,117.83,158.31,426.2,104.56,106.21,117.93,158.51,426.2,1,,50.0,0.0,0,NONE
2026-09-18T17:22:13.667+00:00,702.394,routine,Adaptive thermal response carryover,duty,2250,442.0,104.76,inkbird_lowest_internal,,1,68,104.76,106.21,117.83,158.31,426.2,104.56,106.21,117.93,158.51,426.2,1,,50.0,0.0,0,NONE
2026-09-18T17:22:14.666+00:00,703.393,routine,Adaptive thermal response carryover,duty,2250,441.0,105.0,inkbird_lowest_internal,,1,68,105.0,106.48,118.11,158.63,426.2,104.8,106.48,118.21,158.83,426.2,1,,50.0,0.0,0,NONE
2026-09-18T17:22:15.166+00:00,703.893,routine,Adaptive thermal response carryover,duty,2250,441.5,105.0,inkbird_lowest_internal,,1,68,105.0,106.48,118.11,158.63,426.2,104.8,106.48,118.21,158.83,426.2,1,,50.0,0.0,0,NONE
2026-09-18T17:22:16.166+00:00,704.893,routine,Adaptive thermal response carryover,duty,2250,440.6,105.24,inkbird_lowest_internal,,1,68,105.24,106.75,118.4,158.95,426.2,105.04,106.75,118.5,159.15,426.2,1,,50.0,0.0,0,NONE
2026-09-18T17:22:17.166+00:00,705.893,routine,Adaptive thermal response carryover,duty,2250,441.0,105.24,inkbird_lowest_internal,,1,68,105.24,106.75,118.4,158.95,426.2,105.04,106.75,118.5,159.15,426.2,1,,50.0,0.0,0,NONE
2026-09-18T17:22:18.166+00:00,706.893,routine,Adaptive thermal response carryover,duty,2250,441.5,105.47,inkbird_lowest_internal,,1,68,105.47,107.01,118.68,159.28,426.2,105.27,107.01,118.78,159.48,426.2,1,,50.0,0.0,0,NONE
2026-09-18T17:22:19.167+00:00,707.894,routine,Adaptive thermal response carryover,duty,2250,440.1,105.47,inkbird_lowest_internal,,1,68,105.47,107.01,118.68,159.28,426.2,105.27,107.01,118.78,159.48,426.2,1,,50.0,0.0,0,NONE
2026-09-18T17:22:20.166+00:00,708.893,routine,Adaptive thermal response carryover,duty,2250,440.6,105.71,inkbird_lowest_internal,,1,68,105.71,107.27,118.97,159.58,424.4,105.51,107.27,119.07,159.78,424.4,1,,50.0,0.0,0,NONE
2026-09-18T17:22:20.666+00:00,709.393,routine,Adaptive thermal response carryover,duty,2250,440.1,105.71,inkbird_lowest_internal,,1,68,105.71,107.27,118.97,159.58,424.4,105.51,107.27,119.07,159.78,424.4,1,,50.0,0.0,0,NONE
2026-09-18T17:22:21.166+00:00,709.893,routine,Adaptive thermal response carryover,duty,2250,439.7,105.71,inkbird_lowest_internal,,1,68,105.71,107.27,118.97,159.58,424.4,105.51,107.27,119.07,159.78,424.4,1,,50.0,0.0,0,NONE
2026-09-18T17:22:22.166+00:00,710.893,routine,Adaptive thermal response carryover,duty,2250,440.1,105.95,inkbird_lowest_internal,,1,68,105.95,107.54,119.25,159.89,424.4,105.75,107.54,119.35,160.09,424.4,1,,50.0,0.0,0,NONE
2026-09-18T17:22:23.166+00:00,711.892,routine,Adaptive thermal response carryover,duty,2250,439.7,105.95,inkbird_lowest_internal,,1,68,105.95,107.54,119.25,159.89,424.4,105.75,107.54,119.35,160.09,424.4,1,,50.0,0.0,0,NONE
2026-09-18T17:22:23.666+00:00,712.393,routine,Adaptive thermal response carryover,duty,2250,439.7,105.95,inkbird_lowest_internal,,1,68,105.95,107.54,119.25,159.89,424.4,105.75,107.54,119.35,160.09,424.4,1,,50.0,0.0,0,NONE
2026-09-18T17:22:24.666+00:00,713.392,routine,Adaptive thermal response carryover,duty,2250,439.3,105.95,inkbird_lowest_internal,,1,68,105.95,107.54,119.25,159.89,424.4,105.75,107.54,119.35,160.09,424.4,1,,50.0,0.0,0,NONE
2026-09-18T17:22:25.666+00:00,714.393,routine,Adaptive thermal response carryover,duty,2250,439.3,106.2,inkbird_lowest_internal,,1,68,106.2,107.8,119.54,160.19,424.4,106.0,107.8,119.64,160.39,424.4,1,,50.0,0.0,0,NONE
2026-09-18T17:22:26.666+00:00,715.393,routine,Adaptive thermal response carryover,duty,2250,438.8,106.2,inkbird_lowest_internal,,1,68,106.2,107.8,119.54,160.19,424.4,106.0,107.8,119.64,160.39,424.4,1,,50.0,0.0,0,NONE
2026-09-18T17:22:27.666+00:00,716.392,routine,Adaptive thermal response carryover,duty,2250,437.9,106.46,inkbird_lowest_internal,,1,68,106.46,108.07,119.81,160.49,424.4,106.26,108.07,119.91,160.69,424.4,1,,50.0,0.0,0,NONE
2026-09-18T17:22:28.166+00:00,716.892,routine,Adaptive thermal response carryover,duty,2250,439.3,106.72,inkbird_lowest_internal,,1,68,106.72,108.32,120.1,160.8,424.4,106.52,108.32,120.2,161.0,424.4,1,,50.0,0.0,0,NONE
2026-09-18T17:22:29.166+00:00,717.893,routine,Adaptive thermal response carryover,duty,2250,437.9,106.72,inkbird_lowest_internal,,1,68,106.72,108.32,120.1,160.8,424.4,106.52,108.32,120.2,161.0,424.4,1,,50.0,0.0,0,NONE
2026-09-18T17:22:29.667+00:00,718.393,routine,Adaptive thermal response carryover,duty,2250,437.9,106.72,inkbird_lowest_internal,,1,68,106.72,108.32,120.1,160.8,424.4,106.52,108.32,120.2,161.0,424.4,1,,50.0,0.0,0,NONE
2026-09-18T17:22:30.666+00:00,719.392,routine,Adaptive thermal response carryover,duty,2250,438.4,106.99,inkbird_lowest_internal,,1,68,106.99,108.59,120.37,161.1,424.4,106.79,108.59,120.47,161.3,424.4,1,,50.0,0.0,0,NONE
2026-09-18T17:22:31.665+00:00,720.392,routine,Adaptive thermal response carryover,duty,2250,437.5,106.99,inkbird_lowest_internal,,1,68,106.99,108.59,120.37,161.1,424.4,106.79,108.59,120.47,161.3,424.4,1,,50.0,0.0,0,NONE
2026-09-18T17:22:32.166+00:00,720.892,routine,Adaptive thermal response carryover,duty,2250,437.9,107.24,inkbird_lowest_internal,,1,68,107.24,108.86,120.64,161.4,424.4,107.04,108.86,120.74,161.6,424.4,1,,50.0,0.0,0,NONE
2026-09-18T17:22:33.166+00:00,721.892,routine,Adaptive thermal response carryover,duty,2250,437.9,107.24,inkbird_lowest_internal,,1,68,107.24,108.86,120.64,161.4,424.4,107.04,108.86,120.74,161.6,424.4,1,,50.0,0.0,0,NONE
2026-09-18T17:22:34.165+00:00,722.892,routine,Adaptive thermal response carryover,duty,2250,436.5,107.5,inkbird_lowest_internal,,1,68,107.5,109.13,120.93,161.69,424.4,107.3,109.13,121.03,161.89,424.4,1,,50.0,0.0,0,NONE
2026-09-18T17:22:35.166+00:00,723.893,routine,Adaptive thermal response carryover,duty,2250,437.0,107.5,inkbird_lowest_internal,,1,68,107.5,109.13,120.93,161.69,424.4,107.3,109.13,121.03,161.89,424.4,1,,50.0,0.0,0,NONE
2026-09-18T17:22:36.165+00:00,724.892,routine,Adaptive thermal response carryover,duty,2250,437.5,107.75,inkbird_lowest_internal,,1,68,107.75,109.4,121.21,161.99,424.4,107.55,109.4,121.31,162.19,424.4,1,,50.0,0.0,0,NONE
2026-09-18T17:22:36.665+00:00,725.392,routine,Adaptive thermal response carryover,duty,2250,437.0,107.75,inkbird_lowest_internal,,1,68,107.75,109.4,121.21,161.99,424.4,107.55,109.4,121.31,162.19,424.4,1,,50.0,0.0,0,NONE
2026-09-18T17:22:37.665+00:00,726.392,routine,Adaptive thermal response carryover,duty,2250,436.1,107.75,inkbird_lowest_internal,,1,68,107.75,109.4,121.21,161.99,424.4,107.55,109.4,121.31,162.19,424.4,1,,50.0,0.0,0,NONE
2026-09-18T17:22:38.665+00:00,727.392,routine,Adaptive thermal response carryover,duty,2250,436.1,108.02,inkbird_lowest_internal,,1,68,108.02,109.66,121.48,162.28,422.6,107.82,109.66,121.58,162.48,422.6,1,,50.0,0.0,0,NONE
2026-09-18T17:22:39.665+00:00,728.392,routine,Adaptive thermal response carryover,duty,2250,437.0,108.02,inkbird_lowest_internal,,1,68,108.02,109.66,121.48,162.28,422.6,107.82,109.66,121.58,162.48,422.6,1,,50.0,0.0,0,NONE
2026-09-18T17:22:40.165+00:00,728.892,routine,Adaptive thermal response carryover,duty,2250,436.5,108.02,inkbird_lowest_internal,,1,68,108.02,109.66,121.48,162.28,422.6,107.82,109.66,121.58,162.48,422.6,1,,50.0,0.0,0,NONE
2026-09-18T17:22:41.165+00:00,729.892,routine,Adaptive thermal response carryover,duty,2250,436.1,108.28,inkbird_lowest_internal,,1,68,108.28,109.93,121.75,162.58,422.6,108.08,109.93,121.85,162.78,422.6,1,,50.0,0.0,0,NONE
2026-09-18T17:22:41.665+00:00,730.392,routine,Adaptive thermal response carryover,duty,2250,435.6,108.28,inkbird_lowest_internal,,1,68,108.28,109.93,121.75,162.58,422.6,108.08,109.93,121.85,162.78,422.6,1,,50.0,0.0,0,NONE
2026-09-18T17:22:42.665+00:00,731.392,routine,Adaptive thermal response carryover,duty,2250,436.5,108.55,inkbird_lowest_internal,,1,68,108.55,110.19,122.03,162.87,422.6,108.35,110.19,122.13,163.07,422.6,1,,50.0,0.0,0,NONE
2026-09-18T17:22:43.165+00:00,731.892,routine,Adaptive thermal response carryover,duty,2250,435.6,108.55,inkbird_lowest_internal,,1,68,108.55,110.19,122.03,162.87,422.6,108.35,110.19,122.13,163.07,422.6,1,,50.0,0.0,0,NONE
2026-09-18T17:22:44.165+00:00,732.892,routine,Adaptive thermal response carryover,duty,2250,435.6,108.81,inkbird_lowest_internal,,1,68,108.81,110.46,122.31,163.17,422.6,108.61,110.46,122.41,163.37,422.6,1,,50.0,0.0,0,NONE
2026-09-18T17:22:44.665+00:00,733.392,routine,Adaptive thermal response carryover,duty,2250,436.1,108.81,inkbird_lowest_internal,,1,68,108.81,110.46,122.31,163.17,422.6,108.61,110.46,122.41,163.37,422.6,1,,50.0,0.0,0,NONE
2026-09-18T17:22:45.666+00:00,734.393,routine,Adaptive thermal response carryover,duty,2250,435.6,108.81,inkbird_lowest_internal,,1,68,108.81,110.46,122.31,163.17,422.6,108.61,110.46,122.41,163.37,422.6,1,,50.0,0.0,0,NONE
2026-09-18T17:22:46.665+00:00,735.392,routine,Adaptive thermal response carryover,duty,2250,435.6,109.07,inkbird_lowest_internal,,1,68,109.07,110.72,122.57,163.46,422.6,108.87,110.72,122.67,163.66,422.6,1,,50.0,0.0,0,NONE
2026-09-18T17:22:47.665+00:00,736.392,routine,Adaptive thermal response carryover,duty,2250,434.8,109.07,inkbird_lowest_internal,,1,68,109.07,110.72,122.57,163.46,422.6,108.87,110.72,122.67,163.66,422.6,1,,50.0,0.0,0,NONE
2026-09-18T17:22:48.665+00:00,737.392,routine,Adaptive thermal response carryover,duty,2250,434.8,109.34,inkbird_lowest_internal,,1,68,109.34,110.99,122.85,163.75,422.6,109.14,110.99,122.95,163.95,422.6,1,,50.0,0.0,0,NONE
2026-09-18T17:22:49.165+00:00,737.892,routine,Adaptive thermal response carryover,duty,2250,435.2,109.34,inkbird_lowest_internal,,1,68,109.34,110.99,122.85,163.75,422.6,109.14,110.99,122.95,163.95,422.6,1,,50.0,0.0,0,NONE
2026-09-18T17:22:50.165+00:00,738.892,routine,Adaptive thermal response carryover,duty,2250,435.2,109.59,inkbird_lowest_internal,,1,68,109.59,111.24,123.13,164.02,422.6,109.39,111.24,123.23,164.22,422.6,1,,50.0,0.0,0,NONE
2026-09-18T17:22:51.165+00:00,739.892,routine,Adaptive thermal response carryover,duty,2250,435.2,109.59,inkbird_lowest_internal,,1,68,109.59,111.24,123.13,164.02,422.6,109.39,111.24,123.23,164.22,422.6,1,,50.0,0.0,0,NONE
2026-09-18T17:22:51.665+00:00,740.392,routine,Adaptive thermal response carryover,duty,2250,434.8,109.59,inkbird_lowest_internal,,1,68,109.59,111.24,123.13,164.02,422.6,109.39,111.24,123.23,164.22,422.6,1,,50.0,0.0,0,NONE
2026-09-18T17:22:52.665+00:00,741.392,routine,Adaptive thermal response carryover,duty,2250,433.9,109.86,inkbird_lowest_internal,,1,68,109.86,111.51,123.41,164.32,422.6,109.66,111.51,123.51,164.52,422.6,1,,50.0,0.0,0,NONE
2026-09-18T17:22:53.165+00:00,741.892,routine,Adaptive thermal response carryover,duty,2250,434.8,109.86,inkbird_lowest_internal,,1,68,109.86,111.51,123.41,164.32,422.6,109.66,111.51,123.51,164.52,422.6,1,,50.0,0.0,0,NONE
2026-09-18T17:22:54.165+00:00,742.892,routine,Adaptive thermal response carryover,duty,2250,433.4,110.12,inkbird_lowest_internal,,1,68,110.12,111.78,123.69,164.6,422.6,109.92,111.78,123.79,164.8,422.6,1,,50.0,0.0,0,NONE
2026-09-18T17:22:55.165+00:00,743.892,routine,Adaptive thermal response carryover,duty,2250,434.3,110.12,inkbird_lowest_internal,,1,68,110.12,111.78,123.69,164.6,422.6,109.92,111.78,123.79,164.8,422.6,1,,50.0,0.0,0,NONE
2026-09-18T17:22:56.165+00:00,744.892,routine,Adaptive thermal response carryover,duty,2250,433.9,110.12,inkbird_lowest_internal,,1,68,110.12,111.78,123.69,164.6,422.6,109.92,111.78,123.79,164.8,422.6,1,,50.0,0.0,0,NONE
2026-09-18T17:22:57.165+00:00,745.892,routine,Adaptive thermal response carryover,duty,2250,433.0,110.39,inkbird_lowest_internal,,1,68,110.39,112.04,123.97,164.88,420.8,110.19,112.04,124.07,165.08,420.8,1,,50.0,0.0,0,NONE
2026-09-18T17:22:58.165+00:00,746.892,routine,Adaptive thermal response carryover,duty,2250,434.3,110.65,inkbird_lowest_internal,,1,68,110.65,112.31,124.23,165.15,420.8,110.45,112.31,124.33,165.35,420.8,1,,50.0,0.0,0,NONE
2026-09-18T17:22:59.165+00:00,747.892,routine,Adaptive thermal response carryover,duty,2250,433.4,110.65,inkbird_lowest_internal,,1,68,110.65,112.31,124.23,165.15,420.8,110.45,112.31,124.33,165.35,420.8,1,,50.0,0.0,0,NONE
2026-09-18T17:23:00.165+00:00,748.892,routine,Adaptive thermal response carryover,duty,2250,432.5,110.9,inkbird_lowest_internal,,1,68,110.9,112.58,124.5,165.44,420.8,110.7,112.58,124.6,165.64,420.8,1,,50.0,0.0,0,NONE
2026-09-18T17:23:01.165+00:00,749.892,routine,Adaptive thermal response carryover,duty,2250,433.4,110.9,inkbird_lowest_internal,,1,68,110.9,112.58,124.5,165.44,420.8,110.7,112.58,124.6,165.64,420.8,1,,50.0,0.0,0,NONE
2026-09-18T17:23:02.165+00:00,750.892,routine,Adaptive thermal response carryover,duty,2250,433.4,111.15,inkbird_lowest_internal,,1,68,111.15,112.84,124.77,165.71,420.8,110.95,112.84,124.87,165.91,420.8,1,,50.0,0.0,0,NONE
2026-09-18T17:23:02.665+00:00,751.392,routine,Adaptive thermal response carryover,duty,2250,433.4,111.15,inkbird_lowest_internal,,1,68,111.15,112.84,124.77,165.71,420.8,110.95,112.84,124.87,165.91,420.8,1,,50.0,0.0,0,NONE
2026-09-18T17:23:03.665+00:00,752.392,routine,Adaptive thermal response carryover,duty,2250,431.6,111.15,inkbird_lowest_internal,,1,68,111.15,112.84,124.77,165.71,420.8,110.95,112.84,124.87,165.91,420.8,1,,50.0,0.0,0,NONE
2026-09-18T17:23:04.665+00:00,753.391,routine,Adaptive thermal response carryover,duty,2250,433.4,111.41,inkbird_lowest_internal,,1,68,111.41,113.11,125.05,165.97,420.8,111.21,113.11,125.15,166.17,420.8,1,,50.0,0.0,0,NONE
2026-09-18T17:23:05.165+00:00,753.892,routine,Adaptive thermal response carryover,duty,2250,433.4,111.41,inkbird_lowest_internal,,1,68,111.41,113.11,125.05,165.97,420.8,111.21,113.11,125.15,166.17,420.8,1,,50.0,0.0,0,NONE
2026-09-18T17:23:06.165+00:00,754.892,routine,Adaptive thermal response carryover,duty,2250,433.4,111.67,inkbird_lowest_internal,,1,68,111.67,113.36,125.3,166.24,420.8,111.47,113.36,125.4,166.44,420.8,1,,50.0,0.0,0,NONE
2026-09-18T17:23:06.666+00:00,755.393,routine,Adaptive thermal response carryover,duty,2250,433.0,111.67,inkbird_lowest_internal,,1,68,111.67,113.36,125.3,166.24,420.8,111.47,113.36,125.4,166.44,420.8,1,,50.0,0.0,0,NONE
2026-09-18T17:23:07.665+00:00,756.392,routine,Adaptive thermal response carryover,duty,2250,432.0,111.67,inkbird_lowest_internal,,1,68,111.67,113.36,125.3,166.24,420.8,111.47,113.36,125.4,166.44,420.8,1,,50.0,0.0,0,NONE
2026-09-18T17:23:08.664+00:00,757.391,routine,Adaptive thermal response carryover,duty,2250,432.0,111.92,inkbird_lowest_internal,,1,68,111.92,113.64,125.57,166.5,420.8,111.72,113.64,125.67,166.7,420.8,1,,50.0,0.0,0,NONE
2026-09-18T17:23:09.665+00:00,758.391,routine,Adaptive thermal response carryover,duty,2250,432.5,111.92,inkbird_lowest_internal,,1,68,111.92,113.64,125.57,166.5,420.8,111.72,113.64,125.67,166.7,420.8,1,,50.0,0.0,0,NONE
2026-09-18T17:23:10.664+00:00,759.391,routine,Adaptive thermal response carryover,duty,2250,432.5,112.17,inkbird_lowest_internal,,1,68,112.17,113.91,125.85,166.77,420.8,111.97,113.91,125.95,166.97,420.8,1,,50.0,0.0,0,NONE
2026-09-18T17:23:11.165+00:00,759.891,routine,Adaptive thermal response carryover,duty,2250,432.5,112.17,inkbird_lowest_internal,,1,68,112.17,113.91,125.85,166.77,420.8,111.97,113.91,125.95,166.97,420.8,1,,50.0,0.0,0,NONE
2026-09-18T17:23:12.164+00:00,760.891,routine,Adaptive thermal response carryover,duty,2250,433.0,112.17,inkbird_lowest_internal,,1,68,112.17,113.91,125.85,166.77,420.8,111.97,113.91,125.95,166.97,420.8,1,,50.0,0.0,0,NONE
2026-09-18T17:23:13.164+00:00,761.891,routine,Adaptive thermal response carryover,duty,2250,432.0,112.43,inkbird_lowest_internal,,1,68,112.43,114.17,126.12,167.04,420.8,112.23,114.17,126.22,167.24,420.8,1,,50.0,0.0,0,NONE
2026-09-18T17:23:13.665+00:00,762.391,routine,Adaptive thermal response carryover,duty,2250,430.7,112.43,inkbird_lowest_internal,,1,68,112.43,114.17,126.12,167.04,420.8,112.23,114.17,126.22,167.24,420.8,1,,50.0,0.0,0,NONE
2026-09-18T17:23:14.665+00:00,763.391,routine,Adaptive thermal response carryover,duty,2250,431.6,112.7,inkbird_lowest_internal,,1,68,112.7,114.43,126.38,167.3,419.0,112.5,114.43,126.48,167.5,419.0,1,,50.0,0.0,0,NONE
2026-09-18T17:23:15.664+00:00,764.391,routine,Adaptive thermal response carryover,duty,2250,431.6,112.7,inkbird_lowest_internal,,1,68,112.7,114.43,126.38,167.3,419.0,112.5,114.43,126.48,167.5,419.0,1,,50.0,0.0,0,NONE
2026-09-18T17:23:16.664+00:00,765.391,routine,Adaptive thermal response carryover,duty,2250,430.7,112.95,inkbird_lowest_internal,,1,68,112.95,114.69,126.65,167.57,419.0,112.75,114.69,126.75,167.77,419.0,1,,50.0,0.0,0,NONE
2026-09-18T17:23:17.165+00:00,765.892,routine,Adaptive thermal response carryover,duty,2250,432.0,112.95,inkbird_lowest_internal,,1,68,112.95,114.69,126.65,167.57,419.0,112.75,114.69,126.75,167.77,419.0,1,,50.0,0.0,0,NONE
2026-09-18T17:23:18.164+00:00,766.891,routine,Adaptive thermal response carryover,duty,2250,431.1,113.21,inkbird_lowest_internal,,1,68,113.21,114.95,126.92,167.84,419.0,113.01,114.95,127.02,168.04,419.0,1,,50.0,0.0,0,NONE
2026-09-18T17:23:18.664+00:00,767.391,routine,Adaptive thermal response carryover,duty,2250,431.1,113.21,inkbird_lowest_internal,,1,68,113.21,114.95,126.92,167.84,419.0,113.01,114.95,127.02,168.04,419.0,1,,50.0,0.0,0,NONE
2026-09-18T17:23:19.664+00:00,768.391,routine,Adaptive thermal response carryover,duty,2250,432.0,113.21,inkbird_lowest_internal,,1,68,113.21,114.95,126.92,167.84,419.0,113.01,114.95,127.02,168.04,419.0,1,,50.0,0.0,0,NONE
2026-09-18T17:23:20.664+00:00,769.391,routine,Adaptive thermal response carryover,duty,2250,431.1,113.47,inkbird_lowest_internal,,1,68,113.47,115.22,127.19,168.1,419.0,113.27,115.22,127.29,168.3,419.0,1,,50.0,0.0,0,NONE
2026-09-18T17:23:21.664+00:00,770.391,routine,Adaptive thermal response carryover,duty,2250,431.1,113.47,inkbird_lowest_internal,,1,68,113.47,115.22,127.19,168.1,419.0,113.27,115.22,127.29,168.3,419.0,1,,50.0,0.0,0,NONE
2026-09-18T17:23:22.664+00:00,771.391,routine,Adaptive thermal response carryover,duty,2250,431.6,113.74,inkbird_lowest_internal,,1,68,113.74,115.47,127.46,168.36,419.0,113.54,115.47,127.56,168.56,419.0,1,,50.0,0.0,0,NONE
2026-09-18T17:23:23.164+00:00,771.891,routine,Adaptive thermal response carryover,duty,2250,431.1,113.74,inkbird_lowest_internal,,1,68,113.74,115.47,127.46,168.36,419.0,113.54,115.47,127.56,168.56,419.0,1,,50.0,0.0,0,NONE
2026-09-18T17:23:23.664+00:00,772.391,routine,Adaptive thermal response carryover,duty,2250,430.7,113.74,inkbird_lowest_internal,,1,68,113.74,115.47,127.46,168.36,419.0,113.54,115.47,127.56,168.56,419.0,1,,50.0,0.0,0,NONE
2026-09-18T17:23:24.664+00:00,773.391,routine,Adaptive thermal response carryover,duty,2250,430.3,113.99,inkbird_lowest_internal,,1,68,113.99,115.73,127.73,168.62,419.0,113.79,115.73,127.83,168.82,419.0,1,,50.0,0.0,0,NONE
2026-09-18T17:23:25.664+00:00,774.391,routine,Adaptive thermal response carryover,duty,2250,431.1,113.99,inkbird_lowest_internal,,1,68,113.99,115.73,127.73,168.62,419.0,113.79,115.73,127.83,168.82,419.0,1,,50.0,0.0,0,NONE
2026-09-18T17:23:26.164+00:00,774.891,routine,Adaptive thermal response carryover,duty,2250,431.1,114.25,inkbird_lowest_internal,,1,68,114.25,116.0,127.99,168.86,419.0,114.05,116.0,128.09,169.06,419.0,1,,50.0,0.0,0,NONE
2026-09-18T17:23:27.164+00:00,775.891,routine,Adaptive thermal response carryover,duty,2250,430.3,114.25,inkbird_lowest_internal,,1,68,114.25,116.0,127.99,168.86,419.0,114.05,116.0,128.09,169.06,419.0,1,,50.0,0.0,0,NONE
2026-09-18T17:23:27.665+00:00,776.392,routine,Adaptive thermal response carryover,duty,2250,430.3,114.25,inkbird_lowest_internal,,1,68,114.25,116.0,127.99,168.86,419.0,114.05,116.0,128.09,169.06,419.0,1,,50.0,0.0,0,NONE
2026-09-18T17:23:28.664+00:00,777.391,routine,Adaptive thermal response carryover,duty,2250,430.7,114.25,inkbird_lowest_internal,,1,68,114.25,116.0,127.99,168.86,419.0,114.05,116.0,128.09,169.06,419.0,1,,50.0,0.0,0,NONE
2026-09-18T17:23:29.664+00:00,778.391,routine,Adaptive thermal response carryover,duty,2250,430.3,114.5,inkbird_lowest_internal,,1,68,114.5,116.26,128.25,169.11,419.0,114.3,116.26,128.35,169.31,419.0,1,,50.0,0.0,0,NONE
2026-09-18T17:23:30.664+00:00,779.391,routine,Adaptive thermal response carryover,duty,2250,431.1,114.77,inkbird_lowest_internal,,1,68,114.77,116.53,128.51,169.36,419.0,114.57,116.53,128.61,169.56,419.0,1,,50.0,0.0,0,NONE
2026-09-18T17:23:31.664+00:00,780.391,routine,Adaptive thermal response carryover,duty,2250,430.7,114.77,inkbird_lowest_internal,,1,68,114.77,116.53,128.51,169.36,419.0,114.57,116.53,128.61,169.56,419.0,1,,50.0,0.0,0,NONE
2026-09-18T17:23:32.664+00:00,781.391,routine,Adaptive thermal response carryover,duty,2250,430.3,115.02,inkbird_lowest_internal,,1,68,115.02,116.8,128.78,169.6,419.0,114.82,116.8,128.88,169.8,419.0,1,,50.0,0.0,0,NONE
2026-09-18T17:23:33.664+00:00,782.391,routine,Adaptive thermal response carryover,duty,2250,430.7,115.02,inkbird_lowest_internal,,1,68,115.02,116.8,128.78,169.6,419.0,114.82,116.8,128.88,169.8,419.0,1,,50.0,0.0,0,NONE
2026-09-18T17:23:34.664+00:00,783.391,routine,Adaptive thermal response carryover,duty,2250,430.3,115.29,inkbird_lowest_internal,,1,68,115.29,117.06,129.05,169.84,419.0,115.09,117.06,129.15,170.04,419.0,1,,50.0,0.0,0,NONE
2026-09-18T17:23:35.164+00:00,783.891,routine,Adaptive thermal response carryover,duty,2250,430.3,115.29,inkbird_lowest_internal,,1,68,115.29,117.06,129.05,169.84,419.0,115.09,117.06,129.15,170.04,419.0,1,,50.0,0.0,0,NONE
2026-09-18T17:23:36.164+00:00,784.891,routine,Adaptive thermal response carryover,duty,2250,429.8,115.56,inkbird_lowest_internal,,1,68,115.56,117.32,129.3,170.07,419.0,115.36,117.32,129.4,170.27,419.0,1,,50.0,0.0,0,NONE
2026-09-18T17:23:37.164+00:00,785.891,routine,Adaptive thermal response carryover,duty,2250,429.4,115.56,inkbird_lowest_internal,,1,68,115.56,117.32,129.3,170.07,419.0,115.36,117.32,129.4,170.27,419.0,1,,50.0,0.0,0,NONE
2026-09-18T17:23:38.169+00:00,786.896,routine,Adaptive thermal response carryover,duty,2250,430.3,115.82,inkbird_lowest_internal,,1,68,115.82,117.58,129.56,170.3,419.0,115.62,117.58,129.66,170.5,419.0,1,,50.0,0.0,0,NONE
2026-09-18T17:23:39.164+00:00,787.891,routine,Adaptive thermal response carryover,duty,2250,430.3,115.82,inkbird_lowest_internal,,1,68,115.82,117.58,129.56,170.3,419.0,115.62,117.58,129.66,170.5,419.0,1,,50.0,0.0,0,NONE
2026-09-18T17:23:40.164+00:00,788.891,routine,Adaptive thermal response carryover,duty,2250,430.7,116.08,inkbird_lowest_internal,,1,68,116.08,117.84,129.82,170.53,419.0,115.88,117.84,129.92,170.73,419.0,1,,50.0,0.0,0,NONE
2026-09-18T17:23:41.164+00:00,789.891,routine,Adaptive thermal response carryover,duty,2250,430.3,116.08,inkbird_lowest_internal,,1,68,116.08,117.84,129.82,170.53,419.0,115.88,117.84,129.92,170.73,419.0,1,,50.0,0.0,0,NONE
2026-09-18T17:23:42.164+00:00,790.891,routine,Adaptive thermal response carryover,duty,2250,428.9,116.34,inkbird_lowest_internal,,1,68,116.34,118.11,130.08,170.77,417.2,116.14,118.11,130.18,170.97,417.2,1,,50.0,0.0,0,NONE
2026-09-18T17:23:43.164+00:00,791.891,routine,Adaptive thermal response carryover,duty,2250,430.3,116.34,inkbird_lowest_internal,,1,68,116.34,118.11,130.08,170.77,417.2,116.14,118.11,130.18,170.97,417.2,1,,50.0,0.0,0,NONE
2026-09-18T17:23:44.164+00:00,792.890,routine,Adaptive thermal response carryover,duty,2250,429.8,116.34,inkbird_lowest_internal,,1,68,116.34,118.11,130.08,170.77,417.2,116.14,118.11,130.18,170.97,417.2,1,,50.0,0.0,0,NONE
2026-09-18T17:23:45.164+00:00,793.890,routine,Adaptive thermal response carryover,duty,2250,428.5,116.6,inkbird_lowest_internal,,1,68,116.6,118.37,130.34,170.99,417.2,116.4,118.37,130.44,171.19,417.2,1,,50.0,0.0,0,NONE
2026-09-18T17:23:46.164+00:00,794.890,routine,Adaptive thermal response carryover,duty,2250,429.8,116.86,inkbird_lowest_internal,,1,68,116.86,118.62,130.59,171.21,417.2,116.66,118.62,130.69,171.41,417.2,1,,50.0,0.0,0,NONE
2026-09-18T17:23:46.664+00:00,795.391,routine,Adaptive thermal response carryover,duty,2250,429.4,116.86,inkbird_lowest_internal,,1,68,116.86,118.62,130.59,171.21,417.2,116.66,118.62,130.69,171.41,417.2,1,,50.0,0.0,0,NONE
2026-09-18T17:23:47.663+00:00,796.390,routine,Adaptive thermal response carryover,duty,2250,428.9,116.86,inkbird_lowest_internal,,1,68,116.86,118.62,130.59,171.21,417.2,116.66,118.62,130.69,171.41,417.2,1,,50.0,0.0,0,NONE
2026-09-18T17:23:48.164+00:00,796.891,routine,Adaptive thermal response carryover,duty,2250,429.8,117.12,inkbird_lowest_internal,,1,68,117.12,118.89,130.84,171.44,417.2,116.92,118.89,130.94,171.64,417.2,1,,50.0,0.0,0,NONE
2026-09-18T17:23:49.163+00:00,797.890,routine,Adaptive thermal response carryover,duty,2250,429.8,117.12,inkbird_lowest_internal,,1,68,117.12,118.89,130.84,171.44,417.2,116.92,118.89,130.94,171.64,417.2,1,,50.0,0.0,0,NONE
2026-09-18T17:23:50.163+00:00,798.890,routine,Adaptive thermal response carryover,duty,2250,429.8,117.39,inkbird_lowest_internal,,1,68,117.39,119.15,131.11,171.67,417.2,117.19,119.15,131.21,171.87,417.2,1,,50.0,0.0,0,NONE
2026-09-18T17:23:51.163+00:00,799.890,routine,Adaptive thermal response carryover,duty,2250,429.4,117.39,inkbird_lowest_internal,,1,68,117.39,119.15,131.11,171.67,417.2,117.19,119.15,131.21,171.87,417.2,1,,50.0,0.0,0,NONE
2026-09-18T17:23:51.664+00:00,800.390,routine,Adaptive thermal response carryover,duty,2250,429.4,117.39,inkbird_lowest_internal,,1,68,117.39,119.15,131.11,171.67,417.2,117.19,119.15,131.21,171.87,417.2,1,,50.0,0.0,0,NONE
2026-09-18T17:23:52.664+00:00,801.390,routine,Adaptive thermal response carryover,duty,2250,429.8,117.66,inkbird_lowest_internal,,1,68,117.66,119.41,131.36,171.9,417.2,117.46,119.41,131.46,172.1,417.2,1,,50.0,0.0,0,NONE
2026-09-18T17:23:53.664+00:00,802.391,routine,Adaptive thermal response carryover,duty,2250,429.8,117.66,inkbird_lowest_internal,,1,68,117.66,119.41,131.36,171.9,417.2,117.46,119.41,131.46,172.1,417.2,1,,50.0,0.0,0,NONE
2026-09-18T17:23:54.664+00:00,803.390,routine,Adaptive thermal response carryover,duty,2250,429.8,117.92,inkbird_lowest_internal,,1,68,117.92,119.67,131.62,172.13,417.2,117.72,119.67,131.72,172.33,417.2,1,,50.0,0.0,0,NONE
2026-09-18T17:23:55.663+00:00,804.390,routine,Adaptive thermal response carryover,duty,2250,430.3,117.92,inkbird_lowest_internal,,1,68,117.92,119.67,131.62,172.13,417.2,117.72,119.67,131.72,172.33,417.2,1,,50.0,0.0,0,NONE
2026-09-18T17:23:56.663+00:00,805.390,routine,Adaptive thermal response carryover,duty,2250,429.8,118.18,inkbird_lowest_internal,,1,68,118.18,119.92,131.87,172.35,417.2,117.98,119.92,131.97,172.55,417.2,1,,50.0,0.0,0,NONE
2026-09-18T17:23:57.663+00:00,806.390,routine,Adaptive thermal response carryover,duty,2250,428.9,118.18,inkbird_lowest_internal,,1,68,118.18,119.92,131.87,172.35,417.2,117.98,119.92,131.97,172.55,417.2,1,,50.0,0.0,0,NONE
2026-09-18T17:23:58.663+00:00,807.390,routine,Adaptive thermal response carryover,duty,2250,429.8,118.45,inkbird_lowest_internal,,1,68,118.45,120.18,132.12,172.58,417.2,118.25,120.18,132.22,172.78,417.2,1,,50.0,0.0,0,NONE
2026-09-18T17:23:59.164+00:00,807.891,routine,Adaptive thermal response carryover,duty,2250,429.8,118.45,inkbird_lowest_internal,,1,68,118.45,120.18,132.12,172.58,417.2,118.25,120.18,132.22,172.78,417.2,1,,50.0,0.0,0,NONE
2026-09-18T17:24:00.163+00:00,808.890,routine,Adaptive thermal response carryover,duty,2250,429.8,118.45,inkbird_lowest_internal,,1,68,118.45,120.18,132.12,172.58,417.2,118.25,120.18,132.22,172.78,417.2,1,,50.0,0.0,0,NONE
2026-09-18T17:24:00.663+00:00,809.390,routine,Adaptive thermal response carryover,duty,2250,428.9,118.45,inkbird_lowest_internal,,1,68,118.45,120.18,132.12,172.58,417.2,118.25,120.18,132.22,172.78,417.2,1,,50.0,0.0,0,NONE
2026-09-18T17:24:01.663+00:00,810.390,routine,Adaptive thermal response carryover,duty,2250,429.8,118.71,inkbird_lowest_internal,,1,68,118.71,120.44,132.37,172.81,417.2,118.51,120.44,132.47,173.01,417.2,1,,50.0,0.0,0,NONE
2026-09-18T17:24:02.663+00:00,811.390,routine,Adaptive thermal response carryover,duty,2250,428.9,118.97,inkbird_lowest_internal,,1,68,118.97,120.7,132.63,173.03,417.2,118.77,120.7,132.73,173.23,417.2,1,,50.0,0.0,0,NONE
2026-09-18T17:24:03.663+00:00,812.390,routine,Adaptive thermal response carryover,duty,2250,429.4,118.97,inkbird_lowest_internal,,1,68,118.97,120.7,132.63,173.03,417.2,118.77,120.7,132.73,173.23,417.2,1,,50.0,0.0,0,NONE
2026-09-18T17:24:04.664+00:00,813.391,routine,Adaptive thermal response carryover,duty,2250,429.8,119.22,inkbird_lowest_internal,,1,68,119.22,120.97,132.89,173.26,417.2,119.02,120.97,132.99,173.46,417.2,1,,50.0,0.0,0,NONE
2026-09-18T17:24:05.663+00:00,814.390,routine,Adaptive thermal response carryover,duty,2250,429.8,119.22,inkbird_lowest_internal,,1,68,119.22,120.97,132.89,173.26,417.2,119.02,120.97,132.99,173.46,417.2,1,,50.0,0.0,0,NONE
2026-09-18T17:24:06.663+00:00,815.390,routine,Adaptive thermal response carryover,duty,2250,428.5,119.49,inkbird_lowest_internal,,1,68,119.49,121.22,133.14,173.5,417.2,119.29,121.22,133.24,173.7,417.2,1,,50.0,0.0,0,NONE
2026-09-18T17:24:07.663+00:00,816.390,routine,Adaptive thermal response carryover,duty,2250,429.4,119.49,inkbird_lowest_internal,,1,68,119.49,121.22,133.14,173.5,417.2,119.29,121.22,133.24,173.7,417.2,1,,50.0,0.0,0,NONE
2026-09-18T17:24:08.663+00:00,817.390,routine,Adaptive thermal response carryover,duty,2250,429.8,119.75,inkbird_lowest_internal,,1,68,119.75,121.48,133.39,173.72,417.2,119.55,121.48,133.49,173.92,417.2,1,,50.0,0.0,0,NONE
2026-09-18T17:24:09.663+00:00,818.390,routine,Adaptive thermal response carryover,duty,2250,428.9,119.75,inkbird_lowest_internal,,1,68,119.75,121.48,133.39,173.72,417.2,119.55,121.48,133.49,173.92,417.2,1,,50.0,0.0,0,NONE
2026-09-18T17:24:10.163+00:00,818.890,routine,Adaptive thermal response carryover,duty,2250,428.9,120.01,inkbird_lowest_internal,,1,68,120.01,121.73,133.66,173.95,415.4,119.81,121.73,133.76,174.15,415.4,1,,50.0,0.0,0,NONE
2026-09-18T17:24:11.163+00:00,819.890,routine,Adaptive thermal response carryover,duty,2250,429.4,120.01,inkbird_lowest_internal,,1,68,120.01,121.73,133.66,173.95,415.4,119.81,121.73,133.76,174.15,415.4,1,,50.0,0.0,0,NONE
2026-09-18T17:24:11.663+00:00,820.390,routine,Adaptive thermal response carryover,duty,2250,429.8,120.01,inkbird_lowest_internal,,1,68,120.01,121.73,133.66,173.95,415.4,119.81,121.73,133.76,174.15,415.4,1,,50.0,0.0,0,NONE
2026-09-18T17:24:12.663+00:00,821.390,routine,Adaptive thermal response carryover,duty,2250,428.0,120.27,inkbird_lowest_internal,,1,68,120.27,121.99,133.9,174.18,415.4,120.07,121.99,134.0,174.38,415.4,1,,50.0,0.0,0,NONE
2026-09-18T17:24:13.663+00:00,822.390,routine,Adaptive thermal response carryover,duty,2250,429.4,120.27,inkbird_lowest_internal,,1,68,120.27,121.99,133.9,174.18,415.4,120.07,121.99,134.0,174.38,415.4,1,,50.0,0.0,0,NONE
2026-09-18T17:24:14.663+00:00,823.390,routine,Adaptive thermal response carryover,duty,2250,429.4,120.53,inkbird_lowest_internal,,1,68,120.53,122.26,134.16,174.42,415.4,120.33,122.26,134.26,174.62,415.4,1,,50.0,0.0,0,NONE
2026-09-18T17:24:15.163+00:00,823.890,routine,Adaptive thermal response carryover,duty,2250,429.4,120.53,inkbird_lowest_internal,,1,68,120.53,122.26,134.16,174.42,415.4,120.33,122.26,134.26,174.62,415.4,1,,50.0,0.0,0,NONE
2026-09-18T17:24:15.664+00:00,824.391,routine,Adaptive thermal response carryover,duty,2250,428.5,120.53,inkbird_lowest_internal,,1,68,120.53,122.26,134.16,174.42,415.4,120.33,122.26,134.26,174.62,415.4,1,,50.0,0.0,0,NONE
2026-09-18T17:24:16.663+00:00,825.390,routine,Adaptive thermal response carryover,duty,2250,429.4,120.53,inkbird_lowest_internal,,1,68,120.53,122.26,134.16,174.42,415.4,120.33,122.26,134.26,174.62,415.4,1,,50.0,0.0,0,NONE
2026-09-18T17:24:17.663+00:00,826.390,routine,Adaptive thermal response carryover,duty,2250,429.8,120.79,inkbird_lowest_internal,,1,68,120.79,122.52,134.41,174.64,415.4,120.59,122.52,134.51,174.84,415.4,1,,50.0,0.0,0,NONE
2026-09-18T17:24:18.663+00:00,827.390,routine,Adaptive thermal response carryover,duty,2250,429.4,121.05,inkbird_lowest_internal,,1,68,121.05,122.78,134.66,174.87,415.4,120.85,122.78,134.76,175.07,415.4,1,,50.0,0.0,0,NONE
2026-09-18T17:24:19.663+00:00,828.390,routine,Adaptive thermal response carryover,duty,2250,429.8,121.05,inkbird_lowest_internal,,1,68,121.05,122.78,134.66,174.87,415.4,120.85,122.78,134.76,175.07,415.4,1,,50.0,0.0,0,NONE
2026-09-18T17:24:20.663+00:00,829.390,routine,Adaptive thermal response carryover,duty,2250,428.9,121.31,inkbird_lowest_internal,,1,68,121.31,123.04,134.92,175.1,415.4,121.11,123.04,135.02,175.3,415.4,1,,50.0,0.0,0,NONE
2026-09-18T17:24:21.164+00:00,829.891,routine,Adaptive thermal response carryover,duty,2250,428.9,121.31,inkbird_lowest_internal,,1,68,121.31,123.04,134.92,175.1,415.4,121.11,123.04,135.02,175.3,415.4,1,,50.0,0.0,0,NONE
2026-09-18T17:24:22.163+00:00,830.889,routine,Adaptive thermal response carryover,duty,2250,429.4,121.58,inkbird_lowest_internal,,1,68,121.58,123.3,135.19,175.32,415.4,121.38,123.3,135.29,175.52,415.4,1,,50.0,0.0,0,NONE
2026-09-18T17:24:22.663+00:00,831.390,routine,Adaptive thermal response carryover,duty,2250,429.8,121.58,inkbird_lowest_internal,,1,68,121.58,123.3,135.19,175.32,415.4,121.38,123.3,135.29,175.52,415.4,1,,50.0,0.0,0,NONE
2026-09-18T17:24:23.663+00:00,832.390,routine,Adaptive thermal response carryover,duty,2250,428.9,121.58,inkbird_lowest_internal,,1,68,121.58,123.3,135.19,175.32,415.4,121.38,123.3,135.29,175.52,415.4,1,,50.0,0.0,0,NONE
2026-09-18T17:24:24.663+00:00,833.389,routine,Adaptive thermal response carryover,duty,2250,429.4,121.85,inkbird_lowest_internal,,1,68,121.85,123.55,135.43,175.56,415.4,121.65,123.55,135.53,175.76,415.4,1,,50.0,0.0,0,NONE
2026-09-18T17:24:25.663+00:00,834.389,routine,Adaptive thermal response carryover,duty,2250,428.9,121.85,inkbird_lowest_internal,,1,68,121.85,123.55,135.43,175.56,415.4,121.65,123.55,135.53,175.76,415.4,1,,50.0,0.0,0,NONE
2026-09-18T17:24:26.663+00:00,835.389,routine,Adaptive thermal response carryover,duty,2250,429.4,122.11,inkbird_lowest_internal,,1,68,122.11,123.82,135.7,175.79,415.4,121.91,123.82,135.8,175.99,415.4,1,,50.0,0.0,0,NONE
2026-09-18T17:24:27.163+00:00,835.890,routine,Adaptive thermal response carryover,duty,2250,429.4,122.11,inkbird_lowest_internal,,1,68,122.11,123.82,135.7,175.79,415.4,121.91,123.82,135.8,175.99,415.4,1,,50.0,0.0,0,NONE
2026-09-18T17:24:28.162+00:00,836.889,routine,Adaptive thermal response carryover,duty,2250,429.4,122.39,inkbird_lowest_internal,,1,68,122.39,124.08,135.95,176.02,415.4,122.19,124.08,136.05,176.22,415.4,1,,50.0,0.0,0,NONE
2026-09-18T17:24:28.663+00:00,837.390,routine,Adaptive thermal response carryover,duty,2250,428.9,122.39,inkbird_lowest_internal,,1,68,122.39,124.08,135.95,176.02,415.4,122.19,124.08,136.05,176.22,415.4,1,,50.0,0.0,0,NONE
2026-09-18T17:24:29.662+00:00,838.389,routine,Adaptive thermal response carryover,duty,2250,429.4,122.39,inkbird_lowest_internal,,1,68,122.39,124.08,135.95,176.02,415.4,122.19,124.08,136.05,176.22,415.4,1,,50.0,0.0,0,NONE
2026-09-18T17:24:30.662+00:00,839.389,routine,Adaptive thermal response carryover,duty,2250,429.4,122.65,inkbird_lowest_internal,,1,68,122.65,124.33,136.22,176.24,415.4,122.45,124.33,136.32,176.44,415.4,1,,50.0,0.0,0,NONE
2026-09-18T17:24:31.163+00:00,839.889,routine,Adaptive thermal response carryover,duty,2250,428.9,122.65,inkbird_lowest_internal,,1,68,122.65,124.33,136.22,176.24,415.4,122.45,124.33,136.32,176.44,415.4,1,,50.0,0.0,0,NONE
2026-09-18T17:24:32.162+00:00,840.889,routine,Adaptive thermal response carryover,duty,1500,430.7,122.92,inkbird_lowest_internal,,1,68,122.92,124.59,136.47,176.47,415.4,122.72,124.59,136.57,176.67,415.4,1,,50.0,0.0,0,NONE
2026-09-18T17:24:32.663+00:00,841.389,routine,Adaptive thermal response carryover,duty,1500,431.1,122.92,inkbird_lowest_internal,,1,68,122.92,124.59,136.47,176.47,415.4,122.72,124.59,136.57,176.67,415.4,1,,50.0,0.0,0,NONE
2026-09-18T17:24:33.663+00:00,842.389,routine,Adaptive thermal response carryover,duty,1500,430.7,122.92,inkbird_lowest_internal,,1,68,122.92,124.59,136.47,176.47,415.4,122.72,124.59,136.57,176.67,415.4,1,,50.0,0.0,0,NONE
2026-09-18T17:24:34.662+00:00,843.389,routine,Adaptive thermal response carryover,duty,1500,430.7,122.92,inkbird_lowest_internal,,1,68,122.92,124.59,136.47,176.47,415.4,122.72,124.59,136.57,176.67,415.4,1,,50.0,0.0,0,NONE
2026-09-18T17:24:35.163+00:00,843.889,routine,Adaptive thermal response carryover,duty,1500,430.3,123.18,inkbird_lowest_internal,,1,68,123.18,124.85,136.72,176.7,415.4,122.98,124.85,136.82,176.9,415.4,1,,50.0,0.0,0,NONE
2026-09-18T17:24:36.162+00:00,844.889,routine,Adaptive thermal response carryover,duty,1500,430.7,123.18,inkbird_lowest_internal,,1,68,123.18,124.85,136.72,176.7,415.4,122.98,124.85,136.82,176.9,415.4,1,,50.0,0.0,0,NONE
2026-09-18T17:24:36.663+00:00,845.390,routine,Adaptive thermal response carryover,duty,1500,430.3,123.18,inkbird_lowest_internal,,1,68,123.18,124.85,136.72,176.7,415.4,122.98,124.85,136.82,176.9,415.4,1,,50.0,0.0,0,NONE
2026-09-18T17:24:37.662+00:00,846.389,routine,Adaptive thermal response carryover,duty,1500,430.7,123.46,inkbird_lowest_internal,,1,68,123.46,125.12,136.98,176.93,415.4,123.26,125.12,137.08,177.13,415.4,1,,50.0,0.0,0,NONE
2026-09-18T17:24:38.662+00:00,847.389,routine,Adaptive thermal response carryover,duty,1500,430.7,123.73,inkbird_lowest_internal,,1,68,123.73,125.38,137.23,177.16,415.4,123.53,125.38,137.33,177.36,415.4,1,,50.0,0.0,0,NONE
2026-09-18T17:24:39.162+00:00,847.889,routine,Adaptive thermal response carryover,duty,1500,431.1,123.73,inkbird_lowest_internal,,1,68,123.73,125.38,137.23,177.16,415.4,123.53,125.38,137.33,177.36,415.4,1,,50.0,0.0,0,NONE
2026-09-18T17:24:40.162+00:00,848.889,routine,Adaptive thermal response carryover,duty,1500,431.6,124.0,inkbird_lowest_internal,,1,68,124.0,125.64,137.48,177.39,415.4,123.8,125.64,137.58,177.59,415.4,1,,50.0,0.0,0,NONE
2026-09-18T17:24:40.662+00:00,849.389,routine,Adaptive thermal response carryover,duty,1500,431.1,124.0,inkbird_lowest_internal,,1,68,124.0,125.64,137.48,177.39,415.4,123.8,125.64,137.58,177.59,415.4,1,,50.0,0.0,0,NONE
2026-09-18T17:24:41.662+00:00,850.389,routine,Adaptive thermal response carryover,duty,1500,431.6,124.0,inkbird_lowest_internal,,1,68,124.0,125.64,137.48,177.39,415.4,123.8,125.64,137.58,177.59,415.4,1,,50.0,0.0,0,NONE
2026-09-18T17:24:42.662+00:00,851.389,routine,Adaptive thermal response carryover,duty,1500,432.0,124.28,inkbird_lowest_internal,,1,68,124.28,125.9,137.74,177.61,415.4,124.08,125.9,137.84,177.81,415.4,1,,50.0,0.0,0,NONE
2026-09-18T17:24:43.162+00:00,851.889,routine,Adaptive thermal response carryover,duty,1500,431.6,124.28,inkbird_lowest_internal,,1,68,124.28,125.9,137.74,177.61,415.4,124.08,125.9,137.84,177.81,415.4,1,,50.0,0.0,0,NONE
2026-09-18T17:24:44.162+00:00,852.889,routine,Adaptive thermal response carryover,duty,1500,432.0,124.55,inkbird_lowest_internal,,1,68,124.55,126.16,138.0,177.84,415.4,124.35,126.16,138.1,178.04,415.4,1,,50.0,0.0,0,NONE
2026-09-18T17:24:44.662+00:00,853.389,routine,Adaptive thermal response carryover,duty,1500,431.6,124.55,inkbird_lowest_internal,,1,68,124.55,126.16,138.0,177.84,415.4,124.35,126.16,138.1,178.04,415.4,1,,50.0,0.0,0,NONE
2026-09-18T17:24:45.662+00:00,854.389,routine,Adaptive thermal response carryover,duty,1500,432.0,124.55,inkbird_lowest_internal,,1,68,124.55,126.16,138.0,177.84,415.4,124.35,126.16,138.1,178.04,415.4,1,,50.0,0.0,0,NONE
2026-09-18T17:24:46.662+00:00,855.389,routine,Adaptive thermal response carryover,duty,1500,433.0,124.81,inkbird_lowest_internal,,1,68,124.81,126.42,138.26,178.06,415.4,124.61,126.42,138.36,178.26,415.4,1,,50.0,0.0,0,NONE
2026-09-18T17:24:47.163+00:00,855.890,routine,Adaptive thermal response carryover,duty,1500,432.5,124.81,inkbird_lowest_internal,,1,68,124.81,126.42,138.26,178.06,415.4,124.61,126.42,138.36,178.26,415.4,1,,50.0,0.0,0,NONE
2026-09-18T17:24:48.162+00:00,856.889,routine,Adaptive thermal response carryover,duty,1500,432.5,124.81,inkbird_lowest_internal,,1,68,124.81,126.42,138.26,178.06,415.4,124.61,126.42,138.36,178.26,415.4,1,,50.0,0.0,0,NONE
2026-09-18T17:24:49.162+00:00,857.889,routine,Adaptive thermal response carryover,duty,1500,433.0,125.09,inkbird_lowest_internal,,1,68,125.09,126.69,138.51,178.27,415.4,124.89,126.69,138.61,178.47,415.4,1,,50.0,0.0,0,NONE
2026-09-18T17:24:50.162+00:00,858.889,routine,Adaptive thermal response carryover,duty,1500,433.4,125.09,inkbird_lowest_internal,,1,68,125.09,126.69,138.51,178.27,415.4,124.89,126.69,138.61,178.47,415.4,1,,50.0,0.0,0,NONE
2026-09-18T17:24:51.162+00:00,859.889,routine,Adaptive thermal response carryover,duty,1500,433.0,125.36,inkbird_lowest_internal,,1,68,125.36,126.95,138.77,178.49,415.4,125.16,126.95,138.87,178.69,415.4,1,,50.0,0.0,0,NONE
2026-09-18T17:24:52.162+00:00,860.889,routine,Adaptive thermal response carryover,duty,1500,433.4,125.64,inkbird_lowest_internal,,1,68,125.64,127.22,139.03,178.69,415.4,125.44,127.22,139.13,178.89,415.4,1,,50.0,0.0,0,NONE
2026-09-18T17:24:52.663+00:00,861.389,routine,Adaptive thermal response carryover,duty,1500,434.3,125.64,inkbird_lowest_internal,,1,68,125.64,127.22,139.03,178.69,415.4,125.44,127.22,139.13,178.89,415.4,1,,50.0,0.0,0,NONE
2026-09-18T17:24:53.662+00:00,862.389,routine,Adaptive thermal response carryover,duty,1500,434.8,125.64,inkbird_lowest_internal,,1,68,125.64,127.22,139.03,178.69,415.4,125.44,127.22,139.13,178.89,415.4,1,,50.0,0.0,0,NONE
2026-09-18T17:24:54.662+00:00,863.389,routine,Adaptive thermal response carryover,duty,1500,434.3,125.91,inkbird_lowest_internal,,1,68,125.91,127.48,139.28,178.89,417.2,125.71,127.48,139.38,179.09,417.2,1,,50.0,0.0,0,NONE
2026-09-18T17:24:55.162+00:00,863.889,routine,Adaptive thermal response carryover,duty,1500,435.2,125.91,inkbird_lowest_internal,,1,68,125.91,127.48,139.28,178.89,417.2,125.71,127.48,139.38,179.09,417.2,1,,50.0,0.0,0,NONE
2026-09-18T17:24:56.162+00:00,864.889,routine,Adaptive thermal response carryover,duty,1500,434.3,126.18,inkbird_lowest_internal,,1,68,126.18,127.74,139.53,179.09,417.2,125.98,127.74,139.63,179.29,417.2,1,,50.0,0.0,0,NONE
2026-09-18T17:24:57.162+00:00,865.889,routine,Adaptive thermal response carryover,duty,1500,434.8,126.18,inkbird_lowest_internal,,1,68,126.18,127.74,139.53,179.09,417.2,125.98,127.74,139.63,179.29,417.2,1,,50.0,0.0,0,NONE
2026-09-18T17:24:58.162+00:00,866.889,routine,Adaptive thermal response carryover,duty,1500,434.8,126.45,inkbird_lowest_internal,,1,68,126.45,128.0,139.78,179.31,417.2,126.25,128.0,139.88,179.51,417.2,1,,50.0,0.0,0,NONE
2026-09-18T17:24:59.162+00:00,867.889,routine,Adaptive thermal response carryover,duty,1500,434.8,126.45,inkbird_lowest_internal,,1,68,126.45,128.0,139.78,179.31,417.2,126.25,128.0,139.88,179.51,417.2,1,,50.0,0.0,0,NONE
2026-09-18T17:25:00.162+00:00,868.888,routine,Adaptive thermal response carryover,duty,1500,434.8,126.73,inkbird_lowest_internal,,1,68,126.73,128.26,140.03,179.51,417.2,126.53,128.26,140.13,179.71,417.2,1,,50.0,0.0,0,NONE
2026-09-18T17:25:00.662+00:00,869.389,routine,Adaptive thermal response carryover,duty,1500,435.6,126.73,inkbird_lowest_internal,,1,68,126.73,128.26,140.03,179.51,417.2,126.53,128.26,140.13,179.71,417.2,1,,50.0,0.0,0,NONE
2026-09-18T17:25:01.662+00:00,870.389,routine,Adaptive thermal response carryover,duty,1500,436.5,126.73,inkbird_lowest_internal,,1,68,126.73,128.26,140.03,179.51,417.2,126.53,128.26,140.13,179.71,417.2,1,,50.0,0.0,0,NONE
2026-09-18T17:25:02.662+00:00,871.388,routine,Adaptive thermal response carryover,duty,1500,437.0,127.0,inkbird_lowest_internal,,1,68,127.0,128.52,140.28,179.71,417.2,126.8,128.52,140.38,179.91,417.2,1,,50.0,0.0,0,NONE
2026-09-18T17:25:03.162+00:00,871.889,routine,Adaptive thermal response carryover,duty,1500,436.1,127.0,inkbird_lowest_internal,,1,68,127.0,128.52,140.28,179.71,417.2,126.8,128.52,140.38,179.91,417.2,1,,50.0,0.0,0,NONE
2026-09-18T17:25:04.162+00:00,872.888,routine,Adaptive thermal response carryover,duty,1500,437.5,127.0,inkbird_lowest_internal,,1,68,127.0,128.52,140.28,179.71,417.2,126.8,128.52,140.38,179.91,417.2,1,,50.0,0.0,0,NONE
2026-09-18T17:25:04.662+00:00,873.389,routine,Adaptive thermal response carryover,duty,1500,437.0,127.0,inkbird_lowest_internal,,1,68,127.0,128.52,140.28,179.71,417.2,126.8,128.52,140.38,179.91,417.2,1,,50.0,0.0,0,NONE
2026-09-18T17:25:05.662+00:00,874.389,routine,Adaptive thermal response carryover,duty,1500,437.9,127.27,inkbird_lowest_internal,,1,68,127.27,128.78,140.53,179.93,417.2,127.07,128.78,140.63,180.13,417.2,1,,50.0,0.0,0,NONE
2026-09-18T17:25:06.662+00:00,875.389,routine,Adaptive thermal response carryover,duty,1500,437.9,127.55,inkbird_lowest_internal,,1,68,127.55,129.04,140.78,180.15,419.0,127.35,129.04,140.88,180.35,419.0,1,,50.0,0.0,0,NONE
2026-09-18T17:25:07.661+00:00,876.388,routine,Adaptive thermal response carryover,duty,1500,438.4,127.55,inkbird_lowest_internal,,1,68,127.55,129.04,140.78,180.15,419.0,127.35,129.04,140.88,180.35,419.0,1,,50.0,0.0,0,NONE
2026-09-18T17:25:08.162+00:00,876.888,routine,Adaptive thermal response carryover,duty,1500,438.8,127.83,inkbird_lowest_internal,,1,68,127.83,129.31,141.03,180.34,419.0,127.63,129.31,141.13,180.54,419.0,1,,50.0,0.0,0,NONE
2026-09-18T17:25:09.162+00:00,877.888,routine,Adaptive thermal response carryover,duty,1500,438.8,127.83,inkbird_lowest_internal,,1,68,127.83,129.31,141.03,180.34,419.0,127.63,129.31,141.13,180.54,419.0,1,,50.0,0.0,0,NONE
2026-09-18T17:25:10.161+00:00,878.888,routine,Adaptive thermal response carryover,duty,1500,438.8,128.1,inkbird_lowest_internal,,1,68,128.1,129.56,141.27,180.56,419.0,127.9,129.56,141.37,180.76,419.0,1,,50.0,0.0,0,NONE
2026-09-18T17:25:11.162+00:00,879.888,routine,Adaptive thermal response carryover,duty,1500,439.7,128.1,inkbird_lowest_internal,,1,68,128.1,129.56,141.27,180.56,419.0,127.9,129.56,141.37,180.76,419.0,1,,50.0,0.0,0,NONE
2026-09-18T17:25:12.161+00:00,880.888,routine,Adaptive thermal response carryover,duty,1500,439.7,128.37,inkbird_lowest_internal,,1,68,128.37,129.82,141.53,180.77,419.0,128.17,129.82,141.63,180.97,419.0,1,,50.0,0.0,0,NONE
2026-09-18T17:25:12.662+00:00,881.388,routine,Adaptive thermal response carryover,duty,1500,440.1,128.37,inkbird_lowest_internal,,1,68,128.37,129.82,141.53,180.77,419.0,128.17,129.82,141.63,180.97,419.0,1,,50.0,0.0,0,NONE
2026-09-18T17:25:13.662+00:00,882.389,routine,Adaptive thermal response carryover,duty,1500,439.7,128.37,inkbird_lowest_internal,,1,68,128.37,129.82,141.53,180.77,419.0,128.17,129.82,141.63,180.97,419.0,1,,50.0,0.0,0,NONE
2026-09-18T17:25:14.661+00:00,883.388,routine,Adaptive thermal response carryover,duty,1500,440.1,128.64,inkbird_lowest_internal,,1,68,128.64,130.09,141.78,180.99,419.0,128.44,130.09,141.88,181.19,419.0,1,,50.0,0.0,0,NONE
2026-09-18T17:25:15.661+00:00,884.388,routine,Adaptive thermal response carryover,duty,1500,440.6,128.64,inkbird_lowest_internal,,1,68,128.64,130.09,141.78,180.99,419.0,128.44,130.09,141.88,181.19,419.0,1,,50.0,0.0,0,NONE
2026-09-18T17:25:16.161+00:00,884.888,routine,Adaptive thermal response carryover,duty,1500,440.6,128.91,inkbird_lowest_internal,,1,68,128.91,130.35,142.02,181.21,419.0,128.71,130.35,142.12,181.41,419.0,1,,50.0,0.0,0,NONE
2026-09-18T17:25:17.161+00:00,885.888,routine,Adaptive thermal response carryover,duty,1500,440.6,128.91,inkbird_lowest_internal,,1,68,128.91,130.35,142.02,181.21,419.0,128.71,130.35,142.12,181.41,419.0,1,,50.0,0.0,0,NONE
2026-09-18T17:25:18.161+00:00,886.888,routine,Adaptive thermal response carryover,duty,1500,441.5,129.17,inkbird_lowest_internal,,1,68,129.17,130.61,142.28,181.43,420.8,128.97,130.61,142.38,181.63,420.8,1,,50.0,0.0,0,NONE
2026-09-18T17:25:19.162+00:00,887.889,routine,Adaptive thermal response carryover,duty,1500,442.0,129.17,inkbird_lowest_internal,,1,68,129.17,130.61,142.28,181.43,420.8,128.97,130.61,142.38,181.63,420.8,1,,50.0,0.0,0,NONE
2026-09-18T17:25:20.161+00:00,888.888,routine,Adaptive thermal response carryover,duty,1500,442.0,129.17,inkbird_lowest_internal,,1,68,129.17,130.61,142.28,181.43,420.8,128.97,130.61,142.38,181.63,420.8,1,,50.0,0.0,0,NONE
2026-09-18T17:25:21.161+00:00,889.888,routine,Adaptive thermal response carryover,duty,1500,441.5,129.45,inkbird_lowest_internal,,1,68,129.45,130.88,142.53,181.65,420.8,129.25,130.88,142.63,181.85,420.8,1,,50.0,0.0,0,NONE
2026-09-18T17:25:22.161+00:00,890.888,routine,Adaptive thermal response carryover,duty,1500,441.0,129.72,inkbird_lowest_internal,,1,68,129.72,131.12,142.77,181.87,420.8,129.52,131.12,142.87,182.07,420.8,1,,50.0,0.0,0,NONE
2026-09-18T17:25:22.661+00:00,891.388,routine,Adaptive thermal response carryover,duty,1500,442.4,129.72,inkbird_lowest_internal,,1,68,129.72,131.12,142.77,181.87,420.8,129.52,131.12,142.87,182.07,420.8,1,,50.0,0.0,0,NONE
2026-09-18T17:25:23.661+00:00,892.388,routine,Adaptive thermal response carryover,duty,1500,442.0,129.72,inkbird_lowest_internal,,1,68,129.72,131.12,142.77,181.87,420.8,129.52,131.12,142.87,182.07,420.8,1,,50.0,0.0,0,NONE
2026-09-18T17:25:24.661+00:00,893.388,routine,Adaptive thermal response carryover,duty,1500,443.3,129.99,inkbird_lowest_internal,,1,68,129.99,131.39,143.01,182.1,420.8,129.79,131.39,143.11,182.3,420.8,1,,50.0,0.0,0,NONE
2026-09-18T17:25:25.661+00:00,894.388,routine,Adaptive thermal response carryover,duty,1500,443.8,129.99,inkbird_lowest_internal,,1,68,129.99,131.39,143.01,182.1,420.8,129.79,131.39,143.11,182.3,420.8,1,,50.0,0.0,0,NONE
2026-09-18T17:25:26.661+00:00,895.388,routine,Adaptive thermal response carryover,duty,1500,443.8,130.26,inkbird_lowest_internal,,1,68,130.26,131.65,143.28,182.33,420.8,130.06,131.65,143.38,182.53,420.8,1,,50.0,0.0,0,NONE
2026-09-18T17:25:27.161+00:00,895.888,routine,Adaptive thermal response carryover,duty,1500,444.2,130.26,inkbird_lowest_internal,,1,68,130.26,131.65,143.28,182.33,420.8,130.06,131.65,143.38,182.53,420.8,1,,50.0,0.0,0,NONE
2026-09-18T17:25:28.161+00:00,896.888,routine,Adaptive thermal response carryover,duty,1500,444.6,130.52,inkbird_lowest_internal,,1,68,130.52,131.92,143.53,182.56,422.6,130.32,131.92,143.63,182.76,422.6,1,,50.0,0.0,0,NONE
2026-09-18T17:25:29.161+00:00,897.888,routine,Adaptive thermal response carryover,duty,1500,444.6,130.52,inkbird_lowest_internal,,1,68,130.52,131.92,143.53,182.56,422.6,130.32,131.92,143.63,182.76,422.6,1,,50.0,0.0,0,NONE
2026-09-18T17:25:29.661+00:00,898.388,routine,Adaptive thermal response carryover,duty,1500,444.6,130.52,inkbird_lowest_internal,,1,68,130.52,131.92,143.53,182.56,422.6,130.32,131.92,143.63,182.76,422.6,1,,50.0,0.0,0,NONE
2026-09-18T17:25:30.661+00:00,899.388,routine,Adaptive thermal response carryover,duty,1500,444.2,130.79,inkbird_lowest_internal,,1,68,130.79,132.17,143.78,182.8,422.6,130.59,132.17,143.88,183.0,422.6,1,,50.0,0.0,0,NONE
2026-09-18T17:25:31.161+00:00,899.888,routine,Adaptive thermal response carryover,duty,1500,445.1,130.79,inkbird_lowest_internal,,1,68,130.79,132.17,143.78,182.8,422.6,130.59,132.17,143.88,183.0,422.6,1,,50.0,0.0,0,NONE
2026-09-18T17:25:32.161+00:00,900.888,routine,Adaptive thermal response carryover,duty,1500,445.1,131.06,inkbird_lowest_internal,,1,68,131.06,132.43,144.04,183.04,422.6,130.86,132.43,144.14,183.24,422.6,1,,50.0,0.0,0,NONE
2026-09-18T17:25:33.161+00:00,901.888,routine,Adaptive thermal response carryover,duty,1500,444.6,131.06,inkbird_lowest_internal,,1,68,131.06,132.43,144.04,183.04,422.6,130.86,132.43,144.14,183.24,422.6,1,,50.0,0.0,0,NONE
2026-09-18T17:25:34.161+00:00,902.888,routine,Adaptive thermal response carryover,duty,1500,446.0,131.33,inkbird_lowest_internal,,1,68,131.33,132.7,144.3,183.27,422.6,131.13,132.7,144.4,183.47,422.6,1,,50.0,0.0,0,NONE
2026-09-18T17:25:35.162+00:00,903.889,routine,Adaptive thermal response carryover,duty,1500,446.9,131.33,inkbird_lowest_internal,,1,68,131.33,132.7,144.3,183.27,422.6,131.13,132.7,144.4,183.47,422.6,1,,50.0,0.0,0,NONE
2026-09-18T17:25:36.161+00:00,904.888,routine,Adaptive thermal response carryover,duty,1500,446.9,131.33,inkbird_lowest_internal,,1,68,131.33,132.7,144.3,183.27,422.6,131.13,132.7,144.4,183.47,422.6,1,,50.0,0.0,0,NONE
2026-09-18T17:25:36.661+00:00,905.388,routine,Adaptive thermal response carryover,duty,1500,446.0,131.33,inkbird_lowest_internal,,1,68,131.33,132.7,144.3,183.27,422.6,131.13,132.7,144.4,183.47,422.6,1,,50.0,0.0,0,NONE
2026-09-18T17:25:37.161+00:00,905.888,routine,Adaptive thermal response carryover,duty,1500,446.5,131.6,inkbird_lowest_internal,,1,68,131.6,132.96,144.55,183.51,422.6,131.4,132.96,144.65,183.71,422.6,1,,50.0,0.0,0,NONE
2026-09-18T17:25:38.161+00:00,906.888,routine,Adaptive thermal response carryover,duty,1500,446.9,131.87,inkbird_lowest_internal,,1,68,131.87,133.2,144.82,183.74,424.4,131.67,133.2,144.92,183.94,424.4,1,,50.0,0.0,0,NONE
2026-09-18T17:25:39.161+00:00,907.888,routine,Adaptive thermal response carryover,duty,1500,447.8,131.87,inkbird_lowest_internal,,1,68,131.87,133.2,144.82,183.74,424.4,131.67,133.2,144.92,183.94,424.4,1,,50.0,0.0,0,NONE
2026-09-18T17:25:40.161+00:00,908.887,routine,Adaptive thermal response carryover,duty,1500,447.8,132.13,inkbird_lowest_internal,,1,68,132.13,133.47,145.07,183.97,424.4,131.93,133.47,145.17,184.17,424.4,1,,50.0,0.0,0,NONE
2026-09-18T17:25:40.661+00:00,909.388,routine,Adaptive thermal response carryover,duty,1500,448.3,132.13,inkbird_lowest_internal,,1,68,132.13,133.47,145.07,183.97,424.4,131.93,133.47,145.17,184.17,424.4,1,,50.0,0.0,0,NONE
2026-09-18T17:25:41.661+00:00,910.388,routine,Adaptive thermal response carryover,duty,1500,447.4,132.13,inkbird_lowest_internal,,1,68,132.13,133.47,145.07,183.97,424.4,131.93,133.47,145.17,184.17,424.4,1,,50.0,0.0,0,NONE
2026-09-18T17:25:42.661+00:00,911.387,routine,Adaptive thermal response carryover,duty,1500,447.4,132.4,inkbird_lowest_internal,,1,68,132.4,133.74,145.33,184.21,424.4,132.2,133.74,145.43,184.41,424.4,1,,50.0,0.0,0,NONE
2026-09-18T17:25:43.161+00:00,911.888,routine,Adaptive thermal response carryover,duty,1500,448.7,132.4,inkbird_lowest_internal,,1,68,132.4,133.74,145.33,184.21,424.4,132.2,133.74,145.43,184.41,424.4,1,,50.0,0.0,0,NONE
2026-09-18T17:25:44.161+00:00,912.888,routine,Adaptive thermal response carryover,duty,1500,449.1,132.66,inkbird_lowest_internal,,1,68,132.66,134.0,145.59,184.44,424.4,132.46,134.0,145.69,184.64,424.4,1,,50.0,0.0,0,NONE
2026-09-18T17:25:45.161+00:00,913.888,routine,Adaptive thermal response carryover,duty,1500,449.1,132.66,inkbird_lowest_internal,,1,68,132.66,134.0,145.59,184.44,424.4,132.46,134.0,145.69,184.64,424.4,1,,50.0,0.0,0,NONE
2026-09-18T17:25:45.661+00:00,914.388,routine,Adaptive thermal response carryover,duty,1500,449.1,132.66,inkbird_lowest_internal,,1,68,132.66,134.0,145.59,184.44,424.4,132.46,134.0,145.69,184.64,424.4,1,,50.0,0.0,0,NONE
2026-09-18T17:25:46.661+00:00,915.387,routine,Adaptive thermal response carryover,duty,1500,449.1,132.94,inkbird_lowest_internal,,1,68,132.94,134.28,145.85,184.67,424.4,132.74,134.28,145.95,184.87,424.4,1,,50.0,0.0,0,NONE
2026-09-18T17:25:47.161+00:00,915.887,routine,Adaptive thermal response carryover,duty,1500,449.1,132.94,inkbird_lowest_internal,,1,68,132.94,134.28,145.85,184.67,424.4,132.74,134.28,145.95,184.87,424.4,1,,50.0,0.0,0,NONE
2026-09-18T17:25:48.160+00:00,916.887,routine,Adaptive thermal response carryover,duty,1500,449.6,133.19,inkbird_lowest_internal,,1,68,133.19,134.54,146.1,184.91,424.4,132.99,134.54,146.2,185.11,424.4,1,,50.0,0.0,0,NONE
2026-09-18T17:25:49.161+00:00,917.887,routine,Adaptive thermal response carryover,duty,1500,450.0,133.19,inkbird_lowest_internal,,1,68,133.19,134.54,146.1,184.91,424.4,132.99,134.54,146.2,185.11,424.4,1,,50.0,0.0,0,NONE
2026-09-18T17:25:50.160+00:00,918.887,routine,Adaptive thermal response carryover,duty,1500,450.0,133.45,inkbird_lowest_internal,,1,68,133.45,134.8,146.35,185.14,426.2,133.25,134.8,146.45,185.34,426.2,1,,50.0,0.0,0,NONE
2026-09-18T17:25:50.661+00:00,919.387,routine,Adaptive thermal response carryover,duty,1500,450.5,133.45,inkbird_lowest_internal,,1,68,133.45,134.8,146.35,185.14,426.2,133.25,134.8,146.45,185.34,426.2,1,,50.0,0.0,0,NONE
2026-09-18T17:25:51.162+00:00,919.888,routine,Adaptive thermal response carryover,duty,1500,450.0,133.45,inkbird_lowest_internal,,1,68,133.45,134.8,146.35,185.14,426.2,133.25,134.8,146.45,185.34,426.2,1,,50.0,0.0,0,NONE
2026-09-18T17:25:52.160+00:00,920.887,routine,Adaptive thermal response carryover,duty,1500,450.5,133.73,inkbird_lowest_internal,,1,68,133.73,135.07,146.62,185.38,426.2,133.53,135.07,146.72,185.58,426.2,1,,50.0,0.0,0,NONE
2026-09-18T17:25:52.661+00:00,921.387,routine,Adaptive thermal response carryover,duty,1500,451.0,133.73,inkbird_lowest_internal,,1,68,133.73,135.07,146.62,185.38,426.2,133.53,135.07,146.72,185.58,426.2,1,,50.0,0.0,0,NONE
2026-09-18T17:25:53.660+00:00,922.387,routine,Adaptive thermal response carryover,duty,1500,451.0,133.73,inkbird_lowest_internal,,1,68,133.73,135.07,146.62,185.38,426.2,133.53,135.07,146.72,185.58,426.2,1,,50.0,0.0,0,NONE
2026-09-18T17:25:54.160+00:00,922.887,routine,Adaptive thermal response carryover,duty,1500,450.5,133.73,inkbird_lowest_internal,,1,68,133.73,135.07,146.62,185.38,426.2,133.53,135.07,146.72,185.58,426.2,1,,50.0,0.0,0,NONE
2026-09-18T17:25:55.160+00:00,923.887,routine,Adaptive thermal response carryover,duty,1500,451.9,133.99,inkbird_lowest_internal,,1,68,133.99,135.33,146.87,185.62,426.2,133.79,135.33,146.97,185.82,426.2,1,,50.0,0.0,0,NONE
2026-09-18T17:25:55.660+00:00,924.387,routine,Adaptive thermal response carryover,duty,1500,451.0,133.99,inkbird_lowest_internal,,1,68,133.99,135.33,146.87,185.62,426.2,133.79,135.33,146.97,185.82,426.2,1,,50.0,0.0,0,NONE
2026-09-18T17:25:56.160+00:00,924.887,routine,Adaptive thermal response carryover,duty,1500,451.9,133.99,inkbird_lowest_internal,,1,68,133.99,135.33,146.87,185.62,426.2,133.79,135.33,146.97,185.82,426.2,1,,50.0,0.0,0,NONE
2026-09-18T17:25:56.662+00:00,925.389,routine,Adaptive thermal response carryover,duty,1500,451.9,133.99,inkbird_lowest_internal,,1,68,133.99,135.33,146.87,185.62,426.2,133.79,135.33,146.97,185.82,426.2,1,,50.0,0.0,0,NONE
2026-09-18T17:25:57.660+00:00,926.387,routine,Adaptive thermal response carryover,duty,1500,451.4,134.25,inkbird_lowest_internal,,1,68,134.25,135.59,147.12,185.85,426.2,134.05,135.59,147.22,186.05,426.2,1,,50.0,0.0,0,NONE
2026-09-18T17:25:58.660+00:00,927.387,routine,Adaptive thermal response carryover,duty,1500,452.8,134.25,inkbird_lowest_internal,,1,68,134.25,135.59,147.12,185.85,426.2,134.05,135.59,147.22,186.05,426.2,1,,50.0,0.0,0,NONE
2026-09-18T17:25:59.660+00:00,928.387,routine,Adaptive thermal response carryover,duty,1500,452.8,134.51,inkbird_lowest_internal,,1,68,134.51,135.85,147.39,186.08,428.0,134.31,135.85,147.49,186.28,428.0,1,,50.0,0.0,0,NONE
2026-09-18T17:26:00.660+00:00,929.387,routine,Adaptive thermal response carryover,duty,1500,452.8,134.51,inkbird_lowest_internal,,1,68,134.51,135.85,147.39,186.08,428.0,134.31,135.85,147.49,186.28,428.0,1,,50.0,0.0,0,NONE
2026-09-18T17:26:01.160+00:00,929.887,routine,Adaptive thermal response carryover,duty,1500,453.2,134.77,inkbird_lowest_internal,,1,68,134.77,136.11,147.66,186.33,428.0,134.57,136.11,147.76,186.53,428.0,1,,50.0,0.0,0,NONE
2026-09-18T17:26:02.160+00:00,930.887,routine,Adaptive thermal response carryover,duty,1500,453.6,135.04,inkbird_lowest_internal,,1,68,135.04,136.38,147.91,186.57,428.0,134.84,136.38,148.01,186.77,428.0,1,,50.0,0.0,0,NONE
2026-09-18T17:26:03.160+00:00,931.887,routine,Adaptive thermal response carryover,duty,1500,453.2,135.04,inkbird_lowest_internal,,1,68,135.04,136.38,147.91,186.57,428.0,134.84,136.38,148.01,186.77,428.0,1,,50.0,0.0,0,NONE
2026-09-18T17:26:03.660+00:00,932.387,routine,Adaptive thermal response carryover,duty,1500,453.6,135.04,inkbird_lowest_internal,,1,68,135.04,136.38,147.91,186.57,428.0,134.84,136.38,148.01,186.77,428.0,1,,50.0,0.0,0,NONE
2026-09-18T17:26:04.660+00:00,933.387,routine,Adaptive thermal response carryover,duty,1500,453.2,135.31,inkbird_lowest_internal,,1,68,135.31,136.64,148.16,186.79,428.0,135.11,136.64,148.26,186.99,428.0,1,,50.0,0.0,0,NONE
2026-09-18T17:26:05.160+00:00,933.887,routine,Adaptive thermal response carryover,duty,1500,453.6,135.31,inkbird_lowest_internal,,1,68,135.31,136.64,148.16,186.79,428.0,135.11,136.64,148.26,186.99,428.0,1,,50.0,0.0,0,NONE
2026-09-18T17:26:06.160+00:00,934.887,routine,Adaptive thermal response carryover,duty,1500,454.1,135.56,inkbird_lowest_internal,,1,68,135.56,136.9,148.41,187.04,428.0,135.36,136.9,148.51,187.24,428.0,1,,50.0,0.0,0,NONE
2026-09-18T17:26:06.660+00:00,935.387,routine,Adaptive thermal response carryover,duty,1500,454.5,135.56,inkbird_lowest_internal,,1,68,135.56,136.9,148.41,187.04,428.0,135.36,136.9,148.51,187.24,428.0,1,,50.0,0.0,0,NONE
2026-09-18T17:26:07.161+00:00,935.888,routine,Adaptive thermal response carryover,duty,1500,455.0,135.56,inkbird_lowest_internal,,1,68,135.56,136.9,148.41,187.04,428.0,135.36,136.9,148.51,187.24,428.0,1,,50.0,0.0,0,NONE
2026-09-18T17:26:08.160+00:00,936.887,routine,Adaptive thermal response carryover,duty,1500,454.5,135.82,inkbird_lowest_internal,,1,68,135.82,137.15,148.67,187.27,428.0,135.62,137.15,148.77,187.47,428.0,1,,50.0,0.0,0,NONE
2026-09-18T17:26:09.160+00:00,937.887,routine,Adaptive thermal response carryover,duty,1500,453.6,135.82,inkbird_lowest_internal,,1,68,135.82,137.15,148.67,187.27,428.0,135.62,137.15,148.77,187.47,428.0,1,,50.0,0.0,0,NONE
2026-09-18T17:26:09.660+00:00,938.387,routine,Adaptive thermal response carryover,duty,1500,455.0,135.82,inkbird_lowest_internal,,1,68,135.82,137.15,148.67,187.27,428.0,135.62,137.15,148.77,187.47,428.0,1,,50.0,0.0,0,NONE
2026-09-18T17:26:10.660+00:00,939.387,routine,Adaptive thermal response carryover,duty,1500,454.5,135.82,inkbird_lowest_internal,,1,68,135.82,137.15,148.67,187.27,428.0,135.62,137.15,148.77,187.47,428.0,1,,50.0,0.0,0,NONE
2026-09-18T17:26:11.660+00:00,940.387,routine,Adaptive thermal response carryover,duty,1500,455.0,136.09,inkbird_lowest_internal,,1,68,136.09,137.41,148.92,187.52,429.8,135.89,137.41,149.02,187.72,429.8,1,,50.0,0.0,0,NONE
2026-09-18T17:26:12.660+00:00,941.387,routine,Adaptive thermal response carryover,duty,1500,455.5,136.34,inkbird_lowest_internal,,1,68,136.34,137.69,149.19,187.77,429.8,136.14,137.69,149.29,187.97,429.8,1,,50.0,0.0,0,NONE
2026-09-18T17:26:13.660+00:00,942.387,routine,Adaptive thermal response carryover,duty,1500,456.4,136.34,inkbird_lowest_internal,,1,68,136.34,137.69,149.19,187.77,429.8,136.14,137.69,149.29,187.97,429.8,1,,50.0,0.0,0,NONE
2026-09-18T17:26:14.660+00:00,943.387,routine,Adaptive thermal response carryover,duty,1500,456.4,136.61,inkbird_lowest_internal,,1,68,136.61,137.95,149.45,188.01,429.8,136.41,137.95,149.55,188.21,429.8,1,,50.0,0.0,0,NONE
2026-09-18T17:26:15.660+00:00,944.387,routine,Adaptive thermal response carryover,duty,1500,456.4,136.61,inkbird_lowest_internal,,1,68,136.61,137.95,149.45,188.01,429.8,136.41,137.95,149.55,188.21,429.8,1,,50.0,0.0,0,NONE
2026-09-18T17:26:16.660+00:00,945.387,routine,Adaptive thermal response carryover,duty,1500,456.4,136.86,inkbird_lowest_internal,,1,68,136.86,138.21,149.69,188.25,429.8,136.66,138.21,149.79,188.45,429.8,1,,50.0,0.0,0,NONE
2026-09-18T17:26:17.662+00:00,946.388,routine,Adaptive thermal response carryover,duty,1500,456.4,136.86,inkbird_lowest_internal,,1,68,136.86,138.21,149.69,188.25,429.8,136.66,138.21,149.79,188.45,429.8,1,,50.0,0.0,0,NONE
2026-09-18T17:26:18.660+00:00,947.387,routine,Adaptive thermal response carryover,duty,1500,456.8,137.12,inkbird_lowest_internal,,1,68,137.12,138.48,149.96,188.49,429.8,136.92,138.48,150.06,188.69,429.8,1,,50.0,0.0,0,NONE
2026-09-18T17:26:19.660+00:00,948.387,routine,Adaptive thermal response carryover,duty,1500,456.4,137.12,inkbird_lowest_internal,,1,68,137.12,138.48,149.96,188.49,429.8,136.92,138.48,150.06,188.69,429.8,1,,50.0,0.0,0,NONE
2026-09-18T17:26:20.660+00:00,949.386,routine,Adaptive thermal response carryover,duty,1500,456.4,137.37,inkbird_lowest_internal,,1,68,137.37,138.73,150.22,188.74,431.6,137.17,138.73,150.32,188.94,431.6,1,,50.0,0.0,0,NONE
2026-09-18T17:26:21.160+00:00,949.887,routine,Adaptive thermal response carryover,duty,1500,456.4,137.37,inkbird_lowest_internal,,1,68,137.37,138.73,150.22,188.74,431.6,137.17,138.73,150.32,188.94,431.6,1,,50.0,0.0,0,NONE
2026-09-18T17:26:22.160+00:00,950.887,routine,Adaptive thermal response carryover,duty,1500,457.7,137.63,inkbird_lowest_internal,,1,68,137.63,139.0,150.48,188.98,431.6,137.43,139.0,150.58,189.18,431.6,1,,50.0,0.0,0,NONE
2026-09-18T17:26:23.160+00:00,951.886,routine,Adaptive thermal response carryover,duty,1500,458.1,137.63,inkbird_lowest_internal,,1,68,137.63,139.0,150.48,188.98,431.6,137.43,139.0,150.58,189.18,431.6,1,,50.0,0.0,0,NONE
2026-09-18T17:26:23.660+00:00,952.387,routine,Adaptive thermal response carryover,duty,1500,457.7,137.63,inkbird_lowest_internal,,1,68,137.63,139.0,150.48,188.98,431.6,137.43,139.0,150.58,189.18,431.6,1,,50.0,0.0,0,NONE
2026-09-18T17:26:24.660+00:00,953.386,routine,Adaptive thermal response carryover,duty,1500,458.1,137.89,inkbird_lowest_internal,,1,68,137.89,139.26,150.74,189.23,431.6,137.69,139.26,150.84,189.43,431.6,1,,50.0,0.0,0,NONE
2026-09-18T17:26:25.660+00:00,954.387,routine,Adaptive thermal response carryover,duty,1500,458.1,137.89,inkbird_lowest_internal,,1,68,137.89,139.26,150.74,189.23,431.6,137.69,139.26,150.84,189.43,431.6,1,,50.0,0.0,0,NONE
2026-09-18T17:26:26.659+00:00,955.386,routine,Adaptive thermal response carryover,duty,1500,458.1,138.14,inkbird_lowest_internal,,1,68,138.14,139.52,151.0,189.47,431.6,137.94,139.52,151.1,189.67,431.6,1,,50.0,0.0,0,NONE
2026-09-18T17:26:27.660+00:00,956.386,routine,Adaptive thermal response carryover,duty,1500,459.0,138.14,inkbird_lowest_internal,,1,68,138.14,139.52,151.0,189.47,431.6,137.94,139.52,151.1,189.67,431.6,1,,50.0,0.0,0,NONE
2026-09-18T17:26:28.160+00:00,956.887,routine,Adaptive thermal response carryover,duty,1500,459.0,138.14,inkbird_lowest_internal,,1,68,138.14,139.52,151.0,189.47,431.6,137.94,139.52,151.1,189.67,431.6,1,,50.0,0.0,0,NONE
2026-09-18T17:26:29.159+00:00,957.886,routine,Adaptive thermal response carryover,duty,1500,459.5,138.4,inkbird_lowest_internal,,1,68,138.4,139.77,151.26,189.72,431.6,138.2,139.77,151.36,189.92,431.6,1,,50.0,0.0,0,NONE
2026-09-18T17:26:29.660+00:00,958.386,routine,Adaptive thermal response carryover,duty,1500,459.5,138.4,inkbird_lowest_internal,,1,68,138.4,139.77,151.26,189.72,431.6,138.2,139.77,151.36,189.92,431.6,1,,50.0,0.0,0,NONE
2026-09-18T17:26:30.659+00:00,959.386,routine,Adaptive thermal response carryover,duty,1500,459.5,138.4,inkbird_lowest_internal,,1,68,138.4,139.77,151.26,189.72,431.6,138.2,139.77,151.36,189.92,431.6,1,,50.0,0.0,0,NONE
2026-09-18T17:26:31.660+00:00,960.386,routine,Adaptive thermal response carryover,duty,1500,459.5,138.66,inkbird_lowest_internal,,1,68,138.66,140.03,151.51,189.98,431.6,138.46,140.03,151.61,190.18,431.6,1,,50.0,0.0,0,NONE
2026-09-18T17:26:32.659+00:00,961.386,routine,Adaptive thermal response carryover,duty,1500,460.0,138.91,inkbird_lowest_internal,,1,68,138.91,140.29,151.77,190.23,433.4,138.71,140.29,151.87,190.43,433.4,1,,50.0,0.0,0,NONE
2026-09-18T17:26:33.159+00:00,961.886,routine,Adaptive thermal response carryover,duty,1500,459.5,138.91,inkbird_lowest_internal,,1,68,138.91,140.29,151.77,190.23,433.4,138.71,140.29,151.87,190.43,433.4,1,,50.0,0.0,0,NONE
2026-09-18T17:26:34.159+00:00,962.886,routine,Adaptive thermal response carryover,duty,1500,459.5,139.16,inkbird_lowest_internal,,1,68,139.16,140.56,152.02,190.47,433.4,138.96,140.56,152.12,190.67,433.4,1,,50.0,0.0,0,NONE
2026-09-18T17:26:35.159+00:00,963.886,routine,Adaptive thermal response carryover,duty,1500,460.4,139.16,inkbird_lowest_internal,,1,68,139.16,140.56,152.02,190.47,433.4,138.96,140.56,152.12,190.67,433.4,1,,50.0,0.0,0,NONE
2026-09-18T17:26:35.659+00:00,964.386,routine,Adaptive thermal response carryover,duty,1500,460.4,139.16,inkbird_lowest_internal,,1,68,139.16,140.56,152.02,190.47,433.4,138.96,140.56,152.12,190.67,433.4,1,,50.0,0.0,0,NONE
2026-09-18T17:26:36.659+00:00,965.386,routine,Adaptive thermal response carryover,duty,1500,460.4,139.42,inkbird_lowest_internal,,1,68,139.42,140.82,152.28,190.71,433.4,139.22,140.82,152.38,190.91,433.4,1,,50.0,0.0,0,NONE
2026-09-18T17:26:37.659+00:00,966.386,routine,Adaptive thermal response carryover,duty,1500,460.4,139.42,inkbird_lowest_internal,,1,68,139.42,140.82,152.28,190.71,433.4,139.22,140.82,152.38,190.91,433.4,1,,50.0,0.0,0,NONE
2026-09-18T17:26:38.660+00:00,967.387,routine,Adaptive thermal response carryover,duty,1500,460.0,139.67,inkbird_lowest_internal,,1,68,139.67,141.08,152.53,190.96,435.2,139.47,141.08,152.63,191.16,435.2,1,,50.0,0.0,0,NONE
2026-09-18T17:26:39.659+00:00,968.386,routine,Adaptive thermal response carryover,duty,1500,460.9,139.67,inkbird_lowest_internal,,1,68,139.67,141.08,152.53,190.96,435.2,139.47,141.08,152.63,191.16,435.2,1,,50.0,0.0,0,NONE
2026-09-18T17:26:40.659+00:00,969.386,routine,Adaptive thermal response carryover,duty,1500,460.9,139.93,inkbird_lowest_internal,,1,68,139.93,141.35,152.79,191.21,435.2,139.73,141.35,152.89,191.41,435.2,1,,50.0,0.0,0,NONE
2026-09-18T17:26:41.659+00:00,970.386,routine,Adaptive thermal response carryover,duty,1500,461.3,139.93,inkbird_lowest_internal,,1,68,139.93,141.35,152.79,191.21,435.2,139.73,141.35,152.89,191.41,435.2,1,,50.0,0.0,0,NONE
2026-09-18T17:26:42.659+00:00,971.386,routine,Adaptive thermal response carryover,duty,1500,460.9,139.93,inkbird_lowest_internal,,1,68,139.93,141.35,152.79,191.21,435.2,139.73,141.35,152.89,191.41,435.2,1,,50.0,0.0,0,NONE
2026-09-18T17:26:43.659+00:00,972.386,routine,Adaptive thermal response carryover,duty,1500,462.2,140.18,inkbird_lowest_internal,,1,68,140.18,141.59,153.05,191.46,435.2,139.98,141.59,153.15,191.66,435.2,1,,50.0,0.0,0,NONE
2026-09-18T17:26:44.659+00:00,973.386,routine,Adaptive thermal response carryover,duty,1500,462.2,140.44,inkbird_lowest_internal,,1,68,140.44,141.86,153.31,191.7,435.2,140.24,141.86,153.41,191.9,435.2,1,,50.0,0.0,0,NONE
2026-09-18T17:26:45.659+00:00,974.386,routine,Adaptive thermal response carryover,duty,1500,462.6,140.44,inkbird_lowest_internal,,1,68,140.44,141.86,153.31,191.7,435.2,140.24,141.86,153.41,191.9,435.2,1,,50.0,0.0,0,NONE
2026-09-18T17:26:46.659+00:00,975.386,routine,Adaptive thermal response carryover,duty,1500,462.6,140.69,inkbird_lowest_internal,,1,68,140.69,142.12,153.56,191.94,435.2,140.49,142.12,153.66,192.14,435.2,1,,50.0,0.0,0,NONE
2026-09-18T17:26:47.659+00:00,976.386,routine,Adaptive thermal response carryover,duty,1500,462.6,140.69,inkbird_lowest_internal,,1,68,140.69,142.12,153.56,191.94,435.2,140.49,142.12,153.66,192.14,435.2,1,,50.0,0.0,0,NONE
2026-09-18T17:26:48.659+00:00,977.386,routine,Adaptive thermal response carryover,duty,1500,462.2,140.95,inkbird_lowest_internal,,1,68,140.95,142.38,153.82,192.18,435.2,140.75,142.38,153.92,192.38,435.2,1,,50.0,0.0,0,NONE
2026-09-18T17:26:49.160+00:00,977.887,routine,Adaptive thermal response carryover,duty,1500,462.6,140.95,inkbird_lowest_internal,,1,68,140.95,142.38,153.82,192.18,435.2,140.75,142.38,153.92,192.38,435.2,1,,50.0,0.0,0,NONE
2026-09-18T17:26:50.159+00:00,978.886,routine,Adaptive thermal response carryover,duty,1500,463.5,141.2,inkbird_lowest_internal,,1,68,141.2,142.64,154.09,192.43,437.0,141.0,142.64,154.19,192.63,437.0,1,,50.0,0.0,0,NONE
2026-09-18T17:26:51.159+00:00,979.886,routine,Adaptive thermal response carryover,duty,1500,463.1,141.2,inkbird_lowest_internal,,1,68,141.2,142.64,154.09,192.43,437.0,141.0,142.64,154.19,192.63,437.0,1,,50.0,0.0,0,NONE
2026-09-18T17:26:51.659+00:00,980.386,routine,Adaptive thermal response carryover,duty,1500,464.0,141.2,inkbird_lowest_internal,,1,68,141.2,142.64,154.09,192.43,437.0,141.0,142.64,154.19,192.63,437.0,1,,50.0,0.0,0,NONE
2026-09-18T17:26:52.659+00:00,981.386,routine,Adaptive thermal response carryover,duty,1500,463.1,141.45,inkbird_lowest_internal,,1,68,141.45,142.9,154.33,192.68,437.0,141.25,142.9,154.43,192.88,437.0,1,,50.0,0.0,0,NONE
2026-09-18T17:26:53.659+00:00,982.386,routine,Adaptive thermal response carryover,duty,1500,464.0,141.45,inkbird_lowest_internal,,1,68,141.45,142.9,154.33,192.68,437.0,141.25,142.9,154.43,192.88,437.0,1,,50.0,0.0,0,NONE
2026-09-18T17:26:54.659+00:00,983.386,routine,Adaptive thermal response carryover,duty,1500,464.0,141.7,inkbird_lowest_internal,,1,68,141.7,143.16,154.59,192.9,437.0,141.5,143.16,154.69,193.1,437.0,1,,50.0,0.0,0,NONE
2026-09-18T17:26:55.659+00:00,984.386,routine,Adaptive thermal response carryover,duty,1500,464.0,141.7,inkbird_lowest_internal,,1,68,141.7,143.16,154.59,192.9,437.0,141.5,143.16,154.69,193.1,437.0,1,,50.0,0.0,0,NONE
2026-09-18T17:26:56.659+00:00,985.386,routine,Adaptive thermal response carryover,duty,1500,464.5,141.96,inkbird_lowest_internal,,1,68,141.96,143.41,154.84,193.15,437.0,141.76,143.41,154.94,193.35,437.0,1,,50.0,0.0,0,NONE
2026-09-18T17:26:57.659+00:00,986.386,routine,Adaptive thermal response carryover,duty,1500,464.5,141.96,inkbird_lowest_internal,,1,68,141.96,143.41,154.84,193.15,437.0,141.76,143.41,154.94,193.35,437.0,1,,50.0,0.0,0,NONE
2026-09-18T17:26:58.659+00:00,987.386,routine,Adaptive thermal response carryover,duty,1500,464.5,142.22,inkbird_lowest_internal,,1,68,142.22,143.66,155.1,193.38,437.0,142.02,143.66,155.2,193.58,437.0,1,,50.0,0.0,0,NONE
2026-09-18T17:26:59.660+00:00,988.387,routine,Adaptive thermal response carryover,duty,1500,464.5,142.22,inkbird_lowest_internal,,1,68,142.22,143.66,155.1,193.38,437.0,142.02,143.66,155.2,193.58,437.0,1,,50.0,0.0,0,NONE
2026-09-18T17:27:00.659+00:00,989.385,routine,Adaptive thermal response carryover,duty,1500,464.9,142.22,inkbird_lowest_internal,,1,68,142.22,143.66,155.1,193.38,437.0,142.02,143.66,155.2,193.58,437.0,1,,50.0,0.0,0,NONE
2026-09-18T17:27:01.659+00:00,990.386,routine,Adaptive thermal response carryover,duty,1500,464.9,142.47,inkbird_lowest_internal,,1,68,142.47,143.92,155.35,193.61,437.0,142.27,143.92,155.45,193.81,437.0,1,,50.0,0.0,0,NONE
2026-09-18T17:27:02.659+00:00,991.385,routine,Adaptive thermal response carryover,duty,1500,464.5,142.71,inkbird_lowest_internal,,1,68,142.71,144.18,155.6,193.86,438.8,142.51,144.18,155.7,194.06,438.8,1,,50.0,0.0,0,NONE
2026-09-18T17:27:03.659+00:00,992.386,routine,Adaptive thermal response carryover,duty,1500,465.8,142.71,inkbird_lowest_internal,,1,68,142.71,144.18,155.6,193.86,438.8,142.51,144.18,155.7,194.06,438.8,1,,50.0,0.0,0,NONE
2026-09-18T17:27:04.659+00:00,993.385,routine,Adaptive thermal response carryover,duty,1500,465.8,142.98,inkbird_lowest_internal,,1,68,142.98,144.43,155.86,194.09,438.8,142.78,144.43,155.96,194.29,438.8,1,,50.0,0.0,0,NONE
2026-09-18T17:27:05.159+00:00,993.886,routine,Adaptive thermal response carryover,duty,1500,464.9,142.98,inkbird_lowest_internal,,1,68,142.98,144.43,155.86,194.09,438.8,142.78,144.43,155.96,194.29,438.8,1,,50.0,0.0,0,NONE
2026-09-18T17:27:06.159+00:00,994.886,routine,Adaptive thermal response carryover,duty,1500,464.9,143.23,inkbird_lowest_internal,,1,68,143.23,144.69,156.11,194.33,438.8,143.03,144.69,156.21,194.53,438.8,1,,50.0,0.0,0,NONE
2026-09-18T17:27:07.159+00:00,995.885,routine,Adaptive thermal response carryover,duty,1500,465.4,143.23,inkbird_lowest_internal,,1,68,143.23,144.69,156.11,194.33,438.8,143.03,144.69,156.21,194.53,438.8,1,,50.0,0.0,0,NONE
2026-09-18T17:27:08.159+00:00,996.885,routine,Adaptive thermal response carryover,duty,1500,465.8,143.47,inkbird_lowest_internal,,1,68,143.47,144.96,156.37,194.57,438.8,143.27,144.96,156.47,194.77,438.8,1,,50.0,0.0,0,NONE
2026-09-18T17:27:09.158+00:00,997.885,routine,Adaptive thermal response carryover,duty,1500,465.8,143.47,inkbird_lowest_internal,,1,68,143.47,144.96,156.37,194.57,438.8,143.27,144.96,156.47,194.77,438.8,1,,50.0,0.0,0,NONE
2026-09-18T17:27:10.158+00:00,998.885,routine,Adaptive thermal response carryover,duty,1500,466.7,143.72,inkbird_lowest_internal,,1,68,143.72,145.22,156.62,194.8,440.6,143.52,145.22,156.72,195.0,440.6,1,,50.0,0.0,0,NONE
2026-09-18T17:27:11.158+00:00,999.885,routine,Adaptive thermal response carryover,duty,1500,465.8,143.72,inkbird_lowest_internal,,1,68,143.72,145.22,156.62,194.8,440.6,143.52,145.22,156.72,195.0,440.6,1,,50.0,0.0,0,NONE
2026-09-18T17:27:11.659+00:00,1000.385,routine,Adaptive thermal response carryover,duty,1500,465.8,143.72,inkbird_lowest_internal,,1,68,143.72,145.22,156.62,194.8,440.6,143.52,145.22,156.72,195.0,440.6,1,,50.0,0.0,0,NONE
2026-09-18T17:27:12.159+00:00,1000.885,routine,Adaptive thermal response carryover,duty,1500,465.4,143.96,inkbird_lowest_internal,,1,68,143.96,145.47,156.87,195.04,440.6,143.76,145.47,156.97,195.24,440.6,1,,50.0,0.0,0,NONE
2026-09-18T17:27:13.158+00:00,1001.885,routine,Adaptive thermal response carryover,duty,1500,466.7,143.96,inkbird_lowest_internal,,1,68,143.96,145.47,156.87,195.04,440.6,143.76,145.47,156.97,195.24,440.6,1,,50.0,0.0,0,NONE
2026-09-18T17:27:13.658+00:00,1002.385,routine,Adaptive thermal response carryover,duty,1500,466.7,143.96,inkbird_lowest_internal,,1,68,143.96,145.47,156.87,195.04,440.6,143.76,145.47,156.97,195.24,440.6,1,,50.0,0.0,0,NONE
2026-09-18T17:27:14.658+00:00,1003.385,routine,Adaptive thermal response carryover,duty,1500,466.7,144.21,inkbird_lowest_internal,,1,68,144.21,145.73,157.12,195.27,440.6,144.01,145.73,157.22,195.47,440.6,1,,50.0,0.0,0,NONE
2026-09-18T17:27:15.660+00:00,1004.386,routine,Adaptive thermal response carryover,duty,1500,466.7,144.21,inkbird_lowest_internal,,1,68,144.21,145.73,157.12,195.27,440.6,144.01,145.73,157.22,195.47,440.6,1,,50.0,0.0,0,NONE
2026-09-18T17:27:16.658+00:00,1005.385,routine,Adaptive thermal response carryover,duty,1500,467.1,144.46,inkbird_lowest_internal,,1,68,144.46,145.98,157.37,195.5,440.6,144.26,145.98,157.47,195.7,440.6,1,,50.0,0.0,0,NONE
2026-09-18T17:27:17.658+00:00,1006.385,routine,Adaptive thermal response carryover,duty,1500,467.6,144.46,inkbird_lowest_internal,,1,68,144.46,145.98,157.37,195.5,440.6,144.26,145.98,157.47,195.7,440.6,1,,50.0,0.0,0,NONE
2026-09-18T17:27:18.658+00:00,1007.385,routine,Adaptive thermal response carryover,duty,1500,467.1,144.46,inkbird_lowest_internal,,1,68,144.46,145.98,157.37,195.5,440.6,144.26,145.98,157.47,195.7,440.6,1,,50.0,0.0,0,NONE
2026-09-18T17:27:19.658+00:00,1008.385,routine,Adaptive thermal response carryover,duty,1500,468.0,144.71,inkbird_lowest_internal,,1,68,144.71,146.24,157.63,195.73,440.6,144.51,146.24,157.73,195.93,440.6,1,,50.0,0.0,0,NONE
2026-09-18T17:27:20.658+00:00,1009.385,routine,Adaptive thermal response carryover,duty,1500,467.6,144.71,inkbird_lowest_internal,,1,68,144.71,146.24,157.63,195.73,440.6,144.51,146.24,157.73,195.93,440.6,1,,50.0,0.0,0,NONE
2026-09-18T17:27:21.658+00:00,1010.385,routine,Adaptive thermal response carryover,duty,1500,467.6,144.97,inkbird_lowest_internal,,1,68,144.97,146.48,157.88,195.97,440.6,144.77,146.48,157.98,196.17,440.6,1,,50.0,0.0,0,NONE
2026-09-18T17:27:22.658+00:00,1011.385,routine,Adaptive thermal response carryover,duty,1500,467.1,145.22,inkbird_lowest_internal,,1,68,145.22,146.74,158.11,196.2,440.6,145.02,146.74,158.21,196.4,440.6,1,,50.0,0.0,0,NONE
2026-09-18T17:27:23.158+00:00,1011.885,routine,Adaptive thermal response carryover,duty,1500,468.0,145.22,inkbird_lowest_internal,,1,68,145.22,146.74,158.11,196.2,440.6,145.02,146.74,158.21,196.4,440.6,1,,50.0,0.0,0,NONE
2026-09-18T17:27:24.158+00:00,1012.885,routine,Adaptive thermal response carryover,duty,1500,469.0,145.47,inkbird_lowest_internal,,1,68,145.47,147.0,158.37,196.43,440.6,145.27,147.0,158.47,196.63,440.6,1,,50.0,0.0,0,NONE
2026-09-18T17:27:25.158+00:00,1013.885,routine,Adaptive thermal response carryover,duty,1500,469.0,145.47,inkbird_lowest_internal,,1,68,145.47,147.0,158.37,196.43,440.6,145.27,147.0,158.47,196.63,440.6,1,,50.0,0.0,0,NONE
2026-09-18T17:27:26.158+00:00,1014.885,routine,Adaptive thermal response carryover,duty,1500,468.5,145.71,inkbird_lowest_internal,,1,68,145.71,147.25,158.61,196.66,442.4,145.51,147.25,158.71,196.86,442.4,1,,50.0,0.0,0,NONE
2026-09-18T17:27:27.158+00:00,1015.885,routine,Adaptive thermal response carryover,duty,1500,469.0,145.71,inkbird_lowest_internal,,1,68,145.71,147.25,158.61,196.66,442.4,145.51,147.25,158.71,196.86,442.4,1,,50.0,0.0,0,NONE
2026-09-18T17:27:27.658+00:00,1016.385,routine,Adaptive thermal response carryover,duty,1500,469.0,145.71,inkbird_lowest_internal,,1,68,145.71,147.25,158.61,196.66,442.4,145.51,147.25,158.71,196.86,442.4,1,,50.0,0.0,0,NONE
2026-09-18T17:27:28.658+00:00,1017.385,routine,Adaptive thermal response carryover,duty,1500,469.0,145.95,inkbird_lowest_internal,,1,68,145.95,147.51,158.86,196.88,442.4,145.75,147.51,158.96,197.08,442.4,1,,50.0,0.0,0,NONE
2026-09-18T17:27:29.658+00:00,1018.385,routine,Adaptive thermal response carryover,duty,1500,468.0,145.95,inkbird_lowest_internal,,1,68,145.95,147.51,158.86,196.88,442.4,145.75,147.51,158.96,197.08,442.4,1,,50.0,0.0,0,NONE
2026-09-18T17:27:30.658+00:00,1019.385,routine,Adaptive thermal response carryover,duty,1500,468.5,146.2,inkbird_lowest_internal,,1,68,146.2,147.76,159.12,197.11,442.4,146.0,147.76,159.22,197.31,442.4,1,,50.0,0.0,0,NONE
2026-09-18T17:27:31.159+00:00,1019.886,routine,Adaptive thermal response carryover,duty,1500,468.5,146.2,inkbird_lowest_internal,,1,68,146.2,147.76,159.12,197.11,442.4,146.0,147.76,159.22,197.31,442.4,1,,50.0,0.0,0,NONE
2026-09-18T17:27:32.158+00:00,1020.885,routine,Adaptive thermal response carryover,duty,3000,463.5,146.2,inkbird_lowest_internal,,1,68,146.2,147.76,159.12,197.11,442.4,146.0,147.76,159.22,197.31,442.4,1,,50.0,0.0,0,NONE
2026-09-18T17:27:33.158+00:00,1021.885,routine,Adaptive thermal response carryover,duty,3000,468.0,146.44,inkbird_lowest_internal,,1,68,146.44,148.01,159.38,197.34,442.4,146.24,148.01,159.48,197.54,442.4,1,,50.0,0.0,0,NONE
2026-09-18T17:27:34.158+00:00,1022.885,routine,Adaptive thermal response carryover,duty,3000,468.5,146.68,inkbird_lowest_internal,,1,68,146.68,148.27,159.62,197.57,444.2,146.48,148.27,159.72,197.77,444.2,1,,50.0,0.0,0,NONE
2026-09-18T17:27:34.658+00:00,1023.385,routine,Adaptive thermal response carryover,duty,3000,469.0,146.68,inkbird_lowest_internal,,1,68,146.68,148.27,159.62,197.57,444.2,146.48,148.27,159.72,197.77,444.2,1,,50.0,0.0,0,NONE
2026-09-18T17:27:35.658+00:00,1024.385,routine,Adaptive thermal response carryover,duty,3000,468.0,146.68,inkbird_lowest_internal,,1,68,146.68,148.27,159.62,197.57,444.2,146.48,148.27,159.72,197.77,444.2,1,,50.0,0.0,0,NONE
2026-09-18T17:27:36.658+00:00,1025.385,routine,Adaptive thermal response carryover,duty,3000,466.3,146.92,inkbird_lowest_internal,,1,68,146.92,148.52,159.87,197.8,444.2,146.72,148.52,159.97,198.0,444.2,1,,50.0,0.0,0,NONE
2026-09-18T17:27:37.158+00:00,1025.885,routine,Adaptive thermal response carryover,duty,3000,464.9,146.92,inkbird_lowest_internal,,1,68,146.92,148.52,159.87,197.8,444.2,146.72,148.52,159.97,198.0,444.2,1,,50.0,0.0,0,NONE
2026-09-18T17:27:38.158+00:00,1026.885,routine,Adaptive thermal response carryover,duty,3000,468.5,147.16,inkbird_lowest_internal,,1,68,147.16,148.77,160.1,198.04,444.2,146.96,148.77,160.2,198.24,444.2,1,,50.0,0.0,0,NONE
2026-09-18T17:27:39.158+00:00,1027.885,routine,Adaptive thermal response carryover,duty,3000,469.0,147.16,inkbird_lowest_internal,,1,68,147.16,148.77,160.1,198.04,444.2,146.96,148.77,160.2,198.24,444.2,1,,50.0,0.0,0,NONE
2026-09-18T17:27:40.158+00:00,1028.885,routine,Adaptive thermal response carryover,duty,3000,469.4,147.4,inkbird_lowest_internal,,1,68,147.4,149.02,160.35,198.27,444.2,147.2,149.02,160.45,198.47,444.2,1,,50.0,0.0,0,NONE
2026-09-18T17:27:41.158+00:00,1029.885,routine,Adaptive thermal response carryover,duty,3000,465.8,147.4,inkbird_lowest_internal,,1,68,147.4,149.02,160.35,198.27,444.2,147.2,149.02,160.45,198.47,444.2,1,,50.0,0.0,0,NONE
2026-09-18T17:27:42.158+00:00,1030.885,routine,Adaptive thermal response carryover,duty,3000,468.5,147.64,inkbird_lowest_internal,,1,68,147.64,149.28,160.6,198.51,444.2,147.44,149.28,160.7,198.71,444.2,1,,50.0,0.0,0,NONE
2026-09-18T17:27:43.158+00:00,1031.885,routine,Adaptive thermal response carryover,duty,3000,469.0,147.64,inkbird_lowest_internal,,1,68,147.64,149.28,160.6,198.51,444.2,147.44,149.28,160.7,198.71,444.2,1,,50.0,0.0,0,NONE
2026-09-18T17:27:44.158+00:00,1032.885,routine,Adaptive thermal response carryover,duty,3000,469.0,147.89,inkbird_lowest_internal,,1,68,147.89,149.53,160.85,198.74,444.2,147.69,149.53,160.95,198.94,444.2,1,,50.0,0.0,0,NONE
2026-09-18T17:27:45.158+00:00,1033.885,routine,Adaptive thermal response carryover,duty,3000,469.9,147.89,inkbird_lowest_internal,,1,68,147.89,149.53,160.85,198.74,444.2,147.69,149.53,160.95,198.94,444.2,1,,50.0,0.0,0,NONE
2026-09-18T17:27:46.158+00:00,1034.884,routine,Adaptive thermal response carryover,duty,3000,468.5,148.12,inkbird_lowest_internal,,1,68,148.12,149.78,161.09,198.96,444.2,147.92,149.78,161.19,199.16,444.2,1,,50.0,0.0,0,NONE
2026-09-18T17:27:46.659+00:00,1035.386,routine,Adaptive thermal response carryover,duty,3000,469.0,148.12,inkbird_lowest_internal,,1,68,148.12,149.78,161.09,198.96,444.2,147.92,149.78,161.19,199.16,444.2,1,,50.0,0.0,0,NONE
2026-09-18T17:27:47.658+00:00,1036.384,routine,Adaptive thermal response carryover,duty,3000,464.9,148.12,inkbird_lowest_internal,,1,68,148.12,149.78,161.09,198.96,444.2,147.92,149.78,161.19,199.16,444.2,1,,50.0,0.0,0,NONE
2026-09-18T17:27:48.658+00:00,1037.384,routine,Adaptive thermal response carryover,duty,3000,468.5,148.36,inkbird_lowest_internal,,1,68,148.36,150.03,161.33,199.2,444.2,148.16,150.03,161.43,199.4,444.2,1,,50.0,0.0,0,NONE
2026-09-18T17:27:49.658+00:00,1038.384,routine,Adaptive thermal response carryover,duty,3000,468.5,148.36,inkbird_lowest_internal,,1,68,148.36,150.03,161.33,199.2,444.2,148.16,150.03,161.43,199.4,444.2,1,,50.0,0.0,0,NONE
2026-09-18T17:27:50.658+00:00,1039.384,routine,Adaptive thermal response carryover,duty,3000,469.9,148.36,inkbird_lowest_internal,,1,68,148.36,150.03,161.33,199.2,444.2,148.16,150.03,161.43,199.4,444.2,1,,50.0,0.0,0,NONE
2026-09-18T17:27:51.658+00:00,1040.384,routine,Adaptive thermal response carryover,duty,3000,469.4,148.6,inkbird_lowest_internal,,1,68,148.6,150.27,161.57,199.44,444.2,148.4,150.27,161.67,199.64,444.2,1,,50.0,0.0,0,NONE
2026-09-18T17:27:52.657+00:00,1041.384,routine,Adaptive thermal response carryover,duty,3000,469.4,148.6,inkbird_lowest_internal,,1,68,148.6,150.27,161.57,199.44,444.2,148.4,150.27,161.67,199.64,444.2,1,,50.0,0.0,0,NONE
2026-09-18T17:27:53.157+00:00,1041.884,routine,Adaptive thermal response carryover,duty,3000,468.5,148.83,inkbird_lowest_internal,,1,68,148.83,150.52,161.82,199.67,446.0,148.63,150.52,161.92,199.87,446.0,1,,50.0,0.0,0,NONE
2026-09-18T17:27:54.157+00:00,1042.884,routine,Adaptive thermal response carryover,duty,3000,464.9,149.07,inkbird_lowest_internal,,1,68,149.07,150.77,162.06,199.9,446.0,148.87,150.77,162.16,200.1,446.0,1,,50.0,0.0,0,NONE
2026-09-18T17:27:55.157+00:00,1043.884,routine,Adaptive thermal response carryover,duty,3000,468.5,149.07,inkbird_lowest_internal,,1,68,149.07,150.77,162.06,199.9,446.0,148.87,150.77,162.16,200.1,446.0,1,,50.0,0.0,0,NONE
2026-09-18T17:27:56.157+00:00,1044.884,routine,Adaptive thermal response carryover,duty,3000,468.5,149.3,inkbird_lowest_internal,,1,68,149.3,151.02,162.31,200.15,446.0,149.1,151.02,162.41,200.35,446.0,1,,50.0,0.0,0,NONE
2026-09-18T17:27:57.157+00:00,1045.884,routine,Adaptive thermal response carryover,duty,3000,468.5,149.3,inkbird_lowest_internal,,1,68,149.3,151.02,162.31,200.15,446.0,149.1,151.02,162.41,200.35,446.0,1,,50.0,0.0,0,NONE
2026-09-18T17:27:58.157+00:00,1046.884,routine,Adaptive thermal response carryover,duty,3000,468.5,149.54,inkbird_lowest_internal,,1,68,149.54,151.26,162.55,200.36,446.0,149.34,151.26,162.65,200.56,446.0,1,,50.0,0.0,0,NONE
2026-09-18T17:27:59.157+00:00,1047.884,routine,Adaptive thermal response carryover,duty,3000,466.7,149.54,inkbird_lowest_internal,,1,68,149.54,151.26,162.55,200.36,446.0,149.34,151.26,162.65,200.56,446.0,1,,50.0,0.0,0,NONE
2026-09-18T17:28:00.157+00:00,1048.884,routine,Adaptive thermal response carryover,duty,3000,464.0,149.78,inkbird_lowest_internal,,1,68,149.78,151.51,162.79,200.6,446.0,149.58,151.51,162.89,200.8,446.0,1,,50.0,0.0,0,NONE
2026-09-18T17:28:01.157+00:00,1049.884,routine,Adaptive thermal response carryover,duty,3000,465.8,149.78,inkbird_lowest_internal,,1,68,149.78,151.51,162.79,200.6,446.0,149.58,151.51,162.89,200.8,446.0,1,,50.0,0.0,0,NONE
2026-09-18T17:28:01.657+00:00,1050.384,routine,Adaptive thermal response carryover,duty,3000,464.5,149.78,inkbird_lowest_internal,,1,68,149.78,151.51,162.79,200.6,446.0,149.58,151.51,162.89,200.8,446.0,1,,50.0,0.0,0,NONE
2026-09-18T17:28:02.158+00:00,1050.885,routine,Adaptive thermal response carryover,duty,3000,466.7,150.02,inkbird_lowest_internal,,1,68,150.02,151.76,163.04,200.82,446.0,149.82,151.76,163.14,201.02,446.0,1,,50.0,0.0,0,NONE
2026-09-18T17:28:03.157+00:00,1051.884,routine,Adaptive thermal response carryover,duty,3000,467.1,150.02,inkbird_lowest_internal,,1,68,150.02,151.76,163.04,200.82,446.0,149.82,151.76,163.14,201.02,446.0,1,,50.0,0.0,0,NONE
2026-09-18T17:28:04.157+00:00,1052.884,routine,Adaptive thermal response carryover,duty,3000,464.9,150.25,inkbird_lowest_internal,,1,68,150.25,152.0,163.29,201.03,446.0,150.05,152.0,163.39,201.23,446.0,1,,50.0,0.0,0,NONE
2026-09-18T17:28:05.157+00:00,1053.884,routine,Adaptive thermal response carryover,duty,3000,464.9,150.25,inkbird_lowest_internal,,1,68,150.25,152.0,163.29,201.03,446.0,150.05,152.0,163.39,201.23,446.0,1,,50.0,0.0,0,NONE
2026-09-18T17:28:06.157+00:00,1054.884,routine,Adaptive thermal response carryover,duty,3000,467.6,150.48,inkbird_lowest_internal,,1,68,150.48,152.25,163.53,201.25,446.0,150.28,152.25,163.63,201.45,446.0,1,,50.0,0.0,0,NONE
2026-09-18T17:28:07.157+00:00,1055.884,routine,Adaptive thermal response carryover,duty,3000,466.7,150.48,inkbird_lowest_internal,,1,68,150.48,152.25,163.53,201.25,446.0,150.28,152.25,163.63,201.45,446.0,1,,50.0,0.0,0,NONE
2026-09-18T17:28:07.657+00:00,1056.384,routine,Adaptive thermal response carryover,duty,3000,462.2,150.48,inkbird_lowest_internal,,1,68,150.48,152.25,163.53,201.25,446.0,150.28,152.25,163.63,201.45,446.0,1,,50.0,0.0,0,NONE
2026-09-18T17:28:08.657+00:00,1057.384,routine,Adaptive thermal response carryover,duty,3000,461.8,150.48,inkbird_lowest_internal,,1,68,150.48,152.25,163.53,201.25,446.0,150.28,152.25,163.63,201.45,446.0,1,,50.0,0.0,0,NONE
2026-09-18T17:28:09.657+00:00,1058.384,routine,Adaptive thermal response carryover,duty,3000,464.0,150.7,inkbird_lowest_internal,,1,68,150.7,152.49,163.77,201.47,446.0,150.5,152.49,163.87,201.67,446.0,1,,50.0,0.0,0,NONE
2026-09-18T17:28:10.657+00:00,1059.384,routine,Adaptive thermal response carryover,duty,3000,465.8,150.7,inkbird_lowest_internal,,1,68,150.7,152.49,163.77,201.47,446.0,150.5,152.49,163.87,201.67,446.0,1,,50.0,0.0,0,NONE
2026-09-18T17:28:11.157+00:00,1059.884,routine,Adaptive thermal response carryover,duty,3000,465.4,150.94,inkbird_lowest_internal,,1,68,150.94,152.74,164.01,201.69,446.0,150.74,152.74,164.11,201.89,446.0,1,,50.0,0.0,0,NONE
2026-09-18T17:28:12.157+00:00,1060.884,routine,Adaptive thermal response carryover,duty,3000,464.9,151.17,inkbird_lowest_internal,,1,68,151.17,152.99,164.26,201.92,446.0,150.97,152.99,164.36,202.12,446.0,1,,50.0,0.0,0,NONE
2026-09-18T17:28:12.657+00:00,1061.384,routine,Adaptive thermal response carryover,duty,3000,464.9,151.17,inkbird_lowest_internal,,1,68,151.17,152.99,164.26,201.92,446.0,150.97,152.99,164.36,202.12,446.0,1,,50.0,0.0,0,NONE
2026-09-18T17:28:13.657+00:00,1062.384,routine,Adaptive thermal response carryover,duty,3000,465.4,151.17,inkbird_lowest_internal,,1,68,151.17,152.99,164.26,201.92,446.0,150.97,152.99,164.36,202.12,446.0,1,,50.0,0.0,0,NONE
2026-09-18T17:28:14.657+00:00,1063.384,routine,Adaptive thermal response carryover,duty,3000,465.4,151.39,inkbird_lowest_internal,,1,68,151.39,153.23,164.48,202.13,446.0,151.19,153.23,164.58,202.33,446.0,1,,50.0,0.0,0,NONE
2026-09-18T17:28:15.157+00:00,1063.884,routine,Adaptive thermal response carryover,duty,3000,464.0,151.39,inkbird_lowest_internal,,1,68,151.39,153.23,164.48,202.13,446.0,151.19,153.23,164.58,202.33,446.0,1,,50.0,0.0,0,NONE
2026-09-18T17:28:16.157+00:00,1064.884,routine,Adaptive thermal response carryover,duty,3000,464.5,151.62,inkbird_lowest_internal,,1,68,151.62,153.48,164.72,202.36,446.0,151.42,153.48,164.82,202.56,446.0,1,,50.0,0.0,0,NONE
2026-09-18T17:28:17.157+00:00,1065.884,routine,Adaptive thermal response carryover,duty,3000,464.0,151.62,inkbird_lowest_internal,,1,68,151.62,153.48,164.72,202.36,446.0,151.42,153.48,164.82,202.56,446.0,1,,50.0,0.0,0,NONE
2026-09-18T17:28:17.657+00:00,1066.384,routine,Adaptive thermal response carryover,duty,3000,464.5,151.62,inkbird_lowest_internal,,1,68,151.62,153.48,164.72,202.36,446.0,151.42,153.48,164.82,202.56,446.0,1,,50.0,0.0,0,NONE
2026-09-18T17:28:18.657+00:00,1067.384,routine,Adaptive thermal response carryover,duty,3000,460.0,151.84,inkbird_lowest_internal,,1,68,151.84,153.71,164.97,202.58,446.0,151.64,153.71,165.07,202.78,446.0,1,,50.0,0.0,0,NONE
2026-09-18T17:28:19.657+00:00,1068.384,routine,Adaptive thermal response carryover,duty,3000,463.1,151.84,inkbird_lowest_internal,,1,68,151.84,153.71,164.97,202.58,446.0,151.64,153.71,165.07,202.78,446.0,1,,50.0,0.0,0,NONE
2026-09-18T17:28:20.657+00:00,1069.384,routine,Adaptive thermal response carryover,duty,3000,463.1,152.06,inkbird_lowest_internal,,1,68,152.06,153.96,165.2,202.79,446.0,151.86,153.96,165.3,202.99,446.0,1,,50.0,0.0,0,NONE
2026-09-18T17:28:21.657+00:00,1070.384,routine,Adaptive thermal response carryover,duty,3000,464.0,152.06,inkbird_lowest_internal,,1,68,152.06,153.96,165.2,202.79,446.0,151.86,153.96,165.3,202.99,446.0,1,,50.0,0.0,0,NONE
2026-09-18T17:28:22.657+00:00,1071.384,routine,Adaptive thermal response carryover,duty,3000,464.0,152.06,inkbird_lowest_internal,,1,68,152.06,153.96,165.2,202.79,446.0,151.86,153.96,165.3,202.99,446.0,1,,50.0,0.0,0,NONE
2026-09-18T17:28:23.657+00:00,1072.384,routine,Adaptive thermal response carryover,duty,3000,463.1,152.3,inkbird_lowest_internal,,1,68,152.3,154.2,165.44,203.0,446.0,152.1,154.2,165.54,203.2,446.0,1,,50.0,0.0,0,NONE
2026-09-18T17:28:24.157+00:00,1072.884,routine,Adaptive thermal response carryover,duty,3000,459.0,152.3,inkbird_lowest_internal,,1,68,152.3,154.2,165.44,203.0,446.0,152.1,154.2,165.54,203.2,446.0,1,,50.0,0.0,0,NONE
2026-09-18T17:28:25.157+00:00,1073.884,routine,Adaptive thermal response carryover,duty,3000,460.4,152.52,inkbird_lowest_internal,,1,68,152.52,154.44,165.68,203.21,446.0,152.32,154.44,165.78,203.41,446.0,1,,50.0,0.0,0,NONE
2026-09-18T17:28:26.157+00:00,1074.883,routine,Adaptive thermal response carryover,duty,3000,460.9,152.74,inkbird_lowest_internal,,1,68,152.74,154.68,165.91,203.42,446.0,152.54,154.68,166.01,203.62,446.0,1,,50.0,0.0,0,NONE
2026-09-18T17:28:27.157+00:00,1075.883,routine,Adaptive thermal response carryover,duty,3000,460.9,152.74,inkbird_lowest_internal,,1,68,152.74,154.68,165.91,203.42,446.0,152.54,154.68,166.01,203.62,446.0,1,,50.0,0.0,0,NONE
2026-09-18T17:28:28.159+00:00,1076.886,routine,Adaptive thermal response carryover,duty,3000,460.4,152.97,inkbird_lowest_internal,,1,68,152.97,154.93,166.16,203.62,446.0,152.77,154.93,166.26,203.82,446.0,1,,50.0,0.0,0,NONE
2026-09-18T17:28:29.157+00:00,1077.883,routine,Adaptive thermal response carryover,duty,3000,460.0,152.97,inkbird_lowest_internal,,1,68,152.97,154.93,166.16,203.62,446.0,152.77,154.93,166.26,203.82,446.0,1,,50.0,0.0,0,NONE
2026-09-18T17:28:30.157+00:00,1078.883,routine,Adaptive thermal response carryover,duty,3000,459.0,153.19,inkbird_lowest_internal,,1,68,153.19,155.17,166.38,203.83,444.2,152.99,155.17,166.48,204.03,444.2,1,,50.0,0.0,0,NONE
2026-09-18T17:28:31.157+00:00,1079.883,routine,Adaptive thermal response carryover,duty,3000,459.5,153.19,inkbird_lowest_internal,,1,68,153.19,155.17,166.38,203.83,444.2,152.99,155.17,166.48,204.03,444.2,1,,50.0,0.0,0,NONE
2026-09-18T17:28:32.156+00:00,1080.883,routine,Adaptive thermal response carryover,duty,3000,459.0,153.41,inkbird_lowest_internal,,1,68,153.41,155.41,166.61,204.03,444.2,153.21,155.41,166.71,204.23,444.2,1,,50.0,0.0,0,NONE
2026-09-18T17:28:33.157+00:00,1081.883,routine,Adaptive thermal response carryover,duty,3000,458.6,153.41,inkbird_lowest_internal,,1,68,153.41,155.41,166.61,204.03,444.2,153.21,155.41,166.71,204.23,444.2,1,,50.0,0.0,0,NONE
2026-09-18T17:28:34.156+00:00,1082.883,routine,Adaptive thermal response carryover,duty,3000,458.6,153.63,inkbird_lowest_internal,,1,68,153.63,155.65,166.85,204.23,444.2,153.43,155.65,166.95,204.43,444.2,1,,50.0,0.0,0,NONE
2026-09-18T17:28:35.156+00:00,1083.883,routine,Adaptive thermal response carryover,duty,3000,458.1,153.63,inkbird_lowest_internal,,1,68,153.63,155.65,166.85,204.23,444.2,153.43,155.65,166.95,204.43,444.2,1,,50.0,0.0,0,NONE
2026-09-18T17:28:36.156+00:00,1084.883,routine,Adaptive thermal response carryover,duty,3000,455.5,153.85,inkbird_lowest_internal,,1,68,153.85,155.88,167.08,204.42,444.2,153.65,155.88,167.18,204.62,444.2,1,,50.0,0.0,0,NONE
2026-09-18T17:28:37.156+00:00,1085.883,routine,Adaptive thermal response carryover,duty,3000,455.9,153.85,inkbird_lowest_internal,,1,68,153.85,155.88,167.08,204.42,444.2,153.65,155.88,167.18,204.62,444.2,1,,50.0,0.0,0,NONE
2026-09-18T17:28:38.156+00:00,1086.883,routine,Adaptive thermal response carryover,duty,3000,455.9,154.07,inkbird_lowest_internal,,1,68,154.07,156.13,167.3,204.63,444.2,153.87,156.13,167.4,204.83,444.2,1,,50.0,0.0,0,NONE
2026-09-18T17:28:38.657+00:00,1087.384,routine,Adaptive thermal response carryover,duty,3000,455.9,154.07,inkbird_lowest_internal,,1,68,154.07,156.13,167.3,204.63,444.2,153.87,156.13,167.4,204.83,444.2,1,,50.0,0.0,0,NONE
2026-09-18T17:28:39.656+00:00,1088.383,routine,Adaptive thermal response carryover,duty,3000,455.9,154.07,inkbird_lowest_internal,,1,68,154.07,156.13,167.3,204.63,444.2,153.87,156.13,167.4,204.83,444.2,1,,50.0,0.0,0,NONE
2026-09-18T17:28:40.156+00:00,1088.883,routine,Adaptive thermal response carryover,duty,3000,455.5,154.07,inkbird_lowest_internal,,1,68,154.07,156.13,167.3,204.63,444.2,153.87,156.13,167.4,204.83,444.2,1,,50.0,0.0,0,NONE
2026-09-18T17:28:41.156+00:00,1089.883,routine,Adaptive thermal response carryover,duty,3000,454.5,154.28,inkbird_lowest_internal,,1,68,154.28,156.36,167.52,204.84,444.2,154.08,156.36,167.62,205.04,444.2,1,,50.0,0.0,0,NONE
2026-09-18T17:28:42.157+00:00,1090.883,routine,Adaptive thermal response carryover,duty,3000,454.1,154.51,inkbird_lowest_internal,,1,68,154.51,156.59,167.76,205.03,442.4,154.31,156.59,167.86,205.23,442.4,1,,50.0,0.0,0,NONE
2026-09-18T17:28:43.156+00:00,1091.883,routine,Adaptive thermal response carryover,duty,3000,453.2,154.51,inkbird_lowest_internal,,1,68,154.51,156.59,167.76,205.03,442.4,154.31,156.59,167.86,205.23,442.4,1,,50.0,0.0,0,NONE
2026-09-18T17:28:44.156+00:00,1092.883,routine,Adaptive thermal response carryover,duty,3000,453.2,154.73,inkbird_lowest_internal,,1,68,154.73,156.84,167.99,205.22,442.4,154.53,156.84,168.09,205.42,442.4,1,,50.0,0.0,0,NONE
2026-09-18T17:28:45.157+00:00,1093.883,routine,Adaptive thermal response carryover,duty,3000,452.3,154.73,inkbird_lowest_internal,,1,68,154.73,156.84,167.99,205.22,442.4,154.53,156.84,168.09,205.42,442.4,1,,50.0,0.0,0,NONE
2026-09-18T17:28:46.156+00:00,1094.883,routine,Adaptive thermal response carryover,duty,3000,452.3,154.95,inkbird_lowest_internal,,1,68,154.95,157.07,168.21,205.42,442.4,154.75,157.07,168.31,205.62,442.4,1,,50.0,0.0,0,NONE
2026-09-18T17:28:47.156+00:00,1095.883,routine,Adaptive thermal response carryover,duty,3000,451.0,154.95,inkbird_lowest_internal,,1,68,154.95,157.07,168.21,205.42,442.4,154.75,157.07,168.31,205.62,442.4,1,,50.0,0.0,0,NONE
2026-09-18T17:28:48.156+00:00,1096.883,routine,Adaptive thermal response carryover,duty,3000,451.4,155.17,inkbird_lowest_internal,,1,68,155.17,157.3,168.46,205.59,440.6,154.97,157.3,168.56,205.79,440.6,1,,50.0,0.0,0,NONE
2026-09-18T17:28:49.157+00:00,1097.884,routine,Adaptive thermal response carryover,duty,3000,451.0,155.17,inkbird_lowest_internal,,1,68,155.17,157.3,168.46,205.59,440.6,154.97,157.3,168.56,205.79,440.6,1,,50.0,0.0,0,NONE
2026-09-18T17:28:50.156+00:00,1098.883,routine,Adaptive thermal response carryover,duty,3000,450.0,155.39,inkbird_lowest_internal,,1,68,155.39,157.53,168.67,205.79,440.6,155.19,157.53,168.77,205.99,440.6,1,,50.0,0.0,0,NONE
2026-09-18T17:28:51.156+00:00,1099.883,routine,Adaptive thermal response carryover,duty,3000,450.5,155.39,inkbird_lowest_internal,,1,68,155.39,157.53,168.67,205.79,440.6,155.19,157.53,168.77,205.99,440.6,1,,50.0,0.0,0,NONE
2026-09-18T17:28:52.156+00:00,1100.883,routine,Adaptive thermal response carryover,duty,3000,449.6,155.61,inkbird_lowest_internal,,1,68,155.61,157.76,168.9,205.97,440.6,155.41,157.76,169.0,206.17,440.6,1,,50.0,0.0,0,NONE
2026-09-18T17:28:52.656+00:00,1101.383,routine,Adaptive thermal response carryover,duty,3000,449.1,155.61,inkbird_lowest_internal,,1,68,155.61,157.76,168.9,205.97,440.6,155.41,157.76,169.0,206.17,440.6,1,,50.0,0.0,0,NONE
2026-09-18T17:28:53.156+00:00,1101.883,routine,Adaptive thermal response carryover,duty,3000,448.3,155.61,inkbird_lowest_internal,,1,68,155.61,157.76,168.9,205.97,440.6,155.41,157.76,169.0,206.17,440.6,1,,50.0,0.0,0,NONE
2026-09-18T17:28:54.156+00:00,1102.883,routine,Adaptive thermal response carryover,duty,3000,448.3,155.82,inkbird_lowest_internal,,1,68,155.82,158.0,169.12,206.15,440.6,155.62,158.0,169.22,206.35,440.6,1,,50.0,0.0,0,NONE
2026-09-18T17:28:54.656+00:00,1103.383,routine,Adaptive thermal response carryover,duty,3000,448.7,155.82,inkbird_lowest_internal,,1,68,155.82,158.0,169.12,206.15,440.6,155.62,158.0,169.22,206.35,440.6,1,,50.0,0.0,0,NONE
2026-09-18T17:28:55.656+00:00,1104.383,routine,Adaptive thermal response carryover,duty,3000,448.3,155.82,inkbird_lowest_internal,,1,68,155.82,158.0,169.12,206.15,440.6,155.62,158.0,169.22,206.35,440.6,1,,50.0,0.0,0,NONE
2026-09-18T17:28:56.156+00:00,1104.883,routine,Adaptive thermal response carryover,duty,3000,447.8,156.03,inkbird_lowest_internal,,1,68,156.03,158.22,169.35,206.33,438.8,155.83,158.22,169.45,206.53,438.8,1,,50.0,0.0,0,NONE
2026-09-18T17:28:57.156+00:00,1105.883,routine,Adaptive thermal response carryover,duty,3000,447.4,156.03,inkbird_lowest_internal,,1,68,156.03,158.22,169.35,206.33,438.8,155.83,158.22,169.45,206.53,438.8,1,,50.0,0.0,0,NONE
2026-09-18T17:28:57.656+00:00,1106.383,routine,Adaptive thermal response carryover,duty,3000,446.9,156.03,inkbird_lowest_internal,,1,68,156.03,158.22,169.35,206.33,438.8,155.83,158.22,169.45,206.53,438.8,1,,50.0,0.0,0,NONE
2026-09-18T17:28:58.656+00:00,1107.383,routine,Adaptive thermal response carryover,duty,3000,446.0,156.03,inkbird_lowest_internal,,1,68,156.03,158.22,169.35,206.33,438.8,155.83,158.22,169.45,206.53,438.8,1,,50.0,0.0,0,NONE
2026-09-18T17:28:59.156+00:00,1107.883,routine,Adaptive thermal response carryover,duty,3000,446.0,156.25,inkbird_lowest_internal,,1,68,156.25,158.44,169.56,206.49,438.8,156.05,158.44,169.66,206.69,438.8,1,,50.0,0.0,0,NONE
2026-09-18T17:29:00.156+00:00,1108.883,routine,Adaptive thermal response carryover,duty,3000,445.5,156.25,inkbird_lowest_internal,,1,68,156.25,158.44,169.56,206.49,438.8,156.05,158.44,169.66,206.69,438.8,1,,50.0,0.0,0,NONE
2026-09-18T17:29:00.656+00:00,1109.383,routine,Adaptive thermal response carryover,duty,3000,446.0,156.25,inkbird_lowest_internal,,1,68,156.25,158.44,169.56,206.49,438.8,156.05,158.44,169.66,206.69,438.8,1,,50.0,0.0,0,NONE
2026-09-18T17:29:01.656+00:00,1110.383,routine,Adaptive thermal response carryover,duty,3000,445.1,156.47,inkbird_lowest_internal,,1,68,156.47,158.68,169.77,206.65,438.8,156.27,158.68,169.87,206.85,438.8,1,,50.0,0.0,0,NONE
2026-09-18T17:29:02.156+00:00,1110.883,routine,Adaptive thermal response carryover,duty,3000,445.1,156.68,inkbird_lowest_internal,,1,68,156.68,158.91,169.99,206.81,437.0,156.48,158.91,170.09,207.01,437.0,1,,50.0,0.0,0,NONE
2026-09-18T17:29:03.156+00:00,1111.883,routine,Adaptive thermal response carryover,duty,3000,444.2,156.68,inkbird_lowest_internal,,1,68,156.68,158.91,169.99,206.81,437.0,156.48,158.91,170.09,207.01,437.0,1,,50.0,0.0,0,NONE
2026-09-18T17:29:03.656+00:00,1112.383,routine,Adaptive thermal response carryover,duty,3000,444.6,156.68,inkbird_lowest_internal,,1,68,156.68,158.91,169.99,206.81,437.0,156.48,158.91,170.09,207.01,437.0,1,,50.0,0.0,0,NONE
2026-09-18T17:29:04.656+00:00,1113.383,routine,Adaptive thermal response carryover,duty,3000,443.8,156.9,inkbird_lowest_internal,,1,68,156.9,159.14,170.21,206.95,437.0,156.7,159.14,170.31,207.15,437.0,1,,50.0,0.0,0,NONE
2026-09-18T17:29:05.656+00:00,1114.382,routine,Adaptive thermal response carryover,duty,3000,443.8,156.9,inkbird_lowest_internal,,1,68,156.9,159.14,170.21,206.95,437.0,156.7,159.14,170.31,207.15,437.0,1,,50.0,0.0,0,NONE
2026-09-18T17:29:06.656+00:00,1115.382,routine,Adaptive thermal response carryover,duty,3000,442.9,157.12,inkbird_lowest_internal,,1,68,157.12,159.37,170.43,207.1,437.0,156.92,159.37,170.53,207.3,437.0,1,,50.0,0.0,0,NONE
2026-09-18T17:29:07.656+00:00,1116.382,routine,Adaptive thermal response carryover,duty,3000,442.9,157.12,inkbird_lowest_internal,,1,68,157.12,159.37,170.43,207.1,437.0,156.92,159.37,170.53,207.3,437.0,1,,50.0,0.0,0,NONE
2026-09-18T17:29:08.656+00:00,1117.382,routine,Adaptive thermal response carryover,duty,3000,442.0,157.33,inkbird_lowest_internal,,1,68,157.33,159.59,170.62,207.24,435.2,157.13,159.59,170.72,207.44,435.2,1,,50.0,0.0,0,NONE
2026-09-18T17:29:09.656+00:00,1118.382,routine,Adaptive thermal response carryover,duty,3000,442.0,157.33,inkbird_lowest_internal,,1,68,157.33,159.59,170.62,207.24,435.2,157.13,159.59,170.72,207.44,435.2,1,,50.0,0.0,0,NONE
2026-09-18T17:29:10.157+00:00,1118.883,routine,Adaptive thermal response carryover,duty,3000,442.0,157.55,inkbird_lowest_internal,,1,68,157.55,159.82,170.84,207.38,435.2,157.35,159.82,170.94,207.58,435.2,1,,50.0,0.0,0,NONE
2026-09-18T17:29:11.155+00:00,1119.882,routine,Adaptive thermal response carryover,duty,3000,441.0,157.55,inkbird_lowest_internal,,1,68,157.55,159.82,170.84,207.38,435.2,157.35,159.82,170.94,207.58,435.2,1,,50.0,0.0,0,NONE
2026-09-18T17:29:12.155+00:00,1120.882,routine,Adaptive thermal response carryover,duty,3000,441.0,157.76,inkbird_lowest_internal,,1,68,157.76,160.04,171.04,207.51,435.2,157.56,160.04,171.14,207.71,435.2,1,,50.0,0.0,0,NONE
2026-09-18T17:29:13.155+00:00,1121.882,routine,Adaptive thermal response carryover,duty,3000,440.6,157.76,inkbird_lowest_internal,,1,68,157.76,160.04,171.04,207.51,435.2,157.56,160.04,171.14,207.71,435.2,1,,50.0,0.0,0,NONE
2026-09-18T17:29:14.155+00:00,1122.882,routine,Adaptive thermal response carryover,duty,3000,440.1,157.98,inkbird_lowest_internal,,1,68,157.98,160.25,171.25,207.63,435.2,157.78,160.25,171.35,207.83,435.2,1,,50.0,0.0,0,NONE
2026-09-18T17:29:14.656+00:00,1123.382,routine,Adaptive thermal response carryover,duty,3000,439.7,157.98,inkbird_lowest_internal,,1,68,157.98,160.25,171.25,207.63,435.2,157.78,160.25,171.35,207.83,435.2,1,,50.0,0.0,0,NONE
2026-09-18T17:29:15.655+00:00,1124.382,routine,Adaptive thermal response carryover,duty,3000,438.4,157.98,inkbird_lowest_internal,,1,68,157.98,160.25,171.25,207.63,435.2,157.78,160.25,171.35,207.83,435.2,1,,50.0,0.0,0,NONE
2026-09-18T17:29:16.655+00:00,1125.382,routine,Adaptive thermal response carryover,duty,3000,439.3,157.98,inkbird_lowest_internal,,1,68,157.98,160.25,171.25,207.63,435.2,157.78,160.25,171.35,207.83,435.2,1,,50.0,0.0,0,NONE
2026-09-18T17:29:17.655+00:00,1126.382,routine,Adaptive thermal response carryover,duty,3000,438.8,158.2,inkbird_lowest_internal,,1,68,158.2,160.48,171.43,207.74,433.4,158.0,160.48,171.53,207.94,433.4,1,,50.0,0.0,0,NONE
2026-09-18T17:29:18.655+00:00,1127.382,routine,Adaptive thermal response carryover,duty,3000,438.4,158.2,inkbird_lowest_internal,,1,68,158.2,160.48,171.43,207.74,433.4,158.0,160.48,171.53,207.94,433.4,1,,50.0,0.0,0,NONE
2026-09-18T17:29:19.655+00:00,1128.382,routine,Adaptive thermal response carryover,duty,3000,438.4,158.39,inkbird_lowest_internal,,1,68,158.39,160.69,171.63,207.87,433.4,158.19,160.69,171.73,208.07,433.4,1,,50.0,0.0,0,NONE
2026-09-18T17:29:20.155+00:00,1128.882,routine,Adaptive thermal response carryover,duty,3000,437.9,158.61,inkbird_lowest_internal,,1,68,158.61,160.92,171.83,207.98,433.4,158.41,160.92,171.93,208.18,433.4,1,,50.0,0.0,0,NONE
2026-09-18T17:29:20.656+00:00,1129.383,routine,Adaptive thermal response carryover,duty,3000,437.9,158.61,inkbird_lowest_internal,,1,68,158.61,160.92,171.83,207.98,433.4,158.41,160.92,171.93,208.18,433.4,1,,50.0,0.0,0,NONE
2026-09-18T17:29:21.655+00:00,1130.382,routine,Adaptive thermal response carryover,duty,3000,437.5,158.61,inkbird_lowest_internal,,1,68,158.61,160.92,171.83,207.98,433.4,158.41,160.92,171.93,208.18,433.4,1,,50.0,0.0,0,NONE
2026-09-18T17:29:22.655+00:00,1131.382,routine,Adaptive thermal response carryover,duty,3000,436.5,158.82,inkbird_lowest_internal,,1,68,158.82,161.12,172.02,208.08,431.6,158.62,161.12,172.12,208.28,431.6,1,,50.0,0.0,0,NONE
2026-09-18T17:29:23.655+00:00,1132.382,routine,Adaptive thermal response carryover,duty,3000,437.0,158.82,inkbird_lowest_internal,,1,68,158.82,161.12,172.02,208.08,431.6,158.62,161.12,172.12,208.28,431.6,1,,50.0,0.0,0,NONE
2026-09-18T17:29:24.655+00:00,1133.382,routine,Adaptive thermal response carryover,duty,3000,436.5,159.03,inkbird_lowest_internal,,1,68,159.03,161.34,172.22,208.18,431.6,158.83,161.34,172.32,208.38,431.6,1,,50.0,0.0,0,NONE
2026-09-18T17:29:25.655+00:00,1134.382,routine,Adaptive thermal response carryover,duty,3000,436.5,159.03,inkbird_lowest_internal,,1,68,159.03,161.34,172.22,208.18,431.6,158.83,161.34,172.32,208.38,431.6,1,,50.0,0.0,0,NONE
2026-09-18T17:29:26.655+00:00,1135.382,routine,Adaptive thermal response carryover,duty,3000,436.1,159.23,inkbird_lowest_internal,,1,68,159.23,161.56,172.4,208.23,431.6,159.03,161.56,172.5,208.43,431.6,1,,50.0,0.0,0,NONE
2026-09-18T17:29:27.655+00:00,1136.382,routine,Adaptive thermal response carryover,duty,3000,435.6,159.23,inkbird_lowest_internal,,1,68,159.23,161.56,172.4,208.23,431.6,159.03,161.56,172.5,208.43,431.6,1,,50.0,0.0,0,NONE
2026-09-18T17:29:28.655+00:00,1137.382,routine,Adaptive thermal response carryover,duty,3000,436.1,159.44,inkbird_lowest_internal,,1,68,159.44,161.77,172.59,208.36,429.8,159.24,161.77,172.69,208.56,429.8,1,,50.0,0.0,0,NONE
2026-09-18T17:29:29.655+00:00,1138.382,routine,Adaptive thermal response carryover,duty,3000,435.2,159.44,inkbird_lowest_internal,,1,68,159.44,161.77,172.59,208.36,429.8,159.24,161.77,172.69,208.56,429.8,1,,50.0,0.0,0,NONE
2026-09-18T17:29:30.155+00:00,1138.882,routine,Adaptive thermal response carryover,duty,3000,434.3,159.44,inkbird_lowest_internal,,1,68,159.44,161.77,172.59,208.36,429.8,159.24,161.77,172.69,208.56,429.8,1,,50.0,0.0,0,NONE
2026-09-18T17:29:31.156+00:00,1139.883,routine,Adaptive thermal response carryover,duty,3000,435.2,159.66,inkbird_lowest_internal,,1,68,159.66,161.99,172.79,208.48,429.8,159.46,161.99,172.89,208.68,429.8,1,,50.0,0.0,0,NONE
2026-09-18T17:29:32.155+00:00,1140.882,routine,Adaptive thermal response carryover,duty,3000,433.4,159.86,inkbird_lowest_internal,,1,68,159.86,162.2,172.97,208.58,429.8,159.66,162.2,173.07,208.78,429.8,1,,50.0,0.0,0,NONE
2026-09-18T17:29:32.655+00:00,1141.382,routine,Adaptive thermal response carryover,duty,3000,434.3,159.86,inkbird_lowest_internal,,1,68,159.86,162.2,172.97,208.58,429.8,159.66,162.2,173.07,208.78,429.8,1,,50.0,0.0,0,NONE
2026-09-18T17:29:33.655+00:00,1142.382,routine,Adaptive thermal response carryover,duty,3000,433.0,159.86,inkbird_lowest_internal,,1,68,159.86,162.2,172.97,208.58,429.8,159.66,162.2,173.07,208.78,429.8,1,,50.0,0.0,0,NONE
2026-09-18T17:29:34.655+00:00,1143.382,routine,Adaptive thermal response carryover,duty,3000,433.9,160.07,inkbird_lowest_internal,,1,68,160.07,162.4,173.16,208.65,429.8,159.87,162.4,173.26,208.85,429.8,1,,50.0,0.0,0,NONE
2026-09-18T17:29:35.655+00:00,1144.382,routine,Adaptive thermal response carryover,duty,3000,433.4,160.07,inkbird_lowest_internal,,1,68,160.07,162.4,173.16,208.65,429.8,159.87,162.4,173.26,208.85,429.8,1,,50.0,0.0,0,NONE
2026-09-18T17:29:36.655+00:00,1145.382,routine,Adaptive thermal response carryover,duty,3000,433.0,160.28,inkbird_lowest_internal,,1,68,160.28,162.61,173.34,208.77,428.0,160.08,162.61,173.44,208.97,428.0,1,,50.0,0.0,0,NONE
2026-09-18T17:29:37.655+00:00,1146.382,routine,Adaptive thermal response carryover,duty,3000,433.4,160.28,inkbird_lowest_internal,,1,68,160.28,162.61,173.34,208.77,428.0,160.08,162.61,173.44,208.97,428.0,1,,50.0,0.0,0,NONE
2026-09-18T17:29:38.655+00:00,1147.382,routine,Adaptive thermal response carryover,duty,3000,432.5,160.49,inkbird_lowest_internal,,1,68,160.49,162.83,173.52,208.87,428.0,160.29,162.83,173.62,209.07,428.0,1,,50.0,0.0,0,NONE
2026-09-18T17:29:39.655+00:00,1148.382,routine,Adaptive thermal response carryover,duty,3000,431.6,160.49,inkbird_lowest_internal,,1,68,160.49,162.83,173.52,208.87,428.0,160.29,162.83,173.62,209.07,428.0,1,,50.0,0.0,0,NONE
2026-09-18T17:29:40.655+00:00,1149.382,routine,Adaptive thermal response carryover,duty,3000,432.0,160.7,inkbird_lowest_internal,,1,68,160.7,163.04,173.72,208.97,428.0,160.5,163.04,173.82,209.17,428.0,1,,50.0,0.0,0,NONE
2026-09-18T17:29:41.656+00:00,1150.383,routine,Adaptive thermal response carryover,duty,3000,432.0,160.7,inkbird_lowest_internal,,1,68,160.7,163.04,173.72,208.97,428.0,160.5,163.04,173.82,209.17,428.0,1,,50.0,0.0,0,NONE
2026-09-18T17:29:42.655+00:00,1151.382,routine,Adaptive thermal response carryover,duty,3000,431.6,160.91,inkbird_lowest_internal,,1,68,160.91,163.24,173.89,209.01,428.0,160.71,163.24,173.99,209.21,428.0,1,,50.0,0.0,0,NONE
2026-09-18T17:29:43.655+00:00,1152.382,routine,Adaptive thermal response carryover,duty,3000,431.1,160.91,inkbird_lowest_internal,,1,68,160.91,163.24,173.89,209.01,428.0,160.71,163.24,173.99,209.21,428.0,1,,50.0,0.0,0,NONE
2026-09-18T17:29:44.655+00:00,1153.382,routine,Adaptive thermal response carryover,duty,3000,431.1,161.11,inkbird_lowest_internal,,1,68,161.11,163.45,174.07,209.12,428.0,160.91,163.45,174.17,209.32,428.0,1,,50.0,0.0,0,NONE
2026-09-18T17:29:45.655+00:00,1154.382,routine,Adaptive thermal response carryover,duty,3000,430.7,161.11,inkbird_lowest_internal,,1,68,161.11,163.45,174.07,209.12,428.0,160.91,163.45,174.17,209.32,428.0,1,,50.0,0.0,0,NONE
2026-09-18T17:29:46.655+00:00,1155.381,routine,Adaptive thermal response carryover,duty,3000,431.1,161.11,inkbird_lowest_internal,,1,68,161.11,163.45,174.07,209.12,428.0,160.91,163.45,174.17,209.32,428.0,1,,50.0,0.0,0,NONE
2026-09-18T17:29:47.655+00:00,1156.381,routine,Adaptive thermal response carryover,duty,3000,430.7,161.32,inkbird_lowest_internal,,1,68,161.32,163.65,174.24,209.23,426.2,161.12,163.65,174.34,209.43,426.2,1,,50.0,0.0,0,NONE
2026-09-18T17:29:48.655+00:00,1157.381,routine,Adaptive thermal response carryover,duty,3000,429.8,161.52,inkbird_lowest_internal,,1,68,161.52,163.84,174.42,209.33,426.2,161.32,163.84,174.52,209.53,426.2,1,,50.0,0.0,0,NONE
2026-09-18T17:29:49.655+00:00,1158.381,routine,Adaptive thermal response carryover,duty,3000,429.4,161.52,inkbird_lowest_internal,,1,68,161.52,163.84,174.42,209.33,426.2,161.32,163.84,174.52,209.53,426.2,1,,50.0,0.0,0,NONE
2026-09-18T17:29:50.655+00:00,1159.381,routine,Adaptive thermal response carryover,duty,3000,429.4,161.72,inkbird_lowest_internal,,1,68,161.72,164.05,174.6,209.36,426.2,161.52,164.05,174.7,209.56,426.2,1,,50.0,0.0,0,NONE
2026-09-18T17:29:51.655+00:00,1160.381,routine,Adaptive thermal response carryover,duty,3000,430.3,161.72,inkbird_lowest_internal,,1,68,161.72,164.05,174.6,209.36,426.2,161.52,164.05,174.7,209.56,426.2,1,,50.0,0.0,0,NONE
2026-09-18T17:29:52.156+00:00,1160.882,routine,Adaptive thermal response carryover,duty,3000,429.8,161.93,inkbird_lowest_internal,,1,68,161.93,164.26,174.77,209.47,424.4,161.73,164.26,174.87,209.67,424.4,1,,50.0,0.0,0,NONE
2026-09-18T17:29:53.154+00:00,1161.881,routine,Adaptive thermal response carryover,duty,3000,428.9,161.93,inkbird_lowest_internal,,1,68,161.93,164.26,174.77,209.47,424.4,161.73,164.26,174.87,209.67,424.4,1,,50.0,0.0,0,NONE
2026-09-18T17:29:54.154+00:00,1162.881,routine,Adaptive thermal response carryover,duty,3000,428.5,162.14,inkbird_lowest_internal,,1,68,162.14,164.46,174.94,209.56,424.4,161.94,164.46,175.04,209.76,424.4,1,,50.0,0.0,0,NONE
2026-09-18T17:29:54.654+00:00,1163.381,routine,Adaptive thermal response carryover,duty,3000,428.5,162.14,inkbird_lowest_internal,,1,68,162.14,164.46,174.94,209.56,424.4,161.94,164.46,175.04,209.76,424.4,1,,50.0,0.0,0,NONE
2026-09-18T17:29:55.654+00:00,1164.381,routine,Adaptive thermal response carryover,duty,3000,428.5,162.14,inkbird_lowest_internal,,1,68,162.14,164.46,174.94,209.56,424.4,161.94,164.46,175.04,209.76,424.4,1,,50.0,0.0,0,NONE
2026-09-18T17:29:56.654+00:00,1165.381,routine,Adaptive thermal response carryover,duty,3000,428.5,162.34,inkbird_lowest_internal,,1,68,162.34,164.64,175.12,209.6,424.4,162.14,164.64,175.22,209.8,424.4,1,,50.0,0.0,0,NONE
2026-09-18T17:29:57.654+00:00,1166.381,routine,Adaptive thermal response carryover,duty,3000,427.1,162.34,inkbird_lowest_internal,,1,68,162.34,164.64,175.12,209.6,424.4,162.14,164.64,175.22,209.8,424.4,1,,50.0,0.0,0,NONE
2026-09-18T17:29:58.154+00:00,1166.881,routine,Adaptive thermal response carryover,duty,3000,427.5,162.54,inkbird_lowest_internal,,1,68,162.54,164.85,175.29,209.71,424.4,162.34,164.85,175.39,209.91,424.4,1,,50.0,0.0,0,NONE
2026-09-18T17:29:59.154+00:00,1167.881,routine,Adaptive thermal response carryover,duty,3000,428.0,162.54,inkbird_lowest_internal,,1,68,162.54,164.85,175.29,209.71,424.4,162.34,164.85,175.39,209.91,424.4,1,,50.0,0.0,0,NONE
2026-09-18T17:30:00.154+00:00,1168.881,routine,Adaptive thermal response carryover,duty,3000,427.1,162.75,inkbird_lowest_internal,,1,68,162.75,165.06,175.46,209.8,422.6,162.55,165.06,175.56,210.0,422.6,1,,50.0,0.0,0,NONE
2026-09-18T17:30:01.154+00:00,1169.881,routine,Adaptive thermal response carryover,duty,3000,427.1,162.75,inkbird_lowest_internal,,1,68,162.75,165.06,175.46,209.8,422.6,162.55,165.06,175.56,210.0,422.6,1,,50.0,0.0,0,NONE
2026-09-18T17:30:02.154+00:00,1170.881,routine,Adaptive thermal response carryover,duty,3000,427.5,162.95,inkbird_lowest_internal,,1,68,162.95,165.26,175.65,209.84,422.6,162.75,165.26,175.75,210.04,422.6,1,,50.0,0.0,0,NONE
2026-09-18T17:30:02.655+00:00,1171.382,routine,Adaptive thermal response carryover,duty,3000,426.2,162.95,inkbird_lowest_internal,,1,68,162.95,165.26,175.65,209.84,422.6,162.75,165.26,175.75,210.04,422.6,1,,50.0,0.0,0,NONE
2026-09-18T17:30:03.155+00:00,1171.882,routine,Adaptive thermal response carryover,duty,3000,425.8,162.95,inkbird_lowest_internal,,1,68,162.95,165.26,175.65,209.84,422.6,162.75,165.26,175.75,210.04,422.6,1,,50.0,0.0,0,NONE
2026-09-18T17:30:04.154+00:00,1172.881,routine,Adaptive thermal response carryover,duty,3000,426.6,162.95,inkbird_lowest_internal,,1,68,162.95,165.26,175.65,209.84,422.6,162.75,165.26,175.75,210.04,422.6,1,,50.0,0.0,0,NONE
2026-09-18T17:30:04.654+00:00,1173.381,routine,Adaptive thermal response carryover,duty,3000,427.1,162.95,inkbird_lowest_internal,,1,68,162.95,165.26,175.65,209.84,422.6,162.75,165.26,175.75,210.04,422.6,1,,50.0,0.0,0,NONE
2026-09-18T17:30:05.654+00:00,1174.381,routine,Adaptive thermal response carryover,duty,3000,427.1,163.15,inkbird_lowest_internal,,1,68,163.15,165.44,175.81,209.95,422.6,162.95,165.44,175.91,210.15,422.6,1,,50.0,0.0,0,NONE
2026-09-18T17:30:06.154+00:00,1174.881,routine,Adaptive thermal response carryover,duty,3000,427.1,163.35,inkbird_lowest_internal,,1,68,163.35,165.64,175.98,210.06,422.6,163.15,165.64,176.08,210.26,422.6,1,,50.0,0.0,0,NONE
2026-09-18T17:30:07.154+00:00,1175.881,routine,Adaptive thermal response carryover,duty,3000,426.2,163.35,inkbird_lowest_internal,,1,68,163.35,165.64,175.98,210.06,422.6,163.15,165.64,176.08,210.26,422.6,1,,50.0,0.0,0,NONE
2026-09-18T17:30:08.154+00:00,1176.881,routine,Adaptive thermal response carryover,duty,3000,426.2,163.55,inkbird_lowest_internal,,1,68,163.55,165.84,176.15,210.13,422.6,163.35,165.84,176.25,210.33,422.6,1,,50.0,0.0,0,NONE
2026-09-18T17:30:09.154+00:00,1177.881,routine,Adaptive thermal response carryover,duty,3000,425.3,163.55,inkbird_lowest_internal,,1,68,163.55,165.84,176.15,210.13,422.6,163.35,165.84,176.25,210.33,422.6,1,,50.0,0.0,0,NONE
2026-09-18T17:30:10.154+00:00,1178.881,routine,Adaptive thermal response carryover,duty,3000,425.8,163.75,inkbird_lowest_internal,,1,68,163.75,166.04,176.32,210.18,420.8,163.55,166.04,176.42,210.38,420.8,1,,50.0,0.0,0,NONE
2026-09-18T17:30:10.654+00:00,1179.381,routine,Adaptive thermal response carryover,duty,3000,425.8,163.75,inkbird_lowest_internal,,1,68,163.75,166.04,176.32,210.18,420.8,163.55,166.04,176.42,210.38,420.8,1,,50.0,0.0,0,NONE
2026-09-18T17:30:11.654+00:00,1180.381,routine,Adaptive thermal response carryover,duty,3000,425.3,163.75,inkbird_lowest_internal,,1,68,163.75,166.04,176.32,210.18,420.8,163.55,166.04,176.42,210.38,420.8,1,,50.0,0.0,0,NONE
2026-09-18T17:30:12.654+00:00,1181.381,routine,Adaptive thermal response carryover,duty,3000,425.3,163.94,inkbird_lowest_internal,,1,68,163.94,166.24,176.48,210.29,420.8,163.74,166.24,176.58,210.49,420.8,1,,50.0,0.0,0,NONE
2026-09-18T17:30:13.654+00:00,1182.381,routine,Adaptive thermal response carryover,duty,3000,425.3,163.94,inkbird_lowest_internal,,1,68,163.94,166.24,176.48,210.29,420.8,163.74,166.24,176.58,210.49,420.8,1,,50.0,0.0,0,NONE
2026-09-18T17:30:14.654+00:00,1183.381,routine,Adaptive thermal response carryover,duty,3000,424.9,164.14,inkbird_lowest_internal,,1,68,164.14,166.43,176.65,210.36,420.8,163.94,166.43,176.75,210.56,420.8,1,,50.0,0.0,0,NONE
2026-09-18T17:30:15.654+00:00,1184.381,routine,Adaptive thermal response carryover,duty,3000,424.9,164.14,inkbird_lowest_internal,,1,68,164.14,166.43,176.65,210.36,420.8,163.94,166.43,176.75,210.56,420.8,1,,50.0,0.0,0,NONE
2026-09-18T17:30:16.654+00:00,1185.381,routine,Adaptive thermal response carryover,duty,3000,424.9,164.35,inkbird_lowest_internal,,1,68,164.35,166.61,176.81,210.42,420.8,164.15,166.61,176.91,210.62,420.8,1,,50.0,0.0,0,NONE
2026-09-18T17:30:17.654+00:00,1186.381,routine,Adaptive thermal response carryover,duty,3000,424.4,164.35,inkbird_lowest_internal,,1,68,164.35,166.61,176.81,210.42,420.8,164.15,166.61,176.91,210.62,420.8,1,,50.0,0.0,0,NONE
2026-09-18T17:30:18.655+00:00,1187.382,routine,Adaptive thermal response carryover,duty,3000,424.4,164.55,inkbird_lowest_internal,,1,68,164.55,166.81,176.98,210.52,419.0,164.35,166.81,177.08,210.72,419.0,1,,50.0,0.0,0,NONE
2026-09-18T17:30:19.654+00:00,1188.381,routine,Adaptive thermal response carryover,duty,3000,424.0,164.55,inkbird_lowest_internal,,1,68,164.55,166.81,176.98,210.52,419.0,164.35,166.81,177.08,210.72,419.0,1,,50.0,0.0,0,NONE
2026-09-18T17:30:20.654+00:00,1189.381,routine,Adaptive thermal response carryover,duty,3000,423.5,164.74,inkbird_lowest_internal,,1,68,164.74,167.01,177.15,210.62,419.0,164.54,167.01,177.25,210.82,419.0,1,,50.0,0.0,0,NONE
2026-09-18T17:30:21.154+00:00,1189.881,routine,Adaptive thermal response carryover,duty,3000,424.0,164.74,inkbird_lowest_internal,,1,68,164.74,167.01,177.15,210.62,419.0,164.54,167.01,177.25,210.82,419.0,1,,50.0,0.0,0,NONE
2026-09-18T17:30:22.154+00:00,1190.881,routine,Adaptive thermal response carryover,duty,3000,423.5,164.74,inkbird_lowest_internal,,1,68,164.74,167.01,177.15,210.62,419.0,164.54,167.01,177.25,210.82,419.0,1,,50.0,0.0,0,NONE
2026-09-18T17:30:23.154+00:00,1191.881,routine,Adaptive thermal response carryover,duty,3000,422.6,164.94,inkbird_lowest_internal,,1,68,164.94,167.19,177.31,210.65,419.0,164.74,167.19,177.41,210.85,419.0,1,,50.0,0.0,0,NONE
2026-09-18T17:30:24.154+00:00,1192.881,routine,Adaptive thermal response carryover,duty,3000,422.6,165.13,inkbird_lowest_internal,,1,68,165.13,167.38,177.47,210.75,419.0,164.93,167.38,177.57,210.95,419.0,1,,50.0,0.0,0,NONE
2026-09-18T17:30:24.654+00:00,1193.381,routine,Adaptive thermal response carryover,duty,3000,423.5,165.13,inkbird_lowest_internal,,1,68,165.13,167.38,177.47,210.75,419.0,164.93,167.38,177.57,210.95,419.0,1,,50.0,0.0,0,NONE
2026-09-18T17:30:25.654+00:00,1194.380,routine,Adaptive thermal response carryover,duty,3000,423.5,165.13,inkbird_lowest_internal,,1,68,165.13,167.38,177.47,210.75,419.0,164.93,167.38,177.57,210.95,419.0,1,,50.0,0.0,0,NONE
2026-09-18T17:30:26.654+00:00,1195.380,routine,Adaptive thermal response carryover,duty,3000,423.0,165.33,inkbird_lowest_internal,,1,68,165.33,167.58,177.63,210.79,419.0,165.13,167.58,177.73,210.99,419.0,1,,50.0,0.0,0,NONE
2026-09-18T17:30:27.654+00:00,1196.380,routine,Adaptive thermal response carryover,duty,3000,423.0,165.33,inkbird_lowest_internal,,1,68,165.33,167.58,177.63,210.79,419.0,165.13,167.58,177.73,210.99,419.0,1,,50.0,0.0,0,NONE
2026-09-18T17:30:28.654+00:00,1197.380,routine,Adaptive thermal response carryover,duty,3000,422.6,165.52,inkbird_lowest_internal,,1,68,165.52,167.76,177.8,210.9,417.2,165.32,167.76,177.9,211.1,417.2,1,,50.0,0.0,0,NONE
2026-09-18T17:30:29.155+00:00,1197.881,routine,Adaptive thermal response carryover,duty,3000,423.0,165.52,inkbird_lowest_internal,,1,68,165.52,167.76,177.8,210.9,417.2,165.32,167.76,177.9,211.1,417.2,1,,50.0,0.0,0,NONE
2026-09-18T17:30:30.154+00:00,1198.880,routine,Adaptive thermal response carryover,duty,3000,422.6,165.71,inkbird_lowest_internal,,1,68,165.71,167.95,177.96,211.0,417.2,165.51,167.95,178.06,211.2,417.2,1,,50.0,0.0,0,NONE
2026-09-18T17:30:31.153+00:00,1199.880,routine,Adaptive thermal response carryover,duty,3000,422.6,165.71,inkbird_lowest_internal,,1,68,165.71,167.95,177.96,211.0,417.2,165.51,167.95,178.06,211.2,417.2,1,,50.0,0.0,0,NONE
2026-09-18T17:30:31.821+00:00,1200.548,routine,Adaptive thermal response carryover,duty,2250,422.6,165.91,inkbird_lowest_internal,,1,68,165.91,168.13,178.13,211.04,417.2,165.71,168.13,178.23,211.24,417.2,1,,50.0,0.0,0,NONE
2026-09-18T17:30:32.324+00:00,1201.051,routine,Adaptive thermal response carryover,duty,0,425.3,165.91,inkbird_lowest_internal,,1,68,165.91,168.13,178.13,211.04,417.2,165.71,168.13,178.23,211.24,417.2,1,,50.0,0.0,0,NONE
2026-09-18T17:30:33.153+00:00,1201.880,routine,Adaptive thermal response carryover,duty,0,433.9,165.91,inkbird_lowest_internal,,1,68,165.91,168.13,178.13,211.04,417.2,165.71,168.13,178.23,211.24,417.2,1,,0.0,0.0,0,NONE
2026-09-18T17:30:34.153+00:00,1202.880,routine,Adaptive thermal response carryover,duty,0,433.4,166.1,inkbird_lowest_internal,,1,68,166.1,168.33,178.29,211.15,417.2,165.9,168.33,178.39,211.35,417.2,1,,0.0,0.0,0,NONE
2026-09-18T17:30:35.153+00:00,1203.880,routine,Adaptive thermal response carryover,duty,0,433.0,166.1,inkbird_lowest_internal,,1,68,166.1,168.33,178.29,211.15,417.2,165.9,168.33,178.39,211.35,417.2,1,,0.0,0.0,0,NONE
2026-09-18T17:30:36.153+00:00,1204.880,routine,Adaptive thermal response carryover,duty,0,432.5,166.29,inkbird_lowest_internal,,1,68,166.29,168.51,178.45,211.24,415.4,166.09,168.51,178.55,211.44,415.4,1,,0.0,0.0,0,NONE
2026-09-18T17:30:37.153+00:00,1205.880,routine,Adaptive thermal response carryover,duty,0,432.0,166.29,inkbird_lowest_internal,,1,68,166.29,168.51,178.45,211.24,415.4,166.09,168.51,178.55,211.44,415.4,1,,0.0,0.0,0,NONE
2026-09-18T17:30:37.653+00:00,1206.380,routine,Adaptive thermal response carryover,duty,0,431.6,166.29,inkbird_lowest_internal,,1,68,166.29,168.51,178.45,211.24,415.4,166.09,168.51,178.55,211.44,415.4,1,,0.0,0.0,0,NONE
2026-09-18T17:30:38.653+00:00,1207.380,routine,Adaptive thermal response carryover,duty,0,430.3,166.29,inkbird_lowest_internal,,1,68,166.29,168.51,178.45,211.24,415.4,166.09,168.51,178.55,211.44,415.4,1,,0.0,0.0,0,NONE
2026-09-18T17:30:39.653+00:00,1208.380,routine,Adaptive thermal response carryover,duty,0,429.8,166.49,inkbird_lowest_internal,,1,68,166.49,168.71,178.61,211.3,415.4,166.29,168.71,178.71,211.5,415.4,1,,0.0,0.0,0,NONE
2026-09-18T17:30:40.653+00:00,1209.380,routine,Adaptive thermal response carryover,duty,0,429.4,166.68,inkbird_lowest_internal,,1,68,166.68,168.89,178.76,211.4,415.4,166.48,168.89,178.86,211.6,415.4,1,,0.0,0.0,0,NONE
2026-09-18T17:30:41.653+00:00,1210.379,routine,Adaptive thermal response carryover,duty,0,428.9,166.68,inkbird_lowest_internal,,1,68,166.68,168.89,178.76,211.4,415.4,166.48,168.89,178.86,211.6,415.4,1,,0.0,0.0,0,NONE
2026-09-18T17:30:42.653+00:00,1211.379,routine,Adaptive thermal response carryover,duty,0,427.5,166.88,inkbird_lowest_internal,,1,68,166.88,169.08,178.92,211.44,415.4,166.68,169.08,179.02,211.64,415.4,1,,0.0,0.0,0,NONE
2026-09-18T17:30:43.153+00:00,1211.879,routine,Adaptive thermal response carryover,duty,0,427.5,166.88,inkbird_lowest_internal,,1,68,166.88,169.08,178.92,211.44,415.4,166.68,169.08,179.02,211.64,415.4,1,,0.0,0.0,0,NONE
2026-09-18T17:30:44.153+00:00,1212.879,routine,Adaptive thermal response carryover,duty,0,426.6,167.07,inkbird_lowest_internal,,1,68,167.07,169.25,179.1,211.53,415.4,166.87,169.25,179.2,211.73,415.4,1,,0.0,0.0,0,NONE
2026-09-18T17:30:44.653+00:00,1213.380,routine,Adaptive thermal response carryover,duty,0,426.6,167.07,inkbird_lowest_internal,,1,68,167.07,169.25,179.1,211.53,415.4,166.87,169.25,179.2,211.73,415.4,1,,0.0,0.0,0,NONE
2026-09-18T17:30:45.653+00:00,1214.379,routine,Adaptive thermal response carryover,duty,0,425.8,167.07,inkbird_lowest_internal,,1,68,167.07,169.25,179.1,211.53,415.4,166.87,169.25,179.2,211.73,415.4,1,,0.0,0.0,0,NONE
2026-09-18T17:30:46.653+00:00,1215.379,routine,Adaptive thermal response carryover,duty,0,424.9,167.27,inkbird_lowest_internal,,1,68,167.27,169.44,179.25,211.55,415.4,167.07,169.44,179.35,211.75,415.4,1,,0.0,0.0,0,NONE
2026-09-18T17:30:47.652+00:00,1216.379,routine,Adaptive thermal response carryover,duty,0,424.4,167.27,inkbird_lowest_internal,,1,68,167.27,169.44,179.25,211.55,415.4,167.07,169.44,179.35,211.75,415.4,1,,0.0,0.0,0,NONE
2026-09-18T17:30:48.153+00:00,1216.879,routine,Adaptive thermal response carryover,duty,0,424.0,167.46,inkbird_lowest_internal,,1,68,167.46,169.63,179.41,211.62,415.4,167.26,169.63,179.51,211.82,415.4,1,,0.0,0.0,0,NONE
2026-09-18T17:30:49.152+00:00,1217.879,routine,Adaptive thermal response carryover,duty,0,423.5,167.46,inkbird_lowest_internal,,1,68,167.46,169.63,179.41,211.62,415.4,167.26,169.63,179.51,211.82,415.4,1,,0.0,0.0,0,NONE
2026-09-18T17:30:50.152+00:00,1218.879,routine,Adaptive thermal response carryover,duty,0,422.6,167.66,inkbird_lowest_internal,,1,68,167.66,169.82,179.55,211.62,413.6,167.46,169.82,179.65,211.82,413.6,1,,0.0,0.0,0,NONE
2026-09-18T17:30:51.152+00:00,1219.879,routine,Adaptive thermal response carryover,duty,0,421.3,167.66,inkbird_lowest_internal,,1,68,167.66,169.82,179.55,211.62,413.6,167.46,169.82,179.65,211.82,413.6,1,,0.0,0.0,0,NONE
2026-09-18T17:30:52.152+00:00,1220.879,routine,Adaptive thermal response carryover,duty,0,421.3,167.85,inkbird_lowest_internal,,1,68,167.85,169.99,179.7,211.6,413.6,167.65,169.99,179.8,211.8,413.6,1,,0.0,0.0,0,NONE
2026-09-18T17:30:53.152+00:00,1221.879,routine,Adaptive thermal response carryover,duty,0,421.3,167.85,inkbird_lowest_internal,,1,68,167.85,169.99,179.7,211.6,413.6,167.65,169.99,179.8,211.8,413.6,1,,0.0,0.0,0,NONE
2026-09-18T17:30:53.653+00:00,1222.379,routine,Adaptive thermal response carryover,duty,0,420.4,167.85,inkbird_lowest_internal,,1,68,167.85,169.99,179.7,211.6,413.6,167.65,169.99,179.8,211.8,413.6,1,,0.0,0.0,0,NONE
2026-09-18T17:30:54.652+00:00,1223.379,routine,Adaptive thermal response carryover,duty,0,419.9,167.85,inkbird_lowest_internal,,1,68,167.85,169.99,179.7,211.6,413.6,167.65,169.99,179.8,211.8,413.6,1,,0.0,0.0,0,NONE
2026-09-18T17:30:55.154+00:00,1223.880,routine,Adaptive thermal response carryover,duty,0,419.9,168.05,inkbird_lowest_internal,,1,68,168.05,170.17,179.85,211.57,413.6,167.85,170.17,179.95,211.77,413.6,1,,0.0,0.0,0,NONE
2026-09-18T17:30:56.152+00:00,1224.879,routine,Adaptive thermal response carryover,duty,0,418.5,168.24,inkbird_lowest_internal,,1,68,168.24,170.34,179.98,211.54,413.6,168.04,170.34,180.08,211.74,413.6,1,,0.0,0.0,0,NONE
2026-09-18T17:30:57.152+00:00,1225.879,routine,Adaptive thermal response carryover,duty,0,419.0,168.24,inkbird_lowest_internal,,1,68,168.24,170.34,179.98,211.54,413.6,168.04,170.34,180.08,211.74,413.6,1,,0.0,0.0,0,NONE
2026-09-18T17:30:57.652+00:00,1226.379,routine,Adaptive thermal response carryover,duty,0,418.1,168.24,inkbird_lowest_internal,,1,68,168.24,170.34,179.98,211.54,413.6,168.04,170.34,180.08,211.74,413.6,1,,0.0,0.0,0,NONE
2026-09-18T17:30:58.652+00:00,1227.379,routine,Adaptive thermal response carryover,duty,0,417.2,168.44,inkbird_lowest_internal,,1,68,168.44,170.51,180.11,211.51,413.6,168.24,170.51,180.21,211.71,413.6,1,,0.0,0.0,0,NONE
2026-09-18T17:30:59.652+00:00,1228.379,routine,Adaptive thermal response carryover,duty,0,417.6,168.44,inkbird_lowest_internal,,1,68,168.44,170.51,180.11,211.51,413.6,168.24,170.51,180.21,211.71,413.6,1,,0.0,0.0,0,NONE
2026-09-18T17:31:00.152+00:00,1228.879,routine,Adaptive thermal response carryover,duty,0,417.2,168.63,inkbird_lowest_internal,,1,68,168.63,170.69,180.25,211.49,413.6,168.43,170.69,180.35,211.69,413.6,1,,0.0,0.0,0,NONE
2026-09-18T17:31:01.152+00:00,1229.879,routine,Adaptive thermal response carryover,duty,0,417.2,168.63,inkbird_lowest_internal,,1,68,168.63,170.69,180.25,211.49,413.6,168.43,170.69,180.35,211.69,413.6,1,,0.0,0.0,0,NONE
2026-09-18T17:31:02.152+00:00,1230.879,routine,Adaptive thermal response carryover,duty,0,416.8,168.81,inkbird_lowest_internal,,1,68,168.81,170.87,180.38,211.43,411.8,168.61,170.87,180.48,211.63,411.8,1,,0.0,0.0,0,NONE
2026-09-18T17:31:03.152+00:00,1231.879,routine,Adaptive thermal response carryover,duty,0,416.3,168.81,inkbird_lowest_internal,,1,68,168.81,170.87,180.38,211.43,411.8,168.61,170.87,180.48,211.63,411.8,1,,0.0,0.0,0,NONE
2026-09-18T17:31:03.652+00:00,1232.379,routine,Adaptive thermal response carryover,duty,0,415.9,168.81,inkbird_lowest_internal,,1,68,168.81,170.87,180.38,211.43,411.8,168.61,170.87,180.48,211.63,411.8,1,,0.0,0.0,0,NONE
2026-09-18T17:31:04.652+00:00,1233.379,routine,Adaptive thermal response carryover,duty,0,414.5,169.01,inkbird_lowest_internal,,1,68,169.01,171.05,180.49,211.33,411.8,168.81,171.05,180.59,211.53,411.8,1,,0.0,0.0,0,NONE
2026-09-18T17:31:05.653+00:00,1234.380,routine,Adaptive thermal response carryover,duty,0,415.0,169.01,inkbird_lowest_internal,,1,68,169.01,171.05,180.49,211.33,411.8,168.81,171.05,180.59,211.53,411.8,1,,0.0,0.0,0,NONE
2026-09-18T17:31:06.652+00:00,1235.379,routine,Adaptive thermal response carryover,duty,0,413.6,169.2,inkbird_lowest_internal,,1,68,169.2,171.21,180.59,211.23,411.8,169.0,171.21,180.69,211.43,411.8,1,,0.0,0.0,0,NONE
2026-09-18T17:31:07.652+00:00,1236.379,routine,Adaptive thermal response carryover,duty,0,414.0,169.2,inkbird_lowest_internal,,1,68,169.2,171.21,180.59,211.23,411.8,169.0,171.21,180.69,211.43,411.8,1,,0.0,0.0,0,NONE
2026-09-18T17:31:08.653+00:00,1237.380,routine,Adaptive thermal response carryover,duty,0,414.0,169.39,inkbird_lowest_internal,,1,68,169.39,171.37,180.7,211.17,411.8,169.19,171.37,180.8,211.37,411.8,1,,0.0,0.0,0,NONE
2026-09-18T17:31:09.652+00:00,1238.379,routine,Adaptive thermal response carryover,duty,0,411.8,169.39,inkbird_lowest_internal,,1,68,169.39,171.37,180.7,211.17,411.8,169.19,171.37,180.8,211.37,411.8,1,,0.0,0.0,0,NONE
2026-09-18T17:31:10.652+00:00,1239.379,routine,Adaptive thermal response carryover,duty,0,413.1,169.58,inkbird_lowest_internal,,1,68,169.58,171.53,180.8,211.06,411.8,169.38,171.53,180.9,211.26,411.8,1,,0.0,0.0,0,NONE
2026-09-18T17:31:11.652+00:00,1240.379,routine,Adaptive thermal response carryover,duty,0,411.4,169.58,inkbird_lowest_internal,,1,68,169.58,171.53,180.8,211.06,411.8,169.38,171.53,180.9,211.26,411.8,1,,0.0,0.0,0,NONE
2026-09-18T17:31:12.652+00:00,1241.379,routine,Adaptive thermal response carryover,duty,0,411.4,169.58,inkbird_lowest_internal,,1,68,169.58,171.53,180.8,211.06,411.8,169.38,171.53,180.9,211.26,411.8,1,,0.0,0.0,0,NONE
2026-09-18T17:31:13.652+00:00,1242.379,routine,Adaptive thermal response carryover,duty,0,410.9,169.78,inkbird_lowest_internal,,1,68,169.78,171.68,180.9,210.93,411.8,169.58,171.68,181.0,211.13,411.8,1,,0.0,0.0,0,NONE
2026-09-18T17:31:14.652+00:00,1243.379,routine,Adaptive thermal response carryover,duty,0,410.0,169.97,inkbird_lowest_internal,,1,68,169.97,171.84,181.0,210.82,410.0,169.77,171.84,181.1,211.02,410.0,1,,0.0,0.0,0,NONE
2026-09-18T17:31:15.652+00:00,1244.379,routine,Adaptive thermal response carryover,duty,0,410.0,169.97,inkbird_lowest_internal,,1,68,169.97,171.84,181.0,210.82,410.0,169.77,171.84,181.1,211.02,410.0,1,,0.0,0.0,0,NONE
2026-09-18T17:31:16.153+00:00,1244.880,routine,Adaptive thermal response carryover,duty,0,408.6,170.16,inkbird_lowest_internal,,1,68,170.16,171.99,181.06,210.67,410.0,169.96,171.99,181.16,210.87,410.0,1,,0.0,0.0,0,NONE
2026-09-18T17:31:17.152+00:00,1245.879,routine,Adaptive thermal response carryover,duty,0,409.1,170.16,inkbird_lowest_internal,,1,68,170.16,171.99,181.06,210.67,410.0,169.96,171.99,181.16,210.87,410.0,1,,0.0,0.0,0,NONE
2026-09-18T17:31:17.652+00:00,1246.379,routine,Adaptive thermal response carryover,duty,0,408.6,170.16,inkbird_lowest_internal,,1,68,170.16,171.99,181.06,210.67,410.0,169.96,171.99,181.16,210.87,410.0,1,,0.0,0.0,0,NONE
2026-09-18T17:31:18.652+00:00,1247.379,routine,Adaptive thermal response carryover,duty,0,408.6,170.35,inkbird_lowest_internal,,1,68,170.35,172.15,181.16,210.55,410.0,170.15,172.15,181.26,210.75,410.0,1,,0.0,0.0,0,NONE
2026-09-18T17:31:19.152+00:00,1247.879,routine,Adaptive thermal response carryover,duty,0,407.3,170.35,inkbird_lowest_internal,,1,68,170.35,172.15,181.16,210.55,410.0,170.15,172.15,181.26,210.75,410.0,1,,0.0,0.0,0,NONE
2026-09-18T17:31:20.152+00:00,1248.879,routine,Adaptive thermal response carryover,duty,0,407.8,170.53,inkbird_lowest_internal,,1,68,170.53,172.3,181.25,210.43,410.0,170.33,172.3,181.35,210.63,410.0,1,,0.0,0.0,0,NONE
2026-09-18T17:31:21.152+00:00,1249.878,routine,Adaptive thermal response carryover,duty,0,406.9,170.53,inkbird_lowest_internal,,1,68,170.53,172.3,181.25,210.43,410.0,170.33,172.3,181.35,210.63,410.0,1,,0.0,0.0,0,NONE
2026-09-18T17:31:21.652+00:00,1250.378,routine,Adaptive thermal response carryover,duty,0,406.9,170.53,inkbird_lowest_internal,,1,68,170.53,172.3,181.25,210.43,410.0,170.33,172.3,181.35,210.63,410.0,1,,0.0,0.0,0,NONE
2026-09-18T17:31:22.652+00:00,1251.378,routine,Adaptive thermal response carryover,duty,0,406.4,170.71,inkbird_lowest_internal,,1,68,170.71,172.45,181.29,210.31,410.0,170.51,172.45,181.39,210.51,410.0,1,,0.0,0.0,0,NONE
2026-09-18T17:31:23.652+00:00,1252.378,routine,Adaptive thermal response carryover,duty,0,405.0,170.71,inkbird_lowest_internal,,1,68,170.71,172.45,181.29,210.31,410.0,170.51,172.45,181.39,210.51,410.0,1,,0.0,0.0,0,NONE
2026-09-18T17:31:24.652+00:00,1253.378,routine,Adaptive thermal response carryover,duty,0,404.1,170.9,inkbird_lowest_internal,,1,68,170.9,172.59,181.4,210.18,408.2,170.7,172.59,181.5,210.38,408.2,1,,0.0,0.0,0,NONE
2026-09-18T17:31:25.152+00:00,1253.879,routine,Adaptive thermal response carryover,duty,0,404.1,170.9,inkbird_lowest_internal,,1,68,170.9,172.59,181.4,210.18,408.2,170.7,172.59,181.5,210.38,408.2,1,,0.0,0.0,0,NONE
2026-09-18T17:31:26.152+00:00,1254.879,routine,Adaptive thermal response carryover,duty,0,402.8,171.08,inkbird_lowest_internal,,1,68,171.08,172.73,181.5,210.04,408.2,170.88,172.73,181.6,210.24,408.2,1,,0.0,0.0,0,NONE
2026-09-18T17:31:26.653+00:00,1255.380,routine,Adaptive thermal response carryover,duty,0,402.8,171.08,inkbird_lowest_internal,,1,68,171.08,172.73,181.5,210.04,408.2,170.88,172.73,181.6,210.24,408.2,1,,0.0,0.0,0,NONE
2026-09-18T17:31:27.651+00:00,1256.378,routine,Adaptive thermal response carryover,duty,0,403.7,171.08,inkbird_lowest_internal,,1,68,171.08,172.73,181.5,210.04,408.2,170.88,172.73,181.6,210.24,408.2,1,,0.0,0.0,0,NONE
2026-09-18T17:31:28.651+00:00,1257.378,routine,Adaptive thermal response carryover,duty,0,403.3,171.08,inkbird_lowest_internal,,1,68,171.08,172.73,181.5,210.04,408.2,170.88,172.73,181.6,210.24,408.2,1,,0.0,0.0,0,NONE
2026-09-18T17:31:29.651+00:00,1258.378,routine,Adaptive thermal response carryover,duty,0,402.4,171.27,inkbird_lowest_internal,,1,68,171.27,172.87,181.53,209.89,408.2,171.07,172.87,181.63,210.09,408.2,1,,0.0,0.0,0,NONE
2026-09-18T17:31:30.651+00:00,1259.378,routine,Adaptive thermal response carryover,duty,0,401.0,171.44,inkbird_lowest_internal,,1,68,171.44,173.01,181.63,209.76,406.4,171.24,173.01,181.73,209.96,406.4,1,,0.0,0.0,0,NONE
2026-09-18T17:31:31.151+00:00,1259.878,routine,Adaptive thermal response carryover,duty,0,401.5,171.44,inkbird_lowest_internal,,1,68,171.44,173.01,181.63,209.76,406.4,171.24,173.01,181.73,209.96,406.4,1,,0.0,0.0,0,NONE
2026-09-18T17:31:32.151+00:00,1260.878,routine,Adaptive thermal response carryover,duty,0,400.5,171.63,inkbird_lowest_internal,,1,68,171.63,173.14,181.72,209.62,406.4,171.43,173.14,181.82,209.82,406.4,1,,0.0,0.0,0,NONE
2026-09-18T17:31:33.151+00:00,1261.878,routine,Adaptive thermal response carryover,duty,0,399.6,171.63,inkbird_lowest_internal,,1,68,171.63,173.14,181.72,209.62,406.4,171.43,173.14,181.82,209.82,406.4,1,,0.0,0.0,0,NONE
2026-09-18T17:31:34.151+00:00,1262.878,routine,Adaptive thermal response carryover,duty,0,400.1,171.8,inkbird_lowest_internal,,1,68,171.8,173.28,181.76,209.5,406.4,171.6,173.28,181.86,209.7,406.4,1,,0.0,0.0,0,NONE
2026-09-18T17:31:34.651+00:00,1263.378,routine,Adaptive thermal response carryover,duty,0,399.2,171.8,inkbird_lowest_internal,,1,68,171.8,173.28,181.76,209.5,406.4,171.6,173.28,181.86,209.7,406.4,1,,0.0,0.0,0,NONE
2026-09-18T17:31:35.651+00:00,1264.378,routine,Adaptive thermal response carryover,duty,0,398.8,171.8,inkbird_lowest_internal,,1,68,171.8,173.28,181.76,209.5,406.4,171.6,173.28,181.86,209.7,406.4,1,,0.0,0.0,0,NONE
2026-09-18T17:31:36.651+00:00,1265.378,routine,Adaptive thermal response carryover,duty,0,397.4,171.97,inkbird_lowest_internal,,1,68,171.97,173.42,181.86,209.38,406.4,171.77,173.42,181.96,209.58,406.4,1,,0.0,0.0,0,NONE
2026-09-18T17:31:37.152+00:00,1265.879,routine,Adaptive thermal response carryover,duty,0,397.4,171.97,inkbird_lowest_internal,,1,68,171.97,173.42,181.86,209.38,406.4,171.77,173.42,181.96,209.58,406.4,1,,0.0,0.0,0,NONE
2026-09-18T17:31:38.151+00:00,1266.878,routine,Adaptive thermal response carryover,duty,0,396.5,172.15,inkbird_lowest_internal,,1,68,172.15,173.54,181.95,209.25,404.6,171.95,173.54,182.05,209.45,404.6,1,,0.0,0.0,0,NONE
2026-09-18T17:31:39.151+00:00,1267.878,routine,Adaptive thermal response carryover,duty,0,397.0,172.15,inkbird_lowest_internal,,1,68,172.15,173.54,181.95,209.25,404.6,171.95,173.54,182.05,209.45,404.6,1,,0.0,0.0,0,NONE
2026-09-18T17:31:40.151+00:00,1268.878,routine,Adaptive thermal response carryover,duty,0,395.6,172.32,inkbird_lowest_internal,,1,68,172.32,173.68,181.98,209.13,404.6,172.12,173.68,182.08,209.33,404.6,1,,0.0,0.0,0,NONE
2026-09-18T17:31:41.151+00:00,1269.878,routine,Adaptive thermal response carryover,duty,0,395.6,172.32,inkbird_lowest_internal,,1,68,172.32,173.68,181.98,209.13,404.6,172.12,173.68,182.08,209.33,404.6,1,,0.0,0.0,0,NONE
2026-09-18T17:31:42.151+00:00,1270.878,routine,Adaptive thermal response carryover,duty,0,394.7,172.49,inkbird_lowest_internal,,1,68,172.49,173.83,182.08,209.02,404.6,172.29,173.83,182.18,209.22,404.6,1,,0.0,0.0,0,NONE
2026-09-18T17:31:42.653+00:00,1271.379,routine,Adaptive thermal response carryover,duty,0,394.7,172.49,inkbird_lowest_internal,,1,68,172.49,173.83,182.08,209.02,404.6,172.29,173.83,182.18,209.22,404.6,1,,0.0,0.0,0,NONE
2026-09-18T17:31:43.651+00:00,1272.378,routine,Adaptive thermal response carryover,duty,0,394.3,172.49,inkbird_lowest_internal,,1,68,172.49,173.83,182.08,209.02,404.6,172.29,173.83,182.18,209.22,404.6,1,,0.0,0.0,0,NONE
2026-09-18T17:31:44.651+00:00,1273.378,routine,Adaptive thermal response carryover,duty,0,393.8,172.65,inkbird_lowest_internal,,1,68,172.65,173.95,182.1,208.91,404.6,172.45,173.95,182.2,209.11,404.6,1,,0.0,0.0,0,NONE
2026-09-18T17:31:45.651+00:00,1274.378,routine,Adaptive thermal response carryover,duty,0,392.0,172.65,inkbird_lowest_internal,,1,68,172.65,173.95,182.1,208.91,404.6,172.45,173.95,182.2,209.11,404.6,1,,0.0,0.0,0,NONE
2026-09-18T17:31:46.651+00:00,1275.378,routine,Adaptive thermal response carryover,duty,0,392.5,172.65,inkbird_lowest_internal,,1,68,172.65,173.95,182.1,208.91,404.6,172.45,173.95,182.2,209.11,404.6,1,,0.0,0.0,0,NONE
2026-09-18T17:31:47.151+00:00,1275.878,routine,Adaptive thermal response carryover,duty,0,392.0,172.82,inkbird_lowest_internal,,1,68,172.82,174.08,182.21,208.8,404.6,172.62,174.08,182.31,209.0,404.6,1,,0.0,0.0,0,NONE
2026-09-18T17:31:48.151+00:00,1276.878,routine,Adaptive thermal response carryover,duty,0,391.5,172.98,inkbird_lowest_internal,,1,68,172.98,174.21,182.3,208.7,404.6,172.78,174.21,182.4,208.9,404.6,1,,0.0,0.0,0,NONE
2026-09-18T17:31:49.151+00:00,1277.878,routine,Adaptive thermal response carryover,duty,0,391.5,172.98,inkbird_lowest_internal,,1,68,172.98,174.21,182.3,208.7,404.6,172.78,174.21,182.4,208.9,404.6,1,,0.0,0.0,0,NONE
2026-09-18T17:31:50.151+00:00,1278.878,routine,Adaptive thermal response carryover,duty,0,390.2,173.15,inkbird_lowest_internal,,1,68,173.15,174.33,182.33,208.6,404.6,172.95,174.33,182.43,208.8,404.6,1,,0.0,0.0,0,NONE
2026-09-18T17:31:51.151+00:00,1279.878,routine,Adaptive thermal response carryover,duty,0,390.2,173.15,inkbird_lowest_internal,,1,68,173.15,174.33,182.33,208.6,404.6,172.95,174.33,182.43,208.8,404.6,1,,0.0,0.0,0,NONE
2026-09-18T17:31:52.151+00:00,1280.878,routine,Adaptive thermal response carryover,duty,0,389.3,173.31,inkbird_lowest_internal,,1,68,173.31,174.47,182.43,208.57,404.6,173.11,174.47,182.53,208.77,404.6,1,,0.0,0.0,0,NONE
2026-09-18T17:31:53.151+00:00,1281.878,routine,Adaptive thermal response carryover,duty,0,388.9,173.31,inkbird_lowest_internal,,1,68,173.31,174.47,182.43,208.57,404.6,173.11,174.47,182.53,208.77,404.6,1,,0.0,0.0,0,NONE
2026-09-18T17:31:54.151+00:00,1282.878,routine,Adaptive thermal response carryover,duty,0,387.5,173.48,inkbird_lowest_internal,,1,68,173.48,174.6,182.51,208.44,401.0,173.28,174.6,182.61,208.64,401.0,1,,0.0,0.0,0,NONE
2026-09-18T17:31:55.151+00:00,1283.878,routine,Adaptive thermal response carryover,duty,0,387.5,173.48,inkbird_lowest_internal,,1,68,173.48,174.6,182.51,208.44,401.0,173.28,174.6,182.61,208.64,401.0,1,,0.0,0.0,0,NONE
2026-09-18T17:31:56.151+00:00,1284.878,routine,Adaptive thermal response carryover,duty,0,386.1,173.64,inkbird_lowest_internal,,1,68,173.64,174.72,182.55,208.32,401.0,173.44,174.72,182.65,208.52,401.0,1,,0.0,0.0,0,NONE
2026-09-18T17:31:57.151+00:00,1285.878,routine,Adaptive thermal response carryover,duty,0,386.1,173.64,inkbird_lowest_internal,,1,68,173.64,174.72,182.55,208.32,401.0,173.44,174.72,182.65,208.52,401.0,1,,0.0,0.0,0,NONE
2026-09-18T17:31:57.651+00:00,1286.378,routine,Adaptive thermal response carryover,duty,0,385.7,173.64,inkbird_lowest_internal,,1,68,173.64,174.72,182.55,208.32,401.0,173.44,174.72,182.65,208.52,401.0,1,,0.0,0.0,0,NONE
2026-09-18T17:31:58.152+00:00,1286.879,routine,Adaptive thermal response carryover,duty,0,386.1,173.79,inkbird_lowest_internal,,1,68,173.79,174.85,182.65,208.22,401.0,173.59,174.85,182.75,208.42,401.0,1,,0.0,0.0,0,NONE
2026-09-18T17:31:59.151+00:00,1287.878,routine,Adaptive thermal response carryover,duty,0,384.8,173.79,inkbird_lowest_internal,,1,68,173.79,174.85,182.65,208.22,401.0,173.59,174.85,182.75,208.42,401.0,1,,0.0,0.0,0,NONE
2026-09-18T17:32:00.151+00:00,1288.878,routine,Adaptive thermal response carryover,duty,0,384.4,173.94,inkbird_lowest_internal,,1,68,173.94,174.97,182.69,208.15,399.2,173.74,174.97,182.79,208.35,399.2,1,,0.0,0.0,0,NONE
2026-09-18T17:32:01.151+00:00,1289.878,routine,Adaptive thermal response carryover,duty,0,384.4,173.94,inkbird_lowest_internal,,1,68,173.94,174.97,182.69,208.15,399.2,173.74,174.97,182.79,208.35,399.2,1,,0.0,0.0,0,NONE
2026-09-18T17:32:02.151+00:00,1290.877,routine,Adaptive thermal response carryover,duty,0,383.5,174.1,inkbird_lowest_internal,,1,68,174.1,175.1,182.79,208.1,399.2,173.9,175.1,182.89,208.3,399.2,1,,0.0,0.0,0,NONE
2026-09-18T17:32:03.151+00:00,1291.877,routine,Adaptive thermal response carryover,duty,0,383.5,174.1,inkbird_lowest_internal,,1,68,174.1,175.1,182.79,208.1,399.2,173.9,175.1,182.89,208.3,399.2,1,,0.0,0.0,0,NONE
2026-09-18T17:32:04.151+00:00,1292.877,routine,Adaptive thermal response carryover,duty,0,382.1,174.26,inkbird_lowest_internal,,1,68,174.26,175.23,182.88,208.0,399.2,174.06,175.23,182.98,208.2,399.2,1,,0.0,0.0,0,NONE
2026-09-18T17:32:05.151+00:00,1293.877,routine,Adaptive thermal response carryover,duty,0,381.2,174.26,inkbird_lowest_internal,,1,68,174.26,175.23,182.88,208.0,399.2,174.06,175.23,182.98,208.2,399.2,1,,0.0,0.0,0,NONE
2026-09-18T17:32:05.651+00:00,1294.377,routine,Adaptive thermal response carryover,duty,0,382.1,174.26,inkbird_lowest_internal,,1,68,174.26,175.23,182.88,208.0,399.2,174.06,175.23,182.98,208.2,399.2,1,,0.0,0.0,0,NONE
2026-09-18T17:32:06.651+00:00,1295.377,routine,Adaptive thermal response carryover,duty,0,381.6,174.26,inkbird_lowest_internal,,1,68,174.26,175.23,182.88,208.0,399.2,174.06,175.23,182.98,208.2,399.2,1,,0.0,0.0,0,NONE
2026-09-18T17:32:07.650+00:00,1296.377,routine,Adaptive thermal response carryover,duty,0,380.8,174.4,inkbird_lowest_internal,,1,68,174.4,175.35,182.91,207.97,399.2,174.2,175.35,183.01,208.17,399.2,1,,0.0,0.0,0,NONE
2026-09-18T17:32:08.652+00:00,1297.379,routine,Adaptive thermal response carryover,duty,0,380.3,174.56,inkbird_lowest_internal,,1,68,174.56,175.48,183.03,207.87,397.4,174.36,175.48,183.13,208.07,397.4,1,,0.0,0.0,0,NONE
2026-09-18T17:32:09.650+00:00,1298.377,routine,Adaptive thermal response carryover,duty,0,379.9,174.56,inkbird_lowest_internal,,1,68,174.56,175.48,183.03,207.87,397.4,174.36,175.48,183.13,208.07,397.4,1,,0.0,0.0,0,NONE
2026-09-18T17:32:10.650+00:00,1299.377,routine,Adaptive thermal response carryover,duty,0,379.4,174.7,inkbird_lowest_internal,,1,68,174.7,175.6,183.12,207.79,397.4,174.5,175.6,183.22,207.99,397.4,1,,0.0,0.0,0,NONE
2026-09-18T17:32:11.650+00:00,1300.377,routine,Adaptive thermal response carryover,duty,0,378.0,174.7,inkbird_lowest_internal,,1,68,174.7,175.6,183.12,207.79,397.4,174.5,175.6,183.22,207.99,397.4,1,,0.0,0.0,0,NONE
2026-09-18T17:32:12.650+00:00,1301.377,routine,Adaptive thermal response carryover,duty,0,378.5,174.85,inkbird_lowest_internal,,1,68,174.85,175.72,183.15,207.75,397.4,174.65,175.72,183.25,207.95,397.4,1,,0.0,0.0,0,NONE
2026-09-18T17:32:13.650+00:00,1302.377,routine,Adaptive thermal response carryover,duty,0,376.7,174.85,inkbird_lowest_internal,,1,68,174.85,175.72,183.15,207.75,397.4,174.65,175.72,183.25,207.95,397.4,1,,0.0,0.0,0,NONE
2026-09-18T17:32:14.650+00:00,1303.377,routine,Adaptive thermal response carryover,duty,0,376.3,175.0,inkbird_lowest_internal,,1,68,175.0,175.84,183.25,207.66,397.4,174.8,175.84,183.35,207.86,397.4,1,,0.0,0.0,0,NONE
2026-09-18T17:32:15.650+00:00,1304.377,routine,Adaptive thermal response carryover,duty,0,376.3,175.0,inkbird_lowest_internal,,1,68,175.0,175.84,183.25,207.66,397.4,174.8,175.84,183.35,207.86,397.4,1,,0.0,0.0,0,NONE
2026-09-18T17:32:16.150+00:00,1304.877,routine,Adaptive thermal response carryover,duty,0,375.8,175.14,inkbird_lowest_internal,,1,68,175.14,175.98,183.35,207.63,395.6,174.94,175.98,183.45,207.83,395.6,1,,0.0,0.0,0,NONE
2026-09-18T17:32:17.150+00:00,1305.877,routine,Adaptive thermal response carryover,duty,0,374.9,175.14,inkbird_lowest_internal,,1,68,175.14,175.98,183.35,207.63,395.6,174.94,175.98,183.45,207.83,395.6,1,,0.0,0.0,0,NONE
2026-09-18T17:32:18.150+00:00,1306.877,routine,Adaptive thermal response carryover,duty,0,375.4,175.28,inkbird_lowest_internal,,1,68,175.28,176.11,183.39,207.57,395.6,175.08,176.11,183.49,207.77,395.6,1,,0.0,0.0,0,NONE
2026-09-18T17:32:19.151+00:00,1307.878,routine,Adaptive thermal response carryover,duty,0,373.5,175.28,inkbird_lowest_internal,,1,68,175.28,176.11,183.39,207.57,395.6,175.08,176.11,183.49,207.77,395.6,1,,0.0,0.0,0,NONE
2026-09-18T17:32:20.150+00:00,1308.877,routine,Adaptive thermal response carryover,duty,0,374.5,175.28,inkbird_lowest_internal,,1,68,175.28,176.11,183.39,207.57,395.6,175.08,176.11,183.49,207.77,395.6,1,,0.0,0.0,0,NONE
2026-09-18T17:32:20.650+00:00,1309.377,routine,Adaptive thermal response carryover,duty,0,374.0,175.28,inkbird_lowest_internal,,1,68,175.28,176.11,183.39,207.57,395.6,175.08,176.11,183.49,207.77,395.6,1,,0.0,0.0,0,NONE
2026-09-18T17:32:21.650+00:00,1310.377,routine,Adaptive thermal response carryover,duty,0,373.1,175.42,inkbird_lowest_internal,,1,68,175.42,176.23,183.49,207.53,395.6,175.22,176.23,183.59,207.73,395.6,1,,0.0,0.0,0,NONE
2026-09-18T17:32:22.650+00:00,1311.377,routine,Adaptive thermal response carryover,duty,0,371.8,175.57,inkbird_lowest_internal,,1,68,175.57,176.36,183.54,207.52,393.8,175.37,176.36,183.64,207.72,393.8,1,,0.0,0.0,0,NONE
2026-09-18T17:32:23.650+00:00,1312.377,routine,Adaptive thermal response carryover,duty,0,372.6,175.57,inkbird_lowest_internal,,1,68,175.57,176.36,183.54,207.52,393.8,175.37,176.36,183.64,207.72,393.8,1,,0.0,0.0,0,NONE
2026-09-18T17:32:24.650+00:00,1313.377,routine,Adaptive thermal response carryover,duty,0,371.8,175.7,inkbird_lowest_internal,,1,68,175.7,176.48,183.66,207.44,393.8,175.5,176.48,183.76,207.64,393.8,1,,0.0,0.0,0,NONE
2026-09-18T17:32:25.650+00:00,1314.377,routine,Adaptive thermal response carryover,duty,0,371.3,175.7,inkbird_lowest_internal,,1,68,175.7,176.48,183.66,207.44,393.8,175.5,176.48,183.76,207.64,393.8,1,,0.0,0.0,0,NONE
2026-09-18T17:32:26.150+00:00,1314.877,routine,Adaptive thermal response carryover,duty,0,370.9,175.84,inkbird_lowest_internal,,1,68,175.84,176.6,183.76,207.42,393.8,175.64,176.6,183.86,207.62,393.8,1,,0.0,0.0,0,NONE
2026-09-18T17:32:27.150+00:00,1315.877,routine,Adaptive thermal response carryover,duty,0,370.4,175.84,inkbird_lowest_internal,,1,68,175.84,176.6,183.76,207.42,393.8,175.64,176.6,183.86,207.62,393.8,1,,0.0,0.0,0,NONE
2026-09-18T17:32:28.150+00:00,1316.877,routine,Adaptive thermal response carryover,duty,0,370.0,175.97,inkbird_lowest_internal,,1,68,175.97,176.73,183.84,207.39,393.8,175.77,176.73,183.94,207.59,393.8,1,,0.0,0.0,0,NONE
2026-09-18T17:32:29.150+00:00,1317.877,routine,Adaptive thermal response carryover,duty,0,369.0,175.97,inkbird_lowest_internal,,1,68,175.97,176.73,183.84,207.39,393.8,175.77,176.73,183.94,207.59,393.8,1,,0.0,0.0,0,NONE
2026-09-18T17:32:29.651+00:00,1318.378,routine,Adaptive thermal response carryover,duty,0,368.1,175.97,inkbird_lowest_internal,,1,68,175.97,176.73,183.84,207.39,393.8,175.77,176.73,183.94,207.59,393.8,1,,0.0,0.0,0,NONE
2026-09-18T17:32:30.650+00:00,1319.377,routine,Adaptive thermal response carryover,duty,0,368.6,176.1,inkbird_lowest_internal,,1,68,176.1,176.85,183.89,207.31,392.0,175.9,176.85,183.99,207.51,392.0,1,,0.0,0.0,0,NONE
2026-09-18T17:32:31.650+00:00,1320.377,routine,Adaptive thermal response carryover,duty,0,368.1,176.1,inkbird_lowest_internal,,1,68,176.1,176.85,183.89,207.31,392.0,175.9,176.85,183.99,207.51,392.0,1,,0.0,0.0,0,NONE
2026-09-18T17:32:32.650+00:00,1321.377,routine,Adaptive thermal response carryover,duty,0,367.7,176.23,inkbird_lowest_internal,,1,68,176.23,176.96,184.0,207.29,392.0,176.03,176.96,184.1,207.49,392.0,1,,0.0,0.0,0,NONE
2026-09-18T17:32:33.650+00:00,1322.377,routine,Adaptive thermal response carryover,duty,0,367.3,176.23,inkbird_lowest_internal,,1,68,176.23,176.96,184.0,207.29,392.0,176.03,176.96,184.1,207.49,392.0,1,,0.0,0.0,0,NONE
2026-09-18T17:32:34.650+00:00,1323.377,routine,Adaptive thermal response carryover,duty,0,366.8,176.36,inkbird_lowest_internal,,1,68,176.36,177.09,184.08,207.26,392.0,176.16,177.09,184.18,207.46,392.0,1,,0.0,0.0,0,NONE
2026-09-18T17:32:35.650+00:00,1324.377,routine,Adaptive thermal response carryover,duty,0,366.4,176.36,inkbird_lowest_internal,,1,68,176.36,177.09,184.08,207.26,392.0,176.16,177.09,184.18,207.46,392.0,1,,0.0,0.0,0,NONE
2026-09-18T17:32:36.650+00:00,1325.377,routine,Adaptive thermal response carryover,duty,0,365.5,176.49,inkbird_lowest_internal,,1,68,176.49,177.22,184.12,207.19,390.2,176.29,177.22,184.22,207.39,390.2,1,,0.0,0.0,0,NONE
2026-09-18T17:32:37.650+00:00,1326.377,routine,Adaptive thermal response carryover,duty,0,365.0,176.49,inkbird_lowest_internal,,1,68,176.49,177.22,184.12,207.19,390.2,176.29,177.22,184.22,207.39,390.2,1,,0.0,0.0,0,NONE
2026-09-18T17:32:38.650+00:00,1327.377,routine,Adaptive thermal response carryover,duty,0,365.0,176.49,inkbird_lowest_internal,,1,68,176.49,177.22,184.12,207.19,390.2,176.29,177.22,184.22,207.39,390.2,1,,0.0,0.0,0,NONE
2026-09-18T17:32:39.650+00:00,1328.377,routine,Adaptive thermal response carryover,duty,0,364.1,176.61,inkbird_lowest_internal,,1,68,176.61,177.34,184.23,207.18,390.2,176.41,177.34,184.33,207.38,390.2,1,,0.0,0.0,0,NONE
2026-09-18T17:32:40.650+00:00,1329.376,routine,Adaptive thermal response carryover,duty,0,363.6,176.75,inkbird_lowest_internal,,1,68,176.75,177.45,184.33,207.16,390.2,176.55,177.45,184.43,207.36,390.2,1,,0.0,0.0,0,NONE
2026-09-18T17:32:41.650+00:00,1330.376,routine,Adaptive thermal response carryover,duty,0,362.8,176.75,inkbird_lowest_internal,,1,68,176.75,177.45,184.33,207.16,390.2,176.55,177.45,184.43,207.36,390.2,1,,0.0,0.0,0,NONE
2026-09-18T17:32:42.650+00:00,1331.376,routine,Adaptive thermal response carryover,duty,0,362.8,176.88,inkbird_lowest_internal,,1,68,176.88,177.56,184.37,207.1,390.2,176.68,177.56,184.47,207.3,390.2,1,,0.0,0.0,0,NONE
2026-09-18T17:32:43.650+00:00,1332.376,routine,Adaptive thermal response carryover,duty,0,362.3,176.88,inkbird_lowest_internal,,1,68,176.88,177.56,184.37,207.1,390.2,176.68,177.56,184.47,207.3,390.2,1,,0.0,0.0,0,NONE
2026-09-18T17:32:44.150+00:00,1332.877,routine,Adaptive thermal response carryover,duty,0,361.9,177.0,inkbird_lowest_internal,,1,68,177.0,177.66,184.5,207.09,388.4,176.8,177.66,184.6,207.29,388.4,1,,0.0,0.0,0,NONE
2026-09-18T17:32:45.150+00:00,1333.877,routine,Adaptive thermal response carryover,duty,0,361.9,177.0,inkbird_lowest_internal,,1,68,177.0,177.66,184.5,207.09,388.4,176.8,177.66,184.6,207.29,388.4,1,,0.0,0.0,0,NONE
2026-09-18T17:32:46.149+00:00,1334.876,routine,Adaptive thermal response carryover,duty,0,361.4,177.12,inkbird_lowest_internal,,1,68,177.12,177.8,184.58,207.07,388.4,176.92,177.8,184.68,207.27,388.4,1,,0.0,0.0,0,NONE
2026-09-18T17:32:47.149+00:00,1335.876,routine,Adaptive thermal response carryover,duty,0,361.0,177.12,inkbird_lowest_internal,,1,68,177.12,177.8,184.58,207.07,388.4,176.92,177.8,184.68,207.27,388.4,1,,0.0,0.0,0,NONE
2026-09-18T17:32:48.149+00:00,1336.876,routine,Adaptive thermal response carryover,duty,0,360.5,177.24,inkbird_lowest_internal,,1,68,177.24,177.9,184.64,207.07,388.4,177.04,177.9,184.74,207.27,388.4,1,,0.0,0.0,0,NONE
2026-09-18T17:32:49.149+00:00,1337.876,routine,Adaptive thermal response carryover,duty,0,360.0,177.24,inkbird_lowest_internal,,1,68,177.24,177.9,184.64,207.07,388.4,177.04,177.9,184.74,207.27,388.4,1,,0.0,0.0,0,NONE
2026-09-18T17:32:49.649+00:00,1338.376,routine,Adaptive thermal response carryover,duty,0,359.1,177.24,inkbird_lowest_internal,,1,68,177.24,177.9,184.64,207.07,388.4,177.04,177.9,184.74,207.27,388.4,1,,0.0,0.0,0,NONE
2026-09-18T17:32:50.150+00:00,1338.876,routine,Adaptive thermal response carryover,duty,0,358.7,177.36,inkbird_lowest_internal,,1,68,177.36,178.03,184.74,207.04,388.4,177.16,178.03,184.84,207.24,388.4,1,,0.0,0.0,0,NONE
2026-09-18T17:32:50.650+00:00,1339.377,routine,Adaptive thermal response carryover,duty,0,358.3,177.36,inkbird_lowest_internal,,1,68,177.36,178.03,184.74,207.04,388.4,177.16,178.03,184.84,207.24,388.4,1,,0.0,0.0,0,NONE
2026-09-18T17:32:51.649+00:00,1340.376,routine,Adaptive thermal response carryover,duty,0,358.7,177.36,inkbird_lowest_internal,,1,68,177.36,178.03,184.74,207.04,388.4,177.16,178.03,184.84,207.24,388.4,1,,0.0,0.0,0,NONE
2026-09-18T17:32:52.149+00:00,1340.876,routine,Adaptive thermal response carryover,duty,0,358.7,177.48,inkbird_lowest_internal,,1,68,177.48,178.15,184.79,206.99,386.6,177.28,178.15,184.89,207.19,386.6,1,,0.0,0.0,0,NONE
2026-09-18T17:32:53.149+00:00,1341.876,routine,Adaptive thermal response carryover,duty,0,357.8,177.48,inkbird_lowest_internal,,1,68,177.48,178.15,184.79,206.99,386.6,177.28,178.15,184.89,207.19,386.6,1,,0.0,0.0,0,NONE
2026-09-18T17:32:54.149+00:00,1342.876,routine,Adaptive thermal response carryover,duty,0,356.9,177.48,inkbird_lowest_internal,,1,68,177.48,178.15,184.79,206.99,386.6,177.28,178.15,184.89,207.19,386.6,1,,0.0,0.0,0,NONE
2026-09-18T17:32:55.149+00:00,1343.876,routine,Adaptive thermal response carryover,duty,0,356.9,177.59,inkbird_lowest_internal,,1,68,177.59,178.26,184.9,206.97,386.6,177.39,178.26,185.0,207.17,386.6,1,,0.0,0.0,0,NONE
2026-09-18T17:32:55.649+00:00,1344.376,routine,Adaptive thermal response carryover,duty,0,356.5,177.59,inkbird_lowest_internal,,1,68,177.59,178.26,184.9,206.97,386.6,177.39,178.26,185.0,207.17,386.6,1,,0.0,0.0,0,NONE
2026-09-18T17:32:56.150+00:00,1344.877,routine,Adaptive thermal response carryover,duty,0,356.5,177.72,inkbird_lowest_internal,,1,68,177.72,178.37,185.0,206.96,386.6,177.52,178.37,185.1,207.16,386.6,1,,0.0,0.0,0,NONE
2026-09-18T17:32:57.149+00:00,1345.876,routine,Adaptive thermal response carryover,duty,0,355.1,177.72,inkbird_lowest_internal,,1,68,177.72,178.37,185.0,206.96,386.6,177.52,178.37,185.1,207.16,386.6,1,,0.0,0.0,0,NONE
2026-09-18T17:32:58.149+00:00,1346.876,routine,Adaptive thermal response carryover,duty,0,356.0,177.82,inkbird_lowest_internal,,1,68,177.82,178.49,185.08,206.94,384.8,177.62,178.49,185.18,207.14,384.8,1,,0.0,0.0,0,NONE
2026-09-18T17:32:59.149+00:00,1347.876,routine,Adaptive thermal response carryover,duty,0,354.6,177.82,inkbird_lowest_internal,,1,68,177.82,178.49,185.08,206.94,384.8,177.62,178.49,185.18,207.14,384.8,1,,0.0,0.0,0,NONE
2026-09-18T17:32:59.649+00:00,1348.376,routine,Adaptive thermal response carryover,duty,0,355.1,177.82,inkbird_lowest_internal,,1,68,177.82,178.49,185.08,206.94,384.8,177.62,178.49,185.18,207.14,384.8,1,,0.0,0.0,0,NONE
2026-09-18T17:33:00.649+00:00,1349.376,routine,Adaptive thermal response carryover,duty,0,355.1,177.94,inkbird_lowest_internal,,1,68,177.94,178.61,185.13,206.93,384.8,177.74,178.61,185.23,207.13,384.8,1,,0.0,0.0,0,NONE
2026-09-18T17:33:01.650+00:00,1350.377,routine,Adaptive thermal response carryover,duty,0,354.2,177.94,inkbird_lowest_internal,,1,68,177.94,178.61,185.13,206.93,384.8,177.74,178.61,185.23,207.13,384.8,1,,0.0,0.0,0,NONE
2026-09-18T17:33:02.649+00:00,1351.376,routine,Adaptive thermal response carryover,duty,0,353.8,178.05,inkbird_lowest_internal,,1,68,178.05,178.72,185.23,206.86,384.8,177.85,178.72,185.33,207.06,384.8,1,,0.0,0.0,0,NONE
2026-09-18T17:33:03.149+00:00,1351.876,routine,Adaptive thermal response carryover,duty,0,352.9,178.05,inkbird_lowest_internal,,1,68,178.05,178.72,185.23,206.86,384.8,177.85,178.72,185.33,207.06,384.8,1,,0.0,0.0,0,NONE
2026-09-18T17:33:04.149+00:00,1352.876,routine,Adaptive thermal response carryover,duty,0,352.9,178.16,inkbird_lowest_internal,,1,68,178.16,178.82,185.34,206.85,384.8,177.96,178.82,185.44,207.05,384.8,1,,0.0,0.0,0,NONE
2026-09-18T17:33:05.149+00:00,1353.876,routine,Adaptive thermal response carryover,duty,0,352.9,178.16,inkbird_lowest_internal,,1,68,178.16,178.82,185.34,206.85,384.8,177.96,178.82,185.44,207.05,384.8,1,,0.0,0.0,0,NONE
2026-09-18T17:33:06.149+00:00,1354.876,routine,Adaptive thermal response carryover,duty,0,352.4,178.27,inkbird_lowest_internal,,1,68,178.27,178.94,185.43,206.85,383.0,178.07,178.94,185.53,207.05,383.0,1,,0.0,0.0,0,NONE
2026-09-18T17:33:07.149+00:00,1355.876,routine,Adaptive thermal response carryover,duty,0,352.0,178.27,inkbird_lowest_internal,,1,68,178.27,178.94,185.43,206.85,383.0,178.07,178.94,185.53,207.05,383.0,1,,0.0,0.0,0,NONE
2026-09-18T17:33:07.649+00:00,1356.376,routine,Adaptive thermal response carryover,duty,0,351.5,178.27,inkbird_lowest_internal,,1,68,178.27,178.94,185.43,206.85,383.0,178.07,178.94,185.53,207.05,383.0,1,,0.0,0.0,0,NONE
2026-09-18T17:33:08.649+00:00,1357.376,routine,Adaptive thermal response carryover,duty,0,351.0,178.38,inkbird_lowest_internal,,1,68,178.38,179.04,185.46,206.83,383.0,178.18,179.04,185.56,207.03,383.0,1,,0.0,0.0,0,NONE
2026-09-18T17:33:09.649+00:00,1358.376,routine,Adaptive thermal response carryover,duty,0,350.1,178.38,inkbird_lowest_internal,,1,68,178.38,179.04,185.46,206.83,383.0,178.18,179.04,185.56,207.03,383.0,1,,0.0,0.0,0,NONE
2026-09-18T17:33:10.649+00:00,1359.376,routine,Adaptive thermal response carryover,duty,0,350.6,178.48,inkbird_lowest_internal,,1,68,178.48,179.15,185.57,206.77,383.0,178.28,179.15,185.67,206.97,383.0,1,,0.0,0.0,0,NONE
2026-09-18T17:33:11.649+00:00,1360.376,routine,Adaptive thermal response carryover,duty,0,350.1,178.48,inkbird_lowest_internal,,1,68,178.48,179.15,185.57,206.77,383.0,178.28,179.15,185.67,206.97,383.0,1,,0.0,0.0,0,NONE
2026-09-18T17:33:12.649+00:00,1361.376,routine,Adaptive thermal response carryover,duty,0,349.7,178.48,inkbird_lowest_internal,,1,68,178.48,179.15,185.57,206.77,383.0,178.28,179.15,185.67,206.97,383.0,1,,0.0,0.0,0,NONE
2026-09-18T17:33:13.649+00:00,1362.376,routine,Adaptive thermal response carryover,duty,0,348.8,178.59,inkbird_lowest_internal,,1,68,178.59,179.27,185.65,206.76,381.2,178.39,179.27,185.75,206.96,381.2,1,,0.0,0.0,0,NONE
2026-09-18T17:33:14.649+00:00,1363.376,routine,Adaptive thermal response carryover,duty,0,348.8,178.7,inkbird_lowest_internal,,1,68,178.7,179.38,185.69,206.76,381.2,178.5,179.38,185.79,206.96,381.2,1,,0.0,0.0,0,NONE
2026-09-18T17:33:15.649+00:00,1364.376,routine,Adaptive thermal response carryover,duty,0,348.4,178.7,inkbird_lowest_internal,,1,68,178.7,179.38,185.69,206.76,381.2,178.5,179.38,185.79,206.96,381.2,1,,0.0,0.0,0,NONE
2026-09-18T17:33:16.649+00:00,1365.376,routine,Adaptive thermal response carryover,duty,0,347.9,178.81,inkbird_lowest_internal,,1,68,178.81,179.48,185.8,206.75,381.2,178.61,179.48,185.9,206.95,381.2,1,,0.0,0.0,0,NONE
2026-09-18T17:33:17.149+00:00,1365.876,routine,Adaptive thermal response carryover,duty,0,347.0,178.81,inkbird_lowest_internal,,1,68,178.81,179.48,185.8,206.75,381.2,178.61,179.48,185.9,206.95,381.2,1,,0.0,0.0,0,NONE
2026-09-18T17:33:18.149+00:00,1366.876,routine,Adaptive thermal response carryover,duty,0,347.5,178.91,inkbird_lowest_internal,,1,68,178.91,179.6,185.89,206.74,381.2,178.71,179.6,185.99,206.94,381.2,1,,0.0,0.0,0,NONE
2026-09-18T17:33:19.149+00:00,1367.876,routine,Adaptive thermal response carryover,duty,0,346.5,178.91,inkbird_lowest_internal,,1,68,178.91,179.6,185.89,206.74,381.2,178.71,179.6,185.99,206.94,381.2,1,,0.0,0.0,0,NONE
2026-09-18T17:33:20.149+00:00,1368.875,routine,Adaptive thermal response carryover,duty,0,346.5,179.01,inkbird_lowest_internal,,1,68,179.01,179.72,185.94,206.74,379.4,178.81,179.72,186.04,206.94,379.4,1,,0.0,0.0,0,NONE
2026-09-18T17:33:21.149+00:00,1369.875,routine,Adaptive thermal response carryover,duty,0,346.5,179.01,inkbird_lowest_internal,,1,68,179.01,179.72,185.94,206.74,379.4,178.81,179.72,186.04,206.94,379.4,1,,0.0,0.0,0,NONE
2026-09-18T17:33:22.149+00:00,1370.875,routine,Adaptive thermal response carryover,duty,0,346.1,179.06,inkbird_lowest_internal,,1,68,179.06,179.72,185.94,206.74,379.4,178.86,179.72,186.04,206.94,379.4,1,,0.0,0.0,0,NONE
2026-09-18T17:33:23.149+00:00,1371.875,routine,Adaptive thermal response carryover,duty,0,345.2,179.06,inkbird_lowest_internal,,1,68,179.06,179.72,185.94,206.74,379.4,178.86,179.72,186.04,206.94,379.4,1,,0.0,0.0,0,NONE
2026-09-18T17:33:24.149+00:00,1372.875,routine,Adaptive thermal response carryover,duty,0,344.8,179.18,inkbird_lowest_internal,,1,68,179.18,179.86,186.08,206.72,379.4,178.98,179.86,186.18,206.92,379.4,1,,0.0,0.0,0,NONE
2026-09-18T17:33:25.149+00:00,1373.876,routine,Adaptive thermal response carryover,duty,0,344.3,179.18,inkbird_lowest_internal,,1,68,179.18,179.86,186.08,206.72,379.4,178.98,179.86,186.18,206.92,379.4,1,,0.0,0.0,0,NONE
2026-09-18T17:33:26.148+00:00,1374.875,routine,Adaptive thermal response carryover,duty,0,344.3,179.28,inkbird_lowest_internal,,1,68,179.28,179.99,186.18,206.66,379.4,179.08,179.99,186.28,206.86,379.4,1,,0.0,0.0,0,NONE
2026-09-18T17:33:27.148+00:00,1375.875,routine,Adaptive thermal response carryover,duty,0,343.4,179.28,inkbird_lowest_internal,,1,68,179.28,179.99,186.18,206.66,379.4,179.08,179.99,186.28,206.86,379.4,1,,0.0,0.0,0,NONE
2026-09-18T17:33:27.650+00:00,1376.376,routine,Adaptive thermal response carryover,duty,0,343.4,179.28,inkbird_lowest_internal,,1,68,179.28,179.99,186.18,206.66,379.4,179.08,179.99,186.28,206.86,379.4,1,,0.0,0.0,0,NONE
2026-09-18T17:33:28.648+00:00,1377.375,routine,Adaptive thermal response carryover,duty,0,343.4,179.28,inkbird_lowest_internal,,1,68,179.28,179.99,186.18,206.66,379.4,179.08,179.99,186.28,206.86,379.4,1,,0.0,0.0,0,NONE
2026-09-18T17:33:29.648+00:00,1378.375,routine,Adaptive thermal response carryover,duty,0,343.0,179.39,inkbird_lowest_internal,,1,68,179.39,180.11,186.28,206.66,377.6,179.19,180.11,186.38,206.86,377.6,1,,0.0,0.0,0,NONE
2026-09-18T17:33:30.148+00:00,1378.875,routine,Adaptive thermal response carryover,duty,0,343.0,179.39,inkbird_lowest_internal,,1,68,179.39,180.11,186.28,206.66,377.6,179.19,180.11,186.38,206.86,377.6,1,,0.0,0.0,0,NONE
2026-09-18T17:33:30.648+00:00,1379.375,routine,Adaptive thermal response carryover,duty,0,343.0,179.39,inkbird_lowest_internal,,1,68,179.39,180.11,186.28,206.66,377.6,179.19,180.11,186.38,206.86,377.6,1,,0.0,0.0,0,NONE
2026-09-18T17:33:31.648+00:00,1380.375,routine,Adaptive thermal response carryover,duty,0,342.5,179.49,inkbird_lowest_internal,,1,68,179.49,180.22,186.32,206.64,377.6,179.29,180.22,186.42,206.84,377.6,1,,0.0,0.0,0,NONE
2026-09-18T17:33:32.648+00:00,1381.375,routine,Adaptive thermal response carryover,duty,0,342.0,179.49,inkbird_lowest_internal,,1,68,179.49,180.22,186.32,206.64,377.6,179.29,180.22,186.42,206.84,377.6,1,,0.0,0.0,0,NONE
2026-09-18T17:33:33.149+00:00,1381.875,routine,Adaptive thermal response carryover,duty,0,341.6,179.53,inkbird_lowest_internal,,1,68,179.53,180.33,186.42,206.63,377.6,179.33,180.33,186.52,206.83,377.6,1,,0.0,0.0,0,NONE
2026-09-18T17:33:33.649+00:00,1382.375,routine,Adaptive thermal response carryover,duty,0,340.7,179.53,inkbird_lowest_internal,,1,68,179.53,180.33,186.42,206.63,377.6,179.33,180.33,186.52,206.83,377.6,1,,0.0,0.0,0,NONE
2026-09-18T17:33:34.648+00:00,1383.375,routine,Adaptive thermal response carryover,duty,0,341.1,179.65,inkbird_lowest_internal,,1,68,179.65,180.43,186.52,206.64,375.8,179.45,180.43,186.62,206.84,375.8,1,,0.0,0.0,0,NONE
2026-09-18T17:33:35.148+00:00,1383.875,routine,Adaptive thermal response carryover,duty,0,340.7,179.65,inkbird_lowest_internal,,1,68,179.65,180.43,186.52,206.64,375.8,179.45,180.43,186.62,206.84,375.8,1,,0.0,0.0,0,NONE
2026-09-18T17:33:36.148+00:00,1384.875,routine,Adaptive thermal response carryover,duty,0,340.7,179.75,inkbird_lowest_internal,,1,68,179.75,180.43,186.55,206.64,375.8,179.55,180.43,186.65,206.84,375.8,1,,0.0,0.0,0,NONE
2026-09-18T17:33:37.149+00:00,1385.875,routine,Adaptive thermal response carryover,duty,0,340.3,179.75,inkbird_lowest_internal,,1,68,179.75,180.43,186.55,206.64,375.8,179.55,180.43,186.65,206.84,375.8,1,,0.0,0.0,0,NONE
2026-09-18T17:33:38.149+00:00,1386.876,routine,Adaptive thermal response carryover,duty,0,338.9,179.85,inkbird_lowest_internal,,1,68,179.85,180.58,186.66,206.62,375.8,179.65,180.58,186.76,206.82,375.8,1,,0.0,0.0,0,NONE
2026-09-18T17:33:39.148+00:00,1387.875,routine,Adaptive thermal response carryover,duty,0,339.4,179.85,inkbird_lowest_internal,,1,68,179.85,180.58,186.66,206.62,375.8,179.65,180.58,186.76,206.82,375.8,1,,0.0,0.0,0,NONE
2026-09-18T17:33:40.148+00:00,1388.875,routine,Adaptive thermal response carryover,duty,0,338.9,179.9,inkbird_lowest_internal,,1,68,179.9,180.71,186.74,206.62,375.8,179.7,180.71,186.84,206.82,375.8,1,,0.0,0.0,0,NONE
2026-09-18T17:33:41.148+00:00,1389.875,routine,Adaptive thermal response carryover,duty,0,338.5,179.9,inkbird_lowest_internal,,1,68,179.9,180.71,186.74,206.62,375.8,179.7,180.71,186.84,206.82,375.8,1,,0.0,0.0,0,NONE
2026-09-18T17:33:42.148+00:00,1390.875,routine,Adaptive thermal response carryover,duty,0,338.9,180.01,inkbird_lowest_internal,,1,68,180.01,180.83,186.79,206.61,374.0,179.81,180.83,186.89,206.81,374.0,1,,0.0,0.0,0,NONE
2026-09-18T17:33:43.148+00:00,1391.875,routine,Adaptive thermal response carryover,duty,0,337.1,180.01,inkbird_lowest_internal,,1,68,180.01,180.83,186.79,206.61,374.0,179.81,180.83,186.89,206.81,374.0,1,,0.0,0.0,0,NONE
2026-09-18T17:33:43.648+00:00,1392.375,routine,Adaptive thermal response carryover,duty,0,338.0,180.01,inkbird_lowest_internal,,1,68,180.01,180.83,186.79,206.61,374.0,179.81,180.83,186.89,206.81,374.0,1,,0.0,0.0,0,NONE
2026-09-18T17:33:44.648+00:00,1393.375,routine,Adaptive thermal response carryover,duty,0,337.1,180.01,inkbird_lowest_internal,,1,68,180.01,180.83,186.79,206.61,374.0,179.81,180.83,186.89,206.81,374.0,1,,0.0,0.0,0,NONE
2026-09-18T17:33:45.148+00:00,1393.875,routine,Adaptive thermal response carryover,duty,0,337.5,180.12,inkbird_lowest_internal,,1,68,180.12,180.93,186.88,206.55,374.0,179.92,180.93,186.98,206.75,374.0,1,,0.0,0.0,0,NONE
2026-09-18T17:33:46.148+00:00,1394.875,routine,Adaptive thermal response carryover,duty,0,337.1,180.12,inkbird_lowest_internal,,1,68,180.12,180.93,186.88,206.55,374.0,179.92,180.93,186.98,206.75,374.0,1,,0.0,0.0,0,NONE
2026-09-18T17:33:47.148+00:00,1395.875,routine,Adaptive thermal response carryover,duty,0,335.8,180.2,inkbird_lowest_internal,,1,68,180.2,180.93,186.92,206.55,374.0,180.0,180.93,187.02,206.75,374.0,1,,0.0,0.0,0,NONE
2026-09-18T17:33:48.148+00:00,1396.875,routine,Adaptive thermal response carryover,duty,0,335.3,180.25,inkbird_lowest_internal,,1,68,180.25,181.07,187.02,206.54,374.0,180.05,181.07,187.12,206.74,374.0,1,,0.0,0.0,0,NONE
2026-09-18T17:33:48.649+00:00,1397.376,routine,Adaptive thermal response carryover,duty,0,335.3,180.25,inkbird_lowest_internal,,1,68,180.25,181.07,187.02,206.54,374.0,180.05,181.07,187.12,206.74,374.0,1,,0.0,0.0,0,NONE
2026-09-18T17:33:49.648+00:00,1398.375,routine,Adaptive thermal response carryover,duty,0,335.8,180.25,inkbird_lowest_internal,,1,68,180.25,181.07,187.02,206.54,374.0,180.05,181.07,187.12,206.74,374.0,1,,0.0,0.0,0,NONE
2026-09-18T17:33:50.148+00:00,1398.875,routine,Adaptive thermal response carryover,duty,0,335.3,180.36,inkbird_lowest_internal,,1,68,180.36,181.17,187.11,206.53,372.2,180.16,181.17,187.21,206.73,372.2,1,,0.0,0.0,0,NONE
2026-09-18T17:33:51.148+00:00,1399.875,routine,Adaptive thermal response carryover,duty,0,335.3,180.36,inkbird_lowest_internal,,1,68,180.36,181.17,187.11,206.53,372.2,180.16,181.17,187.21,206.73,372.2,1,,0.0,0.0,0,NONE
2026-09-18T17:33:52.148+00:00,1400.875,routine,Adaptive thermal response carryover,duty,0,335.8,180.46,inkbird_lowest_internal,,1,68,180.46,181.28,187.15,206.53,372.2,180.26,181.28,187.25,206.73,372.2,1,,0.0,0.0,0,NONE
2026-09-18T17:33:53.148+00:00,1401.875,routine,Adaptive thermal response carryover,duty,0,334.9,180.46,inkbird_lowest_internal,,1,68,180.46,181.28,187.15,206.53,372.2,180.26,181.28,187.25,206.73,372.2,1,,0.0,0.0,0,NONE
2026-09-18T17:33:54.148+00:00,1402.875,routine,Adaptive thermal response carryover,duty,0,333.5,180.5,inkbird_lowest_internal,,1,68,180.5,181.39,187.24,206.52,370.4,180.3,181.39,187.34,206.72,370.4,1,,0.0,0.0,0,NONE
2026-09-18T17:33:55.148+00:00,1403.875,routine,Adaptive thermal response carryover,duty,0,334.0,180.5,inkbird_lowest_internal,,1,68,180.5,181.39,187.24,206.52,370.4,180.3,181.39,187.34,206.72,370.4,1,,0.0,0.0,0,NONE
2026-09-18T17:33:55.648+00:00,1404.375,routine,Adaptive thermal response carryover,duty,0,333.5,180.5,inkbird_lowest_internal,,1,68,180.5,181.39,187.24,206.52,370.4,180.3,181.39,187.34,206.72,370.4,1,,0.0,0.0,0,NONE
2026-09-18T17:33:56.648+00:00,1405.375,routine,Adaptive thermal response carryover,duty,0,333.0,180.62,inkbird_lowest_internal,,1,68,180.62,181.39,187.28,206.52,370.4,180.42,181.39,187.38,206.72,370.4,1,,0.0,0.0,0,NONE
2026-09-18T17:33:57.648+00:00,1406.375,routine,Adaptive thermal response carryover,duty,0,333.0,180.62,inkbird_lowest_internal,,1,68,180.62,181.39,187.28,206.52,370.4,180.42,181.39,187.38,206.72,370.4,1,,0.0,0.0,0,NONE
2026-09-18T17:33:58.648+00:00,1407.374,routine,Adaptive thermal response carryover,duty,0,333.0,180.71,inkbird_lowest_internal,,1,68,180.71,181.53,187.38,206.51,370.4,180.51,181.53,187.48,206.71,370.4,1,,0.0,0.0,0,NONE
2026-09-18T17:33:59.149+00:00,1407.876,routine,Adaptive thermal response carryover,duty,0,333.0,180.71,inkbird_lowest_internal,,1,68,180.71,181.53,187.38,206.51,370.4,180.51,181.53,187.48,206.71,370.4,1,,0.0,0.0,0,NONE
2026-09-18T17:34:00.148+00:00,1408.874,routine,Adaptive thermal response carryover,duty,0,332.1,180.75,inkbird_lowest_internal,,1,68,180.75,181.65,187.45,206.5,370.4,180.55,181.65,187.55,206.7,370.4,1,,0.0,0.0,0,NONE
2026-09-18T17:34:01.148+00:00,1409.874,routine,Adaptive thermal response carryover,duty,0,332.1,180.75,inkbird_lowest_internal,,1,68,180.75,181.65,187.45,206.5,370.4,180.55,181.65,187.55,206.7,370.4,1,,0.0,0.0,0,NONE
2026-09-18T17:34:02.148+00:00,1410.874,routine,Adaptive thermal response carryover,duty,0,331.3,180.75,inkbird_lowest_internal,,1,68,180.75,181.65,187.45,206.5,370.4,180.55,181.65,187.55,206.7,370.4,1,,0.0,0.0,0,NONE
2026-09-18T17:34:02.648+00:00,1411.375,routine,Adaptive thermal response carryover,duty,0,329.5,180.75,inkbird_lowest_internal,,1,68,180.75,181.65,187.45,206.5,370.4,180.55,181.65,187.55,206.7,370.4,1,,0.0,0.0,0,NONE
2026-09-18T17:34:03.148+00:00,1411.875,routine,Adaptive thermal response carryover,duty,0,330.8,180.86,inkbird_lowest_internal,,1,68,180.86,181.65,187.5,206.5,368.6,180.66,181.65,187.6,206.7,368.6,1,,0.0,0.0,0,NONE
2026-09-18T17:34:04.148+00:00,1412.874,routine,Adaptive thermal response carryover,duty,0,330.8,180.95,inkbird_lowest_internal,,1,68,180.95,181.8,187.6,206.44,368.6,180.75,181.8,187.7,206.64,368.6,1,,0.0,0.0,0,NONE
2026-09-18T17:34:05.148+00:00,1413.874,routine,Adaptive thermal response carryover,duty,0,330.4,180.95,inkbird_lowest_internal,,1,68,180.95,181.8,187.6,206.44,368.6,180.75,181.8,187.7,206.64,368.6,1,,0.0,0.0,0,NONE
2026-09-18T17:34:06.147+00:00,1414.874,routine,Adaptive thermal response carryover,duty,0,329.5,180.99,inkbird_lowest_internal,,1,68,180.99,181.9,187.68,206.44,368.6,180.79,181.9,187.78,206.64,368.6,1,,0.0,0.0,0,NONE
2026-09-18T17:34:07.148+00:00,1415.874,routine,Adaptive thermal response carryover,duty,0,329.0,180.99,inkbird_lowest_internal,,1,68,180.99,181.9,187.68,206.44,368.6,180.79,181.9,187.78,206.64,368.6,1,,0.0,0.0,0,NONE
2026-09-18T17:34:08.147+00:00,1416.874,routine,Adaptive thermal response carryover,duty,0,329.0,181.08,inkbird_lowest_internal,,1,68,181.08,181.9,187.71,206.44,366.8,180.88,181.9,187.81,206.64,366.8,1,,0.0,0.0,0,NONE
2026-09-18T17:34:09.147+00:00,1417.874,routine,Adaptive thermal response carryover,duty,0,328.5,181.08,inkbird_lowest_internal,,1,68,181.08,181.9,187.71,206.44,366.8,180.88,181.9,187.81,206.64,366.8,1,,0.0,0.0,0,NONE
2026-09-18T17:34:09.649+00:00,1418.376,routine,Adaptive thermal response carryover,duty,0,328.1,181.08,inkbird_lowest_internal,,1,68,181.08,181.9,187.71,206.44,366.8,180.88,181.9,187.81,206.64,366.8,1,,0.0,0.0,0,NONE
2026-09-18T17:34:10.647+00:00,1419.374,routine,Adaptive thermal response carryover,duty,0,328.5,181.13,inkbird_lowest_internal,,1,68,181.13,182.05,187.79,206.43,366.8,180.93,182.05,187.89,206.63,366.8,1,,0.0,0.0,0,NONE
2026-09-18T17:34:11.147+00:00,1419.874,routine,Adaptive thermal response carryover,duty,0,327.6,181.13,inkbird_lowest_internal,,1,68,181.13,182.05,187.79,206.43,366.8,180.93,182.05,187.89,206.63,366.8,1,,0.0,0.0,0,NONE
2026-09-18T17:34:12.147+00:00,1420.874,routine,Adaptive thermal response carryover,duty,0,328.5,181.23,inkbird_lowest_internal,,1,68,181.23,182.16,187.82,206.42,366.8,181.03,182.16,187.92,206.62,366.8,1,,0.0,0.0,0,NONE
2026-09-18T17:34:13.147+00:00,1421.874,routine,Adaptive thermal response carryover,duty,0,327.6,181.23,inkbird_lowest_internal,,1,68,181.23,182.16,187.82,206.42,366.8,181.03,182.16,187.92,206.62,366.8,1,,0.0,0.0,0,NONE
2026-09-18T17:34:14.147+00:00,1422.874,routine,Adaptive thermal response carryover,duty,0,327.2,181.23,inkbird_lowest_internal,,1,68,181.23,182.16,187.82,206.42,366.8,181.03,182.16,187.92,206.62,366.8,1,,0.0,0.0,0,NONE
2026-09-18T17:34:15.148+00:00,1423.875,routine,Adaptive thermal response carryover,duty,0,326.8,181.23,inkbird_lowest_internal,,1,68,181.23,182.16,187.82,206.42,366.8,181.03,182.16,187.92,206.62,366.8,1,,0.0,0.0,0,NONE
2026-09-18T17:34:16.147+00:00,1424.874,routine,Adaptive thermal response carryover,duty,0,327.2,181.36,inkbird_lowest_internal,,1,68,181.36,182.31,187.95,206.42,365.0,181.16,182.31,188.05,206.62,365.0,1,,0.0,0.0,0,NONE
2026-09-18T17:34:17.147+00:00,1425.874,routine,Adaptive thermal response carryover,duty,0,326.8,181.36,inkbird_lowest_internal,,1,68,181.36,182.31,187.95,206.42,365.0,181.16,182.31,188.05,206.62,365.0,1,,0.0,0.0,0,NONE
2026-09-18T17:34:18.147+00:00,1426.874,routine,Adaptive thermal response carryover,duty,0,325.4,181.36,inkbird_lowest_internal,,1,68,181.36,182.31,187.95,206.42,365.0,181.16,182.31,188.05,206.62,365.0,1,,0.0,0.0,0,NONE
2026-09-18T17:34:18.647+00:00,1427.374,routine,Adaptive thermal response carryover,duty,0,325.9,181.36,inkbird_lowest_internal,,1,68,181.36,182.31,187.95,206.42,365.0,181.16,182.31,188.05,206.62,365.0,1,,0.0,0.0,0,NONE
2026-09-18T17:34:19.647+00:00,1428.374,routine,Adaptive thermal response carryover,duty,0,325.0,181.45,inkbird_lowest_internal,,1,68,181.45,182.42,188.04,206.41,365.0,181.25,182.42,188.14,206.61,365.0,1,,0.0,0.0,0,NONE
2026-09-18T17:34:20.648+00:00,1429.375,routine,Adaptive thermal response carryover,duty,0,325.4,181.49,inkbird_lowest_internal,,1,68,181.49,182.53,188.07,206.4,365.0,181.29,182.53,188.17,206.6,365.0,1,,0.0,0.0,0,NONE
2026-09-18T17:34:21.148+00:00,1429.875,routine,Adaptive thermal response carryover,duty,0,325.0,181.49,inkbird_lowest_internal,,1,68,181.49,182.53,188.07,206.4,365.0,181.29,182.53,188.17,206.6,365.0,1,,0.0,0.0,0,NONE
2026-09-18T17:34:22.147+00:00,1430.874,routine,Adaptive thermal response carryover,duty,0,325.4,181.59,inkbird_lowest_internal,,1,68,181.59,182.53,188.18,206.4,363.2,181.39,182.53,188.28,206.6,363.2,1,,0.0,0.0,0,NONE
2026-09-18T17:34:22.647+00:00,1431.374,routine,Adaptive thermal response carryover,duty,0,325.0,181.59,inkbird_lowest_internal,,1,68,181.59,182.53,188.18,206.4,363.2,181.39,182.53,188.28,206.6,363.2,1,,0.0,0.0,0,NONE
2026-09-18T17:34:23.647+00:00,1432.374,routine,Adaptive thermal response carryover,duty,0,325.0,181.59,inkbird_lowest_internal,,1,68,181.59,182.53,188.18,206.4,363.2,181.39,182.53,188.28,206.6,363.2,1,,0.0,0.0,0,NONE
2026-09-18T17:34:24.647+00:00,1433.374,routine,Adaptive thermal response carryover,duty,0,324.5,181.67,inkbird_lowest_internal,,1,68,181.67,182.66,188.26,206.35,363.2,181.47,182.66,188.36,206.55,363.2,1,,0.0,0.0,0,NONE
2026-09-18T17:34:25.648+00:00,1434.374,routine,Adaptive thermal response carryover,duty,0,324.0,181.67,inkbird_lowest_internal,,1,68,181.67,182.66,188.26,206.35,363.2,181.47,182.66,188.36,206.55,363.2,1,,0.0,0.0,0,NONE
2026-09-18T17:34:26.647+00:00,1435.374,routine,Adaptive thermal response carryover,duty,0,323.1,181.72,inkbird_lowest_internal,,1,68,181.72,182.76,188.27,206.34,363.2,181.52,182.76,188.37,206.54,363.2,1,,0.0,0.0,0,NONE
2026-09-18T17:34:27.647+00:00,1436.374,routine,Adaptive thermal response carryover,duty,0,322.7,181.72,inkbird_lowest_internal,,1,68,181.72,182.76,188.27,206.34,363.2,181.52,182.76,188.37,206.54,363.2,1,,0.0,0.0,0,NONE
2026-09-18T17:34:28.647+00:00,1437.374,routine,Adaptive thermal response carryover,duty,0,323.1,181.81,inkbird_lowest_internal,,1,68,181.81,182.86,188.32,206.34,363.2,181.61,182.86,188.42,206.54,363.2,1,,0.0,0.0,0,NONE
2026-09-18T17:34:29.647+00:00,1438.374,routine,Adaptive thermal response carryover,duty,0,322.7,181.81,inkbird_lowest_internal,,1,68,181.81,182.86,188.32,206.34,363.2,181.61,182.86,188.42,206.54,363.2,1,,0.0,0.0,0,NONE
2026-09-18T17:34:30.647+00:00,1439.374,routine,Adaptive thermal response carryover,duty,0,322.3,181.84,inkbird_lowest_internal,,1,68,181.84,182.86,188.32,206.34,361.4,181.64,182.86,188.42,206.54,361.4,1,,0.0,0.0,0,NONE
2026-09-18T17:34:31.647+00:00,1440.374,routine,Adaptive thermal response carryover,duty,0,322.3,181.84,inkbird_lowest_internal,,1,68,181.84,182.86,188.32,206.34,361.4,181.64,182.86,188.42,206.54,361.4,1,,0.0,0.0,0,NONE
2026-09-18T17:34:32.647+00:00,1441.374,routine,Adaptive thermal response carryover,duty,0,321.4,181.93,inkbird_lowest_internal,,1,68,181.93,182.98,188.44,206.32,361.4,181.73,182.98,188.54,206.52,361.4,1,,0.0,0.0,0,NONE
2026-09-18T17:34:33.647+00:00,1442.374,routine,Adaptive thermal response carryover,duty,0,321.8,181.93,inkbird_lowest_internal,,1,68,181.93,182.98,188.44,206.32,361.4,181.73,182.98,188.54,206.52,361.4,1,,0.0,0.0,0,NONE
2026-09-18T17:34:34.647+00:00,1443.374,routine,Adaptive thermal response carryover,duty,0,321.8,181.97,inkbird_lowest_internal,,1,68,181.97,183.08,188.53,206.32,361.4,181.77,183.08,188.63,206.52,361.4,1,,0.0,0.0,0,NONE
2026-09-18T17:34:35.647+00:00,1444.374,routine,Adaptive thermal response carryover,duty,0,319.1,181.97,inkbird_lowest_internal,,1,68,181.97,183.08,188.53,206.32,361.4,181.77,183.08,188.63,206.52,361.4,1,,0.0,0.0,0,NONE
2026-09-18T17:34:36.647+00:00,1445.374,routine,Adaptive thermal response carryover,duty,0,320.9,182.06,inkbird_lowest_internal,,1,68,182.06,183.08,188.57,206.3,361.4,181.86,183.08,188.67,206.5,361.4,1,,0.0,0.0,0,NONE
2026-09-18T17:34:37.647+00:00,1446.374,routine,Adaptive thermal response carryover,duty,0,319.5,182.06,inkbird_lowest_internal,,1,68,182.06,183.08,188.57,206.3,361.4,181.86,183.08,188.67,206.5,361.4,1,,0.0,0.0,0,NONE
2026-09-18T17:34:38.647+00:00,1447.373,routine,Adaptive thermal response carryover,duty,0,320.5,182.09,inkbird_lowest_internal,,1,68,182.09,183.21,188.65,206.27,359.6,181.89,183.21,188.75,206.47,359.6,1,,0.0,0.0,0,NONE
2026-09-18T17:34:39.647+00:00,1448.374,routine,Adaptive thermal response carryover,duty,0,319.5,182.09,inkbird_lowest_internal,,1,68,182.09,183.21,188.65,206.27,359.6,181.89,183.21,188.75,206.47,359.6,1,,0.0,0.0,0,NONE
2026-09-18T17:34:40.647+00:00,1449.373,routine,Adaptive thermal response carryover,duty,0,318.6,182.18,inkbird_lowest_internal,,1,68,182.18,183.21,188.69,206.27,359.6,181.98,183.21,188.79,206.47,359.6,1,,0.0,0.0,0,NONE
2026-09-18T17:34:41.147+00:00,1449.873,routine,Adaptive thermal response carryover,duty,0,318.6,182.18,inkbird_lowest_internal,,1,68,182.18,183.21,188.69,206.27,359.6,181.98,183.21,188.79,206.47,359.6,1,,0.0,0.0,0,NONE
2026-09-18T17:34:42.148+00:00,1450.875,routine,Adaptive thermal response carryover,duty,0,319.5,182.22,inkbird_lowest_internal,,1,68,182.22,183.34,188.77,206.24,359.6,182.02,183.34,188.87,206.44,359.6,1,,0.0,0.0,0,NONE
2026-09-18T17:34:43.147+00:00,1451.873,routine,Adaptive thermal response carryover,duty,0,319.1,182.22,inkbird_lowest_internal,,1,68,182.22,183.34,188.77,206.24,359.6,182.02,183.34,188.87,206.44,359.6,1,,0.0,0.0,0,NONE
2026-09-18T17:34:43.647+00:00,1452.374,routine,Adaptive thermal response carryover,duty,0,318.2,182.22,inkbird_lowest_internal,,1,68,182.22,183.34,188.77,206.24,359.6,182.02,183.34,188.87,206.44,359.6,1,,0.0,0.0,0,NONE
2026-09-18T17:34:44.647+00:00,1453.373,routine,Adaptive thermal response carryover,duty,0,317.8,182.31,inkbird_lowest_internal,,1,68,182.31,183.46,188.8,206.24,357.8,182.11,183.46,188.9,206.44,357.8,1,,0.0,0.0,0,NONE
2026-09-18T17:34:45.646+00:00,1454.373,routine,Adaptive thermal response carryover,duty,0,318.2,182.31,inkbird_lowest_internal,,1,68,182.31,183.46,188.8,206.24,357.8,182.11,183.46,188.9,206.44,357.8,1,,0.0,0.0,0,NONE
2026-09-18T17:34:46.646+00:00,1455.373,routine,Adaptive thermal response carryover,duty,0,317.8,182.34,inkbird_lowest_internal,,1,68,182.34,183.46,188.8,206.24,357.8,182.14,183.46,188.9,206.44,357.8,1,,0.0,0.0,0,NONE
2026-09-18T17:34:47.646+00:00,1456.373,routine,Adaptive thermal response carryover,duty,0,317.3,182.34,inkbird_lowest_internal,,1,68,182.34,183.46,188.8,206.24,357.8,182.14,183.46,188.9,206.44,357.8,1,,0.0,0.0,0,NONE
2026-09-18T17:34:48.646+00:00,1457.373,routine,Adaptive thermal response carryover,duty,0,316.4,182.42,inkbird_lowest_internal,,1,68,182.42,183.6,188.91,206.22,357.8,182.22,183.6,189.01,206.42,357.8,1,,0.0,0.0,0,NONE
2026-09-18T17:34:49.646+00:00,1458.373,routine,Adaptive thermal response carryover,duty,0,317.3,182.42,inkbird_lowest_internal,,1,68,182.42,183.6,188.91,206.22,357.8,182.22,183.6,189.01,206.42,357.8,1,,0.0,0.0,0,NONE
2026-09-18T17:34:50.646+00:00,1459.373,routine,Adaptive thermal response carryover,duty,0,316.4,182.46,inkbird_lowest_internal,,1,68,182.46,183.6,188.91,206.22,357.8,182.26,183.6,189.01,206.42,357.8,1,,0.0,0.0,0,NONE
2026-09-18T17:34:51.646+00:00,1460.373,routine,Adaptive thermal response carryover,duty,0,315.5,182.46,inkbird_lowest_internal,,1,68,182.46,183.6,188.91,206.22,357.8,182.26,183.6,189.01,206.42,357.8,1,,0.0,0.0,0,NONE
2026-09-18T17:34:52.647+00:00,1461.374,routine,Adaptive thermal response carryover,duty,0,316.4,182.54,inkbird_lowest_internal,,1,68,182.54,183.72,189.02,206.2,356.0,182.34,183.72,189.12,206.4,356.0,1,,0.0,0.0,0,NONE
2026-09-18T17:34:53.646+00:00,1462.373,routine,Adaptive thermal response carryover,duty,0,315.5,182.54,inkbird_lowest_internal,,1,68,182.54,183.72,189.02,206.2,356.0,182.34,183.72,189.12,206.4,356.0,1,,0.0,0.0,0,NONE
2026-09-18T17:34:54.646+00:00,1463.373,routine,Adaptive thermal response carryover,duty,0,315.5,182.58,inkbird_lowest_internal,,1,68,182.58,183.83,189.1,206.19,356.0,182.38,183.83,189.2,206.39,356.0,1,,0.0,0.0,0,NONE
2026-09-18T17:34:55.646+00:00,1464.373,routine,Adaptive thermal response carryover,duty,0,314.1,182.58,inkbird_lowest_internal,,1,68,182.58,183.83,189.1,206.19,356.0,182.38,183.83,189.2,206.39,356.0,1,,0.0,0.0,0,NONE
2026-09-18T17:34:56.646+00:00,1465.373,routine,Adaptive thermal response carryover,duty,0,315.0,182.67,inkbird_lowest_internal,,1,68,182.67,183.83,189.13,206.19,356.0,182.47,183.83,189.23,206.39,356.0,1,,0.0,0.0,0,NONE
2026-09-18T17:34:57.646+00:00,1466.373,routine,Adaptive thermal response carryover,duty,0,314.6,182.67,inkbird_lowest_internal,,1,68,182.67,183.83,189.13,206.19,356.0,182.47,183.83,189.23,206.39,356.0,1,,0.0,0.0,0,NONE
2026-09-18T17:34:58.147+00:00,1466.874,routine,Adaptive thermal response carryover,duty,0,314.6,182.7,inkbird_lowest_internal,,1,68,182.7,183.96,189.21,206.11,354.2,182.5,183.96,189.31,206.31,354.2,1,,0.0,0.0,0,NONE
2026-09-18T17:34:59.146+00:00,1467.873,routine,Adaptive thermal response carryover,duty,0,313.3,182.7,inkbird_lowest_internal,,1,68,182.7,183.96,189.21,206.11,354.2,182.5,183.96,189.31,206.31,354.2,1,,0.0,0.0,0,NONE
2026-09-18T17:35:00.146+00:00,1468.873,routine,Adaptive thermal response carryover,duty,0,314.1,182.78,inkbird_lowest_internal,,1,68,182.78,183.96,189.24,206.11,354.2,182.58,183.96,189.34,206.31,354.2,1,,0.0,0.0,0,NONE
2026-09-18T17:35:01.146+00:00,1469.873,routine,Adaptive thermal response carryover,duty,0,313.7,182.78,inkbird_lowest_internal,,1,68,182.78,183.96,189.24,206.11,354.2,182.58,183.96,189.34,206.31,354.2,1,,0.0,0.0,0,NONE
2026-09-18T17:35:01.646+00:00,1470.373,routine,Adaptive thermal response carryover,duty,0,313.3,182.78,inkbird_lowest_internal,,1,68,182.78,183.96,189.24,206.11,354.2,182.58,183.96,189.34,206.31,354.2,1,,0.0,0.0,0,NONE
2026-09-18T17:35:02.646+00:00,1471.373,routine,Adaptive thermal response carryover,duty,0,313.7,182.82,inkbird_lowest_internal,,1,68,182.82,184.08,189.32,206.1,354.2,182.62,184.08,189.42,206.3,354.2,1,,0.0,0.0,0,NONE
2026-09-18T17:35:03.646+00:00,1472.373,routine,Adaptive thermal response carryover,duty,0,312.8,182.82,inkbird_lowest_internal,,1,68,182.82,184.08,189.32,206.1,354.2,182.62,184.08,189.42,206.3,354.2,1,,0.0,0.0,0,NONE
2026-09-18T17:35:04.646+00:00,1473.373,routine,Adaptive thermal response carryover,duty,0,312.8,182.89,inkbird_lowest_internal,,1,68,182.89,184.08,189.34,206.09,354.2,182.69,184.08,189.44,206.29,354.2,1,,0.0,0.0,0,NONE
2026-09-18T17:35:05.646+00:00,1474.373,routine,Adaptive thermal response carryover,duty,0,312.4,182.92,inkbird_lowest_internal,,1,68,182.92,184.21,189.35,206.02,352.4,182.72,184.21,189.45,206.22,352.4,1,,0.0,0.0,0,NONE
2026-09-18T17:35:06.646+00:00,1475.373,routine,Adaptive thermal response carryover,duty,0,311.9,182.92,inkbird_lowest_internal,,1,68,182.92,184.21,189.35,206.02,352.4,182.72,184.21,189.45,206.22,352.4,1,,0.0,0.0,0,NONE
2026-09-18T17:35:07.646+00:00,1476.373,routine,Adaptive thermal response carryover,duty,0,311.9,182.92,inkbird_lowest_internal,,1,68,182.92,184.21,189.35,206.02,352.4,182.72,184.21,189.45,206.22,352.4,1,,0.0,0.0,0,NONE
2026-09-18T17:35:08.647+00:00,1477.373,routine,Adaptive thermal response carryover,duty,0,311.9,182.92,inkbird_lowest_internal,,1,68,182.92,184.21,189.35,206.02,352.4,182.72,184.21,189.45,206.22,352.4,1,,0.0,0.0,0,NONE
2026-09-18T17:35:09.646+00:00,1478.373,routine,Adaptive thermal response carryover,duty,0,311.5,183.02,inkbird_lowest_internal,,1,68,183.02,184.35,189.48,206.02,352.4,182.82,184.35,189.58,206.22,352.4,1,,0.0,0.0,0,NONE
2026-09-18T17:35:10.646+00:00,1479.373,routine,Adaptive thermal response carryover,duty,0,310.5,183.02,inkbird_lowest_internal,,1,68,183.02,184.35,189.48,206.02,352.4,182.82,184.35,189.58,206.22,352.4,1,,0.0,0.0,0,NONE
2026-09-18T17:35:11.146+00:00,1479.873,routine,Adaptive thermal response carryover,duty,0,311.0,183.02,inkbird_lowest_internal,,1,68,183.02,184.35,189.48,206.02,352.4,182.82,184.35,189.58,206.22,352.4,1,,0.0,0.0,0,NONE
2026-09-18T17:35:12.146+00:00,1480.873,routine,Adaptive thermal response carryover,duty,0,311.5,183.05,inkbird_lowest_internal,,1,68,183.05,184.45,189.55,206.0,350.6,182.85,184.45,189.65,206.2,350.6,1,,0.0,0.0,0,NONE
2026-09-18T17:35:13.146+00:00,1481.873,routine,Adaptive thermal response carryover,duty,0,310.5,183.05,inkbird_lowest_internal,,1,68,183.05,184.45,189.55,206.0,350.6,182.85,184.45,189.65,206.2,350.6,1,,0.0,0.0,0,NONE
2026-09-18T17:35:14.147+00:00,1482.874,routine,Adaptive thermal response carryover,duty,0,310.1,183.14,inkbird_lowest_internal,,1,68,183.14,184.45,189.58,206.0,350.6,182.94,184.45,189.68,206.2,350.6,1,,0.0,0.0,0,NONE
2026-09-18T17:35:15.146+00:00,1483.873,routine,Adaptive thermal response carryover,duty,0,310.1,183.14,inkbird_lowest_internal,,1,68,183.14,184.45,189.58,206.0,350.6,182.94,184.45,189.68,206.2,350.6,1,,0.0,0.0,0,NONE
2026-09-18T17:35:16.146+00:00,1484.873,routine,Adaptive thermal response carryover,duty,0,309.2,183.17,inkbird_lowest_internal,,1,68,183.17,184.57,189.65,205.99,350.6,182.97,184.57,189.75,206.19,350.6,1,,0.0,0.0,0,NONE
2026-09-18T17:35:17.146+00:00,1485.872,routine,Adaptive thermal response carryover,duty,0,309.6,183.17,inkbird_lowest_internal,,1,68,183.17,184.57,189.65,205.99,350.6,182.97,184.57,189.75,206.19,350.6,1,,0.0,0.0,0,NONE
2026-09-18T17:35:18.146+00:00,1486.872,routine,Adaptive thermal response carryover,duty,0,309.2,183.17,inkbird_lowest_internal,,1,68,183.17,184.57,189.65,205.99,350.6,182.97,184.57,189.75,206.19,350.6,1,,0.0,0.0,0,NONE
2026-09-18T17:35:19.146+00:00,1487.872,routine,Adaptive thermal response carryover,duty,0,308.8,183.17,inkbird_lowest_internal,,1,68,183.17,184.57,189.65,205.99,350.6,182.97,184.57,189.75,206.19,350.6,1,,0.0,0.0,0,NONE
2026-09-18T17:35:19.646+00:00,1488.373,routine,Adaptive thermal response carryover,duty,0,308.8,183.17,inkbird_lowest_internal,,1,68,183.17,184.57,189.65,205.99,350.6,182.97,184.57,189.75,206.19,350.6,1,,0.0,0.0,0,NONE
2026-09-18T17:35:20.646+00:00,1489.372,routine,Adaptive thermal response carryover,duty,0,308.8,183.28,inkbird_lowest_internal,,1,68,183.28,184.68,189.71,205.97,348.8,183.08,184.68,189.81,206.17,348.8,1,,0.0,0.0,0,NONE
2026-09-18T17:35:21.646+00:00,1490.372,routine,Adaptive thermal response carryover,duty,0,308.8,183.28,inkbird_lowest_internal,,1,68,183.28,184.68,189.71,205.97,348.8,183.08,184.68,189.81,206.17,348.8,1,,0.0,0.0,0,NONE
2026-09-18T17:35:22.646+00:00,1491.372,routine,Adaptive thermal response carryover,duty,0,308.3,183.28,inkbird_lowest_internal,,1,68,183.28,184.68,189.71,205.97,348.8,183.08,184.68,189.81,206.17,348.8,1,,0.0,0.0,0,NONE
2026-09-18T17:35:23.645+00:00,1492.372,routine,Adaptive thermal response carryover,duty,0,308.3,183.28,inkbird_lowest_internal,,1,68,183.28,184.68,189.71,205.97,348.8,183.08,184.68,189.81,206.17,348.8,1,,0.0,0.0,0,NONE
2026-09-18T17:35:24.645+00:00,1493.372,routine,Adaptive thermal response carryover,duty,0,307.9,183.37,inkbird_lowest_internal,,1,68,183.37,184.8,189.82,205.89,348.8,183.17,184.8,189.92,206.09,348.8,1,,0.0,0.0,0,NONE
2026-09-18T17:35:25.147+00:00,1493.874,routine,Adaptive thermal response carryover,duty,0,307.9,183.37,inkbird_lowest_internal,,1,68,183.37,184.8,189.82,205.89,348.8,183.17,184.8,189.92,206.09,348.8,1,,0.0,0.0,0,NONE
2026-09-18T17:35:26.145+00:00,1494.872,routine,Adaptive thermal response carryover,duty,0,307.0,183.39,inkbird_lowest_internal,,1,68,183.39,184.8,189.82,205.89,348.8,183.19,184.8,189.92,206.09,348.8,1,,0.0,0.0,0,NONE
2026-09-18T17:35:26.645+00:00,1495.372,routine,Adaptive thermal response carryover,duty,0,307.4,183.39,inkbird_lowest_internal,,1,68,183.39,184.8,189.82,205.89,348.8,183.19,184.8,189.92,206.09,348.8,1,,0.0,0.0,0,NONE
2026-09-18T17:35:27.146+00:00,1495.872,routine,Adaptive thermal response carryover,duty,0,307.0,183.39,inkbird_lowest_internal,,1,68,183.39,184.8,189.82,205.89,348.8,183.19,184.8,189.92,206.09,348.8,1,,0.0,0.0,0,NONE
2026-09-18T17:35:27.646+00:00,1496.373,routine,Adaptive thermal response carryover,duty,0,306.5,183.39,inkbird_lowest_internal,,1,68,183.39,184.8,189.82,205.89,348.8,183.19,184.8,189.92,206.09,348.8,1,,0.0,0.0,0,NONE
2026-09-18T17:35:28.645+00:00,1497.372,routine,Adaptive thermal response carryover,duty,0,306.0,183.48,inkbird_lowest_internal,,1,68,183.48,184.93,189.9,205.87,347.0,183.28,184.93,190.0,206.07,347.0,1,,0.0,0.0,0,NONE
2026-09-18T17:35:29.645+00:00,1498.372,routine,Adaptive thermal response carryover,duty,0,307.0,183.48,inkbird_lowest_internal,,1,68,183.48,184.93,189.9,205.87,347.0,183.28,184.93,190.0,206.07,347.0,1,,0.0,0.0,0,NONE
2026-09-18T17:35:30.645+00:00,1499.372,routine,Adaptive thermal response carryover,duty,0,306.5,183.51,inkbird_lowest_internal,,1,68,183.51,184.93,189.92,205.87,347.0,183.31,184.93,190.02,206.07,347.0,1,,0.0,0.0,0,NONE
2026-09-18T17:35:31.645+00:00,1500.372,routine,Adaptive thermal response carryover,duty,0,306.0,183.51,inkbird_lowest_internal,,1,68,183.51,184.93,189.92,205.87,347.0,183.31,184.93,190.02,206.07,347.0,1,,0.0,0.0,0,NONE
2026-09-18T17:35:32.645+00:00,1501.372,routine,Adaptive thermal response carryover,duty,0,306.0,183.58,inkbird_lowest_internal,,1,68,183.58,185.03,189.99,205.79,347.0,183.38,185.03,190.09,205.99,347.0,1,,0.0,0.0,0,NONE
2026-09-18T17:35:33.645+00:00,1502.372,routine,Adaptive thermal response carryover,duty,0,305.1,183.58,inkbird_lowest_internal,,1,68,183.58,185.03,189.99,205.79,347.0,183.38,185.03,190.09,205.99,347.0,1,,0.0,0.0,0,NONE
2026-09-18T17:35:34.645+00:00,1503.372,routine,Adaptive thermal response carryover,duty,0,305.6,183.58,inkbird_lowest_internal,,1,68,183.58,185.03,189.99,205.79,345.2,183.38,185.03,190.09,205.99,345.2,1,,0.0,0.0,0,NONE
2026-09-18T17:35:35.645+00:00,1504.372,routine,Adaptive thermal response carryover,duty,0,305.1,183.58,inkbird_lowest_internal,,1,68,183.58,185.03,189.99,205.79,345.2,183.38,185.03,190.09,205.99,345.2,1,,0.0,0.0,0,NONE
2026-09-18T17:35:36.645+00:00,1505.372,routine,Adaptive thermal response carryover,duty,0,303.4,183.62,inkbird_lowest_internal,,1,68,183.62,185.15,190.03,205.78,345.2,183.42,185.15,190.13,205.98,345.2,1,,0.0,0.0,0,NONE
2026-09-18T17:35:37.645+00:00,1506.372,routine,Adaptive thermal response carryover,duty,0,304.3,183.62,inkbird_lowest_internal,,1,68,183.62,185.15,190.03,205.78,345.2,183.42,185.15,190.13,205.98,345.2,1,,0.0,0.0,0,NONE
2026-09-18T17:35:38.645+00:00,1507.372,routine,Adaptive thermal response carryover,duty,0,304.7,183.62,inkbird_lowest_internal,,1,68,183.62,185.15,190.03,205.78,345.2,183.42,185.15,190.13,205.98,345.2,1,,0.0,0.0,0,NONE
2026-09-18T17:35:39.645+00:00,1508.372,routine,Adaptive thermal response carryover,duty,0,303.8,183.62,inkbird_lowest_internal,,1,68,183.62,185.15,190.03,205.78,345.2,183.42,185.15,190.13,205.98,345.2,1,,0.0,0.0,0,NONE
2026-09-18T17:35:40.645+00:00,1509.372,routine,Adaptive thermal response carryover,duty,0,304.3,183.72,inkbird_lowest_internal,,1,68,183.72,185.26,190.14,205.75,345.2,183.52,185.26,190.24,205.95,345.2,1,,0.0,0.0,0,NONE
2026-09-18T17:35:41.645+00:00,1510.372,routine,Adaptive thermal response carryover,duty,0,303.8,183.72,inkbird_lowest_internal,,1,68,183.72,185.26,190.14,205.75,345.2,183.52,185.26,190.24,205.95,345.2,1,,0.0,0.0,0,NONE
2026-09-18T17:35:42.645+00:00,1511.372,routine,Adaptive thermal response carryover,duty,0,303.8,183.74,inkbird_lowest_internal,,1,68,183.74,185.26,190.14,205.75,345.2,183.54,185.26,190.24,205.95,345.2,1,,0.0,0.0,0,NONE
2026-09-18T17:35:43.145+00:00,1511.872,routine,Adaptive thermal response carryover,duty,0,303.8,183.74,inkbird_lowest_internal,,1,68,183.74,185.26,190.14,205.75,345.2,183.54,185.26,190.24,205.95,345.2,1,,0.0,0.0,0,NONE
2026-09-18T17:35:44.145+00:00,1512.872,routine,Adaptive thermal response carryover,duty,0,302.9,183.83,inkbird_lowest_internal,,1,68,183.83,185.39,190.23,205.67,343.4,183.63,185.39,190.33,205.87,343.4,1,,0.0,0.0,0,NONE
2026-09-18T17:35:44.645+00:00,1513.372,routine,Adaptive thermal response carryover,duty,0,302.9,183.83,inkbird_lowest_internal,,1,68,183.83,185.39,190.23,205.67,343.4,183.63,185.39,190.33,205.87,343.4,1,,0.0,0.0,0,NONE
2026-09-18T17:35:45.645+00:00,1514.372,routine,Adaptive thermal response carryover,duty,0,302.5,183.83,inkbird_lowest_internal,,1,68,183.83,185.39,190.23,205.67,343.4,183.63,185.39,190.33,205.87,343.4,1,,0.0,0.0,0,NONE
2026-09-18T17:35:46.645+00:00,1515.372,routine,Adaptive thermal response carryover,duty,0,302.9,183.84,inkbird_lowest_internal,,1,68,183.84,185.39,190.25,205.67,343.4,183.64,185.39,190.35,205.87,343.4,1,,0.0,0.0,0,NONE
2026-09-18T17:35:47.645+00:00,1516.372,routine,Adaptive thermal response carryover,duty,0,302.5,183.84,inkbird_lowest_internal,,1,68,183.84,185.39,190.25,205.67,343.4,183.64,185.39,190.35,205.87,343.4,1,,0.0,0.0,0,NONE
2026-09-18T17:35:48.645+00:00,1517.372,routine,Adaptive thermal response carryover,duty,0,302.5,183.92,inkbird_lowest_internal,,1,68,183.92,185.49,190.31,205.66,343.4,183.72,185.49,190.41,205.86,343.4,1,,0.0,0.0,0,NONE
2026-09-18T17:35:49.645+00:00,1518.372,routine,Adaptive thermal response carryover,duty,0,302.0,183.92,inkbird_lowest_internal,,1,68,183.92,185.49,190.31,205.66,343.4,183.72,185.49,190.41,205.86,343.4,1,,0.0,0.0,0,NONE
2026-09-18T17:35:50.645+00:00,1519.372,routine,Adaptive thermal response carryover,duty,0,301.5,183.92,inkbird_lowest_internal,,1,68,183.92,185.49,190.31,205.66,343.4,183.72,185.49,190.41,205.86,343.4,1,,0.0,0.0,0,NONE
2026-09-18T17:35:51.645+00:00,1520.372,routine,Adaptive thermal response carryover,duty,0,302.0,183.92,inkbird_lowest_internal,,1,68,183.92,185.49,190.31,205.66,343.4,183.72,185.49,190.41,205.86,343.4,1,,0.0,0.0,0,NONE
2026-09-18T17:35:52.645+00:00,1521.372,routine,Adaptive thermal response carryover,duty,0,301.1,183.95,inkbird_lowest_internal,,1,68,183.95,185.49,190.34,205.63,341.6,183.75,185.49,190.44,205.83,341.6,1,,0.0,0.0,0,NONE
2026-09-18T17:35:53.645+00:00,1522.372,routine,Adaptive thermal response carryover,duty,0,301.1,183.95,inkbird_lowest_internal,,1,68,183.95,185.49,190.34,205.63,341.6,183.75,185.49,190.44,205.83,341.6,1,,0.0,0.0,0,NONE
2026-09-18T17:35:54.645+00:00,1523.372,routine,Adaptive thermal response carryover,duty,0,301.1,184.03,inkbird_lowest_internal,,1,68,184.03,185.62,190.37,205.55,341.6,183.83,185.62,190.47,205.75,341.6,1,,0.0,0.0,0,NONE
2026-09-18T17:35:55.645+00:00,1524.372,routine,Adaptive thermal response carryover,duty,0,301.5,184.03,inkbird_lowest_internal,,1,68,184.03,185.62,190.37,205.55,341.6,183.83,185.62,190.47,205.75,341.6,1,,0.0,0.0,0,NONE
2026-09-18T17:35:56.146+00:00,1524.873,routine,Adaptive thermal response carryover,duty,0,300.6,184.03,inkbird_lowest_internal,,1,68,184.03,185.62,190.37,205.55,341.6,183.83,185.62,190.47,205.75,341.6,1,,0.0,0.0,0,NONE
2026-09-18T17:35:57.145+00:00,1525.871,routine,Adaptive thermal response carryover,duty,0,299.8,184.03,inkbird_lowest_internal,,1,68,184.03,185.62,190.37,205.55,341.6,183.83,185.62,190.47,205.75,341.6,1,,0.0,0.0,0,NONE
2026-09-18T17:35:57.645+00:00,1526.371,routine,Adaptive thermal response carryover,duty,0,299.8,184.03,inkbird_lowest_internal,,1,68,184.03,185.62,190.37,205.55,341.6,183.83,185.62,190.47,205.75,341.6,1,,0.0,0.0,0,NONE
2026-09-18T17:35:58.645+00:00,1527.371,routine,Adaptive thermal response carryover,duty,0,299.3,184.07,inkbird_lowest_internal,,1,68,184.07,185.74,190.47,205.54,341.6,183.87,185.74,190.57,205.74,341.6,1,,0.0,0.0,0,NONE
2026-09-18T17:35:59.645+00:00,1528.371,routine,Adaptive thermal response carryover,duty,0,299.8,184.07,inkbird_lowest_internal,,1,68,184.07,185.74,190.47,205.54,341.6,183.87,185.74,190.57,205.74,341.6,1,,0.0,0.0,0,NONE
2026-09-18T17:36:00.645+00:00,1529.371,routine,Adaptive thermal response carryover,duty,0,299.3,184.14,inkbird_lowest_internal,,1,68,184.14,185.74,190.53,205.52,339.8,183.94,185.74,190.63,205.72,339.8,1,,0.0,0.0,0,NONE
2026-09-18T17:36:01.645+00:00,1530.371,routine,Adaptive thermal response carryover,duty,0,300.2,184.14,inkbird_lowest_internal,,1,68,184.14,185.74,190.53,205.52,339.8,183.94,185.74,190.63,205.72,339.8,1,,0.0,0.0,0,NONE
2026-09-18T17:36:02.645+00:00,1531.371,routine,Adaptive thermal response carryover,duty,0,298.4,184.14,inkbird_lowest_internal,,1,68,184.14,185.74,190.53,205.52,339.8,183.94,185.74,190.63,205.72,339.8,1,,0.0,0.0,0,NONE
2026-09-18T17:36:03.645+00:00,1532.372,routine,Adaptive thermal response carryover,duty,0,298.4,184.14,inkbird_lowest_internal,,1,68,184.14,185.74,190.53,205.52,339.8,183.94,185.74,190.63,205.72,339.8,1,,0.0,0.0,0,NONE
2026-09-18T17:36:04.644+00:00,1533.371,routine,Adaptive thermal response carryover,duty,0,298.9,184.18,inkbird_lowest_internal,,1,68,184.18,185.87,190.56,205.46,339.8,183.98,185.87,190.66,205.66,339.8,1,,0.0,0.0,0,NONE
2026-09-18T17:36:05.644+00:00,1534.371,routine,Adaptive thermal response carryover,duty,0,299.3,184.18,inkbird_lowest_internal,,1,68,184.18,185.87,190.56,205.46,339.8,183.98,185.87,190.66,205.66,339.8,1,,0.0,0.0,0,NONE
2026-09-18T17:36:06.645+00:00,1535.372,routine,Adaptive thermal response carryover,duty,0,298.9,184.24,inkbird_lowest_internal,,1,68,184.24,185.87,190.58,205.46,338.0,184.04,185.87,190.68,205.66,338.0,1,,0.0,0.0,0,NONE
2026-09-18T17:36:07.644+00:00,1536.371,routine,Adaptive thermal response carryover,duty,0,298.9,184.24,inkbird_lowest_internal,,1,68,184.24,185.87,190.58,205.46,338.0,184.04,185.87,190.68,205.66,338.0,1,,0.0,0.0,0,NONE
2026-09-18T17:36:08.644+00:00,1537.371,routine,Adaptive thermal response carryover,duty,0,298.0,184.26,inkbird_lowest_internal,,1,68,184.26,185.98,190.66,205.43,338.0,184.06,185.98,190.76,205.63,338.0,1,,0.0,0.0,0,NONE
2026-09-18T17:36:09.645+00:00,1538.371,routine,Adaptive thermal response carryover,duty,0,298.0,184.26,inkbird_lowest_internal,,1,68,184.26,185.98,190.66,205.43,338.0,184.06,185.98,190.76,205.63,338.0,1,,0.0,0.0,0,NONE
2026-09-18T17:36:10.644+00:00,1539.371,routine,Adaptive thermal response carryover,duty,0,297.0,184.28,inkbird_lowest_internal,,1,68,184.28,185.98,190.66,205.43,338.0,184.08,185.98,190.76,205.63,338.0,1,,0.0,0.0,0,NONE
2026-09-18T17:36:11.646+00:00,1540.373,routine,Adaptive thermal response carryover,duty,0,298.0,184.28,inkbird_lowest_internal,,1,68,184.28,185.98,190.66,205.43,338.0,184.08,185.98,190.76,205.63,338.0,1,,0.0,0.0,0,NONE
2026-09-18T17:36:12.644+00:00,1541.371,routine,Adaptive thermal response carryover,duty,0,296.1,184.35,inkbird_lowest_internal,,1,68,184.35,186.08,190.68,205.4,338.0,184.15,186.08,190.78,205.6,338.0,1,,0.0,0.0,0,NONE
2026-09-18T17:36:13.644+00:00,1542.371,routine,Adaptive thermal response carryover,duty,0,297.0,184.35,inkbird_lowest_internal,,1,68,184.35,186.08,190.68,205.4,338.0,184.15,186.08,190.78,205.6,338.0,1,,0.0,0.0,0,NONE
2026-09-18T17:36:14.644+00:00,1543.371,routine,Adaptive thermal response carryover,duty,0,296.6,184.36,inkbird_lowest_internal,,1,68,184.36,186.08,190.71,205.4,336.2,184.16,186.08,190.81,205.6,336.2,1,,0.0,0.0,0,NONE
2026-09-18T17:36:15.644+00:00,1544.371,routine,Adaptive thermal response carryover,duty,0,296.1,184.36,inkbird_lowest_internal,,1,68,184.36,186.08,190.71,205.4,336.2,184.16,186.08,190.81,205.6,336.2,1,,0.0,0.0,0,NONE
2026-09-18T17:36:16.644+00:00,1545.371,routine,Adaptive thermal response carryover,duty,0,295.7,184.37,inkbird_lowest_internal,,1,68,184.37,186.19,190.78,205.32,336.2,184.17,186.19,190.88,205.52,336.2,1,,0.0,0.0,0,NONE
2026-09-18T17:36:17.145+00:00,1545.872,routine,Adaptive thermal response carryover,duty,0,296.1,184.37,inkbird_lowest_internal,,1,68,184.37,186.19,190.78,205.32,336.2,184.17,186.19,190.88,205.52,336.2,1,,0.0,0.0,0,NONE
2026-09-18T17:36:18.144+00:00,1546.871,routine,Adaptive thermal response carryover,duty,0,295.7,184.39,inkbird_lowest_internal,,1,68,184.39,186.19,190.78,205.32,336.2,184.19,186.19,190.88,205.52,336.2,1,,0.0,0.0,0,NONE
2026-09-18T17:36:18.644+00:00,1547.371,routine,Adaptive thermal response carryover,duty,0,296.1,184.39,inkbird_lowest_internal,,1,68,184.39,186.19,190.78,205.32,336.2,184.19,186.19,190.88,205.52,336.2,1,,0.0,0.0,0,NONE
2026-09-18T17:36:19.644+00:00,1548.371,routine,Adaptive thermal response carryover,duty,0,295.7,184.39,inkbird_lowest_internal,,1,68,184.39,186.19,190.78,205.32,336.2,184.19,186.19,190.88,205.52,336.2,1,,0.0,0.0,0,NONE
2026-09-18T17:36:20.644+00:00,1549.371,routine,Adaptive thermal response carryover,duty,0,295.3,184.47,inkbird_lowest_internal,,1,68,184.47,186.19,190.81,205.32,336.2,184.27,186.19,190.91,205.52,336.2,1,,0.0,0.0,0,NONE
2026-09-18T17:36:21.644+00:00,1550.371,routine,Adaptive thermal response carryover,duty,0,295.3,184.47,inkbird_lowest_internal,,1,68,184.47,186.19,190.81,205.32,336.2,184.27,186.19,190.91,205.52,336.2,1,,0.0,0.0,0,NONE
2026-09-18T17:36:22.644+00:00,1551.371,routine,Adaptive thermal response carryover,duty,0,294.4,184.48,inkbird_lowest_internal,,1,68,184.48,186.3,190.88,205.29,336.2,184.28,186.3,190.98,205.49,336.2,1,,0.0,0.0,0,NONE
2026-09-18T17:36:23.644+00:00,1552.371,routine,Adaptive thermal response carryover,duty,0,295.3,184.48,inkbird_lowest_internal,,1,68,184.48,186.3,190.88,205.29,336.2,184.28,186.3,190.98,205.49,336.2,1,,0.0,0.0,0,NONE
2026-09-18T17:36:24.644+00:00,1553.371,routine,Adaptive thermal response carryover,duty,0,295.3,184.48,inkbird_lowest_internal,,1,68,184.48,186.3,190.88,205.29,336.2,184.28,186.3,190.98,205.49,336.2,1,,0.0,0.0,0,NONE
2026-09-18T17:36:25.644+00:00,1554.371,routine,Adaptive thermal response carryover,duty,0,294.8,184.48,inkbird_lowest_internal,,1,68,184.48,186.3,190.88,205.29,336.2,184.28,186.3,190.98,205.49,336.2,1,,0.0,0.0,0,NONE
2026-09-18T17:36:26.644+00:00,1555.371,routine,Adaptive thermal response carryover,duty,0,294.8,184.52,inkbird_lowest_internal,,1,68,184.52,186.3,190.91,205.29,334.4,184.32,186.3,191.01,205.49,334.4,1,,0.0,0.0,0,NONE
2026-09-18T17:36:27.144+00:00,1555.871,routine,Adaptive thermal response carryover,duty,0,294.4,184.52,inkbird_lowest_internal,,1,68,184.52,186.3,190.91,205.29,334.4,184.32,186.3,191.01,205.49,334.4,1,,0.0,0.0,0,NONE
2026-09-18T17:36:27.647+00:00,1556.373,routine,Adaptive thermal response carryover,duty,0,294.4,184.52,inkbird_lowest_internal,,1,68,184.52,186.3,190.91,205.29,334.4,184.32,186.3,191.01,205.49,334.4,1,,0.0,0.0,0,NONE
2026-09-18T17:36:28.644+00:00,1557.371,routine,Adaptive thermal response carryover,duty,0,294.4,184.59,inkbird_lowest_internal,,1,68,184.59,186.43,190.96,205.19,334.4,184.39,186.43,191.06,205.39,334.4,1,,0.0,0.0,0,NONE
2026-09-18T17:36:29.644+00:00,1558.371,routine,Adaptive thermal response carryover,duty,0,293.9,184.6,inkbird_lowest_internal,,1,68,184.6,186.43,190.98,205.17,332.6,184.4,186.43,191.08,205.37,332.6,1,,0.0,0.0,0,NONE
2026-09-18T17:36:30.644+00:00,1559.371,routine,Adaptive thermal response carryover,duty,0,293.0,184.6,inkbird_lowest_internal,,1,68,184.6,186.43,190.98,205.17,332.6,184.4,186.43,191.08,205.37,332.6,1,,0.0,0.0,0,NONE
2026-09-18T17:36:31.644+00:00,1560.371,routine,Adaptive thermal response carryover,duty,0,293.5,184.62,inkbird_lowest_internal,,1,68,184.62,186.43,190.98,205.17,332.6,184.42,186.43,191.08,205.37,332.6,1,,0.0,0.0,0,NONE
2026-09-18T17:36:32.644+00:00,1561.371,routine,Adaptive thermal response carryover,duty,0,293.0,184.62,inkbird_lowest_internal,,1,68,184.62,186.43,190.98,205.17,332.6,184.42,186.43,191.08,205.37,332.6,1,,0.0,0.0,0,NONE
2026-09-18T17:36:33.145+00:00,1561.872,routine,Adaptive thermal response carryover,duty,0,293.0,184.62,inkbird_lowest_internal,,1,68,184.62,186.43,190.98,205.17,332.6,184.42,186.43,191.08,205.37,332.6,1,,0.0,0.0,0,NONE
2026-09-18T17:36:34.144+00:00,1562.871,routine,Adaptive thermal response carryover,duty,0,292.5,184.68,inkbird_lowest_internal,,1,68,184.68,186.55,191.01,205.1,332.6,184.48,186.55,191.11,205.3,332.6,1,,0.0,0.0,0,NONE
2026-09-18T17:36:35.144+00:00,1563.871,routine,Adaptive thermal response carryover,duty,0,292.5,184.68,inkbird_lowest_internal,,1,68,184.68,186.55,191.01,205.1,332.6,184.48,186.55,191.11,205.3,332.6,1,,0.0,0.0,0,NONE
2026-09-18T17:36:36.144+00:00,1564.871,routine,Adaptive thermal response carryover,duty,0,293.0,184.7,inkbird_lowest_internal,,1,68,184.7,186.55,191.03,205.1,332.6,184.5,186.55,191.13,205.3,332.6,1,,0.0,0.0,0,NONE
2026-09-18T17:36:37.144+00:00,1565.871,routine,Adaptive thermal response carryover,duty,0,291.6,184.7,inkbird_lowest_internal,,1,68,184.7,186.55,191.03,205.1,332.6,184.5,186.55,191.13,205.3,332.6,1,,0.0,0.0,0,NONE
2026-09-18T17:36:38.144+00:00,1566.870,routine,Adaptive thermal response carryover,duty,0,292.1,184.7,inkbird_lowest_internal,,1,68,184.7,186.55,191.03,205.1,332.6,184.5,186.55,191.13,205.3,332.6,1,,0.0,0.0,0,NONE
2026-09-18T17:36:39.144+00:00,1567.871,routine,Adaptive thermal response carryover,duty,0,291.2,184.7,inkbird_lowest_internal,,1,68,184.7,186.55,191.03,205.1,332.6,184.5,186.55,191.13,205.3,332.6,1,,0.0,0.0,0,NONE
2026-09-18T17:36:40.144+00:00,1568.870,routine,Adaptive thermal response carryover,duty,0,292.1,184.72,inkbird_lowest_internal,,1,68,184.72,186.66,191.11,205.07,330.8,184.52,186.66,191.21,205.27,330.8,1,,0.0,0.0,0,NONE
2026-09-18T17:36:41.144+00:00,1569.870,routine,Adaptive thermal response carryover,duty,0,292.1,184.72,inkbird_lowest_internal,,1,68,184.72,186.66,191.11,205.07,330.8,184.52,186.66,191.21,205.27,330.8,1,,0.0,0.0,0,NONE
2026-09-18T17:36:42.144+00:00,1570.870,routine,Adaptive thermal response carryover,duty,0,290.8,184.72,inkbird_lowest_internal,,1,68,184.72,186.66,191.11,205.07,330.8,184.52,186.66,191.21,205.27,330.8,1,,0.0,0.0,0,NONE
2026-09-18T17:36:43.144+00:00,1571.870,routine,Adaptive thermal response carryover,duty,0,290.8,184.72,inkbird_lowest_internal,,1,68,184.72,186.66,191.11,205.07,330.8,184.52,186.66,191.21,205.27,330.8,1,,0.0,0.0,0,NONE
2026-09-18T17:36:43.645+00:00,1572.372,routine,Adaptive thermal response carryover,duty,0,291.6,184.79,inkbird_lowest_internal,,1,68,184.79,186.66,191.14,205.07,330.8,184.59,186.66,191.24,205.27,330.8,1,,0.0,0.0,0,NONE
2026-09-18T17:36:44.643+00:00,1573.370,routine,Adaptive thermal response carryover,duty,0,291.2,184.79,inkbird_lowest_internal,,1,68,184.79,186.66,191.14,205.07,330.8,184.59,186.66,191.24,205.27,330.8,1,,0.0,0.0,0,NONE
2026-09-18T17:36:45.144+00:00,1573.871,routine,Adaptive thermal response carryover,duty,0,290.3,184.79,inkbird_lowest_internal,,1,68,184.79,186.66,191.14,205.07,330.8,184.59,186.66,191.24,205.27,330.8,1,,0.0,0.0,0,NONE
2026-09-18T17:36:46.143+00:00,1574.870,routine,Adaptive thermal response carryover,duty,0,290.8,184.81,inkbird_lowest_internal,,1,68,184.81,186.77,191.2,204.96,330.8,184.61,186.77,191.3,205.16,330.8,1,,0.0,0.0,0,NONE
2026-09-18T17:36:47.144+00:00,1575.870,routine,Adaptive thermal response carryover,duty,0,290.8,184.81,inkbird_lowest_internal,,1,68,184.81,186.77,191.2,204.96,330.8,184.61,186.77,191.3,205.16,330.8,1,,0.0,0.0,0,NONE
2026-09-18T17:36:48.144+00:00,1576.870,routine,Adaptive thermal response carryover,duty,0,290.3,184.81,inkbird_lowest_internal,,1,68,184.81,186.77,191.2,204.96,330.8,184.61,186.77,191.3,205.16,330.8,1,,0.0,0.0,0,NONE
2026-09-18T17:36:49.143+00:00,1577.870,routine,Adaptive thermal response carryover,duty,0,290.3,184.81,inkbird_lowest_internal,,1,68,184.81,186.77,191.2,204.96,330.8,184.61,186.77,191.3,205.16,330.8,1,,0.0,0.0,0,NONE
2026-09-18T17:36:50.143+00:00,1578.870,routine,Adaptive thermal response carryover,duty,0,290.3,184.84,inkbird_lowest_internal,,1,68,184.84,186.77,191.2,204.96,329.0,184.64,186.77,191.3,205.16,329.0,1,,0.0,0.0,0,NONE
2026-09-18T17:36:51.143+00:00,1579.870,routine,Adaptive thermal response carryover,duty,0,288.5,184.84,inkbird_lowest_internal,,1,68,184.84,186.77,191.2,204.96,329.0,184.64,186.77,191.3,205.16,329.0,1,,0.0,0.0,0,NONE
2026-09-18T17:36:52.143+00:00,1580.870,routine,Adaptive thermal response carryover,duty,0,289.9,184.9,inkbird_lowest_internal,,1,68,184.9,186.89,191.24,204.87,329.0,184.7,186.89,191.34,205.07,329.0,1,,0.0,0.0,0,NONE
2026-09-18T17:36:53.143+00:00,1581.870,routine,Adaptive thermal response carryover,duty,0,289.4,184.9,inkbird_lowest_internal,,1,68,184.9,186.89,191.24,204.87,329.0,184.7,186.89,191.34,205.07,329.0,1,,0.0,0.0,0,NONE
2026-09-18T17:36:54.144+00:00,1582.871,routine,Adaptive thermal response carryover,duty,0,288.5,184.91,inkbird_lowest_internal,,1,68,184.91,186.89,191.25,204.86,329.0,184.71,186.89,191.35,205.06,329.0,1,,0.0,0.0,0,NONE
2026-09-18T17:36:55.143+00:00,1583.870,routine,Adaptive thermal response carryover,duty,0,288.5,184.91,inkbird_lowest_internal,,1,68,184.91,186.89,191.25,204.86,329.0,184.71,186.89,191.35,205.06,329.0,1,,0.0,0.0,0,NONE
2026-09-18T17:36:56.143+00:00,1584.870,routine,Adaptive thermal response carryover,duty,0,288.5,184.91,inkbird_lowest_internal,,1,68,184.91,186.89,191.25,204.86,329.0,184.71,186.89,191.35,205.06,329.0,1,,0.0,0.0,0,NONE
2026-09-18T17:36:57.143+00:00,1585.870,routine,Adaptive thermal response carryover,duty,0,288.5,184.91,inkbird_lowest_internal,,1,68,184.91,186.89,191.25,204.86,329.0,184.71,186.89,191.35,205.06,329.0,1,,0.0,0.0,0,NONE
2026-09-18T17:36:58.143+00:00,1586.870,routine,Adaptive thermal response carryover,duty,0,288.5,184.93,inkbird_lowest_internal,,1,68,184.93,186.99,191.31,204.76,327.2,184.73,186.99,191.41,204.96,327.2,1,,0.0,0.0,0,NONE
2026-09-18T17:36:58.643+00:00,1587.370,routine,Adaptive thermal response carryover,duty,0,287.6,184.93,inkbird_lowest_internal,,1,68,184.93,186.99,191.31,204.76,327.2,184.73,186.99,191.41,204.96,327.2,1,,0.0,0.0,0,NONE
2026-09-18T17:36:59.643+00:00,1588.370,routine,Adaptive thermal response carryover,duty,0,288.0,184.94,inkbird_lowest_internal,,1,68,184.94,186.99,191.34,204.75,327.2,184.74,186.99,191.44,204.95,327.2,1,,0.0,0.0,0,NONE
2026-09-18T17:37:00.643+00:00,1589.370,routine,Adaptive thermal response carryover,duty,0,288.0,184.94,inkbird_lowest_internal,,1,68,184.94,186.99,191.34,204.75,327.2,184.74,186.99,191.44,204.95,327.2,1,,0.0,0.0,0,NONE
2026-09-18T17:37:01.643+00:00,1590.370,routine,Adaptive thermal response carryover,duty,0,288.0,184.94,inkbird_lowest_internal,,1,68,184.94,186.99,191.34,204.75,327.2,184.74,186.99,191.44,204.95,327.2,1,,0.0,0.0,0,NONE
2026-09-18T17:37:02.643+00:00,1591.370,routine,Adaptive thermal response carryover,duty,0,286.3,184.94,inkbird_lowest_internal,,1,68,184.94,186.99,191.34,204.75,327.2,184.74,186.99,191.44,204.95,327.2,1,,0.0,0.0,0,NONE
2026-09-18T17:37:03.143+00:00,1591.870,routine,Adaptive thermal response carryover,duty,0,287.6,184.94,inkbird_lowest_internal,,1,68,184.94,186.99,191.34,204.75,327.2,184.74,186.99,191.44,204.95,327.2,1,,0.0,0.0,0,NONE
2026-09-18T17:37:04.143+00:00,1592.870,routine,Adaptive thermal response carryover,duty,0,288.0,185.01,inkbird_lowest_internal,,1,68,185.01,187.1,191.34,204.67,325.4,184.81,187.1,191.44,204.87,325.4,1,,0.0,0.0,0,NONE
2026-09-18T17:37:04.644+00:00,1593.371,routine,Adaptive thermal response carryover,duty,0,287.6,185.01,inkbird_lowest_internal,,1,68,185.01,187.1,191.34,204.67,325.4,184.81,187.1,191.44,204.87,325.4,1,,0.0,0.0,0,NONE
2026-09-18T17:37:05.643+00:00,1594.370,routine,Adaptive thermal response carryover,duty,0,287.1,185.01,inkbird_lowest_internal,,1,68,185.01,187.1,191.34,204.67,325.4,184.81,187.1,191.44,204.87,325.4,1,,0.0,0.0,0,NONE
2026-09-18T17:37:06.143+00:00,1594.870,routine,Adaptive thermal response carryover,duty,0,286.3,185.01,inkbird_lowest_internal,,1,68,185.01,187.1,191.34,204.67,325.4,184.81,187.1,191.44,204.87,325.4,1,,0.0,0.0,0,NONE
2026-09-18T17:37:07.143+00:00,1595.870,routine,Adaptive thermal response carryover,duty,0,287.1,185.01,inkbird_lowest_internal,,1,68,185.01,187.1,191.34,204.67,325.4,184.81,187.1,191.44,204.87,325.4,1,,0.0,0.0,0,NONE
2026-09-18T17:37:08.143+00:00,1596.870,routine,Adaptive thermal response carryover,duty,0,285.8,185.03,inkbird_lowest_internal,,1,68,185.03,187.1,191.37,204.64,325.4,184.83,187.1,191.47,204.84,325.4,1,,0.0,0.0,0,NONE
2026-09-18T17:37:09.143+00:00,1597.870,routine,Adaptive thermal response carryover,duty,0,286.3,185.03,inkbird_lowest_internal,,1,68,185.03,187.1,191.37,204.64,325.4,184.83,187.1,191.47,204.84,325.4,1,,0.0,0.0,0,NONE
2026-09-18T17:37:10.144+00:00,1598.871,routine,Adaptive thermal response carryover,duty,0,286.3,185.05,inkbird_lowest_internal,,1,68,185.05,187.2,191.43,204.57,325.4,184.85,187.2,191.53,204.77,325.4,1,,0.0,0.0,0,NONE
2026-09-18T17:37:11.143+00:00,1599.870,routine,Adaptive thermal response carryover,duty,0,286.3,185.05,inkbird_lowest_internal,,1,68,185.05,187.2,191.43,204.57,325.4,184.85,187.2,191.53,204.77,325.4,1,,0.0,0.0,0,NONE
2026-09-18T17:37:12.143+00:00,1600.870,routine,Adaptive thermal response carryover,duty,0,285.4,185.05,inkbird_lowest_internal,,1,68,185.05,187.2,191.43,204.57,325.4,184.85,187.2,191.53,204.77,325.4,1,,0.0,0.0,0,NONE
2026-09-18T17:37:13.143+00:00,1601.870,routine,Adaptive thermal response carryover,duty,0,285.8,185.05,inkbird_lowest_internal,,1,68,185.05,187.2,191.43,204.57,325.4,184.85,187.2,191.53,204.77,325.4,1,,0.0,0.0,0,NONE
2026-09-18T17:37:14.143+00:00,1602.870,routine,Adaptive thermal response carryover,duty,0,285.8,185.12,inkbird_lowest_internal,,1,68,185.12,187.2,191.45,204.54,323.6,184.92,187.2,191.55,204.74,323.6,1,,0.0,0.0,0,NONE
2026-09-18T17:37:15.143+00:00,1603.870,routine,Adaptive thermal response carryover,duty,0,285.4,185.12,inkbird_lowest_internal,,1,68,185.12,187.2,191.45,204.54,323.6,184.92,187.2,191.55,204.74,323.6,1,,0.0,0.0,0,NONE
2026-09-18T17:37:15.644+00:00,1604.370,routine,Adaptive thermal response carryover,duty,0,284.5,185.12,inkbird_lowest_internal,,1,68,185.12,187.2,191.45,204.54,323.6,184.92,187.2,191.55,204.74,323.6,1,,0.0,0.0,0,NONE
2026-09-18T17:37:16.643+00:00,1605.370,routine,Adaptive thermal response carryover,duty,0,284.9,185.12,inkbird_lowest_internal,,1,68,185.12,187.2,191.45,204.54,323.6,184.92,187.2,191.55,204.74,323.6,1,,0.0,0.0,0,NONE
2026-09-18T17:37:17.643+00:00,1606.370,routine,Adaptive thermal response carryover,duty,0,284.5,185.12,inkbird_lowest_internal,,1,68,185.12,187.2,191.45,204.54,323.6,184.92,187.2,191.55,204.74,323.6,1,,0.0,0.0,0,NONE
2026-09-18T17:37:18.643+00:00,1607.370,routine,Adaptive thermal response carryover,duty,0,284.5,185.12,inkbird_lowest_internal,,1,68,185.12,187.2,191.45,204.54,323.6,184.92,187.2,191.55,204.74,323.6,1,,0.0,0.0,0,NONE
2026-09-18T17:37:19.643+00:00,1608.369,routine,Adaptive thermal response carryover,duty,0,285.4,185.14,inkbird_lowest_internal,,1,68,185.14,187.31,191.47,204.44,321.8,184.94,187.31,191.57,204.64,321.8,1,,0.0,0.0,0,NONE
2026-09-18T17:37:20.143+00:00,1608.869,routine,Adaptive thermal response carryover,duty,0,285.4,185.14,inkbird_lowest_internal,,1,68,185.14,187.31,191.47,204.44,321.8,184.94,187.31,191.57,204.64,321.8,1,,0.0,0.0,0,NONE
2026-09-18T17:37:21.144+00:00,1609.871,routine,Adaptive thermal response carryover,duty,0,283.5,185.14,inkbird_lowest_internal,,1,68,185.14,187.31,191.47,204.44,321.8,184.94,187.31,191.57,204.64,321.8,1,,0.0,0.0,0,NONE
2026-09-18T17:37:22.143+00:00,1610.869,routine,Adaptive thermal response carryover,duty,0,283.5,185.15,inkbird_lowest_internal,,1,68,185.15,187.31,191.53,204.42,321.8,184.95,187.31,191.63,204.62,321.8,1,,0.0,0.0,0,NONE
2026-09-18T17:37:23.143+00:00,1611.869,routine,Adaptive thermal response carryover,duty,0,284.9,185.15,inkbird_lowest_internal,,1,68,185.15,187.31,191.53,204.42,321.8,184.95,187.31,191.63,204.62,321.8,1,,0.0,0.0,0,NONE
2026-09-18T17:37:23.643+00:00,1612.369,routine,Adaptive thermal response carryover,duty,0,284.0,185.16,inkbird_lowest_internal,,1,68,185.16,187.31,191.53,204.42,321.8,184.96,187.31,191.63,204.62,321.8,1,,0.0,0.0,0,NONE
2026-09-18T17:37:24.643+00:00,1613.369,routine,Adaptive thermal response carryover,duty,0,283.1,185.16,inkbird_lowest_internal,,1,68,185.16,187.31,191.53,204.42,321.8,184.96,187.31,191.63,204.62,321.8,1,,0.0,0.0,0,NONE
2026-09-18T17:37:25.643+00:00,1614.369,routine,Adaptive thermal response carryover,duty,0,283.1,185.16,inkbird_lowest_internal,,1,68,185.16,187.31,191.53,204.42,321.8,184.96,187.31,191.63,204.62,321.8,1,,0.0,0.0,0,NONE
2026-09-18T17:37:26.143+00:00,1614.870,routine,Adaptive thermal response carryover,duty,0,282.6,185.22,inkbird_lowest_internal,,1,68,185.22,187.42,191.55,204.33,320.0,185.02,187.42,191.65,204.53,320.0,1,,0.0,0.0,0,NONE
2026-09-18T17:37:27.143+00:00,1615.869,routine,Adaptive thermal response carryover,duty,0,283.5,185.22,inkbird_lowest_internal,,1,68,185.22,187.42,191.55,204.33,320.0,185.02,187.42,191.65,204.53,320.0,1,,0.0,0.0,0,NONE
2026-09-18T17:37:28.142+00:00,1616.869,routine,Adaptive thermal response carryover,duty,0,282.6,185.22,inkbird_lowest_internal,,1,68,185.22,187.42,191.56,204.32,320.0,185.02,187.42,191.66,204.52,320.0,1,,0.0,0.0,0,NONE
2026-09-18T17:37:28.642+00:00,1617.369,routine,Adaptive thermal response carryover,duty,0,283.5,185.22,inkbird_lowest_internal,,1,68,185.22,187.42,191.56,204.32,320.0,185.02,187.42,191.66,204.52,320.0,1,,0.0,0.0,0,NONE
2026-09-18T17:37:29.642+00:00,1618.369,routine,Adaptive thermal response carryover,duty,0,283.1,185.22,inkbird_lowest_internal,,1,68,185.22,187.42,191.56,204.32,320.0,185.02,187.42,191.66,204.52,320.0,1,,0.0,0.0,0,NONE
2026-09-18T17:37:30.642+00:00,1619.369,routine,Adaptive thermal response carryover,duty,0,282.2,185.22,inkbird_lowest_internal,,1,68,185.22,187.42,191.56,204.32,320.0,185.02,187.42,191.66,204.52,320.0,1,,0.0,0.0,0,NONE
2026-09-18T17:37:31.643+00:00,1620.370,routine,Adaptive thermal response carryover,duty,0,282.6,185.22,inkbird_lowest_internal,,1,68,185.22,187.42,191.56,204.32,320.0,185.02,187.42,191.66,204.52,320.0,1,,0.0,0.0,0,NONE
2026-09-18T17:37:32.642+00:00,1621.369,routine,Adaptive thermal response carryover,duty,0,281.8,185.22,inkbird_lowest_internal,,1,68,185.22,187.42,191.56,204.32,320.0,185.02,187.42,191.66,204.52,320.0,1,,0.0,0.0,0,NONE
2026-09-18T17:37:33.642+00:00,1622.369,routine,Adaptive thermal response carryover,duty,0,282.6,185.22,inkbird_lowest_internal,,1,68,185.22,187.42,191.56,204.32,320.0,185.02,187.42,191.66,204.52,320.0,1,,0.0,0.0,0,NONE
2026-09-18T17:37:34.642+00:00,1623.369,routine,Adaptive thermal response carryover,duty,0,282.2,185.22,inkbird_lowest_internal,,1,68,185.22,187.42,191.56,204.32,320.0,185.02,187.42,191.66,204.52,320.0,1,,0.0,0.0,0,NONE
2026-09-18T17:37:35.142+00:00,1623.869,routine,Adaptive thermal response carryover,duty,0,282.2,185.22,inkbird_lowest_internal,,1,68,185.22,187.42,191.56,204.32,320.0,185.02,187.42,191.66,204.52,320.0,1,,0.0,0.0,0,NONE
2026-09-18T17:37:36.142+00:00,1624.869,routine,Adaptive thermal response carryover,duty,0,280.4,185.25,inkbird_lowest_internal,,1,68,185.25,187.53,191.58,204.2,318.2,185.05,187.53,191.68,204.4,318.2,1,,0.0,0.0,0,NONE
2026-09-18T17:37:37.142+00:00,1625.869,routine,Adaptive thermal response carryover,duty,0,281.8,185.25,inkbird_lowest_internal,,1,68,185.25,187.53,191.58,204.2,318.2,185.05,187.53,191.68,204.4,318.2,1,,0.0,0.0,0,NONE
2026-09-18T17:37:38.142+00:00,1626.869,routine,Adaptive thermal response carryover,duty,0,280.4,185.25,inkbird_lowest_internal,,1,68,185.25,187.53,191.58,204.2,318.2,185.05,187.53,191.68,204.4,318.2,1,,0.0,0.0,0,NONE
2026-09-18T17:37:38.642+00:00,1627.369,routine,Adaptive thermal response carryover,duty,0,280.4,185.25,inkbird_lowest_internal,,1,68,185.25,187.53,191.58,204.2,318.2,185.05,187.53,191.68,204.4,318.2,1,,0.0,0.0,0,NONE
2026-09-18T17:37:39.642+00:00,1628.369,routine,Adaptive thermal response carryover,duty,0,281.3,185.26,inkbird_lowest_internal,,1,68,185.26,187.53,191.64,204.09,318.2,185.06,187.53,191.74,204.29,318.2,1,,0.0,0.0,0,NONE
2026-09-18T17:37:40.642+00:00,1629.369,routine,Adaptive thermal response carryover,duty,0,280.9,185.26,inkbird_lowest_internal,,1,68,185.26,187.53,191.64,204.09,318.2,185.06,187.53,191.74,204.29,318.2,1,,0.0,0.0,0,NONE
2026-09-18T17:37:41.642+00:00,1630.369,routine,Adaptive thermal response carryover,duty,0,280.4,185.26,inkbird_lowest_internal,,1,68,185.26,187.53,191.64,204.09,316.4,185.06,187.53,191.74,204.29,316.4,1,,0.0,0.0,0,NONE
2026-09-18T17:37:42.642+00:00,1631.369,routine,Adaptive thermal response carryover,duty,0,279.5,185.26,inkbird_lowest_internal,,1,68,185.26,187.53,191.64,204.09,316.4,185.06,187.53,191.74,204.29,316.4,1,,0.0,0.0,0,NONE
2026-09-18T17:37:43.642+00:00,1632.369,routine,Adaptive thermal response carryover,duty,0,280.4,185.32,inkbird_lowest_internal,,1,68,185.32,187.53,191.64,203.98,316.4,185.12,187.53,191.74,204.18,316.4,1,,0.0,0.0,0,NONE
2026-09-18T17:37:44.642+00:00,1633.369,routine,Adaptive thermal response carryover,duty,0,280.0,185.32,inkbird_lowest_internal,,1,68,185.32,187.53,191.64,203.98,316.4,185.12,187.53,191.74,204.18,316.4,1,,0.0,0.0,0,NONE
2026-09-18T17:37:45.642+00:00,1634.369,routine,Adaptive thermal response carryover,duty,0,280.4,185.34,inkbird_lowest_internal,,1,68,185.34,187.63,191.65,203.94,316.4,185.14,187.63,191.75,204.14,316.4,1,,0.0,0.0,0,NONE
2026-09-18T17:37:46.642+00:00,1635.369,routine,Adaptive thermal response carryover,duty,0,280.0,185.34,inkbird_lowest_internal,,1,68,185.34,187.63,191.65,203.94,316.4,185.14,187.63,191.75,204.14,316.4,1,,0.0,0.0,0,NONE
2026-09-18T17:37:47.143+00:00,1635.870,routine,Adaptive thermal response carryover,duty,0,279.5,185.34,inkbird_lowest_internal,,1,68,185.34,187.63,191.65,203.94,316.4,185.14,187.63,191.75,204.14,316.4,1,,0.0,0.0,0,NONE
2026-09-18T17:37:48.142+00:00,1636.869,routine,Adaptive thermal response carryover,duty,0,280.0,185.34,inkbird_lowest_internal,,1,68,185.34,187.63,191.65,203.94,316.4,185.14,187.63,191.75,204.14,316.4,1,,0.0,0.0,0,NONE
2026-09-18T17:37:49.142+00:00,1637.869,routine,Adaptive thermal response carryover,duty,0,280.0,185.34,inkbird_lowest_internal,,1,68,185.34,187.63,191.65,203.94,316.4,185.14,187.63,191.75,204.14,316.4,1,,0.0,0.0,0,NONE
2026-09-18T17:37:50.142+00:00,1638.869,routine,Adaptive thermal response carryover,duty,0,279.5,185.34,inkbird_lowest_internal,,1,68,185.34,187.63,191.65,203.88,314.6,185.14,187.63,191.75,204.08,314.6,1,,0.0,0.0,0,NONE
2026-09-18T17:37:51.142+00:00,1639.869,routine,Adaptive thermal response carryover,duty,0,279.5,185.34,inkbird_lowest_internal,,1,68,185.34,187.63,191.65,203.88,314.6,185.14,187.63,191.75,204.08,314.6,1,,0.0,0.0,0,NONE
2026-09-18T17:37:52.142+00:00,1640.869,routine,Adaptive thermal response carryover,duty,0,279.5,185.34,inkbird_lowest_internal,,1,68,185.34,187.63,191.65,203.88,314.6,185.14,187.63,191.75,204.08,314.6,1,,0.0,0.0,0,NONE
2026-09-18T17:37:53.142+00:00,1641.869,routine,Adaptive thermal response carryover,duty,0,278.1,185.34,inkbird_lowest_internal,,1,68,185.34,187.63,191.65,203.88,314.6,185.14,187.63,191.75,204.08,314.6,1,,0.0,0.0,0,NONE
2026-09-18T17:37:53.642+00:00,1642.369,routine,Adaptive thermal response carryover,duty,0,277.7,185.35,inkbird_lowest_internal,,1,68,185.35,187.74,191.67,203.8,314.6,185.15,187.74,191.77,204.0,314.6,1,,0.0,0.0,0,NONE
2026-09-18T17:37:54.642+00:00,1643.369,routine,Adaptive thermal response carryover,duty,0,277.3,185.35,inkbird_lowest_internal,,1,68,185.35,187.74,191.67,203.8,314.6,185.15,187.74,191.77,204.0,314.6,1,,0.0,0.0,0,NONE
2026-09-18T17:37:55.642+00:00,1644.369,routine,Adaptive thermal response carryover,duty,0,278.1,185.35,inkbird_lowest_internal,,1,68,185.35,187.74,191.68,203.77,312.8,185.15,187.74,191.78,203.97,312.8,1,,0.0,0.0,0,NONE
2026-09-18T17:37:56.142+00:00,1644.869,routine,Adaptive thermal response carryover,duty,0,277.7,185.35,inkbird_lowest_internal,,1,68,185.35,187.74,191.68,203.77,312.8,185.15,187.74,191.78,203.97,312.8,1,,0.0,0.0,0,NONE
2026-09-18T17:37:57.142+00:00,1645.869,routine,Adaptive thermal response carryover,duty,0,278.6,185.35,inkbird_lowest_internal,,1,68,185.35,187.74,191.68,203.77,312.8,185.15,187.74,191.78,203.97,312.8,1,,0.0,0.0,0,NONE
2026-09-18T17:37:57.643+00:00,1646.370,routine,Adaptive thermal response carryover,duty,0,277.7,185.36,inkbird_lowest_internal,,1,68,185.36,187.74,191.68,203.77,312.8,185.16,187.74,191.78,203.97,312.8,1,,0.0,0.0,0,NONE
2026-09-18T17:37:58.642+00:00,1647.369,routine,Adaptive thermal response carryover,duty,0,277.7,185.36,inkbird_lowest_internal,,1,68,185.36,187.74,191.68,203.77,312.8,185.16,187.74,191.78,203.97,312.8,1,,0.0,0.0,0,NONE
2026-09-18T17:37:59.642+00:00,1648.369,routine,Adaptive thermal response carryover,duty,0,277.7,185.36,inkbird_lowest_internal,,1,68,185.36,187.74,191.68,203.77,312.8,185.16,187.74,191.78,203.97,312.8,1,,0.0,0.0,0,NONE
2026-09-18T17:38:00.142+00:00,1648.869,routine,Adaptive thermal response carryover,duty,0,276.8,185.36,inkbird_lowest_internal,,1,68,185.36,187.74,191.68,203.77,312.8,185.16,187.74,191.78,203.97,312.8,1,,0.0,0.0,0,NONE
2026-09-18T17:38:01.142+00:00,1649.869,routine,Adaptive thermal response carryover,duty,0,277.3,185.36,inkbird_lowest_internal,,1,68,185.36,187.74,191.68,203.77,312.8,185.16,187.74,191.78,203.97,312.8,1,,0.0,0.0,0,NONE
2026-09-18T17:38:02.142+00:00,1650.868,routine,Adaptive thermal response carryover,duty,0,277.3,185.42,inkbird_lowest_internal,,1,68,185.42,187.74,191.74,203.65,312.8,185.22,187.74,191.84,203.85,312.8,1,,0.0,0.0,0,NONE
2026-09-18T17:38:03.142+00:00,1651.869,routine,Adaptive thermal response carryover,duty,0,277.3,185.42,inkbird_lowest_internal,,1,68,185.42,187.74,191.74,203.65,312.8,185.22,187.74,191.84,203.85,312.8,1,,0.0,0.0,0,NONE
2026-09-18T17:38:04.142+00:00,1652.868,routine,Adaptive thermal response carryover,duty,0,276.8,185.42,inkbird_lowest_internal,,1,68,185.42,187.74,191.74,203.65,311.0,185.22,187.74,191.84,203.85,311.0,1,,0.0,0.0,0,NONE
2026-09-18T17:38:05.142+00:00,1653.868,routine,Adaptive thermal response carryover,duty,0,276.4,185.42,inkbird_lowest_internal,,1,68,185.42,187.74,191.74,203.65,311.0,185.22,187.74,191.84,203.85,311.0,1,,0.0,0.0,0,NONE
2026-09-18T17:38:06.142+00:00,1654.868,routine,Adaptive thermal response carryover,duty,0,277.3,185.42,inkbird_lowest_internal,,1,68,185.42,187.74,191.74,203.65,311.0,185.22,187.74,191.84,203.85,311.0,1,,0.0,0.0,0,NONE
2026-09-18T17:38:06.642+00:00,1655.368,routine,Adaptive thermal response carryover,duty,0,276.8,185.42,inkbird_lowest_internal,,1,68,185.42,187.74,191.74,203.65,311.0,185.22,187.74,191.84,203.85,311.0,1,,0.0,0.0,0,NONE
2026-09-18T17:38:07.642+00:00,1656.368,routine,Adaptive thermal response carryover,duty,0,276.4,185.43,inkbird_lowest_internal,,1,68,185.43,187.74,191.74,203.52,311.0,185.23,187.74,191.84,203.72,311.0,1,,0.0,0.0,0,NONE
2026-09-18T17:38:08.142+00:00,1656.869,routine,Adaptive thermal response carryover,duty,0,276.4,185.43,inkbird_lowest_internal,,1,68,185.43,187.74,191.74,203.52,311.0,185.23,187.74,191.84,203.72,311.0,1,,0.0,0.0,0,NONE
2026-09-18T17:38:09.141+00:00,1657.868,routine,Adaptive thermal response carryover,duty,0,276.8,185.43,inkbird_lowest_internal,,1,68,185.43,187.74,191.74,203.52,311.0,185.23,187.74,191.84,203.72,311.0,1,,0.0,0.0,0,NONE
2026-09-18T17:38:09.642+00:00,1658.368,routine,Adaptive thermal response carryover,duty,0,276.8,185.44,inkbird_lowest_internal,,1,68,185.44,187.85,191.73,203.45,311.0,185.24,187.85,191.83,203.65,311.0,1,,0.0,0.0,0,NONE
2026-09-18T17:38:10.641+00:00,1659.368,routine,Adaptive thermal response carryover,duty,0,276.4,185.44,inkbird_lowest_internal,,1,68,185.44,187.85,191.73,203.45,311.0,185.24,187.85,191.83,203.65,311.0,1,,0.0,0.0,0,NONE
2026-09-18T17:38:11.641+00:00,1660.368,routine,Adaptive thermal response carryover,duty,0,276.4,185.44,inkbird_lowest_internal,,1,68,185.44,187.85,191.73,203.42,309.2,185.24,187.85,191.83,203.62,309.2,1,,0.0,0.0,0,NONE
2026-09-18T17:38:12.641+00:00,1661.368,routine,Adaptive thermal response carryover,duty,0,275.9,185.44,inkbird_lowest_internal,,1,68,185.44,187.85,191.73,203.42,309.2,185.24,187.85,191.83,203.62,309.2,1,,0.0,0.0,0,NONE
2026-09-18T17:38:13.642+00:00,1662.369,routine,Adaptive thermal response carryover,duty,0,275.9,185.44,inkbird_lowest_internal,,1,68,185.44,187.85,191.73,203.42,309.2,185.24,187.85,191.83,203.62,309.2,1,,0.0,0.0,0,NONE
2026-09-18T17:38:14.641+00:00,1663.368,routine,Adaptive thermal response carryover,duty,0,275.0,185.44,inkbird_lowest_internal,,1,68,185.44,187.85,191.73,203.42,309.2,185.24,187.85,191.83,203.62,309.2,1,,0.0,0.0,0,NONE
2026-09-18T17:38:15.641+00:00,1664.368,routine,Adaptive thermal response carryover,duty,0,275.5,185.44,inkbird_lowest_internal,,1,68,185.44,187.85,191.73,203.42,309.2,185.24,187.85,191.83,203.62,309.2,1,,0.0,0.0,0,NONE
2026-09-18T17:38:16.641+00:00,1665.368,routine,Adaptive thermal response carryover,duty,0,275.0,185.44,inkbird_lowest_internal,,1,68,185.44,187.85,191.73,203.42,309.2,185.24,187.85,191.83,203.62,309.2,1,,0.0,0.0,0,NONE
2026-09-18T17:38:17.141+00:00,1665.868,routine,Adaptive thermal response carryover,duty,0,274.5,185.44,inkbird_lowest_internal,,1,68,185.44,187.85,191.73,203.42,309.2,185.24,187.85,191.83,203.62,309.2,1,,0.0,0.0,0,NONE
2026-09-18T17:38:18.141+00:00,1666.868,routine,Adaptive thermal response carryover,duty,0,274.5,185.44,inkbird_lowest_internal,,1,68,185.44,187.85,191.75,203.3,309.2,185.24,187.85,191.85,203.5,309.2,1,,0.0,0.0,0,NONE
2026-09-18T17:38:18.641+00:00,1667.368,routine,Adaptive thermal response carryover,duty,0,275.0,185.44,inkbird_lowest_internal,,1,68,185.44,187.85,191.75,203.3,309.2,185.24,187.85,191.85,203.5,309.2,1,,0.0,0.0,0,NONE
2026-09-18T17:38:19.641+00:00,1668.368,routine,Adaptive thermal response carryover,duty,0,274.1,185.44,inkbird_lowest_internal,,1,68,185.44,187.85,191.75,203.3,307.4,185.24,187.85,191.85,203.5,307.4,1,,0.0,0.0,0,NONE
2026-09-18T17:38:20.641+00:00,1669.368,routine,Adaptive thermal response carryover,duty,0,275.0,185.44,inkbird_lowest_internal,,1,68,185.44,187.85,191.75,203.3,307.4,185.24,187.85,191.85,203.5,307.4,1,,0.0,0.0,0,NONE
2026-09-18T17:38:21.641+00:00,1670.368,routine,Adaptive thermal response carryover,duty,0,274.5,185.48,inkbird_lowest_internal,,1,68,185.48,187.85,191.75,203.19,307.4,185.28,187.85,191.85,203.39,307.4,1,,0.0,0.0,0,NONE
2026-09-18T17:38:22.641+00:00,1671.368,routine,Adaptive thermal response carryover,duty,0,274.5,185.48,inkbird_lowest_internal,,1,68,185.48,187.85,191.75,203.19,307.4,185.28,187.85,191.85,203.39,307.4,1,,0.0,0.0,0,NONE
2026-09-18T17:38:23.641+00:00,1672.368,routine,Adaptive thermal response carryover,duty,0,274.5,185.48,inkbird_lowest_internal,,1,68,185.48,187.95,191.77,203.11,307.4,185.28,187.95,191.87,203.31,307.4,1,,0.0,0.0,0,NONE
2026-09-18T17:38:24.142+00:00,1672.869,routine,Adaptive thermal response carryover,duty,0,273.6,185.48,inkbird_lowest_internal,,1,68,185.48,187.95,191.77,203.11,307.4,185.28,187.95,191.87,203.31,307.4,1,,0.0,0.0,0,NONE
2026-09-18T17:38:25.141+00:00,1673.868,routine,Adaptive thermal response carryover,duty,0,274.1,185.48,inkbird_lowest_internal,,1,68,185.48,187.95,191.77,203.11,307.4,185.28,187.95,191.87,203.31,307.4,1,,0.0,0.0,0,NONE
2026-09-18T17:38:26.141+00:00,1674.868,routine,Adaptive thermal response carryover,duty,0,274.1,185.48,inkbird_lowest_internal,,1,68,185.48,187.95,191.76,203.09,307.4,185.28,187.95,191.86,203.29,307.4,1,,0.0,0.0,0,NONE
2026-09-18T17:38:27.141+00:00,1675.868,routine,Adaptive thermal response carryover,duty,0,273.2,185.48,inkbird_lowest_internal,,1,68,185.48,187.95,191.76,203.09,307.4,185.28,187.95,191.86,203.29,307.4,1,,0.0,0.0,0,NONE
2026-09-18T17:38:28.141+00:00,1676.868,routine,Adaptive thermal response carryover,duty,0,273.6,185.48,inkbird_lowest_internal,,1,68,185.48,187.95,191.76,203.09,307.4,185.28,187.95,191.86,203.29,307.4,1,,0.0,0.0,0,NONE
2026-09-18T17:38:29.141+00:00,1677.868,routine,Adaptive thermal response carryover,duty,0,273.2,185.48,inkbird_lowest_internal,,1,68,185.48,187.95,191.76,203.09,307.4,185.28,187.95,191.86,203.29,307.4,1,,0.0,0.0,0,NONE
2026-09-18T17:38:30.141+00:00,1678.868,routine,Adaptive thermal response carryover,duty,0,272.8,185.48,inkbird_lowest_internal,,1,68,185.48,187.95,191.76,203.09,307.4,185.28,187.95,191.86,203.29,307.4,1,,0.0,0.0,0,NONE
2026-09-18T17:38:31.141+00:00,1679.868,routine,Adaptive thermal response carryover,duty,0,273.2,185.48,inkbird_lowest_internal,,1,68,185.48,187.95,191.76,203.09,307.4,185.28,187.95,191.86,203.29,307.4,1,,0.0,0.0,0,NONE
2026-09-18T17:38:32.141+00:00,1680.868,routine,Adaptive thermal response carryover,duty,0,273.2,185.48,inkbird_lowest_internal,,1,68,185.48,187.95,191.76,202.96,305.6,185.28,187.95,191.86,203.16,305.6,1,,0.0,0.0,0,NONE
2026-09-18T17:38:33.141+00:00,1681.868,routine,Adaptive thermal response carryover,duty,0,273.2,185.48,inkbird_lowest_internal,,1,68,185.48,187.95,191.76,202.96,305.6,185.28,187.95,191.86,203.16,305.6,1,,0.0,0.0,0,NONE
2026-09-18T17:38:33.641+00:00,1682.368,routine,Adaptive thermal response carryover,duty,0,272.8,185.48,inkbird_lowest_internal,,1,68,185.48,187.95,191.76,202.96,305.6,185.28,187.95,191.86,203.16,305.6,1,,0.0,0.0,0,NONE
2026-09-18T17:38:34.142+00:00,1682.868,routine,Adaptive thermal response carryover,duty,0,272.8,185.48,inkbird_lowest_internal,,1,68,185.48,187.95,191.76,202.96,305.6,185.28,187.95,191.86,203.16,305.6,1,,0.0,0.0,0,NONE
2026-09-18T17:38:35.141+00:00,1683.868,routine,Adaptive thermal response carryover,duty,0,272.8,185.48,inkbird_lowest_internal,,1,68,185.48,187.95,191.76,202.96,305.6,185.28,187.95,191.86,203.16,305.6,1,,0.0,0.0,0,NONE
2026-09-18T17:38:36.141+00:00,1684.868,routine,Adaptive thermal response carryover,duty,0,272.3,185.49,inkbird_lowest_internal,,1,68,185.49,187.95,191.75,202.96,303.8,185.29,187.95,191.85,203.16,303.8,1,,0.0,0.0,0,NONE
2026-09-18T17:38:37.141+00:00,1685.868,routine,Adaptive thermal response carryover,duty,0,272.3,185.49,inkbird_lowest_internal,,1,68,185.49,187.95,191.75,202.96,303.8,185.29,187.95,191.85,203.16,303.8,1,,0.0,0.0,0,NONE
2026-09-18T17:38:38.141+00:00,1686.868,routine,Adaptive thermal response carryover,duty,0,272.3,185.5,inkbird_lowest_internal,,1,68,185.5,187.95,191.77,202.85,303.8,185.3,187.95,191.87,203.05,303.8,1,,0.0,0.0,0,NONE
2026-09-18T17:38:39.141+00:00,1687.868,routine,Adaptive thermal response carryover,duty,0,272.3,185.5,inkbird_lowest_internal,,1,68,185.5,187.95,191.77,202.85,303.8,185.3,187.95,191.87,203.05,303.8,1,,0.0,0.0,0,NONE
2026-09-18T17:38:39.642+00:00,1688.368,routine,Adaptive thermal response carryover,duty,0,271.9,185.5,inkbird_lowest_internal,,1,68,185.5,187.95,191.77,202.85,303.8,185.3,187.95,191.87,203.05,303.8,1,,0.0,0.0,0,NONE
2026-09-18T17:38:40.641+00:00,1689.368,routine,Adaptive thermal response carryover,duty,0,271.9,185.5,inkbird_lowest_internal,,1,68,185.5,187.95,191.77,202.85,303.8,185.3,187.95,191.87,203.05,303.8,1,,0.0,0.0,0,NONE
2026-09-18T17:38:41.141+00:00,1689.868,routine,Adaptive thermal response carryover,duty,0,271.4,185.5,inkbird_lowest_internal,,1,68,185.5,187.95,191.77,202.85,303.8,185.3,187.95,191.87,203.05,303.8,1,,0.0,0.0,0,NONE
2026-09-18T17:38:42.141+00:00,1690.868,routine,Adaptive thermal response carryover,duty,0,271.9,185.52,inkbird_lowest_internal,,1,68,185.52,187.95,191.76,202.74,303.8,185.32,187.95,191.86,202.94,303.8,1,,0.0,0.0,0,NONE
2026-09-18T17:38:43.141+00:00,1691.868,routine,Adaptive thermal response carryover,duty,0,271.4,185.52,inkbird_lowest_internal,,1,68,185.52,187.95,191.76,202.74,303.8,185.32,187.95,191.86,202.94,303.8,1,,0.0,0.0,0,NONE
2026-09-18T17:38:44.141+00:00,1692.868,routine,Adaptive thermal response carryover,duty,0,271.0,185.52,inkbird_lowest_internal,,1,68,185.52,188.04,191.76,202.66,302.0,185.32,188.04,191.86,202.86,302.0,1,,0.0,0.0,0,NONE
2026-09-18T17:38:44.641+00:00,1693.368,routine,Adaptive thermal response carryover,duty,0,270.5,185.52,inkbird_lowest_internal,,1,68,185.52,188.04,191.76,202.66,302.0,185.32,188.04,191.86,202.86,302.0,1,,0.0,0.0,0,NONE
2026-09-18T17:38:45.142+00:00,1693.869,routine,Adaptive thermal response carryover,duty,0,270.5,185.52,inkbird_lowest_internal,,1,68,185.52,188.04,191.76,202.66,302.0,185.32,188.04,191.86,202.86,302.0,1,,0.0,0.0,0,NONE
2026-09-18T17:38:46.141+00:00,1694.868,routine,Adaptive thermal response carryover,duty,0,271.0,185.52,inkbird_lowest_internal,,1,68,185.52,188.04,191.76,202.62,302.0,185.32,188.04,191.86,202.82,302.0,1,,0.0,0.0,0,NONE
2026-09-18T17:38:47.141+00:00,1695.867,routine,Adaptive thermal response carryover,duty,0,270.5,185.52,inkbird_lowest_internal,,1,68,185.52,188.04,191.76,202.62,302.0,185.32,188.04,191.86,202.82,302.0,1,,0.0,0.0,0,NONE
2026-09-18T17:38:48.141+00:00,1696.868,routine,Adaptive thermal response carryover,duty,0,271.4,185.52,inkbird_lowest_internal,,1,68,185.52,188.04,191.76,202.62,302.0,185.32,188.04,191.86,202.82,302.0,1,,0.0,0.0,0,NONE
2026-09-18T17:38:49.141+00:00,1697.867,routine,Adaptive thermal response carryover,duty,0,270.0,185.52,inkbird_lowest_internal,,1,68,185.52,188.04,191.76,202.62,302.0,185.32,188.04,191.86,202.82,302.0,1,,0.0,0.0,0,NONE
2026-09-18T17:38:50.140+00:00,1698.867,routine,Adaptive thermal response carryover,duty,0,270.5,185.52,inkbird_lowest_internal,,1,68,185.52,188.04,191.76,202.52,302.0,185.32,188.04,191.86,202.72,302.0,1,,0.0,0.0,0,NONE
2026-09-18T17:38:50.641+00:00,1699.367,routine,Adaptive thermal response carryover,duty,0,270.0,185.52,inkbird_lowest_internal,,1,68,185.52,188.04,191.76,202.52,302.0,185.32,188.04,191.86,202.72,302.0,1,,0.0,0.0,0,NONE
2026-09-18T17:38:51.640+00:00,1700.367,routine,Adaptive thermal response carryover,duty,0,270.0,185.52,inkbird_lowest_internal,,1,68,185.52,188.04,191.76,202.52,302.0,185.32,188.04,191.86,202.72,302.0,1,,0.0,0.0,0,NONE
2026-09-18T17:38:52.640+00:00,1701.367,routine,Adaptive thermal response carryover,duty,0,270.0,185.52,inkbird_lowest_internal,,1,68,185.52,188.04,191.76,202.52,302.0,185.32,188.04,191.86,202.72,302.0,1,,0.0,0.0,0,NONE
2026-09-18T17:38:53.640+00:00,1702.367,routine,Adaptive thermal response carryover,duty,0,269.6,185.52,inkbird_lowest_internal,,1,68,185.52,188.04,191.75,202.42,300.2,185.32,188.04,191.85,202.62,300.2,1,,0.0,0.0,0,NONE
2026-09-18T17:38:54.640+00:00,1703.367,routine,Adaptive thermal response carryover,duty,0,270.0,185.52,inkbird_lowest_internal,,1,68,185.52,188.04,191.75,202.42,300.2,185.32,188.04,191.85,202.62,300.2,1,,0.0,0.0,0,NONE
2026-09-18T17:38:55.641+00:00,1704.368,routine,Adaptive thermal response carryover,duty,0,270.0,185.52,inkbird_lowest_internal,,1,68,185.52,188.04,191.76,202.42,300.2,185.32,188.04,191.86,202.62,300.2,1,,0.0,0.0,0,NONE
2026-09-18T17:38:56.641+00:00,1705.367,routine,Adaptive thermal response carryover,duty,0,269.1,185.52,inkbird_lowest_internal,,1,68,185.52,188.04,191.76,202.42,300.2,185.32,188.04,191.86,202.62,300.2,1,,0.0,0.0,0,NONE
2026-09-18T17:38:57.640+00:00,1706.367,routine,Adaptive thermal response carryover,duty,0,269.1,185.51,inkbird_lowest_internal,,1,68,185.51,188.04,191.76,202.42,300.2,185.31,188.04,191.86,202.62,300.2,1,,0.0,0.0,0,NONE
2026-09-18T17:38:58.640+00:00,1707.367,routine,Adaptive thermal response carryover,duty,0,269.6,185.51,inkbird_lowest_internal,,1,68,185.51,188.04,191.76,202.42,300.2,185.31,188.04,191.86,202.62,300.2,1,,0.0,0.0,0,NONE
2026-09-18T17:38:59.640+00:00,1708.367,routine,Adaptive thermal response carryover,duty,0,268.3,185.52,inkbird_lowest_internal,,1,68,185.52,188.04,191.74,202.29,298.4,185.32,188.04,191.84,202.49,298.4,1,,0.0,0.0,0,NONE
2026-09-18T17:39:00.640+00:00,1709.367,routine,Adaptive thermal response carryover,duty,0,269.1,185.52,inkbird_lowest_internal,,1,68,185.52,188.04,191.74,202.29,298.4,185.32,188.04,191.84,202.49,298.4,1,,0.0,0.0,0,NONE
2026-09-18T17:39:01.640+00:00,1710.367,routine,Adaptive thermal response carryover,duty,0,267.8,185.52,inkbird_lowest_internal,,1,68,185.52,188.04,191.74,202.29,298.4,185.32,188.04,191.84,202.49,298.4,1,,0.0,0.0,0,NONE
2026-09-18T17:39:02.640+00:00,1711.367,routine,Adaptive thermal response carryover,duty,0,268.7,185.52,inkbird_lowest_internal,,1,68,185.52,188.04,191.74,202.29,298.4,185.32,188.04,191.84,202.49,298.4,1,,0.0,0.0,0,NONE
2026-09-18T17:39:03.640+00:00,1712.367,routine,Adaptive thermal response carryover,duty,0,267.8,185.52,inkbird_lowest_internal,,1,68,185.52,188.13,191.73,202.19,298.4,185.32,188.13,191.83,202.39,298.4,1,,0.0,0.0,0,NONE
2026-09-18T17:39:04.640+00:00,1713.367,routine,Adaptive thermal response carryover,duty,0,268.3,185.52,inkbird_lowest_internal,,1,68,185.52,188.13,191.73,202.19,298.4,185.32,188.13,191.83,202.39,298.4,1,,0.0,0.0,0,NONE
2026-09-18T17:39:05.140+00:00,1713.867,routine,Adaptive thermal response carryover,duty,0,268.3,185.52,inkbird_lowest_internal,,1,68,185.52,188.13,191.73,202.19,298.4,185.32,188.13,191.83,202.39,298.4,1,,0.0,0.0,0,NONE
2026-09-18T17:39:06.141+00:00,1714.868,routine,Adaptive thermal response carryover,duty,0,267.8,185.52,inkbird_lowest_internal,,1,68,185.52,188.13,191.73,202.19,298.4,185.32,188.13,191.83,202.39,298.4,1,,0.0,0.0,0,NONE
2026-09-18T17:39:07.140+00:00,1715.867,routine,Adaptive thermal response carryover,duty,0,266.9,185.52,inkbird_lowest_internal,,1,68,185.52,188.13,191.73,202.19,298.4,185.32,188.13,191.83,202.39,298.4,1,,0.0,0.0,0,NONE
2026-09-18T17:39:08.140+00:00,1716.867,routine,Adaptive thermal response carryover,duty,0,267.4,185.52,inkbird_lowest_internal,,1,68,185.52,188.13,191.73,202.19,298.4,185.32,188.13,191.83,202.39,298.4,1,,0.0,0.0,0,NONE
2026-09-18T17:39:09.140+00:00,1717.867,routine,Adaptive thermal response carryover,duty,0,267.4,185.52,inkbird_lowest_internal,,1,68,185.52,188.13,191.73,202.19,298.4,185.32,188.13,191.83,202.39,298.4,1,,0.0,0.0,0,NONE
2026-09-18T17:39:10.140+00:00,1718.867,routine,Adaptive thermal response carryover,duty,0,267.8,185.51,inkbird_lowest_internal,,1,68,185.51,188.13,191.72,202.05,296.6,185.31,188.13,191.82,202.25,296.6,1,,0.0,0.0,0,NONE
2026-09-18T17:39:11.140+00:00,1719.867,routine,Adaptive thermal response carryover,duty,0,267.4,185.51,inkbird_lowest_internal,,1,68,185.51,188.13,191.72,202.05,296.6,185.31,188.13,191.82,202.25,296.6,1,,0.0,0.0,0,NONE
2026-09-18T17:39:12.140+00:00,1720.867,routine,Adaptive thermal response carryover,duty,0,266.5,185.51,inkbird_lowest_internal,,1,68,185.51,188.13,191.72,202.05,296.6,185.31,188.13,191.82,202.25,296.6,1,,0.0,0.0,0,NONE
2026-09-18T17:39:13.140+00:00,1721.867,routine,Adaptive thermal response carryover,duty,0,266.9,185.51,inkbird_lowest_internal,,1,68,185.51,188.13,191.72,202.05,296.6,185.31,188.13,191.82,202.25,296.6,1,,0.0,0.0,0,NONE
2026-09-18T17:39:14.140+00:00,1722.867,routine,Adaptive thermal response carryover,duty,0,266.9,185.51,inkbird_lowest_internal,,1,68,185.51,188.13,191.71,201.92,296.6,185.31,188.13,191.81,202.12,296.6,1,,0.0,0.0,0,NONE
2026-09-18T17:39:14.640+00:00,1723.367,routine,Adaptive thermal response carryover,duty,0,266.9,185.51,inkbird_lowest_internal,,1,68,185.51,188.13,191.71,201.92,296.6,185.31,188.13,191.81,202.12,296.6,1,,0.0,0.0,0,NONE
2026-09-18T17:39:15.640+00:00,1724.367,routine,Adaptive thermal response carryover,duty,0,266.0,185.5,inkbird_lowest_internal,,1,68,185.5,188.13,191.7,201.92,296.6,185.3,188.13,191.8,202.12,296.6,1,,0.0,0.0,0,NONE
2026-09-18T17:39:16.140+00:00,1724.867,routine,Adaptive thermal response carryover,duty,0,266.0,185.5,inkbird_lowest_internal,,1,68,185.5,188.13,191.7,201.92,296.6,185.3,188.13,191.8,202.12,296.6,1,,0.0,0.0,0,NONE
2026-09-18T17:39:17.140+00:00,1725.867,routine,Adaptive thermal response carryover,duty,0,266.5,185.5,inkbird_lowest_internal,,1,68,185.5,188.13,191.7,201.92,296.6,185.3,188.13,191.8,202.12,296.6,1,,0.0,0.0,0,NONE
2026-09-18T17:39:18.140+00:00,1726.867,routine,Adaptive thermal response carryover,duty,0,266.5,185.49,inkbird_lowest_internal,,1,68,185.49,188.13,191.7,201.92,296.6,185.29,188.13,191.8,202.12,296.6,1,,0.0,0.0,0,NONE
2026-09-18T17:39:19.140+00:00,1727.867,routine,Adaptive thermal response carryover,duty,0,266.5,185.49,inkbird_lowest_internal,,1,68,185.49,188.13,191.7,201.92,296.6,185.29,188.13,191.8,202.12,296.6,1,,0.0,0.0,0,NONE
2026-09-18T17:39:20.140+00:00,1728.867,routine,Adaptive thermal response carryover,duty,0,265.1,185.49,inkbird_lowest_internal,,1,68,185.49,188.13,191.66,201.8,294.8,185.29,188.13,191.76,202.0,294.8,1,,0.0,0.0,0,NONE
2026-09-18T17:39:20.640+00:00,1729.367,routine,Adaptive thermal response carryover,duty,0,266.0,185.49,inkbird_lowest_internal,,1,68,185.49,188.13,191.66,201.8,294.8,185.29,188.13,191.76,202.0,294.8,1,,0.0,0.0,0,NONE
2026-09-18T17:39:21.641+00:00,1730.367,routine,Adaptive thermal response carryover,duty,0,266.0,185.49,inkbird_lowest_internal,,1,68,185.49,188.13,191.66,201.8,294.8,185.29,188.13,191.76,202.0,294.8,1,,0.0,0.0,0,NONE
2026-09-18T17:39:22.640+00:00,1731.367,routine,Adaptive thermal response carryover,duty,0,266.0,185.49,inkbird_lowest_internal,,1,68,185.49,188.13,191.66,201.8,294.8,185.29,188.13,191.76,202.0,294.8,1,,0.0,0.0,0,NONE
2026-09-18T17:39:23.640+00:00,1732.367,routine,Adaptive thermal response carryover,duty,0,265.1,185.48,inkbird_lowest_internal,,1,68,185.48,188.18,191.65,201.67,294.8,185.28,188.18,191.75,201.87,294.8,1,,0.0,0.0,0,NONE
2026-09-18T17:39:24.640+00:00,1733.367,routine,Adaptive thermal response carryover,duty,0,264.6,185.48,inkbird_lowest_internal,,1,68,185.48,188.18,191.65,201.67,294.8,185.28,188.18,191.75,201.87,294.8,1,,0.0,0.0,0,NONE
2026-09-18T17:39:25.640+00:00,1734.367,routine,Adaptive thermal response carryover,duty,0,265.1,185.48,inkbird_lowest_internal,,1,68,185.48,188.18,191.65,201.67,294.8,185.28,188.18,191.75,201.87,294.8,1,,0.0,0.0,0,NONE
2026-09-18T17:39:26.640+00:00,1735.366,routine,Adaptive thermal response carryover,duty,0,265.1,185.48,inkbird_lowest_internal,,1,68,185.48,188.18,191.65,201.67,294.8,185.28,188.18,191.75,201.87,294.8,1,,0.0,0.0,0,NONE
2026-09-18T17:39:27.640+00:00,1736.366,routine,Adaptive thermal response carryover,duty,0,265.1,185.47,inkbird_lowest_internal,,1,68,185.47,188.18,191.64,201.56,294.8,185.27,188.18,191.74,201.76,294.8,1,,0.0,0.0,0,NONE
2026-09-18T17:39:28.140+00:00,1736.867,routine,Adaptive thermal response carryover,duty,0,265.1,185.47,inkbird_lowest_internal,,1,68,185.47,188.18,191.64,201.56,294.8,185.27,188.18,191.74,201.76,294.8,1,,0.0,0.0,0,NONE
2026-09-18T17:39:29.140+00:00,1737.866,routine,Adaptive thermal response carryover,duty,0,264.2,185.47,inkbird_lowest_internal,,1,68,185.47,188.18,191.64,201.56,294.8,185.27,188.18,191.74,201.76,294.8,1,,0.0,0.0,0,NONE
2026-09-18T17:39:29.640+00:00,1738.367,routine,Adaptive thermal response carryover,duty,0,264.6,185.47,inkbird_lowest_internal,,1,68,185.47,188.18,191.64,201.56,294.8,185.27,188.18,191.74,201.76,294.8,1,,0.0,0.0,0,NONE
2026-09-18T17:39:30.640+00:00,1739.366,routine,Adaptive thermal response carryover,duty,0,264.2,185.47,inkbird_lowest_internal,,1,68,185.47,188.18,191.64,201.56,294.8,185.27,188.18,191.74,201.76,294.8,1,,0.0,0.0,0,NONE
2026-09-18T17:39:31.640+00:00,1740.367,routine,Adaptive thermal response carryover,duty,0,264.2,185.47,inkbird_lowest_internal,,1,68,185.47,188.18,191.62,201.45,293.0,185.27,188.18,191.72,201.65,293.0,1,,0.0,0.0,0,NONE
2026-09-18T17:39:32.141+00:00,1740.868,routine,Adaptive thermal response carryover,duty,0,264.2,185.47,inkbird_lowest_internal,,1,68,185.47,188.18,191.62,201.45,293.0,185.27,188.18,191.72,201.65,293.0,1,,0.0,0.0,0,NONE
2026-09-18T17:39:33.140+00:00,1741.866,routine,Adaptive thermal response carryover,duty,0,264.6,185.47,inkbird_lowest_internal,,1,68,185.47,188.18,191.62,201.45,293.0,185.27,188.18,191.72,201.65,293.0,1,,0.0,0.0,0,NONE
2026-09-18T17:39:34.140+00:00,1742.866,routine,Adaptive thermal response carryover,duty,0,264.2,185.47,inkbird_lowest_internal,,1,68,185.47,188.18,191.62,201.45,293.0,185.27,188.18,191.72,201.65,293.0,1,,0.0,0.0,0,NONE
2026-09-18T17:39:35.139+00:00,1743.866,routine,Adaptive thermal response carryover,duty,0,263.3,185.47,inkbird_lowest_internal,,1,68,185.47,188.18,191.62,201.45,293.0,185.27,188.18,191.72,201.65,293.0,1,,0.0,0.0,0,NONE
2026-09-18T17:39:36.140+00:00,1744.866,routine,Adaptive thermal response carryover,duty,0,263.8,185.47,inkbird_lowest_internal,,1,68,185.47,188.18,191.61,201.34,293.0,185.27,188.18,191.71,201.54,293.0,1,,0.0,0.0,0,NONE
2026-09-18T17:39:37.139+00:00,1745.866,routine,Adaptive thermal response carryover,duty,0,263.8,185.47,inkbird_lowest_internal,,1,68,185.47,188.18,191.61,201.34,293.0,185.27,188.18,191.71,201.54,293.0,1,,0.0,0.0,0,NONE
2026-09-18T17:39:37.639+00:00,1746.366,routine,Adaptive thermal response carryover,duty,0,263.8,185.46,inkbird_lowest_internal,,1,68,185.46,188.18,191.61,201.34,293.0,185.26,188.18,191.71,201.54,293.0,1,,0.0,0.0,0,NONE
2026-09-18T17:39:38.639+00:00,1747.366,routine,Adaptive thermal response carryover,duty,0,263.8,185.46,inkbird_lowest_internal,,1,68,185.46,188.18,191.61,201.34,293.0,185.26,188.18,191.71,201.54,293.0,1,,0.0,0.0,0,NONE
2026-09-18T17:39:39.139+00:00,1747.866,routine,Adaptive thermal response carryover,duty,0,263.3,185.46,inkbird_lowest_internal,,1,68,185.46,188.18,191.61,201.34,293.0,185.26,188.18,191.71,201.54,293.0,1,,0.0,0.0,0,NONE
2026-09-18T17:39:40.139+00:00,1748.866,routine,Adaptive thermal response carryover,duty,0,263.8,185.44,inkbird_lowest_internal,,1,68,185.44,188.18,191.56,201.24,291.2,185.24,188.18,191.66,201.44,291.2,1,,0.0,0.0,0,NONE
2026-09-18T17:39:41.139+00:00,1749.866,routine,Adaptive thermal response carryover,duty,0,263.3,185.44,inkbird_lowest_internal,,1,68,185.44,188.18,191.56,201.24,291.2,185.24,188.18,191.66,201.44,291.2,1,,0.0,0.0,0,NONE
2026-09-18T17:39:42.139+00:00,1750.866,routine,Adaptive thermal response carryover,duty,0,263.3,185.44,inkbird_lowest_internal,,1,68,185.44,188.18,191.56,201.24,291.2,185.24,188.18,191.66,201.44,291.2,1,,0.0,0.0,0,NONE
2026-09-18T17:39:42.640+00:00,1751.367,routine,Adaptive thermal response carryover,duty,0,263.3,185.44,inkbird_lowest_internal,,1,68,185.44,188.18,191.56,201.24,291.2,185.24,188.18,191.66,201.44,291.2,1,,0.0,0.0,0,NONE
2026-09-18T17:39:43.639+00:00,1752.366,routine,Adaptive thermal response carryover,duty,0,262.4,185.43,inkbird_lowest_internal,,1,68,185.43,188.19,191.54,201.12,291.2,185.23,188.19,191.64,201.32,291.2,1,,0.0,0.0,0,NONE
2026-09-18T17:39:44.639+00:00,1753.366,routine,Adaptive thermal response carryover,duty,0,262.9,185.43,inkbird_lowest_internal,,1,68,185.43,188.19,191.54,201.12,291.2,185.23,188.19,191.64,201.32,291.2,1,,0.0,0.0,0,NONE
2026-09-18T17:39:45.639+00:00,1754.366,routine,Adaptive thermal response carryover,duty,0,262.4,185.43,inkbird_lowest_internal,,1,68,185.43,188.19,191.54,201.12,291.2,185.23,188.19,191.64,201.32,291.2,1,,0.0,0.0,0,NONE
2026-09-18T17:39:46.139+00:00,1754.866,routine,Adaptive thermal response carryover,duty,0,262.0,185.43,inkbird_lowest_internal,,1,68,185.43,188.19,191.54,201.12,291.2,185.23,188.19,191.64,201.32,291.2,1,,0.0,0.0,0,NONE
2026-09-18T17:39:46.639+00:00,1755.366,routine,Adaptive thermal response carryover,duty,0,262.9,185.43,inkbird_lowest_internal,,1,68,185.43,188.19,191.54,201.12,291.2,185.23,188.19,191.64,201.32,291.2,1,,0.0,0.0,0,NONE
2026-09-18T17:39:47.639+00:00,1756.366,routine,Adaptive thermal response carryover,duty,0,262.9,185.41,inkbird_lowest_internal,,1,68,185.41,188.19,191.53,201.01,291.2,185.21,188.19,191.63,201.21,291.2,1,,0.0,0.0,0,NONE
2026-09-18T17:39:48.639+00:00,1757.366,routine,Adaptive thermal response carryover,duty,0,262.4,185.41,inkbird_lowest_internal,,1,68,185.41,188.19,191.53,201.01,291.2,185.21,188.19,191.63,201.21,291.2,1,,0.0,0.0,0,NONE
2026-09-18T17:39:49.639+00:00,1758.366,routine,Adaptive thermal response carryover,duty,0,261.5,185.41,inkbird_lowest_internal,,1,68,185.41,188.19,191.53,201.01,289.4,185.21,188.19,191.63,201.21,289.4,1,,0.0,0.0,0,NONE
2026-09-18T17:39:50.639+00:00,1759.366,routine,Adaptive thermal response carryover,duty,0,262.0,185.41,inkbird_lowest_internal,,1,68,185.41,188.19,191.53,201.01,289.4,185.21,188.19,191.63,201.21,289.4,1,,0.0,0.0,0,NONE
2026-09-18T17:39:51.639+00:00,1760.366,routine,Adaptive thermal response carryover,duty,0,262.0,185.4,inkbird_lowest_internal,,1,68,185.4,188.19,191.51,200.89,289.4,185.2,188.19,191.61,201.09,289.4,1,,0.0,0.0,0,NONE
2026-09-18T17:39:52.139+00:00,1760.866,routine,Adaptive thermal response carryover,duty,0,262.0,185.4,inkbird_lowest_internal,,1,68,185.4,188.19,191.51,200.89,289.4,185.2,188.19,191.61,201.09,289.4,1,,0.0,0.0,0,NONE
2026-09-18T17:39:53.140+00:00,1761.867,routine,Adaptive thermal response carryover,duty,0,262.0,185.4,inkbird_lowest_internal,,1,68,185.4,188.19,191.51,200.89,289.4,185.2,188.19,191.61,201.09,289.4,1,,0.0,0.0,0,NONE
2026-09-18T17:39:54.139+00:00,1762.866,routine,Adaptive thermal response carryover,duty,0,262.0,185.41,inkbird_lowest_internal,,1,68,185.41,188.19,191.5,200.89,289.4,185.21,188.19,191.6,201.09,289.4,1,,0.0,0.0,0,NONE
2026-09-18T17:39:55.139+00:00,1763.866,routine,Adaptive thermal response carryover,duty,0,261.5,185.41,inkbird_lowest_internal,,1,68,185.41,188.19,191.5,200.89,289.4,185.21,188.19,191.6,201.09,289.4,1,,0.0,0.0,0,NONE
2026-09-18T17:39:56.139+00:00,1764.866,routine,Adaptive thermal response carryover,duty,0,261.0,185.39,inkbird_lowest_internal,,1,68,185.39,188.19,191.45,200.78,289.4,185.19,188.19,191.55,200.98,289.4,1,,0.0,0.0,0,NONE
2026-09-18T17:39:56.640+00:00,1765.366,routine,Adaptive thermal response carryover,duty,0,261.0,185.39,inkbird_lowest_internal,,1,68,185.39,188.19,191.45,200.78,289.4,185.19,188.19,191.55,200.98,289.4,1,,0.0,0.0,0,NONE
2026-09-18T17:39:57.639+00:00,1766.366,routine,Adaptive thermal response carryover,duty,0,261.0,185.39,inkbird_lowest_internal,,1,68,185.39,188.19,191.45,200.78,289.4,185.19,188.19,191.55,200.98,289.4,1,,0.0,0.0,0,NONE
2026-09-18T17:39:58.139+00:00,1766.866,routine,Adaptive thermal response carryover,duty,0,261.0,185.39,inkbird_lowest_internal,,1,68,185.39,188.19,191.45,200.78,289.4,185.19,188.19,191.55,200.98,289.4,1,,0.0,0.0,0,NONE
2026-09-18T17:39:59.139+00:00,1767.866,routine,Adaptive thermal response carryover,duty,0,261.5,185.39,inkbird_lowest_internal,,1,68,185.39,188.19,191.45,200.78,289.4,185.19,188.19,191.55,200.98,289.4,1,,0.0,0.0,0,NONE
2026-09-18T17:40:00.139+00:00,1768.866,routine,Adaptive thermal response carryover,duty,0,260.6,185.35,inkbird_lowest_internal,,1,68,185.35,188.19,191.41,200.67,287.6,185.15,188.19,191.51,200.87,287.6,1,,0.0,0.0,0,NONE
2026-09-18T17:40:01.139+00:00,1769.866,routine,Adaptive thermal response carryover,duty,0,261.0,185.35,inkbird_lowest_internal,,1,68,185.35,188.19,191.41,200.67,287.6,185.15,188.19,191.51,200.87,287.6,1,,0.0,0.0,0,NONE
2026-09-18T17:40:02.139+00:00,1770.866,routine,Adaptive thermal response carryover,duty,0,260.6,185.35,inkbird_lowest_internal,,1,68,185.35,188.19,191.41,200.67,287.6,185.15,188.19,191.51,200.87,287.6,1,,0.0,0.0,0,NONE
2026-09-18T17:40:03.139+00:00,1771.866,routine,Adaptive thermal response carryover,duty,0,260.6,185.35,inkbird_lowest_internal,,1,68,185.35,188.19,191.41,200.67,287.6,185.15,188.19,191.51,200.87,287.6,1,,0.0,0.0,0,NONE
2026-09-18T17:40:04.139+00:00,1772.866,routine,Adaptive thermal response carryover,duty,0,259.7,185.34,inkbird_lowest_internal,,1,68,185.34,188.18,191.41,200.56,287.6,185.14,188.18,191.51,200.76,287.6,1,,0.0,0.0,0,NONE
2026-09-18T17:40:05.139+00:00,1773.865,routine,Adaptive thermal response carryover,duty,0,259.3,185.34,inkbird_lowest_internal,,1,68,185.34,188.18,191.41,200.56,287.6,185.14,188.18,191.51,200.76,287.6,1,,0.0,0.0,0,NONE
2026-09-18T17:40:06.139+00:00,1774.865,routine,Adaptive thermal response carryover,duty,0,259.7,185.33,inkbird_lowest_internal,,1,68,185.33,188.18,191.39,200.56,287.6,185.13,188.18,191.49,200.76,287.6,1,,0.0,0.0,0,NONE
2026-09-18T17:40:07.139+00:00,1775.865,routine,Adaptive thermal response carryover,duty,0,260.1,185.33,inkbird_lowest_internal,,1,68,185.33,188.18,191.39,200.56,287.6,185.13,188.18,191.49,200.76,287.6,1,,0.0,0.0,0,NONE
2026-09-18T17:40:07.639+00:00,1776.365,routine,Adaptive thermal response carryover,duty,0,259.3,185.32,inkbird_lowest_internal,,1,68,185.32,188.18,191.33,200.44,287.6,185.12,188.18,191.43,200.64,287.6,1,,0.0,0.0,0,NONE
2026-09-18T17:40:08.639+00:00,1777.366,routine,Adaptive thermal response carryover,duty,0,259.3,185.32,inkbird_lowest_internal,,1,68,185.32,188.18,191.33,200.44,287.6,185.12,188.18,191.43,200.64,287.6,1,,0.0,0.0,0,NONE
2026-09-18T17:40:09.638+00:00,1778.365,routine,Adaptive thermal response carryover,duty,0,259.7,185.32,inkbird_lowest_internal,,1,68,185.32,188.18,191.33,200.44,287.6,185.12,188.18,191.43,200.64,287.6,1,,0.0,0.0,0,NONE
2026-09-18T17:40:10.638+00:00,1779.365,routine,Adaptive thermal response carryover,duty,0,259.7,185.32,inkbird_lowest_internal,,1,68,185.32,188.18,191.33,200.44,287.6,185.12,188.18,191.43,200.64,287.6,1,,0.0,0.0,0,NONE
2026-09-18T17:40:11.638+00:00,1780.365,routine,Adaptive thermal response carryover,duty,0,259.3,185.32,inkbird_lowest_internal,,1,68,185.32,188.18,191.31,200.33,285.8,185.12,188.18,191.41,200.53,285.8,1,,0.0,0.0,0,NONE
2026-09-18T17:40:12.639+00:00,1781.365,routine,Adaptive thermal response carryover,duty,0,259.3,185.32,inkbird_lowest_internal,,1,68,185.32,188.18,191.31,200.33,285.8,185.12,188.18,191.41,200.53,285.8,1,,0.0,0.0,0,NONE
2026-09-18T17:40:13.638+00:00,1782.365,routine,Adaptive thermal response carryover,duty,0,259.3,185.32,inkbird_lowest_internal,,1,68,185.32,188.18,191.31,200.33,285.8,185.12,188.18,191.41,200.53,285.8,1,,0.0,0.0,0,NONE
2026-09-18T17:40:14.638+00:00,1783.365,routine,Adaptive thermal response carryover,duty,0,258.8,185.32,inkbird_lowest_internal,,1,68,185.32,188.18,191.31,200.33,285.8,185.12,188.18,191.41,200.53,285.8,1,,0.0,0.0,0,NONE
2026-09-18T17:40:15.638+00:00,1784.365,routine,Adaptive thermal response carryover,duty,0,258.4,185.3,inkbird_lowest_internal,,1,68,185.3,188.18,191.31,200.21,285.8,185.1,188.18,191.41,200.41,285.8,1,,0.0,0.0,0,NONE
2026-09-18T17:40:16.638+00:00,1785.365,routine,Adaptive thermal response carryover,duty,0,258.4,185.3,inkbird_lowest_internal,,1,68,185.3,188.18,191.31,200.21,285.8,185.1,188.18,191.41,200.41,285.8,1,,0.0,0.0,0,NONE
2026-09-18T17:40:17.638+00:00,1786.365,routine,Adaptive thermal response carryover,duty,0,258.8,185.3,inkbird_lowest_internal,,1,68,185.3,188.18,191.28,200.21,285.8,185.1,188.18,191.38,200.41,285.8,1,,0.0,0.0,0,NONE
2026-09-18T17:40:18.638+00:00,1787.365,routine,Adaptive thermal response carryover,duty,0,258.8,185.3,inkbird_lowest_internal,,1,68,185.3,188.18,191.28,200.21,285.8,185.1,188.18,191.38,200.41,285.8,1,,0.0,0.0,0,NONE
2026-09-18T17:40:19.139+00:00,1787.866,routine,Adaptive thermal response carryover,duty,0,258.4,185.3,inkbird_lowest_internal,,1,68,185.3,188.18,191.28,200.21,285.8,185.1,188.18,191.38,200.41,285.8,1,,0.0,0.0,0,NONE
2026-09-18T17:40:20.138+00:00,1788.865,routine,Adaptive thermal response carryover,duty,0,258.4,185.23,inkbird_lowest_internal,,1,68,185.23,188.18,191.22,200.09,285.8,185.03,188.18,191.32,200.29,285.8,1,,0.0,0.0,0,NONE
2026-09-18T17:40:21.138+00:00,1789.865,routine,Adaptive thermal response carryover,duty,0,257.9,185.23,inkbird_lowest_internal,,1,68,185.23,188.18,191.22,200.09,285.8,185.03,188.18,191.32,200.29,285.8,1,,0.0,0.0,0,NONE
2026-09-18T17:40:22.138+00:00,1790.865,routine,Adaptive thermal response carryover,duty,0,257.9,185.23,inkbird_lowest_internal,,1,68,185.23,188.18,191.22,200.09,285.8,185.03,188.18,191.32,200.29,285.8,1,,0.0,0.0,0,NONE
2026-09-18T17:40:23.138+00:00,1791.865,routine,Adaptive thermal response carryover,duty,0,257.9,185.23,inkbird_lowest_internal,,1,68,185.23,188.18,191.22,200.09,285.8,185.03,188.18,191.32,200.29,285.8,1,,0.0,0.0,0,NONE
2026-09-18T17:40:23.638+00:00,1792.365,routine,Adaptive thermal response carryover,duty,0,258.4,185.21,inkbird_lowest_internal,,1,68,185.21,188.13,191.2,199.97,284.0,185.01,188.13,191.3,200.17,284.0,1,,0.0,0.0,0,NONE
2026-09-18T17:40:24.638+00:00,1793.365,routine,Adaptive thermal response carryover,duty,0,258.4,185.21,inkbird_lowest_internal,,1,68,185.21,188.13,191.2,199.97,284.0,185.01,188.13,191.3,200.17,284.0,1,,0.0,0.0,0,NONE
2026-09-18T17:40:25.638+00:00,1794.365,routine,Adaptive thermal response carryover,duty,0,257.9,185.21,inkbird_lowest_internal,,1,68,185.21,188.13,191.18,199.97,284.0,185.01,188.13,191.28,200.17,284.0,1,,0.0,0.0,0,NONE
2026-09-18T17:40:26.638+00:00,1795.365,routine,Adaptive thermal response carryover,duty,0,257.9,185.21,inkbird_lowest_internal,,1,68,185.21,188.13,191.18,199.97,284.0,185.01,188.13,191.28,200.17,284.0,1,,0.0,0.0,0,NONE
2026-09-18T17:40:27.638+00:00,1796.365,routine,Adaptive thermal response carryover,duty,0,257.9,185.21,inkbird_lowest_internal,,1,68,185.21,188.13,191.13,199.85,284.0,185.01,188.13,191.23,200.05,284.0,1,,0.0,0.0,0,NONE
2026-09-18T17:40:28.138+00:00,1796.865,routine,Adaptive thermal response carryover,duty,0,257.5,185.21,inkbird_lowest_internal,,1,68,185.21,188.13,191.13,199.85,284.0,185.01,188.13,191.23,200.05,284.0,1,,0.0,0.0,0,NONE
2026-09-18T17:40:29.138+00:00,1797.864,routine,Adaptive thermal response carryover,duty,0,257.5,185.21,inkbird_lowest_internal,,1,68,185.21,188.13,191.13,199.85,284.0,185.01,188.13,191.23,200.05,284.0,1,,0.0,0.0,0,NONE
2026-09-18T17:40:30.138+00:00,1798.864,routine,Adaptive thermal response carryover,duty,0,257.5,185.21,inkbird_lowest_internal,,1,68,185.21,188.13,191.13,199.85,284.0,185.01,188.13,191.23,200.05,284.0,1,,0.0,0.0,0,NONE
2026-09-18T17:40:31.138+00:00,1799.864,routine,Adaptive thermal response carryover,duty,0,257.0,185.21,inkbird_lowest_internal,,1,68,185.21,188.13,191.13,199.85,284.0,185.01,188.13,191.23,200.05,284.0,1,,0.0,0.0,0,NONE
2026-09-18T17:40:32.138+00:00,1800.864,routine,Adaptive thermal response carryover,duty,0,257.0,185.2,inkbird_lowest_internal,,1,68,185.2,188.13,191.11,199.73,284.0,185.0,188.13,191.21,199.93,284.0,1,,0.0,0.0,0,NONE
