timestamp_utc,elapsed_s,cook_type,cook_name,mode,fan_speed_rpm,chamber_temp_f,effective_probe_temp_f,probe_source,esp32_probe_temp_f,inkbird_connected,inkbird_battery_pct,inkbird_internal_1_f,inkbird_internal_2_f,inkbird_internal_3_f,inkbird_internal_4_f,inkbird_ambient_f,inkbird_internal_1_raw_f,inkbird_internal_2_raw_f,inkbird_internal_3_raw_f,inkbird_internal_4_raw_f,inkbird_ambient_raw_f,drawer_closed,set_temperature_f,top_heater_duty_pct,bottom_heater_duty_pct,paused,fault
2026-09-29T16:34:25.817+00:00,0.008,manual,Manual cook,temp,0,73.4,,esp32,,0,,,,,,,,,,,,1,450.0,0.0,0.0,0,NONE
2026-09-29T16:34:26.540+00:00,0.731,manual,Manual cook,temp,2100,72.5,,esp32,,0,,,,,,,,,,,,1,450.0,28.0,0.0,0,NONE
2026-09-29T16:34:27.540+00:00,1.731,manual,Manual cook,temp,2100,72.9,,esp32,,0,,,,,,,,,,,,1,450.0,68.0,0.0,0,NONE
2026-09-29T16:34:28.540+00:00,2.731,manual,Manual cook,temp,2100,72.5,,esp32,,0,,,,,,,,,,,,1,450.0,100.0,0.0,0,NONE
2026-09-29T16:34:29.040+00:00,3.231,manual,Manual cook,temp,2100,72.9,,esp32,,0,,,,,,,,,,,,1,450.0,100.0,0.0,0,NONE
2026-09-29T16:34:30.040+00:00,4.231,manual,Manual cook,temp,2100,74.3,,esp32,,0,,,,,,,,,,,,1,450.0,100.0,0.0,0,NONE
2026-09-29T16:34:30.541+00:00,4.732,manual,Manual cook,temp,2100,74.3,,esp32,,0,,,,,,,,,,,,1,450.0,100.0,0.0,0,NONE
2026-09-29T16:34:31.041+00:00,5.232,manual,Manual cook,temp,2100,75.7,,esp32,,0,,,,,,,,,,,,1,450.0,100.0,0.0,0,NONE
2026-09-29T16:34:32.041+00:00,6.232,manual,Manual cook,temp,2100,75.2,,esp32,,0,,,,,,,,,,,,1,450.0,100.0,0.0,0,NONE
2026-09-29T16:34:33.041+00:00,7.232,manual,Manual cook,temp,2100,76.1,,esp32,,0,,,,,,,,,,,,1,450.0,100.0,0.0,0,NONE
2026-09-29T16:34:33.541+00:00,7.732,manual,Manual cook,temp,2100,77.9,,esp32,,0,,,,,,,,,,,,1,450.0,100.0,0.0,0,NONE
2026-09-29T16:34:34.540+00:00,8.731,manual,Manual cook,temp,2100,77.9,,esp32,,0,,,,,,,,,,,,1,450.0,100.0,0.0,0,NONE
2026-09-29T16:34:35.540+00:00,9.731,manual,Manual cook,temp,2100,80.2,,esp32,,0,,,,,,,,,,,,1,450.0,100.0,0.0,0,NONE
2026-09-29T16:34:36.540+00:00,10.731,manual,Manual cook,temp,2100,81.5,,esp32,,0,,,,,,,,,,,,1,450.0,100.0,0.0,0,NONE
2026-09-29T16:34:37.040+00:00,11.231,manual,Manual cook,temp,2100,83.7,,esp32,,0,,,,,,,,,,,,1,450.0,100.0,0.0,0,NONE
2026-09-29T16:34:37.541+00:00,11.732,manual,Manual cook,temp,2100,83.7,,esp32,,0,,,,,,,,,,,,1,450.0,100.0,0.0,0,NONE
2026-09-29T16:34:38.540+00:00,12.732,manual,Manual cook,temp,2100,86.9,,esp32,,0,,,,,,,,,,,,1,450.0,100.0,0.0,0,NONE
2026-09-29T16:34:39.041+00:00,13.232,manual,Manual cook,temp,2100,87.3,,esp32,,0,,,,,,,,,,,,1,450.0,100.0,0.0,0,NONE
2026-09-29T16:34:39.541+00:00,13.732,manual,Manual cook,temp,2100,87.3,,esp32,,0,,,,,,,,,,,,1,450.0,100.0,0.0,0,NONE
2026-09-29T16:34:40.541+00:00,14.732,manual,Manual cook,temp,2100,90.5,,esp32,,0,,,,,,,,,,,,1,450.0,100.0,0.0,0,NONE
2026-09-29T16:34:41.540+00:00,15.731,manual,Manual cook,temp,2100,90.9,,esp32,,0,,,,,,,,,,,,1,450.0,100.0,0.0,0,NONE
2026-09-29T16:34:42.540+00:00,16.731,manual,Manual cook,temp,2100,95.9,,esp32,,0,,,,,,,,,,,,1,450.0,100.0,0.0,0,NONE
2026-09-29T16:34:43.540+00:00,17.731,manual,Manual cook,temp,2100,96.8,,esp32,,0,,,,,,,,,,,,1,450.0,100.0,0.0,0,NONE
2026-09-29T16:34:44.540+00:00,18.731,manual,Manual cook,temp,2100,99.1,,esp32,,0,,,,,,,,,,,,1,450.0,100.0,0.0,0,NONE
2026-09-29T16:34:45.040+00:00,19.231,manual,Manual cook,temp,2100,101.3,,esp32,,0,,,,,,,,,,,,1,450.0,100.0,0.0,0,NONE
2026-09-29T16:34:46.041+00:00,20.232,manual,Manual cook,temp,2100,102.7,,esp32,,0,,,,,,,,,,,,1,450.0,100.0,0.0,0,NONE
2026-09-29T16:34:46.541+00:00,20.732,manual,Manual cook,temp,2100,105.8,,esp32,,0,,,,,,,,,,,,1,450.0,100.0,0.0,0,NONE
2026-09-29T16:34:47.540+00:00,21.731,manual,Manual cook,temp,2100,106.7,,esp32,,0,,,,,,,,,,,,1,450.0,100.0,0.0,0,NONE
2026-09-29T16:34:48.040+00:00,22.231,manual,Manual cook,temp,2100,108.9,,esp32,,0,,,,,,,,,,,,1,450.0,100.0,0.0,0,NONE
2026-09-29T16:34:48.540+00:00,22.731,manual,Manual cook,temp,2100,111.2,,esp32,,0,,,,,,,,,,,,1,450.0,100.0,0.0,0,NONE
2026-09-29T16:34:49.040+00:00,23.231,manual,Manual cook,temp,2100,111.2,,esp32,,0,,,,,,,,,,,,1,450.0,100.0,0.0,0,NONE
2026-09-29T16:34:50.040+00:00,24.231,manual,Manual cook,temp,2100,113.0,,esp32,,0,,,,,,,,,,,,1,450.0,100.0,0.0,0,NONE
2026-09-29T16:34:51.040+00:00,25.231,manual,Manual cook,temp,2100,117.1,,esp32,,0,,,,,,,,,,,,1,450.0,100.0,0.0,0,NONE
2026-09-29T16:34:52.040+00:00,26.232,manual,Manual cook,temp,2100,118.8,,esp32,,0,,,,,,,,,,,,1,450.0,100.0,0.0,0,NONE
2026-09-29T16:34:52.541+00:00,26.732,manual,Manual cook,temp,2100,119.7,,esp32,,0,,,,,,,,,,,,1,450.0,100.0,0.0,0,NONE
2026-09-29T16:34:53.540+00:00,27.731,manual,Manual cook,temp,2100,122.0,,esp32,,0,,,,,,,,,,,,1,450.0,100.0,0.0,0,NONE
2026-09-29T16:34:54.040+00:00,28.231,manual,Manual cook,temp,2100,123.8,,esp32,,0,,,,,,,,,,,,1,450.0,100.0,0.0,0,NONE
2026-09-29T16:34:55.040+00:00,29.231,manual,Manual cook,temp,2100,126.9,,esp32,,0,,,,,,,,,,,,1,450.0,100.0,0.0,0,NONE
2026-09-29T16:34:55.540+00:00,29.731,manual,Manual cook,temp,2100,127.8,,esp32,,0,,,,,,,,,,,,1,450.0,100.0,0.0,0,NONE
2026-09-29T16:34:56.040+00:00,30.231,manual,Manual cook,temp,2100,130.6,,esp32,,0,,,,,,,,,,,,1,450.0,100.0,0.0,0,NONE
2026-09-29T16:34:57.040+00:00,31.231,manual,Manual cook,temp,2100,132.8,,esp32,,0,,,,,,,,,,,,1,450.0,100.0,0.0,0,NONE
2026-09-29T16:34:57.540+00:00,31.731,manual,Manual cook,temp,2100,135.5,,esp32,,0,,,,,,,,,,,,1,450.0,100.0,0.0,0,NONE
2026-09-29T16:34:58.040+00:00,32.232,manual,Manual cook,temp,2100,135.5,,esp32,,0,,,,,,,,,,,,1,450.0,100.0,0.0,0,NONE
2026-09-29T16:34:59.040+00:00,33.232,manual,Manual cook,temp,2100,139.6,,esp32,,0,,,,,,,,,,,,1,450.0,100.0,0.0,0,NONE
2026-09-29T16:34:59.540+00:00,33.732,manual,Manual cook,temp,2100,139.6,,esp32,,0,,,,,,,,,,,,1,450.0,100.0,0.0,0,NONE
2026-09-29T16:35:00.040+00:00,34.232,manual,Manual cook,temp,2100,141.4,,esp32,,0,,,,,,,,,,,,1,450.0,100.0,0.0,0,NONE
2026-09-29T16:35:00.540+00:00,34.732,manual,Manual cook,temp,2100,143.6,,esp32,,0,,,,,,,,,,,,1,450.0,100.0,0.0,0,NONE
2026-09-29T16:35:01.540+00:00,35.731,manual,Manual cook,temp,2100,146.8,,esp32,,0,,,,,,,,,,,,1,450.0,100.0,0.0,0,NONE
2026-09-29T16:35:02.040+00:00,36.231,manual,Manual cook,temp,2100,148.6,,esp32,,0,,,,,,,,,,,,1,450.0,100.0,0.0,0,NONE
2026-09-29T16:35:03.040+00:00,37.231,manual,Manual cook,temp,2100,151.3,,esp32,,0,,,,,,,,,,,,1,450.0,100.0,0.0,0,NONE
2026-09-29T16:35:04.039+00:00,38.231,manual,Manual cook,temp,2100,151.7,,esp32,,0,,,,,,,,,,,,1,450.0,100.0,0.0,0,NONE
2026-09-29T16:35:05.039+00:00,39.231,manual,Manual cook,temp,2100,155.8,,esp32,,0,,,,,,,,,,,,1,450.0,100.0,0.0,0,NONE
2026-09-29T16:35:06.040+00:00,40.231,manual,Manual cook,temp,2100,158.0,,esp32,,0,,,,,,,,,,,,1,450.0,100.0,0.0,0,NONE
2026-09-29T16:35:06.540+00:00,40.732,manual,Manual cook,temp,2100,159.8,,esp32,,0,,,,,,,,,,,,1,450.0,100.0,0.0,0,NONE
2026-09-29T16:35:07.540+00:00,41.732,manual,Manual cook,temp,2100,162.9,,esp32,,0,,,,,,,,,,,,1,450.0,100.0,0.0,0,NONE
2026-09-29T16:35:08.540+00:00,42.731,manual,Manual cook,temp,2100,165.2,,esp32,,0,,,,,,,,,,,,1,450.0,100.0,0.0,0,NONE
2026-09-29T16:35:09.539+00:00,43.731,manual,Manual cook,temp,2100,168.8,,esp32,,0,,,,,,,,,,,,1,450.0,100.0,0.0,0,NONE
2026-09-29T16:35:10.039+00:00,44.231,manual,Manual cook,temp,2100,170.1,,esp32,,0,,,,,,,,,,,,1,450.0,100.0,0.0,0,NONE
2026-09-29T16:35:11.039+00:00,45.231,manual,Manual cook,temp,2100,171.5,,esp32,,0,,,,,,,,,,,,1,450.0,100.0,0.0,0,NONE
2026-09-29T16:35:12.039+00:00,46.231,manual,Manual cook,temp,2100,176.0,,esp32,,0,,,,,,,,,,,,1,450.0,100.0,0.0,0,NONE
2026-09-29T16:35:12.539+00:00,46.731,manual,Manual cook,temp,2100,176.9,,esp32,,0,,,,,,,,,,,,1,450.0,100.0,0.0,0,NONE
2026-09-29T16:35:13.540+00:00,47.731,manual,Manual cook,temp,2100,179.1,,esp32,,0,,,,,,,,,,,,1,450.0,100.0,0.0,0,NONE
2026-09-29T16:35:14.540+00:00,48.731,manual,Manual cook,temp,2100,183.2,,esp32,,0,,,,,,,,,,,,1,450.0,100.0,0.0,0,NONE
2026-09-29T16:35:15.040+00:00,49.232,manual,Manual cook,temp,2100,185.4,,esp32,,0,,,,,,,,,,,,1,450.0,100.0,0.0,0,NONE
2026-09-29T16:35:16.040+00:00,50.231,manual,Manual cook,temp,2100,187.3,,esp32,,0,,,,,,,,,,,,1,450.0,100.0,0.0,0,NONE
2026-09-29T16:35:16.540+00:00,50.731,manual,Manual cook,temp,2100,188.6,,esp32,,0,,,,,,,,,,,,1,450.0,100.0,0.0,0,NONE
2026-09-29T16:35:17.040+00:00,51.232,manual,Manual cook,temp,2100,191.3,,esp32,,0,,,,,,,,,,,,1,450.0,100.0,0.0,0,NONE
2026-09-29T16:35:18.040+00:00,52.232,manual,Manual cook,temp,2100,192.6,,esp32,,0,,,,,,,,,,,,1,450.0,100.0,0.0,0,NONE
2026-09-29T16:35:19.039+00:00,53.230,manual,Manual cook,temp,2100,195.4,,esp32,,0,,,,,,,,,,,,1,450.0,100.0,0.0,0,NONE
2026-09-29T16:35:19.539+00:00,53.730,manual,Manual cook,temp,2100,197.6,,esp32,,0,,,,,,,,,,,,1,450.0,100.0,0.0,0,NONE
2026-09-29T16:35:20.039+00:00,54.231,manual,Manual cook,temp,2100,198.5,,esp32,,0,,,,,,,,,,,,1,450.0,100.0,0.0,0,NONE
2026-09-29T16:35:20.539+00:00,54.731,manual,Manual cook,temp,2100,201.6,,esp32,,0,,,,,,,,,,,,1,450.0,100.0,0.0,0,NONE
2026-09-29T16:35:21.539+00:00,55.730,manual,Manual cook,temp,2100,202.1,,esp32,,0,,,,,,,,,,,,1,450.0,100.0,0.0,0,NONE
2026-09-29T16:35:22.539+00:00,56.730,manual,Manual cook,temp,2100,204.4,,esp32,,0,,,,,,,,,,,,1,450.0,100.0,0.0,0,NONE
2026-09-29T16:35:23.039+00:00,57.230,manual,Manual cook,temp,2100,204.8,,esp32,,0,,,,,,,,,,,,1,450.0,100.0,0.0,0,NONE
2026-09-29T16:35:24.039+00:00,58.230,manual,Manual cook,temp,2100,210.2,,esp32,,0,,,,,,,,,,,,1,450.0,100.0,0.0,0,NONE
2026-09-29T16:35:24.539+00:00,58.730,manual,Manual cook,temp,2100,210.6,,esp32,,0,,,,,,,,,,,,1,450.0,100.0,0.0,0,NONE
2026-09-29T16:35:25.539+00:00,59.730,manual,Manual cook,temp,2100,213.8,,esp32,,0,,,,,,,,,,,,1,450.0,100.0,0.0,0,NONE
2026-09-29T16:35:26.539+00:00,60.730,manual,Manual cook,temp,2100,216.5,,esp32,,0,,,,,,,,,,,,1,450.0,100.0,0.0,0,NONE
2026-09-29T16:35:27.539+00:00,61.730,manual,Manual cook,temp,2100,219.2,,esp32,,0,,,,,,,,,,,,1,450.0,100.0,0.0,0,NONE
2026-09-29T16:35:28.039+00:00,62.230,manual,Manual cook,temp,2100,220.6,,esp32,,0,,,,,,,,,,,,1,450.0,100.0,0.0,0,NONE
2026-09-29T16:35:29.040+00:00,63.231,manual,Manual cook,temp,2100,222.8,,esp32,,0,,,,,,,,,,,,1,450.0,100.0,0.0,0,NONE
2026-09-29T16:35:29.540+00:00,63.731,manual,Manual cook,temp,2100,224.1,,esp32,,0,,,,,,,,,,,,1,450.0,100.0,0.0,0,NONE
2026-09-29T16:35:30.540+00:00,64.731,manual,Manual cook,temp,2100,226.9,,esp32,,0,,,,,,,,,,,,1,450.0,100.0,0.0,0,NONE
2026-09-29T16:35:31.540+00:00,65.731,manual,Manual cook,temp,2100,230.9,,esp32,,0,,,,,,,,,,,,1,450.0,100.0,0.0,0,NONE
2026-09-29T16:35:32.539+00:00,66.730,manual,Manual cook,temp,2100,232.7,,esp32,,0,,,,,,,,,,,,1,450.0,100.0,0.0,0,NONE
2026-09-29T16:35:33.539+00:00,67.730,manual,Manual cook,temp,2100,235.9,,esp32,,0,,,,,,,,,,,,1,450.0,100.0,0.0,0,NONE
2026-09-29T16:35:34.539+00:00,68.730,manual,Manual cook,temp,2100,236.8,,esp32,,0,,,,,,,,,,,,1,450.0,100.0,0.0,0,NONE
2026-09-29T16:35:35.039+00:00,69.230,manual,Manual cook,temp,2100,239.0,,esp32,,0,,,,,,,,,,,,1,450.0,100.0,0.0,0,NONE
2026-09-29T16:35:36.039+00:00,70.230,manual,Manual cook,temp,2100,240.8,,esp32,,0,,,,,,,,,,,,1,450.0,100.0,0.0,0,NONE
2026-09-29T16:35:37.040+00:00,71.231,manual,Manual cook,temp,2100,243.5,,esp32,,0,,,,,,,,,,,,1,450.0,100.0,0.0,0,NONE
2026-09-29T16:35:38.040+00:00,72.231,manual,Manual cook,temp,2100,246.2,,esp32,,0,,,,,,,,,,,,1,450.0,100.0,0.0,0,NONE
2026-09-29T16:35:38.540+00:00,72.731,manual,Manual cook,temp,2100,247.6,,esp32,,0,,,,,,,,,,,,1,450.0,100.0,0.0,0,NONE
2026-09-29T16:35:39.539+00:00,73.730,manual,Manual cook,temp,2100,249.4,,esp32,,0,,,,,,,,,,,,1,450.0,100.0,0.0,0,NONE
2026-09-29T16:35:40.039+00:00,74.230,manual,Manual cook,temp,2100,251.6,,esp32,,0,,,,,,,,,,,,1,450.0,100.0,0.0,0,NONE
2026-09-29T16:35:41.039+00:00,75.230,manual,Manual cook,temp,2100,253.9,,esp32,,0,,,,,,,,,,,,1,450.0,100.0,0.0,0,NONE
2026-09-29T16:35:42.039+00:00,76.230,manual,Manual cook,temp,2100,255.6,,esp32,,0,,,,,,,,,,,,1,450.0,100.0,0.0,0,NONE
2026-09-29T16:35:43.039+00:00,77.230,manual,Manual cook,temp,2100,258.4,,esp32,,0,,,,,,,,,,,,1,450.0,100.0,0.0,0,NONE
2026-09-29T16:35:43.539+00:00,77.730,manual,Manual cook,temp,2100,259.3,,esp32,,0,,,,,,,,,,,,1,450.0,100.0,0.0,0,NONE
2026-09-29T16:35:44.540+00:00,78.731,manual,Manual cook,temp,2100,262.4,,esp32,,0,,,,,,,,,,,,1,450.0,100.0,0.0,0,NONE
2026-09-29T16:35:45.539+00:00,79.730,manual,Manual cook,temp,2100,264.2,,esp32,,0,,,,,,,,,,,,1,450.0,100.0,0.0,0,NONE
2026-09-29T16:35:46.039+00:00,80.230,manual,Manual cook,temp,2100,264.6,,esp32,,0,,,,,,,,,,,,1,450.0,100.0,0.0,0,NONE
2026-09-29T16:35:46.539+00:00,80.730,manual,Manual cook,temp,2100,267.4,,esp32,,0,,,,,,,,,,,,1,450.0,100.0,0.0,0,NONE
2026-09-29T16:35:47.539+00:00,81.730,manual,Manual cook,temp,2100,270.5,,esp32,,0,,,,,,,,,,,,1,450.0,100.0,0.0,0,NONE
2026-09-29T16:35:48.539+00:00,82.730,manual,Manual cook,temp,2100,272.3,,esp32,,0,,,,,,,,,,,,1,450.0,100.0,0.0,0,NONE
2026-09-29T16:35:49.539+00:00,83.730,manual,Manual cook,temp,2100,272.8,,esp32,,0,,,,,,,,,,,,1,450.0,100.0,0.0,0,NONE
2026-09-29T16:35:50.040+00:00,84.231,manual,Manual cook,temp,2100,275.0,,esp32,,0,,,,,,,,,,,,1,450.0,100.0,0.0,0,NONE
2026-09-29T16:35:51.039+00:00,85.231,manual,Manual cook,temp,2100,276.4,,esp32,,0,,,,,,,,,,,,1,450.0,100.0,0.0,0,NONE
2026-09-29T16:35:51.539+00:00,85.731,manual,Manual cook,temp,2100,278.1,,esp32,,0,,,,,,,,,,,,1,450.0,100.0,0.0,0,NONE
2026-09-29T16:35:52.039+00:00,86.231,manual,Manual cook,temp,2100,278.6,,esp32,,0,,,,,,,,,,,,1,450.0,100.0,0.0,0,NONE
2026-09-29T16:35:52.539+00:00,86.731,manual,Manual cook,temp,2100,280.4,,esp32,,0,,,,,,,,,,,,1,450.0,100.0,0.0,0,NONE
2026-09-29T16:35:53.539+00:00,87.730,manual,Manual cook,temp,2100,281.8,,esp32,,0,,,,,,,,,,,,1,450.0,100.0,0.0,0,NONE
2026-09-29T16:35:54.539+00:00,88.730,manual,Manual cook,temp,2100,283.5,,esp32,,0,,,,,,,,,,,,1,450.0,100.0,0.0,0,NONE
2026-09-29T16:35:55.539+00:00,89.730,manual,Manual cook,temp,2100,287.6,,esp32,,0,,,,,,,,,,,,1,450.0,100.0,0.0,0,NONE
2026-09-29T16:35:56.539+00:00,90.730,manual,Manual cook,temp,2100,288.5,,esp32,,0,,,,,,,,,,,,1,450.0,100.0,0.0,0,NONE
2026-09-29T16:35:57.039+00:00,91.230,manual,Manual cook,temp,2100,290.3,,esp32,,0,,,,,,,,,,,,1,450.0,100.0,0.0,0,NONE
2026-09-29T16:35:58.039+00:00,92.231,manual,Manual cook,temp,2100,291.2,,esp32,,0,,,,,,,,,,,,1,450.0,100.0,0.0,0,NONE
2026-09-29T16:35:58.540+00:00,92.731,manual,Manual cook,temp,2100,293.0,,esp32,,0,,,,,,,,,,,,1,450.0,100.0,0.0,0,NONE
2026-09-29T16:35:59.539+00:00,93.731,manual,Manual cook,temp,2100,294.8,,esp32,,0,,,,,,,,,,,,1,450.0,100.0,0.0,0,NONE
2026-09-29T16:36:00.040+00:00,94.231,manual,Manual cook,temp,2100,294.8,,esp32,,0,,,,,,,,,,,,1,450.0,100.0,0.0,0,NONE
2026-09-29T16:36:01.039+00:00,95.230,manual,Manual cook,temp,2100,297.0,,esp32,,0,,,,,,,,,,,,1,450.0,100.0,0.0,0,NONE
2026-09-29T16:36:01.539+00:00,95.731,manual,Manual cook,temp,2100,298.0,,esp32,,0,,,,,,,,,,,,1,450.0,100.0,0.0,0,NONE
2026-09-29T16:36:02.539+00:00,96.731,manual,Manual cook,temp,2100,302.0,,esp32,,0,,,,,,,,,,,,1,450.0,100.0,0.0,0,NONE
2026-09-29T16:36:03.538+00:00,97.730,manual,Manual cook,temp,2100,301.5,,esp32,,0,,,,,,,,,,,,1,450.0,100.0,0.0,0,NONE
2026-09-29T16:36:04.538+00:00,98.730,manual,Manual cook,temp,2100,304.3,,esp32,,0,,,,,,,,,,,,1,450.0,100.0,0.0,0,NONE
2026-09-29T16:36:05.538+00:00,99.730,manual,Manual cook,temp,2100,305.6,,esp32,,0,,,,,,,,,,,,1,450.0,100.0,0.0,0,NONE
2026-09-29T16:36:06.039+00:00,100.230,manual,Manual cook,temp,2100,307.9,,esp32,,0,,,,,,,,,,,,1,450.0,100.0,0.0,0,NONE
2026-09-29T16:36:07.038+00:00,101.230,manual,Manual cook,temp,2100,308.8,,esp32,,0,,,,,,,,,,,,1,450.0,100.0,0.0,0,NONE
2026-09-29T16:36:07.538+00:00,101.730,manual,Manual cook,temp,2100,310.1,,esp32,,0,,,,,,,,,,,,1,450.0,100.0,0.0,0,NONE
2026-09-29T16:36:08.039+00:00,102.231,manual,Manual cook,temp,2100,310.1,,esp32,,0,,,,,,,,,,,,1,450.0,100.0,0.0,0,NONE
2026-09-29T16:36:08.539+00:00,102.731,manual,Manual cook,temp,2100,312.4,,esp32,,0,,,,,,,,,,,,1,450.0,100.0,0.0,0,NONE
2026-09-29T16:36:09.539+00:00,103.731,manual,Manual cook,temp,2100,312.8,,esp32,,0,,,,,,,,,,,,1,450.0,100.0,0.0,0,NONE
2026-09-29T16:36:10.538+00:00,104.730,manual,Manual cook,temp,2100,316.0,,esp32,,0,,,,,,,,,,,,1,450.0,100.0,0.0,0,NONE
2026-09-29T16:36:11.538+00:00,105.730,manual,Manual cook,temp,2100,317.8,,esp32,,0,,,,,,,,,,,,1,450.0,100.0,0.0,0,NONE
2026-09-29T16:36:12.538+00:00,106.730,manual,Manual cook,temp,2100,318.2,,esp32,,0,,,,,,,,,,,,1,450.0,100.0,0.0,0,NONE
2026-09-29T16:36:13.038+00:00,107.230,manual,Manual cook,temp,2100,320.0,,esp32,,0,,,,,,,,,,,,1,450.0,100.0,0.0,0,NONE
2026-09-29T16:36:14.038+00:00,108.230,manual,Manual cook,temp,2100,322.3,,esp32,,0,,,,,,,,,,,,1,450.0,100.0,0.0,0,NONE
2026-09-29T16:36:15.038+00:00,109.230,manual,Manual cook,temp,2100,324.5,,esp32,,0,,,,,,,,,,,,1,450.0,100.0,0.0,0,NONE
2026-09-29T16:36:15.539+00:00,109.730,manual,Manual cook,temp,2100,324.5,,esp32,,0,,,,,,,,,,,,1,450.0,100.0,0.0,0,NONE
2026-09-29T16:36:16.039+00:00,110.231,manual,Manual cook,temp,2100,326.8,,esp32,,0,,,,,,,,,,,,1,450.0,100.0,0.0,0,NONE
2026-09-29T16:36:17.038+00:00,111.230,manual,Manual cook,temp,2100,327.6,,esp32,,0,,,,,,,,,,,,1,450.0,100.0,0.0,0,NONE
2026-09-29T16:36:18.038+00:00,112.230,manual,Manual cook,temp,2100,329.5,,esp32,,0,,,,,,,,,,,,1,450.0,100.0,0.0,0,NONE
2026-09-29T16:36:19.038+00:00,113.230,manual,Manual cook,temp,2100,330.4,,esp32,,0,,,,,,,,,,,,1,450.0,100.0,0.0,0,NONE
2026-09-29T16:36:20.038+00:00,114.230,manual,Manual cook,temp,2100,332.1,,esp32,,0,,,,,,,,,,,,1,450.0,100.0,0.0,0,NONE
2026-09-29T16:36:21.038+00:00,115.229,manual,Manual cook,temp,2100,332.6,,esp32,,0,,,,,,,,,,,,1,450.0,100.0,0.0,0,NONE
2026-09-29T16:36:22.039+00:00,116.230,manual,Manual cook,temp,2100,334.4,,esp32,,0,,,,,,,,,,,,1,450.0,100.0,0.0,0,NONE
2026-09-29T16:36:22.539+00:00,116.730,manual,Manual cook,temp,2100,335.3,,esp32,,0,,,,,,,,,,,,1,450.0,100.0,0.0,0,NONE
2026-09-29T16:36:23.538+00:00,117.729,manual,Manual cook,temp,2100,336.2,,esp32,,0,,,,,,,,,,,,1,450.0,100.0,0.0,0,NONE
2026-09-29T16:36:24.538+00:00,118.729,manual,Manual cook,temp,2100,340.3,,esp32,,0,,,,,,,,,,,,1,450.0,100.0,0.0,0,NONE
2026-09-29T16:36:25.538+00:00,119.729,manual,Manual cook,temp,2100,341.1,,esp32,,0,,,,,,,,,,,,1,450.0,100.0,0.0,0,NONE
2026-09-29T16:36:26.538+00:00,120.729,manual,Manual cook,temp,2100,342.5,,esp32,,0,,,,,,,,,,,,1,450.0,100.0,0.0,0,NONE
2026-09-29T16:36:27.538+00:00,121.729,manual,Manual cook,temp,2100,344.8,,esp32,,0,,,,,,,,,,,,1,450.0,100.0,0.0,0,NONE
2026-09-29T16:36:28.039+00:00,122.230,manual,Manual cook,temp,2100,345.6,,esp32,,0,,,,,,,,,,,,1,450.0,100.0,0.0,0,NONE
2026-09-29T16:36:29.039+00:00,123.230,manual,Manual cook,temp,2100,345.6,,esp32,,0,,,,,,,,,,,,1,450.0,100.0,0.0,0,NONE
2026-09-29T16:36:29.539+00:00,123.730,manual,Manual cook,temp,2100,345.6,,esp32,,0,,,,,,,,,,,,1,450.0,100.0,0.0,0,NONE
2026-09-29T16:36:30.539+00:00,124.730,manual,Manual cook,temp,2100,348.8,,esp32,,0,,,,,,,,,,,,1,450.0,100.0,0.0,0,NONE
2026-09-29T16:36:31.539+00:00,125.730,manual,Manual cook,temp,2100,350.6,,esp32,,0,,,,,,,,,,,,1,450.0,100.0,0.0,0,NONE
2026-09-29T16:36:32.539+00:00,126.730,manual,Manual cook,temp,2100,352.4,,esp32,,0,,,,,,,,,,,,1,450.0,100.0,0.0,0,NONE
2026-09-29T16:36:33.539+00:00,127.730,manual,Manual cook,temp,2100,352.9,,esp32,,0,,,,,,,,,,,,1,450.0,100.0,0.0,0,NONE
2026-09-29T16:36:34.539+00:00,128.730,manual,Manual cook,temp,2100,355.5,,esp32,,0,,,,,,,,,,,,1,450.0,100.0,0.0,0,NONE
2026-09-29T16:36:35.539+00:00,129.730,manual,Manual cook,temp,2100,356.0,,esp32,,0,,,,,,,,,,,,1,450.0,100.0,0.0,0,NONE
2026-09-29T16:36:36.539+00:00,130.730,manual,Manual cook,temp,2100,358.3,,esp32,,0,,,,,,,,,,,,1,450.0,100.0,0.0,0,NONE
2026-09-29T16:36:37.538+00:00,131.729,manual,Manual cook,temp,2100,359.6,,esp32,,0,,,,,,,,,,,,1,450.0,100.0,0.0,0,NONE
2026-09-29T16:36:38.038+00:00,132.229,manual,Manual cook,temp,2100,360.0,,esp32,,0,,,,,,,,,,,,1,450.0,100.0,0.0,0,NONE
2026-09-29T16:36:39.038+00:00,133.229,manual,Manual cook,temp,2100,361.4,,esp32,,0,,,,,,,,,,,,1,450.0,100.0,0.0,0,NONE
2026-09-29T16:36:40.038+00:00,134.229,manual,Manual cook,temp,2100,362.3,,esp32,,0,,,,,,,,,,,,1,450.0,100.0,0.0,0,NONE
2026-09-29T16:36:41.038+00:00,135.229,manual,Manual cook,temp,2100,364.1,,esp32,,0,,,,,,,,,,,,1,450.0,100.0,0.0,0,NONE
2026-09-29T16:36:42.039+00:00,136.230,manual,Manual cook,temp,2100,365.0,,esp32,,0,,,,,,,,,,,,1,450.0,100.0,0.0,0,NONE
2026-09-29T16:36:43.038+00:00,137.230,manual,Manual cook,temp,2100,367.3,,esp32,,0,,,,,,,,,,,,1,450.0,100.0,0.0,0,NONE
2026-09-29T16:36:43.539+00:00,137.730,manual,Manual cook,temp,2100,367.3,,esp32,,0,,,,,,,,,,,,1,450.0,100.0,0.0,0,NONE
2026-09-29T16:36:44.539+00:00,138.730,manual,Manual cook,temp,2100,369.5,,esp32,,0,,,,,,,,,,,,1,450.0,100.0,0.0,0,NONE
2026-09-29T16:36:45.539+00:00,139.730,manual,Manual cook,temp,2100,370.4,,esp32,,0,,,,,,,,,,,,1,450.0,100.0,0.0,0,NONE
2026-09-29T16:36:46.539+00:00,140.730,manual,Manual cook,temp,2100,371.8,,esp32,,0,,,,,,,,,,,,1,450.0,100.0,0.0,0,NONE
2026-09-29T16:36:47.539+00:00,141.730,manual,Manual cook,temp,2100,373.1,,esp32,,0,,,,,,,,,,,,1,450.0,100.0,0.0,0,NONE
2026-09-29T16:36:48.538+00:00,142.730,manual,Manual cook,temp,2100,374.9,,esp32,,0,,,,,,,,,,,,1,450.0,100.0,0.0,0,NONE
2026-09-29T16:36:49.538+00:00,143.729,manual,Manual cook,temp,2100,375.8,,esp32,,0,,,,,,,,,,,,1,450.0,100.0,0.0,0,NONE
2026-09-29T16:36:50.538+00:00,144.729,manual,Manual cook,temp,2100,376.7,,esp32,,0,,,,,,,,,,,,1,450.0,100.0,0.0,0,NONE
2026-09-29T16:36:51.538+00:00,145.729,manual,Manual cook,temp,2100,378.0,,esp32,,0,,,,,,,,,,,,1,450.0,100.0,0.0,0,NONE
2026-09-29T16:36:52.538+00:00,146.729,manual,Manual cook,temp,2100,379.9,,esp32,,0,,,,,,,,,,,,1,450.0,100.0,0.0,0,NONE
2026-09-29T16:36:53.038+00:00,147.229,manual,Manual cook,temp,2100,381.2,,esp32,,0,,,,,,,,,,,,1,450.0,100.0,0.0,0,NONE
2026-09-29T16:36:54.038+00:00,148.230,manual,Manual cook,temp,2100,381.2,,esp32,,0,,,,,,,,,,,,1,450.0,100.0,0.0,0,NONE
2026-09-29T16:36:54.539+00:00,148.730,manual,Manual cook,temp,2100,382.1,,esp32,,0,,,,,,,,,,,,1,450.0,100.0,0.0,0,NONE
2026-09-29T16:36:55.538+00:00,149.729,manual,Manual cook,temp,2100,383.5,,esp32,,0,,,,,,,,,,,,1,450.0,100.0,0.0,0,NONE
2026-09-29T16:36:56.038+00:00,150.229,manual,Manual cook,temp,2100,383.5,,esp32,,0,,,,,,,,,,,,1,450.0,100.0,0.0,0,NONE
2026-09-29T16:36:56.538+00:00,150.729,manual,Manual cook,temp,2100,384.8,,esp32,,0,,,,,,,,,,,,1,450.0,100.0,0.0,0,NONE
2026-09-29T16:36:57.038+00:00,151.229,manual,Manual cook,temp,2100,385.3,,esp32,,0,,,,,,,,,,,,1,450.0,100.0,0.0,0,NONE
2026-09-29T16:36:58.038+00:00,152.229,manual,Manual cook,temp,2100,385.7,,esp32,,0,,,,,,,,,,,,1,450.0,100.0,0.0,0,NONE
2026-09-29T16:36:59.038+00:00,153.229,manual,Manual cook,temp,2100,387.5,,esp32,,0,,,,,,,,,,,,1,450.0,97.0,0.0,0,NONE
2026-09-29T16:37:00.038+00:00,154.230,manual,Manual cook,temp,2100,388.9,,esp32,,0,,,,,,,,,,,,1,450.0,88.0,0.0,0,NONE
2026-09-29T16:37:00.538+00:00,154.730,manual,Manual cook,temp,2100,389.8,,esp32,,0,,,,,,,,,,,,1,450.0,100.0,0.0,0,NONE
2026-09-29T16:37:01.538+00:00,155.730,manual,Manual cook,temp,2100,390.2,,esp32,,0,,,,,,,,,,,,1,450.0,100.0,0.0,0,NONE
2026-09-29T16:37:02.537+00:00,156.729,manual,Manual cook,temp,2100,391.1,,esp32,,0,,,,,,,,,,,,1,450.0,100.0,0.0,0,NONE
2026-09-29T16:37:03.038+00:00,157.229,manual,Manual cook,temp,2100,392.0,,esp32,,0,,,,,,,,,,,,1,450.0,100.0,0.0,0,NONE
2026-09-29T16:37:04.038+00:00,158.229,manual,Manual cook,temp,2100,393.4,,esp32,,0,,,,,,,,,,,,1,450.0,100.0,0.0,0,NONE
2026-09-29T16:37:05.038+00:00,159.229,manual,Manual cook,temp,2100,393.8,,esp32,,0,,,,,,,,,,,,1,450.0,100.0,0.0,0,NONE
2026-09-29T16:37:06.038+00:00,160.229,manual,Manual cook,temp,2100,395.6,,esp32,,0,,,,,,,,,,,,1,450.0,100.0,0.0,0,NONE
2026-09-29T16:37:07.038+00:00,161.230,manual,Manual cook,temp,2100,397.0,,esp32,,0,,,,,,,,,,,,1,450.0,72.0,0.0,0,NONE
2026-09-29T16:37:07.538+00:00,161.730,manual,Manual cook,temp,2100,397.9,,esp32,,0,,,,,,,,,,,,1,450.0,100.0,0.0,0,NONE
2026-09-29T16:37:08.538+00:00,162.729,manual,Manual cook,temp,2100,398.8,,esp32,,0,,,,,,,,,,,,1,450.0,92.0,0.0,0,NONE
2026-09-29T16:37:09.038+00:00,163.229,manual,Manual cook,temp,2100,399.2,,esp32,,0,,,,,,,,,,,,1,450.0,99.0,0.0,0,NONE
2026-09-29T16:37:10.037+00:00,164.229,manual,Manual cook,temp,2100,399.6,,esp32,,0,,,,,,,,,,,,1,450.0,98.0,0.0,0,NONE
2026-09-29T16:37:11.037+00:00,165.229,manual,Manual cook,temp,2100,401.9,,esp32,,0,,,,,,,,,,,,1,450.0,80.0,0.0,0,NONE
2026-09-29T16:37:11.537+00:00,165.729,manual,Manual cook,temp,2100,401.0,,esp32,,0,,,,,,,,,,,,1,450.0,100.0,0.0,0,NONE
2026-09-29T16:37:12.537+00:00,166.729,manual,Manual cook,temp,2100,402.8,,esp32,,0,,,,,,,,,,,,1,450.0,94.0,0.0,0,NONE
2026-09-29T16:37:13.037+00:00,167.229,manual,Manual cook,temp,2100,403.7,,esp32,,0,,,,,,,,,,,,1,450.0,85.0,0.0,0,NONE
2026-09-29T16:37:14.037+00:00,168.228,manual,Manual cook,temp,2100,404.6,,esp32,,0,,,,,,,,,,,,1,450.0,92.0,0.0,0,NONE
2026-09-29T16:37:14.537+00:00,168.729,manual,Manual cook,temp,2100,404.1,,esp32,,0,,,,,,,,,,,,1,450.0,100.0,0.0,0,NONE
2026-09-29T16:37:15.038+00:00,169.230,manual,Manual cook,temp,2100,406.4,,esp32,,0,,,,,,,,,,,,1,450.0,84.0,0.0,0,NONE
2026-09-29T16:37:16.037+00:00,170.228,manual,Manual cook,temp,2100,406.4,,esp32,,0,,,,,,,,,,,,1,450.0,97.0,0.0,0,NONE
2026-09-29T16:37:17.037+00:00,171.229,manual,Manual cook,temp,2100,408.6,,esp32,,0,,,,,,,,,,,,1,450.0,88.0,0.0,0,NONE
2026-09-29T16:37:18.037+00:00,172.228,manual,Manual cook,temp,2100,408.6,,esp32,,0,,,,,,,,,,,,1,450.0,94.0,0.0,0,NONE
2026-09-29T16:37:18.537+00:00,172.728,manual,Manual cook,temp,2100,409.5,,esp32,,0,,,,,,,,,,,,1,450.0,86.0,0.0,0,NONE
2026-09-29T16:37:19.537+00:00,173.728,manual,Manual cook,temp,2100,409.5,,esp32,,0,,,,,,,,,,,,1,450.0,93.0,0.0,0,NONE
2026-09-29T16:37:20.538+00:00,174.729,manual,Manual cook,temp,2100,411.8,,esp32,,0,,,,,,,,,,,,1,450.0,82.0,0.0,0,NONE
2026-09-29T16:37:21.538+00:00,175.729,manual,Manual cook,temp,2100,412.7,,esp32,,0,,,,,,,,,,,,1,450.0,74.0,0.0,0,NONE
2026-09-29T16:37:22.538+00:00,176.730,manual,Manual cook,temp,2100,414.0,,esp32,,0,,,,,,,,,,,,1,450.0,65.0,0.0,0,NONE
2026-09-29T16:37:23.538+00:00,177.729,manual,Manual cook,temp,2100,414.5,,esp32,,0,,,,,,,,,,,,1,450.0,72.0,0.0,0,NONE
2026-09-29T16:37:24.538+00:00,178.729,manual,Manual cook,temp,2100,415.0,,esp32,,0,,,,,,,,,,,,1,450.0,86.0,0.0,0,NONE
2026-09-29T16:37:25.537+00:00,179.728,manual,Manual cook,temp,2100,416.3,,esp32,,0,,,,,,,,,,,,1,450.0,77.0,0.0,0,NONE
2026-09-29T16:37:26.037+00:00,180.228,manual,Manual cook,temp,2100,416.3,,esp32,,0,,,,,,,,,,,,1,450.0,85.0,0.0,0,NONE
2026-09-29T16:37:26.537+00:00,180.728,manual,Manual cook,temp,2100,417.2,,esp32,,0,,,,,,,,,,,,1,450.0,61.0,0.0,0,NONE
2026-09-29T16:37:27.037+00:00,181.228,manual,Manual cook,temp,2100,417.2,,esp32,,0,,,,,,,,,,,,1,450.0,91.0,0.0,0,NONE
2026-09-29T16:37:28.037+00:00,182.228,manual,Manual cook,temp,2100,418.1,,esp32,,0,,,,,,,,,,,,1,450.0,75.0,0.0,0,NONE
2026-09-29T16:37:28.537+00:00,182.728,manual,Manual cook,temp,2100,418.5,,esp32,,0,,,,,,,,,,,,1,450.0,74.0,0.0,0,NONE
2026-09-29T16:37:29.037+00:00,183.228,manual,Manual cook,temp,2100,419.9,,esp32,,0,,,,,,,,,,,,1,450.0,58.0,0.0,0,NONE
2026-09-29T16:37:30.038+00:00,184.229,manual,Manual cook,temp,2100,421.3,,esp32,,0,,,,,,,,,,,,1,450.0,56.0,0.0,0,NONE
2026-09-29T16:37:30.538+00:00,184.729,manual,Manual cook,temp,2100,421.7,,esp32,,0,,,,,,,,,,,,1,450.0,100.0,0.0,0,NONE
2026-09-29T16:37:31.538+00:00,185.729,manual,Manual cook,temp,2100,423.0,,esp32,,0,,,,,,,,,,,,1,450.0,77.0,0.0,0,NONE
2026-09-29T16:37:32.038+00:00,186.229,manual,Manual cook,temp,2100,423.5,,esp32,,0,,,,,,,,,,,,1,450.0,53.0,0.0,0,NONE
2026-09-29T16:37:32.538+00:00,186.729,manual,Manual cook,temp,2100,423.5,,esp32,,0,,,,,,,,,,,,1,450.0,67.0,0.0,0,NONE
2026-09-29T16:37:33.537+00:00,187.728,manual,Manual cook,temp,2100,423.5,,esp32,,0,,,,,,,,,,,,1,450.0,81.0,0.0,0,NONE
2026-09-29T16:37:34.537+00:00,188.728,manual,Manual cook,temp,2100,425.3,,esp32,,0,,,,,,,,,,,,1,450.0,64.0,0.0,0,NONE
2026-09-29T16:37:35.537+00:00,189.728,manual,Manual cook,temp,2100,424.9,,esp32,,0,,,,,,,,,,,,1,450.0,80.0,0.0,0,NONE
2026-09-29T16:37:36.037+00:00,190.228,manual,Manual cook,temp,2100,427.1,,esp32,,0,,,,,,,,,,,,1,450.0,48.0,0.0,0,NONE
2026-09-29T16:37:37.037+00:00,191.228,manual,Manual cook,temp,2100,426.6,,esp32,,0,,,,,,,,,,,,1,450.0,77.0,0.0,0,NONE
2026-09-29T16:37:37.537+00:00,191.728,manual,Manual cook,temp,2100,427.1,,esp32,,0,,,,,,,,,,,,1,450.0,62.0,0.0,0,NONE
2026-09-29T16:37:38.038+00:00,192.229,manual,Manual cook,temp,2100,428.9,,esp32,,0,,,,,,,,,,,,1,450.0,53.0,0.0,0,NONE
2026-09-29T16:37:38.538+00:00,192.729,manual,Manual cook,temp,2100,428.5,,esp32,,0,,,,,,,,,,,,1,450.0,51.0,0.0,0,NONE
2026-09-29T16:37:39.538+00:00,193.729,manual,Manual cook,temp,2100,428.9,,esp32,,0,,,,,,,,,,,,1,450.0,59.0,0.0,0,NONE
2026-09-29T16:37:40.537+00:00,194.728,manual,Manual cook,temp,2100,429.4,,esp32,,0,,,,,,,,,,,,1,450.0,59.0,0.0,0,NONE
2026-09-29T16:37:41.537+00:00,195.728,manual,Manual cook,temp,2100,431.1,,esp32,,0,,,,,,,,,,,,1,450.0,63.0,0.0,0,NONE
2026-09-29T16:37:42.537+00:00,196.728,manual,Manual cook,temp,2100,431.6,,esp32,,0,,,,,,,,,,,,1,450.0,55.0,0.0,0,NONE
2026-09-29T16:37:43.537+00:00,197.728,manual,Manual cook,temp,2100,432.5,,esp32,,0,,,,,,,,,,,,1,450.0,53.0,0.0,0,NONE
2026-09-29T16:37:44.537+00:00,198.728,manual,Manual cook,temp,2100,433.4,,esp32,,0,,,,,,,,,,,,1,450.0,53.0,0.0,0,NONE
2026-09-29T16:37:45.038+00:00,199.229,manual,Manual cook,temp,2100,433.4,,esp32,,0,,,,,,,,,,,,1,450.0,52.0,0.0,0,NONE
2026-09-29T16:37:45.538+00:00,199.729,manual,Manual cook,temp,2100,434.3,,esp32,,0,,,,,,,,,,,,1,450.0,43.0,0.0,0,NONE
2026-09-29T16:37:46.537+00:00,200.729,manual,Manual cook,temp,2100,434.8,,esp32,,0,,,,,,,,,,,,1,450.0,42.0,0.0,0,NONE
2026-09-29T16:37:47.037+00:00,201.229,manual,Manual cook,temp,2100,434.8,,esp32,,0,,,,,,,,,,,,1,450.0,64.0,0.0,0,NONE
2026-09-29T16:37:48.037+00:00,202.228,manual,Manual cook,temp,2100,435.2,,esp32,,0,,,,,,,,,,,,1,450.0,49.0,0.0,0,NONE
2026-09-29T16:37:49.037+00:00,203.228,manual,Manual cook,temp,2100,435.6,,esp32,,0,,,,,,,,,,,,1,450.0,56.0,0.0,0,NONE
2026-09-29T16:37:49.537+00:00,203.728,manual,Manual cook,temp,2100,437.5,,esp32,,0,,,,,,,,,,,,1,450.0,40.0,0.0,0,NONE
2026-09-29T16:37:50.537+00:00,204.728,manual,Manual cook,temp,2100,437.9,,esp32,,0,,,,,,,,,,,,1,450.0,45.0,0.0,0,NONE
2026-09-29T16:37:51.037+00:00,205.228,manual,Manual cook,temp,2100,437.0,,esp32,,0,,,,,,,,,,,,1,450.0,68.0,0.0,0,NONE
2026-09-29T16:37:51.537+00:00,205.728,manual,Manual cook,temp,2100,437.9,,esp32,,0,,,,,,,,,,,,1,450.0,38.0,0.0,0,NONE
2026-09-29T16:37:52.037+00:00,206.228,manual,Manual cook,temp,2100,438.8,,esp32,,0,,,,,,,,,,,,1,450.0,36.0,0.0,0,NONE
2026-09-29T16:37:53.037+00:00,207.229,manual,Manual cook,temp,2100,439.7,,esp32,,0,,,,,,,,,,,,1,450.0,34.0,0.0,0,NONE
2026-09-29T16:37:53.537+00:00,207.729,manual,Manual cook,temp,2100,440.1,,esp32,,0,,,,,,,,,,,,1,450.0,41.0,0.0,0,NONE
2026-09-29T16:37:54.537+00:00,208.729,manual,Manual cook,temp,2100,441.5,,esp32,,0,,,,,,,,,,,,1,450.0,48.0,0.0,0,NONE
2026-09-29T16:37:55.537+00:00,209.729,manual,Manual cook,temp,2100,442.0,,esp32,,0,,,,,,,,,,,,1,450.0,38.0,0.0,0,NONE
2026-09-29T16:37:56.537+00:00,210.728,manual,Manual cook,temp,2100,442.0,,esp32,,0,,,,,,,,,,,,1,450.0,37.0,0.0,0,NONE
2026-09-29T16:37:57.537+00:00,211.728,manual,Manual cook,temp,2100,442.9,,esp32,,0,,,,,,,,,,,,1,450.0,29.0,0.0,0,NONE
2026-09-29T16:37:58.037+00:00,212.228,manual,Manual cook,temp,2100,443.3,,esp32,,0,,,,,,,,,,,,1,450.0,51.0,0.0,0,NONE
2026-09-29T16:37:59.037+00:00,213.228,manual,Manual cook,temp,2100,443.8,,esp32,,0,,,,,,,,,,,,1,450.0,43.0,0.0,0,NONE
2026-09-29T16:38:00.037+00:00,214.228,manual,Manual cook,temp,2100,444.6,,esp32,,0,,,,,,,,,,,,1,450.0,50.0,0.0,0,NONE
2026-09-29T16:38:01.037+00:00,215.229,manual,Manual cook,temp,2100,445.1,,esp32,,0,,,,,,,,,,,,1,450.0,32.0,0.0,0,NONE
2026-09-29T16:38:02.037+00:00,216.229,manual,Manual cook,temp,2100,446.5,,esp32,,0,,,,,,,,,,,,1,450.0,31.0,0.0,0,NONE
2026-09-29T16:38:02.537+00:00,216.729,manual,Manual cook,temp,2100,446.5,,esp32,,0,,,,,,,,,,,,1,450.0,22.0,0.0,0,NONE
2026-09-29T16:38:03.536+00:00,217.728,manual,Manual cook,temp,2100,446.0,,esp32,,0,,,,,,,,,,,,1,450.0,45.0,0.0,0,NONE
2026-09-29T16:38:04.536+00:00,218.728,manual,Manual cook,temp,2100,446.9,,esp32,,0,,,,,,,,,,,,1,450.0,22.0,0.0,0,NONE
2026-09-29T16:38:05.036+00:00,219.228,manual,Manual cook,temp,2100,446.9,,esp32,,0,,,,,,,,,,,,1,450.0,36.0,0.0,0,NONE
2026-09-29T16:38:05.536+00:00,219.728,manual,Manual cook,temp,2100,447.4,,esp32,,0,,,,,,,,,,,,1,450.0,28.0,0.0,0,NONE
2026-09-29T16:38:06.536+00:00,220.728,manual,Manual cook,temp,2100,447.8,,esp32,,0,,,,,,,,,,,,1,450.0,50.0,0.0,0,NONE
2026-09-29T16:38:07.536+00:00,221.728,manual,Manual cook,temp,2100,447.8,,esp32,,0,,,,,,,,,,,,1,450.0,34.0,0.0,0,NONE
2026-09-29T16:38:08.037+00:00,222.228,manual,Manual cook,temp,2100,447.8,,esp32,,0,,,,,,,,,,,,1,450.0,34.0,0.0,0,NONE
2026-09-29T16:38:08.537+00:00,222.728,manual,Manual cook,temp,2100,449.1,,esp32,,0,,,,,,,,,,,,1,450.0,10.0,0.0,0,NONE
2026-09-29T16:38:09.537+00:00,223.728,manual,Manual cook,temp,2100,449.1,,esp32,,0,,,,,,,,,,,,1,450.0,1.0,0.0,0,NONE
2026-09-29T16:38:10.037+00:00,224.228,manual,Manual cook,temp,2100,449.1,,esp32,,0,,,,,,,,,,,,1,450.0,46.0,0.0,0,NONE
2026-09-29T16:38:11.036+00:00,225.227,manual,Manual cook,temp,2100,450.5,,esp32,,0,,,,,,,,,,,,1,450.0,7.0,0.0,0,NONE
2026-09-29T16:38:11.536+00:00,225.728,manual,Manual cook,temp,2100,450.5,,esp32,,0,,,,,,,,,,,,1,450.0,29.0,0.0,0,NONE
2026-09-29T16:38:12.536+00:00,226.728,manual,Manual cook,temp,2100,451.0,,esp32,,0,,,,,,,,,,,,1,450.0,6.0,0.0,0,NONE
2026-09-29T16:38:13.036+00:00,227.228,manual,Manual cook,temp,2100,451.0,,esp32,,0,,,,,,,,,,,,1,450.0,28.0,0.0,0,NONE
2026-09-29T16:38:14.036+00:00,228.228,manual,Manual cook,temp,2100,451.4,,esp32,,0,,,,,,,,,,,,1,450.0,20.0,0.0,0,NONE
2026-09-29T16:38:14.536+00:00,228.728,manual,Manual cook,temp,2100,451.4,,esp32,,0,,,,,,,,,,,,1,450.0,19.0,0.0,0,NONE
2026-09-29T16:38:15.537+00:00,229.728,manual,Manual cook,temp,2100,450.5,,esp32,,0,,,,,,,,,,,,1,450.0,43.0,0.0,0,NONE
2026-09-29T16:38:16.037+00:00,230.228,manual,Manual cook,temp,2100,452.3,,esp32,,0,,,,,,,,,,,,1,450.0,13.0,0.0,0,NONE
2026-09-29T16:38:16.537+00:00,230.728,manual,Manual cook,temp,2100,452.3,,esp32,,0,,,,,,,,,,,,1,450.0,11.0,0.0,0,NONE
2026-09-29T16:38:17.537+00:00,231.728,manual,Manual cook,temp,2100,452.3,,esp32,,0,,,,,,,,,,,,1,450.0,25.0,0.0,0,NONE
2026-09-29T16:38:18.037+00:00,232.228,manual,Manual cook,temp,2100,452.3,,esp32,,0,,,,,,,,,,,,1,450.0,25.0,0.0,0,NONE
2026-09-29T16:38:18.537+00:00,232.728,manual,Manual cook,temp,2100,452.3,,esp32,,0,,,,,,,,,,,,1,450.0,25.0,0.0,0,NONE
2026-09-29T16:38:19.536+00:00,233.727,manual,Manual cook,temp,2100,453.2,,esp32,,0,,,,,,,,,,,,1,450.0,30.0,0.0,0,NONE
2026-09-29T16:38:20.036+00:00,234.227,manual,Manual cook,temp,2100,452.8,,esp32,,0,,,,,,,,,,,,1,450.0,31.0,0.0,0,NONE
2026-09-29T16:38:21.036+00:00,235.227,manual,Manual cook,temp,2100,453.6,,esp32,,0,,,,,,,,,,,,1,450.0,15.0,0.0,0,NONE
2026-09-29T16:38:21.536+00:00,235.727,manual,Manual cook,temp,2100,453.2,,esp32,,0,,,,,,,,,,,,1,450.0,14.0,0.0,0,NONE
2026-09-29T16:38:22.536+00:00,236.727,manual,Manual cook,temp,2100,454.1,,esp32,,0,,,,,,,,,,,,1,450.0,0.0,0.0,0,NONE
2026-09-29T16:38:23.536+00:00,237.727,manual,Manual cook,temp,2100,453.6,,esp32,,0,,,,,,,,,,,,1,450.0,28.0,0.0,0,NONE
2026-09-29T16:38:24.037+00:00,238.228,manual,Manual cook,temp,2100,454.1,,esp32,,0,,,,,,,,,,,,1,450.0,14.0,0.0,0,NONE
2026-09-29T16:38:25.037+00:00,239.228,manual,Manual cook,temp,2100,454.1,,esp32,,0,,,,,,,,,,,,1,450.0,29.0,0.0,0,NONE
2026-09-29T16:38:26.037+00:00,240.228,manual,Manual cook,temp,2100,454.5,,esp32,,0,,,,,,,,,,,,1,450.0,13.0,0.0,0,NONE
2026-09-29T16:38:27.037+00:00,241.228,manual,Manual cook,temp,2100,453.6,,esp32,,0,,,,,,,,,,,,1,450.0,29.0,0.0,0,NONE
2026-09-29T16:38:28.037+00:00,242.228,manual,Manual cook,temp,2100,455.0,,esp32,,0,,,,,,,,,,,,1,450.0,12.0,0.0,0,NONE
2026-09-29T16:38:29.036+00:00,243.227,manual,Manual cook,temp,2100,454.1,,esp32,,0,,,,,,,,,,,,1,450.0,3.0,0.0,0,NONE
2026-09-29T16:38:30.036+00:00,244.227,manual,Manual cook,temp,2100,455.5,,esp32,,0,,,,,,,,,,,,1,450.0,0.0,0.0,0,NONE
2026-09-29T16:38:31.036+00:00,245.227,manual,Manual cook,temp,2100,455.5,,esp32,,0,,,,,,,,,,,,1,450.0,3.0,0.0,0,NONE
2026-09-29T16:38:31.536+00:00,245.727,manual,Manual cook,temp,2100,455.5,,esp32,,0,,,,,,,,,,,,1,450.0,18.0,0.0,0,NONE
2026-09-29T16:38:32.036+00:00,246.227,manual,Manual cook,temp,2100,455.5,,esp32,,0,,,,,,,,,,,,1,450.0,18.0,0.0,0,NONE
2026-09-29T16:38:33.036+00:00,247.227,manual,Manual cook,temp,2100,455.5,,esp32,,0,,,,,,,,,,,,1,450.0,18.0,0.0,0,NONE
2026-09-29T16:38:34.036+00:00,248.227,manual,Manual cook,temp,2100,454.5,,esp32,,0,,,,,,,,,,,,1,450.0,34.0,0.0,0,NONE
2026-09-29T16:38:35.036+00:00,249.227,manual,Manual cook,temp,2100,455.5,,esp32,,0,,,,,,,,,,,,1,450.0,8.0,0.0,0,NONE
2026-09-29T16:38:36.036+00:00,250.227,manual,Manual cook,temp,2100,456.4,,esp32,,0,,,,,,,,,,,,1,450.0,16.0,0.0,0,NONE
2026-09-29T16:38:37.036+00:00,251.227,manual,Manual cook,temp,2100,455.9,,esp32,,0,,,,,,,,,,,,1,450.0,24.0,0.0,0,NONE
2026-09-29T16:38:37.536+00:00,251.727,manual,Manual cook,temp,2100,455.9,,esp32,,0,,,,,,,,,,,,1,450.0,16.0,0.0,0,NONE
2026-09-29T16:38:38.036+00:00,252.227,manual,Manual cook,temp,2100,455.9,,esp32,,0,,,,,,,,,,,,1,450.0,16.0,0.0,0,NONE
2026-09-29T16:38:39.037+00:00,253.228,manual,Manual cook,temp,2100,455.9,,esp32,,0,,,,,,,,,,,,1,450.0,16.0,0.0,0,NONE
2026-09-29T16:38:40.037+00:00,254.228,manual,Manual cook,temp,2100,455.9,,esp32,,0,,,,,,,,,,,,1,450.0,16.0,0.0,0,NONE
2026-09-29T16:38:41.036+00:00,255.228,manual,Manual cook,temp,2100,456.4,,esp32,,0,,,,,,,,,,,,1,450.0,8.0,0.0,0,NONE
2026-09-29T16:38:41.536+00:00,255.728,manual,Manual cook,temp,2100,456.4,,esp32,,0,,,,,,,,,,,,1,450.0,15.0,0.0,0,NONE
2026-09-29T16:38:42.037+00:00,256.228,manual,Manual cook,temp,2100,456.4,,esp32,,0,,,,,,,,,,,,1,450.0,23.0,0.0,0,NONE
2026-09-29T16:38:43.037+00:00,257.228,manual,Manual cook,temp,2100,456.4,,esp32,,0,,,,,,,,,,,,1,450.0,15.0,0.0,0,NONE
2026-09-29T16:38:44.036+00:00,258.228,manual,Manual cook,temp,2100,456.4,,esp32,,0,,,,,,,,,,,,1,450.0,24.0,0.0,0,NONE
2026-09-29T16:38:45.036+00:00,259.227,manual,Manual cook,temp,2100,456.4,,esp32,,0,,,,,,,,,,,,1,450.0,8.0,0.0,0,NONE
2026-09-29T16:38:45.536+00:00,259.727,manual,Manual cook,temp,2100,455.5,,esp32,,0,,,,,,,,,,,,1,450.0,28.0,0.0,0,NONE
2026-09-29T16:38:46.536+00:00,260.727,manual,Manual cook,temp,2100,455.5,,esp32,,0,,,,,,,,,,,,1,450.0,8.0,0.0,0,NONE
2026-09-29T16:38:47.036+00:00,261.227,manual,Manual cook,temp,2100,456.4,,esp32,,0,,,,,,,,,,,,1,450.0,0.0,0.0,0,NONE
2026-09-29T16:38:48.036+00:00,262.227,manual,Manual cook,temp,2100,456.4,,esp32,,0,,,,,,,,,,,,1,450.0,6.0,0.0,0,NONE
2026-09-29T16:38:49.036+00:00,263.228,manual,Manual cook,temp,2100,455.9,,esp32,,0,,,,,,,,,,,,1,450.0,22.0,0.0,0,NONE
2026-09-29T16:38:50.036+00:00,264.228,manual,Manual cook,temp,2100,456.4,,esp32,,0,,,,,,,,,,,,1,450.0,7.0,0.0,0,NONE
2026-09-29T16:38:51.036+00:00,265.228,manual,Manual cook,temp,2100,455.9,,esp32,,0,,,,,,,,,,,,1,450.0,0.0,0.0,0,NONE
2026-09-29T16:38:52.036+00:00,266.228,manual,Manual cook,temp,2100,454.5,,esp32,,0,,,,,,,,,,,,1,450.0,25.0,0.0,0,NONE
2026-09-29T16:38:53.036+00:00,267.228,manual,Manual cook,temp,2100,455.9,,esp32,,0,,,,,,,,,,,,1,450.0,8.0,0.0,0,NONE
2026-09-29T16:38:54.036+00:00,268.228,manual,Manual cook,temp,2100,455.0,,esp32,,0,,,,,,,,,,,,1,450.0,31.0,0.0,0,NONE
2026-09-29T16:38:55.036+00:00,269.228,manual,Manual cook,temp,2100,455.0,,esp32,,0,,,,,,,,,,,,1,450.0,8.0,0.0,0,NONE
2026-09-29T16:38:56.036+00:00,270.228,manual,Manual cook,temp,2100,454.1,,esp32,,0,,,,,,,,,,,,1,450.0,24.0,0.0,0,NONE
2026-09-29T16:38:57.035+00:00,271.227,manual,Manual cook,temp,2100,455.0,,esp32,,0,,,,,,,,,,,,1,450.0,2.0,0.0,0,NONE
2026-09-29T16:38:57.536+00:00,271.727,manual,Manual cook,temp,2100,454.5,,esp32,,0,,,,,,,,,,,,1,450.0,32.0,0.0,0,NONE
2026-09-29T16:38:58.536+00:00,272.727,manual,Manual cook,temp,2100,454.5,,esp32,,0,,,,,,,,,,,,1,450.0,25.0,0.0,0,NONE
2026-09-29T16:38:59.536+00:00,273.727,manual,Manual cook,temp,2100,454.1,,esp32,,0,,,,,,,,,,,,1,450.0,25.0,0.0,0,NONE
2026-09-29T16:39:00.535+00:00,274.727,manual,Manual cook,temp,2100,453.6,,esp32,,0,,,,,,,,,,,,1,450.0,33.0,0.0,0,NONE
2026-09-29T16:39:01.036+00:00,275.227,manual,Manual cook,temp,2100,454.1,,esp32,,0,,,,,,,,,,,,1,450.0,10.0,0.0,0,NONE
2026-09-29T16:39:01.536+00:00,275.727,manual,Manual cook,temp,2100,454.1,,esp32,,0,,,,,,,,,,,,1,450.0,18.0,0.0,0,NONE
2026-09-29T16:39:02.036+00:00,276.228,manual,Manual cook,temp,2100,453.6,,esp32,,0,,,,,,,,,,,,1,450.0,17.0,0.0,0,NONE
2026-09-29T16:39:03.036+00:00,277.228,manual,Manual cook,temp,2100,454.5,,esp32,,0,,,,,,,,,,,,1,450.0,2.0,0.0,0,NONE
2026-09-29T16:39:04.036+00:00,278.228,manual,Manual cook,temp,2100,453.6,,esp32,,0,,,,,,,,,,,,1,450.0,33.0,0.0,0,NONE
2026-09-29T16:39:05.036+00:00,279.228,manual,Manual cook,temp,2100,454.1,,esp32,,0,,,,,,,,,,,,1,450.0,17.0,0.0,0,NONE
2026-09-29T16:39:06.036+00:00,280.228,manual,Manual cook,temp,2100,454.1,,esp32,,0,,,,,,,,,,,,1,450.0,10.0,0.0,0,NONE
2026-09-29T16:39:07.036+00:00,281.228,manual,Manual cook,temp,2100,454.1,,esp32,,0,,,,,,,,,,,,1,450.0,41.0,0.0,0,NONE
2026-09-29T16:39:08.036+00:00,282.228,manual,Manual cook,temp,2100,454.5,,esp32,,0,,,,,,,,,,,,1,450.0,8.0,0.0,0,NONE
2026-09-29T16:39:09.035+00:00,283.227,manual,Manual cook,temp,2100,453.6,,esp32,,0,,,,,,,,,,,,1,450.0,32.0,0.0,0,NONE
2026-09-29T16:39:10.035+00:00,284.227,manual,Manual cook,temp,2100,454.1,,esp32,,0,,,,,,,,,,,,1,450.0,34.0,0.0,0,NONE
2026-09-29T16:39:11.035+00:00,285.227,manual,Manual cook,temp,2100,454.1,,esp32,,0,,,,,,,,,,,,1,450.0,8.0,0.0,0,NONE
2026-09-29T16:39:11.535+00:00,285.727,manual,Manual cook,temp,2100,451.9,,esp32,,0,,,,,,,,,,,,1,450.0,17.0,0.0,0,NONE
2026-09-29T16:39:12.535+00:00,286.727,manual,Manual cook,temp,2100,452.8,,esp32,,0,,,,,,,,,,,,1,450.0,13.0,0.0,0,NONE
2026-09-29T16:39:13.535+00:00,287.727,manual,Manual cook,temp,2100,453.6,,esp32,,0,,,,,,,,,,,,1,450.0,0.0,0.0,0,NONE
2026-09-29T16:39:14.036+00:00,288.227,manual,Manual cook,temp,2100,453.6,,esp32,,0,,,,,,,,,,,,1,450.0,8.0,0.0,0,NONE
2026-09-29T16:39:15.035+00:00,289.227,manual,Manual cook,temp,2100,453.6,,esp32,,0,,,,,,,,,,,,1,450.0,18.0,0.0,0,NONE
2026-09-29T16:39:16.035+00:00,290.227,manual,Manual cook,temp,2100,453.2,,esp32,,0,,,,,,,,,,,,1,450.0,18.0,0.0,0,NONE
2026-09-29T16:39:17.035+00:00,291.227,manual,Manual cook,temp,2100,453.6,,esp32,,0,,,,,,,,,,,,1,450.0,10.0,0.0,0,NONE
2026-09-29T16:39:17.535+00:00,291.727,manual,Manual cook,temp,2100,453.2,,esp32,,0,,,,,,,,,,,,1,450.0,25.0,0.0,0,NONE
2026-09-29T16:39:18.035+00:00,292.227,manual,Manual cook,temp,2100,451.9,,esp32,,0,,,,,,,,,,,,1,450.0,34.0,0.0,0,NONE
2026-09-29T16:39:19.035+00:00,293.226,manual,Manual cook,temp,2100,452.8,,esp32,,0,,,,,,,,,,,,1,450.0,5.0,0.0,0,NONE
2026-09-29T16:39:20.036+00:00,294.228,manual,Manual cook,temp,2100,453.6,,esp32,,0,,,,,,,,,,,,1,450.0,25.0,0.0,0,NONE
2026-09-29T16:39:21.035+00:00,295.227,manual,Manual cook,temp,2100,453.6,,esp32,,0,,,,,,,,,,,,1,450.0,33.0,0.0,0,NONE
2026-09-29T16:39:22.035+00:00,296.227,manual,Manual cook,temp,2100,453.2,,esp32,,0,,,,,,,,,,,,1,450.0,33.0,0.0,0,NONE
2026-09-29T16:39:23.035+00:00,297.226,manual,Manual cook,temp,2100,453.6,,esp32,,0,,,,,,,,,,,,1,450.0,10.0,0.0,0,NONE
2026-09-29T16:39:23.535+00:00,297.727,manual,Manual cook,temp,2100,453.6,,esp32,,0,,,,,,,,,,,,1,450.0,17.0,0.0,0,NONE
2026-09-29T16:39:24.535+00:00,298.726,manual,Manual cook,temp,2100,453.6,,esp32,,0,,,,,,,,,,,,1,450.0,17.0,0.0,0,NONE
2026-09-29T16:39:25.035+00:00,299.226,manual,Manual cook,temp,2100,453.2,,esp32,,0,,,,,,,,,,,,1,450.0,25.0,0.0,0,NONE
2026-09-29T16:39:26.036+00:00,300.227,manual,Manual cook,temp,2100,454.5,,esp32,,0,,,,,,,,,,,,1,450.0,1.0,0.0,0,NONE
2026-09-29T16:39:26.536+00:00,300.727,manual,Manual cook,temp,2100,454.1,,esp32,,0,,,,,,,,,,,,1,450.0,23.0,0.0,0,NONE
2026-09-29T16:39:27.535+00:00,301.726,manual,Manual cook,temp,2100,454.1,,esp32,,0,,,,,,,,,,,,1,450.0,16.0,0.0,0,NONE
2026-09-29T16:39:28.535+00:00,302.726,manual,Manual cook,temp,2100,454.1,,esp32,,0,,,,,,,,,,,,1,450.0,16.0,0.0,0,NONE
2026-09-29T16:39:29.535+00:00,303.727,manual,Manual cook,temp,2100,453.6,,esp32,,0,,,,,,,,,,,,1,450.0,24.0,0.0,0,NONE
2026-09-29T16:39:30.535+00:00,304.727,manual,Manual cook,temp,2100,453.2,,esp32,,0,,,,,,,,,,,,1,450.0,8.0,0.0,0,NONE
2026-09-29T16:39:31.535+00:00,305.726,manual,Manual cook,temp,2100,455.0,,esp32,,0,,,,,,,,,,,,1,450.0,0.0,0.0,0,NONE
2026-09-29T16:39:32.036+00:00,306.227,manual,Manual cook,temp,2100,454.5,,esp32,,0,,,,,,,,,,,,1,450.0,8.0,0.0,0,NONE
2026-09-29T16:39:32.536+00:00,306.727,manual,Manual cook,temp,2100,454.5,,esp32,,0,,,,,,,,,,,,1,450.0,15.0,0.0,0,NONE
2026-09-29T16:39:33.536+00:00,307.727,manual,Manual cook,temp,2100,454.5,,esp32,,0,,,,,,,,,,,,1,450.0,0.0,0.0,0,NONE
2026-09-29T16:39:34.535+00:00,308.726,manual,Manual cook,temp,2100,454.5,,esp32,,0,,,,,,,,,,,,1,450.0,14.0,0.0,0,NONE
2026-09-29T16:39:35.535+00:00,309.727,manual,Manual cook,temp,2100,454.1,,esp32,,0,,,,,,,,,,,,1,450.0,15.0,0.0,0,NONE
2026-09-29T16:39:36.535+00:00,310.726,manual,Manual cook,temp,2100,454.1,,esp32,,0,,,,,,,,,,,,1,450.0,8.0,0.0,0,NONE
2026-09-29T16:39:37.035+00:00,311.226,manual,Manual cook,temp,2100,454.1,,esp32,,0,,,,,,,,,,,,1,450.0,23.0,0.0,0,NONE
2026-09-29T16:39:38.035+00:00,312.226,manual,Manual cook,temp,2100,454.1,,esp32,,0,,,,,,,,,,,,1,450.0,15.0,0.0,0,NONE
2026-09-29T16:39:39.035+00:00,313.226,manual,Manual cook,temp,2100,452.8,,esp32,,0,,,,,,,,,,,,1,450.0,32.0,0.0,0,NONE
2026-09-29T16:39:39.536+00:00,313.727,manual,Manual cook,temp,2100,454.1,,esp32,,0,,,,,,,,,,,,1,450.0,0.0,0.0,0,NONE
2026-09-29T16:39:40.535+00:00,314.726,manual,Manual cook,temp,2100,454.1,,esp32,,0,,,,,,,,,,,,1,450.0,0.0,0.0,0,NONE
2026-09-29T16:39:41.535+00:00,315.726,manual,Manual cook,temp,2100,454.5,,esp32,,0,,,,,,,,,,,,1,450.0,7.0,0.0,0,NONE
2026-09-29T16:39:42.035+00:00,316.226,manual,Manual cook,temp,2100,453.6,,esp32,,0,,,,,,,,,,,,1,450.0,22.0,0.0,0,NONE
2026-09-29T16:39:43.035+00:00,317.226,manual,Manual cook,temp,2100,454.1,,esp32,,0,,,,,,,,,,,,1,450.0,7.0,0.0,0,NONE
2026-09-29T16:39:43.535+00:00,317.726,manual,Manual cook,temp,2100,454.1,,esp32,,0,,,,,,,,,,,,1,450.0,15.0,0.0,0,NONE
2026-09-29T16:39:44.035+00:00,318.226,manual,Manual cook,temp,2100,453.6,,esp32,,0,,,,,,,,,,,,1,450.0,23.0,0.0,0,NONE
2026-09-29T16:39:45.035+00:00,319.227,manual,Manual cook,temp,2100,454.1,,esp32,,0,,,,,,,,,,,,1,450.0,7.0,0.0,0,NONE
2026-09-29T16:39:45.536+00:00,319.727,manual,Manual cook,temp,2100,453.6,,esp32,,0,,,,,,,,,,,,1,450.0,39.0,0.0,0,NONE
2026-09-29T16:39:46.535+00:00,320.726,manual,Manual cook,temp,2100,454.1,,esp32,,0,,,,,,,,,,,,1,450.0,7.0,0.0,0,NONE
2026-09-29T16:39:47.535+00:00,321.726,manual,Manual cook,temp,2100,454.1,,esp32,,0,,,,,,,,,,,,1,450.0,21.0,0.0,0,NONE
2026-09-29T16:39:48.035+00:00,322.226,manual,Manual cook,temp,2100,454.1,,esp32,,0,,,,,,,,,,,,1,450.0,14.0,0.0,0,NONE
2026-09-29T16:39:48.535+00:00,322.726,manual,Manual cook,temp,2100,454.1,,esp32,,0,,,,,,,,,,,,1,450.0,30.0,0.0,0,NONE
2026-09-29T16:39:49.535+00:00,323.726,manual,Manual cook,temp,2100,453.2,,esp32,,0,,,,,,,,,,,,1,450.0,8.0,0.0,0,NONE
2026-09-29T16:39:50.035+00:00,324.226,manual,Manual cook,temp,2100,453.2,,esp32,,0,,,,,,,,,,,,1,450.0,16.0,0.0,0,NONE
2026-09-29T16:39:51.035+00:00,325.226,manual,Manual cook,temp,2100,453.6,,esp32,,0,,,,,,,,,,,,1,450.0,8.0,0.0,0,NONE
2026-09-29T16:39:51.535+00:00,325.726,manual,Manual cook,temp,2100,454.1,,esp32,,0,,,,,,,,,,,,1,450.0,0.0,0.0,0,NONE
2026-09-29T16:39:52.535+00:00,326.726,manual,Manual cook,temp,2100,454.1,,esp32,,0,,,,,,,,,,,,1,450.0,14.0,0.0,0,NONE
2026-09-29T16:39:53.535+00:00,327.726,manual,Manual cook,temp,2100,454.5,,esp32,,0,,,,,,,,,,,,1,450.0,30.0,0.0,0,NONE
2026-09-29T16:39:54.535+00:00,328.726,manual,Manual cook,temp,2100,453.2,,esp32,,0,,,,,,,,,,,,1,450.0,8.0,0.0,0,NONE
2026-09-29T16:39:55.035+00:00,329.226,manual,Manual cook,temp,2100,452.8,,esp32,,0,,,,,,,,,,,,1,450.0,24.0,0.0,0,NONE
2026-09-29T16:39:56.035+00:00,330.227,manual,Manual cook,temp,2100,453.2,,esp32,,0,,,,,,,,,,,,1,450.0,8.0,0.0,0,NONE
2026-09-29T16:39:56.536+00:00,330.727,manual,Manual cook,temp,2100,453.2,,esp32,,0,,,,,,,,,,,,1,450.0,16.0,0.0,0,NONE
2026-09-29T16:39:57.536+00:00,331.727,manual,Manual cook,temp,2100,453.2,,esp32,,0,,,,,,,,,,,,1,450.0,23.0,0.0,0,NONE
2026-09-29T16:39:58.535+00:00,332.727,manual,Manual cook,temp,2100,453.2,,esp32,,0,,,,,,,,,,,,1,450.0,15.0,0.0,0,NONE
2026-09-29T16:39:59.534+00:00,333.726,manual,Manual cook,temp,2100,452.3,,esp32,,0,,,,,,,,,,,,1,450.0,3.0,0.0,0,NONE
2026-09-29T16:40:00.035+00:00,334.226,manual,Manual cook,temp,2100,452.3,,esp32,,0,,,,,,,,,,,,1,450.0,17.0,0.0,0,NONE
2026-09-29T16:40:00.535+00:00,334.726,manual,Manual cook,temp,2100,451.9,,esp32,,0,,,,,,,,,,,,1,450.0,25.0,0.0,0,NONE
2026-09-29T16:40:01.035+00:00,335.226,manual,Manual cook,temp,2100,453.2,,esp32,,0,,,,,,,,,,,,1,450.0,2.0,0.0,0,NONE
2026-09-29T16:40:02.035+00:00,336.226,manual,Manual cook,temp,2100,452.8,,esp32,,0,,,,,,,,,,,,1,450.0,15.0,0.0,0,NONE
2026-09-29T16:40:03.034+00:00,337.226,manual,Manual cook,temp,2100,451.9,,esp32,,0,,,,,,,,,,,,1,450.0,32.0,0.0,0,NONE
2026-09-29T16:40:04.035+00:00,338.227,manual,Manual cook,temp,2100,453.2,,esp32,,0,,,,,,,,,,,,1,450.0,9.0,0.0,0,NONE
2026-09-29T16:40:04.535+00:00,338.727,manual,Manual cook,temp,2100,453.2,,esp32,,0,,,,,,,,,,,,1,450.0,8.0,0.0,0,NONE
2026-09-29T16:40:05.535+00:00,339.726,manual,Manual cook,temp,2100,452.3,,esp32,,0,,,,,,,,,,,,1,450.0,31.0,0.0,0,NONE
2026-09-29T16:40:06.535+00:00,340.727,manual,Manual cook,temp,2100,452.3,,esp32,,0,,,,,,,,,,,,1,450.0,31.0,0.0,0,NONE
2026-09-29T16:40:07.535+00:00,341.726,manual,Manual cook,temp,2100,452.8,,esp32,,0,,,,,,,,,,,,1,450.0,16.0,0.0,0,NONE
2026-09-29T16:40:08.035+00:00,342.226,manual,Manual cook,temp,2100,452.8,,esp32,,0,,,,,,,,,,,,1,450.0,16.0,0.0,0,NONE
2026-09-29T16:40:09.034+00:00,343.226,manual,Manual cook,temp,2100,452.8,,esp32,,0,,,,,,,,,,,,1,450.0,16.0,0.0,0,NONE
2026-09-29T16:40:10.034+00:00,344.226,manual,Manual cook,temp,2100,453.2,,esp32,,0,,,,,,,,,,,,1,450.0,0.0,0.0,0,NONE
2026-09-29T16:40:10.534+00:00,344.726,manual,Manual cook,temp,2100,452.3,,esp32,,0,,,,,,,,,,,,1,450.0,8.0,0.0,0,NONE
2026-09-29T16:40:12.035+00:00,346.227,manual,Manual cook,temp,2100,452.8,,esp32,,0,,,,,,,,,,,,1,450.0,16.0,0.0,0,NONE
2026-09-29T16:40:13.035+00:00,347.226,manual,Manual cook,temp,2100,452.8,,esp32,,0,,,,,,,,,,,,1,450.0,16.0,0.0,0,NONE
2026-09-29T16:40:14.035+00:00,348.226,manual,Manual cook,temp,2100,452.3,,esp32,,0,,,,,,,,,,,,1,450.0,16.0,0.0,0,NONE
2026-09-29T16:40:14.535+00:00,348.727,manual,Manual cook,temp,2100,452.3,,esp32,,0,,,,,,,,,,,,1,450.0,16.0,0.0,0,NONE
2026-09-29T16:40:15.535+00:00,349.727,manual,Manual cook,temp,2100,451.9,,esp32,,0,,,,,,,,,,,,1,450.0,32.0,0.0,0,NONE
2026-09-29T16:40:16.534+00:00,350.726,manual,Manual cook,temp,2100,452.8,,esp32,,0,,,,,,,,,,,,1,450.0,15.0,0.0,0,NONE
2026-09-29T16:40:17.534+00:00,351.726,manual,Manual cook,temp,2100,452.3,,esp32,,0,,,,,,,,,,,,1,450.0,24.0,0.0,0,NONE
2026-09-29T16:40:18.534+00:00,352.726,manual,Manual cook,temp,2100,452.8,,esp32,,0,,,,,,,,,,,,1,450.0,15.0,0.0,0,NONE
2026-09-29T16:40:19.534+00:00,353.726,manual,Manual cook,temp,2100,452.8,,esp32,,0,,,,,,,,,,,,1,450.0,15.0,0.0,0,NONE
2026-09-29T16:40:20.534+00:00,354.726,manual,Manual cook,temp,2100,452.8,,esp32,,0,,,,,,,,,,,,1,450.0,15.0,0.0,0,NONE
2026-09-29T16:40:21.034+00:00,355.226,manual,Manual cook,temp,2100,453.2,,esp32,,0,,,,,,,,,,,,1,450.0,15.0,0.0,0,NONE
2026-09-29T16:40:21.535+00:00,355.726,manual,Manual cook,temp,2100,453.2,,esp32,,0,,,,,,,,,,,,1,450.0,7.0,0.0,0,NONE
2026-09-29T16:40:22.534+00:00,356.726,manual,Manual cook,temp,2100,452.8,,esp32,,0,,,,,,,,,,,,1,450.0,22.0,0.0,0,NONE
2026-09-29T16:40:23.534+00:00,357.726,manual,Manual cook,temp,2100,453.2,,esp32,,0,,,,,,,,,,,,1,450.0,14.0,0.0,0,NONE
2026-09-29T16:40:24.034+00:00,358.226,manual,Manual cook,temp,2100,453.6,,esp32,,0,,,,,,,,,,,,1,450.0,14.0,0.0,0,NONE
2026-09-29T16:40:25.034+00:00,359.226,manual,Manual cook,temp,2100,453.6,,esp32,,0,,,,,,,,,,,,1,450.0,21.0,0.0,0,NONE
2026-09-29T16:40:26.034+00:00,360.225,manual,Manual cook,temp,2100,453.6,,esp32,,0,,,,,,,,,,,,1,450.0,13.0,0.0,0,NONE
2026-09-29T16:40:26.534+00:00,360.726,manual,Manual cook,temp,2100,453.6,,esp32,,0,,,,,,,,,,,,1,450.0,13.0,0.0,0,NONE
2026-09-29T16:40:27.035+00:00,361.226,manual,Manual cook,temp,2100,453.6,,esp32,,0,,,,,,,,,,,,1,450.0,13.0,0.0,0,NONE
2026-09-29T16:40:28.035+00:00,362.226,manual,Manual cook,temp,2100,454.1,,esp32,,0,,,,,,,,,,,,1,450.0,8.0,0.0,0,NONE
2026-09-29T16:40:29.034+00:00,363.225,manual,Manual cook,temp,2100,454.5,,esp32,,0,,,,,,,,,,,,1,450.0,0.0,0.0,0,NONE
2026-09-29T16:40:29.534+00:00,363.725,manual,Manual cook,temp,2100,453.6,,esp32,,0,,,,,,,,,,,,1,450.0,8.0,0.0,0,NONE
2026-09-29T16:40:30.034+00:00,364.226,manual,Manual cook,temp,2100,454.1,,esp32,,0,,,,,,,,,,,,1,450.0,27.0,0.0,0,NONE
2026-09-29T16:40:31.034+00:00,365.225,manual,Manual cook,temp,2100,454.5,,esp32,,0,,,,,,,,,,,,1,450.0,4.0,0.0,0,NONE
2026-09-29T16:40:31.534+00:00,365.725,manual,Manual cook,temp,2100,454.5,,esp32,,0,,,,,,,,,,,,1,450.0,11.0,0.0,0,NONE
2026-09-29T16:40:32.034+00:00,366.226,manual,Manual cook,temp,2100,452.8,,esp32,,0,,,,,,,,,,,,1,450.0,43.0,0.0,0,NONE
2026-09-29T16:40:33.034+00:00,367.225,manual,Manual cook,temp,2100,454.5,,esp32,,0,,,,,,,,,,,,1,450.0,8.0,0.0,0,NONE
2026-09-29T16:40:33.535+00:00,367.726,manual,Manual cook,temp,2100,454.5,,esp32,,0,,,,,,,,,,,,1,450.0,19.0,0.0,0,NONE
2026-09-29T16:40:34.535+00:00,368.726,manual,Manual cook,temp,2100,454.5,,esp32,,0,,,,,,,,,,,,1,450.0,11.0,0.0,0,NONE
2026-09-29T16:40:35.534+00:00,369.725,manual,Manual cook,temp,2100,454.1,,esp32,,0,,,,,,,,,,,,1,450.0,12.0,0.0,0,NONE
2026-09-29T16:40:36.534+00:00,370.725,manual,Manual cook,temp,2100,454.5,,esp32,,0,,,,,,,,,,,,1,450.0,11.0,0.0,0,NONE
2026-09-29T16:40:37.034+00:00,371.225,manual,Manual cook,temp,2100,454.1,,esp32,,0,,,,,,,,,,,,1,450.0,19.0,0.0,0,NONE
2026-09-29T16:40:38.034+00:00,372.225,manual,Manual cook,temp,2100,454.5,,esp32,,0,,,,,,,,,,,,1,450.0,3.0,0.0,0,NONE
2026-09-29T16:40:38.534+00:00,372.725,manual,Manual cook,temp,2100,454.5,,esp32,,0,,,,,,,,,,,,1,450.0,2.0,0.0,0,NONE
2026-09-29T16:40:39.034+00:00,373.225,manual,Manual cook,temp,2100,455.0,,esp32,,0,,,,,,,,,,,,1,450.0,18.0,0.0,0,NONE
2026-09-29T16:40:40.035+00:00,374.226,manual,Manual cook,temp,2100,455.0,,esp32,,0,,,,,,,,,,,,1,450.0,9.0,0.0,0,NONE
2026-09-29T16:40:41.034+00:00,375.225,manual,Manual cook,temp,2100,455.0,,esp32,,0,,,,,,,,,,,,1,450.0,9.0,0.0,0,NONE
2026-09-29T16:40:41.534+00:00,375.725,manual,Manual cook,temp,2100,454.5,,esp32,,0,,,,,,,,,,,,1,450.0,17.0,0.0,0,NONE
2026-09-29T16:40:42.034+00:00,376.225,manual,Manual cook,temp,2100,455.0,,esp32,,0,,,,,,,,,,,,1,450.0,18.0,0.0,0,NONE
2026-09-29T16:40:43.034+00:00,377.225,manual,Manual cook,temp,2100,455.0,,esp32,,0,,,,,,,,,,,,1,450.0,8.0,0.0,0,NONE
2026-09-29T16:40:43.534+00:00,377.725,manual,Manual cook,temp,2100,454.5,,esp32,,0,,,,,,,,,,,,1,450.0,17.0,0.0,0,NONE
2026-09-29T16:40:44.534+00:00,378.725,manual,Manual cook,temp,2100,455.0,,esp32,,0,,,,,,,,,,,,1,450.0,9.0,0.0,0,NONE
2026-09-29T16:40:45.034+00:00,379.225,manual,Manual cook,temp,2100,454.5,,esp32,,0,,,,,,,,,,,,1,450.0,1.0,0.0,0,NONE
2026-09-29T16:40:45.534+00:00,379.725,manual,Manual cook,temp,2100,454.5,,esp32,,0,,,,,,,,,,,,1,450.0,24.0,0.0,0,NONE
2026-09-29T16:40:46.035+00:00,380.226,manual,Manual cook,temp,2100,454.5,,esp32,,0,,,,,,,,,,,,1,450.0,2.0,0.0,0,NONE
2026-09-29T16:40:47.034+00:00,381.225,manual,Manual cook,temp,2100,454.5,,esp32,,0,,,,,,,,,,,,1,450.0,1.0,0.0,0,NONE
2026-09-29T16:40:48.034+00:00,382.225,manual,Manual cook,temp,2100,454.5,,esp32,,0,,,,,,,,,,,,1,450.0,10.0,0.0,0,NONE
2026-09-29T16:40:49.034+00:00,383.225,manual,Manual cook,temp,2100,454.5,,esp32,,0,,,,,,,,,,,,1,450.0,9.0,0.0,0,NONE
2026-09-29T16:40:49.534+00:00,383.725,manual,Manual cook,temp,2100,454.1,,esp32,,0,,,,,,,,,,,,1,450.0,17.0,0.0,0,NONE
2026-09-29T16:40:50.034+00:00,384.225,manual,Manual cook,temp,2100,453.2,,esp32,,0,,,,,,,,,,,,1,450.0,18.0,0.0,0,NONE
2026-09-29T16:40:51.034+00:00,385.225,manual,Manual cook,temp,2100,453.6,,esp32,,0,,,,,,,,,,,,1,450.0,20.0,0.0,0,NONE
2026-09-29T16:40:52.034+00:00,386.225,manual,Manual cook,temp,2100,454.1,,esp32,,0,,,,,,,,,,,,1,450.0,8.0,0.0,0,NONE
2026-09-29T16:40:53.034+00:00,387.225,manual,Manual cook,temp,2100,453.6,,esp32,,0,,,,,,,,,,,,1,450.0,8.0,0.0,0,NONE
2026-09-29T16:40:53.534+00:00,387.725,manual,Manual cook,temp,2100,453.2,,esp32,,0,,,,,,,,,,,,1,450.0,3.0,0.0,0,NONE
2026-09-29T16:40:54.034+00:00,388.225,manual,Manual cook,temp,2100,453.2,,esp32,,0,,,,,,,,,,,,1,450.0,26.0,0.0,0,NONE
2026-09-29T16:40:55.034+00:00,389.225,manual,Manual cook,temp,2100,453.6,,esp32,,0,,,,,,,,,,,,1,450.0,4.0,0.0,0,NONE
2026-09-29T16:40:55.534+00:00,389.725,manual,Manual cook,temp,2100,453.2,,esp32,,0,,,,,,,,,,,,1,450.0,19.0,0.0,0,NONE
2026-09-29T16:40:56.034+00:00,390.225,manual,Manual cook,temp,2100,453.2,,esp32,,0,,,,,,,,,,,,1,450.0,12.0,0.0,0,NONE
2026-09-29T16:40:56.534+00:00,390.725,manual,Manual cook,temp,2100,453.6,,esp32,,0,,,,,,,,,,,,1,450.0,12.0,0.0,0,NONE
2026-09-29T16:40:57.034+00:00,391.226,manual,Manual cook,temp,2100,453.6,,esp32,,0,,,,,,,,,,,,1,450.0,4.0,0.0,0,NONE
2026-09-29T16:40:57.535+00:00,391.726,manual,Manual cook,temp,2100,453.6,,esp32,,0,,,,,,,,,,,,1,450.0,11.0,0.0,0,NONE
2026-09-29T16:40:58.534+00:00,392.725,manual,Manual cook,temp,2100,453.6,,esp32,,0,,,,,,,,,,,,1,450.0,3.0,0.0,0,NONE
2026-09-29T16:40:59.034+00:00,393.225,manual,Manual cook,temp,2100,452.8,,esp32,,0,,,,,,,,,,,,1,450.0,27.0,0.0,0,NONE
2026-09-29T16:41:00.034+00:00,394.225,manual,Manual cook,temp,2100,453.6,,esp32,,0,,,,,,,,,,,,1,450.0,0.0,0.0,0,NONE
2026-09-29T16:41:00.534+00:00,394.725,manual,Manual cook,temp,2100,453.6,,esp32,,0,,,,,,,,,,,,1,450.0,8.0,0.0,0,NONE
2026-09-29T16:41:01.034+00:00,395.225,manual,Manual cook,temp,2100,453.2,,esp32,,0,,,,,,,,,,,,1,450.0,19.0,0.0,0,NONE
2026-09-29T16:41:01.534+00:00,395.725,manual,Manual cook,temp,2100,453.2,,esp32,,0,,,,,,,,,,,,1,450.0,11.0,0.0,0,NONE
2026-09-29T16:41:02.534+00:00,396.725,manual,Manual cook,temp,2100,452.3,,esp32,,0,,,,,,,,,,,,1,450.0,3.0,0.0,0,NONE
2026-09-29T16:41:03.034+00:00,397.225,manual,Manual cook,temp,2100,453.6,,esp32,,0,,,,,,,,,,,,1,450.0,35.0,0.0,0,NONE
2026-09-29T16:41:04.034+00:00,398.225,manual,Manual cook,temp,2100,452.8,,esp32,,0,,,,,,,,,,,,1,450.0,8.0,0.0,0,NONE
2026-09-29T16:41:04.534+00:00,398.725,manual,Manual cook,temp,2100,453.6,,esp32,,0,,,,,,,,,,,,1,450.0,0.0,0.0,0,NONE
2026-09-29T16:41:05.034+00:00,399.225,manual,Manual cook,temp,2100,453.6,,esp32,,0,,,,,,,,,,,,1,450.0,8.0,0.0,0,NONE
2026-09-29T16:41:06.034+00:00,400.225,manual,Manual cook,temp,2100,452.8,,esp32,,0,,,,,,,,,,,,1,450.0,26.0,0.0,0,NONE
2026-09-29T16:41:07.034+00:00,401.225,manual,Manual cook,temp,2100,452.8,,esp32,,0,,,,,,,,,,,,1,450.0,12.0,0.0,0,NONE
2026-09-29T16:41:08.034+00:00,402.226,manual,Manual cook,temp,2100,453.6,,esp32,,0,,,,,,,,,,,,1,450.0,0.0,0.0,0,NONE
2026-09-29T16:41:09.034+00:00,403.225,manual,Manual cook,temp,2100,453.6,,esp32,,0,,,,,,,,,,,,1,450.0,11.0,0.0,0,NONE
2026-09-29T16:41:10.034+00:00,404.225,manual,Manual cook,temp,2100,452.8,,esp32,,0,,,,,,,,,,,,1,450.0,26.0,0.0,0,NONE
2026-09-29T16:41:11.033+00:00,405.225,manual,Manual cook,temp,2100,453.2,,esp32,,0,,,,,,,,,,,,1,450.0,8.0,0.0,0,NONE
2026-09-29T16:41:11.534+00:00,405.725,manual,Manual cook,temp,2100,453.6,,esp32,,0,,,,,,,,,,,,1,450.0,19.0,0.0,0,NONE
2026-09-29T16:41:12.533+00:00,406.725,manual,Manual cook,temp,2100,453.2,,esp32,,0,,,,,,,,,,,,1,450.0,8.0,0.0,0,NONE
2026-09-29T16:41:13.033+00:00,407.225,manual,Manual cook,temp,2100,453.2,,esp32,,0,,,,,,,,,,,,1,450.0,3.0,0.0,0,NONE
2026-09-29T16:41:13.533+00:00,407.725,manual,Manual cook,temp,2100,453.2,,esp32,,0,,,,,,,,,,,,1,450.0,18.0,0.0,0,NONE
2026-09-29T16:41:14.034+00:00,408.226,manual,Manual cook,temp,2100,453.6,,esp32,,0,,,,,,,,,,,,1,450.0,19.0,0.0,0,NONE
2026-09-29T16:41:15.034+00:00,409.225,manual,Manual cook,temp,2100,452.8,,esp32,,0,,,,,,,,,,,,1,450.0,8.0,0.0,0,NONE
2026-09-29T16:41:15.534+00:00,409.726,manual,Manual cook,temp,2100,452.8,,esp32,,0,,,,,,,,,,,,1,450.0,20.0,0.0,0,NONE
2026-09-29T16:41:16.534+00:00,410.725,manual,Manual cook,temp,2100,451.9,,esp32,,0,,,,,,,,,,,,1,450.0,12.0,0.0,0,NONE
2026-09-29T16:41:17.533+00:00,411.725,manual,Manual cook,temp,2100,452.3,,esp32,,0,,,,,,,,,,,,1,450.0,5.0,0.0,0,NONE
2026-09-29T16:41:18.033+00:00,412.225,manual,Manual cook,temp,2100,451.9,,esp32,,0,,,,,,,,,,,,1,450.0,12.0,0.0,0,NONE
2026-09-29T16:41:19.033+00:00,413.225,manual,Manual cook,temp,2100,451.9,,esp32,,0,,,,,,,,,,,,1,450.0,13.0,0.0,0,NONE
2026-09-29T16:41:19.533+00:00,413.725,manual,Manual cook,temp,2100,452.3,,esp32,,0,,,,,,,,,,,,1,450.0,5.0,0.0,0,NONE
2026-09-29T16:41:20.533+00:00,414.725,manual,Manual cook,temp,2100,452.3,,esp32,,0,,,,,,,,,,,,1,450.0,12.0,0.0,0,NONE
2026-09-29T16:41:21.034+00:00,415.225,manual,Manual cook,temp,2100,452.8,,esp32,,0,,,,,,,,,,,,1,450.0,4.0,0.0,0,NONE
2026-09-29T16:41:21.534+00:00,415.726,manual,Manual cook,temp,2100,452.8,,esp32,,0,,,,,,,,,,,,1,450.0,11.0,0.0,0,NONE
2026-09-29T16:41:22.533+00:00,416.725,manual,Manual cook,temp,2100,453.2,,esp32,,0,,,,,,,,,,,,1,450.0,3.0,0.0,0,NONE
2026-09-29T16:41:23.533+00:00,417.725,manual,Manual cook,temp,2100,452.8,,esp32,,0,,,,,,,,,,,,1,450.0,18.0,0.0,0,NONE
2026-09-29T16:41:24.533+00:00,418.725,manual,Manual cook,temp,2100,453.6,,esp32,,0,,,,,,,,,,,,1,450.0,2.0,0.0,0,NONE
2026-09-29T16:41:25.033+00:00,419.225,manual,Manual cook,temp,2100,453.6,,esp32,,0,,,,,,,,,,,,1,450.0,9.0,0.0,0,NONE
2026-09-29T16:41:26.033+00:00,420.225,manual,Manual cook,temp,2100,452.8,,esp32,,0,,,,,,,,,,,,1,450.0,25.0,0.0,0,NONE
2026-09-29T16:41:27.034+00:00,421.225,manual,Manual cook,temp,2100,453.2,,esp32,,0,,,,,,,,,,,,1,450.0,0.0,0.0,0,NONE
2026-09-29T16:41:27.534+00:00,421.726,manual,Manual cook,temp,2100,453.2,,esp32,,0,,,,,,,,,,,,1,450.0,3.0,0.0,0,NONE
2026-09-29T16:41:28.534+00:00,422.726,manual,Manual cook,temp,2100,452.8,,esp32,,0,,,,,,,,,,,,1,450.0,11.0,0.0,0,NONE
2026-09-29T16:41:29.534+00:00,423.725,manual,Manual cook,temp,2100,452.3,,esp32,,0,,,,,,,,,,,,1,450.0,19.0,0.0,0,NONE
2026-09-29T16:41:30.534+00:00,424.725,manual,Manual cook,temp,2100,453.2,,esp32,,0,,,,,,,,,,,,1,450.0,8.0,0.0,0,NONE
2026-09-29T16:41:31.534+00:00,425.726,manual,Manual cook,temp,2100,453.6,,esp32,,0,,,,,,,,,,,,1,450.0,10.0,0.0,0,NONE
2026-09-29T16:41:32.534+00:00,426.726,manual,Manual cook,temp,2100,453.6,,esp32,,0,,,,,,,,,,,,1,450.0,17.0,0.0,0,NONE
2026-09-29T16:41:33.534+00:00,427.726,manual,Manual cook,temp,2100,453.6,,esp32,,0,,,,,,,,,,,,1,450.0,9.0,0.0,0,NONE
2026-09-29T16:41:34.533+00:00,428.725,manual,Manual cook,temp,2100,453.2,,esp32,,0,,,,,,,,,,,,1,450.0,17.0,0.0,0,NONE
2026-09-29T16:41:35.033+00:00,429.225,manual,Manual cook,temp,2100,451.9,,esp32,,0,,,,,,,,,,,,1,450.0,10.0,0.0,0,NONE
2026-09-29T16:41:36.033+00:00,430.225,manual,Manual cook,temp,2100,453.6,,esp32,,0,,,,,,,,,,,,1,450.0,0.0,0.0,0,NONE
2026-09-29T16:41:37.533+00:00,431.724,manual,Manual cook,temp,2100,452.8,,esp32,,0,,,,,,,,,,,,1,450.0,18.0,0.0,0,NONE
2026-09-29T16:41:38.033+00:00,432.225,manual,Manual cook,temp,2100,453.2,,esp32,,0,,,,,,,,,,,,1,450.0,19.0,0.0,0,NONE
2026-09-29T16:41:39.034+00:00,433.225,manual,Manual cook,temp,2100,453.2,,esp32,,0,,,,,,,,,,,,1,450.0,8.0,0.0,0,NONE
2026-09-29T16:41:39.534+00:00,433.725,manual,Manual cook,temp,2100,453.6,,esp32,,0,,,,,,,,,,,,1,450.0,1.0,0.0,0,NONE
2026-09-29T16:41:40.534+00:00,434.725,manual,Manual cook,temp,2100,452.8,,esp32,,0,,,,,,,,,,,,1,450.0,17.0,0.0,0,NONE
2026-09-29T16:41:41.533+00:00,435.724,manual,Manual cook,temp,2100,453.2,,esp32,,0,,,,,,,,,,,,1,450.0,0.0,0.0,0,NONE
2026-09-29T16:41:42.033+00:00,436.224,manual,Manual cook,temp,2100,453.2,,esp32,,0,,,,,,,,,,,,1,450.0,8.0,0.0,0,NONE
2026-09-29T16:41:43.033+00:00,437.224,manual,Manual cook,temp,2100,453.2,,esp32,,0,,,,,,,,,,,,1,450.0,9.0,0.0,0,NONE
2026-09-29T16:41:44.033+00:00,438.225,manual,Manual cook,temp,2100,452.8,,esp32,,0,,,,,,,,,,,,1,450.0,17.0,0.0,0,NONE
2026-09-29T16:41:45.033+00:00,439.225,manual,Manual cook,temp,2100,452.8,,esp32,,0,,,,,,,,,,,,1,450.0,10.0,0.0,0,NONE
2026-09-29T16:41:46.033+00:00,440.225,manual,Manual cook,temp,2100,452.8,,esp32,,0,,,,,,,,,,,,1,450.0,10.0,0.0,0,NONE
2026-09-29T16:41:46.534+00:00,440.725,manual,Manual cook,temp,2100,452.8,,esp32,,0,,,,,,,,,,,,1,450.0,10.0,0.0,0,NONE
2026-09-29T16:41:47.533+00:00,441.724,manual,Manual cook,temp,2100,451.4,,esp32,,0,,,,,,,,,,,,1,450.0,9.0,0.0,0,NONE
2026-09-29T16:41:48.033+00:00,442.224,manual,Manual cook,temp,2100,451.4,,esp32,,0,,,,,,,,,,,,1,450.0,41.0,0.0,0,NONE
2026-09-29T16:41:49.033+00:00,443.224,manual,Manual cook,temp,2100,452.8,,esp32,,0,,,,,,,,,,,,1,450.0,8.0,0.0,0,NONE
2026-09-29T16:41:50.033+00:00,444.224,manual,Manual cook,temp,2100,453.2,,esp32,,0,,,,,,,,,,,,1,450.0,9.0,0.0,0,NONE
2026-09-29T16:41:51.033+00:00,445.224,manual,Manual cook,temp,2100,453.2,,esp32,,0,,,,,,,,,,,,1,450.0,0.0,0.0,0,NONE
2026-09-29T16:41:52.034+00:00,446.225,manual,Manual cook,temp,2100,452.8,,esp32,,0,,,,,,,,,,,,1,450.0,3.0,0.0,0,NONE
2026-09-29T16:41:52.534+00:00,446.725,manual,Manual cook,temp,2100,452.8,,esp32,,0,,,,,,,,,,,,1,450.0,2.0,0.0,0,NONE
2026-09-29T16:41:53.034+00:00,447.225,manual,Manual cook,temp,2100,452.3,,esp32,,0,,,,,,,,,,,,1,450.0,18.0,0.0,0,NONE
2026-09-29T16:41:54.033+00:00,448.224,manual,Manual cook,temp,2100,452.8,,esp32,,0,,,,,,,,,,,,1,450.0,19.0,0.0,0,NONE
2026-09-29T16:41:55.033+00:00,449.224,manual,Manual cook,temp,2100,452.8,,esp32,,0,,,,,,,,,,,,1,450.0,8.0,0.0,0,NONE
2026-09-29T16:41:55.533+00:00,449.724,manual,Manual cook,temp,2100,452.3,,esp32,,0,,,,,,,,,,,,1,450.0,18.0,0.0,0,NONE
2026-09-29T16:41:56.033+00:00,450.224,manual,Manual cook,temp,2100,452.3,,esp32,,0,,,,,,,,,,,,1,450.0,10.0,0.0,0,NONE
2026-09-29T16:41:57.033+00:00,451.224,manual,Manual cook,temp,2100,451.4,,esp32,,0,,,,,,,,,,,,1,450.0,12.0,0.0,0,NONE
2026-09-29T16:41:58.033+00:00,452.224,manual,Manual cook,temp,2100,451.9,,esp32,,0,,,,,,,,,,,,1,450.0,8.0,0.0,0,NONE
2026-09-29T16:41:58.534+00:00,452.725,manual,Manual cook,temp,2100,452.3,,esp32,,0,,,,,,,,,,,,1,450.0,3.0,0.0,0,NONE
2026-09-29T16:41:59.533+00:00,453.724,manual,Manual cook,temp,2100,451.9,,esp32,,0,,,,,,,,,,,,1,450.0,11.0,0.0,0,NONE
2026-09-29T16:42:00.033+00:00,454.225,manual,Manual cook,temp,2100,451.9,,esp32,,0,,,,,,,,,,,,1,450.0,19.0,0.0,0,NONE
2026-09-29T16:42:01.033+00:00,455.224,manual,Manual cook,temp,2100,451.4,,esp32,,0,,,,,,,,,,,,1,450.0,19.0,0.0,0,NONE
2026-09-29T16:42:02.033+00:00,456.224,manual,Manual cook,temp,2100,451.4,,esp32,,0,,,,,,,,,,,,1,450.0,19.0,0.0,0,NONE
2026-09-29T16:42:03.033+00:00,457.224,manual,Manual cook,temp,2100,451.9,,esp32,,0,,,,,,,,,,,,1,450.0,8.0,0.0,0,NONE
2026-09-29T16:42:04.034+00:00,458.225,manual,Manual cook,temp,2100,451.9,,esp32,,0,,,,,,,,,,,,1,450.0,18.0,0.0,0,NONE
2026-09-29T16:42:05.033+00:00,459.224,manual,Manual cook,temp,2100,451.9,,esp32,,0,,,,,,,,,,,,1,450.0,18.0,0.0,0,NONE
2026-09-29T16:42:06.033+00:00,460.224,manual,Manual cook,temp,2100,451.9,,esp32,,0,,,,,,,,,,,,1,450.0,11.0,0.0,0,NONE
2026-09-29T16:42:07.033+00:00,461.224,manual,Manual cook,temp,2100,451.9,,esp32,,0,,,,,,,,,,,,1,450.0,4.0,0.0,0,NONE
2026-09-29T16:42:07.533+00:00,461.724,manual,Manual cook,temp,2100,452.8,,esp32,,0,,,,,,,,,,,,1,450.0,11.0,0.0,0,NONE
2026-09-29T16:42:08.533+00:00,462.724,manual,Manual cook,temp,2100,452.8,,esp32,,0,,,,,,,,,,,,1,450.0,8.0,0.0,0,NONE
2026-09-29T16:42:09.033+00:00,463.224,manual,Manual cook,temp,2100,452.3,,esp32,,0,,,,,,,,,,,,1,450.0,17.0,0.0,0,NONE
2026-09-29T16:42:09.534+00:00,463.725,manual,Manual cook,temp,2100,452.3,,esp32,,0,,,,,,,,,,,,1,450.0,10.0,0.0,0,NONE
2026-09-29T16:42:10.533+00:00,464.724,manual,Manual cook,temp,2100,452.8,,esp32,,0,,,,,,,,,,,,1,450.0,18.0,0.0,0,NONE
2026-09-29T16:42:11.533+00:00,465.724,manual,Manual cook,temp,2100,451.9,,esp32,,0,,,,,,,,,,,,1,450.0,8.0,0.0,0,NONE
2026-09-29T16:42:12.533+00:00,466.724,manual,Manual cook,temp,2100,452.3,,esp32,,0,,,,,,,,,,,,1,450.0,8.0,0.0,0,NONE
2026-09-29T16:42:13.033+00:00,467.224,manual,Manual cook,temp,2100,451.9,,esp32,,0,,,,,,,,,,,,1,450.0,18.0,0.0,0,NONE
2026-09-29T16:42:13.533+00:00,467.724,manual,Manual cook,temp,2100,451.9,,esp32,,0,,,,,,,,,,,,1,450.0,11.0,0.0,0,NONE
2026-09-29T16:42:14.533+00:00,468.724,manual,Manual cook,temp,2100,452.8,,esp32,,0,,,,,,,,,,,,1,450.0,8.0,0.0,0,NONE
2026-09-29T16:42:15.534+00:00,469.725,manual,Manual cook,temp,2100,452.3,,esp32,,0,,,,,,,,,,,,1,450.0,17.0,0.0,0,NONE
2026-09-29T16:42:16.034+00:00,470.225,manual,Manual cook,temp,2100,451.4,,esp32,,0,,,,,,,,,,,,1,450.0,10.0,0.0,0,NONE
2026-09-29T16:42:17.032+00:00,471.224,manual,Manual cook,temp,2100,452.3,,esp32,,0,,,,,,,,,,,,1,450.0,0.0,0.0,0,NONE
2026-09-29T16:42:18.033+00:00,472.224,manual,Manual cook,temp,2100,452.3,,esp32,,0,,,,,,,,,,,,1,450.0,2.0,0.0,0,NONE
2026-09-29T16:42:19.032+00:00,473.224,manual,Manual cook,temp,2100,451.4,,esp32,,0,,,,,,,,,,,,1,450.0,26.0,0.0,0,NONE
2026-09-29T16:42:20.033+00:00,474.224,manual,Manual cook,temp,2100,451.0,,esp32,,0,,,,,,,,,,,,1,450.0,27.0,0.0,0,NONE
2026-09-29T16:42:21.032+00:00,475.224,manual,Manual cook,temp,2100,451.9,,esp32,,0,,,,,,,,,,,,1,450.0,0.0,0.0,0,NONE
2026-09-29T16:42:21.533+00:00,475.724,manual,Manual cook,temp,2100,451.4,,esp32,,0,,,,,,,,,,,,1,450.0,8.0,0.0,0,NONE
2026-09-29T16:42:22.034+00:00,476.225,manual,Manual cook,temp,2100,451.0,,esp32,,0,,,,,,,,,,,,1,450.0,11.0,0.0,0,NONE
2026-09-29T16:42:23.032+00:00,477.224,manual,Manual cook,temp,2100,451.4,,esp32,,0,,,,,,,,,,,,1,450.0,0.0,0.0,0,NONE
2026-09-29T16:42:24.033+00:00,478.224,manual,Manual cook,temp,2100,451.4,,esp32,,0,,,,,,,,,,,,1,450.0,11.0,0.0,0,NONE
2026-09-29T16:42:25.033+00:00,479.224,manual,Manual cook,temp,2100,451.9,,esp32,,0,,,,,,,,,,,,1,450.0,19.0,0.0,0,NONE
2026-09-29T16:42:26.032+00:00,480.224,manual,Manual cook,temp,2100,451.9,,esp32,,0,,,,,,,,,,,,1,450.0,8.0,0.0,0,NONE
2026-09-29T16:42:26.532+00:00,480.724,manual,Manual cook,temp,2100,451.0,,esp32,,0,,,,,,,,,,,,1,450.0,27.0,0.0,0,NONE
2026-09-29T16:42:27.532+00:00,481.724,manual,Manual cook,temp,2100,451.4,,esp32,,0,,,,,,,,,,,,1,450.0,8.0,0.0,0,NONE
2026-09-29T16:42:28.033+00:00,482.225,manual,Manual cook,temp,2100,451.4,,esp32,,0,,,,,,,,,,,,1,450.0,4.0,0.0,0,NONE
2026-09-29T16:42:29.033+00:00,483.224,manual,Manual cook,temp,2100,451.9,,esp32,,0,,,,,,,,,,,,1,450.0,12.0,0.0,0,NONE
2026-09-29T16:42:30.032+00:00,484.224,manual,Manual cook,temp,2100,451.0,,esp32,,0,,,,,,,,,,,,1,450.0,8.0,0.0,0,NONE
2026-09-29T16:42:30.532+00:00,484.724,manual,Manual cook,temp,2100,451.0,,esp32,,0,,,,,,,,,,,,1,450.0,4.0,0.0,0,NONE
2026-09-29T16:42:31.032+00:00,485.224,manual,Manual cook,temp,2100,451.0,,esp32,,0,,,,,,,,,,,,1,450.0,19.0,0.0,0,NONE
2026-09-29T16:42:31.532+00:00,485.724,manual,Manual cook,temp,2100,451.0,,esp32,,0,,,,,,,,,,,,1,450.0,12.0,0.0,0,NONE
2026-09-29T16:42:32.032+00:00,486.224,manual,Manual cook,temp,2100,451.4,,esp32,,0,,,,,,,,,,,,1,450.0,12.0,0.0,0,NONE
2026-09-29T16:42:33.032+00:00,487.224,manual,Manual cook,temp,2100,451.4,,esp32,,0,,,,,,,,,,,,1,450.0,11.0,0.0,0,NONE
2026-09-29T16:42:34.032+00:00,488.224,manual,Manual cook,temp,2100,450.5,,esp32,,0,,,,,,,,,,,,1,450.0,20.0,0.0,0,NONE
2026-09-29T16:42:35.033+00:00,489.225,manual,Manual cook,temp,2100,451.4,,esp32,,0,,,,,,,,,,,,1,450.0,44.0,0.0,0,NONE
2026-09-29T16:42:36.032+00:00,490.224,manual,Manual cook,temp,2100,451.4,,esp32,,0,,,,,,,,,,,,1,450.0,8.0,0.0,0,NONE
2026-09-29T16:42:36.532+00:00,490.724,manual,Manual cook,temp,2100,451.4,,esp32,,0,,,,,,,,,,,,1,450.0,11.0,0.0,0,NONE
2026-09-29T16:42:37.032+00:00,491.224,manual,Manual cook,temp,2100,450.5,,esp32,,0,,,,,,,,,,,,1,450.0,11.0,0.0,0,NONE
2026-09-29T16:42:38.032+00:00,492.223,manual,Manual cook,temp,2100,451.4,,esp32,,0,,,,,,,,,,,,1,450.0,0.0,0.0,0,NONE
2026-09-29T16:42:38.532+00:00,492.724,manual,Manual cook,temp,2100,451.0,,esp32,,0,,,,,,,,,,,,1,450.0,8.0,0.0,0,NONE
2026-09-29T16:42:39.532+00:00,493.723,manual,Manual cook,temp,2100,451.4,,esp32,,0,,,,,,,,,,,,1,450.0,4.0,0.0,0,NONE
2026-09-29T16:42:40.032+00:00,494.223,manual,Manual cook,temp,2100,451.9,,esp32,,0,,,,,,,,,,,,1,450.0,3.0,0.0,0,NONE
2026-09-29T16:42:40.533+00:00,494.724,manual,Manual cook,temp,2100,451.0,,esp32,,0,,,,,,,,,,,,1,450.0,26.0,0.0,0,NONE
2026-09-29T16:42:41.033+00:00,495.225,manual,Manual cook,temp,2100,451.9,,esp32,,0,,,,,,,,,,,,1,450.0,12.0,0.0,0,NONE
2026-09-29T16:42:42.033+00:00,496.224,manual,Manual cook,temp,2100,451.0,,esp32,,0,,,,,,,,,,,,1,450.0,8.0,0.0,0,NONE
2026-09-29T16:42:42.533+00:00,496.724,manual,Manual cook,temp,2100,451.4,,esp32,,0,,,,,,,,,,,,1,450.0,4.0,0.0,0,NONE
2026-09-29T16:42:43.532+00:00,497.723,manual,Manual cook,temp,2100,451.4,,esp32,,0,,,,,,,,,,,,1,450.0,11.0,0.0,0,NONE
2026-09-29T16:42:44.532+00:00,498.723,manual,Manual cook,temp,2100,451.0,,esp32,,0,,,,,,,,,,,,1,450.0,12.0,0.0,0,NONE
2026-09-29T16:42:45.532+00:00,499.723,manual,Manual cook,temp,2100,451.4,,esp32,,0,,,,,,,,,,,,1,450.0,8.0,0.0,0,NONE
2026-09-29T16:42:46.032+00:00,500.223,manual,Manual cook,temp,2100,451.0,,esp32,,0,,,,,,,,,,,,1,450.0,19.0,0.0,0,NONE
2026-09-29T16:42:47.032+00:00,501.223,manual,Manual cook,temp,2100,452.3,,esp32,,0,,,,,,,,,,,,1,450.0,2.0,0.0,0,NONE
2026-09-29T16:42:47.532+00:00,501.723,manual,Manual cook,temp,2100,451.9,,esp32,,0,,,,,,,,,,,,1,450.0,17.0,0.0,0,NONE
2026-09-29T16:42:48.033+00:00,502.224,manual,Manual cook,temp,2100,451.9,,esp32,,0,,,,,,,,,,,,1,450.0,10.0,0.0,0,NONE
2026-09-29T16:42:49.032+00:00,503.224,manual,Manual cook,temp,2100,451.4,,esp32,,0,,,,,,,,,,,,1,450.0,18.0,0.0,0,NONE
2026-09-29T16:42:50.032+00:00,504.223,manual,Manual cook,temp,2100,451.4,,esp32,,0,,,,,,,,,,,,1,450.0,11.0,0.0,0,NONE
2026-09-29T16:42:50.532+00:00,504.724,manual,Manual cook,temp,2100,451.0,,esp32,,0,,,,,,,,,,,,1,450.0,19.0,0.0,0,NONE
2026-09-29T16:42:51.532+00:00,505.723,manual,Manual cook,temp,2100,451.9,,esp32,,0,,,,,,,,,,,,1,450.0,3.0,0.0,0,NONE
2026-09-29T16:42:52.032+00:00,506.223,manual,Manual cook,temp,2100,451.4,,esp32,,0,,,,,,,,,,,,1,450.0,18.0,0.0,0,NONE
2026-09-29T16:42:52.532+00:00,506.723,manual,Manual cook,temp,2100,452.3,,esp32,,0,,,,,,,,,,,,1,450.0,0.0,0.0,0,NONE
2026-09-29T16:42:53.532+00:00,507.723,manual,Manual cook,temp,2100,452.3,,esp32,,0,,,,,,,,,,,,1,450.0,9.0,0.0,0,NONE
2026-09-29T16:42:54.033+00:00,508.224,manual,Manual cook,temp,2100,452.8,,esp32,,0,,,,,,,,,,,,1,450.0,1.0,0.0,0,NONE
2026-09-29T16:42:54.533+00:00,508.724,manual,Manual cook,temp,2100,452.3,,esp32,,0,,,,,,,,,,,,1,450.0,40.0,0.0,0,NONE
2026-09-29T16:42:55.533+00:00,509.724,manual,Manual cook,temp,2100,452.3,,esp32,,0,,,,,,,,,,,,1,450.0,8.0,0.0,0,NONE
2026-09-29T16:42:56.533+00:00,510.724,manual,Manual cook,temp,2100,451.4,,esp32,,0,,,,,,,,,,,,1,450.0,25.0,0.0,0,NONE
2026-09-29T16:42:57.532+00:00,511.723,manual,Manual cook,temp,2100,451.9,,esp32,,0,,,,,,,,,,,,1,450.0,8.0,0.0,0,NONE
2026-09-29T16:42:58.032+00:00,512.223,manual,Manual cook,temp,2100,452.3,,esp32,,0,,,,,,,,,,,,1,450.0,2.0,0.0,0,NONE
2026-09-29T16:42:58.532+00:00,512.723,manual,Manual cook,temp,2100,451.9,,esp32,,0,,,,,,,,,,,,1,450.0,17.0,0.0,0,NONE
2026-09-29T16:42:59.032+00:00,513.223,manual,Manual cook,temp,2100,451.4,,esp32,,0,,,,,,,,,,,,1,450.0,18.0,0.0,0,NONE
2026-09-29T16:42:59.532+00:00,513.723,manual,Manual cook,temp,2100,451.0,,esp32,,0,,,,,,,,,,,,1,450.0,11.0,0.0,0,NONE
2026-09-29T16:43:00.532+00:00,514.723,manual,Manual cook,temp,2100,451.0,,esp32,,0,,,,,,,,,,,,1,450.0,11.0,0.0,0,NONE
2026-09-29T16:43:01.532+00:00,515.723,manual,Manual cook,temp,2100,451.4,,esp32,,0,,,,,,,,,,,,1,450.0,3.0,0.0,0,NONE
2026-09-29T16:43:02.033+00:00,516.224,manual,Manual cook,temp,2100,451.4,,esp32,,0,,,,,,,,,,,,1,450.0,11.0,0.0,0,NONE
2026-09-29T16:43:03.033+00:00,517.224,manual,Manual cook,temp,2100,451.4,,esp32,,0,,,,,,,,,,,,1,450.0,18.0,0.0,0,NONE
2026-09-29T16:43:04.033+00:00,518.224,manual,Manual cook,temp,2100,451.0,,esp32,,0,,,,,,,,,,,,1,450.0,19.0,0.0,0,NONE
2026-09-29T16:43:04.533+00:00,518.724,manual,Manual cook,temp,2100,451.4,,esp32,,0,,,,,,,,,,,,1,450.0,11.0,0.0,0,NONE
2026-09-29T16:43:05.532+00:00,519.723,manual,Manual cook,temp,2100,451.0,,esp32,,0,,,,,,,,,,,,1,450.0,19.0,0.0,0,NONE
2026-09-29T16:43:06.032+00:00,520.223,manual,Manual cook,temp,2100,452.3,,esp32,,0,,,,,,,,,,,,1,450.0,0.0,0.0,0,NONE
2026-09-29T16:43:07.032+00:00,521.223,manual,Manual cook,temp,2100,452.3,,esp32,,0,,,,,,,,,,,,1,450.0,1.0,0.0,0,NONE
2026-09-29T16:43:08.032+00:00,522.223,manual,Manual cook,temp,2100,451.9,,esp32,,0,,,,,,,,,,,,1,450.0,17.0,0.0,0,NONE
2026-09-29T16:43:09.032+00:00,523.223,manual,Manual cook,temp,2100,451.9,,esp32,,0,,,,,,,,,,,,1,450.0,9.0,0.0,0,NONE
2026-09-29T16:43:09.532+00:00,523.723,manual,Manual cook,temp,2100,451.9,,esp32,,0,,,,,,,,,,,,1,450.0,17.0,0.0,0,NONE
2026-09-29T16:43:10.033+00:00,524.224,manual,Manual cook,temp,2100,451.9,,esp32,,0,,,,,,,,,,,,1,450.0,2.0,0.0,0,NONE
2026-09-29T16:43:11.032+00:00,525.223,manual,Manual cook,temp,2100,452.3,,esp32,,0,,,,,,,,,,,,1,450.0,8.0,0.0,0,NONE
2026-09-29T16:43:11.532+00:00,525.723,manual,Manual cook,temp,2100,451.9,,esp32,,0,,,,,,,,,,,,1,450.0,17.0,0.0,0,NONE
2026-09-29T16:43:12.532+00:00,526.723,manual,Manual cook,temp,2100,451.9,,esp32,,0,,,,,,,,,,,,1,450.0,9.0,0.0,0,NONE
2026-09-29T16:43:13.532+00:00,527.723,manual,Manual cook,temp,2100,451.4,,esp32,,0,,,,,,,,,,,,1,450.0,17.0,0.0,0,NONE
2026-09-29T16:43:14.532+00:00,528.723,manual,Manual cook,temp,2100,452.3,,esp32,,0,,,,,,,,,,,,1,450.0,8.0,0.0,0,NONE
2026-09-29T16:43:15.032+00:00,529.223,manual,Manual cook,temp,2100,451.9,,esp32,,0,,,,,,,,,,,,1,450.0,16.0,0.0,0,NONE
2026-09-29T16:43:15.533+00:00,529.724,manual,Manual cook,temp,2100,451.0,,esp32,,0,,,,,,,,,,,,1,450.0,9.0,0.0,0,NONE
2026-09-29T16:43:16.532+00:00,530.723,manual,Manual cook,temp,2100,452.8,,esp32,,0,,,,,,,,,,,,1,450.0,0.0,0.0,0,NONE
2026-09-29T16:43:17.532+00:00,531.723,manual,Manual cook,temp,2100,452.3,,esp32,,0,,,,,,,,,,,,1,450.0,15.0,0.0,0,NONE
2026-09-29T16:43:18.532+00:00,532.723,manual,Manual cook,temp,2100,451.4,,esp32,,0,,,,,,,,,,,,1,450.0,24.0,0.0,0,NONE
2026-09-29T16:43:19.032+00:00,533.223,manual,Manual cook,temp,2100,451.4,,esp32,,0,,,,,,,,,,,,1,450.0,10.0,0.0,0,NONE
2026-09-29T16:43:20.032+00:00,534.223,manual,Manual cook,temp,2100,451.9,,esp32,,0,,,,,,,,,,,,1,450.0,8.0,0.0,0,NONE
2026-09-29T16:43:21.032+00:00,535.223,manual,Manual cook,temp,2100,452.3,,esp32,,0,,,,,,,,,,,,1,450.0,8.0,0.0,0,NONE
2026-09-29T16:43:21.532+00:00,535.723,manual,Manual cook,temp,2100,451.4,,esp32,,0,,,,,,,,,,,,1,450.0,24.0,0.0,0,NONE
2026-09-29T16:43:22.532+00:00,536.723,manual,Manual cook,temp,2100,451.9,,esp32,,0,,,,,,,,,,,,1,450.0,8.0,0.0,0,NONE
2026-09-29T16:43:23.032+00:00,537.223,manual,Manual cook,temp,2100,451.9,,esp32,,0,,,,,,,,,,,,1,450.0,9.0,0.0,0,NONE
2026-09-29T16:43:24.032+00:00,538.223,manual,Manual cook,temp,2100,451.0,,esp32,,0,,,,,,,,,,,,1,450.0,32.0,0.0,0,NONE
2026-09-29T16:43:24.532+00:00,538.723,manual,Manual cook,temp,2100,451.9,,esp32,,0,,,,,,,,,,,,1,450.0,11.0,0.0,0,NONE
2026-09-29T16:43:25.531+00:00,539.723,manual,Manual cook,temp,2100,451.9,,esp32,,0,,,,,,,,,,,,1,450.0,8.0,0.0,0,NONE
2026-09-29T16:43:26.032+00:00,540.223,manual,Manual cook,temp,2100,451.9,,esp32,,0,,,,,,,,,,,,1,450.0,17.0,0.0,0,NONE
2026-09-29T16:43:26.532+00:00,540.724,manual,Manual cook,temp,2100,451.9,,esp32,,0,,,,,,,,,,,,1,450.0,2.0,0.0,0,NONE
2026-09-29T16:43:27.531+00:00,541.723,manual,Manual cook,temp,2100,451.9,,esp32,,0,,,,,,,,,,,,1,450.0,9.0,0.0,0,NONE
2026-09-29T16:43:28.032+00:00,542.223,manual,Manual cook,temp,2100,451.4,,esp32,,0,,,,,,,,,,,,1,450.0,17.0,0.0,0,NONE
2026-09-29T16:43:29.032+00:00,543.223,manual,Manual cook,temp,2100,451.0,,esp32,,0,,,,,,,,,,,,1,450.0,0.0,0.0,0,NONE
2026-09-29T16:43:29.532+00:00,543.723,manual,Manual cook,temp,2100,451.4,,esp32,,0,,,,,,,,,,,,1,450.0,8.0,0.0,0,NONE
2026-09-29T16:43:30.531+00:00,544.723,manual,Manual cook,temp,2100,451.9,,esp32,,0,,,,,,,,,,,,1,450.0,2.0,0.0,0,NONE
2026-09-29T16:43:31.032+00:00,545.223,manual,Manual cook,temp,2100,451.0,,esp32,,0,,,,,,,,,,,,1,450.0,25.0,0.0,0,NONE
2026-09-29T16:43:32.032+00:00,546.224,manual,Manual cook,temp,2100,451.0,,esp32,,0,,,,,,,,,,,,1,450.0,18.0,0.0,0,NONE
2026-09-29T16:43:33.031+00:00,547.223,manual,Manual cook,temp,2100,450.5,,esp32,,0,,,,,,,,,,,,1,450.0,19.0,0.0,0,NONE
2026-09-29T16:43:34.031+00:00,548.223,manual,Manual cook,temp,2100,449.6,,esp32,,0,,,,,,,,,,,,1,450.0,35.0,0.0,0,NONE
2026-09-29T16:43:35.032+00:00,549.223,manual,Manual cook,temp,2100,451.0,,esp32,,0,,,,,,,,,,,,1,450.0,12.0,0.0,0,NONE
2026-09-29T16:43:36.031+00:00,550.223,manual,Manual cook,temp,2100,450.5,,esp32,,0,,,,,,,,,,,,1,450.0,8.0,0.0,0,NONE
2026-09-29T16:43:37.031+00:00,551.223,manual,Manual cook,temp,2100,450.0,,esp32,,0,,,,,,,,,,,,1,450.0,5.0,0.0,0,NONE
2026-09-29T16:43:37.531+00:00,551.723,manual,Manual cook,temp,2100,449.6,,esp32,,0,,,,,,,,,,,,1,450.0,20.0,0.0,0,NONE
2026-09-29T16:43:38.032+00:00,552.224,manual,Manual cook,temp,2100,450.5,,esp32,,0,,,,,,,,,,,,1,450.0,13.0,0.0,0,NONE
2026-09-29T16:43:39.032+00:00,553.223,manual,Manual cook,temp,2100,450.0,,esp32,,0,,,,,,,,,,,,1,450.0,8.0,0.0,0,NONE
2026-09-29T16:43:40.032+00:00,554.223,manual,Manual cook,temp,2100,449.6,,esp32,,0,,,,,,,,,,,,1,450.0,8.0,0.0,0,NONE
2026-09-29T16:43:41.032+00:00,555.223,manual,Manual cook,temp,2100,450.5,,esp32,,0,,,,,,,,,,,,1,450.0,8.0,0.0,0,NONE
2026-09-29T16:43:42.032+00:00,556.223,manual,Manual cook,temp,2100,449.6,,esp32,,0,,,,,,,,,,,,1,450.0,20.0,0.0,0,NONE
2026-09-29T16:43:43.031+00:00,557.222,manual,Manual cook,temp,2100,449.6,,esp32,,0,,,,,,,,,,,,1,450.0,5.0,0.0,0,NONE
2026-09-29T16:43:44.031+00:00,558.222,manual,Manual cook,temp,2100,450.0,,esp32,,0,,,,,,,,,,,,1,450.0,5.0,0.0,0,NONE
2026-09-29T16:43:45.031+00:00,559.222,manual,Manual cook,temp,2100,449.6,,esp32,,0,,,,,,,,,,,,1,450.0,28.0,0.0,0,NONE
2026-09-29T16:43:46.031+00:00,560.222,manual,Manual cook,temp,2100,449.6,,esp32,,0,,,,,,,,,,,,1,450.0,20.0,0.0,0,NONE
2026-09-29T16:43:47.031+00:00,561.222,manual,Manual cook,temp,2100,450.0,,esp32,,0,,,,,,,,,,,,1,450.0,12.0,0.0,0,NONE
2026-09-29T16:43:48.032+00:00,562.223,manual,Manual cook,temp,2100,450.0,,esp32,,0,,,,,,,,,,,,1,450.0,4.0,0.0,0,NONE
2026-09-29T16:43:49.031+00:00,563.222,manual,Manual cook,temp,2100,449.6,,esp32,,0,,,,,,,,,,,,1,450.0,20.0,0.0,0,NONE
2026-09-29T16:43:50.031+00:00,564.222,manual,Manual cook,temp,2100,449.6,,esp32,,0,,,,,,,,,,,,1,450.0,8.0,0.0,0,NONE
2026-09-29T16:43:51.031+00:00,565.222,manual,Manual cook,temp,2100,451.4,,esp32,,0,,,,,,,,,,,,1,450.0,0.0,0.0,0,NONE
2026-09-29T16:43:52.031+00:00,566.222,manual,Manual cook,temp,2100,451.0,,esp32,,0,,,,,,,,,,,,1,450.0,18.0,0.0,0,NONE
2026-09-29T16:43:53.031+00:00,567.222,manual,Manual cook,temp,2100,451.0,,esp32,,0,,,,,,,,,,,,1,450.0,35.0,0.0,0,NONE
2026-09-29T16:43:54.031+00:00,568.222,manual,Manual cook,temp,2100,451.0,,esp32,,0,,,,,,,,,,,,1,450.0,8.0,0.0,0,NONE
2026-09-29T16:43:54.531+00:00,568.722,manual,Manual cook,temp,2100,451.0,,esp32,,0,,,,,,,,,,,,1,450.0,10.0,0.0,0,NONE
2026-09-29T16:43:55.031+00:00,569.223,manual,Manual cook,temp,2100,451.0,,esp32,,0,,,,,,,,,,,,1,450.0,10.0,0.0,0,NONE
2026-09-29T16:43:56.032+00:00,570.223,manual,Manual cook,temp,2100,449.1,,esp32,,0,,,,,,,,,,,,1,450.0,43.0,0.0,0,NONE
2026-09-29T16:43:57.031+00:00,571.222,manual,Manual cook,temp,2100,450.5,,esp32,,0,,,,,,,,,,,,1,450.0,8.0,0.0,0,NONE
2026-09-29T16:43:58.031+00:00,572.222,manual,Manual cook,temp,2100,450.0,,esp32,,0,,,,,,,,,,,,1,450.0,10.0,0.0,0,NONE
2026-09-29T16:43:59.030+00:00,573.221,manual,Manual cook,temp,2100,451.4,,esp32,,0,,,,,,,,,,,,1,450.0,0.0,0.0,0,NONE
2026-09-29T16:43:59.530+00:00,573.721,manual,Manual cook,temp,2100,451.0,,esp32,,0,,,,,,,,,,,,1,450.0,8.0,0.0,0,NONE
2026-09-29T16:44:00.530+00:00,574.721,manual,Manual cook,temp,2100,451.0,,esp32,,0,,,,,,,,,,,,1,450.0,10.0,0.0,0,NONE
2026-09-29T16:44:01.030+00:00,575.221,manual,Manual cook,temp,2100,451.0,,esp32,,0,,,,,,,,,,,,1,450.0,19.0,0.0,0,NONE
2026-09-29T16:44:02.030+00:00,576.221,manual,Manual cook,temp,2100,451.4,,esp32,,0,,,,,,,,,,,,1,450.0,2.0,0.0,0,NONE
2026-09-29T16:44:02.530+00:00,576.721,manual,Manual cook,temp,2100,451.0,,esp32,,0,,,,,,,,,,,,1,450.0,42.0,0.0,0,NONE
2026-09-29T16:44:03.530+00:00,577.721,manual,Manual cook,temp,2100,451.0,,esp32,,0,,,,,,,,,,,,1,450.0,8.0,0.0,0,NONE
2026-09-29T16:44:04.030+00:00,578.222,manual,Manual cook,temp,2100,451.0,,esp32,,0,,,,,,,,,,,,1,450.0,0.0,0.0,0,NONE
2026-09-29T16:44:05.030+00:00,579.221,manual,Manual cook,temp,2100,451.0,,esp32,,0,,,,,,,,,,,,1,450.0,10.0,0.0,0,NONE
2026-09-29T16:44:06.030+00:00,580.221,manual,Manual cook,temp,2100,450.5,,esp32,,0,,,,,,,,,,,,1,450.0,18.0,0.0,0,NONE
2026-09-29T16:44:07.030+00:00,581.221,manual,Manual cook,temp,2100,450.5,,esp32,,0,,,,,,,,,,,,1,450.0,11.0,0.0,0,NONE
2026-09-29T16:44:07.530+00:00,581.721,manual,Manual cook,temp,2100,451.0,,esp32,,0,,,,,,,,,,,,1,450.0,3.0,0.0,0,NONE
2026-09-29T16:44:08.530+00:00,582.721,manual,Manual cook,temp,2100,451.0,,esp32,,0,,,,,,,,,,,,1,450.0,2.0,0.0,0,NONE
2026-09-29T16:44:09.529+00:00,583.721,manual,Manual cook,temp,2100,451.0,,esp32,,0,,,,,,,,,,,,1,450.0,10.0,0.0,0,NONE
2026-09-29T16:44:10.030+00:00,584.222,manual,Manual cook,temp,2100,451.4,,esp32,,0,,,,,,,,,,,,1,450.0,2.0,0.0,0,NONE
2026-09-29T16:44:11.030+00:00,585.222,manual,Manual cook,temp,2100,451.4,,esp32,,0,,,,,,,,,,,,1,450.0,9.0,0.0,0,NONE
2026-09-29T16:44:12.030+00:00,586.221,manual,Manual cook,temp,2100,451.4,,esp32,,0,,,,,,,,,,,,1,450.0,9.0,0.0,0,NONE
2026-09-29T16:44:13.029+00:00,587.221,manual,Manual cook,temp,2100,451.4,,esp32,,0,,,,,,,,,,,,1,450.0,9.0,0.0,0,NONE
2026-09-29T16:44:14.029+00:00,588.220,manual,Manual cook,temp,2100,451.4,,esp32,,0,,,,,,,,,,,,1,450.0,9.0,0.0,0,NONE
2026-09-29T16:44:15.029+00:00,589.220,manual,Manual cook,temp,2100,451.4,,esp32,,0,,,,,,,,,,,,1,450.0,16.0,0.0,0,NONE
2026-09-29T16:44:16.029+00:00,590.220,manual,Manual cook,temp,2100,451.9,,esp32,,0,,,,,,,,,,,,1,450.0,1.0,0.0,0,NONE
2026-09-29T16:44:16.529+00:00,590.720,manual,Manual cook,temp,2100,451.0,,esp32,,0,,,,,,,,,,,,1,450.0,24.0,0.0,0,NONE
2026-09-29T16:44:17.529+00:00,591.720,manual,Manual cook,temp,2100,451.4,,esp32,,0,,,,,,,,,,,,1,450.0,8.0,0.0,0,NONE
2026-09-29T16:44:18.030+00:00,592.221,manual,Manual cook,temp,2100,451.0,,esp32,,0,,,,,,,,,,,,1,450.0,1.0,0.0,0,NONE
2026-09-29T16:44:19.029+00:00,593.220,manual,Manual cook,temp,2100,452.3,,esp32,,0,,,,,,,,,,,,1,450.0,0.0,0.0,0,NONE
2026-09-29T16:44:19.529+00:00,593.720,manual,Manual cook,temp,2100,451.4,,esp32,,0,,,,,,,,,,,,1,450.0,8.0,0.0,0,NONE
2026-09-29T16:44:20.529+00:00,594.720,manual,Manual cook,temp,2100,451.0,,esp32,,0,,,,,,,,,,,,1,450.0,17.0,0.0,0,NONE
2026-09-29T16:44:21.029+00:00,595.220,manual,Manual cook,temp,2100,451.4,,esp32,,0,,,,,,,,,,,,1,450.0,0.0,0.0,0,NONE
2026-09-29T16:44:22.029+00:00,596.220,manual,Manual cook,temp,2100,451.4,,esp32,,0,,,,,,,,,,,,1,450.0,9.0,0.0,0,NONE
2026-09-29T16:44:22.529+00:00,596.720,manual,Manual cook,temp,2100,451.0,,esp32,,0,,,,,,,,,,,,1,450.0,17.0,0.0,0,NONE
2026-09-29T16:44:23.029+00:00,597.220,manual,Manual cook,temp,2100,451.0,,esp32,,0,,,,,,,,,,,,1,450.0,10.0,0.0,0,NONE
2026-09-29T16:44:24.030+00:00,598.221,manual,Manual cook,temp,2100,450.5,,esp32,,0,,,,,,,,,,,,1,450.0,11.0,0.0,0,NONE
2026-09-29T16:44:25.029+00:00,599.221,manual,Manual cook,temp,2100,450.5,,esp32,,0,,,,,,,,,,,,1,450.0,8.0,0.0,0,NONE
2026-09-29T16:44:26.029+00:00,600.220,manual,Manual cook,temp,2100,450.0,,esp32,,0,,,,,,,,,,,,1,450.0,0.0,0.0,0,NONE
2026-09-29T16:44:26.529+00:00,600.721,manual,Manual cook,temp,2100,450.0,,esp32,,0,,,,,,,,,,,,1,450.0,8.0,0.0,0,NONE
2026-09-29T16:44:27.528+00:00,601.720,manual,Manual cook,temp,2100,451.0,,esp32,,0,,,,,,,,,,,,1,450.0,8.0,0.0,0,NONE
2026-09-29T16:44:28.528+00:00,602.720,manual,Manual cook,temp,2100,451.4,,esp32,,0,,,,,,,,,,,,1,450.0,2.0,0.0,0,NONE
2026-09-29T16:44:29.528+00:00,603.720,manual,Manual cook,temp,2100,451.0,,esp32,,0,,,,,,,,,,,,1,450.0,17.0,0.0,0,NONE
2026-09-29T16:44:30.528+00:00,604.720,manual,Manual cook,temp,2100,450.5,,esp32,,0,,,,,,,,,,,,1,450.0,18.0,0.0,0,NONE
2026-09-29T16:44:31.528+00:00,605.720,manual,Manual cook,temp,2100,450.0,,esp32,,0,,,,,,,,,,,,1,450.0,4.0,0.0,0,NONE
2026-09-29T16:44:32.528+00:00,606.720,manual,Manual cook,temp,2100,451.0,,esp32,,0,,,,,,,,,,,,1,450.0,0.0,0.0,0,NONE
2026-09-29T16:44:33.528+00:00,607.720,manual,Manual cook,temp,2100,449.6,,esp32,,0,,,,,,,,,,,,1,450.0,11.0,0.0,0,NONE
2026-09-29T16:44:34.528+00:00,608.719,manual,Manual cook,temp,2100,450.5,,esp32,,0,,,,,,,,,,,,1,450.0,0.0,0.0,0,NONE
2026-09-29T16:44:35.528+00:00,609.719,manual,Manual cook,temp,2100,450.5,,esp32,,0,,,,,,,,,,,,1,450.0,4.0,0.0,0,NONE
2026-09-29T16:44:36.528+00:00,610.719,manual,Manual cook,temp,2100,449.6,,esp32,,0,,,,,,,,,,,,1,450.0,27.0,0.0,0,NONE
2026-09-29T16:44:37.029+00:00,611.220,manual,Manual cook,temp,2100,450.5,,esp32,,0,,,,,,,,,,,,1,450.0,4.0,0.0,0,NONE
2026-09-29T16:44:38.028+00:00,612.219,manual,Manual cook,temp,2100,450.5,,esp32,,0,,,,,,,,,,,,1,450.0,11.0,0.0,0,NONE
2026-09-29T16:44:38.528+00:00,612.719,manual,Manual cook,temp,2100,450.5,,esp32,,0,,,,,,,,,,,,1,450.0,11.0,0.0,0,NONE
2026-09-29T16:44:39.528+00:00,613.719,manual,Manual cook,temp,2100,450.5,,esp32,,0,,,,,,,,,,,,1,450.0,11.0,0.0,0,NONE
2026-09-29T16:44:40.528+00:00,614.719,manual,Manual cook,temp,2100,451.0,,esp32,,0,,,,,,,,,,,,1,450.0,3.0,0.0,0,NONE
2026-09-29T16:44:41.028+00:00,615.219,manual,Manual cook,temp,2100,450.0,,esp32,,0,,,,,,,,,,,,1,450.0,26.0,0.0,0,NONE
2026-09-29T16:44:42.527+00:00,616.719,manual,Manual cook,temp,2100,451.4,,esp32,,0,,,,,,,,,,,,1,450.0,8.0,0.0,0,NONE
2026-09-29T16:44:43.028+00:00,617.219,manual,Manual cook,temp,2100,451.4,,esp32,,0,,,,,,,,,,,,1,450.0,9.0,0.0,0,NONE
2026-09-29T16:44:43.529+00:00,617.720,manual,Manual cook,temp,2100,451.9,,esp32,,0,,,,,,,,,,,,1,450.0,17.0,0.0,0,NONE
2026-09-29T16:44:44.527+00:00,618.719,manual,Manual cook,temp,2100,451.4,,esp32,,0,,,,,,,,,,,,1,450.0,8.0,0.0,0,NONE
2026-09-29T16:44:45.027+00:00,619.219,manual,Manual cook,temp,2100,451.4,,esp32,,0,,,,,,,,,,,,1,450.0,9.0,0.0,0,NONE
2026-09-29T16:44:46.027+00:00,620.219,manual,Manual cook,temp,2100,450.0,,esp32,,0,,,,,,,,,,,,1,450.0,8.0,0.0,0,NONE
2026-09-29T16:44:47.027+00:00,621.219,manual,Manual cook,temp,2100,450.5,,esp32,,0,,,,,,,,,,,,1,450.0,3.0,0.0,0,NONE
2026-09-29T16:44:47.527+00:00,621.719,manual,Manual cook,temp,2100,451.0,,esp32,,0,,,,,,,,,,,,1,450.0,0.0,0.0,0,NONE
2026-09-29T16:44:48.527+00:00,622.719,manual,Manual cook,temp,2100,451.4,,esp32,,0,,,,,,,,,,,,1,450.0,2.0,0.0,0,NONE
2026-09-29T16:44:49.028+00:00,623.219,manual,Manual cook,temp,2100,451.0,,esp32,,0,,,,,,,,,,,,1,450.0,9.0,0.0,0,NONE
2026-09-29T16:44:49.528+00:00,623.719,manual,Manual cook,temp,2100,451.0,,esp32,,0,,,,,,,,,,,,1,450.0,17.0,0.0,0,NONE
2026-09-29T16:44:50.529+00:00,624.720,manual,Manual cook,temp,2100,451.9,,esp32,,0,,,,,,,,,,,,1,450.0,0.0,0.0,0,NONE
2026-09-29T16:44:51.528+00:00,625.719,manual,Manual cook,temp,2100,451.0,,esp32,,0,,,,,,,,,,,,1,450.0,2.0,0.0,0,NONE
2026-09-29T16:44:52.527+00:00,626.718,manual,Manual cook,temp,2100,451.4,,esp32,,0,,,,,,,,,,,,1,450.0,9.0,0.0,0,NONE
2026-09-29T16:44:53.527+00:00,627.718,manual,Manual cook,temp,2100,451.0,,esp32,,0,,,,,,,,,,,,1,450.0,25.0,0.0,0,NONE
2026-09-29T16:44:54.527+00:00,628.718,manual,Manual cook,temp,2100,450.5,,esp32,,0,,,,,,,,,,,,1,450.0,18.0,0.0,0,NONE
2026-09-29T16:44:55.527+00:00,629.718,manual,Manual cook,temp,2100,450.5,,esp32,,0,,,,,,,,,,,,1,450.0,18.0,0.0,0,NONE
2026-09-29T16:44:56.527+00:00,630.718,manual,Manual cook,temp,2100,450.5,,esp32,,0,,,,,,,,,,,,1,450.0,18.0,0.0,0,NONE
2026-09-29T16:44:57.527+00:00,631.718,manual,Manual cook,temp,2100,450.5,,esp32,,0,,,,,,,,,,,,1,450.0,10.0,0.0,0,NONE
2026-09-29T16:44:59.027+00:00,633.218,manual,Manual cook,temp,2100,450.0,,esp32,,0,,,,,,,,,,,,1,450.0,10.0,0.0,0,NONE
2026-09-29T16:45:00.027+00:00,634.218,manual,Manual cook,temp,2100,449.6,,esp32,,0,,,,,,,,,,,,1,450.0,19.0,0.0,0,NONE
2026-09-29T16:45:01.027+00:00,635.218,manual,Manual cook,temp,2100,449.6,,esp32,,0,,,,,,,,,,,,1,450.0,5.0,0.0,0,NONE
2026-09-29T16:45:01.527+00:00,635.718,manual,Manual cook,temp,2100,450.5,,esp32,,0,,,,,,,,,,,,1,450.0,12.0,0.0,0,NONE
2026-09-29T16:45:02.027+00:00,636.219,manual,Manual cook,temp,2100,450.5,,esp32,,0,,,,,,,,,,,,1,450.0,0.0,0.0,0,NONE
2026-09-29T16:45:03.027+00:00,637.219,manual,Manual cook,temp,2100,451.0,,esp32,,0,,,,,,,,,,,,1,450.0,0.0,0.0,0,NONE
2026-09-29T16:45:04.027+00:00,638.218,manual,Manual cook,temp,2100,450.5,,esp32,,0,,,,,,,,,,,,1,450.0,18.0,0.0,0,NONE
2026-09-29T16:45:04.527+00:00,638.719,manual,Manual cook,temp,2100,450.0,,esp32,,0,,,,,,,,,,,,1,450.0,19.0,0.0,0,NONE
2026-09-29T16:45:05.527+00:00,639.718,manual,Manual cook,temp,2100,451.0,,esp32,,0,,,,,,,,,,,,1,450.0,8.0,0.0,0,NONE
2026-09-29T16:45:06.527+00:00,640.719,manual,Manual cook,temp,2100,450.0,,esp32,,0,,,,,,,,,,,,1,450.0,11.0,0.0,0,NONE
2026-09-29T16:45:07.527+00:00,641.718,manual,Manual cook,temp,2100,450.0,,esp32,,0,,,,,,,,,,,,1,450.0,19.0,0.0,0,NONE
2026-09-29T16:45:08.527+00:00,642.718,manual,Manual cook,temp,2100,450.5,,esp32,,0,,,,,,,,,,,,1,450.0,3.0,0.0,0,NONE
2026-09-29T16:45:09.526+00:00,643.718,manual,Manual cook,temp,2100,450.5,,esp32,,0,,,,,,,,,,,,1,450.0,26.0,0.0,0,NONE
2026-09-29T16:45:10.526+00:00,644.718,manual,Manual cook,temp,2100,450.5,,esp32,,0,,,,,,,,,,,,1,450.0,10.0,0.0,0,NONE
2026-09-29T16:45:11.526+00:00,645.717,manual,Manual cook,temp,2100,450.5,,esp32,,0,,,,,,,,,,,,1,450.0,10.0,0.0,0,NONE
2026-09-29T16:45:12.026+00:00,646.217,manual,Manual cook,temp,2100,450.5,,esp32,,0,,,,,,,,,,,,1,450.0,10.0,0.0,0,NONE
2026-09-29T16:45:13.026+00:00,647.217,manual,Manual cook,temp,2100,450.5,,esp32,,0,,,,,,,,,,,,1,450.0,10.0,0.0,0,NONE
2026-09-29T16:45:14.026+00:00,648.217,manual,Manual cook,temp,2100,450.5,,esp32,,0,,,,,,,,,,,,1,450.0,10.0,0.0,0,NONE
2026-09-29T16:45:14.527+00:00,648.718,manual,Manual cook,temp,2100,451.4,,esp32,,0,,,,,,,,,,,,1,450.0,2.0,0.0,0,NONE
2026-09-29T16:45:15.527+00:00,649.718,manual,Manual cook,temp,2100,450.5,,esp32,,0,,,,,,,,,,,,1,450.0,25.0,0.0,0,NONE
2026-09-29T16:45:16.527+00:00,650.718,manual,Manual cook,temp,2100,451.9,,esp32,,0,,,,,,,,,,,,1,450.0,8.0,0.0,0,NONE
2026-09-29T16:45:17.527+00:00,651.718,manual,Manual cook,temp,2100,451.0,,esp32,,0,,,,,,,,,,,,1,450.0,8.0,0.0,0,NONE
2026-09-29T16:45:18.526+00:00,652.717,manual,Manual cook,temp,2100,450.5,,esp32,,0,,,,,,,,,,,,1,450.0,10.0,0.0,0,NONE
2026-09-29T16:45:19.526+00:00,653.717,manual,Manual cook,temp,2100,451.4,,esp32,,0,,,,,,,,,,,,1,450.0,0.0,0.0,0,NONE
2026-09-29T16:45:20.026+00:00,654.217,manual,Manual cook,temp,2100,450.5,,esp32,,0,,,,,,,,,,,,1,450.0,8.0,0.0,0,NONE
2026-09-29T16:45:21.026+00:00,655.217,manual,Manual cook,temp,2100,450.5,,esp32,,0,,,,,,,,,,,,1,450.0,10.0,0.0,0,NONE
2026-09-29T16:45:22.025+00:00,656.217,manual,Manual cook,temp,2100,451.4,,esp32,,0,,,,,,,,,,,,1,450.0,1.0,0.0,0,NONE
2026-09-29T16:45:22.525+00:00,656.717,manual,Manual cook,temp,2100,451.4,,esp32,,0,,,,,,,,,,,,1,450.0,8.0,0.0,0,NONE
2026-09-29T16:45:23.026+00:00,657.218,manual,Manual cook,temp,2100,451.4,,esp32,,0,,,,,,,,,,,,1,450.0,8.0,0.0,0,NONE
2026-09-29T16:45:24.025+00:00,658.217,manual,Manual cook,temp,2100,451.4,,esp32,,0,,,,,,,,,,,,1,450.0,1.0,0.0,0,NONE
2026-09-29T16:45:24.526+00:00,658.717,manual,Manual cook,temp,2100,451.4,,esp32,,0,,,,,,,,,,,,1,450.0,16.0,0.0,0,NONE
2026-09-29T16:45:25.525+00:00,659.717,manual,Manual cook,temp,2100,450.5,,esp32,,0,,,,,,,,,,,,1,450.0,16.0,0.0,0,NONE
2026-09-29T16:45:26.025+00:00,660.217,manual,Manual cook,temp,2100,450.0,,esp32,,0,,,,,,,,,,,,1,450.0,17.0,0.0,0,NONE
2026-09-29T16:45:27.025+00:00,661.217,manual,Manual cook,temp,2100,450.5,,esp32,,0,,,,,,,,,,,,1,450.0,0.0,0.0,0,NONE
2026-09-29T16:45:28.025+00:00,662.217,manual,Manual cook,temp,2100,450.0,,esp32,,0,,,,,,,,,,,,1,450.0,2.0,0.0,0,NONE
2026-09-29T16:45:29.026+00:00,663.217,manual,Manual cook,temp,2100,450.0,,esp32,,0,,,,,,,,,,,,1,450.0,0.0,0.0,0,NONE
2026-09-29T16:45:29.526+00:00,663.717,manual,Manual cook,temp,2100,450.5,,esp32,,0,,,,,,,,,,,,1,450.0,8.0,0.0,0,NONE
2026-09-29T16:45:30.525+00:00,664.716,manual,Manual cook,temp,2100,451.0,,esp32,,0,,,,,,,,,,,,1,450.0,2.0,0.0,0,NONE
2026-09-29T16:45:31.025+00:00,665.216,manual,Manual cook,temp,2100,449.6,,esp32,,0,,,,,,,,,,,,1,450.0,34.0,0.0,0,NONE
2026-09-29T16:45:32.025+00:00,666.216,manual,Manual cook,temp,2100,450.0,,esp32,,0,,,,,,,,,,,,1,450.0,4.0,0.0,0,NONE
2026-09-29T16:45:32.525+00:00,666.716,manual,Manual cook,temp,2100,450.0,,esp32,,0,,,,,,,,,,,,1,450.0,11.0,0.0,0,NONE
2026-09-29T16:45:33.025+00:00,667.216,manual,Manual cook,temp,2100,450.0,,esp32,,0,,,,,,,,,,,,1,450.0,19.0,0.0,0,NONE
2026-09-29T16:45:34.025+00:00,668.216,manual,Manual cook,temp,2100,449.1,,esp32,,0,,,,,,,,,,,,1,450.0,27.0,0.0,0,NONE
2026-09-29T16:45:35.025+00:00,669.217,manual,Manual cook,temp,2100,450.0,,esp32,,0,,,,,,,,,,,,1,450.0,4.0,0.0,0,NONE
2026-09-29T16:45:35.526+00:00,669.717,manual,Manual cook,temp,2100,449.1,,esp32,,0,,,,,,,,,,,,1,450.0,27.0,0.0,0,NONE
2026-09-29T16:45:37.025+00:00,671.216,manual,Manual cook,temp,2100,450.0,,esp32,,0,,,,,,,,,,,,1,450.0,0.0,0.0,0,NONE
2026-09-29T16:45:38.025+00:00,672.216,manual,Manual cook,temp,2100,450.0,,esp32,,0,,,,,,,,,,,,1,450.0,11.0,0.0,0,NONE
2026-09-29T16:45:39.025+00:00,673.216,manual,Manual cook,temp,2100,450.0,,esp32,,0,,,,,,,,,,,,1,450.0,19.0,0.0,0,NONE
2026-09-29T16:45:40.025+00:00,674.216,manual,Manual cook,temp,2100,450.5,,esp32,,0,,,,,,,,,,,,1,450.0,3.0,0.0,0,NONE
2026-09-29T16:45:41.026+00:00,675.217,manual,Manual cook,temp,2100,450.5,,esp32,,0,,,,,,,,,,,,1,450.0,12.0,0.0,0,NONE
2026-09-29T16:45:42.025+00:00,676.216,manual,Manual cook,temp,2100,449.6,,esp32,,0,,,,,,,,,,,,1,450.0,8.0,0.0,0,NONE
2026-09-29T16:45:42.525+00:00,676.717,manual,Manual cook,temp,2100,450.0,,esp32,,0,,,,,,,,,,,,1,450.0,4.0,0.0,0,NONE
2026-09-29T16:45:43.524+00:00,677.716,manual,Manual cook,temp,2100,450.0,,esp32,,0,,,,,,,,,,,,1,450.0,5.0,0.0,0,NONE
2026-09-29T16:45:44.524+00:00,678.716,manual,Manual cook,temp,2100,450.5,,esp32,,0,,,,,,,,,,,,1,450.0,3.0,0.0,0,NONE
2026-09-29T16:45:45.024+00:00,679.216,manual,Manual cook,temp,2100,451.0,,esp32,,0,,,,,,,,,,,,1,450.0,10.0,0.0,0,NONE
2026-09-29T16:45:46.024+00:00,680.216,manual,Manual cook,temp,2100,450.5,,esp32,,0,,,,,,,,,,,,1,450.0,17.0,0.0,0,NONE
2026-09-29T16:45:47.024+00:00,681.216,manual,Manual cook,temp,2100,451.4,,esp32,,0,,,,,,,,,,,,1,450.0,8.0,0.0,0,NONE
2026-09-29T16:45:47.524+00:00,681.716,manual,Manual cook,temp,2100,451.0,,esp32,,0,,,,,,,,,,,,1,450.0,1.0,0.0,0,NONE
2026-09-29T16:45:48.025+00:00,682.217,manual,Manual cook,temp,2100,450.5,,esp32,,0,,,,,,,,,,,,1,450.0,16.0,0.0,0,NONE
2026-09-29T16:45:49.024+00:00,683.216,manual,Manual cook,temp,2100,451.0,,esp32,,0,,,,,,,,,,,,1,450.0,26.0,0.0,0,NONE
2026-09-29T16:45:50.024+00:00,684.215,manual,Manual cook,temp,2100,451.0,,esp32,,0,,,,,,,,,,,,1,450.0,8.0,0.0,0,NONE
2026-09-29T16:45:50.524+00:00,684.716,manual,Manual cook,temp,2100,451.0,,esp32,,0,,,,,,,,,,,,1,450.0,17.0,0.0,0,NONE
2026-09-29T16:45:51.524+00:00,685.715,manual,Manual cook,temp,2100,451.0,,esp32,,0,,,,,,,,,,,,1,450.0,17.0,0.0,0,NONE
2026-09-29T16:45:52.524+00:00,686.715,manual,Manual cook,temp,2100,450.0,,esp32,,0,,,,,,,,,,,,1,450.0,25.0,0.0,0,NONE
2026-09-29T16:45:53.524+00:00,687.715,manual,Manual cook,temp,2100,451.0,,esp32,,0,,,,,,,,,,,,1,450.0,8.0,0.0,0,NONE
2026-09-29T16:45:54.025+00:00,688.216,manual,Manual cook,temp,2100,451.4,,esp32,,0,,,,,,,,,,,,1,450.0,1.0,0.0,0,NONE
2026-09-29T16:45:54.525+00:00,688.716,manual,Manual cook,temp,2100,450.5,,esp32,,0,,,,,,,,,,,,1,450.0,16.0,0.0,0,NONE
2026-09-29T16:45:55.524+00:00,689.715,manual,Manual cook,temp,2100,450.5,,esp32,,0,,,,,,,,,,,,1,450.0,10.0,0.0,0,NONE
2026-09-29T16:45:56.524+00:00,690.715,manual,Manual cook,temp,2100,450.0,,esp32,,0,,,,,,,,,,,,1,450.0,18.0,0.0,0,NONE
2026-09-29T16:45:57.524+00:00,691.715,manual,Manual cook,temp,2100,450.0,,esp32,,0,,,,,,,,,,,,1,450.0,0.0,0.0,0,NONE
2026-09-29T16:45:58.524+00:00,692.715,manual,Manual cook,temp,2100,450.5,,esp32,,0,,,,,,,,,,,,1,450.0,3.0,0.0,0,NONE
2026-09-29T16:45:59.024+00:00,693.215,manual,Manual cook,temp,2100,449.6,,esp32,,0,,,,,,,,,,,,1,450.0,10.0,0.0,0,NONE
2026-09-29T16:46:00.025+00:00,694.216,manual,Manual cook,temp,2100,449.6,,esp32,,0,,,,,,,,,,,,1,450.0,0.0,0.0,0,NONE
2026-09-29T16:46:01.024+00:00,695.216,manual,Manual cook,temp,2100,450.5,,esp32,,0,,,,,,,,,,,,1,450.0,0.0,0.0,0,NONE
2026-09-29T16:46:01.524+00:00,695.716,manual,Manual cook,temp,2100,450.5,,esp32,,0,,,,,,,,,,,,1,450.0,8.0,0.0,0,NONE
2026-09-29T16:46:02.524+00:00,696.715,manual,Manual cook,temp,2100,450.0,,esp32,,0,,,,,,,,,,,,1,450.0,18.0,0.0,0,NONE
2026-09-29T16:46:03.024+00:00,697.215,manual,Manual cook,temp,2100,450.0,,esp32,,0,,,,,,,,,,,,1,450.0,11.0,0.0,0,NONE
2026-09-29T16:46:04.024+00:00,698.215,manual,Manual cook,temp,2100,449.1,,esp32,,0,,,,,,,,,,,,1,450.0,11.0,0.0,0,NONE
2026-09-29T16:46:05.023+00:00,699.215,manual,Manual cook,temp,2100,448.7,,esp32,,0,,,,,,,,,,,,1,450.0,21.0,0.0,0,NONE
2026-09-29T16:46:06.023+00:00,700.215,manual,Manual cook,temp,2100,450.5,,esp32,,0,,,,,,,,,,,,1,450.0,4.0,0.0,0,NONE
2026-09-29T16:46:07.024+00:00,701.215,manual,Manual cook,temp,2100,449.1,,esp32,,0,,,,,,,,,,,,1,450.0,2.0,0.0,0,NONE
2026-09-29T16:46:07.524+00:00,701.716,manual,Manual cook,temp,2100,449.1,,esp32,,0,,,,,,,,,,,,1,450.0,42.0,0.0,0,NONE
2026-09-29T16:46:08.523+00:00,702.715,manual,Manual cook,temp,2100,450.5,,esp32,,0,,,,,,,,,,,,1,450.0,8.0,0.0,0,NONE
2026-09-29T16:46:09.023+00:00,703.215,manual,Manual cook,temp,2100,450.5,,esp32,,0,,,,,,,,,,,,1,450.0,10.0,0.0,0,NONE
2026-09-29T16:46:10.023+00:00,704.215,manual,Manual cook,temp,2100,450.0,,esp32,,0,,,,,,,,,,,,1,450.0,18.0,0.0,0,NONE
2026-09-29T16:46:11.023+00:00,705.215,manual,Manual cook,temp,2100,451.0,,esp32,,0,,,,,,,,,,,,1,450.0,2.0,0.0,0,NONE
2026-09-29T16:46:12.023+00:00,706.214,manual,Manual cook,temp,2100,450.0,,esp32,,0,,,,,,,,,,,,1,450.0,0.0,0.0,0,NONE
2026-09-29T16:46:13.024+00:00,707.215,manual,Manual cook,temp,2100,450.5,,esp32,,0,,,,,,,,,,,,1,450.0,10.0,0.0,0,NONE
2026-09-29T16:46:14.024+00:00,708.215,manual,Manual cook,temp,2100,450.5,,esp32,,0,,,,,,,,,,,,1,450.0,10.0,0.0,0,NONE
2026-09-29T16:46:15.023+00:00,709.215,manual,Manual cook,temp,2100,451.0,,esp32,,0,,,,,,,,,,,,1,450.0,2.0,0.0,0,NONE
2026-09-29T16:46:15.524+00:00,709.715,manual,Manual cook,temp,2100,450.5,,esp32,,0,,,,,,,,,,,,1,450.0,17.0,0.0,0,NONE
2026-09-29T16:46:16.524+00:00,710.715,manual,Manual cook,temp,2100,451.0,,esp32,,0,,,,,,,,,,,,1,450.0,9.0,0.0,0,NONE
2026-09-29T16:46:17.523+00:00,711.714,manual,Manual cook,temp,2100,451.0,,esp32,,0,,,,,,,,,,,,1,450.0,9.0,0.0,0,NONE
2026-09-29T16:46:18.523+00:00,712.714,manual,Manual cook,temp,2100,450.5,,esp32,,0,,,,,,,,,,,,1,450.0,17.0,0.0,0,NONE
2026-09-29T16:46:19.523+00:00,713.714,manual,Manual cook,temp,2100,450.5,,esp32,,0,,,,,,,,,,,,1,450.0,10.0,0.0,0,NONE
2026-09-29T16:46:20.523+00:00,714.714,manual,Manual cook,temp,2100,451.0,,esp32,,0,,,,,,,,,,,,1,450.0,9.0,0.0,0,NONE
2026-09-29T16:46:21.523+00:00,715.714,manual,Manual cook,temp,2100,451.9,,esp32,,0,,,,,,,,,,,,1,450.0,9.0,0.0,0,NONE
2026-09-29T16:46:22.023+00:00,716.215,manual,Manual cook,temp,2100,451.4,,esp32,,0,,,,,,,,,,,,1,450.0,0.0,0.0,0,NONE
2026-09-29T16:46:22.524+00:00,716.715,manual,Manual cook,temp,2100,451.0,,esp32,,0,,,,,,,,,,,,1,450.0,8.0,0.0,0,NONE
2026-09-29T16:46:23.523+00:00,717.714,manual,Manual cook,temp,2100,451.4,,esp32,,0,,,,,,,,,,,,1,450.0,1.0,0.0,0,NONE
2026-09-29T16:46:24.522+00:00,718.714,manual,Manual cook,temp,2100,451.4,,esp32,,0,,,,,,,,,,,,1,450.0,8.0,0.0,0,NONE
2026-09-29T16:46:25.522+00:00,719.714,manual,Manual cook,temp,2100,451.4,,esp32,,0,,,,,,,,,,,,1,450.0,8.0,0.0,0,NONE
2026-09-29T16:46:26.522+00:00,720.714,manual,Manual cook,temp,2100,450.0,,esp32,,0,,,,,,,,,,,,1,450.0,32.0,0.0,0,NONE
2026-09-29T16:46:27.522+00:00,721.714,manual,Manual cook,temp,2100,451.0,,esp32,,0,,,,,,,,,,,,1,450.0,8.0,0.0,0,NONE
2026-09-29T16:46:28.023+00:00,722.215,manual,Manual cook,temp,2100,451.9,,esp32,,0,,,,,,,,,,,,1,450.0,0.0,0.0,0,NONE
2026-09-29T16:46:28.523+00:00,722.715,manual,Manual cook,temp,2100,451.9,,esp32,,0,,,,,,,,,,,,1,450.0,7.0,0.0,0,NONE
2026-09-29T16:46:29.523+00:00,723.714,manual,Manual cook,temp,2100,451.9,,esp32,,0,,,,,,,,,,,,1,450.0,7.0,0.0,0,NONE
2026-09-29T16:46:30.523+00:00,724.714,manual,Manual cook,temp,2100,451.0,,esp32,,0,,,,,,,,,,,,1,450.0,7.0,0.0,0,NONE
2026-09-29T16:46:31.522+00:00,725.713,manual,Manual cook,temp,2100,451.9,,esp32,,0,,,,,,,,,,,,1,450.0,0.0,0.0,0,NONE
2026-09-29T16:46:32.022+00:00,726.214,manual,Manual cook,temp,2100,451.9,,esp32,,0,,,,,,,,,,,,1,450.0,7.0,0.0,0,NONE
2026-09-29T16:46:33.022+00:00,727.214,manual,Manual cook,temp,2100,451.4,,esp32,,0,,,,,,,,,,,,1,450.0,15.0,0.0,0,NONE
2026-09-29T16:46:34.022+00:00,728.213,manual,Manual cook,temp,2100,451.9,,esp32,,0,,,,,,,,,,,,1,450.0,8.0,0.0,0,NONE
2026-09-29T16:46:35.022+00:00,729.213,manual,Manual cook,temp,2100,452.3,,esp32,,0,,,,,,,,,,,,1,450.0,6.0,0.0,0,NONE
2026-09-29T16:46:36.023+00:00,730.214,manual,Manual cook,temp,2100,452.3,,esp32,,0,,,,,,,,,,,,1,450.0,22.0,0.0,0,NONE
2026-09-29T16:46:36.523+00:00,730.714,manual,Manual cook,temp,2100,452.3,,esp32,,0,,,,,,,,,,,,1,450.0,0.0,0.0,0,NONE
2026-09-29T16:46:37.522+00:00,731.713,manual,Manual cook,temp,2100,452.3,,esp32,,0,,,,,,,,,,,,1,450.0,0.0,0.0,0,NONE
2026-09-29T16:46:38.022+00:00,732.213,manual,Manual cook,temp,2100,451.4,,esp32,,0,,,,,,,,,,,,1,450.0,6.0,0.0,0,NONE
2026-09-29T16:46:39.022+00:00,733.213,manual,Manual cook,temp,2100,452.3,,esp32,,0,,,,,,,,,,,,1,450.0,0.0,0.0,0,NONE
2026-09-29T16:46:40.022+00:00,734.213,manual,Manual cook,temp,2100,451.9,,esp32,,0,,,,,,,,,,,,1,450.0,6.0,0.0,0,NONE
2026-09-29T16:46:40.522+00:00,734.713,manual,Manual cook,temp,2100,451.9,,esp32,,0,,,,,,,,,,,,1,450.0,14.0,0.0,0,NONE
2026-09-29T16:46:42.022+00:00,736.213,manual,Manual cook,temp,2100,451.4,,esp32,,0,,,,,,,,,,,,1,450.0,8.0,0.0,0,NONE
2026-09-29T16:46:43.022+00:00,737.213,manual,Manual cook,temp,2100,451.4,,esp32,,0,,,,,,,,,,,,1,450.0,8.0,0.0,0,NONE
2026-09-29T16:46:44.022+00:00,738.213,manual,Manual cook,temp,2100,451.9,,esp32,,0,,,,,,,,,,,,1,450.0,0.0,0.0,0,NONE
2026-09-29T16:46:44.522+00:00,738.713,manual,Manual cook,temp,2100,451.9,,esp32,,0,,,,,,,,,,,,1,450.0,8.0,0.0,0,NONE
2026-09-29T16:46:45.522+00:00,739.713,manual,Manual cook,temp,2100,451.9,,esp32,,0,,,,,,,,,,,,1,450.0,7.0,0.0,0,NONE
2026-09-29T16:46:46.522+00:00,740.713,manual,Manual cook,temp,2100,452.3,,esp32,,0,,,,,,,,,,,,1,450.0,8.0,0.0,0,NONE
2026-09-29T16:46:47.022+00:00,741.213,manual,Manual cook,temp,2100,451.9,,esp32,,0,,,,,,,,,,,,1,450.0,0.0,0.0,0,NONE
2026-09-29T16:46:47.522+00:00,741.714,manual,Manual cook,temp,2100,451.9,,esp32,,0,,,,,,,,,,,,1,450.0,8.0,0.0,0,NONE
2026-09-29T16:46:48.522+00:00,742.713,manual,Manual cook,temp,2100,451.4,,esp32,,0,,,,,,,,,,,,1,450.0,15.0,0.0,0,NONE
2026-09-29T16:46:49.522+00:00,743.713,manual,Manual cook,temp,2100,452.3,,esp32,,0,,,,,,,,,,,,1,450.0,8.0,0.0,0,NONE
2026-09-29T16:46:50.521+00:00,744.713,manual,Manual cook,temp,2100,451.4,,esp32,,0,,,,,,,,,,,,1,450.0,8.0,0.0,0,NONE
2026-09-29T16:46:51.521+00:00,745.713,manual,Manual cook,temp,2100,451.4,,esp32,,0,,,,,,,,,,,,1,450.0,7.0,0.0,0,NONE
2026-09-29T16:46:52.021+00:00,746.213,manual,Manual cook,temp,2100,451.0,,esp32,,0,,,,,,,,,,,,1,450.0,15.0,0.0,0,NONE
2026-09-29T16:46:53.022+00:00,747.213,manual,Manual cook,temp,2100,451.0,,esp32,,0,,,,,,,,,,,,1,450.0,8.0,0.0,0,NONE
2026-09-29T16:46:53.522+00:00,747.713,manual,Manual cook,temp,2100,451.4,,esp32,,0,,,,,,,,,,,,1,450.0,0.0,0.0,0,NONE
2026-09-29T16:46:54.022+00:00,748.213,manual,Manual cook,temp,2100,451.0,,esp32,,0,,,,,,,,,,,,1,450.0,8.0,0.0,0,NONE
2026-09-29T16:46:55.021+00:00,749.213,manual,Manual cook,temp,2100,451.0,,esp32,,0,,,,,,,,,,,,1,450.0,0.0,0.0,0,NONE
2026-09-29T16:46:56.021+00:00,750.213,manual,Manual cook,temp,2100,450.5,,esp32,,0,,,,,,,,,,,,1,450.0,8.0,0.0,0,NONE
2026-09-29T16:46:57.021+00:00,751.213,manual,Manual cook,temp,2100,451.0,,esp32,,0,,,,,,,,,,,,1,450.0,1.0,0.0,0,NONE
2026-09-29T16:46:58.021+00:00,752.212,manual,Manual cook,temp,2100,450.0,,esp32,,0,,,,,,,,,,,,1,450.0,10.0,0.0,0,NONE
2026-09-29T16:46:59.021+00:00,753.212,manual,Manual cook,temp,2100,450.0,,esp32,,0,,,,,,,,,,,,1,450.0,17.0,0.0,0,NONE
2026-09-29T16:47:00.023+00:00,754.215,manual,Manual cook,temp,2100,450.5,,esp32,,0,,,,,,,,,,,,1,450.0,8.0,0.0,0,NONE
2026-09-29T16:47:01.021+00:00,755.212,manual,Manual cook,temp,2100,450.0,,esp32,,0,,,,,,,,,,,,1,450.0,17.0,0.0,0,NONE
2026-09-29T16:47:02.021+00:00,756.212,manual,Manual cook,temp,2100,451.0,,esp32,,0,,,,,,,,,,,,1,450.0,0.0,0.0,0,NONE
2026-09-29T16:47:03.021+00:00,757.212,manual,Manual cook,temp,2100,450.5,,esp32,,0,,,,,,,,,,,,1,450.0,0.0,0.0,0,NONE
2026-09-29T16:47:04.021+00:00,758.213,manual,Manual cook,temp,2100,450.0,,esp32,,0,,,,,,,,,,,,1,450.0,3.0,0.0,0,NONE
2026-09-29T16:47:05.021+00:00,759.212,manual,Manual cook,temp,2100,450.0,,esp32,,0,,,,,,,,,,,,1,450.0,2.0,0.0,0,NONE
2026-09-29T16:47:06.022+00:00,760.213,manual,Manual cook,temp,2100,449.6,,esp32,,0,,,,,,,,,,,,1,450.0,18.0,0.0,0,NONE
2026-09-29T16:47:07.021+00:00,761.212,manual,Manual cook,temp,2100,449.1,,esp32,,0,,,,,,,,,,,,1,450.0,12.0,0.0,0,NONE
2026-09-29T16:47:08.021+00:00,762.212,manual,Manual cook,temp,2100,449.6,,esp32,,0,,,,,,,,,,,,1,450.0,11.0,0.0,0,NONE
2026-09-29T16:47:09.021+00:00,763.212,manual,Manual cook,temp,2100,449.1,,esp32,,0,,,,,,,,,,,,1,450.0,19.0,0.0,0,NONE
2026-09-29T16:47:10.021+00:00,764.212,manual,Manual cook,temp,2100,450.0,,esp32,,0,,,,,,,,,,,,1,450.0,8.0,0.0,0,NONE
2026-09-29T16:47:10.521+00:00,764.712,manual,Manual cook,temp,2100,449.6,,esp32,,0,,,,,,,,,,,,1,450.0,18.0,0.0,0,NONE
2026-09-29T16:47:11.522+00:00,765.713,manual,Manual cook,temp,2100,450.0,,esp32,,0,,,,,,,,,,,,1,450.0,10.0,0.0,0,NONE
2026-09-29T16:47:12.521+00:00,766.712,manual,Manual cook,temp,2100,449.1,,esp32,,0,,,,,,,,,,,,1,450.0,26.0,0.0,0,NONE
2026-09-29T16:47:13.520+00:00,767.712,manual,Manual cook,temp,2100,450.0,,esp32,,0,,,,,,,,,,,,1,450.0,8.0,0.0,0,NONE
2026-09-29T16:47:14.020+00:00,768.212,manual,Manual cook,temp,2100,450.0,,esp32,,0,,,,,,,,,,,,1,450.0,10.0,0.0,0,NONE
2026-09-29T16:47:15.020+00:00,769.212,manual,Manual cook,temp,2100,450.5,,esp32,,0,,,,,,,,,,,,1,450.0,9.0,0.0,0,NONE
2026-09-29T16:47:16.020+00:00,770.212,manual,Manual cook,temp,2100,451.0,,esp32,,0,,,,,,,,,,,,1,450.0,1.0,0.0,0,NONE
2026-09-29T16:47:16.520+00:00,770.712,manual,Manual cook,temp,2100,450.0,,esp32,,0,,,,,,,,,,,,1,450.0,24.0,0.0,0,NONE
2026-09-29T16:47:17.521+00:00,771.712,manual,Manual cook,temp,2100,450.5,,esp32,,0,,,,,,,,,,,,1,450.0,8.0,0.0,0,NONE
2026-09-29T16:47:18.521+00:00,772.712,manual,Manual cook,temp,2100,450.5,,esp32,,0,,,,,,,,,,,,1,450.0,9.0,0.0,0,NONE
2026-09-29T16:47:19.520+00:00,773.712,manual,Manual cook,temp,2100,450.0,,esp32,,0,,,,,,,,,,,,1,450.0,8.0,0.0,0,NONE
2026-09-29T16:47:20.020+00:00,774.212,manual,Manual cook,temp,2100,450.0,,esp32,,0,,,,,,,,,,,,1,450.0,24.0,0.0,0,NONE
2026-09-29T16:47:21.020+00:00,775.211,manual,Manual cook,temp,2100,451.0,,esp32,,0,,,,,,,,,,,,1,450.0,0.0,0.0,0,NONE
2026-09-29T16:47:22.020+00:00,776.211,manual,Manual cook,temp,2100,451.0,,esp32,,0,,,,,,,,,,,,1,450.0,0.0,0.0,0,NONE
2026-09-29T16:47:23.020+00:00,777.211,manual,Manual cook,temp,2100,450.5,,esp32,,0,,,,,,,,,,,,1,450.0,2.0,0.0,0,NONE
2026-09-29T16:47:24.021+00:00,778.212,manual,Manual cook,temp,2100,451.0,,esp32,,0,,,,,,,,,,,,1,450.0,1.0,0.0,0,NONE
2026-09-29T16:47:24.521+00:00,778.712,manual,Manual cook,temp,2100,450.5,,esp32,,0,,,,,,,,,,,,1,450.0,16.0,0.0,0,NONE
2026-09-29T16:47:25.520+00:00,779.711,manual,Manual cook,temp,2100,451.0,,esp32,,0,,,,,,,,,,,,1,450.0,1.0,0.0,0,NONE
2026-09-29T16:47:26.020+00:00,780.211,manual,Manual cook,temp,2100,449.6,,esp32,,0,,,,,,,,,,,,1,450.0,32.0,0.0,0,NONE
2026-09-29T16:47:27.020+00:00,781.211,manual,Manual cook,temp,2100,450.0,,esp32,,0,,,,,,,,,,,,1,450.0,3.0,0.0,0,NONE
2026-09-29T16:47:28.020+00:00,782.211,manual,Manual cook,temp,2100,449.6,,esp32,,0,,,,,,,,,,,,1,450.0,25.0,0.0,0,NONE
2026-09-29T16:47:29.020+00:00,783.211,manual,Manual cook,temp,2100,450.0,,esp32,,0,,,,,,,,,,,,1,450.0,0.0,0.0,0,NONE
2026-09-29T16:47:30.021+00:00,784.212,manual,Manual cook,temp,2100,450.0,,esp32,,0,,,,,,,,,,,,1,450.0,18.0,0.0,0,NONE
2026-09-29T16:47:31.021+00:00,785.212,manual,Manual cook,temp,2100,449.6,,esp32,,0,,,,,,,,,,,,1,450.0,18.0,0.0,0,NONE
2026-09-29T16:47:32.021+00:00,786.212,manual,Manual cook,temp,2100,449.6,,esp32,,0,,,,,,,,,,,,1,450.0,18.0,0.0,0,NONE
2026-09-29T16:47:33.020+00:00,787.211,manual,Manual cook,temp,2100,450.0,,esp32,,0,,,,,,,,,,,,1,450.0,0.0,0.0,0,NONE
2026-09-29T16:47:34.020+00:00,788.211,manual,Manual cook,temp,2100,450.0,,esp32,,0,,,,,,,,,,,,1,450.0,10.0,0.0,0,NONE
2026-09-29T16:47:34.520+00:00,788.711,manual,Manual cook,temp,2100,450.0,,esp32,,0,,,,,,,,,,,,1,450.0,10.0,0.0,0,NONE
2026-09-29T16:47:35.520+00:00,789.711,manual,Manual cook,temp,2100,450.0,,esp32,,0,,,,,,,,,,,,1,450.0,0.0,0.0,0,NONE
2026-09-29T16:47:36.520+00:00,790.711,manual,Manual cook,temp,2100,450.0,,esp32,,0,,,,,,,,,,,,1,450.0,10.0,0.0,0,NONE
2026-09-29T16:47:37.520+00:00,791.711,manual,Manual cook,temp,2100,450.0,,esp32,,0,,,,,,,,,,,,1,450.0,10.0,0.0,0,NONE
2026-09-29T16:47:38.020+00:00,792.212,manual,Manual cook,temp,2100,450.0,,esp32,,0,,,,,,,,,,,,1,450.0,10.0,0.0,0,NONE
2026-09-29T16:47:38.520+00:00,792.712,manual,Manual cook,temp,2100,450.5,,esp32,,0,,,,,,,,,,,,1,450.0,2.0,0.0,0,NONE
2026-09-29T16:47:39.520+00:00,793.711,manual,Manual cook,temp,2100,450.5,,esp32,,0,,,,,,,,,,,,1,450.0,9.0,0.0,0,NONE
2026-09-29T16:47:40.519+00:00,794.711,manual,Manual cook,temp,2100,451.0,,esp32,,0,,,,,,,,,,,,1,450.0,1.0,0.0,0,NONE
2026-09-29T16:47:41.019+00:00,795.211,manual,Manual cook,temp,2100,450.5,,esp32,,0,,,,,,,,,,,,1,450.0,8.0,0.0,0,NONE
2026-09-29T16:47:42.019+00:00,796.211,manual,Manual cook,temp,2100,450.0,,esp32,,0,,,,,,,,,,,,1,450.0,17.0,0.0,0,NONE
2026-09-29T16:47:42.519+00:00,796.711,manual,Manual cook,temp,2100,451.0,,esp32,,0,,,,,,,,,,,,1,450.0,10.0,0.0,0,NONE
2026-09-29T16:47:43.519+00:00,797.711,manual,Manual cook,temp,2100,451.0,,esp32,,0,,,,,,,,,,,,1,450.0,8.0,0.0,0,NONE
2026-09-29T16:47:44.519+00:00,798.711,manual,Manual cook,temp,2100,451.0,,esp32,,0,,,,,,,,,,,,1,450.0,8.0,0.0,0,NONE
2026-09-29T16:47:45.020+00:00,799.211,manual,Manual cook,temp,2100,451.0,,esp32,,0,,,,,,,,,,,,1,450.0,0.0,0.0,0,NONE
2026-09-29T16:47:46.019+00:00,800.211,manual,Manual cook,temp,2100,451.4,,esp32,,0,,,,,,,,,,,,1,450.0,16.0,0.0,0,NONE
2026-09-29T16:47:47.019+00:00,801.210,manual,Manual cook,temp,2100,451.0,,esp32,,0,,,,,,,,,,,,1,450.0,8.0,0.0,0,NONE
2026-09-29T16:47:48.019+00:00,802.210,manual,Manual cook,temp,2100,451.9,,esp32,,0,,,,,,,,,,,,1,450.0,6.0,0.0,0,NONE
2026-09-29T16:47:48.519+00:00,802.711,manual,Manual cook,temp,2100,451.9,,esp32,,0,,,,,,,,,,,,1,450.0,6.0,0.0,0,NONE
2026-09-29T16:47:49.019+00:00,803.211,manual,Manual cook,temp,2100,451.4,,esp32,,0,,,,,,,,,,,,1,450.0,14.0,0.0,0,NONE
2026-09-29T16:47:50.019+00:00,804.210,manual,Manual cook,temp,2100,451.4,,esp32,,0,,,,,,,,,,,,1,450.0,7.0,0.0,0,NONE
2026-09-29T16:47:51.020+00:00,805.211,manual,Manual cook,temp,2100,451.4,,esp32,,0,,,,,,,,,,,,1,450.0,23.0,0.0,0,NONE
2026-09-29T16:47:52.019+00:00,806.210,manual,Manual cook,temp,2100,452.3,,esp32,,0,,,,,,,,,,,,1,450.0,8.0,0.0,0,NONE
2026-09-29T16:47:53.019+00:00,807.210,manual,Manual cook,temp,2100,451.0,,esp32,,0,,,,,,,,,,,,1,450.0,8.0,0.0,0,NONE
2026-09-29T16:47:53.519+00:00,807.710,manual,Manual cook,temp,2100,451.4,,esp32,,0,,,,,,,,,,,,1,450.0,15.0,0.0,0,NONE
2026-09-29T16:47:54.519+00:00,808.710,manual,Manual cook,temp,2100,451.0,,esp32,,0,,,,,,,,,,,,1,450.0,8.0,0.0,0,NONE
2026-09-29T16:47:55.519+00:00,809.710,manual,Manual cook,temp,2100,451.0,,esp32,,0,,,,,,,,,,,,1,450.0,6.0,0.0,0,NONE
2026-09-29T16:47:56.519+00:00,810.710,manual,Manual cook,temp,2100,450.5,,esp32,,0,,,,,,,,,,,,1,450.0,0.0,0.0,0,NONE
2026-09-29T16:47:57.020+00:00,811.211,manual,Manual cook,temp,2100,450.5,,esp32,,0,,,,,,,,,,,,1,450.0,8.0,0.0,0,NONE
2026-09-29T16:47:58.019+00:00,812.210,manual,Manual cook,temp,2100,451.4,,esp32,,0,,,,,,,,,,,,1,450.0,7.0,0.0,0,NONE
2026-09-29T16:47:58.519+00:00,812.710,manual,Manual cook,temp,2100,451.0,,esp32,,0,,,,,,,,,,,,1,450.0,23.0,0.0,0,NONE
2026-09-29T16:47:59.519+00:00,813.710,manual,Manual cook,temp,2100,450.5,,esp32,,0,,,,,,,,,,,,1,450.0,16.0,0.0,0,NONE
2026-09-29T16:48:00.519+00:00,814.710,manual,Manual cook,temp,2100,450.0,,esp32,,0,,,,,,,,,,,,1,450.0,8.0,0.0,0,NONE
2026-09-29T16:48:01.019+00:00,815.210,manual,Manual cook,temp,2100,450.5,,esp32,,0,,,,,,,,,,,,1,450.0,0.0,0.0,0,NONE
2026-09-29T16:48:02.019+00:00,816.210,manual,Manual cook,temp,2100,451.0,,esp32,,0,,,,,,,,,,,,1,450.0,1.0,0.0,0,NONE
2026-09-29T16:48:02.519+00:00,816.710,manual,Manual cook,temp,2100,449.6,,esp32,,0,,,,,,,,,,,,1,450.0,32.0,0.0,0,NONE
2026-09-29T16:48:03.019+00:00,817.211,manual,Manual cook,temp,2100,450.5,,esp32,,0,,,,,,,,,,,,1,450.0,0.0,0.0,0,NONE
2026-09-29T16:48:04.019+00:00,818.211,manual,Manual cook,temp,2100,450.0,,esp32,,0,,,,,,,,,,,,1,450.0,17.0,0.0,0,NONE
2026-09-29T16:48:05.019+00:00,819.211,manual,Manual cook,temp,2100,449.1,,esp32,,0,,,,,,,,,,,,1,450.0,33.0,0.0,0,NONE
2026-09-29T16:48:05.519+00:00,819.711,manual,Manual cook,temp,2100,449.1,,esp32,,0,,,,,,,,,,,,1,450.0,11.0,0.0,0,NONE
2026-09-29T16:48:06.518+00:00,820.710,manual,Manual cook,temp,2100,449.6,,esp32,,0,,,,,,,,,,,,1,450.0,11.0,0.0,0,NONE
2026-09-29T16:48:07.518+00:00,821.710,manual,Manual cook,temp,2100,449.6,,esp32,,0,,,,,,,,,,,,1,450.0,3.0,0.0,0,NONE
2026-09-29T16:48:08.019+00:00,822.210,manual,Manual cook,temp,2100,449.1,,esp32,,0,,,,,,,,,,,,1,450.0,11.0,0.0,0,NONE
2026-09-29T16:48:09.018+00:00,823.210,manual,Manual cook,temp,2100,449.6,,esp32,,0,,,,,,,,,,,,1,450.0,3.0,0.0,0,NONE
2026-09-29T16:48:09.518+00:00,823.710,manual,Manual cook,temp,2100,449.6,,esp32,,0,,,,,,,,,,,,1,450.0,11.0,0.0,0,NONE
2026-09-29T16:48:10.518+00:00,824.710,manual,Manual cook,temp,2100,449.6,,esp32,,0,,,,,,,,,,,,1,450.0,3.0,0.0,0,NONE
2026-09-29T16:48:11.019+00:00,825.210,manual,Manual cook,temp,2100,450.0,,esp32,,0,,,,,,,,,,,,1,450.0,3.0,0.0,0,NONE
2026-09-29T16:48:12.018+00:00,826.209,manual,Manual cook,temp,2100,450.5,,esp32,,0,,,,,,,,,,,,1,450.0,2.0,0.0,0,NONE
2026-09-29T16:48:12.518+00:00,826.710,manual,Manual cook,temp,2100,449.6,,esp32,,0,,,,,,,,,,,,1,450.0,25.0,0.0,0,NONE
2026-09-29T16:48:13.518+00:00,827.710,manual,Manual cook,temp,2100,450.5,,esp32,,0,,,,,,,,,,,,1,450.0,8.0,0.0,0,NONE
2026-09-29T16:48:14.518+00:00,828.709,manual,Manual cook,temp,2100,450.5,,esp32,,0,,,,,,,,,,,,1,450.0,8.0,0.0,0,NONE
2026-09-29T16:48:15.018+00:00,829.209,manual,Manual cook,temp,2100,450.5,,esp32,,0,,,,,,,,,,,,1,450.0,9.0,0.0,0,NONE
2026-09-29T16:48:16.018+00:00,830.209,manual,Manual cook,temp,2100,449.6,,esp32,,0,,,,,,,,,,,,1,450.0,25.0,0.0,0,NONE
2026-09-29T16:48:17.018+00:00,831.209,manual,Manual cook,temp,2100,450.5,,esp32,,0,,,,,,,,,,,,1,450.0,8.0,0.0,0,NONE
2026-09-29T16:48:18.018+00:00,832.209,manual,Manual cook,temp,2100,451.0,,esp32,,0,,,,,,,,,,,,1,450.0,16.0,0.0,0,NONE
2026-09-29T16:48:19.018+00:00,833.209,manual,Manual cook,temp,2100,450.5,,esp32,,0,,,,,,,,,,,,1,450.0,16.0,0.0,0,NONE
2026-09-29T16:48:19.518+00:00,833.709,manual,Manual cook,temp,2100,450.0,,esp32,,0,,,,,,,,,,,,1,450.0,17.0,0.0,0,NONE
2026-09-29T16:48:20.518+00:00,834.709,manual,Manual cook,temp,2100,450.5,,esp32,,0,,,,,,,,,,,,1,450.0,9.0,0.0,0,NONE
2026-09-29T16:48:21.518+00:00,835.709,manual,Manual cook,temp,2100,450.5,,esp32,,0,,,,,,,,,,,,1,450.0,9.0,0.0,0,NONE
2026-09-29T16:48:22.019+00:00,836.210,manual,Manual cook,temp,2100,450.5,,esp32,,0,,,,,,,,,,,,1,450.0,9.0,0.0,0,NONE
2026-09-29T16:48:23.018+00:00,837.209,manual,Manual cook,temp,2100,449.1,,esp32,,0,,,,,,,,,,,,1,450.0,33.0,0.0,0,NONE
2026-09-29T16:48:24.018+00:00,838.209,manual,Manual cook,temp,2100,451.0,,esp32,,0,,,,,,,,,,,,1,450.0,0.0,0.0,0,NONE
2026-09-29T16:48:24.518+00:00,838.709,manual,Manual cook,temp,2100,450.5,,esp32,,0,,,,,,,,,,,,1,450.0,8.0,0.0,0,NONE
2026-09-29T16:48:25.518+00:00,839.709,manual,Manual cook,temp,2100,450.0,,esp32,,0,,,,,,,,,,,,1,450.0,17.0,0.0,0,NONE
2026-09-29T16:48:26.518+00:00,840.709,manual,Manual cook,temp,2100,451.4,,esp32,,0,,,,,,,,,,,,1,450.0,0.0,0.0,0,NONE
2026-09-29T16:48:27.018+00:00,841.209,manual,Manual cook,temp,2100,451.0,,esp32,,0,,,,,,,,,,,,1,450.0,8.0,0.0,0,NONE
2026-09-29T16:48:28.018+00:00,842.209,manual,Manual cook,temp,2100,451.0,,esp32,,0,,,,,,,,,,,,1,450.0,8.0,0.0,0,NONE
2026-09-29T16:48:28.518+00:00,842.709,manual,Manual cook,temp,2100,451.0,,esp32,,0,,,,,,,,,,,,1,450.0,8.0,0.0,0,NONE
2026-09-29T16:48:29.518+00:00,843.709,manual,Manual cook,temp,2100,450.0,,esp32,,0,,,,,,,,,,,,1,450.0,24.0,0.0,0,NONE
2026-09-29T16:48:30.517+00:00,844.709,manual,Manual cook,temp,2100,451.0,,esp32,,0,,,,,,,,,,,,1,450.0,0.0,0.0,0,NONE
2026-09-29T16:48:31.018+00:00,845.209,manual,Manual cook,temp,2100,451.0,,esp32,,0,,,,,,,,,,,,1,450.0,8.0,0.0,0,NONE
2026-09-29T16:48:31.518+00:00,845.709,manual,Manual cook,temp,2100,450.5,,esp32,,0,,,,,,,,,,,,1,450.0,16.0,0.0,0,NONE
2026-09-29T16:48:32.518+00:00,846.710,manual,Manual cook,temp,2100,450.0,,esp32,,0,,,,,,,,,,,,1,450.0,16.0,0.0,0,NONE
2026-09-29T16:48:33.517+00:00,847.709,manual,Manual cook,temp,2100,450.5,,esp32,,0,,,,,,,,,,,,1,450.0,1.0,0.0,0,NONE
2026-09-29T16:48:34.018+00:00,848.209,manual,Manual cook,temp,2100,450.5,,esp32,,0,,,,,,,,,,,,1,450.0,33.0,0.0,0,NONE
2026-09-29T16:48:35.017+00:00,849.209,manual,Manual cook,temp,2100,450.5,,esp32,,0,,,,,,,,,,,,1,450.0,8.0,0.0,0,NONE
2026-09-29T16:48:36.017+00:00,850.209,manual,Manual cook,temp,2100,449.6,,esp32,,0,,,,,,,,,,,,1,450.0,25.0,0.0,0,NONE
2026-09-29T16:48:37.017+00:00,851.209,manual,Manual cook,temp,2100,450.5,,esp32,,0,,,,,,,,,,,,1,450.0,0.0,0.0,0,NONE
2026-09-29T16:48:38.018+00:00,852.209,manual,Manual cook,temp,2100,450.5,,esp32,,0,,,,,,,,,,,,1,450.0,16.0,0.0,0,NONE
2026-09-29T16:48:39.017+00:00,853.208,manual,Manual cook,temp,2100,451.0,,esp32,,0,,,,,,,,,,,,1,450.0,0.0,0.0,0,NONE
2026-09-29T16:48:40.017+00:00,854.208,manual,Manual cook,temp,2100,450.5,,esp32,,0,,,,,,,,,,,,1,450.0,9.0,0.0,0,NONE
2026-09-29T16:48:40.517+00:00,854.709,manual,Manual cook,temp,2100,450.0,,esp32,,0,,,,,,,,,,,,1,450.0,17.0,0.0,0,NONE
2026-09-29T16:48:41.517+00:00,855.708,manual,Manual cook,temp,2100,450.5,,esp32,,0,,,,,,,,,,,,1,450.0,8.0,0.0,0,NONE
2026-09-29T16:48:42.517+00:00,856.708,manual,Manual cook,temp,2100,450.0,,esp32,,0,,,,,,,,,,,,1,450.0,8.0,0.0,0,NONE
2026-09-29T16:48:43.517+00:00,857.708,manual,Manual cook,temp,2100,450.5,,esp32,,0,,,,,,,,,,,,1,450.0,1.0,0.0,0,NONE
2026-09-29T16:48:44.017+00:00,858.208,manual,Manual cook,temp,2100,450.5,,esp32,,0,,,,,,,,,,,,1,450.0,9.0,0.0,0,NONE
2026-09-29T16:48:45.017+00:00,859.209,manual,Manual cook,temp,2100,450.5,,esp32,,0,,,,,,,,,,,,1,450.0,17.0,0.0,0,NONE
2026-09-29T16:48:46.017+00:00,860.208,manual,Manual cook,temp,2100,449.6,,esp32,,0,,,,,,,,,,,,1,450.0,25.0,0.0,0,NONE
2026-09-29T16:48:47.017+00:00,861.208,manual,Manual cook,temp,2100,450.0,,esp32,,0,,,,,,,,,,,,1,450.0,10.0,0.0,0,NONE
2026-09-29T16:48:48.017+00:00,862.208,manual,Manual cook,temp,2100,450.5,,esp32,,0,,,,,,,,,,,,1,450.0,18.0,0.0,0,NONE
2026-09-29T16:48:48.517+00:00,862.708,manual,Manual cook,temp,2100,450.5,,esp32,,0,,,,,,,,,,,,1,450.0,0.0,0.0,0,NONE
2026-09-29T16:48:49.517+00:00,863.708,manual,Manual cook,temp,2100,449.1,,esp32,,0,,,,,,,,,,,,1,450.0,19.0,0.0,0,NONE
2026-09-29T16:48:50.517+00:00,864.708,manual,Manual cook,temp,2100,450.0,,esp32,,0,,,,,,,,,,,,1,450.0,0.0,0.0,0,NONE
2026-09-29T16:48:51.517+00:00,865.708,manual,Manual cook,temp,2100,450.0,,esp32,,0,,,,,,,,,,,,1,450.0,10.0,0.0,0,NONE
2026-09-29T16:48:52.517+00:00,866.708,manual,Manual cook,temp,2100,449.1,,esp32,,0,,,,,,,,,,,,1,450.0,19.0,0.0,0,NONE
2026-09-29T16:48:53.517+00:00,867.708,manual,Manual cook,temp,2100,449.1,,esp32,,0,,,,,,,,,,,,1,450.0,11.0,0.0,0,NONE
2026-09-29T16:48:54.018+00:00,868.209,manual,Manual cook,temp,2100,449.1,,esp32,,0,,,,,,,,,,,,1,450.0,11.0,0.0,0,NONE
2026-09-29T16:48:55.017+00:00,869.208,manual,Manual cook,temp,2100,450.0,,esp32,,0,,,,,,,,,,,,1,450.0,8.0,0.0,0,NONE
2026-09-29T16:48:55.517+00:00,869.708,manual,Manual cook,temp,2100,449.6,,esp32,,0,,,,,,,,,,,,1,450.0,18.0,0.0,0,NONE
2026-09-29T16:48:56.517+00:00,870.708,manual,Manual cook,temp,2100,450.5,,esp32,,0,,,,,,,,,,,,1,450.0,1.0,0.0,0,NONE
2026-09-29T16:48:57.017+00:00,871.208,manual,Manual cook,temp,2100,449.6,,esp32,,0,,,,,,,,,,,,1,450.0,25.0,0.0,0,NONE
2026-09-29T16:48:57.517+00:00,871.708,manual,Manual cook,temp,2100,450.5,,esp32,,0,,,,,,,,,,,,1,450.0,2.0,0.0,0,NONE
2026-09-29T16:48:58.517+00:00,872.708,manual,Manual cook,temp,2100,450.0,,esp32,,0,,,,,,,,,,,,1,450.0,17.0,0.0,0,NONE
2026-09-29T16:48:59.517+00:00,873.708,manual,Manual cook,temp,2100,449.1,,esp32,,0,,,,,,,,,,,,1,450.0,19.0,0.0,0,NONE
2026-09-29T16:49:00.516+00:00,874.708,manual,Manual cook,temp,2100,449.1,,esp32,,0,,,,,,,,,,,,1,450.0,8.0,0.0,0,NONE
2026-09-29T16:49:01.017+00:00,875.208,manual,Manual cook,temp,2100,450.5,,esp32,,0,,,,,,,,,,,,1,450.0,3.0,0.0,0,NONE
2026-09-29T16:49:02.016+00:00,876.208,manual,Manual cook,temp,2100,450.0,,esp32,,0,,,,,,,,,,,,1,450.0,8.0,0.0,0,NONE
2026-09-29T16:49:03.016+00:00,877.208,manual,Manual cook,temp,2100,450.0,,esp32,,0,,,,,,,,,,,,1,450.0,26.0,0.0,0,NONE
2026-09-29T16:49:04.016+00:00,878.208,manual,Manual cook,temp,2100,449.6,,esp32,,0,,,,,,,,,,,,1,450.0,8.0,0.0,0,NONE
2026-09-29T16:49:05.017+00:00,879.208,manual,Manual cook,temp,2100,449.6,,esp32,,0,,,,,,,,,,,,1,450.0,18.0,0.0,0,NONE
2026-09-29T16:49:06.016+00:00,880.208,manual,Manual cook,temp,2100,449.6,,esp32,,0,,,,,,,,,,,,1,450.0,11.0,0.0,0,NONE
2026-09-29T16:49:06.516+00:00,880.708,manual,Manual cook,temp,2100,449.6,,esp32,,0,,,,,,,,,,,,1,450.0,11.0,0.0,0,NONE
2026-09-29T16:49:07.516+00:00,881.708,manual,Manual cook,temp,2100,449.1,,esp32,,0,,,,,,,,,,,,1,450.0,26.0,0.0,0,NONE
2026-09-29T16:49:08.516+00:00,882.708,manual,Manual cook,temp,2100,450.0,,esp32,,0,,,,,,,,,,,,1,450.0,8.0,0.0,0,NONE
2026-09-29T16:49:09.516+00:00,883.707,manual,Manual cook,temp,2100,449.1,,esp32,,0,,,,,,,,,,,,1,450.0,8.0,0.0,0,NONE
2026-09-29T16:49:10.016+00:00,884.207,manual,Manual cook,temp,2100,448.7,,esp32,,0,,,,,,,,,,,,1,450.0,20.0,0.0,0,NONE
2026-09-29T16:49:10.516+00:00,884.708,manual,Manual cook,temp,2100,449.1,,esp32,,0,,,,,,,,,,,,1,450.0,4.0,0.0,0,NONE
2026-09-29T16:49:11.516+00:00,885.707,manual,Manual cook,temp,2100,448.7,,esp32,,0,,,,,,,,,,,,1,450.0,20.0,0.0,0,NONE
2026-09-29T16:49:12.516+00:00,886.707,manual,Manual cook,temp,2100,448.7,,esp32,,0,,,,,,,,,,,,1,450.0,8.0,0.0,0,NONE
2026-09-29T16:49:13.016+00:00,887.207,manual,Manual cook,temp,2100,448.7,,esp32,,0,,,,,,,,,,,,1,450.0,12.0,0.0,0,NONE
2026-09-29T16:49:14.016+00:00,888.207,manual,Manual cook,temp,2100,448.7,,esp32,,0,,,,,,,,,,,,1,450.0,0.0,0.0,0,NONE
2026-09-29T16:49:14.516+00:00,888.707,manual,Manual cook,temp,2100,449.1,,esp32,,0,,,,,,,,,,,,1,450.0,4.0,0.0,0,NONE
2026-09-29T16:49:15.516+00:00,889.707,manual,Manual cook,temp,2100,448.7,,esp32,,0,,,,,,,,,,,,1,450.0,20.0,0.0,0,NONE
2026-09-29T16:49:16.017+00:00,890.208,manual,Manual cook,temp,2100,449.6,,esp32,,0,,,,,,,,,,,,1,450.0,0.0,0.0,0,NONE
2026-09-29T16:49:17.016+00:00,891.207,manual,Manual cook,temp,2100,449.1,,esp32,,0,,,,,,,,,,,,1,450.0,19.0,0.0,0,NONE
2026-09-29T16:49:18.016+00:00,892.207,manual,Manual cook,temp,2100,449.1,,esp32,,0,,,,,,,,,,,,1,450.0,12.0,0.0,0,NONE
2026-09-29T16:49:19.016+00:00,893.207,manual,Manual cook,temp,2100,449.6,,esp32,,0,,,,,,,,,,,,1,450.0,4.0,0.0,0,NONE
2026-09-29T16:49:19.516+00:00,893.707,manual,Manual cook,temp,2100,448.7,,esp32,,0,,,,,,,,,,,,1,450.0,27.0,0.0,0,NONE
2026-09-29T16:49:20.516+00:00,894.707,manual,Manual cook,temp,2100,449.6,,esp32,,0,,,,,,,,,,,,1,450.0,0.0,0.0,0,NONE
2026-09-29T16:49:21.516+00:00,895.707,manual,Manual cook,temp,2100,450.0,,esp32,,0,,,,,,,,,,,,1,450.0,8.0,0.0,0,NONE
2026-09-29T16:49:22.017+00:00,896.208,manual,Manual cook,temp,2100,450.0,,esp32,,0,,,,,,,,,,,,1,450.0,10.0,0.0,0,NONE
2026-09-29T16:49:23.016+00:00,897.207,manual,Manual cook,temp,2100,450.0,,esp32,,0,,,,,,,,,,,,1,450.0,3.0,0.0,0,NONE
2026-09-29T16:49:23.516+00:00,897.707,manual,Manual cook,temp,2100,449.6,,esp32,,0,,,,,,,,,,,,1,450.0,18.0,0.0,0,NONE
2026-09-29T16:49:24.016+00:00,898.207,manual,Manual cook,temp,2100,449.6,,esp32,,0,,,,,,,,,,,,1,450.0,19.0,0.0,0,NONE
2026-09-29T16:49:25.016+00:00,899.207,manual,Manual cook,temp,2100,449.1,,esp32,,0,,,,,,,,,,,,1,450.0,3.0,0.0,0,NONE
2026-09-29T16:49:26.016+00:00,900.207,manual,Manual cook,temp,2100,449.1,,esp32,,0,,,,,,,,,,,,1,450.0,12.0,0.0,0,NONE
2026-09-29T16:49:27.015+00:00,901.207,manual,Manual cook,temp,2100,450.5,,esp32,,0,,,,,,,,,,,,1,450.0,0.0,0.0,0,NONE
2026-09-29T16:49:27.515+00:00,901.707,manual,Manual cook,temp,2100,451.0,,esp32,,0,,,,,,,,,,,,1,450.0,1.0,0.0,0,NONE
2026-09-29T16:49:28.015+00:00,902.207,manual,Manual cook,temp,2100,450.5,,esp32,,0,,,,,,,,,,,,1,450.0,16.0,0.0,0,NONE
2026-09-29T16:49:29.015+00:00,903.207,manual,Manual cook,temp,2100,451.0,,esp32,,0,,,,,,,,,,,,1,450.0,8.0,0.0,0,NONE
2026-09-29T16:49:30.015+00:00,904.207,manual,Manual cook,temp,2100,451.0,,esp32,,0,,,,,,,,,,,,1,450.0,8.0,0.0,0,NONE
2026-09-29T16:49:30.515+00:00,904.707,manual,Manual cook,temp,2100,451.0,,esp32,,0,,,,,,,,,,,,1,450.0,8.0,0.0,0,NONE
2026-09-29T16:49:31.016+00:00,905.207,manual,Manual cook,temp,2100,451.0,,esp32,,0,,,,,,,,,,,,1,450.0,24.0,0.0,0,NONE
2026-09-29T16:49:32.015+00:00,906.207,manual,Manual cook,temp,2100,451.0,,esp32,,0,,,,,,,,,,,,1,450.0,0.0,0.0,0,NONE
2026-09-29T16:49:32.516+00:00,906.707,manual,Manual cook,temp,2100,451.0,,esp32,,0,,,,,,,,,,,,1,450.0,8.0,0.0,0,NONE
2026-09-29T16:49:33.515+00:00,907.707,manual,Manual cook,temp,2100,450.5,,esp32,,0,,,,,,,,,,,,1,450.0,0.0,0.0,0,NONE
2026-09-29T16:49:34.516+00:00,908.707,manual,Manual cook,temp,2100,450.5,,esp32,,0,,,,,,,,,,,,1,450.0,17.0,0.0,0,NONE
2026-09-29T16:49:35.515+00:00,909.707,manual,Manual cook,temp,2100,451.0,,esp32,,0,,,,,,,,,,,,1,450.0,1.0,0.0,0,NONE
2026-09-29T16:49:36.515+00:00,910.707,manual,Manual cook,temp,2100,451.0,,esp32,,0,,,,,,,,,,,,1,450.0,8.0,0.0,0,NONE
2026-09-29T16:49:37.515+00:00,911.707,manual,Manual cook,temp,2100,450.5,,esp32,,0,,,,,,,,,,,,1,450.0,16.0,0.0,0,NONE
2026-09-29T16:49:38.515+00:00,912.707,manual,Manual cook,temp,2100,450.5,,esp32,,0,,,,,,,,,,,,1,450.0,8.0,0.0,0,NONE
2026-09-29T16:49:39.515+00:00,913.707,manual,Manual cook,temp,2100,450.5,,esp32,,0,,,,,,,,,,,,1,450.0,17.0,0.0,0,NONE
2026-09-29T16:49:40.515+00:00,914.706,manual,Manual cook,temp,2100,450.5,,esp32,,0,,,,,,,,,,,,1,450.0,9.0,0.0,0,NONE
2026-09-29T16:49:41.515+00:00,915.706,manual,Manual cook,temp,2100,450.5,,esp32,,0,,,,,,,,,,,,1,450.0,9.0,0.0,0,NONE
2026-09-29T16:49:42.515+00:00,916.706,manual,Manual cook,temp,2100,450.5,,esp32,,0,,,,,,,,,,,,1,450.0,16.0,0.0,0,NONE
2026-09-29T16:49:43.016+00:00,917.207,manual,Manual cook,temp,2100,450.0,,esp32,,0,,,,,,,,,,,,1,450.0,9.0,0.0,0,NONE
2026-09-29T16:49:44.015+00:00,918.206,manual,Manual cook,temp,2100,450.5,,esp32,,0,,,,,,,,,,,,1,450.0,2.0,0.0,0,NONE
2026-09-29T16:49:45.015+00:00,919.206,manual,Manual cook,temp,2100,450.5,,esp32,,0,,,,,,,,,,,,1,450.0,9.0,0.0,0,NONE
2026-09-29T16:49:45.515+00:00,919.706,manual,Manual cook,temp,2100,450.0,,esp32,,0,,,,,,,,,,,,1,450.0,17.0,0.0,0,NONE
2026-09-29T16:49:46.515+00:00,920.706,manual,Manual cook,temp,2100,451.0,,esp32,,0,,,,,,,,,,,,1,450.0,8.0,0.0,0,NONE
2026-09-29T16:49:47.515+00:00,921.706,manual,Manual cook,temp,2100,450.5,,esp32,,0,,,,,,,,,,,,1,450.0,16.0,0.0,0,NONE
2026-09-29T16:49:48.515+00:00,922.706,manual,Manual cook,temp,2100,450.5,,esp32,,0,,,,,,,,,,,,1,450.0,0.0,0.0,0,NONE
2026-09-29T16:49:49.015+00:00,923.206,manual,Manual cook,temp,2100,449.6,,esp32,,0,,,,,,,,,,,,1,450.0,1.0,0.0,0,NONE
2026-09-29T16:49:50.015+00:00,924.206,manual,Manual cook,temp,2100,449.6,,esp32,,0,,,,,,,,,,,,1,450.0,11.0,0.0,0,NONE
2026-09-29T16:49:51.015+00:00,925.206,manual,Manual cook,temp,2100,450.0,,esp32,,0,,,,,,,,,,,,1,450.0,2.0,0.0,0,NONE
2026-09-29T16:49:52.015+00:00,926.206,manual,Manual cook,temp,2100,451.0,,esp32,,0,,,,,,,,,,,,1,450.0,1.0,0.0,0,NONE
2026-09-29T16:49:52.515+00:00,926.706,manual,Manual cook,temp,2100,450.0,,esp32,,0,,,,,,,,,,,,1,450.0,16.0,0.0,0,NONE
2026-09-29T16:49:53.515+00:00,927.707,manual,Manual cook,temp,2100,449.6,,esp32,,0,,,,,,,,,,,,1,450.0,18.0,0.0,0,NONE
2026-09-29T16:49:54.514+00:00,928.706,manual,Manual cook,temp,2100,450.0,,esp32,,0,,,,,,,,,,,,1,450.0,2.0,0.0,0,NONE
2026-09-29T16:49:55.015+00:00,929.206,manual,Manual cook,temp,2100,450.0,,esp32,,0,,,,,,,,,,,,1,450.0,10.0,0.0,0,NONE
2026-09-29T16:49:55.515+00:00,929.706,manual,Manual cook,temp,2100,450.0,,esp32,,0,,,,,,,,,,,,1,450.0,10.0,0.0,0,NONE
2026-09-29T16:49:56.015+00:00,930.206,manual,Manual cook,temp,2100,451.0,,esp32,,0,,,,,,,,,,,,1,450.0,26.0,0.0,0,NONE
2026-09-29T16:49:57.014+00:00,931.206,manual,Manual cook,temp,2100,449.1,,esp32,,0,,,,,,,,,,,,1,450.0,8.0,0.0,0,NONE
2026-09-29T16:49:57.514+00:00,931.706,manual,Manual cook,temp,2100,449.1,,esp32,,0,,,,,,,,,,,,1,450.0,11.0,0.0,0,NONE
2026-09-29T16:49:58.514+00:00,932.706,manual,Manual cook,temp,2100,449.1,,esp32,,0,,,,,,,,,,,,1,450.0,19.0,0.0,0,NONE
2026-09-29T16:49:59.514+00:00,933.706,manual,Manual cook,temp,2100,450.0,,esp32,,0,,,,,,,,,,,,1,450.0,8.0,0.0,0,NONE
2026-09-29T16:50:00.014+00:00,934.206,manual,Manual cook,temp,2100,449.6,,esp32,,0,,,,,,,,,,,,1,450.0,18.0,0.0,0,NONE
2026-09-29T16:50:00.514+00:00,934.706,manual,Manual cook,temp,2100,450.5,,esp32,,0,,,,,,,,,,,,1,450.0,3.0,0.0,0,NONE
2026-09-29T16:50:01.514+00:00,935.706,manual,Manual cook,temp,2100,450.0,,esp32,,0,,,,,,,,,,,,1,450.0,17.0,0.0,0,NONE
2026-09-29T16:50:02.015+00:00,936.206,manual,Manual cook,temp,2100,450.0,,esp32,,0,,,,,,,,,,,,1,450.0,10.0,0.0,0,NONE
2026-09-29T16:50:03.014+00:00,937.206,manual,Manual cook,temp,2100,450.0,,esp32,,0,,,,,,,,,,,,1,450.0,10.0,0.0,0,NONE
2026-09-29T16:50:04.015+00:00,938.206,manual,Manual cook,temp,2100,449.6,,esp32,,0,,,,,,,,,,,,1,450.0,18.0,0.0,0,NONE
2026-09-29T16:50:05.014+00:00,939.205,manual,Manual cook,temp,2100,451.0,,esp32,,0,,,,,,,,,,,,1,450.0,0.0,0.0,0,NONE
2026-09-29T16:50:06.014+00:00,940.205,manual,Manual cook,temp,2100,451.4,,esp32,,0,,,,,,,,,,,,1,450.0,0.0,0.0,0,NONE
2026-09-29T16:50:06.514+00:00,940.705,manual,Manual cook,temp,2100,450.0,,esp32,,0,,,,,,,,,,,,1,450.0,8.0,0.0,0,NONE
2026-09-29T16:50:07.014+00:00,941.205,manual,Manual cook,temp,2100,450.0,,esp32,,0,,,,,,,,,,,,1,450.0,24.0,0.0,0,NONE
2026-09-29T16:50:08.014+00:00,942.205,manual,Manual cook,temp,2100,451.0,,esp32,,0,,,,,,,,,,,,1,450.0,0.0,0.0,0,NONE
2026-09-29T16:50:09.014+00:00,943.205,manual,Manual cook,temp,2100,451.0,,esp32,,0,,,,,,,,,,,,1,450.0,16.0,0.0,0,NONE
2026-09-29T16:50:10.014+00:00,944.205,manual,Manual cook,temp,2100,451.0,,esp32,,0,,,,,,,,,,,,1,450.0,8.0,0.0,0,NONE
2026-09-29T16:50:10.514+00:00,944.705,manual,Manual cook,temp,2100,449.6,,esp32,,0,,,,,,,,,,,,1,450.0,32.0,0.0,0,NONE
2026-09-29T16:50:11.514+00:00,945.705,manual,Manual cook,temp,2100,450.5,,esp32,,0,,,,,,,,,,,,1,450.0,8.0,0.0,0,NONE
2026-09-29T16:50:12.514+00:00,946.705,manual,Manual cook,temp,2100,450.5,,esp32,,0,,,,,,,,,,,,1,450.0,9.0,0.0,0,NONE
2026-09-29T16:50:13.014+00:00,947.205,manual,Manual cook,temp,2100,451.4,,esp32,,0,,,,,,,,,,,,1,450.0,0.0,0.0,0,NONE
2026-09-29T16:50:14.014+00:00,948.205,manual,Manual cook,temp,2100,451.0,,esp32,,0,,,,,,,,,,,,1,450.0,0.0,0.0,0,NONE
2026-09-29T16:50:14.515+00:00,948.706,manual,Manual cook,temp,2100,451.0,,esp32,,0,,,,,,,,,,,,1,450.0,8.0,0.0,0,NONE
2026-09-29T16:50:15.514+00:00,949.705,manual,Manual cook,temp,2100,451.0,,esp32,,0,,,,,,,,,,,,1,450.0,8.0,0.0,0,NONE
2026-09-29T16:50:16.014+00:00,950.205,manual,Manual cook,temp,2100,450.0,,esp32,,0,,,,,,,,,,,,1,450.0,24.0,0.0,0,NONE
2026-09-29T16:50:17.014+00:00,951.205,manual,Manual cook,temp,2100,451.4,,esp32,,0,,,,,,,,,,,,1,450.0,0.0,0.0,0,NONE
2026-09-29T16:50:18.014+00:00,952.205,manual,Manual cook,temp,2100,450.5,,esp32,,0,,,,,,,,,,,,1,450.0,16.0,0.0,0,NONE
2026-09-29T16:50:19.014+00:00,953.205,manual,Manual cook,temp,2100,450.5,,esp32,,0,,,,,,,,,,,,1,450.0,9.0,0.0,0,NONE
2026-09-29T16:50:19.514+00:00,953.705,manual,Manual cook,temp,2100,450.0,,esp32,,0,,,,,,,,,,,,1,450.0,17.0,0.0,0,NONE
2026-09-29T16:50:20.514+00:00,954.705,manual,Manual cook,temp,2100,450.5,,esp32,,0,,,,,,,,,,,,1,450.0,8.0,0.0,0,NONE
2026-09-29T16:50:21.014+00:00,955.205,manual,Manual cook,temp,2100,450.0,,esp32,,0,,,,,,,,,,,,1,450.0,17.0,0.0,0,NONE
2026-09-29T16:50:22.013+00:00,956.205,manual,Manual cook,temp,2100,451.0,,esp32,,0,,,,,,,,,,,,1,450.0,0.0,0.0,0,NONE
2026-09-29T16:50:22.514+00:00,956.705,manual,Manual cook,temp,2100,450.5,,esp32,,0,,,,,,,,,,,,1,450.0,8.0,0.0,0,NONE
2026-09-29T16:50:23.514+00:00,957.705,manual,Manual cook,temp,2100,450.5,,esp32,,0,,,,,,,,,,,,1,450.0,1.0,0.0,0,NONE
2026-09-29T16:50:24.014+00:00,958.205,manual,Manual cook,temp,2100,450.5,,esp32,,0,,,,,,,,,,,,1,450.0,16.0,0.0,0,NONE
2026-09-29T16:50:25.013+00:00,959.205,manual,Manual cook,temp,2100,451.0,,esp32,,0,,,,,,,,,,,,1,450.0,1.0,0.0,0,NONE
2026-09-29T16:50:25.513+00:00,959.705,manual,Manual cook,temp,2100,450.0,,esp32,,0,,,,,,,,,,,,1,450.0,24.0,0.0,0,NONE
2026-09-29T16:50:26.513+00:00,960.705,manual,Manual cook,temp,2100,449.6,,esp32,,0,,,,,,,,,,,,1,450.0,25.0,0.0,0,NONE
2026-09-29T16:50:27.513+00:00,961.705,manual,Manual cook,temp,2100,450.5,,esp32,,0,,,,,,,,,,,,1,450.0,10.0,0.0,0,NONE
2026-09-29T16:50:28.513+00:00,962.705,manual,Manual cook,temp,2100,449.6,,esp32,,0,,,,,,,,,,,,1,450.0,25.0,0.0,0,NONE
2026-09-29T16:50:29.513+00:00,963.705,manual,Manual cook,temp,2100,450.0,,esp32,,0,,,,,,,,,,,,1,450.0,0.0,0.0,0,NONE
2026-09-29T16:50:30.014+00:00,964.205,manual,Manual cook,temp,2100,450.0,,esp32,,0,,,,,,,,,,,,1,450.0,8.0,0.0,0,NONE
2026-09-29T16:50:31.013+00:00,965.205,manual,Manual cook,temp,2100,450.5,,esp32,,0,,,,,,,,,,,,1,450.0,19.0,0.0,0,NONE
2026-09-29T16:50:32.013+00:00,966.205,manual,Manual cook,temp,2100,450.5,,esp32,,0,,,,,,,,,,,,1,450.0,8.0,0.0,0,NONE
2026-09-29T16:50:33.013+00:00,967.204,manual,Manual cook,temp,2100,449.6,,esp32,,0,,,,,,,,,,,,1,450.0,8.0,0.0,0,NONE
2026-09-29T16:50:33.513+00:00,967.705,manual,Manual cook,temp,2100,449.1,,esp32,,0,,,,,,,,,,,,1,450.0,19.0,0.0,0,NONE
2026-09-29T16:50:34.513+00:00,968.704,manual,Manual cook,temp,2100,448.7,,esp32,,0,,,,,,,,,,,,1,450.0,20.0,0.0,0,NONE
2026-09-29T16:50:35.513+00:00,969.704,manual,Manual cook,temp,2100,450.0,,esp32,,0,,,,,,,,,,,,1,450.0,2.0,0.0,0,NONE
2026-09-29T16:50:36.013+00:00,970.204,manual,Manual cook,temp,2100,449.6,,esp32,,0,,,,,,,,,,,,1,450.0,18.0,0.0,0,NONE
2026-09-29T16:50:37.013+00:00,971.204,manual,Manual cook,temp,2100,449.6,,esp32,,0,,,,,,,,,,,,1,450.0,0.0,0.0,0,NONE
2026-09-29T16:50:38.013+00:00,972.204,manual,Manual cook,temp,2100,449.1,,esp32,,0,,,,,,,,,,,,1,450.0,4.0,0.0,0,NONE
2026-09-29T16:50:38.513+00:00,972.704,manual,Manual cook,temp,2100,449.6,,esp32,,0,,,,,,,,,,,,1,450.0,20.0,0.0,0,NONE
2026-09-29T16:50:39.513+00:00,973.704,manual,Manual cook,temp,2100,449.6,,esp32,,0,,,,,,,,,,,,1,450.0,8.0,0.0,0,NONE
2026-09-29T16:50:40.514+00:00,974.705,manual,Manual cook,temp,2100,449.6,,esp32,,0,,,,,,,,,,,,1,450.0,8.0,0.0,0,NONE
2026-09-29T16:50:41.513+00:00,975.704,manual,Manual cook,temp,2100,449.1,,esp32,,0,,,,,,,,,,,,1,450.0,19.0,0.0,0,NONE
2026-09-29T16:50:42.513+00:00,976.704,manual,Manual cook,temp,2100,448.7,,esp32,,0,,,,,,,,,,,,1,450.0,20.0,0.0,0,NONE
2026-09-29T16:50:43.513+00:00,977.704,manual,Manual cook,temp,2100,448.7,,esp32,,0,,,,,,,,,,,,1,450.0,20.0,0.0,0,NONE
2026-09-29T16:50:44.513+00:00,978.704,manual,Manual cook,temp,2100,449.1,,esp32,,0,,,,,,,,,,,,1,450.0,21.0,0.0,0,NONE
2026-09-29T16:50:45.513+00:00,979.704,manual,Manual cook,temp,2100,449.6,,esp32,,0,,,,,,,,,,,,1,450.0,3.0,0.0,0,NONE
2026-09-29T16:50:46.014+00:00,980.205,manual,Manual cook,temp,2100,449.1,,esp32,,0,,,,,,,,,,,,1,450.0,11.0,0.0,0,NONE
2026-09-29T16:50:47.013+00:00,981.204,manual,Manual cook,temp,2100,449.6,,esp32,,0,,,,,,,,,,,,1,450.0,4.0,0.0,0,NONE
2026-09-29T16:50:47.513+00:00,981.704,manual,Manual cook,temp,2100,449.6,,esp32,,0,,,,,,,,,,,,1,450.0,11.0,0.0,0,NONE
2026-09-29T16:50:48.013+00:00,982.204,manual,Manual cook,temp,2100,449.6,,esp32,,0,,,,,,,,,,,,1,450.0,11.0,0.0,0,NONE
2026-09-29T16:50:49.013+00:00,983.204,manual,Manual cook,temp,2100,450.0,,esp32,,0,,,,,,,,,,,,1,450.0,11.0,0.0,0,NONE
2026-09-29T16:50:50.013+00:00,984.204,manual,Manual cook,temp,2100,450.0,,esp32,,0,,,,,,,,,,,,1,450.0,10.0,0.0,0,NONE
2026-09-29T16:50:51.012+00:00,985.204,manual,Manual cook,temp,2100,451.0,,esp32,,0,,,,,,,,,,,,1,450.0,0.0,0.0,0,NONE
2026-09-29T16:50:51.513+00:00,985.705,manual,Manual cook,temp,2100,451.0,,esp32,,0,,,,,,,,,,,,1,450.0,8.0,0.0,0,NONE
2026-09-29T16:50:52.513+00:00,986.704,manual,Manual cook,temp,2100,450.5,,esp32,,0,,,,,,,,,,,,1,450.0,24.0,0.0,0,NONE
2026-09-29T16:50:53.512+00:00,987.704,manual,Manual cook,temp,2100,450.0,,esp32,,0,,,,,,,,,,,,1,450.0,17.0,0.0,0,NONE
2026-09-29T16:50:54.512+00:00,988.704,manual,Manual cook,temp,2100,450.5,,esp32,,0,,,,,,,,,,,,1,450.0,9.0,0.0,0,NONE
2026-09-29T16:50:55.512+00:00,989.704,manual,Manual cook,temp,2100,451.0,,esp32,,0,,,,,,,,,,,,1,450.0,1.0,0.0,0,NONE
2026-09-29T16:50:56.512+00:00,990.704,manual,Manual cook,temp,2100,451.9,,esp32,,0,,,,,,,,,,,,1,450.0,8.0,0.0,0,NONE
2026-09-29T16:50:57.013+00:00,991.204,manual,Manual cook,temp,2100,451.9,,esp32,,0,,,,,,,,,,,,1,450.0,0.0,0.0,0,NONE
2026-09-29T16:50:58.512+00:00,992.704,manual,Manual cook,temp,2100,450.5,,esp32,,0,,,,,,,,,,,,1,450.0,8.0,0.0,0,NONE
2026-09-29T16:50:59.012+00:00,993.204,manual,Manual cook,temp,2100,451.0,,esp32,,0,,,,,,,,,,,,1,450.0,0.0,0.0,0,NONE
2026-09-29T16:51:00.012+00:00,994.203,manual,Manual cook,temp,2100,451.4,,esp32,,0,,,,,,,,,,,,1,450.0,0.0,0.0,0,NONE
2026-09-29T16:51:01.012+00:00,995.203,manual,Manual cook,temp,2100,451.0,,esp32,,0,,,,,,,,,,,,1,450.0,15.0,0.0,0,NONE
2026-09-29T16:51:02.012+00:00,996.203,manual,Manual cook,temp,2100,450.5,,esp32,,0,,,,,,,,,,,,1,450.0,8.0,0.0,0,NONE
2026-09-29T16:51:02.513+00:00,996.704,manual,Manual cook,temp,2100,450.0,,esp32,,0,,,,,,,,,,,,1,450.0,0.0,0.0,0,NONE
2026-09-29T16:51:03.512+00:00,997.703,manual,Manual cook,temp,2100,451.4,,esp32,,0,,,,,,,,,,,,1,450.0,0.0,0.0,0,NONE
2026-09-29T16:51:04.512+00:00,998.703,manual,Manual cook,temp,2100,450.5,,esp32,,0,,,,,,,,,,,,1,450.0,16.0,0.0,0,NONE
2026-09-29T16:51:05.512+00:00,999.703,manual,Manual cook,temp,2100,451.0,,esp32,,0,,,,,,,,,,,,1,450.0,9.0,0.0,0,NONE
2026-09-29T16:51:06.512+00:00,1000.703,manual,Manual cook,temp,2100,450.5,,esp32,,0,,,,,,,,,,,,1,450.0,16.0,0.0,0,NONE
2026-09-29T16:51:07.512+00:00,1001.703,manual,Manual cook,temp,2100,450.0,,esp32,,0,,,,,,,,,,,,1,450.0,24.0,0.0,0,NONE
2026-09-29T16:51:08.512+00:00,1002.703,manual,Manual cook,temp,2100,449.6,,esp32,,0,,,,,,,,,,,,1,450.0,25.0,0.0,0,NONE
2026-09-29T16:51:09.512+00:00,1003.703,manual,Manual cook,temp,2100,450.5,,esp32,,0,,,,,,,,,,,,1,450.0,8.0,0.0,0,NONE
2026-09-29T16:51:10.512+00:00,1004.703,manual,Manual cook,temp,2100,450.5,,esp32,,0,,,,,,,,,,,,1,450.0,8.0,0.0,0,NONE
2026-09-29T16:51:11.012+00:00,1005.203,manual,Manual cook,temp,2100,450.0,,esp32,,0,,,,,,,,,,,,1,450.0,17.0,0.0,0,NONE
2026-09-29T16:51:12.012+00:00,1006.203,manual,Manual cook,temp,2100,450.0,,esp32,,0,,,,,,,,,,,,1,450.0,0.0,0.0,0,NONE
2026-09-29T16:51:13.013+00:00,1007.204,manual,Manual cook,temp,2100,449.1,,esp32,,0,,,,,,,,,,,,1,450.0,18.0,0.0,0,NONE
2026-09-29T16:51:14.012+00:00,1008.203,manual,Manual cook,temp,2100,450.0,,esp32,,0,,,,,,,,,,,,1,450.0,11.0,0.0,0,NONE
2026-09-29T16:51:15.012+00:00,1009.203,manual,Manual cook,temp,2100,450.0,,esp32,,0,,,,,,,,,,,,1,450.0,8.0,0.0,0,NONE
2026-09-29T16:51:15.512+00:00,1009.703,manual,Manual cook,temp,2100,450.0,,esp32,,0,,,,,,,,,,,,1,450.0,10.0,0.0,0,NONE
2026-09-29T16:51:16.512+00:00,1010.703,manual,Manual cook,temp,2100,449.6,,esp32,,0,,,,,,,,,,,,1,450.0,11.0,0.0,0,NONE
2026-09-29T16:51:17.512+00:00,1011.703,manual,Manual cook,temp,2100,449.6,,esp32,,0,,,,,,,,,,,,1,450.0,18.0,0.0,0,NONE
2026-09-29T16:51:18.511+00:00,1012.703,manual,Manual cook,temp,2100,450.5,,esp32,,0,,,,,,,,,,,,1,450.0,0.0,0.0,0,NONE
2026-09-29T16:51:19.012+00:00,1013.203,manual,Manual cook,temp,2100,450.5,,esp32,,0,,,,,,,,,,,,1,450.0,8.0,0.0,0,NONE
2026-09-29T16:51:20.012+00:00,1014.203,manual,Manual cook,temp,2100,450.0,,esp32,,0,,,,,,,,,,,,1,450.0,9.0,0.0,0,NONE
2026-09-29T16:51:21.011+00:00,1015.203,manual,Manual cook,temp,2100,450.5,,esp32,,0,,,,,,,,,,,,1,450.0,2.0,0.0,0,NONE
2026-09-29T16:51:21.511+00:00,1015.703,manual,Manual cook,temp,2100,450.5,,esp32,,0,,,,,,,,,,,,1,450.0,9.0,0.0,0,NONE
2026-09-29T16:51:22.511+00:00,1016.703,manual,Manual cook,temp,2100,450.0,,esp32,,0,,,,,,,,,,,,1,450.0,9.0,0.0,0,NONE
2026-09-29T16:51:23.512+00:00,1017.704,manual,Manual cook,temp,2100,450.5,,esp32,,0,,,,,,,,,,,,1,450.0,2.0,0.0,0,NONE
2026-09-29T16:51:24.511+00:00,1018.703,manual,Manual cook,temp,2100,450.5,,esp32,,0,,,,,,,,,,,,1,450.0,0.0,0.0,0,NONE
2026-09-29T16:51:25.511+00:00,1019.703,manual,Manual cook,temp,2100,451.0,,esp32,,0,,,,,,,,,,,,1,450.0,0.0,0.0,0,NONE
2026-09-29T16:51:26.511+00:00,1020.703,manual,Manual cook,temp,2100,450.5,,esp32,,0,,,,,,,,,,,,1,450.0,16.0,0.0,0,NONE
2026-09-29T16:51:27.511+00:00,1021.703,manual,Manual cook,temp,2100,451.4,,esp32,,0,,,,,,,,,,,,1,450.0,0.0,0.0,0,NONE
2026-09-29T16:51:28.011+00:00,1022.203,manual,Manual cook,temp,2100,451.0,,esp32,,0,,,,,,,,,,,,1,450.0,8.0,0.0,0,NONE
2026-09-29T16:51:29.011+00:00,1023.203,manual,Manual cook,temp,2100,450.0,,esp32,,0,,,,,,,,,,,,1,450.0,24.0,0.0,0,NONE
2026-09-29T16:51:30.011+00:00,1024.202,manual,Manual cook,temp,2100,451.0,,esp32,,0,,,,,,,,,,,,1,450.0,8.0,0.0,0,NONE
2026-09-29T16:51:31.011+00:00,1025.202,manual,Manual cook,temp,2100,451.4,,esp32,,0,,,,,,,,,,,,1,450.0,7.0,0.0,0,NONE
2026-09-29T16:51:31.511+00:00,1025.702,manual,Manual cook,temp,2100,450.5,,esp32,,0,,,,,,,,,,,,1,450.0,23.0,0.0,0,NONE
2026-09-29T16:51:32.011+00:00,1026.203,manual,Manual cook,temp,2100,451.4,,esp32,,0,,,,,,,,,,,,1,450.0,17.0,0.0,0,NONE
2026-09-29T16:51:33.011+00:00,1027.202,manual,Manual cook,temp,2100,451.0,,esp32,,0,,,,,,,,,,,,1,450.0,8.0,0.0,0,NONE
2026-09-29T16:51:34.011+00:00,1028.203,manual,Manual cook,temp,2100,450.5,,esp32,,0,,,,,,,,,,,,1,450.0,8.0,0.0,0,NONE
2026-09-29T16:51:35.011+00:00,1029.202,manual,Manual cook,temp,2100,450.5,,esp32,,0,,,,,,,,,,,,1,450.0,8.0,0.0,0,NONE
2026-09-29T16:51:35.511+00:00,1029.702,manual,Manual cook,temp,2100,450.5,,esp32,,0,,,,,,,,,,,,1,450.0,16.0,0.0,0,NONE
2026-09-29T16:51:36.011+00:00,1030.202,manual,Manual cook,temp,2100,450.5,,esp32,,0,,,,,,,,,,,,1,450.0,17.0,0.0,0,NONE
2026-09-29T16:51:37.011+00:00,1031.202,manual,Manual cook,temp,2100,450.0,,esp32,,0,,,,,,,,,,,,1,450.0,17.0,0.0,0,NONE
2026-09-29T16:51:38.011+00:00,1032.202,manual,Manual cook,temp,2100,450.0,,esp32,,0,,,,,,,,,,,,1,450.0,17.0,0.0,0,NONE
2026-09-29T16:51:39.011+00:00,1033.202,manual,Manual cook,temp,2100,451.0,,esp32,,0,,,,,,,,,,,,1,450.0,1.0,0.0,0,NONE
2026-09-29T16:51:39.511+00:00,1033.702,manual,Manual cook,temp,2100,450.5,,esp32,,0,,,,,,,,,,,,1,450.0,16.0,0.0,0,NONE
2026-09-29T16:51:40.011+00:00,1034.202,manual,Manual cook,temp,2100,450.0,,esp32,,0,,,,,,,,,,,,1,450.0,25.0,0.0,0,NONE
2026-09-29T16:51:41.011+00:00,1035.202,manual,Manual cook,temp,2100,449.6,,esp32,,0,,,,,,,,,,,,1,450.0,18.0,0.0,0,NONE
2026-09-29T16:51:42.011+00:00,1036.202,manual,Manual cook,temp,2100,449.6,,esp32,,0,,,,,,,,,,,,1,450.0,10.0,0.0,0,NONE
2026-09-29T16:51:43.011+00:00,1037.202,manual,Manual cook,temp,2100,450.5,,esp32,,0,,,,,,,,,,,,1,450.0,0.0,0.0,0,NONE
2026-09-29T16:51:44.011+00:00,1038.202,manual,Manual cook,temp,2100,450.5,,esp32,,0,,,,,,,,,,,,1,450.0,18.0,0.0,0,NONE
2026-09-29T16:51:44.511+00:00,1038.703,manual,Manual cook,temp,2100,450.5,,esp32,,0,,,,,,,,,,,,1,450.0,0.0,0.0,0,NONE
2026-09-29T16:51:45.510+00:00,1039.702,manual,Manual cook,temp,2100,450.5,,esp32,,0,,,,,,,,,,,,1,450.0,0.0,0.0,0,NONE
2026-09-29T16:51:46.510+00:00,1040.702,manual,Manual cook,temp,2100,450.0,,esp32,,0,,,,,,,,,,,,1,450.0,0.0,0.0,0,NONE
2026-09-29T16:51:47.011+00:00,1041.202,manual,Manual cook,temp,2100,450.5,,esp32,,0,,,,,,,,,,,,1,450.0,8.0,0.0,0,NONE
2026-09-29T16:51:48.011+00:00,1042.202,manual,Manual cook,temp,2100,449.1,,esp32,,0,,,,,,,,,,,,1,450.0,33.0,0.0,0,NONE
2026-09-29T16:51:49.010+00:00,1043.202,manual,Manual cook,temp,2100,449.6,,esp32,,0,,,,,,,,,,,,1,450.0,8.0,0.0,0,NONE
2026-09-29T16:51:49.511+00:00,1043.702,manual,Manual cook,temp,2100,448.3,,esp32,,0,,,,,,,,,,,,1,450.0,10.0,0.0,0,NONE
2026-09-29T16:51:50.510+00:00,1044.702,manual,Manual cook,temp,2100,448.7,,esp32,,0,,,,,,,,,,,,1,450.0,0.0,0.0,0,NONE
2026-09-29T16:51:51.010+00:00,1045.202,manual,Manual cook,temp,2100,449.1,,esp32,,0,,,,,,,,,,,,1,450.0,8.0,0.0,0,NONE
2026-09-29T16:51:52.010+00:00,1046.202,manual,Manual cook,temp,2100,449.1,,esp32,,0,,,,,,,,,,,,1,450.0,11.0,0.0,0,NONE
2026-09-29T16:51:53.010+00:00,1047.202,manual,Manual cook,temp,2100,449.6,,esp32,,0,,,,,,,,,,,,1,450.0,3.0,0.0,0,NONE
2026-09-29T16:51:53.510+00:00,1047.702,manual,Manual cook,temp,2100,449.1,,esp32,,0,,,,,,,,,,,,1,450.0,11.0,0.0,0,NONE
2026-09-29T16:51:54.510+00:00,1048.702,manual,Manual cook,temp,2100,449.1,,esp32,,0,,,,,,,,,,,,1,450.0,11.0,0.0,0,NONE
2026-09-29T16:51:55.011+00:00,1049.202,manual,Manual cook,temp,2100,449.1,,esp32,,0,,,,,,,,,,,,1,450.0,3.0,0.0,0,NONE
2026-09-29T16:51:56.010+00:00,1050.202,manual,Manual cook,temp,2100,449.1,,esp32,,0,,,,,,,,,,,,1,450.0,11.0,0.0,0,NONE
2026-09-29T16:51:57.010+00:00,1051.201,manual,Manual cook,temp,2100,450.0,,esp32,,0,,,,,,,,,,,,1,450.0,8.0,0.0,0,NONE
2026-09-29T16:51:58.010+00:00,1052.201,manual,Manual cook,temp,2100,450.0,,esp32,,0,,,,,,,,,,,,1,450.0,2.0,0.0,0,NONE
2026-09-29T16:51:58.510+00:00,1052.701,manual,Manual cook,temp,2100,449.1,,esp32,,0,,,,,,,,,,,,1,450.0,26.0,0.0,0,NONE
2026-09-29T16:51:59.010+00:00,1053.202,manual,Manual cook,temp,2100,450.0,,esp32,,0,,,,,,,,,,,,1,450.0,0.0,0.0,0,NONE
2026-09-29T16:52:00.011+00:00,1054.202,manual,Manual cook,temp,2100,450.0,,esp32,,0,,,,,,,,,,,,1,450.0,10.0,0.0,0,NONE
2026-09-29T16:52:01.010+00:00,1055.202,manual,Manual cook,temp,2100,450.0,,esp32,,0,,,,,,,,,,,,1,450.0,10.0,0.0,0,NONE
2026-09-29T16:52:02.010+00:00,1056.202,manual,Manual cook,temp,2100,450.5,,esp32,,0,,,,,,,,,,,,1,450.0,2.0,0.0,0,NONE
2026-09-29T16:52:03.010+00:00,1057.202,manual,Manual cook,temp,2100,451.0,,esp32,,0,,,,,,,,,,,,1,450.0,17.0,0.0,0,NONE
2026-09-29T16:52:04.010+00:00,1058.201,manual,Manual cook,temp,2100,450.5,,esp32,,0,,,,,,,,,,,,1,450.0,8.0,0.0,0,NONE
2026-09-29T16:52:04.510+00:00,1058.701,manual,Manual cook,temp,2100,449.6,,esp32,,0,,,,,,,,,,,,1,450.0,17.0,0.0,0,NONE
2026-09-29T16:52:05.010+00:00,1059.201,manual,Manual cook,temp,2100,450.5,,esp32,,0,,,,,,,,,,,,1,450.0,18.0,0.0,0,NONE
2026-09-29T16:52:06.010+00:00,1060.201,manual,Manual cook,temp,2100,449.6,,esp32,,0,,,,,,,,,,,,1,450.0,8.0,0.0,0,NONE
2026-09-29T16:52:07.010+00:00,1061.201,manual,Manual cook,temp,2100,450.5,,esp32,,0,,,,,,,,,,,,1,450.0,0.0,0.0,0,NONE
2026-09-29T16:52:08.010+00:00,1062.201,manual,Manual cook,temp,2100,450.5,,esp32,,0,,,,,,,,,,,,1,450.0,9.0,0.0,0,NONE
2026-09-29T16:52:09.010+00:00,1063.201,manual,Manual cook,temp,2100,451.4,,esp32,,0,,,,,,,,,,,,1,450.0,0.0,0.0,0,NONE
2026-09-29T16:52:10.010+00:00,1064.201,manual,Manual cook,temp,2100,451.0,,esp32,,0,,,,,,,,,,,,1,450.0,0.0,0.0,0,NONE
2026-09-29T16:52:10.511+00:00,1064.702,manual,Manual cook,temp,2100,451.0,,esp32,,0,,,,,,,,,,,,1,450.0,8.0,0.0,0,NONE
2026-09-29T16:52:11.510+00:00,1065.701,manual,Manual cook,temp,2100,450.5,,esp32,,0,,,,,,,,,,,,1,450.0,16.0,0.0,0,NONE
2026-09-29T16:52:12.510+00:00,1066.701,manual,Manual cook,temp,2100,450.5,,esp32,,0,,,,,,,,,,,,1,450.0,9.0,0.0,0,NONE
2026-09-29T16:52:13.010+00:00,1067.201,manual,Manual cook,temp,2100,451.4,,esp32,,0,,,,,,,,,,,,1,450.0,0.0,0.0,0,NONE
2026-09-29T16:52:14.010+00:00,1068.201,manual,Manual cook,temp,2100,450.5,,esp32,,0,,,,,,,,,,,,1,450.0,7.0,0.0,0,NONE
2026-09-29T16:52:14.510+00:00,1068.701,manual,Manual cook,temp,2100,450.5,,esp32,,0,,,,,,,,,,,,1,450.0,23.0,0.0,0,NONE
2026-09-29T16:52:15.509+00:00,1069.701,manual,Manual cook,temp,2100,451.4,,esp32,,0,,,,,,,,,,,,1,450.0,0.0,0.0,0,NONE
2026-09-29T16:52:16.509+00:00,1070.701,manual,Manual cook,temp,2100,451.4,,esp32,,0,,,,,,,,,,,,1,450.0,7.0,0.0,0,NONE
2026-09-29T16:52:17.010+00:00,1071.201,manual,Manual cook,temp,2100,452.3,,esp32,,0,,,,,,,,,,,,1,450.0,7.0,0.0,0,NONE
2026-09-29T16:52:18.009+00:00,1072.201,manual,Manual cook,temp,2100,451.9,,esp32,,0,,,,,,,,,,,,1,450.0,8.0,0.0,0,NONE
2026-09-29T16:52:18.510+00:00,1072.701,manual,Manual cook,temp,2100,452.3,,esp32,,0,,,,,,,,,,,,1,450.0,22.0,0.0,0,NONE
2026-09-29T16:52:19.509+00:00,1073.701,manual,Manual cook,temp,2100,451.9,,esp32,,0,,,,,,,,,,,,1,450.0,8.0,0.0,0,NONE
2026-09-29T16:52:20.510+00:00,1074.701,manual,Manual cook,temp,2100,452.3,,esp32,,0,,,,,,,,,,,,1,450.0,0.0,0.0,0,NONE
2026-09-29T16:52:21.010+00:00,1075.201,manual,Manual cook,temp,2100,451.9,,esp32,,0,,,,,,,,,,,,1,450.0,8.0,0.0,0,NONE
2026-09-29T16:52:22.009+00:00,1076.201,manual,Manual cook,temp,2100,451.9,,esp32,,0,,,,,,,,,,,,1,450.0,8.0,0.0,0,NONE
2026-09-29T16:52:22.509+00:00,1076.701,manual,Manual cook,temp,2100,451.4,,esp32,,0,,,,,,,,,,,,1,450.0,6.0,0.0,0,NONE
2026-09-29T16:52:23.009+00:00,1077.201,manual,Manual cook,temp,2100,451.4,,esp32,,0,,,,,,,,,,,,1,450.0,14.0,0.0,0,NONE
2026-09-29T16:52:24.009+00:00,1078.201,manual,Manual cook,temp,2100,451.9,,esp32,,0,,,,,,,,,,,,1,450.0,0.0,0.0,0,NONE
2026-09-29T16:52:25.009+00:00,1079.201,manual,Manual cook,temp,2100,451.4,,esp32,,0,,,,,,,,,,,,1,450.0,14.0,0.0,0,NONE
2026-09-29T16:52:26.009+00:00,1080.200,manual,Manual cook,temp,2100,451.4,,esp32,,0,,,,,,,,,,,,1,450.0,7.0,0.0,0,NONE
2026-09-29T16:52:26.510+00:00,1080.701,manual,Manual cook,temp,2100,451.4,,esp32,,0,,,,,,,,,,,,1,450.0,7.0,0.0,0,NONE
2026-09-29T16:52:27.509+00:00,1081.700,manual,Manual cook,temp,2100,451.4,,esp32,,0,,,,,,,,,,,,1,450.0,0.0,0.0,0,NONE
2026-09-29T16:52:28.509+00:00,1082.700,manual,Manual cook,temp,2100,451.4,,esp32,,0,,,,,,,,,,,,1,450.0,8.0,0.0,0,NONE
2026-09-29T16:52:29.009+00:00,1083.200,manual,Manual cook,temp,2100,450.5,,esp32,,0,,,,,,,,,,,,1,450.0,7.0,0.0,0,NONE
2026-09-29T16:52:30.009+00:00,1084.200,manual,Manual cook,temp,2100,451.0,,esp32,,0,,,,,,,,,,,,1,450.0,0.0,0.0,0,NONE
2026-09-29T16:52:31.009+00:00,1085.200,manual,Manual cook,temp,2100,451.4,,esp32,,0,,,,,,,,,,,,1,450.0,0.0,0.0,0,NONE
2026-09-29T16:52:32.010+00:00,1086.201,manual,Manual cook,temp,2100,451.9,,esp32,,0,,,,,,,,,,,,1,450.0,7.0,0.0,0,NONE
2026-09-29T16:52:33.009+00:00,1087.200,manual,Manual cook,temp,2100,451.9,,esp32,,0,,,,,,,,,,,,1,450.0,8.0,0.0,0,NONE
2026-09-29T16:52:34.009+00:00,1088.200,manual,Manual cook,temp,2100,451.4,,esp32,,0,,,,,,,,,,,,1,450.0,8.0,0.0,0,NONE
2026-09-29T16:52:35.009+00:00,1089.200,manual,Manual cook,temp,2100,451.9,,esp32,,0,,,,,,,,,,,,1,450.0,6.0,0.0,0,NONE
2026-09-29T16:52:36.009+00:00,1090.200,manual,Manual cook,temp,2100,450.5,,esp32,,0,,,,,,,,,,,,1,450.0,8.0,0.0,0,NONE
2026-09-29T16:52:37.009+00:00,1091.200,manual,Manual cook,temp,2100,451.0,,esp32,,0,,,,,,,,,,,,1,450.0,0.0,0.0,0,NONE
2026-09-29T16:52:37.509+00:00,1091.701,manual,Manual cook,temp,2100,451.4,,esp32,,0,,,,,,,,,,,,1,450.0,0.0,0.0,0,NONE
2026-09-29T16:52:38.510+00:00,1092.701,manual,Manual cook,temp,2100,451.0,,esp32,,0,,,,,,,,,,,,1,450.0,15.0,0.0,0,NONE
2026-09-29T16:52:39.509+00:00,1093.700,manual,Manual cook,temp,2100,450.5,,esp32,,0,,,,,,,,,,,,1,450.0,8.0,0.0,0,NONE
2026-09-29T16:52:40.009+00:00,1094.200,manual,Manual cook,temp,2100,450.5,,esp32,,0,,,,,,,,,,,,1,450.0,8.0,0.0,0,NONE
2026-09-29T16:52:41.009+00:00,1095.200,manual,Manual cook,temp,2100,450.5,,esp32,,0,,,,,,,,,,,,1,450.0,8.0,0.0,0,NONE
2026-09-29T16:52:41.509+00:00,1095.700,manual,Manual cook,temp,2100,451.0,,esp32,,0,,,,,,,,,,,,1,450.0,0.0,0.0,0,NONE
2026-09-29T16:52:42.509+00:00,1096.700,manual,Manual cook,temp,2100,450.0,,esp32,,0,,,,,,,,,,,,1,450.0,16.0,0.0,0,NONE
2026-09-29T16:52:43.509+00:00,1097.700,manual,Manual cook,temp,2100,450.5,,esp32,,0,,,,,,,,,,,,1,450.0,1.0,0.0,0,NONE
2026-09-29T16:52:44.009+00:00,1098.200,manual,Manual cook,temp,2100,450.5,,esp32,,0,,,,,,,,,,,,1,450.0,8.0,0.0,0,NONE
2026-09-29T16:52:45.009+00:00,1099.200,manual,Manual cook,temp,2100,451.0,,esp32,,0,,,,,,,,,,,,1,450.0,8.0,0.0,0,NONE
2026-09-29T16:52:46.008+00:00,1100.200,manual,Manual cook,temp,2100,451.0,,esp32,,0,,,,,,,,,,,,1,450.0,7.0,0.0,0,NONE
2026-09-29T16:52:46.509+00:00,1100.700,manual,Manual cook,temp,2100,450.5,,esp32,,0,,,,,,,,,,,,1,450.0,15.0,0.0,0,NONE
2026-09-29T16:52:47.509+00:00,1101.701,manual,Manual cook,temp,2100,450.5,,esp32,,0,,,,,,,,,,,,1,450.0,8.0,0.0,0,NONE
2026-09-29T16:52:48.509+00:00,1102.700,manual,Manual cook,temp,2100,451.0,,esp32,,0,,,,,,,,,,,,1,450.0,16.0,0.0,0,NONE
2026-09-29T16:52:49.009+00:00,1103.200,manual,Manual cook,temp,2100,451.0,,esp32,,0,,,,,,,,,,,,1,450.0,0.0,0.0,0,NONE
2026-09-29T16:52:50.008+00:00,1104.200,manual,Manual cook,temp,2100,450.0,,esp32,,0,,,,,,,,,,,,1,450.0,23.0,0.0,0,NONE
2026-09-29T16:52:51.008+00:00,1105.200,manual,Manual cook,temp,2100,451.0,,esp32,,0,,,,,,,,,,,,1,450.0,0.0,0.0,0,NONE
2026-09-29T16:52:51.508+00:00,1105.700,manual,Manual cook,temp,2100,451.4,,esp32,,0,,,,,,,,,,,,1,450.0,8.0,0.0,0,NONE
2026-09-29T16:52:52.508+00:00,1106.700,manual,Manual cook,temp,2100,451.0,,esp32,,0,,,,,,,,,,,,1,450.0,8.0,0.0,0,NONE
2026-09-29T16:52:53.508+00:00,1107.699,manual,Manual cook,temp,2100,450.5,,esp32,,0,,,,,,,,,,,,1,450.0,8.0,0.0,0,NONE
2026-09-29T16:52:54.008+00:00,1108.200,manual,Manual cook,temp,2100,451.0,,esp32,,0,,,,,,,,,,,,1,450.0,8.0,0.0,0,NONE
2026-09-29T16:52:55.008+00:00,1109.199,manual,Manual cook,temp,2100,450.5,,esp32,,0,,,,,,,,,,,,1,450.0,8.0,0.0,0,NONE
2026-09-29T16:52:56.008+00:00,1110.200,manual,Manual cook,temp,2100,450.5,,esp32,,0,,,,,,,,,,,,1,450.0,16.0,0.0,0,NONE
2026-09-29T16:52:57.008+00:00,1111.200,manual,Manual cook,temp,2100,450.5,,esp32,,0,,,,,,,,,,,,1,450.0,16.0,0.0,0,NONE
2026-09-29T16:52:58.008+00:00,1112.199,manual,Manual cook,temp,2100,450.0,,esp32,,0,,,,,,,,,,,,1,450.0,16.0,0.0,0,NONE
2026-09-29T16:52:59.008+00:00,1113.199,manual,Manual cook,temp,2100,450.5,,esp32,,0,,,,,,,,,,,,1,450.0,1.0,0.0,0,NONE
2026-09-29T16:52:59.509+00:00,1113.700,manual,Manual cook,temp,2100,450.5,,esp32,,0,,,,,,,,,,,,1,450.0,8.0,0.0,0,NONE
2026-09-29T16:53:00.508+00:00,1114.699,manual,Manual cook,temp,2100,450.0,,esp32,,0,,,,,,,,,,,,1,450.0,9.0,0.0,0,NONE
2026-09-29T16:53:01.008+00:00,1115.199,manual,Manual cook,temp,2100,449.1,,esp32,,0,,,,,,,,,,,,1,450.0,25.0,0.0,0,NONE
2026-09-29T16:53:02.008+00:00,1116.199,manual,Manual cook,temp,2100,450.5,,esp32,,0,,,,,,,,,,,,1,450.0,8.0,0.0,0,NONE
2026-09-29T16:53:02.508+00:00,1116.699,manual,Manual cook,temp,2100,450.0,,esp32,,0,,,,,,,,,,,,1,450.0,16.0,0.0,0,NONE
2026-09-29T16:53:03.508+00:00,1117.699,manual,Manual cook,temp,2100,450.0,,esp32,,0,,,,,,,,,,,,1,450.0,0.0,0.0,0,NONE
2026-09-29T16:53:04.508+00:00,1118.699,manual,Manual cook,temp,2100,450.5,,esp32,,0,,,,,,,,,,,,1,450.0,1.0,0.0,0,NONE
2026-09-29T16:53:05.508+00:00,1119.699,manual,Manual cook,temp,2100,451.0,,esp32,,0,,,,,,,,,,,,1,450.0,0.0,0.0,0,NONE
2026-09-29T16:53:06.008+00:00,1120.199,manual,Manual cook,temp,2100,450.5,,esp32,,0,,,,,,,,,,,,1,450.0,8.0,0.0,0,NONE
2026-09-29T16:53:07.008+00:00,1121.199,manual,Manual cook,temp,2100,450.5,,esp32,,0,,,,,,,,,,,,1,450.0,8.0,0.0,0,NONE
2026-09-29T16:53:08.008+00:00,1122.199,manual,Manual cook,temp,2100,450.0,,esp32,,0,,,,,,,,,,,,1,450.0,32.0,0.0,0,NONE
2026-09-29T16:53:09.008+00:00,1123.199,manual,Manual cook,temp,2100,449.6,,esp32,,0,,,,,,,,,,,,1,450.0,8.0,0.0,0,NONE
2026-09-29T16:53:10.008+00:00,1124.200,manual,Manual cook,temp,2100,450.0,,esp32,,0,,,,,,,,,,,,1,450.0,9.0,0.0,0,NONE
2026-09-29T16:53:11.008+00:00,1125.199,manual,Manual cook,temp,2100,449.6,,esp32,,0,,,,,,,,,,,,1,450.0,17.0,0.0,0,NONE
2026-09-29T16:53:12.008+00:00,1126.199,manual,Manual cook,temp,2100,450.0,,esp32,,0,,,,,,,,,,,,1,450.0,8.0,0.0,0,NONE
2026-09-29T16:53:13.008+00:00,1127.199,manual,Manual cook,temp,2100,449.6,,esp32,,0,,,,,,,,,,,,1,450.0,17.0,0.0,0,NONE
2026-09-29T16:53:13.508+00:00,1127.699,manual,Manual cook,temp,2100,451.0,,esp32,,0,,,,,,,,,,,,1,450.0,18.0,0.0,0,NONE
2026-09-29T16:53:14.507+00:00,1128.699,manual,Manual cook,temp,2100,450.5,,esp32,,0,,,,,,,,,,,,1,450.0,8.0,0.0,0,NONE
2026-09-29T16:53:15.007+00:00,1129.199,manual,Manual cook,temp,2100,450.0,,esp32,,0,,,,,,,,,,,,1,450.0,0.0,0.0,0,NONE
2026-09-29T16:53:15.508+00:00,1129.699,manual,Manual cook,temp,2100,450.5,,esp32,,0,,,,,,,,,,,,1,450.0,8.0,0.0,0,NONE
2026-09-29T16:53:16.508+00:00,1130.699,manual,Manual cook,temp,2100,448.7,,esp32,,0,,,,,,,,,,,,1,450.0,16.0,0.0,0,NONE
2026-09-29T16:53:17.507+00:00,1131.699,manual,Manual cook,temp,2100,450.0,,esp32,,0,,,,,,,,,,,,1,450.0,0.0,0.0,0,NONE
2026-09-29T16:53:18.007+00:00,1132.199,manual,Manual cook,temp,2100,450.5,,esp32,,0,,,,,,,,,,,,1,450.0,8.0,0.0,0,NONE
2026-09-29T16:53:19.007+00:00,1133.199,manual,Manual cook,temp,2100,449.6,,esp32,,0,,,,,,,,,,,,1,450.0,8.0,0.0,0,NONE
2026-09-29T16:53:20.007+00:00,1134.199,manual,Manual cook,temp,2100,450.0,,esp32,,0,,,,,,,,,,,,1,450.0,8.0,0.0,0,NONE
2026-09-29T16:53:20.507+00:00,1134.699,manual,Manual cook,temp,2100,449.6,,esp32,,0,,,,,,,,,,,,1,450.0,17.0,0.0,0,NONE
2026-09-29T16:53:21.507+00:00,1135.699,manual,Manual cook,temp,2100,449.6,,esp32,,0,,,,,,,,,,,,1,450.0,17.0,0.0,0,NONE
2026-09-29T16:53:22.007+00:00,1136.199,manual,Manual cook,temp,2100,449.6,,esp32,,0,,,,,,,,,,,,1,450.0,10.0,0.0,0,NONE
2026-09-29T16:53:23.007+00:00,1137.199,manual,Manual cook,temp,2100,449.1,,esp32,,0,,,,,,,,,,,,1,450.0,18.0,0.0,0,NONE
2026-09-29T16:53:24.007+00:00,1138.198,manual,Manual cook,temp,2100,450.0,,esp32,,0,,,,,,,,,,,,1,450.0,2.0,0.0,0,NONE
2026-09-29T16:53:25.007+00:00,1139.199,manual,Manual cook,temp,2100,449.6,,esp32,,0,,,,,,,,,,,,1,450.0,25.0,0.0,0,NONE
2026-09-29T16:53:26.008+00:00,1140.199,manual,Manual cook,temp,2100,449.6,,esp32,,0,,,,,,,,,,,,1,450.0,10.0,0.0,0,NONE
2026-09-29T16:53:27.007+00:00,1141.198,manual,Manual cook,temp,2100,449.6,,esp32,,0,,,,,,,,,,,,1,450.0,10.0,0.0,0,NONE
2026-09-29T16:53:28.007+00:00,1142.198,manual,Manual cook,temp,2100,450.0,,esp32,,0,,,,,,,,,,,,1,450.0,0.0,0.0,0,NONE
2026-09-29T16:53:29.007+00:00,1143.198,manual,Manual cook,temp,2100,450.0,,esp32,,0,,,,,,,,,,,,1,450.0,9.0,0.0,0,NONE
2026-09-29T16:53:30.007+00:00,1144.198,manual,Manual cook,temp,2100,450.5,,esp32,,0,,,,,,,,,,,,1,450.0,1.0,0.0,0,NONE
2026-09-29T16:53:31.007+00:00,1145.198,manual,Manual cook,temp,2100,451.0,,esp32,,0,,,,,,,,,,,,1,450.0,0.0,0.0,0,NONE
2026-09-29T16:53:31.507+00:00,1145.698,manual,Manual cook,temp,2100,450.5,,esp32,,0,,,,,,,,,,,,1,450.0,8.0,0.0,0,NONE
2026-09-29T16:53:32.507+00:00,1146.698,manual,Manual cook,temp,2100,450.0,,esp32,,0,,,,,,,,,,,,1,450.0,16.0,0.0,0,NONE
2026-09-29T16:53:33.507+00:00,1147.698,manual,Manual cook,temp,2100,450.0,,esp32,,0,,,,,,,,,,,,1,450.0,9.0,0.0,0,NONE
2026-09-29T16:53:34.507+00:00,1148.698,manual,Manual cook,temp,2100,450.0,,esp32,,0,,,,,,,,,,,,1,450.0,8.0,0.0,0,NONE
2026-09-29T16:53:35.007+00:00,1149.198,manual,Manual cook,temp,2100,451.0,,esp32,,0,,,,,,,,,,,,1,450.0,16.0,0.0,0,NONE
2026-09-29T16:53:36.007+00:00,1150.198,manual,Manual cook,temp,2100,451.4,,esp32,,0,,,,,,,,,,,,1,450.0,8.0,0.0,0,NONE
2026-09-29T16:53:36.507+00:00,1150.699,manual,Manual cook,temp,2100,451.0,,esp32,,0,,,,,,,,,,,,1,450.0,0.0,0.0,0,NONE
2026-09-29T16:53:37.507+00:00,1151.698,manual,Manual cook,temp,2100,451.4,,esp32,,0,,,,,,,,,,,,1,450.0,0.0,0.0,0,NONE
2026-09-29T16:53:38.507+00:00,1152.698,manual,Manual cook,temp,2100,450.0,,esp32,,0,,,,,,,,,,,,1,450.0,14.0,0.0,0,NONE
2026-09-29T16:53:39.507+00:00,1153.698,manual,Manual cook,temp,2100,451.0,,esp32,,0,,,,,,,,,,,,1,450.0,0.0,0.0,0,NONE
2026-09-29T16:53:40.007+00:00,1154.198,manual,Manual cook,temp,2100,451.4,,esp32,,0,,,,,,,,,,,,1,450.0,8.0,0.0,0,NONE
2026-09-29T16:53:41.006+00:00,1155.198,manual,Manual cook,temp,2100,450.5,,esp32,,0,,,,,,,,,,,,1,450.0,8.0,0.0,0,NONE
2026-09-29T16:53:42.007+00:00,1156.198,manual,Manual cook,temp,2100,451.0,,esp32,,0,,,,,,,,,,,,1,450.0,0.0,0.0,0,NONE
2026-09-29T16:53:43.006+00:00,1157.198,manual,Manual cook,temp,2100,449.6,,esp32,,0,,,,,,,,,,,,1,450.0,0.0,0.0,0,NONE
2026-09-29T16:53:44.007+00:00,1158.198,manual,Manual cook,temp,2100,451.0,,esp32,,0,,,,,,,,,,,,1,450.0,0.0,0.0,0,NONE
2026-09-29T16:53:45.006+00:00,1159.198,manual,Manual cook,temp,2100,451.0,,esp32,,0,,,,,,,,,,,,1,450.0,7.0,0.0,0,NONE
2026-09-29T16:53:45.507+00:00,1159.698,manual,Manual cook,temp,2100,450.5,,esp32,,0,,,,,,,,,,,,1,450.0,23.0,0.0,0,NONE
2026-09-29T16:53:46.506+00:00,1160.698,manual,Manual cook,temp,2100,449.1,,esp32,,0,,,,,,,,,,,,1,450.0,16.0,0.0,0,NONE
2026-09-29T16:53:47.507+00:00,1161.698,manual,Manual cook,temp,2100,450.0,,esp32,,0,,,,,,,,,,,,1,450.0,0.0,0.0,0,NONE
2026-09-29T16:53:48.506+00:00,1162.698,manual,Manual cook,temp,2100,447.8,,esp32,,0,,,,,,,,,,,,1,450.0,25.0,0.0,0,NONE
2026-09-29T16:53:49.506+00:00,1163.697,manual,Manual cook,temp,2100,449.6,,esp32,,0,,,,,,,,,,,,1,450.0,0.0,0.0,0,NONE
2026-09-29T16:53:50.506+00:00,1164.698,manual,Manual cook,temp,2100,448.3,,esp32,,0,,,,,,,,,,,,1,450.0,27.0,0.0,0,NONE
2026-09-29T16:53:51.506+00:00,1165.698,manual,Manual cook,temp,2100,448.7,,esp32,,0,,,,,,,,,,,,1,450.0,12.0,0.0,0,NONE
2026-09-29T16:53:52.006+00:00,1166.198,manual,Manual cook,temp,2100,449.6,,esp32,,0,,,,,,,,,,,,1,450.0,12.0,0.0,0,NONE
2026-09-29T16:53:53.006+00:00,1167.198,manual,Manual cook,temp,2100,449.1,,esp32,,0,,,,,,,,,,,,1,450.0,8.0,0.0,0,NONE
2026-09-29T16:53:54.006+00:00,1168.197,manual,Manual cook,temp,2100,450.0,,esp32,,0,,,,,,,,,,,,1,450.0,0.0,0.0,0,NONE
2026-09-29T16:53:54.506+00:00,1168.698,manual,Manual cook,temp,2100,449.1,,esp32,,0,,,,,,,,,,,,1,450.0,8.0,0.0,0,NONE
2026-09-29T16:53:55.006+00:00,1169.198,manual,Manual cook,temp,2100,449.1,,esp32,,0,,,,,,,,,,,,1,450.0,11.0,0.0,0,NONE
2026-09-29T16:53:56.006+00:00,1170.197,manual,Manual cook,temp,2100,449.6,,esp32,,0,,,,,,,,,,,,1,450.0,11.0,0.0,0,NONE
2026-09-29T16:53:57.006+00:00,1171.197,manual,Manual cook,temp,2100,449.6,,esp32,,0,,,,,,,,,,,,1,450.0,10.0,0.0,0,NONE
2026-09-29T16:53:58.007+00:00,1172.198,manual,Manual cook,temp,2100,449.1,,esp32,,0,,,,,,,,,,,,1,450.0,18.0,0.0,0,NONE
2026-09-29T16:53:59.006+00:00,1173.197,manual,Manual cook,temp,2100,450.0,,esp32,,0,,,,,,,,,,,,1,450.0,2.0,0.0,0,NONE
2026-09-29T16:53:59.506+00:00,1173.697,manual,Manual cook,temp,2100,449.6,,esp32,,0,,,,,,,,,,,,1,450.0,17.0,0.0,0,NONE
2026-09-29T16:54:00.006+00:00,1174.197,manual,Manual cook,temp,2100,451.0,,esp32,,0,,,,,,,,,,,,1,450.0,0.0,0.0,0,NONE
2026-09-29T16:54:01.006+00:00,1175.197,manual,Manual cook,temp,2100,450.0,,esp32,,0,,,,,,,,,,,,1,450.0,28.0,0.0,0,NONE
2026-09-29T16:54:02.006+00:00,1176.197,manual,Manual cook,temp,2100,450.5,,esp32,,0,,,,,,,,,,,,1,450.0,1.0,0.0,0,NONE
2026-09-29T16:54:03.006+00:00,1177.197,manual,Manual cook,temp,2100,450.5,,esp32,,0,,,,,,,,,,,,1,450.0,8.0,0.0,0,NONE
2026-09-29T16:54:04.006+00:00,1178.197,manual,Manual cook,temp,2100,450.5,,esp32,,0,,,,,,,,,,,,1,450.0,8.0,0.0,0,NONE
2026-09-29T16:54:05.006+00:00,1179.197,manual,Manual cook,temp,2100,450.5,,esp32,,0,,,,,,,,,,,,1,450.0,8.0,0.0,0,NONE
2026-09-29T16:54:05.506+00:00,1179.697,manual,Manual cook,temp,2100,451.4,,esp32,,0,,,,,,,,,,,,1,450.0,0.0,0.0,0,NONE
2026-09-29T16:54:06.506+00:00,1180.697,manual,Manual cook,temp,2100,450.5,,esp32,,0,,,,,,,,,,,,1,450.0,23.0,0.0,0,NONE
2026-09-29T16:54:07.506+00:00,1181.697,manual,Manual cook,temp,2100,451.0,,esp32,,0,,,,,,,,,,,,1,450.0,8.0,0.0,0,NONE
2026-09-29T16:54:08.006+00:00,1182.197,manual,Manual cook,temp,2100,451.4,,esp32,,0,,,,,,,,,,,,1,450.0,0.0,0.0,0,NONE
2026-09-29T16:54:08.506+00:00,1182.698,manual,Manual cook,temp,2100,451.4,,esp32,,0,,,,,,,,,,,,1,450.0,6.0,0.0,0,NONE
2026-09-29T16:54:09.505+00:00,1183.697,manual,Manual cook,temp,2100,451.9,,esp32,,0,,,,,,,,,,,,1,450.0,0.0,0.0,0,NONE
2026-09-29T16:54:10.006+00:00,1184.197,manual,Manual cook,temp,2100,451.4,,esp32,,0,,,,,,,,,,,,1,450.0,8.0,0.0,0,NONE
2026-09-29T16:54:11.005+00:00,1185.197,manual,Manual cook,temp,2100,451.4,,esp32,,0,,,,,,,,,,,,1,450.0,6.0,0.0,0,NONE
2026-09-29T16:54:12.005+00:00,1186.197,manual,Manual cook,temp,2100,451.4,,esp32,,0,,,,,,,,,,,,1,450.0,6.0,0.0,0,NONE
2026-09-29T16:54:13.005+00:00,1187.197,manual,Manual cook,temp,2100,451.9,,esp32,,0,,,,,,,,,,,,1,450.0,0.0,0.0,0,NONE
2026-09-29T16:54:14.006+00:00,1188.197,manual,Manual cook,temp,2100,451.0,,esp32,,0,,,,,,,,,,,,1,450.0,22.0,0.0,0,NONE
2026-09-29T16:54:15.005+00:00,1189.197,manual,Manual cook,temp,2100,451.9,,esp32,,0,,,,,,,,,,,,1,450.0,0.0,0.0,0,NONE
2026-09-29T16:54:16.005+00:00,1190.197,manual,Manual cook,temp,2100,451.4,,esp32,,0,,,,,,,,,,,,1,450.0,13.0,0.0,0,NONE
2026-09-29T16:54:17.005+00:00,1191.197,manual,Manual cook,temp,2100,452.3,,esp32,,0,,,,,,,,,,,,1,450.0,6.0,0.0,0,NONE
2026-09-29T16:54:18.005+00:00,1192.197,manual,Manual cook,temp,2100,451.4,,esp32,,0,,,,,,,,,,,,1,450.0,8.0,0.0,0,NONE
2026-09-29T16:54:18.505+00:00,1192.697,manual,Manual cook,temp,2100,451.0,,esp32,,0,,,,,,,,,,,,1,450.0,13.0,0.0,0,NONE
2026-09-29T16:54:19.506+00:00,1193.697,manual,Manual cook,temp,2100,451.0,,esp32,,0,,,,,,,,,,,,1,450.0,7.0,0.0,0,NONE
2026-09-29T16:54:20.505+00:00,1194.696,manual,Manual cook,temp,2100,451.9,,esp32,,0,,,,,,,,,,,,1,450.0,5.0,0.0,0,NONE
2026-09-29T16:54:21.005+00:00,1195.196,manual,Manual cook,temp,2100,451.9,,esp32,,0,,,,,,,,,,,,1,450.0,0.0,0.0,0,NONE
2026-09-29T16:54:22.005+00:00,1196.196,manual,Manual cook,temp,2100,451.9,,esp32,,0,,,,,,,,,,,,1,450.0,5.0,0.0,0,NONE
2026-09-29T16:54:22.505+00:00,1196.696,manual,Manual cook,temp,2100,452.3,,esp32,,0,,,,,,,,,,,,1,450.0,5.0,0.0,0,NONE
2026-09-29T16:54:23.505+00:00,1197.696,manual,Manual cook,temp,2100,452.8,,esp32,,0,,,,,,,,,,,,1,450.0,0.0,0.0,0,NONE
2026-09-29T16:54:24.005+00:00,1198.197,manual,Manual cook,temp,2100,452.3,,esp32,,0,,,,,,,,,,,,1,450.0,3.0,0.0,0,NONE
2026-09-29T16:54:25.006+00:00,1199.197,manual,Manual cook,temp,2100,452.8,,esp32,,0,,,,,,,,,,,,1,450.0,4.0,0.0,0,NONE
2026-09-29T16:54:26.005+00:00,1200.196,manual,Manual cook,temp,2100,451.9,,esp32,,0,,,,,,,,,,,,1,450.0,8.0,0.0,0,NONE
