timestamp_utc,elapsed_s,cook_type,cook_name,mode,fan_speed_rpm,chamber_temp_f,effective_probe_temp_f,probe_source,esp32_probe_temp_f,inkbird_connected,inkbird_battery_pct,inkbird_internal_1_f,inkbird_internal_2_f,inkbird_internal_3_f,inkbird_internal_4_f,inkbird_ambient_f,inkbird_internal_1_raw_f,inkbird_internal_2_raw_f,inkbird_internal_3_raw_f,inkbird_internal_4_raw_f,inkbird_ambient_raw_f,drawer_closed,set_temperature_f,top_heater_duty_pct,bottom_heater_duty_pct,paused,fault
2026-09-28T22:23:30.272+00:00,0.008,manual,Manual cook,temp,0,237.2,,esp32,,0,,,,,,,,,,,,1,450.0,0.0,0.0,0,NONE
2026-09-28T22:23:31.078+00:00,0.814,manual,Manual cook,temp,2100,235.9,,esp32,,0,,,,,,,,,,,,1,450.0,32.0,100.0,0,NONE
2026-09-28T22:23:31.578+00:00,1.314,manual,Manual cook,temp,2100,235.4,,esp32,,0,,,,,,,,,,,,1,450.0,52.0,100.0,0,NONE
2026-09-28T22:23:32.578+00:00,2.314,manual,Manual cook,temp,2100,234.9,,esp32,,0,,,,,,,,,,,,1,450.0,92.0,100.0,0,NONE
2026-09-28T22:23:33.078+00:00,2.814,manual,Manual cook,temp,2100,236.3,,esp32,,0,,,,,,,,,,,,1,450.0,100.0,100.0,0,NONE
2026-09-28T22:23:33.578+00:00,3.315,manual,Manual cook,temp,2100,236.8,,esp32,,0,,,,,,,,,,,,1,450.0,100.0,100.0,0,NONE
2026-09-28T22:23:34.578+00:00,4.314,manual,Manual cook,temp,2100,238.1,,esp32,,0,,,,,,,,,,,,1,450.0,100.0,100.0,0,NONE
2026-09-28T22:23:35.578+00:00,5.314,manual,Manual cook,temp,2100,237.2,,esp32,,0,,,,,,,,,,,,1,450.0,100.0,100.0,0,NONE
2026-09-28T22:23:36.078+00:00,5.815,manual,Manual cook,temp,2100,239.4,,esp32,,0,,,,,,,,,,,,1,450.0,100.0,100.0,0,NONE
2026-09-28T22:23:37.078+00:00,6.814,manual,Manual cook,temp,2100,239.9,,esp32,,0,,,,,,,,,,,,1,450.0,100.0,100.0,0,NONE
2026-09-28T22:23:38.078+00:00,7.814,manual,Manual cook,temp,2100,241.3,,esp32,,0,,,,,,,,,,,,1,450.0,100.0,100.0,0,NONE
2026-09-28T22:23:39.078+00:00,8.814,manual,Manual cook,temp,2100,242.6,,esp32,,0,,,,,,,,,,,,1,450.0,100.0,100.0,0,NONE
2026-09-28T22:23:39.578+00:00,9.314,manual,Manual cook,temp,2100,242.1,,esp32,,0,,,,,,,,,,,,1,450.0,100.0,100.0,0,NONE
2026-09-28T22:23:40.578+00:00,10.314,manual,Manual cook,temp,2100,243.9,,esp32,,0,,,,,,,,,,,,1,450.0,100.0,100.0,0,NONE
2026-09-28T22:23:41.079+00:00,10.815,manual,Manual cook,temp,2100,244.4,,esp32,,0,,,,,,,,,,,,1,450.0,100.0,100.0,0,NONE
2026-09-28T22:23:42.078+00:00,11.814,manual,Manual cook,temp,2100,245.8,,esp32,,0,,,,,,,,,,,,1,450.0,100.0,100.0,0,NONE
2026-09-28T22:23:42.578+00:00,12.314,manual,Manual cook,temp,2100,247.1,,esp32,,0,,,,,,,,,,,,1,450.0,100.0,100.0,0,NONE
2026-09-28T22:23:43.578+00:00,13.314,manual,Manual cook,temp,2100,249.4,,esp32,,0,,,,,,,,,,,,1,450.0,100.0,100.0,0,NONE
2026-09-28T22:23:44.078+00:00,13.814,manual,Manual cook,temp,2100,250.3,,esp32,,0,,,,,,,,,,,,1,450.0,100.0,100.0,0,NONE
2026-09-28T22:23:45.078+00:00,14.814,manual,Manual cook,temp,2100,252.1,,esp32,,0,,,,,,,,,,,,1,450.0,100.0,100.0,0,NONE
2026-09-28T22:23:46.078+00:00,15.814,manual,Manual cook,temp,2100,252.5,,esp32,,0,,,,,,,,,,,,1,450.0,100.0,100.0,0,NONE
2026-09-28T22:23:46.578+00:00,16.315,manual,Manual cook,temp,2100,253.9,,esp32,,0,,,,,,,,,,,,1,450.0,100.0,100.0,0,NONE
2026-09-28T22:23:47.578+00:00,17.314,manual,Manual cook,temp,2100,255.2,,esp32,,0,,,,,,,,,,,,1,450.0,100.0,100.0,0,NONE
2026-09-28T22:23:48.078+00:00,17.814,manual,Manual cook,temp,2100,256.5,,esp32,,0,,,,,,,,,,,,1,450.0,100.0,100.0,0,NONE
2026-09-28T22:23:49.078+00:00,18.814,manual,Manual cook,temp,2100,256.5,,esp32,,0,,,,,,,,,,,,1,450.0,100.0,100.0,0,NONE
2026-09-28T22:23:49.578+00:00,19.314,manual,Manual cook,temp,2100,259.3,,esp32,,0,,,,,,,,,,,,1,450.0,100.0,100.0,0,NONE
2026-09-28T22:23:50.578+00:00,20.314,manual,Manual cook,temp,2100,260.6,,esp32,,0,,,,,,,,,,,,1,450.0,100.0,100.0,0,NONE
2026-09-28T22:23:51.578+00:00,21.315,manual,Manual cook,temp,2100,263.8,,esp32,,0,,,,,,,,,,,,1,450.0,100.0,100.0,0,NONE
2026-09-28T22:23:52.079+00:00,21.815,manual,Manual cook,temp,2100,263.8,,esp32,,0,,,,,,,,,,,,1,450.0,100.0,100.0,0,NONE
2026-09-28T22:23:53.078+00:00,22.814,manual,Manual cook,temp,2100,265.5,,esp32,,0,,,,,,,,,,,,1,450.0,100.0,100.0,0,NONE
2026-09-28T22:23:53.578+00:00,23.314,manual,Manual cook,temp,2100,266.5,,esp32,,0,,,,,,,,,,,,1,450.0,100.0,100.0,0,NONE
2026-09-28T22:23:54.578+00:00,24.314,manual,Manual cook,temp,2100,267.8,,esp32,,0,,,,,,,,,,,,1,450.0,100.0,100.0,0,NONE
2026-09-28T22:23:55.578+00:00,25.314,manual,Manual cook,temp,2100,270.0,,esp32,,0,,,,,,,,,,,,1,450.0,100.0,100.0,0,NONE
2026-09-28T22:23:56.578+00:00,26.314,manual,Manual cook,temp,2100,271.4,,esp32,,0,,,,,,,,,,,,1,450.0,100.0,100.0,0,NONE
2026-09-28T22:23:57.579+00:00,27.315,manual,Manual cook,temp,2100,274.1,,esp32,,0,,,,,,,,,,,,1,450.0,100.0,100.0,0,NONE
2026-09-28T22:23:58.578+00:00,28.314,manual,Manual cook,temp,2100,276.4,,esp32,,0,,,,,,,,,,,,1,450.0,100.0,100.0,0,NONE
2026-09-28T22:23:59.078+00:00,28.814,manual,Manual cook,temp,2100,277.3,,esp32,,0,,,,,,,,,,,,1,450.0,100.0,100.0,0,NONE
2026-09-28T22:24:00.078+00:00,29.814,manual,Manual cook,temp,2100,278.6,,esp32,,0,,,,,,,,,,,,1,450.0,100.0,100.0,0,NONE
2026-09-28T22:24:00.578+00:00,30.315,manual,Manual cook,temp,2100,281.3,,esp32,,0,,,,,,,,,,,,1,450.0,100.0,100.0,0,NONE
2026-09-28T22:24:01.578+00:00,31.315,manual,Manual cook,temp,2100,283.1,,esp32,,0,,,,,,,,,,,,1,450.0,100.0,100.0,0,NONE
2026-09-28T22:24:02.578+00:00,32.314,manual,Manual cook,temp,2100,284.0,,esp32,,0,,,,,,,,,,,,1,450.0,100.0,100.0,0,NONE
2026-09-28T22:24:03.079+00:00,32.815,manual,Manual cook,temp,2100,284.9,,esp32,,0,,,,,,,,,,,,1,450.0,100.0,100.0,0,NONE
2026-09-28T22:24:04.078+00:00,33.814,manual,Manual cook,temp,2100,286.3,,esp32,,0,,,,,,,,,,,,1,450.0,100.0,100.0,0,NONE
2026-09-28T22:24:05.078+00:00,34.814,manual,Manual cook,temp,2100,288.5,,esp32,,0,,,,,,,,,,,,1,450.0,100.0,100.0,0,NONE
2026-09-28T22:24:06.078+00:00,35.814,manual,Manual cook,temp,2100,290.3,,esp32,,0,,,,,,,,,,,,1,450.0,100.0,100.0,0,NONE
2026-09-28T22:24:07.078+00:00,36.814,manual,Manual cook,temp,2100,291.6,,esp32,,0,,,,,,,,,,,,1,450.0,100.0,100.0,0,NONE
2026-09-28T22:24:08.078+00:00,37.814,manual,Manual cook,temp,2100,294.4,,esp32,,0,,,,,,,,,,,,1,450.0,100.0,100.0,0,NONE
2026-09-28T22:24:08.579+00:00,38.315,manual,Manual cook,temp,2100,294.4,,esp32,,0,,,,,,,,,,,,1,450.0,100.0,100.0,0,NONE
2026-09-28T22:24:09.578+00:00,39.314,manual,Manual cook,temp,2100,297.5,,esp32,,0,,,,,,,,,,,,1,450.0,100.0,100.0,0,NONE
2026-09-28T22:24:10.078+00:00,39.814,manual,Manual cook,temp,2100,298.0,,esp32,,0,,,,,,,,,,,,1,450.0,100.0,100.0,0,NONE
2026-09-28T22:24:11.078+00:00,40.814,manual,Manual cook,temp,2100,299.8,,esp32,,0,,,,,,,,,,,,1,450.0,100.0,100.0,0,NONE
2026-09-28T22:24:11.578+00:00,41.314,manual,Manual cook,temp,2100,300.2,,esp32,,0,,,,,,,,,,,,1,450.0,100.0,100.0,0,NONE
2026-09-28T22:24:12.078+00:00,41.814,manual,Manual cook,temp,2100,302.0,,esp32,,0,,,,,,,,,,,,1,450.0,100.0,100.0,0,NONE
2026-09-28T22:24:13.078+00:00,42.814,manual,Manual cook,temp,2100,303.4,,esp32,,0,,,,,,,,,,,,1,450.0,100.0,100.0,0,NONE
2026-09-28T22:24:13.578+00:00,43.315,manual,Manual cook,temp,2100,304.7,,esp32,,0,,,,,,,,,,,,1,450.0,100.0,100.0,0,NONE
2026-09-28T22:24:14.079+00:00,43.815,manual,Manual cook,temp,2100,304.7,,esp32,,0,,,,,,,,,,,,1,450.0,100.0,100.0,0,NONE
2026-09-28T22:24:15.078+00:00,44.814,manual,Manual cook,temp,2100,307.4,,esp32,,0,,,,,,,,,,,,1,450.0,100.0,100.0,0,NONE
2026-09-28T22:24:16.078+00:00,45.814,manual,Manual cook,temp,2100,308.8,,esp32,,0,,,,,,,,,,,,1,450.0,100.0,100.0,0,NONE
2026-09-28T22:24:16.578+00:00,46.314,manual,Manual cook,temp,2100,310.5,,esp32,,0,,,,,,,,,,,,1,450.0,100.0,100.0,0,NONE
2026-09-28T22:24:17.578+00:00,47.314,manual,Manual cook,temp,2100,312.4,,esp32,,0,,,,,,,,,,,,1,450.0,100.0,100.0,0,NONE
2026-09-28T22:24:18.578+00:00,48.315,manual,Manual cook,temp,2100,315.0,,esp32,,0,,,,,,,,,,,,1,450.0,100.0,100.0,0,NONE
2026-09-28T22:24:19.579+00:00,49.315,manual,Manual cook,temp,2100,316.0,,esp32,,0,,,,,,,,,,,,1,450.0,100.0,100.0,0,NONE
2026-09-28T22:24:20.578+00:00,50.314,manual,Manual cook,temp,2100,316.9,,esp32,,0,,,,,,,,,,,,1,450.0,100.0,100.0,0,NONE
2026-09-28T22:24:21.078+00:00,50.814,manual,Manual cook,temp,2100,318.2,,esp32,,0,,,,,,,,,,,,1,450.0,100.0,100.0,0,NONE
2026-09-28T22:24:22.078+00:00,51.814,manual,Manual cook,temp,2100,320.5,,esp32,,0,,,,,,,,,,,,1,450.0,100.0,100.0,0,NONE
2026-09-28T22:24:23.078+00:00,52.814,manual,Manual cook,temp,2100,321.8,,esp32,,0,,,,,,,,,,,,1,450.0,100.0,100.0,0,NONE
2026-09-28T22:24:24.078+00:00,53.814,manual,Manual cook,temp,2100,324.5,,esp32,,0,,,,,,,,,,,,1,450.0,100.0,100.0,0,NONE
2026-09-28T22:24:25.079+00:00,54.815,manual,Manual cook,temp,2100,326.3,,esp32,,0,,,,,,,,,,,,1,450.0,100.0,100.0,0,NONE
2026-09-28T22:24:26.079+00:00,55.815,manual,Manual cook,temp,2100,328.1,,esp32,,0,,,,,,,,,,,,1,450.0,100.0,100.0,0,NONE
2026-09-28T22:24:27.078+00:00,56.814,manual,Manual cook,temp,2100,329.9,,esp32,,0,,,,,,,,,,,,1,450.0,100.0,100.0,0,NONE
2026-09-28T22:24:28.078+00:00,57.814,manual,Manual cook,temp,2100,330.8,,esp32,,0,,,,,,,,,,,,1,450.0,100.0,100.0,0,NONE
2026-09-28T22:24:28.578+00:00,58.314,manual,Manual cook,temp,2100,332.1,,esp32,,0,,,,,,,,,,,,1,450.0,100.0,100.0,0,NONE
2026-09-28T22:24:29.578+00:00,59.314,manual,Manual cook,temp,2100,333.0,,esp32,,0,,,,,,,,,,,,1,450.0,100.0,100.0,0,NONE
2026-09-28T22:24:30.578+00:00,60.314,manual,Manual cook,temp,2100,337.1,,esp32,,0,,,,,,,,,,,,1,450.0,100.0,100.0,0,NONE
2026-09-28T22:24:31.579+00:00,61.315,manual,Manual cook,temp,2100,338.0,,esp32,,0,,,,,,,,,,,,1,450.0,100.0,100.0,0,NONE
2026-09-28T22:24:32.578+00:00,62.314,manual,Manual cook,temp,2100,339.8,,esp32,,0,,,,,,,,,,,,1,450.0,100.0,100.0,0,NONE
2026-09-28T22:24:33.578+00:00,63.314,manual,Manual cook,temp,2100,342.5,,esp32,,0,,,,,,,,,,,,1,450.0,100.0,100.0,0,NONE
2026-09-28T22:24:34.578+00:00,64.314,manual,Manual cook,temp,2100,343.9,,esp32,,0,,,,,,,,,,,,1,450.0,100.0,100.0,0,NONE
2026-09-28T22:24:35.578+00:00,65.314,manual,Manual cook,temp,2100,344.8,,esp32,,0,,,,,,,,,,,,1,450.0,100.0,100.0,0,NONE
2026-09-28T22:24:36.578+00:00,66.314,manual,Manual cook,temp,2100,347.0,,esp32,,0,,,,,,,,,,,,1,450.0,100.0,100.0,0,NONE
2026-09-28T22:24:37.078+00:00,66.815,manual,Manual cook,temp,2100,347.9,,esp32,,0,,,,,,,,,,,,1,450.0,100.0,100.0,0,NONE
2026-09-28T22:24:38.078+00:00,67.814,manual,Manual cook,temp,2100,349.3,,esp32,,0,,,,,,,,,,,,1,450.0,100.0,100.0,0,NONE
2026-09-28T22:24:38.578+00:00,68.314,manual,Manual cook,temp,2100,349.7,,esp32,,0,,,,,,,,,,,,1,450.0,100.0,100.0,0,NONE
2026-09-28T22:24:39.078+00:00,68.814,manual,Manual cook,temp,2100,352.4,,esp32,,0,,,,,,,,,,,,1,450.0,100.0,100.0,0,NONE
2026-09-28T22:24:40.078+00:00,69.814,manual,Manual cook,temp,2100,352.9,,esp32,,0,,,,,,,,,,,,1,450.0,100.0,100.0,0,NONE
2026-09-28T22:24:41.078+00:00,70.814,manual,Manual cook,temp,2100,354.6,,esp32,,0,,,,,,,,,,,,1,450.0,100.0,100.0,0,NONE
2026-09-28T22:24:42.078+00:00,71.814,manual,Manual cook,temp,2100,356.0,,esp32,,0,,,,,,,,,,,,1,450.0,100.0,100.0,0,NONE
2026-09-28T22:24:42.579+00:00,72.315,manual,Manual cook,temp,2100,356.9,,esp32,,0,,,,,,,,,,,,1,450.0,100.0,100.0,0,NONE
2026-09-28T22:24:43.578+00:00,73.314,manual,Manual cook,temp,2100,359.1,,esp32,,0,,,,,,,,,,,,1,450.0,100.0,100.0,0,NONE
2026-09-28T22:24:44.578+00:00,74.314,manual,Manual cook,temp,2100,360.0,,esp32,,0,,,,,,,,,,,,1,450.0,100.0,100.0,0,NONE
2026-09-28T22:24:45.578+00:00,75.314,manual,Manual cook,temp,2100,362.3,,esp32,,0,,,,,,,,,,,,1,450.0,100.0,100.0,0,NONE
2026-09-28T22:24:46.078+00:00,75.814,manual,Manual cook,temp,2100,363.6,,esp32,,0,,,,,,,,,,,,1,450.0,100.0,100.0,0,NONE
2026-09-28T22:24:47.078+00:00,76.814,manual,Manual cook,temp,2100,365.5,,esp32,,0,,,,,,,,,,,,1,450.0,100.0,100.0,0,NONE
2026-09-28T22:24:47.578+00:00,77.314,manual,Manual cook,temp,2100,366.4,,esp32,,0,,,,,,,,,,,,1,450.0,100.0,100.0,0,NONE
2026-09-28T22:24:48.078+00:00,77.815,manual,Manual cook,temp,2100,366.4,,esp32,,0,,,,,,,,,,,,1,450.0,100.0,100.0,0,NONE
2026-09-28T22:24:48.579+00:00,78.315,manual,Manual cook,temp,2100,367.3,,esp32,,0,,,,,,,,,,,,1,450.0,100.0,100.0,0,NONE
2026-09-28T22:24:49.578+00:00,79.314,manual,Manual cook,temp,2100,368.1,,esp32,,0,,,,,,,,,,,,1,450.0,100.0,100.0,0,NONE
2026-09-28T22:24:50.578+00:00,80.314,manual,Manual cook,temp,2100,371.3,,esp32,,0,,,,,,,,,,,,1,450.0,100.0,100.0,0,NONE
2026-09-28T22:24:51.578+00:00,81.314,manual,Manual cook,temp,2100,372.2,,esp32,,0,,,,,,,,,,,,1,450.0,100.0,100.0,0,NONE
2026-09-28T22:24:52.078+00:00,81.814,manual,Manual cook,temp,2100,373.5,,esp32,,0,,,,,,,,,,,,1,450.0,100.0,100.0,0,NONE
2026-09-28T22:24:53.078+00:00,82.814,manual,Manual cook,temp,2100,374.0,,esp32,,0,,,,,,,,,,,,1,450.0,100.0,100.0,0,NONE
2026-09-28T22:24:54.078+00:00,83.815,manual,Manual cook,temp,2100,375.8,,esp32,,0,,,,,,,,,,,,1,450.0,100.0,100.0,0,NONE
2026-09-28T22:24:55.077+00:00,84.814,manual,Manual cook,temp,2100,377.1,,esp32,,0,,,,,,,,,,,,1,450.0,100.0,100.0,0,NONE
2026-09-28T22:24:56.077+00:00,85.814,manual,Manual cook,temp,2100,379.0,,esp32,,0,,,,,,,,,,,,1,450.0,100.0,100.0,0,NONE
2026-09-28T22:24:57.077+00:00,86.814,manual,Manual cook,temp,2100,380.8,,esp32,,0,,,,,,,,,,,,1,450.0,100.0,100.0,0,NONE
2026-09-28T22:24:58.077+00:00,87.814,manual,Manual cook,temp,2100,381.6,,esp32,,0,,,,,,,,,,,,1,450.0,100.0,100.0,0,NONE
2026-09-28T22:24:59.077+00:00,88.814,manual,Manual cook,temp,2100,383.0,,esp32,,0,,,,,,,,,,,,1,450.0,100.0,100.0,0,NONE
2026-09-28T22:24:59.578+00:00,89.315,manual,Manual cook,temp,2100,383.0,,esp32,,0,,,,,,,,,,,,1,450.0,100.0,100.0,0,NONE
2026-09-28T22:25:00.577+00:00,90.314,manual,Manual cook,temp,2100,385.7,,esp32,,0,,,,,,,,,,,,1,450.0,100.0,100.0,0,NONE
2026-09-28T22:25:01.577+00:00,91.314,manual,Manual cook,temp,2100,387.0,,esp32,,0,,,,,,,,,,,,1,450.0,100.0,100.0,0,NONE
2026-09-28T22:25:02.077+00:00,91.814,manual,Manual cook,temp,2100,386.6,,esp32,,0,,,,,,,,,,,,1,450.0,100.0,100.0,0,NONE
2026-09-28T22:25:03.077+00:00,92.813,manual,Manual cook,temp,2100,389.8,,esp32,,0,,,,,,,,,,,,1,450.0,100.0,100.0,0,NONE
2026-09-28T22:25:04.077+00:00,93.813,manual,Manual cook,temp,2100,391.5,,esp32,,0,,,,,,,,,,,,1,450.0,89.0,89.0,0,NONE
2026-09-28T22:25:04.577+00:00,94.313,manual,Manual cook,temp,2100,391.5,,esp32,,0,,,,,,,,,,,,1,450.0,100.0,100.0,0,NONE
2026-09-28T22:25:05.078+00:00,94.814,manual,Manual cook,temp,2100,392.0,,esp32,,0,,,,,,,,,,,,1,450.0,100.0,100.0,0,NONE
2026-09-28T22:25:06.077+00:00,95.813,manual,Manual cook,temp,2100,393.8,,esp32,,0,,,,,,,,,,,,1,450.0,100.0,100.0,0,NONE
2026-09-28T22:25:07.077+00:00,96.813,manual,Manual cook,temp,2100,396.5,,esp32,,0,,,,,,,,,,,,1,450.0,88.0,88.0,0,NONE
2026-09-28T22:25:07.577+00:00,97.313,manual,Manual cook,temp,2100,396.5,,esp32,,0,,,,,,,,,,,,1,450.0,100.0,100.0,0,NONE
2026-09-28T22:25:08.577+00:00,98.313,manual,Manual cook,temp,2100,398.8,,esp32,,0,,,,,,,,,,,,1,450.0,92.0,92.0,0,NONE
2026-09-28T22:25:09.077+00:00,98.813,manual,Manual cook,temp,2100,398.8,,esp32,,0,,,,,,,,,,,,1,450.0,100.0,100.0,0,NONE
2026-09-28T22:25:10.077+00:00,99.813,manual,Manual cook,temp,2100,401.5,,esp32,,0,,,,,,,,,,,,1,450.0,88.0,88.0,0,NONE
2026-09-28T22:25:10.578+00:00,100.314,manual,Manual cook,temp,2100,401.5,,esp32,,0,,,,,,,,,,,,1,450.0,100.0,100.0,0,NONE
2026-09-28T22:25:11.078+00:00,100.814,manual,Manual cook,temp,2100,403.7,,esp32,,0,,,,,,,,,,,,1,450.0,94.0,94.0,0,NONE
2026-09-28T22:25:12.077+00:00,101.813,manual,Manual cook,temp,2100,405.0,,esp32,,0,,,,,,,,,,,,1,450.0,83.0,83.0,0,NONE
2026-09-28T22:25:13.076+00:00,102.813,manual,Manual cook,temp,2100,406.9,,esp32,,0,,,,,,,,,,,,1,450.0,65.0,65.0,0,NONE
2026-09-28T22:25:14.077+00:00,103.813,manual,Manual cook,temp,2100,409.1,,esp32,,0,,,,,,,,,,,,1,450.0,86.0,86.0,0,NONE
2026-09-28T22:25:15.076+00:00,104.813,manual,Manual cook,temp,2100,410.5,,esp32,,0,,,,,,,,,,,,1,450.0,74.0,74.0,0,NONE
2026-09-28T22:25:16.076+00:00,105.813,manual,Manual cook,temp,2100,411.4,,esp32,,0,,,,,,,,,,,,1,450.0,72.0,72.0,0,NONE
2026-09-28T22:25:16.577+00:00,106.314,manual,Manual cook,temp,2100,411.8,,esp32,,0,,,,,,,,,,,,1,450.0,79.0,79.0,0,NONE
2026-09-28T22:25:17.576+00:00,107.313,manual,Manual cook,temp,2100,413.6,,esp32,,0,,,,,,,,,,,,1,450.0,62.0,62.0,0,NONE
2026-09-28T22:25:18.076+00:00,107.813,manual,Manual cook,temp,2100,414.0,,esp32,,0,,,,,,,,,,,,1,450.0,76.0,76.0,0,NONE
2026-09-28T22:25:19.076+00:00,108.813,manual,Manual cook,temp,2100,416.8,,esp32,,0,,,,,,,,,,,,1,450.0,49.0,49.0,0,NONE
2026-09-28T22:25:20.076+00:00,109.813,manual,Manual cook,temp,2100,417.6,,esp32,,0,,,,,,,,,,,,1,450.0,63.0,63.0,0,NONE
2026-09-28T22:25:21.076+00:00,110.813,manual,Manual cook,temp,2100,418.1,,esp32,,0,,,,,,,,,,,,1,450.0,91.0,91.0,0,NONE
2026-09-28T22:25:22.077+00:00,111.814,manual,Manual cook,temp,2100,420.4,,esp32,,0,,,,,,,,,,,,1,450.0,50.0,50.0,0,NONE
2026-09-28T22:25:23.076+00:00,112.813,manual,Manual cook,temp,2100,423.0,,esp32,,0,,,,,,,,,,,,1,450.0,25.0,25.0,0,NONE
2026-09-28T22:25:24.076+00:00,113.813,manual,Manual cook,temp,2100,424.4,,esp32,,0,,,,,,,,,,,,1,450.0,52.0,52.0,0,NONE
2026-09-28T22:25:25.076+00:00,114.813,manual,Manual cook,temp,2100,425.3,,esp32,,0,,,,,,,,,,,,1,450.0,57.0,57.0,0,NONE
2026-09-28T22:25:26.076+00:00,115.813,manual,Manual cook,temp,2100,426.6,,esp32,,0,,,,,,,,,,,,1,450.0,62.0,62.0,0,NONE
2026-09-28T22:25:27.076+00:00,116.812,manual,Manual cook,temp,2100,428.9,,esp32,,0,,,,,,,,,,,,1,450.0,44.0,44.0,0,NONE
2026-09-28T22:25:28.076+00:00,117.813,manual,Manual cook,temp,2100,431.1,,esp32,,0,,,,,,,,,,,,1,450.0,34.0,34.0,0,NONE
2026-09-28T22:25:29.076+00:00,118.812,manual,Manual cook,temp,2100,432.0,,esp32,,0,,,,,,,,,,,,1,450.0,38.0,38.0,0,NONE
2026-09-28T22:25:29.576+00:00,119.312,manual,Manual cook,temp,2100,433.0,,esp32,,0,,,,,,,,,,,,1,450.0,45.0,45.0,0,NONE
2026-09-28T22:25:30.076+00:00,119.812,manual,Manual cook,temp,2100,433.0,,esp32,,0,,,,,,,,,,,,1,450.0,44.0,44.0,0,NONE
2026-09-28T22:25:31.076+00:00,120.813,manual,Manual cook,temp,2100,435.2,,esp32,,0,,,,,,,,,,,,1,450.0,33.0,33.0,0,NONE
2026-09-28T22:25:32.076+00:00,121.812,manual,Manual cook,temp,2100,437.9,,esp32,,0,,,,,,,,,,,,1,450.0,31.0,31.0,0,NONE
2026-09-28T22:25:32.577+00:00,122.313,manual,Manual cook,temp,2100,437.9,,esp32,,0,,,,,,,,,,,,1,450.0,13.0,13.0,0,NONE
2026-09-28T22:25:33.576+00:00,123.312,manual,Manual cook,temp,2100,438.4,,esp32,,0,,,,,,,,,,,,1,450.0,34.0,34.0,0,NONE
2026-09-28T22:25:34.576+00:00,124.312,manual,Manual cook,temp,2100,438.8,,esp32,,0,,,,,,,,,,,,1,450.0,34.0,34.0,0,NONE
2026-09-28T22:25:35.576+00:00,125.312,manual,Manual cook,temp,2100,441.0,,esp32,,0,,,,,,,,,,,,1,450.0,30.0,30.0,0,NONE
2026-09-28T22:25:36.076+00:00,125.812,manual,Manual cook,temp,2100,442.4,,esp32,,0,,,,,,,,,,,,1,450.0,29.0,29.0,0,NONE
2026-09-28T22:25:37.076+00:00,126.812,manual,Manual cook,temp,2100,443.3,,esp32,,0,,,,,,,,,,,,1,450.0,18.0,18.0,0,NONE
2026-09-28T22:25:37.576+00:00,127.312,manual,Manual cook,temp,2100,443.8,,esp32,,0,,,,,,,,,,,,1,450.0,24.0,24.0,0,NONE
2026-09-28T22:25:38.076+00:00,127.813,manual,Manual cook,temp,2100,445.1,,esp32,,0,,,,,,,,,,,,1,450.0,7.0,7.0,0,NONE
2026-09-28T22:25:39.076+00:00,128.812,manual,Manual cook,temp,2100,446.0,,esp32,,0,,,,,,,,,,,,1,450.0,13.0,13.0,0,NONE
2026-09-28T22:25:39.576+00:00,129.312,manual,Manual cook,temp,2100,446.0,,esp32,,0,,,,,,,,,,,,1,450.0,19.0,19.0,0,NONE
2026-09-28T22:25:40.575+00:00,130.312,manual,Manual cook,temp,2100,447.4,,esp32,,0,,,,,,,,,,,,1,450.0,3.0,3.0,0,NONE
2026-09-28T22:25:41.575+00:00,131.312,manual,Manual cook,temp,2100,449.1,,esp32,,0,,,,,,,,,,,,1,450.0,6.0,6.0,0,NONE
2026-09-28T22:25:42.076+00:00,131.812,manual,Manual cook,temp,2100,450.0,,esp32,,0,,,,,,,,,,,,1,450.0,21.0,21.0,0,NONE
2026-09-28T22:25:43.076+00:00,132.812,manual,Manual cook,temp,2100,450.5,,esp32,,0,,,,,,,,,,,,1,450.0,35.0,35.0,0,NONE
2026-09-28T22:25:44.075+00:00,133.812,manual,Manual cook,temp,2100,451.4,,esp32,,0,,,,,,,,,,,,1,450.0,2.0,2.0,0,NONE
2026-09-28T22:25:44.576+00:00,134.312,manual,Manual cook,temp,2100,451.0,,esp32,,0,,,,,,,,,,,,1,450.0,24.0,24.0,0,NONE
2026-09-28T22:25:45.575+00:00,135.312,manual,Manual cook,temp,2100,451.9,,esp32,,0,,,,,,,,,,,,1,450.0,8.0,8.0,0,NONE
2026-09-28T22:25:46.575+00:00,136.312,manual,Manual cook,temp,2100,453.2,,esp32,,0,,,,,,,,,,,,1,450.0,0.0,0.0,0,NONE
2026-09-28T22:25:47.076+00:00,136.812,manual,Manual cook,temp,2100,453.2,,esp32,,0,,,,,,,,,,,,1,450.0,12.0,21.0,0,NONE
2026-09-28T22:25:48.075+00:00,137.812,manual,Manual cook,temp,2100,454.5,,esp32,,0,,,,,,,,,,,,1,450.0,0.0,0.0,0,NONE
2026-09-28T22:25:48.576+00:00,138.312,manual,Manual cook,temp,2100,454.5,,esp32,,0,,,,,,,,,,,,1,450.0,12.0,17.0,0,NONE
2026-09-28T22:25:49.076+00:00,138.813,manual,Manual cook,temp,2100,455.0,,esp32,,0,,,,,,,,,,,,1,450.0,2.0,2.0,0,NONE
2026-09-28T22:25:50.075+00:00,139.812,manual,Manual cook,temp,2100,455.0,,esp32,,0,,,,,,,,,,,,1,450.0,0.0,0.0,0,NONE
2026-09-28T22:25:50.575+00:00,140.312,manual,Manual cook,temp,2100,455.0,,esp32,,0,,,,,,,,,,,,1,450.0,12.0,23.0,0,NONE
2026-09-28T22:25:51.575+00:00,141.312,manual,Manual cook,temp,2100,456.4,,esp32,,0,,,,,,,,,,,,1,450.0,7.0,7.0,0,NONE
2026-09-28T22:25:52.575+00:00,142.312,manual,Manual cook,temp,2100,456.4,,esp32,,0,,,,,,,,,,,,1,450.0,12.0,14.0,0,NONE
2026-09-28T22:25:53.575+00:00,143.311,manual,Manual cook,temp,2100,456.4,,esp32,,0,,,,,,,,,,,,1,450.0,6.0,6.0,0,NONE
2026-09-28T22:25:54.575+00:00,144.312,manual,Manual cook,temp,2100,456.4,,esp32,,0,,,,,,,,,,,,1,450.0,12.0,12.0,0,NONE
2026-09-28T22:25:55.575+00:00,145.312,manual,Manual cook,temp,2100,455.9,,esp32,,0,,,,,,,,,,,,1,450.0,0.0,0.0,0,NONE
2026-09-28T22:25:56.075+00:00,145.812,manual,Manual cook,temp,2100,455.9,,esp32,,0,,,,,,,,,,,,1,450.0,12.0,21.0,0,NONE
2026-09-28T22:25:57.075+00:00,146.812,manual,Manual cook,temp,2100,455.9,,esp32,,0,,,,,,,,,,,,1,450.0,12.0,21.0,0,NONE
2026-09-28T22:25:58.075+00:00,147.811,manual,Manual cook,temp,2100,457.3,,esp32,,0,,,,,,,,,,,,1,450.0,0.0,0.0,0,NONE
2026-09-28T22:25:59.075+00:00,148.811,manual,Manual cook,temp,2100,457.3,,esp32,,0,,,,,,,,,,,,1,450.0,4.0,4.0,0,NONE
2026-09-28T22:25:59.575+00:00,149.312,manual,Manual cook,temp,2100,455.9,,esp32,,0,,,,,,,,,,,,1,450.0,28.0,28.0,0,NONE
2026-09-28T22:26:00.076+00:00,149.812,manual,Manual cook,temp,2100,456.8,,esp32,,0,,,,,,,,,,,,1,450.0,0.0,0.0,0,NONE
2026-09-28T22:26:01.075+00:00,150.811,manual,Manual cook,temp,2100,456.8,,esp32,,0,,,,,,,,,,,,1,450.0,0.0,0.0,0,NONE
2026-09-28T22:26:02.075+00:00,151.811,manual,Manual cook,temp,2100,456.8,,esp32,,0,,,,,,,,,,,,1,450.0,4.0,4.0,0,NONE
2026-09-28T22:26:02.575+00:00,152.311,manual,Manual cook,temp,2100,456.4,,esp32,,0,,,,,,,,,,,,1,450.0,12.0,12.0,0,NONE
2026-09-28T22:26:03.575+00:00,153.312,manual,Manual cook,temp,2100,456.8,,esp32,,0,,,,,,,,,,,,1,450.0,21.0,21.0,0,NONE
2026-09-28T22:26:04.575+00:00,154.311,manual,Manual cook,temp,2100,456.4,,esp32,,0,,,,,,,,,,,,1,450.0,12.0,12.0,0,NONE
2026-09-28T22:26:05.575+00:00,155.311,manual,Manual cook,temp,2100,456.8,,esp32,,0,,,,,,,,,,,,1,450.0,0.0,0.0,0,NONE
2026-09-28T22:26:06.075+00:00,155.811,manual,Manual cook,temp,2100,456.4,,esp32,,0,,,,,,,,,,,,1,450.0,12.0,12.0,0,NONE
2026-09-28T22:26:07.075+00:00,156.811,manual,Manual cook,temp,2100,455.9,,esp32,,0,,,,,,,,,,,,1,450.0,12.0,20.0,0,NONE
2026-09-28T22:26:08.075+00:00,157.811,manual,Manual cook,temp,2100,455.9,,esp32,,0,,,,,,,,,,,,1,450.0,12.0,12.0,0,NONE
2026-09-28T22:26:09.075+00:00,158.811,manual,Manual cook,temp,2100,456.4,,esp32,,0,,,,,,,,,,,,1,450.0,0.0,0.0,0,NONE
2026-09-28T22:26:09.575+00:00,159.311,manual,Manual cook,temp,2100,455.5,,esp32,,0,,,,,,,,,,,,1,450.0,12.0,13.0,0,NONE
2026-09-28T22:26:10.075+00:00,159.811,manual,Manual cook,temp,2100,455.5,,esp32,,0,,,,,,,,,,,,1,450.0,14.0,14.0,0,NONE
2026-09-28T22:26:11.075+00:00,160.811,manual,Manual cook,temp,2100,455.0,,esp32,,0,,,,,,,,,,,,1,450.0,12.0,22.0,0,NONE
2026-09-28T22:26:12.075+00:00,161.811,manual,Manual cook,temp,2100,455.5,,esp32,,0,,,,,,,,,,,,1,450.0,12.0,14.0,0,NONE
2026-09-28T22:26:12.575+00:00,162.311,manual,Manual cook,temp,2100,454.5,,esp32,,0,,,,,,,,,,,,1,450.0,6.0,6.0,0,NONE
2026-09-28T22:26:13.575+00:00,163.311,manual,Manual cook,temp,2100,455.5,,esp32,,0,,,,,,,,,,,,1,450.0,0.0,0.0,0,NONE
2026-09-28T22:26:14.575+00:00,164.311,manual,Manual cook,temp,2100,455.5,,esp32,,0,,,,,,,,,,,,1,450.0,6.0,6.0,0,NONE
2026-09-28T22:26:15.075+00:00,164.811,manual,Manual cook,temp,2100,454.5,,esp32,,0,,,,,,,,,,,,1,450.0,22.0,22.0,0,NONE
2026-09-28T22:26:15.575+00:00,165.312,manual,Manual cook,temp,2100,455.0,,esp32,,0,,,,,,,,,,,,1,450.0,0.0,0.0,0,NONE
2026-09-28T22:26:16.575+00:00,166.311,manual,Manual cook,temp,2100,455.0,,esp32,,0,,,,,,,,,,,,1,450.0,0.0,0.0,0,NONE
2026-09-28T22:26:17.075+00:00,166.811,manual,Manual cook,temp,2100,453.2,,esp32,,0,,,,,,,,,,,,1,450.0,12.0,39.0,0,NONE
2026-09-28T22:26:17.575+00:00,167.311,manual,Manual cook,temp,2100,454.1,,esp32,,0,,,,,,,,,,,,1,450.0,0.0,0.0,0,NONE
2026-09-28T22:26:18.575+00:00,168.311,manual,Manual cook,temp,2100,453.6,,esp32,,0,,,,,,,,,,,,1,450.0,1.0,1.0,0,NONE
2026-09-28T22:26:19.075+00:00,168.811,manual,Manual cook,temp,2100,453.6,,esp32,,0,,,,,,,,,,,,1,450.0,24.0,24.0,0,NONE
2026-09-28T22:26:19.575+00:00,169.311,manual,Manual cook,temp,2100,452.8,,esp32,,0,,,,,,,,,,,,1,450.0,10.0,10.0,0,NONE
2026-09-28T22:26:20.575+00:00,170.311,manual,Manual cook,temp,2100,453.2,,esp32,,0,,,,,,,,,,,,1,450.0,0.0,0.0,0,NONE
2026-09-28T22:26:21.075+00:00,170.812,manual,Manual cook,temp,2100,453.2,,esp32,,0,,,,,,,,,,,,1,450.0,12.0,18.0,0,NONE
2026-09-28T22:26:22.074+00:00,171.811,manual,Manual cook,temp,2100,453.2,,esp32,,0,,,,,,,,,,,,1,450.0,3.0,3.0,0,NONE
2026-09-28T22:26:22.575+00:00,172.311,manual,Manual cook,temp,2100,453.2,,esp32,,0,,,,,,,,,,,,1,450.0,10.0,10.0,0,NONE
2026-09-28T22:26:23.575+00:00,173.311,manual,Manual cook,temp,2100,452.3,,esp32,,0,,,,,,,,,,,,1,450.0,26.0,26.0,0,NONE
2026-09-28T22:26:24.075+00:00,173.811,manual,Manual cook,temp,2100,451.4,,esp32,,0,,,,,,,,,,,,1,450.0,28.0,28.0,0,NONE
2026-09-28T22:26:25.075+00:00,174.811,manual,Manual cook,temp,2100,452.3,,esp32,,0,,,,,,,,,,,,1,450.0,12.0,12.0,0,NONE
2026-09-28T22:26:25.575+00:00,175.311,manual,Manual cook,temp,2100,452.8,,esp32,,0,,,,,,,,,,,,1,450.0,20.0,20.0,0,NONE
2026-09-28T22:26:26.575+00:00,176.312,manual,Manual cook,temp,2100,452.8,,esp32,,0,,,,,,,,,,,,1,450.0,11.0,11.0,0,NONE
2026-09-28T22:26:27.076+00:00,176.812,manual,Manual cook,temp,2100,451.9,,esp32,,0,,,,,,,,,,,,1,450.0,27.0,27.0,0,NONE
2026-09-28T22:26:28.074+00:00,177.811,manual,Manual cook,temp,2100,452.3,,esp32,,0,,,,,,,,,,,,1,450.0,5.0,5.0,0,NONE
2026-09-28T22:26:28.575+00:00,178.311,manual,Manual cook,temp,2100,451.9,,esp32,,0,,,,,,,,,,,,1,450.0,20.0,20.0,0,NONE
2026-09-28T22:26:29.574+00:00,179.311,manual,Manual cook,temp,2100,451.9,,esp32,,0,,,,,,,,,,,,1,450.0,20.0,20.0,0,NONE
2026-09-28T22:26:30.075+00:00,179.811,manual,Manual cook,temp,2100,451.4,,esp32,,0,,,,,,,,,,,,1,450.0,21.0,21.0,0,NONE
2026-09-28T22:26:31.074+00:00,180.811,manual,Manual cook,temp,2100,452.3,,esp32,,0,,,,,,,,,,,,1,450.0,0.0,0.0,0,NONE
2026-09-28T22:26:31.574+00:00,181.311,manual,Manual cook,temp,2100,452.8,,esp32,,0,,,,,,,,,,,,1,450.0,4.0,4.0,0,NONE
2026-09-28T22:26:32.075+00:00,181.811,manual,Manual cook,temp,2100,451.9,,esp32,,0,,,,,,,,,,,,1,450.0,19.0,19.0,0,NONE
2026-09-28T22:26:33.074+00:00,182.811,manual,Manual cook,temp,2100,452.3,,esp32,,0,,,,,,,,,,,,1,450.0,4.0,4.0,0,NONE
2026-09-28T22:26:33.574+00:00,183.311,manual,Manual cook,temp,2100,451.4,,esp32,,0,,,,,,,,,,,,1,450.0,28.0,28.0,0,NONE
2026-09-28T22:26:34.574+00:00,184.311,manual,Manual cook,temp,2100,452.3,,esp32,,0,,,,,,,,,,,,1,450.0,4.0,4.0,0,NONE
2026-09-28T22:26:35.074+00:00,184.811,manual,Manual cook,temp,2100,452.3,,esp32,,0,,,,,,,,,,,,1,450.0,12.0,12.0,0,NONE
2026-09-28T22:26:36.074+00:00,185.811,manual,Manual cook,temp,2100,452.3,,esp32,,0,,,,,,,,,,,,1,450.0,0.0,0.0,0,NONE
2026-09-28T22:26:36.574+00:00,186.311,manual,Manual cook,temp,2100,452.8,,esp32,,0,,,,,,,,,,,,1,450.0,12.0,26.0,0,NONE
2026-09-28T22:26:37.575+00:00,187.311,manual,Manual cook,temp,2100,453.2,,esp32,,0,,,,,,,,,,,,1,450.0,2.0,2.0,0,NONE
2026-09-28T22:26:38.075+00:00,187.812,manual,Manual cook,temp,2100,453.2,,esp32,,0,,,,,,,,,,,,1,450.0,10.0,10.0,0,NONE
2026-09-28T22:26:39.074+00:00,188.811,manual,Manual cook,temp,2100,453.2,,esp32,,0,,,,,,,,,,,,1,450.0,2.0,2.0,0,NONE
2026-09-28T22:26:39.574+00:00,189.311,manual,Manual cook,temp,2100,452.8,,esp32,,0,,,,,,,,,,,,1,450.0,18.0,18.0,0,NONE
2026-09-28T22:26:40.574+00:00,190.311,manual,Manual cook,temp,2100,453.2,,esp32,,0,,,,,,,,,,,,1,450.0,10.0,10.0,0,NONE
2026-09-28T22:26:41.074+00:00,190.811,manual,Manual cook,temp,2100,452.8,,esp32,,0,,,,,,,,,,,,1,450.0,9.0,9.0,0,NONE
2026-09-28T22:26:41.574+00:00,191.311,manual,Manual cook,temp,2100,453.2,,esp32,,0,,,,,,,,,,,,1,450.0,18.0,18.0,0,NONE
2026-09-28T22:26:42.574+00:00,192.310,manual,Manual cook,temp,2100,453.2,,esp32,,0,,,,,,,,,,,,1,450.0,9.0,9.0,0,NONE
2026-09-28T22:26:43.074+00:00,192.811,manual,Manual cook,temp,2100,452.8,,esp32,,0,,,,,,,,,,,,1,450.0,17.0,17.0,0,NONE
2026-09-28T22:26:44.074+00:00,193.810,manual,Manual cook,temp,2100,453.2,,esp32,,0,,,,,,,,,,,,1,450.0,2.0,2.0,0,NONE
2026-09-28T22:26:44.574+00:00,194.311,manual,Manual cook,temp,2100,452.3,,esp32,,0,,,,,,,,,,,,1,450.0,25.0,25.0,0,NONE
2026-09-28T22:26:45.574+00:00,195.311,manual,Manual cook,temp,2100,452.8,,esp32,,0,,,,,,,,,,,,1,450.0,12.0,17.0,0,NONE
2026-09-28T22:26:46.574+00:00,196.311,manual,Manual cook,temp,2100,452.3,,esp32,,0,,,,,,,,,,,,1,450.0,25.0,25.0,0,NONE
2026-09-28T22:26:47.574+00:00,197.310,manual,Manual cook,temp,2100,453.2,,esp32,,0,,,,,,,,,,,,1,450.0,2.0,2.0,0,NONE
2026-09-28T22:26:48.074+00:00,197.811,manual,Manual cook,temp,2100,452.8,,esp32,,0,,,,,,,,,,,,1,450.0,17.0,17.0,0,NONE
2026-09-28T22:26:48.575+00:00,198.311,manual,Manual cook,temp,2100,452.3,,esp32,,0,,,,,,,,,,,,1,450.0,18.0,18.0,0,NONE
2026-09-28T22:26:49.574+00:00,199.311,manual,Manual cook,temp,2100,452.8,,esp32,,0,,,,,,,,,,,,1,450.0,10.0,10.0,0,NONE
2026-09-28T22:26:50.574+00:00,200.311,manual,Manual cook,temp,2100,452.8,,esp32,,0,,,,,,,,,,,,1,450.0,11.0,11.0,0,NONE
2026-09-28T22:26:51.574+00:00,201.311,manual,Manual cook,temp,2100,452.8,,esp32,,0,,,,,,,,,,,,1,450.0,10.0,10.0,0,NONE
2026-09-28T22:26:52.574+00:00,202.310,manual,Manual cook,temp,2100,452.3,,esp32,,0,,,,,,,,,,,,1,450.0,18.0,18.0,0,NONE
2026-09-28T22:26:53.074+00:00,202.811,manual,Manual cook,temp,2100,453.2,,esp32,,0,,,,,,,,,,,,1,450.0,11.0,11.0,0,NONE
2026-09-28T22:26:54.075+00:00,203.812,manual,Manual cook,temp,2100,452.3,,esp32,,0,,,,,,,,,,,,1,450.0,12.0,25.0,0,NONE
2026-09-28T22:26:55.074+00:00,204.810,manual,Manual cook,temp,2100,452.8,,esp32,,0,,,,,,,,,,,,1,450.0,2.0,2.0,0,NONE
2026-09-28T22:26:55.574+00:00,205.310,manual,Manual cook,temp,2100,453.2,,esp32,,0,,,,,,,,,,,,1,450.0,2.0,2.0,0,NONE
2026-09-28T22:26:56.074+00:00,205.810,manual,Manual cook,temp,2100,452.8,,esp32,,0,,,,,,,,,,,,1,450.0,9.0,9.0,0,NONE
2026-09-28T22:26:56.574+00:00,206.311,manual,Manual cook,temp,2100,453.2,,esp32,,0,,,,,,,,,,,,1,450.0,17.0,17.0,0,NONE
2026-09-28T22:26:57.574+00:00,207.310,manual,Manual cook,temp,2100,452.3,,esp32,,0,,,,,,,,,,,,1,450.0,9.0,9.0,0,NONE
2026-09-28T22:26:58.074+00:00,207.810,manual,Manual cook,temp,2100,452.3,,esp32,,0,,,,,,,,,,,,1,450.0,25.0,25.0,0,NONE
2026-09-28T22:26:59.074+00:00,208.810,manual,Manual cook,temp,2100,453.2,,esp32,,0,,,,,,,,,,,,1,450.0,9.0,9.0,0,NONE
2026-09-28T22:26:59.574+00:00,209.311,manual,Manual cook,temp,2100,452.8,,esp32,,0,,,,,,,,,,,,1,450.0,17.0,17.0,0,NONE
2026-09-28T22:27:00.574+00:00,210.310,manual,Manual cook,temp,2100,453.2,,esp32,,0,,,,,,,,,,,,1,450.0,1.0,1.0,0,NONE
2026-09-28T22:27:01.074+00:00,210.810,manual,Manual cook,temp,2100,452.3,,esp32,,0,,,,,,,,,,,,1,450.0,25.0,25.0,0,NONE
2026-09-28T22:27:02.074+00:00,211.810,manual,Manual cook,temp,2100,452.8,,esp32,,0,,,,,,,,,,,,1,450.0,1.0,1.0,0,NONE
2026-09-28T22:27:02.574+00:00,212.310,manual,Manual cook,temp,2100,452.8,,esp32,,0,,,,,,,,,,,,1,450.0,16.0,16.0,0,NONE
2026-09-28T22:27:03.074+00:00,212.810,manual,Manual cook,temp,2100,452.3,,esp32,,0,,,,,,,,,,,,1,450.0,17.0,17.0,0,NONE
2026-09-28T22:27:04.074+00:00,213.810,manual,Manual cook,temp,2100,452.8,,esp32,,0,,,,,,,,,,,,1,450.0,9.0,9.0,0,NONE
2026-09-28T22:27:04.574+00:00,214.310,manual,Manual cook,temp,2100,453.2,,esp32,,0,,,,,,,,,,,,1,450.0,17.0,17.0,0,NONE
2026-09-28T22:27:05.075+00:00,214.811,manual,Manual cook,temp,2100,452.8,,esp32,,0,,,,,,,,,,,,1,450.0,0.0,0.0,0,NONE
2026-09-28T22:27:06.074+00:00,215.810,manual,Manual cook,temp,2100,452.3,,esp32,,0,,,,,,,,,,,,1,450.0,9.0,9.0,0,NONE
2026-09-28T22:27:06.574+00:00,216.310,manual,Manual cook,temp,2100,452.8,,esp32,,0,,,,,,,,,,,,1,450.0,17.0,17.0,0,NONE
2026-09-28T22:27:07.574+00:00,217.310,manual,Manual cook,temp,2100,451.9,,esp32,,0,,,,,,,,,,,,1,450.0,17.0,17.0,0,NONE
2026-09-28T22:27:08.574+00:00,218.310,manual,Manual cook,temp,2100,452.8,,esp32,,0,,,,,,,,,,,,1,450.0,0.0,0.0,0,NONE
2026-09-28T22:27:09.074+00:00,218.810,manual,Manual cook,temp,2100,451.9,,esp32,,0,,,,,,,,,,,,1,450.0,12.0,25.0,0,NONE
2026-09-28T22:27:10.074+00:00,219.810,manual,Manual cook,temp,2100,452.3,,esp32,,0,,,,,,,,,,,,1,450.0,3.0,3.0,0,NONE
2026-09-28T22:27:10.574+00:00,220.311,manual,Manual cook,temp,2100,452.3,,esp32,,0,,,,,,,,,,,,1,450.0,26.0,26.0,0,NONE
2026-09-28T22:27:11.074+00:00,220.811,manual,Manual cook,temp,2100,452.3,,esp32,,0,,,,,,,,,,,,1,450.0,0.0,0.0,0,NONE
2026-09-28T22:27:12.074+00:00,221.810,manual,Manual cook,temp,2100,452.3,,esp32,,0,,,,,,,,,,,,1,450.0,3.0,3.0,0,NONE
2026-09-28T22:27:13.073+00:00,222.810,manual,Manual cook,temp,2100,452.3,,esp32,,0,,,,,,,,,,,,1,450.0,3.0,3.0,0,NONE
2026-09-28T22:27:13.574+00:00,223.310,manual,Manual cook,temp,2100,451.9,,esp32,,0,,,,,,,,,,,,1,450.0,18.0,18.0,0,NONE
2026-09-28T22:27:14.074+00:00,223.810,manual,Manual cook,temp,2100,451.4,,esp32,,0,,,,,,,,,,,,1,450.0,27.0,27.0,0,NONE
2026-09-28T22:27:15.074+00:00,224.810,manual,Manual cook,temp,2100,452.3,,esp32,,0,,,,,,,,,,,,1,450.0,3.0,3.0,0,NONE
2026-09-28T22:27:16.074+00:00,225.810,manual,Manual cook,temp,2100,451.9,,esp32,,0,,,,,,,,,,,,1,450.0,18.0,18.0,0,NONE
2026-09-28T22:27:16.574+00:00,226.310,manual,Manual cook,temp,2100,452.3,,esp32,,0,,,,,,,,,,,,1,450.0,2.0,2.0,0,NONE
2026-09-28T22:27:17.075+00:00,226.811,manual,Manual cook,temp,2100,452.3,,esp32,,0,,,,,,,,,,,,1,450.0,18.0,18.0,0,NONE
2026-09-28T22:27:18.074+00:00,227.810,manual,Manual cook,temp,2100,452.3,,esp32,,0,,,,,,,,,,,,1,450.0,10.0,10.0,0,NONE
2026-09-28T22:27:19.074+00:00,228.810,manual,Manual cook,temp,2100,452.3,,esp32,,0,,,,,,,,,,,,1,450.0,17.0,17.0,0,NONE
2026-09-28T22:27:19.574+00:00,229.310,manual,Manual cook,temp,2100,451.9,,esp32,,0,,,,,,,,,,,,1,450.0,18.0,18.0,0,NONE
2026-09-28T22:27:20.574+00:00,230.310,manual,Manual cook,temp,2100,452.3,,esp32,,0,,,,,,,,,,,,1,450.0,18.0,18.0,0,NONE
2026-09-28T22:27:21.573+00:00,231.310,manual,Manual cook,temp,2100,452.8,,esp32,,0,,,,,,,,,,,,1,450.0,1.0,1.0,0,NONE
2026-09-28T22:27:22.074+00:00,231.810,manual,Manual cook,temp,2100,452.3,,esp32,,0,,,,,,,,,,,,1,450.0,17.0,17.0,0,NONE
2026-09-28T22:27:22.574+00:00,232.310,manual,Manual cook,temp,2100,451.9,,esp32,,0,,,,,,,,,,,,1,450.0,18.0,18.0,0,NONE
2026-09-28T22:27:23.574+00:00,233.310,manual,Manual cook,temp,2100,451.9,,esp32,,0,,,,,,,,,,,,1,450.0,10.0,10.0,0,NONE
2026-09-28T22:27:24.574+00:00,234.310,manual,Manual cook,temp,2100,451.9,,esp32,,0,,,,,,,,,,,,1,450.0,17.0,17.0,0,NONE
2026-09-28T22:27:25.074+00:00,234.810,manual,Manual cook,temp,2100,451.9,,esp32,,0,,,,,,,,,,,,1,450.0,10.0,10.0,0,NONE
2026-09-28T22:27:26.074+00:00,235.811,manual,Manual cook,temp,2100,451.9,,esp32,,0,,,,,,,,,,,,1,450.0,10.0,10.0,0,NONE
2026-09-28T22:27:27.073+00:00,236.810,manual,Manual cook,temp,2100,451.4,,esp32,,0,,,,,,,,,,,,1,450.0,3.0,3.0,0,NONE
2026-09-28T22:27:27.574+00:00,237.310,manual,Manual cook,temp,2100,452.8,,esp32,,0,,,,,,,,,,,,1,450.0,18.0,18.0,0,NONE
2026-09-28T22:27:28.574+00:00,238.310,manual,Manual cook,temp,2100,451.9,,esp32,,0,,,,,,,,,,,,1,450.0,12.0,25.0,0,NONE
2026-09-28T22:27:29.574+00:00,239.310,manual,Manual cook,temp,2100,451.9,,esp32,,0,,,,,,,,,,,,1,450.0,17.0,17.0,0,NONE
2026-09-28T22:27:30.573+00:00,240.310,manual,Manual cook,temp,2100,452.3,,esp32,,0,,,,,,,,,,,,1,450.0,9.0,9.0,0,NONE
2026-09-28T22:27:31.074+00:00,240.810,manual,Manual cook,temp,2100,451.4,,esp32,,0,,,,,,,,,,,,1,450.0,17.0,17.0,0,NONE
2026-09-28T22:27:32.073+00:00,241.810,manual,Manual cook,temp,2100,452.3,,esp32,,0,,,,,,,,,,,,1,450.0,0.0,0.0,0,NONE
2026-09-28T22:27:32.574+00:00,242.310,manual,Manual cook,temp,2100,452.3,,esp32,,0,,,,,,,,,,,,1,450.0,9.0,9.0,0,NONE
2026-09-28T22:27:33.573+00:00,243.310,manual,Manual cook,temp,2100,452.3,,esp32,,0,,,,,,,,,,,,1,450.0,0.0,0.0,0,NONE
2026-09-28T22:27:34.573+00:00,244.310,manual,Manual cook,temp,2100,452.3,,esp32,,0,,,,,,,,,,,,1,450.0,9.0,9.0,0,NONE
2026-09-28T22:27:35.073+00:00,244.810,manual,Manual cook,temp,2100,451.4,,esp32,,0,,,,,,,,,,,,1,450.0,25.0,25.0,0,NONE
2026-09-28T22:27:36.073+00:00,245.810,manual,Manual cook,temp,2100,451.4,,esp32,,0,,,,,,,,,,,,1,450.0,18.0,18.0,0,NONE
2026-09-28T22:27:37.573+00:00,247.310,manual,Manual cook,temp,2100,451.4,,esp32,,0,,,,,,,,,,,,1,450.0,4.0,4.0,0,NONE
2026-09-28T22:27:38.073+00:00,247.810,manual,Manual cook,temp,2100,451.4,,esp32,,0,,,,,,,,,,,,1,450.0,11.0,11.0,0,NONE
2026-09-28T22:27:39.073+00:00,248.810,manual,Manual cook,temp,2100,452.3,,esp32,,0,,,,,,,,,,,,1,450.0,2.0,2.0,0,NONE
2026-09-28T22:27:39.573+00:00,249.310,manual,Manual cook,temp,2100,452.8,,esp32,,0,,,,,,,,,,,,1,450.0,1.0,1.0,0,NONE
2026-09-28T22:27:40.573+00:00,250.310,manual,Manual cook,temp,2100,452.8,,esp32,,0,,,,,,,,,,,,1,450.0,8.0,8.0,0,NONE
2026-09-28T22:27:41.073+00:00,250.810,manual,Manual cook,temp,2100,452.3,,esp32,,0,,,,,,,,,,,,1,450.0,16.0,16.0,0,NONE
2026-09-28T22:27:42.573+00:00,252.310,manual,Manual cook,temp,2100,451.9,,esp32,,0,,,,,,,,,,,,1,450.0,10.0,10.0,0,NONE
2026-09-28T22:27:43.573+00:00,253.310,manual,Manual cook,temp,2100,451.9,,esp32,,0,,,,,,,,,,,,1,450.0,12.0,24.0,0,NONE
2026-09-28T22:27:44.573+00:00,254.310,manual,Manual cook,temp,2100,452.8,,esp32,,0,,,,,,,,,,,,1,450.0,12.0,15.0,0,NONE
2026-09-28T22:27:45.573+00:00,255.310,manual,Manual cook,temp,2100,453.2,,esp32,,0,,,,,,,,,,,,1,450.0,0.0,0.0,0,NONE
2026-09-28T22:27:46.573+00:00,256.310,manual,Manual cook,temp,2100,453.2,,esp32,,0,,,,,,,,,,,,1,450.0,7.0,7.0,0,NONE
2026-09-28T22:27:47.073+00:00,256.810,manual,Manual cook,temp,2100,452.8,,esp32,,0,,,,,,,,,,,,1,450.0,15.0,15.0,0,NONE
2026-09-28T22:27:47.573+00:00,257.310,manual,Manual cook,temp,2100,452.8,,esp32,,0,,,,,,,,,,,,1,450.0,0.0,0.0,0,NONE
2026-09-28T22:27:48.074+00:00,257.811,manual,Manual cook,temp,2100,453.2,,esp32,,0,,,,,,,,,,,,1,450.0,12.0,15.0,0,NONE
2026-09-28T22:27:49.073+00:00,258.810,manual,Manual cook,temp,2100,452.8,,esp32,,0,,,,,,,,,,,,1,450.0,12.0,15.0,0,NONE
2026-09-28T22:27:49.573+00:00,259.310,manual,Manual cook,temp,2100,451.9,,esp32,,0,,,,,,,,,,,,1,450.0,24.0,24.0,0,NONE
2026-09-28T22:27:50.574+00:00,260.310,manual,Manual cook,temp,2100,452.3,,esp32,,0,,,,,,,,,,,,1,450.0,12.0,16.0,0,NONE
2026-09-28T22:27:51.574+00:00,261.310,manual,Manual cook,temp,2100,452.3,,esp32,,0,,,,,,,,,,,,1,450.0,12.0,24.0,0,NONE
2026-09-28T22:27:52.573+00:00,262.310,manual,Manual cook,temp,2100,452.3,,esp32,,0,,,,,,,,,,,,1,450.0,25.0,25.0,0,NONE
2026-09-28T22:27:53.574+00:00,263.310,manual,Manual cook,temp,2100,452.3,,esp32,,0,,,,,,,,,,,,1,450.0,8.0,8.0,0,NONE
2026-09-28T22:27:54.573+00:00,264.310,manual,Manual cook,temp,2100,451.9,,esp32,,0,,,,,,,,,,,,1,450.0,16.0,16.0,0,NONE
2026-09-28T22:27:55.073+00:00,264.810,manual,Manual cook,temp,2100,451.9,,esp32,,0,,,,,,,,,,,,1,450.0,25.0,25.0,0,NONE
2026-09-28T22:27:56.073+00:00,265.810,manual,Manual cook,temp,2100,451.0,,esp32,,0,,,,,,,,,,,,1,450.0,12.0,25.0,0,NONE
2026-09-28T22:27:57.073+00:00,266.810,manual,Manual cook,temp,2100,451.4,,esp32,,0,,,,,,,,,,,,1,450.0,12.0,24.0,0,NONE
2026-09-28T22:27:58.073+00:00,267.810,manual,Manual cook,temp,2100,451.0,,esp32,,0,,,,,,,,,,,,1,450.0,17.0,17.0,0,NONE
2026-09-28T22:27:59.074+00:00,268.810,manual,Manual cook,temp,2100,451.4,,esp32,,0,,,,,,,,,,,,1,450.0,3.0,3.0,0,NONE
2026-09-28T22:28:00.073+00:00,269.810,manual,Manual cook,temp,2100,451.0,,esp32,,0,,,,,,,,,,,,1,450.0,26.0,26.0,0,NONE
2026-09-28T22:28:01.073+00:00,270.810,manual,Manual cook,temp,2100,450.5,,esp32,,0,,,,,,,,,,,,1,450.0,19.0,19.0,0,NONE
2026-09-28T22:28:02.073+00:00,271.810,manual,Manual cook,temp,2100,451.0,,esp32,,0,,,,,,,,,,,,1,450.0,12.0,18.0,0,NONE
2026-09-28T22:28:03.073+00:00,272.809,manual,Manual cook,temp,2100,451.9,,esp32,,0,,,,,,,,,,,,1,450.0,0.0,0.0,0,NONE
2026-09-28T22:28:03.573+00:00,273.310,manual,Manual cook,temp,2100,451.4,,esp32,,0,,,,,,,,,,,,1,450.0,12.0,25.0,0,NONE
2026-09-28T22:28:04.573+00:00,274.310,manual,Manual cook,temp,2100,450.5,,esp32,,0,,,,,,,,,,,,1,450.0,26.0,26.0,0,NONE
2026-09-28T22:28:05.573+00:00,275.309,manual,Manual cook,temp,2100,451.4,,esp32,,0,,,,,,,,,,,,1,450.0,0.0,0.0,0,NONE
2026-09-28T22:28:06.073+00:00,275.809,manual,Manual cook,temp,2100,450.5,,esp32,,0,,,,,,,,,,,,1,450.0,12.0,26.0,0,NONE
2026-09-28T22:28:06.573+00:00,276.309,manual,Manual cook,temp,2100,450.0,,esp32,,0,,,,,,,,,,,,1,450.0,20.0,20.0,0,NONE
2026-09-28T22:28:07.573+00:00,277.309,manual,Manual cook,temp,2100,450.5,,esp32,,0,,,,,,,,,,,,1,450.0,12.0,26.0,0,NONE
2026-09-28T22:28:08.573+00:00,278.310,manual,Manual cook,temp,2100,450.5,,esp32,,0,,,,,,,,,,,,1,450.0,11.0,11.0,0,NONE
2026-09-28T22:28:09.574+00:00,279.310,manual,Manual cook,temp,2100,450.0,,esp32,,0,,,,,,,,,,,,1,450.0,20.0,20.0,0,NONE
2026-09-28T22:28:10.573+00:00,280.309,manual,Manual cook,temp,2100,451.0,,esp32,,0,,,,,,,,,,,,1,450.0,0.0,0.0,0,NONE
2026-09-28T22:28:11.073+00:00,280.809,manual,Manual cook,temp,2100,451.0,,esp32,,0,,,,,,,,,,,,1,450.0,12.0,18.0,0,NONE
2026-09-28T22:28:12.073+00:00,281.809,manual,Manual cook,temp,2100,451.0,,esp32,,0,,,,,,,,,,,,1,450.0,11.0,11.0,0,NONE
2026-09-28T22:28:13.073+00:00,282.809,manual,Manual cook,temp,2100,450.0,,esp32,,0,,,,,,,,,,,,1,450.0,20.0,20.0,0,NONE
2026-09-28T22:28:14.073+00:00,283.809,manual,Manual cook,temp,2100,451.0,,esp32,,0,,,,,,,,,,,,1,450.0,12.0,18.0,0,NONE
2026-09-28T22:28:15.073+00:00,284.809,manual,Manual cook,temp,2100,451.4,,esp32,,0,,,,,,,,,,,,1,450.0,3.0,3.0,0,NONE
2026-09-28T22:28:15.573+00:00,285.309,manual,Manual cook,temp,2100,451.9,,esp32,,0,,,,,,,,,,,,1,450.0,18.0,18.0,0,NONE
2026-09-28T22:28:16.573+00:00,286.309,manual,Manual cook,temp,2100,451.9,,esp32,,0,,,,,,,,,,,,1,450.0,9.0,9.0,0,NONE
2026-09-28T22:28:17.073+00:00,286.809,manual,Manual cook,temp,2100,451.0,,esp32,,0,,,,,,,,,,,,1,450.0,9.0,9.0,0,NONE
2026-09-28T22:28:17.573+00:00,287.309,manual,Manual cook,temp,2100,451.4,,esp32,,0,,,,,,,,,,,,1,450.0,25.0,25.0,0,NONE
2026-09-28T22:28:18.573+00:00,288.309,manual,Manual cook,temp,2100,451.9,,esp32,,0,,,,,,,,,,,,1,450.0,2.0,2.0,0,NONE
2026-09-28T22:28:19.073+00:00,288.809,manual,Manual cook,temp,2100,451.4,,esp32,,0,,,,,,,,,,,,1,450.0,1.0,1.0,0,NONE
2026-09-28T22:28:19.573+00:00,289.310,manual,Manual cook,temp,2100,451.9,,esp32,,0,,,,,,,,,,,,1,450.0,24.0,24.0,0,NONE
2026-09-28T22:28:20.073+00:00,289.810,manual,Manual cook,temp,2100,451.9,,esp32,,0,,,,,,,,,,,,1,450.0,2.0,2.0,0,NONE
2026-09-28T22:28:21.073+00:00,290.809,manual,Manual cook,temp,2100,451.9,,esp32,,0,,,,,,,,,,,,1,450.0,17.0,17.0,0,NONE
2026-09-28T22:28:22.073+00:00,291.809,manual,Manual cook,temp,2100,451.9,,esp32,,0,,,,,,,,,,,,1,450.0,9.0,9.0,0,NONE
2026-09-28T22:28:23.073+00:00,292.809,manual,Manual cook,temp,2100,450.5,,esp32,,0,,,,,,,,,,,,1,450.0,17.0,17.0,0,NONE
2026-09-28T22:28:23.573+00:00,293.309,manual,Manual cook,temp,2100,452.3,,esp32,,0,,,,,,,,,,,,1,450.0,26.0,26.0,0,NONE
2026-09-28T22:28:24.573+00:00,294.309,manual,Manual cook,temp,2100,450.5,,esp32,,0,,,,,,,,,,,,1,450.0,12.0,32.0,0,NONE
2026-09-28T22:28:25.573+00:00,295.309,manual,Manual cook,temp,2100,451.0,,esp32,,0,,,,,,,,,,,,1,450.0,0.0,0.0,0,NONE
2026-09-28T22:28:26.073+00:00,295.809,manual,Manual cook,temp,2100,451.4,,esp32,,0,,,,,,,,,,,,1,450.0,12.0,25.0,0,NONE
2026-09-28T22:28:27.073+00:00,296.809,manual,Manual cook,temp,2100,451.9,,esp32,,0,,,,,,,,,,,,1,450.0,10.0,10.0,0,NONE
2026-09-28T22:28:28.073+00:00,297.809,manual,Manual cook,temp,2100,451.4,,esp32,,0,,,,,,,,,,,,1,450.0,17.0,17.0,0,NONE
2026-09-28T22:28:28.573+00:00,298.309,manual,Manual cook,temp,2100,451.4,,esp32,,0,,,,,,,,,,,,1,450.0,42.0,42.0,0,NONE
2026-09-28T22:28:29.573+00:00,299.309,manual,Manual cook,temp,2100,451.0,,esp32,,0,,,,,,,,,,,,1,450.0,12.0,18.0,0,NONE
2026-09-28T22:28:30.573+00:00,300.310,manual,Manual cook,temp,2100,451.9,,esp32,,0,,,,,,,,,,,,1,450.0,0.0,0.0,0,NONE
2026-09-28T22:28:31.074+00:00,300.810,manual,Manual cook,temp,2100,451.4,,esp32,,0,,,,,,,,,,,,1,450.0,12.0,17.0,0,NONE
2026-09-28T22:28:32.073+00:00,301.809,manual,Manual cook,temp,2100,451.4,,esp32,,0,,,,,,,,,,,,1,450.0,9.0,9.0,0,NONE
2026-09-28T22:28:32.573+00:00,302.309,manual,Manual cook,temp,2100,451.0,,esp32,,0,,,,,,,,,,,,1,450.0,18.0,18.0,0,NONE
2026-09-28T22:28:33.073+00:00,302.809,manual,Manual cook,temp,2100,451.0,,esp32,,0,,,,,,,,,,,,1,450.0,10.0,10.0,0,NONE
2026-09-28T22:28:34.073+00:00,303.809,manual,Manual cook,temp,2100,449.6,,esp32,,0,,,,,,,,,,,,1,450.0,35.0,35.0,0,NONE
2026-09-28T22:28:35.073+00:00,304.809,manual,Manual cook,temp,2100,451.4,,esp32,,0,,,,,,,,,,,,1,450.0,10.0,10.0,0,NONE
2026-09-28T22:28:36.073+00:00,305.809,manual,Manual cook,temp,2100,451.4,,esp32,,0,,,,,,,,,,,,1,450.0,17.0,17.0,0,NONE
2026-09-28T22:28:36.573+00:00,306.310,manual,Manual cook,temp,2100,450.5,,esp32,,0,,,,,,,,,,,,1,450.0,2.0,2.0,0,NONE
2026-09-28T22:28:37.073+00:00,306.810,manual,Manual cook,temp,2100,450.5,,esp32,,0,,,,,,,,,,,,1,450.0,26.0,26.0,0,NONE
2026-09-28T22:28:38.073+00:00,307.810,manual,Manual cook,temp,2100,451.0,,esp32,,0,,,,,,,,,,,,1,450.0,3.0,3.0,0,NONE
2026-09-28T22:28:39.072+00:00,308.809,manual,Manual cook,temp,2100,451.4,,esp32,,0,,,,,,,,,,,,1,450.0,2.0,2.0,0,NONE
2026-09-28T22:28:39.572+00:00,309.309,manual,Manual cook,temp,2100,450.5,,esp32,,0,,,,,,,,,,,,1,450.0,9.0,9.0,0,NONE
2026-09-28T22:28:40.073+00:00,309.809,manual,Manual cook,temp,2100,450.5,,esp32,,0,,,,,,,,,,,,1,450.0,25.0,25.0,0,NONE
2026-09-28T22:28:41.073+00:00,310.809,manual,Manual cook,temp,2100,451.4,,esp32,,0,,,,,,,,,,,,1,450.0,12.0,34.0,0,NONE
2026-09-28T22:28:42.073+00:00,311.809,manual,Manual cook,temp,2100,450.0,,esp32,,0,,,,,,,,,,,,1,450.0,12.0,34.0,0,NONE
2026-09-28T22:28:43.073+00:00,312.809,manual,Manual cook,temp,2100,450.5,,esp32,,0,,,,,,,,,,,,1,450.0,12.0,17.0,0,NONE
2026-09-28T22:28:43.573+00:00,313.310,manual,Manual cook,temp,2100,450.5,,esp32,,0,,,,,,,,,,,,1,450.0,18.0,18.0,0,NONE
2026-09-28T22:28:44.073+00:00,313.810,manual,Manual cook,temp,2100,449.6,,esp32,,0,,,,,,,,,,,,1,450.0,27.0,27.0,0,NONE
2026-09-28T22:28:45.073+00:00,314.809,manual,Manual cook,temp,2100,451.0,,esp32,,0,,,,,,,,,,,,1,450.0,12.0,18.0,0,NONE
2026-09-28T22:28:46.073+00:00,315.809,manual,Manual cook,temp,2100,450.0,,esp32,,0,,,,,,,,,,,,1,450.0,26.0,26.0,0,NONE
2026-09-28T22:28:47.073+00:00,316.809,manual,Manual cook,temp,2100,450.5,,esp32,,0,,,,,,,,,,,,1,450.0,12.0,18.0,0,NONE
2026-09-28T22:28:48.072+00:00,317.809,manual,Manual cook,temp,2100,450.0,,esp32,,0,,,,,,,,,,,,1,450.0,26.0,26.0,0,NONE
2026-09-28T22:28:49.072+00:00,318.809,manual,Manual cook,temp,2100,450.0,,esp32,,0,,,,,,,,,,,,1,450.0,19.0,19.0,0,NONE
2026-09-28T22:28:49.574+00:00,319.310,manual,Manual cook,temp,2100,450.5,,esp32,,0,,,,,,,,,,,,1,450.0,0.0,0.0,0,NONE
2026-09-28T22:28:50.572+00:00,320.309,manual,Manual cook,temp,2100,450.5,,esp32,,0,,,,,,,,,,,,1,450.0,11.0,11.0,0,NONE
2026-09-28T22:28:51.572+00:00,321.309,manual,Manual cook,temp,2100,450.0,,esp32,,0,,,,,,,,,,,,1,450.0,26.0,26.0,0,NONE
2026-09-28T22:28:52.072+00:00,321.809,manual,Manual cook,temp,2100,450.0,,esp32,,0,,,,,,,,,,,,1,450.0,12.0,12.0,0,NONE
2026-09-28T22:28:53.072+00:00,322.809,manual,Manual cook,temp,2100,451.0,,esp32,,0,,,,,,,,,,,,1,450.0,0.0,0.0,0,NONE
2026-09-28T22:28:53.572+00:00,323.309,manual,Manual cook,temp,2100,450.5,,esp32,,0,,,,,,,,,,,,1,450.0,12.0,18.0,0,NONE
2026-09-28T22:28:54.572+00:00,324.309,manual,Manual cook,temp,2100,450.5,,esp32,,0,,,,,,,,,,,,1,450.0,11.0,11.0,0,NONE
2026-09-28T22:28:55.072+00:00,324.809,manual,Manual cook,temp,2100,450.0,,esp32,,0,,,,,,,,,,,,1,450.0,19.0,19.0,0,NONE
2026-09-28T22:28:55.573+00:00,325.309,manual,Manual cook,temp,2100,451.0,,esp32,,0,,,,,,,,,,,,1,450.0,0.0,0.0,0,NONE
2026-09-28T22:28:56.073+00:00,325.810,manual,Manual cook,temp,2100,451.0,,esp32,,0,,,,,,,,,,,,1,450.0,12.0,17.0,0,NONE
2026-09-28T22:28:57.072+00:00,326.809,manual,Manual cook,temp,2100,451.0,,esp32,,0,,,,,,,,,,,,1,450.0,17.0,17.0,0,NONE
2026-09-28T22:28:58.072+00:00,327.809,manual,Manual cook,temp,2100,451.4,,esp32,,0,,,,,,,,,,,,1,450.0,2.0,2.0,0,NONE
2026-09-28T22:28:58.572+00:00,328.309,manual,Manual cook,temp,2100,451.4,,esp32,,0,,,,,,,,,,,,1,450.0,9.0,9.0,0,NONE
2026-09-28T22:28:59.072+00:00,328.809,manual,Manual cook,temp,2100,451.9,,esp32,,0,,,,,,,,,,,,1,450.0,17.0,17.0,0,NONE
2026-09-28T22:29:00.074+00:00,329.810,manual,Manual cook,temp,2100,451.0,,esp32,,0,,,,,,,,,,,,1,450.0,12.0,24.0,0,NONE
2026-09-28T22:29:01.072+00:00,330.809,manual,Manual cook,temp,2100,451.0,,esp32,,0,,,,,,,,,,,,1,450.0,10.0,10.0,0,NONE
2026-09-28T22:29:01.572+00:00,331.309,manual,Manual cook,temp,2100,450.5,,esp32,,0,,,,,,,,,,,,1,450.0,18.0,18.0,0,NONE
2026-09-28T22:29:02.074+00:00,331.811,manual,Manual cook,temp,2100,450.0,,esp32,,0,,,,,,,,,,,,1,450.0,19.0,19.0,0,NONE
2026-09-28T22:29:03.072+00:00,332.809,manual,Manual cook,temp,2100,451.0,,esp32,,0,,,,,,,,,,,,1,450.0,9.0,9.0,0,NONE
2026-09-28T22:29:03.572+00:00,333.309,manual,Manual cook,temp,2100,451.9,,esp32,,0,,,,,,,,,,,,1,450.0,17.0,17.0,0,NONE
2026-09-28T22:29:04.572+00:00,334.309,manual,Manual cook,temp,2100,451.4,,esp32,,0,,,,,,,,,,,,1,450.0,12.0,16.0,0,NONE
2026-09-28T22:29:05.572+00:00,335.309,manual,Manual cook,temp,2100,452.3,,esp32,,0,,,,,,,,,,,,1,450.0,17.0,17.0,0,NONE
2026-09-28T22:29:06.572+00:00,336.309,manual,Manual cook,temp,2100,451.0,,esp32,,0,,,,,,,,,,,,1,450.0,12.0,32.0,0,NONE
2026-09-28T22:29:07.573+00:00,337.309,manual,Manual cook,temp,2100,451.9,,esp32,,0,,,,,,,,,,,,1,450.0,12.0,23.0,0,NONE
2026-09-28T22:29:08.572+00:00,338.309,manual,Manual cook,temp,2100,451.4,,esp32,,0,,,,,,,,,,,,1,450.0,16.0,16.0,0,NONE
2026-09-28T22:29:09.572+00:00,339.308,manual,Manual cook,temp,2100,451.4,,esp32,,0,,,,,,,,,,,,1,450.0,9.0,9.0,0,NONE
2026-09-28T22:29:10.572+00:00,340.308,manual,Manual cook,temp,2100,451.4,,esp32,,0,,,,,,,,,,,,1,450.0,9.0,9.0,0,NONE
2026-09-28T22:29:11.072+00:00,340.809,manual,Manual cook,temp,2100,451.4,,esp32,,0,,,,,,,,,,,,1,450.0,17.0,17.0,0,NONE
2026-09-28T22:29:12.073+00:00,341.809,manual,Manual cook,temp,2100,451.4,,esp32,,0,,,,,,,,,,,,1,450.0,9.0,9.0,0,NONE
2026-09-28T22:29:13.073+00:00,342.809,manual,Manual cook,temp,2100,451.4,,esp32,,0,,,,,,,,,,,,1,450.0,9.0,9.0,0,NONE
2026-09-28T22:29:14.072+00:00,343.809,manual,Manual cook,temp,2100,451.4,,esp32,,0,,,,,,,,,,,,1,450.0,16.0,16.0,0,NONE
2026-09-28T22:29:15.073+00:00,344.809,manual,Manual cook,temp,2100,451.4,,esp32,,0,,,,,,,,,,,,1,450.0,16.0,16.0,0,NONE
2026-09-28T22:29:16.072+00:00,345.808,manual,Manual cook,temp,2100,451.9,,esp32,,0,,,,,,,,,,,,1,450.0,8.0,8.0,0,NONE
2026-09-28T22:29:16.572+00:00,346.308,manual,Manual cook,temp,2100,451.0,,esp32,,0,,,,,,,,,,,,1,450.0,24.0,24.0,0,NONE
2026-09-28T22:29:17.572+00:00,347.308,manual,Manual cook,temp,2100,451.4,,esp32,,0,,,,,,,,,,,,1,450.0,12.0,16.0,0,NONE
2026-09-28T22:29:18.573+00:00,348.309,manual,Manual cook,temp,2100,451.4,,esp32,,0,,,,,,,,,,,,1,450.0,16.0,16.0,0,NONE
2026-09-28T22:29:19.572+00:00,349.308,manual,Manual cook,temp,2100,451.4,,esp32,,0,,,,,,,,,,,,1,450.0,0.0,0.0,0,NONE
2026-09-28T22:29:20.072+00:00,349.808,manual,Manual cook,temp,2100,450.5,,esp32,,0,,,,,,,,,,,,1,450.0,12.0,25.0,0,NONE
2026-09-28T22:29:21.072+00:00,350.809,manual,Manual cook,temp,2100,451.0,,esp32,,0,,,,,,,,,,,,1,450.0,12.0,17.0,0,NONE
2026-09-28T22:29:22.072+00:00,351.808,manual,Manual cook,temp,2100,451.0,,esp32,,0,,,,,,,,,,,,1,450.0,10.0,10.0,0,NONE
2026-09-28T22:29:23.072+00:00,352.808,manual,Manual cook,temp,2100,451.0,,esp32,,0,,,,,,,,,,,,1,450.0,10.0,10.0,0,NONE
2026-09-28T22:29:23.572+00:00,353.308,manual,Manual cook,temp,2100,451.0,,esp32,,0,,,,,,,,,,,,1,450.0,10.0,10.0,0,NONE
2026-09-28T22:29:24.073+00:00,353.809,manual,Manual cook,temp,2100,451.0,,esp32,,0,,,,,,,,,,,,1,450.0,10.0,10.0,0,NONE
2026-09-28T22:29:25.072+00:00,354.808,manual,Manual cook,temp,2100,451.4,,esp32,,0,,,,,,,,,,,,1,450.0,1.0,1.0,0,NONE
2026-09-28T22:29:25.572+00:00,355.308,manual,Manual cook,temp,2100,451.0,,esp32,,0,,,,,,,,,,,,1,450.0,25.0,25.0,0,NONE
2026-09-28T22:29:26.572+00:00,356.308,manual,Manual cook,temp,2100,451.0,,esp32,,0,,,,,,,,,,,,1,450.0,9.0,9.0,0,NONE
2026-09-28T22:29:27.572+00:00,357.308,manual,Manual cook,temp,2100,451.4,,esp32,,0,,,,,,,,,,,,1,450.0,1.0,1.0,0,NONE
2026-09-28T22:29:28.572+00:00,358.308,manual,Manual cook,temp,2100,451.4,,esp32,,0,,,,,,,,,,,,1,450.0,25.0,25.0,0,NONE
2026-09-28T22:29:29.572+00:00,359.308,manual,Manual cook,temp,2100,451.0,,esp32,,0,,,,,,,,,,,,1,450.0,12.0,17.0,0,NONE
2026-09-28T22:29:30.572+00:00,360.309,manual,Manual cook,temp,2100,450.0,,esp32,,0,,,,,,,,,,,,1,450.0,17.0,17.0,0,NONE
2026-09-28T22:29:31.572+00:00,361.308,manual,Manual cook,temp,2100,451.0,,esp32,,0,,,,,,,,,,,,1,450.0,0.0,0.0,0,NONE
2026-09-28T22:29:32.072+00:00,361.808,manual,Manual cook,temp,2100,450.5,,esp32,,0,,,,,,,,,,,,1,450.0,9.0,9.0,0,NONE
2026-09-28T22:29:32.572+00:00,362.308,manual,Manual cook,temp,2100,450.5,,esp32,,0,,,,,,,,,,,,1,450.0,17.0,17.0,0,NONE
2026-09-28T22:29:33.572+00:00,363.308,manual,Manual cook,temp,2100,450.5,,esp32,,0,,,,,,,,,,,,1,450.0,10.0,10.0,0,NONE
2026-09-28T22:29:34.572+00:00,364.308,manual,Manual cook,temp,2100,450.5,,esp32,,0,,,,,,,,,,,,1,450.0,17.0,17.0,0,NONE
2026-09-28T22:29:35.072+00:00,364.808,manual,Manual cook,temp,2100,450.0,,esp32,,0,,,,,,,,,,,,1,450.0,10.0,10.0,0,NONE
2026-09-28T22:29:36.072+00:00,365.808,manual,Manual cook,temp,2100,451.0,,esp32,,0,,,,,,,,,,,,1,450.0,0.0,0.0,0,NONE
2026-09-28T22:29:37.072+00:00,366.808,manual,Manual cook,temp,2100,451.0,,esp32,,0,,,,,,,,,,,,1,450.0,9.0,9.0,0,NONE
2026-09-28T22:29:37.572+00:00,367.308,manual,Manual cook,temp,2100,451.0,,esp32,,0,,,,,,,,,,,,1,450.0,9.0,9.0,0,NONE
2026-09-28T22:29:38.072+00:00,367.808,manual,Manual cook,temp,2100,451.4,,esp32,,0,,,,,,,,,,,,1,450.0,17.0,17.0,0,NONE
2026-09-28T22:29:39.072+00:00,368.808,manual,Manual cook,temp,2100,451.0,,esp32,,0,,,,,,,,,,,,1,450.0,12.0,17.0,0,NONE
2026-09-28T22:29:39.573+00:00,369.309,manual,Manual cook,temp,2100,451.4,,esp32,,0,,,,,,,,,,,,1,450.0,17.0,17.0,0,NONE
2026-09-28T22:29:40.572+00:00,370.308,manual,Manual cook,temp,2100,450.0,,esp32,,0,,,,,,,,,,,,1,450.0,12.0,25.0,0,NONE
2026-09-28T22:29:41.571+00:00,371.308,manual,Manual cook,temp,2100,450.5,,esp32,,0,,,,,,,,,,,,1,450.0,3.0,3.0,0,NONE
2026-09-28T22:29:42.572+00:00,372.308,manual,Manual cook,temp,2100,451.0,,esp32,,0,,,,,,,,,,,,1,450.0,12.0,16.0,0,NONE
2026-09-28T22:29:43.572+00:00,373.308,manual,Manual cook,temp,2100,451.4,,esp32,,0,,,,,,,,,,,,1,450.0,16.0,16.0,0,NONE
2026-09-28T22:29:44.572+00:00,374.308,manual,Manual cook,temp,2100,450.5,,esp32,,0,,,,,,,,,,,,1,450.0,25.0,25.0,0,NONE
2026-09-28T22:29:45.073+00:00,374.809,manual,Manual cook,temp,2100,450.5,,esp32,,0,,,,,,,,,,,,1,450.0,10.0,10.0,0,NONE
2026-09-28T22:29:46.572+00:00,376.308,manual,Manual cook,temp,2100,451.4,,esp32,,0,,,,,,,,,,,,1,450.0,11.0,11.0,0,NONE
2026-09-28T22:29:47.572+00:00,377.308,manual,Manual cook,temp,2100,450.5,,esp32,,0,,,,,,,,,,,,1,450.0,12.0,25.0,0,NONE
2026-09-28T22:29:48.571+00:00,378.308,manual,Manual cook,temp,2100,451.4,,esp32,,0,,,,,,,,,,,,1,450.0,1.0,1.0,0,NONE
2026-09-28T22:29:49.072+00:00,378.808,manual,Manual cook,temp,2100,451.0,,esp32,,0,,,,,,,,,,,,1,450.0,16.0,16.0,0,NONE
2026-09-28T22:29:50.072+00:00,379.808,manual,Manual cook,temp,2100,451.0,,esp32,,0,,,,,,,,,,,,1,450.0,17.0,17.0,0,NONE
2026-09-28T22:29:50.572+00:00,380.308,manual,Manual cook,temp,2100,451.0,,esp32,,0,,,,,,,,,,,,1,450.0,2.0,2.0,0,NONE
2026-09-28T22:29:51.072+00:00,380.809,manual,Manual cook,temp,2100,449.1,,esp32,,0,,,,,,,,,,,,1,450.0,25.0,25.0,0,NONE
2026-09-28T22:29:52.071+00:00,381.808,manual,Manual cook,temp,2100,451.0,,esp32,,0,,,,,,,,,,,,1,450.0,0.0,0.0,0,NONE
2026-09-28T22:29:52.572+00:00,382.308,manual,Manual cook,temp,2100,450.5,,esp32,,0,,,,,,,,,,,,1,450.0,12.0,17.0,0,NONE
2026-09-28T22:29:53.571+00:00,383.308,manual,Manual cook,temp,2100,451.0,,esp32,,0,,,,,,,,,,,,1,450.0,2.0,2.0,0,NONE
2026-09-28T22:29:54.072+00:00,383.808,manual,Manual cook,temp,2100,450.5,,esp32,,0,,,,,,,,,,,,1,450.0,17.0,17.0,0,NONE
2026-09-28T22:29:55.072+00:00,384.808,manual,Manual cook,temp,2100,450.5,,esp32,,0,,,,,,,,,,,,1,450.0,10.0,10.0,0,NONE
2026-09-28T22:29:56.071+00:00,385.808,manual,Manual cook,temp,2100,450.5,,esp32,,0,,,,,,,,,,,,1,450.0,10.0,10.0,0,NONE
2026-09-28T22:29:56.572+00:00,386.308,manual,Manual cook,temp,2100,450.0,,esp32,,0,,,,,,,,,,,,1,450.0,18.0,18.0,0,NONE
2026-09-28T22:29:57.571+00:00,387.308,manual,Manual cook,temp,2100,450.5,,esp32,,0,,,,,,,,,,,,1,450.0,3.0,3.0,0,NONE
2026-09-28T22:29:58.071+00:00,387.808,manual,Manual cook,temp,2100,451.0,,esp32,,0,,,,,,,,,,,,1,450.0,2.0,2.0,0,NONE
2026-09-28T22:29:58.571+00:00,388.308,manual,Manual cook,temp,2100,451.0,,esp32,,0,,,,,,,,,,,,1,450.0,1.0,1.0,0,NONE
2026-09-28T22:29:59.071+00:00,388.808,manual,Manual cook,temp,2100,451.0,,esp32,,0,,,,,,,,,,,,1,450.0,16.0,16.0,0,NONE
2026-09-28T22:30:00.071+00:00,389.808,manual,Manual cook,temp,2100,450.5,,esp32,,0,,,,,,,,,,,,1,450.0,24.0,24.0,0,NONE
2026-09-28T22:30:01.071+00:00,390.808,manual,Manual cook,temp,2100,451.0,,esp32,,0,,,,,,,,,,,,1,450.0,12.0,16.0,0,NONE
2026-09-28T22:30:01.572+00:00,391.308,manual,Manual cook,temp,2100,451.4,,esp32,,0,,,,,,,,,,,,1,450.0,1.0,1.0,0,NONE
2026-09-28T22:30:02.571+00:00,392.308,manual,Manual cook,temp,2100,451.0,,esp32,,0,,,,,,,,,,,,1,450.0,16.0,16.0,0,NONE
2026-09-28T22:30:03.571+00:00,393.308,manual,Manual cook,temp,2100,451.0,,esp32,,0,,,,,,,,,,,,1,450.0,17.0,17.0,0,NONE
2026-09-28T22:30:04.571+00:00,394.308,manual,Manual cook,temp,2100,451.0,,esp32,,0,,,,,,,,,,,,1,450.0,33.0,33.0,0,NONE
2026-09-28T22:30:05.571+00:00,395.308,manual,Manual cook,temp,2100,449.1,,esp32,,0,,,,,,,,,,,,1,450.0,12.0,41.0,0,NONE
2026-09-28T22:30:06.572+00:00,396.308,manual,Manual cook,temp,2100,450.0,,esp32,,0,,,,,,,,,,,,1,450.0,12.0,25.0,0,NONE
2026-09-28T22:30:07.571+00:00,397.308,manual,Manual cook,temp,2100,450.0,,esp32,,0,,,,,,,,,,,,1,450.0,18.0,18.0,0,NONE
2026-09-28T22:30:08.071+00:00,397.808,manual,Manual cook,temp,2100,451.0,,esp32,,0,,,,,,,,,,,,1,450.0,19.0,19.0,0,NONE
2026-09-28T22:30:09.071+00:00,398.808,manual,Manual cook,temp,2100,450.0,,esp32,,0,,,,,,,,,,,,1,450.0,12.0,25.0,0,NONE
2026-09-28T22:30:10.071+00:00,399.808,manual,Manual cook,temp,2100,449.6,,esp32,,0,,,,,,,,,,,,1,450.0,10.0,10.0,0,NONE
2026-09-28T22:30:11.071+00:00,400.808,manual,Manual cook,temp,2100,450.5,,esp32,,0,,,,,,,,,,,,1,450.0,0.0,0.0,0,NONE
2026-09-28T22:30:11.571+00:00,401.308,manual,Manual cook,temp,2100,450.5,,esp32,,0,,,,,,,,,,,,1,450.0,10.0,10.0,0,NONE
2026-09-28T22:30:12.072+00:00,401.808,manual,Manual cook,temp,2100,450.0,,esp32,,0,,,,,,,,,,,,1,450.0,10.0,10.0,0,NONE
2026-09-28T22:30:13.071+00:00,402.808,manual,Manual cook,temp,2100,450.5,,esp32,,0,,,,,,,,,,,,1,450.0,3.0,3.0,0,NONE
2026-09-28T22:30:13.571+00:00,403.308,manual,Manual cook,temp,2100,450.5,,esp32,,0,,,,,,,,,,,,1,450.0,10.0,10.0,0,NONE
2026-09-28T22:30:14.571+00:00,404.308,manual,Manual cook,temp,2100,450.5,,esp32,,0,,,,,,,,,,,,1,450.0,10.0,10.0,0,NONE
2026-09-28T22:30:15.071+00:00,404.808,manual,Manual cook,temp,2100,451.0,,esp32,,0,,,,,,,,,,,,1,450.0,10.0,10.0,0,NONE
2026-09-28T22:30:16.071+00:00,405.808,manual,Manual cook,temp,2100,451.4,,esp32,,0,,,,,,,,,,,,1,450.0,25.0,25.0,0,NONE
2026-09-28T22:30:17.071+00:00,406.808,manual,Manual cook,temp,2100,450.5,,esp32,,0,,,,,,,,,,,,1,450.0,12.0,24.0,0,NONE
2026-09-28T22:30:17.572+00:00,407.308,manual,Manual cook,temp,2100,451.0,,esp32,,0,,,,,,,,,,,,1,450.0,2.0,2.0,0,NONE
2026-09-28T22:30:18.072+00:00,407.808,manual,Manual cook,temp,2100,451.0,,esp32,,0,,,,,,,,,,,,1,450.0,9.0,9.0,0,NONE
2026-09-28T22:30:19.071+00:00,408.808,manual,Manual cook,temp,2100,450.5,,esp32,,0,,,,,,,,,,,,1,450.0,17.0,17.0,0,NONE
2026-09-28T22:30:20.071+00:00,409.808,manual,Manual cook,temp,2100,450.5,,esp32,,0,,,,,,,,,,,,1,450.0,17.0,17.0,0,NONE
2026-09-28T22:30:21.071+00:00,410.807,manual,Manual cook,temp,2100,450.5,,esp32,,0,,,,,,,,,,,,1,450.0,9.0,9.0,0,NONE
2026-09-28T22:30:21.571+00:00,411.308,manual,Manual cook,temp,2100,449.6,,esp32,,0,,,,,,,,,,,,1,450.0,17.0,17.0,0,NONE
2026-09-28T22:30:22.071+00:00,411.808,manual,Manual cook,temp,2100,451.0,,esp32,,0,,,,,,,,,,,,1,450.0,26.0,26.0,0,NONE
2026-09-28T22:30:23.071+00:00,412.807,manual,Manual cook,temp,2100,451.0,,esp32,,0,,,,,,,,,,,,1,450.0,9.0,9.0,0,NONE
2026-09-28T22:30:23.571+00:00,413.307,manual,Manual cook,temp,2100,450.5,,esp32,,0,,,,,,,,,,,,1,450.0,9.0,9.0,0,NONE
2026-09-28T22:30:24.071+00:00,413.808,manual,Manual cook,temp,2100,450.5,,esp32,,0,,,,,,,,,,,,1,450.0,17.0,17.0,0,NONE
2026-09-28T22:30:25.071+00:00,414.808,manual,Manual cook,temp,2100,450.0,,esp32,,0,,,,,,,,,,,,1,450.0,17.0,17.0,0,NONE
2026-09-28T22:30:26.071+00:00,415.807,manual,Manual cook,temp,2100,451.0,,esp32,,0,,,,,,,,,,,,1,450.0,0.0,0.0,0,NONE
2026-09-28T22:30:26.571+00:00,416.307,manual,Manual cook,temp,2100,450.5,,esp32,,0,,,,,,,,,,,,1,450.0,12.0,17.0,0,NONE
2026-09-28T22:30:27.571+00:00,417.307,manual,Manual cook,temp,2100,450.5,,esp32,,0,,,,,,,,,,,,1,450.0,10.0,10.0,0,NONE
2026-09-28T22:30:28.071+00:00,417.808,manual,Manual cook,temp,2100,450.0,,esp32,,0,,,,,,,,,,,,1,450.0,26.0,26.0,0,NONE
2026-09-28T22:30:28.572+00:00,418.308,manual,Manual cook,temp,2100,450.0,,esp32,,0,,,,,,,,,,,,1,450.0,3.0,3.0,0,NONE
2026-09-28T22:30:29.571+00:00,419.307,manual,Manual cook,temp,2100,450.5,,esp32,,0,,,,,,,,,,,,1,450.0,0.0,0.0,0,NONE
2026-09-28T22:30:30.071+00:00,419.808,manual,Manual cook,temp,2100,451.4,,esp32,,0,,,,,,,,,,,,1,450.0,12.0,17.0,0,NONE
2026-09-28T22:30:31.071+00:00,420.808,manual,Manual cook,temp,2100,451.4,,esp32,,0,,,,,,,,,,,,1,450.0,8.0,8.0,0,NONE
2026-09-28T22:30:32.071+00:00,421.808,manual,Manual cook,temp,2100,451.4,,esp32,,0,,,,,,,,,,,,1,450.0,8.0,8.0,0,NONE
2026-09-28T22:30:33.071+00:00,422.808,manual,Manual cook,temp,2100,451.0,,esp32,,0,,,,,,,,,,,,1,450.0,16.0,16.0,0,NONE
2026-09-28T22:30:34.072+00:00,423.809,manual,Manual cook,temp,2100,450.5,,esp32,,0,,,,,,,,,,,,1,450.0,17.0,17.0,0,NONE
2026-09-28T22:30:35.071+00:00,424.807,manual,Manual cook,temp,2100,451.4,,esp32,,0,,,,,,,,,,,,1,450.0,0.0,0.0,0,NONE
2026-09-28T22:30:36.071+00:00,425.807,manual,Manual cook,temp,2100,451.4,,esp32,,0,,,,,,,,,,,,1,450.0,8.0,8.0,0,NONE
2026-09-28T22:30:37.071+00:00,426.807,manual,Manual cook,temp,2100,451.9,,esp32,,0,,,,,,,,,,,,1,450.0,0.0,0.0,0,NONE
2026-09-28T22:30:38.071+00:00,427.807,manual,Manual cook,temp,2100,451.9,,esp32,,0,,,,,,,,,,,,1,450.0,7.0,7.0,0,NONE
2026-09-28T22:30:39.071+00:00,428.807,manual,Manual cook,temp,2100,452.3,,esp32,,0,,,,,,,,,,,,1,450.0,7.0,7.0,0,NONE
2026-09-28T22:30:40.071+00:00,429.807,manual,Manual cook,temp,2100,451.0,,esp32,,0,,,,,,,,,,,,1,450.0,12.0,14.0,0,NONE
2026-09-28T22:30:41.071+00:00,430.807,manual,Manual cook,temp,2100,451.9,,esp32,,0,,,,,,,,,,,,1,450.0,0.0,0.0,0,NONE
2026-09-28T22:30:41.571+00:00,431.307,manual,Manual cook,temp,2100,451.9,,esp32,,0,,,,,,,,,,,,1,450.0,12.0,14.0,0,NONE
2026-09-28T22:30:42.571+00:00,432.307,manual,Manual cook,temp,2100,451.9,,esp32,,0,,,,,,,,,,,,1,450.0,7.0,7.0,0,NONE
2026-09-28T22:30:43.571+00:00,433.307,manual,Manual cook,temp,2100,452.3,,esp32,,0,,,,,,,,,,,,1,450.0,0.0,0.0,0,NONE
2026-09-28T22:30:44.572+00:00,434.308,manual,Manual cook,temp,2100,452.3,,esp32,,0,,,,,,,,,,,,1,450.0,14.0,14.0,0,NONE
2026-09-28T22:30:45.571+00:00,435.307,manual,Manual cook,temp,2100,452.3,,esp32,,0,,,,,,,,,,,,1,450.0,6.0,6.0,0,NONE
2026-09-28T22:30:46.571+00:00,436.307,manual,Manual cook,temp,2100,452.8,,esp32,,0,,,,,,,,,,,,1,450.0,12.0,21.0,0,NONE
2026-09-28T22:30:47.571+00:00,437.307,manual,Manual cook,temp,2100,452.8,,esp32,,0,,,,,,,,,,,,1,450.0,12.0,21.0,0,NONE
2026-09-28T22:30:48.571+00:00,438.307,manual,Manual cook,temp,2100,451.9,,esp32,,0,,,,,,,,,,,,1,450.0,12.0,21.0,0,NONE
2026-09-28T22:30:49.571+00:00,439.307,manual,Manual cook,temp,2100,452.3,,esp32,,0,,,,,,,,,,,,1,450.0,6.0,6.0,0,NONE
2026-09-28T22:30:50.071+00:00,439.807,manual,Manual cook,temp,2100,451.0,,esp32,,0,,,,,,,,,,,,1,450.0,22.0,22.0,0,NONE
2026-09-28T22:30:51.070+00:00,440.807,manual,Manual cook,temp,2100,451.9,,esp32,,0,,,,,,,,,,,,1,450.0,0.0,0.0,0,NONE
2026-09-28T22:30:52.071+00:00,441.807,manual,Manual cook,temp,2100,451.4,,esp32,,0,,,,,,,,,,,,1,450.0,7.0,7.0,0,NONE
2026-09-28T22:30:52.571+00:00,442.307,manual,Manual cook,temp,2100,451.4,,esp32,,0,,,,,,,,,,,,1,450.0,15.0,15.0,0,NONE
2026-09-28T22:30:53.570+00:00,443.307,manual,Manual cook,temp,2100,451.9,,esp32,,0,,,,,,,,,,,,1,450.0,6.0,6.0,0,NONE
2026-09-28T22:30:54.071+00:00,443.807,manual,Manual cook,temp,2100,451.0,,esp32,,0,,,,,,,,,,,,1,450.0,0.0,0.0,0,NONE
2026-09-28T22:30:54.571+00:00,444.307,manual,Manual cook,temp,2100,451.0,,esp32,,0,,,,,,,,,,,,1,450.0,12.0,30.0,0,NONE
2026-09-28T22:30:55.071+00:00,444.808,manual,Manual cook,temp,2100,452.3,,esp32,,0,,,,,,,,,,,,1,450.0,0.0,0.0,0,NONE
2026-09-28T22:30:56.071+00:00,445.807,manual,Manual cook,temp,2100,451.4,,esp32,,0,,,,,,,,,,,,1,450.0,7.0,7.0,0,NONE
2026-09-28T22:30:57.071+00:00,446.807,manual,Manual cook,temp,2100,451.4,,esp32,,0,,,,,,,,,,,,1,450.0,24.0,24.0,0,NONE
2026-09-28T22:30:58.071+00:00,447.807,manual,Manual cook,temp,2100,451.4,,esp32,,0,,,,,,,,,,,,1,450.0,12.0,32.0,0,NONE
2026-09-28T22:30:59.070+00:00,448.807,manual,Manual cook,temp,2100,451.4,,esp32,,0,,,,,,,,,,,,1,450.0,7.0,7.0,0,NONE
2026-09-28T22:30:59.571+00:00,449.307,manual,Manual cook,temp,2100,451.0,,esp32,,0,,,,,,,,,,,,1,450.0,15.0,15.0,0,NONE
2026-09-28T22:31:00.071+00:00,449.807,manual,Manual cook,temp,2100,450.0,,esp32,,0,,,,,,,,,,,,1,450.0,24.0,24.0,0,NONE
2026-09-28T22:31:00.571+00:00,450.307,manual,Manual cook,temp,2100,451.0,,esp32,,0,,,,,,,,,,,,1,450.0,0.0,0.0,0,NONE
2026-09-28T22:31:01.071+00:00,450.808,manual,Manual cook,temp,2100,451.0,,esp32,,0,,,,,,,,,,,,1,450.0,8.0,8.0,0,NONE
2026-09-28T22:31:02.071+00:00,451.807,manual,Manual cook,temp,2100,451.4,,esp32,,0,,,,,,,,,,,,1,450.0,0.0,0.0,0,NONE
2026-09-28T22:31:03.071+00:00,452.807,manual,Manual cook,temp,2100,450.5,,esp32,,0,,,,,,,,,,,,1,450.0,23.0,23.0,0,NONE
2026-09-28T22:31:04.071+00:00,453.807,manual,Manual cook,temp,2100,450.5,,esp32,,0,,,,,,,,,,,,1,450.0,17.0,17.0,0,NONE
2026-09-28T22:31:05.070+00:00,454.807,manual,Manual cook,temp,2100,450.5,,esp32,,0,,,,,,,,,,,,1,450.0,9.0,9.0,0,NONE
2026-09-28T22:31:06.071+00:00,455.807,manual,Manual cook,temp,2100,451.0,,esp32,,0,,,,,,,,,,,,1,450.0,25.0,25.0,0,NONE
2026-09-28T22:31:07.070+00:00,456.807,manual,Manual cook,temp,2100,451.0,,esp32,,0,,,,,,,,,,,,1,450.0,8.0,8.0,0,NONE
2026-09-28T22:31:07.570+00:00,457.307,manual,Manual cook,temp,2100,450.5,,esp32,,0,,,,,,,,,,,,1,450.0,8.0,8.0,0,NONE
2026-09-28T22:31:08.071+00:00,457.807,manual,Manual cook,temp,2100,450.5,,esp32,,0,,,,,,,,,,,,1,450.0,16.0,16.0,0,NONE
2026-09-28T22:31:09.070+00:00,458.807,manual,Manual cook,temp,2100,451.0,,esp32,,0,,,,,,,,,,,,1,450.0,0.0,0.0,0,NONE
2026-09-28T22:31:09.571+00:00,459.307,manual,Manual cook,temp,2100,451.4,,esp32,,0,,,,,,,,,,,,1,450.0,0.0,0.0,0,NONE
2026-09-28T22:31:10.571+00:00,460.307,manual,Manual cook,temp,2100,451.0,,esp32,,0,,,,,,,,,,,,1,450.0,15.0,15.0,0,NONE
2026-09-28T22:31:11.571+00:00,461.308,manual,Manual cook,temp,2100,450.5,,esp32,,0,,,,,,,,,,,,1,450.0,16.0,16.0,0,NONE
2026-09-28T22:31:12.570+00:00,462.307,manual,Manual cook,temp,2100,451.0,,esp32,,0,,,,,,,,,,,,1,450.0,1.0,1.0,0,NONE
2026-09-28T22:31:13.070+00:00,462.807,manual,Manual cook,temp,2100,451.4,,esp32,,0,,,,,,,,,,,,1,450.0,0.0,0.0,0,NONE
2026-09-28T22:31:13.570+00:00,463.307,manual,Manual cook,temp,2100,451.0,,esp32,,0,,,,,,,,,,,,1,450.0,12.0,15.0,0,NONE
2026-09-28T22:31:14.570+00:00,464.307,manual,Manual cook,temp,2100,450.5,,esp32,,0,,,,,,,,,,,,1,450.0,9.0,9.0,0,NONE
2026-09-28T22:31:15.570+00:00,465.307,manual,Manual cook,temp,2100,450.5,,esp32,,0,,,,,,,,,,,,1,450.0,8.0,8.0,0,NONE
2026-09-28T22:31:16.070+00:00,465.807,manual,Manual cook,temp,2100,450.5,,esp32,,0,,,,,,,,,,,,1,450.0,16.0,16.0,0,NONE
2026-09-28T22:31:17.071+00:00,466.808,manual,Manual cook,temp,2100,450.5,,esp32,,0,,,,,,,,,,,,1,450.0,16.0,16.0,0,NONE
2026-09-28T22:31:18.070+00:00,467.807,manual,Manual cook,temp,2100,450.0,,esp32,,0,,,,,,,,,,,,1,450.0,1.0,1.0,0,NONE
2026-09-28T22:31:18.570+00:00,468.307,manual,Manual cook,temp,2100,450.0,,esp32,,0,,,,,,,,,,,,1,450.0,24.0,24.0,0,NONE
2026-09-28T22:31:19.570+00:00,469.307,manual,Manual cook,temp,2100,451.4,,esp32,,0,,,,,,,,,,,,1,450.0,0.0,0.0,0,NONE
2026-09-28T22:31:20.070+00:00,469.807,manual,Manual cook,temp,2100,450.5,,esp32,,0,,,,,,,,,,,,1,450.0,12.0,23.0,0,NONE
2026-09-28T22:31:20.570+00:00,470.307,manual,Manual cook,temp,2100,450.0,,esp32,,0,,,,,,,,,,,,1,450.0,17.0,17.0,0,NONE
2026-09-28T22:31:21.570+00:00,471.307,manual,Manual cook,temp,2100,450.5,,esp32,,0,,,,,,,,,,,,1,450.0,12.0,16.0,0,NONE
2026-09-28T22:31:22.570+00:00,472.307,manual,Manual cook,temp,2100,450.0,,esp32,,0,,,,,,,,,,,,1,450.0,17.0,17.0,0,NONE
2026-09-28T22:31:23.070+00:00,472.807,manual,Manual cook,temp,2100,450.0,,esp32,,0,,,,,,,,,,,,1,450.0,10.0,10.0,0,NONE
2026-09-28T22:31:24.070+00:00,473.807,manual,Manual cook,temp,2100,449.6,,esp32,,0,,,,,,,,,,,,1,450.0,18.0,18.0,0,NONE
2026-09-28T22:31:25.070+00:00,474.807,manual,Manual cook,temp,2100,450.0,,esp32,,0,,,,,,,,,,,,1,450.0,10.0,10.0,0,NONE
2026-09-28T22:31:25.570+00:00,475.307,manual,Manual cook,temp,2100,450.0,,esp32,,0,,,,,,,,,,,,1,450.0,10.0,10.0,0,NONE
2026-09-28T22:31:26.570+00:00,476.307,manual,Manual cook,temp,2100,449.6,,esp32,,0,,,,,,,,,,,,1,450.0,18.0,18.0,0,NONE
2026-09-28T22:31:27.571+00:00,477.308,manual,Manual cook,temp,2100,450.0,,esp32,,0,,,,,,,,,,,,1,450.0,12.0,17.0,0,NONE
2026-09-28T22:31:28.570+00:00,478.307,manual,Manual cook,temp,2100,450.5,,esp32,,0,,,,,,,,,,,,1,450.0,10.0,10.0,0,NONE
2026-09-28T22:31:29.570+00:00,479.306,manual,Manual cook,temp,2100,451.0,,esp32,,0,,,,,,,,,,,,1,450.0,1.0,1.0,0,NONE
2026-09-28T22:31:30.570+00:00,480.307,manual,Manual cook,temp,2100,450.5,,esp32,,0,,,,,,,,,,,,1,450.0,16.0,16.0,0,NONE
2026-09-28T22:31:31.570+00:00,481.306,manual,Manual cook,temp,2100,451.4,,esp32,,0,,,,,,,,,,,,1,450.0,7.0,7.0,0,NONE
2026-09-28T22:31:32.070+00:00,481.807,manual,Manual cook,temp,2100,451.0,,esp32,,0,,,,,,,,,,,,1,450.0,15.0,15.0,0,NONE
2026-09-28T22:31:32.570+00:00,482.307,manual,Manual cook,temp,2100,450.5,,esp32,,0,,,,,,,,,,,,1,450.0,16.0,16.0,0,NONE
2026-09-28T22:31:33.071+00:00,482.807,manual,Manual cook,temp,2100,451.0,,esp32,,0,,,,,,,,,,,,1,450.0,1.0,1.0,0,NONE
2026-09-28T22:31:34.070+00:00,483.806,manual,Manual cook,temp,2100,451.4,,esp32,,0,,,,,,,,,,,,1,450.0,0.0,0.0,0,NONE
2026-09-28T22:31:34.570+00:00,484.307,manual,Manual cook,temp,2100,450.5,,esp32,,0,,,,,,,,,,,,1,450.0,12.0,23.0,0,NONE
2026-09-28T22:31:35.570+00:00,485.306,manual,Manual cook,temp,2100,451.0,,esp32,,0,,,,,,,,,,,,1,450.0,1.0,1.0,0,NONE
2026-09-28T22:31:36.570+00:00,486.307,manual,Manual cook,temp,2100,450.5,,esp32,,0,,,,,,,,,,,,1,450.0,12.0,31.0,0,NONE
2026-09-28T22:31:37.570+00:00,487.306,manual,Manual cook,temp,2100,450.5,,esp32,,0,,,,,,,,,,,,1,450.0,9.0,9.0,0,NONE
2026-09-28T22:31:38.571+00:00,488.307,manual,Manual cook,temp,2100,450.0,,esp32,,0,,,,,,,,,,,,1,450.0,17.0,17.0,0,NONE
2026-09-28T22:31:39.570+00:00,489.306,manual,Manual cook,temp,2100,450.5,,esp32,,0,,,,,,,,,,,,1,450.0,9.0,9.0,0,NONE
2026-09-28T22:31:40.070+00:00,489.806,manual,Manual cook,temp,2100,449.6,,esp32,,0,,,,,,,,,,,,1,450.0,9.0,9.0,0,NONE
2026-09-28T22:31:40.570+00:00,490.307,manual,Manual cook,temp,2100,450.0,,esp32,,0,,,,,,,,,,,,1,450.0,25.0,25.0,0,NONE
2026-09-28T22:31:41.570+00:00,491.306,manual,Manual cook,temp,2100,450.0,,esp32,,0,,,,,,,,,,,,1,450.0,10.0,10.0,0,NONE
2026-09-28T22:31:42.570+00:00,492.306,manual,Manual cook,temp,2100,450.0,,esp32,,0,,,,,,,,,,,,1,450.0,17.0,17.0,0,NONE
2026-09-28T22:31:43.570+00:00,493.306,manual,Manual cook,temp,2100,450.0,,esp32,,0,,,,,,,,,,,,1,450.0,17.0,17.0,0,NONE
2026-09-28T22:31:44.071+00:00,493.807,manual,Manual cook,temp,2100,450.5,,esp32,,0,,,,,,,,,,,,1,450.0,18.0,18.0,0,NONE
2026-09-28T22:31:45.070+00:00,494.806,manual,Manual cook,temp,2100,449.6,,esp32,,0,,,,,,,,,,,,1,450.0,12.0,17.0,0,NONE
2026-09-28T22:31:46.070+00:00,495.806,manual,Manual cook,temp,2100,449.6,,esp32,,0,,,,,,,,,,,,1,450.0,11.0,11.0,0,NONE
2026-09-28T22:31:47.070+00:00,496.806,manual,Manual cook,temp,2100,450.0,,esp32,,0,,,,,,,,,,,,1,450.0,0.0,0.0,0,NONE
2026-09-28T22:31:47.570+00:00,497.306,manual,Manual cook,temp,2100,450.0,,esp32,,0,,,,,,,,,,,,1,450.0,10.0,10.0,0,NONE
2026-09-28T22:31:48.070+00:00,497.806,manual,Manual cook,temp,2100,449.6,,esp32,,0,,,,,,,,,,,,1,450.0,10.0,10.0,0,NONE
2026-09-28T22:31:49.070+00:00,498.806,manual,Manual cook,temp,2100,449.6,,esp32,,0,,,,,,,,,,,,1,450.0,11.0,11.0,0,NONE
2026-09-28T22:31:49.570+00:00,499.306,manual,Manual cook,temp,2100,449.6,,esp32,,0,,,,,,,,,,,,1,450.0,2.0,2.0,0,NONE
2026-09-28T22:31:50.070+00:00,499.806,manual,Manual cook,temp,2100,450.0,,esp32,,0,,,,,,,,,,,,1,450.0,18.0,18.0,0,NONE
2026-09-28T22:31:51.070+00:00,500.806,manual,Manual cook,temp,2100,450.5,,esp32,,0,,,,,,,,,,,,1,450.0,10.0,10.0,0,NONE
2026-09-28T22:31:52.070+00:00,501.806,manual,Manual cook,temp,2100,450.0,,esp32,,0,,,,,,,,,,,,1,450.0,33.0,33.0,0,NONE
2026-09-28T22:31:53.070+00:00,502.806,manual,Manual cook,temp,2100,450.5,,esp32,,0,,,,,,,,,,,,1,450.0,10.0,10.0,0,NONE
2026-09-28T22:31:54.070+00:00,503.806,manual,Manual cook,temp,2100,449.6,,esp32,,0,,,,,,,,,,,,1,450.0,25.0,25.0,0,NONE
2026-09-28T22:31:54.570+00:00,504.307,manual,Manual cook,temp,2100,450.0,,esp32,,0,,,,,,,,,,,,1,450.0,2.0,2.0,0,NONE
2026-09-28T22:31:55.570+00:00,505.306,manual,Manual cook,temp,2100,450.0,,esp32,,0,,,,,,,,,,,,1,450.0,18.0,18.0,0,NONE
2026-09-28T22:31:56.570+00:00,506.306,manual,Manual cook,temp,2100,449.6,,esp32,,0,,,,,,,,,,,,1,450.0,18.0,18.0,0,NONE
2026-09-28T22:31:57.570+00:00,507.306,manual,Manual cook,temp,2100,449.1,,esp32,,0,,,,,,,,,,,,1,450.0,11.0,11.0,0,NONE
2026-09-28T22:31:58.570+00:00,508.306,manual,Manual cook,temp,2100,449.1,,esp32,,0,,,,,,,,,,,,1,450.0,11.0,11.0,0,NONE
2026-09-28T22:31:59.570+00:00,509.306,manual,Manual cook,temp,2100,450.0,,esp32,,0,,,,,,,,,,,,1,450.0,2.0,2.0,0,NONE
2026-09-28T22:32:00.071+00:00,509.807,manual,Manual cook,temp,2100,449.6,,esp32,,0,,,,,,,,,,,,1,450.0,18.0,18.0,0,NONE
2026-09-28T22:32:01.070+00:00,510.806,manual,Manual cook,temp,2100,449.1,,esp32,,0,,,,,,,,,,,,1,450.0,19.0,19.0,0,NONE
2026-09-28T22:32:02.070+00:00,511.806,manual,Manual cook,temp,2100,449.6,,esp32,,0,,,,,,,,,,,,1,450.0,3.0,3.0,0,NONE
2026-09-28T22:32:02.570+00:00,512.306,manual,Manual cook,temp,2100,449.1,,esp32,,0,,,,,,,,,,,,1,450.0,19.0,19.0,0,NONE
2026-09-28T22:32:03.569+00:00,513.306,manual,Manual cook,temp,2100,450.0,,esp32,,0,,,,,,,,,,,,1,450.0,3.0,3.0,0,NONE
2026-09-28T22:32:04.070+00:00,513.806,manual,Manual cook,temp,2100,450.0,,esp32,,0,,,,,,,,,,,,1,450.0,18.0,18.0,0,NONE
2026-09-28T22:32:05.069+00:00,514.806,manual,Manual cook,temp,2100,450.5,,esp32,,0,,,,,,,,,,,,1,450.0,2.0,2.0,0,NONE
2026-09-28T22:32:05.570+00:00,515.307,manual,Manual cook,temp,2100,450.5,,esp32,,0,,,,,,,,,,,,1,450.0,17.0,17.0,0,NONE
2026-09-28T22:32:06.569+00:00,516.306,manual,Manual cook,temp,2100,450.5,,esp32,,0,,,,,,,,,,,,1,450.0,9.0,9.0,0,NONE
2026-09-28T22:32:07.070+00:00,516.806,manual,Manual cook,temp,2100,451.0,,esp32,,0,,,,,,,,,,,,1,450.0,1.0,1.0,0,NONE
2026-09-28T22:32:08.069+00:00,517.806,manual,Manual cook,temp,2100,451.0,,esp32,,0,,,,,,,,,,,,1,450.0,8.0,8.0,0,NONE
2026-09-28T22:32:08.570+00:00,518.306,manual,Manual cook,temp,2100,451.0,,esp32,,0,,,,,,,,,,,,1,450.0,24.0,24.0,0,NONE
2026-09-28T22:32:09.569+00:00,519.306,manual,Manual cook,temp,2100,451.0,,esp32,,0,,,,,,,,,,,,1,450.0,8.0,8.0,0,NONE
2026-09-28T22:32:10.069+00:00,519.806,manual,Manual cook,temp,2100,451.0,,esp32,,0,,,,,,,,,,,,1,450.0,8.0,8.0,0,NONE
2026-09-28T22:32:11.071+00:00,520.807,manual,Manual cook,temp,2100,451.4,,esp32,,0,,,,,,,,,,,,1,450.0,16.0,16.0,0,NONE
2026-09-28T22:32:12.070+00:00,521.806,manual,Manual cook,temp,2100,451.4,,esp32,,0,,,,,,,,,,,,1,450.0,12.0,23.0,0,NONE
2026-09-28T22:32:13.070+00:00,522.806,manual,Manual cook,temp,2100,451.9,,esp32,,0,,,,,,,,,,,,1,450.0,12.0,23.0,0,NONE
2026-09-28T22:32:14.070+00:00,523.806,manual,Manual cook,temp,2100,451.4,,esp32,,0,,,,,,,,,,,,1,450.0,12.0,14.0,0,NONE
2026-09-28T22:32:14.570+00:00,524.306,manual,Manual cook,temp,2100,451.4,,esp32,,0,,,,,,,,,,,,1,450.0,15.0,15.0,0,NONE
2026-09-28T22:32:15.569+00:00,525.306,manual,Manual cook,temp,2100,451.4,,esp32,,0,,,,,,,,,,,,1,450.0,7.0,7.0,0,NONE
2026-09-28T22:32:16.069+00:00,525.806,manual,Manual cook,temp,2100,451.0,,esp32,,0,,,,,,,,,,,,1,450.0,15.0,15.0,0,NONE
2026-09-28T22:32:16.569+00:00,526.306,manual,Manual cook,temp,2100,451.4,,esp32,,0,,,,,,,,,,,,1,450.0,0.0,0.0,0,NONE
2026-09-28T22:32:17.569+00:00,527.306,manual,Manual cook,temp,2100,451.4,,esp32,,0,,,,,,,,,,,,1,450.0,7.0,7.0,0,NONE
2026-09-28T22:32:18.070+00:00,527.806,manual,Manual cook,temp,2100,451.0,,esp32,,0,,,,,,,,,,,,1,450.0,15.0,15.0,0,NONE
2026-09-28T22:32:19.069+00:00,528.806,manual,Manual cook,temp,2100,451.4,,esp32,,0,,,,,,,,,,,,1,450.0,0.0,0.0,0,NONE
2026-09-28T22:32:19.570+00:00,529.306,manual,Manual cook,temp,2100,451.9,,esp32,,0,,,,,,,,,,,,1,450.0,12.0,15.0,0,NONE
2026-09-28T22:32:20.569+00:00,530.306,manual,Manual cook,temp,2100,451.4,,esp32,,0,,,,,,,,,,,,1,450.0,12.0,14.0,0,NONE
2026-09-28T22:32:21.569+00:00,531.306,manual,Manual cook,temp,2100,450.5,,esp32,,0,,,,,,,,,,,,1,450.0,16.0,16.0,0,NONE
2026-09-28T22:32:22.070+00:00,531.807,manual,Manual cook,temp,2100,451.0,,esp32,,0,,,,,,,,,,,,1,450.0,1.0,1.0,0,NONE
2026-09-28T22:32:23.069+00:00,532.806,manual,Manual cook,temp,2100,451.4,,esp32,,0,,,,,,,,,,,,1,450.0,0.0,0.0,0,NONE
2026-09-28T22:32:23.569+00:00,533.306,manual,Manual cook,temp,2100,451.0,,esp32,,0,,,,,,,,,,,,1,450.0,7.0,7.0,0,NONE
2026-09-28T22:32:24.069+00:00,533.806,manual,Manual cook,temp,2100,451.0,,esp32,,0,,,,,,,,,,,,1,450.0,15.0,15.0,0,NONE
2026-09-28T22:32:24.569+00:00,534.306,manual,Manual cook,temp,2100,450.5,,esp32,,0,,,,,,,,,,,,1,450.0,16.0,16.0,0,NONE
2026-09-28T22:32:25.569+00:00,535.306,manual,Manual cook,temp,2100,450.5,,esp32,,0,,,,,,,,,,,,1,450.0,12.0,16.0,0,NONE
2026-09-28T22:32:26.569+00:00,536.306,manual,Manual cook,temp,2100,451.4,,esp32,,0,,,,,,,,,,,,1,450.0,0.0,0.0,0,NONE
2026-09-28T22:32:27.069+00:00,536.806,manual,Manual cook,temp,2100,451.0,,esp32,,0,,,,,,,,,,,,1,450.0,7.0,7.0,0,NONE
2026-09-28T22:32:27.569+00:00,537.306,manual,Manual cook,temp,2100,451.0,,esp32,,0,,,,,,,,,,,,1,450.0,15.0,15.0,0,NONE
2026-09-28T22:32:28.569+00:00,538.306,manual,Manual cook,temp,2100,451.4,,esp32,,0,,,,,,,,,,,,1,450.0,7.0,7.0,0,NONE
2026-09-28T22:32:29.069+00:00,538.806,manual,Manual cook,temp,2100,450.5,,esp32,,0,,,,,,,,,,,,1,450.0,23.0,23.0,0,NONE
2026-09-28T22:32:30.069+00:00,539.805,manual,Manual cook,temp,2100,451.0,,esp32,,0,,,,,,,,,,,,1,450.0,0.0,0.0,0,NONE
2026-09-28T22:32:30.569+00:00,540.306,manual,Manual cook,temp,2100,451.0,,esp32,,0,,,,,,,,,,,,1,450.0,12.0,24.0,0,NONE
2026-09-28T22:32:31.569+00:00,541.306,manual,Manual cook,temp,2100,451.4,,esp32,,0,,,,,,,,,,,,1,450.0,8.0,8.0,0,NONE
2026-09-28T22:32:32.569+00:00,542.306,manual,Manual cook,temp,2100,451.0,,esp32,,0,,,,,,,,,,,,1,450.0,12.0,15.0,0,NONE
2026-09-28T22:32:33.070+00:00,542.807,manual,Manual cook,temp,2100,450.0,,esp32,,0,,,,,,,,,,,,1,450.0,24.0,24.0,0,NONE
2026-09-28T22:32:34.069+00:00,543.806,manual,Manual cook,temp,2100,450.5,,esp32,,0,,,,,,,,,,,,1,450.0,12.0,16.0,0,NONE
2026-09-28T22:32:35.069+00:00,544.805,manual,Manual cook,temp,2100,450.5,,esp32,,0,,,,,,,,,,,,1,450.0,8.0,8.0,0,NONE
2026-09-28T22:32:35.570+00:00,545.307,manual,Manual cook,temp,2100,450.5,,esp32,,0,,,,,,,,,,,,1,450.0,33.0,33.0,0,NONE
2026-09-28T22:32:36.569+00:00,546.306,manual,Manual cook,temp,2100,450.0,,esp32,,0,,,,,,,,,,,,1,450.0,12.0,17.0,0,NONE
2026-09-28T22:32:37.569+00:00,547.305,manual,Manual cook,temp,2100,450.5,,esp32,,0,,,,,,,,,,,,1,450.0,8.0,8.0,0,NONE
2026-09-28T22:32:38.569+00:00,548.306,manual,Manual cook,temp,2100,449.6,,esp32,,0,,,,,,,,,,,,1,450.0,25.0,25.0,0,NONE
2026-09-28T22:32:39.569+00:00,549.306,manual,Manual cook,temp,2100,450.0,,esp32,,0,,,,,,,,,,,,1,450.0,2.0,2.0,0,NONE
2026-09-28T22:32:40.569+00:00,550.305,manual,Manual cook,temp,2100,448.7,,esp32,,0,,,,,,,,,,,,1,450.0,8.0,8.0,0,NONE
2026-09-28T22:32:41.069+00:00,550.806,manual,Manual cook,temp,2100,448.7,,esp32,,0,,,,,,,,,,,,1,450.0,41.0,41.0,0,NONE
2026-09-28T22:32:42.069+00:00,551.806,manual,Manual cook,temp,2100,450.0,,esp32,,0,,,,,,,,,,,,1,450.0,12.0,17.0,0,NONE
2026-09-28T22:32:43.569+00:00,553.306,manual,Manual cook,temp,2100,450.0,,esp32,,0,,,,,,,,,,,,1,450.0,9.0,9.0,0,NONE
2026-09-28T22:32:44.569+00:00,554.305,manual,Manual cook,temp,2100,449.6,,esp32,,0,,,,,,,,,,,,1,450.0,10.0,10.0,0,NONE
2026-09-28T22:32:45.069+00:00,554.806,manual,Manual cook,temp,2100,450.5,,esp32,,0,,,,,,,,,,,,1,450.0,10.0,10.0,0,NONE
2026-09-28T22:32:46.069+00:00,555.806,manual,Manual cook,temp,2100,450.0,,esp32,,0,,,,,,,,,,,,1,450.0,12.0,17.0,0,NONE
2026-09-28T22:32:47.069+00:00,556.805,manual,Manual cook,temp,2100,450.0,,esp32,,0,,,,,,,,,,,,1,450.0,17.0,17.0,0,NONE
2026-09-28T22:32:48.069+00:00,557.805,manual,Manual cook,temp,2100,450.0,,esp32,,0,,,,,,,,,,,,1,450.0,17.0,17.0,0,NONE
2026-09-28T22:32:48.569+00:00,558.306,manual,Manual cook,temp,2100,449.1,,esp32,,0,,,,,,,,,,,,1,450.0,17.0,17.0,0,NONE
2026-09-28T22:32:49.070+00:00,558.806,manual,Manual cook,temp,2100,449.1,,esp32,,0,,,,,,,,,,,,1,450.0,18.0,18.0,0,NONE
2026-09-28T22:32:50.069+00:00,559.805,manual,Manual cook,temp,2100,449.6,,esp32,,0,,,,,,,,,,,,1,450.0,9.0,9.0,0,NONE
2026-09-28T22:32:50.569+00:00,560.305,manual,Manual cook,temp,2100,449.6,,esp32,,0,,,,,,,,,,,,1,450.0,17.0,17.0,0,NONE
2026-09-28T22:32:51.069+00:00,560.806,manual,Manual cook,temp,2100,449.6,,esp32,,0,,,,,,,,,,,,1,450.0,10.0,10.0,0,NONE
2026-09-28T22:32:52.069+00:00,561.805,manual,Manual cook,temp,2100,449.6,,esp32,,0,,,,,,,,,,,,1,450.0,10.0,10.0,0,NONE
2026-09-28T22:32:53.069+00:00,562.805,manual,Manual cook,temp,2100,450.0,,esp32,,0,,,,,,,,,,,,1,450.0,17.0,17.0,0,NONE
2026-09-28T22:32:54.069+00:00,563.805,manual,Manual cook,temp,2100,449.6,,esp32,,0,,,,,,,,,,,,1,450.0,17.0,17.0,0,NONE
2026-09-28T22:32:54.570+00:00,564.306,manual,Manual cook,temp,2100,449.6,,esp32,,0,,,,,,,,,,,,1,450.0,10.0,10.0,0,NONE
2026-09-28T22:32:55.569+00:00,565.305,manual,Manual cook,temp,2100,450.5,,esp32,,0,,,,,,,,,,,,1,450.0,0.0,0.0,0,NONE
2026-09-28T22:32:56.069+00:00,565.805,manual,Manual cook,temp,2100,451.0,,esp32,,0,,,,,,,,,,,,1,450.0,12.0,25.0,0,NONE
2026-09-28T22:32:57.069+00:00,566.805,manual,Manual cook,temp,2100,450.0,,esp32,,0,,,,,,,,,,,,1,450.0,12.0,24.0,0,NONE
2026-09-28T22:32:57.569+00:00,567.305,manual,Manual cook,temp,2100,450.5,,esp32,,0,,,,,,,,,,,,1,450.0,1.0,1.0,0,NONE
2026-09-28T22:32:58.569+00:00,568.305,manual,Manual cook,temp,2100,450.0,,esp32,,0,,,,,,,,,,,,1,450.0,8.0,8.0,0,NONE
2026-09-28T22:32:59.569+00:00,569.305,manual,Manual cook,temp,2100,450.5,,esp32,,0,,,,,,,,,,,,1,450.0,1.0,1.0,0,NONE
2026-09-28T22:33:00.070+00:00,569.806,manual,Manual cook,temp,2100,449.6,,esp32,,0,,,,,,,,,,,,1,450.0,25.0,25.0,0,NONE
2026-09-28T22:33:01.069+00:00,570.805,manual,Manual cook,temp,2100,449.6,,esp32,,0,,,,,,,,,,,,1,450.0,17.0,17.0,0,NONE
2026-09-28T22:33:02.069+00:00,571.805,manual,Manual cook,temp,2100,449.6,,esp32,,0,,,,,,,,,,,,1,450.0,17.0,17.0,0,NONE
2026-09-28T22:33:03.069+00:00,572.805,manual,Manual cook,temp,2100,450.0,,esp32,,0,,,,,,,,,,,,1,450.0,12.0,17.0,0,NONE
2026-09-28T22:33:03.569+00:00,573.305,manual,Manual cook,temp,2100,449.6,,esp32,,0,,,,,,,,,,,,1,450.0,18.0,18.0,0,NONE
2026-09-28T22:33:04.569+00:00,574.305,manual,Manual cook,temp,2100,449.6,,esp32,,0,,,,,,,,,,,,1,450.0,12.0,25.0,0,NONE
2026-09-28T22:33:05.069+00:00,574.805,manual,Manual cook,temp,2100,450.0,,esp32,,0,,,,,,,,,,,,1,450.0,18.0,18.0,0,NONE
2026-09-28T22:33:05.569+00:00,575.306,manual,Manual cook,temp,2100,449.1,,esp32,,0,,,,,,,,,,,,1,450.0,0.0,0.0,0,NONE
2026-09-28T22:33:06.569+00:00,576.305,manual,Manual cook,temp,2100,450.0,,esp32,,0,,,,,,,,,,,,1,450.0,0.0,0.0,0,NONE
2026-09-28T22:33:07.569+00:00,577.305,manual,Manual cook,temp,2100,449.1,,esp32,,0,,,,,,,,,,,,1,450.0,26.0,26.0,0,NONE
2026-09-28T22:33:08.569+00:00,578.305,manual,Manual cook,temp,2100,449.1,,esp32,,0,,,,,,,,,,,,1,450.0,3.0,3.0,0,NONE
2026-09-28T22:33:09.069+00:00,578.805,manual,Manual cook,temp,2100,449.1,,esp32,,0,,,,,,,,,,,,1,450.0,18.0,18.0,0,NONE
2026-09-28T22:33:09.569+00:00,579.305,manual,Manual cook,temp,2100,448.7,,esp32,,0,,,,,,,,,,,,1,450.0,11.0,11.0,0,NONE
2026-09-28T22:33:10.569+00:00,580.305,manual,Manual cook,temp,2100,449.1,,esp32,,0,,,,,,,,,,,,1,450.0,4.0,4.0,0,NONE
2026-09-28T22:33:11.069+00:00,580.806,manual,Manual cook,temp,2100,449.6,,esp32,,0,,,,,,,,,,,,1,450.0,3.0,3.0,0,NONE
2026-09-28T22:33:12.069+00:00,581.805,manual,Manual cook,temp,2100,450.0,,esp32,,0,,,,,,,,,,,,1,450.0,2.0,2.0,0,NONE
2026-09-28T22:33:13.069+00:00,582.805,manual,Manual cook,temp,2100,449.6,,esp32,,0,,,,,,,,,,,,1,450.0,18.0,18.0,0,NONE
2026-09-28T22:33:14.069+00:00,583.805,manual,Manual cook,temp,2100,450.0,,esp32,,0,,,,,,,,,,,,1,450.0,12.0,17.0,0,NONE
2026-09-28T22:33:14.569+00:00,584.305,manual,Manual cook,temp,2100,449.1,,esp32,,0,,,,,,,,,,,,1,450.0,26.0,26.0,0,NONE
2026-09-28T22:33:15.569+00:00,585.305,manual,Manual cook,temp,2100,450.5,,esp32,,0,,,,,,,,,,,,1,450.0,12.0,16.0,0,NONE
2026-09-28T22:33:16.569+00:00,586.306,manual,Manual cook,temp,2100,450.0,,esp32,,0,,,,,,,,,,,,1,450.0,17.0,17.0,0,NONE
2026-09-28T22:33:17.569+00:00,587.305,manual,Manual cook,temp,2100,449.6,,esp32,,0,,,,,,,,,,,,1,450.0,10.0,10.0,0,NONE
2026-09-28T22:33:18.568+00:00,588.305,manual,Manual cook,temp,2100,450.5,,esp32,,0,,,,,,,,,,,,1,450.0,0.0,0.0,0,NONE
2026-09-28T22:33:19.069+00:00,588.805,manual,Manual cook,temp,2100,450.5,,esp32,,0,,,,,,,,,,,,1,450.0,12.0,17.0,0,NONE
2026-09-28T22:33:20.068+00:00,589.805,manual,Manual cook,temp,2100,451.0,,esp32,,0,,,,,,,,,,,,1,450.0,0.0,0.0,0,NONE
2026-09-28T22:33:21.069+00:00,590.805,manual,Manual cook,temp,2100,451.0,,esp32,,0,,,,,,,,,,,,1,450.0,12.0,15.0,0,NONE
2026-09-28T22:33:22.068+00:00,591.805,manual,Manual cook,temp,2100,451.0,,esp32,,0,,,,,,,,,,,,1,450.0,8.0,8.0,0,NONE
2026-09-28T22:33:22.569+00:00,592.305,manual,Manual cook,temp,2100,450.5,,esp32,,0,,,,,,,,,,,,1,450.0,16.0,16.0,0,NONE
2026-09-28T22:33:23.568+00:00,593.305,manual,Manual cook,temp,2100,450.5,,esp32,,0,,,,,,,,,,,,1,450.0,9.0,9.0,0,NONE
2026-09-28T22:33:24.068+00:00,593.805,manual,Manual cook,temp,2100,451.0,,esp32,,0,,,,,,,,,,,,1,450.0,0.0,0.0,0,NONE
2026-09-28T22:33:25.068+00:00,594.805,manual,Manual cook,temp,2100,451.0,,esp32,,0,,,,,,,,,,,,1,450.0,8.0,8.0,0,NONE
2026-09-28T22:33:26.069+00:00,595.805,manual,Manual cook,temp,2100,450.5,,esp32,,0,,,,,,,,,,,,1,450.0,24.0,24.0,0,NONE
2026-09-28T22:33:27.070+00:00,596.807,manual,Manual cook,temp,2100,451.4,,esp32,,0,,,,,,,,,,,,1,450.0,0.0,0.0,0,NONE
2026-09-28T22:33:28.068+00:00,597.805,manual,Manual cook,temp,2100,451.4,,esp32,,0,,,,,,,,,,,,1,450.0,7.0,7.0,0,NONE
2026-09-28T22:33:29.069+00:00,598.805,manual,Manual cook,temp,2100,450.5,,esp32,,0,,,,,,,,,,,,1,450.0,23.0,23.0,0,NONE
2026-09-28T22:33:30.068+00:00,599.805,manual,Manual cook,temp,2100,450.5,,esp32,,0,,,,,,,,,,,,1,450.0,8.0,8.0,0,NONE
2026-09-28T22:33:31.068+00:00,600.805,manual,Manual cook,temp,2100,449.6,,esp32,,0,,,,,,,,,,,,1,450.0,12.0,32.0,0,NONE
2026-09-28T22:33:32.068+00:00,601.805,manual,Manual cook,temp,2100,451.4,,esp32,,0,,,,,,,,,,,,1,450.0,0.0,0.0,0,NONE
2026-09-28T22:33:32.569+00:00,602.305,manual,Manual cook,temp,2100,450.5,,esp32,,0,,,,,,,,,,,,1,450.0,12.0,23.0,0,NONE
2026-09-28T22:33:33.568+00:00,603.305,manual,Manual cook,temp,2100,451.4,,esp32,,0,,,,,,,,,,,,1,450.0,0.0,0.0,0,NONE
2026-09-28T22:33:34.068+00:00,603.805,manual,Manual cook,temp,2100,450.5,,esp32,,0,,,,,,,,,,,,1,450.0,12.0,23.0,0,NONE
2026-09-28T22:33:35.068+00:00,604.805,manual,Manual cook,temp,2100,451.0,,esp32,,0,,,,,,,,,,,,1,450.0,0.0,0.0,0,NONE
2026-09-28T22:33:36.068+00:00,605.805,manual,Manual cook,temp,2100,451.0,,esp32,,0,,,,,,,,,,,,1,450.0,7.0,7.0,0,NONE
2026-09-28T22:33:36.568+00:00,606.305,manual,Manual cook,temp,2100,450.5,,esp32,,0,,,,,,,,,,,,1,450.0,7.0,7.0,0,NONE
2026-09-28T22:33:37.068+00:00,606.805,manual,Manual cook,temp,2100,450.5,,esp32,,0,,,,,,,,,,,,1,450.0,16.0,16.0,0,NONE
2026-09-28T22:33:37.569+00:00,607.305,manual,Manual cook,temp,2100,449.6,,esp32,,0,,,,,,,,,,,,1,450.0,25.0,25.0,0,NONE
2026-09-28T22:33:38.568+00:00,608.305,manual,Manual cook,temp,2100,451.0,,esp32,,0,,,,,,,,,,,,1,450.0,0.0,0.0,0,NONE
2026-09-28T22:33:39.068+00:00,608.805,manual,Manual cook,temp,2100,451.0,,esp32,,0,,,,,,,,,,,,1,450.0,12.0,24.0,0,NONE
2026-09-28T22:33:40.068+00:00,609.805,manual,Manual cook,temp,2100,450.5,,esp32,,0,,,,,,,,,,,,1,450.0,12.0,16.0,0,NONE
2026-09-28T22:33:41.068+00:00,610.805,manual,Manual cook,temp,2100,450.0,,esp32,,0,,,,,,,,,,,,1,450.0,12.0,32.0,0,NONE
2026-09-28T22:33:42.068+00:00,611.804,manual,Manual cook,temp,2100,450.0,,esp32,,0,,,,,,,,,,,,1,450.0,9.0,9.0,0,NONE
2026-09-28T22:33:42.569+00:00,612.305,manual,Manual cook,temp,2100,450.5,,esp32,,0,,,,,,,,,,,,1,450.0,9.0,9.0,0,NONE
2026-09-28T22:33:43.568+00:00,613.305,manual,Manual cook,temp,2100,449.6,,esp32,,0,,,,,,,,,,,,1,450.0,25.0,25.0,0,NONE
2026-09-28T22:33:44.568+00:00,614.305,manual,Manual cook,temp,2100,449.6,,esp32,,0,,,,,,,,,,,,1,450.0,12.0,25.0,0,NONE
2026-09-28T22:33:45.068+00:00,614.805,manual,Manual cook,temp,2100,450.5,,esp32,,0,,,,,,,,,,,,1,450.0,10.0,10.0,0,NONE
2026-09-28T22:33:46.068+00:00,615.804,manual,Manual cook,temp,2100,450.5,,esp32,,0,,,,,,,,,,,,1,450.0,8.0,8.0,0,NONE
2026-09-28T22:33:46.568+00:00,616.305,manual,Manual cook,temp,2100,450.0,,esp32,,0,,,,,,,,,,,,1,450.0,16.0,16.0,0,NONE
2026-09-28T22:33:47.568+00:00,617.304,manual,Manual cook,temp,2100,450.0,,esp32,,0,,,,,,,,,,,,1,450.0,0.0,0.0,0,NONE
2026-09-28T22:33:48.069+00:00,617.806,manual,Manual cook,temp,2100,449.6,,esp32,,0,,,,,,,,,,,,1,450.0,12.0,17.0,0,NONE
2026-09-28T22:33:49.068+00:00,618.805,manual,Manual cook,temp,2100,449.1,,esp32,,0,,,,,,,,,,,,1,450.0,2.0,2.0,0,NONE
2026-09-28T22:33:49.568+00:00,619.305,manual,Manual cook,temp,2100,449.1,,esp32,,0,,,,,,,,,,,,1,450.0,26.0,26.0,0,NONE
2026-09-28T22:33:50.568+00:00,620.305,manual,Manual cook,temp,2100,449.1,,esp32,,0,,,,,,,,,,,,1,450.0,10.0,10.0,0,NONE
2026-09-28T22:33:51.568+00:00,621.304,manual,Manual cook,temp,2100,449.6,,esp32,,0,,,,,,,,,,,,1,450.0,3.0,3.0,0,NONE
2026-09-28T22:33:52.068+00:00,621.805,manual,Manual cook,temp,2100,449.1,,esp32,,0,,,,,,,,,,,,1,450.0,18.0,18.0,0,NONE
2026-09-28T22:33:53.068+00:00,622.805,manual,Manual cook,temp,2100,449.6,,esp32,,0,,,,,,,,,,,,1,450.0,12.0,17.0,0,NONE
2026-09-28T22:33:53.569+00:00,623.305,manual,Manual cook,temp,2100,449.6,,esp32,,0,,,,,,,,,,,,1,450.0,10.0,10.0,0,NONE
2026-09-28T22:33:54.069+00:00,623.805,manual,Manual cook,temp,2100,449.6,,esp32,,0,,,,,,,,,,,,1,450.0,10.0,10.0,0,NONE
2026-09-28T22:33:55.068+00:00,624.804,manual,Manual cook,temp,2100,450.0,,esp32,,0,,,,,,,,,,,,1,450.0,0.0,0.0,0,NONE
2026-09-28T22:33:55.568+00:00,625.305,manual,Manual cook,temp,2100,449.1,,esp32,,0,,,,,,,,,,,,1,450.0,12.0,34.0,0,NONE
2026-09-28T22:33:56.568+00:00,626.304,manual,Manual cook,temp,2100,450.0,,esp32,,0,,,,,,,,,,,,1,450.0,0.0,0.0,0,NONE
2026-09-28T22:33:57.068+00:00,626.805,manual,Manual cook,temp,2100,449.6,,esp32,,0,,,,,,,,,,,,1,450.0,12.0,17.0,0,NONE
2026-09-28T22:33:58.068+00:00,627.804,manual,Manual cook,temp,2100,450.0,,esp32,,0,,,,,,,,,,,,1,450.0,2.0,2.0,0,NONE
2026-09-28T22:33:58.568+00:00,628.304,manual,Manual cook,temp,2100,450.0,,esp32,,0,,,,,,,,,,,,1,450.0,9.0,9.0,0,NONE
2026-09-28T22:33:59.569+00:00,629.305,manual,Manual cook,temp,2100,450.0,,esp32,,0,,,,,,,,,,,,1,450.0,9.0,9.0,0,NONE
2026-09-28T22:34:00.568+00:00,630.304,manual,Manual cook,temp,2100,450.0,,esp32,,0,,,,,,,,,,,,1,450.0,9.0,9.0,0,NONE
2026-09-28T22:34:01.568+00:00,631.304,manual,Manual cook,temp,2100,450.0,,esp32,,0,,,,,,,,,,,,1,450.0,9.0,9.0,0,NONE
2026-09-28T22:34:02.068+00:00,631.804,manual,Manual cook,temp,2100,450.5,,esp32,,0,,,,,,,,,,,,1,450.0,1.0,1.0,0,NONE
2026-09-28T22:34:03.068+00:00,632.804,manual,Manual cook,temp,2100,450.5,,esp32,,0,,,,,,,,,,,,1,450.0,8.0,8.0,0,NONE
2026-09-28T22:34:04.068+00:00,633.804,manual,Manual cook,temp,2100,450.5,,esp32,,0,,,,,,,,,,,,1,450.0,8.0,8.0,0,NONE
2026-09-28T22:34:04.568+00:00,634.304,manual,Manual cook,temp,2100,450.5,,esp32,,0,,,,,,,,,,,,1,450.0,8.0,8.0,0,NONE
2026-09-28T22:34:05.068+00:00,634.805,manual,Manual cook,temp,2100,450.5,,esp32,,0,,,,,,,,,,,,1,450.0,8.0,8.0,0,NONE
2026-09-28T22:34:06.068+00:00,635.804,manual,Manual cook,temp,2100,451.0,,esp32,,0,,,,,,,,,,,,1,450.0,0.0,0.0,0,NONE
2026-09-28T22:34:06.568+00:00,636.304,manual,Manual cook,temp,2100,450.5,,esp32,,0,,,,,,,,,,,,1,450.0,12.0,16.0,0,NONE
2026-09-28T22:34:07.568+00:00,637.304,manual,Manual cook,temp,2100,451.4,,esp32,,0,,,,,,,,,,,,1,450.0,0.0,0.0,0,NONE
2026-09-28T22:34:08.068+00:00,637.804,manual,Manual cook,temp,2100,451.9,,esp32,,0,,,,,,,,,,,,1,450.0,0.0,0.0,0,NONE
2026-09-28T22:34:09.068+00:00,638.804,manual,Manual cook,temp,2100,451.0,,esp32,,0,,,,,,,,,,,,1,450.0,14.0,14.0,0,NONE
2026-09-28T22:34:10.068+00:00,639.804,manual,Manual cook,temp,2100,451.4,,esp32,,0,,,,,,,,,,,,1,450.0,0.0,0.0,0,NONE
2026-09-28T22:34:10.568+00:00,640.304,manual,Manual cook,temp,2100,451.0,,esp32,,0,,,,,,,,,,,,1,450.0,12.0,15.0,0,NONE
2026-09-28T22:34:11.568+00:00,641.304,manual,Manual cook,temp,2100,451.4,,esp32,,0,,,,,,,,,,,,1,450.0,7.0,7.0,0,NONE
2026-09-28T22:34:12.068+00:00,641.804,manual,Manual cook,temp,2100,451.0,,esp32,,0,,,,,,,,,,,,1,450.0,7.0,7.0,0,NONE
2026-09-28T22:34:12.568+00:00,642.304,manual,Manual cook,temp,2100,450.5,,esp32,,0,,,,,,,,,,,,1,450.0,15.0,15.0,0,NONE
2026-09-28T22:34:13.568+00:00,643.304,manual,Manual cook,temp,2100,450.0,,esp32,,0,,,,,,,,,,,,1,450.0,16.0,16.0,0,NONE
2026-09-28T22:34:14.568+00:00,644.304,manual,Manual cook,temp,2100,451.4,,esp32,,0,,,,,,,,,,,,1,450.0,0.0,0.0,0,NONE
2026-09-28T22:34:15.568+00:00,645.304,manual,Manual cook,temp,2100,451.4,,esp32,,0,,,,,,,,,,,,1,450.0,6.0,6.0,0,NONE
2026-09-28T22:34:16.568+00:00,646.304,manual,Manual cook,temp,2100,450.5,,esp32,,0,,,,,,,,,,,,1,450.0,23.0,23.0,0,NONE
2026-09-28T22:34:17.568+00:00,647.304,manual,Manual cook,temp,2100,450.5,,esp32,,0,,,,,,,,,,,,1,450.0,12.0,31.0,0,NONE
2026-09-28T22:34:18.568+00:00,648.304,manual,Manual cook,temp,2100,450.0,,esp32,,0,,,,,,,,,,,,1,450.0,16.0,16.0,0,NONE
2026-09-28T22:34:19.568+00:00,649.304,manual,Manual cook,temp,2100,451.0,,esp32,,0,,,,,,,,,,,,1,450.0,12.0,15.0,0,NONE
2026-09-28T22:34:20.068+00:00,649.804,manual,Manual cook,temp,2100,450.5,,esp32,,0,,,,,,,,,,,,1,450.0,15.0,15.0,0,NONE
2026-09-28T22:34:21.068+00:00,650.805,manual,Manual cook,temp,2100,450.5,,esp32,,0,,,,,,,,,,,,1,450.0,7.0,7.0,0,NONE
2026-09-28T22:34:22.068+00:00,651.804,manual,Manual cook,temp,2100,450.5,,esp32,,0,,,,,,,,,,,,1,450.0,8.0,8.0,0,NONE
2026-09-28T22:34:22.568+00:00,652.304,manual,Manual cook,temp,2100,449.6,,esp32,,0,,,,,,,,,,,,1,450.0,24.0,24.0,0,NONE
2026-09-28T22:34:23.568+00:00,653.304,manual,Manual cook,temp,2100,450.5,,esp32,,0,,,,,,,,,,,,1,450.0,0.0,0.0,0,NONE
2026-09-28T22:34:24.568+00:00,654.304,manual,Manual cook,temp,2100,449.1,,esp32,,0,,,,,,,,,,,,1,450.0,16.0,16.0,0,NONE
2026-09-28T22:34:25.568+00:00,655.304,manual,Manual cook,temp,2100,450.5,,esp32,,0,,,,,,,,,,,,1,450.0,0.0,0.0,0,NONE
2026-09-28T22:34:26.068+00:00,655.804,manual,Manual cook,temp,2100,449.6,,esp32,,0,,,,,,,,,,,,1,450.0,8.0,8.0,0,NONE
2026-09-28T22:34:26.569+00:00,656.305,manual,Manual cook,temp,2100,449.6,,esp32,,0,,,,,,,,,,,,1,450.0,24.0,24.0,0,NONE
2026-09-28T22:34:27.568+00:00,657.304,manual,Manual cook,temp,2100,450.0,,esp32,,0,,,,,,,,,,,,1,450.0,9.0,9.0,0,NONE
2026-09-28T22:34:28.568+00:00,658.304,manual,Manual cook,temp,2100,449.6,,esp32,,0,,,,,,,,,,,,1,450.0,17.0,17.0,0,NONE
2026-09-28T22:34:29.068+00:00,658.804,manual,Manual cook,temp,2100,449.6,,esp32,,0,,,,,,,,,,,,1,450.0,10.0,10.0,0,NONE
2026-09-28T22:34:30.068+00:00,659.804,manual,Manual cook,temp,2100,450.0,,esp32,,0,,,,,,,,,,,,1,450.0,2.0,2.0,0,NONE
2026-09-28T22:34:30.568+00:00,660.304,manual,Manual cook,temp,2100,450.0,,esp32,,0,,,,,,,,,,,,1,450.0,9.0,9.0,0,NONE
2026-09-28T22:34:31.567+00:00,661.304,manual,Manual cook,temp,2100,450.5,,esp32,,0,,,,,,,,,,,,1,450.0,1.0,1.0,0,NONE
2026-09-28T22:34:32.568+00:00,662.304,manual,Manual cook,temp,2100,450.5,,esp32,,0,,,,,,,,,,,,1,450.0,8.0,8.0,0,NONE
2026-09-28T22:34:33.568+00:00,663.304,manual,Manual cook,temp,2100,450.0,,esp32,,0,,,,,,,,,,,,1,450.0,16.0,16.0,0,NONE
2026-09-28T22:34:34.068+00:00,663.804,manual,Manual cook,temp,2100,449.6,,esp32,,0,,,,,,,,,,,,1,450.0,17.0,17.0,0,NONE
2026-09-28T22:34:35.068+00:00,664.804,manual,Manual cook,temp,2100,451.4,,esp32,,0,,,,,,,,,,,,1,450.0,8.0,8.0,0,NONE
2026-09-28T22:34:36.068+00:00,665.804,manual,Manual cook,temp,2100,451.0,,esp32,,0,,,,,,,,,,,,1,450.0,12.0,15.0,0,NONE
2026-09-28T22:34:37.068+00:00,666.804,manual,Manual cook,temp,2100,450.5,,esp32,,0,,,,,,,,,,,,1,450.0,8.0,8.0,0,NONE
2026-09-28T22:34:38.068+00:00,667.804,manual,Manual cook,temp,2100,450.5,,esp32,,0,,,,,,,,,,,,1,450.0,12.0,15.0,0,NONE
2026-09-28T22:34:39.067+00:00,668.804,manual,Manual cook,temp,2100,451.0,,esp32,,0,,,,,,,,,,,,1,450.0,0.0,0.0,0,NONE
2026-09-28T22:34:39.568+00:00,669.304,manual,Manual cook,temp,2100,450.5,,esp32,,0,,,,,,,,,,,,1,450.0,12.0,15.0,0,NONE
2026-09-28T22:34:40.567+00:00,670.304,manual,Manual cook,temp,2100,451.0,,esp32,,0,,,,,,,,,,,,1,450.0,7.0,7.0,0,NONE
2026-09-28T22:34:41.067+00:00,670.804,manual,Manual cook,temp,2100,451.0,,esp32,,0,,,,,,,,,,,,1,450.0,7.0,7.0,0,NONE
2026-09-28T22:34:41.568+00:00,671.304,manual,Manual cook,temp,2100,449.6,,esp32,,0,,,,,,,,,,,,1,450.0,32.0,32.0,0,NONE
2026-09-28T22:34:42.569+00:00,672.305,manual,Manual cook,temp,2100,450.0,,esp32,,0,,,,,,,,,,,,1,450.0,12.0,16.0,0,NONE
2026-09-28T22:34:43.568+00:00,673.304,manual,Manual cook,temp,2100,451.0,,esp32,,0,,,,,,,,,,,,1,450.0,12.0,23.0,0,NONE
2026-09-28T22:34:44.567+00:00,674.304,manual,Manual cook,temp,2100,450.0,,esp32,,0,,,,,,,,,,,,1,450.0,12.0,23.0,0,NONE
2026-09-28T22:34:45.568+00:00,675.304,manual,Manual cook,temp,2100,450.0,,esp32,,0,,,,,,,,,,,,1,450.0,12.0,23.0,0,NONE
2026-09-28T22:34:46.568+00:00,676.304,manual,Manual cook,temp,2100,450.0,,esp32,,0,,,,,,,,,,,,1,450.0,25.0,25.0,0,NONE
2026-09-28T22:34:47.567+00:00,677.304,manual,Manual cook,temp,2100,449.1,,esp32,,0,,,,,,,,,,,,1,450.0,12.0,25.0,0,NONE
2026-09-28T22:34:48.068+00:00,677.804,manual,Manual cook,temp,2100,450.0,,esp32,,0,,,,,,,,,,,,1,450.0,0.0,0.0,0,NONE
2026-09-28T22:34:49.567+00:00,679.304,manual,Manual cook,temp,2100,449.6,,esp32,,0,,,,,,,,,,,,1,450.0,17.0,17.0,0,NONE
2026-09-28T22:34:50.067+00:00,679.804,manual,Manual cook,temp,2100,449.1,,esp32,,0,,,,,,,,,,,,1,450.0,18.0,18.0,0,NONE
2026-09-28T22:34:51.067+00:00,680.804,manual,Manual cook,temp,2100,449.6,,esp32,,0,,,,,,,,,,,,1,450.0,12.0,17.0,0,NONE
2026-09-28T22:34:51.567+00:00,681.304,manual,Manual cook,temp,2100,449.1,,esp32,,0,,,,,,,,,,,,1,450.0,18.0,18.0,0,NONE
2026-09-28T22:34:52.567+00:00,682.304,manual,Manual cook,temp,2100,449.1,,esp32,,0,,,,,,,,,,,,1,450.0,18.0,18.0,0,NONE
2026-09-28T22:34:53.568+00:00,683.304,manual,Manual cook,temp,2100,449.6,,esp32,,0,,,,,,,,,,,,1,450.0,3.0,3.0,0,NONE
2026-09-28T22:34:54.068+00:00,683.805,manual,Manual cook,temp,2100,449.6,,esp32,,0,,,,,,,,,,,,1,450.0,10.0,10.0,0,NONE
2026-09-28T22:34:55.067+00:00,684.804,manual,Manual cook,temp,2100,449.1,,esp32,,0,,,,,,,,,,,,1,450.0,18.0,18.0,0,NONE
2026-09-28T22:34:56.067+00:00,685.804,manual,Manual cook,temp,2100,449.6,,esp32,,0,,,,,,,,,,,,1,450.0,10.0,10.0,0,NONE
2026-09-28T22:34:57.067+00:00,686.804,manual,Manual cook,temp,2100,450.0,,esp32,,0,,,,,,,,,,,,1,450.0,9.0,9.0,0,NONE
2026-09-28T22:34:57.567+00:00,687.304,manual,Manual cook,temp,2100,450.0,,esp32,,0,,,,,,,,,,,,1,450.0,9.0,9.0,0,NONE
2026-09-28T22:34:58.567+00:00,688.304,manual,Manual cook,temp,2100,450.0,,esp32,,0,,,,,,,,,,,,1,450.0,12.0,24.0,0,NONE
2026-09-28T22:34:59.567+00:00,689.304,manual,Manual cook,temp,2100,450.5,,esp32,,0,,,,,,,,,,,,1,450.0,8.0,8.0,0,NONE
2026-09-28T22:35:00.567+00:00,690.304,manual,Manual cook,temp,2100,450.5,,esp32,,0,,,,,,,,,,,,1,450.0,0.0,0.0,0,NONE
2026-09-28T22:35:01.067+00:00,690.804,manual,Manual cook,temp,2100,451.0,,esp32,,0,,,,,,,,,,,,1,450.0,12.0,15.0,0,NONE
2026-09-28T22:35:01.568+00:00,691.304,manual,Manual cook,temp,2100,449.6,,esp32,,0,,,,,,,,,,,,1,450.0,0.0,0.0,0,NONE
2026-09-28T22:35:02.567+00:00,692.304,manual,Manual cook,temp,2100,451.0,,esp32,,0,,,,,,,,,,,,1,450.0,0.0,0.0,0,NONE
2026-09-28T22:35:03.067+00:00,692.804,manual,Manual cook,temp,2100,450.0,,esp32,,0,,,,,,,,,,,,1,450.0,12.0,23.0,0,NONE
2026-09-28T22:35:04.067+00:00,693.804,manual,Manual cook,temp,2100,450.0,,esp32,,0,,,,,,,,,,,,1,450.0,8.0,8.0,0,NONE
2026-09-28T22:35:04.568+00:00,694.304,manual,Manual cook,temp,2100,450.0,,esp32,,0,,,,,,,,,,,,1,450.0,16.0,16.0,0,NONE
2026-09-28T22:35:05.567+00:00,695.304,manual,Manual cook,temp,2100,449.6,,esp32,,0,,,,,,,,,,,,1,450.0,9.0,9.0,0,NONE
2026-09-28T22:35:06.067+00:00,695.804,manual,Manual cook,temp,2100,449.6,,esp32,,0,,,,,,,,,,,,1,450.0,17.0,17.0,0,NONE
2026-09-28T22:35:07.067+00:00,696.804,manual,Manual cook,temp,2100,449.6,,esp32,,0,,,,,,,,,,,,1,450.0,1.0,1.0,0,NONE
2026-09-28T22:35:07.567+00:00,697.304,manual,Manual cook,temp,2100,449.6,,esp32,,0,,,,,,,,,,,,1,450.0,24.0,24.0,0,NONE
2026-09-28T22:35:08.567+00:00,698.304,manual,Manual cook,temp,2100,449.6,,esp32,,0,,,,,,,,,,,,1,450.0,12.0,24.0,0,NONE
2026-09-28T22:35:09.567+00:00,699.303,manual,Manual cook,temp,2100,450.0,,esp32,,0,,,,,,,,,,,,1,450.0,9.0,9.0,0,NONE
2026-09-28T22:35:10.068+00:00,699.804,manual,Manual cook,temp,2100,449.6,,esp32,,0,,,,,,,,,,,,1,450.0,25.0,25.0,0,NONE
2026-09-28T22:35:11.067+00:00,700.804,manual,Manual cook,temp,2100,450.5,,esp32,,0,,,,,,,,,,,,1,450.0,10.0,10.0,0,NONE
2026-09-28T22:35:12.067+00:00,701.804,manual,Manual cook,temp,2100,449.1,,esp32,,0,,,,,,,,,,,,1,450.0,12.0,32.0,0,NONE
2026-09-28T22:35:13.067+00:00,702.804,manual,Manual cook,temp,2100,450.0,,esp32,,0,,,,,,,,,,,,1,450.0,12.0,16.0,0,NONE
2026-09-28T22:35:14.067+00:00,703.804,manual,Manual cook,temp,2100,449.6,,esp32,,0,,,,,,,,,,,,1,450.0,24.0,24.0,0,NONE
2026-09-28T22:35:15.067+00:00,704.804,manual,Manual cook,temp,2100,449.1,,esp32,,0,,,,,,,,,,,,1,450.0,11.0,11.0,0,NONE
2026-09-28T22:35:16.068+00:00,705.804,manual,Manual cook,temp,2100,449.6,,esp32,,0,,,,,,,,,,,,1,450.0,3.0,3.0,0,NONE
2026-09-28T22:35:17.067+00:00,706.804,manual,Manual cook,temp,2100,449.1,,esp32,,0,,,,,,,,,,,,1,450.0,25.0,25.0,0,NONE
2026-09-28T22:35:18.567+00:00,708.303,manual,Manual cook,temp,2100,450.5,,esp32,,0,,,,,,,,,,,,1,450.0,0.0,0.0,0,NONE
2026-09-28T22:35:19.067+00:00,708.804,manual,Manual cook,temp,2100,450.0,,esp32,,0,,,,,,,,,,,,1,450.0,12.0,16.0,0,NONE
2026-09-28T22:35:20.067+00:00,709.804,manual,Manual cook,temp,2100,449.6,,esp32,,0,,,,,,,,,,,,1,450.0,17.0,17.0,0,NONE
2026-09-28T22:35:21.067+00:00,710.804,manual,Manual cook,temp,2100,449.1,,esp32,,0,,,,,,,,,,,,1,450.0,25.0,25.0,0,NONE
2026-09-28T22:35:22.067+00:00,711.804,manual,Manual cook,temp,2100,450.0,,esp32,,0,,,,,,,,,,,,1,450.0,10.0,10.0,0,NONE
2026-09-28T22:35:23.067+00:00,712.803,manual,Manual cook,temp,2100,450.0,,esp32,,0,,,,,,,,,,,,1,450.0,9.0,9.0,0,NONE
2026-09-28T22:35:23.567+00:00,713.304,manual,Manual cook,temp,2100,450.0,,esp32,,0,,,,,,,,,,,,1,450.0,25.0,25.0,0,NONE
2026-09-28T22:35:24.567+00:00,714.303,manual,Manual cook,temp,2100,450.5,,esp32,,0,,,,,,,,,,,,1,450.0,1.0,1.0,0,NONE
2026-09-28T22:35:25.067+00:00,714.804,manual,Manual cook,temp,2100,448.7,,esp32,,0,,,,,,,,,,,,1,450.0,32.0,41.0,0,NONE
2026-09-28T22:35:26.067+00:00,715.803,manual,Manual cook,temp,2100,450.0,,esp32,,0,,,,,,,,,,,,1,450.0,9.0,9.0,0,NONE
2026-09-28T22:35:26.568+00:00,716.304,manual,Manual cook,temp,2100,449.6,,esp32,,0,,,,,,,,,,,,1,450.0,1.0,1.0,0,NONE
2026-09-28T22:35:27.568+00:00,717.304,manual,Manual cook,temp,2100,449.1,,esp32,,0,,,,,,,,,,,,1,450.0,2.0,2.0,0,NONE
2026-09-28T22:35:28.567+00:00,718.303,manual,Manual cook,temp,2100,450.0,,esp32,,0,,,,,,,,,,,,1,450.0,3.0,3.0,0,NONE
2026-09-28T22:35:29.567+00:00,719.303,manual,Manual cook,temp,2100,449.6,,esp32,,0,,,,,,,,,,,,1,450.0,17.0,17.0,0,NONE
2026-09-28T22:35:30.067+00:00,719.803,manual,Manual cook,temp,2100,449.6,,esp32,,0,,,,,,,,,,,,1,450.0,10.0,10.0,0,NONE
2026-09-28T22:35:30.567+00:00,720.304,manual,Manual cook,temp,2100,449.6,,esp32,,0,,,,,,,,,,,,1,450.0,10.0,10.0,0,NONE
2026-09-28T22:35:31.067+00:00,720.804,manual,Manual cook,temp,2100,449.6,,esp32,,0,,,,,,,,,,,,1,450.0,10.0,10.0,0,NONE
2026-09-28T22:35:32.068+00:00,721.804,manual,Manual cook,temp,2100,450.0,,esp32,,0,,,,,,,,,,,,1,450.0,2.0,2.0,0,NONE
2026-09-28T22:35:33.067+00:00,722.804,manual,Manual cook,temp,2100,449.6,,esp32,,0,,,,,,,,,,,,1,450.0,10.0,10.0,0,NONE
2026-09-28T22:35:34.067+00:00,723.803,manual,Manual cook,temp,2100,449.6,,esp32,,0,,,,,,,,,,,,1,450.0,9.0,9.0,0,NONE
2026-09-28T22:35:34.567+00:00,724.303,manual,Manual cook,temp,2100,449.6,,esp32,,0,,,,,,,,,,,,1,450.0,17.0,17.0,0,NONE
2026-09-28T22:35:35.567+00:00,725.303,manual,Manual cook,temp,2100,449.6,,esp32,,0,,,,,,,,,,,,1,450.0,17.0,17.0,0,NONE
2026-09-28T22:35:36.567+00:00,726.303,manual,Manual cook,temp,2100,450.0,,esp32,,0,,,,,,,,,,,,1,450.0,1.0,1.0,0,NONE
2026-09-28T22:35:37.067+00:00,726.804,manual,Manual cook,temp,2100,450.0,,esp32,,0,,,,,,,,,,,,1,450.0,16.0,16.0,0,NONE
2026-09-28T22:35:38.067+00:00,727.804,manual,Manual cook,temp,2100,450.0,,esp32,,0,,,,,,,,,,,,1,450.0,17.0,17.0,0,NONE
2026-09-28T22:35:39.067+00:00,728.804,manual,Manual cook,temp,2100,450.0,,esp32,,0,,,,,,,,,,,,1,450.0,9.0,9.0,0,NONE
2026-09-28T22:35:40.067+00:00,729.804,manual,Manual cook,temp,2100,448.3,,esp32,,0,,,,,,,,,,,,1,450.0,42.0,42.0,0,NONE
2026-09-28T22:35:41.067+00:00,730.804,manual,Manual cook,temp,2100,450.0,,esp32,,0,,,,,,,,,,,,1,450.0,9.0,9.0,0,NONE
2026-09-28T22:35:42.067+00:00,731.803,manual,Manual cook,temp,2100,450.0,,esp32,,0,,,,,,,,,,,,1,450.0,2.0,2.0,0,NONE
2026-09-28T22:35:42.570+00:00,732.307,manual,Manual cook,temp,2100,449.1,,esp32,,0,,,,,,,,,,,,1,450.0,9.0,9.0,0,NONE
2026-09-28T22:35:43.567+00:00,733.303,manual,Manual cook,temp,2100,449.6,,esp32,,0,,,,,,,,,,,,1,450.0,3.0,3.0,0,NONE
2026-09-28T22:35:44.567+00:00,734.303,manual,Manual cook,temp,2100,450.0,,esp32,,0,,,,,,,,,,,,1,450.0,9.0,9.0,0,NONE
2026-09-28T22:35:45.067+00:00,734.803,manual,Manual cook,temp,2100,451.0,,esp32,,0,,,,,,,,,,,,1,450.0,0.0,0.0,0,NONE
2026-09-28T22:35:46.067+00:00,735.803,manual,Manual cook,temp,2100,450.5,,esp32,,0,,,,,,,,,,,,1,450.0,16.0,16.0,0,NONE
2026-09-28T22:35:47.067+00:00,736.803,manual,Manual cook,temp,2100,450.5,,esp32,,0,,,,,,,,,,,,1,450.0,8.0,8.0,0,NONE
2026-09-28T22:35:48.068+00:00,737.804,manual,Manual cook,temp,2100,450.0,,esp32,,0,,,,,,,,,,,,1,450.0,2.0,2.0,0,NONE
2026-09-28T22:35:49.067+00:00,738.803,manual,Manual cook,temp,2100,450.0,,esp32,,0,,,,,,,,,,,,1,450.0,2.0,2.0,0,NONE
2026-09-28T22:35:49.567+00:00,739.303,manual,Manual cook,temp,2100,451.0,,esp32,,0,,,,,,,,,,,,1,450.0,0.0,0.0,0,NONE
2026-09-28T22:35:50.067+00:00,739.803,manual,Manual cook,temp,2100,451.0,,esp32,,0,,,,,,,,,,,,1,450.0,12.0,16.0,0,NONE
2026-09-28T22:35:51.067+00:00,740.803,manual,Manual cook,temp,2100,449.6,,esp32,,0,,,,,,,,,,,,1,450.0,12.0,32.0,0,NONE
2026-09-28T22:35:52.067+00:00,741.803,manual,Manual cook,temp,2100,450.0,,esp32,,0,,,,,,,,,,,,1,450.0,12.0,16.0,0,NONE
2026-09-28T22:35:53.067+00:00,742.803,manual,Manual cook,temp,2100,450.5,,esp32,,0,,,,,,,,,,,,1,450.0,12.0,16.0,0,NONE
2026-09-28T22:35:54.067+00:00,743.803,manual,Manual cook,temp,2100,448.3,,esp32,,0,,,,,,,,,,,,1,450.0,49.0,49.0,0,NONE
2026-09-28T22:35:55.067+00:00,744.803,manual,Manual cook,temp,2100,449.6,,esp32,,0,,,,,,,,,,,,1,450.0,0.0,0.0,0,NONE
2026-09-28T22:35:55.567+00:00,745.303,manual,Manual cook,temp,2100,449.6,,esp32,,0,,,,,,,,,,,,1,450.0,10.0,10.0,0,NONE
2026-09-28T22:35:56.067+00:00,745.803,manual,Manual cook,temp,2100,449.6,,esp32,,0,,,,,,,,,,,,1,450.0,10.0,10.0,0,NONE
2026-09-28T22:35:57.067+00:00,746.803,manual,Manual cook,temp,2100,449.6,,esp32,,0,,,,,,,,,,,,1,450.0,0.0,0.0,0,NONE
2026-09-28T22:35:57.567+00:00,747.303,manual,Manual cook,temp,2100,449.6,,esp32,,0,,,,,,,,,,,,1,450.0,10.0,10.0,0,NONE
2026-09-28T22:35:58.568+00:00,748.304,manual,Manual cook,temp,2100,449.6,,esp32,,0,,,,,,,,,,,,1,450.0,17.0,17.0,0,NONE
2026-09-28T22:35:59.567+00:00,749.303,manual,Manual cook,temp,2100,449.6,,esp32,,0,,,,,,,,,,,,1,450.0,17.0,17.0,0,NONE
2026-09-28T22:36:00.067+00:00,749.803,manual,Manual cook,temp,2100,449.6,,esp32,,0,,,,,,,,,,,,1,450.0,10.0,10.0,0,NONE
2026-09-28T22:36:00.567+00:00,750.303,manual,Manual cook,temp,2100,449.6,,esp32,,0,,,,,,,,,,,,1,450.0,10.0,10.0,0,NONE
2026-09-28T22:36:01.067+00:00,750.803,manual,Manual cook,temp,2100,449.1,,esp32,,0,,,,,,,,,,,,1,450.0,18.0,18.0,0,NONE
2026-09-28T22:36:02.066+00:00,751.803,manual,Manual cook,temp,2100,449.6,,esp32,,0,,,,,,,,,,,,1,450.0,3.0,3.0,0,NONE
2026-09-28T22:36:02.566+00:00,752.303,manual,Manual cook,temp,2100,450.0,,esp32,,0,,,,,,,,,,,,1,450.0,2.0,2.0,0,NONE
2026-09-28T22:36:03.067+00:00,752.803,manual,Manual cook,temp,2100,449.6,,esp32,,0,,,,,,,,,,,,1,450.0,17.0,17.0,0,NONE
2026-09-28T22:36:03.567+00:00,753.303,manual,Manual cook,temp,2100,449.6,,esp32,,0,,,,,,,,,,,,1,450.0,10.0,10.0,0,NONE
2026-09-28T22:36:04.567+00:00,754.303,manual,Manual cook,temp,2100,449.6,,esp32,,0,,,,,,,,,,,,1,450.0,10.0,10.0,0,NONE
2026-09-28T22:36:05.567+00:00,755.303,manual,Manual cook,temp,2100,450.0,,esp32,,0,,,,,,,,,,,,1,450.0,17.0,17.0,0,NONE
2026-09-28T22:36:06.566+00:00,756.303,manual,Manual cook,temp,2100,450.5,,esp32,,0,,,,,,,,,,,,1,450.0,1.0,1.0,0,NONE
2026-09-28T22:36:07.567+00:00,757.303,manual,Manual cook,temp,2100,450.0,,esp32,,0,,,,,,,,,,,,1,450.0,25.0,25.0,0,NONE
2026-09-28T22:36:08.567+00:00,758.303,manual,Manual cook,temp,2100,449.1,,esp32,,0,,,,,,,,,,,,1,450.0,9.0,9.0,0,NONE
2026-09-28T22:36:09.067+00:00,758.803,manual,Manual cook,temp,2100,449.1,,esp32,,0,,,,,,,,,,,,1,450.0,26.0,26.0,0,NONE
2026-09-28T22:36:09.567+00:00,759.303,manual,Manual cook,temp,2100,450.5,,esp32,,0,,,,,,,,,,,,1,450.0,0.0,0.0,0,NONE
2026-09-28T22:36:10.566+00:00,760.303,manual,Manual cook,temp,2100,450.0,,esp32,,0,,,,,,,,,,,,1,450.0,2.0,2.0,0,NONE
2026-09-28T22:36:11.567+00:00,761.303,manual,Manual cook,temp,2100,450.5,,esp32,,0,,,,,,,,,,,,1,450.0,1.0,1.0,0,NONE
2026-09-28T22:36:12.067+00:00,761.803,manual,Manual cook,temp,2100,449.6,,esp32,,0,,,,,,,,,,,,1,450.0,17.0,17.0,0,NONE
2026-09-28T22:36:12.567+00:00,762.303,manual,Manual cook,temp,2100,450.0,,esp32,,0,,,,,,,,,,,,1,450.0,17.0,17.0,0,NONE
2026-09-28T22:36:13.566+00:00,763.303,manual,Manual cook,temp,2100,450.0,,esp32,,0,,,,,,,,,,,,1,450.0,9.0,9.0,0,NONE
2026-09-28T22:36:14.567+00:00,764.303,manual,Manual cook,temp,2100,449.6,,esp32,,0,,,,,,,,,,,,1,450.0,34.0,34.0,0,NONE
2026-09-28T22:36:15.566+00:00,765.303,manual,Manual cook,temp,2100,450.0,,esp32,,0,,,,,,,,,,,,1,450.0,2.0,2.0,0,NONE
2026-09-28T22:36:16.567+00:00,766.303,manual,Manual cook,temp,2100,449.1,,esp32,,0,,,,,,,,,,,,1,450.0,26.0,26.0,0,NONE
2026-09-28T22:36:17.566+00:00,767.303,manual,Manual cook,temp,2100,450.0,,esp32,,0,,,,,,,,,,,,1,450.0,9.0,9.0,0,NONE
2026-09-28T22:36:18.567+00:00,768.303,manual,Manual cook,temp,2100,450.0,,esp32,,0,,,,,,,,,,,,1,450.0,17.0,17.0,0,NONE
2026-09-28T22:36:19.567+00:00,769.303,manual,Manual cook,temp,2100,448.3,,esp32,,0,,,,,,,,,,,,1,450.0,10.0,10.0,0,NONE
2026-09-28T22:36:20.068+00:00,769.804,manual,Manual cook,temp,2100,450.0,,esp32,,0,,,,,,,,,,,,1,450.0,35.0,35.0,0,NONE
2026-09-28T22:36:21.066+00:00,770.803,manual,Manual cook,temp,2100,450.5,,esp32,,0,,,,,,,,,,,,1,450.0,1.0,1.0,0,NONE
2026-09-28T22:36:21.566+00:00,771.303,manual,Manual cook,temp,2100,449.1,,esp32,,0,,,,,,,,,,,,1,450.0,32.0,33.0,0,NONE
2026-09-28T22:36:22.566+00:00,772.303,manual,Manual cook,temp,2100,449.6,,esp32,,0,,,,,,,,,,,,1,450.0,12.0,17.0,0,NONE
2026-09-28T22:36:23.566+00:00,773.303,manual,Manual cook,temp,2100,449.6,,esp32,,0,,,,,,,,,,,,1,450.0,17.0,17.0,0,NONE
2026-09-28T22:36:24.566+00:00,774.303,manual,Manual cook,temp,2100,450.0,,esp32,,0,,,,,,,,,,,,1,450.0,9.0,9.0,0,NONE
2026-09-28T22:36:25.067+00:00,774.803,manual,Manual cook,temp,2100,449.6,,esp32,,0,,,,,,,,,,,,1,450.0,17.0,17.0,0,NONE
2026-09-28T22:36:25.567+00:00,775.303,manual,Manual cook,temp,2100,448.7,,esp32,,0,,,,,,,,,,,,1,450.0,10.0,10.0,0,NONE
2026-09-28T22:36:26.566+00:00,776.303,manual,Manual cook,temp,2100,449.1,,esp32,,0,,,,,,,,,,,,1,450.0,4.0,4.0,0,NONE
2026-09-28T22:36:27.067+00:00,776.803,manual,Manual cook,temp,2100,449.1,,esp32,,0,,,,,,,,,,,,1,450.0,11.0,11.0,0,NONE
2026-09-28T22:36:27.567+00:00,777.304,manual,Manual cook,temp,2100,449.1,,esp32,,0,,,,,,,,,,,,1,450.0,11.0,11.0,0,NONE
2026-09-28T22:36:28.566+00:00,778.303,manual,Manual cook,temp,2100,448.7,,esp32,,0,,,,,,,,,,,,1,450.0,27.0,27.0,0,NONE
2026-09-28T22:36:29.566+00:00,779.303,manual,Manual cook,temp,2100,449.6,,esp32,,0,,,,,,,,,,,,1,450.0,10.0,10.0,0,NONE
2026-09-28T22:36:30.567+00:00,780.304,manual,Manual cook,temp,2100,449.6,,esp32,,0,,,,,,,,,,,,1,450.0,18.0,18.0,0,NONE
2026-09-28T22:36:31.566+00:00,781.303,manual,Manual cook,temp,2100,450.0,,esp32,,0,,,,,,,,,,,,1,450.0,9.0,9.0,0,NONE
2026-09-28T22:36:32.566+00:00,782.303,manual,Manual cook,temp,2100,450.0,,esp32,,0,,,,,,,,,,,,1,450.0,9.0,9.0,0,NONE
2026-09-28T22:36:33.066+00:00,782.803,manual,Manual cook,temp,2100,449.6,,esp32,,0,,,,,,,,,,,,1,450.0,9.0,9.0,0,NONE
2026-09-28T22:36:33.567+00:00,783.303,manual,Manual cook,temp,2100,449.6,,esp32,,0,,,,,,,,,,,,1,450.0,18.0,18.0,0,NONE
2026-09-28T22:36:34.566+00:00,784.303,manual,Manual cook,temp,2100,450.5,,esp32,,0,,,,,,,,,,,,1,450.0,0.0,0.0,0,NONE
2026-09-28T22:36:35.066+00:00,784.803,manual,Manual cook,temp,2100,450.0,,esp32,,0,,,,,,,,,,,,1,450.0,12.0,17.0,0,NONE
2026-09-28T22:36:36.067+00:00,785.804,manual,Manual cook,temp,2100,450.5,,esp32,,0,,,,,,,,,,,,1,450.0,9.0,9.0,0,NONE
2026-09-28T22:36:37.066+00:00,786.803,manual,Manual cook,temp,2100,450.0,,esp32,,0,,,,,,,,,,,,1,450.0,17.0,17.0,0,NONE
2026-09-28T22:36:38.066+00:00,787.803,manual,Manual cook,temp,2100,451.0,,esp32,,0,,,,,,,,,,,,1,450.0,17.0,17.0,0,NONE
2026-09-28T22:36:39.066+00:00,788.803,manual,Manual cook,temp,2100,450.5,,esp32,,0,,,,,,,,,,,,1,450.0,12.0,16.0,0,NONE
2026-09-28T22:36:40.066+00:00,789.803,manual,Manual cook,temp,2100,449.6,,esp32,,0,,,,,,,,,,,,1,450.0,25.0,25.0,0,NONE
2026-09-28T22:36:40.566+00:00,790.303,manual,Manual cook,temp,2100,451.4,,esp32,,0,,,,,,,,,,,,1,450.0,0.0,0.0,0,NONE
2026-09-28T22:36:41.566+00:00,791.302,manual,Manual cook,temp,2100,451.4,,esp32,,0,,,,,,,,,,,,1,450.0,7.0,7.0,0,NONE
2026-09-28T22:36:42.066+00:00,791.803,manual,Manual cook,temp,2100,451.0,,esp32,,0,,,,,,,,,,,,1,450.0,15.0,15.0,0,NONE
2026-09-28T22:36:42.566+00:00,792.303,manual,Manual cook,temp,2100,450.5,,esp32,,0,,,,,,,,,,,,1,450.0,16.0,16.0,0,NONE
2026-09-28T22:36:43.566+00:00,793.303,manual,Manual cook,temp,2100,450.5,,esp32,,0,,,,,,,,,,,,1,450.0,1.0,1.0,0,NONE
2026-09-28T22:36:44.566+00:00,794.302,manual,Manual cook,temp,2100,451.4,,esp32,,0,,,,,,,,,,,,1,450.0,0.0,0.0,0,NONE
2026-09-28T22:36:45.566+00:00,795.303,manual,Manual cook,temp,2100,450.5,,esp32,,0,,,,,,,,,,,,1,450.0,15.0,15.0,0,NONE
2026-09-28T22:36:46.567+00:00,796.303,manual,Manual cook,temp,2100,450.5,,esp32,,0,,,,,,,,,,,,1,450.0,8.0,8.0,0,NONE
2026-09-28T22:36:47.566+00:00,797.302,manual,Manual cook,temp,2100,451.4,,esp32,,0,,,,,,,,,,,,1,450.0,0.0,0.0,0,NONE
2026-09-28T22:36:48.566+00:00,798.302,manual,Manual cook,temp,2100,451.4,,esp32,,0,,,,,,,,,,,,1,450.0,7.0,7.0,0,NONE
2026-09-28T22:36:49.566+00:00,799.303,manual,Manual cook,temp,2100,450.5,,esp32,,0,,,,,,,,,,,,1,450.0,15.0,15.0,0,NONE
2026-09-28T22:36:50.066+00:00,799.803,manual,Manual cook,temp,2100,451.9,,esp32,,0,,,,,,,,,,,,1,450.0,16.0,16.0,0,NONE
2026-09-28T22:36:51.066+00:00,800.802,manual,Manual cook,temp,2100,451.9,,esp32,,0,,,,,,,,,,,,1,450.0,6.0,6.0,0,NONE
2026-09-28T22:36:51.566+00:00,801.302,manual,Manual cook,temp,2100,451.9,,esp32,,0,,,,,,,,,,,,1,450.0,6.0,6.0,0,NONE
2026-09-28T22:36:52.067+00:00,801.803,manual,Manual cook,temp,2100,451.4,,esp32,,0,,,,,,,,,,,,1,450.0,6.0,6.0,0,NONE
2026-09-28T22:36:53.066+00:00,802.803,manual,Manual cook,temp,2100,451.9,,esp32,,0,,,,,,,,,,,,1,450.0,15.0,15.0,0,NONE
2026-09-28T22:36:54.066+00:00,803.802,manual,Manual cook,temp,2100,451.9,,esp32,,0,,,,,,,,,,,,1,450.0,6.0,6.0,0,NONE
2026-09-28T22:36:54.566+00:00,804.302,manual,Manual cook,temp,2100,452.8,,esp32,,0,,,,,,,,,,,,1,450.0,0.0,0.0,0,NONE
2026-09-28T22:36:55.066+00:00,804.803,manual,Manual cook,temp,2100,452.3,,esp32,,0,,,,,,,,,,,,1,450.0,12.0,12.0,0,NONE
2026-09-28T22:36:56.066+00:00,805.802,manual,Manual cook,temp,2100,451.9,,esp32,,0,,,,,,,,,,,,1,450.0,5.0,5.0,0,NONE
2026-09-28T22:36:56.566+00:00,806.303,manual,Manual cook,temp,2100,451.9,,esp32,,0,,,,,,,,,,,,1,450.0,13.0,13.0,0,NONE
2026-09-28T22:36:57.566+00:00,807.302,manual,Manual cook,temp,2100,452.8,,esp32,,0,,,,,,,,,,,,1,450.0,0.0,0.0,0,NONE
2026-09-28T22:36:58.066+00:00,807.803,manual,Manual cook,temp,2100,452.3,,esp32,,0,,,,,,,,,,,,1,450.0,12.0,12.0,0,NONE
2026-09-28T22:36:58.566+00:00,808.303,manual,Manual cook,temp,2100,452.3,,esp32,,0,,,,,,,,,,,,1,450.0,5.0,5.0,0,NONE
2026-09-28T22:36:59.566+00:00,809.302,manual,Manual cook,temp,2100,452.8,,esp32,,0,,,,,,,,,,,,1,450.0,0.0,0.0,0,NONE
2026-09-28T22:37:00.066+00:00,809.802,manual,Manual cook,temp,2100,453.2,,esp32,,0,,,,,,,,,,,,1,450.0,4.0,4.0,0,NONE
2026-09-28T22:37:01.066+00:00,810.803,manual,Manual cook,temp,2100,452.8,,esp32,,0,,,,,,,,,,,,1,450.0,11.0,11.0,0,NONE
2026-09-28T22:37:02.066+00:00,811.802,manual,Manual cook,temp,2100,451.4,,esp32,,0,,,,,,,,,,,,1,450.0,28.0,28.0,0,NONE
2026-09-28T22:37:02.567+00:00,812.303,manual,Manual cook,temp,2100,453.2,,esp32,,0,,,,,,,,,,,,1,450.0,0.0,0.0,0,NONE
2026-09-28T22:37:03.566+00:00,813.302,manual,Manual cook,temp,2100,452.3,,esp32,,0,,,,,,,,,,,,1,450.0,4.0,4.0,0,NONE
2026-09-28T22:37:04.066+00:00,813.802,manual,Manual cook,temp,2100,451.9,,esp32,,0,,,,,,,,,,,,1,450.0,12.0,12.0,0,NONE
2026-09-28T22:37:05.066+00:00,814.803,manual,Manual cook,temp,2100,452.8,,esp32,,0,,,,,,,,,,,,1,450.0,11.0,11.0,0,NONE
2026-09-28T22:37:06.066+00:00,815.802,manual,Manual cook,temp,2100,452.3,,esp32,,0,,,,,,,,,,,,1,450.0,3.0,3.0,0,NONE
2026-09-28T22:37:06.566+00:00,816.302,manual,Manual cook,temp,2100,452.3,,esp32,,0,,,,,,,,,,,,1,450.0,11.0,11.0,0,NONE
2026-09-28T22:37:07.566+00:00,817.302,manual,Manual cook,temp,2100,453.6,,esp32,,0,,,,,,,,,,,,1,450.0,0.0,0.0,0,NONE
2026-09-28T22:37:08.067+00:00,817.804,manual,Manual cook,temp,2100,452.8,,esp32,,0,,,,,,,,,,,,1,450.0,12.0,18.0,0,NONE
2026-09-28T22:37:09.066+00:00,818.802,manual,Manual cook,temp,2100,453.6,,esp32,,0,,,,,,,,,,,,1,450.0,1.0,1.0,0,NONE
2026-09-28T22:37:09.566+00:00,819.303,manual,Manual cook,temp,2100,452.8,,esp32,,0,,,,,,,,,,,,1,450.0,10.0,10.0,0,NONE
2026-09-28T22:37:10.566+00:00,820.302,manual,Manual cook,temp,2100,452.8,,esp32,,0,,,,,,,,,,,,1,450.0,3.0,3.0,0,NONE
2026-09-28T22:37:11.566+00:00,821.303,manual,Manual cook,temp,2100,452.8,,esp32,,0,,,,,,,,,,,,1,450.0,10.0,10.0,0,NONE
2026-09-28T22:37:12.566+00:00,822.302,manual,Manual cook,temp,2100,452.3,,esp32,,0,,,,,,,,,,,,1,450.0,11.0,11.0,0,NONE
2026-09-28T22:37:13.066+00:00,822.802,manual,Manual cook,temp,2100,452.3,,esp32,,0,,,,,,,,,,,,1,450.0,0.0,0.0,0,NONE
2026-09-28T22:37:13.566+00:00,823.302,manual,Manual cook,temp,2100,452.3,,esp32,,0,,,,,,,,,,,,1,450.0,12.0,18.0,0,NONE
2026-09-28T22:37:14.566+00:00,824.302,manual,Manual cook,temp,2100,452.3,,esp32,,0,,,,,,,,,,,,1,450.0,11.0,11.0,0,NONE
2026-09-28T22:37:15.566+00:00,825.302,manual,Manual cook,temp,2100,451.4,,esp32,,0,,,,,,,,,,,,1,450.0,0.0,0.0,0,NONE
2026-09-28T22:37:16.066+00:00,825.802,manual,Manual cook,temp,2100,451.4,,esp32,,0,,,,,,,,,,,,1,450.0,12.0,27.0,0,NONE
2026-09-28T22:37:17.066+00:00,826.802,manual,Manual cook,temp,2100,452.3,,esp32,,0,,,,,,,,,,,,1,450.0,4.0,4.0,0,NONE
2026-09-28T22:37:17.566+00:00,827.302,manual,Manual cook,temp,2100,452.3,,esp32,,0,,,,,,,,,,,,1,450.0,4.0,4.0,0,NONE
2026-09-28T22:37:18.566+00:00,828.302,manual,Manual cook,temp,2100,452.3,,esp32,,0,,,,,,,,,,,,1,450.0,4.0,4.0,0,NONE
2026-09-28T22:37:19.066+00:00,828.802,manual,Manual cook,temp,2100,451.0,,esp32,,0,,,,,,,,,,,,1,450.0,28.0,28.0,0,NONE
2026-09-28T22:37:20.066+00:00,829.802,manual,Manual cook,temp,2100,451.9,,esp32,,0,,,,,,,,,,,,1,450.0,12.0,12.0,0,NONE
2026-09-28T22:37:21.066+00:00,830.802,manual,Manual cook,temp,2100,451.9,,esp32,,0,,,,,,,,,,,,1,450.0,12.0,19.0,0,NONE
2026-09-28T22:37:22.066+00:00,831.802,manual,Manual cook,temp,2100,451.9,,esp32,,0,,,,,,,,,,,,1,450.0,12.0,12.0,0,NONE
2026-09-28T22:37:23.066+00:00,832.802,manual,Manual cook,temp,2100,451.9,,esp32,,0,,,,,,,,,,,,1,450.0,12.0,12.0,0,NONE
2026-09-28T22:37:23.566+00:00,833.302,manual,Manual cook,temp,2100,452.3,,esp32,,0,,,,,,,,,,,,1,450.0,0.0,0.0,0,NONE
2026-09-28T22:37:24.066+00:00,833.803,manual,Manual cook,temp,2100,452.3,,esp32,,0,,,,,,,,,,,,1,450.0,4.0,4.0,0,NONE
2026-09-28T22:37:25.066+00:00,834.802,manual,Manual cook,temp,2100,451.9,,esp32,,0,,,,,,,,,,,,1,450.0,5.0,5.0,0,NONE
2026-09-28T22:37:25.566+00:00,835.302,manual,Manual cook,temp,2100,451.4,,esp32,,0,,,,,,,,,,,,1,450.0,13.0,13.0,0,NONE
2026-09-28T22:37:26.566+00:00,836.302,manual,Manual cook,temp,2100,451.9,,esp32,,0,,,,,,,,,,,,1,450.0,0.0,0.0,0,NONE
2026-09-28T22:37:27.066+00:00,836.802,manual,Manual cook,temp,2100,450.5,,esp32,,0,,,,,,,,,,,,1,450.0,12.0,29.0,0,NONE
2026-09-28T22:37:28.066+00:00,837.802,manual,Manual cook,temp,2100,451.4,,esp32,,0,,,,,,,,,,,,1,450.0,5.0,5.0,0,NONE
2026-09-28T22:37:28.566+00:00,838.302,manual,Manual cook,temp,2100,450.5,,esp32,,0,,,,,,,,,,,,1,450.0,0.0,0.0,0,NONE
2026-09-28T22:37:29.066+00:00,838.802,manual,Manual cook,temp,2100,451.0,,esp32,,0,,,,,,,,,,,,1,450.0,12.0,29.0,0,NONE
2026-09-28T22:37:30.566+00:00,840.302,manual,Manual cook,temp,2100,450.5,,esp32,,0,,,,,,,,,,,,1,450.0,14.0,14.0,0,NONE
2026-09-28T22:37:31.566+00:00,841.302,manual,Manual cook,temp,2100,451.0,,esp32,,0,,,,,,,,,,,,1,450.0,0.0,0.0,0,NONE
2026-09-28T22:37:32.566+00:00,842.302,manual,Manual cook,temp,2100,450.0,,esp32,,0,,,,,,,,,,,,1,450.0,23.0,23.0,0,NONE
2026-09-28T22:37:33.566+00:00,843.302,manual,Manual cook,temp,2100,450.0,,esp32,,0,,,,,,,,,,,,1,450.0,7.0,7.0,0,NONE
2026-09-28T22:37:34.066+00:00,843.802,manual,Manual cook,temp,2100,450.0,,esp32,,0,,,,,,,,,,,,1,450.0,15.0,15.0,0,NONE
2026-09-28T22:37:35.066+00:00,844.803,manual,Manual cook,temp,2100,450.5,,esp32,,0,,,,,,,,,,,,1,450.0,7.0,7.0,0,NONE
2026-09-28T22:37:36.066+00:00,845.802,manual,Manual cook,temp,2100,449.6,,esp32,,0,,,,,,,,,,,,1,450.0,23.0,23.0,0,NONE
2026-09-28T22:37:37.066+00:00,846.802,manual,Manual cook,temp,2100,450.0,,esp32,,0,,,,,,,,,,,,1,450.0,8.0,8.0,0,NONE
2026-09-28T22:37:37.566+00:00,847.302,manual,Manual cook,temp,2100,449.1,,esp32,,0,,,,,,,,,,,,1,450.0,24.0,24.0,0,NONE
2026-09-28T22:37:38.566+00:00,848.302,manual,Manual cook,temp,2100,449.6,,esp32,,0,,,,,,,,,,,,1,450.0,9.0,9.0,0,NONE
2026-09-28T22:37:39.066+00:00,848.802,manual,Manual cook,temp,2100,448.7,,esp32,,0,,,,,,,,,,,,1,450.0,9.0,9.0,0,NONE
2026-09-28T22:37:39.566+00:00,849.302,manual,Manual cook,temp,2100,449.1,,esp32,,0,,,,,,,,,,,,1,450.0,25.0,25.0,0,NONE
2026-09-28T22:37:40.566+00:00,850.302,manual,Manual cook,temp,2100,449.6,,esp32,,0,,,,,,,,,,,,1,450.0,0.0,0.0,0,NONE
2026-09-28T22:37:41.566+00:00,851.302,manual,Manual cook,temp,2100,449.6,,esp32,,0,,,,,,,,,,,,1,450.0,9.0,9.0,0,NONE
2026-09-28T22:37:42.566+00:00,852.302,manual,Manual cook,temp,2100,449.6,,esp32,,0,,,,,,,,,,,,1,450.0,9.0,9.0,0,NONE
2026-09-28T22:37:43.066+00:00,852.802,manual,Manual cook,temp,2100,449.6,,esp32,,0,,,,,,,,,,,,1,450.0,1.0,1.0,0,NONE
2026-09-28T22:37:43.566+00:00,853.302,manual,Manual cook,temp,2100,449.6,,esp32,,0,,,,,,,,,,,,1,450.0,16.0,16.0,0,NONE
2026-09-28T22:37:44.066+00:00,853.802,manual,Manual cook,temp,2100,449.6,,esp32,,0,,,,,,,,,,,,1,450.0,1.0,1.0,0,NONE
2026-09-28T22:37:45.066+00:00,854.802,manual,Manual cook,temp,2100,450.0,,esp32,,0,,,,,,,,,,,,1,450.0,1.0,1.0,0,NONE
2026-09-28T22:37:46.066+00:00,855.803,manual,Manual cook,temp,2100,450.0,,esp32,,0,,,,,,,,,,,,1,450.0,8.0,8.0,0,NONE
2026-09-28T22:37:47.065+00:00,856.802,manual,Manual cook,temp,2100,450.0,,esp32,,0,,,,,,,,,,,,1,450.0,0.0,0.0,0,NONE
2026-09-28T22:37:47.566+00:00,857.303,manual,Manual cook,temp,2100,450.0,,esp32,,0,,,,,,,,,,,,1,450.0,8.0,8.0,0,NONE
2026-09-28T22:37:48.565+00:00,858.302,manual,Manual cook,temp,2100,450.5,,esp32,,0,,,,,,,,,,,,1,450.0,0.0,0.0,0,NONE
2026-09-28T22:37:49.066+00:00,858.802,manual,Manual cook,temp,2100,450.0,,esp32,,0,,,,,,,,,,,,1,450.0,12.0,15.0,0,NONE
2026-09-28T22:37:50.065+00:00,859.802,manual,Manual cook,temp,2100,450.0,,esp32,,0,,,,,,,,,,,,1,450.0,8.0,8.0,0,NONE
2026-09-28T22:37:50.566+00:00,860.302,manual,Manual cook,temp,2100,450.0,,esp32,,0,,,,,,,,,,,,1,450.0,0.0,0.0,0,NONE
2026-09-28T22:37:51.566+00:00,861.302,manual,Manual cook,temp,2100,450.0,,esp32,,0,,,,,,,,,,,,1,450.0,0.0,0.0,0,NONE
2026-09-28T22:37:52.066+00:00,861.802,manual,Manual cook,temp,2100,450.0,,esp32,,0,,,,,,,,,,,,1,450.0,12.0,15.0,0,NONE
2026-09-28T22:37:53.066+00:00,862.802,manual,Manual cook,temp,2100,450.5,,esp32,,0,,,,,,,,,,,,1,450.0,12.0,32.0,0,NONE
2026-09-28T22:37:54.066+00:00,863.802,manual,Manual cook,temp,2100,450.0,,esp32,,0,,,,,,,,,,,,1,450.0,12.0,23.0,0,NONE
2026-09-28T22:37:55.066+00:00,864.802,manual,Manual cook,temp,2100,449.1,,esp32,,0,,,,,,,,,,,,1,450.0,8.0,8.0,0,NONE
2026-09-28T22:37:55.566+00:00,865.302,manual,Manual cook,temp,2100,449.1,,esp32,,0,,,,,,,,,,,,1,450.0,24.0,24.0,0,NONE
2026-09-28T22:37:56.566+00:00,866.302,manual,Manual cook,temp,2100,449.6,,esp32,,0,,,,,,,,,,,,1,450.0,2.0,2.0,0,NONE
2026-09-28T22:37:57.066+00:00,866.802,manual,Manual cook,temp,2100,449.6,,esp32,,0,,,,,,,,,,,,1,450.0,17.0,17.0,0,NONE
2026-09-28T22:37:58.066+00:00,867.802,manual,Manual cook,temp,2100,449.1,,esp32,,0,,,,,,,,,,,,1,450.0,17.0,17.0,0,NONE
2026-09-28T22:37:59.066+00:00,868.802,manual,Manual cook,temp,2100,449.1,,esp32,,0,,,,,,,,,,,,1,450.0,17.0,17.0,0,NONE
2026-09-28T22:38:00.066+00:00,869.802,manual,Manual cook,temp,2100,448.7,,esp32,,0,,,,,,,,,,,,1,450.0,25.0,25.0,0,NONE
2026-09-28T22:38:01.066+00:00,870.802,manual,Manual cook,temp,2100,449.1,,esp32,,0,,,,,,,,,,,,1,450.0,10.0,10.0,0,NONE
2026-09-28T22:38:01.566+00:00,871.302,manual,Manual cook,temp,2100,449.1,,esp32,,0,,,,,,,,,,,,1,450.0,18.0,18.0,0,NONE
2026-09-28T22:38:02.066+00:00,871.803,manual,Manual cook,temp,2100,448.7,,esp32,,0,,,,,,,,,,,,1,450.0,3.0,3.0,0,NONE
2026-09-28T22:38:03.066+00:00,872.802,manual,Manual cook,temp,2100,448.7,,esp32,,0,,,,,,,,,,,,1,450.0,11.0,11.0,0,NONE
2026-09-28T22:38:03.566+00:00,873.302,manual,Manual cook,temp,2100,448.7,,esp32,,0,,,,,,,,,,,,1,450.0,11.0,11.0,0,NONE
2026-09-28T22:38:04.566+00:00,874.302,manual,Manual cook,temp,2100,448.7,,esp32,,0,,,,,,,,,,,,1,450.0,11.0,11.0,0,NONE
2026-09-28T22:38:05.066+00:00,874.802,manual,Manual cook,temp,2100,449.6,,esp32,,0,,,,,,,,,,,,1,450.0,11.0,11.0,0,NONE
2026-09-28T22:38:06.066+00:00,875.802,manual,Manual cook,temp,2100,449.6,,esp32,,0,,,,,,,,,,,,1,450.0,12.0,25.0,0,NONE
2026-09-28T22:38:07.065+00:00,876.802,manual,Manual cook,temp,2100,450.0,,esp32,,0,,,,,,,,,,,,1,450.0,9.0,9.0,0,NONE
2026-09-28T22:38:07.566+00:00,877.302,manual,Manual cook,temp,2100,448.7,,esp32,,0,,,,,,,,,,,,1,450.0,1.0,1.0,0,NONE
2026-09-28T22:38:08.565+00:00,878.302,manual,Manual cook,temp,2100,449.6,,esp32,,0,,,,,,,,,,,,1,450.0,0.0,0.0,0,NONE
2026-09-28T22:38:09.565+00:00,879.302,manual,Manual cook,temp,2100,450.0,,esp32,,0,,,,,,,,,,,,1,450.0,1.0,1.0,0,NONE
2026-09-28T22:38:10.066+00:00,879.802,manual,Manual cook,temp,2100,449.1,,esp32,,0,,,,,,,,,,,,1,450.0,25.0,25.0,0,NONE
2026-09-28T22:38:10.567+00:00,880.304,manual,Manual cook,temp,2100,449.6,,esp32,,0,,,,,,,,,,,,1,450.0,0.0,0.0,0,NONE
2026-09-28T22:38:11.565+00:00,881.302,manual,Manual cook,temp,2100,449.1,,esp32,,0,,,,,,,,,,,,1,450.0,17.0,17.0,0,NONE
2026-09-28T22:38:12.066+00:00,881.802,manual,Manual cook,temp,2100,449.1,,esp32,,0,,,,,,,,,,,,1,450.0,26.0,26.0,0,NONE
2026-09-28T22:38:13.066+00:00,882.803,manual,Manual cook,temp,2100,449.6,,esp32,,0,,,,,,,,,,,,1,450.0,2.0,2.0,0,NONE
2026-09-28T22:38:14.066+00:00,883.802,manual,Manual cook,temp,2100,449.6,,esp32,,0,,,,,,,,,,,,1,450.0,17.0,17.0,0,NONE
2026-09-28T22:38:15.065+00:00,884.802,manual,Manual cook,temp,2100,449.6,,esp32,,0,,,,,,,,,,,,1,450.0,9.0,9.0,0,NONE
2026-09-28T22:38:15.566+00:00,885.302,manual,Manual cook,temp,2100,449.6,,esp32,,0,,,,,,,,,,,,1,450.0,17.0,17.0,0,NONE
2026-09-28T22:38:16.565+00:00,886.302,manual,Manual cook,temp,2100,449.6,,esp32,,0,,,,,,,,,,,,1,450.0,9.0,9.0,0,NONE
2026-09-28T22:38:17.065+00:00,886.802,manual,Manual cook,temp,2100,449.1,,esp32,,0,,,,,,,,,,,,1,450.0,18.0,18.0,0,NONE
2026-09-28T22:38:17.566+00:00,887.302,manual,Manual cook,temp,2100,449.1,,esp32,,0,,,,,,,,,,,,1,450.0,10.0,10.0,0,NONE
2026-09-28T22:38:18.565+00:00,888.302,manual,Manual cook,temp,2100,449.1,,esp32,,0,,,,,,,,,,,,1,450.0,9.0,9.0,0,NONE
2026-09-28T22:38:19.066+00:00,888.802,manual,Manual cook,temp,2100,449.6,,esp32,,0,,,,,,,,,,,,1,450.0,18.0,18.0,0,NONE
2026-09-28T22:38:20.065+00:00,889.802,manual,Manual cook,temp,2100,449.1,,esp32,,0,,,,,,,,,,,,1,450.0,18.0,18.0,0,NONE
2026-09-28T22:38:20.566+00:00,890.302,manual,Manual cook,temp,2100,449.1,,esp32,,0,,,,,,,,,,,,1,450.0,10.0,10.0,0,NONE
2026-09-28T22:38:21.565+00:00,891.302,manual,Manual cook,temp,2100,449.6,,esp32,,0,,,,,,,,,,,,1,450.0,0.0,0.0,0,NONE
2026-09-28T22:38:22.565+00:00,892.302,manual,Manual cook,temp,2100,449.6,,esp32,,0,,,,,,,,,,,,1,450.0,9.0,9.0,0,NONE
2026-09-28T22:38:23.065+00:00,892.802,manual,Manual cook,temp,2100,448.7,,esp32,,0,,,,,,,,,,,,1,450.0,26.0,26.0,0,NONE
2026-09-28T22:38:23.566+00:00,893.302,manual,Manual cook,temp,2100,449.6,,esp32,,0,,,,,,,,,,,,1,450.0,0.0,0.0,0,NONE
2026-09-28T22:38:24.565+00:00,894.302,manual,Manual cook,temp,2100,449.6,,esp32,,0,,,,,,,,,,,,1,450.0,10.0,10.0,0,NONE
2026-09-28T22:38:25.065+00:00,894.802,manual,Manual cook,temp,2100,449.1,,esp32,,0,,,,,,,,,,,,1,450.0,10.0,10.0,0,NONE
2026-09-28T22:38:25.565+00:00,895.302,manual,Manual cook,temp,2100,449.6,,esp32,,0,,,,,,,,,,,,1,450.0,18.0,18.0,0,NONE
2026-09-28T22:38:26.565+00:00,896.302,manual,Manual cook,temp,2100,450.5,,esp32,,0,,,,,,,,,,,,1,450.0,0.0,0.0,0,NONE
2026-09-28T22:38:27.065+00:00,896.802,manual,Manual cook,temp,2100,450.0,,esp32,,0,,,,,,,,,,,,1,450.0,12.0,16.0,0,NONE
2026-09-28T22:38:28.065+00:00,897.802,manual,Manual cook,temp,2100,450.5,,esp32,,0,,,,,,,,,,,,1,450.0,24.0,24.0,0,NONE
2026-09-28T22:38:29.066+00:00,898.802,manual,Manual cook,temp,2100,449.6,,esp32,,0,,,,,,,,,,,,1,450.0,0.0,0.0,0,NONE
2026-09-28T22:38:30.065+00:00,899.802,manual,Manual cook,temp,2100,449.6,,esp32,,0,,,,,,,,,,,,1,450.0,1.0,1.0,0,NONE
2026-09-28T22:38:30.565+00:00,900.302,manual,Manual cook,temp,2100,449.6,,esp32,,0,,,,,,,,,,,,1,450.0,17.0,17.0,0,NONE
2026-09-28T22:38:31.565+00:00,901.302,manual,Manual cook,temp,2100,449.1,,esp32,,0,,,,,,,,,,,,1,450.0,10.0,10.0,0,NONE
2026-09-28T22:38:32.565+00:00,902.302,manual,Manual cook,temp,2100,449.6,,esp32,,0,,,,,,,,,,,,1,450.0,10.0,10.0,0,NONE
2026-09-28T22:38:33.565+00:00,903.302,manual,Manual cook,temp,2100,449.6,,esp32,,0,,,,,,,,,,,,1,450.0,10.0,10.0,0,NONE
2026-09-28T22:38:34.065+00:00,903.802,manual,Manual cook,temp,2100,449.6,,esp32,,0,,,,,,,,,,,,1,450.0,26.0,26.0,0,NONE
2026-09-28T22:38:35.065+00:00,904.802,manual,Manual cook,temp,2100,449.6,,esp32,,0,,,,,,,,,,,,1,450.0,12.0,18.0,0,NONE
2026-09-28T22:38:36.065+00:00,905.802,manual,Manual cook,temp,2100,449.1,,esp32,,0,,,,,,,,,,,,1,450.0,18.0,18.0,0,NONE
2026-09-28T22:38:37.065+00:00,906.802,manual,Manual cook,temp,2100,449.6,,esp32,,0,,,,,,,,,,,,1,450.0,12.0,17.0,0,NONE
2026-09-28T22:38:38.065+00:00,907.802,manual,Manual cook,temp,2100,449.6,,esp32,,0,,,,,,,,,,,,1,450.0,17.0,17.0,0,NONE
2026-09-28T22:38:38.565+00:00,908.302,manual,Manual cook,temp,2100,449.6,,esp32,,0,,,,,,,,,,,,1,450.0,10.0,10.0,0,NONE
2026-09-28T22:38:39.065+00:00,908.802,manual,Manual cook,temp,2100,448.7,,esp32,,0,,,,,,,,,,,,1,450.0,10.0,10.0,0,NONE
2026-09-28T22:38:39.566+00:00,909.303,manual,Manual cook,temp,2100,449.6,,esp32,,0,,,,,,,,,,,,1,450.0,26.0,26.0,0,NONE
2026-09-28T22:38:40.565+00:00,910.302,manual,Manual cook,temp,2100,449.1,,esp32,,0,,,,,,,,,,,,1,450.0,10.0,10.0,0,NONE
2026-09-28T22:38:41.065+00:00,910.802,manual,Manual cook,temp,2100,449.6,,esp32,,0,,,,,,,,,,,,1,450.0,18.0,18.0,0,NONE
2026-09-28T22:38:42.065+00:00,911.802,manual,Manual cook,temp,2100,449.6,,esp32,,0,,,,,,,,,,,,1,450.0,10.0,10.0,0,NONE
2026-09-28T22:38:42.565+00:00,912.302,manual,Manual cook,temp,2100,449.6,,esp32,,0,,,,,,,,,,,,1,450.0,26.0,26.0,0,NONE
2026-09-28T22:38:43.565+00:00,913.302,manual,Manual cook,temp,2100,449.6,,esp32,,0,,,,,,,,,,,,1,450.0,10.0,10.0,0,NONE
2026-09-28T22:38:44.065+00:00,913.802,manual,Manual cook,temp,2100,449.1,,esp32,,0,,,,,,,,,,,,1,450.0,18.0,18.0,0,NONE
2026-09-28T22:38:45.066+00:00,914.802,manual,Manual cook,temp,2100,449.1,,esp32,,0,,,,,,,,,,,,1,450.0,11.0,11.0,0,NONE
2026-09-28T22:38:46.065+00:00,915.802,manual,Manual cook,temp,2100,448.7,,esp32,,0,,,,,,,,,,,,1,450.0,19.0,19.0,0,NONE
2026-09-28T22:38:47.065+00:00,916.801,manual,Manual cook,temp,2100,450.0,,esp32,,0,,,,,,,,,,,,1,450.0,2.0,2.0,0,NONE
2026-09-28T22:38:48.065+00:00,917.802,manual,Manual cook,temp,2100,450.0,,esp32,,0,,,,,,,,,,,,1,450.0,17.0,17.0,0,NONE
2026-09-28T22:38:49.065+00:00,918.802,manual,Manual cook,temp,2100,449.1,,esp32,,0,,,,,,,,,,,,1,450.0,17.0,17.0,0,NONE
2026-09-28T22:38:50.065+00:00,919.801,manual,Manual cook,temp,2100,450.0,,esp32,,0,,,,,,,,,,,,1,450.0,3.0,3.0,0,NONE
2026-09-28T22:38:50.566+00:00,920.302,manual,Manual cook,temp,2100,450.0,,esp32,,0,,,,,,,,,,,,1,450.0,2.0,2.0,0,NONE
2026-09-28T22:38:51.565+00:00,921.302,manual,Manual cook,temp,2100,450.5,,esp32,,0,,,,,,,,,,,,1,450.0,9.0,9.0,0,NONE
2026-09-28T22:38:52.565+00:00,922.302,manual,Manual cook,temp,2100,450.0,,esp32,,0,,,,,,,,,,,,1,450.0,16.0,16.0,0,NONE
2026-09-28T22:38:53.565+00:00,923.302,manual,Manual cook,temp,2100,449.6,,esp32,,0,,,,,,,,,,,,1,450.0,17.0,17.0,0,NONE
2026-09-28T22:38:54.565+00:00,924.301,manual,Manual cook,temp,2100,450.5,,esp32,,0,,,,,,,,,,,,1,450.0,8.0,8.0,0,NONE
2026-09-28T22:38:55.065+00:00,924.801,manual,Manual cook,temp,2100,451.0,,esp32,,0,,,,,,,,,,,,1,450.0,0.0,0.0,0,NONE
2026-09-28T22:38:55.565+00:00,925.302,manual,Manual cook,temp,2100,450.5,,esp32,,0,,,,,,,,,,,,1,450.0,12.0,15.0,0,NONE
2026-09-28T22:38:56.066+00:00,925.802,manual,Manual cook,temp,2100,450.5,,esp32,,0,,,,,,,,,,,,1,450.0,8.0,8.0,0,NONE
2026-09-28T22:38:57.065+00:00,926.801,manual,Manual cook,temp,2100,450.0,,esp32,,0,,,,,,,,,,,,1,450.0,0.0,0.0,0,NONE
2026-09-28T22:38:57.565+00:00,927.301,manual,Manual cook,temp,2100,451.0,,esp32,,0,,,,,,,,,,,,1,450.0,9.0,9.0,0,NONE
2026-09-28T22:38:58.565+00:00,928.301,manual,Manual cook,temp,2100,451.0,,esp32,,0,,,,,,,,,,,,1,450.0,7.0,7.0,0,NONE
2026-09-28T22:38:59.065+00:00,928.802,manual,Manual cook,temp,2100,450.5,,esp32,,0,,,,,,,,,,,,1,450.0,15.0,15.0,0,NONE
2026-09-28T22:39:00.065+00:00,929.801,manual,Manual cook,temp,2100,450.5,,esp32,,0,,,,,,,,,,,,1,450.0,8.0,8.0,0,NONE
2026-09-28T22:39:01.065+00:00,930.802,manual,Manual cook,temp,2100,451.4,,esp32,,0,,,,,,,,,,,,1,450.0,8.0,8.0,0,NONE
2026-09-28T22:39:02.065+00:00,931.802,manual,Manual cook,temp,2100,450.5,,esp32,,0,,,,,,,,,,,,1,450.0,12.0,22.0,0,NONE
2026-09-28T22:39:03.065+00:00,932.801,manual,Manual cook,temp,2100,450.5,,esp32,,0,,,,,,,,,,,,1,450.0,6.0,6.0,0,NONE
2026-09-28T22:39:03.565+00:00,933.301,manual,Manual cook,temp,2100,450.5,,esp32,,0,,,,,,,,,,,,1,450.0,22.0,22.0,0,NONE
2026-09-28T22:39:04.065+00:00,933.802,manual,Manual cook,temp,2100,451.0,,esp32,,0,,,,,,,,,,,,1,450.0,16.0,16.0,0,NONE
2026-09-28T22:39:05.065+00:00,934.801,manual,Manual cook,temp,2100,451.4,,esp32,,0,,,,,,,,,,,,1,450.0,7.0,7.0,0,NONE
2026-09-28T22:39:06.065+00:00,935.801,manual,Manual cook,temp,2100,451.0,,esp32,,0,,,,,,,,,,,,1,450.0,6.0,6.0,0,NONE
2026-09-28T22:39:06.566+00:00,936.302,manual,Manual cook,temp,2100,451.0,,esp32,,0,,,,,,,,,,,,1,450.0,14.0,14.0,0,NONE
2026-09-28T22:39:07.066+00:00,936.802,manual,Manual cook,temp,2100,451.0,,esp32,,0,,,,,,,,,,,,1,450.0,7.0,7.0,0,NONE
2026-09-28T22:39:08.065+00:00,937.801,manual,Manual cook,temp,2100,451.4,,esp32,,0,,,,,,,,,,,,1,450.0,7.0,7.0,0,NONE
2026-09-28T22:39:09.065+00:00,938.802,manual,Manual cook,temp,2100,451.9,,esp32,,0,,,,,,,,,,,,1,450.0,12.0,14.0,0,NONE
2026-09-28T22:39:10.065+00:00,939.801,manual,Manual cook,temp,2100,451.4,,esp32,,0,,,,,,,,,,,,1,450.0,12.0,13.0,0,NONE
2026-09-28T22:39:11.065+00:00,940.801,manual,Manual cook,temp,2100,451.0,,esp32,,0,,,,,,,,,,,,1,450.0,7.0,7.0,0,NONE
2026-09-28T22:39:12.065+00:00,941.802,manual,Manual cook,temp,2100,451.9,,esp32,,0,,,,,,,,,,,,1,450.0,12.0,13.0,0,NONE
2026-09-28T22:39:12.566+00:00,942.302,manual,Manual cook,temp,2100,451.0,,esp32,,0,,,,,,,,,,,,1,450.0,0.0,0.0,0,NONE
2026-09-28T22:39:13.066+00:00,942.802,manual,Manual cook,temp,2100,451.0,,esp32,,0,,,,,,,,,,,,1,450.0,12.0,21.0,0,NONE
2026-09-28T22:39:14.065+00:00,943.801,manual,Manual cook,temp,2100,451.0,,esp32,,0,,,,,,,,,,,,1,450.0,7.0,7.0,0,NONE
2026-09-28T22:39:15.065+00:00,944.802,manual,Manual cook,temp,2100,451.4,,esp32,,0,,,,,,,,,,,,1,450.0,5.0,5.0,0,NONE
2026-09-28T22:39:16.065+00:00,945.801,manual,Manual cook,temp,2100,451.4,,esp32,,0,,,,,,,,,,,,1,450.0,6.0,6.0,0,NONE
2026-09-28T22:39:16.565+00:00,946.302,manual,Manual cook,temp,2100,451.0,,esp32,,0,,,,,,,,,,,,1,450.0,14.0,14.0,0,NONE
2026-09-28T22:39:17.565+00:00,947.301,manual,Manual cook,temp,2100,451.4,,esp32,,0,,,,,,,,,,,,1,450.0,0.0,0.0,0,NONE
2026-09-28T22:39:18.065+00:00,947.801,manual,Manual cook,temp,2100,451.4,,esp32,,0,,,,,,,,,,,,1,450.0,6.0,6.0,0,NONE
2026-09-28T22:39:18.565+00:00,948.301,manual,Manual cook,temp,2100,451.9,,esp32,,0,,,,,,,,,,,,1,450.0,0.0,0.0,0,NONE
2026-09-28T22:39:19.565+00:00,949.301,manual,Manual cook,temp,2100,452.3,,esp32,,0,,,,,,,,,,,,1,450.0,13.0,13.0,0,NONE
2026-09-28T22:39:20.565+00:00,950.301,manual,Manual cook,temp,2100,451.9,,esp32,,0,,,,,,,,,,,,1,450.0,12.0,12.0,0,NONE
2026-09-28T22:39:21.065+00:00,950.801,manual,Manual cook,temp,2100,451.4,,esp32,,0,,,,,,,,,,,,1,450.0,13.0,13.0,0,NONE
2026-09-28T22:39:22.065+00:00,951.801,manual,Manual cook,temp,2100,451.9,,esp32,,0,,,,,,,,,,,,1,450.0,0.0,0.0,0,NONE
2026-09-28T22:39:22.565+00:00,952.301,manual,Manual cook,temp,2100,451.0,,esp32,,0,,,,,,,,,,,,1,450.0,12.0,29.0,0,NONE
2026-09-28T22:39:24.065+00:00,953.801,manual,Manual cook,temp,2100,451.4,,esp32,,0,,,,,,,,,,,,1,450.0,6.0,6.0,0,NONE
2026-09-28T22:39:25.065+00:00,954.801,manual,Manual cook,temp,2100,451.9,,esp32,,0,,,,,,,,,,,,1,450.0,12.0,13.0,0,NONE
2026-09-28T22:39:26.065+00:00,955.801,manual,Manual cook,temp,2100,451.4,,esp32,,0,,,,,,,,,,,,1,450.0,12.0,13.0,0,NONE
2026-09-28T22:39:26.565+00:00,956.301,manual,Manual cook,temp,2100,451.4,,esp32,,0,,,,,,,,,,,,1,450.0,14.0,14.0,0,NONE
2026-09-28T22:39:27.565+00:00,957.301,manual,Manual cook,temp,2100,451.4,,esp32,,0,,,,,,,,,,,,1,450.0,12.0,22.0,0,NONE
2026-09-28T22:39:28.565+00:00,958.301,manual,Manual cook,temp,2100,451.0,,esp32,,0,,,,,,,,,,,,1,450.0,12.0,14.0,0,NONE
2026-09-28T22:39:29.065+00:00,958.802,manual,Manual cook,temp,2100,451.0,,esp32,,0,,,,,,,,,,,,1,450.0,7.0,7.0,0,NONE
2026-09-28T22:39:30.065+00:00,959.801,manual,Manual cook,temp,2100,449.6,,esp32,,0,,,,,,,,,,,,1,450.0,24.0,24.0,0,NONE
2026-09-28T22:39:31.065+00:00,960.801,manual,Manual cook,temp,2100,450.5,,esp32,,0,,,,,,,,,,,,1,450.0,12.0,15.0,0,NONE
2026-09-28T22:39:31.565+00:00,961.301,manual,Manual cook,temp,2100,450.0,,esp32,,0,,,,,,,,,,,,1,450.0,16.0,16.0,0,NONE
2026-09-28T22:39:32.565+00:00,962.301,manual,Manual cook,temp,2100,450.5,,esp32,,0,,,,,,,,,,,,1,450.0,12.0,15.0,0,NONE
2026-09-28T22:39:33.565+00:00,963.301,manual,Manual cook,temp,2100,450.5,,esp32,,0,,,,,,,,,,,,1,450.0,7.0,7.0,0,NONE
2026-09-28T22:39:34.065+00:00,963.801,manual,Manual cook,temp,2100,450.0,,esp32,,0,,,,,,,,,,,,1,450.0,0.0,0.0,0,NONE
2026-09-28T22:39:34.565+00:00,964.301,manual,Manual cook,temp,2100,450.0,,esp32,,0,,,,,,,,,,,,1,450.0,12.0,23.0,0,NONE
2026-09-28T22:39:35.565+00:00,965.301,manual,Manual cook,temp,2100,450.5,,esp32,,0,,,,,,,,,,,,1,450.0,0.0,0.0,0,NONE
2026-09-28T22:39:36.065+00:00,965.801,manual,Manual cook,temp,2100,451.0,,esp32,,0,,,,,,,,,,,,1,450.0,7.0,7.0,0,NONE
2026-09-28T22:39:36.565+00:00,966.301,manual,Manual cook,temp,2100,451.0,,esp32,,0,,,,,,,,,,,,1,450.0,0.0,0.0,0,NONE
2026-09-28T22:39:37.565+00:00,967.301,manual,Manual cook,temp,2100,450.5,,esp32,,0,,,,,,,,,,,,1,450.0,15.0,15.0,0,NONE
2026-09-28T22:39:38.065+00:00,967.801,manual,Manual cook,temp,2100,450.0,,esp32,,0,,,,,,,,,,,,1,450.0,16.0,16.0,0,NONE
2026-09-28T22:39:39.065+00:00,968.801,manual,Manual cook,temp,2100,449.6,,esp32,,0,,,,,,,,,,,,1,450.0,12.0,24.0,0,NONE
2026-09-28T22:39:39.565+00:00,969.302,manual,Manual cook,temp,2100,450.5,,esp32,,0,,,,,,,,,,,,1,450.0,9.0,9.0,0,NONE
2026-09-28T22:39:40.065+00:00,969.802,manual,Manual cook,temp,2100,449.1,,esp32,,0,,,,,,,,,,,,1,450.0,0.0,0.0,0,NONE
2026-09-28T22:39:41.065+00:00,970.801,manual,Manual cook,temp,2100,450.5,,esp32,,0,,,,,,,,,,,,1,450.0,0.0,0.0,0,NONE
2026-09-28T22:39:41.565+00:00,971.301,manual,Manual cook,temp,2100,449.1,,esp32,,0,,,,,,,,,,,,1,450.0,12.0,32.0,0,NONE
2026-09-28T22:39:42.565+00:00,972.301,manual,Manual cook,temp,2100,449.1,,esp32,,0,,,,,,,,,,,,1,450.0,12.0,32.0,0,NONE
2026-09-28T22:39:43.565+00:00,973.301,manual,Manual cook,temp,2100,448.7,,esp32,,0,,,,,,,,,,,,1,450.0,18.0,18.0,0,NONE
2026-09-28T22:39:44.565+00:00,974.301,manual,Manual cook,temp,2100,449.6,,esp32,,0,,,,,,,,,,,,1,450.0,9.0,9.0,0,NONE
2026-09-28T22:39:45.065+00:00,974.801,manual,Manual cook,temp,2100,449.6,,esp32,,0,,,,,,,,,,,,1,450.0,9.0,9.0,0,NONE
2026-09-28T22:39:45.565+00:00,975.302,manual,Manual cook,temp,2100,449.6,,esp32,,0,,,,,,,,,,,,1,450.0,9.0,9.0,0,NONE
2026-09-28T22:39:46.565+00:00,976.301,manual,Manual cook,temp,2100,448.7,,esp32,,0,,,,,,,,,,,,1,450.0,26.0,26.0,0,NONE
2026-09-28T22:39:47.565+00:00,977.301,manual,Manual cook,temp,2100,449.1,,esp32,,0,,,,,,,,,,,,1,450.0,12.0,17.0,0,NONE
2026-09-28T22:39:48.565+00:00,978.301,manual,Manual cook,temp,2100,449.1,,esp32,,0,,,,,,,,,,,,1,450.0,17.0,17.0,0,NONE
2026-09-28T22:39:49.565+00:00,979.301,manual,Manual cook,temp,2100,449.6,,esp32,,0,,,,,,,,,,,,1,450.0,26.0,26.0,0,NONE
2026-09-28T22:39:50.565+00:00,980.301,manual,Manual cook,temp,2100,449.1,,esp32,,0,,,,,,,,,,,,1,450.0,12.0,17.0,0,NONE
2026-09-28T22:39:51.066+00:00,980.802,manual,Manual cook,temp,2100,449.6,,esp32,,0,,,,,,,,,,,,1,450.0,10.0,10.0,0,NONE
2026-09-28T22:39:52.065+00:00,981.801,manual,Manual cook,temp,2100,449.1,,esp32,,0,,,,,,,,,,,,1,450.0,9.0,9.0,0,NONE
2026-09-28T22:39:52.565+00:00,982.301,manual,Manual cook,temp,2100,449.1,,esp32,,0,,,,,,,,,,,,1,450.0,18.0,18.0,0,NONE
2026-09-28T22:39:53.565+00:00,983.301,manual,Manual cook,temp,2100,448.7,,esp32,,0,,,,,,,,,,,,1,450.0,26.0,26.0,0,NONE
2026-09-28T22:39:54.565+00:00,984.301,manual,Manual cook,temp,2100,449.1,,esp32,,0,,,,,,,,,,,,1,450.0,12.0,25.0,0,NONE
2026-09-28T22:39:55.565+00:00,985.301,manual,Manual cook,temp,2100,450.0,,esp32,,0,,,,,,,,,,,,1,450.0,12.0,49.0,0,NONE
2026-09-28T22:39:56.566+00:00,986.302,manual,Manual cook,temp,2100,449.6,,esp32,,0,,,,,,,,,,,,1,450.0,12.0,17.0,0,NONE
2026-09-28T22:39:57.565+00:00,987.301,manual,Manual cook,temp,2100,449.6,,esp32,,0,,,,,,,,,,,,1,450.0,18.0,18.0,0,NONE
2026-09-28T22:39:58.565+00:00,988.301,manual,Manual cook,temp,2100,449.1,,esp32,,0,,,,,,,,,,,,1,450.0,12.0,18.0,0,NONE
2026-09-28T22:39:59.565+00:00,989.301,manual,Manual cook,temp,2100,449.6,,esp32,,0,,,,,,,,,,,,1,450.0,10.0,10.0,0,NONE
2026-09-28T22:40:00.565+00:00,990.301,manual,Manual cook,temp,2100,448.7,,esp32,,0,,,,,,,,,,,,1,450.0,26.0,26.0,0,NONE
2026-09-28T22:40:01.565+00:00,991.301,manual,Manual cook,temp,2100,449.6,,esp32,,0,,,,,,,,,,,,1,450.0,3.0,3.0,0,NONE
2026-09-28T22:40:02.065+00:00,991.801,manual,Manual cook,temp,2100,449.6,,esp32,,0,,,,,,,,,,,,1,450.0,2.0,2.0,0,NONE
2026-09-28T22:40:03.065+00:00,992.801,manual,Manual cook,temp,2100,449.6,,esp32,,0,,,,,,,,,,,,1,450.0,26.0,26.0,0,NONE
2026-09-28T22:40:04.065+00:00,993.801,manual,Manual cook,temp,2100,449.1,,esp32,,0,,,,,,,,,,,,1,450.0,12.0,18.0,0,NONE
2026-09-28T22:40:05.065+00:00,994.801,manual,Manual cook,temp,2100,448.7,,esp32,,0,,,,,,,,,,,,1,450.0,26.0,26.0,0,NONE
2026-09-28T22:40:06.064+00:00,995.801,manual,Manual cook,temp,2100,449.1,,esp32,,0,,,,,,,,,,,,1,450.0,3.0,3.0,0,NONE
2026-09-28T22:40:06.564+00:00,996.301,manual,Manual cook,temp,2100,449.6,,esp32,,0,,,,,,,,,,,,1,450.0,2.0,2.0,0,NONE
2026-09-28T22:40:07.065+00:00,996.801,manual,Manual cook,temp,2100,449.6,,esp32,,0,,,,,,,,,,,,1,450.0,10.0,10.0,0,NONE
2026-09-28T22:40:07.566+00:00,997.302,manual,Manual cook,temp,2100,449.6,,esp32,,0,,,,,,,,,,,,1,450.0,10.0,10.0,0,NONE
2026-09-28T22:40:08.565+00:00,998.301,manual,Manual cook,temp,2100,449.6,,esp32,,0,,,,,,,,,,,,1,450.0,10.0,10.0,0,NONE
2026-09-28T22:40:09.065+00:00,998.801,manual,Manual cook,temp,2100,450.0,,esp32,,0,,,,,,,,,,,,1,450.0,10.0,10.0,0,NONE
2026-09-28T22:40:10.065+00:00,999.801,manual,Manual cook,temp,2100,449.6,,esp32,,0,,,,,,,,,,,,1,450.0,9.0,9.0,0,NONE
2026-09-28T22:40:11.064+00:00,1000.801,manual,Manual cook,temp,2100,450.5,,esp32,,0,,,,,,,,,,,,1,450.0,0.0,0.0,0,NONE
2026-09-28T22:40:12.065+00:00,1001.801,manual,Manual cook,temp,2100,450.0,,esp32,,0,,,,,,,,,,,,1,450.0,16.0,16.0,0,NONE
2026-09-28T22:40:13.065+00:00,1002.801,manual,Manual cook,temp,2100,450.0,,esp32,,0,,,,,,,,,,,,1,450.0,16.0,16.0,0,NONE
2026-09-28T22:40:14.064+00:00,1003.801,manual,Manual cook,temp,2100,450.5,,esp32,,0,,,,,,,,,,,,1,450.0,1.0,1.0,0,NONE
2026-09-28T22:40:15.065+00:00,1004.801,manual,Manual cook,temp,2100,451.0,,esp32,,0,,,,,,,,,,,,1,450.0,16.0,16.0,0,NONE
2026-09-28T22:40:16.065+00:00,1005.801,manual,Manual cook,temp,2100,451.0,,esp32,,0,,,,,,,,,,,,1,450.0,12.0,15.0,0,NONE
2026-09-28T22:40:17.065+00:00,1006.801,manual,Manual cook,temp,2100,450.5,,esp32,,0,,,,,,,,,,,,1,450.0,12.0,15.0,0,NONE
2026-09-28T22:40:18.065+00:00,1007.802,manual,Manual cook,temp,2100,450.5,,esp32,,0,,,,,,,,,,,,1,450.0,8.0,8.0,0,NONE
2026-09-28T22:40:19.065+00:00,1008.801,manual,Manual cook,temp,2100,450.0,,esp32,,0,,,,,,,,,,,,1,450.0,12.0,23.0,0,NONE
2026-09-28T22:40:20.064+00:00,1009.801,manual,Manual cook,temp,2100,450.5,,esp32,,0,,,,,,,,,,,,1,450.0,1.0,1.0,0,NONE
2026-09-28T22:40:21.064+00:00,1010.801,manual,Manual cook,temp,2100,451.0,,esp32,,0,,,,,,,,,,,,1,450.0,7.0,7.0,0,NONE
2026-09-28T22:40:22.065+00:00,1011.801,manual,Manual cook,temp,2100,450.5,,esp32,,0,,,,,,,,,,,,1,450.0,15.0,15.0,0,NONE
2026-09-28T22:40:23.064+00:00,1012.801,manual,Manual cook,temp,2100,450.5,,esp32,,0,,,,,,,,,,,,1,450.0,8.0,8.0,0,NONE
2026-09-28T22:40:23.564+00:00,1013.301,manual,Manual cook,temp,2100,450.0,,esp32,,0,,,,,,,,,,,,1,450.0,8.0,8.0,0,NONE
2026-09-28T22:40:24.064+00:00,1013.801,manual,Manual cook,temp,2100,450.0,,esp32,,0,,,,,,,,,,,,1,450.0,16.0,16.0,0,NONE
2026-09-28T22:40:25.064+00:00,1014.801,manual,Manual cook,temp,2100,450.0,,esp32,,0,,,,,,,,,,,,1,450.0,9.0,9.0,0,NONE
2026-09-28T22:40:26.064+00:00,1015.801,manual,Manual cook,temp,2100,451.4,,esp32,,0,,,,,,,,,,,,1,450.0,0.0,0.0,0,NONE
2026-09-28T22:40:26.564+00:00,1016.301,manual,Manual cook,temp,2100,451.9,,esp32,,0,,,,,,,,,,,,1,450.0,0.0,0.0,0,NONE
2026-09-28T22:40:27.564+00:00,1017.301,manual,Manual cook,temp,2100,451.4,,esp32,,0,,,,,,,,,,,,1,450.0,12.0,20.0,0,NONE
2026-09-28T22:40:28.065+00:00,1017.801,manual,Manual cook,temp,2100,451.0,,esp32,,0,,,,,,,,,,,,1,450.0,14.0,14.0,0,NONE
2026-09-28T22:40:28.565+00:00,1018.301,manual,Manual cook,temp,2100,451.0,,esp32,,0,,,,,,,,,,,,1,450.0,7.0,7.0,0,NONE
2026-09-28T22:40:29.565+00:00,1019.301,manual,Manual cook,temp,2100,451.9,,esp32,,0,,,,,,,,,,,,1,450.0,12.0,13.0,0,NONE
2026-09-28T22:40:30.564+00:00,1020.301,manual,Manual cook,temp,2100,451.4,,esp32,,0,,,,,,,,,,,,1,450.0,12.0,13.0,0,NONE
2026-09-28T22:40:31.065+00:00,1020.801,manual,Manual cook,temp,2100,451.0,,esp32,,0,,,,,,,,,,,,1,450.0,14.0,14.0,0,NONE
2026-09-28T22:40:32.564+00:00,1022.301,manual,Manual cook,temp,2100,451.4,,esp32,,0,,,,,,,,,,,,1,450.0,6.0,6.0,0,NONE
2026-09-28T22:40:33.064+00:00,1022.801,manual,Manual cook,temp,2100,451.4,,esp32,,0,,,,,,,,,,,,1,450.0,22.0,22.0,0,NONE
2026-09-28T22:40:34.065+00:00,1023.801,manual,Manual cook,temp,2100,451.4,,esp32,,0,,,,,,,,,,,,1,450.0,6.0,6.0,0,NONE
2026-09-28T22:40:35.064+00:00,1024.801,manual,Manual cook,temp,2100,451.9,,esp32,,0,,,,,,,,,,,,1,450.0,0.0,0.0,0,NONE
2026-09-28T22:40:35.564+00:00,1025.301,manual,Manual cook,temp,2100,450.5,,esp32,,0,,,,,,,,,,,,1,450.0,12.0,29.0,0,NONE
2026-09-28T22:40:36.564+00:00,1026.301,manual,Manual cook,temp,2100,451.9,,esp32,,0,,,,,,,,,,,,1,450.0,12.0,13.0,0,NONE
2026-09-28T22:40:37.564+00:00,1027.301,manual,Manual cook,temp,2100,451.4,,esp32,,0,,,,,,,,,,,,1,450.0,12.0,13.0,0,NONE
2026-09-28T22:40:38.065+00:00,1027.801,manual,Manual cook,temp,2100,451.4,,esp32,,0,,,,,,,,,,,,1,450.0,0.0,0.0,0,NONE
2026-09-28T22:40:39.064+00:00,1028.801,manual,Manual cook,temp,2100,451.4,,esp32,,0,,,,,,,,,,,,1,450.0,6.0,6.0,0,NONE
2026-09-28T22:40:39.567+00:00,1029.304,manual,Manual cook,temp,2100,451.4,,esp32,,0,,,,,,,,,,,,1,450.0,14.0,14.0,0,NONE
2026-09-28T22:40:41.064+00:00,1030.801,manual,Manual cook,temp,2100,451.4,,esp32,,0,,,,,,,,,,,,1,450.0,6.0,6.0,0,NONE
2026-09-28T22:40:41.564+00:00,1031.301,manual,Manual cook,temp,2100,450.5,,esp32,,0,,,,,,,,,,,,1,450.0,22.0,22.0,0,NONE
2026-09-28T22:40:42.064+00:00,1031.801,manual,Manual cook,temp,2100,451.0,,esp32,,0,,,,,,,,,,,,1,450.0,16.0,16.0,0,NONE
2026-09-28T22:40:43.064+00:00,1032.801,manual,Manual cook,temp,2100,450.5,,esp32,,0,,,,,,,,,,,,1,450.0,12.0,15.0,0,NONE
2026-09-28T22:40:44.064+00:00,1033.801,manual,Manual cook,temp,2100,451.0,,esp32,,0,,,,,,,,,,,,1,450.0,12.0,14.0,0,NONE
2026-09-28T22:40:45.064+00:00,1034.801,manual,Manual cook,temp,2100,451.0,,esp32,,0,,,,,,,,,,,,1,450.0,12.0,14.0,0,NONE
2026-09-28T22:40:46.064+00:00,1035.801,manual,Manual cook,temp,2100,451.0,,esp32,,0,,,,,,,,,,,,1,450.0,7.0,7.0,0,NONE
2026-09-28T22:40:47.064+00:00,1036.801,manual,Manual cook,temp,2100,451.9,,esp32,,0,,,,,,,,,,,,1,450.0,7.0,7.0,0,NONE
2026-09-28T22:40:48.065+00:00,1037.801,manual,Manual cook,temp,2100,451.0,,esp32,,0,,,,,,,,,,,,1,450.0,12.0,29.0,0,NONE
2026-09-28T22:40:49.065+00:00,1038.801,manual,Manual cook,temp,2100,451.4,,esp32,,0,,,,,,,,,,,,1,450.0,12.0,15.0,0,NONE
2026-09-28T22:40:50.065+00:00,1039.802,manual,Manual cook,temp,2100,450.5,,esp32,,0,,,,,,,,,,,,1,450.0,12.0,22.0,0,NONE
2026-09-28T22:40:51.064+00:00,1040.801,manual,Manual cook,temp,2100,451.0,,esp32,,0,,,,,,,,,,,,1,450.0,12.0,15.0,0,NONE
2026-09-28T22:40:52.064+00:00,1041.801,manual,Manual cook,temp,2100,450.0,,esp32,,0,,,,,,,,,,,,1,450.0,12.0,23.0,0,NONE
2026-09-28T22:40:53.064+00:00,1042.801,manual,Manual cook,temp,2100,450.5,,esp32,,0,,,,,,,,,,,,1,450.0,12.0,15.0,0,NONE
2026-09-28T22:40:54.064+00:00,1043.801,manual,Manual cook,temp,2100,450.5,,esp32,,0,,,,,,,,,,,,1,450.0,7.0,7.0,0,NONE
2026-09-28T22:40:54.564+00:00,1044.301,manual,Manual cook,temp,2100,450.0,,esp32,,0,,,,,,,,,,,,1,450.0,16.0,16.0,0,NONE
2026-09-28T22:40:55.065+00:00,1044.801,manual,Manual cook,temp,2100,449.6,,esp32,,0,,,,,,,,,,,,1,450.0,0.0,0.0,0,NONE
2026-09-28T22:40:55.565+00:00,1045.302,manual,Manual cook,temp,2100,450.0,,esp32,,0,,,,,,,,,,,,1,450.0,12.0,24.0,0,NONE
2026-09-28T22:40:56.564+00:00,1046.300,manual,Manual cook,temp,2100,450.5,,esp32,,0,,,,,,,,,,,,1,450.0,0.0,0.0,0,NONE
2026-09-28T22:40:57.064+00:00,1046.801,manual,Manual cook,temp,2100,449.6,,esp32,,0,,,,,,,,,,,,1,450.0,12.0,32.0,0,NONE
2026-09-28T22:40:58.065+00:00,1047.801,manual,Manual cook,temp,2100,448.7,,esp32,,0,,,,,,,,,,,,1,450.0,25.0,25.0,0,NONE
2026-09-28T22:40:59.064+00:00,1048.801,manual,Manual cook,temp,2100,449.6,,esp32,,0,,,,,,,,,,,,1,450.0,12.0,16.0,0,NONE
2026-09-28T22:40:59.564+00:00,1049.301,manual,Manual cook,temp,2100,449.1,,esp32,,0,,,,,,,,,,,,1,450.0,17.0,17.0,0,NONE
2026-09-28T22:41:00.064+00:00,1049.801,manual,Manual cook,temp,2100,449.1,,esp32,,0,,,,,,,,,,,,1,450.0,10.0,10.0,0,NONE
2026-09-28T22:41:01.065+00:00,1050.802,manual,Manual cook,temp,2100,449.1,,esp32,,0,,,,,,,,,,,,1,450.0,10.0,10.0,0,NONE
2026-09-28T22:41:02.064+00:00,1051.800,manual,Manual cook,temp,2100,449.1,,esp32,,0,,,,,,,,,,,,1,450.0,3.0,3.0,0,NONE
2026-09-28T22:41:02.564+00:00,1052.301,manual,Manual cook,temp,2100,447.8,,esp32,,0,,,,,,,,,,,,1,450.0,10.0,10.0,0,NONE
2026-09-28T22:41:03.564+00:00,1053.300,manual,Manual cook,temp,2100,449.1,,esp32,,0,,,,,,,,,,,,1,450.0,0.0,0.0,0,NONE
2026-09-28T22:41:04.064+00:00,1053.801,manual,Manual cook,temp,2100,448.7,,esp32,,0,,,,,,,,,,,,1,450.0,12.0,18.0,0,NONE
2026-09-28T22:41:04.564+00:00,1054.301,manual,Manual cook,temp,2100,450.0,,esp32,,0,,,,,,,,,,,,1,450.0,0.0,0.0,0,NONE
2026-09-28T22:41:05.564+00:00,1055.300,manual,Manual cook,temp,2100,449.6,,esp32,,0,,,,,,,,,,,,1,450.0,2.0,2.0,0,NONE
2026-09-28T22:41:06.064+00:00,1055.801,manual,Manual cook,temp,2100,449.6,,esp32,,0,,,,,,,,,,,,1,450.0,17.0,17.0,0,NONE
2026-09-28T22:41:07.064+00:00,1056.800,manual,Manual cook,temp,2100,450.0,,esp32,,0,,,,,,,,,,,,1,450.0,1.0,1.0,0,NONE
2026-09-28T22:41:07.564+00:00,1057.301,manual,Manual cook,temp,2100,448.7,,esp32,,0,,,,,,,,,,,,1,450.0,33.0,33.0,0,NONE
2026-09-28T22:41:08.564+00:00,1058.300,manual,Manual cook,temp,2100,450.0,,esp32,,0,,,,,,,,,,,,1,450.0,0.0,0.0,0,NONE
2026-09-28T22:41:09.064+00:00,1058.801,manual,Manual cook,temp,2100,449.1,,esp32,,0,,,,,,,,,,,,1,450.0,12.0,25.0,0,NONE
2026-09-28T22:41:09.564+00:00,1059.301,manual,Manual cook,temp,2100,448.3,,esp32,,0,,,,,,,,,,,,1,450.0,10.0,10.0,0,NONE
2026-09-28T22:41:10.564+00:00,1060.300,manual,Manual cook,temp,2100,448.7,,esp32,,0,,,,,,,,,,,,1,450.0,4.0,4.0,0,NONE
2026-09-28T22:41:11.064+00:00,1060.801,manual,Manual cook,temp,2100,448.7,,esp32,,0,,,,,,,,,,,,1,450.0,11.0,11.0,0,NONE
2026-09-28T22:41:11.565+00:00,1061.301,manual,Manual cook,temp,2100,448.7,,esp32,,0,,,,,,,,,,,,1,450.0,11.0,11.0,0,NONE
2026-09-28T22:41:12.564+00:00,1062.300,manual,Manual cook,temp,2100,449.6,,esp32,,0,,,,,,,,,,,,1,450.0,2.0,2.0,0,NONE
2026-09-28T22:41:13.064+00:00,1062.801,manual,Manual cook,temp,2100,448.7,,esp32,,0,,,,,,,,,,,,1,450.0,26.0,26.0,0,NONE
2026-09-28T22:41:14.064+00:00,1063.800,manual,Manual cook,temp,2100,449.6,,esp32,,0,,,,,,,,,,,,1,450.0,2.0,2.0,0,NONE
2026-09-28T22:41:14.564+00:00,1064.301,manual,Manual cook,temp,2100,448.7,,esp32,,0,,,,,,,,,,,,1,450.0,10.0,10.0,0,NONE
2026-09-28T22:41:15.064+00:00,1064.801,manual,Manual cook,temp,2100,449.6,,esp32,,0,,,,,,,,,,,,1,450.0,26.0,26.0,0,NONE
2026-09-28T22:41:16.064+00:00,1065.801,manual,Manual cook,temp,2100,449.6,,esp32,,0,,,,,,,,,,,,1,450.0,12.0,18.0,0,NONE
2026-09-28T22:41:17.065+00:00,1066.801,manual,Manual cook,temp,2100,449.6,,esp32,,0,,,,,,,,,,,,1,450.0,10.0,10.0,0,NONE
2026-09-28T22:41:18.064+00:00,1067.800,manual,Manual cook,temp,2100,449.1,,esp32,,0,,,,,,,,,,,,1,450.0,18.0,18.0,0,NONE
2026-09-28T22:41:19.064+00:00,1068.800,manual,Manual cook,temp,2100,449.1,,esp32,,0,,,,,,,,,,,,1,450.0,3.0,3.0,0,NONE
2026-09-28T22:41:19.564+00:00,1069.300,manual,Manual cook,temp,2100,449.1,,esp32,,0,,,,,,,,,,,,1,450.0,10.0,10.0,0,NONE
2026-09-28T22:41:20.564+00:00,1070.300,manual,Manual cook,temp,2100,449.1,,esp32,,0,,,,,,,,,,,,1,450.0,18.0,18.0,0,NONE
2026-09-28T22:41:21.564+00:00,1071.301,manual,Manual cook,temp,2100,450.5,,esp32,,0,,,,,,,,,,,,1,450.0,10.0,10.0,0,NONE
2026-09-28T22:41:22.565+00:00,1072.301,manual,Manual cook,temp,2100,450.0,,esp32,,0,,,,,,,,,,,,1,450.0,12.0,16.0,0,NONE
2026-09-28T22:41:23.564+00:00,1073.300,manual,Manual cook,temp,2100,450.0,,esp32,,0,,,,,,,,,,,,1,450.0,16.0,16.0,0,NONE
2026-09-28T22:41:24.564+00:00,1074.300,manual,Manual cook,temp,2100,450.5,,esp32,,0,,,,,,,,,,,,1,450.0,0.0,0.0,0,NONE
2026-09-28T22:41:25.064+00:00,1074.801,manual,Manual cook,temp,2100,451.0,,esp32,,0,,,,,,,,,,,,1,450.0,12.0,32.0,0,NONE
2026-09-28T22:41:26.064+00:00,1075.800,manual,Manual cook,temp,2100,450.0,,esp32,,0,,,,,,,,,,,,1,450.0,12.0,23.0,0,NONE
2026-09-28T22:41:27.064+00:00,1076.800,manual,Manual cook,temp,2100,449.6,,esp32,,0,,,,,,,,,,,,1,450.0,12.0,31.0,0,NONE
2026-09-28T22:41:27.564+00:00,1077.300,manual,Manual cook,temp,2100,449.6,,esp32,,0,,,,,,,,,,,,1,450.0,10.0,10.0,0,NONE
2026-09-28T22:41:28.065+00:00,1077.801,manual,Manual cook,temp,2100,450.5,,esp32,,0,,,,,,,,,,,,1,450.0,0.0,0.0,0,NONE
2026-09-28T22:41:29.064+00:00,1078.800,manual,Manual cook,temp,2100,450.5,,esp32,,0,,,,,,,,,,,,1,450.0,1.0,1.0,0,NONE
2026-09-28T22:41:29.564+00:00,1079.300,manual,Manual cook,temp,2100,449.6,,esp32,,0,,,,,,,,,,,,1,450.0,16.0,16.0,0,NONE
2026-09-28T22:41:30.564+00:00,1080.300,manual,Manual cook,temp,2100,449.1,,esp32,,0,,,,,,,,,,,,1,450.0,18.0,18.0,0,NONE
2026-09-28T22:41:31.064+00:00,1080.800,manual,Manual cook,temp,2100,449.6,,esp32,,0,,,,,,,,,,,,1,450.0,11.0,11.0,0,NONE
2026-09-28T22:41:32.064+00:00,1081.800,manual,Manual cook,temp,2100,450.0,,esp32,,0,,,,,,,,,,,,1,450.0,10.0,10.0,0,NONE
2026-09-28T22:41:33.064+00:00,1082.800,manual,Manual cook,temp,2100,449.1,,esp32,,0,,,,,,,,,,,,1,450.0,25.0,25.0,0,NONE
2026-09-28T22:41:34.064+00:00,1083.800,manual,Manual cook,temp,2100,449.1,,esp32,,0,,,,,,,,,,,,1,450.0,9.0,9.0,0,NONE
2026-09-28T22:41:34.564+00:00,1084.300,manual,Manual cook,temp,2100,449.1,,esp32,,0,,,,,,,,,,,,1,450.0,25.0,25.0,0,NONE
2026-09-28T22:41:35.564+00:00,1085.300,manual,Manual cook,temp,2100,448.3,,esp32,,0,,,,,,,,,,,,1,450.0,12.0,41.0,0,NONE
2026-09-28T22:41:36.564+00:00,1086.300,manual,Manual cook,temp,2100,449.6,,esp32,,0,,,,,,,,,,,,1,450.0,12.0,17.0,0,NONE
2026-09-28T22:41:37.564+00:00,1087.300,manual,Manual cook,temp,2100,449.6,,esp32,,0,,,,,,,,,,,,1,450.0,17.0,17.0,0,NONE
2026-09-28T22:41:38.564+00:00,1088.300,manual,Manual cook,temp,2100,449.6,,esp32,,0,,,,,,,,,,,,1,450.0,10.0,10.0,0,NONE
2026-09-28T22:41:39.564+00:00,1089.300,manual,Manual cook,temp,2100,448.7,,esp32,,0,,,,,,,,,,,,1,450.0,11.0,11.0,0,NONE
2026-09-28T22:41:40.064+00:00,1089.800,manual,Manual cook,temp,2100,449.1,,esp32,,0,,,,,,,,,,,,1,450.0,19.0,19.0,0,NONE
2026-09-28T22:41:41.064+00:00,1090.800,manual,Manual cook,temp,2100,448.7,,esp32,,0,,,,,,,,,,,,1,450.0,19.0,19.0,0,NONE
2026-09-28T22:41:42.064+00:00,1091.800,manual,Manual cook,temp,2100,448.7,,esp32,,0,,,,,,,,,,,,1,450.0,10.0,10.0,0,NONE
2026-09-28T22:41:43.064+00:00,1092.800,manual,Manual cook,temp,2100,449.6,,esp32,,0,,,,,,,,,,,,1,450.0,0.0,0.0,0,NONE
2026-09-28T22:41:43.565+00:00,1093.301,manual,Manual cook,temp,2100,449.6,,esp32,,0,,,,,,,,,,,,1,450.0,2.0,2.0,0,NONE
2026-09-28T22:41:44.564+00:00,1094.300,manual,Manual cook,temp,2100,449.1,,esp32,,0,,,,,,,,,,,,1,450.0,18.0,18.0,0,NONE
2026-09-28T22:41:45.564+00:00,1095.300,manual,Manual cook,temp,2100,450.0,,esp32,,0,,,,,,,,,,,,1,450.0,0.0,0.0,0,NONE
2026-09-28T22:41:46.064+00:00,1095.800,manual,Manual cook,temp,2100,451.0,,esp32,,0,,,,,,,,,,,,1,450.0,9.0,9.0,0,NONE
2026-09-28T22:41:46.564+00:00,1096.300,manual,Manual cook,temp,2100,450.5,,esp32,,0,,,,,,,,,,,,1,450.0,0.0,0.0,0,NONE
2026-09-28T22:41:47.064+00:00,1096.800,manual,Manual cook,temp,2100,450.5,,esp32,,0,,,,,,,,,,,,1,450.0,12.0,15.0,0,NONE
2026-09-28T22:41:47.564+00:00,1097.300,manual,Manual cook,temp,2100,450.0,,esp32,,0,,,,,,,,,,,,1,450.0,16.0,16.0,0,NONE
2026-09-28T22:41:48.064+00:00,1097.800,manual,Manual cook,temp,2100,449.6,,esp32,,0,,,,,,,,,,,,1,450.0,17.0,17.0,0,NONE
2026-09-28T22:41:49.064+00:00,1098.801,manual,Manual cook,temp,2100,450.5,,esp32,,0,,,,,,,,,,,,1,450.0,0.0,0.0,0,NONE
2026-09-28T22:41:50.064+00:00,1099.800,manual,Manual cook,temp,2100,450.0,,esp32,,0,,,,,,,,,,,,1,450.0,9.0,9.0,0,NONE
2026-09-28T22:41:51.064+00:00,1100.800,manual,Manual cook,temp,2100,450.5,,esp32,,0,,,,,,,,,,,,1,450.0,1.0,1.0,0,NONE
2026-09-28T22:41:51.564+00:00,1101.300,manual,Manual cook,temp,2100,450.0,,esp32,,0,,,,,,,,,,,,1,450.0,16.0,16.0,0,NONE
2026-09-28T22:41:52.564+00:00,1102.300,manual,Manual cook,temp,2100,450.0,,esp32,,0,,,,,,,,,,,,1,450.0,9.0,9.0,0,NONE
2026-09-28T22:41:53.064+00:00,1102.800,manual,Manual cook,temp,2100,450.0,,esp32,,0,,,,,,,,,,,,1,450.0,9.0,9.0,0,NONE
2026-09-28T22:41:54.064+00:00,1103.800,manual,Manual cook,temp,2100,450.5,,esp32,,0,,,,,,,,,,,,1,450.0,8.0,8.0,0,NONE
2026-09-28T22:41:54.564+00:00,1104.300,manual,Manual cook,temp,2100,451.0,,esp32,,0,,,,,,,,,,,,1,450.0,0.0,0.0,0,NONE
2026-09-28T22:41:55.064+00:00,1104.800,manual,Manual cook,temp,2100,450.5,,esp32,,0,,,,,,,,,,,,1,450.0,12.0,15.0,0,NONE
2026-09-28T22:41:56.064+00:00,1105.800,manual,Manual cook,temp,2100,451.0,,esp32,,0,,,,,,,,,,,,1,450.0,0.0,0.0,0,NONE
2026-09-28T22:41:56.564+00:00,1106.300,manual,Manual cook,temp,2100,451.0,,esp32,,0,,,,,,,,,,,,1,450.0,7.0,7.0,0,NONE
2026-09-28T22:41:57.564+00:00,1107.300,manual,Manual cook,temp,2100,450.5,,esp32,,0,,,,,,,,,,,,1,450.0,7.0,7.0,0,NONE
2026-09-28T22:41:58.064+00:00,1107.800,manual,Manual cook,temp,2100,450.5,,esp32,,0,,,,,,,,,,,,1,450.0,15.0,15.0,0,NONE
2026-09-28T22:41:59.064+00:00,1108.800,manual,Manual cook,temp,2100,451.0,,esp32,,0,,,,,,,,,,,,1,450.0,16.0,16.0,0,NONE
2026-09-28T22:41:59.564+00:00,1109.300,manual,Manual cook,temp,2100,451.0,,esp32,,0,,,,,,,,,,,,1,450.0,0.0,0.0,0,NONE
2026-09-28T22:42:00.064+00:00,1109.801,manual,Manual cook,temp,2100,451.4,,esp32,,0,,,,,,,,,,,,1,450.0,0.0,0.0,0,NONE
2026-09-28T22:42:01.064+00:00,1110.800,manual,Manual cook,temp,2100,451.9,,esp32,,0,,,,,,,,,,,,1,450.0,0.0,0.0,0,NONE
2026-09-28T22:42:01.564+00:00,1111.300,manual,Manual cook,temp,2100,451.4,,esp32,,0,,,,,,,,,,,,1,450.0,12.0,21.0,0,NONE
2026-09-28T22:42:02.564+00:00,1112.300,manual,Manual cook,temp,2100,451.4,,esp32,,0,,,,,,,,,,,,1,450.0,6.0,6.0,0,NONE
2026-09-28T22:42:03.564+00:00,1113.300,manual,Manual cook,temp,2100,451.4,,esp32,,0,,,,,,,,,,,,1,450.0,6.0,6.0,0,NONE
2026-09-28T22:42:04.064+00:00,1113.800,manual,Manual cook,temp,2100,450.5,,esp32,,0,,,,,,,,,,,,1,450.0,22.0,22.0,0,NONE
2026-09-28T22:42:05.064+00:00,1114.800,manual,Manual cook,temp,2100,451.0,,esp32,,0,,,,,,,,,,,,1,450.0,12.0,14.0,0,NONE
2026-09-28T22:42:05.564+00:00,1115.300,manual,Manual cook,temp,2100,451.4,,esp32,,0,,,,,,,,,,,,1,450.0,0.0,0.0,0,NONE
2026-09-28T22:42:06.564+00:00,1116.300,manual,Manual cook,temp,2100,451.0,,esp32,,0,,,,,,,,,,,,1,450.0,6.0,6.0,0,NONE
2026-09-28T22:42:07.064+00:00,1116.800,manual,Manual cook,temp,2100,451.9,,esp32,,0,,,,,,,,,,,,1,450.0,14.0,14.0,0,NONE
2026-09-28T22:42:08.064+00:00,1117.800,manual,Manual cook,temp,2100,451.4,,esp32,,0,,,,,,,,,,,,1,450.0,12.0,13.0,0,NONE
2026-09-28T22:42:09.064+00:00,1118.800,manual,Manual cook,temp,2100,450.5,,esp32,,0,,,,,,,,,,,,1,450.0,12.0,29.0,0,NONE
2026-09-28T22:42:10.063+00:00,1119.800,manual,Manual cook,temp,2100,451.9,,esp32,,0,,,,,,,,,,,,1,450.0,5.0,5.0,0,NONE
2026-09-28T22:42:10.564+00:00,1120.300,manual,Manual cook,temp,2100,450.0,,esp32,,0,,,,,,,,,,,,1,450.0,13.0,13.0,0,NONE
2026-09-28T22:42:11.065+00:00,1120.801,manual,Manual cook,temp,2100,450.0,,esp32,,0,,,,,,,,,,,,1,450.0,30.0,30.0,0,NONE
2026-09-28T22:42:12.064+00:00,1121.800,manual,Manual cook,temp,2100,451.4,,esp32,,0,,,,,,,,,,,,1,450.0,7.0,7.0,0,NONE
2026-09-28T22:42:13.064+00:00,1122.800,manual,Manual cook,temp,2100,449.6,,esp32,,0,,,,,,,,,,,,1,450.0,12.0,38.0,0,NONE
2026-09-28T22:42:14.064+00:00,1123.800,manual,Manual cook,temp,2100,451.0,,esp32,,0,,,,,,,,,,,,1,450.0,12.0,15.0,0,NONE
2026-09-28T22:42:15.064+00:00,1124.800,manual,Manual cook,temp,2100,451.4,,esp32,,0,,,,,,,,,,,,1,450.0,12.0,15.0,0,NONE
2026-09-28T22:42:16.064+00:00,1125.800,manual,Manual cook,temp,2100,450.5,,esp32,,0,,,,,,,,,,,,1,450.0,12.0,22.0,0,NONE
2026-09-28T22:42:16.564+00:00,1126.301,manual,Manual cook,temp,2100,450.5,,esp32,,0,,,,,,,,,,,,1,450.0,8.0,8.0,0,NONE
2026-09-28T22:42:17.563+00:00,1127.300,manual,Manual cook,temp,2100,450.5,,esp32,,0,,,,,,,,,,,,1,450.0,0.0,0.0,0,NONE
2026-09-28T22:42:18.064+00:00,1127.800,manual,Manual cook,temp,2100,450.0,,esp32,,0,,,,,,,,,,,,1,450.0,12.0,16.0,0,NONE
2026-09-28T22:42:19.064+00:00,1128.800,manual,Manual cook,temp,2100,450.0,,esp32,,0,,,,,,,,,,,,1,450.0,16.0,16.0,0,NONE
2026-09-28T22:42:20.064+00:00,1129.800,manual,Manual cook,temp,2100,450.0,,esp32,,0,,,,,,,,,,,,1,450.0,1.0,1.0,0,NONE
2026-09-28T22:42:20.564+00:00,1130.300,manual,Manual cook,temp,2100,450.0,,esp32,,0,,,,,,,,,,,,1,450.0,16.0,16.0,0,NONE
2026-09-28T22:42:21.064+00:00,1130.800,manual,Manual cook,temp,2100,449.6,,esp32,,0,,,,,,,,,,,,1,450.0,17.0,17.0,0,NONE
2026-09-28T22:42:21.564+00:00,1131.300,manual,Manual cook,temp,2100,449.6,,esp32,,0,,,,,,,,,,,,1,450.0,10.0,10.0,0,NONE
2026-09-28T22:42:22.564+00:00,1132.300,manual,Manual cook,temp,2100,450.5,,esp32,,0,,,,,,,,,,,,1,450.0,0.0,0.0,0,NONE
2026-09-28T22:42:23.064+00:00,1132.800,manual,Manual cook,temp,2100,450.0,,esp32,,0,,,,,,,,,,,,1,450.0,12.0,16.0,0,NONE
2026-09-28T22:42:24.064+00:00,1133.800,manual,Manual cook,temp,2100,449.6,,esp32,,0,,,,,,,,,,,,1,450.0,17.0,17.0,0,NONE
2026-09-28T22:42:24.564+00:00,1134.300,manual,Manual cook,temp,2100,450.5,,esp32,,0,,,,,,,,,,,,1,450.0,10.0,10.0,0,NONE
2026-09-28T22:42:25.563+00:00,1135.300,manual,Manual cook,temp,2100,450.5,,esp32,,0,,,,,,,,,,,,1,450.0,8.0,8.0,0,NONE
2026-09-28T22:42:26.063+00:00,1135.800,manual,Manual cook,temp,2100,450.5,,esp32,,0,,,,,,,,,,,,1,450.0,8.0,8.0,0,NONE
2026-09-28T22:42:27.064+00:00,1136.800,manual,Manual cook,temp,2100,449.6,,esp32,,0,,,,,,,,,,,,1,450.0,24.0,24.0,0,NONE
2026-09-28T22:42:27.564+00:00,1137.300,manual,Manual cook,temp,2100,450.5,,esp32,,0,,,,,,,,,,,,1,450.0,0.0,0.0,0,NONE
2026-09-28T22:42:28.563+00:00,1138.300,manual,Manual cook,temp,2100,450.5,,esp32,,0,,,,,,,,,,,,1,450.0,9.0,9.0,0,NONE
2026-09-28T22:42:29.563+00:00,1139.300,manual,Manual cook,temp,2100,451.0,,esp32,,0,,,,,,,,,,,,1,450.0,0.0,0.0,0,NONE
2026-09-28T22:42:30.063+00:00,1139.800,manual,Manual cook,temp,2100,450.0,,esp32,,0,,,,,,,,,,,,1,450.0,7.0,7.0,0,NONE
2026-09-28T22:42:30.564+00:00,1140.300,manual,Manual cook,temp,2100,450.0,,esp32,,0,,,,,,,,,,,,1,450.0,23.0,23.0,0,NONE
2026-09-28T22:42:31.563+00:00,1141.300,manual,Manual cook,temp,2100,451.0,,esp32,,0,,,,,,,,,,,,1,450.0,7.0,7.0,0,NONE
2026-09-28T22:42:32.064+00:00,1141.800,manual,Manual cook,temp,2100,450.0,,esp32,,0,,,,,,,,,,,,1,450.0,23.0,23.0,0,NONE
2026-09-28T22:42:33.064+00:00,1142.801,manual,Manual cook,temp,2100,450.5,,esp32,,0,,,,,,,,,,,,1,450.0,1.0,1.0,0,NONE
2026-09-28T22:42:34.063+00:00,1143.800,manual,Manual cook,temp,2100,450.5,,esp32,,0,,,,,,,,,,,,1,450.0,8.0,8.0,0,NONE
2026-09-28T22:42:34.563+00:00,1144.300,manual,Manual cook,temp,2100,450.0,,esp32,,0,,,,,,,,,,,,1,450.0,8.0,8.0,0,NONE
2026-09-28T22:42:35.064+00:00,1144.800,manual,Manual cook,temp,2100,450.0,,esp32,,0,,,,,,,,,,,,1,450.0,16.0,16.0,0,NONE
2026-09-28T22:42:36.063+00:00,1145.800,manual,Manual cook,temp,2100,451.4,,esp32,,0,,,,,,,,,,,,1,450.0,8.0,8.0,0,NONE
2026-09-28T22:42:37.064+00:00,1146.800,manual,Manual cook,temp,2100,450.5,,esp32,,0,,,,,,,,,,,,1,450.0,12.0,22.0,0,NONE
2026-09-28T22:42:38.063+00:00,1147.800,manual,Manual cook,temp,2100,450.5,,esp32,,0,,,,,,,,,,,,1,450.0,8.0,8.0,0,NONE
2026-09-28T22:42:38.563+00:00,1148.300,manual,Manual cook,temp,2100,450.5,,esp32,,0,,,,,,,,,,,,1,450.0,0.0,0.0,0,NONE
2026-09-28T22:42:39.063+00:00,1148.800,manual,Manual cook,temp,2100,450.5,,esp32,,0,,,,,,,,,,,,1,450.0,12.0,15.0,0,NONE
2026-09-28T22:42:40.063+00:00,1149.800,manual,Manual cook,temp,2100,450.5,,esp32,,0,,,,,,,,,,,,1,450.0,12.0,29.0,0,NONE
2026-09-28T22:42:41.064+00:00,1150.800,manual,Manual cook,temp,2100,451.0,,esp32,,0,,,,,,,,,,,,1,450.0,12.0,21.0,0,NONE
2026-09-28T22:42:41.564+00:00,1151.300,manual,Manual cook,temp,2100,451.4,,esp32,,0,,,,,,,,,,,,1,450.0,15.0,15.0,0,NONE
2026-09-28T22:42:42.563+00:00,1152.300,manual,Manual cook,temp,2100,451.0,,esp32,,0,,,,,,,,,,,,1,450.0,12.0,14.0,0,NONE
2026-09-28T22:42:43.564+00:00,1153.300,manual,Manual cook,temp,2100,450.5,,esp32,,0,,,,,,,,,,,,1,450.0,12.0,14.0,0,NONE
2026-09-28T22:42:44.563+00:00,1154.300,manual,Manual cook,temp,2100,451.0,,esp32,,0,,,,,,,,,,,,1,450.0,0.0,0.0,0,NONE
2026-09-28T22:42:45.064+00:00,1154.800,manual,Manual cook,temp,2100,451.0,,esp32,,0,,,,,,,,,,,,1,450.0,12.0,15.0,0,NONE
2026-09-28T22:42:46.063+00:00,1155.800,manual,Manual cook,temp,2100,451.0,,esp32,,0,,,,,,,,,,,,1,450.0,7.0,7.0,0,NONE
2026-09-28T22:42:46.563+00:00,1156.300,manual,Manual cook,temp,2100,451.0,,esp32,,0,,,,,,,,,,,,1,450.0,7.0,7.0,0,NONE
2026-09-28T22:42:47.564+00:00,1157.300,manual,Manual cook,temp,2100,449.1,,esp32,,0,,,,,,,,,,,,1,450.0,31.0,31.0,0,NONE
2026-09-28T22:42:48.564+00:00,1158.300,manual,Manual cook,temp,2100,450.0,,esp32,,0,,,,,,,,,,,,1,450.0,18.0,18.0,0,NONE
2026-09-28T22:42:49.563+00:00,1159.300,manual,Manual cook,temp,2100,450.5,,esp32,,0,,,,,,,,,,,,1,450.0,0.0,0.0,0,NONE
2026-09-28T22:42:50.063+00:00,1159.800,manual,Manual cook,temp,2100,449.6,,esp32,,0,,,,,,,,,,,,1,450.0,12.0,24.0,0,NONE
2026-09-28T22:42:51.063+00:00,1160.800,manual,Manual cook,temp,2100,449.6,,esp32,,0,,,,,,,,,,,,1,450.0,17.0,17.0,0,NONE
2026-09-28T22:42:52.063+00:00,1161.800,manual,Manual cook,temp,2100,450.5,,esp32,,0,,,,,,,,,,,,1,450.0,12.0,15.0,0,NONE
2026-09-28T22:42:52.564+00:00,1162.300,manual,Manual cook,temp,2100,450.0,,esp32,,0,,,,,,,,,,,,1,450.0,16.0,16.0,0,NONE
2026-09-28T22:42:53.563+00:00,1163.300,manual,Manual cook,temp,2100,449.6,,esp32,,0,,,,,,,,,,,,1,450.0,2.0,2.0,0,NONE
2026-09-28T22:42:54.563+00:00,1164.300,manual,Manual cook,temp,2100,450.5,,esp32,,0,,,,,,,,,,,,1,450.0,0.0,0.0,0,NONE
2026-09-28T22:42:55.063+00:00,1164.800,manual,Manual cook,temp,2100,450.0,,esp32,,0,,,,,,,,,,,,1,450.0,12.0,16.0,0,NONE
2026-09-28T22:42:56.063+00:00,1165.800,manual,Manual cook,temp,2100,449.6,,esp32,,0,,,,,,,,,,,,1,450.0,12.0,16.0,0,NONE
2026-09-28T22:42:57.063+00:00,1166.800,manual,Manual cook,temp,2100,449.1,,esp32,,0,,,,,,,,,,,,1,450.0,18.0,18.0,0,NONE
2026-09-28T22:42:58.063+00:00,1167.800,manual,Manual cook,temp,2100,448.7,,esp32,,0,,,,,,,,,,,,1,450.0,12.0,33.0,0,NONE
2026-09-28T22:42:59.063+00:00,1168.800,manual,Manual cook,temp,2100,450.0,,esp32,,0,,,,,,,,,,,,1,450.0,12.0,23.0,0,NONE
2026-09-28T22:42:59.564+00:00,1169.300,manual,Manual cook,temp,2100,450.5,,esp32,,0,,,,,,,,,,,,1,450.0,0.0,0.0,0,NONE
2026-09-28T22:43:00.563+00:00,1170.300,manual,Manual cook,temp,2100,450.5,,esp32,,0,,,,,,,,,,,,1,450.0,0.0,0.0,0,NONE
2026-09-28T22:43:01.063+00:00,1170.800,manual,Manual cook,temp,2100,449.6,,esp32,,0,,,,,,,,,,,,1,450.0,12.0,16.0,0,NONE
2026-09-28T22:43:02.063+00:00,1171.800,manual,Manual cook,temp,2100,449.6,,esp32,,0,,,,,,,,,,,,1,450.0,9.0,9.0,0,NONE
2026-09-28T22:43:02.563+00:00,1172.300,manual,Manual cook,temp,2100,449.1,,esp32,,0,,,,,,,,,,,,1,450.0,18.0,18.0,0,NONE
2026-09-28T22:43:03.563+00:00,1173.300,manual,Manual cook,temp,2100,449.6,,esp32,,0,,,,,,,,,,,,1,450.0,9.0,9.0,0,NONE
2026-09-28T22:43:04.063+00:00,1173.800,manual,Manual cook,temp,2100,450.0,,esp32,,0,,,,,,,,,,,,1,450.0,1.0,1.0,0,NONE
2026-09-28T22:43:04.564+00:00,1174.300,manual,Manual cook,temp,2100,449.6,,esp32,,0,,,,,,,,,,,,1,450.0,17.0,17.0,0,NONE
2026-09-28T22:43:05.563+00:00,1175.300,manual,Manual cook,temp,2100,449.6,,esp32,,0,,,,,,,,,,,,1,450.0,2.0,2.0,0,NONE
2026-09-28T22:43:06.063+00:00,1175.800,manual,Manual cook,temp,2100,449.1,,esp32,,0,,,,,,,,,,,,1,450.0,18.0,18.0,0,NONE
2026-09-28T22:43:07.063+00:00,1176.800,manual,Manual cook,temp,2100,449.6,,esp32,,0,,,,,,,,,,,,1,450.0,2.0,2.0,0,NONE
2026-09-28T22:43:07.563+00:00,1177.300,manual,Manual cook,temp,2100,449.6,,esp32,,0,,,,,,,,,,,,1,450.0,26.0,26.0,0,NONE
2026-09-28T22:43:08.563+00:00,1178.300,manual,Manual cook,temp,2100,448.7,,esp32,,0,,,,,,,,,,,,1,450.0,12.0,26.0,0,NONE
2026-09-28T22:43:09.563+00:00,1179.300,manual,Manual cook,temp,2100,449.1,,esp32,,0,,,,,,,,,,,,1,450.0,2.0,2.0,0,NONE
2026-09-28T22:43:10.064+00:00,1179.800,manual,Manual cook,temp,2100,449.1,,esp32,,0,,,,,,,,,,,,1,450.0,18.0,18.0,0,NONE
2026-09-28T22:43:11.063+00:00,1180.800,manual,Manual cook,temp,2100,449.1,,esp32,,0,,,,,,,,,,,,1,450.0,2.0,2.0,0,NONE
2026-09-28T22:43:11.563+00:00,1181.300,manual,Manual cook,temp,2100,449.1,,esp32,,0,,,,,,,,,,,,1,450.0,18.0,18.0,0,NONE
2026-09-28T22:43:12.563+00:00,1182.300,manual,Manual cook,temp,2100,448.7,,esp32,,0,,,,,,,,,,,,1,450.0,19.0,19.0,0,NONE
2026-09-28T22:43:13.563+00:00,1183.300,manual,Manual cook,temp,2100,448.7,,esp32,,0,,,,,,,,,,,,1,450.0,11.0,11.0,0,NONE
2026-09-28T22:43:14.563+00:00,1184.300,manual,Manual cook,temp,2100,448.7,,esp32,,0,,,,,,,,,,,,1,450.0,11.0,11.0,0,NONE
2026-09-28T22:43:15.063+00:00,1184.800,manual,Manual cook,temp,2100,449.6,,esp32,,0,,,,,,,,,,,,1,450.0,19.0,19.0,0,NONE
2026-09-28T22:43:16.063+00:00,1185.800,manual,Manual cook,temp,2100,449.6,,esp32,,0,,,,,,,,,,,,1,450.0,12.0,18.0,0,NONE
2026-09-28T22:43:17.063+00:00,1186.799,manual,Manual cook,temp,2100,450.0,,esp32,,0,,,,,,,,,,,,1,450.0,2.0,2.0,0,NONE
2026-09-28T22:43:17.563+00:00,1187.299,manual,Manual cook,temp,2100,450.0,,esp32,,0,,,,,,,,,,,,1,450.0,9.0,9.0,0,NONE
2026-09-28T22:43:18.063+00:00,1187.800,manual,Manual cook,temp,2100,450.0,,esp32,,0,,,,,,,,,,,,1,450.0,9.0,9.0,0,NONE
2026-09-28T22:43:19.063+00:00,1188.800,manual,Manual cook,temp,2100,449.1,,esp32,,0,,,,,,,,,,,,1,450.0,25.0,25.0,0,NONE
2026-09-28T22:43:20.063+00:00,1189.800,manual,Manual cook,temp,2100,450.0,,esp32,,0,,,,,,,,,,,,1,450.0,2.0,2.0,0,NONE
2026-09-28T22:43:20.564+00:00,1190.300,manual,Manual cook,temp,2100,450.5,,esp32,,0,,,,,,,,,,,,1,450.0,9.0,9.0,0,NONE
2026-09-28T22:43:21.563+00:00,1191.299,manual,Manual cook,temp,2100,450.5,,esp32,,0,,,,,,,,,,,,1,450.0,8.0,8.0,0,NONE
2026-09-28T22:43:22.564+00:00,1192.300,manual,Manual cook,temp,2100,449.1,,esp32,,0,,,,,,,,,,,,1,450.0,24.0,24.0,0,NONE
2026-09-28T22:43:23.563+00:00,1193.300,manual,Manual cook,temp,2100,449.6,,esp32,,0,,,,,,,,,,,,1,450.0,0.0,0.0,0,NONE
2026-09-28T22:43:24.563+00:00,1194.300,manual,Manual cook,temp,2100,450.0,,esp32,,0,,,,,,,,,,,,1,450.0,2.0,2.0,0,NONE
2026-09-28T22:43:25.563+00:00,1195.300,manual,Manual cook,temp,2100,451.0,,esp32,,0,,,,,,,,,,,,1,450.0,0.0,0.0,0,NONE
2026-09-28T22:43:26.063+00:00,1195.800,manual,Manual cook,temp,2100,450.0,,esp32,,0,,,,,,,,,,,,1,450.0,12.0,23.0,0,NONE
2026-09-28T22:43:27.063+00:00,1196.800,manual,Manual cook,temp,2100,450.0,,esp32,,0,,,,,,,,,,,,1,450.0,16.0,16.0,0,NONE
2026-09-28T22:43:27.563+00:00,1197.300,manual,Manual cook,temp,2100,450.0,,esp32,,0,,,,,,,,,,,,1,450.0,17.0,17.0,0,NONE
2026-09-28T22:43:28.563+00:00,1198.299,manual,Manual cook,temp,2100,450.0,,esp32,,0,,,,,,,,,,,,1,450.0,9.0,9.0,0,NONE
2026-09-28T22:43:29.563+00:00,1199.300,manual,Manual cook,temp,2100,449.6,,esp32,,0,,,,,,,,,,,,1,450.0,9.0,9.0,0,NONE
