timestamp_utc,elapsed_s,cook_type,cook_name,mode,fan_speed_rpm,chamber_temp_f,effective_probe_temp_f,probe_source,esp32_probe_temp_f,inkbird_connected,inkbird_battery_pct,inkbird_internal_1_f,inkbird_internal_2_f,inkbird_internal_3_f,inkbird_internal_4_f,inkbird_ambient_f,inkbird_internal_1_raw_f,inkbird_internal_2_raw_f,inkbird_internal_3_raw_f,inkbird_internal_4_raw_f,inkbird_ambient_raw_f,drawer_closed,set_temperature_f,top_heater_duty_pct,bottom_heater_duty_pct,paused,fault
2026-09-24T17:30:02.037+00:00,0.008,manual,Manual cook,temp,0,153.1,,esp32,,0,,,,,,,,,,,,0,375.0,0.0,0.0,1,NONE
2026-09-24T17:30:03.003+00:00,0.973,manual,Manual cook,temp,0,153.5,,esp32,,0,,,,,,,,,,,,0,375.0,0.0,0.0,1,NONE
2026-09-24T17:30:03.828+00:00,1.799,manual,Manual cook,temp,0,153.5,,esp32,,0,,,,,,,,,,,,0,375.0,0.0,0.0,0,NONE
2026-09-24T17:30:04.503+00:00,2.473,manual,Manual cook,temp,1950,152.6,,esp32,,0,,,,,,,,,,,,0,375.0,0.0,0.0,0,NONE
2026-09-24T17:30:05.004+00:00,2.975,manual,Manual cook,temp,1950,132.8,,esp32,,0,,,,,,,,,,,,0,375.0,0.0,0.0,0,NONE
2026-09-24T17:30:05.908+00:00,3.879,manual,Manual cook,temp,0,136.9,,esp32,,0,,,,,,,,,,,,0,375.0,0.0,0.0,1,NONE
2026-09-24T17:30:06.503+00:00,4.473,manual,Manual cook,temp,0,153.1,,esp32,,0,,,,,,,,,,,,0,375.0,0.0,0.0,1,NONE
2026-09-24T17:30:07.003+00:00,4.973,manual,Manual cook,temp,0,152.6,,esp32,,0,,,,,,,,,,,,0,375.0,0.0,0.0,1,NONE
2026-09-24T17:30:08.002+00:00,5.973,manual,Manual cook,temp,0,153.5,,esp32,,0,,,,,,,,,,,,0,375.0,0.0,0.0,1,NONE
2026-09-24T17:30:08.503+00:00,6.473,manual,Manual cook,temp,0,152.6,,esp32,,0,,,,,,,,,,,,0,375.0,0.0,0.0,1,NONE
2026-09-24T17:30:09.503+00:00,7.473,manual,Manual cook,temp,1950,142.7,,esp32,,0,,,,,,,,,,,,1,375.0,3.0,0.0,0,NONE
2026-09-24T17:30:10.003+00:00,7.973,manual,Manual cook,temp,1950,153.1,,esp32,,0,,,,,,,,,,,,1,375.0,23.0,0.0,0,NONE
2026-09-24T17:30:10.503+00:00,8.474,manual,Manual cook,temp,1950,140.4,,esp32,,0,,,,,,,,,,,,1,375.0,43.0,0.0,0,NONE
2026-09-24T17:30:11.503+00:00,9.474,manual,Manual cook,temp,1950,140.9,,esp32,,0,,,,,,,,,,,,1,375.0,83.0,0.0,0,NONE
2026-09-24T17:30:12.004+00:00,9.974,manual,Manual cook,temp,1950,142.7,,esp32,,0,,,,,,,,,,,,1,375.0,100.0,0.0,0,NONE
2026-09-24T17:30:13.004+00:00,10.974,manual,Manual cook,temp,1950,144.5,,esp32,,0,,,,,,,,,,,,1,375.0,100.0,0.0,0,NONE
2026-09-24T17:30:14.003+00:00,11.974,manual,Manual cook,temp,1950,144.1,,esp32,,0,,,,,,,,,,,,1,375.0,100.0,0.0,0,NONE
2026-09-24T17:30:15.003+00:00,12.974,manual,Manual cook,temp,1950,146.3,,esp32,,0,,,,,,,,,,,,1,375.0,100.0,0.0,0,NONE
2026-09-24T17:30:16.003+00:00,13.973,manual,Manual cook,temp,1950,148.1,,esp32,,0,,,,,,,,,,,,1,375.0,100.0,0.0,0,NONE
2026-09-24T17:30:17.003+00:00,14.973,manual,Manual cook,temp,1950,149.4,,esp32,,0,,,,,,,,,,,,1,375.0,100.0,0.0,0,NONE
2026-09-24T17:30:18.003+00:00,15.973,manual,Manual cook,temp,1950,149.9,,esp32,,0,,,,,,,,,,,,1,375.0,100.0,0.0,0,NONE
2026-09-24T17:30:19.003+00:00,16.973,manual,Manual cook,temp,1950,151.7,,esp32,,0,,,,,,,,,,,,1,375.0,100.0,0.0,0,NONE
2026-09-24T17:30:19.503+00:00,17.473,manual,Manual cook,temp,1950,153.1,,esp32,,0,,,,,,,,,,,,1,375.0,100.0,0.0,0,NONE
2026-09-24T17:30:20.504+00:00,18.474,manual,Manual cook,temp,1950,154.9,,esp32,,0,,,,,,,,,,,,1,375.0,100.0,0.0,0,NONE
2026-09-24T17:30:21.503+00:00,19.474,manual,Manual cook,temp,1950,156.6,,esp32,,0,,,,,,,,,,,,1,375.0,100.0,0.0,0,NONE
2026-09-24T17:30:22.503+00:00,20.473,manual,Manual cook,temp,1950,157.6,,esp32,,0,,,,,,,,,,,,1,375.0,100.0,0.0,0,NONE
2026-09-24T17:30:23.502+00:00,21.473,manual,Manual cook,temp,1950,160.3,,esp32,,0,,,,,,,,,,,,1,375.0,100.0,0.0,0,NONE
2026-09-24T17:30:24.502+00:00,22.473,manual,Manual cook,temp,1950,161.1,,esp32,,0,,,,,,,,,,,,1,375.0,100.0,0.0,0,NONE
2026-09-24T17:30:25.503+00:00,23.473,manual,Manual cook,temp,1950,164.3,,esp32,,0,,,,,,,,,,,,1,375.0,100.0,0.0,0,NONE
2026-09-24T17:30:26.503+00:00,24.473,manual,Manual cook,temp,1950,166.6,,esp32,,0,,,,,,,,,,,,1,375.0,100.0,0.0,0,NONE
2026-09-24T17:30:27.003+00:00,24.974,manual,Manual cook,temp,1950,166.6,,esp32,,0,,,,,,,,,,,,1,375.0,100.0,0.0,0,NONE
2026-09-24T17:30:28.002+00:00,25.973,manual,Manual cook,temp,1950,169.7,,esp32,,0,,,,,,,,,,,,1,375.0,100.0,0.0,0,NONE
2026-09-24T17:30:28.503+00:00,26.473,manual,Manual cook,temp,1950,171.5,,esp32,,0,,,,,,,,,,,,1,375.0,100.0,0.0,0,NONE
2026-09-24T17:30:29.502+00:00,27.473,manual,Manual cook,temp,1950,173.3,,esp32,,0,,,,,,,,,,,,1,375.0,100.0,0.0,0,NONE
2026-09-24T17:30:30.502+00:00,28.473,manual,Manual cook,temp,1950,176.4,,esp32,,0,,,,,,,,,,,,1,375.0,100.0,0.0,0,NONE
2026-09-24T17:30:31.502+00:00,29.473,manual,Manual cook,temp,1950,179.1,,esp32,,0,,,,,,,,,,,,1,375.0,100.0,0.0,0,NONE
2026-09-24T17:30:32.503+00:00,30.474,manual,Manual cook,temp,1950,180.5,,esp32,,0,,,,,,,,,,,,1,375.0,100.0,0.0,0,NONE
2026-09-24T17:30:33.503+00:00,31.474,manual,Manual cook,temp,1950,184.6,,esp32,,0,,,,,,,,,,,,1,375.0,100.0,0.0,0,NONE
2026-09-24T17:30:34.003+00:00,31.974,manual,Manual cook,temp,1950,184.6,,esp32,,0,,,,,,,,,,,,1,375.0,100.0,0.0,0,NONE
2026-09-24T17:30:35.003+00:00,32.973,manual,Manual cook,temp,1950,185.4,,esp32,,0,,,,,,,,,,,,1,375.0,100.0,0.0,0,NONE
2026-09-24T17:30:36.002+00:00,33.973,manual,Manual cook,temp,1950,186.4,,esp32,,0,,,,,,,,,,,,1,375.0,100.0,0.0,0,NONE
2026-09-24T17:30:37.002+00:00,34.973,manual,Manual cook,temp,1950,190.9,,esp32,,0,,,,,,,,,,,,1,375.0,100.0,0.0,0,NONE
2026-09-24T17:30:38.002+00:00,35.973,manual,Manual cook,temp,1950,192.6,,esp32,,0,,,,,,,,,,,,1,375.0,100.0,0.0,0,NONE
2026-09-24T17:30:39.002+00:00,36.973,manual,Manual cook,temp,1950,194.4,,esp32,,0,,,,,,,,,,,,1,375.0,100.0,0.0,0,NONE
2026-09-24T17:30:39.502+00:00,37.473,manual,Manual cook,temp,1950,196.7,,esp32,,0,,,,,,,,,,,,1,375.0,100.0,0.0,0,NONE
2026-09-24T17:30:40.503+00:00,38.473,manual,Manual cook,temp,1950,198.1,,esp32,,0,,,,,,,,,,,,1,375.0,100.0,0.0,0,NONE
2026-09-24T17:30:41.503+00:00,39.473,manual,Manual cook,temp,1950,202.6,,esp32,,0,,,,,,,,,,,,1,375.0,100.0,0.0,0,NONE
2026-09-24T17:30:42.003+00:00,39.973,manual,Manual cook,temp,1950,202.6,,esp32,,0,,,,,,,,,,,,1,375.0,100.0,0.0,0,NONE
2026-09-24T17:30:43.003+00:00,40.973,manual,Manual cook,temp,1950,205.3,,esp32,,0,,,,,,,,,,,,1,375.0,100.0,0.0,0,NONE
2026-09-24T17:30:44.002+00:00,41.973,manual,Manual cook,temp,1950,207.9,,esp32,,0,,,,,,,,,,,,1,375.0,100.0,0.0,0,NONE
2026-09-24T17:30:45.002+00:00,42.973,manual,Manual cook,temp,1950,210.2,,esp32,,0,,,,,,,,,,,,1,375.0,100.0,0.0,0,NONE
2026-09-24T17:30:46.002+00:00,43.972,manual,Manual cook,temp,1950,212.0,,esp32,,0,,,,,,,,,,,,1,375.0,100.0,0.0,0,NONE
2026-09-24T17:30:46.502+00:00,44.472,manual,Manual cook,temp,1950,212.4,,esp32,,0,,,,,,,,,,,,1,375.0,100.0,0.0,0,NONE
2026-09-24T17:30:47.002+00:00,44.972,manual,Manual cook,temp,1950,214.7,,esp32,,0,,,,,,,,,,,,1,375.0,100.0,0.0,0,NONE
2026-09-24T17:30:47.502+00:00,45.472,manual,Manual cook,temp,1950,216.1,,esp32,,0,,,,,,,,,,,,1,375.0,100.0,0.0,0,NONE
2026-09-24T17:30:48.502+00:00,46.473,manual,Manual cook,temp,1950,216.9,,esp32,,0,,,,,,,,,,,,1,375.0,100.0,0.0,0,NONE
2026-09-24T17:30:49.002+00:00,46.973,manual,Manual cook,temp,1950,216.9,,esp32,,0,,,,,,,,,,,,1,375.0,100.0,0.0,0,NONE
2026-09-24T17:30:50.002+00:00,47.973,manual,Manual cook,temp,1950,220.1,,esp32,,0,,,,,,,,,,,,1,375.0,100.0,0.0,0,NONE
2026-09-24T17:30:51.002+00:00,48.973,manual,Manual cook,temp,1950,224.1,,esp32,,0,,,,,,,,,,,,1,375.0,100.0,0.0,0,NONE
2026-09-24T17:30:52.002+00:00,49.972,manual,Manual cook,temp,1950,226.9,,esp32,,0,,,,,,,,,,,,1,375.0,100.0,0.0,0,NONE
2026-09-24T17:30:53.002+00:00,50.972,manual,Manual cook,temp,1950,228.6,,esp32,,0,,,,,,,,,,,,1,375.0,100.0,0.0,0,NONE
2026-09-24T17:30:54.002+00:00,51.972,manual,Manual cook,temp,1950,231.4,,esp32,,0,,,,,,,,,,,,1,375.0,100.0,0.0,0,NONE
2026-09-24T17:30:55.002+00:00,52.972,manual,Manual cook,temp,1950,232.3,,esp32,,0,,,,,,,,,,,,1,375.0,100.0,0.0,0,NONE
2026-09-24T17:30:55.502+00:00,53.472,manual,Manual cook,temp,1950,234.1,,esp32,,0,,,,,,,,,,,,1,375.0,100.0,0.0,0,NONE
2026-09-24T17:30:56.002+00:00,53.972,manual,Manual cook,temp,1950,234.9,,esp32,,0,,,,,,,,,,,,1,375.0,100.0,0.0,0,NONE
2026-09-24T17:30:56.502+00:00,54.473,manual,Manual cook,temp,1950,235.9,,esp32,,0,,,,,,,,,,,,1,375.0,100.0,0.0,0,NONE
2026-09-24T17:30:57.502+00:00,55.473,manual,Manual cook,temp,1950,236.8,,esp32,,0,,,,,,,,,,,,1,375.0,100.0,0.0,0,NONE
2026-09-24T17:30:58.502+00:00,56.472,manual,Manual cook,temp,1950,240.4,,esp32,,0,,,,,,,,,,,,1,375.0,100.0,0.0,0,NONE
2026-09-24T17:30:59.002+00:00,56.973,manual,Manual cook,temp,1950,241.7,,esp32,,0,,,,,,,,,,,,1,375.0,100.0,0.0,0,NONE
2026-09-24T17:31:00.002+00:00,57.972,manual,Manual cook,temp,1950,245.3,,esp32,,0,,,,,,,,,,,,1,375.0,100.0,0.0,0,NONE
2026-09-24T17:31:01.001+00:00,58.972,manual,Manual cook,temp,1950,246.6,,esp32,,0,,,,,,,,,,,,1,375.0,100.0,0.0,0,NONE
2026-09-24T17:31:01.502+00:00,59.472,manual,Manual cook,temp,1950,249.8,,esp32,,0,,,,,,,,,,,,1,375.0,100.0,0.0,0,NONE
2026-09-24T17:31:02.501+00:00,60.472,manual,Manual cook,temp,1950,251.1,,esp32,,0,,,,,,,,,,,,1,375.0,100.0,0.0,0,NONE
2026-09-24T17:31:03.002+00:00,60.972,manual,Manual cook,temp,1950,252.1,,esp32,,0,,,,,,,,,,,,1,375.0,100.0,0.0,0,NONE
2026-09-24T17:31:04.001+00:00,61.972,manual,Manual cook,temp,1950,253.9,,esp32,,0,,,,,,,,,,,,1,375.0,100.0,0.0,0,NONE
2026-09-24T17:31:04.502+00:00,62.473,manual,Manual cook,temp,1950,254.3,,esp32,,0,,,,,,,,,,,,1,375.0,100.0,0.0,0,NONE
2026-09-24T17:31:05.501+00:00,63.472,manual,Manual cook,temp,1950,257.9,,esp32,,0,,,,,,,,,,,,1,375.0,100.0,0.0,0,NONE
2026-09-24T17:31:06.002+00:00,63.972,manual,Manual cook,temp,1950,261.0,,esp32,,0,,,,,,,,,,,,1,375.0,100.0,0.0,0,NONE
2026-09-24T17:31:07.002+00:00,64.972,manual,Manual cook,temp,1950,262.4,,esp32,,0,,,,,,,,,,,,1,375.0,100.0,0.0,0,NONE
2026-09-24T17:31:08.002+00:00,65.972,manual,Manual cook,temp,1950,263.3,,esp32,,0,,,,,,,,,,,,1,375.0,100.0,0.0,0,NONE
2026-09-24T17:31:09.001+00:00,66.972,manual,Manual cook,temp,1950,264.6,,esp32,,0,,,,,,,,,,,,1,375.0,100.0,0.0,0,NONE
2026-09-24T17:31:10.001+00:00,67.972,manual,Manual cook,temp,1950,269.1,,esp32,,0,,,,,,,,,,,,1,375.0,100.0,0.0,0,NONE
2026-09-24T17:31:10.502+00:00,68.473,manual,Manual cook,temp,1950,270.0,,esp32,,0,,,,,,,,,,,,1,375.0,100.0,0.0,0,NONE
2026-09-24T17:31:11.501+00:00,69.472,manual,Manual cook,temp,1950,272.3,,esp32,,0,,,,,,,,,,,,1,375.0,100.0,0.0,0,NONE
2026-09-24T17:31:12.501+00:00,70.472,manual,Manual cook,temp,1950,274.5,,esp32,,0,,,,,,,,,,,,1,375.0,100.0,0.0,0,NONE
2026-09-24T17:31:13.501+00:00,71.471,manual,Manual cook,temp,1950,275.0,,esp32,,0,,,,,,,,,,,,1,375.0,100.0,0.0,0,NONE
2026-09-24T17:31:14.001+00:00,71.972,manual,Manual cook,temp,1950,277.3,,esp32,,0,,,,,,,,,,,,1,375.0,100.0,0.0,0,NONE
2026-09-24T17:31:15.001+00:00,72.971,manual,Manual cook,temp,1950,278.6,,esp32,,0,,,,,,,,,,,,1,375.0,100.0,0.0,0,NONE
2026-09-24T17:31:15.501+00:00,73.472,manual,Manual cook,temp,1950,281.3,,esp32,,0,,,,,,,,,,,,1,375.0,100.0,0.0,0,NONE
2026-09-24T17:31:16.501+00:00,74.472,manual,Manual cook,temp,1950,283.1,,esp32,,0,,,,,,,,,,,,1,375.0,100.0,0.0,0,NONE
2026-09-24T17:31:17.502+00:00,75.472,manual,Manual cook,temp,1950,284.5,,esp32,,0,,,,,,,,,,,,1,375.0,100.0,0.0,0,NONE
2026-09-24T17:31:18.501+00:00,76.471,manual,Manual cook,temp,1950,285.8,,esp32,,0,,,,,,,,,,,,1,375.0,100.0,0.0,0,NONE
2026-09-24T17:31:19.001+00:00,76.972,manual,Manual cook,temp,1950,287.1,,esp32,,0,,,,,,,,,,,,1,375.0,100.0,0.0,0,NONE
2026-09-24T17:31:20.001+00:00,77.971,manual,Manual cook,temp,1950,289.9,,esp32,,0,,,,,,,,,,,,1,375.0,100.0,0.0,0,NONE
2026-09-24T17:31:21.001+00:00,78.971,manual,Manual cook,temp,1950,290.8,,esp32,,0,,,,,,,,,,,,1,375.0,100.0,0.0,0,NONE
2026-09-24T17:31:22.001+00:00,79.971,manual,Manual cook,temp,1950,292.5,,esp32,,0,,,,,,,,,,,,1,375.0,100.0,0.0,0,NONE
2026-09-24T17:31:22.501+00:00,80.471,manual,Manual cook,temp,1950,293.9,,esp32,,0,,,,,,,,,,,,1,375.0,100.0,0.0,0,NONE
2026-09-24T17:31:23.002+00:00,80.972,manual,Manual cook,temp,1950,295.7,,esp32,,0,,,,,,,,,,,,1,375.0,100.0,0.0,0,NONE
2026-09-24T17:31:24.001+00:00,81.971,manual,Manual cook,temp,1950,297.5,,esp32,,0,,,,,,,,,,,,1,375.0,100.0,0.0,0,NONE
2026-09-24T17:31:25.001+00:00,82.971,manual,Manual cook,temp,1950,298.4,,esp32,,0,,,,,,,,,,,,1,375.0,100.0,0.0,0,NONE
2026-09-24T17:31:25.501+00:00,83.471,manual,Manual cook,temp,1950,299.3,,esp32,,0,,,,,,,,,,,,1,375.0,100.0,0.0,0,NONE
2026-09-24T17:31:26.501+00:00,84.471,manual,Manual cook,temp,1950,300.6,,esp32,,0,,,,,,,,,,,,1,375.0,100.0,0.0,0,NONE
2026-09-24T17:31:27.001+00:00,84.971,manual,Manual cook,temp,1950,303.4,,esp32,,0,,,,,,,,,,,,1,375.0,100.0,0.0,0,NONE
2026-09-24T17:31:28.001+00:00,85.971,manual,Manual cook,temp,1950,303.8,,esp32,,0,,,,,,,,,,,,1,375.0,100.0,0.0,0,NONE
2026-09-24T17:31:28.501+00:00,86.471,manual,Manual cook,temp,1950,304.7,,esp32,,0,,,,,,,,,,,,1,375.0,100.0,0.0,0,NONE
2026-09-24T17:31:29.001+00:00,86.972,manual,Manual cook,temp,1950,307.0,,esp32,,0,,,,,,,,,,,,1,375.0,100.0,0.0,0,NONE
2026-09-24T17:31:30.000+00:00,87.971,manual,Manual cook,temp,1950,307.4,,esp32,,0,,,,,,,,,,,,1,375.0,100.0,0.0,0,NONE
2026-09-24T17:31:31.000+00:00,88.971,manual,Manual cook,temp,1950,308.8,,esp32,,0,,,,,,,,,,,,1,375.0,100.0,0.0,0,NONE
2026-09-24T17:31:31.501+00:00,89.471,manual,Manual cook,temp,1950,310.1,,esp32,,0,,,,,,,,,,,,1,375.0,100.0,0.0,0,NONE
2026-09-24T17:31:32.500+00:00,90.471,manual,Manual cook,temp,1950,310.5,,esp32,,0,,,,,,,,,,,,1,375.0,100.0,0.0,0,NONE
2026-09-24T17:31:33.001+00:00,90.971,manual,Manual cook,temp,1950,312.8,,esp32,,0,,,,,,,,,,,,1,375.0,100.0,0.0,0,NONE
2026-09-24T17:31:34.001+00:00,91.971,manual,Manual cook,temp,1950,316.0,,esp32,,0,,,,,,,,,,,,1,375.0,100.0,0.0,0,NONE
2026-09-24T17:31:34.501+00:00,92.472,manual,Manual cook,temp,1950,316.0,,esp32,,0,,,,,,,,,,,,1,375.0,83.0,0.0,0,NONE
2026-09-24T17:31:35.001+00:00,92.972,manual,Manual cook,temp,1950,316.9,,esp32,,0,,,,,,,,,,,,1,375.0,100.0,0.0,0,NONE
2026-09-24T17:31:36.001+00:00,93.972,manual,Manual cook,temp,1950,317.8,,esp32,,0,,,,,,,,,,,,1,375.0,100.0,0.0,0,NONE
2026-09-24T17:31:37.001+00:00,94.971,manual,Manual cook,temp,1950,319.1,,esp32,,0,,,,,,,,,,,,1,375.0,92.0,0.0,0,NONE
2026-09-24T17:31:38.000+00:00,95.971,manual,Manual cook,temp,1950,321.4,,esp32,,0,,,,,,,,,,,,1,375.0,100.0,0.0,0,NONE
2026-09-24T17:31:39.000+00:00,96.971,manual,Manual cook,temp,1950,323.1,,esp32,,0,,,,,,,,,,,,1,375.0,86.0,0.0,0,NONE
2026-09-24T17:31:40.000+00:00,97.971,manual,Manual cook,temp,1950,324.0,,esp32,,0,,,,,,,,,,,,1,375.0,100.0,0.0,0,NONE
2026-09-24T17:31:41.000+00:00,98.971,manual,Manual cook,temp,1950,326.3,,esp32,,0,,,,,,,,,,,,1,375.0,66.0,0.0,0,NONE
2026-09-24T17:31:42.000+00:00,99.971,manual,Manual cook,temp,1950,327.6,,esp32,,0,,,,,,,,,,,,1,375.0,100.0,0.0,0,NONE
2026-09-24T17:31:42.501+00:00,100.471,manual,Manual cook,temp,1950,328.5,,esp32,,0,,,,,,,,,,,,1,375.0,78.0,0.0,0,NONE
2026-09-24T17:31:43.001+00:00,100.972,manual,Manual cook,temp,1950,328.5,,esp32,,0,,,,,,,,,,,,1,375.0,84.0,0.0,0,NONE
2026-09-24T17:31:44.000+00:00,101.971,manual,Manual cook,temp,1950,329.5,,esp32,,0,,,,,,,,,,,,1,375.0,97.0,0.0,0,NONE
2026-09-24T17:31:45.000+00:00,102.970,manual,Manual cook,temp,1950,330.8,,esp32,,0,,,,,,,,,,,,1,375.0,88.0,0.0,0,NONE
2026-09-24T17:31:46.000+00:00,103.970,manual,Manual cook,temp,1950,332.1,,esp32,,0,,,,,,,,,,,,1,375.0,79.0,0.0,0,NONE
2026-09-24T17:31:46.500+00:00,104.470,manual,Manual cook,temp,1950,333.5,,esp32,,0,,,,,,,,,,,,1,375.0,70.0,0.0,0,NONE
2026-09-24T17:31:47.500+00:00,105.470,manual,Manual cook,temp,1950,334.0,,esp32,,0,,,,,,,,,,,,1,375.0,91.0,0.0,0,NONE
2026-09-24T17:31:48.000+00:00,105.971,manual,Manual cook,temp,1950,335.8,,esp32,,0,,,,,,,,,,,,1,375.0,75.0,0.0,0,NONE
2026-09-24T17:31:48.500+00:00,106.471,manual,Manual cook,temp,1950,336.6,,esp32,,0,,,,,,,,,,,,1,375.0,74.0,0.0,0,NONE
2026-09-24T17:31:49.001+00:00,106.971,manual,Manual cook,temp,1950,336.6,,esp32,,0,,,,,,,,,,,,1,375.0,73.0,0.0,0,NONE
2026-09-24T17:31:50.001+00:00,107.972,manual,Manual cook,temp,1950,338.5,,esp32,,0,,,,,,,,,,,,1,375.0,63.0,0.0,0,NONE
2026-09-24T17:31:51.001+00:00,108.971,manual,Manual cook,temp,1950,339.8,,esp32,,0,,,,,,,,,,,,1,375.0,75.0,0.0,0,NONE
2026-09-24T17:31:52.000+00:00,109.971,manual,Manual cook,temp,1950,341.6,,esp32,,0,,,,,,,,,,,,1,375.0,59.0,0.0,0,NONE
2026-09-24T17:31:53.000+00:00,110.970,manual,Manual cook,temp,1950,342.0,,esp32,,0,,,,,,,,,,,,1,375.0,72.0,0.0,0,NONE
2026-09-24T17:31:53.500+00:00,111.470,manual,Manual cook,temp,1950,344.3,,esp32,,0,,,,,,,,,,,,1,375.0,47.0,0.0,0,NONE
2026-09-24T17:31:54.500+00:00,112.471,manual,Manual cook,temp,1950,344.8,,esp32,,0,,,,,,,,,,,,1,375.0,67.0,0.0,0,NONE
2026-09-24T17:31:55.500+00:00,113.470,manual,Manual cook,temp,1950,346.1,,esp32,,0,,,,,,,,,,,,1,375.0,58.0,0.0,0,NONE
2026-09-24T17:31:56.000+00:00,113.970,manual,Manual cook,temp,1950,347.9,,esp32,,0,,,,,,,,,,,,1,375.0,57.0,0.0,0,NONE
2026-09-24T17:31:56.501+00:00,114.471,manual,Manual cook,temp,1950,348.4,,esp32,,0,,,,,,,,,,,,1,375.0,55.0,0.0,0,NONE
2026-09-24T17:31:57.001+00:00,114.972,manual,Manual cook,temp,1950,347.9,,esp32,,0,,,,,,,,,,,,1,375.0,62.0,0.0,0,NONE
2026-09-24T17:31:58.000+00:00,115.971,manual,Manual cook,temp,1950,349.7,,esp32,,0,,,,,,,,,,,,1,375.0,38.0,0.0,0,NONE
2026-09-24T17:31:59.001+00:00,116.971,manual,Manual cook,temp,1950,350.1,,esp32,,0,,,,,,,,,,,,1,375.0,52.0,0.0,0,NONE
2026-09-24T17:32:00.000+00:00,117.970,manual,Manual cook,temp,1950,352.4,,esp32,,0,,,,,,,,,,,,1,375.0,41.0,0.0,0,NONE
2026-09-24T17:32:00.999+00:00,118.970,manual,Manual cook,temp,1950,353.3,,esp32,,0,,,,,,,,,,,,1,375.0,46.0,0.0,0,NONE
2026-09-24T17:32:01.999+00:00,119.970,manual,Manual cook,temp,1950,355.1,,esp32,,0,,,,,,,,,,,,1,375.0,43.0,0.0,0,NONE
2026-09-24T17:32:02.999+00:00,120.970,manual,Manual cook,temp,1950,355.1,,esp32,,0,,,,,,,,,,,,1,375.0,51.0,0.0,0,NONE
2026-09-24T17:32:03.499+00:00,121.470,manual,Manual cook,temp,1950,356.5,,esp32,,0,,,,,,,,,,,,1,375.0,34.0,0.0,0,NONE
2026-09-24T17:32:04.000+00:00,121.970,manual,Manual cook,temp,1950,357.4,,esp32,,0,,,,,,,,,,,,1,375.0,64.0,0.0,0,NONE
2026-09-24T17:32:05.000+00:00,122.971,manual,Manual cook,temp,1950,358.3,,esp32,,0,,,,,,,,,,,,1,375.0,38.0,0.0,0,NONE
2026-09-24T17:32:06.000+00:00,123.970,manual,Manual cook,temp,1950,359.6,,esp32,,0,,,,,,,,,,,,1,375.0,28.0,0.0,0,NONE
2026-09-24T17:32:06.999+00:00,124.970,manual,Manual cook,temp,1950,360.5,,esp32,,0,,,,,,,,,,,,1,375.0,42.0,0.0,0,NONE
2026-09-24T17:32:07.999+00:00,125.970,manual,Manual cook,temp,1950,361.4,,esp32,,0,,,,,,,,,,,,1,375.0,33.0,0.0,0,NONE
2026-09-24T17:32:08.999+00:00,126.970,manual,Manual cook,temp,1950,362.3,,esp32,,0,,,,,,,,,,,,1,375.0,15.0,0.0,0,NONE
2026-09-24T17:32:10.000+00:00,127.970,manual,Manual cook,temp,1950,364.1,,esp32,,0,,,,,,,,,,,,1,375.0,21.0,0.0,0,NONE
2026-09-24T17:32:10.500+00:00,128.471,manual,Manual cook,temp,1950,364.5,,esp32,,0,,,,,,,,,,,,1,375.0,35.0,0.0,0,NONE
2026-09-24T17:32:11.500+00:00,129.470,manual,Manual cook,temp,1950,366.4,,esp32,,0,,,,,,,,,,,,1,375.0,25.0,0.0,0,NONE
2026-09-24T17:32:12.500+00:00,130.470,manual,Manual cook,temp,1950,365.9,,esp32,,0,,,,,,,,,,,,1,375.0,22.0,0.0,0,NONE
2026-09-24T17:32:13.000+00:00,130.970,manual,Manual cook,temp,1950,365.9,,esp32,,0,,,,,,,,,,,,1,375.0,61.0,0.0,0,NONE
2026-09-24T17:32:14.000+00:00,131.970,manual,Manual cook,temp,1950,368.1,,esp32,,0,,,,,,,,,,,,1,375.0,20.0,0.0,0,NONE
2026-09-24T17:32:14.999+00:00,132.970,manual,Manual cook,temp,1950,370.0,,esp32,,0,,,,,,,,,,,,1,375.0,2.0,0.0,0,NONE
2026-09-24T17:32:15.500+00:00,133.470,manual,Manual cook,temp,1950,369.5,,esp32,,0,,,,,,,,,,,,1,375.0,39.0,0.0,0,NONE
2026-09-24T17:32:16.499+00:00,134.470,manual,Manual cook,temp,1950,370.9,,esp32,,0,,,,,,,,,,,,1,375.0,0.0,0.0,0,NONE
2026-09-24T17:32:16.999+00:00,134.970,manual,Manual cook,temp,1950,370.4,,esp32,,0,,,,,,,,,,,,1,375.0,3.0,0.0,0,NONE
2026-09-24T17:32:17.999+00:00,135.969,manual,Manual cook,temp,1950,370.4,,esp32,,0,,,,,,,,,,,,1,375.0,31.0,0.0,0,NONE
2026-09-24T17:32:18.499+00:00,136.470,manual,Manual cook,temp,1950,371.3,,esp32,,0,,,,,,,,,,,,1,375.0,23.0,0.0,0,NONE
2026-09-24T17:32:19.499+00:00,137.470,manual,Manual cook,temp,1950,372.2,,esp32,,0,,,,,,,,,,,,1,375.0,21.0,0.0,0,NONE
2026-09-24T17:32:20.499+00:00,138.469,manual,Manual cook,temp,1950,372.2,,esp32,,0,,,,,,,,,,,,1,375.0,27.0,0.0,0,NONE
2026-09-24T17:32:21.499+00:00,139.470,manual,Manual cook,temp,1950,373.5,,esp32,,0,,,,,,,,,,,,1,375.0,10.0,0.0,0,NONE
2026-09-24T17:32:22.500+00:00,140.470,manual,Manual cook,temp,1950,374.0,,esp32,,0,,,,,,,,,,,,1,375.0,17.0,0.0,0,NONE
2026-09-24T17:32:23.499+00:00,141.470,manual,Manual cook,temp,1950,375.4,,esp32,,0,,,,,,,,,,,,1,375.0,7.0,0.0,0,NONE
2026-09-24T17:32:24.499+00:00,142.469,manual,Manual cook,temp,1950,376.7,,esp32,,0,,,,,,,,,,,,1,375.0,4.0,0.0,0,NONE
2026-09-24T17:32:24.999+00:00,142.969,manual,Manual cook,temp,1950,377.1,,esp32,,0,,,,,,,,,,,,1,375.0,10.0,0.0,0,NONE
2026-09-24T17:32:25.499+00:00,143.470,manual,Manual cook,temp,1950,377.6,,esp32,,0,,,,,,,,,,,,1,375.0,25.0,0.0,0,NONE
2026-09-24T17:32:26.499+00:00,144.469,manual,Manual cook,temp,1950,378.0,,esp32,,0,,,,,,,,,,,,1,375.0,8.0,0.0,0,NONE
2026-09-24T17:32:26.999+00:00,144.969,manual,Manual cook,temp,1950,378.5,,esp32,,0,,,,,,,,,,,,1,375.0,40.0,0.0,0,NONE
2026-09-24T17:32:27.999+00:00,145.969,manual,Manual cook,temp,1950,379.0,,esp32,,0,,,,,,,,,,,,1,375.0,3.0,0.0,0,NONE
2026-09-24T17:32:28.500+00:00,146.470,manual,Manual cook,temp,1950,379.9,,esp32,,0,,,,,,,,,,,,1,375.0,22.0,0.0,0,NONE
2026-09-24T17:32:29.000+00:00,146.970,manual,Manual cook,temp,1950,379.9,,esp32,,0,,,,,,,,,,,,1,375.0,0.0,0.0,0,NONE
2026-09-24T17:32:29.999+00:00,147.969,manual,Manual cook,temp,1950,379.9,,esp32,,0,,,,,,,,,,,,1,375.0,12.0,0.0,0,NONE
2026-09-24T17:32:30.999+00:00,148.969,manual,Manual cook,temp,1950,379.9,,esp32,,0,,,,,,,,,,,,1,375.0,0.0,0.0,0,NONE
2026-09-24T17:32:31.999+00:00,149.969,manual,Manual cook,temp,1950,381.6,,esp32,,0,,,,,,,,,,,,1,375.0,20.0,0.0,0,NONE
2026-09-24T17:32:32.998+00:00,150.969,manual,Manual cook,temp,1950,380.8,,esp32,,0,,,,,,,,,,,,1,375.0,3.0,0.0,0,NONE
2026-09-24T17:32:33.498+00:00,151.469,manual,Manual cook,temp,1950,380.3,,esp32,,0,,,,,,,,,,,,1,375.0,18.0,0.0,0,NONE
2026-09-24T17:32:33.999+00:00,151.969,manual,Manual cook,temp,1950,381.6,,esp32,,0,,,,,,,,,,,,1,375.0,0.0,0.0,0,NONE
2026-09-24T17:32:34.999+00:00,152.970,manual,Manual cook,temp,1950,380.3,,esp32,,0,,,,,,,,,,,,1,375.0,23.0,0.0,0,NONE
2026-09-24T17:32:35.999+00:00,153.969,manual,Manual cook,temp,1950,381.2,,esp32,,0,,,,,,,,,,,,1,375.0,3.0,0.0,0,NONE
2026-09-24T17:32:36.999+00:00,154.969,manual,Manual cook,temp,1950,381.2,,esp32,,0,,,,,,,,,,,,1,375.0,8.0,0.0,0,NONE
2026-09-24T17:32:37.999+00:00,155.969,manual,Manual cook,temp,1950,381.2,,esp32,,0,,,,,,,,,,,,1,375.0,3.0,0.0,0,NONE
2026-09-24T17:32:38.999+00:00,156.969,manual,Manual cook,temp,1950,382.1,,esp32,,0,,,,,,,,,,,,1,375.0,0.0,0.0,0,NONE
2026-09-24T17:32:39.999+00:00,157.970,manual,Manual cook,temp,1950,382.5,,esp32,,0,,,,,,,,,,,,1,375.0,6.0,0.0,0,NONE
2026-09-24T17:32:40.998+00:00,158.969,manual,Manual cook,temp,1950,381.6,,esp32,,0,,,,,,,,,,,,1,375.0,3.0,0.0,0,NONE
2026-09-24T17:32:41.998+00:00,159.969,manual,Manual cook,temp,1950,383.0,,esp32,,0,,,,,,,,,,,,1,375.0,0.0,0.0,0,NONE
2026-09-24T17:32:42.998+00:00,160.969,manual,Manual cook,temp,1950,381.2,,esp32,,0,,,,,,,,,,,,1,375.0,3.0,0.0,0,NONE
2026-09-24T17:32:43.998+00:00,161.969,manual,Manual cook,temp,1950,382.5,,esp32,,0,,,,,,,,,,,,1,375.0,0.0,0.0,0,NONE
2026-09-24T17:32:44.998+00:00,162.969,manual,Manual cook,temp,1950,382.1,,esp32,,0,,,,,,,,,,,,1,375.0,21.0,0.0,0,NONE
2026-09-24T17:32:45.999+00:00,163.969,manual,Manual cook,temp,1950,381.2,,esp32,,0,,,,,,,,,,,,1,375.0,3.0,0.0,0,NONE
2026-09-24T17:32:46.998+00:00,164.968,manual,Manual cook,temp,1950,381.2,,esp32,,0,,,,,,,,,,,,1,375.0,0.0,0.0,0,NONE
2026-09-24T17:32:47.998+00:00,165.968,manual,Manual cook,temp,1950,380.3,,esp32,,0,,,,,,,,,,,,1,375.0,3.0,0.0,0,NONE
2026-09-24T17:32:48.498+00:00,166.469,manual,Manual cook,temp,1950,381.6,,esp32,,0,,,,,,,,,,,,1,375.0,0.0,0.0,0,NONE
2026-09-24T17:32:49.498+00:00,167.469,manual,Manual cook,temp,1950,380.3,,esp32,,0,,,,,,,,,,,,1,375.0,3.0,0.0,0,NONE
2026-09-24T17:32:49.998+00:00,167.969,manual,Manual cook,temp,1950,380.8,,esp32,,0,,,,,,,,,,,,1,375.0,23.0,0.0,0,NONE
2026-09-24T17:32:50.998+00:00,168.968,manual,Manual cook,temp,1950,380.3,,esp32,,0,,,,,,,,,,,,1,375.0,16.0,0.0,0,NONE
2026-09-24T17:32:51.499+00:00,169.469,manual,Manual cook,temp,1950,379.4,,esp32,,0,,,,,,,,,,,,1,375.0,25.0,0.0,0,NONE
2026-09-24T17:32:52.498+00:00,170.469,manual,Manual cook,temp,1950,380.8,,esp32,,0,,,,,,,,,,,,1,375.0,1.0,0.0,0,NONE
2026-09-24T17:32:52.999+00:00,170.970,manual,Manual cook,temp,1950,379.9,,esp32,,0,,,,,,,,,,,,1,375.0,16.0,0.0,0,NONE
2026-09-24T17:32:53.999+00:00,171.969,manual,Manual cook,temp,1950,379.4,,esp32,,0,,,,,,,,,,,,1,375.0,18.0,0.0,0,NONE
2026-09-24T17:32:54.999+00:00,172.970,manual,Manual cook,temp,1950,379.0,,esp32,,0,,,,,,,,,,,,1,375.0,11.0,0.0,0,NONE
2026-09-24T17:32:55.998+00:00,173.968,manual,Manual cook,temp,1950,379.4,,esp32,,0,,,,,,,,,,,,1,375.0,3.0,0.0,0,NONE
2026-09-24T17:32:56.498+00:00,174.468,manual,Manual cook,temp,1950,379.4,,esp32,,0,,,,,,,,,,,,1,375.0,11.0,0.0,0,NONE
2026-09-24T17:32:57.498+00:00,175.468,manual,Manual cook,temp,1950,378.5,,esp32,,0,,,,,,,,,,,,1,375.0,12.0,0.0,0,NONE
2026-09-24T17:32:58.498+00:00,176.468,manual,Manual cook,temp,1950,378.5,,esp32,,0,,,,,,,,,,,,1,375.0,19.0,0.0,0,NONE
2026-09-24T17:32:59.501+00:00,177.471,manual,Manual cook,temp,1950,378.5,,esp32,,0,,,,,,,,,,,,1,375.0,19.0,0.0,0,NONE
2026-09-24T17:33:00.498+00:00,178.469,manual,Manual cook,temp,1950,379.0,,esp32,,0,,,,,,,,,,,,1,375.0,0.0,0.0,0,NONE
2026-09-24T17:33:00.998+00:00,178.969,manual,Manual cook,temp,1950,377.6,,esp32,,0,,,,,,,,,,,,1,375.0,3.0,0.0,0,NONE
2026-09-24T17:33:01.998+00:00,179.969,manual,Manual cook,temp,1950,379.0,,esp32,,0,,,,,,,,,,,,1,375.0,5.0,0.0,0,NONE
2026-09-24T17:33:02.998+00:00,180.969,manual,Manual cook,temp,1950,379.9,,esp32,,0,,,,,,,,,,,,1,375.0,19.0,0.0,0,NONE
2026-09-24T17:33:03.998+00:00,181.969,manual,Manual cook,temp,1950,379.4,,esp32,,0,,,,,,,,,,,,1,375.0,3.0,0.0,0,NONE
2026-09-24T17:33:04.998+00:00,182.969,manual,Manual cook,temp,1950,379.4,,esp32,,0,,,,,,,,,,,,1,375.0,4.0,0.0,0,NONE
2026-09-24T17:33:05.998+00:00,183.968,manual,Manual cook,temp,1950,379.9,,esp32,,0,,,,,,,,,,,,1,375.0,2.0,0.0,0,NONE
2026-09-24T17:33:06.998+00:00,184.968,manual,Manual cook,temp,1950,379.9,,esp32,,0,,,,,,,,,,,,1,375.0,17.0,0.0,0,NONE
2026-09-24T17:33:07.997+00:00,185.968,manual,Manual cook,temp,1950,379.0,,esp32,,0,,,,,,,,,,,,1,375.0,25.0,0.0,0,NONE
2026-09-24T17:33:08.498+00:00,186.468,manual,Manual cook,temp,1950,379.0,,esp32,,0,,,,,,,,,,,,1,375.0,27.0,0.0,0,NONE
2026-09-24T17:33:09.497+00:00,187.468,manual,Manual cook,temp,1950,378.0,,esp32,,0,,,,,,,,,,,,1,375.0,3.0,0.0,0,NONE
2026-09-24T17:33:09.997+00:00,187.968,manual,Manual cook,temp,1950,379.0,,esp32,,0,,,,,,,,,,,,1,375.0,4.0,0.0,0,NONE
2026-09-24T17:33:10.498+00:00,188.468,manual,Manual cook,temp,1950,379.0,,esp32,,0,,,,,,,,,,,,1,375.0,3.0,0.0,0,NONE
2026-09-24T17:33:10.998+00:00,188.969,manual,Manual cook,temp,1950,379.4,,esp32,,0,,,,,,,,,,,,1,375.0,19.0,0.0,0,NONE
2026-09-24T17:33:11.998+00:00,189.968,manual,Manual cook,temp,1950,379.0,,esp32,,0,,,,,,,,,,,,1,375.0,3.0,0.0,0,NONE
2026-09-24T17:33:12.997+00:00,190.968,manual,Manual cook,temp,1950,379.0,,esp32,,0,,,,,,,,,,,,1,375.0,3.0,0.0,0,NONE
2026-09-24T17:33:13.997+00:00,191.968,manual,Manual cook,temp,1950,378.0,,esp32,,0,,,,,,,,,,,,1,375.0,3.0,0.0,0,NONE
2026-09-24T17:33:14.498+00:00,192.468,manual,Manual cook,temp,1950,378.0,,esp32,,0,,,,,,,,,,,,1,375.0,23.0,0.0,0,NONE
2026-09-24T17:33:15.497+00:00,193.468,manual,Manual cook,temp,1950,378.5,,esp32,,0,,,,,,,,,,,,1,375.0,3.0,0.0,0,NONE
2026-09-24T17:33:15.997+00:00,193.968,manual,Manual cook,temp,1950,378.5,,esp32,,0,,,,,,,,,,,,1,375.0,11.0,0.0,0,NONE
2026-09-24T17:33:16.997+00:00,194.968,manual,Manual cook,temp,1950,379.4,,esp32,,0,,,,,,,,,,,,1,375.0,11.0,0.0,0,NONE
2026-09-24T17:33:17.498+00:00,195.468,manual,Manual cook,temp,1950,379.4,,esp32,,0,,,,,,,,,,,,1,375.0,0.0,0.0,0,NONE
2026-09-24T17:33:18.497+00:00,196.468,manual,Manual cook,temp,1950,379.0,,esp32,,0,,,,,,,,,,,,1,375.0,23.0,0.0,0,NONE
2026-09-24T17:33:19.497+00:00,197.468,manual,Manual cook,temp,1950,379.0,,esp32,,0,,,,,,,,,,,,1,375.0,2.0,0.0,0,NONE
2026-09-24T17:33:20.497+00:00,198.468,manual,Manual cook,temp,1950,378.0,,esp32,,0,,,,,,,,,,,,1,375.0,26.0,0.0,0,NONE
2026-09-24T17:33:20.997+00:00,198.968,manual,Manual cook,temp,1950,379.4,,esp32,,0,,,,,,,,,,,,1,375.0,0.0,0.0,0,NONE
2026-09-24T17:33:21.997+00:00,199.968,manual,Manual cook,temp,1950,378.5,,esp32,,0,,,,,,,,,,,,1,375.0,23.0,0.0,0,NONE
2026-09-24T17:33:22.497+00:00,200.468,manual,Manual cook,temp,1950,378.5,,esp32,,0,,,,,,,,,,,,1,375.0,11.0,0.0,0,NONE
2026-09-24T17:33:23.498+00:00,201.468,manual,Manual cook,temp,1950,379.0,,esp32,,0,,,,,,,,,,,,1,375.0,2.0,0.0,0,NONE
2026-09-24T17:33:23.998+00:00,201.968,manual,Manual cook,temp,1950,379.4,,esp32,,0,,,,,,,,,,,,1,375.0,2.0,0.0,0,NONE
2026-09-24T17:33:24.498+00:00,202.468,manual,Manual cook,temp,1950,379.0,,esp32,,0,,,,,,,,,,,,1,375.0,25.0,0.0,0,NONE
2026-09-24T17:33:25.497+00:00,203.468,manual,Manual cook,temp,1950,377.6,,esp32,,0,,,,,,,,,,,,1,375.0,10.0,0.0,0,NONE
2026-09-24T17:33:26.497+00:00,204.467,manual,Manual cook,temp,1950,378.0,,esp32,,0,,,,,,,,,,,,1,375.0,4.0,0.0,0,NONE
2026-09-24T17:33:26.997+00:00,204.967,manual,Manual cook,temp,1950,378.0,,esp32,,0,,,,,,,,,,,,1,375.0,11.0,0.0,0,NONE
2026-09-24T17:33:27.497+00:00,205.468,manual,Manual cook,temp,1950,378.0,,esp32,,0,,,,,,,,,,,,1,375.0,11.0,0.0,0,NONE
2026-09-24T17:33:28.497+00:00,206.468,manual,Manual cook,temp,1950,377.6,,esp32,,0,,,,,,,,,,,,1,375.0,18.0,0.0,0,NONE
2026-09-24T17:33:28.997+00:00,206.968,manual,Manual cook,temp,1950,378.0,,esp32,,0,,,,,,,,,,,,1,375.0,19.0,0.0,0,NONE
2026-09-24T17:33:29.497+00:00,207.468,manual,Manual cook,temp,1950,377.6,,esp32,,0,,,,,,,,,,,,1,375.0,4.0,0.0,0,NONE
2026-09-24T17:33:30.498+00:00,208.468,manual,Manual cook,temp,1950,378.5,,esp32,,0,,,,,,,,,,,,1,375.0,0.0,0.0,0,NONE
2026-09-24T17:33:30.998+00:00,208.968,manual,Manual cook,temp,1950,379.0,,esp32,,0,,,,,,,,,,,,1,375.0,3.0,0.0,0,NONE
2026-09-24T17:33:31.998+00:00,209.968,manual,Manual cook,temp,1950,379.0,,esp32,,0,,,,,,,,,,,,1,375.0,9.0,0.0,0,NONE
2026-09-24T17:33:32.997+00:00,210.968,manual,Manual cook,temp,1950,378.5,,esp32,,0,,,,,,,,,,,,1,375.0,17.0,0.0,0,NONE
2026-09-24T17:33:33.497+00:00,211.468,manual,Manual cook,temp,1950,377.1,,esp32,,0,,,,,,,,,,,,1,375.0,0.0,0.0,0,NONE
2026-09-24T17:33:33.997+00:00,211.968,manual,Manual cook,temp,1950,378.5,,esp32,,0,,,,,,,,,,,,1,375.0,3.0,0.0,0,NONE
2026-09-24T17:33:34.997+00:00,212.968,manual,Manual cook,temp,1950,377.6,,esp32,,0,,,,,,,,,,,,1,375.0,0.0,0.0,0,NONE
2026-09-24T17:33:35.997+00:00,213.968,manual,Manual cook,temp,1950,378.5,,esp32,,0,,,,,,,,,,,,1,375.0,0.0,0.0,0,NONE
2026-09-24T17:33:36.998+00:00,214.968,manual,Manual cook,temp,1950,378.0,,esp32,,0,,,,,,,,,,,,1,375.0,18.0,0.0,0,NONE
2026-09-24T17:33:37.996+00:00,215.967,manual,Manual cook,temp,1950,378.5,,esp32,,0,,,,,,,,,,,,1,375.0,3.0,0.0,0,NONE
2026-09-24T17:33:38.497+00:00,216.467,manual,Manual cook,temp,1950,378.5,,esp32,,0,,,,,,,,,,,,1,375.0,10.0,0.0,0,NONE
2026-09-24T17:33:39.496+00:00,217.467,manual,Manual cook,temp,1950,378.5,,esp32,,0,,,,,,,,,,,,1,375.0,0.0,0.0,0,NONE
2026-09-24T17:33:40.496+00:00,218.467,manual,Manual cook,temp,1950,377.6,,esp32,,0,,,,,,,,,,,,1,375.0,11.0,0.0,0,NONE
2026-09-24T17:33:40.997+00:00,218.967,manual,Manual cook,temp,1950,378.5,,esp32,,0,,,,,,,,,,,,1,375.0,3.0,0.0,0,NONE
2026-09-24T17:33:41.497+00:00,219.467,manual,Manual cook,temp,1950,378.0,,esp32,,0,,,,,,,,,,,,1,375.0,2.0,0.0,0,NONE
2026-09-24T17:33:42.497+00:00,220.468,manual,Manual cook,temp,1950,377.1,,esp32,,0,,,,,,,,,,,,1,375.0,27.0,0.0,0,NONE
2026-09-24T17:33:43.496+00:00,221.467,manual,Manual cook,temp,1950,378.0,,esp32,,0,,,,,,,,,,,,1,375.0,0.0,0.0,0,NONE
2026-09-24T17:33:44.496+00:00,222.467,manual,Manual cook,temp,1950,375.8,,esp32,,0,,,,,,,,,,,,1,375.0,23.0,0.0,0,NONE
2026-09-24T17:33:45.496+00:00,223.467,manual,Manual cook,temp,1950,378.0,,esp32,,0,,,,,,,,,,,,1,375.0,3.0,0.0,0,NONE
2026-09-24T17:33:45.997+00:00,223.967,manual,Manual cook,temp,1950,377.6,,esp32,,0,,,,,,,,,,,,1,375.0,23.0,0.0,0,NONE
2026-09-24T17:33:46.996+00:00,224.967,manual,Manual cook,temp,1950,377.6,,esp32,,0,,,,,,,,,,,,1,375.0,3.0,0.0,0,NONE
2026-09-24T17:33:47.496+00:00,225.467,manual,Manual cook,temp,1950,377.1,,esp32,,0,,,,,,,,,,,,1,375.0,19.0,0.0,0,NONE
2026-09-24T17:33:47.996+00:00,225.967,manual,Manual cook,temp,1950,377.1,,esp32,,0,,,,,,,,,,,,1,375.0,0.0,0.0,0,NONE
2026-09-24T17:33:48.996+00:00,226.967,manual,Manual cook,temp,1950,377.1,,esp32,,0,,,,,,,,,,,,1,375.0,12.0,0.0,0,NONE
2026-09-24T17:33:49.496+00:00,227.467,manual,Manual cook,temp,1950,377.6,,esp32,,0,,,,,,,,,,,,1,375.0,4.0,0.0,0,NONE
2026-09-24T17:33:50.496+00:00,228.467,manual,Manual cook,temp,1950,376.7,,esp32,,0,,,,,,,,,,,,1,375.0,27.0,0.0,0,NONE
2026-09-24T17:33:50.996+00:00,228.967,manual,Manual cook,temp,1950,378.0,,esp32,,0,,,,,,,,,,,,1,375.0,5.0,0.0,0,NONE
2026-09-24T17:33:51.996+00:00,229.967,manual,Manual cook,temp,1950,378.0,,esp32,,0,,,,,,,,,,,,1,375.0,3.0,0.0,0,NONE
2026-09-24T17:33:52.496+00:00,230.467,manual,Manual cook,temp,1950,378.0,,esp32,,0,,,,,,,,,,,,1,375.0,23.0,0.0,0,NONE
2026-09-24T17:33:53.497+00:00,231.467,manual,Manual cook,temp,1950,378.0,,esp32,,0,,,,,,,,,,,,1,375.0,3.0,0.0,0,NONE
2026-09-24T17:33:54.496+00:00,232.467,manual,Manual cook,temp,1950,377.6,,esp32,,0,,,,,,,,,,,,1,375.0,11.0,0.0,0,NONE
2026-09-24T17:33:54.997+00:00,232.967,manual,Manual cook,temp,1950,378.0,,esp32,,0,,,,,,,,,,,,1,375.0,19.0,0.0,0,NONE
2026-09-24T17:33:55.996+00:00,233.966,manual,Manual cook,temp,1950,378.5,,esp32,,0,,,,,,,,,,,,1,375.0,2.0,0.0,0,NONE
2026-09-24T17:33:56.496+00:00,234.467,manual,Manual cook,temp,1950,376.3,,esp32,,0,,,,,,,,,,,,1,375.0,23.0,0.0,0,NONE
2026-09-24T17:33:56.996+00:00,234.967,manual,Manual cook,temp,1950,378.5,,esp32,,0,,,,,,,,,,,,1,375.0,0.0,0.0,0,NONE
2026-09-24T17:33:57.996+00:00,235.967,manual,Manual cook,temp,1950,377.1,,esp32,,0,,,,,,,,,,,,1,375.0,3.0,0.0,0,NONE
2026-09-24T17:33:58.496+00:00,236.467,manual,Manual cook,temp,1950,378.0,,esp32,,0,,,,,,,,,,,,1,375.0,12.0,0.0,0,NONE
2026-09-24T17:33:59.496+00:00,237.467,manual,Manual cook,temp,1950,376.7,,esp32,,0,,,,,,,,,,,,1,375.0,3.0,0.0,0,NONE
2026-09-24T17:34:00.497+00:00,238.467,manual,Manual cook,temp,1950,378.0,,esp32,,0,,,,,,,,,,,,1,375.0,0.0,0.0,0,NONE
2026-09-24T17:34:01.496+00:00,239.467,manual,Manual cook,temp,1950,376.7,,esp32,,0,,,,,,,,,,,,1,375.0,23.0,0.0,0,NONE
2026-09-24T17:34:02.496+00:00,240.466,manual,Manual cook,temp,1950,376.3,,esp32,,0,,,,,,,,,,,,1,375.0,3.0,0.0,0,NONE
2026-09-24T17:34:03.496+00:00,241.466,manual,Manual cook,temp,1950,377.1,,esp32,,0,,,,,,,,,,,,1,375.0,0.0,0.0,0,NONE
2026-09-24T17:34:04.496+00:00,242.466,manual,Manual cook,temp,1950,377.1,,esp32,,0,,,,,,,,,,,,1,375.0,23.0,0.0,0,NONE
2026-09-24T17:34:05.496+00:00,243.466,manual,Manual cook,temp,1950,377.6,,esp32,,0,,,,,,,,,,,,1,375.0,3.0,0.0,0,NONE
2026-09-24T17:34:05.996+00:00,243.966,manual,Manual cook,temp,1950,375.8,,esp32,,0,,,,,,,,,,,,1,375.0,23.0,0.0,0,NONE
2026-09-24T17:34:06.996+00:00,244.967,manual,Manual cook,temp,1950,375.8,,esp32,,0,,,,,,,,,,,,1,375.0,3.0,0.0,0,NONE
2026-09-24T17:34:07.996+00:00,245.966,manual,Manual cook,temp,1950,375.8,,esp32,,0,,,,,,,,,,,,1,375.0,0.0,0.0,0,NONE
2026-09-24T17:34:08.996+00:00,246.966,manual,Manual cook,temp,1950,374.9,,esp32,,0,,,,,,,,,,,,1,375.0,23.0,0.0,0,NONE
2026-09-24T17:34:09.496+00:00,247.466,manual,Manual cook,temp,1950,376.3,,esp32,,0,,,,,,,,,,,,1,375.0,0.0,0.0,0,NONE
2026-09-24T17:34:09.996+00:00,247.967,manual,Manual cook,temp,1950,375.8,,esp32,,0,,,,,,,,,,,,1,375.0,3.0,0.0,0,NONE
2026-09-24T17:34:10.996+00:00,248.966,manual,Manual cook,temp,1950,377.1,,esp32,,0,,,,,,,,,,,,1,375.0,0.0,0.0,0,NONE
2026-09-24T17:34:11.996+00:00,249.966,manual,Manual cook,temp,1950,375.4,,esp32,,0,,,,,,,,,,,,1,375.0,23.0,0.0,0,NONE
2026-09-24T17:34:12.496+00:00,250.467,manual,Manual cook,temp,1950,376.3,,esp32,,0,,,,,,,,,,,,1,375.0,0.0,0.0,0,NONE
2026-09-24T17:34:13.496+00:00,251.466,manual,Manual cook,temp,1950,376.3,,esp32,,0,,,,,,,,,,,,1,375.0,3.0,0.0,0,NONE
2026-09-24T17:34:14.495+00:00,252.466,manual,Manual cook,temp,1950,375.8,,esp32,,0,,,,,,,,,,,,1,375.0,3.0,0.0,0,NONE
2026-09-24T17:34:15.495+00:00,253.466,manual,Manual cook,temp,1950,376.7,,esp32,,0,,,,,,,,,,,,1,375.0,5.0,0.0,0,NONE
2026-09-24T17:34:15.996+00:00,253.966,manual,Manual cook,temp,1950,376.7,,esp32,,0,,,,,,,,,,,,1,375.0,20.0,0.0,0,NONE
2026-09-24T17:34:16.996+00:00,254.966,manual,Manual cook,temp,1950,375.8,,esp32,,0,,,,,,,,,,,,1,375.0,29.0,0.0,0,NONE
2026-09-24T17:34:17.996+00:00,255.967,manual,Manual cook,temp,1950,376.3,,esp32,,0,,,,,,,,,,,,1,375.0,6.0,0.0,0,NONE
2026-09-24T17:34:18.996+00:00,256.967,manual,Manual cook,temp,1950,376.7,,esp32,,0,,,,,,,,,,,,1,375.0,12.0,0.0,0,NONE
2026-09-24T17:34:19.996+00:00,257.966,manual,Manual cook,temp,1950,376.7,,esp32,,0,,,,,,,,,,,,1,375.0,28.0,0.0,0,NONE
2026-09-24T17:34:20.995+00:00,258.966,manual,Manual cook,temp,1950,375.8,,esp32,,0,,,,,,,,,,,,1,375.0,3.0,0.0,0,NONE
2026-09-24T17:34:21.995+00:00,259.966,manual,Manual cook,temp,1950,376.7,,esp32,,0,,,,,,,,,,,,1,375.0,0.0,0.0,0,NONE
2026-09-24T17:34:22.496+00:00,260.466,manual,Manual cook,temp,1950,376.7,,esp32,,0,,,,,,,,,,,,1,375.0,3.0,0.0,0,NONE
2026-09-24T17:34:23.495+00:00,261.466,manual,Manual cook,temp,1950,377.1,,esp32,,0,,,,,,,,,,,,1,375.0,0.0,0.0,0,NONE
2026-09-24T17:34:24.495+00:00,262.466,manual,Manual cook,temp,1950,377.1,,esp32,,0,,,,,,,,,,,,1,375.0,11.0,0.0,0,NONE
2026-09-24T17:34:24.996+00:00,262.966,manual,Manual cook,temp,1950,377.6,,esp32,,0,,,,,,,,,,,,1,375.0,3.0,0.0,0,NONE
2026-09-24T17:34:25.995+00:00,263.966,manual,Manual cook,temp,1950,376.7,,esp32,,0,,,,,,,,,,,,1,375.0,34.0,0.0,0,NONE
2026-09-24T17:34:26.495+00:00,264.466,manual,Manual cook,temp,1950,377.6,,esp32,,0,,,,,,,,,,,,1,375.0,12.0,0.0,0,NONE
2026-09-24T17:34:27.495+00:00,265.466,manual,Manual cook,temp,1950,377.6,,esp32,,0,,,,,,,,,,,,1,375.0,3.0,0.0,0,NONE
2026-09-24T17:34:28.495+00:00,266.466,manual,Manual cook,temp,1950,378.0,,esp32,,0,,,,,,,,,,,,1,375.0,0.0,0.0,0,NONE
2026-09-24T17:34:29.495+00:00,267.466,manual,Manual cook,temp,1950,378.5,,esp32,,0,,,,,,,,,,,,1,375.0,0.0,0.0,0,NONE
2026-09-24T17:34:30.496+00:00,268.467,manual,Manual cook,temp,1950,379.4,,esp32,,0,,,,,,,,,,,,1,375.0,23.0,0.0,0,NONE
2026-09-24T17:34:31.495+00:00,269.466,manual,Manual cook,temp,1950,378.5,,esp32,,0,,,,,,,,,,,,1,375.0,3.0,0.0,0,NONE
2026-09-24T17:34:31.995+00:00,269.966,manual,Manual cook,temp,1950,376.7,,esp32,,0,,,,,,,,,,,,1,375.0,23.0,0.0,0,NONE
2026-09-24T17:34:32.495+00:00,270.466,manual,Manual cook,temp,1950,378.0,,esp32,,0,,,,,,,,,,,,1,375.0,26.0,0.0,0,NONE
2026-09-24T17:34:33.495+00:00,271.465,manual,Manual cook,temp,1950,378.0,,esp32,,0,,,,,,,,,,,,1,375.0,3.0,0.0,0,NONE
2026-09-24T17:34:33.995+00:00,271.966,manual,Manual cook,temp,1950,378.5,,esp32,,0,,,,,,,,,,,,1,375.0,17.0,0.0,0,NONE
2026-09-24T17:34:34.995+00:00,272.965,manual,Manual cook,temp,1950,377.6,,esp32,,0,,,,,,,,,,,,1,375.0,3.0,0.0,0,NONE
2026-09-24T17:34:35.496+00:00,273.467,manual,Manual cook,temp,1950,377.6,,esp32,,0,,,,,,,,,,,,1,375.0,23.0,0.0,0,NONE
2026-09-24T17:34:36.495+00:00,274.466,manual,Manual cook,temp,1950,379.0,,esp32,,0,,,,,,,,,,,,1,375.0,0.0,0.0,0,NONE
2026-09-24T17:34:36.995+00:00,274.966,manual,Manual cook,temp,1950,378.5,,esp32,,0,,,,,,,,,,,,1,375.0,3.0,0.0,0,NONE
2026-09-24T17:34:37.995+00:00,275.965,manual,Manual cook,temp,1950,378.5,,esp32,,0,,,,,,,,,,,,1,375.0,3.0,0.0,0,NONE
2026-09-24T17:34:38.495+00:00,276.465,manual,Manual cook,temp,1950,378.0,,esp32,,0,,,,,,,,,,,,1,375.0,16.0,0.0,0,NONE
2026-09-24T17:34:38.995+00:00,276.965,manual,Manual cook,temp,1950,378.5,,esp32,,0,,,,,,,,,,,,1,375.0,1.0,0.0,0,NONE
2026-09-24T17:34:39.495+00:00,277.465,manual,Manual cook,temp,1950,377.6,,esp32,,0,,,,,,,,,,,,1,375.0,8.0,0.0,0,NONE
2026-09-24T17:34:40.495+00:00,278.465,manual,Manual cook,temp,1950,378.5,,esp32,,0,,,,,,,,,,,,1,375.0,2.0,0.0,0,NONE
2026-09-24T17:34:40.996+00:00,278.967,manual,Manual cook,temp,1950,378.5,,esp32,,0,,,,,,,,,,,,1,375.0,1.0,0.0,0,NONE
2026-09-24T17:34:41.995+00:00,279.965,manual,Manual cook,temp,1950,377.6,,esp32,,0,,,,,,,,,,,,1,375.0,24.0,0.0,0,NONE
2026-09-24T17:34:42.995+00:00,280.966,manual,Manual cook,temp,1950,377.6,,esp32,,0,,,,,,,,,,,,1,375.0,9.0,0.0,0,NONE
2026-09-24T17:34:43.995+00:00,281.966,manual,Manual cook,temp,1950,378.0,,esp32,,0,,,,,,,,,,,,1,375.0,0.0,0.0,0,NONE
2026-09-24T17:34:44.995+00:00,282.966,manual,Manual cook,temp,1950,377.1,,esp32,,0,,,,,,,,,,,,1,375.0,23.0,0.0,0,NONE
2026-09-24T17:34:45.995+00:00,283.965,manual,Manual cook,temp,1950,377.1,,esp32,,0,,,,,,,,,,,,1,375.0,3.0,0.0,0,NONE
2026-09-24T17:34:46.495+00:00,284.465,manual,Manual cook,temp,1950,378.0,,esp32,,0,,,,,,,,,,,,1,375.0,0.0,0.0,0,NONE
2026-09-24T17:34:47.496+00:00,285.466,manual,Manual cook,temp,1950,377.1,,esp32,,0,,,,,,,,,,,,1,375.0,10.0,0.0,0,NONE
2026-09-24T17:34:48.495+00:00,286.465,manual,Manual cook,temp,1950,377.6,,esp32,,0,,,,,,,,,,,,1,375.0,2.0,0.0,0,NONE
2026-09-24T17:34:48.995+00:00,286.966,manual,Manual cook,temp,1950,376.7,,esp32,,0,,,,,,,,,,,,1,375.0,1.0,0.0,0,NONE
2026-09-24T17:34:49.995+00:00,287.965,manual,Manual cook,temp,1950,377.1,,esp32,,0,,,,,,,,,,,,1,375.0,3.0,0.0,0,NONE
2026-09-24T17:34:50.495+00:00,288.466,manual,Manual cook,temp,1950,376.7,,esp32,,0,,,,,,,,,,,,1,375.0,10.0,0.0,0,NONE
2026-09-24T17:34:50.995+00:00,288.966,manual,Manual cook,temp,1950,377.1,,esp32,,0,,,,,,,,,,,,1,375.0,18.0,0.0,0,NONE
2026-09-24T17:34:51.996+00:00,289.966,manual,Manual cook,temp,1950,378.5,,esp32,,0,,,,,,,,,,,,1,375.0,0.0,0.0,0,NONE
2026-09-24T17:34:52.995+00:00,290.966,manual,Manual cook,temp,1950,376.7,,esp32,,0,,,,,,,,,,,,1,375.0,23.0,0.0,0,NONE
2026-09-24T17:34:53.495+00:00,291.466,manual,Manual cook,temp,1950,376.7,,esp32,,0,,,,,,,,,,,,1,375.0,3.0,0.0,0,NONE
2026-09-24T17:34:54.495+00:00,292.466,manual,Manual cook,temp,1950,377.6,,esp32,,0,,,,,,,,,,,,1,375.0,0.0,0.0,0,NONE
2026-09-24T17:34:54.995+00:00,292.966,manual,Manual cook,temp,1950,377.6,,esp32,,0,,,,,,,,,,,,1,375.0,3.0,0.0,0,NONE
2026-09-24T17:34:55.995+00:00,293.966,manual,Manual cook,temp,1950,377.6,,esp32,,0,,,,,,,,,,,,1,375.0,9.0,0.0,0,NONE
2026-09-24T17:34:56.495+00:00,294.466,manual,Manual cook,temp,1950,377.6,,esp32,,0,,,,,,,,,,,,1,375.0,0.0,0.0,0,NONE
2026-09-24T17:34:57.496+00:00,295.466,manual,Manual cook,temp,1950,376.7,,esp32,,0,,,,,,,,,,,,1,375.0,23.0,0.0,0,NONE
2026-09-24T17:34:58.495+00:00,296.466,manual,Manual cook,temp,1950,377.6,,esp32,,0,,,,,,,,,,,,1,375.0,3.0,0.0,0,NONE
2026-09-24T17:34:58.995+00:00,296.966,manual,Manual cook,temp,1950,378.0,,esp32,,0,,,,,,,,,,,,1,375.0,9.0,0.0,0,NONE
2026-09-24T17:34:59.995+00:00,297.966,manual,Manual cook,temp,1950,378.5,,esp32,,0,,,,,,,,,,,,1,375.0,0.0,0.0,0,NONE
2026-09-24T17:35:00.995+00:00,298.966,manual,Manual cook,temp,1950,377.1,,esp32,,0,,,,,,,,,,,,1,375.0,0.0,0.0,0,NONE
2026-09-24T17:35:01.995+00:00,299.966,manual,Manual cook,temp,1950,376.7,,esp32,,0,,,,,,,,,,,,1,375.0,18.0,0.0,0,NONE
2026-09-24T17:35:02.996+00:00,300.966,manual,Manual cook,temp,1950,377.1,,esp32,,0,,,,,,,,,,,,1,375.0,3.0,0.0,0,NONE
2026-09-24T17:35:03.496+00:00,301.466,manual,Manual cook,temp,1950,375.8,,esp32,,0,,,,,,,,,,,,1,375.0,23.0,0.0,0,NONE
2026-09-24T17:35:04.495+00:00,302.466,manual,Manual cook,temp,1950,376.7,,esp32,,0,,,,,,,,,,,,1,375.0,3.0,0.0,0,NONE
2026-09-24T17:35:04.995+00:00,302.966,manual,Manual cook,temp,1950,376.3,,esp32,,0,,,,,,,,,,,,1,375.0,19.0,0.0,0,NONE
2026-09-24T17:35:05.995+00:00,303.966,manual,Manual cook,temp,1950,375.8,,esp32,,0,,,,,,,,,,,,1,375.0,3.0,0.0,0,NONE
2026-09-24T17:35:06.995+00:00,304.966,manual,Manual cook,temp,1950,376.7,,esp32,,0,,,,,,,,,,,,1,375.0,0.0,0.0,0,NONE
2026-09-24T17:35:07.495+00:00,305.466,manual,Manual cook,temp,1950,376.7,,esp32,,0,,,,,,,,,,,,1,375.0,3.0,0.0,0,NONE
2026-09-24T17:35:08.496+00:00,306.467,manual,Manual cook,temp,1950,375.4,,esp32,,0,,,,,,,,,,,,1,375.0,2.0,0.0,0,NONE
2026-09-24T17:35:09.496+00:00,307.466,manual,Manual cook,temp,1950,377.1,,esp32,,0,,,,,,,,,,,,1,375.0,0.0,0.0,0,NONE
2026-09-24T17:35:10.495+00:00,308.466,manual,Manual cook,temp,1950,376.3,,esp32,,0,,,,,,,,,,,,1,375.0,3.0,0.0,0,NONE
2026-09-24T17:35:10.995+00:00,308.966,manual,Manual cook,temp,1950,375.8,,esp32,,0,,,,,,,,,,,,1,375.0,20.0,0.0,0,NONE
2026-09-24T17:35:11.995+00:00,309.966,manual,Manual cook,temp,1950,376.3,,esp32,,0,,,,,,,,,,,,1,375.0,3.0,0.0,0,NONE
2026-09-24T17:35:12.495+00:00,310.466,manual,Manual cook,temp,1950,374.9,,esp32,,0,,,,,,,,,,,,1,375.0,23.0,0.0,0,NONE
2026-09-24T17:35:12.996+00:00,310.966,manual,Manual cook,temp,1950,376.7,,esp32,,0,,,,,,,,,,,,1,375.0,0.0,0.0,0,NONE
2026-09-24T17:35:13.996+00:00,311.966,manual,Manual cook,temp,1950,375.8,,esp32,,0,,,,,,,,,,,,1,375.0,23.0,0.0,0,NONE
2026-09-24T17:35:14.496+00:00,312.466,manual,Manual cook,temp,1950,375.8,,esp32,,0,,,,,,,,,,,,1,375.0,12.0,0.0,0,NONE
2026-09-24T17:35:15.495+00:00,313.466,manual,Manual cook,temp,1950,375.8,,esp32,,0,,,,,,,,,,,,1,375.0,3.0,0.0,0,NONE
2026-09-24T17:35:15.996+00:00,313.966,manual,Manual cook,temp,1950,376.3,,esp32,,0,,,,,,,,,,,,1,375.0,4.0,0.0,0,NONE
2026-09-24T17:35:16.496+00:00,314.466,manual,Manual cook,temp,1950,376.3,,esp32,,0,,,,,,,,,,,,1,375.0,28.0,0.0,0,NONE
2026-09-24T17:35:16.996+00:00,314.966,manual,Manual cook,temp,1950,376.3,,esp32,,0,,,,,,,,,,,,1,375.0,0.0,0.0,0,NONE
2026-09-24T17:35:17.996+00:00,315.966,manual,Manual cook,temp,1950,375.8,,esp32,,0,,,,,,,,,,,,1,375.0,19.0,0.0,0,NONE
2026-09-24T17:35:18.996+00:00,316.966,manual,Manual cook,temp,1950,376.7,,esp32,,0,,,,,,,,,,,,1,375.0,12.0,0.0,0,NONE
2026-09-24T17:35:19.996+00:00,317.967,manual,Manual cook,temp,1950,375.4,,esp32,,0,,,,,,,,,,,,1,375.0,3.0,0.0,0,NONE
2026-09-24T17:35:20.996+00:00,318.966,manual,Manual cook,temp,1950,376.7,,esp32,,0,,,,,,,,,,,,1,375.0,0.0,0.0,0,NONE
2026-09-24T17:35:21.996+00:00,319.966,manual,Manual cook,temp,1950,376.3,,esp32,,0,,,,,,,,,,,,1,375.0,19.0,0.0,0,NONE
2026-09-24T17:35:22.996+00:00,320.966,manual,Manual cook,temp,1950,375.8,,esp32,,0,,,,,,,,,,,,1,375.0,0.0,0.0,0,NONE
2026-09-24T17:35:23.496+00:00,321.466,manual,Manual cook,temp,1950,375.8,,esp32,,0,,,,,,,,,,,,1,375.0,3.0,0.0,0,NONE
2026-09-24T17:35:24.495+00:00,322.466,manual,Manual cook,temp,1950,376.7,,esp32,,0,,,,,,,,,,,,1,375.0,0.0,0.0,0,NONE
2026-09-24T17:35:24.996+00:00,322.966,manual,Manual cook,temp,1950,375.8,,esp32,,0,,,,,,,,,,,,1,375.0,3.0,0.0,0,NONE
2026-09-24T17:35:25.496+00:00,323.466,manual,Manual cook,temp,1950,376.7,,esp32,,0,,,,,,,,,,,,1,375.0,23.0,0.0,0,NONE
2026-09-24T17:35:26.496+00:00,324.466,manual,Manual cook,temp,1950,376.3,,esp32,,0,,,,,,,,,,,,1,375.0,3.0,0.0,0,NONE
2026-09-24T17:35:27.496+00:00,325.466,manual,Manual cook,temp,1950,376.3,,esp32,,0,,,,,,,,,,,,1,375.0,11.0,0.0,0,NONE
2026-09-24T17:35:27.996+00:00,325.966,manual,Manual cook,temp,1950,375.8,,esp32,,0,,,,,,,,,,,,1,375.0,19.0,0.0,0,NONE
2026-09-24T17:35:28.496+00:00,326.466,manual,Manual cook,temp,1950,376.3,,esp32,,0,,,,,,,,,,,,1,375.0,12.0,0.0,0,NONE
2026-09-24T17:35:29.496+00:00,327.466,manual,Manual cook,temp,1950,377.6,,esp32,,0,,,,,,,,,,,,1,375.0,11.0,0.0,0,NONE
2026-09-24T17:35:30.496+00:00,328.467,manual,Manual cook,temp,1950,377.6,,esp32,,0,,,,,,,,,,,,1,375.0,3.0,0.0,0,NONE
2026-09-24T17:35:31.496+00:00,329.466,manual,Manual cook,temp,1950,377.1,,esp32,,0,,,,,,,,,,,,1,375.0,2.0,0.0,0,NONE
2026-09-24T17:35:32.496+00:00,330.466,manual,Manual cook,temp,1950,376.7,,esp32,,0,,,,,,,,,,,,1,375.0,25.0,0.0,0,NONE
2026-09-24T17:35:33.496+00:00,331.466,manual,Manual cook,temp,1950,378.5,,esp32,,0,,,,,,,,,,,,1,375.0,0.0,0.0,0,NONE
2026-09-24T17:35:33.996+00:00,331.966,manual,Manual cook,temp,1950,376.7,,esp32,,0,,,,,,,,,,,,1,375.0,0.0,0.0,0,NONE
2026-09-24T17:35:34.996+00:00,332.966,manual,Manual cook,temp,1950,378.0,,esp32,,0,,,,,,,,,,,,1,375.0,18.0,0.0,0,NONE
2026-09-24T17:35:35.996+00:00,333.966,manual,Manual cook,temp,1950,377.1,,esp32,,0,,,,,,,,,,,,1,375.0,0.0,0.0,0,NONE
2026-09-24T17:35:36.496+00:00,334.466,manual,Manual cook,temp,1950,377.6,,esp32,,0,,,,,,,,,,,,1,375.0,3.0,0.0,0,NONE
2026-09-24T17:35:37.496+00:00,335.466,manual,Manual cook,temp,1950,377.6,,esp32,,0,,,,,,,,,,,,1,375.0,8.0,0.0,0,NONE
2026-09-24T17:35:37.996+00:00,335.967,manual,Manual cook,temp,1950,376.3,,esp32,,0,,,,,,,,,,,,1,375.0,33.0,0.0,0,NONE
2026-09-24T17:35:38.996+00:00,336.966,manual,Manual cook,temp,1950,376.7,,esp32,,0,,,,,,,,,,,,1,375.0,3.0,0.0,0,NONE
2026-09-24T17:35:39.496+00:00,337.466,manual,Manual cook,temp,1950,377.6,,esp32,,0,,,,,,,,,,,,1,375.0,23.0,0.0,0,NONE
2026-09-24T17:35:40.496+00:00,338.466,manual,Manual cook,temp,1950,377.6,,esp32,,0,,,,,,,,,,,,1,375.0,3.0,0.0,0,NONE
2026-09-24T17:35:40.997+00:00,338.967,manual,Manual cook,temp,1950,377.6,,esp32,,0,,,,,,,,,,,,1,375.0,23.0,0.0,0,NONE
2026-09-24T17:35:41.497+00:00,339.467,manual,Manual cook,temp,1950,377.6,,esp32,,0,,,,,,,,,,,,1,375.0,0.0,0.0,0,NONE
2026-09-24T17:35:42.496+00:00,340.466,manual,Manual cook,temp,1950,377.1,,esp32,,0,,,,,,,,,,,,1,375.0,23.0,0.0,0,NONE
2026-09-24T17:35:43.496+00:00,341.467,manual,Manual cook,temp,1950,377.6,,esp32,,0,,,,,,,,,,,,1,375.0,1.0,0.0,0,NONE
2026-09-24T17:35:44.496+00:00,342.466,manual,Manual cook,temp,1950,377.1,,esp32,,0,,,,,,,,,,,,1,375.0,16.0,0.0,0,NONE
2026-09-24T17:35:45.496+00:00,343.466,manual,Manual cook,temp,1950,377.6,,esp32,,0,,,,,,,,,,,,1,375.0,8.0,0.0,0,NONE
2026-09-24T17:35:45.996+00:00,343.966,manual,Manual cook,temp,1950,377.1,,esp32,,0,,,,,,,,,,,,1,375.0,16.0,0.0,0,NONE
2026-09-24T17:35:46.996+00:00,344.966,manual,Manual cook,temp,1950,376.7,,esp32,,0,,,,,,,,,,,,1,375.0,24.0,0.0,0,NONE
2026-09-24T17:35:47.996+00:00,345.966,manual,Manual cook,temp,1950,378.0,,esp32,,0,,,,,,,,,,,,1,375.0,2.0,0.0,0,NONE
2026-09-24T17:35:48.996+00:00,346.966,manual,Manual cook,temp,1950,377.1,,esp32,,0,,,,,,,,,,,,1,375.0,3.0,0.0,0,NONE
2026-09-24T17:35:49.496+00:00,347.466,manual,Manual cook,temp,1950,376.3,,esp32,,0,,,,,,,,,,,,1,375.0,23.0,0.0,0,NONE
2026-09-24T17:35:50.496+00:00,348.466,manual,Manual cook,temp,1950,376.7,,esp32,,0,,,,,,,,,,,,1,375.0,3.0,0.0,0,NONE
2026-09-24T17:35:51.496+00:00,349.466,manual,Manual cook,temp,1950,377.1,,esp32,,0,,,,,,,,,,,,1,375.0,0.0,0.0,0,NONE
2026-09-24T17:35:52.496+00:00,350.467,manual,Manual cook,temp,1950,378.0,,esp32,,0,,,,,,,,,,,,1,375.0,17.0,0.0,0,NONE
2026-09-24T17:35:53.496+00:00,351.466,manual,Manual cook,temp,1950,378.0,,esp32,,0,,,,,,,,,,,,1,375.0,3.0,0.0,0,NONE
2026-09-24T17:35:53.996+00:00,351.966,manual,Manual cook,temp,1950,376.7,,esp32,,0,,,,,,,,,,,,1,375.0,23.0,0.0,0,NONE
2026-09-24T17:35:54.496+00:00,352.466,manual,Manual cook,temp,1950,377.6,,esp32,,0,,,,,,,,,,,,1,375.0,0.0,0.0,0,NONE
2026-09-24T17:35:55.496+00:00,353.466,manual,Manual cook,temp,1950,375.8,,esp32,,0,,,,,,,,,,,,1,375.0,23.0,0.0,0,NONE
2026-09-24T17:35:55.996+00:00,353.966,manual,Manual cook,temp,1950,378.0,,esp32,,0,,,,,,,,,,,,1,375.0,0.0,0.0,0,NONE
2026-09-24T17:35:56.997+00:00,354.967,manual,Manual cook,temp,1950,376.7,,esp32,,0,,,,,,,,,,,,1,375.0,23.0,0.0,0,NONE
2026-09-24T17:35:57.996+00:00,355.966,manual,Manual cook,temp,1950,377.6,,esp32,,0,,,,,,,,,,,,1,375.0,3.0,0.0,0,NONE
2026-09-24T17:35:58.496+00:00,356.466,manual,Manual cook,temp,1950,376.7,,esp32,,0,,,,,,,,,,,,1,375.0,23.0,0.0,0,NONE
2026-09-24T17:35:59.496+00:00,357.466,manual,Manual cook,temp,1950,377.6,,esp32,,0,,,,,,,,,,,,1,375.0,3.0,0.0,0,NONE
2026-09-24T17:35:59.996+00:00,357.966,manual,Manual cook,temp,1950,377.1,,esp32,,0,,,,,,,,,,,,1,375.0,16.0,0.0,0,NONE
2026-09-24T17:36:00.996+00:00,358.966,manual,Manual cook,temp,1950,378.0,,esp32,,0,,,,,,,,,,,,1,375.0,0.0,0.0,0,NONE
2026-09-24T17:36:01.496+00:00,359.466,manual,Manual cook,temp,1950,378.0,,esp32,,0,,,,,,,,,,,,1,375.0,3.0,0.0,0,NONE
2026-09-24T17:36:01.996+00:00,359.967,manual,Manual cook,temp,1950,378.5,,esp32,,0,,,,,,,,,,,,1,375.0,0.0,0.0,0,NONE
2026-09-24T17:36:02.496+00:00,360.467,manual,Manual cook,temp,1950,378.5,,esp32,,0,,,,,,,,,,,,1,375.0,0.0,0.0,0,NONE
2026-09-24T17:36:03.496+00:00,361.466,manual,Manual cook,temp,1950,377.6,,esp32,,0,,,,,,,,,,,,1,375.0,7.0,0.0,0,NONE
2026-09-24T17:36:04.496+00:00,362.466,manual,Manual cook,temp,1950,377.6,,esp32,,0,,,,,,,,,,,,1,375.0,3.0,0.0,0,NONE
2026-09-24T17:36:05.496+00:00,363.466,manual,Manual cook,temp,1950,378.5,,esp32,,0,,,,,,,,,,,,1,375.0,0.0,0.0,0,NONE
2026-09-24T17:36:05.996+00:00,363.966,manual,Manual cook,temp,1950,378.0,,esp32,,0,,,,,,,,,,,,1,375.0,3.0,0.0,0,NONE
2026-09-24T17:36:06.496+00:00,364.467,manual,Manual cook,temp,1950,378.5,,esp32,,0,,,,,,,,,,,,1,375.0,15.0,0.0,0,NONE
2026-09-24T17:36:07.496+00:00,365.466,manual,Manual cook,temp,1950,378.0,,esp32,,0,,,,,,,,,,,,1,375.0,3.0,0.0,0,NONE
2026-09-24T17:36:07.996+00:00,365.967,manual,Manual cook,temp,1950,378.0,,esp32,,0,,,,,,,,,,,,1,375.0,23.0,0.0,0,NONE
2026-09-24T17:36:08.996+00:00,366.966,manual,Manual cook,temp,1950,377.1,,esp32,,0,,,,,,,,,,,,1,375.0,3.0,0.0,0,NONE
2026-09-24T17:36:09.996+00:00,367.966,manual,Manual cook,temp,1950,377.6,,esp32,,0,,,,,,,,,,,,1,375.0,0.0,0.0,0,NONE
2026-09-24T17:36:10.996+00:00,368.966,manual,Manual cook,temp,1950,376.7,,esp32,,0,,,,,,,,,,,,1,375.0,23.0,0.0,0,NONE
2026-09-24T17:36:11.496+00:00,369.466,manual,Manual cook,temp,1950,376.7,,esp32,,0,,,,,,,,,,,,1,375.0,0.0,0.0,0,NONE
2026-09-24T17:36:12.496+00:00,370.466,manual,Manual cook,temp,1950,377.1,,esp32,,0,,,,,,,,,,,,1,375.0,1.0,0.0,0,NONE
2026-09-24T17:36:12.997+00:00,370.967,manual,Manual cook,temp,1950,377.1,,esp32,,0,,,,,,,,,,,,1,375.0,8.0,0.0,0,NONE
2026-09-24T17:36:13.996+00:00,371.966,manual,Manual cook,temp,1950,378.0,,esp32,,0,,,,,,,,,,,,1,375.0,0.0,0.0,0,NONE
2026-09-24T17:36:14.496+00:00,372.466,manual,Manual cook,temp,1950,377.1,,esp32,,0,,,,,,,,,,,,1,375.0,3.0,0.0,0,NONE
2026-09-24T17:36:14.996+00:00,372.967,manual,Manual cook,temp,1950,376.7,,esp32,,0,,,,,,,,,,,,1,375.0,15.0,0.0,0,NONE
2026-09-24T17:36:15.996+00:00,373.966,manual,Manual cook,temp,1950,376.7,,esp32,,0,,,,,,,,,,,,1,375.0,9.0,0.0,0,NONE
2026-09-24T17:36:16.496+00:00,374.467,manual,Manual cook,temp,1950,377.6,,esp32,,0,,,,,,,,,,,,1,375.0,1.0,0.0,0,NONE
2026-09-24T17:36:17.496+00:00,375.466,manual,Manual cook,temp,1950,376.7,,esp32,,0,,,,,,,,,,,,1,375.0,3.0,0.0,0,NONE
2026-09-24T17:36:18.496+00:00,376.466,manual,Manual cook,temp,1950,376.7,,esp32,,0,,,,,,,,,,,,1,375.0,1.0,0.0,0,NONE
2026-09-24T17:36:18.996+00:00,376.967,manual,Manual cook,temp,1950,376.7,,esp32,,0,,,,,,,,,,,,1,375.0,16.0,0.0,0,NONE
2026-09-24T17:36:19.996+00:00,377.966,manual,Manual cook,temp,1950,377.1,,esp32,,0,,,,,,,,,,,,1,375.0,0.0,0.0,0,NONE
2026-09-24T17:36:20.996+00:00,378.966,manual,Manual cook,temp,1950,375.8,,esp32,,0,,,,,,,,,,,,1,375.0,10.0,0.0,0,NONE
2026-09-24T17:36:21.496+00:00,379.466,manual,Manual cook,temp,1950,376.7,,esp32,,0,,,,,,,,,,,,1,375.0,0.0,0.0,0,NONE
2026-09-24T17:36:22.496+00:00,380.466,manual,Manual cook,temp,1950,376.3,,esp32,,0,,,,,,,,,,,,1,375.0,23.0,0.0,0,NONE
2026-09-24T17:36:22.996+00:00,380.966,manual,Manual cook,temp,1950,375.4,,esp32,,0,,,,,,,,,,,,1,375.0,26.0,0.0,0,NONE
2026-09-24T17:36:23.496+00:00,381.466,manual,Manual cook,temp,1950,376.7,,esp32,,0,,,,,,,,,,,,1,375.0,0.0,0.0,0,NONE
2026-09-24T17:36:23.996+00:00,381.967,manual,Manual cook,temp,1950,375.4,,esp32,,0,,,,,,,,,,,,1,375.0,3.0,0.0,0,NONE
2026-09-24T17:36:24.996+00:00,382.967,manual,Manual cook,temp,1950,376.3,,esp32,,0,,,,,,,,,,,,1,375.0,0.0,0.0,0,NONE
2026-09-24T17:36:25.996+00:00,383.967,manual,Manual cook,temp,1950,376.3,,esp32,,0,,,,,,,,,,,,1,375.0,18.0,0.0,0,NONE
2026-09-24T17:36:26.996+00:00,384.966,manual,Manual cook,temp,1950,376.3,,esp32,,0,,,,,,,,,,,,1,375.0,9.0,0.0,0,NONE
2026-09-24T17:36:27.496+00:00,385.467,manual,Manual cook,temp,1950,375.8,,esp32,,0,,,,,,,,,,,,1,375.0,26.0,0.0,0,NONE
2026-09-24T17:36:28.497+00:00,386.467,manual,Manual cook,temp,1950,375.8,,esp32,,0,,,,,,,,,,,,1,375.0,2.0,0.0,0,NONE
2026-09-24T17:36:29.496+00:00,387.467,manual,Manual cook,temp,1950,375.8,,esp32,,0,,,,,,,,,,,,1,375.0,27.0,0.0,0,NONE
2026-09-24T17:36:30.496+00:00,388.466,manual,Manual cook,temp,1950,376.3,,esp32,,0,,,,,,,,,,,,1,375.0,2.0,0.0,0,NONE
2026-09-24T17:36:30.996+00:00,388.966,manual,Manual cook,temp,1950,374.5,,esp32,,0,,,,,,,,,,,,1,375.0,23.0,0.0,0,NONE
2026-09-24T17:36:31.996+00:00,389.966,manual,Manual cook,temp,1950,375.4,,esp32,,0,,,,,,,,,,,,1,375.0,0.0,0.0,0,NONE
2026-09-24T17:36:32.996+00:00,390.966,manual,Manual cook,temp,1950,374.9,,esp32,,0,,,,,,,,,,,,1,375.0,19.0,0.0,0,NONE
2026-09-24T17:36:33.496+00:00,391.466,manual,Manual cook,temp,1950,376.3,,esp32,,0,,,,,,,,,,,,1,375.0,0.0,0.0,0,NONE
2026-09-24T17:36:34.496+00:00,392.467,manual,Manual cook,temp,1950,375.8,,esp32,,0,,,,,,,,,,,,1,375.0,18.0,0.0,0,NONE
2026-09-24T17:36:35.496+00:00,393.466,manual,Manual cook,temp,1950,375.8,,esp32,,0,,,,,,,,,,,,1,375.0,10.0,0.0,0,NONE
2026-09-24T17:36:36.496+00:00,394.467,manual,Manual cook,temp,1950,375.8,,esp32,,0,,,,,,,,,,,,1,375.0,17.0,0.0,0,NONE
2026-09-24T17:36:37.496+00:00,395.466,manual,Manual cook,temp,1950,376.3,,esp32,,0,,,,,,,,,,,,1,375.0,0.0,0.0,0,NONE
2026-09-24T17:36:38.496+00:00,396.466,manual,Manual cook,temp,1950,375.4,,esp32,,0,,,,,,,,,,,,1,375.0,23.0,0.0,0,NONE
2026-09-24T17:36:39.496+00:00,397.466,manual,Manual cook,temp,1950,374.5,,esp32,,0,,,,,,,,,,,,1,375.0,3.0,0.0,0,NONE
2026-09-24T17:36:40.496+00:00,398.466,manual,Manual cook,temp,1950,376.3,,esp32,,0,,,,,,,,,,,,1,375.0,0.0,0.0,0,NONE
2026-09-24T17:36:40.996+00:00,398.966,manual,Manual cook,temp,1950,376.7,,esp32,,0,,,,,,,,,,,,1,375.0,1.0,0.0,0,NONE
2026-09-24T17:36:41.996+00:00,399.966,manual,Manual cook,temp,1950,376.3,,esp32,,0,,,,,,,,,,,,1,375.0,2.0,0.0,0,NONE
2026-09-24T17:36:42.496+00:00,400.466,manual,Manual cook,temp,1950,375.8,,esp32,,0,,,,,,,,,,,,1,375.0,9.0,0.0,0,NONE
2026-09-24T17:36:43.496+00:00,401.466,manual,Manual cook,temp,1950,376.7,,esp32,,0,,,,,,,,,,,,1,375.0,0.0,0.0,0,NONE
2026-09-24T17:36:43.996+00:00,401.967,manual,Manual cook,temp,1950,376.7,,esp32,,0,,,,,,,,,,,,1,375.0,3.0,0.0,0,NONE
2026-09-24T17:36:44.497+00:00,402.467,manual,Manual cook,temp,1950,376.3,,esp32,,0,,,,,,,,,,,,1,375.0,16.0,0.0,0,NONE
2026-09-24T17:36:45.496+00:00,403.466,manual,Manual cook,temp,1950,377.1,,esp32,,0,,,,,,,,,,,,1,375.0,3.0,0.0,0,NONE
2026-09-24T17:36:45.996+00:00,403.966,manual,Manual cook,temp,1950,376.7,,esp32,,0,,,,,,,,,,,,1,375.0,23.0,0.0,0,NONE
2026-09-24T17:36:46.996+00:00,404.966,manual,Manual cook,temp,1950,376.7,,esp32,,0,,,,,,,,,,,,1,375.0,3.0,0.0,0,NONE
2026-09-24T17:36:47.496+00:00,405.466,manual,Manual cook,temp,1950,376.7,,esp32,,0,,,,,,,,,,,,1,375.0,23.0,0.0,0,NONE
2026-09-24T17:36:48.496+00:00,406.466,manual,Manual cook,temp,1950,377.1,,esp32,,0,,,,,,,,,,,,1,375.0,0.0,0.0,0,NONE
2026-09-24T17:36:48.996+00:00,406.966,manual,Manual cook,temp,1950,376.3,,esp32,,0,,,,,,,,,,,,1,375.0,3.0,0.0,0,NONE
2026-09-24T17:36:49.496+00:00,407.466,manual,Manual cook,temp,1950,376.3,,esp32,,0,,,,,,,,,,,,1,375.0,2.0,0.0,0,NONE
2026-09-24T17:36:50.496+00:00,408.466,manual,Manual cook,temp,1950,376.3,,esp32,,0,,,,,,,,,,,,1,375.0,3.0,0.0,0,NONE
2026-09-24T17:36:51.496+00:00,409.466,manual,Manual cook,temp,1950,376.3,,esp32,,0,,,,,,,,,,,,1,375.0,1.0,0.0,0,NONE
2026-09-24T17:36:52.496+00:00,410.466,manual,Manual cook,temp,1950,375.4,,esp32,,0,,,,,,,,,,,,1,375.0,25.0,0.0,0,NONE
2026-09-24T17:36:52.996+00:00,410.966,manual,Manual cook,temp,1950,376.3,,esp32,,0,,,,,,,,,,,,1,375.0,0.0,0.0,0,NONE
2026-09-24T17:36:53.996+00:00,411.966,manual,Manual cook,temp,1950,376.3,,esp32,,0,,,,,,,,,,,,1,375.0,17.0,0.0,0,NONE
2026-09-24T17:36:54.997+00:00,412.967,manual,Manual cook,temp,1950,374.9,,esp32,,0,,,,,,,,,,,,1,375.0,17.0,0.0,0,NONE
2026-09-24T17:36:55.996+00:00,413.966,manual,Manual cook,temp,1950,375.8,,esp32,,0,,,,,,,,,,,,1,375.0,0.0,0.0,0,NONE
2026-09-24T17:36:56.996+00:00,414.966,manual,Manual cook,temp,1950,374.9,,esp32,,0,,,,,,,,,,,,1,375.0,12.0,0.0,0,NONE
2026-09-24T17:36:57.996+00:00,415.966,manual,Manual cook,temp,1950,376.7,,esp32,,0,,,,,,,,,,,,1,375.0,1.0,0.0,0,NONE
2026-09-24T17:36:58.496+00:00,416.466,manual,Manual cook,temp,1950,375.4,,esp32,,0,,,,,,,,,,,,1,375.0,23.0,0.0,0,NONE
2026-09-24T17:36:59.496+00:00,417.466,manual,Manual cook,temp,1950,376.3,,esp32,,0,,,,,,,,,,,,1,375.0,0.0,0.0,0,NONE
2026-09-24T17:37:00.496+00:00,418.467,manual,Manual cook,temp,1950,375.8,,esp32,,0,,,,,,,,,,,,1,375.0,23.0,0.0,0,NONE
2026-09-24T17:37:00.996+00:00,418.967,manual,Manual cook,temp,1950,376.3,,esp32,,0,,,,,,,,,,,,1,375.0,2.0,0.0,0,NONE
2026-09-24T17:37:01.996+00:00,419.966,manual,Manual cook,temp,1950,375.4,,esp32,,0,,,,,,,,,,,,1,375.0,3.0,0.0,0,NONE
2026-09-24T17:37:02.996+00:00,420.966,manual,Manual cook,temp,1950,376.7,,esp32,,0,,,,,,,,,,,,1,375.0,0.0,0.0,0,NONE
2026-09-24T17:37:03.996+00:00,421.966,manual,Manual cook,temp,1950,376.3,,esp32,,0,,,,,,,,,,,,1,375.0,16.0,0.0,0,NONE
2026-09-24T17:37:04.496+00:00,422.466,manual,Manual cook,temp,1950,376.7,,esp32,,0,,,,,,,,,,,,1,375.0,1.0,0.0,0,NONE
2026-09-24T17:37:04.996+00:00,422.966,manual,Manual cook,temp,1950,374.9,,esp32,,0,,,,,,,,,,,,1,375.0,8.0,0.0,0,NONE
2026-09-24T17:37:05.996+00:00,423.966,manual,Manual cook,temp,1950,376.3,,esp32,,0,,,,,,,,,,,,1,375.0,0.0,0.0,0,NONE
2026-09-24T17:37:06.996+00:00,424.967,manual,Manual cook,temp,1950,376.7,,esp32,,0,,,,,,,,,,,,1,375.0,18.0,0.0,0,NONE
2026-09-24T17:37:07.996+00:00,425.966,manual,Manual cook,temp,1950,376.7,,esp32,,0,,,,,,,,,,,,1,375.0,3.0,0.0,0,NONE
2026-09-24T17:37:08.496+00:00,426.466,manual,Manual cook,temp,1950,375.8,,esp32,,0,,,,,,,,,,,,1,375.0,23.0,0.0,0,NONE
2026-09-24T17:37:08.996+00:00,426.966,manual,Manual cook,temp,1950,376.7,,esp32,,0,,,,,,,,,,,,1,375.0,0.0,0.0,0,NONE
2026-09-24T17:37:09.996+00:00,427.966,manual,Manual cook,temp,1950,375.8,,esp32,,0,,,,,,,,,,,,1,375.0,23.0,0.0,0,NONE
2026-09-24T17:37:10.496+00:00,428.466,manual,Manual cook,temp,1950,376.3,,esp32,,0,,,,,,,,,,,,1,375.0,0.0,0.0,0,NONE
2026-09-24T17:37:11.496+00:00,429.467,manual,Manual cook,temp,1950,376.3,,esp32,,0,,,,,,,,,,,,1,375.0,9.0,0.0,0,NONE
2026-09-24T17:37:11.997+00:00,429.967,manual,Manual cook,temp,1950,377.1,,esp32,,0,,,,,,,,,,,,1,375.0,9.0,0.0,0,NONE
2026-09-24T17:37:12.996+00:00,430.966,manual,Manual cook,temp,1950,375.4,,esp32,,0,,,,,,,,,,,,1,375.0,3.0,0.0,0,NONE
2026-09-24T17:37:13.496+00:00,431.466,manual,Manual cook,temp,1950,376.7,,esp32,,0,,,,,,,,,,,,1,375.0,23.0,0.0,0,NONE
2026-09-24T17:37:14.496+00:00,432.466,manual,Manual cook,temp,1950,374.9,,esp32,,0,,,,,,,,,,,,1,375.0,0.0,0.0,0,NONE
2026-09-24T17:37:15.496+00:00,433.466,manual,Manual cook,temp,1950,376.7,,esp32,,0,,,,,,,,,,,,1,375.0,0.0,0.0,0,NONE
2026-09-24T17:37:15.996+00:00,433.966,manual,Manual cook,temp,1950,376.3,,esp32,,0,,,,,,,,,,,,1,375.0,1.0,0.0,0,NONE
2026-09-24T17:37:16.996+00:00,434.966,manual,Manual cook,temp,1950,375.4,,esp32,,0,,,,,,,,,,,,1,375.0,9.0,0.0,0,NONE
2026-09-24T17:37:17.496+00:00,435.466,manual,Manual cook,temp,1950,375.4,,esp32,,0,,,,,,,,,,,,1,375.0,25.0,0.0,0,NONE
2026-09-24T17:37:17.996+00:00,435.966,manual,Manual cook,temp,1950,376.7,,esp32,,0,,,,,,,,,,,,1,375.0,0.0,0.0,0,NONE
2026-09-24T17:37:18.996+00:00,436.967,manual,Manual cook,temp,1950,375.4,,esp32,,0,,,,,,,,,,,,1,375.0,23.0,0.0,0,NONE
2026-09-24T17:37:19.996+00:00,437.966,manual,Manual cook,temp,1950,375.4,,esp32,,0,,,,,,,,,,,,1,375.0,11.0,0.0,0,NONE
2026-09-24T17:37:20.996+00:00,438.966,manual,Manual cook,temp,1950,375.4,,esp32,,0,,,,,,,,,,,,1,375.0,2.0,0.0,0,NONE
2026-09-24T17:37:21.996+00:00,439.966,manual,Manual cook,temp,1950,375.4,,esp32,,0,,,,,,,,,,,,1,375.0,0.0,0.0,0,NONE
2026-09-24T17:37:22.996+00:00,440.967,manual,Manual cook,temp,1950,376.7,,esp32,,0,,,,,,,,,,,,1,375.0,11.0,0.0,0,NONE
2026-09-24T17:37:23.996+00:00,441.966,manual,Manual cook,temp,1950,375.8,,esp32,,0,,,,,,,,,,,,1,375.0,3.0,0.0,0,NONE
2026-09-24T17:37:24.496+00:00,442.466,manual,Manual cook,temp,1950,376.3,,esp32,,0,,,,,,,,,,,,1,375.0,18.0,0.0,0,NONE
2026-09-24T17:37:25.495+00:00,443.466,manual,Manual cook,temp,1950,376.3,,esp32,,0,,,,,,,,,,,,1,375.0,3.0,0.0,0,NONE
2026-09-24T17:37:25.996+00:00,443.966,manual,Manual cook,temp,1950,375.8,,esp32,,0,,,,,,,,,,,,1,375.0,17.0,0.0,0,NONE
2026-09-24T17:37:26.496+00:00,444.466,manual,Manual cook,temp,1950,375.4,,esp32,,0,,,,,,,,,,,,1,375.0,1.0,0.0,0,NONE
2026-09-24T17:37:27.496+00:00,445.466,manual,Manual cook,temp,1950,376.3,,esp32,,0,,,,,,,,,,,,1,375.0,0.0,0.0,0,NONE
2026-09-24T17:37:27.996+00:00,445.966,manual,Manual cook,temp,1950,375.8,,esp32,,0,,,,,,,,,,,,1,375.0,3.0,0.0,0,NONE
2026-09-24T17:37:28.496+00:00,446.466,manual,Manual cook,temp,1950,375.8,,esp32,,0,,,,,,,,,,,,1,375.0,17.0,0.0,0,NONE
2026-09-24T17:37:29.496+00:00,447.466,manual,Manual cook,temp,1950,375.8,,esp32,,0,,,,,,,,,,,,1,375.0,2.0,0.0,0,NONE
2026-09-24T17:37:29.996+00:00,447.966,manual,Manual cook,temp,1950,375.8,,esp32,,0,,,,,,,,,,,,1,375.0,10.0,0.0,0,NONE
2026-09-24T17:37:30.995+00:00,448.966,manual,Manual cook,temp,1950,376.3,,esp32,,0,,,,,,,,,,,,1,375.0,1.0,0.0,0,NONE
2026-09-24T17:37:31.495+00:00,449.466,manual,Manual cook,temp,1950,375.4,,esp32,,0,,,,,,,,,,,,1,375.0,25.0,0.0,0,NONE
2026-09-24T17:37:32.495+00:00,450.466,manual,Manual cook,temp,1950,376.7,,esp32,,0,,,,,,,,,,,,1,375.0,0.0,0.0,0,NONE
2026-09-24T17:37:33.496+00:00,451.467,manual,Manual cook,temp,1950,376.3,,esp32,,0,,,,,,,,,,,,1,375.0,1.0,0.0,0,NONE
2026-09-24T17:37:33.996+00:00,451.967,manual,Manual cook,temp,1950,376.3,,esp32,,0,,,,,,,,,,,,1,375.0,17.0,0.0,0,NONE
2026-09-24T17:37:34.995+00:00,452.966,manual,Manual cook,temp,1950,375.4,,esp32,,0,,,,,,,,,,,,1,375.0,25.0,0.0,0,NONE
2026-09-24T17:37:35.495+00:00,453.466,manual,Manual cook,temp,1950,375.8,,esp32,,0,,,,,,,,,,,,1,375.0,0.0,0.0,0,NONE
2026-09-24T17:37:35.996+00:00,453.966,manual,Manual cook,temp,1950,375.4,,esp32,,0,,,,,,,,,,,,1,375.0,3.0,0.0,0,NONE
2026-09-24T17:37:36.496+00:00,454.466,manual,Manual cook,temp,1950,376.3,,esp32,,0,,,,,,,,,,,,1,375.0,18.0,0.0,0,NONE
2026-09-24T17:37:37.495+00:00,455.466,manual,Manual cook,temp,1950,375.4,,esp32,,0,,,,,,,,,,,,1,375.0,3.0,0.0,0,NONE
2026-09-24T17:37:37.996+00:00,455.966,manual,Manual cook,temp,1950,375.4,,esp32,,0,,,,,,,,,,,,1,375.0,10.0,0.0,0,NONE
2026-09-24T17:37:38.995+00:00,456.966,manual,Manual cook,temp,1950,374.5,,esp32,,0,,,,,,,,,,,,1,375.0,27.0,0.0,0,NONE
2026-09-24T17:37:39.495+00:00,457.466,manual,Manual cook,temp,1950,375.4,,esp32,,0,,,,,,,,,,,,1,375.0,4.0,0.0,0,NONE
2026-09-24T17:37:40.495+00:00,458.466,manual,Manual cook,temp,1950,376.3,,esp32,,0,,,,,,,,,,,,1,375.0,0.0,0.0,0,NONE
2026-09-24T17:37:40.995+00:00,458.966,manual,Manual cook,temp,1950,375.4,,esp32,,0,,,,,,,,,,,,1,375.0,3.0,0.0,0,NONE
2026-09-24T17:37:41.495+00:00,459.466,manual,Manual cook,temp,1950,375.4,,esp32,,0,,,,,,,,,,,,1,375.0,10.0,0.0,0,NONE
2026-09-24T17:37:42.495+00:00,460.466,manual,Manual cook,temp,1950,375.8,,esp32,,0,,,,,,,,,,,,1,375.0,0.0,0.0,0,NONE
2026-09-24T17:37:43.495+00:00,461.466,manual,Manual cook,temp,1950,375.8,,esp32,,0,,,,,,,,,,,,1,375.0,9.0,0.0,0,NONE
2026-09-24T17:37:43.995+00:00,461.966,manual,Manual cook,temp,1950,376.3,,esp32,,0,,,,,,,,,,,,1,375.0,0.0,0.0,0,NONE
2026-09-24T17:37:44.496+00:00,462.466,manual,Manual cook,temp,1950,376.3,,esp32,,0,,,,,,,,,,,,1,375.0,3.0,0.0,0,NONE
2026-09-24T17:37:45.495+00:00,463.466,manual,Manual cook,temp,1950,377.1,,esp32,,0,,,,,,,,,,,,1,375.0,0.0,0.0,0,NONE
2026-09-24T17:37:46.495+00:00,464.466,manual,Manual cook,temp,1950,377.1,,esp32,,0,,,,,,,,,,,,1,375.0,1.0,0.0,0,NONE
2026-09-24T17:37:47.495+00:00,465.466,manual,Manual cook,temp,1950,376.3,,esp32,,0,,,,,,,,,,,,1,375.0,3.0,0.0,0,NONE
2026-09-24T17:37:47.995+00:00,465.966,manual,Manual cook,temp,1950,375.8,,esp32,,0,,,,,,,,,,,,1,375.0,17.0,0.0,0,NONE
2026-09-24T17:37:48.995+00:00,466.966,manual,Manual cook,temp,1950,375.4,,esp32,,0,,,,,,,,,,,,1,375.0,33.0,0.0,0,NONE
2026-09-24T17:37:49.996+00:00,467.966,manual,Manual cook,temp,1950,376.3,,esp32,,0,,,,,,,,,,,,1,375.0,0.0,0.0,0,NONE
2026-09-24T17:37:50.995+00:00,468.966,manual,Manual cook,temp,1950,375.8,,esp32,,0,,,,,,,,,,,,1,375.0,3.0,0.0,0,NONE
2026-09-24T17:37:51.496+00:00,469.467,manual,Manual cook,temp,1950,375.8,,esp32,,0,,,,,,,,,,,,1,375.0,2.0,0.0,0,NONE
2026-09-24T17:37:52.495+00:00,470.466,manual,Manual cook,temp,1950,376.3,,esp32,,0,,,,,,,,,,,,1,375.0,1.0,0.0,0,NONE
2026-09-24T17:37:52.995+00:00,470.966,manual,Manual cook,temp,1950,375.8,,esp32,,0,,,,,,,,,,,,1,375.0,16.0,0.0,0,NONE
2026-09-24T17:37:53.495+00:00,471.466,manual,Manual cook,temp,1950,376.3,,esp32,,0,,,,,,,,,,,,1,375.0,9.0,0.0,0,NONE
2026-09-24T17:37:54.495+00:00,472.466,manual,Manual cook,temp,1950,376.3,,esp32,,0,,,,,,,,,,,,1,375.0,8.0,0.0,0,NONE
2026-09-24T17:37:54.995+00:00,472.966,manual,Manual cook,temp,1950,375.4,,esp32,,0,,,,,,,,,,,,1,375.0,25.0,0.0,0,NONE
2026-09-24T17:37:55.496+00:00,473.466,manual,Manual cook,temp,1950,375.8,,esp32,,0,,,,,,,,,,,,1,375.0,2.0,0.0,0,NONE
2026-09-24T17:37:56.495+00:00,474.466,manual,Manual cook,temp,1950,374.5,,esp32,,0,,,,,,,,,,,,1,375.0,34.0,0.0,0,NONE
2026-09-24T17:37:56.995+00:00,474.966,manual,Manual cook,temp,1950,376.7,,esp32,,0,,,,,,,,,,,,1,375.0,0.0,0.0,0,NONE
2026-09-24T17:37:57.995+00:00,475.966,manual,Manual cook,temp,1950,373.5,,esp32,,0,,,,,,,,,,,,1,375.0,3.0,0.0,0,NONE
2026-09-24T17:37:58.495+00:00,476.466,manual,Manual cook,temp,1950,375.4,,esp32,,0,,,,,,,,,,,,1,375.0,0.0,0.0,0,NONE
2026-09-24T17:37:58.995+00:00,476.966,manual,Manual cook,temp,1950,374.9,,esp32,,0,,,,,,,,,,,,1,375.0,2.0,0.0,0,NONE
2026-09-24T17:37:59.995+00:00,477.966,manual,Manual cook,temp,1950,375.8,,esp32,,0,,,,,,,,,,,,1,375.0,19.0,0.0,0,NONE
2026-09-24T17:38:00.996+00:00,478.967,manual,Manual cook,temp,1950,374.5,,esp32,,0,,,,,,,,,,,,1,375.0,3.0,0.0,0,NONE
2026-09-24T17:38:01.995+00:00,479.966,manual,Manual cook,temp,1950,374.9,,esp32,,0,,,,,,,,,,,,1,375.0,0.0,0.0,0,NONE
2026-09-24T17:38:02.995+00:00,480.966,manual,Manual cook,temp,1950,374.0,,esp32,,0,,,,,,,,,,,,1,375.0,19.0,0.0,0,NONE
2026-09-24T17:38:03.995+00:00,481.965,manual,Manual cook,temp,1950,374.9,,esp32,,0,,,,,,,,,,,,1,375.0,0.0,0.0,0,NONE
2026-09-24T17:38:04.495+00:00,482.466,manual,Manual cook,temp,1950,374.0,,esp32,,0,,,,,,,,,,,,1,375.0,3.0,0.0,0,NONE
2026-09-24T17:38:05.495+00:00,483.465,manual,Manual cook,temp,1950,375.4,,esp32,,0,,,,,,,,,,,,1,375.0,0.0,0.0,0,NONE
2026-09-24T17:38:06.495+00:00,484.466,manual,Manual cook,temp,1950,374.0,,esp32,,0,,,,,,,,,,,,1,375.0,4.0,0.0,0,NONE
2026-09-24T17:38:06.995+00:00,484.966,manual,Manual cook,temp,1950,374.0,,esp32,,0,,,,,,,,,,,,1,375.0,27.0,0.0,0,NONE
2026-09-24T17:38:07.995+00:00,485.966,manual,Manual cook,temp,1950,374.5,,esp32,,0,,,,,,,,,,,,1,375.0,0.0,0.0,0,NONE
2026-09-24T17:38:08.995+00:00,486.966,manual,Manual cook,temp,1950,375.8,,esp32,,0,,,,,,,,,,,,1,375.0,23.0,0.0,0,NONE
2026-09-24T17:38:09.995+00:00,487.966,manual,Manual cook,temp,1950,374.5,,esp32,,0,,,,,,,,,,,,1,375.0,3.0,0.0,0,NONE
2026-09-24T17:38:10.495+00:00,488.466,manual,Manual cook,temp,1950,374.5,,esp32,,0,,,,,,,,,,,,1,375.0,19.0,0.0,0,NONE
2026-09-24T17:38:11.495+00:00,489.466,manual,Manual cook,temp,1950,374.9,,esp32,,0,,,,,,,,,,,,1,375.0,4.0,0.0,0,NONE
2026-09-24T17:38:11.996+00:00,489.966,manual,Manual cook,temp,1950,374.9,,esp32,,0,,,,,,,,,,,,1,375.0,11.0,0.0,0,NONE
2026-09-24T17:38:12.995+00:00,490.965,manual,Manual cook,temp,1950,375.8,,esp32,,0,,,,,,,,,,,,1,375.0,0.0,0.0,0,NONE
2026-09-24T17:38:13.495+00:00,491.466,manual,Manual cook,temp,1950,374.9,,esp32,,0,,,,,,,,,,,,1,375.0,3.0,0.0,0,NONE
2026-09-24T17:38:14.495+00:00,492.465,manual,Manual cook,temp,1950,375.8,,esp32,,0,,,,,,,,,,,,1,375.0,0.0,0.0,0,NONE
2026-09-24T17:38:15.495+00:00,493.465,manual,Manual cook,temp,1950,374.9,,esp32,,0,,,,,,,,,,,,1,375.0,23.0,0.0,0,NONE
2026-09-24T17:38:15.995+00:00,493.966,manual,Manual cook,temp,1950,376.3,,esp32,,0,,,,,,,,,,,,1,375.0,3.0,0.0,0,NONE
2026-09-24T17:38:16.995+00:00,494.965,manual,Manual cook,temp,1950,375.4,,esp32,,0,,,,,,,,,,,,1,375.0,3.0,0.0,0,NONE
2026-09-24T17:38:17.495+00:00,495.466,manual,Manual cook,temp,1950,375.8,,esp32,,0,,,,,,,,,,,,1,375.0,2.0,0.0,0,NONE
2026-09-24T17:38:18.495+00:00,496.466,manual,Manual cook,temp,1950,376.3,,esp32,,0,,,,,,,,,,,,1,375.0,17.0,0.0,0,NONE
2026-09-24T17:38:19.495+00:00,497.465,manual,Manual cook,temp,1950,376.3,,esp32,,0,,,,,,,,,,,,1,375.0,3.0,0.0,0,NONE
2026-09-24T17:38:19.995+00:00,497.966,manual,Manual cook,temp,1950,376.3,,esp32,,0,,,,,,,,,,,,1,375.0,23.0,0.0,0,NONE
2026-09-24T17:38:20.995+00:00,498.965,manual,Manual cook,temp,1950,376.3,,esp32,,0,,,,,,,,,,,,1,375.0,3.0,0.0,0,NONE
2026-09-24T17:38:21.495+00:00,499.465,manual,Manual cook,temp,1950,376.3,,esp32,,0,,,,,,,,,,,,1,375.0,0.0,0.0,0,NONE
2026-09-24T17:38:22.495+00:00,500.466,manual,Manual cook,temp,1950,375.4,,esp32,,0,,,,,,,,,,,,1,375.0,23.0,0.0,0,NONE
2026-09-24T17:38:23.495+00:00,501.465,manual,Manual cook,temp,1950,375.8,,esp32,,0,,,,,,,,,,,,1,375.0,9.0,0.0,0,NONE
2026-09-24T17:38:24.495+00:00,502.465,manual,Manual cook,temp,1950,376.3,,esp32,,0,,,,,,,,,,,,1,375.0,1.0,0.0,0,NONE
2026-09-24T17:38:25.495+00:00,503.465,manual,Manual cook,temp,1950,376.3,,esp32,,0,,,,,,,,,,,,1,375.0,8.0,0.0,0,NONE
2026-09-24T17:38:25.995+00:00,503.965,manual,Manual cook,temp,1950,375.8,,esp32,,0,,,,,,,,,,,,1,375.0,16.0,0.0,0,NONE
2026-09-24T17:38:26.495+00:00,504.465,manual,Manual cook,temp,1950,376.7,,esp32,,0,,,,,,,,,,,,1,375.0,0.0,0.0,0,NONE
2026-09-24T17:38:26.995+00:00,504.965,manual,Manual cook,temp,1950,376.3,,esp32,,0,,,,,,,,,,,,1,375.0,3.0,0.0,0,NONE
2026-09-24T17:38:27.995+00:00,505.966,manual,Manual cook,temp,1950,377.1,,esp32,,0,,,,,,,,,,,,1,375.0,8.0,0.0,0,NONE
2026-09-24T17:38:28.995+00:00,506.965,manual,Manual cook,temp,1950,377.1,,esp32,,0,,,,,,,,,,,,1,375.0,3.0,0.0,0,NONE
2026-09-24T17:38:29.495+00:00,507.465,manual,Manual cook,temp,1950,377.1,,esp32,,0,,,,,,,,,,,,1,375.0,23.0,0.0,0,NONE
2026-09-24T17:38:30.495+00:00,508.465,manual,Manual cook,temp,1950,376.7,,esp32,,0,,,,,,,,,,,,1,375.0,3.0,0.0,0,NONE
2026-09-24T17:38:31.495+00:00,509.465,manual,Manual cook,temp,1950,376.7,,esp32,,0,,,,,,,,,,,,1,375.0,0.0,0.0,0,NONE
2026-09-24T17:38:32.495+00:00,510.465,manual,Manual cook,temp,1950,375.8,,esp32,,0,,,,,,,,,,,,1,375.0,23.0,0.0,0,NONE
2026-09-24T17:38:32.995+00:00,510.965,manual,Manual cook,temp,1950,377.6,,esp32,,0,,,,,,,,,,,,1,375.0,0.0,0.0,0,NONE
2026-09-24T17:38:33.495+00:00,511.466,manual,Manual cook,temp,1950,377.6,,esp32,,0,,,,,,,,,,,,1,375.0,3.0,0.0,0,NONE
2026-09-24T17:38:34.495+00:00,512.465,manual,Manual cook,temp,1950,378.0,,esp32,,0,,,,,,,,,,,,1,375.0,0.0,0.0,0,NONE
2026-09-24T17:38:35.495+00:00,513.465,manual,Manual cook,temp,1950,376.7,,esp32,,0,,,,,,,,,,,,1,375.0,23.0,0.0,0,NONE
2026-09-24T17:38:35.995+00:00,513.965,manual,Manual cook,temp,1950,378.5,,esp32,,0,,,,,,,,,,,,1,375.0,0.0,0.0,0,NONE
2026-09-24T17:38:36.995+00:00,514.965,manual,Manual cook,temp,1950,377.6,,esp32,,0,,,,,,,,,,,,1,375.0,3.0,0.0,0,NONE
2026-09-24T17:38:37.995+00:00,515.965,manual,Manual cook,temp,1950,377.1,,esp32,,0,,,,,,,,,,,,1,375.0,0.0,0.0,0,NONE
2026-09-24T17:38:38.995+00:00,516.966,manual,Manual cook,temp,1950,377.1,,esp32,,0,,,,,,,,,,,,1,375.0,6.0,0.0,0,NONE
2026-09-24T17:38:39.995+00:00,517.965,manual,Manual cook,temp,1950,376.7,,esp32,,0,,,,,,,,,,,,1,375.0,3.0,0.0,0,NONE
2026-09-24T17:38:40.495+00:00,518.465,manual,Manual cook,temp,1950,377.1,,esp32,,0,,,,,,,,,,,,1,375.0,21.0,0.0,0,NONE
2026-09-24T17:38:41.495+00:00,519.465,manual,Manual cook,temp,1950,377.1,,esp32,,0,,,,,,,,,,,,1,375.0,3.0,0.0,0,NONE
2026-09-24T17:38:42.494+00:00,520.465,manual,Manual cook,temp,1950,377.1,,esp32,,0,,,,,,,,,,,,1,375.0,3.0,0.0,0,NONE
2026-09-24T17:38:43.494+00:00,521.465,manual,Manual cook,temp,1950,378.0,,esp32,,0,,,,,,,,,,,,1,375.0,0.0,0.0,0,NONE
2026-09-24T17:38:44.495+00:00,522.466,manual,Manual cook,temp,1950,377.1,,esp32,,0,,,,,,,,,,,,1,375.0,23.0,0.0,0,NONE
2026-09-24T17:38:45.495+00:00,523.465,manual,Manual cook,temp,1950,377.1,,esp32,,0,,,,,,,,,,,,1,375.0,3.0,0.0,0,NONE
2026-09-24T17:38:46.495+00:00,524.465,manual,Manual cook,temp,1950,378.0,,esp32,,0,,,,,,,,,,,,1,375.0,14.0,0.0,0,NONE
2026-09-24T17:38:47.494+00:00,525.465,manual,Manual cook,temp,1950,378.0,,esp32,,0,,,,,,,,,,,,1,375.0,3.0,0.0,0,NONE
2026-09-24T17:38:47.994+00:00,525.965,manual,Manual cook,temp,1950,377.1,,esp32,,0,,,,,,,,,,,,1,375.0,20.0,0.0,0,NONE
2026-09-24T17:38:48.494+00:00,526.465,manual,Manual cook,temp,1950,376.7,,esp32,,0,,,,,,,,,,,,1,375.0,14.0,0.0,0,NONE
2026-09-24T17:38:49.494+00:00,527.465,manual,Manual cook,temp,1950,378.5,,esp32,,0,,,,,,,,,,,,1,375.0,0.0,0.0,0,NONE
2026-09-24T17:38:49.995+00:00,527.966,manual,Manual cook,temp,1950,376.3,,esp32,,0,,,,,,,,,,,,1,375.0,3.0,0.0,0,NONE
2026-09-24T17:38:50.994+00:00,528.965,manual,Manual cook,temp,1950,377.6,,esp32,,0,,,,,,,,,,,,1,375.0,3.0,0.0,0,NONE
2026-09-24T17:38:51.495+00:00,529.465,manual,Manual cook,temp,1950,376.7,,esp32,,0,,,,,,,,,,,,1,375.0,21.0,0.0,0,NONE
2026-09-24T17:38:52.494+00:00,530.465,manual,Manual cook,temp,1950,377.6,,esp32,,0,,,,,,,,,,,,1,375.0,3.0,0.0,0,NONE
2026-09-24T17:38:52.994+00:00,530.965,manual,Manual cook,temp,1950,377.1,,esp32,,0,,,,,,,,,,,,1,375.0,13.0,0.0,0,NONE
2026-09-24T17:38:53.497+00:00,531.467,manual,Manual cook,temp,1950,377.6,,esp32,,0,,,,,,,,,,,,1,375.0,0.0,0.0,0,NONE
2026-09-24T17:38:54.494+00:00,532.465,manual,Manual cook,temp,1950,377.1,,esp32,,0,,,,,,,,,,,,1,375.0,13.0,0.0,0,NONE
2026-09-24T17:38:55.494+00:00,533.465,manual,Manual cook,temp,1950,378.0,,esp32,,0,,,,,,,,,,,,1,375.0,3.0,0.0,0,NONE
2026-09-24T17:38:55.995+00:00,533.965,manual,Manual cook,temp,1950,377.6,,esp32,,0,,,,,,,,,,,,1,375.0,23.0,0.0,0,NONE
2026-09-24T17:38:56.994+00:00,534.965,manual,Manual cook,temp,1950,376.7,,esp32,,0,,,,,,,,,,,,1,375.0,3.0,0.0,0,NONE
2026-09-24T17:38:57.994+00:00,535.965,manual,Manual cook,temp,1950,377.6,,esp32,,0,,,,,,,,,,,,1,375.0,0.0,0.0,0,NONE
2026-09-24T17:38:58.994+00:00,536.965,manual,Manual cook,temp,1950,377.1,,esp32,,0,,,,,,,,,,,,1,375.0,13.0,0.0,0,NONE
2026-09-24T17:38:59.994+00:00,537.965,manual,Manual cook,temp,1950,376.3,,esp32,,0,,,,,,,,,,,,1,375.0,3.0,0.0,0,NONE
2026-09-24T17:39:00.495+00:00,538.466,manual,Manual cook,temp,1950,376.3,,esp32,,0,,,,,,,,,,,,1,375.0,22.0,0.0,0,NONE
2026-09-24T17:39:01.494+00:00,539.465,manual,Manual cook,temp,1950,378.0,,esp32,,0,,,,,,,,,,,,1,375.0,0.0,0.0,0,NONE
2026-09-24T17:39:02.494+00:00,540.465,manual,Manual cook,temp,1950,376.7,,esp32,,0,,,,,,,,,,,,1,375.0,0.0,0.0,0,NONE
2026-09-24T17:39:03.494+00:00,541.465,manual,Manual cook,temp,1950,375.8,,esp32,,0,,,,,,,,,,,,1,375.0,23.0,0.0,0,NONE
2026-09-24T17:39:04.494+00:00,542.465,manual,Manual cook,temp,1950,377.6,,esp32,,0,,,,,,,,,,,,1,375.0,3.0,0.0,0,NONE
2026-09-24T17:39:05.494+00:00,543.465,manual,Manual cook,temp,1950,377.6,,esp32,,0,,,,,,,,,,,,1,375.0,0.0,0.0,0,NONE
2026-09-24T17:39:05.994+00:00,543.965,manual,Manual cook,temp,1950,376.7,,esp32,,0,,,,,,,,,,,,1,375.0,3.0,0.0,0,NONE
2026-09-24T17:39:06.994+00:00,544.965,manual,Manual cook,temp,1950,375.8,,esp32,,0,,,,,,,,,,,,1,375.0,0.0,0.0,0,NONE
2026-09-24T17:39:07.994+00:00,545.965,manual,Manual cook,temp,1950,374.0,,esp32,,0,,,,,,,,,,,,1,375.0,23.0,0.0,0,NONE
2026-09-24T17:39:08.494+00:00,546.465,manual,Manual cook,temp,1950,376.3,,esp32,,0,,,,,,,,,,,,1,375.0,0.0,0.0,0,NONE
2026-09-24T17:39:08.994+00:00,546.965,manual,Manual cook,temp,1950,375.4,,esp32,,0,,,,,,,,,,,,1,375.0,3.0,0.0,0,NONE
2026-09-24T17:39:09.994+00:00,547.965,manual,Manual cook,temp,1950,375.8,,esp32,,0,,,,,,,,,,,,1,375.0,1.0,0.0,0,NONE
2026-09-24T17:39:10.494+00:00,548.465,manual,Manual cook,temp,1950,376.3,,esp32,,0,,,,,,,,,,,,1,375.0,0.0,0.0,0,NONE
2026-09-24T17:39:10.994+00:00,548.965,manual,Manual cook,temp,1950,375.8,,esp32,,0,,,,,,,,,,,,1,375.0,3.0,0.0,0,NONE
2026-09-24T17:39:11.494+00:00,549.465,manual,Manual cook,temp,1950,375.8,,esp32,,0,,,,,,,,,,,,1,375.0,1.0,0.0,0,NONE
2026-09-24T17:39:12.494+00:00,550.465,manual,Manual cook,temp,1950,375.8,,esp32,,0,,,,,,,,,,,,1,375.0,3.0,0.0,0,NONE
2026-09-24T17:39:13.494+00:00,551.465,manual,Manual cook,temp,1950,375.4,,esp32,,0,,,,,,,,,,,,1,375.0,0.0,0.0,0,NONE
2026-09-24T17:39:14.494+00:00,552.465,manual,Manual cook,temp,1950,376.3,,esp32,,0,,,,,,,,,,,,1,375.0,1.0,0.0,0,NONE
2026-09-24T17:39:15.494+00:00,553.465,manual,Manual cook,temp,1950,375.4,,esp32,,0,,,,,,,,,,,,1,375.0,3.0,0.0,0,NONE
2026-09-24T17:39:16.495+00:00,554.465,manual,Manual cook,temp,1950,375.4,,esp32,,0,,,,,,,,,,,,1,375.0,16.0,0.0,0,NONE
2026-09-24T17:39:17.494+00:00,555.464,manual,Manual cook,temp,1950,375.4,,esp32,,0,,,,,,,,,,,,1,375.0,9.0,0.0,0,NONE
2026-09-24T17:39:17.994+00:00,555.965,manual,Manual cook,temp,1950,375.8,,esp32,,0,,,,,,,,,,,,1,375.0,1.0,0.0,0,NONE
2026-09-24T17:39:18.494+00:00,556.465,manual,Manual cook,temp,1950,374.9,,esp32,,0,,,,,,,,,,,,1,375.0,8.0,0.0,0,NONE
2026-09-24T17:39:19.494+00:00,557.464,manual,Manual cook,temp,1950,375.4,,esp32,,0,,,,,,,,,,,,1,375.0,2.0,0.0,0,NONE
2026-09-24T17:39:19.994+00:00,557.965,manual,Manual cook,temp,1950,375.4,,esp32,,0,,,,,,,,,,,,1,375.0,1.0,0.0,0,NONE
2026-09-24T17:39:20.994+00:00,558.965,manual,Manual cook,temp,1950,376.3,,esp32,,0,,,,,,,,,,,,1,375.0,17.0,0.0,0,NONE
2026-09-24T17:39:21.995+00:00,559.965,manual,Manual cook,temp,1950,375.8,,esp32,,0,,,,,,,,,,,,1,375.0,3.0,0.0,0,NONE
2026-09-24T17:39:22.994+00:00,560.965,manual,Manual cook,temp,1950,375.8,,esp32,,0,,,,,,,,,,,,1,375.0,2.0,0.0,0,NONE
2026-09-24T17:39:23.994+00:00,561.964,manual,Manual cook,temp,1950,375.8,,esp32,,0,,,,,,,,,,,,1,375.0,8.0,0.0,0,NONE
2026-09-24T17:39:24.494+00:00,562.464,manual,Manual cook,temp,1950,375.4,,esp32,,0,,,,,,,,,,,,1,375.0,16.0,0.0,0,NONE
2026-09-24T17:39:25.494+00:00,563.464,manual,Manual cook,temp,1950,375.8,,esp32,,0,,,,,,,,,,,,1,375.0,8.0,0.0,0,NONE
2026-09-24T17:39:25.994+00:00,563.964,manual,Manual cook,temp,1950,375.4,,esp32,,0,,,,,,,,,,,,1,375.0,16.0,0.0,0,NONE
2026-09-24T17:39:26.994+00:00,564.965,manual,Manual cook,temp,1950,374.5,,esp32,,0,,,,,,,,,,,,1,375.0,16.0,0.0,0,NONE
2026-09-24T17:39:27.494+00:00,565.465,manual,Manual cook,temp,1950,375.4,,esp32,,0,,,,,,,,,,,,1,375.0,25.0,0.0,0,NONE
2026-09-24T17:39:28.494+00:00,566.464,manual,Manual cook,temp,1950,375.8,,esp32,,0,,,,,,,,,,,,1,375.0,0.0,0.0,0,NONE
2026-09-24T17:39:29.494+00:00,567.464,manual,Manual cook,temp,1950,375.8,,esp32,,0,,,,,,,,,,,,1,375.0,8.0,0.0,0,NONE
2026-09-24T17:39:29.994+00:00,567.964,manual,Manual cook,temp,1950,375.8,,esp32,,0,,,,,,,,,,,,1,375.0,0.0,0.0,0,NONE
2026-09-24T17:39:30.994+00:00,568.964,manual,Manual cook,temp,1950,375.4,,esp32,,0,,,,,,,,,,,,1,375.0,16.0,0.0,0,NONE
2026-09-24T17:39:31.495+00:00,569.465,manual,Manual cook,temp,1950,375.4,,esp32,,0,,,,,,,,,,,,1,375.0,9.0,0.0,0,NONE
2026-09-24T17:39:32.494+00:00,570.464,manual,Manual cook,temp,1950,375.8,,esp32,,0,,,,,,,,,,,,1,375.0,8.0,0.0,0,NONE
2026-09-24T17:39:32.995+00:00,570.965,manual,Manual cook,temp,1950,376.3,,esp32,,0,,,,,,,,,,,,1,375.0,8.0,0.0,0,NONE
2026-09-24T17:39:33.994+00:00,571.964,manual,Manual cook,temp,1950,375.8,,esp32,,0,,,,,,,,,,,,1,375.0,3.0,0.0,0,NONE
2026-09-24T17:39:34.994+00:00,572.964,manual,Manual cook,temp,1950,375.4,,esp32,,0,,,,,,,,,,,,1,375.0,3.0,0.0,0,NONE
2026-09-24T17:39:35.994+00:00,573.964,manual,Manual cook,temp,1950,376.7,,esp32,,0,,,,,,,,,,,,1,375.0,0.0,0.0,0,NONE
2026-09-24T17:39:36.994+00:00,574.964,manual,Manual cook,temp,1950,376.3,,esp32,,0,,,,,,,,,,,,1,375.0,8.0,0.0,0,NONE
2026-09-24T17:39:37.494+00:00,575.465,manual,Manual cook,temp,1950,376.3,,esp32,,0,,,,,,,,,,,,1,375.0,0.0,0.0,0,NONE
2026-09-24T17:39:38.494+00:00,576.464,manual,Manual cook,temp,1950,375.8,,esp32,,0,,,,,,,,,,,,1,375.0,0.0,0.0,0,NONE
2026-09-24T17:39:39.494+00:00,577.465,manual,Manual cook,temp,1950,375.4,,esp32,,0,,,,,,,,,,,,1,375.0,16.0,0.0,0,NONE
2026-09-24T17:39:40.494+00:00,578.464,manual,Manual cook,temp,1950,376.7,,esp32,,0,,,,,,,,,,,,1,375.0,3.0,0.0,0,NONE
2026-09-24T17:39:40.994+00:00,578.964,manual,Manual cook,temp,1950,377.1,,esp32,,0,,,,,,,,,,,,1,375.0,22.0,0.0,0,NONE
2026-09-24T17:39:41.994+00:00,579.964,manual,Manual cook,temp,1950,376.3,,esp32,,0,,,,,,,,,,,,1,375.0,3.0,0.0,0,NONE
2026-09-24T17:39:42.494+00:00,580.464,manual,Manual cook,temp,1950,376.3,,esp32,,0,,,,,,,,,,,,1,375.0,7.0,0.0,0,NONE
2026-09-24T17:39:43.494+00:00,581.465,manual,Manual cook,temp,1950,376.3,,esp32,,0,,,,,,,,,,,,1,375.0,3.0,0.0,0,NONE
2026-09-24T17:39:44.494+00:00,582.464,manual,Manual cook,temp,1950,376.7,,esp32,,0,,,,,,,,,,,,1,375.0,0.0,0.0,0,NONE
2026-09-24T17:39:45.494+00:00,583.465,manual,Manual cook,temp,1950,376.3,,esp32,,0,,,,,,,,,,,,1,375.0,14.0,0.0,0,NONE
2026-09-24T17:39:46.494+00:00,584.464,manual,Manual cook,temp,1950,375.8,,esp32,,0,,,,,,,,,,,,1,375.0,15.0,0.0,0,NONE
2026-09-24T17:39:47.494+00:00,585.464,manual,Manual cook,temp,1950,376.7,,esp32,,0,,,,,,,,,,,,1,375.0,3.0,0.0,0,NONE
2026-09-24T17:39:48.494+00:00,586.464,manual,Manual cook,temp,1950,376.3,,esp32,,0,,,,,,,,,,,,1,375.0,3.0,0.0,0,NONE
2026-09-24T17:39:49.493+00:00,587.464,manual,Manual cook,temp,1950,376.7,,esp32,,0,,,,,,,,,,,,1,375.0,0.0,0.0,0,NONE
2026-09-24T17:39:50.494+00:00,588.464,manual,Manual cook,temp,1950,375.8,,esp32,,0,,,,,,,,,,,,1,375.0,3.0,0.0,0,NONE
2026-09-24T17:39:51.493+00:00,589.464,manual,Manual cook,temp,1950,376.7,,esp32,,0,,,,,,,,,,,,1,375.0,0.0,0.0,0,NONE
2026-09-24T17:39:52.494+00:00,590.464,manual,Manual cook,temp,1950,376.7,,esp32,,0,,,,,,,,,,,,1,375.0,3.0,0.0,0,NONE
2026-09-24T17:39:53.493+00:00,591.464,manual,Manual cook,temp,1950,376.7,,esp32,,0,,,,,,,,,,,,1,375.0,0.0,0.0,0,NONE
2026-09-24T17:39:53.994+00:00,591.965,manual,Manual cook,temp,1950,376.3,,esp32,,0,,,,,,,,,,,,1,375.0,3.0,0.0,0,NONE
2026-09-24T17:39:54.993+00:00,592.964,manual,Manual cook,temp,1950,374.9,,esp32,,0,,,,,,,,,,,,1,375.0,0.0,0.0,0,NONE
2026-09-24T17:39:55.494+00:00,593.464,manual,Manual cook,temp,1950,374.9,,esp32,,0,,,,,,,,,,,,1,375.0,3.0,0.0,0,NONE
2026-09-24T17:39:56.494+00:00,594.464,manual,Manual cook,temp,1950,375.8,,esp32,,0,,,,,,,,,,,,1,375.0,0.0,0.0,0,NONE
2026-09-24T17:39:57.493+00:00,595.464,manual,Manual cook,temp,1950,374.5,,esp32,,0,,,,,,,,,,,,1,375.0,3.0,0.0,0,NONE
2026-09-24T17:39:58.493+00:00,596.464,manual,Manual cook,temp,1950,375.4,,esp32,,0,,,,,,,,,,,,1,375.0,0.0,0.0,0,NONE
2026-09-24T17:39:59.494+00:00,597.465,manual,Manual cook,temp,1950,374.9,,esp32,,0,,,,,,,,,,,,1,375.0,3.0,0.0,0,NONE
2026-09-24T17:40:00.493+00:00,598.464,manual,Manual cook,temp,1950,375.8,,esp32,,0,,,,,,,,,,,,1,375.0,0.0,0.0,0,NONE
2026-09-24T17:40:00.993+00:00,598.964,manual,Manual cook,temp,1950,375.4,,esp32,,0,,,,,,,,,,,,1,375.0,3.0,0.0,0,NONE
2026-09-24T17:40:01.493+00:00,599.464,manual,Manual cook,temp,1950,374.9,,esp32,,0,,,,,,,,,,,,1,375.0,17.0,0.0,0,NONE
2026-09-24T17:40:02.493+00:00,600.464,manual,Manual cook,temp,1950,373.5,,esp32,,0,,,,,,,,,,,,1,375.0,3.0,0.0,0,NONE
2026-09-24T17:40:02.993+00:00,600.964,manual,Manual cook,temp,1950,374.5,,esp32,,0,,,,,,,,,,,,1,375.0,12.0,0.0,0,NONE
2026-09-24T17:40:03.993+00:00,601.964,manual,Manual cook,temp,1950,373.5,,esp32,,0,,,,,,,,,,,,1,375.0,3.0,0.0,0,NONE
2026-09-24T17:40:04.493+00:00,602.464,manual,Manual cook,temp,1950,374.5,,esp32,,0,,,,,,,,,,,,1,375.0,4.0,0.0,0,NONE
2026-09-24T17:40:04.994+00:00,602.965,manual,Manual cook,temp,1950,374.5,,esp32,,0,,,,,,,,,,,,1,375.0,3.0,0.0,0,NONE
2026-09-24T17:40:05.993+00:00,603.964,manual,Manual cook,temp,1950,373.5,,esp32,,0,,,,,,,,,,,,1,375.0,27.0,0.0,0,NONE
2026-09-24T17:40:06.993+00:00,604.964,manual,Manual cook,temp,1950,374.0,,esp32,,0,,,,,,,,,,,,1,375.0,11.0,0.0,0,NONE
2026-09-24T17:40:07.993+00:00,605.964,manual,Manual cook,temp,1950,373.5,,esp32,,0,,,,,,,,,,,,1,375.0,19.0,0.0,0,NONE
2026-09-24T17:40:08.493+00:00,606.464,manual,Manual cook,temp,1950,373.5,,esp32,,0,,,,,,,,,,,,1,375.0,12.0,0.0,0,NONE
2026-09-24T17:40:09.493+00:00,607.464,manual,Manual cook,temp,1950,374.9,,esp32,,0,,,,,,,,,,,,1,375.0,3.0,0.0,0,NONE
2026-09-24T17:40:09.993+00:00,607.964,manual,Manual cook,temp,1950,374.0,,esp32,,0,,,,,,,,,,,,1,375.0,23.0,0.0,0,NONE
2026-09-24T17:40:10.993+00:00,608.964,manual,Manual cook,temp,1950,374.5,,esp32,,0,,,,,,,,,,,,1,375.0,0.0,0.0,0,NONE
2026-09-24T17:40:11.993+00:00,609.964,manual,Manual cook,temp,1950,375.8,,esp32,,0,,,,,,,,,,,,1,375.0,2.0,0.0,0,NONE
2026-09-24T17:40:12.993+00:00,610.964,manual,Manual cook,temp,1950,375.4,,esp32,,0,,,,,,,,,,,,1,375.0,3.0,0.0,0,NONE
2026-09-24T17:40:13.493+00:00,611.464,manual,Manual cook,temp,1950,375.4,,esp32,,0,,,,,,,,,,,,1,375.0,9.0,0.0,0,NONE
2026-09-24T17:40:14.493+00:00,612.464,manual,Manual cook,temp,1950,375.8,,esp32,,0,,,,,,,,,,,,1,375.0,9.0,0.0,0,NONE
2026-09-24T17:40:15.493+00:00,613.464,manual,Manual cook,temp,1950,376.3,,esp32,,0,,,,,,,,,,,,1,375.0,0.0,0.0,0,NONE
2026-09-24T17:40:16.493+00:00,614.463,manual,Manual cook,temp,1950,375.8,,esp32,,0,,,,,,,,,,,,1,375.0,8.0,0.0,0,NONE
2026-09-24T17:40:16.993+00:00,614.964,manual,Manual cook,temp,1950,376.7,,esp32,,0,,,,,,,,,,,,1,375.0,0.0,0.0,0,NONE
2026-09-24T17:40:17.993+00:00,615.964,manual,Manual cook,temp,1950,376.3,,esp32,,0,,,,,,,,,,,,1,375.0,14.0,0.0,0,NONE
2026-09-24T17:40:18.993+00:00,616.963,manual,Manual cook,temp,1950,376.3,,esp32,,0,,,,,,,,,,,,1,375.0,3.0,0.0,0,NONE
2026-09-24T17:40:19.493+00:00,617.463,manual,Manual cook,temp,1950,375.8,,esp32,,0,,,,,,,,,,,,1,375.0,15.0,0.0,0,NONE
2026-09-24T17:40:20.493+00:00,618.464,manual,Manual cook,temp,1950,376.7,,esp32,,0,,,,,,,,,,,,1,375.0,3.0,0.0,0,NONE
2026-09-24T17:40:20.994+00:00,618.964,manual,Manual cook,temp,1950,376.7,,esp32,,0,,,,,,,,,,,,1,375.0,0.0,0.0,0,NONE
2026-09-24T17:40:21.993+00:00,619.963,manual,Manual cook,temp,1950,376.3,,esp32,,0,,,,,,,,,,,,1,375.0,3.0,0.0,0,NONE
2026-09-24T17:40:22.493+00:00,620.463,manual,Manual cook,temp,1950,375.8,,esp32,,0,,,,,,,,,,,,1,375.0,15.0,0.0,0,NONE
2026-09-24T17:40:22.993+00:00,620.964,manual,Manual cook,temp,1950,376.3,,esp32,,0,,,,,,,,,,,,1,375.0,0.0,0.0,0,NONE
2026-09-24T17:40:23.493+00:00,621.464,manual,Manual cook,temp,1950,376.3,,esp32,,0,,,,,,,,,,,,1,375.0,3.0,0.0,0,NONE
2026-09-24T17:40:24.493+00:00,622.463,manual,Manual cook,temp,1950,377.1,,esp32,,0,,,,,,,,,,,,1,375.0,0.0,0.0,0,NONE
2026-09-24T17:40:25.493+00:00,623.463,manual,Manual cook,temp,1950,375.8,,esp32,,0,,,,,,,,,,,,1,375.0,22.0,0.0,0,NONE
2026-09-24T17:40:26.493+00:00,624.463,manual,Manual cook,temp,1950,376.3,,esp32,,0,,,,,,,,,,,,1,375.0,3.0,0.0,0,NONE
2026-09-24T17:40:27.493+00:00,625.463,manual,Manual cook,temp,1950,376.3,,esp32,,0,,,,,,,,,,,,1,375.0,3.0,0.0,0,NONE
2026-09-24T17:40:28.493+00:00,626.464,manual,Manual cook,temp,1950,377.1,,esp32,,0,,,,,,,,,,,,1,375.0,0.0,0.0,0,NONE
2026-09-24T17:40:29.493+00:00,627.463,manual,Manual cook,temp,1950,376.3,,esp32,,0,,,,,,,,,,,,1,375.0,0.0,0.0,0,NONE
2026-09-24T17:40:30.493+00:00,628.463,manual,Manual cook,temp,1950,376.7,,esp32,,0,,,,,,,,,,,,1,375.0,0.0,0.0,0,NONE
2026-09-24T17:40:31.493+00:00,629.464,manual,Manual cook,temp,1950,375.4,,esp32,,0,,,,,,,,,,,,1,375.0,0.0,0.0,0,NONE
2026-09-24T17:40:32.493+00:00,630.463,manual,Manual cook,temp,1950,376.7,,esp32,,0,,,,,,,,,,,,1,375.0,0.0,0.0,0,NONE
2026-09-24T17:40:33.493+00:00,631.463,manual,Manual cook,temp,1950,375.4,,esp32,,0,,,,,,,,,,,,1,375.0,0.0,0.0,0,NONE
2026-09-24T17:40:33.993+00:00,631.963,manual,Manual cook,temp,1950,374.9,,esp32,,0,,,,,,,,,,,,1,375.0,0.0,0.0,0,NONE
2026-09-24T17:40:34.493+00:00,632.463,manual,Manual cook,temp,1950,374.9,,esp32,,0,,,,,,,,,,,,1,375.0,0.0,0.0,0,NONE
2026-09-24T17:40:35.493+00:00,633.463,manual,Manual cook,temp,1950,375.4,,esp32,,0,,,,,,,,,,,,1,375.0,0.0,0.0,0,NONE
2026-09-24T17:40:35.993+00:00,633.963,manual,Manual cook,temp,1950,374.5,,esp32,,0,,,,,,,,,,,,1,375.0,0.0,0.0,0,NONE
2026-09-24T17:40:36.493+00:00,634.463,manual,Manual cook,temp,1950,374.5,,esp32,,0,,,,,,,,,,,,1,375.0,0.0,0.0,0,NONE
2026-09-24T17:40:37.493+00:00,635.464,manual,Manual cook,temp,1950,374.0,,esp32,,0,,,,,,,,,,,,1,375.0,0.0,0.0,0,NONE
2026-09-24T17:40:37.994+00:00,635.964,manual,Manual cook,temp,1950,373.5,,esp32,,0,,,,,,,,,,,,1,375.0,0.0,0.0,0,NONE
2026-09-24T17:40:38.993+00:00,636.964,manual,Manual cook,temp,1950,374.0,,esp32,,0,,,,,,,,,,,,1,375.0,0.0,0.0,0,NONE
2026-09-24T17:40:39.993+00:00,637.963,manual,Manual cook,temp,1950,371.8,,esp32,,0,,,,,,,,,,,,1,375.0,0.0,0.0,0,NONE
2026-09-24T17:40:40.992+00:00,638.963,manual,Manual cook,temp,1950,371.8,,esp32,,0,,,,,,,,,,,,1,375.0,0.0,0.0,0,NONE
2026-09-24T17:40:41.493+00:00,639.463,manual,Manual cook,temp,1950,370.4,,esp32,,0,,,,,,,,,,,,1,375.0,0.0,0.0,0,NONE
2026-09-24T17:40:41.993+00:00,639.963,manual,Manual cook,temp,1950,370.9,,esp32,,0,,,,,,,,,,,,1,375.0,0.0,0.0,0,NONE
2026-09-24T17:40:42.992+00:00,640.963,manual,Manual cook,temp,1950,369.0,,esp32,,0,,,,,,,,,,,,1,375.0,0.0,0.0,0,NONE
2026-09-24T17:40:43.492+00:00,641.463,manual,Manual cook,temp,1950,369.5,,esp32,,0,,,,,,,,,,,,1,375.0,0.0,0.0,0,NONE
2026-09-24T17:40:43.993+00:00,641.963,manual,Manual cook,temp,1950,367.7,,esp32,,0,,,,,,,,,,,,1,375.0,0.0,0.0,0,NONE
2026-09-24T17:40:44.493+00:00,642.464,manual,Manual cook,temp,1950,368.1,,esp32,,0,,,,,,,,,,,,1,375.0,0.0,0.0,0,NONE
2026-09-24T17:40:45.493+00:00,643.463,manual,Manual cook,temp,1950,366.8,,esp32,,0,,,,,,,,,,,,1,375.0,0.0,0.0,0,NONE
2026-09-24T17:40:46.493+00:00,644.463,manual,Manual cook,temp,1950,365.9,,esp32,,0,,,,,,,,,,,,1,375.0,0.0,0.0,0,NONE
2026-09-24T17:40:47.492+00:00,645.463,manual,Manual cook,temp,1950,365.0,,esp32,,0,,,,,,,,,,,,1,375.0,0.0,0.0,0,NONE
2026-09-24T17:40:48.493+00:00,646.463,manual,Manual cook,temp,1950,363.6,,esp32,,0,,,,,,,,,,,,1,375.0,0.0,0.0,0,NONE
2026-09-24T17:40:49.492+00:00,647.463,manual,Manual cook,temp,1950,361.9,,esp32,,0,,,,,,,,,,,,1,375.0,0.0,0.0,0,NONE
2026-09-24T17:40:49.992+00:00,647.963,manual,Manual cook,temp,1950,362.3,,esp32,,0,,,,,,,,,,,,1,375.0,0.0,0.0,0,NONE
2026-09-24T17:40:50.493+00:00,648.464,manual,Manual cook,temp,1950,361.9,,esp32,,0,,,,,,,,,,,,1,375.0,0.0,0.0,0,NONE
2026-09-24T17:40:50.994+00:00,648.965,manual,Manual cook,temp,1950,361.9,,esp32,,0,,,,,,,,,,,,1,375.0,0.0,0.0,0,NONE
2026-09-24T17:40:51.992+00:00,649.963,manual,Manual cook,temp,1950,360.0,,esp32,,0,,,,,,,,,,,,1,375.0,0.0,0.0,0,NONE
2026-09-24T17:40:52.992+00:00,650.963,manual,Manual cook,temp,1950,359.1,,esp32,,0,,,,,,,,,,,,1,375.0,0.0,0.0,0,NONE
2026-09-24T17:40:53.492+00:00,651.463,manual,Manual cook,temp,1950,357.4,,esp32,,0,,,,,,,,,,,,1,375.0,0.0,0.0,0,NONE
2026-09-24T17:40:54.492+00:00,652.463,manual,Manual cook,temp,1950,358.7,,esp32,,0,,,,,,,,,,,,1,375.0,0.0,0.0,0,NONE
2026-09-24T17:40:55.493+00:00,653.463,manual,Manual cook,temp,1950,356.5,,esp32,,0,,,,,,,,,,,,1,375.0,0.0,0.0,0,NONE
2026-09-24T17:40:56.493+00:00,654.463,manual,Manual cook,temp,1950,355.1,,esp32,,0,,,,,,,,,,,,1,375.0,0.0,0.0,0,NONE
2026-09-24T17:40:57.492+00:00,655.463,manual,Manual cook,temp,1950,354.6,,esp32,,0,,,,,,,,,,,,1,375.0,0.0,0.0,0,NONE
2026-09-24T17:40:58.492+00:00,656.463,manual,Manual cook,temp,1950,353.8,,esp32,,0,,,,,,,,,,,,1,375.0,0.0,0.0,0,NONE
2026-09-24T17:40:58.992+00:00,656.963,manual,Manual cook,temp,1950,353.3,,esp32,,0,,,,,,,,,,,,1,375.0,0.0,0.0,0,NONE
2026-09-24T17:40:59.492+00:00,657.463,manual,Manual cook,temp,1950,352.0,,esp32,,0,,,,,,,,,,,,1,375.0,0.0,0.0,0,NONE
2026-09-24T17:41:00.492+00:00,658.463,manual,Manual cook,temp,1950,351.5,,esp32,,0,,,,,,,,,,,,1,375.0,0.0,0.0,0,NONE
2026-09-24T17:41:01.492+00:00,659.463,manual,Manual cook,temp,1950,351.0,,esp32,,0,,,,,,,,,,,,1,375.0,0.0,0.0,0,NONE
2026-09-24T17:41:01.993+00:00,659.963,manual,Manual cook,temp,1950,350.6,,esp32,,0,,,,,,,,,,,,1,375.0,0.0,0.0,0,NONE
2026-09-24T17:41:02.992+00:00,660.963,manual,Manual cook,temp,1950,349.3,,esp32,,0,,,,,,,,,,,,1,375.0,0.0,0.0,0,NONE
2026-09-24T17:41:03.492+00:00,661.463,manual,Manual cook,temp,1950,347.9,,esp32,,0,,,,,,,,,,,,1,375.0,0.0,0.0,0,NONE
2026-09-24T17:41:03.992+00:00,661.963,manual,Manual cook,temp,1950,346.5,,esp32,,0,,,,,,,,,,,,1,375.0,0.0,0.0,0,NONE
2026-09-24T17:41:04.992+00:00,662.963,manual,Manual cook,temp,1950,345.6,,esp32,,0,,,,,,,,,,,,1,375.0,0.0,0.0,0,NONE
2026-09-24T17:41:05.492+00:00,663.463,manual,Manual cook,temp,1950,345.2,,esp32,,0,,,,,,,,,,,,1,375.0,0.0,0.0,0,NONE
2026-09-24T17:41:06.492+00:00,664.463,manual,Manual cook,temp,1950,344.3,,esp32,,0,,,,,,,,,,,,1,375.0,0.0,0.0,0,NONE
2026-09-24T17:41:07.493+00:00,665.464,manual,Manual cook,temp,1950,343.0,,esp32,,0,,,,,,,,,,,,1,375.0,0.0,0.0,0,NONE
2026-09-24T17:41:08.492+00:00,666.463,manual,Manual cook,temp,1950,341.6,,esp32,,0,,,,,,,,,,,,1,375.0,0.0,0.0,0,NONE
2026-09-24T17:41:09.492+00:00,667.463,manual,Manual cook,temp,1950,341.1,,esp32,,0,,,,,,,,,,,,1,375.0,0.0,0.0,0,NONE
2026-09-24T17:41:09.992+00:00,667.963,manual,Manual cook,temp,1950,340.7,,esp32,,0,,,,,,,,,,,,1,375.0,0.0,0.0,0,NONE
2026-09-24T17:41:10.992+00:00,668.962,manual,Manual cook,temp,1950,339.4,,esp32,,0,,,,,,,,,,,,1,375.0,0.0,0.0,0,NONE
2026-09-24T17:41:11.492+00:00,669.463,manual,Manual cook,temp,1950,338.5,,esp32,,0,,,,,,,,,,,,1,375.0,0.0,0.0,0,NONE
2026-09-24T17:41:12.492+00:00,670.462,manual,Manual cook,temp,1950,338.5,,esp32,,0,,,,,,,,,,,,1,375.0,0.0,0.0,0,NONE
2026-09-24T17:41:12.992+00:00,670.963,manual,Manual cook,temp,1950,337.5,,esp32,,0,,,,,,,,,,,,1,375.0,0.0,0.0,0,NONE
2026-09-24T17:41:13.992+00:00,671.962,manual,Manual cook,temp,1950,335.3,,esp32,,0,,,,,,,,,,,,1,375.0,0.0,0.0,0,NONE
2026-09-24T17:41:14.492+00:00,672.463,manual,Manual cook,temp,1950,334.9,,esp32,,0,,,,,,,,,,,,1,375.0,0.0,0.0,0,NONE
2026-09-24T17:41:15.492+00:00,673.462,manual,Manual cook,temp,1950,334.9,,esp32,,0,,,,,,,,,,,,1,375.0,0.0,0.0,0,NONE
2026-09-24T17:41:16.492+00:00,674.462,manual,Manual cook,temp,1950,333.5,,esp32,,0,,,,,,,,,,,,1,375.0,0.0,0.0,0,NONE
2026-09-24T17:41:17.492+00:00,675.462,manual,Manual cook,temp,1950,332.1,,esp32,,0,,,,,,,,,,,,1,375.0,0.0,0.0,0,NONE
2026-09-24T17:41:17.992+00:00,675.963,manual,Manual cook,temp,1950,331.7,,esp32,,0,,,,,,,,,,,,1,375.0,0.0,0.0,0,NONE
2026-09-24T17:41:18.992+00:00,676.962,manual,Manual cook,temp,1950,331.3,,esp32,,0,,,,,,,,,,,,1,375.0,0.0,0.0,0,NONE
2026-09-24T17:41:19.492+00:00,677.462,manual,Manual cook,temp,1950,330.4,,esp32,,0,,,,,,,,,,,,1,375.0,0.0,0.0,0,NONE
2026-09-24T17:41:20.492+00:00,678.462,manual,Manual cook,temp,1950,328.5,,esp32,,0,,,,,,,,,,,,1,375.0,0.0,0.0,0,NONE
2026-09-24T17:41:21.492+00:00,679.462,manual,Manual cook,temp,1950,327.6,,esp32,,0,,,,,,,,,,,,1,375.0,0.0,0.0,0,NONE
2026-09-24T17:41:22.492+00:00,680.462,manual,Manual cook,temp,1950,325.9,,esp32,,0,,,,,,,,,,,,1,375.0,0.0,0.0,0,NONE
2026-09-24T17:41:22.992+00:00,680.962,manual,Manual cook,temp,1950,325.9,,esp32,,0,,,,,,,,,,,,1,375.0,0.0,0.0,0,NONE
2026-09-24T17:41:23.493+00:00,681.463,manual,Manual cook,temp,1950,325.9,,esp32,,0,,,,,,,,,,,,1,375.0,0.0,0.0,0,NONE
2026-09-24T17:41:24.492+00:00,682.462,manual,Manual cook,temp,1950,324.5,,esp32,,0,,,,,,,,,,,,1,375.0,0.0,0.0,0,NONE
2026-09-24T17:41:25.492+00:00,683.462,manual,Manual cook,temp,1950,323.1,,esp32,,0,,,,,,,,,,,,1,375.0,0.0,0.0,0,NONE
2026-09-24T17:41:25.992+00:00,683.962,manual,Manual cook,temp,1950,321.8,,esp32,,0,,,,,,,,,,,,1,375.0,0.0,0.0,0,NONE
2026-09-24T17:41:26.992+00:00,684.962,manual,Manual cook,temp,1950,321.8,,esp32,,0,,,,,,,,,,,,1,375.0,0.0,0.0,0,NONE
2026-09-24T17:41:27.992+00:00,685.962,manual,Manual cook,temp,1950,320.0,,esp32,,0,,,,,,,,,,,,1,375.0,0.0,0.0,0,NONE
2026-09-24T17:41:28.492+00:00,686.463,manual,Manual cook,temp,1950,319.5,,esp32,,0,,,,,,,,,,,,1,375.0,0.0,0.0,0,NONE
2026-09-24T17:41:29.492+00:00,687.462,manual,Manual cook,temp,1950,318.2,,esp32,,0,,,,,,,,,,,,1,375.0,0.0,0.0,0,NONE
2026-09-24T17:41:29.992+00:00,687.962,manual,Manual cook,temp,1950,317.3,,esp32,,0,,,,,,,,,,,,1,375.0,0.0,0.0,0,NONE
2026-09-24T17:41:30.492+00:00,688.462,manual,Manual cook,temp,1950,317.3,,esp32,,0,,,,,,,,,,,,1,375.0,0.0,0.0,0,NONE
2026-09-24T17:41:31.492+00:00,689.462,manual,Manual cook,temp,1950,316.9,,esp32,,0,,,,,,,,,,,,1,375.0,0.0,0.0,0,NONE
2026-09-24T17:41:32.492+00:00,690.462,manual,Manual cook,temp,1950,316.0,,esp32,,0,,,,,,,,,,,,1,375.0,0.0,0.0,0,NONE
2026-09-24T17:41:33.492+00:00,691.462,manual,Manual cook,temp,1950,314.1,,esp32,,0,,,,,,,,,,,,1,375.0,0.0,0.0,0,NONE
2026-09-24T17:41:33.992+00:00,691.962,manual,Manual cook,temp,1950,313.7,,esp32,,0,,,,,,,,,,,,1,375.0,0.0,0.0,0,NONE
2026-09-24T17:41:34.992+00:00,692.962,manual,Manual cook,temp,1950,311.0,,esp32,,0,,,,,,,,,,,,0,375.0,0.0,0.0,0,NONE
2026-09-24T17:41:35.992+00:00,693.962,manual,Manual cook,temp,1950,312.4,,esp32,,0,,,,,,,,,,,,0,375.0,0.0,0.0,0,NONE
2026-09-24T17:41:36.492+00:00,694.462,manual,Manual cook,temp,1950,311.0,,esp32,,0,,,,,,,,,,,,0,375.0,0.0,0.0,0,NONE
2026-09-24T17:41:36.992+00:00,694.962,manual,Manual cook,temp,1950,310.1,,esp32,,0,,,,,,,,,,,,1,375.0,0.0,0.0,0,NONE
2026-09-24T17:41:37.992+00:00,695.962,manual,Manual cook,temp,1950,309.2,,esp32,,0,,,,,,,,,,,,1,375.0,0.0,0.0,0,NONE
2026-09-24T17:41:38.492+00:00,696.462,manual,Manual cook,temp,1950,309.2,,esp32,,0,,,,,,,,,,,,1,375.0,0.0,0.0,0,NONE
2026-09-24T17:41:38.992+00:00,696.962,manual,Manual cook,temp,1950,308.3,,esp32,,0,,,,,,,,,,,,1,375.0,0.0,0.0,0,NONE
2026-09-24T17:41:39.492+00:00,697.463,manual,Manual cook,temp,1950,307.4,,esp32,,0,,,,,,,,,,,,1,375.0,0.0,0.0,0,NONE
2026-09-24T17:41:40.491+00:00,698.462,manual,Manual cook,temp,1950,306.5,,esp32,,0,,,,,,,,,,,,1,375.0,0.0,0.0,0,NONE
2026-09-24T17:41:41.491+00:00,699.462,manual,Manual cook,temp,1950,305.6,,esp32,,0,,,,,,,,,,,,1,375.0,0.0,0.0,0,NONE
2026-09-24T17:41:41.992+00:00,699.962,manual,Manual cook,temp,1950,305.1,,esp32,,0,,,,,,,,,,,,1,375.0,0.0,0.0,0,NONE
2026-09-24T17:41:42.992+00:00,700.962,manual,Manual cook,temp,1950,303.8,,esp32,,0,,,,,,,,,,,,1,375.0,0.0,0.0,0,NONE
2026-09-24T17:41:43.492+00:00,701.462,manual,Manual cook,temp,1950,303.8,,esp32,,0,,,,,,,,,,,,1,375.0,0.0,0.0,0,NONE
2026-09-24T17:41:44.492+00:00,702.462,manual,Manual cook,temp,1950,302.0,,esp32,,0,,,,,,,,,,,,1,375.0,0.0,0.0,0,NONE
2026-09-24T17:41:45.492+00:00,703.462,manual,Manual cook,temp,1950,301.5,,esp32,,0,,,,,,,,,,,,1,375.0,0.0,0.0,0,NONE
2026-09-24T17:41:46.492+00:00,704.462,manual,Manual cook,temp,1950,300.6,,esp32,,0,,,,,,,,,,,,1,375.0,0.0,0.0,0,NONE
2026-09-24T17:41:47.491+00:00,705.462,manual,Manual cook,temp,1950,299.8,,esp32,,0,,,,,,,,,,,,1,375.0,0.0,0.0,0,NONE
2026-09-24T17:41:48.491+00:00,706.462,manual,Manual cook,temp,1950,297.5,,esp32,,0,,,,,,,,,,,,1,375.0,0.0,0.0,0,NONE
2026-09-24T17:41:49.491+00:00,707.462,manual,Manual cook,temp,1950,297.0,,esp32,,0,,,,,,,,,,,,1,375.0,0.0,0.0,0,NONE
2026-09-24T17:41:49.992+00:00,707.963,manual,Manual cook,temp,1950,295.7,,esp32,,0,,,,,,,,,,,,1,375.0,0.0,0.0,0,NONE
2026-09-24T17:41:50.991+00:00,708.962,manual,Manual cook,temp,1950,296.1,,esp32,,0,,,,,,,,,,,,1,375.0,0.0,0.0,0,NONE
2026-09-24T17:41:51.491+00:00,709.462,manual,Manual cook,temp,1950,294.8,,esp32,,0,,,,,,,,,,,,1,375.0,0.0,0.0,0,NONE
2026-09-24T17:41:52.491+00:00,710.462,manual,Manual cook,temp,1950,294.4,,esp32,,0,,,,,,,,,,,,1,375.0,0.0,0.0,0,NONE
2026-09-24T17:41:53.491+00:00,711.462,manual,Manual cook,temp,1950,293.5,,esp32,,0,,,,,,,,,,,,1,375.0,0.0,0.0,0,NONE
2026-09-24T17:41:54.491+00:00,712.462,manual,Manual cook,temp,1950,292.1,,esp32,,0,,,,,,,,,,,,1,375.0,0.0,0.0,0,NONE
2026-09-24T17:41:54.991+00:00,712.962,manual,Manual cook,temp,1950,290.8,,esp32,,0,,,,,,,,,,,,1,375.0,0.0,0.0,0,NONE
2026-09-24T17:41:55.492+00:00,713.462,manual,Manual cook,temp,1950,290.8,,esp32,,0,,,,,,,,,,,,1,375.0,0.0,0.0,0,NONE
2026-09-24T17:41:56.491+00:00,714.462,manual,Manual cook,temp,1950,288.5,,esp32,,0,,,,,,,,,,,,1,375.0,0.0,0.0,0,NONE
2026-09-24T17:41:57.492+00:00,715.463,manual,Manual cook,temp,1950,288.5,,esp32,,0,,,,,,,,,,,,1,375.0,0.0,0.0,0,NONE
2026-09-24T17:41:58.491+00:00,716.462,manual,Manual cook,temp,1950,288.5,,esp32,,0,,,,,,,,,,,,1,375.0,0.0,0.0,0,NONE
2026-09-24T17:41:59.491+00:00,717.462,manual,Manual cook,temp,1950,287.1,,esp32,,0,,,,,,,,,,,,1,375.0,0.0,0.0,0,NONE
2026-09-24T17:41:59.991+00:00,717.962,manual,Manual cook,temp,1950,285.8,,esp32,,0,,,,,,,,,,,,1,375.0,0.0,0.0,0,NONE
2026-09-24T17:42:00.492+00:00,718.462,manual,Manual cook,temp,1950,285.4,,esp32,,0,,,,,,,,,,,,1,375.0,0.0,0.0,0,NONE
2026-09-24T17:42:01.491+00:00,719.462,manual,Manual cook,temp,1950,284.9,,esp32,,0,,,,,,,,,,,,1,375.0,0.0,0.0,0,NONE
2026-09-24T17:42:02.491+00:00,720.462,manual,Manual cook,temp,1950,284.9,,esp32,,0,,,,,,,,,,,,1,375.0,0.0,0.0,0,NONE
2026-09-24T17:42:03.491+00:00,721.462,manual,Manual cook,temp,1950,283.5,,esp32,,0,,,,,,,,,,,,1,375.0,0.0,0.0,0,NONE
2026-09-24T17:42:04.491+00:00,722.462,manual,Manual cook,temp,1950,282.2,,esp32,,0,,,,,,,,,,,,1,375.0,0.0,0.0,0,NONE
2026-09-24T17:42:05.491+00:00,723.461,manual,Manual cook,temp,1950,281.3,,esp32,,0,,,,,,,,,,,,1,375.0,0.0,0.0,0,NONE
2026-09-24T17:42:05.992+00:00,723.962,manual,Manual cook,temp,1950,280.9,,esp32,,0,,,,,,,,,,,,1,375.0,0.0,0.0,0,NONE
2026-09-24T17:42:06.991+00:00,724.962,manual,Manual cook,temp,1950,280.9,,esp32,,0,,,,,,,,,,,,1,375.0,0.0,0.0,0,NONE
2026-09-24T17:42:07.991+00:00,725.962,manual,Manual cook,temp,1950,279.0,,esp32,,0,,,,,,,,,,,,1,375.0,0.0,0.0,0,NONE
2026-09-24T17:42:08.991+00:00,726.961,manual,Manual cook,temp,1950,279.5,,esp32,,0,,,,,,,,,,,,1,375.0,0.0,0.0,0,NONE
2026-09-24T17:42:09.991+00:00,727.961,manual,Manual cook,temp,1950,278.6,,esp32,,0,,,,,,,,,,,,1,375.0,0.0,0.0,0,NONE
2026-09-24T17:42:10.491+00:00,728.462,manual,Manual cook,temp,1950,279.0,,esp32,,0,,,,,,,,,,,,1,375.0,0.0,0.0,0,NONE
2026-09-24T17:42:10.992+00:00,728.962,manual,Manual cook,temp,1950,278.6,,esp32,,0,,,,,,,,,,,,1,375.0,0.0,0.0,0,NONE
2026-09-24T17:42:11.992+00:00,729.963,manual,Manual cook,temp,1950,277.7,,esp32,,0,,,,,,,,,,,,1,375.0,0.0,0.0,0,NONE
2026-09-24T17:42:12.991+00:00,730.961,manual,Manual cook,temp,1950,276.4,,esp32,,0,,,,,,,,,,,,1,375.0,0.0,0.0,0,NONE
2026-09-24T17:42:13.491+00:00,731.462,manual,Manual cook,temp,1950,275.9,,esp32,,0,,,,,,,,,,,,1,375.0,0.0,0.0,0,NONE
2026-09-24T17:42:13.991+00:00,731.962,manual,Manual cook,temp,1950,275.9,,esp32,,0,,,,,,,,,,,,1,375.0,0.0,0.0,0,NONE
2026-09-24T17:42:14.991+00:00,732.961,manual,Manual cook,temp,1950,275.5,,esp32,,0,,,,,,,,,,,,1,375.0,0.0,0.0,0,NONE
2026-09-24T17:42:15.491+00:00,733.461,manual,Manual cook,temp,1950,273.2,,esp32,,0,,,,,,,,,,,,1,375.0,0.0,0.0,0,NONE
2026-09-24T17:42:16.491+00:00,734.461,manual,Manual cook,temp,1950,273.6,,esp32,,0,,,,,,,,,,,,1,375.0,0.0,0.0,0,NONE
2026-09-24T17:42:16.992+00:00,734.963,manual,Manual cook,temp,1950,273.6,,esp32,,0,,,,,,,,,,,,1,375.0,0.0,0.0,0,NONE
2026-09-24T17:42:17.991+00:00,735.961,manual,Manual cook,temp,1950,273.6,,esp32,,0,,,,,,,,,,,,1,375.0,0.0,0.0,0,NONE
2026-09-24T17:42:18.491+00:00,736.461,manual,Manual cook,temp,1950,272.8,,esp32,,0,,,,,,,,,,,,1,375.0,0.0,0.0,0,NONE
2026-09-24T17:42:19.491+00:00,737.461,manual,Manual cook,temp,1950,272.3,,esp32,,0,,,,,,,,,,,,1,375.0,0.0,0.0,0,NONE
2026-09-24T17:42:19.991+00:00,737.962,manual,Manual cook,temp,1950,272.3,,esp32,,0,,,,,,,,,,,,1,375.0,0.0,0.0,0,NONE
2026-09-24T17:42:20.991+00:00,738.961,manual,Manual cook,temp,1950,270.5,,esp32,,0,,,,,,,,,,,,1,375.0,0.0,0.0,0,NONE
2026-09-24T17:42:21.991+00:00,739.961,manual,Manual cook,temp,1950,270.5,,esp32,,0,,,,,,,,,,,,1,375.0,0.0,0.0,0,NONE
2026-09-24T17:42:22.992+00:00,740.963,manual,Manual cook,temp,1950,269.1,,esp32,,0,,,,,,,,,,,,1,375.0,0.0,0.0,0,NONE
2026-09-24T17:42:23.991+00:00,741.961,manual,Manual cook,temp,1950,268.3,,esp32,,0,,,,,,,,,,,,1,375.0,0.0,0.0,0,NONE
2026-09-24T17:42:24.991+00:00,742.961,manual,Manual cook,temp,1950,268.3,,esp32,,0,,,,,,,,,,,,1,375.0,0.0,0.0,0,NONE
2026-09-24T17:42:25.991+00:00,743.961,manual,Manual cook,temp,1950,267.4,,esp32,,0,,,,,,,,,,,,1,375.0,0.0,0.0,0,NONE
2026-09-24T17:42:26.491+00:00,744.461,manual,Manual cook,temp,1950,266.5,,esp32,,0,,,,,,,,,,,,1,375.0,0.0,0.0,0,NONE
2026-09-24T17:42:27.490+00:00,745.461,manual,Manual cook,temp,1950,266.0,,esp32,,0,,,,,,,,,,,,1,375.0,0.0,0.0,0,NONE
2026-09-24T17:42:27.991+00:00,745.961,manual,Manual cook,temp,1950,264.2,,esp32,,0,,,,,,,,,,,,1,375.0,0.0,0.0,0,NONE
2026-09-24T17:42:28.991+00:00,746.961,manual,Manual cook,temp,1950,264.6,,esp32,,0,,,,,,,,,,,,1,375.0,0.0,0.0,0,NONE
2026-09-24T17:42:29.491+00:00,747.461,manual,Manual cook,temp,1950,264.2,,esp32,,0,,,,,,,,,,,,1,375.0,0.0,0.0,0,NONE
2026-09-24T17:42:30.491+00:00,748.461,manual,Manual cook,temp,1950,263.3,,esp32,,0,,,,,,,,,,,,1,375.0,0.0,0.0,0,NONE
2026-09-24T17:42:30.991+00:00,748.961,manual,Manual cook,temp,1950,263.3,,esp32,,0,,,,,,,,,,,,1,375.0,0.0,0.0,0,NONE
2026-09-24T17:42:31.991+00:00,749.961,manual,Manual cook,temp,1950,262.4,,esp32,,0,,,,,,,,,,,,1,375.0,0.0,0.0,0,NONE
2026-09-24T17:42:32.991+00:00,750.961,manual,Manual cook,temp,1950,261.5,,esp32,,0,,,,,,,,,,,,1,375.0,0.0,0.0,0,NONE
2026-09-24T17:42:33.491+00:00,751.461,manual,Manual cook,temp,1950,261.5,,esp32,,0,,,,,,,,,,,,1,375.0,0.0,0.0,0,NONE
2026-09-24T17:42:34.490+00:00,752.461,manual,Manual cook,temp,1950,260.6,,esp32,,0,,,,,,,,,,,,1,375.0,0.0,0.0,0,NONE
2026-09-24T17:42:34.990+00:00,752.961,manual,Manual cook,temp,1950,260.6,,esp32,,0,,,,,,,,,,,,1,375.0,0.0,0.0,0,NONE
2026-09-24T17:42:35.491+00:00,753.461,manual,Manual cook,temp,1950,258.8,,esp32,,0,,,,,,,,,,,,1,375.0,0.0,0.0,0,NONE
2026-09-24T17:42:36.490+00:00,754.461,manual,Manual cook,temp,1950,258.8,,esp32,,0,,,,,,,,,,,,1,375.0,0.0,0.0,0,NONE
2026-09-24T17:42:36.990+00:00,754.961,manual,Manual cook,temp,1950,257.5,,esp32,,0,,,,,,,,,,,,1,375.0,0.0,0.0,0,NONE
2026-09-24T17:42:37.990+00:00,755.961,manual,Manual cook,temp,1950,258.4,,esp32,,0,,,,,,,,,,,,1,375.0,0.0,0.0,0,NONE
2026-09-24T17:42:38.490+00:00,756.461,manual,Manual cook,temp,1950,259.3,,esp32,,0,,,,,,,,,,,,1,375.0,0.0,0.0,0,NONE
2026-09-24T17:42:38.991+00:00,756.961,manual,Manual cook,temp,1950,257.9,,esp32,,0,,,,,,,,,,,,1,375.0,0.0,0.0,0,NONE
2026-09-24T17:42:39.990+00:00,757.961,manual,Manual cook,temp,1950,256.1,,esp32,,0,,,,,,,,,,,,1,375.0,0.0,0.0,0,NONE
2026-09-24T17:42:40.490+00:00,758.461,manual,Manual cook,temp,1950,257.0,,esp32,,0,,,,,,,,,,,,1,375.0,0.0,0.0,0,NONE
2026-09-24T17:42:41.490+00:00,759.461,manual,Manual cook,temp,1950,255.6,,esp32,,0,,,,,,,,,,,,1,375.0,0.0,0.0,0,NONE
2026-09-24T17:42:42.490+00:00,760.461,manual,Manual cook,temp,1950,256.1,,esp32,,0,,,,,,,,,,,,1,375.0,0.0,0.0,0,NONE
2026-09-24T17:42:42.990+00:00,760.961,manual,Manual cook,temp,1950,255.6,,esp32,,0,,,,,,,,,,,,1,375.0,0.0,0.0,0,NONE
2026-09-24T17:42:43.990+00:00,761.961,manual,Manual cook,temp,1950,254.8,,esp32,,0,,,,,,,,,,,,1,375.0,0.0,0.0,0,NONE
2026-09-24T17:42:44.491+00:00,762.462,manual,Manual cook,temp,1950,254.8,,esp32,,0,,,,,,,,,,,,1,375.0,0.0,0.0,0,NONE
2026-09-24T17:42:45.490+00:00,763.461,manual,Manual cook,temp,1950,253.4,,esp32,,0,,,,,,,,,,,,1,375.0,0.0,0.0,0,NONE
2026-09-24T17:42:46.490+00:00,764.461,manual,Manual cook,temp,1950,252.1,,esp32,,0,,,,,,,,,,,,1,375.0,0.0,0.0,0,NONE
2026-09-24T17:42:47.490+00:00,765.461,manual,Manual cook,temp,1950,252.1,,esp32,,0,,,,,,,,,,,,1,375.0,0.0,0.0,0,NONE
2026-09-24T17:42:48.490+00:00,766.461,manual,Manual cook,temp,1950,251.6,,esp32,,0,,,,,,,,,,,,1,375.0,0.0,0.0,0,NONE
2026-09-24T17:42:49.490+00:00,767.461,manual,Manual cook,temp,1950,250.7,,esp32,,0,,,,,,,,,,,,1,375.0,0.0,0.0,0,NONE
2026-09-24T17:42:49.991+00:00,767.961,manual,Manual cook,temp,1950,248.9,,esp32,,0,,,,,,,,,,,,1,375.0,0.0,0.0,0,NONE
2026-09-24T17:42:50.990+00:00,768.961,manual,Manual cook,temp,1950,249.4,,esp32,,0,,,,,,,,,,,,1,375.0,0.0,0.0,0,NONE
2026-09-24T17:42:51.490+00:00,769.461,manual,Manual cook,temp,1950,249.8,,esp32,,0,,,,,,,,,,,,1,375.0,0.0,0.0,0,NONE
2026-09-24T17:42:52.490+00:00,770.461,manual,Manual cook,temp,1950,248.9,,esp32,,0,,,,,,,,,,,,1,375.0,0.0,0.0,0,NONE
2026-09-24T17:42:53.490+00:00,771.460,manual,Manual cook,temp,1950,248.4,,esp32,,0,,,,,,,,,,,,1,375.0,0.0,0.0,0,NONE
2026-09-24T17:42:53.990+00:00,771.961,manual,Manual cook,temp,1950,247.1,,esp32,,0,,,,,,,,,,,,1,375.0,0.0,0.0,0,NONE
2026-09-24T17:42:54.990+00:00,772.961,manual,Manual cook,temp,1950,247.6,,esp32,,0,,,,,,,,,,,,1,375.0,0.0,0.0,0,NONE
2026-09-24T17:42:55.490+00:00,773.461,manual,Manual cook,temp,1950,246.6,,esp32,,0,,,,,,,,,,,,1,375.0,0.0,0.0,0,NONE
2026-09-24T17:42:56.490+00:00,774.460,manual,Manual cook,temp,1950,246.6,,esp32,,0,,,,,,,,,,,,1,375.0,0.0,0.0,0,NONE
2026-09-24T17:42:57.490+00:00,775.461,manual,Manual cook,temp,1950,245.3,,esp32,,0,,,,,,,,,,,,1,375.0,0.0,0.0,0,NONE
2026-09-24T17:42:58.490+00:00,776.461,manual,Manual cook,temp,1950,244.9,,esp32,,0,,,,,,,,,,,,1,375.0,0.0,0.0,0,NONE
2026-09-24T17:42:59.490+00:00,777.461,manual,Manual cook,temp,1950,245.3,,esp32,,0,,,,,,,,,,,,1,375.0,0.0,0.0,0,NONE
2026-09-24T17:43:00.490+00:00,778.461,manual,Manual cook,temp,1950,243.5,,esp32,,0,,,,,,,,,,,,1,375.0,0.0,0.0,0,NONE
2026-09-24T17:43:01.490+00:00,779.460,manual,Manual cook,temp,1950,244.4,,esp32,,0,,,,,,,,,,,,1,375.0,0.0,0.0,0,NONE
2026-09-24T17:43:02.490+00:00,780.460,manual,Manual cook,temp,1950,242.6,,esp32,,0,,,,,,,,,,,,1,375.0,0.0,0.0,0,NONE
2026-09-24T17:43:02.990+00:00,780.960,manual,Manual cook,temp,1950,242.6,,esp32,,0,,,,,,,,,,,,1,375.0,0.0,0.0,0,NONE
2026-09-24T17:43:03.990+00:00,781.960,manual,Manual cook,temp,1950,242.6,,esp32,,0,,,,,,,,,,,,1,375.0,0.0,0.0,0,NONE
2026-09-24T17:43:04.990+00:00,782.960,manual,Manual cook,temp,1950,242.6,,esp32,,0,,,,,,,,,,,,1,375.0,0.0,0.0,0,NONE
2026-09-24T17:43:05.990+00:00,783.961,manual,Manual cook,temp,1950,240.8,,esp32,,0,,,,,,,,,,,,1,375.0,0.0,0.0,0,NONE
2026-09-24T17:43:06.990+00:00,784.960,manual,Manual cook,temp,1950,239.9,,esp32,,0,,,,,,,,,,,,1,375.0,0.0,0.0,0,NONE
2026-09-24T17:43:07.490+00:00,785.460,manual,Manual cook,temp,1950,239.9,,esp32,,0,,,,,,,,,,,,1,375.0,0.0,0.0,0,NONE
2026-09-24T17:43:08.490+00:00,786.460,manual,Manual cook,temp,1950,239.0,,esp32,,0,,,,,,,,,,,,1,375.0,0.0,0.0,0,NONE
2026-09-24T17:43:09.490+00:00,787.460,manual,Manual cook,temp,1950,239.0,,esp32,,0,,,,,,,,,,,,1,375.0,0.0,0.0,0,NONE
2026-09-24T17:43:10.490+00:00,788.460,manual,Manual cook,temp,1950,238.6,,esp32,,0,,,,,,,,,,,,1,375.0,0.0,0.0,0,NONE
2026-09-24T17:43:10.991+00:00,788.961,manual,Manual cook,temp,1950,238.6,,esp32,,0,,,,,,,,,,,,1,375.0,0.0,0.0,0,NONE
2026-09-24T17:43:11.491+00:00,789.461,manual,Manual cook,temp,1950,237.2,,esp32,,0,,,,,,,,,,,,1,375.0,0.0,0.0,0,NONE
2026-09-24T17:43:12.490+00:00,790.460,manual,Manual cook,temp,1950,236.3,,esp32,,0,,,,,,,,,,,,1,375.0,0.0,0.0,0,NONE
2026-09-24T17:43:13.489+00:00,791.460,manual,Manual cook,temp,1950,236.3,,esp32,,0,,,,,,,,,,,,1,375.0,0.0,0.0,0,NONE
2026-09-24T17:43:13.989+00:00,791.960,manual,Manual cook,temp,1950,235.9,,esp32,,0,,,,,,,,,,,,1,375.0,0.0,0.0,0,NONE
2026-09-24T17:43:14.990+00:00,792.960,manual,Manual cook,temp,1950,234.5,,esp32,,0,,,,,,,,,,,,1,375.0,0.0,0.0,0,NONE
2026-09-24T17:43:15.990+00:00,793.960,manual,Manual cook,temp,1950,234.9,,esp32,,0,,,,,,,,,,,,1,375.0,0.0,0.0,0,NONE
2026-09-24T17:43:16.490+00:00,794.461,manual,Manual cook,temp,1950,233.6,,esp32,,0,,,,,,,,,,,,1,375.0,0.0,0.0,0,NONE
2026-09-24T17:43:17.490+00:00,795.460,manual,Manual cook,temp,1950,232.7,,esp32,,0,,,,,,,,,,,,1,375.0,0.0,0.0,0,NONE
2026-09-24T17:43:18.489+00:00,796.460,manual,Manual cook,temp,1950,233.1,,esp32,,0,,,,,,,,,,,,1,375.0,0.0,0.0,0,NONE
2026-09-24T17:43:18.989+00:00,796.960,manual,Manual cook,temp,1950,233.1,,esp32,,0,,,,,,,,,,,,1,375.0,0.0,0.0,0,NONE
2026-09-24T17:43:19.489+00:00,797.460,manual,Manual cook,temp,1950,232.7,,esp32,,0,,,,,,,,,,,,1,375.0,0.0,0.0,0,NONE
2026-09-24T17:43:20.489+00:00,798.460,manual,Manual cook,temp,1950,231.4,,esp32,,0,,,,,,,,,,,,1,375.0,0.0,0.0,0,NONE
2026-09-24T17:43:21.489+00:00,799.460,manual,Manual cook,temp,1950,232.3,,esp32,,0,,,,,,,,,,,,1,375.0,0.0,0.0,0,NONE
2026-09-24T17:43:21.989+00:00,799.960,manual,Manual cook,temp,1950,231.4,,esp32,,0,,,,,,,,,,,,1,375.0,0.0,0.0,0,NONE
2026-09-24T17:43:22.989+00:00,800.960,manual,Manual cook,temp,1950,232.3,,esp32,,0,,,,,,,,,,,,1,375.0,0.0,0.0,0,NONE
2026-09-24T17:43:23.489+00:00,801.460,manual,Manual cook,temp,1950,229.6,,esp32,,0,,,,,,,,,,,,1,375.0,0.0,0.0,0,NONE
2026-09-24T17:43:24.489+00:00,802.460,manual,Manual cook,temp,1950,231.4,,esp32,,0,,,,,,,,,,,,1,375.0,0.0,0.0,0,NONE
2026-09-24T17:43:25.489+00:00,803.460,manual,Manual cook,temp,1950,230.0,,esp32,,0,,,,,,,,,,,,1,375.0,0.0,0.0,0,NONE
2026-09-24T17:43:26.489+00:00,804.459,manual,Manual cook,temp,1950,228.6,,esp32,,0,,,,,,,,,,,,1,375.0,0.0,0.0,0,NONE
2026-09-24T17:43:27.490+00:00,805.460,manual,Manual cook,temp,1950,227.8,,esp32,,0,,,,,,,,,,,,1,375.0,0.0,0.0,0,NONE
2026-09-24T17:43:28.489+00:00,806.459,manual,Manual cook,temp,1950,228.6,,esp32,,0,,,,,,,,,,,,1,375.0,0.0,0.0,0,NONE
2026-09-24T17:43:29.489+00:00,807.459,manual,Manual cook,temp,1950,225.9,,esp32,,0,,,,,,,,,,,,1,375.0,0.0,0.0,0,NONE
2026-09-24T17:43:30.489+00:00,808.459,manual,Manual cook,temp,1950,226.9,,esp32,,0,,,,,,,,,,,,1,375.0,0.0,0.0,0,NONE
2026-09-24T17:43:31.489+00:00,809.459,manual,Manual cook,temp,1950,226.4,,esp32,,0,,,,,,,,,,,,1,375.0,0.0,0.0,0,NONE
2026-09-24T17:43:32.489+00:00,810.459,manual,Manual cook,temp,1950,226.4,,esp32,,0,,,,,,,,,,,,1,375.0,0.0,0.0,0,NONE
2026-09-24T17:43:32.989+00:00,810.959,manual,Manual cook,temp,1950,225.1,,esp32,,0,,,,,,,,,,,,1,375.0,0.0,0.0,0,NONE
2026-09-24T17:43:33.489+00:00,811.460,manual,Manual cook,temp,1950,225.1,,esp32,,0,,,,,,,,,,,,1,375.0,0.0,0.0,0,NONE
2026-09-24T17:43:34.488+00:00,812.459,manual,Manual cook,temp,1950,223.3,,esp32,,0,,,,,,,,,,,,1,375.0,0.0,0.0,0,NONE
2026-09-24T17:43:34.989+00:00,812.959,manual,Manual cook,temp,1950,223.3,,esp32,,0,,,,,,,,,,,,1,375.0,0.0,0.0,0,NONE
2026-09-24T17:43:35.989+00:00,813.959,manual,Manual cook,temp,1950,222.8,,esp32,,0,,,,,,,,,,,,1,375.0,0.0,0.0,0,NONE
2026-09-24T17:43:36.489+00:00,814.459,manual,Manual cook,temp,1950,222.8,,esp32,,0,,,,,,,,,,,,1,375.0,0.0,0.0,0,NONE
2026-09-24T17:43:37.489+00:00,815.459,manual,Manual cook,temp,1950,221.9,,esp32,,0,,,,,,,,,,,,1,375.0,0.0,0.0,0,NONE
2026-09-24T17:43:38.489+00:00,816.459,manual,Manual cook,temp,1950,222.8,,esp32,,0,,,,,,,,,,,,1,375.0,0.0,0.0,0,NONE
2026-09-24T17:43:38.989+00:00,816.959,manual,Manual cook,temp,1950,221.4,,esp32,,0,,,,,,,,,,,,1,375.0,0.0,0.0,0,NONE
2026-09-24T17:43:39.988+00:00,817.959,manual,Manual cook,temp,1950,219.6,,esp32,,0,,,,,,,,,,,,1,375.0,0.0,0.0,0,NONE
2026-09-24T17:43:40.488+00:00,818.459,manual,Manual cook,temp,1950,221.4,,esp32,,0,,,,,,,,,,,,1,375.0,0.0,0.0,0,NONE
2026-09-24T17:43:41.488+00:00,819.459,manual,Manual cook,temp,1950,221.0,,esp32,,0,,,,,,,,,,,,1,375.0,0.0,0.0,0,NONE
2026-09-24T17:43:42.488+00:00,820.459,manual,Manual cook,temp,1950,220.1,,esp32,,0,,,,,,,,,,,,1,375.0,0.0,0.0,0,NONE
2026-09-24T17:43:43.488+00:00,821.459,manual,Manual cook,temp,1950,220.6,,esp32,,0,,,,,,,,,,,,1,375.0,0.0,0.0,0,NONE
2026-09-24T17:43:44.488+00:00,822.459,manual,Manual cook,temp,1950,219.6,,esp32,,0,,,,,,,,,,,,1,375.0,0.0,0.0,0,NONE
2026-09-24T17:43:44.988+00:00,822.959,manual,Manual cook,temp,1950,218.3,,esp32,,0,,,,,,,,,,,,1,375.0,0.0,0.0,0,NONE
2026-09-24T17:43:45.988+00:00,823.959,manual,Manual cook,temp,1950,217.9,,esp32,,0,,,,,,,,,,,,1,375.0,0.0,0.0,0,NONE
2026-09-24T17:43:46.988+00:00,824.958,manual,Manual cook,temp,1950,218.3,,esp32,,0,,,,,,,,,,,,1,375.0,0.0,0.0,0,NONE
2026-09-24T17:43:47.488+00:00,825.459,manual,Manual cook,temp,1950,218.3,,esp32,,0,,,,,,,,,,,,1,375.0,0.0,0.0,0,NONE
2026-09-24T17:43:48.488+00:00,826.459,manual,Manual cook,temp,1950,216.9,,esp32,,0,,,,,,,,,,,,1,375.0,0.0,0.0,0,NONE
2026-09-24T17:43:48.988+00:00,826.959,manual,Manual cook,temp,1950,216.9,,esp32,,0,,,,,,,,,,,,1,375.0,0.0,0.0,0,NONE
2026-09-24T17:43:49.488+00:00,827.459,manual,Manual cook,temp,1950,216.9,,esp32,,0,,,,,,,,,,,,1,375.0,0.0,0.0,0,NONE
2026-09-24T17:43:50.488+00:00,828.458,manual,Manual cook,temp,1950,216.9,,esp32,,0,,,,,,,,,,,,1,375.0,0.0,0.0,0,NONE
2026-09-24T17:43:51.488+00:00,829.458,manual,Manual cook,temp,1950,215.6,,esp32,,0,,,,,,,,,,,,1,375.0,0.0,0.0,0,NONE
2026-09-24T17:43:51.988+00:00,829.958,manual,Manual cook,temp,1950,216.1,,esp32,,0,,,,,,,,,,,,1,375.0,0.0,0.0,0,NONE
2026-09-24T17:43:52.988+00:00,830.958,manual,Manual cook,temp,1950,216.1,,esp32,,0,,,,,,,,,,,,1,375.0,0.0,0.0,0,NONE
2026-09-24T17:43:53.488+00:00,831.459,manual,Manual cook,temp,1950,215.1,,esp32,,0,,,,,,,,,,,,1,375.0,0.0,0.0,0,NONE
2026-09-24T17:43:54.488+00:00,832.458,manual,Manual cook,temp,1950,214.7,,esp32,,0,,,,,,,,,,,,1,375.0,0.0,0.0,0,NONE
2026-09-24T17:43:54.989+00:00,832.959,manual,Manual cook,temp,1950,215.1,,esp32,,0,,,,,,,,,,,,1,375.0,0.0,0.0,0,NONE
2026-09-24T17:43:55.988+00:00,833.958,manual,Manual cook,temp,1950,213.8,,esp32,,0,,,,,,,,,,,,1,375.0,0.0,0.0,0,NONE
2026-09-24T17:43:56.488+00:00,834.458,manual,Manual cook,temp,1950,214.3,,esp32,,0,,,,,,,,,,,,1,375.0,0.0,0.0,0,NONE
2026-09-24T17:43:56.988+00:00,834.958,manual,Manual cook,temp,1950,212.9,,esp32,,0,,,,,,,,,,,,1,375.0,0.0,0.0,0,NONE
2026-09-24T17:43:57.988+00:00,835.958,manual,Manual cook,temp,1950,212.9,,esp32,,0,,,,,,,,,,,,1,375.0,0.0,0.0,0,NONE
2026-09-24T17:43:58.987+00:00,836.958,manual,Manual cook,temp,1950,212.0,,esp32,,0,,,,,,,,,,,,1,375.0,0.0,0.0,0,NONE
2026-09-24T17:43:59.488+00:00,837.458,manual,Manual cook,temp,1950,212.0,,esp32,,0,,,,,,,,,,,,1,375.0,0.0,0.0,0,NONE
2026-09-24T17:44:00.488+00:00,838.458,manual,Manual cook,temp,1950,212.4,,esp32,,0,,,,,,,,,,,,1,375.0,0.0,0.0,0,NONE
2026-09-24T17:44:01.487+00:00,839.458,manual,Manual cook,temp,1950,212.0,,esp32,,0,,,,,,,,,,,,1,375.0,0.0,0.0,0,NONE
2026-09-24T17:44:02.487+00:00,840.458,manual,Manual cook,temp,1950,211.6,,esp32,,0,,,,,,,,,,,,1,375.0,0.0,0.0,0,NONE
2026-09-24T17:44:03.488+00:00,841.458,manual,Manual cook,temp,1950,210.2,,esp32,,0,,,,,,,,,,,,1,375.0,0.0,0.0,0,NONE
2026-09-24T17:44:03.988+00:00,841.958,manual,Manual cook,temp,1950,210.2,,esp32,,0,,,,,,,,,,,,1,375.0,0.0,0.0,0,NONE
2026-09-24T17:44:04.987+00:00,842.958,manual,Manual cook,temp,1950,211.6,,esp32,,0,,,,,,,,,,,,1,375.0,0.0,0.0,0,NONE
2026-09-24T17:44:05.489+00:00,843.459,manual,Manual cook,temp,1950,210.6,,esp32,,0,,,,,,,,,,,,1,375.0,0.0,0.0,0,NONE
2026-09-24T17:44:06.487+00:00,844.458,manual,Manual cook,temp,1950,211.1,,esp32,,0,,,,,,,,,,,,1,375.0,0.0,0.0,0,NONE
2026-09-24T17:44:07.487+00:00,845.458,manual,Manual cook,temp,1950,209.3,,esp32,,0,,,,,,,,,,,,1,375.0,0.0,0.0,0,NONE
2026-09-24T17:44:08.487+00:00,846.458,manual,Manual cook,temp,1950,207.1,,esp32,,0,,,,,,,,,,,,1,375.0,0.0,0.0,0,NONE
2026-09-24T17:44:09.487+00:00,847.457,manual,Manual cook,temp,1950,209.3,,esp32,,0,,,,,,,,,,,,1,375.0,0.0,0.0,0,NONE
2026-09-24T17:44:10.487+00:00,848.458,manual,Manual cook,temp,1950,207.9,,esp32,,0,,,,,,,,,,,,1,375.0,0.0,0.0,0,NONE
2026-09-24T17:44:10.988+00:00,848.958,manual,Manual cook,temp,1950,208.9,,esp32,,0,,,,,,,,,,,,1,375.0,0.0,0.0,0,NONE
2026-09-24T17:44:11.987+00:00,849.957,manual,Manual cook,temp,1950,208.9,,esp32,,0,,,,,,,,,,,,1,375.0,0.0,0.0,0,NONE
2026-09-24T17:44:12.487+00:00,850.457,manual,Manual cook,temp,1950,208.9,,esp32,,0,,,,,,,,,,,,1,375.0,0.0,0.0,0,NONE
2026-09-24T17:44:12.987+00:00,850.957,manual,Manual cook,temp,1950,208.9,,esp32,,0,,,,,,,,,,,,1,375.0,0.0,0.0,0,NONE
2026-09-24T17:44:13.487+00:00,851.458,manual,Manual cook,temp,1950,206.6,,esp32,,0,,,,,,,,,,,,1,375.0,0.0,0.0,0,NONE
2026-09-24T17:44:14.487+00:00,852.457,manual,Manual cook,temp,1950,208.4,,esp32,,0,,,,,,,,,,,,1,375.0,0.0,0.0,0,NONE
2026-09-24T17:44:15.487+00:00,853.457,manual,Manual cook,temp,1950,206.6,,esp32,,0,,,,,,,,,,,,1,375.0,0.0,0.0,0,NONE
2026-09-24T17:44:16.487+00:00,854.457,manual,Manual cook,temp,1950,205.7,,esp32,,0,,,,,,,,,,,,1,375.0,0.0,0.0,0,NONE
2026-09-24T17:44:16.987+00:00,854.958,manual,Manual cook,temp,1950,207.5,,esp32,,0,,,,,,,,,,,,1,375.0,0.0,0.0,0,NONE
2026-09-24T17:44:17.987+00:00,855.957,manual,Manual cook,temp,1950,205.3,,esp32,,0,,,,,,,,,,,,1,375.0,0.0,0.0,0,NONE
2026-09-24T17:44:18.487+00:00,856.457,manual,Manual cook,temp,1950,205.3,,esp32,,0,,,,,,,,,,,,1,375.0,0.0,0.0,0,NONE
2026-09-24T17:44:19.487+00:00,857.457,manual,Manual cook,temp,1950,203.9,,esp32,,0,,,,,,,,,,,,1,375.0,0.0,0.0,0,NONE
2026-09-24T17:44:20.487+00:00,858.457,manual,Manual cook,temp,1950,205.3,,esp32,,0,,,,,,,,,,,,0,375.0,0.0,0.0,0,NONE
2026-09-24T17:44:21.487+00:00,859.457,manual,Manual cook,temp,1950,203.4,,esp32,,0,,,,,,,,,,,,1,375.0,0.0,0.0,0,NONE
2026-09-24T17:44:22.487+00:00,860.458,manual,Manual cook,temp,1950,203.0,,esp32,,0,,,,,,,,,,,,1,375.0,0.0,0.0,0,NONE
2026-09-24T17:44:23.486+00:00,861.457,manual,Manual cook,temp,1950,205.3,,esp32,,0,,,,,,,,,,,,1,375.0,0.0,0.0,0,NONE
2026-09-24T17:44:24.486+00:00,862.457,manual,Manual cook,temp,1950,204.4,,esp32,,0,,,,,,,,,,,,0,375.0,0.0,0.0,0,NONE
2026-09-24T17:44:25.486+00:00,863.457,manual,Manual cook,temp,1950,203.4,,esp32,,0,,,,,,,,,,,,0,375.0,0.0,0.0,0,NONE
2026-09-24T17:44:26.486+00:00,864.457,manual,Manual cook,temp,1950,203.4,,esp32,,0,,,,,,,,,,,,0,375.0,0.0,0.0,0,NONE
2026-09-24T17:44:27.486+00:00,865.457,manual,Manual cook,temp,1950,203.4,,esp32,,0,,,,,,,,,,,,0,375.0,0.0,0.0,0,NONE
2026-09-24T17:44:27.986+00:00,865.957,manual,Manual cook,temp,1950,202.6,,esp32,,0,,,,,,,,,,,,0,375.0,0.0,0.0,0,NONE
2026-09-24T17:44:28.986+00:00,866.957,manual,Manual cook,temp,1950,203.0,,esp32,,0,,,,,,,,,,,,0,375.0,0.0,0.0,0,NONE
2026-09-24T17:44:29.487+00:00,867.457,manual,Manual cook,temp,1950,201.6,,esp32,,0,,,,,,,,,,,,1,375.0,0.0,0.0,0,NONE
2026-09-24T17:44:30.486+00:00,868.457,manual,Manual cook,temp,1950,201.2,,esp32,,0,,,,,,,,,,,,1,375.0,0.0,0.0,0,NONE
2026-09-24T17:44:31.486+00:00,869.457,manual,Manual cook,temp,1950,201.6,,esp32,,0,,,,,,,,,,,,1,375.0,0.0,0.0,0,NONE
2026-09-24T17:44:32.486+00:00,870.457,manual,Manual cook,temp,1950,201.6,,esp32,,0,,,,,,,,,,,,1,375.0,0.0,0.0,0,NONE
2026-09-24T17:44:32.987+00:00,870.957,manual,Manual cook,temp,1950,200.3,,esp32,,0,,,,,,,,,,,,1,375.0,0.0,0.0,0,NONE
2026-09-24T17:44:33.986+00:00,871.956,manual,Manual cook,temp,1950,200.3,,esp32,,0,,,,,,,,,,,,1,375.0,0.0,0.0,0,NONE
2026-09-24T17:44:34.486+00:00,872.457,manual,Manual cook,temp,1950,201.2,,esp32,,0,,,,,,,,,,,,1,375.0,0.0,0.0,0,NONE
2026-09-24T17:44:35.486+00:00,873.457,manual,Manual cook,temp,1950,198.9,,esp32,,0,,,,,,,,,,,,1,375.0,0.0,0.0,0,NONE
2026-09-24T17:44:36.486+00:00,874.456,manual,Manual cook,temp,1950,198.9,,esp32,,0,,,,,,,,,,,,1,375.0,0.0,0.0,0,NONE
2026-09-24T17:44:37.486+00:00,875.456,manual,Manual cook,temp,1950,198.9,,esp32,,0,,,,,,,,,,,,1,375.0,0.0,0.0,0,NONE
2026-09-24T17:44:37.986+00:00,875.956,manual,Manual cook,temp,1950,198.9,,esp32,,0,,,,,,,,,,,,1,375.0,0.0,0.0,0,NONE
2026-09-24T17:44:38.987+00:00,876.957,manual,Manual cook,temp,1950,197.6,,esp32,,0,,,,,,,,,,,,1,375.0,0.0,0.0,0,NONE
2026-09-24T17:44:39.986+00:00,877.956,manual,Manual cook,temp,1950,197.1,,esp32,,0,,,,,,,,,,,,1,375.0,0.0,0.0,0,NONE
2026-09-24T17:44:40.486+00:00,878.456,manual,Manual cook,temp,1950,197.6,,esp32,,0,,,,,,,,,,,,1,375.0,0.0,0.0,0,NONE
2026-09-24T17:44:41.486+00:00,879.456,manual,Manual cook,temp,1950,196.3,,esp32,,0,,,,,,,,,,,,1,375.0,0.0,0.0,0,NONE
2026-09-24T17:44:42.486+00:00,880.456,manual,Manual cook,temp,1950,195.8,,esp32,,0,,,,,,,,,,,,0,375.0,0.0,0.0,0,NONE
2026-09-24T17:44:43.486+00:00,881.456,manual,Manual cook,temp,1950,195.8,,esp32,,0,,,,,,,,,,,,0,375.0,0.0,0.0,0,NONE
2026-09-24T17:44:44.486+00:00,882.457,manual,Manual cook,temp,1950,196.7,,esp32,,0,,,,,,,,,,,,0,375.0,0.0,0.0,0,NONE
2026-09-24T17:44:45.486+00:00,883.456,manual,Manual cook,temp,1950,194.9,,esp32,,0,,,,,,,,,,,,0,375.0,0.0,0.0,0,NONE
2026-09-24T17:44:46.485+00:00,884.456,manual,Manual cook,temp,1950,194.9,,esp32,,0,,,,,,,,,,,,0,375.0,0.0,0.0,0,NONE
2026-09-24T17:44:47.486+00:00,885.456,manual,Manual cook,temp,1950,193.6,,esp32,,0,,,,,,,,,,,,0,375.0,0.0,0.0,0,NONE
2026-09-24T17:44:48.486+00:00,886.456,manual,Manual cook,temp,1950,193.6,,esp32,,0,,,,,,,,,,,,0,375.0,0.0,0.0,0,NONE
2026-09-24T17:44:49.486+00:00,887.456,manual,Manual cook,temp,1950,192.6,,esp32,,0,,,,,,,,,,,,0,375.0,0.0,0.0,0,NONE
2026-09-24T17:44:49.988+00:00,887.958,manual,Manual cook,temp,1950,192.6,,esp32,,0,,,,,,,,,,,,0,375.0,0.0,0.0,0,NONE
2026-09-24T17:44:50.985+00:00,888.956,manual,Manual cook,temp,1950,192.2,,esp32,,0,,,,,,,,,,,,0,375.0,0.0,0.0,0,NONE
2026-09-24T17:44:51.489+00:00,889.459,manual,Manual cook,temp,1950,191.8,,esp32,,0,,,,,,,,,,,,0,375.0,0.0,0.0,0,NONE
2026-09-24T17:44:52.485+00:00,890.456,manual,Manual cook,temp,1950,192.6,,esp32,,0,,,,,,,,,,,,0,375.0,0.0,0.0,0,NONE
2026-09-24T17:44:53.485+00:00,891.456,manual,Manual cook,temp,1950,191.8,,esp32,,0,,,,,,,,,,,,0,375.0,0.0,0.0,0,NONE
2026-09-24T17:44:54.486+00:00,892.456,manual,Manual cook,temp,1950,192.2,,esp32,,0,,,,,,,,,,,,0,375.0,0.0,0.0,0,NONE
2026-09-24T17:44:55.485+00:00,893.456,manual,Manual cook,temp,1950,190.4,,esp32,,0,,,,,,,,,,,,0,375.0,0.0,0.0,0,NONE
2026-09-24T17:44:55.987+00:00,893.957,manual,Manual cook,temp,1950,189.9,,esp32,,0,,,,,,,,,,,,0,375.0,0.0,0.0,0,NONE
2026-09-24T17:44:56.985+00:00,894.956,manual,Manual cook,temp,1950,190.4,,esp32,,0,,,,,,,,,,,,0,375.0,0.0,0.0,0,NONE
2026-09-24T17:44:57.488+00:00,895.459,manual,Manual cook,temp,1950,189.9,,esp32,,0,,,,,,,,,,,,0,375.0,0.0,0.0,0,NONE
2026-09-24T17:44:58.485+00:00,896.456,manual,Manual cook,temp,1950,189.5,,esp32,,0,,,,,,,,,,,,0,375.0,0.0,0.0,0,NONE
2026-09-24T17:44:59.485+00:00,897.455,manual,Manual cook,temp,1950,189.5,,esp32,,0,,,,,,,,,,,,0,375.0,0.0,0.0,0,NONE
2026-09-24T17:44:59.985+00:00,897.956,manual,Manual cook,temp,1950,189.9,,esp32,,0,,,,,,,,,,,,0,375.0,0.0,0.0,0,NONE
2026-09-24T17:45:00.486+00:00,898.457,manual,Manual cook,temp,1950,189.1,,esp32,,0,,,,,,,,,,,,0,375.0,0.0,0.0,0,NONE
2026-09-24T17:45:01.485+00:00,899.455,manual,Manual cook,temp,1950,189.1,,esp32,,0,,,,,,,,,,,,0,375.0,0.0,0.0,0,NONE
2026-09-24T17:45:02.485+00:00,900.456,manual,Manual cook,temp,1950,189.9,,esp32,,0,,,,,,,,,,,,0,375.0,0.0,0.0,0,NONE
2026-09-24T17:45:03.485+00:00,901.456,manual,Manual cook,temp,1950,190.4,,esp32,,0,,,,,,,,,,,,0,375.0,0.0,0.0,0,NONE
2026-09-24T17:45:04.485+00:00,902.456,manual,Manual cook,temp,1950,187.3,,esp32,,0,,,,,,,,,,,,0,375.0,0.0,0.0,0,NONE
2026-09-24T17:45:05.485+00:00,903.456,manual,Manual cook,temp,1950,188.1,,esp32,,0,,,,,,,,,,,,0,375.0,0.0,0.0,0,NONE
2026-09-24T17:45:06.485+00:00,904.455,manual,Manual cook,temp,1950,187.3,,esp32,,0,,,,,,,,,,,,0,375.0,0.0,0.0,0,NONE
2026-09-24T17:45:06.985+00:00,904.955,manual,Manual cook,temp,1950,188.6,,esp32,,0,,,,,,,,,,,,0,375.0,0.0,0.0,0,NONE
2026-09-24T17:45:07.985+00:00,905.955,manual,Manual cook,temp,1950,188.6,,esp32,,0,,,,,,,,,,,,0,375.0,0.0,0.0,0,NONE
2026-09-24T17:45:08.485+00:00,906.455,manual,Manual cook,temp,1950,187.7,,esp32,,0,,,,,,,,,,,,0,375.0,0.0,0.0,0,NONE
2026-09-24T17:45:09.485+00:00,907.455,manual,Manual cook,temp,1950,188.1,,esp32,,0,,,,,,,,,,,,0,375.0,0.0,0.0,0,NONE
2026-09-24T17:45:10.484+00:00,908.455,manual,Manual cook,temp,1950,187.3,,esp32,,0,,,,,,,,,,,,0,375.0,0.0,0.0,0,NONE
2026-09-24T17:45:10.985+00:00,908.956,manual,Manual cook,temp,1950,185.9,,esp32,,0,,,,,,,,,,,,0,375.0,0.0,0.0,0,NONE
2026-09-24T17:45:11.984+00:00,909.955,manual,Manual cook,temp,1950,185.4,,esp32,,0,,,,,,,,,,,,0,375.0,0.0,0.0,0,NONE
2026-09-24T17:45:12.985+00:00,910.955,manual,Manual cook,temp,1950,187.3,,esp32,,0,,,,,,,,,,,,0,375.0,0.0,0.0,0,NONE
2026-09-24T17:45:13.985+00:00,911.955,manual,Manual cook,temp,1950,185.4,,esp32,,0,,,,,,,,,,,,0,375.0,0.0,0.0,0,NONE
2026-09-24T17:45:14.984+00:00,912.955,manual,Manual cook,temp,1950,186.4,,esp32,,0,,,,,,,,,,,,0,375.0,0.0,0.0,0,NONE
2026-09-24T17:45:15.485+00:00,913.455,manual,Manual cook,temp,1950,185.4,,esp32,,0,,,,,,,,,,,,0,375.0,0.0,0.0,0,NONE
2026-09-24T17:45:16.484+00:00,914.455,manual,Manual cook,temp,1950,185.4,,esp32,,0,,,,,,,,,,,,0,375.0,0.0,0.0,0,NONE
2026-09-24T17:45:17.484+00:00,915.455,manual,Manual cook,temp,1950,184.6,,esp32,,0,,,,,,,,,,,,0,375.0,0.0,0.0,0,NONE
2026-09-24T17:45:18.484+00:00,916.455,manual,Manual cook,temp,1950,184.1,,esp32,,0,,,,,,,,,,,,0,375.0,0.0,0.0,0,NONE
2026-09-24T17:45:19.484+00:00,917.455,manual,Manual cook,temp,1950,185.0,,esp32,,0,,,,,,,,,,,,0,375.0,0.0,0.0,0,NONE
2026-09-24T17:45:20.484+00:00,918.455,manual,Manual cook,temp,1950,184.1,,esp32,,0,,,,,,,,,,,,0,375.0,0.0,0.0,0,NONE
2026-09-24T17:45:20.984+00:00,918.955,manual,Manual cook,temp,1950,183.6,,esp32,,0,,,,,,,,,,,,0,375.0,0.0,0.0,0,NONE
2026-09-24T17:45:21.487+00:00,919.457,manual,Manual cook,temp,1950,183.6,,esp32,,0,,,,,,,,,,,,0,375.0,0.0,0.0,0,NONE
2026-09-24T17:45:22.484+00:00,920.455,manual,Manual cook,temp,1950,184.1,,esp32,,0,,,,,,,,,,,,0,375.0,0.0,0.0,0,NONE
2026-09-24T17:45:23.484+00:00,921.454,manual,Manual cook,temp,1950,182.8,,esp32,,0,,,,,,,,,,,,0,375.0,0.0,0.0,0,NONE
2026-09-24T17:45:24.484+00:00,922.454,manual,Manual cook,temp,1950,183.2,,esp32,,0,,,,,,,,,,,,0,375.0,0.0,0.0,0,NONE
2026-09-24T17:45:24.984+00:00,922.955,manual,Manual cook,temp,1950,183.6,,esp32,,0,,,,,,,,,,,,0,375.0,0.0,0.0,0,NONE
2026-09-24T17:45:25.984+00:00,923.954,manual,Manual cook,temp,1950,182.3,,esp32,,0,,,,,,,,,,,,0,375.0,0.0,0.0,0,NONE
2026-09-24T17:45:26.484+00:00,924.455,manual,Manual cook,temp,1950,182.3,,esp32,,0,,,,,,,,,,,,0,375.0,0.0,0.0,0,NONE
2026-09-24T17:45:26.984+00:00,924.955,manual,Manual cook,temp,1950,182.3,,esp32,,0,,,,,,,,,,,,0,375.0,0.0,0.0,0,NONE
2026-09-24T17:45:27.984+00:00,925.954,manual,Manual cook,temp,1950,181.4,,esp32,,0,,,,,,,,,,,,0,375.0,0.0,0.0,0,NONE
2026-09-24T17:45:28.484+00:00,926.455,manual,Manual cook,temp,1950,181.4,,esp32,,0,,,,,,,,,,,,0,375.0,0.0,0.0,0,NONE
2026-09-24T17:45:29.485+00:00,927.455,manual,Manual cook,temp,1950,180.9,,esp32,,0,,,,,,,,,,,,0,375.0,0.0,0.0,0,NONE
2026-09-24T17:45:30.484+00:00,928.454,manual,Manual cook,temp,1950,181.4,,esp32,,0,,,,,,,,,,,,0,375.0,0.0,0.0,0,NONE
2026-09-24T17:45:30.984+00:00,928.954,manual,Manual cook,temp,1950,179.6,,esp32,,0,,,,,,,,,,,,0,375.0,0.0,0.0,0,NONE
2026-09-24T17:45:31.484+00:00,929.454,manual,Manual cook,temp,1950,180.5,,esp32,,0,,,,,,,,,,,,0,375.0,0.0,0.0,0,NONE
2026-09-24T17:45:32.485+00:00,930.455,manual,Manual cook,temp,1950,181.4,,esp32,,0,,,,,,,,,,,,0,375.0,0.0,0.0,0,NONE
2026-09-24T17:45:33.484+00:00,931.454,manual,Manual cook,temp,1950,179.6,,esp32,,0,,,,,,,,,,,,0,375.0,0.0,0.0,0,NONE
2026-09-24T17:45:34.484+00:00,932.454,manual,Manual cook,temp,1950,179.6,,esp32,,0,,,,,,,,,,,,0,375.0,0.0,0.0,0,NONE
2026-09-24T17:45:35.484+00:00,933.454,manual,Manual cook,temp,1950,178.3,,esp32,,0,,,,,,,,,,,,0,375.0,0.0,0.0,0,NONE
2026-09-24T17:45:36.484+00:00,934.454,manual,Manual cook,temp,1950,178.3,,esp32,,0,,,,,,,,,,,,0,375.0,0.0,0.0,0,NONE
2026-09-24T17:45:37.484+00:00,935.454,manual,Manual cook,temp,1950,177.8,,esp32,,0,,,,,,,,,,,,0,375.0,0.0,0.0,0,NONE
2026-09-24T17:45:38.484+00:00,936.454,manual,Manual cook,temp,1950,177.4,,esp32,,0,,,,,,,,,,,,0,375.0,0.0,0.0,0,NONE
2026-09-24T17:45:39.483+00:00,937.454,manual,Manual cook,temp,1950,176.0,,esp32,,0,,,,,,,,,,,,0,375.0,0.0,0.0,0,NONE
2026-09-24T17:45:39.984+00:00,937.954,manual,Manual cook,temp,1950,176.9,,esp32,,0,,,,,,,,,,,,0,375.0,0.0,0.0,0,NONE
2026-09-24T17:45:40.984+00:00,938.954,manual,Manual cook,temp,1950,176.0,,esp32,,0,,,,,,,,,,,,0,375.0,0.0,0.0,0,NONE
2026-09-24T17:45:41.983+00:00,939.954,manual,Manual cook,temp,1950,176.4,,esp32,,0,,,,,,,,,,,,0,375.0,0.0,0.0,0,NONE
2026-09-24T17:45:42.984+00:00,940.955,manual,Manual cook,temp,1950,176.4,,esp32,,0,,,,,,,,,,,,0,375.0,0.0,0.0,0,NONE
2026-09-24T17:45:43.983+00:00,941.954,manual,Manual cook,temp,1950,175.6,,esp32,,0,,,,,,,,,,,,0,375.0,0.0,0.0,0,NONE
2026-09-24T17:45:44.983+00:00,942.954,manual,Manual cook,temp,1950,175.1,,esp32,,0,,,,,,,,,,,,0,375.0,0.0,0.0,0,NONE
2026-09-24T17:45:45.483+00:00,943.454,manual,Manual cook,temp,1950,175.6,,esp32,,0,,,,,,,,,,,,0,375.0,0.0,0.0,0,NONE
2026-09-24T17:45:46.483+00:00,944.454,manual,Manual cook,temp,1950,175.6,,esp32,,0,,,,,,,,,,,,0,375.0,0.0,0.0,0,NONE
2026-09-24T17:45:47.483+00:00,945.454,manual,Manual cook,temp,1950,176.0,,esp32,,0,,,,,,,,,,,,0,375.0,0.0,0.0,0,NONE
2026-09-24T17:45:48.484+00:00,946.454,manual,Manual cook,temp,1950,175.1,,esp32,,0,,,,,,,,,,,,0,375.0,0.0,0.0,0,NONE
2026-09-24T17:45:49.483+00:00,947.454,manual,Manual cook,temp,1950,175.1,,esp32,,0,,,,,,,,,,,,0,375.0,0.0,0.0,0,NONE
2026-09-24T17:45:50.483+00:00,948.454,manual,Manual cook,temp,1950,174.6,,esp32,,0,,,,,,,,,,,,0,375.0,0.0,0.0,0,NONE
2026-09-24T17:45:51.483+00:00,949.454,manual,Manual cook,temp,1950,175.1,,esp32,,0,,,,,,,,,,,,0,375.0,0.0,0.0,0,NONE
2026-09-24T17:45:52.484+00:00,950.454,manual,Manual cook,temp,1950,173.8,,esp32,,0,,,,,,,,,,,,0,375.0,0.0,0.0,0,NONE
2026-09-24T17:45:53.483+00:00,951.453,manual,Manual cook,temp,1950,174.2,,esp32,,0,,,,,,,,,,,,0,375.0,0.0,0.0,0,NONE
2026-09-24T17:45:53.983+00:00,951.954,manual,Manual cook,temp,1950,172.4,,esp32,,0,,,,,,,,,,,,0,375.0,0.0,0.0,0,NONE
2026-09-24T17:45:54.983+00:00,952.953,manual,Manual cook,temp,1950,173.3,,esp32,,0,,,,,,,,,,,,0,375.0,0.0,0.0,0,NONE
2026-09-24T17:45:55.983+00:00,953.954,manual,Manual cook,temp,1950,172.4,,esp32,,0,,,,,,,,,,,,0,375.0,0.0,0.0,0,NONE
2026-09-24T17:45:56.983+00:00,954.953,manual,Manual cook,temp,1950,173.3,,esp32,,0,,,,,,,,,,,,0,375.0,0.0,0.0,0,NONE
2026-09-24T17:45:57.483+00:00,955.454,manual,Manual cook,temp,1950,172.4,,esp32,,0,,,,,,,,,,,,0,375.0,0.0,0.0,0,NONE
2026-09-24T17:45:58.483+00:00,956.453,manual,Manual cook,temp,1950,172.9,,esp32,,0,,,,,,,,,,,,0,375.0,0.0,0.0,0,NONE
2026-09-24T17:45:58.983+00:00,956.953,manual,Manual cook,temp,1950,173.8,,esp32,,0,,,,,,,,,,,,0,375.0,0.0,0.0,0,NONE
2026-09-24T17:45:59.483+00:00,957.454,manual,Manual cook,temp,1950,171.9,,esp32,,0,,,,,,,,,,,,0,375.0,0.0,0.0,0,NONE
2026-09-24T17:46:00.483+00:00,958.453,manual,Manual cook,temp,1950,171.1,,esp32,,0,,,,,,,,,,,,0,375.0,0.0,0.0,0,NONE
2026-09-24T17:46:01.483+00:00,959.453,manual,Manual cook,temp,1950,171.5,,esp32,,0,,,,,,,,,,,,0,375.0,0.0,0.0,0,NONE
2026-09-24T17:46:02.483+00:00,960.453,manual,Manual cook,temp,1950,172.4,,esp32,,0,,,,,,,,,,,,0,375.0,0.0,0.0,0,NONE
2026-09-24T17:46:03.483+00:00,961.453,manual,Manual cook,temp,1950,171.5,,esp32,,0,,,,,,,,,,,,0,375.0,0.0,0.0,0,NONE
2026-09-24T17:46:04.482+00:00,962.453,manual,Manual cook,temp,1950,171.1,,esp32,,0,,,,,,,,,,,,0,375.0,0.0,0.0,0,NONE
2026-09-24T17:46:04.983+00:00,962.953,manual,Manual cook,temp,1950,172.4,,esp32,,0,,,,,,,,,,,,0,375.0,0.0,0.0,0,NONE
2026-09-24T17:46:05.982+00:00,963.953,manual,Manual cook,temp,1950,171.5,,esp32,,0,,,,,,,,,,,,0,375.0,0.0,0.0,0,NONE
2026-09-24T17:46:06.483+00:00,964.453,manual,Manual cook,temp,1950,172.4,,esp32,,0,,,,,,,,,,,,0,375.0,0.0,0.0,0,NONE
2026-09-24T17:46:07.482+00:00,965.453,manual,Manual cook,temp,1950,171.9,,esp32,,0,,,,,,,,,,,,0,375.0,0.0,0.0,0,NONE
2026-09-24T17:46:07.983+00:00,965.953,manual,Manual cook,temp,1950,170.6,,esp32,,0,,,,,,,,,,,,0,375.0,0.0,0.0,0,NONE
2026-09-24T17:46:08.982+00:00,966.953,manual,Manual cook,temp,1950,171.9,,esp32,,0,,,,,,,,,,,,0,375.0,0.0,0.0,0,NONE
2026-09-24T17:46:09.982+00:00,967.953,manual,Manual cook,temp,1950,169.7,,esp32,,0,,,,,,,,,,,,0,375.0,0.0,0.0,0,NONE
2026-09-24T17:46:10.483+00:00,968.453,manual,Manual cook,temp,1950,170.1,,esp32,,0,,,,,,,,,,,,0,375.0,0.0,0.0,0,NONE
2026-09-24T17:46:11.483+00:00,969.453,manual,Manual cook,temp,1950,170.1,,esp32,,0,,,,,,,,,,,,0,375.0,0.0,0.0,0,NONE
2026-09-24T17:46:12.482+00:00,970.453,manual,Manual cook,temp,1950,169.7,,esp32,,0,,,,,,,,,,,,0,375.0,0.0,0.0,0,NONE
2026-09-24T17:46:12.982+00:00,970.953,manual,Manual cook,temp,1950,170.1,,esp32,,0,,,,,,,,,,,,0,375.0,0.0,0.0,0,NONE
2026-09-24T17:46:13.982+00:00,971.953,manual,Manual cook,temp,1950,170.6,,esp32,,0,,,,,,,,,,,,0,375.0,0.0,0.0,0,NONE
2026-09-24T17:46:14.982+00:00,972.953,manual,Manual cook,temp,1950,170.1,,esp32,,0,,,,,,,,,,,,0,375.0,0.0,0.0,0,NONE
2026-09-24T17:46:15.483+00:00,973.453,manual,Manual cook,temp,1950,170.1,,esp32,,0,,,,,,,,,,,,0,375.0,0.0,0.0,0,NONE
2026-09-24T17:46:16.482+00:00,974.453,manual,Manual cook,temp,1950,168.8,,esp32,,0,,,,,,,,,,,,0,375.0,0.0,0.0,0,NONE
2026-09-24T17:46:17.482+00:00,975.453,manual,Manual cook,temp,1950,170.1,,esp32,,0,,,,,,,,,,,,0,375.0,0.0,0.0,0,NONE
2026-09-24T17:46:18.482+00:00,976.453,manual,Manual cook,temp,1950,170.1,,esp32,,0,,,,,,,,,,,,0,375.0,0.0,0.0,0,NONE
2026-09-24T17:46:19.482+00:00,977.453,manual,Manual cook,temp,1950,168.8,,esp32,,0,,,,,,,,,,,,0,375.0,0.0,0.0,0,NONE
2026-09-24T17:46:20.482+00:00,978.452,manual,Manual cook,temp,1950,169.7,,esp32,,0,,,,,,,,,,,,0,375.0,0.0,0.0,0,NONE
2026-09-24T17:46:20.982+00:00,978.953,manual,Manual cook,temp,1950,168.8,,esp32,,0,,,,,,,,,,,,0,375.0,0.0,0.0,0,NONE
2026-09-24T17:46:21.982+00:00,979.952,manual,Manual cook,temp,1950,167.0,,esp32,,0,,,,,,,,,,,,0,375.0,0.0,0.0,0,NONE
2026-09-24T17:46:22.482+00:00,980.453,manual,Manual cook,temp,1950,167.9,,esp32,,0,,,,,,,,,,,,0,375.0,0.0,0.0,0,NONE
2026-09-24T17:46:23.482+00:00,981.452,manual,Manual cook,temp,1950,167.9,,esp32,,0,,,,,,,,,,,,0,375.0,0.0,0.0,0,NONE
2026-09-24T17:46:24.482+00:00,982.452,manual,Manual cook,temp,1950,166.6,,esp32,,0,,,,,,,,,,,,0,375.0,0.0,0.0,0,NONE
2026-09-24T17:46:24.982+00:00,982.952,manual,Manual cook,temp,1950,167.4,,esp32,,0,,,,,,,,,,,,0,375.0,0.0,0.0,0,NONE
2026-09-24T17:46:25.483+00:00,983.453,manual,Manual cook,temp,1950,166.6,,esp32,,0,,,,,,,,,,,,0,375.0,0.0,0.0,0,NONE
2026-09-24T17:46:26.482+00:00,984.452,manual,Manual cook,temp,1950,167.0,,esp32,,0,,,,,,,,,,,,0,375.0,0.0,0.0,0,NONE
2026-09-24T17:46:26.982+00:00,984.952,manual,Manual cook,temp,1950,166.6,,esp32,,0,,,,,,,,,,,,0,375.0,0.0,0.0,0,NONE
2026-09-24T17:46:27.482+00:00,985.452,manual,Manual cook,temp,1950,167.4,,esp32,,0,,,,,,,,,,,,0,375.0,0.0,0.0,0,NONE
2026-09-24T17:46:28.482+00:00,986.452,manual,Manual cook,temp,1950,166.6,,esp32,,0,,,,,,,,,,,,0,375.0,0.0,0.0,0,NONE
2026-09-24T17:46:28.982+00:00,986.952,manual,Manual cook,temp,1950,166.6,,esp32,,0,,,,,,,,,,,,0,375.0,0.0,0.0,0,NONE
2026-09-24T17:46:29.482+00:00,987.452,manual,Manual cook,temp,1950,166.1,,esp32,,0,,,,,,,,,,,,0,375.0,0.0,0.0,0,NONE
2026-09-24T17:46:30.482+00:00,988.452,manual,Manual cook,temp,1950,165.6,,esp32,,0,,,,,,,,,,,,0,375.0,0.0,0.0,0,NONE
2026-09-24T17:46:30.982+00:00,988.953,manual,Manual cook,temp,1950,164.3,,esp32,,0,,,,,,,,,,,,0,375.0,0.0,0.0,0,NONE
2026-09-24T17:46:31.981+00:00,989.952,manual,Manual cook,temp,1950,165.2,,esp32,,0,,,,,,,,,,,,0,375.0,0.0,0.0,0,NONE
2026-09-24T17:46:32.482+00:00,990.452,manual,Manual cook,temp,1950,164.8,,esp32,,0,,,,,,,,,,,,0,375.0,0.0,0.0,0,NONE
2026-09-24T17:46:33.482+00:00,991.452,manual,Manual cook,temp,1950,164.3,,esp32,,0,,,,,,,,,,,,0,375.0,0.0,0.0,0,NONE
2026-09-24T17:46:34.481+00:00,992.452,manual,Manual cook,temp,1950,164.3,,esp32,,0,,,,,,,,,,,,0,375.0,0.0,0.0,0,NONE
2026-09-24T17:46:34.982+00:00,992.952,manual,Manual cook,temp,1950,165.2,,esp32,,0,,,,,,,,,,,,0,375.0,0.0,0.0,0,NONE
2026-09-24T17:46:35.981+00:00,993.952,manual,Manual cook,temp,1950,163.9,,esp32,,0,,,,,,,,,,,,0,375.0,0.0,0.0,0,NONE
2026-09-24T17:46:36.482+00:00,994.453,manual,Manual cook,temp,1950,163.9,,esp32,,0,,,,,,,,,,,,0,375.0,0.0,0.0,0,NONE
2026-09-24T17:46:37.481+00:00,995.452,manual,Manual cook,temp,1950,164.3,,esp32,,0,,,,,,,,,,,,0,375.0,0.0,0.0,0,NONE
2026-09-24T17:46:38.481+00:00,996.452,manual,Manual cook,temp,1950,162.5,,esp32,,0,,,,,,,,,,,,0,375.0,0.0,0.0,0,NONE
2026-09-24T17:46:38.982+00:00,996.952,manual,Manual cook,temp,1950,162.5,,esp32,,0,,,,,,,,,,,,0,375.0,0.0,0.0,0,NONE
2026-09-24T17:46:39.981+00:00,997.952,manual,Manual cook,temp,1950,162.1,,esp32,,0,,,,,,,,,,,,0,375.0,0.0,0.0,0,NONE
2026-09-24T17:46:40.981+00:00,998.952,manual,Manual cook,temp,1950,161.1,,esp32,,0,,,,,,,,,,,,0,375.0,0.0,0.0,0,NONE
2026-09-24T17:46:41.482+00:00,999.452,manual,Manual cook,temp,1950,162.1,,esp32,,0,,,,,,,,,,,,0,375.0,0.0,0.0,0,NONE
2026-09-24T17:46:41.982+00:00,999.953,manual,Manual cook,temp,1950,161.6,,esp32,,0,,,,,,,,,,,,0,375.0,0.0,0.0,0,NONE
2026-09-24T17:46:42.981+00:00,1000.952,manual,Manual cook,temp,1950,161.6,,esp32,,0,,,,,,,,,,,,0,375.0,0.0,0.0,0,NONE
2026-09-24T17:46:43.981+00:00,1001.952,manual,Manual cook,temp,1950,162.1,,esp32,,0,,,,,,,,,,,,0,375.0,0.0,0.0,0,NONE
2026-09-24T17:46:44.981+00:00,1002.952,manual,Manual cook,temp,1950,161.1,,esp32,,0,,,,,,,,,,,,0,375.0,0.0,0.0,0,NONE
2026-09-24T17:46:45.481+00:00,1003.452,manual,Manual cook,temp,1950,162.1,,esp32,,0,,,,,,,,,,,,0,375.0,0.0,0.0,0,NONE
2026-09-24T17:46:45.981+00:00,1003.952,manual,Manual cook,temp,1950,159.8,,esp32,,0,,,,,,,,,,,,0,375.0,0.0,0.0,0,NONE
2026-09-24T17:46:46.981+00:00,1004.952,manual,Manual cook,temp,1950,161.6,,esp32,,0,,,,,,,,,,,,0,375.0,0.0,0.0,0,NONE
2026-09-24T17:46:47.482+00:00,1005.452,manual,Manual cook,temp,1950,159.8,,esp32,,0,,,,,,,,,,,,0,375.0,0.0,0.0,0,NONE
2026-09-24T17:46:47.982+00:00,1005.952,manual,Manual cook,temp,1950,160.3,,esp32,,0,,,,,,,,,,,,0,375.0,0.0,0.0,0,NONE
2026-09-24T17:46:48.982+00:00,1006.952,manual,Manual cook,temp,1950,158.9,,esp32,,0,,,,,,,,,,,,0,375.0,0.0,0.0,0,NONE
2026-09-24T17:46:49.981+00:00,1007.952,manual,Manual cook,temp,1950,158.4,,esp32,,0,,,,,,,,,,,,0,375.0,0.0,0.0,0,NONE
2026-09-24T17:46:50.481+00:00,1008.452,manual,Manual cook,temp,1950,160.3,,esp32,,0,,,,,,,,,,,,0,375.0,0.0,0.0,0,NONE
2026-09-24T17:46:51.481+00:00,1009.452,manual,Manual cook,temp,1950,158.9,,esp32,,0,,,,,,,,,,,,0,375.0,0.0,0.0,0,NONE
2026-09-24T17:46:51.981+00:00,1009.952,manual,Manual cook,temp,1950,157.6,,esp32,,0,,,,,,,,,,,,0,375.0,0.0,0.0,0,NONE
2026-09-24T17:46:52.981+00:00,1010.952,manual,Manual cook,temp,1950,159.4,,esp32,,0,,,,,,,,,,,,0,375.0,0.0,0.0,0,NONE
2026-09-24T17:46:53.981+00:00,1011.951,manual,Manual cook,temp,1950,159.4,,esp32,,0,,,,,,,,,,,,0,375.0,0.0,0.0,0,NONE
2026-09-24T17:46:54.482+00:00,1012.453,manual,Manual cook,temp,1950,158.4,,esp32,,0,,,,,,,,,,,,0,375.0,0.0,0.0,0,NONE
2026-09-24T17:46:55.481+00:00,1013.451,manual,Manual cook,temp,1950,159.4,,esp32,,0,,,,,,,,,,,,0,375.0,0.0,0.0,0,NONE
2026-09-24T17:46:56.481+00:00,1014.451,manual,Manual cook,temp,1950,158.4,,esp32,,0,,,,,,,,,,,,0,375.0,0.0,0.0,0,NONE
2026-09-24T17:46:56.981+00:00,1014.951,manual,Manual cook,temp,1950,159.4,,esp32,,0,,,,,,,,,,,,0,375.0,0.0,0.0,0,NONE
2026-09-24T17:46:57.481+00:00,1015.451,manual,Manual cook,temp,1950,158.9,,esp32,,0,,,,,,,,,,,,0,375.0,0.0,0.0,0,NONE
2026-09-24T17:46:58.481+00:00,1016.452,manual,Manual cook,temp,1950,158.4,,esp32,,0,,,,,,,,,,,,0,375.0,0.0,0.0,0,NONE
2026-09-24T17:46:59.482+00:00,1017.452,manual,Manual cook,temp,1950,158.9,,esp32,,0,,,,,,,,,,,,0,375.0,0.0,0.0,0,NONE
2026-09-24T17:47:00.481+00:00,1018.451,manual,Manual cook,temp,1950,158.0,,esp32,,0,,,,,,,,,,,,0,375.0,0.0,0.0,0,NONE
2026-09-24T17:47:00.981+00:00,1018.951,manual,Manual cook,temp,1950,157.6,,esp32,,0,,,,,,,,,,,,0,375.0,0.0,0.0,0,NONE
2026-09-24T17:47:01.980+00:00,1019.951,manual,Manual cook,temp,1950,158.0,,esp32,,0,,,,,,,,,,,,0,375.0,0.0,0.0,0,NONE
2026-09-24T17:47:02.481+00:00,1020.451,manual,Manual cook,temp,1950,157.1,,esp32,,0,,,,,,,,,,,,0,375.0,0.0,0.0,0,NONE
2026-09-24T17:47:03.481+00:00,1021.451,manual,Manual cook,temp,1950,158.9,,esp32,,0,,,,,,,,,,,,0,375.0,0.0,0.0,0,NONE
2026-09-24T17:47:04.481+00:00,1022.452,manual,Manual cook,temp,1950,157.6,,esp32,,0,,,,,,,,,,,,0,375.0,0.0,0.0,0,NONE
2026-09-24T17:47:05.481+00:00,1023.451,manual,Manual cook,temp,1950,158.0,,esp32,,0,,,,,,,,,,,,0,375.0,0.0,0.0,0,NONE
2026-09-24T17:47:06.480+00:00,1024.451,manual,Manual cook,temp,1950,157.6,,esp32,,0,,,,,,,,,,,,0,375.0,0.0,0.0,0,NONE
2026-09-24T17:47:06.980+00:00,1024.951,manual,Manual cook,temp,1950,157.6,,esp32,,0,,,,,,,,,,,,0,375.0,0.0,0.0,0,NONE
2026-09-24T17:47:07.980+00:00,1025.951,manual,Manual cook,temp,1950,158.4,,esp32,,0,,,,,,,,,,,,0,375.0,0.0,0.0,0,NONE
2026-09-24T17:47:08.980+00:00,1026.951,manual,Manual cook,temp,1950,157.6,,esp32,,0,,,,,,,,,,,,0,375.0,0.0,0.0,0,NONE
2026-09-24T17:47:09.481+00:00,1027.451,manual,Manual cook,temp,1950,157.1,,esp32,,0,,,,,,,,,,,,0,375.0,0.0,0.0,0,NONE
2026-09-24T17:47:09.981+00:00,1027.951,manual,Manual cook,temp,1950,157.1,,esp32,,0,,,,,,,,,,,,0,375.0,0.0,0.0,0,NONE
2026-09-24T17:47:10.980+00:00,1028.951,manual,Manual cook,temp,1950,156.6,,esp32,,0,,,,,,,,,,,,0,375.0,0.0,0.0,0,NONE
2026-09-24T17:47:11.480+00:00,1029.451,manual,Manual cook,temp,1950,157.1,,esp32,,0,,,,,,,,,,,,0,375.0,0.0,0.0,0,NONE
2026-09-24T17:47:12.480+00:00,1030.451,manual,Manual cook,temp,1950,156.6,,esp32,,0,,,,,,,,,,,,0,375.0,0.0,0.0,0,NONE
2026-09-24T17:47:13.480+00:00,1031.451,manual,Manual cook,temp,1950,155.8,,esp32,,0,,,,,,,,,,,,0,375.0,0.0,0.0,0,NONE
2026-09-24T17:47:14.480+00:00,1032.451,manual,Manual cook,temp,1950,156.2,,esp32,,0,,,,,,,,,,,,0,375.0,0.0,0.0,0,NONE
2026-09-24T17:47:14.980+00:00,1032.951,manual,Manual cook,temp,1950,156.2,,esp32,,0,,,,,,,,,,,,0,375.0,0.0,0.0,0,NONE
2026-09-24T17:47:15.481+00:00,1033.452,manual,Manual cook,temp,1950,156.2,,esp32,,0,,,,,,,,,,,,0,375.0,0.0,0.0,0,NONE
2026-09-24T17:47:16.480+00:00,1034.450,manual,Manual cook,temp,1950,155.8,,esp32,,0,,,,,,,,,,,,0,375.0,0.0,0.0,0,NONE
2026-09-24T17:47:16.980+00:00,1034.951,manual,Manual cook,temp,1950,155.8,,esp32,,0,,,,,,,,,,,,1,375.0,0.0,0.0,0,NONE
2026-09-24T17:47:17.481+00:00,1035.451,manual,Manual cook,temp,1950,155.8,,esp32,,0,,,,,,,,,,,,1,375.0,0.0,0.0,0,NONE
2026-09-24T17:47:18.480+00:00,1036.451,manual,Manual cook,temp,1950,155.3,,esp32,,0,,,,,,,,,,,,0,375.0,0.0,0.0,0,NONE
2026-09-24T17:47:18.981+00:00,1036.952,manual,Manual cook,temp,1950,155.3,,esp32,,0,,,,,,,,,,,,0,375.0,0.0,0.0,0,NONE
2026-09-24T17:47:19.980+00:00,1037.951,manual,Manual cook,temp,1950,154.4,,esp32,,0,,,,,,,,,,,,0,375.0,0.0,0.0,0,NONE
2026-09-24T17:47:20.981+00:00,1038.951,manual,Manual cook,temp,1950,154.4,,esp32,,0,,,,,,,,,,,,0,375.0,0.0,0.0,0,NONE
2026-09-24T17:47:21.980+00:00,1039.950,manual,Manual cook,temp,1950,154.9,,esp32,,0,,,,,,,,,,,,0,375.0,0.0,0.0,0,NONE
2026-09-24T17:47:22.980+00:00,1040.950,manual,Manual cook,temp,1950,153.5,,esp32,,0,,,,,,,,,,,,0,375.0,0.0,0.0,0,NONE
2026-09-24T17:47:23.480+00:00,1041.450,manual,Manual cook,temp,1950,154.9,,esp32,,0,,,,,,,,,,,,0,375.0,0.0,0.0,0,NONE
2026-09-24T17:47:24.480+00:00,1042.450,manual,Manual cook,temp,1950,154.4,,esp32,,0,,,,,,,,,,,,0,375.0,0.0,0.0,0,NONE
2026-09-24T17:47:25.481+00:00,1043.451,manual,Manual cook,temp,1950,153.9,,esp32,,0,,,,,,,,,,,,0,375.0,0.0,0.0,0,NONE
2026-09-24T17:47:26.480+00:00,1044.451,manual,Manual cook,temp,1950,153.9,,esp32,,0,,,,,,,,,,,,0,375.0,0.0,0.0,0,NONE
2026-09-24T17:47:27.480+00:00,1045.450,manual,Manual cook,temp,1950,153.5,,esp32,,0,,,,,,,,,,,,0,375.0,0.0,0.0,0,NONE
2026-09-24T17:47:28.480+00:00,1046.450,manual,Manual cook,temp,1950,153.1,,esp32,,0,,,,,,,,,,,,0,375.0,0.0,0.0,0,NONE
2026-09-24T17:47:29.480+00:00,1047.451,manual,Manual cook,temp,1950,153.5,,esp32,,0,,,,,,,,,,,,0,375.0,0.0,0.0,0,NONE
2026-09-24T17:47:30.480+00:00,1048.450,manual,Manual cook,temp,1950,152.1,,esp32,,0,,,,,,,,,,,,0,375.0,0.0,0.0,0,NONE
2026-09-24T17:47:30.980+00:00,1048.950,manual,Manual cook,temp,1950,152.6,,esp32,,0,,,,,,,,,,,,0,375.0,0.0,0.0,0,NONE
2026-09-24T17:47:31.980+00:00,1049.951,manual,Manual cook,temp,1950,153.1,,esp32,,0,,,,,,,,,,,,0,375.0,0.0,0.0,0,NONE
2026-09-24T17:47:32.979+00:00,1050.950,manual,Manual cook,temp,1950,152.1,,esp32,,0,,,,,,,,,,,,0,375.0,0.0,0.0,0,NONE
2026-09-24T17:47:33.480+00:00,1051.450,manual,Manual cook,temp,1950,152.1,,esp32,,0,,,,,,,,,,,,0,375.0,0.0,0.0,0,NONE
2026-09-24T17:47:34.480+00:00,1052.450,manual,Manual cook,temp,1950,152.1,,esp32,,0,,,,,,,,,,,,0,375.0,0.0,0.0,0,NONE
2026-09-24T17:47:34.980+00:00,1052.950,manual,Manual cook,temp,1950,151.7,,esp32,,0,,,,,,,,,,,,0,375.0,0.0,0.0,0,NONE
2026-09-24T17:47:35.980+00:00,1053.950,manual,Manual cook,temp,1950,152.1,,esp32,,0,,,,,,,,,,,,0,375.0,0.0,0.0,0,NONE
2026-09-24T17:47:36.979+00:00,1054.950,manual,Manual cook,temp,1950,151.7,,esp32,,0,,,,,,,,,,,,0,375.0,0.0,0.0,0,NONE
2026-09-24T17:47:37.480+00:00,1055.451,manual,Manual cook,temp,1950,151.7,,esp32,,0,,,,,,,,,,,,0,375.0,0.0,0.0,0,NONE
2026-09-24T17:47:38.479+00:00,1056.450,manual,Manual cook,temp,1950,151.7,,esp32,,0,,,,,,,,,,,,0,375.0,0.0,0.0,0,NONE
2026-09-24T17:47:38.980+00:00,1056.950,manual,Manual cook,temp,1950,151.7,,esp32,,0,,,,,,,,,,,,0,375.0,0.0,0.0,0,NONE
2026-09-24T17:47:39.979+00:00,1057.950,manual,Manual cook,temp,1950,151.3,,esp32,,0,,,,,,,,,,,,0,375.0,0.0,0.0,0,NONE
2026-09-24T17:47:40.979+00:00,1058.950,manual,Manual cook,temp,1950,151.7,,esp32,,0,,,,,,,,,,,,0,375.0,0.0,0.0,0,NONE
2026-09-24T17:47:41.979+00:00,1059.950,manual,Manual cook,temp,1950,151.3,,esp32,,0,,,,,,,,,,,,0,375.0,0.0,0.0,0,NONE
2026-09-24T17:47:42.983+00:00,1060.953,manual,Manual cook,temp,1950,151.3,,esp32,,0,,,,,,,,,,,,0,375.0,0.0,0.0,0,NONE
2026-09-24T17:47:43.979+00:00,1061.950,manual,Manual cook,temp,1950,150.4,,esp32,,0,,,,,,,,,,,,0,375.0,0.0,0.0,0,NONE
2026-09-24T17:47:44.979+00:00,1062.950,manual,Manual cook,temp,1950,149.9,,esp32,,0,,,,,,,,,,,,0,375.0,0.0,0.0,0,NONE
2026-09-24T17:47:45.979+00:00,1063.950,manual,Manual cook,temp,1950,150.4,,esp32,,0,,,,,,,,,,,,0,375.0,0.0,0.0,0,NONE
2026-09-24T17:47:46.979+00:00,1064.950,manual,Manual cook,temp,1950,149.4,,esp32,,0,,,,,,,,,,,,0,375.0,0.0,0.0,0,NONE
2026-09-24T17:47:47.479+00:00,1065.450,manual,Manual cook,temp,1950,150.4,,esp32,,0,,,,,,,,,,,,0,375.0,0.0,0.0,0,NONE
2026-09-24T17:47:48.480+00:00,1066.450,manual,Manual cook,temp,1950,150.4,,esp32,,0,,,,,,,,,,,,0,375.0,0.0,0.0,0,NONE
2026-09-24T17:47:49.479+00:00,1067.450,manual,Manual cook,temp,1950,149.4,,esp32,,0,,,,,,,,,,,,0,375.0,0.0,0.0,0,NONE
2026-09-24T17:47:50.479+00:00,1068.450,manual,Manual cook,temp,1950,149.9,,esp32,,0,,,,,,,,,,,,0,375.0,0.0,0.0,0,NONE
2026-09-24T17:47:51.479+00:00,1069.449,manual,Manual cook,temp,1950,149.9,,esp32,,0,,,,,,,,,,,,0,375.0,0.0,0.0,0,NONE
2026-09-24T17:47:52.479+00:00,1070.449,manual,Manual cook,temp,1950,148.6,,esp32,,0,,,,,,,,,,,,0,375.0,0.0,0.0,0,NONE
2026-09-24T17:47:52.980+00:00,1070.950,manual,Manual cook,temp,1950,148.6,,esp32,,0,,,,,,,,,,,,0,375.0,0.0,0.0,0,NONE
2026-09-24T17:47:53.980+00:00,1071.950,manual,Manual cook,temp,1950,148.1,,esp32,,0,,,,,,,,,,,,0,375.0,0.0,0.0,0,NONE
2026-09-24T17:47:54.979+00:00,1072.949,manual,Manual cook,temp,1950,148.6,,esp32,,0,,,,,,,,,,,,0,375.0,0.0,0.0,0,NONE
2026-09-24T17:47:55.479+00:00,1073.450,manual,Manual cook,temp,1950,147.6,,esp32,,0,,,,,,,,,,,,0,375.0,0.0,0.0,0,NONE
2026-09-24T17:47:56.479+00:00,1074.449,manual,Manual cook,temp,1950,147.2,,esp32,,0,,,,,,,,,,,,0,375.0,0.0,0.0,0,NONE
2026-09-24T17:47:57.479+00:00,1075.449,manual,Manual cook,temp,1950,147.6,,esp32,,0,,,,,,,,,,,,0,375.0,0.0,0.0,0,NONE
2026-09-24T17:47:57.979+00:00,1075.949,manual,Manual cook,temp,1950,147.2,,esp32,,0,,,,,,,,,,,,0,375.0,0.0,0.0,0,NONE
2026-09-24T17:47:58.979+00:00,1076.949,manual,Manual cook,temp,1950,146.8,,esp32,,0,,,,,,,,,,,,0,375.0,0.0,0.0,0,NONE
2026-09-24T17:47:59.479+00:00,1077.450,manual,Manual cook,temp,1950,146.8,,esp32,,0,,,,,,,,,,,,0,375.0,0.0,0.0,0,NONE
2026-09-24T17:48:00.479+00:00,1078.449,manual,Manual cook,temp,1950,146.8,,esp32,,0,,,,,,,,,,,,0,375.0,0.0,0.0,0,NONE
2026-09-24T17:48:01.479+00:00,1079.450,manual,Manual cook,temp,1950,146.8,,esp32,,0,,,,,,,,,,,,0,375.0,0.0,0.0,0,NONE
2026-09-24T17:48:02.479+00:00,1080.449,manual,Manual cook,temp,1950,145.4,,esp32,,0,,,,,,,,,,,,0,375.0,0.0,0.0,0,NONE
2026-09-24T17:48:03.479+00:00,1081.450,manual,Manual cook,temp,1950,146.3,,esp32,,0,,,,,,,,,,,,0,375.0,0.0,0.0,0,NONE
2026-09-24T17:48:04.479+00:00,1082.449,manual,Manual cook,temp,1950,145.9,,esp32,,0,,,,,,,,,,,,0,375.0,0.0,0.0,0,NONE
2026-09-24T17:48:04.979+00:00,1082.950,manual,Manual cook,temp,1950,145.9,,esp32,,0,,,,,,,,,,,,0,375.0,0.0,0.0,0,NONE
2026-09-24T17:48:05.978+00:00,1083.949,manual,Manual cook,temp,1950,145.9,,esp32,,0,,,,,,,,,,,,0,375.0,0.0,0.0,0,NONE
2026-09-24T17:48:06.479+00:00,1084.449,manual,Manual cook,temp,1950,146.3,,esp32,,0,,,,,,,,,,,,0,375.0,0.0,0.0,0,NONE
2026-09-24T17:48:07.478+00:00,1085.449,manual,Manual cook,temp,1950,145.9,,esp32,,0,,,,,,,,,,,,0,375.0,0.0,0.0,0,NONE
2026-09-24T17:48:07.978+00:00,1085.949,manual,Manual cook,temp,1950,145.9,,esp32,,0,,,,,,,,,,,,0,375.0,0.0,0.0,0,NONE
2026-09-24T17:48:08.978+00:00,1086.949,manual,Manual cook,temp,1950,144.9,,esp32,,0,,,,,,,,,,,,0,375.0,0.0,0.0,0,NONE
2026-09-24T17:48:09.978+00:00,1087.949,manual,Manual cook,temp,1950,145.4,,esp32,,0,,,,,,,,,,,,0,375.0,0.0,0.0,0,NONE
2026-09-24T17:48:10.478+00:00,1088.449,manual,Manual cook,temp,1950,145.4,,esp32,,0,,,,,,,,,,,,0,375.0,0.0,0.0,0,NONE
2026-09-24T17:48:10.978+00:00,1088.949,manual,Manual cook,temp,1950,143.6,,esp32,,0,,,,,,,,,,,,0,375.0,0.0,0.0,0,NONE
2026-09-24T17:48:11.479+00:00,1089.449,manual,Manual cook,temp,1950,143.6,,esp32,,0,,,,,,,,,,,,0,375.0,0.0,0.0,0,NONE
2026-09-24T17:48:12.478+00:00,1090.449,manual,Manual cook,temp,1950,144.1,,esp32,,0,,,,,,,,,,,,0,375.0,0.0,0.0,0,NONE
2026-09-24T17:48:12.978+00:00,1090.949,manual,Manual cook,temp,1950,144.1,,esp32,,0,,,,,,,,,,,,0,375.0,0.0,0.0,0,NONE
2026-09-24T17:48:13.978+00:00,1091.949,manual,Manual cook,temp,1950,144.5,,esp32,,0,,,,,,,,,,,,0,375.0,0.0,0.0,0,NONE
2026-09-24T17:48:14.478+00:00,1092.449,manual,Manual cook,temp,1950,144.5,,esp32,,0,,,,,,,,,,,,0,375.0,0.0,0.0,0,NONE
2026-09-24T17:48:14.978+00:00,1092.949,manual,Manual cook,temp,1950,143.1,,esp32,,0,,,,,,,,,,,,0,375.0,0.0,0.0,0,NONE
2026-09-24T17:48:15.978+00:00,1093.949,manual,Manual cook,temp,1950,143.1,,esp32,,0,,,,,,,,,,,,0,375.0,0.0,0.0,0,NONE
2026-09-24T17:48:16.978+00:00,1094.949,manual,Manual cook,temp,1950,143.1,,esp32,,0,,,,,,,,,,,,0,375.0,0.0,0.0,0,NONE
2026-09-24T17:48:17.978+00:00,1095.949,manual,Manual cook,temp,1950,143.6,,esp32,,0,,,,,,,,,,,,0,375.0,0.0,0.0,0,NONE
2026-09-24T17:48:18.478+00:00,1096.449,manual,Manual cook,temp,1950,142.3,,esp32,,0,,,,,,,,,,,,0,375.0,0.0,0.0,0,NONE
2026-09-24T17:48:19.478+00:00,1097.448,manual,Manual cook,temp,1950,141.4,,esp32,,0,,,,,,,,,,,,0,375.0,0.0,0.0,0,NONE
2026-09-24T17:48:20.479+00:00,1098.449,manual,Manual cook,temp,1950,143.1,,esp32,,0,,,,,,,,,,,,0,375.0,0.0,0.0,0,NONE
2026-09-24T17:48:21.478+00:00,1099.449,manual,Manual cook,temp,1950,141.8,,esp32,,0,,,,,,,,,,,,0,375.0,0.0,0.0,0,NONE
2026-09-24T17:48:22.478+00:00,1100.448,manual,Manual cook,temp,1950,142.7,,esp32,,0,,,,,,,,,,,,0,375.0,0.0,0.0,0,NONE
2026-09-24T17:48:23.478+00:00,1101.448,manual,Manual cook,temp,1950,142.7,,esp32,,0,,,,,,,,,,,,0,375.0,0.0,0.0,0,NONE
2026-09-24T17:48:23.979+00:00,1101.950,manual,Manual cook,temp,1950,142.3,,esp32,,0,,,,,,,,,,,,0,375.0,0.0,0.0,0,NONE
2026-09-24T17:48:24.978+00:00,1102.948,manual,Manual cook,temp,1950,140.9,,esp32,,0,,,,,,,,,,,,0,375.0,0.0,0.0,0,NONE
2026-09-24T17:48:25.978+00:00,1103.949,manual,Manual cook,temp,1950,140.4,,esp32,,0,,,,,,,,,,,,0,375.0,0.0,0.0,0,NONE
2026-09-24T17:48:26.978+00:00,1104.948,manual,Manual cook,temp,1950,140.4,,esp32,,0,,,,,,,,,,,,0,375.0,0.0,0.0,0,NONE
2026-09-24T17:48:27.479+00:00,1105.450,manual,Manual cook,temp,1950,140.4,,esp32,,0,,,,,,,,,,,,0,375.0,0.0,0.0,0,NONE
2026-09-24T17:48:28.478+00:00,1106.448,manual,Manual cook,temp,1950,140.9,,esp32,,0,,,,,,,,,,,,0,375.0,0.0,0.0,0,NONE
2026-09-24T17:48:28.978+00:00,1106.948,manual,Manual cook,temp,1950,141.8,,esp32,,0,,,,,,,,,,,,0,375.0,0.0,0.0,0,NONE
2026-09-24T17:48:29.481+00:00,1107.451,manual,Manual cook,temp,1950,140.9,,esp32,,0,,,,,,,,,,,,0,375.0,0.0,0.0,0,NONE
2026-09-24T17:48:30.478+00:00,1108.448,manual,Manual cook,temp,1950,139.6,,esp32,,0,,,,,,,,,,,,0,375.0,0.0,0.0,0,NONE
2026-09-24T17:48:31.478+00:00,1109.449,manual,Manual cook,temp,1950,140.9,,esp32,,0,,,,,,,,,,,,0,375.0,0.0,0.0,0,NONE
2026-09-24T17:48:32.478+00:00,1110.448,manual,Manual cook,temp,1950,139.1,,esp32,,0,,,,,,,,,,,,0,375.0,0.0,0.0,0,NONE
2026-09-24T17:48:33.478+00:00,1111.448,manual,Manual cook,temp,1950,139.6,,esp32,,0,,,,,,,,,,,,0,375.0,0.0,0.0,0,NONE
2026-09-24T17:48:34.477+00:00,1112.448,manual,Manual cook,temp,1950,139.6,,esp32,,0,,,,,,,,,,,,0,375.0,0.0,0.0,0,NONE
2026-09-24T17:48:35.478+00:00,1113.448,manual,Manual cook,temp,1950,140.4,,esp32,,0,,,,,,,,,,,,0,375.0,0.0,0.0,0,NONE
2026-09-24T17:48:36.478+00:00,1114.449,manual,Manual cook,temp,1950,139.6,,esp32,,0,,,,,,,,,,,,0,375.0,0.0,0.0,0,NONE
2026-09-24T17:48:36.979+00:00,1114.949,manual,Manual cook,temp,1950,140.0,,esp32,,0,,,,,,,,,,,,0,375.0,0.0,0.0,0,NONE
2026-09-24T17:48:37.977+00:00,1115.948,manual,Manual cook,temp,1950,139.6,,esp32,,0,,,,,,,,,,,,0,375.0,0.0,0.0,0,NONE
2026-09-24T17:48:38.477+00:00,1116.448,manual,Manual cook,temp,1950,140.0,,esp32,,0,,,,,,,,,,,,0,375.0,0.0,0.0,0,NONE
2026-09-24T17:48:38.978+00:00,1116.948,manual,Manual cook,temp,1950,140.0,,esp32,,0,,,,,,,,,,,,0,375.0,0.0,0.0,0,NONE
2026-09-24T17:48:39.978+00:00,1117.948,manual,Manual cook,temp,1950,139.6,,esp32,,0,,,,,,,,,,,,0,375.0,0.0,0.0,0,NONE
2026-09-24T17:48:40.978+00:00,1118.948,manual,Manual cook,temp,1950,139.6,,esp32,,0,,,,,,,,,,,,0,375.0,0.0,0.0,0,NONE
2026-09-24T17:48:41.478+00:00,1119.448,manual,Manual cook,temp,1950,139.6,,esp32,,0,,,,,,,,,,,,0,375.0,0.0,0.0,0,NONE
2026-09-24T17:48:42.478+00:00,1120.449,manual,Manual cook,temp,1950,139.6,,esp32,,0,,,,,,,,,,,,0,375.0,0.0,0.0,0,NONE
2026-09-24T17:48:43.477+00:00,1121.448,manual,Manual cook,temp,1950,137.8,,esp32,,0,,,,,,,,,,,,0,375.0,0.0,0.0,0,NONE
2026-09-24T17:48:43.977+00:00,1121.948,manual,Manual cook,temp,1950,138.2,,esp32,,0,,,,,,,,,,,,0,375.0,0.0,0.0,0,NONE
2026-09-24T17:48:44.977+00:00,1122.948,manual,Manual cook,temp,1950,138.6,,esp32,,0,,,,,,,,,,,,0,375.0,0.0,0.0,0,NONE
2026-09-24T17:48:45.977+00:00,1123.948,manual,Manual cook,temp,1950,139.1,,esp32,,0,,,,,,,,,,,,0,375.0,0.0,0.0,0,NONE
2026-09-24T17:48:46.977+00:00,1124.948,manual,Manual cook,temp,1950,137.8,,esp32,,0,,,,,,,,,,,,0,375.0,0.0,0.0,0,NONE
2026-09-24T17:48:47.478+00:00,1125.449,manual,Manual cook,temp,1950,138.6,,esp32,,0,,,,,,,,,,,,0,375.0,0.0,0.0,0,NONE
2026-09-24T17:48:47.978+00:00,1125.949,manual,Manual cook,temp,1950,138.6,,esp32,,0,,,,,,,,,,,,0,375.0,0.0,0.0,0,NONE
2026-09-24T17:48:48.977+00:00,1126.948,manual,Manual cook,temp,1950,137.3,,esp32,,0,,,,,,,,,,,,0,375.0,0.0,0.0,0,NONE
2026-09-24T17:48:49.977+00:00,1127.948,manual,Manual cook,temp,1950,138.2,,esp32,,0,,,,,,,,,,,,0,375.0,0.0,0.0,0,NONE
2026-09-24T17:48:50.477+00:00,1128.448,manual,Manual cook,temp,1950,138.6,,esp32,,0,,,,,,,,,,,,0,375.0,0.0,0.0,0,NONE
2026-09-24T17:48:51.477+00:00,1129.448,manual,Manual cook,temp,1950,137.8,,esp32,,0,,,,,,,,,,,,0,375.0,0.0,0.0,0,NONE
2026-09-24T17:48:52.477+00:00,1130.448,manual,Manual cook,temp,1950,138.2,,esp32,,0,,,,,,,,,,,,0,375.0,0.0,0.0,0,NONE
2026-09-24T17:48:53.478+00:00,1131.448,manual,Manual cook,temp,1950,137.3,,esp32,,0,,,,,,,,,,,,0,375.0,0.0,0.0,0,NONE
2026-09-24T17:48:54.477+00:00,1132.447,manual,Manual cook,temp,1950,137.3,,esp32,,0,,,,,,,,,,,,0,375.0,0.0,0.0,0,NONE
2026-09-24T17:48:54.977+00:00,1132.947,manual,Manual cook,temp,1950,137.3,,esp32,,0,,,,,,,,,,,,0,375.0,0.0,0.0,0,NONE
2026-09-24T17:48:55.477+00:00,1133.448,manual,Manual cook,temp,1950,137.3,,esp32,,0,,,,,,,,,,,,0,375.0,0.0,0.0,0,NONE
2026-09-24T17:48:56.478+00:00,1134.448,manual,Manual cook,temp,1950,137.3,,esp32,,0,,,,,,,,,,,,0,375.0,0.0,0.0,0,NONE
2026-09-24T17:48:57.477+00:00,1135.448,manual,Manual cook,temp,1950,136.4,,esp32,,0,,,,,,,,,,,,0,375.0,0.0,0.0,0,NONE
2026-09-24T17:48:58.477+00:00,1136.448,manual,Manual cook,temp,1950,136.4,,esp32,,0,,,,,,,,,,,,0,375.0,0.0,0.0,0,NONE
2026-09-24T17:48:58.977+00:00,1136.948,manual,Manual cook,temp,1950,136.4,,esp32,,0,,,,,,,,,,,,0,375.0,0.0,0.0,0,NONE
2026-09-24T17:48:59.477+00:00,1137.448,manual,Manual cook,temp,1950,136.9,,esp32,,0,,,,,,,,,,,,0,375.0,0.0,0.0,0,NONE
2026-09-24T17:49:00.477+00:00,1138.447,manual,Manual cook,temp,1950,135.5,,esp32,,0,,,,,,,,,,,,0,375.0,0.0,0.0,0,NONE
2026-09-24T17:49:01.477+00:00,1139.447,manual,Manual cook,temp,1950,135.9,,esp32,,0,,,,,,,,,,,,0,375.0,0.0,0.0,0,NONE
2026-09-24T17:49:02.477+00:00,1140.447,manual,Manual cook,temp,1950,135.9,,esp32,,0,,,,,,,,,,,,0,375.0,0.0,0.0,0,NONE
2026-09-24T17:49:03.477+00:00,1141.447,manual,Manual cook,temp,1950,136.9,,esp32,,0,,,,,,,,,,,,0,375.0,0.0,0.0,0,NONE
2026-09-24T17:49:03.977+00:00,1141.947,manual,Manual cook,temp,1950,136.9,,esp32,,0,,,,,,,,,,,,0,375.0,0.0,0.0,0,NONE
2026-09-24T17:49:04.478+00:00,1142.448,manual,Manual cook,temp,1950,136.9,,esp32,,0,,,,,,,,,,,,0,375.0,0.0,0.0,0,NONE
2026-09-24T17:49:05.477+00:00,1143.447,manual,Manual cook,temp,1950,136.4,,esp32,,0,,,,,,,,,,,,0,375.0,0.0,0.0,0,NONE
2026-09-24T17:49:06.477+00:00,1144.447,manual,Manual cook,temp,1950,135.9,,esp32,,0,,,,,,,,,,,,0,375.0,0.0,0.0,0,NONE
2026-09-24T17:49:07.477+00:00,1145.447,manual,Manual cook,temp,1950,135.9,,esp32,,0,,,,,,,,,,,,0,375.0,0.0,0.0,0,NONE
2026-09-24T17:49:07.977+00:00,1145.947,manual,Manual cook,temp,1950,136.4,,esp32,,0,,,,,,,,,,,,0,375.0,0.0,0.0,0,NONE
2026-09-24T17:49:08.977+00:00,1146.947,manual,Manual cook,temp,1950,136.4,,esp32,,0,,,,,,,,,,,,0,375.0,0.0,0.0,0,NONE
2026-09-24T17:49:09.477+00:00,1147.447,manual,Manual cook,temp,1950,135.9,,esp32,,0,,,,,,,,,,,,0,375.0,0.0,0.0,0,NONE
2026-09-24T17:49:09.977+00:00,1147.948,manual,Manual cook,temp,1950,135.9,,esp32,,0,,,,,,,,,,,,0,375.0,0.0,0.0,0,NONE
2026-09-24T17:49:10.976+00:00,1148.947,manual,Manual cook,temp,1950,135.9,,esp32,,0,,,,,,,,,,,,0,375.0,0.0,0.0,0,NONE
2026-09-24T17:49:11.976+00:00,1149.947,manual,Manual cook,temp,1950,135.5,,esp32,,0,,,,,,,,,,,,0,375.0,0.0,0.0,0,NONE
2026-09-24T17:49:12.476+00:00,1150.447,manual,Manual cook,temp,1950,135.9,,esp32,,0,,,,,,,,,,,,0,375.0,0.0,0.0,0,NONE
2026-09-24T17:49:12.977+00:00,1150.947,manual,Manual cook,temp,1950,135.9,,esp32,,0,,,,,,,,,,,,0,375.0,0.0,0.0,0,NONE
2026-09-24T17:49:13.977+00:00,1151.947,manual,Manual cook,temp,1950,134.1,,esp32,,0,,,,,,,,,,,,0,375.0,0.0,0.0,0,NONE
2026-09-24T17:49:14.976+00:00,1152.947,manual,Manual cook,temp,1950,135.1,,esp32,,0,,,,,,,,,,,,0,375.0,0.0,0.0,0,NONE
2026-09-24T17:49:15.476+00:00,1153.447,manual,Manual cook,temp,1950,135.5,,esp32,,0,,,,,,,,,,,,0,375.0,0.0,0.0,0,NONE
2026-09-24T17:49:15.977+00:00,1153.948,manual,Manual cook,temp,1950,135.5,,esp32,,0,,,,,,,,,,,,0,375.0,0.0,0.0,0,NONE
2026-09-24T17:49:16.976+00:00,1154.947,manual,Manual cook,temp,1950,135.9,,esp32,,0,,,,,,,,,,,,0,375.0,0.0,0.0,0,NONE
2026-09-24T17:49:17.976+00:00,1155.947,manual,Manual cook,temp,1950,135.1,,esp32,,0,,,,,,,,,,,,0,375.0,0.0,0.0,0,NONE
2026-09-24T17:49:18.976+00:00,1156.947,manual,Manual cook,temp,1950,135.5,,esp32,,0,,,,,,,,,,,,0,375.0,0.0,0.0,0,NONE
2026-09-24T17:49:19.976+00:00,1157.947,manual,Manual cook,temp,1950,134.6,,esp32,,0,,,,,,,,,,,,0,375.0,0.0,0.0,0,NONE
2026-09-24T17:49:20.976+00:00,1158.947,manual,Manual cook,temp,1950,134.6,,esp32,,0,,,,,,,,,,,,0,375.0,0.0,0.0,0,NONE
2026-09-24T17:49:21.976+00:00,1159.947,manual,Manual cook,temp,1950,134.6,,esp32,,0,,,,,,,,,,,,1,375.0,0.0,0.0,0,NONE
2026-09-24T17:49:22.976+00:00,1160.947,manual,Manual cook,temp,1950,134.1,,esp32,,0,,,,,,,,,,,,1,375.0,0.0,0.0,0,NONE
2026-09-24T17:49:23.476+00:00,1161.447,manual,Manual cook,temp,1950,133.7,,esp32,,0,,,,,,,,,,,,1,375.0,0.0,0.0,0,NONE
2026-09-24T17:49:23.976+00:00,1161.947,manual,Manual cook,temp,1950,132.8,,esp32,,0,,,,,,,,,,,,1,375.0,0.0,0.0,0,NONE
2026-09-24T17:49:24.976+00:00,1162.947,manual,Manual cook,temp,1950,134.6,,esp32,,0,,,,,,,,,,,,1,375.0,0.0,0.0,0,NONE
2026-09-24T17:49:25.976+00:00,1163.947,manual,Manual cook,temp,1950,132.8,,esp32,,0,,,,,,,,,,,,1,375.0,0.0,0.0,0,NONE
2026-09-24T17:49:26.477+00:00,1164.447,manual,Manual cook,temp,1950,133.7,,esp32,,0,,,,,,,,,,,,1,375.0,0.0,0.0,0,NONE
2026-09-24T17:49:27.476+00:00,1165.447,manual,Manual cook,temp,1950,133.3,,esp32,,0,,,,,,,,,,,,1,375.0,0.0,0.0,0,NONE
2026-09-24T17:49:28.476+00:00,1166.446,manual,Manual cook,temp,1950,134.1,,esp32,,0,,,,,,,,,,,,1,375.0,0.0,0.0,0,NONE
2026-09-24T17:49:28.976+00:00,1166.946,manual,Manual cook,temp,1950,133.7,,esp32,,0,,,,,,,,,,,,1,375.0,0.0,0.0,0,NONE
2026-09-24T17:49:29.476+00:00,1167.447,manual,Manual cook,temp,1950,132.8,,esp32,,0,,,,,,,,,,,,1,375.0,0.0,0.0,0,NONE
2026-09-24T17:49:30.476+00:00,1168.446,manual,Manual cook,temp,1950,133.3,,esp32,,0,,,,,,,,,,,,1,375.0,0.0,0.0,0,NONE
2026-09-24T17:49:30.976+00:00,1168.947,manual,Manual cook,temp,1950,132.4,,esp32,,0,,,,,,,,,,,,1,375.0,0.0,0.0,0,NONE
2026-09-24T17:49:31.476+00:00,1169.447,manual,Manual cook,temp,1950,133.3,,esp32,,0,,,,,,,,,,,,1,375.0,0.0,0.0,0,NONE
2026-09-24T17:49:31.976+00:00,1169.947,manual,Manual cook,temp,1950,133.7,,esp32,,0,,,,,,,,,,,,1,375.0,0.0,0.0,0,NONE
2026-09-24T17:49:32.976+00:00,1170.946,manual,Manual cook,temp,1950,132.8,,esp32,,0,,,,,,,,,,,,1,375.0,0.0,0.0,0,NONE
2026-09-24T17:49:33.476+00:00,1171.446,manual,Manual cook,temp,1950,131.4,,esp32,,0,,,,,,,,,,,,1,375.0,0.0,0.0,0,NONE
2026-09-24T17:49:34.476+00:00,1172.446,manual,Manual cook,temp,1950,132.8,,esp32,,0,,,,,,,,,,,,1,375.0,0.0,0.0,0,NONE
2026-09-24T17:49:35.476+00:00,1173.446,manual,Manual cook,temp,1950,133.3,,esp32,,0,,,,,,,,,,,,1,375.0,0.0,0.0,0,NONE
2026-09-24T17:49:35.976+00:00,1173.946,manual,Manual cook,temp,1950,132.8,,esp32,,0,,,,,,,,,,,,1,375.0,0.0,0.0,0,NONE
2026-09-24T17:49:36.476+00:00,1174.446,manual,Manual cook,temp,1950,133.3,,esp32,,0,,,,,,,,,,,,1,375.0,0.0,0.0,0,NONE
2026-09-24T17:49:36.976+00:00,1174.946,manual,Manual cook,temp,1950,132.8,,esp32,,0,,,,,,,,,,,,1,375.0,0.0,0.0,0,NONE
2026-09-24T17:49:37.976+00:00,1175.946,manual,Manual cook,temp,1950,131.9,,esp32,,0,,,,,,,,,,,,1,375.0,0.0,0.0,0,NONE
2026-09-24T17:49:38.476+00:00,1176.446,manual,Manual cook,temp,1950,131.0,,esp32,,0,,,,,,,,,,,,1,375.0,0.0,0.0,0,NONE
2026-09-24T17:49:39.476+00:00,1177.446,manual,Manual cook,temp,1950,132.4,,esp32,,0,,,,,,,,,,,,1,375.0,0.0,0.0,0,NONE
2026-09-24T17:49:40.476+00:00,1178.446,manual,Manual cook,temp,1950,132.4,,esp32,,0,,,,,,,,,,,,1,375.0,0.0,0.0,0,NONE
2026-09-24T17:49:41.476+00:00,1179.446,manual,Manual cook,temp,1950,132.4,,esp32,,0,,,,,,,,,,,,1,375.0,0.0,0.0,0,NONE
2026-09-24T17:49:42.476+00:00,1180.447,manual,Manual cook,temp,1950,131.9,,esp32,,0,,,,,,,,,,,,1,375.0,0.0,0.0,0,NONE
2026-09-24T17:49:43.476+00:00,1181.446,manual,Manual cook,temp,1950,131.4,,esp32,,0,,,,,,,,,,,,1,375.0,0.0,0.0,0,NONE
2026-09-24T17:49:44.476+00:00,1182.446,manual,Manual cook,temp,1950,132.4,,esp32,,0,,,,,,,,,,,,1,375.0,0.0,0.0,0,NONE
2026-09-24T17:49:45.476+00:00,1183.446,manual,Manual cook,temp,1950,131.4,,esp32,,0,,,,,,,,,,,,1,375.0,0.0,0.0,0,NONE
2026-09-24T17:49:46.475+00:00,1184.446,manual,Manual cook,temp,1950,130.1,,esp32,,0,,,,,,,,,,,,1,375.0,0.0,0.0,0,NONE
2026-09-24T17:49:46.975+00:00,1184.946,manual,Manual cook,temp,1950,130.6,,esp32,,0,,,,,,,,,,,,1,375.0,0.0,0.0,0,NONE
2026-09-24T17:49:47.477+00:00,1185.447,manual,Manual cook,temp,1950,130.6,,esp32,,0,,,,,,,,,,,,0,375.0,0.0,0.0,0,NONE
2026-09-24T17:49:48.476+00:00,1186.446,manual,Manual cook,temp,1950,129.6,,esp32,,0,,,,,,,,,,,,0,375.0,0.0,0.0,0,NONE
2026-09-24T17:49:49.475+00:00,1187.446,manual,Manual cook,temp,1950,129.2,,esp32,,0,,,,,,,,,,,,0,375.0,0.0,0.0,0,NONE
2026-09-24T17:49:50.476+00:00,1188.446,manual,Manual cook,temp,1950,129.6,,esp32,,0,,,,,,,,,,,,0,375.0,0.0,0.0,0,NONE
2026-09-24T17:49:51.476+00:00,1189.446,manual,Manual cook,temp,1950,129.2,,esp32,,0,,,,,,,,,,,,0,375.0,0.0,0.0,0,NONE
2026-09-24T17:49:52.475+00:00,1190.446,manual,Manual cook,temp,1950,128.3,,esp32,,0,,,,,,,,,,,,0,375.0,0.0,0.0,0,NONE
2026-09-24T17:49:53.478+00:00,1191.449,manual,Manual cook,temp,1950,128.8,,esp32,,0,,,,,,,,,,,,0,375.0,0.0,0.0,0,NONE
2026-09-24T17:49:54.475+00:00,1192.446,manual,Manual cook,temp,1950,129.2,,esp32,,0,,,,,,,,,,,,0,375.0,0.0,0.0,0,NONE
2026-09-24T17:49:54.975+00:00,1192.946,manual,Manual cook,temp,1950,127.8,,esp32,,0,,,,,,,,,,,,0,375.0,0.0,0.0,0,NONE
2026-09-24T17:49:55.475+00:00,1193.446,manual,Manual cook,temp,1950,127.8,,esp32,,0,,,,,,,,,,,,0,375.0,0.0,0.0,0,NONE
2026-09-24T17:49:56.477+00:00,1194.447,manual,Manual cook,temp,1950,128.8,,esp32,,0,,,,,,,,,,,,0,375.0,0.0,0.0,0,NONE
2026-09-24T17:49:57.475+00:00,1195.446,manual,Manual cook,temp,1950,128.8,,esp32,,0,,,,,,,,,,,,0,375.0,0.0,0.0,0,NONE
2026-09-24T17:49:58.475+00:00,1196.446,manual,Manual cook,temp,1950,126.9,,esp32,,0,,,,,,,,,,,,0,375.0,0.0,0.0,0,NONE
2026-09-24T17:49:58.976+00:00,1196.946,manual,Manual cook,temp,1950,126.9,,esp32,,0,,,,,,,,,,,,0,375.0,0.0,0.0,0,NONE
2026-09-24T17:49:59.975+00:00,1197.945,manual,Manual cook,temp,1950,126.9,,esp32,,0,,,,,,,,,,,,0,375.0,0.0,0.0,0,NONE
2026-09-24T17:50:00.477+00:00,1198.448,manual,Manual cook,temp,1950,127.4,,esp32,,0,,,,,,,,,,,,0,375.0,0.0,0.0,0,NONE
2026-09-24T17:50:01.475+00:00,1199.446,manual,Manual cook,temp,1950,127.8,,esp32,,0,,,,,,,,,,,,0,375.0,0.0,0.0,0,NONE
2026-09-24T17:50:02.475+00:00,1200.445,manual,Manual cook,temp,1950,127.4,,esp32,,0,,,,,,,,,,,,0,375.0,0.0,0.0,0,NONE
2026-09-24T17:50:03.475+00:00,1201.446,manual,Manual cook,temp,1950,126.9,,esp32,,0,,,,,,,,,,,,0,375.0,0.0,0.0,0,NONE
2026-09-24T17:50:04.475+00:00,1202.446,manual,Manual cook,temp,1950,127.8,,esp32,,0,,,,,,,,,,,,0,375.0,0.0,0.0,0,NONE
2026-09-24T17:50:05.475+00:00,1203.446,manual,Manual cook,temp,1950,127.4,,esp32,,0,,,,,,,,,,,,0,375.0,0.0,0.0,0,NONE
2026-09-24T17:50:06.476+00:00,1204.446,manual,Manual cook,temp,1950,126.5,,esp32,,0,,,,,,,,,,,,0,375.0,0.0,0.0,0,NONE
2026-09-24T17:50:07.430+00:00,1205.400,manual,Manual cook,idle,0,126.5,,esp32,,0,,,,,,,,,,,,0,,0.0,0.0,0,STOPPED
