timestamp_utc,elapsed_s,cook_type,cook_name,mode,fan_speed_rpm,chamber_temp_f,effective_probe_temp_f,probe_source,esp32_probe_temp_f,inkbird_connected,inkbird_battery_pct,inkbird_internal_1_f,inkbird_internal_2_f,inkbird_internal_3_f,inkbird_internal_4_f,inkbird_ambient_f,inkbird_internal_1_raw_f,inkbird_internal_2_raw_f,inkbird_internal_3_raw_f,inkbird_internal_4_raw_f,inkbird_ambient_raw_f,drawer_closed,set_temperature_f,top_heater_duty_pct,bottom_heater_duty_pct,paused,fault
2026-10-05T13:57:25.208+00:00,0.007,manual,Manual cook,temp,0,71.2,,esp32,,0,,,,,,,,,,,,1,450.0,0.0,0.0,0,NONE
2026-10-05T13:57:25.809+00:00,0.608,manual,Manual cook,temp,2100,70.7,,esp32,,0,,,,,,,,,,,,1,450.0,24.0,100.0,0,NONE
2026-10-05T13:57:26.311+00:00,1.110,manual,Manual cook,temp,2100,70.7,,esp32,,0,,,,,,,,,,,,1,450.0,44.0,100.0,0,NONE
2026-10-05T13:57:27.309+00:00,2.108,manual,Manual cook,temp,2100,70.2,,esp32,,0,,,,,,,,,,,,1,450.0,84.0,100.0,0,NONE
2026-10-05T13:57:27.809+00:00,2.608,manual,Manual cook,temp,2100,69.8,,esp32,,0,,,,,,,,,,,,1,450.0,100.0,100.0,0,NONE
2026-10-05T13:57:28.809+00:00,3.608,manual,Manual cook,temp,2100,71.6,,esp32,,0,,,,,,,,,,,,1,450.0,100.0,100.0,0,NONE
2026-10-05T13:57:29.809+00:00,4.608,manual,Manual cook,temp,2100,71.2,,esp32,,0,,,,,,,,,,,,1,450.0,100.0,100.0,0,NONE
2026-10-05T13:57:30.809+00:00,5.608,manual,Manual cook,temp,2100,73.4,,esp32,,0,,,,,,,,,,,,1,450.0,100.0,100.0,0,NONE
2026-10-05T13:57:31.809+00:00,6.608,manual,Manual cook,temp,2100,74.3,,esp32,,0,,,,,,,,,,,,1,450.0,100.0,100.0,0,NONE
2026-10-05T13:57:32.310+00:00,7.109,manual,Manual cook,temp,2100,74.3,,esp32,,0,,,,,,,,,,,,1,450.0,100.0,100.0,0,NONE
2026-10-05T13:57:33.311+00:00,8.110,manual,Manual cook,temp,2100,77.0,,esp32,,0,,,,,,,,,,,,1,450.0,100.0,100.0,0,NONE
2026-10-05T13:57:34.309+00:00,9.108,manual,Manual cook,temp,2100,77.4,,esp32,,0,,,,,,,,,,,,1,450.0,100.0,100.0,0,NONE
2026-10-05T13:57:34.809+00:00,9.608,manual,Manual cook,temp,2100,78.3,,esp32,,0,,,,,,,,,,,,1,450.0,100.0,100.0,0,NONE
2026-10-05T13:57:35.809+00:00,10.608,manual,Manual cook,temp,2100,80.6,,esp32,,0,,,,,,,,,,,,1,450.0,100.0,100.0,0,NONE
2026-10-05T13:57:36.809+00:00,11.608,manual,Manual cook,temp,2100,81.9,,esp32,,0,,,,,,,,,,,,1,450.0,100.0,100.0,0,NONE
2026-10-05T13:57:37.309+00:00,12.108,manual,Manual cook,temp,2100,83.3,,esp32,,0,,,,,,,,,,,,1,450.0,100.0,100.0,0,NONE
2026-10-05T13:57:38.309+00:00,13.108,manual,Manual cook,temp,2100,84.2,,esp32,,0,,,,,,,,,,,,1,450.0,100.0,100.0,0,NONE
2026-10-05T13:57:38.809+00:00,13.608,manual,Manual cook,temp,2100,87.3,,esp32,,0,,,,,,,,,,,,1,450.0,100.0,100.0,0,NONE
2026-10-05T13:57:39.309+00:00,14.108,manual,Manual cook,temp,2100,88.2,,esp32,,0,,,,,,,,,,,,1,450.0,100.0,100.0,0,NONE
2026-10-05T13:57:40.309+00:00,15.108,manual,Manual cook,temp,2100,88.7,,esp32,,0,,,,,,,,,,,,1,450.0,100.0,100.0,0,NONE
2026-10-05T13:57:41.309+00:00,16.108,manual,Manual cook,temp,2100,92.3,,esp32,,0,,,,,,,,,,,,1,450.0,100.0,100.0,0,NONE
2026-10-05T13:57:42.309+00:00,17.108,manual,Manual cook,temp,2100,94.6,,esp32,,0,,,,,,,,,,,,1,450.0,100.0,100.0,0,NONE
2026-10-05T13:57:43.309+00:00,18.108,manual,Manual cook,temp,2100,96.8,,esp32,,0,,,,,,,,,,,,1,450.0,100.0,100.0,0,NONE
2026-10-05T13:57:43.809+00:00,18.608,manual,Manual cook,temp,2100,98.6,,esp32,,0,,,,,,,,,,,,1,450.0,100.0,100.0,0,NONE
2026-10-05T13:57:44.809+00:00,19.608,manual,Manual cook,temp,2100,99.9,,esp32,,0,,,,,,,,,,,,1,450.0,100.0,100.0,0,NONE
2026-10-05T13:57:45.309+00:00,20.108,manual,Manual cook,temp,2100,101.7,,esp32,,0,,,,,,,,,,,,1,450.0,100.0,100.0,0,NONE
2026-10-05T13:57:46.309+00:00,21.108,manual,Manual cook,temp,2100,104.9,,esp32,,0,,,,,,,,,,,,1,450.0,100.0,100.0,0,NONE
2026-10-05T13:57:47.309+00:00,22.108,manual,Manual cook,temp,2100,107.6,,esp32,,0,,,,,,,,,,,,1,450.0,100.0,100.0,0,NONE
2026-10-05T13:57:48.309+00:00,23.108,manual,Manual cook,temp,2100,109.4,,esp32,,0,,,,,,,,,,,,1,450.0,100.0,100.0,0,NONE
2026-10-05T13:57:48.809+00:00,23.608,manual,Manual cook,temp,2100,110.7,,esp32,,0,,,,,,,,,,,,1,450.0,100.0,100.0,0,NONE
2026-10-05T13:57:49.809+00:00,24.608,manual,Manual cook,temp,2100,114.3,,esp32,,0,,,,,,,,,,,,1,450.0,100.0,100.0,0,NONE
2026-10-05T13:57:50.309+00:00,25.108,manual,Manual cook,temp,2100,117.1,,esp32,,0,,,,,,,,,,,,1,450.0,100.0,100.0,0,NONE
2026-10-05T13:57:50.812+00:00,25.611,manual,Manual cook,temp,2100,118.4,,esp32,,0,,,,,,,,,,,,1,450.0,100.0,100.0,0,NONE
2026-10-05T13:57:51.809+00:00,26.608,manual,Manual cook,temp,2100,120.7,,esp32,,0,,,,,,,,,,,,1,450.0,100.0,100.0,0,NONE
2026-10-05T13:57:52.809+00:00,27.608,manual,Manual cook,temp,2100,122.0,,esp32,,0,,,,,,,,,,,,1,450.0,100.0,100.0,0,NONE
2026-10-05T13:57:53.309+00:00,28.108,manual,Manual cook,temp,2100,125.2,,esp32,,0,,,,,,,,,,,,1,450.0,100.0,100.0,0,NONE
2026-10-05T13:57:53.809+00:00,28.608,manual,Manual cook,temp,2100,126.1,,esp32,,0,,,,,,,,,,,,1,450.0,100.0,100.0,0,NONE
2026-10-05T13:57:54.809+00:00,29.608,manual,Manual cook,temp,2100,129.6,,esp32,,0,,,,,,,,,,,,1,450.0,100.0,100.0,0,NONE
2026-10-05T13:57:55.309+00:00,30.108,manual,Manual cook,temp,2100,129.6,,esp32,,0,,,,,,,,,,,,1,450.0,100.0,100.0,0,NONE
2026-10-05T13:57:56.309+00:00,31.108,manual,Manual cook,temp,2100,134.1,,esp32,,0,,,,,,,,,,,,1,450.0,100.0,100.0,0,NONE
2026-10-05T13:57:56.810+00:00,31.609,manual,Manual cook,temp,2100,135.9,,esp32,,0,,,,,,,,,,,,1,450.0,100.0,100.0,0,NONE
2026-10-05T13:57:57.809+00:00,32.608,manual,Manual cook,temp,2100,136.4,,esp32,,0,,,,,,,,,,,,1,450.0,100.0,100.0,0,NONE
2026-10-05T13:57:58.309+00:00,33.108,manual,Manual cook,temp,2100,138.6,,esp32,,0,,,,,,,,,,,,1,450.0,100.0,100.0,0,NONE
2026-10-05T13:57:58.809+00:00,33.608,manual,Manual cook,temp,2100,142.3,,esp32,,0,,,,,,,,,,,,1,450.0,100.0,100.0,0,NONE
2026-10-05T13:57:59.309+00:00,34.108,manual,Manual cook,temp,2100,142.3,,esp32,,0,,,,,,,,,,,,1,450.0,100.0,100.0,0,NONE
2026-10-05T13:58:00.309+00:00,35.108,manual,Manual cook,temp,2100,147.2,,esp32,,0,,,,,,,,,,,,1,450.0,100.0,100.0,0,NONE
2026-10-05T13:58:01.309+00:00,36.108,manual,Manual cook,temp,2100,148.6,,esp32,,0,,,,,,,,,,,,1,450.0,100.0,100.0,0,NONE
2026-10-05T13:58:01.809+00:00,36.608,manual,Manual cook,temp,2100,150.4,,esp32,,0,,,,,,,,,,,,1,450.0,100.0,100.0,0,NONE
2026-10-05T13:58:02.809+00:00,37.608,manual,Manual cook,temp,2100,154.4,,esp32,,0,,,,,,,,,,,,1,450.0,100.0,100.0,0,NONE
2026-10-05T13:58:03.808+00:00,38.608,manual,Manual cook,temp,2100,156.2,,esp32,,0,,,,,,,,,,,,1,450.0,100.0,100.0,0,NONE
2026-10-05T13:58:04.309+00:00,39.108,manual,Manual cook,temp,2100,158.0,,esp32,,0,,,,,,,,,,,,1,450.0,100.0,100.0,0,NONE
2026-10-05T13:58:04.809+00:00,39.608,manual,Manual cook,temp,2100,161.1,,esp32,,0,,,,,,,,,,,,1,450.0,100.0,100.0,0,NONE
2026-10-05T13:58:05.808+00:00,40.607,manual,Manual cook,temp,2100,162.5,,esp32,,0,,,,,,,,,,,,1,450.0,100.0,100.0,0,NONE
2026-10-05T13:58:06.808+00:00,41.608,manual,Manual cook,temp,2100,165.2,,esp32,,0,,,,,,,,,,,,1,450.0,100.0,100.0,0,NONE
2026-10-05T13:58:07.808+00:00,42.607,manual,Manual cook,temp,2100,168.8,,esp32,,0,,,,,,,,,,,,1,450.0,100.0,100.0,0,NONE
2026-10-05T13:58:08.309+00:00,43.108,manual,Manual cook,temp,2100,169.7,,esp32,,0,,,,,,,,,,,,1,450.0,100.0,100.0,0,NONE
2026-10-05T13:58:09.311+00:00,44.110,manual,Manual cook,temp,2100,173.3,,esp32,,0,,,,,,,,,,,,1,450.0,100.0,100.0,0,NONE
2026-10-05T13:58:10.308+00:00,45.107,manual,Manual cook,temp,2100,176.4,,esp32,,0,,,,,,,,,,,,1,450.0,100.0,100.0,0,NONE
2026-10-05T13:58:11.310+00:00,46.109,manual,Manual cook,temp,2100,179.6,,esp32,,0,,,,,,,,,,,,1,450.0,100.0,100.0,0,NONE
2026-10-05T13:58:12.308+00:00,47.107,manual,Manual cook,temp,2100,181.9,,esp32,,0,,,,,,,,,,,,1,450.0,100.0,100.0,0,NONE
2026-10-05T13:58:13.308+00:00,48.108,manual,Manual cook,temp,2100,187.3,,esp32,,0,,,,,,,,,,,,1,450.0,100.0,100.0,0,NONE
2026-10-05T13:58:14.308+00:00,49.107,manual,Manual cook,temp,2100,188.6,,esp32,,0,,,,,,,,,,,,1,450.0,100.0,100.0,0,NONE
2026-10-05T13:58:14.809+00:00,49.608,manual,Manual cook,temp,2100,191.3,,esp32,,0,,,,,,,,,,,,1,450.0,100.0,100.0,0,NONE
2026-10-05T13:58:15.309+00:00,50.108,manual,Manual cook,temp,2100,192.2,,esp32,,0,,,,,,,,,,,,1,450.0,100.0,100.0,0,NONE
2026-10-05T13:58:15.809+00:00,50.608,manual,Manual cook,temp,2100,194.9,,esp32,,0,,,,,,,,,,,,1,450.0,100.0,100.0,0,NONE
2026-10-05T13:58:16.309+00:00,51.108,manual,Manual cook,temp,2100,197.6,,esp32,,0,,,,,,,,,,,,1,450.0,100.0,100.0,0,NONE
2026-10-05T13:58:17.308+00:00,52.107,manual,Manual cook,temp,2100,198.5,,esp32,,0,,,,,,,,,,,,1,450.0,100.0,100.0,0,NONE
2026-10-05T13:58:17.808+00:00,52.607,manual,Manual cook,temp,2100,202.1,,esp32,,0,,,,,,,,,,,,1,450.0,100.0,100.0,0,NONE
2026-10-05T13:58:18.808+00:00,53.607,manual,Manual cook,temp,2100,204.8,,esp32,,0,,,,,,,,,,,,1,450.0,100.0,100.0,0,NONE
2026-10-05T13:58:19.308+00:00,54.108,manual,Manual cook,temp,2100,206.1,,esp32,,0,,,,,,,,,,,,1,450.0,100.0,100.0,0,NONE
2026-10-05T13:58:20.308+00:00,55.107,manual,Manual cook,temp,2100,208.9,,esp32,,0,,,,,,,,,,,,1,450.0,100.0,100.0,0,NONE
2026-10-05T13:58:20.808+00:00,55.607,manual,Manual cook,temp,2100,211.1,,esp32,,0,,,,,,,,,,,,1,450.0,100.0,100.0,0,NONE
2026-10-05T13:58:21.310+00:00,56.109,manual,Manual cook,temp,2100,211.1,,esp32,,0,,,,,,,,,,,,1,450.0,100.0,100.0,0,NONE
2026-10-05T13:58:21.810+00:00,56.609,manual,Manual cook,temp,2100,213.4,,esp32,,0,,,,,,,,,,,,1,450.0,100.0,100.0,0,NONE
2026-10-05T13:58:22.808+00:00,57.607,manual,Manual cook,temp,2100,217.4,,esp32,,0,,,,,,,,,,,,1,450.0,100.0,100.0,0,NONE
2026-10-05T13:58:23.308+00:00,58.107,manual,Manual cook,temp,2100,219.2,,esp32,,0,,,,,,,,,,,,1,450.0,100.0,100.0,0,NONE
2026-10-05T13:58:23.808+00:00,58.607,manual,Manual cook,temp,2100,220.6,,esp32,,0,,,,,,,,,,,,1,450.0,100.0,100.0,0,NONE
2026-10-05T13:58:24.808+00:00,59.607,manual,Manual cook,temp,2100,222.4,,esp32,,0,,,,,,,,,,,,1,450.0,100.0,100.0,0,NONE
2026-10-05T13:58:25.308+00:00,60.107,manual,Manual cook,temp,2100,223.7,,esp32,,0,,,,,,,,,,,,1,450.0,100.0,100.0,0,NONE
2026-10-05T13:58:26.308+00:00,61.107,manual,Manual cook,temp,2100,228.2,,esp32,,0,,,,,,,,,,,,1,450.0,100.0,100.0,0,NONE
2026-10-05T13:58:26.808+00:00,61.607,manual,Manual cook,temp,2100,229.1,,esp32,,0,,,,,,,,,,,,1,450.0,100.0,100.0,0,NONE
2026-10-05T13:58:27.313+00:00,62.112,manual,Manual cook,temp,2100,230.9,,esp32,,0,,,,,,,,,,,,1,450.0,100.0,100.0,0,NONE
2026-10-05T13:58:28.310+00:00,63.109,manual,Manual cook,temp,2100,233.1,,esp32,,0,,,,,,,,,,,,1,450.0,100.0,100.0,0,NONE
2026-10-05T13:58:29.308+00:00,64.107,manual,Manual cook,temp,2100,235.4,,esp32,,0,,,,,,,,,,,,1,450.0,100.0,100.0,0,NONE
2026-10-05T13:58:30.308+00:00,65.107,manual,Manual cook,temp,2100,239.9,,esp32,,0,,,,,,,,,,,,1,450.0,100.0,100.0,0,NONE
2026-10-05T13:58:31.308+00:00,66.107,manual,Manual cook,temp,2100,240.8,,esp32,,0,,,,,,,,,,,,1,450.0,100.0,100.0,0,NONE
2026-10-05T13:58:31.808+00:00,66.607,manual,Manual cook,temp,2100,245.3,,esp32,,0,,,,,,,,,,,,1,450.0,100.0,100.0,0,NONE
2026-10-05T13:58:32.808+00:00,67.607,manual,Manual cook,temp,2100,247.6,,esp32,,0,,,,,,,,,,,,1,450.0,100.0,100.0,0,NONE
2026-10-05T13:58:33.309+00:00,68.108,manual,Manual cook,temp,2100,247.6,,esp32,,0,,,,,,,,,,,,1,450.0,100.0,100.0,0,NONE
2026-10-05T13:58:34.308+00:00,69.107,manual,Manual cook,temp,2100,252.5,,esp32,,0,,,,,,,,,,,,1,450.0,100.0,100.0,0,NONE
2026-10-05T13:58:35.310+00:00,70.109,manual,Manual cook,temp,2100,254.3,,esp32,,0,,,,,,,,,,,,1,450.0,100.0,100.0,0,NONE
2026-10-05T13:58:36.308+00:00,71.107,manual,Manual cook,temp,2100,256.5,,esp32,,0,,,,,,,,,,,,1,450.0,100.0,100.0,0,NONE
2026-10-05T13:58:36.808+00:00,71.607,manual,Manual cook,temp,2100,260.6,,esp32,,0,,,,,,,,,,,,1,450.0,100.0,100.0,0,NONE
2026-10-05T13:58:37.308+00:00,72.107,manual,Manual cook,temp,2100,261.5,,esp32,,0,,,,,,,,,,,,1,450.0,100.0,100.0,0,NONE
2026-10-05T13:58:38.308+00:00,73.107,manual,Manual cook,temp,2100,263.3,,esp32,,0,,,,,,,,,,,,1,450.0,100.0,100.0,0,NONE
2026-10-05T13:58:38.808+00:00,73.607,manual,Manual cook,temp,2100,264.2,,esp32,,0,,,,,,,,,,,,1,450.0,100.0,100.0,0,NONE
2026-10-05T13:58:39.308+00:00,74.107,manual,Manual cook,temp,2100,265.1,,esp32,,0,,,,,,,,,,,,1,450.0,100.0,100.0,0,NONE
2026-10-05T13:58:40.308+00:00,75.107,manual,Manual cook,temp,2100,268.7,,esp32,,0,,,,,,,,,,,,1,450.0,100.0,100.0,0,NONE
2026-10-05T13:58:40.809+00:00,75.608,manual,Manual cook,temp,2100,269.6,,esp32,,0,,,,,,,,,,,,1,450.0,100.0,100.0,0,NONE
2026-10-05T13:58:41.808+00:00,76.607,manual,Manual cook,temp,2100,274.1,,esp32,,0,,,,,,,,,,,,1,450.0,100.0,100.0,0,NONE
2026-10-05T13:58:42.808+00:00,77.607,manual,Manual cook,temp,2100,276.8,,esp32,,0,,,,,,,,,,,,1,450.0,100.0,100.0,0,NONE
2026-10-05T13:58:43.308+00:00,78.107,manual,Manual cook,temp,2100,279.0,,esp32,,0,,,,,,,,,,,,1,450.0,100.0,100.0,0,NONE
2026-10-05T13:58:44.308+00:00,79.107,manual,Manual cook,temp,2100,280.4,,esp32,,0,,,,,,,,,,,,1,450.0,100.0,100.0,0,NONE
2026-10-05T13:58:45.309+00:00,80.108,manual,Manual cook,temp,2100,281.8,,esp32,,0,,,,,,,,,,,,1,450.0,100.0,100.0,0,NONE
2026-10-05T13:58:46.308+00:00,81.107,manual,Manual cook,temp,2100,286.7,,esp32,,0,,,,,,,,,,,,1,450.0,100.0,100.0,0,NONE
2026-10-05T13:58:46.808+00:00,81.607,manual,Manual cook,temp,2100,286.7,,esp32,,0,,,,,,,,,,,,1,450.0,100.0,100.0,0,NONE
2026-10-05T13:58:47.808+00:00,82.607,manual,Manual cook,temp,2100,290.8,,esp32,,0,,,,,,,,,,,,1,450.0,100.0,100.0,0,NONE
2026-10-05T13:58:48.808+00:00,83.607,manual,Manual cook,temp,2100,293.0,,esp32,,0,,,,,,,,,,,,1,450.0,100.0,100.0,0,NONE
2026-10-05T13:58:49.308+00:00,84.107,manual,Manual cook,temp,2100,294.8,,esp32,,0,,,,,,,,,,,,1,450.0,100.0,100.0,0,NONE
2026-10-05T13:58:49.808+00:00,84.607,manual,Manual cook,temp,2100,297.0,,esp32,,0,,,,,,,,,,,,1,450.0,100.0,100.0,0,NONE
2026-10-05T13:58:50.308+00:00,85.107,manual,Manual cook,temp,2100,298.4,,esp32,,0,,,,,,,,,,,,1,450.0,100.0,100.0,0,NONE
2026-10-05T13:58:51.308+00:00,86.107,manual,Manual cook,temp,2100,299.8,,esp32,,0,,,,,,,,,,,,1,450.0,100.0,100.0,0,NONE
2026-10-05T13:58:52.309+00:00,87.108,manual,Manual cook,temp,2100,302.0,,esp32,,0,,,,,,,,,,,,1,450.0,100.0,100.0,0,NONE
2026-10-05T13:58:53.308+00:00,88.107,manual,Manual cook,temp,2100,305.6,,esp32,,0,,,,,,,,,,,,1,450.0,100.0,100.0,0,NONE
2026-10-05T13:58:54.308+00:00,89.107,manual,Manual cook,temp,2100,308.3,,esp32,,0,,,,,,,,,,,,1,450.0,100.0,100.0,0,NONE
2026-10-05T13:58:54.808+00:00,89.607,manual,Manual cook,temp,2100,309.2,,esp32,,0,,,,,,,,,,,,1,450.0,100.0,100.0,0,NONE
2026-10-05T13:58:55.308+00:00,90.107,manual,Manual cook,temp,2100,310.5,,esp32,,0,,,,,,,,,,,,1,450.0,100.0,100.0,0,NONE
2026-10-05T13:58:56.308+00:00,91.107,manual,Manual cook,temp,2100,313.7,,esp32,,0,,,,,,,,,,,,1,450.0,100.0,100.0,0,NONE
2026-10-05T13:58:56.808+00:00,91.607,manual,Manual cook,temp,2100,316.0,,esp32,,0,,,,,,,,,,,,1,450.0,100.0,100.0,0,NONE
2026-10-05T13:58:57.808+00:00,92.607,manual,Manual cook,temp,2100,317.3,,esp32,,0,,,,,,,,,,,,1,450.0,100.0,100.0,0,NONE
2026-10-05T13:58:58.308+00:00,93.107,manual,Manual cook,temp,2100,317.8,,esp32,,0,,,,,,,,,,,,1,450.0,100.0,100.0,0,NONE
2026-10-05T13:58:58.808+00:00,93.607,manual,Manual cook,temp,2100,321.4,,esp32,,0,,,,,,,,,,,,1,450.0,100.0,100.0,0,NONE
2026-10-05T13:58:59.309+00:00,94.108,manual,Manual cook,temp,2100,321.4,,esp32,,0,,,,,,,,,,,,1,450.0,100.0,100.0,0,NONE
2026-10-05T13:59:00.308+00:00,95.107,manual,Manual cook,temp,2100,325.9,,esp32,,0,,,,,,,,,,,,1,450.0,100.0,100.0,0,NONE
2026-10-05T13:59:01.308+00:00,96.107,manual,Manual cook,temp,2100,327.6,,esp32,,0,,,,,,,,,,,,1,450.0,100.0,100.0,0,NONE
2026-10-05T13:59:02.308+00:00,97.107,manual,Manual cook,temp,2100,329.0,,esp32,,0,,,,,,,,,,,,1,450.0,100.0,100.0,0,NONE
2026-10-05T13:59:03.308+00:00,98.107,manual,Manual cook,temp,2100,333.5,,esp32,,0,,,,,,,,,,,,1,450.0,100.0,100.0,0,NONE
2026-10-05T13:59:04.308+00:00,99.107,manual,Manual cook,temp,2100,334.4,,esp32,,0,,,,,,,,,,,,1,450.0,100.0,100.0,0,NONE
2026-10-05T13:59:04.808+00:00,99.607,manual,Manual cook,temp,2100,335.8,,esp32,,0,,,,,,,,,,,,1,450.0,100.0,100.0,0,NONE
2026-10-05T13:59:05.308+00:00,100.107,manual,Manual cook,temp,2100,338.9,,esp32,,0,,,,,,,,,,,,1,450.0,100.0,100.0,0,NONE
2026-10-05T13:59:06.308+00:00,101.107,manual,Manual cook,temp,2100,341.6,,esp32,,0,,,,,,,,,,,,1,450.0,100.0,100.0,0,NONE
2026-10-05T13:59:06.808+00:00,101.607,manual,Manual cook,temp,2100,343.0,,esp32,,0,,,,,,,,,,,,1,450.0,100.0,100.0,0,NONE
2026-10-05T13:59:07.808+00:00,102.607,manual,Manual cook,temp,2100,343.4,,esp32,,0,,,,,,,,,,,,1,450.0,100.0,100.0,0,NONE
2026-10-05T13:59:08.308+00:00,103.107,manual,Manual cook,temp,2100,345.2,,esp32,,0,,,,,,,,,,,,1,450.0,100.0,100.0,0,NONE
2026-10-05T13:59:08.808+00:00,103.607,manual,Manual cook,temp,2100,347.9,,esp32,,0,,,,,,,,,,,,1,450.0,100.0,100.0,0,NONE
2026-10-05T13:59:09.808+00:00,104.607,manual,Manual cook,temp,2100,350.1,,esp32,,0,,,,,,,,,,,,1,450.0,100.0,100.0,0,NONE
2026-10-05T13:59:10.808+00:00,105.607,manual,Manual cook,temp,2100,352.4,,esp32,,0,,,,,,,,,,,,1,450.0,100.0,100.0,0,NONE
2026-10-05T13:59:11.808+00:00,106.607,manual,Manual cook,temp,2100,355.1,,esp32,,0,,,,,,,,,,,,1,450.0,100.0,100.0,0,NONE
2026-10-05T13:59:12.808+00:00,107.607,manual,Manual cook,temp,2100,355.5,,esp32,,0,,,,,,,,,,,,1,450.0,100.0,100.0,0,NONE
2026-10-05T13:59:13.308+00:00,108.107,manual,Manual cook,temp,2100,359.1,,esp32,,0,,,,,,,,,,,,1,450.0,100.0,100.0,0,NONE
2026-10-05T13:59:14.308+00:00,109.107,manual,Manual cook,temp,2100,360.5,,esp32,,0,,,,,,,,,,,,1,450.0,100.0,100.0,0,NONE
2026-10-05T13:59:15.308+00:00,110.107,manual,Manual cook,temp,2100,363.6,,esp32,,0,,,,,,,,,,,,1,450.0,100.0,100.0,0,NONE
2026-10-05T13:59:16.308+00:00,111.107,manual,Manual cook,temp,2100,365.5,,esp32,,0,,,,,,,,,,,,1,450.0,100.0,100.0,0,NONE
2026-10-05T13:59:17.308+00:00,112.107,manual,Manual cook,temp,2100,367.3,,esp32,,0,,,,,,,,,,,,1,450.0,100.0,100.0,0,NONE
2026-10-05T13:59:18.307+00:00,113.107,manual,Manual cook,temp,2100,370.4,,esp32,,0,,,,,,,,,,,,1,450.0,100.0,100.0,0,NONE
2026-10-05T13:59:18.808+00:00,113.607,manual,Manual cook,temp,2100,373.1,,esp32,,0,,,,,,,,,,,,1,450.0,100.0,100.0,0,NONE
2026-10-05T13:59:19.308+00:00,114.107,manual,Manual cook,temp,2100,373.1,,esp32,,0,,,,,,,,,,,,1,450.0,100.0,100.0,0,NONE
2026-10-05T13:59:20.308+00:00,115.107,manual,Manual cook,temp,2100,376.7,,esp32,,0,,,,,,,,,,,,1,450.0,100.0,100.0,0,NONE
2026-10-05T13:59:21.307+00:00,116.106,manual,Manual cook,temp,2100,377.6,,esp32,,0,,,,,,,,,,,,1,450.0,100.0,100.0,0,NONE
2026-10-05T13:59:22.307+00:00,117.106,manual,Manual cook,temp,2100,381.2,,esp32,,0,,,,,,,,,,,,1,450.0,100.0,100.0,0,NONE
2026-10-05T13:59:22.808+00:00,117.607,manual,Manual cook,temp,2100,381.6,,esp32,,0,,,,,,,,,,,,1,450.0,100.0,100.0,0,NONE
2026-10-05T13:59:23.309+00:00,118.108,manual,Manual cook,temp,2100,381.6,,esp32,,0,,,,,,,,,,,,1,450.0,100.0,100.0,0,NONE
2026-10-05T13:59:24.307+00:00,119.106,manual,Manual cook,temp,2100,386.6,,esp32,,0,,,,,,,,,,,,1,450.0,100.0,100.0,0,NONE
2026-10-05T13:59:25.307+00:00,120.106,manual,Manual cook,temp,2100,387.5,,esp32,,0,,,,,,,,,,,,1,450.0,100.0,100.0,0,NONE
2026-10-05T13:59:25.807+00:00,120.606,manual,Manual cook,temp,2100,389.8,,esp32,,0,,,,,,,,,,,,1,450.0,100.0,100.0,0,NONE
2026-10-05T13:59:26.807+00:00,121.606,manual,Manual cook,temp,2100,391.5,,esp32,,0,,,,,,,,,,,,1,450.0,90.0,90.0,0,NONE
2026-10-05T13:59:27.307+00:00,122.106,manual,Manual cook,temp,2100,392.9,,esp32,,0,,,,,,,,,,,,1,450.0,95.0,95.0,0,NONE
2026-10-05T13:59:27.807+00:00,122.606,manual,Manual cook,temp,2100,393.8,,esp32,,0,,,,,,,,,,,,1,450.0,100.0,100.0,0,NONE
2026-10-05T13:59:28.807+00:00,123.606,manual,Manual cook,temp,2100,396.5,,esp32,,0,,,,,,,,,,,,1,450.0,89.0,89.0,0,NONE
2026-10-05T13:59:29.307+00:00,124.106,manual,Manual cook,temp,2100,397.4,,esp32,,0,,,,,,,,,,,,1,450.0,95.0,95.0,0,NONE
2026-10-05T13:59:30.307+00:00,125.106,manual,Manual cook,temp,2100,400.1,,esp32,,0,,,,,,,,,,,,1,450.0,83.0,83.0,0,NONE
2026-10-05T13:59:30.807+00:00,125.606,manual,Manual cook,temp,2100,400.1,,esp32,,0,,,,,,,,,,,,1,450.0,100.0,100.0,0,NONE
2026-10-05T13:59:31.310+00:00,126.109,manual,Manual cook,temp,2100,401.5,,esp32,,0,,,,,,,,,,,,1,450.0,81.0,81.0,0,NONE
2026-10-05T13:59:32.308+00:00,127.107,manual,Manual cook,temp,2100,404.1,,esp32,,0,,,,,,,,,,,,1,450.0,91.0,91.0,0,NONE
2026-10-05T13:59:33.307+00:00,128.106,manual,Manual cook,temp,2100,408.2,,esp32,,0,,,,,,,,,,,,1,450.0,79.0,79.0,0,NONE
2026-10-05T13:59:34.307+00:00,129.106,manual,Manual cook,temp,2100,409.5,,esp32,,0,,,,,,,,,,,,1,450.0,67.0,67.0,0,NONE
2026-10-05T13:59:35.307+00:00,130.106,manual,Manual cook,temp,2100,411.8,,esp32,,0,,,,,,,,,,,,1,450.0,71.0,71.0,0,NONE
2026-10-05T13:59:35.807+00:00,130.606,manual,Manual cook,temp,2100,411.8,,esp32,,0,,,,,,,,,,,,1,450.0,86.0,86.0,0,NONE
2026-10-05T13:59:36.807+00:00,131.606,manual,Manual cook,temp,2100,415.4,,esp32,,0,,,,,,,,,,,,1,450.0,58.0,58.0,0,NONE
2026-10-05T13:59:37.307+00:00,132.106,manual,Manual cook,temp,2100,417.6,,esp32,,0,,,,,,,,,,,,1,450.0,47.0,47.0,0,NONE
2026-10-05T13:59:37.807+00:00,132.606,manual,Manual cook,temp,2100,417.6,,esp32,,0,,,,,,,,,,,,1,450.0,68.0,68.0,0,NONE
2026-10-05T13:59:38.807+00:00,133.606,manual,Manual cook,temp,2100,419.5,,esp32,,0,,,,,,,,,,,,1,450.0,51.0,51.0,0,NONE
2026-10-05T13:59:39.307+00:00,134.106,manual,Manual cook,temp,2100,421.3,,esp32,,0,,,,,,,,,,,,1,450.0,40.0,40.0,0,NONE
2026-10-05T13:59:40.307+00:00,135.106,manual,Manual cook,temp,2100,423.0,,esp32,,0,,,,,,,,,,,,1,450.0,37.0,37.0,0,NONE
2026-10-05T13:59:41.307+00:00,136.106,manual,Manual cook,temp,2100,425.3,,esp32,,0,,,,,,,,,,,,1,450.0,33.0,33.0,0,NONE
2026-10-05T13:59:42.307+00:00,137.106,manual,Manual cook,temp,2100,427.5,,esp32,,0,,,,,,,,,,,,1,450.0,44.0,44.0,0,NONE
2026-10-05T13:59:43.307+00:00,138.106,manual,Manual cook,temp,2100,429.8,,esp32,,0,,,,,,,,,,,,1,450.0,40.0,40.0,0,NONE
2026-10-05T13:59:44.307+00:00,139.106,manual,Manual cook,temp,2100,432.5,,esp32,,0,,,,,,,,,,,,1,450.0,35.0,35.0,0,NONE
2026-10-05T13:59:45.307+00:00,140.106,manual,Manual cook,temp,2100,433.9,,esp32,,0,,,,,,,,,,,,1,450.0,25.0,25.0,0,NONE
2026-10-05T13:59:46.307+00:00,141.106,manual,Manual cook,temp,2100,438.4,,esp32,,0,,,,,,,,,,,,1,450.0,21.0,21.0,0,NONE
2026-10-05T13:59:47.307+00:00,142.106,manual,Manual cook,temp,2100,437.9,,esp32,,0,,,,,,,,,,,,1,450.0,46.0,46.0,0,NONE
2026-10-05T13:59:48.307+00:00,143.106,manual,Manual cook,temp,2100,441.0,,esp32,,0,,,,,,,,,,,,1,450.0,4.0,4.0,0,NONE
2026-10-05T13:59:48.807+00:00,143.606,manual,Manual cook,temp,2100,441.0,,esp32,,0,,,,,,,,,,,,1,450.0,33.0,33.0,0,NONE
2026-10-05T13:59:49.307+00:00,144.106,manual,Manual cook,temp,2100,444.2,,esp32,,0,,,,,,,,,,,,1,450.0,1.0,1.0,0,NONE
2026-10-05T13:59:50.307+00:00,145.106,manual,Manual cook,temp,2100,444.6,,esp32,,0,,,,,,,,,,,,1,450.0,19.0,19.0,0,NONE
2026-10-05T13:59:51.307+00:00,146.106,manual,Manual cook,temp,2100,447.4,,esp32,,0,,,,,,,,,,,,1,450.0,15.0,15.0,0,NONE
2026-10-05T13:59:52.307+00:00,147.106,manual,Manual cook,temp,2100,448.7,,esp32,,0,,,,,,,,,,,,1,450.0,0.0,0.0,0,NONE
2026-10-05T13:59:52.807+00:00,147.606,manual,Manual cook,temp,2100,450.0,,esp32,,0,,,,,,,,,,,,1,450.0,4.0,26.0,0,NONE
2026-10-05T13:59:53.807+00:00,148.606,manual,Manual cook,temp,2100,451.4,,esp32,,0,,,,,,,,,,,,1,450.0,4.0,15.0,0,NONE
2026-10-05T13:59:54.807+00:00,149.606,manual,Manual cook,temp,2100,451.9,,esp32,,0,,,,,,,,,,,,1,450.0,4.0,4.0,0,NONE
2026-10-05T13:59:55.307+00:00,150.106,manual,Manual cook,temp,2100,452.8,,esp32,,0,,,,,,,,,,,,1,450.0,0.0,0.0,0,NONE
2026-10-05T13:59:56.307+00:00,151.106,manual,Manual cook,temp,2100,453.6,,esp32,,0,,,,,,,,,,,,1,450.0,1.0,1.0,0,NONE
2026-10-05T13:59:57.307+00:00,152.106,manual,Manual cook,temp,2100,454.5,,esp32,,0,,,,,,,,,,,,1,450.0,4.0,6.0,0,NONE
2026-10-05T13:59:57.807+00:00,152.606,manual,Manual cook,temp,2100,455.5,,esp32,,0,,,,,,,,,,,,1,450.0,0.0,0.0,0,NONE
2026-10-05T13:59:58.807+00:00,153.606,manual,Manual cook,temp,2100,456.4,,esp32,,0,,,,,,,,,,,,1,450.0,4.0,12.0,0,NONE
2026-10-05T13:59:59.807+00:00,154.606,manual,Manual cook,temp,2100,457.7,,esp32,,0,,,,,,,,,,,,1,450.0,0.0,0.0,0,NONE
2026-10-05T14:00:00.807+00:00,155.606,manual,Manual cook,temp,2100,458.1,,esp32,,0,,,,,,,,,,,,1,450.0,0.0,0.0,0,NONE
2026-10-05T14:00:01.806+00:00,156.605,manual,Manual cook,temp,2100,458.6,,esp32,,0,,,,,,,,,,,,1,450.0,0.0,0.0,0,NONE
2026-10-05T14:00:02.806+00:00,157.605,manual,Manual cook,temp,2100,459.5,,esp32,,0,,,,,,,,,,,,1,450.0,0.0,0.0,0,NONE
2026-10-05T14:00:03.306+00:00,158.105,manual,Manual cook,temp,2100,459.5,,esp32,,0,,,,,,,,,,,,1,450.0,0.0,0.0,0,NONE
2026-10-05T14:00:03.807+00:00,158.606,manual,Manual cook,temp,2100,460.0,,esp32,,0,,,,,,,,,,,,1,450.0,0.0,0.0,0,NONE
2026-10-05T14:00:04.307+00:00,159.106,manual,Manual cook,temp,2100,460.4,,esp32,,0,,,,,,,,,,,,1,450.0,0.0,0.0,0,NONE
2026-10-05T14:00:05.306+00:00,160.105,manual,Manual cook,temp,2100,459.5,,esp32,,0,,,,,,,,,,,,1,450.0,4.0,10.0,0,NONE
2026-10-05T14:00:06.306+00:00,161.105,manual,Manual cook,temp,2100,460.0,,esp32,,0,,,,,,,,,,,,1,450.0,0.0,0.0,0,NONE
2026-10-05T14:00:07.306+00:00,162.105,manual,Manual cook,temp,2100,460.0,,esp32,,0,,,,,,,,,,,,1,450.0,0.0,0.0,0,NONE
2026-10-05T14:00:07.806+00:00,162.605,manual,Manual cook,temp,2100,460.4,,esp32,,0,,,,,,,,,,,,1,450.0,0.0,0.0,0,NONE
2026-10-05T14:00:08.806+00:00,163.605,manual,Manual cook,temp,2100,460.4,,esp32,,0,,,,,,,,,,,,1,450.0,0.0,0.0,0,NONE
2026-10-05T14:00:09.306+00:00,164.105,manual,Manual cook,temp,2100,460.9,,esp32,,0,,,,,,,,,,,,1,450.0,0.0,0.0,0,NONE
2026-10-05T14:00:09.807+00:00,164.606,manual,Manual cook,temp,2100,459.5,,esp32,,0,,,,,,,,,,,,1,450.0,4.0,17.0,0,NONE
2026-10-05T14:00:10.806+00:00,165.605,manual,Manual cook,temp,2100,460.4,,esp32,,0,,,,,,,,,,,,1,450.0,0.0,0.0,0,NONE
2026-10-05T14:00:11.306+00:00,166.105,manual,Manual cook,temp,2100,460.0,,esp32,,0,,,,,,,,,,,,1,450.0,0.0,0.0,0,NONE
2026-10-05T14:00:12.306+00:00,167.105,manual,Manual cook,temp,2100,460.4,,esp32,,0,,,,,,,,,,,,1,450.0,0.0,0.0,0,NONE
2026-10-05T14:00:13.306+00:00,168.105,manual,Manual cook,temp,2100,460.4,,esp32,,0,,,,,,,,,,,,1,450.0,0.0,0.0,0,NONE
2026-10-05T14:00:14.306+00:00,169.105,manual,Manual cook,temp,2100,459.5,,esp32,,0,,,,,,,,,,,,1,450.0,4.0,26.0,0,NONE
2026-10-05T14:00:15.306+00:00,170.105,manual,Manual cook,temp,2100,459.0,,esp32,,0,,,,,,,,,,,,1,450.0,4.0,4.0,0,NONE
2026-10-05T14:00:16.307+00:00,171.106,manual,Manual cook,temp,2100,458.1,,esp32,,0,,,,,,,,,,,,1,450.0,4.0,13.0,0,NONE
2026-10-05T14:00:17.307+00:00,172.106,manual,Manual cook,temp,2100,458.6,,esp32,,0,,,,,,,,,,,,1,450.0,0.0,0.0,0,NONE
2026-10-05T14:00:18.306+00:00,173.105,manual,Manual cook,temp,2100,459.0,,esp32,,0,,,,,,,,,,,,1,450.0,0.0,0.0,0,NONE
2026-10-05T14:00:19.307+00:00,174.106,manual,Manual cook,temp,2100,457.7,,esp32,,0,,,,,,,,,,,,1,450.0,5.0,5.0,0,NONE
2026-10-05T14:00:20.306+00:00,175.105,manual,Manual cook,temp,2100,457.7,,esp32,,0,,,,,,,,,,,,1,450.0,0.0,0.0,0,NONE
2026-10-05T14:00:21.306+00:00,176.105,manual,Manual cook,temp,2100,457.3,,esp32,,0,,,,,,,,,,,,1,450.0,7.0,7.0,0,NONE
2026-10-05T14:00:21.806+00:00,176.605,manual,Manual cook,temp,2100,457.3,,esp32,,0,,,,,,,,,,,,1,450.0,8.0,8.0,0,NONE
2026-10-05T14:00:22.806+00:00,177.605,manual,Manual cook,temp,2100,457.3,,esp32,,0,,,,,,,,,,,,1,450.0,0.0,0.0,0,NONE
2026-10-05T14:00:23.306+00:00,178.105,manual,Manual cook,temp,2100,457.3,,esp32,,0,,,,,,,,,,,,1,450.0,0.0,0.0,0,NONE
2026-10-05T14:00:24.306+00:00,179.105,manual,Manual cook,temp,2100,457.3,,esp32,,0,,,,,,,,,,,,1,450.0,4.0,24.0,0,NONE
2026-10-05T14:00:25.307+00:00,180.106,manual,Manual cook,temp,2100,456.8,,esp32,,0,,,,,,,,,,,,1,450.0,4.0,16.0,0,NONE
2026-10-05T14:00:26.306+00:00,181.105,manual,Manual cook,temp,2100,455.9,,esp32,,0,,,,,,,,,,,,1,450.0,0.0,0.0,0,NONE
2026-10-05T14:00:27.306+00:00,182.105,manual,Manual cook,temp,2100,456.8,,esp32,,0,,,,,,,,,,,,1,450.0,10.0,10.0,0,NONE
2026-10-05T14:00:28.306+00:00,183.105,manual,Manual cook,temp,2100,455.5,,esp32,,0,,,,,,,,,,,,1,450.0,4.0,8.0,0,NONE
2026-10-05T14:00:28.806+00:00,183.605,manual,Manual cook,temp,2100,455.5,,esp32,,0,,,,,,,,,,,,1,450.0,17.0,17.0,0,NONE
2026-10-05T14:00:29.306+00:00,184.105,manual,Manual cook,temp,2100,455.5,,esp32,,0,,,,,,,,,,,,1,450.0,3.0,3.0,0,NONE
2026-10-05T14:00:30.306+00:00,185.105,manual,Manual cook,temp,2100,455.9,,esp32,,0,,,,,,,,,,,,1,450.0,2.0,2.0,0,NONE
2026-10-05T14:00:30.806+00:00,185.605,manual,Manual cook,temp,2100,455.5,,esp32,,0,,,,,,,,,,,,1,450.0,10.0,10.0,0,NONE
2026-10-05T14:00:31.806+00:00,186.605,manual,Manual cook,temp,2100,455.9,,esp32,,0,,,,,,,,,,,,1,450.0,2.0,2.0,0,NONE
2026-10-05T14:00:32.306+00:00,187.105,manual,Manual cook,temp,2100,455.5,,esp32,,0,,,,,,,,,,,,1,450.0,10.0,10.0,0,NONE
2026-10-05T14:00:33.306+00:00,188.105,manual,Manual cook,temp,2100,454.5,,esp32,,0,,,,,,,,,,,,1,450.0,19.0,19.0,0,NONE
2026-10-05T14:00:34.306+00:00,189.105,manual,Manual cook,temp,2100,455.5,,esp32,,0,,,,,,,,,,,,1,450.0,2.0,2.0,0,NONE
2026-10-05T14:00:34.806+00:00,189.605,manual,Manual cook,temp,2100,455.0,,esp32,,0,,,,,,,,,,,,1,450.0,10.0,10.0,0,NONE
2026-10-05T14:00:35.306+00:00,190.105,manual,Manual cook,temp,2100,455.0,,esp32,,0,,,,,,,,,,,,1,450.0,3.0,3.0,0,NONE
2026-10-05T14:00:36.306+00:00,191.105,manual,Manual cook,temp,2100,455.0,,esp32,,0,,,,,,,,,,,,1,450.0,3.0,3.0,0,NONE
2026-10-05T14:00:36.806+00:00,191.605,manual,Manual cook,temp,2100,454.5,,esp32,,0,,,,,,,,,,,,1,450.0,11.0,11.0,0,NONE
2026-10-05T14:00:37.806+00:00,192.605,manual,Manual cook,temp,2100,454.5,,esp32,,0,,,,,,,,,,,,1,450.0,4.0,19.0,0,NONE
2026-10-05T14:00:38.806+00:00,193.605,manual,Manual cook,temp,2100,454.5,,esp32,,0,,,,,,,,,,,,1,450.0,0.0,0.0,0,NONE
2026-10-05T14:00:39.306+00:00,194.105,manual,Manual cook,temp,2100,454.5,,esp32,,0,,,,,,,,,,,,1,450.0,4.0,11.0,0,NONE
2026-10-05T14:00:40.306+00:00,195.105,manual,Manual cook,temp,2100,454.1,,esp32,,0,,,,,,,,,,,,1,450.0,12.0,12.0,0,NONE
2026-10-05T14:00:41.306+00:00,196.105,manual,Manual cook,temp,2100,454.1,,esp32,,0,,,,,,,,,,,,1,450.0,4.0,4.0,0,NONE
2026-10-05T14:00:42.306+00:00,197.105,manual,Manual cook,temp,2100,453.6,,esp32,,0,,,,,,,,,,,,1,450.0,0.0,0.0,0,NONE
2026-10-05T14:00:43.306+00:00,198.105,manual,Manual cook,temp,2100,454.5,,esp32,,0,,,,,,,,,,,,1,450.0,0.0,0.0,0,NONE
2026-10-05T14:00:43.806+00:00,198.605,manual,Manual cook,temp,2100,454.5,,esp32,,0,,,,,,,,,,,,1,450.0,0.0,0.0,0,NONE
2026-10-05T14:00:44.806+00:00,199.605,manual,Manual cook,temp,2100,453.6,,esp32,,0,,,,,,,,,,,,1,450.0,3.0,3.0,0,NONE
2026-10-05T14:00:45.306+00:00,200.105,manual,Manual cook,temp,2100,453.6,,esp32,,0,,,,,,,,,,,,1,450.0,20.0,20.0,0,NONE
2026-10-05T14:00:46.306+00:00,201.105,manual,Manual cook,temp,2100,454.1,,esp32,,0,,,,,,,,,,,,1,450.0,4.0,11.0,0,NONE
2026-10-05T14:00:46.806+00:00,201.605,manual,Manual cook,temp,2100,455.0,,esp32,,0,,,,,,,,,,,,1,450.0,4.0,4.0,0,NONE
2026-10-05T14:00:47.806+00:00,202.605,manual,Manual cook,temp,2100,454.5,,esp32,,0,,,,,,,,,,,,1,450.0,2.0,2.0,0,NONE
2026-10-05T14:00:48.306+00:00,203.105,manual,Manual cook,temp,2100,454.5,,esp32,,0,,,,,,,,,,,,1,450.0,10.0,10.0,0,NONE
2026-10-05T14:00:49.306+00:00,204.105,manual,Manual cook,temp,2100,454.1,,esp32,,0,,,,,,,,,,,,1,450.0,0.0,0.0,0,NONE
2026-10-05T14:00:50.306+00:00,205.105,manual,Manual cook,temp,2100,454.5,,esp32,,0,,,,,,,,,,,,1,450.0,12.0,12.0,0,NONE
2026-10-05T14:00:51.306+00:00,206.105,manual,Manual cook,temp,2100,453.6,,esp32,,0,,,,,,,,,,,,1,450.0,4.0,11.0,0,NONE
2026-10-05T14:00:52.306+00:00,207.105,manual,Manual cook,temp,2100,453.6,,esp32,,0,,,,,,,,,,,,1,450.0,5.0,5.0,0,NONE
2026-10-05T14:00:52.806+00:00,207.605,manual,Manual cook,temp,2100,454.5,,esp32,,0,,,,,,,,,,,,1,450.0,0.0,0.0,0,NONE
2026-10-05T14:00:53.306+00:00,208.105,manual,Manual cook,temp,2100,453.6,,esp32,,0,,,,,,,,,,,,1,450.0,0.0,0.0,0,NONE
2026-10-05T14:00:54.306+00:00,209.105,manual,Manual cook,temp,2100,455.0,,esp32,,0,,,,,,,,,,,,1,450.0,5.0,5.0,0,NONE
2026-10-05T14:00:55.306+00:00,210.105,manual,Manual cook,temp,2100,454.1,,esp32,,0,,,,,,,,,,,,1,450.0,4.0,18.0,0,NONE
2026-10-05T14:00:56.307+00:00,211.106,manual,Manual cook,temp,2100,455.5,,esp32,,0,,,,,,,,,,,,1,450.0,0.0,0.0,0,NONE
2026-10-05T14:00:57.306+00:00,212.105,manual,Manual cook,temp,2100,454.1,,esp32,,0,,,,,,,,,,,,1,450.0,18.0,18.0,0,NONE
2026-10-05T14:00:58.305+00:00,213.104,manual,Manual cook,temp,2100,455.5,,esp32,,0,,,,,,,,,,,,1,450.0,0.0,0.0,0,NONE
2026-10-05T14:00:59.306+00:00,214.105,manual,Manual cook,temp,2100,455.5,,esp32,,0,,,,,,,,,,,,1,450.0,10.0,10.0,0,NONE
2026-10-05T14:01:00.306+00:00,215.105,manual,Manual cook,temp,2100,454.1,,esp32,,0,,,,,,,,,,,,1,450.0,4.0,25.0,0,NONE
2026-10-05T14:01:01.305+00:00,216.104,manual,Manual cook,temp,2100,455.0,,esp32,,0,,,,,,,,,,,,1,450.0,2.0,2.0,0,NONE
2026-10-05T14:01:01.805+00:00,216.605,manual,Manual cook,temp,2100,455.5,,esp32,,0,,,,,,,,,,,,1,450.0,0.0,0.0,0,NONE
2026-10-05T14:01:02.805+00:00,217.604,manual,Manual cook,temp,2100,455.5,,esp32,,0,,,,,,,,,,,,1,450.0,1.0,1.0,0,NONE
2026-10-05T14:01:03.306+00:00,218.105,manual,Manual cook,temp,2100,455.5,,esp32,,0,,,,,,,,,,,,1,450.0,1.0,1.0,0,NONE
2026-10-05T14:01:04.305+00:00,219.104,manual,Manual cook,temp,2100,455.5,,esp32,,0,,,,,,,,,,,,1,450.0,0.0,0.0,0,NONE
2026-10-05T14:01:04.805+00:00,219.604,manual,Manual cook,temp,2100,454.5,,esp32,,0,,,,,,,,,,,,1,450.0,0.0,0.0,0,NONE
2026-10-05T14:01:05.306+00:00,220.105,manual,Manual cook,temp,2100,454.5,,esp32,,0,,,,,,,,,,,,1,450.0,4.0,17.0,0,NONE
2026-10-05T14:01:06.305+00:00,221.104,manual,Manual cook,temp,2100,454.5,,esp32,,0,,,,,,,,,,,,1,450.0,3.0,3.0,0,NONE
2026-10-05T14:01:07.306+00:00,222.105,manual,Manual cook,temp,2100,454.1,,esp32,,0,,,,,,,,,,,,1,450.0,4.0,10.0,0,NONE
2026-10-05T14:01:08.305+00:00,223.104,manual,Manual cook,temp,2100,453.6,,esp32,,0,,,,,,,,,,,,1,450.0,0.0,0.0,0,NONE
2026-10-05T14:01:09.306+00:00,224.105,manual,Manual cook,temp,2100,453.6,,esp32,,0,,,,,,,,,,,,1,450.0,0.0,0.0,0,NONE
2026-10-05T14:01:10.305+00:00,225.104,manual,Manual cook,temp,2100,453.6,,esp32,,0,,,,,,,,,,,,1,450.0,4.0,4.0,0,NONE
2026-10-05T14:01:11.305+00:00,226.104,manual,Manual cook,temp,2100,453.6,,esp32,,0,,,,,,,,,,,,1,450.0,4.0,11.0,0,NONE
2026-10-05T14:01:12.305+00:00,227.104,manual,Manual cook,temp,2100,453.6,,esp32,,0,,,,,,,,,,,,1,450.0,0.0,0.0,0,NONE
2026-10-05T14:01:13.305+00:00,228.104,manual,Manual cook,temp,2100,454.1,,esp32,,0,,,,,,,,,,,,1,450.0,0.0,0.0,0,NONE
2026-10-05T14:01:13.805+00:00,228.604,manual,Manual cook,temp,2100,453.2,,esp32,,0,,,,,,,,,,,,1,450.0,4.0,19.0,0,NONE
2026-10-05T14:01:14.305+00:00,229.104,manual,Manual cook,temp,2100,453.6,,esp32,,0,,,,,,,,,,,,1,445.0,0.0,0.0,0,NONE
2026-10-05T14:01:15.307+00:00,230.106,manual,Manual cook,temp,2100,453.2,,esp32,,0,,,,,,,,,,,,1,445.0,0.0,0.0,0,NONE
2026-10-05T14:01:16.305+00:00,231.104,manual,Manual cook,temp,2100,453.6,,esp32,,0,,,,,,,,,,,,1,445.0,0.0,0.0,0,NONE
2026-10-05T14:01:17.305+00:00,232.104,manual,Manual cook,temp,2100,452.8,,esp32,,0,,,,,,,,,,,,1,445.0,0.0,0.0,0,NONE
2026-10-05T14:01:17.805+00:00,232.604,manual,Manual cook,temp,2100,452.8,,esp32,,0,,,,,,,,,,,,1,445.0,0.0,0.0,0,NONE
2026-10-05T14:01:18.805+00:00,233.604,manual,Manual cook,temp,2100,452.8,,esp32,,0,,,,,,,,,,,,1,445.0,0.0,0.0,0,NONE
2026-10-05T14:01:19.305+00:00,234.104,manual,Manual cook,temp,2100,451.9,,esp32,,0,,,,,,,,,,,,1,445.0,1.0,1.0,0,NONE
2026-10-05T14:01:20.305+00:00,235.104,manual,Manual cook,temp,2100,451.0,,esp32,,0,,,,,,,,,,,,1,445.0,0.0,0.0,0,NONE
2026-10-05T14:01:21.306+00:00,236.105,manual,Manual cook,temp,2100,450.5,,esp32,,0,,,,,,,,,,,,1,445.0,0.0,0.0,0,NONE
2026-10-05T14:01:22.305+00:00,237.104,manual,Manual cook,temp,2100,450.5,,esp32,,0,,,,,,,,,,,,1,445.0,0.0,0.0,0,NONE
2026-10-05T14:01:22.805+00:00,237.604,manual,Manual cook,temp,2100,448.7,,esp32,,0,,,,,,,,,,,,1,445.0,2.0,21.0,0,NONE
2026-10-05T14:01:23.306+00:00,238.105,manual,Manual cook,temp,2100,448.7,,esp32,,0,,,,,,,,,,,,1,445.0,0.0,0.0,0,NONE
2026-10-05T14:01:24.305+00:00,239.104,manual,Manual cook,temp,2100,448.7,,esp32,,0,,,,,,,,,,,,1,445.0,0.0,0.0,0,NONE
2026-10-05T14:01:25.305+00:00,240.104,manual,Manual cook,temp,2100,447.8,,esp32,,0,,,,,,,,,,,,1,445.0,9.0,9.0,0,NONE
2026-10-05T14:01:26.305+00:00,241.104,manual,Manual cook,temp,2100,447.8,,esp32,,0,,,,,,,,,,,,1,445.0,0.0,0.0,0,NONE
2026-10-05T14:01:26.805+00:00,241.604,manual,Manual cook,temp,2100,447.4,,esp32,,0,,,,,,,,,,,,1,445.0,2.0,2.0,0,NONE
2026-10-05T14:01:27.805+00:00,242.604,manual,Manual cook,temp,2100,446.9,,esp32,,0,,,,,,,,,,,,1,445.0,2.0,3.0,0,NONE
2026-10-05T14:01:28.305+00:00,243.104,manual,Manual cook,temp,2100,446.5,,esp32,,0,,,,,,,,,,,,1,445.0,12.0,12.0,0,NONE
2026-10-05T14:01:29.305+00:00,244.104,manual,Manual cook,temp,2100,446.0,,esp32,,0,,,,,,,,,,,,1,445.0,2.0,5.0,0,NONE
2026-10-05T14:01:30.305+00:00,245.104,manual,Manual cook,temp,2100,445.1,,esp32,,0,,,,,,,,,,,,1,445.0,7.0,7.0,0,NONE
2026-10-05T14:01:30.805+00:00,245.604,manual,Manual cook,temp,2100,446.0,,esp32,,0,,,,,,,,,,,,1,445.0,0.0,0.0,0,NONE
2026-10-05T14:01:31.805+00:00,246.604,manual,Manual cook,temp,2100,445.1,,esp32,,0,,,,,,,,,,,,1,445.0,0.0,0.0,0,NONE
2026-10-05T14:01:32.305+00:00,247.104,manual,Manual cook,temp,2100,445.1,,esp32,,0,,,,,,,,,,,,1,445.0,2.0,14.0,0,NONE
2026-10-05T14:01:33.305+00:00,248.104,manual,Manual cook,temp,2100,443.8,,esp32,,0,,,,,,,,,,,,1,445.0,0.0,0.0,0,NONE
2026-10-05T14:01:34.305+00:00,249.104,manual,Manual cook,temp,2100,444.6,,esp32,,0,,,,,,,,,,,,1,445.0,19.0,19.0,0,NONE
2026-10-05T14:01:35.305+00:00,250.104,manual,Manual cook,temp,2100,443.3,,esp32,,0,,,,,,,,,,,,1,445.0,2.0,9.0,0,NONE
2026-10-05T14:01:35.805+00:00,250.604,manual,Manual cook,temp,2100,444.2,,esp32,,0,,,,,,,,,,,,1,445.0,18.0,18.0,0,NONE
2026-10-05T14:01:36.805+00:00,251.604,manual,Manual cook,temp,2100,443.3,,esp32,,0,,,,,,,,,,,,1,445.0,2.0,18.0,0,NONE
2026-10-05T14:01:37.305+00:00,252.104,manual,Manual cook,temp,2100,443.3,,esp32,,0,,,,,,,,,,,,1,445.0,0.0,0.0,0,NONE
2026-10-05T14:01:38.305+00:00,253.104,manual,Manual cook,temp,2100,443.3,,esp32,,0,,,,,,,,,,,,1,445.0,4.0,4.0,0,NONE
2026-10-05T14:01:39.306+00:00,254.104,manual,Manual cook,temp,2100,442.9,,esp32,,0,,,,,,,,,,,,1,445.0,4.0,4.0,0,NONE
2026-10-05T14:01:40.305+00:00,255.104,manual,Manual cook,temp,2100,442.4,,esp32,,0,,,,,,,,,,,,1,445.0,13.0,13.0,0,NONE
2026-10-05T14:01:41.305+00:00,256.104,manual,Manual cook,temp,2100,443.3,,esp32,,0,,,,,,,,,,,,1,445.0,0.0,0.0,0,NONE
2026-10-05T14:01:42.305+00:00,257.104,manual,Manual cook,temp,2100,442.4,,esp32,,0,,,,,,,,,,,,1,445.0,20.0,20.0,0,NONE
2026-10-05T14:01:43.305+00:00,258.104,manual,Manual cook,temp,2100,443.3,,esp32,,0,,,,,,,,,,,,1,445.0,0.0,0.0,0,NONE
2026-10-05T14:01:44.305+00:00,259.104,manual,Manual cook,temp,2100,442.9,,esp32,,0,,,,,,,,,,,,1,445.0,20.0,20.0,0,NONE
2026-10-05T14:01:45.305+00:00,260.104,manual,Manual cook,temp,2100,442.9,,esp32,,0,,,,,,,,,,,,1,445.0,2.0,5.0,0,NONE
2026-10-05T14:01:45.805+00:00,260.604,manual,Manual cook,temp,2100,443.8,,esp32,,0,,,,,,,,,,,,1,445.0,0.0,0.0,0,NONE
2026-10-05T14:01:46.305+00:00,261.104,manual,Manual cook,temp,2100,442.4,,esp32,,0,,,,,,,,,,,,1,445.0,2.0,10.0,0,NONE
2026-10-05T14:01:47.305+00:00,262.104,manual,Manual cook,temp,2100,442.9,,esp32,,0,,,,,,,,,,,,1,445.0,0.0,0.0,0,NONE
2026-10-05T14:01:48.305+00:00,263.104,manual,Manual cook,temp,2100,444.2,,esp32,,0,,,,,,,,,,,,1,445.0,2.0,12.0,0,NONE
2026-10-05T14:01:49.305+00:00,264.104,manual,Manual cook,temp,2100,442.9,,esp32,,0,,,,,,,,,,,,1,445.0,2.0,26.0,0,NONE
2026-10-05T14:01:50.304+00:00,265.104,manual,Manual cook,temp,2100,443.8,,esp32,,0,,,,,,,,,,,,1,445.0,0.0,0.0,0,NONE
2026-10-05T14:01:51.305+00:00,266.104,manual,Manual cook,temp,2100,443.3,,esp32,,0,,,,,,,,,,,,1,445.0,3.0,3.0,0,NONE
2026-10-05T14:01:52.305+00:00,267.104,manual,Manual cook,temp,2100,444.2,,esp32,,0,,,,,,,,,,,,1,445.0,4.0,4.0,0,NONE
2026-10-05T14:01:53.305+00:00,268.104,manual,Manual cook,temp,2100,442.9,,esp32,,0,,,,,,,,,,,,1,445.0,2.0,27.0,0,NONE
2026-10-05T14:01:54.305+00:00,269.104,manual,Manual cook,temp,2100,442.0,,esp32,,0,,,,,,,,,,,,1,445.0,2.0,3.0,0,NONE
2026-10-05T14:01:55.306+00:00,270.105,manual,Manual cook,temp,2100,443.8,,esp32,,0,,,,,,,,,,,,1,445.0,0.0,0.0,0,NONE
2026-10-05T14:01:56.304+00:00,271.103,manual,Manual cook,temp,2100,443.8,,esp32,,0,,,,,,,,,,,,1,445.0,2.0,3.0,0,NONE
2026-10-05T14:01:56.805+00:00,271.604,manual,Manual cook,temp,2100,443.3,,esp32,,0,,,,,,,,,,,,1,445.0,11.0,11.0,0,NONE
2026-10-05T14:01:57.804+00:00,272.603,manual,Manual cook,temp,2100,443.3,,esp32,,0,,,,,,,,,,,,1,445.0,0.0,0.0,0,NONE
2026-10-05T14:01:58.804+00:00,273.603,manual,Manual cook,temp,2100,444.2,,esp32,,0,,,,,,,,,,,,1,445.0,4.0,4.0,0,NONE
2026-10-05T14:01:59.804+00:00,274.603,manual,Manual cook,temp,2100,443.8,,esp32,,0,,,,,,,,,,,,1,445.0,2.0,11.0,0,NONE
2026-10-05T14:02:00.304+00:00,275.103,manual,Manual cook,temp,2100,443.8,,esp32,,0,,,,,,,,,,,,1,445.0,3.0,3.0,0,NONE
2026-10-05T14:02:00.804+00:00,275.603,manual,Manual cook,temp,2100,444.6,,esp32,,0,,,,,,,,,,,,1,445.0,3.0,3.0,0,NONE
2026-10-05T14:02:01.305+00:00,276.104,manual,Manual cook,temp,2100,444.6,,esp32,,0,,,,,,,,,,,,1,445.0,0.0,0.0,0,NONE
2026-10-05T14:02:02.305+00:00,277.104,manual,Manual cook,temp,2100,444.2,,esp32,,0,,,,,,,,,,,,1,445.0,10.0,10.0,0,NONE
2026-10-05T14:02:03.304+00:00,278.104,manual,Manual cook,temp,2100,443.8,,esp32,,0,,,,,,,,,,,,1,445.0,11.0,11.0,0,NONE
2026-10-05T14:02:04.304+00:00,279.103,manual,Manual cook,temp,2100,444.6,,esp32,,0,,,,,,,,,,,,1,445.0,0.0,0.0,0,NONE
2026-10-05T14:02:05.305+00:00,280.104,manual,Manual cook,temp,2100,443.8,,esp32,,0,,,,,,,,,,,,1,445.0,18.0,18.0,0,NONE
2026-10-05T14:02:06.304+00:00,281.103,manual,Manual cook,temp,2100,445.1,,esp32,,0,,,,,,,,,,,,1,445.0,0.0,0.0,0,NONE
2026-10-05T14:02:07.304+00:00,282.103,manual,Manual cook,temp,2100,446.0,,esp32,,0,,,,,,,,,,,,1,445.0,0.0,0.0,0,NONE
2026-10-05T14:02:08.304+00:00,283.103,manual,Manual cook,temp,2100,445.1,,esp32,,0,,,,,,,,,,,,1,445.0,8.0,8.0,0,NONE
2026-10-05T14:02:09.304+00:00,284.103,manual,Manual cook,temp,2100,445.1,,esp32,,0,,,,,,,,,,,,1,445.0,1.0,1.0,0,NONE
2026-10-05T14:02:10.304+00:00,285.103,manual,Manual cook,temp,2100,445.1,,esp32,,0,,,,,,,,,,,,1,445.0,1.0,1.0,0,NONE
2026-10-05T14:02:10.804+00:00,285.603,manual,Manual cook,temp,2100,444.6,,esp32,,0,,,,,,,,,,,,1,445.0,1.0,1.0,0,NONE
2026-10-05T14:02:11.804+00:00,286.603,manual,Manual cook,temp,2100,444.6,,esp32,,0,,,,,,,,,,,,1,445.0,2.0,2.0,0,NONE
2026-10-05T14:02:12.804+00:00,287.603,manual,Manual cook,temp,2100,444.6,,esp32,,0,,,,,,,,,,,,1,445.0,2.0,2.0,0,NONE
2026-10-05T14:02:13.307+00:00,288.106,manual,Manual cook,temp,2100,445.1,,esp32,,0,,,,,,,,,,,,1,445.0,0.0,0.0,0,NONE
2026-10-05T14:02:14.304+00:00,289.103,manual,Manual cook,temp,2100,444.2,,esp32,,0,,,,,,,,,,,,1,445.0,3.0,3.0,0,NONE
2026-10-05T14:02:14.804+00:00,289.603,manual,Manual cook,temp,2100,444.2,,esp32,,0,,,,,,,,,,,,1,445.0,11.0,11.0,0,NONE
2026-10-05T14:02:15.804+00:00,290.603,manual,Manual cook,temp,2100,444.2,,esp32,,0,,,,,,,,,,,,1,445.0,2.0,27.0,0,NONE
2026-10-05T14:02:16.804+00:00,291.603,manual,Manual cook,temp,2100,443.3,,esp32,,0,,,,,,,,,,,,1,445.0,2.0,3.0,0,NONE
2026-10-05T14:02:17.304+00:00,292.103,manual,Manual cook,temp,2100,443.3,,esp32,,0,,,,,,,,,,,,1,445.0,19.0,19.0,0,NONE
2026-10-05T14:02:18.304+00:00,293.103,manual,Manual cook,temp,2100,444.2,,esp32,,0,,,,,,,,,,,,1,445.0,2.0,3.0,0,NONE
2026-10-05T14:02:18.804+00:00,293.603,manual,Manual cook,temp,2100,442.9,,esp32,,0,,,,,,,,,,,,1,445.0,11.0,11.0,0,NONE
2026-10-05T14:02:19.804+00:00,294.603,manual,Manual cook,temp,2100,443.3,,esp32,,0,,,,,,,,,,,,1,445.0,0.0,0.0,0,NONE
2026-10-05T14:02:20.804+00:00,295.603,manual,Manual cook,temp,2100,443.3,,esp32,,0,,,,,,,,,,,,1,445.0,5.0,5.0,0,NONE
2026-10-05T14:02:21.304+00:00,296.103,manual,Manual cook,temp,2100,444.2,,esp32,,0,,,,,,,,,,,,1,445.0,0.0,0.0,0,NONE
2026-10-05T14:02:22.304+00:00,297.103,manual,Manual cook,temp,2100,444.2,,esp32,,0,,,,,,,,,,,,1,445.0,2.0,3.0,0,NONE
2026-10-05T14:02:23.304+00:00,298.103,manual,Manual cook,temp,2100,444.2,,esp32,,0,,,,,,,,,,,,1,445.0,3.0,3.0,0,NONE
2026-10-05T14:02:24.304+00:00,299.103,manual,Manual cook,temp,2100,443.8,,esp32,,0,,,,,,,,,,,,1,445.0,11.0,11.0,0,NONE
2026-10-05T14:02:25.306+00:00,300.105,manual,Manual cook,temp,2100,444.2,,esp32,,0,,,,,,,,,,,,1,445.0,0.0,0.0,0,NONE
2026-10-05T14:02:26.304+00:00,301.103,manual,Manual cook,temp,2100,443.3,,esp32,,0,,,,,,,,,,,,1,445.0,11.0,11.0,0,NONE
2026-10-05T14:02:27.304+00:00,302.103,manual,Manual cook,temp,2100,443.8,,esp32,,0,,,,,,,,,,,,1,445.0,0.0,0.0,0,NONE
2026-10-05T14:02:27.804+00:00,302.603,manual,Manual cook,temp,2100,444.6,,esp32,,0,,,,,,,,,,,,1,445.0,0.0,0.0,0,NONE
2026-10-05T14:02:28.804+00:00,303.603,manual,Manual cook,temp,2100,444.2,,esp32,,0,,,,,,,,,,,,1,445.0,10.0,10.0,0,NONE
2026-10-05T14:02:29.804+00:00,304.603,manual,Manual cook,temp,2100,445.1,,esp32,,0,,,,,,,,,,,,1,445.0,1.0,1.0,0,NONE
2026-10-05T14:02:30.304+00:00,305.103,manual,Manual cook,temp,2100,444.2,,esp32,,0,,,,,,,,,,,,1,445.0,1.0,1.0,0,NONE
2026-10-05T14:02:30.804+00:00,305.603,manual,Manual cook,temp,2100,445.1,,esp32,,0,,,,,,,,,,,,1,445.0,17.0,17.0,0,NONE
2026-10-05T14:02:31.804+00:00,306.603,manual,Manual cook,temp,2100,444.6,,esp32,,0,,,,,,,,,,,,1,445.0,2.0,17.0,0,NONE
2026-10-05T14:02:32.804+00:00,307.603,manual,Manual cook,temp,2100,443.8,,esp32,,0,,,,,,,,,,,,1,445.0,2.0,18.0,0,NONE
2026-10-05T14:02:33.304+00:00,308.103,manual,Manual cook,temp,2100,444.6,,esp32,,0,,,,,,,,,,,,1,445.0,0.0,0.0,0,NONE
2026-10-05T14:02:34.304+00:00,309.103,manual,Manual cook,temp,2100,444.6,,esp32,,0,,,,,,,,,,,,1,445.0,2.0,2.0,0,NONE
2026-10-05T14:02:34.804+00:00,309.603,manual,Manual cook,temp,2100,444.2,,esp32,,0,,,,,,,,,,,,1,445.0,10.0,10.0,0,NONE
2026-10-05T14:02:35.304+00:00,310.103,manual,Manual cook,temp,2100,444.2,,esp32,,0,,,,,,,,,,,,1,445.0,3.0,3.0,0,NONE
2026-10-05T14:02:36.304+00:00,311.103,manual,Manual cook,temp,2100,444.2,,esp32,,0,,,,,,,,,,,,1,445.0,3.0,3.0,0,NONE
2026-10-05T14:02:37.304+00:00,312.103,manual,Manual cook,temp,2100,444.2,,esp32,,0,,,,,,,,,,,,1,445.0,3.0,3.0,0,NONE
2026-10-05T14:02:37.804+00:00,312.603,manual,Manual cook,temp,2100,442.9,,esp32,,0,,,,,,,,,,,,1,445.0,27.0,27.0,0,NONE
2026-10-05T14:02:38.304+00:00,313.103,manual,Manual cook,temp,2100,444.2,,esp32,,0,,,,,,,,,,,,1,445.0,0.0,0.0,0,NONE
2026-10-05T14:02:39.304+00:00,314.103,manual,Manual cook,temp,2100,444.2,,esp32,,0,,,,,,,,,,,,1,445.0,3.0,3.0,0,NONE
2026-10-05T14:02:40.304+00:00,315.103,manual,Manual cook,temp,2100,444.6,,esp32,,0,,,,,,,,,,,,1,445.0,2.0,2.0,0,NONE
2026-10-05T14:02:41.304+00:00,316.103,manual,Manual cook,temp,2100,443.8,,esp32,,0,,,,,,,,,,,,1,445.0,18.0,18.0,0,NONE
2026-10-05T14:02:42.304+00:00,317.103,manual,Manual cook,temp,2100,444.6,,esp32,,0,,,,,,,,,,,,1,445.0,0.0,0.0,0,NONE
2026-10-05T14:02:42.804+00:00,317.603,manual,Manual cook,temp,2100,444.6,,esp32,,0,,,,,,,,,,,,1,445.0,2.0,9.0,0,NONE
2026-10-05T14:02:43.804+00:00,318.603,manual,Manual cook,temp,2100,445.1,,esp32,,0,,,,,,,,,,,,1,445.0,2.0,2.0,0,NONE
2026-10-05T14:02:44.304+00:00,319.103,manual,Manual cook,temp,2100,444.6,,esp32,,0,,,,,,,,,,,,1,445.0,0.0,0.0,0,NONE
2026-10-05T14:02:45.304+00:00,320.103,manual,Manual cook,temp,2100,444.6,,esp32,,0,,,,,,,,,,,,1,445.0,2.0,2.0,0,NONE
2026-10-05T14:02:46.303+00:00,321.102,manual,Manual cook,temp,2100,445.1,,esp32,,0,,,,,,,,,,,,1,445.0,2.0,2.0,0,NONE
2026-10-05T14:02:47.304+00:00,322.103,manual,Manual cook,temp,2100,445.1,,esp32,,0,,,,,,,,,,,,1,445.0,1.0,1.0,0,NONE
2026-10-05T14:02:48.303+00:00,323.102,manual,Manual cook,temp,2100,444.6,,esp32,,0,,,,,,,,,,,,1,445.0,9.0,9.0,0,NONE
2026-10-05T14:02:49.303+00:00,324.102,manual,Manual cook,temp,2100,442.9,,esp32,,0,,,,,,,,,,,,1,445.0,35.0,35.0,0,NONE
2026-10-05T14:02:50.303+00:00,325.102,manual,Manual cook,temp,2100,443.8,,esp32,,0,,,,,,,,,,,,1,445.0,2.0,4.0,0,NONE
2026-10-05T14:02:51.303+00:00,326.102,manual,Manual cook,temp,2100,444.2,,esp32,,0,,,,,,,,,,,,1,445.0,0.0,0.0,0,NONE
2026-10-05T14:02:51.803+00:00,326.602,manual,Manual cook,temp,2100,442.9,,esp32,,0,,,,,,,,,,,,1,445.0,2.0,28.0,0,NONE
2026-10-05T14:02:52.803+00:00,327.602,manual,Manual cook,temp,2100,443.8,,esp32,,0,,,,,,,,,,,,1,445.0,2.0,4.0,0,NONE
2026-10-05T14:02:53.304+00:00,328.103,manual,Manual cook,temp,2100,443.3,,esp32,,0,,,,,,,,,,,,1,445.0,12.0,12.0,0,NONE
2026-10-05T14:02:53.805+00:00,328.604,manual,Manual cook,temp,2100,443.8,,esp32,,0,,,,,,,,,,,,1,445.0,0.0,0.0,0,NONE
2026-10-05T14:02:54.803+00:00,329.602,manual,Manual cook,temp,2100,443.3,,esp32,,0,,,,,,,,,,,,1,445.0,0.0,0.0,0,NONE
2026-10-05T14:02:55.304+00:00,330.103,manual,Manual cook,temp,2100,443.3,,esp32,,0,,,,,,,,,,,,1,445.0,2.0,5.0,0,NONE
2026-10-05T14:02:56.303+00:00,331.102,manual,Manual cook,temp,2100,443.3,,esp32,,0,,,,,,,,,,,,1,445.0,0.0,0.0,0,NONE
2026-10-05T14:02:57.303+00:00,332.102,manual,Manual cook,temp,2100,442.9,,esp32,,0,,,,,,,,,,,,1,445.0,22.0,38.0,0,NONE
2026-10-05T14:02:58.303+00:00,333.102,manual,Manual cook,temp,2100,442.9,,esp32,,0,,,,,,,,,,,,1,445.0,2.0,14.0,0,NONE
2026-10-05T14:02:59.304+00:00,334.103,manual,Manual cook,temp,2100,443.3,,esp32,,0,,,,,,,,,,,,1,445.0,0.0,0.0,0,NONE
2026-10-05T14:03:00.302+00:00,335.102,manual,Manual cook,temp,2100,442.4,,esp32,,0,,,,,,,,,,,,1,445.0,22.0,22.0,0,NONE
2026-10-05T14:03:01.302+00:00,336.101,manual,Manual cook,temp,2100,443.3,,esp32,,0,,,,,,,,,,,,1,445.0,2.0,13.0,0,NONE
2026-10-05T14:03:02.302+00:00,337.101,manual,Manual cook,temp,2100,443.3,,esp32,,0,,,,,,,,,,,,1,445.0,5.0,5.0,0,NONE
2026-10-05T14:03:03.303+00:00,338.102,manual,Manual cook,temp,2100,443.3,,esp32,,0,,,,,,,,,,,,1,445.0,2.0,29.0,0,NONE
2026-10-05T14:03:04.302+00:00,339.101,manual,Manual cook,temp,2100,443.8,,esp32,,0,,,,,,,,,,,,1,445.0,0.0,0.0,0,NONE
2026-10-05T14:03:05.302+00:00,340.101,manual,Manual cook,temp,2100,443.3,,esp32,,0,,,,,,,,,,,,1,445.0,6.0,6.0,0,NONE
2026-10-05T14:03:06.302+00:00,341.101,manual,Manual cook,temp,2100,444.2,,esp32,,0,,,,,,,,,,,,1,445.0,0.0,0.0,0,NONE
2026-10-05T14:03:06.802+00:00,341.601,manual,Manual cook,temp,2100,442.9,,esp32,,0,,,,,,,,,,,,1,445.0,2.0,28.0,0,NONE
2026-10-05T14:03:07.302+00:00,342.101,manual,Manual cook,temp,2100,443.8,,esp32,,0,,,,,,,,,,,,1,445.0,6.0,6.0,0,NONE
2026-10-05T14:03:08.302+00:00,343.101,manual,Manual cook,temp,2100,443.8,,esp32,,0,,,,,,,,,,,,1,445.0,0.0,0.0,0,NONE
2026-10-05T14:03:09.302+00:00,344.101,manual,Manual cook,temp,2100,444.2,,esp32,,0,,,,,,,,,,,,1,445.0,13.0,13.0,0,NONE
2026-10-05T14:03:09.803+00:00,344.602,manual,Manual cook,temp,2100,444.2,,esp32,,0,,,,,,,,,,,,1,445.0,0.0,0.0,0,NONE
2026-10-05T14:03:10.801+00:00,345.601,manual,Manual cook,temp,2100,444.2,,esp32,,0,,,,,,,,,,,,1,445.0,0.0,0.0,0,NONE
2026-10-05T14:03:11.302+00:00,346.101,manual,Manual cook,temp,2100,442.9,,esp32,,0,,,,,,,,,,,,1,445.0,0.0,0.0,0,NONE
2026-10-05T14:03:12.302+00:00,347.101,manual,Manual cook,temp,2100,444.2,,esp32,,0,,,,,,,,,,,,1,445.0,0.0,0.0,0,NONE
2026-10-05T14:03:13.303+00:00,348.102,manual,Manual cook,temp,2100,442.9,,esp32,,0,,,,,,,,,,,,1,445.0,2.0,28.0,0,NONE
2026-10-05T14:03:14.301+00:00,349.100,manual,Manual cook,temp,2100,443.3,,esp32,,0,,,,,,,,,,,,1,445.0,2.0,6.0,0,NONE
2026-10-05T14:03:15.301+00:00,350.100,manual,Manual cook,temp,2100,443.8,,esp32,,0,,,,,,,,,,,,1,445.0,2.0,5.0,0,NONE
2026-10-05T14:03:15.801+00:00,350.600,manual,Manual cook,temp,2100,442.9,,esp32,,0,,,,,,,,,,,,1,445.0,21.0,21.0,0,NONE
2026-10-05T14:03:16.801+00:00,351.600,manual,Manual cook,temp,2100,443.8,,esp32,,0,,,,,,,,,,,,1,445.0,0.0,0.0,0,NONE
2026-10-05T14:03:17.302+00:00,352.101,manual,Manual cook,temp,2100,443.8,,esp32,,0,,,,,,,,,,,,1,445.0,2.0,5.0,0,NONE
2026-10-05T14:03:18.301+00:00,353.100,manual,Manual cook,temp,2100,443.3,,esp32,,0,,,,,,,,,,,,1,445.0,6.0,6.0,0,NONE
2026-10-05T14:03:18.801+00:00,353.600,manual,Manual cook,temp,2100,442.9,,esp32,,0,,,,,,,,,,,,1,445.0,14.0,14.0,0,NONE
2026-10-05T14:03:19.302+00:00,354.101,manual,Manual cook,temp,2100,442.9,,esp32,,0,,,,,,,,,,,,1,445.0,7.0,7.0,0,NONE
2026-10-05T14:03:20.301+00:00,355.100,manual,Manual cook,temp,2100,444.2,,esp32,,0,,,,,,,,,,,,1,445.0,0.0,0.0,0,NONE
2026-10-05T14:03:21.301+00:00,356.100,manual,Manual cook,temp,2100,445.1,,esp32,,0,,,,,,,,,,,,1,445.0,4.0,4.0,0,NONE
2026-10-05T14:03:22.301+00:00,357.100,manual,Manual cook,temp,2100,444.2,,esp32,,0,,,,,,,,,,,,1,445.0,2.0,10.0,0,NONE
2026-10-05T14:03:22.801+00:00,357.600,manual,Manual cook,temp,2100,444.6,,esp32,,0,,,,,,,,,,,,1,445.0,11.0,11.0,0,NONE
2026-10-05T14:03:23.301+00:00,358.100,manual,Manual cook,temp,2100,444.6,,esp32,,0,,,,,,,,,,,,1,445.0,0.0,0.0,0,NONE
2026-10-05T14:03:24.301+00:00,359.100,manual,Manual cook,temp,2100,444.6,,esp32,,0,,,,,,,,,,,,1,445.0,3.0,3.0,0,NONE
2026-10-05T14:03:24.801+00:00,359.600,manual,Manual cook,temp,2100,444.2,,esp32,,0,,,,,,,,,,,,1,445.0,11.0,11.0,0,NONE
2026-10-05T14:03:25.801+00:00,360.600,manual,Manual cook,temp,2100,445.5,,esp32,,0,,,,,,,,,,,,1,445.0,2.0,26.0,0,NONE
2026-10-05T14:03:26.800+00:00,361.600,manual,Manual cook,temp,2100,445.1,,esp32,,0,,,,,,,,,,,,1,445.0,2.0,2.0,0,NONE
2026-10-05T14:03:27.301+00:00,362.100,manual,Manual cook,temp,2100,445.1,,esp32,,0,,,,,,,,,,,,1,445.0,10.0,10.0,0,NONE
2026-10-05T14:03:28.301+00:00,363.100,manual,Manual cook,temp,2100,445.5,,esp32,,0,,,,,,,,,,,,1,445.0,3.0,3.0,0,NONE
2026-10-05T14:03:29.301+00:00,364.100,manual,Manual cook,temp,2100,445.1,,esp32,,0,,,,,,,,,,,,1,445.0,2.0,2.0,0,NONE
2026-10-05T14:03:30.301+00:00,365.100,manual,Manual cook,temp,2100,445.5,,esp32,,0,,,,,,,,,,,,1,445.0,0.0,0.0,0,NONE
2026-10-05T14:03:31.300+00:00,366.099,manual,Manual cook,temp,2100,446.0,,esp32,,0,,,,,,,,,,,,1,445.0,0.0,0.0,0,NONE
2026-10-05T14:03:32.300+00:00,367.099,manual,Manual cook,temp,2100,445.5,,esp32,,0,,,,,,,,,,,,1,445.0,0.0,0.0,0,NONE
2026-10-05T14:03:33.302+00:00,368.101,manual,Manual cook,temp,2100,446.5,,esp32,,0,,,,,,,,,,,,1,445.0,0.0,0.0,0,NONE
2026-10-05T14:03:34.300+00:00,369.099,manual,Manual cook,temp,2100,446.0,,esp32,,0,,,,,,,,,,,,1,445.0,2.0,8.0,0,NONE
2026-10-05T14:03:35.300+00:00,370.099,manual,Manual cook,temp,2100,446.0,,esp32,,0,,,,,,,,,,,,1,445.0,0.0,0.0,0,NONE
2026-10-05T14:03:36.300+00:00,371.099,manual,Manual cook,temp,2100,446.5,,esp32,,0,,,,,,,,,,,,1,445.0,0.0,0.0,0,NONE
2026-10-05T14:03:36.800+00:00,371.599,manual,Manual cook,temp,2100,446.5,,esp32,,0,,,,,,,,,,,,1,445.0,0.0,0.0,0,NONE
2026-10-05T14:03:37.301+00:00,372.100,manual,Manual cook,temp,2100,445.1,,esp32,,0,,,,,,,,,,,,1,445.0,2.0,24.0,0,NONE
2026-10-05T14:03:38.300+00:00,373.099,manual,Manual cook,temp,2100,445.5,,esp32,,0,,,,,,,,,,,,1,445.0,2.0,9.0,0,NONE
2026-10-05T14:03:39.301+00:00,374.100,manual,Manual cook,temp,2100,446.0,,esp32,,0,,,,,,,,,,,,1,445.0,2.0,25.0,0,NONE
2026-10-05T14:03:40.300+00:00,375.099,manual,Manual cook,temp,2100,446.0,,esp32,,0,,,,,,,,,,,,1,445.0,1.0,1.0,0,NONE
2026-10-05T14:03:40.800+00:00,375.599,manual,Manual cook,temp,2100,444.2,,esp32,,0,,,,,,,,,,,,1,445.0,22.0,33.0,0,NONE
2026-10-05T14:03:41.799+00:00,376.598,manual,Manual cook,temp,2100,446.0,,esp32,,0,,,,,,,,,,,,1,445.0,0.0,0.0,0,NONE
2026-10-05T14:03:42.300+00:00,377.099,manual,Manual cook,temp,2100,445.1,,esp32,,0,,,,,,,,,,,,1,445.0,2.0,17.0,0,NONE
2026-10-05T14:03:43.300+00:00,378.099,manual,Manual cook,temp,2100,445.1,,esp32,,0,,,,,,,,,,,,1,445.0,2.0,10.0,0,NONE
2026-10-05T14:03:44.300+00:00,379.099,manual,Manual cook,temp,2100,444.6,,esp32,,0,,,,,,,,,,,,1,445.0,3.0,3.0,0,NONE
2026-10-05T14:03:45.299+00:00,380.098,manual,Manual cook,temp,2100,445.1,,esp32,,0,,,,,,,,,,,,1,445.0,2.0,2.0,0,NONE
2026-10-05T14:03:46.299+00:00,381.098,manual,Manual cook,temp,2100,445.1,,esp32,,0,,,,,,,,,,,,1,445.0,0.0,0.0,0,NONE
2026-10-05T14:03:46.799+00:00,381.598,manual,Manual cook,temp,2100,444.6,,esp32,,0,,,,,,,,,,,,1,445.0,2.0,10.0,0,NONE
2026-10-05T14:03:47.299+00:00,382.098,manual,Manual cook,temp,2100,445.1,,esp32,,0,,,,,,,,,,,,1,445.0,0.0,0.0,0,NONE
2026-10-05T14:03:47.799+00:00,382.598,manual,Manual cook,temp,2100,445.1,,esp32,,0,,,,,,,,,,,,1,445.0,2.0,2.0,0,NONE
2026-10-05T14:03:48.799+00:00,383.598,manual,Manual cook,temp,2100,443.3,,esp32,,0,,,,,,,,,,,,1,445.0,11.0,11.0,0,NONE
2026-10-05T14:03:49.799+00:00,384.598,manual,Manual cook,temp,2100,444.2,,esp32,,0,,,,,,,,,,,,1,445.0,0.0,0.0,0,NONE
2026-10-05T14:03:50.299+00:00,385.098,manual,Manual cook,temp,2100,445.1,,esp32,,0,,,,,,,,,,,,1,445.0,0.0,0.0,0,NONE
2026-10-05T14:03:51.300+00:00,386.099,manual,Manual cook,temp,2100,445.5,,esp32,,0,,,,,,,,,,,,1,445.0,0.0,0.0,0,NONE
2026-10-05T14:03:52.299+00:00,387.098,manual,Manual cook,temp,2100,444.6,,esp32,,0,,,,,,,,,,,,1,445.0,3.0,3.0,0,NONE
2026-10-05T14:03:53.299+00:00,388.098,manual,Manual cook,temp,2100,444.2,,esp32,,0,,,,,,,,,,,,1,445.0,2.0,19.0,0,NONE
2026-10-05T14:03:54.299+00:00,389.098,manual,Manual cook,temp,2100,445.1,,esp32,,0,,,,,,,,,,,,1,445.0,0.0,0.0,0,NONE
2026-10-05T14:03:54.799+00:00,389.598,manual,Manual cook,temp,2100,443.8,,esp32,,0,,,,,,,,,,,,1,445.0,2.0,19.0,0,NONE
2026-10-05T14:03:55.798+00:00,390.597,manual,Manual cook,temp,2100,445.1,,esp32,,0,,,,,,,,,,,,1,445.0,0.0,0.0,0,NONE
2026-10-05T14:03:56.299+00:00,391.098,manual,Manual cook,temp,2100,445.1,,esp32,,0,,,,,,,,,,,,1,445.0,2.0,2.0,0,NONE
2026-10-05T14:03:57.299+00:00,392.098,manual,Manual cook,temp,2100,443.8,,esp32,,0,,,,,,,,,,,,1,445.0,20.0,20.0,0,NONE
2026-10-05T14:03:58.299+00:00,393.098,manual,Manual cook,temp,2100,444.6,,esp32,,0,,,,,,,,,,,,1,445.0,2.0,19.0,0,NONE
2026-10-05T14:03:59.298+00:00,394.097,manual,Manual cook,temp,2100,445.1,,esp32,,0,,,,,,,,,,,,1,445.0,2.0,3.0,0,NONE
2026-10-05T14:04:00.300+00:00,395.099,manual,Manual cook,temp,2100,445.1,,esp32,,0,,,,,,,,,,,,1,445.0,2.0,11.0,0,NONE
2026-10-05T14:04:01.298+00:00,396.097,manual,Manual cook,temp,2100,444.2,,esp32,,0,,,,,,,,,,,,1,445.0,2.0,19.0,0,NONE
2026-10-05T14:04:02.298+00:00,397.097,manual,Manual cook,temp,2100,444.6,,esp32,,0,,,,,,,,,,,,1,445.0,0.0,0.0,0,NONE
2026-10-05T14:04:03.298+00:00,398.097,manual,Manual cook,temp,2100,444.2,,esp32,,0,,,,,,,,,,,,1,445.0,12.0,12.0,0,NONE
2026-10-05T14:04:04.298+00:00,399.097,manual,Manual cook,temp,2100,444.6,,esp32,,0,,,,,,,,,,,,1,445.0,2.0,12.0,0,NONE
2026-10-05T14:04:05.298+00:00,400.097,manual,Manual cook,temp,2100,445.1,,esp32,,0,,,,,,,,,,,,1,445.0,0.0,0.0,0,NONE
2026-10-05T14:04:05.798+00:00,400.597,manual,Manual cook,temp,2100,444.6,,esp32,,0,,,,,,,,,,,,1,445.0,2.0,11.0,0,NONE
2026-10-05T14:04:06.298+00:00,401.097,manual,Manual cook,temp,2100,444.6,,esp32,,0,,,,,,,,,,,,1,445.0,0.0,0.0,0,NONE
2026-10-05T14:04:07.298+00:00,402.097,manual,Manual cook,temp,2100,443.8,,esp32,,0,,,,,,,,,,,,1,445.0,20.0,20.0,0,NONE
2026-10-05T14:04:08.298+00:00,403.097,manual,Manual cook,temp,2100,444.2,,esp32,,0,,,,,,,,,,,,1,445.0,2.0,12.0,0,NONE
2026-10-05T14:04:09.298+00:00,404.097,manual,Manual cook,temp,2100,444.2,,esp32,,0,,,,,,,,,,,,1,445.0,2.0,4.0,0,NONE
2026-10-05T14:04:09.798+00:00,404.597,manual,Manual cook,temp,2100,445.1,,esp32,,0,,,,,,,,,,,,1,445.0,4.0,4.0,0,NONE
2026-10-05T14:04:10.798+00:00,405.597,manual,Manual cook,temp,2100,444.2,,esp32,,0,,,,,,,,,,,,1,445.0,2.0,19.0,0,NONE
2026-10-05T14:04:11.298+00:00,406.097,manual,Manual cook,temp,2100,445.1,,esp32,,0,,,,,,,,,,,,1,445.0,21.0,21.0,0,NONE
2026-10-05T14:04:12.298+00:00,407.097,manual,Manual cook,temp,2100,443.8,,esp32,,0,,,,,,,,,,,,1,445.0,2.0,27.0,0,NONE
2026-10-05T14:04:13.297+00:00,408.096,manual,Manual cook,temp,2100,444.2,,esp32,,0,,,,,,,,,,,,1,445.0,0.0,0.0,0,NONE
2026-10-05T14:04:14.298+00:00,409.097,manual,Manual cook,temp,2100,444.2,,esp32,,0,,,,,,,,,,,,1,445.0,13.0,13.0,0,NONE
2026-10-05T14:04:15.297+00:00,410.096,manual,Manual cook,temp,2100,444.6,,esp32,,0,,,,,,,,,,,,1,445.0,0.0,0.0,0,NONE
2026-10-05T14:04:15.797+00:00,410.597,manual,Manual cook,temp,2100,443.8,,esp32,,0,,,,,,,,,,,,1,445.0,2.0,20.0,0,NONE
2026-10-05T14:04:16.797+00:00,411.596,manual,Manual cook,temp,2100,444.6,,esp32,,0,,,,,,,,,,,,1,445.0,0.0,0.0,0,NONE
2026-10-05T14:04:17.297+00:00,412.096,manual,Manual cook,temp,2100,444.2,,esp32,,0,,,,,,,,,,,,1,445.0,0.0,0.0,0,NONE
2026-10-05T14:04:18.297+00:00,413.096,manual,Manual cook,temp,2100,444.6,,esp32,,0,,,,,,,,,,,,1,445.0,5.0,5.0,0,NONE
2026-10-05T14:04:19.297+00:00,414.096,manual,Manual cook,temp,2100,444.6,,esp32,,0,,,,,,,,,,,,1,445.0,2.0,4.0,0,NONE
2026-10-05T14:04:19.797+00:00,414.596,manual,Manual cook,temp,2100,443.3,,esp32,,0,,,,,,,,,,,,1,445.0,22.0,28.0,0,NONE
2026-10-05T14:04:20.797+00:00,415.596,manual,Manual cook,temp,2100,444.2,,esp32,,0,,,,,,,,,,,,1,445.0,0.0,0.0,0,NONE
2026-10-05T14:04:21.297+00:00,416.096,manual,Manual cook,temp,2100,444.6,,esp32,,0,,,,,,,,,,,,1,445.0,0.0,0.0,0,NONE
2026-10-05T14:04:22.297+00:00,417.096,manual,Manual cook,temp,2100,444.6,,esp32,,0,,,,,,,,,,,,1,445.0,0.0,0.0,0,NONE
2026-10-05T14:04:22.797+00:00,417.596,manual,Manual cook,temp,2100,444.2,,esp32,,0,,,,,,,,,,,,1,445.0,2.0,12.0,0,NONE
2026-10-05T14:04:23.297+00:00,418.096,manual,Manual cook,temp,2100,444.6,,esp32,,0,,,,,,,,,,,,1,445.0,5.0,5.0,0,NONE
2026-10-05T14:04:24.297+00:00,419.096,manual,Manual cook,temp,2100,443.8,,esp32,,0,,,,,,,,,,,,1,445.0,2.0,20.0,0,NONE
2026-10-05T14:04:24.797+00:00,419.596,manual,Manual cook,temp,2100,444.6,,esp32,,0,,,,,,,,,,,,1,445.0,0.0,0.0,0,NONE
2026-10-05T14:04:25.297+00:00,420.096,manual,Manual cook,temp,2100,444.6,,esp32,,0,,,,,,,,,,,,1,445.0,0.0,0.0,0,NONE
2026-10-05T14:04:26.297+00:00,421.096,manual,Manual cook,temp,2100,444.2,,esp32,,0,,,,,,,,,,,,1,445.0,0.0,0.0,0,NONE
2026-10-05T14:04:27.297+00:00,422.096,manual,Manual cook,temp,2100,444.2,,esp32,,0,,,,,,,,,,,,1,445.0,5.0,5.0,0,NONE
2026-10-05T14:04:28.297+00:00,423.096,manual,Manual cook,temp,2100,443.8,,esp32,,0,,,,,,,,,,,,1,445.0,0.0,0.0,0,NONE
2026-10-05T14:04:29.297+00:00,424.096,manual,Manual cook,temp,2100,444.6,,esp32,,0,,,,,,,,,,,,1,445.0,0.0,0.0,0,NONE
2026-10-05T14:04:30.296+00:00,425.095,manual,Manual cook,temp,2100,445.1,,esp32,,0,,,,,,,,,,,,1,445.0,0.0,0.0,0,NONE
2026-10-05T14:04:30.796+00:00,425.595,manual,Manual cook,temp,2100,444.6,,esp32,,0,,,,,,,,,,,,1,445.0,2.0,11.0,0,NONE
2026-10-05T14:04:31.298+00:00,426.097,manual,Manual cook,temp,2100,444.6,,esp32,,0,,,,,,,,,,,,1,445.0,20.0,20.0,0,NONE
2026-10-05T14:04:32.296+00:00,427.095,manual,Manual cook,temp,2100,443.8,,esp32,,0,,,,,,,,,,,,1,445.0,2.0,12.0,0,NONE
2026-10-05T14:04:33.297+00:00,428.096,manual,Manual cook,temp,2100,443.8,,esp32,,0,,,,,,,,,,,,1,445.0,6.0,6.0,0,NONE
2026-10-05T14:04:34.297+00:00,429.096,manual,Manual cook,temp,2100,445.1,,esp32,,0,,,,,,,,,,,,1,445.0,0.0,0.0,0,NONE
2026-10-05T14:04:35.296+00:00,430.095,manual,Manual cook,temp,2100,444.2,,esp32,,0,,,,,,,,,,,,1,445.0,3.0,3.0,0,NONE
2026-10-05T14:04:36.296+00:00,431.095,manual,Manual cook,temp,2100,445.1,,esp32,,0,,,,,,,,,,,,1,445.0,0.0,0.0,0,NONE
2026-10-05T14:04:36.796+00:00,431.595,manual,Manual cook,temp,2100,444.6,,esp32,,0,,,,,,,,,,,,1,445.0,2.0,11.0,0,NONE
2026-10-05T14:04:37.297+00:00,432.096,manual,Manual cook,temp,2100,446.0,,esp32,,0,,,,,,,,,,,,1,445.0,4.0,4.0,0,NONE
2026-10-05T14:04:38.296+00:00,433.095,manual,Manual cook,temp,2100,446.0,,esp32,,0,,,,,,,,,,,,1,445.0,1.0,1.0,0,NONE
2026-10-05T14:04:38.796+00:00,433.595,manual,Manual cook,temp,2100,445.5,,esp32,,0,,,,,,,,,,,,1,445.0,17.0,17.0,0,NONE
2026-10-05T14:04:39.296+00:00,434.095,manual,Manual cook,temp,2100,445.5,,esp32,,0,,,,,,,,,,,,1,445.0,0.0,0.0,0,NONE
2026-10-05T14:04:40.296+00:00,435.095,manual,Manual cook,temp,2100,446.0,,esp32,,0,,,,,,,,,,,,1,445.0,0.0,0.0,0,NONE
2026-10-05T14:04:41.296+00:00,436.095,manual,Manual cook,temp,2100,445.5,,esp32,,0,,,,,,,,,,,,1,445.0,9.0,9.0,0,NONE
2026-10-05T14:04:42.296+00:00,437.095,manual,Manual cook,temp,2100,445.5,,esp32,,0,,,,,,,,,,,,1,445.0,2.0,9.0,0,NONE
2026-10-05T14:04:43.298+00:00,438.097,manual,Manual cook,temp,2100,446.0,,esp32,,0,,,,,,,,,,,,1,445.0,0.0,0.0,0,NONE
2026-10-05T14:04:44.296+00:00,439.095,manual,Manual cook,temp,2100,445.1,,esp32,,0,,,,,,,,,,,,1,445.0,17.0,17.0,0,NONE
2026-10-05T14:04:45.296+00:00,440.095,manual,Manual cook,temp,2100,445.5,,esp32,,0,,,,,,,,,,,,1,445.0,2.0,9.0,0,NONE
2026-10-05T14:04:46.296+00:00,441.095,manual,Manual cook,temp,2100,444.6,,esp32,,0,,,,,,,,,,,,1,445.0,0.0,0.0,0,NONE
2026-10-05T14:04:47.295+00:00,442.094,manual,Manual cook,temp,2100,445.5,,esp32,,0,,,,,,,,,,,,1,445.0,0.0,0.0,0,NONE
2026-10-05T14:04:48.295+00:00,443.094,manual,Manual cook,temp,2100,445.5,,esp32,,0,,,,,,,,,,,,1,445.0,2.0,2.0,0,NONE
2026-10-05T14:04:49.296+00:00,444.095,manual,Manual cook,temp,2100,445.5,,esp32,,0,,,,,,,,,,,,1,445.0,18.0,18.0,0,NONE
2026-10-05T14:04:50.296+00:00,445.095,manual,Manual cook,temp,2100,443.8,,esp32,,0,,,,,,,,,,,,1,445.0,2.0,34.0,0,NONE
2026-10-05T14:04:51.296+00:00,446.095,manual,Manual cook,temp,2100,445.1,,esp32,,0,,,,,,,,,,,,1,445.0,0.0,0.0,0,NONE
2026-10-05T14:04:52.295+00:00,447.094,manual,Manual cook,temp,2100,445.1,,esp32,,0,,,,,,,,,,,,1,445.0,3.0,3.0,0,NONE
2026-10-05T14:04:52.796+00:00,447.595,manual,Manual cook,temp,2100,444.6,,esp32,,0,,,,,,,,,,,,1,445.0,11.0,11.0,0,NONE
2026-10-05T14:04:53.297+00:00,448.096,manual,Manual cook,temp,2100,445.1,,esp32,,0,,,,,,,,,,,,1,445.0,0.0,0.0,0,NONE
2026-10-05T14:04:54.296+00:00,449.095,manual,Manual cook,temp,2100,445.1,,esp32,,0,,,,,,,,,,,,1,445.0,3.0,3.0,0,NONE
2026-10-05T14:04:55.295+00:00,450.094,manual,Manual cook,temp,2100,445.1,,esp32,,0,,,,,,,,,,,,1,445.0,0.0,0.0,0,NONE
2026-10-05T14:04:55.795+00:00,450.594,manual,Manual cook,temp,2100,445.1,,esp32,,0,,,,,,,,,,,,1,445.0,0.0,0.0,0,NONE
2026-10-05T14:04:56.296+00:00,451.095,manual,Manual cook,temp,2100,445.1,,esp32,,0,,,,,,,,,,,,1,445.0,2.0,10.0,0,NONE
2026-10-05T14:04:57.295+00:00,452.094,manual,Manual cook,temp,2100,445.1,,esp32,,0,,,,,,,,,,,,1,445.0,3.0,3.0,0,NONE
2026-10-05T14:04:58.296+00:00,453.095,manual,Manual cook,temp,2100,445.5,,esp32,,0,,,,,,,,,,,,1,445.0,0.0,0.0,0,NONE
2026-10-05T14:04:59.295+00:00,454.094,manual,Manual cook,temp,2100,444.6,,esp32,,0,,,,,,,,,,,,1,445.0,2.0,2.0,0,NONE
2026-10-05T14:04:59.795+00:00,454.594,manual,Manual cook,temp,2100,444.6,,esp32,,0,,,,,,,,,,,,1,445.0,18.0,18.0,0,NONE
2026-10-05T14:05:00.295+00:00,455.094,manual,Manual cook,temp,2100,445.1,,esp32,,0,,,,,,,,,,,,1,445.0,0.0,0.0,0,NONE
2026-10-05T14:05:01.295+00:00,456.095,manual,Manual cook,temp,2100,444.6,,esp32,,0,,,,,,,,,,,,1,445.0,11.0,11.0,0,NONE
2026-10-05T14:05:02.295+00:00,457.094,manual,Manual cook,temp,2100,445.1,,esp32,,0,,,,,,,,,,,,1,445.0,2.0,10.0,0,NONE
2026-10-05T14:05:02.795+00:00,457.594,manual,Manual cook,temp,2100,444.2,,esp32,,0,,,,,,,,,,,,1,445.0,19.0,19.0,0,NONE
2026-10-05T14:05:03.295+00:00,458.094,manual,Manual cook,temp,2100,445.1,,esp32,,0,,,,,,,,,,,,1,445.0,0.0,0.0,0,NONE
2026-10-05T14:05:04.294+00:00,459.093,manual,Manual cook,temp,2100,445.5,,esp32,,0,,,,,,,,,,,,1,445.0,2.0,2.0,0,NONE
2026-10-05T14:05:05.295+00:00,460.094,manual,Manual cook,temp,2100,444.6,,esp32,,0,,,,,,,,,,,,1,445.0,18.0,18.0,0,NONE
2026-10-05T14:05:06.294+00:00,461.093,manual,Manual cook,temp,2100,445.5,,esp32,,0,,,,,,,,,,,,1,445.0,2.0,2.0,0,NONE
2026-10-05T14:05:06.794+00:00,461.593,manual,Manual cook,temp,2100,444.6,,esp32,,0,,,,,,,,,,,,1,445.0,2.0,2.0,0,NONE
2026-10-05T14:05:07.294+00:00,462.093,manual,Manual cook,temp,2100,446.0,,esp32,,0,,,,,,,,,,,,1,445.0,18.0,18.0,0,NONE
2026-10-05T14:05:08.294+00:00,463.093,manual,Manual cook,temp,2100,445.1,,esp32,,0,,,,,,,,,,,,1,445.0,2.0,17.0,0,NONE
2026-10-05T14:05:08.794+00:00,463.593,manual,Manual cook,temp,2100,444.6,,esp32,,0,,,,,,,,,,,,1,445.0,0.0,0.0,0,NONE
2026-10-05T14:05:09.295+00:00,464.094,manual,Manual cook,temp,2100,444.6,,esp32,,0,,,,,,,,,,,,1,445.0,2.0,18.0,0,NONE
2026-10-05T14:05:10.294+00:00,465.093,manual,Manual cook,temp,2100,444.6,,esp32,,0,,,,,,,,,,,,1,445.0,0.0,0.0,0,NONE
2026-10-05T14:05:11.295+00:00,466.095,manual,Manual cook,temp,2100,444.2,,esp32,,0,,,,,,,,,,,,1,445.0,12.0,12.0,0,NONE
2026-10-05T14:05:12.294+00:00,467.093,manual,Manual cook,temp,2100,444.6,,esp32,,0,,,,,,,,,,,,1,445.0,0.0,0.0,0,NONE
2026-10-05T14:05:13.294+00:00,468.093,manual,Manual cook,temp,2100,444.6,,esp32,,0,,,,,,,,,,,,1,445.0,4.0,4.0,0,NONE
2026-10-05T14:05:14.294+00:00,469.093,manual,Manual cook,temp,2100,444.2,,esp32,,0,,,,,,,,,,,,1,445.0,12.0,12.0,0,NONE
2026-10-05T14:05:15.294+00:00,470.093,manual,Manual cook,temp,2100,443.8,,esp32,,0,,,,,,,,,,,,1,445.0,0.0,0.0,0,NONE
2026-10-05T14:05:16.294+00:00,471.093,manual,Manual cook,temp,2100,444.6,,esp32,,0,,,,,,,,,,,,1,445.0,0.0,0.0,0,NONE
2026-10-05T14:05:17.294+00:00,472.093,manual,Manual cook,temp,2100,444.6,,esp32,,0,,,,,,,,,,,,1,445.0,2.0,11.0,0,NONE
2026-10-05T14:05:18.294+00:00,473.093,manual,Manual cook,temp,2100,444.6,,esp32,,0,,,,,,,,,,,,1,445.0,2.0,11.0,0,NONE
2026-10-05T14:05:19.294+00:00,474.093,manual,Manual cook,temp,2100,445.1,,esp32,,0,,,,,,,,,,,,1,445.0,0.0,0.0,0,NONE
2026-10-05T14:05:20.294+00:00,475.093,manual,Manual cook,temp,2100,444.2,,esp32,,0,,,,,,,,,,,,1,445.0,19.0,19.0,0,NONE
2026-10-05T14:05:21.294+00:00,476.093,manual,Manual cook,temp,2100,444.6,,esp32,,0,,,,,,,,,,,,1,445.0,0.0,0.0,0,NONE
2026-10-05T14:05:21.794+00:00,476.593,manual,Manual cook,temp,2100,445.1,,esp32,,0,,,,,,,,,,,,1,445.0,2.0,11.0,0,NONE
2026-10-05T14:05:22.793+00:00,477.592,manual,Manual cook,temp,2100,445.5,,esp32,,0,,,,,,,,,,,,1,445.0,0.0,0.0,0,NONE
2026-10-05T14:05:23.794+00:00,478.593,manual,Manual cook,temp,2100,445.1,,esp32,,0,,,,,,,,,,,,1,445.0,10.0,10.0,0,NONE
2026-10-05T14:05:24.793+00:00,479.592,manual,Manual cook,temp,2100,445.1,,esp32,,0,,,,,,,,,,,,1,445.0,0.0,0.0,0,NONE
2026-10-05T14:05:25.793+00:00,480.592,manual,Manual cook,temp,2100,444.6,,esp32,,0,,,,,,,,,,,,1,445.0,0.0,0.0,0,NONE
2026-10-05T14:05:26.293+00:00,481.092,manual,Manual cook,temp,2100,445.1,,esp32,,0,,,,,,,,,,,,1,445.0,2.0,4.0,0,NONE
2026-10-05T14:05:27.293+00:00,482.092,manual,Manual cook,temp,2100,444.6,,esp32,,0,,,,,,,,,,,,1,445.0,2.0,11.0,0,NONE
2026-10-05T14:05:28.293+00:00,483.092,manual,Manual cook,temp,2100,444.2,,esp32,,0,,,,,,,,,,,,1,445.0,12.0,12.0,0,NONE
2026-10-05T14:05:29.293+00:00,484.092,manual,Manual cook,temp,2100,444.2,,esp32,,0,,,,,,,,,,,,1,445.0,2.0,12.0,0,NONE
2026-10-05T14:05:30.295+00:00,485.094,manual,Manual cook,temp,2100,445.1,,esp32,,0,,,,,,,,,,,,1,445.0,2.0,3.0,0,NONE
2026-10-05T14:05:31.293+00:00,486.092,manual,Manual cook,temp,2100,445.1,,esp32,,0,,,,,,,,,,,,1,445.0,0.0,0.0,0,NONE
2026-10-05T14:05:31.793+00:00,486.592,manual,Manual cook,temp,2100,445.1,,esp32,,0,,,,,,,,,,,,1,445.0,2.0,3.0,0,NONE
2026-10-05T14:05:32.793+00:00,487.592,manual,Manual cook,temp,2100,445.1,,esp32,,0,,,,,,,,,,,,1,445.0,3.0,3.0,0,NONE
2026-10-05T14:05:33.293+00:00,488.092,manual,Manual cook,temp,2100,444.2,,esp32,,0,,,,,,,,,,,,1,445.0,19.0,19.0,0,NONE
2026-10-05T14:05:34.293+00:00,489.092,manual,Manual cook,temp,2100,445.1,,esp32,,0,,,,,,,,,,,,1,445.0,2.0,3.0,0,NONE
2026-10-05T14:05:35.294+00:00,490.093,manual,Manual cook,temp,2100,446.0,,esp32,,0,,,,,,,,,,,,1,445.0,2.0,18.0,0,NONE
2026-10-05T14:05:36.293+00:00,491.092,manual,Manual cook,temp,2100,445.1,,esp32,,0,,,,,,,,,,,,1,445.0,2.0,18.0,0,NONE
2026-10-05T14:05:36.793+00:00,491.592,manual,Manual cook,temp,2100,446.0,,esp32,,0,,,,,,,,,,,,1,445.0,11.0,11.0,0,NONE
2026-10-05T14:05:37.294+00:00,492.093,manual,Manual cook,temp,2100,446.0,,esp32,,0,,,,,,,,,,,,1,445.0,0.0,0.0,0,NONE
2026-10-05T14:05:38.294+00:00,493.093,manual,Manual cook,temp,2100,444.6,,esp32,,0,,,,,,,,,,,,1,445.0,22.0,26.0,0,NONE
2026-10-05T14:05:39.293+00:00,494.092,manual,Manual cook,temp,2100,445.5,,esp32,,0,,,,,,,,,,,,1,445.0,0.0,0.0,0,NONE
2026-10-05T14:05:40.292+00:00,495.092,manual,Manual cook,temp,2100,446.0,,esp32,,0,,,,,,,,,,,,1,445.0,2.0,8.0,0,NONE
2026-10-05T14:05:40.793+00:00,495.592,manual,Manual cook,temp,2100,446.5,,esp32,,0,,,,,,,,,,,,1,445.0,22.0,26.0,0,NONE
2026-10-05T14:05:41.294+00:00,496.093,manual,Manual cook,temp,2100,446.0,,esp32,,0,,,,,,,,,,,,1,445.0,0.0,0.0,0,NONE
2026-10-05T14:05:42.292+00:00,497.091,manual,Manual cook,temp,2100,445.5,,esp32,,0,,,,,,,,,,,,1,445.0,9.0,9.0,0,NONE
2026-10-05T14:05:42.792+00:00,497.591,manual,Manual cook,temp,2100,445.1,,esp32,,0,,,,,,,,,,,,1,445.0,2.0,2.0,0,NONE
2026-10-05T14:05:43.293+00:00,498.092,manual,Manual cook,temp,2100,445.5,,esp32,,0,,,,,,,,,,,,1,445.0,10.0,10.0,0,NONE
2026-10-05T14:05:44.293+00:00,499.092,manual,Manual cook,temp,2100,445.5,,esp32,,0,,,,,,,,,,,,1,445.0,0.0,0.0,0,NONE
2026-10-05T14:05:45.292+00:00,500.091,manual,Manual cook,temp,2100,445.5,,esp32,,0,,,,,,,,,,,,1,445.0,10.0,10.0,0,NONE
2026-10-05T14:05:46.292+00:00,501.091,manual,Manual cook,temp,2100,446.0,,esp32,,0,,,,,,,,,,,,1,445.0,0.0,0.0,0,NONE
2026-10-05T14:05:46.792+00:00,501.591,manual,Manual cook,temp,2100,446.5,,esp32,,0,,,,,,,,,,,,1,445.0,0.0,0.0,0,NONE
2026-10-05T14:05:47.792+00:00,502.591,manual,Manual cook,temp,2100,445.5,,esp32,,0,,,,,,,,,,,,1,445.0,9.0,9.0,0,NONE
2026-10-05T14:05:48.292+00:00,503.091,manual,Manual cook,temp,2100,445.5,,esp32,,0,,,,,,,,,,,,1,445.0,2.0,2.0,0,NONE
2026-10-05T14:05:48.792+00:00,503.591,manual,Manual cook,temp,2100,445.1,,esp32,,0,,,,,,,,,,,,1,445.0,10.0,10.0,0,NONE
2026-10-05T14:05:49.292+00:00,504.091,manual,Manual cook,temp,2100,445.5,,esp32,,0,,,,,,,,,,,,1,445.0,11.0,11.0,0,NONE
2026-10-05T14:05:50.292+00:00,505.091,manual,Manual cook,temp,2100,446.0,,esp32,,0,,,,,,,,,,,,1,445.0,0.0,0.0,0,NONE
2026-10-05T14:05:50.792+00:00,505.591,manual,Manual cook,temp,2100,445.1,,esp32,,0,,,,,,,,,,,,1,445.0,1.0,1.0,0,NONE
2026-10-05T14:05:51.292+00:00,506.091,manual,Manual cook,temp,2100,445.1,,esp32,,0,,,,,,,,,,,,1,445.0,17.0,17.0,0,NONE
2026-10-05T14:05:52.292+00:00,507.091,manual,Manual cook,temp,2100,445.5,,esp32,,0,,,,,,,,,,,,1,445.0,2.0,2.0,0,NONE
2026-10-05T14:05:53.292+00:00,508.091,manual,Manual cook,temp,2100,445.5,,esp32,,0,,,,,,,,,,,,1,445.0,2.0,2.0,0,NONE
2026-10-05T14:05:53.792+00:00,508.591,manual,Manual cook,temp,2100,445.1,,esp32,,0,,,,,,,,,,,,1,445.0,2.0,2.0,0,NONE
2026-10-05T14:05:54.292+00:00,509.091,manual,Manual cook,temp,2100,445.1,,esp32,,0,,,,,,,,,,,,1,445.0,10.0,10.0,0,NONE
2026-10-05T14:05:55.292+00:00,510.091,manual,Manual cook,temp,2100,445.5,,esp32,,0,,,,,,,,,,,,1,445.0,2.0,18.0,0,NONE
2026-10-05T14:05:56.292+00:00,511.091,manual,Manual cook,temp,2100,445.1,,esp32,,0,,,,,,,,,,,,1,445.0,2.0,10.0,0,NONE
2026-10-05T14:05:57.792+00:00,512.591,manual,Manual cook,temp,2100,443.8,,esp32,,0,,,,,,,,,,,,1,445.0,3.0,3.0,0,NONE
2026-10-05T14:05:58.792+00:00,513.591,manual,Manual cook,temp,2100,445.1,,esp32,,0,,,,,,,,,,,,1,445.0,0.0,0.0,0,NONE
2026-10-05T14:05:59.792+00:00,514.591,manual,Manual cook,temp,2100,445.1,,esp32,,0,,,,,,,,,,,,1,445.0,19.0,19.0,0,NONE
2026-10-05T14:06:00.791+00:00,515.590,manual,Manual cook,temp,2100,445.1,,esp32,,0,,,,,,,,,,,,1,445.0,2.0,3.0,0,NONE
2026-10-05T14:06:01.791+00:00,516.590,manual,Manual cook,temp,2100,444.6,,esp32,,0,,,,,,,,,,,,1,445.0,11.0,11.0,0,NONE
2026-10-05T14:06:02.791+00:00,517.590,manual,Manual cook,temp,2100,445.1,,esp32,,0,,,,,,,,,,,,1,445.0,2.0,18.0,0,NONE
2026-10-05T14:06:03.792+00:00,518.591,manual,Manual cook,temp,2100,444.6,,esp32,,0,,,,,,,,,,,,1,445.0,2.0,11.0,0,NONE
2026-10-05T14:06:04.791+00:00,519.590,manual,Manual cook,temp,2100,445.1,,esp32,,0,,,,,,,,,,,,1,445.0,2.0,11.0,0,NONE
2026-10-05T14:06:05.791+00:00,520.590,manual,Manual cook,temp,2100,445.1,,esp32,,0,,,,,,,,,,,,1,445.0,2.0,3.0,0,NONE
2026-10-05T14:06:06.791+00:00,521.590,manual,Manual cook,temp,2100,445.5,,esp32,,0,,,,,,,,,,,,1,445.0,3.0,3.0,0,NONE
2026-10-05T14:06:07.791+00:00,522.590,manual,Manual cook,temp,2100,444.6,,esp32,,0,,,,,,,,,,,,1,445.0,2.0,10.0,0,NONE
2026-10-05T14:06:08.291+00:00,523.090,manual,Manual cook,temp,2100,445.5,,esp32,,0,,,,,,,,,,,,1,445.0,11.0,11.0,0,NONE
2026-10-05T14:06:09.291+00:00,524.090,manual,Manual cook,temp,2100,445.5,,esp32,,0,,,,,,,,,,,,1,445.0,2.0,2.0,0,NONE
2026-10-05T14:06:09.791+00:00,524.590,manual,Manual cook,temp,2100,445.5,,esp32,,0,,,,,,,,,,,,1,445.0,22.0,35.0,0,NONE
2026-10-05T14:06:10.791+00:00,525.590,manual,Manual cook,temp,2100,446.0,,esp32,,0,,,,,,,,,,,,1,445.0,0.0,0.0,0,NONE
2026-10-05T14:06:11.291+00:00,526.090,manual,Manual cook,temp,2100,444.6,,esp32,,0,,,,,,,,,,,,1,445.0,2.0,26.0,0,NONE
2026-10-05T14:06:12.291+00:00,527.090,manual,Manual cook,temp,2100,445.1,,esp32,,0,,,,,,,,,,,,1,445.0,1.0,1.0,0,NONE
2026-10-05T14:06:12.791+00:00,527.590,manual,Manual cook,temp,2100,445.1,,esp32,,0,,,,,,,,,,,,1,445.0,17.0,17.0,0,NONE
2026-10-05T14:06:13.791+00:00,528.590,manual,Manual cook,temp,2100,445.5,,esp32,,0,,,,,,,,,,,,1,445.0,2.0,2.0,0,NONE
2026-10-05T14:06:14.791+00:00,529.590,manual,Manual cook,temp,2100,445.1,,esp32,,0,,,,,,,,,,,,1,445.0,18.0,18.0,0,NONE
2026-10-05T14:06:15.791+00:00,530.590,manual,Manual cook,temp,2100,445.1,,esp32,,0,,,,,,,,,,,,1,445.0,2.0,3.0,0,NONE
2026-10-05T14:06:16.291+00:00,531.090,manual,Manual cook,temp,2100,445.5,,esp32,,0,,,,,,,,,,,,1,445.0,11.0,11.0,0,NONE
2026-10-05T14:06:17.291+00:00,532.090,manual,Manual cook,temp,2100,444.6,,esp32,,0,,,,,,,,,,,,1,445.0,2.0,18.0,0,NONE
2026-10-05T14:06:18.291+00:00,533.090,manual,Manual cook,temp,2100,443.8,,esp32,,0,,,,,,,,,,,,1,445.0,20.0,20.0,0,NONE
2026-10-05T14:06:19.290+00:00,534.090,manual,Manual cook,temp,2100,444.6,,esp32,,0,,,,,,,,,,,,1,445.0,2.0,4.0,0,NONE
2026-10-05T14:06:19.791+00:00,534.590,manual,Manual cook,temp,2100,444.2,,esp32,,0,,,,,,,,,,,,1,445.0,4.0,4.0,0,NONE
2026-10-05T14:06:20.291+00:00,535.090,manual,Manual cook,temp,2100,444.2,,esp32,,0,,,,,,,,,,,,1,445.0,12.0,12.0,0,NONE
2026-10-05T14:06:21.290+00:00,536.089,manual,Manual cook,temp,2100,445.1,,esp32,,0,,,,,,,,,,,,1,445.0,2.0,3.0,0,NONE
2026-10-05T14:06:21.790+00:00,536.590,manual,Manual cook,temp,2100,444.6,,esp32,,0,,,,,,,,,,,,1,445.0,11.0,11.0,0,NONE
2026-10-05T14:06:22.790+00:00,537.589,manual,Manual cook,temp,2100,445.1,,esp32,,0,,,,,,,,,,,,1,445.0,0.0,0.0,0,NONE
2026-10-05T14:06:23.290+00:00,538.089,manual,Manual cook,temp,2100,445.1,,esp32,,0,,,,,,,,,,,,1,445.0,2.0,3.0,0,NONE
2026-10-05T14:06:23.790+00:00,538.589,manual,Manual cook,temp,2100,444.2,,esp32,,0,,,,,,,,,,,,1,445.0,19.0,19.0,0,NONE
2026-10-05T14:06:24.790+00:00,539.589,manual,Manual cook,temp,2100,445.1,,esp32,,0,,,,,,,,,,,,1,445.0,2.0,10.0,0,NONE
2026-10-05T14:06:25.290+00:00,540.090,manual,Manual cook,temp,2100,445.5,,esp32,,0,,,,,,,,,,,,1,445.0,11.0,11.0,0,NONE
2026-10-05T14:06:26.290+00:00,541.089,manual,Manual cook,temp,2100,446.0,,esp32,,0,,,,,,,,,,,,1,445.0,0.0,0.0,0,NONE
2026-10-05T14:06:27.290+00:00,542.089,manual,Manual cook,temp,2100,445.5,,esp32,,0,,,,,,,,,,,,1,445.0,9.0,9.0,0,NONE
2026-10-05T14:06:28.290+00:00,543.089,manual,Manual cook,temp,2100,446.0,,esp32,,0,,,,,,,,,,,,1,445.0,0.0,0.0,0,NONE
2026-10-05T14:06:29.290+00:00,544.089,manual,Manual cook,temp,2100,445.5,,esp32,,0,,,,,,,,,,,,1,445.0,0.0,0.0,0,NONE
2026-10-05T14:06:30.290+00:00,545.089,manual,Manual cook,temp,2100,445.5,,esp32,,0,,,,,,,,,,,,1,445.0,0.0,0.0,0,NONE
2026-10-05T14:06:31.290+00:00,546.089,manual,Manual cook,temp,2100,446.9,,esp32,,0,,,,,,,,,,,,1,445.0,0.0,0.0,0,NONE
2026-10-05T14:06:32.290+00:00,547.089,manual,Manual cook,temp,2100,446.0,,esp32,,0,,,,,,,,,,,,1,445.0,2.0,16.0,0,NONE
2026-10-05T14:06:33.290+00:00,548.089,manual,Manual cook,temp,2100,446.0,,esp32,,0,,,,,,,,,,,,1,445.0,0.0,0.0,0,NONE
2026-10-05T14:06:34.290+00:00,549.089,manual,Manual cook,temp,2100,446.0,,esp32,,0,,,,,,,,,,,,1,445.0,9.0,9.0,0,NONE
2026-10-05T14:06:35.290+00:00,550.089,manual,Manual cook,temp,2100,446.0,,esp32,,0,,,,,,,,,,,,1,445.0,1.0,1.0,0,NONE
2026-10-05T14:06:36.290+00:00,551.089,manual,Manual cook,temp,2100,445.5,,esp32,,0,,,,,,,,,,,,1,445.0,9.0,9.0,0,NONE
2026-10-05T14:06:36.790+00:00,551.589,manual,Manual cook,temp,2100,446.0,,esp32,,0,,,,,,,,,,,,1,445.0,0.0,0.0,0,NONE
2026-10-05T14:06:37.790+00:00,552.589,manual,Manual cook,temp,2100,445.5,,esp32,,0,,,,,,,,,,,,1,445.0,1.0,1.0,0,NONE
2026-10-05T14:06:38.790+00:00,553.589,manual,Manual cook,temp,2100,445.5,,esp32,,0,,,,,,,,,,,,1,445.0,2.0,2.0,0,NONE
2026-10-05T14:06:39.290+00:00,554.089,manual,Manual cook,temp,2100,445.5,,esp32,,0,,,,,,,,,,,,1,445.0,10.0,10.0,0,NONE
2026-10-05T14:06:40.289+00:00,555.089,manual,Manual cook,temp,2100,446.0,,esp32,,0,,,,,,,,,,,,1,445.0,0.0,0.0,0,NONE
2026-10-05T14:06:40.790+00:00,555.589,manual,Manual cook,temp,2100,445.5,,esp32,,0,,,,,,,,,,,,1,445.0,2.0,9.0,0,NONE
2026-10-05T14:06:41.290+00:00,556.089,manual,Manual cook,temp,2100,444.6,,esp32,,0,,,,,,,,,,,,1,445.0,18.0,18.0,0,NONE
2026-10-05T14:06:42.290+00:00,557.089,manual,Manual cook,temp,2100,444.6,,esp32,,0,,,,,,,,,,,,1,445.0,2.0,11.0,0,NONE
2026-10-05T14:06:43.289+00:00,558.088,manual,Manual cook,temp,2100,445.1,,esp32,,0,,,,,,,,,,,,1,445.0,0.0,0.0,0,NONE
2026-10-05T14:06:44.289+00:00,559.088,manual,Manual cook,temp,2100,444.6,,esp32,,0,,,,,,,,,,,,1,445.0,11.0,11.0,0,NONE
2026-10-05T14:06:45.289+00:00,560.088,manual,Manual cook,temp,2100,445.5,,esp32,,0,,,,,,,,,,,,1,445.0,0.0,0.0,0,NONE
2026-10-05T14:06:45.789+00:00,560.588,manual,Manual cook,temp,2100,444.6,,esp32,,0,,,,,,,,,,,,1,445.0,2.0,18.0,0,NONE
2026-10-05T14:06:46.290+00:00,561.089,manual,Manual cook,temp,2100,445.1,,esp32,,0,,,,,,,,,,,,1,445.0,0.0,0.0,0,NONE
2026-10-05T14:06:47.289+00:00,562.088,manual,Manual cook,temp,2100,445.5,,esp32,,0,,,,,,,,,,,,1,445.0,0.0,0.0,0,NONE
2026-10-05T14:06:47.789+00:00,562.588,manual,Manual cook,temp,2100,445.1,,esp32,,0,,,,,,,,,,,,1,445.0,2.0,10.0,0,NONE
2026-10-05T14:06:48.289+00:00,563.088,manual,Manual cook,temp,2100,444.6,,esp32,,0,,,,,,,,,,,,1,445.0,11.0,11.0,0,NONE
2026-10-05T14:06:49.289+00:00,564.088,manual,Manual cook,temp,2100,444.6,,esp32,,0,,,,,,,,,,,,1,445.0,2.0,18.0,0,NONE
2026-10-05T14:06:50.289+00:00,565.088,manual,Manual cook,temp,2100,444.2,,esp32,,0,,,,,,,,,,,,1,445.0,2.0,3.0,0,NONE
2026-10-05T14:06:50.789+00:00,565.588,manual,Manual cook,temp,2100,445.1,,esp32,,0,,,,,,,,,,,,1,445.0,19.0,19.0,0,NONE
2026-10-05T14:06:51.789+00:00,566.588,manual,Manual cook,temp,2100,444.6,,esp32,,0,,,,,,,,,,,,1,445.0,2.0,11.0,0,NONE
2026-10-05T14:06:52.789+00:00,567.588,manual,Manual cook,temp,2100,445.1,,esp32,,0,,,,,,,,,,,,1,445.0,0.0,0.0,0,NONE
2026-10-05T14:06:53.289+00:00,568.088,manual,Manual cook,temp,2100,445.1,,esp32,,0,,,,,,,,,,,,1,445.0,2.0,3.0,0,NONE
2026-10-05T14:06:54.289+00:00,569.088,manual,Manual cook,temp,2100,444.6,,esp32,,0,,,,,,,,,,,,1,445.0,11.0,11.0,0,NONE
2026-10-05T14:06:55.291+00:00,570.090,manual,Manual cook,temp,2100,445.5,,esp32,,0,,,,,,,,,,,,1,445.0,0.0,0.0,0,NONE
2026-10-05T14:06:56.289+00:00,571.088,manual,Manual cook,temp,2100,446.0,,esp32,,0,,,,,,,,,,,,1,445.0,0.0,0.0,0,NONE
2026-10-05T14:06:56.789+00:00,571.588,manual,Manual cook,temp,2100,445.5,,esp32,,0,,,,,,,,,,,,1,445.0,2.0,9.0,0,NONE
2026-10-05T14:06:57.789+00:00,572.588,manual,Manual cook,temp,2100,445.5,,esp32,,0,,,,,,,,,,,,1,445.0,2.0,2.0,0,NONE
2026-10-05T14:06:58.289+00:00,573.088,manual,Manual cook,temp,2100,445.5,,esp32,,0,,,,,,,,,,,,1,445.0,2.0,2.0,0,NONE
2026-10-05T14:06:58.789+00:00,573.588,manual,Manual cook,temp,2100,445.5,,esp32,,0,,,,,,,,,,,,1,445.0,2.0,2.0,0,NONE
2026-10-05T14:06:59.789+00:00,574.588,manual,Manual cook,temp,2100,445.1,,esp32,,0,,,,,,,,,,,,1,445.0,18.0,18.0,0,NONE
2026-10-05T14:07:00.789+00:00,575.588,manual,Manual cook,temp,2100,444.2,,esp32,,0,,,,,,,,,,,,1,445.0,2.0,3.0,0,NONE
2026-10-05T14:07:01.289+00:00,576.088,manual,Manual cook,temp,2100,445.1,,esp32,,0,,,,,,,,,,,,1,445.0,19.0,19.0,0,NONE
2026-10-05T14:07:02.289+00:00,577.088,manual,Manual cook,temp,2100,444.2,,esp32,,0,,,,,,,,,,,,1,445.0,2.0,11.0,0,NONE
2026-10-05T14:07:03.288+00:00,578.087,manual,Manual cook,temp,2100,444.6,,esp32,,0,,,,,,,,,,,,1,445.0,0.0,0.0,0,NONE
2026-10-05T14:07:03.788+00:00,578.588,manual,Manual cook,temp,2100,443.8,,esp32,,0,,,,,,,,,,,,1,445.0,2.0,4.0,0,NONE
2026-10-05T14:07:04.289+00:00,579.088,manual,Manual cook,temp,2100,444.6,,esp32,,0,,,,,,,,,,,,1,445.0,20.0,20.0,0,NONE
2026-10-05T14:07:05.288+00:00,580.087,manual,Manual cook,temp,2100,444.2,,esp32,,0,,,,,,,,,,,,1,445.0,2.0,12.0,0,NONE
2026-10-05T14:07:06.288+00:00,581.087,manual,Manual cook,temp,2100,443.8,,esp32,,0,,,,,,,,,,,,1,445.0,2.0,4.0,0,NONE
2026-10-05T14:07:06.789+00:00,581.588,manual,Manual cook,temp,2100,444.6,,esp32,,0,,,,,,,,,,,,1,445.0,20.0,20.0,0,NONE
2026-10-05T14:07:07.788+00:00,582.587,manual,Manual cook,temp,2100,444.6,,esp32,,0,,,,,,,,,,,,1,445.0,2.0,4.0,0,NONE
2026-10-05T14:07:08.788+00:00,583.587,manual,Manual cook,temp,2100,444.2,,esp32,,0,,,,,,,,,,,,1,445.0,20.0,20.0,0,NONE
2026-10-05T14:07:09.788+00:00,584.587,manual,Manual cook,temp,2100,444.6,,esp32,,0,,,,,,,,,,,,1,445.0,0.0,0.0,0,NONE
2026-10-05T14:07:10.788+00:00,585.587,manual,Manual cook,temp,2100,444.2,,esp32,,0,,,,,,,,,,,,1,445.0,12.0,12.0,0,NONE
2026-10-05T14:07:11.788+00:00,586.587,manual,Manual cook,temp,2100,444.6,,esp32,,0,,,,,,,,,,,,1,445.0,2.0,20.0,0,NONE
2026-10-05T14:07:12.788+00:00,587.587,manual,Manual cook,temp,2100,444.6,,esp32,,0,,,,,,,,,,,,1,445.0,2.0,4.0,0,NONE
2026-10-05T14:07:13.788+00:00,588.587,manual,Manual cook,temp,2100,445.1,,esp32,,0,,,,,,,,,,,,1,445.0,0.0,0.0,0,NONE
2026-10-05T14:07:14.788+00:00,589.587,manual,Manual cook,temp,2100,444.6,,esp32,,0,,,,,,,,,,,,1,445.0,4.0,4.0,0,NONE
2026-10-05T14:07:15.788+00:00,590.587,manual,Manual cook,temp,2100,444.6,,esp32,,0,,,,,,,,,,,,1,445.0,4.0,4.0,0,NONE
2026-10-05T14:07:16.788+00:00,591.587,manual,Manual cook,temp,2100,445.1,,esp32,,0,,,,,,,,,,,,1,445.0,0.0,0.0,0,NONE
2026-10-05T14:07:17.788+00:00,592.587,manual,Manual cook,temp,2100,444.2,,esp32,,0,,,,,,,,,,,,1,445.0,19.0,19.0,0,NONE
2026-10-05T14:07:18.788+00:00,593.587,manual,Manual cook,temp,2100,445.5,,esp32,,0,,,,,,,,,,,,1,445.0,0.0,0.0,0,NONE
2026-10-05T14:07:19.290+00:00,594.089,manual,Manual cook,temp,2100,445.5,,esp32,,0,,,,,,,,,,,,1,445.0,2.0,2.0,0,NONE
2026-10-05T14:07:20.288+00:00,595.087,manual,Manual cook,temp,2100,445.5,,esp32,,0,,,,,,,,,,,,1,445.0,0.0,0.0,0,NONE
2026-10-05T14:07:20.788+00:00,595.587,manual,Manual cook,temp,2100,446.0,,esp32,,0,,,,,,,,,,,,1,445.0,0.0,0.0,0,NONE
2026-10-05T14:07:21.788+00:00,596.587,manual,Manual cook,temp,2100,445.5,,esp32,,0,,,,,,,,,,,,1,445.0,9.0,9.0,0,NONE
2026-10-05T14:07:22.288+00:00,597.087,manual,Manual cook,temp,2100,445.5,,esp32,,0,,,,,,,,,,,,1,445.0,2.0,2.0,0,NONE
2026-10-05T14:07:23.288+00:00,598.087,manual,Manual cook,temp,2100,445.1,,esp32,,0,,,,,,,,,,,,1,445.0,3.0,3.0,0,NONE
2026-10-05T14:07:24.288+00:00,599.087,manual,Manual cook,temp,2100,445.5,,esp32,,0,,,,,,,,,,,,1,445.0,2.0,2.0,0,NONE
2026-10-05T14:07:25.288+00:00,600.087,manual,Manual cook,temp,2100,445.1,,esp32,,0,,,,,,,,,,,,1,445.0,10.0,10.0,0,NONE
2026-10-05T14:07:26.288+00:00,601.087,manual,Manual cook,temp,2100,444.6,,esp32,,0,,,,,,,,,,,,1,445.0,11.0,11.0,0,NONE
2026-10-05T14:07:27.287+00:00,602.086,manual,Manual cook,temp,2100,445.1,,esp32,,0,,,,,,,,,,,,1,445.0,0.0,0.0,0,NONE
2026-10-05T14:07:28.287+00:00,603.086,manual,Manual cook,temp,2100,445.5,,esp32,,0,,,,,,,,,,,,1,445.0,0.0,0.0,0,NONE
2026-10-05T14:07:29.287+00:00,604.086,manual,Manual cook,temp,2100,445.5,,esp32,,0,,,,,,,,,,,,1,445.0,2.0,2.0,0,NONE
2026-10-05T14:07:29.788+00:00,604.587,manual,Manual cook,temp,2100,444.6,,esp32,,0,,,,,,,,,,,,1,445.0,18.0,18.0,0,NONE
2026-10-05T14:07:30.787+00:00,605.586,manual,Manual cook,temp,2100,445.1,,esp32,,0,,,,,,,,,,,,1,445.0,2.0,2.0,0,NONE
2026-10-05T14:07:31.287+00:00,606.086,manual,Manual cook,temp,2100,445.1,,esp32,,0,,,,,,,,,,,,1,445.0,10.0,10.0,0,NONE
2026-10-05T14:07:32.287+00:00,607.086,manual,Manual cook,temp,2100,445.5,,esp32,,0,,,,,,,,,,,,1,445.0,0.0,0.0,0,NONE
2026-10-05T14:07:32.787+00:00,607.586,manual,Manual cook,temp,2100,444.6,,esp32,,0,,,,,,,,,,,,1,445.0,2.0,18.0,0,NONE
2026-10-05T14:07:33.787+00:00,608.586,manual,Manual cook,temp,2100,445.1,,esp32,,0,,,,,,,,,,,,1,445.0,0.0,0.0,0,NONE
2026-10-05T14:07:34.787+00:00,609.586,manual,Manual cook,temp,2100,445.1,,esp32,,0,,,,,,,,,,,,1,445.0,3.0,3.0,0,NONE
2026-10-05T14:07:35.289+00:00,610.088,manual,Manual cook,temp,2100,445.1,,esp32,,0,,,,,,,,,,,,1,445.0,3.0,3.0,0,NONE
2026-10-05T14:07:36.287+00:00,611.086,manual,Manual cook,temp,2100,445.5,,esp32,,0,,,,,,,,,,,,1,445.0,0.0,0.0,0,NONE
2026-10-05T14:07:36.787+00:00,611.586,manual,Manual cook,temp,2100,445.5,,esp32,,0,,,,,,,,,,,,1,445.0,0.0,0.0,0,NONE
2026-10-05T14:07:37.287+00:00,612.086,manual,Manual cook,temp,2100,445.1,,esp32,,0,,,,,,,,,,,,1,445.0,2.0,9.0,0,NONE
2026-10-05T14:07:37.787+00:00,612.586,manual,Manual cook,temp,2100,445.5,,esp32,,0,,,,,,,,,,,,1,445.0,10.0,10.0,0,NONE
2026-10-05T14:07:38.787+00:00,613.586,manual,Manual cook,temp,2100,445.5,,esp32,,0,,,,,,,,,,,,1,445.0,2.0,10.0,0,NONE
2026-10-05T14:07:39.787+00:00,614.586,manual,Manual cook,temp,2100,445.5,,esp32,,0,,,,,,,,,,,,1,445.0,2.0,2.0,0,NONE
2026-10-05T14:07:40.787+00:00,615.586,manual,Manual cook,temp,2100,445.5,,esp32,,0,,,,,,,,,,,,1,445.0,2.0,2.0,0,NONE
2026-10-05T14:07:41.287+00:00,616.086,manual,Manual cook,temp,2100,445.1,,esp32,,0,,,,,,,,,,,,1,445.0,2.0,2.0,0,NONE
2026-10-05T14:07:41.787+00:00,616.586,manual,Manual cook,temp,2100,445.1,,esp32,,0,,,,,,,,,,,,1,445.0,10.0,10.0,0,NONE
2026-10-05T14:07:42.787+00:00,617.586,manual,Manual cook,temp,2100,445.1,,esp32,,0,,,,,,,,,,,,1,445.0,3.0,3.0,0,NONE
2026-10-05T14:07:43.287+00:00,618.086,manual,Manual cook,temp,2100,445.1,,esp32,,0,,,,,,,,,,,,1,445.0,3.0,3.0,0,NONE
2026-10-05T14:07:43.787+00:00,618.586,manual,Manual cook,temp,2100,444.6,,esp32,,0,,,,,,,,,,,,1,445.0,11.0,11.0,0,NONE
2026-10-05T14:07:44.787+00:00,619.586,manual,Manual cook,temp,2100,443.8,,esp32,,0,,,,,,,,,,,,1,445.0,20.0,20.0,0,NONE
2026-10-05T14:07:45.787+00:00,620.586,manual,Manual cook,temp,2100,444.6,,esp32,,0,,,,,,,,,,,,1,445.0,2.0,11.0,0,NONE
2026-10-05T14:07:46.787+00:00,621.586,manual,Manual cook,temp,2100,445.5,,esp32,,0,,,,,,,,,,,,1,445.0,0.0,0.0,0,NONE
2026-10-05T14:07:47.287+00:00,622.086,manual,Manual cook,temp,2100,445.5,,esp32,,0,,,,,,,,,,,,1,445.0,2.0,10.0,0,NONE
2026-10-05T14:07:48.286+00:00,623.085,manual,Manual cook,temp,2100,445.5,,esp32,,0,,,,,,,,,,,,1,445.0,2.0,2.0,0,NONE
2026-10-05T14:07:48.787+00:00,623.586,manual,Manual cook,temp,2100,445.5,,esp32,,0,,,,,,,,,,,,1,445.0,2.0,2.0,0,NONE
2026-10-05T14:07:49.287+00:00,624.086,manual,Manual cook,temp,2100,446.0,,esp32,,0,,,,,,,,,,,,1,445.0,2.0,2.0,0,NONE
2026-10-05T14:07:50.287+00:00,625.086,manual,Manual cook,temp,2100,446.5,,esp32,,0,,,,,,,,,,,,1,445.0,2.0,26.0,0,NONE
2026-10-05T14:07:51.287+00:00,626.086,manual,Manual cook,temp,2100,445.5,,esp32,,0,,,,,,,,,,,,1,445.0,2.0,17.0,0,NONE
2026-10-05T14:07:52.286+00:00,627.085,manual,Manual cook,temp,2100,446.0,,esp32,,0,,,,,,,,,,,,1,445.0,0.0,0.0,0,NONE
2026-10-05T14:07:53.286+00:00,628.085,manual,Manual cook,temp,2100,444.6,,esp32,,0,,,,,,,,,,,,1,445.0,18.0,18.0,0,NONE
2026-10-05T14:07:54.286+00:00,629.085,manual,Manual cook,temp,2100,444.6,,esp32,,0,,,,,,,,,,,,1,445.0,2.0,18.0,0,NONE
2026-10-05T14:07:55.286+00:00,630.085,manual,Manual cook,temp,2100,445.1,,esp32,,0,,,,,,,,,,,,1,445.0,0.0,0.0,0,NONE
2026-10-05T14:07:56.286+00:00,631.085,manual,Manual cook,temp,2100,444.6,,esp32,,0,,,,,,,,,,,,1,445.0,11.0,11.0,0,NONE
2026-10-05T14:07:57.286+00:00,632.085,manual,Manual cook,temp,2100,445.5,,esp32,,0,,,,,,,,,,,,1,445.0,0.0,0.0,0,NONE
2026-10-05T14:07:58.286+00:00,633.085,manual,Manual cook,temp,2100,445.1,,esp32,,0,,,,,,,,,,,,1,445.0,10.0,10.0,0,NONE
2026-10-05T14:07:59.286+00:00,634.085,manual,Manual cook,temp,2100,445.1,,esp32,,0,,,,,,,,,,,,1,445.0,3.0,3.0,0,NONE
2026-10-05T14:07:59.786+00:00,634.585,manual,Manual cook,temp,2100,445.1,,esp32,,0,,,,,,,,,,,,1,445.0,19.0,19.0,0,NONE
2026-10-05T14:08:00.786+00:00,635.585,manual,Manual cook,temp,2100,445.5,,esp32,,0,,,,,,,,,,,,1,445.0,0.0,0.0,0,NONE
2026-10-05T14:08:01.786+00:00,636.585,manual,Manual cook,temp,2100,444.6,,esp32,,0,,,,,,,,,,,,1,445.0,22.0,26.0,0,NONE
2026-10-05T14:08:02.286+00:00,637.085,manual,Manual cook,temp,2100,445.1,,esp32,,0,,,,,,,,,,,,1,445.0,0.0,0.0,0,NONE
2026-10-05T14:08:03.286+00:00,638.085,manual,Manual cook,temp,2100,445.5,,esp32,,0,,,,,,,,,,,,1,445.0,2.0,3.0,0,NONE
2026-10-05T14:08:04.286+00:00,639.085,manual,Manual cook,temp,2100,444.6,,esp32,,0,,,,,,,,,,,,1,445.0,2.0,18.0,0,NONE
2026-10-05T14:08:04.786+00:00,639.585,manual,Manual cook,temp,2100,445.1,,esp32,,0,,,,,,,,,,,,1,445.0,4.0,4.0,0,NONE
2026-10-05T14:08:05.786+00:00,640.585,manual,Manual cook,temp,2100,444.6,,esp32,,0,,,,,,,,,,,,1,445.0,2.0,11.0,0,NONE
2026-10-05T14:08:06.286+00:00,641.085,manual,Manual cook,temp,2100,445.1,,esp32,,0,,,,,,,,,,,,1,445.0,0.0,0.0,0,NONE
2026-10-05T14:08:07.286+00:00,642.085,manual,Manual cook,temp,2100,444.6,,esp32,,0,,,,,,,,,,,,1,445.0,11.0,11.0,0,NONE
2026-10-05T14:08:08.286+00:00,643.085,manual,Manual cook,temp,2100,445.1,,esp32,,0,,,,,,,,,,,,1,445.0,2.0,10.0,0,NONE
2026-10-05T14:08:09.286+00:00,644.085,manual,Manual cook,temp,2100,445.1,,esp32,,0,,,,,,,,,,,,1,445.0,2.0,10.0,0,NONE
2026-10-05T14:08:10.286+00:00,645.085,manual,Manual cook,temp,2100,445.5,,esp32,,0,,,,,,,,,,,,1,445.0,0.0,0.0,0,NONE
2026-10-05T14:08:10.786+00:00,645.585,manual,Manual cook,temp,2100,444.6,,esp32,,0,,,,,,,,,,,,1,445.0,2.0,26.0,0,NONE
2026-10-05T14:08:11.786+00:00,646.585,manual,Manual cook,temp,2100,444.2,,esp32,,0,,,,,,,,,,,,1,445.0,0.0,0.0,0,NONE
2026-10-05T14:08:12.786+00:00,647.585,manual,Manual cook,temp,2100,444.6,,esp32,,0,,,,,,,,,,,,1,445.0,5.0,5.0,0,NONE
2026-10-05T14:08:13.787+00:00,648.586,manual,Manual cook,temp,2100,444.6,,esp32,,0,,,,,,,,,,,,1,445.0,2.0,4.0,0,NONE
2026-10-05T14:08:14.786+00:00,649.585,manual,Manual cook,temp,2100,443.8,,esp32,,0,,,,,,,,,,,,1,445.0,4.0,4.0,0,NONE
2026-10-05T14:08:15.286+00:00,650.085,manual,Manual cook,temp,2100,443.8,,esp32,,0,,,,,,,,,,,,1,445.0,20.0,20.0,0,NONE
2026-10-05T14:08:15.791+00:00,650.590,manual,Manual cook,temp,2100,444.6,,esp32,,0,,,,,,,,,,,,1,445.0,0.0,0.0,0,NONE
2026-10-05T14:08:16.785+00:00,651.584,manual,Manual cook,temp,2100,444.6,,esp32,,0,,,,,,,,,,,,1,445.0,2.0,18.0,0,NONE
2026-10-05T14:08:17.285+00:00,652.084,manual,Manual cook,temp,2100,444.2,,esp32,,0,,,,,,,,,,,,1,445.0,12.0,12.0,0,NONE
2026-10-05T14:08:18.286+00:00,653.085,manual,Manual cook,temp,2100,444.2,,esp32,,0,,,,,,,,,,,,1,445.0,0.0,0.0,0,NONE
2026-10-05T14:08:19.285+00:00,654.084,manual,Manual cook,temp,2100,444.6,,esp32,,0,,,,,,,,,,,,1,445.0,0.0,0.0,0,NONE
2026-10-05T14:08:19.785+00:00,654.584,manual,Manual cook,temp,2100,445.5,,esp32,,0,,,,,,,,,,,,1,445.0,0.0,0.0,0,NONE
2026-10-05T14:08:20.785+00:00,655.584,manual,Manual cook,temp,2100,444.6,,esp32,,0,,,,,,,,,,,,1,445.0,18.0,18.0,0,NONE
2026-10-05T14:08:21.785+00:00,656.584,manual,Manual cook,temp,2100,444.6,,esp32,,0,,,,,,,,,,,,1,445.0,2.0,3.0,0,NONE
2026-10-05T14:08:22.285+00:00,657.084,manual,Manual cook,temp,2100,444.6,,esp32,,0,,,,,,,,,,,,1,445.0,11.0,11.0,0,NONE
2026-10-05T14:08:23.285+00:00,658.084,manual,Manual cook,temp,2100,445.1,,esp32,,0,,,,,,,,,,,,1,445.0,0.0,0.0,0,NONE
2026-10-05T14:08:23.785+00:00,658.584,manual,Manual cook,temp,2100,445.1,,esp32,,0,,,,,,,,,,,,1,445.0,2.0,11.0,0,NONE
2026-10-05T14:08:24.785+00:00,659.584,manual,Manual cook,temp,2100,445.1,,esp32,,0,,,,,,,,,,,,1,445.0,2.0,3.0,0,NONE
2026-10-05T14:08:25.286+00:00,660.085,manual,Manual cook,temp,2100,445.1,,esp32,,0,,,,,,,,,,,,1,445.0,3.0,3.0,0,NONE
2026-10-05T14:08:26.285+00:00,661.084,manual,Manual cook,temp,2100,445.1,,esp32,,0,,,,,,,,,,,,1,445.0,3.0,3.0,0,NONE
2026-10-05T14:08:26.785+00:00,661.584,manual,Manual cook,temp,2100,444.6,,esp32,,0,,,,,,,,,,,,1,445.0,11.0,11.0,0,NONE
2026-10-05T14:08:27.785+00:00,662.584,manual,Manual cook,temp,2100,446.5,,esp32,,0,,,,,,,,,,,,1,445.0,0.0,0.0,0,NONE
2026-10-05T14:08:28.785+00:00,663.584,manual,Manual cook,temp,2100,446.0,,esp32,,0,,,,,,,,,,,,1,445.0,2.0,9.0,0,NONE
2026-10-05T14:08:29.289+00:00,664.088,manual,Manual cook,temp,2100,446.0,,esp32,,0,,,,,,,,,,,,1,445.0,1.0,1.0,0,NONE
2026-10-05T14:08:30.285+00:00,665.084,manual,Manual cook,temp,2100,446.0,,esp32,,0,,,,,,,,,,,,1,445.0,0.0,0.0,0,NONE
2026-10-05T14:08:31.285+00:00,666.084,manual,Manual cook,temp,2100,445.5,,esp32,,0,,,,,,,,,,,,1,445.0,2.0,9.0,0,NONE
2026-10-05T14:08:32.285+00:00,667.084,manual,Manual cook,temp,2100,444.6,,esp32,,0,,,,,,,,,,,,1,445.0,18.0,18.0,0,NONE
2026-10-05T14:08:33.285+00:00,668.084,manual,Manual cook,temp,2100,445.5,,esp32,,0,,,,,,,,,,,,1,445.0,2.0,2.0,0,NONE
2026-10-05T14:08:34.287+00:00,669.086,manual,Manual cook,temp,2100,445.1,,esp32,,0,,,,,,,,,,,,1,445.0,2.0,18.0,0,NONE
2026-10-05T14:08:35.285+00:00,670.084,manual,Manual cook,temp,2100,445.1,,esp32,,0,,,,,,,,,,,,1,445.0,1.0,1.0,0,NONE
2026-10-05T14:08:35.785+00:00,670.584,manual,Manual cook,temp,2100,445.1,,esp32,,0,,,,,,,,,,,,1,445.0,18.0,18.0,0,NONE
2026-10-05T14:08:36.785+00:00,671.584,manual,Manual cook,temp,2100,445.1,,esp32,,0,,,,,,,,,,,,1,445.0,0.0,0.0,0,NONE
2026-10-05T14:08:37.285+00:00,672.084,manual,Manual cook,temp,2100,446.0,,esp32,,0,,,,,,,,,,,,1,445.0,2.0,18.0,0,NONE
2026-10-05T14:08:38.285+00:00,673.084,manual,Manual cook,temp,2100,445.1,,esp32,,0,,,,,,,,,,,,1,445.0,2.0,26.0,0,NONE
2026-10-05T14:08:39.284+00:00,674.083,manual,Manual cook,temp,2100,445.5,,esp32,,0,,,,,,,,,,,,1,445.0,0.0,0.0,0,NONE
2026-10-05T14:08:40.285+00:00,675.084,manual,Manual cook,temp,2100,444.6,,esp32,,0,,,,,,,,,,,,1,445.0,18.0,18.0,0,NONE
2026-10-05T14:08:41.284+00:00,676.083,manual,Manual cook,temp,2100,445.1,,esp32,,0,,,,,,,,,,,,1,445.0,2.0,3.0,0,NONE
2026-10-05T14:08:41.784+00:00,676.583,manual,Manual cook,temp,2100,444.6,,esp32,,0,,,,,,,,,,,,1,445.0,11.0,11.0,0,NONE
2026-10-05T14:08:42.284+00:00,677.083,manual,Manual cook,temp,2100,444.2,,esp32,,0,,,,,,,,,,,,1,445.0,12.0,12.0,0,NONE
2026-10-05T14:08:43.284+00:00,678.083,manual,Manual cook,temp,2100,443.8,,esp32,,0,,,,,,,,,,,,1,445.0,2.0,3.0,0,NONE
2026-10-05T14:08:43.784+00:00,678.583,manual,Manual cook,temp,2100,443.8,,esp32,,0,,,,,,,,,,,,1,445.0,22.0,27.0,0,NONE
2026-10-05T14:08:44.784+00:00,679.583,manual,Manual cook,temp,2100,445.1,,esp32,,0,,,,,,,,,,,,1,445.0,0.0,0.0,0,NONE
2026-10-05T14:08:45.284+00:00,680.083,manual,Manual cook,temp,2100,445.1,,esp32,,0,,,,,,,,,,,,1,445.0,2.0,3.0,0,NONE
2026-10-05T14:08:45.784+00:00,680.583,manual,Manual cook,temp,2100,445.1,,esp32,,0,,,,,,,,,,,,1,445.0,3.0,3.0,0,NONE
2026-10-05T14:08:46.284+00:00,681.083,manual,Manual cook,temp,2100,444.6,,esp32,,0,,,,,,,,,,,,1,445.0,11.0,11.0,0,NONE
2026-10-05T14:08:47.284+00:00,682.083,manual,Manual cook,temp,2100,444.6,,esp32,,0,,,,,,,,,,,,1,445.0,4.0,4.0,0,NONE
2026-10-05T14:08:47.784+00:00,682.583,manual,Manual cook,temp,2100,444.6,,esp32,,0,,,,,,,,,,,,1,445.0,4.0,4.0,0,NONE
2026-10-05T14:08:48.284+00:00,683.083,manual,Manual cook,temp,2100,445.5,,esp32,,0,,,,,,,,,,,,1,445.0,4.0,4.0,0,NONE
2026-10-05T14:08:49.284+00:00,684.083,manual,Manual cook,temp,2100,444.6,,esp32,,0,,,,,,,,,,,,1,445.0,2.0,18.0,0,NONE
2026-10-05T14:08:50.284+00:00,685.083,manual,Manual cook,temp,2100,445.5,,esp32,,0,,,,,,,,,,,,1,445.0,12.0,12.0,0,NONE
2026-10-05T14:08:51.288+00:00,686.087,manual,Manual cook,temp,2100,445.1,,esp32,,0,,,,,,,,,,,,1,445.0,2.0,10.0,0,NONE
2026-10-05T14:08:52.284+00:00,687.083,manual,Manual cook,temp,2100,445.5,,esp32,,0,,,,,,,,,,,,1,445.0,3.0,3.0,0,NONE
2026-10-05T14:08:53.284+00:00,688.083,manual,Manual cook,temp,2100,446.5,,esp32,,0,,,,,,,,,,,,1,445.0,0.0,0.0,0,NONE
2026-10-05T14:08:53.784+00:00,688.583,manual,Manual cook,temp,2100,446.0,,esp32,,0,,,,,,,,,,,,1,445.0,2.0,9.0,0,NONE
2026-10-05T14:08:54.284+00:00,689.083,manual,Manual cook,temp,2100,446.5,,esp32,,0,,,,,,,,,,,,1,445.0,0.0,0.0,0,NONE
2026-10-05T14:08:55.285+00:00,690.084,manual,Manual cook,temp,2100,445.5,,esp32,,0,,,,,,,,,,,,1,445.0,2.0,17.0,0,NONE
2026-10-05T14:08:56.284+00:00,691.083,manual,Manual cook,temp,2100,446.9,,esp32,,0,,,,,,,,,,,,1,445.0,0.0,0.0,0,NONE
2026-10-05T14:08:56.784+00:00,691.583,manual,Manual cook,temp,2100,446.9,,esp32,,0,,,,,,,,,,,,1,445.0,0.0,0.0,0,NONE
2026-10-05T14:08:57.784+00:00,692.583,manual,Manual cook,temp,2100,447.4,,esp32,,0,,,,,,,,,,,,1,445.0,0.0,0.0,0,NONE
2026-10-05T14:08:58.284+00:00,693.083,manual,Manual cook,temp,2100,446.0,,esp32,,0,,,,,,,,,,,,1,445.0,2.0,23.0,0,NONE
2026-10-05T14:08:59.284+00:00,694.083,manual,Manual cook,temp,2100,446.5,,esp32,,0,,,,,,,,,,,,1,445.0,0.0,0.0,0,NONE
2026-10-05T14:09:00.284+00:00,695.083,manual,Manual cook,temp,2100,446.0,,esp32,,0,,,,,,,,,,,,1,445.0,2.0,8.0,0,NONE
2026-10-05T14:09:00.784+00:00,695.583,manual,Manual cook,temp,2100,446.5,,esp32,,0,,,,,,,,,,,,1,445.0,0.0,0.0,0,NONE
2026-10-05T14:09:01.284+00:00,696.083,manual,Manual cook,temp,2100,445.1,,esp32,,0,,,,,,,,,,,,1,445.0,0.0,0.0,0,NONE
2026-10-05T14:09:02.284+00:00,697.083,manual,Manual cook,temp,2100,446.5,,esp32,,0,,,,,,,,,,,,1,445.0,0.0,0.0,0,NONE
2026-10-05T14:09:03.284+00:00,698.083,manual,Manual cook,temp,2100,446.0,,esp32,,0,,,,,,,,,,,,1,445.0,2.0,2.0,0,NONE
2026-10-05T14:09:04.284+00:00,699.083,manual,Manual cook,temp,2100,445.1,,esp32,,0,,,,,,,,,,,,1,445.0,2.0,9.0,0,NONE
2026-10-05T14:09:04.784+00:00,699.583,manual,Manual cook,temp,2100,445.1,,esp32,,0,,,,,,,,,,,,1,445.0,10.0,10.0,0,NONE
2026-10-05T14:09:05.783+00:00,700.582,manual,Manual cook,temp,2100,445.1,,esp32,,0,,,,,,,,,,,,1,445.0,3.0,3.0,0,NONE
2026-10-05T14:09:06.784+00:00,701.583,manual,Manual cook,temp,2100,445.1,,esp32,,0,,,,,,,,,,,,1,445.0,2.0,10.0,0,NONE
2026-10-05T14:09:07.783+00:00,702.582,manual,Manual cook,temp,2100,445.5,,esp32,,0,,,,,,,,,,,,1,445.0,0.0,0.0,0,NONE
2026-10-05T14:09:08.283+00:00,703.083,manual,Manual cook,temp,2100,445.1,,esp32,,0,,,,,,,,,,,,1,445.0,2.0,10.0,0,NONE
2026-10-05T14:09:09.283+00:00,704.082,manual,Manual cook,temp,2100,445.1,,esp32,,0,,,,,,,,,,,,1,445.0,3.0,3.0,0,NONE
2026-10-05T14:09:09.783+00:00,704.582,manual,Manual cook,temp,2100,444.6,,esp32,,0,,,,,,,,,,,,1,445.0,11.0,11.0,0,NONE
2026-10-05T14:09:10.783+00:00,705.582,manual,Manual cook,temp,2100,446.0,,esp32,,0,,,,,,,,,,,,1,445.0,0.0,0.0,0,NONE
2026-10-05T14:09:11.283+00:00,706.082,manual,Manual cook,temp,2100,445.1,,esp32,,0,,,,,,,,,,,,1,445.0,2.0,17.0,0,NONE
2026-10-05T14:09:12.283+00:00,707.082,manual,Manual cook,temp,2100,444.6,,esp32,,0,,,,,,,,,,,,1,445.0,0.0,0.0,0,NONE
2026-10-05T14:09:12.783+00:00,707.582,manual,Manual cook,temp,2100,444.6,,esp32,,0,,,,,,,,,,,,1,445.0,2.0,26.0,0,NONE
2026-10-05T14:09:13.783+00:00,708.582,manual,Manual cook,temp,2100,445.1,,esp32,,0,,,,,,,,,,,,1,445.0,2.0,17.0,0,NONE
2026-10-05T14:09:14.283+00:00,709.082,manual,Manual cook,temp,2100,445.5,,esp32,,0,,,,,,,,,,,,1,445.0,0.0,0.0,0,NONE
2026-10-05T14:09:14.783+00:00,709.582,manual,Manual cook,temp,2100,444.6,,esp32,,0,,,,,,,,,,,,1,445.0,2.0,2.0,0,NONE
2026-10-05T14:09:15.283+00:00,710.082,manual,Manual cook,temp,2100,444.6,,esp32,,0,,,,,,,,,,,,1,445.0,18.0,18.0,0,NONE
2026-10-05T14:09:16.283+00:00,711.082,manual,Manual cook,temp,2100,444.6,,esp32,,0,,,,,,,,,,,,1,445.0,2.0,18.0,0,NONE
2026-10-05T14:09:17.283+00:00,712.082,manual,Manual cook,temp,2100,445.5,,esp32,,0,,,,,,,,,,,,1,445.0,0.0,0.0,0,NONE
2026-10-05T14:09:18.283+00:00,713.082,manual,Manual cook,temp,2100,445.5,,esp32,,0,,,,,,,,,,,,1,445.0,2.0,2.0,0,NONE
2026-10-05T14:09:18.783+00:00,713.582,manual,Manual cook,temp,2100,445.1,,esp32,,0,,,,,,,,,,,,1,445.0,10.0,10.0,0,NONE
2026-10-05T14:09:19.783+00:00,714.582,manual,Manual cook,temp,2100,445.5,,esp32,,0,,,,,,,,,,,,1,445.0,0.0,0.0,0,NONE
2026-10-05T14:09:20.283+00:00,715.082,manual,Manual cook,temp,2100,444.6,,esp32,,0,,,,,,,,,,,,1,445.0,2.0,18.0,0,NONE
2026-10-05T14:09:21.283+00:00,716.082,manual,Manual cook,temp,2100,444.6,,esp32,,0,,,,,,,,,,,,1,445.0,0.0,0.0,0,NONE
2026-10-05T14:09:21.783+00:00,716.582,manual,Manual cook,temp,2100,445.5,,esp32,,0,,,,,,,,,,,,1,445.0,2.0,18.0,0,NONE
2026-10-05T14:09:22.783+00:00,717.582,manual,Manual cook,temp,2100,445.1,,esp32,,0,,,,,,,,,,,,1,445.0,2.0,18.0,0,NONE
2026-10-05T14:09:23.286+00:00,718.085,manual,Manual cook,temp,2100,445.1,,esp32,,0,,,,,,,,,,,,1,445.0,0.0,0.0,0,NONE
2026-10-05T14:09:24.283+00:00,719.082,manual,Manual cook,temp,2100,445.1,,esp32,,0,,,,,,,,,,,,1,445.0,3.0,3.0,0,NONE
2026-10-05T14:09:24.783+00:00,719.582,manual,Manual cook,temp,2100,444.6,,esp32,,0,,,,,,,,,,,,1,445.0,11.0,11.0,0,NONE
2026-10-05T14:09:25.284+00:00,720.083,manual,Manual cook,temp,2100,444.6,,esp32,,0,,,,,,,,,,,,1,445.0,4.0,4.0,0,NONE
2026-10-05T14:09:26.283+00:00,721.082,manual,Manual cook,temp,2100,445.1,,esp32,,0,,,,,,,,,,,,1,445.0,12.0,12.0,0,NONE
2026-10-05T14:09:27.283+00:00,722.082,manual,Manual cook,temp,2100,445.1,,esp32,,0,,,,,,,,,,,,1,445.0,2.0,19.0,0,NONE
2026-10-05T14:09:28.283+00:00,723.082,manual,Manual cook,temp,2100,444.6,,esp32,,0,,,,,,,,,,,,1,445.0,2.0,11.0,0,NONE
2026-10-05T14:09:28.783+00:00,723.582,manual,Manual cook,temp,2100,445.1,,esp32,,0,,,,,,,,,,,,1,445.0,0.0,0.0,0,NONE
2026-10-05T14:09:29.782+00:00,724.581,manual,Manual cook,temp,2100,446.0,,esp32,,0,,,,,,,,,,,,1,445.0,0.0,0.0,0,NONE
2026-10-05T14:09:30.282+00:00,725.082,manual,Manual cook,temp,2100,446.5,,esp32,,0,,,,,,,,,,,,1,445.0,0.0,0.0,0,NONE
2026-10-05T14:09:30.783+00:00,725.582,manual,Manual cook,temp,2100,445.1,,esp32,,0,,,,,,,,,,,,1,445.0,2.0,8.0,0,NONE
2026-10-05T14:09:31.283+00:00,726.082,manual,Manual cook,temp,2100,446.0,,esp32,,0,,,,,,,,,,,,1,445.0,17.0,17.0,0,NONE
2026-10-05T14:09:32.282+00:00,727.082,manual,Manual cook,temp,2100,446.0,,esp32,,0,,,,,,,,,,,,1,445.0,1.0,1.0,0,NONE
2026-10-05T14:09:33.283+00:00,728.082,manual,Manual cook,temp,2100,445.1,,esp32,,0,,,,,,,,,,,,1,445.0,17.0,17.0,0,NONE
2026-10-05T14:09:34.282+00:00,729.081,manual,Manual cook,temp,2100,445.1,,esp32,,0,,,,,,,,,,,,1,445.0,0.0,0.0,0,NONE
2026-10-05T14:09:34.782+00:00,729.581,manual,Manual cook,temp,2100,446.0,,esp32,,0,,,,,,,,,,,,1,445.0,2.0,17.0,0,NONE
2026-10-05T14:09:35.782+00:00,730.581,manual,Manual cook,temp,2100,446.0,,esp32,,0,,,,,,,,,,,,1,445.0,1.0,1.0,0,NONE
2026-10-05T14:09:36.282+00:00,731.081,manual,Manual cook,temp,2100,446.0,,esp32,,0,,,,,,,,,,,,1,445.0,1.0,1.0,0,NONE
2026-10-05T14:09:37.282+00:00,732.082,manual,Manual cook,temp,2100,446.0,,esp32,,0,,,,,,,,,,,,1,445.0,17.0,17.0,0,NONE
2026-10-05T14:09:38.282+00:00,733.081,manual,Manual cook,temp,2100,443.8,,esp32,,0,,,,,,,,,,,,1,445.0,2.0,9.0,0,NONE
2026-10-05T14:09:39.284+00:00,734.083,manual,Manual cook,temp,2100,445.5,,esp32,,0,,,,,,,,,,,,1,445.0,0.0,0.0,0,NONE
2026-10-05T14:09:40.283+00:00,735.082,manual,Manual cook,temp,2100,444.2,,esp32,,0,,,,,,,,,,,,1,445.0,22.0,26.0,0,NONE
2026-10-05T14:09:41.282+00:00,736.081,manual,Manual cook,temp,2100,445.5,,esp32,,0,,,,,,,,,,,,1,445.0,2.0,2.0,0,NONE
2026-10-05T14:09:42.282+00:00,737.081,manual,Manual cook,temp,2100,445.5,,esp32,,0,,,,,,,,,,,,1,445.0,26.0,26.0,0,NONE
2026-10-05T14:09:43.282+00:00,738.081,manual,Manual cook,temp,2100,445.5,,esp32,,0,,,,,,,,,,,,1,445.0,2.0,2.0,0,NONE
2026-10-05T14:09:44.282+00:00,739.081,manual,Manual cook,temp,2100,445.1,,esp32,,0,,,,,,,,,,,,1,445.0,10.0,10.0,0,NONE
2026-10-05T14:09:44.782+00:00,739.581,manual,Manual cook,temp,2100,445.1,,esp32,,0,,,,,,,,,,,,1,445.0,3.0,3.0,0,NONE
2026-10-05T14:09:45.782+00:00,740.581,manual,Manual cook,temp,2100,444.6,,esp32,,0,,,,,,,,,,,,1,445.0,11.0,11.0,0,NONE
2026-10-05T14:09:46.282+00:00,741.081,manual,Manual cook,temp,2100,444.2,,esp32,,0,,,,,,,,,,,,1,445.0,12.0,12.0,0,NONE
2026-10-05T14:09:47.282+00:00,742.081,manual,Manual cook,temp,2100,444.6,,esp32,,0,,,,,,,,,,,,1,445.0,0.0,0.0,0,NONE
2026-10-05T14:09:48.282+00:00,743.081,manual,Manual cook,temp,2100,444.6,,esp32,,0,,,,,,,,,,,,1,445.0,2.0,11.0,0,NONE
2026-10-05T14:09:49.282+00:00,744.081,manual,Manual cook,temp,2100,444.2,,esp32,,0,,,,,,,,,,,,1,445.0,2.0,19.0,0,NONE
2026-10-05T14:09:50.282+00:00,745.081,manual,Manual cook,temp,2100,444.6,,esp32,,0,,,,,,,,,,,,1,445.0,0.0,0.0,0,NONE
2026-10-05T14:09:51.282+00:00,746.081,manual,Manual cook,temp,2100,445.1,,esp32,,0,,,,,,,,,,,,1,445.0,2.0,3.0,0,NONE
2026-10-05T14:09:51.782+00:00,746.581,manual,Manual cook,temp,2100,444.6,,esp32,,0,,,,,,,,,,,,1,445.0,11.0,11.0,0,NONE
2026-10-05T14:09:52.782+00:00,747.581,manual,Manual cook,temp,2100,444.6,,esp32,,0,,,,,,,,,,,,1,445.0,4.0,4.0,0,NONE
2026-10-05T14:09:53.282+00:00,748.081,manual,Manual cook,temp,2100,444.2,,esp32,,0,,,,,,,,,,,,1,445.0,12.0,12.0,0,NONE
2026-10-05T14:09:54.782+00:00,749.581,manual,Manual cook,temp,2100,445.5,,esp32,,0,,,,,,,,,,,,1,445.0,0.0,0.0,0,NONE
2026-10-05T14:09:55.285+00:00,750.084,manual,Manual cook,temp,2100,445.5,,esp32,,0,,,,,,,,,,,,1,445.0,2.0,2.0,0,NONE
2026-10-05T14:09:56.282+00:00,751.081,manual,Manual cook,temp,2100,444.6,,esp32,,0,,,,,,,,,,,,1,445.0,2.0,26.0,0,NONE
2026-10-05T14:09:57.282+00:00,752.081,manual,Manual cook,temp,2100,445.5,,esp32,,0,,,,,,,,,,,,1,445.0,2.0,2.0,0,NONE
2026-10-05T14:09:58.281+00:00,753.080,manual,Manual cook,temp,2100,445.5,,esp32,,0,,,,,,,,,,,,1,445.0,2.0,2.0,0,NONE
2026-10-05T14:09:59.282+00:00,754.081,manual,Manual cook,temp,2100,444.2,,esp32,,0,,,,,,,,,,,,1,445.0,26.0,26.0,0,NONE
2026-10-05T14:10:00.281+00:00,755.080,manual,Manual cook,temp,2100,444.6,,esp32,,0,,,,,,,,,,,,1,445.0,2.0,18.0,0,NONE
2026-10-05T14:10:00.782+00:00,755.581,manual,Manual cook,temp,2100,445.1,,esp32,,0,,,,,,,,,,,,1,445.0,0.0,0.0,0,NONE
2026-10-05T14:10:01.782+00:00,756.581,manual,Manual cook,temp,2100,443.8,,esp32,,0,,,,,,,,,,,,1,445.0,22.0,27.0,0,NONE
2026-10-05T14:10:02.781+00:00,757.580,manual,Manual cook,temp,2100,445.1,,esp32,,0,,,,,,,,,,,,1,445.0,0.0,0.0,0,NONE
2026-10-05T14:10:03.281+00:00,758.080,manual,Manual cook,temp,2100,444.2,,esp32,,0,,,,,,,,,,,,1,445.0,2.0,19.0,0,NONE
2026-10-05T14:10:03.781+00:00,758.580,manual,Manual cook,temp,2100,444.6,,esp32,,0,,,,,,,,,,,,1,445.0,0.0,0.0,0,NONE
2026-10-05T14:10:04.781+00:00,759.580,manual,Manual cook,temp,2100,444.2,,esp32,,0,,,,,,,,,,,,1,445.0,12.0,12.0,0,NONE
2026-10-05T14:10:05.781+00:00,760.580,manual,Manual cook,temp,2100,444.6,,esp32,,0,,,,,,,,,,,,1,445.0,0.0,0.0,0,NONE
2026-10-05T14:10:06.281+00:00,761.080,manual,Manual cook,temp,2100,444.6,,esp32,,0,,,,,,,,,,,,1,445.0,2.0,4.0,0,NONE
2026-10-05T14:10:07.281+00:00,762.080,manual,Manual cook,temp,2100,444.6,,esp32,,0,,,,,,,,,,,,1,445.0,4.0,4.0,0,NONE
2026-10-05T14:10:07.781+00:00,762.580,manual,Manual cook,temp,2100,443.8,,esp32,,0,,,,,,,,,,,,1,445.0,20.0,20.0,0,NONE
2026-10-05T14:10:08.781+00:00,763.580,manual,Manual cook,temp,2100,444.2,,esp32,,0,,,,,,,,,,,,1,445.0,2.0,4.0,0,NONE
2026-10-05T14:10:09.281+00:00,764.080,manual,Manual cook,temp,2100,445.1,,esp32,,0,,,,,,,,,,,,1,445.0,12.0,12.0,0,NONE
2026-10-05T14:10:10.281+00:00,765.080,manual,Manual cook,temp,2100,444.6,,esp32,,0,,,,,,,,,,,,1,445.0,2.0,3.0,0,NONE
2026-10-05T14:10:10.781+00:00,765.580,manual,Manual cook,temp,2100,444.6,,esp32,,0,,,,,,,,,,,,1,445.0,11.0,11.0,0,NONE
2026-10-05T14:10:11.781+00:00,766.580,manual,Manual cook,temp,2100,444.6,,esp32,,0,,,,,,,,,,,,1,445.0,4.0,4.0,0,NONE
2026-10-05T14:10:12.781+00:00,767.580,manual,Manual cook,temp,2100,445.5,,esp32,,0,,,,,,,,,,,,1,445.0,0.0,0.0,0,NONE
2026-10-05T14:10:13.781+00:00,768.580,manual,Manual cook,temp,2100,445.5,,esp32,,0,,,,,,,,,,,,1,445.0,2.0,2.0,0,NONE
2026-10-05T14:10:14.781+00:00,769.580,manual,Manual cook,temp,2100,445.5,,esp32,,0,,,,,,,,,,,,1,445.0,0.0,0.0,0,NONE
2026-10-05T14:10:15.781+00:00,770.580,manual,Manual cook,temp,2100,446.0,,esp32,,0,,,,,,,,,,,,1,445.0,0.0,0.0,0,NONE
2026-10-05T14:10:16.281+00:00,771.080,manual,Manual cook,temp,2100,445.5,,esp32,,0,,,,,,,,,,,,1,445.0,1.0,1.0,0,NONE
2026-10-05T14:10:17.283+00:00,772.082,manual,Manual cook,temp,2100,445.1,,esp32,,0,,,,,,,,,,,,1,445.0,0.0,0.0,0,NONE
2026-10-05T14:10:18.281+00:00,773.080,manual,Manual cook,temp,2100,445.5,,esp32,,0,,,,,,,,,,,,1,445.0,0.0,0.0,0,NONE
2026-10-05T14:10:19.281+00:00,774.080,manual,Manual cook,temp,2100,444.2,,esp32,,0,,,,,,,,,,,,1,445.0,22.0,27.0,0,NONE
2026-10-05T14:10:20.281+00:00,775.080,manual,Manual cook,temp,2100,445.1,,esp32,,0,,,,,,,,,,,,1,445.0,2.0,3.0,0,NONE
2026-10-05T14:10:21.281+00:00,776.080,manual,Manual cook,temp,2100,445.1,,esp32,,0,,,,,,,,,,,,1,445.0,3.0,3.0,0,NONE
2026-10-05T14:10:21.781+00:00,776.580,manual,Manual cook,temp,2100,445.5,,esp32,,0,,,,,,,,,,,,1,445.0,0.0,0.0,0,NONE
2026-10-05T14:10:22.281+00:00,777.080,manual,Manual cook,temp,2100,445.5,,esp32,,0,,,,,,,,,,,,1,445.0,2.0,10.0,0,NONE
2026-10-05T14:10:23.281+00:00,778.080,manual,Manual cook,temp,2100,444.6,,esp32,,0,,,,,,,,,,,,1,445.0,2.0,18.0,0,NONE
2026-10-05T14:10:24.281+00:00,779.080,manual,Manual cook,temp,2100,445.1,,esp32,,0,,,,,,,,,,,,1,445.0,2.0,3.0,0,NONE
2026-10-05T14:10:25.282+00:00,780.081,manual,Manual cook,temp,2100,445.1,,esp32,,0,,,,,,,,,,,,1,445.0,3.0,3.0,0,NONE
2026-10-05T14:10:26.280+00:00,781.079,manual,Manual cook,temp,2100,445.1,,esp32,,0,,,,,,,,,,,,1,445.0,3.0,3.0,0,NONE
2026-10-05T14:10:26.781+00:00,781.580,manual,Manual cook,temp,2100,444.6,,esp32,,0,,,,,,,,,,,,1,445.0,11.0,11.0,0,NONE
2026-10-05T14:10:27.781+00:00,782.580,manual,Manual cook,temp,2100,446.5,,esp32,,0,,,,,,,,,,,,1,445.0,0.0,0.0,0,NONE
2026-10-05T14:10:28.281+00:00,783.080,manual,Manual cook,temp,2100,446.5,,esp32,,0,,,,,,,,,,,,1,445.0,0.0,0.0,0,NONE
2026-10-05T14:10:29.280+00:00,784.079,manual,Manual cook,temp,2100,445.5,,esp32,,0,,,,,,,,,,,,1,445.0,9.0,9.0,0,NONE
2026-10-05T14:10:29.781+00:00,784.580,manual,Manual cook,temp,2100,446.5,,esp32,,0,,,,,,,,,,,,1,445.0,10.0,10.0,0,NONE
2026-10-05T14:10:30.780+00:00,785.579,manual,Manual cook,temp,2100,446.5,,esp32,,0,,,,,,,,,,,,1,445.0,0.0,0.0,0,NONE
2026-10-05T14:10:31.281+00:00,786.080,manual,Manual cook,temp,2100,446.5,,esp32,,0,,,,,,,,,,,,1,445.0,0.0,0.0,0,NONE
2026-10-05T14:10:32.280+00:00,787.079,manual,Manual cook,temp,2100,446.5,,esp32,,0,,,,,,,,,,,,1,445.0,0.0,0.0,0,NONE
2026-10-05T14:10:33.280+00:00,788.079,manual,Manual cook,temp,2100,446.5,,esp32,,0,,,,,,,,,,,,1,445.0,0.0,0.0,0,NONE
2026-10-05T14:10:33.780+00:00,788.579,manual,Manual cook,temp,2100,446.5,,esp32,,0,,,,,,,,,,,,1,445.0,0.0,0.0,0,NONE
2026-10-05T14:10:34.780+00:00,789.579,manual,Manual cook,temp,2100,446.0,,esp32,,0,,,,,,,,,,,,1,445.0,8.0,8.0,0,NONE
2026-10-05T14:10:35.780+00:00,790.579,manual,Manual cook,temp,2100,446.5,,esp32,,0,,,,,,,,,,,,1,445.0,0.0,0.0,0,NONE
2026-10-05T14:10:36.280+00:00,791.079,manual,Manual cook,temp,2100,446.5,,esp32,,0,,,,,,,,,,,,1,445.0,0.0,0.0,0,NONE
2026-10-05T14:10:37.280+00:00,792.079,manual,Manual cook,temp,2100,446.5,,esp32,,0,,,,,,,,,,,,1,445.0,0.0,0.0,0,NONE
2026-10-05T14:10:38.280+00:00,793.079,manual,Manual cook,temp,2100,446.0,,esp32,,0,,,,,,,,,,,,1,445.0,1.0,1.0,0,NONE
2026-10-05T14:10:38.780+00:00,793.579,manual,Manual cook,temp,2100,445.5,,esp32,,0,,,,,,,,,,,,1,445.0,9.0,9.0,0,NONE
2026-10-05T14:10:39.780+00:00,794.579,manual,Manual cook,temp,2100,445.5,,esp32,,0,,,,,,,,,,,,1,445.0,2.0,9.0,0,NONE
2026-10-05T14:10:40.280+00:00,795.079,manual,Manual cook,temp,2100,444.6,,esp32,,0,,,,,,,,,,,,1,445.0,18.0,18.0,0,NONE
2026-10-05T14:10:41.283+00:00,796.082,manual,Manual cook,temp,2100,445.5,,esp32,,0,,,,,,,,,,,,1,445.0,0.0,0.0,0,NONE
2026-10-05T14:10:42.280+00:00,797.079,manual,Manual cook,temp,2100,444.6,,esp32,,0,,,,,,,,,,,,1,445.0,11.0,11.0,0,NONE
2026-10-05T14:10:43.280+00:00,798.079,manual,Manual cook,temp,2100,445.1,,esp32,,0,,,,,,,,,,,,1,445.0,0.0,0.0,0,NONE
2026-10-05T14:10:43.780+00:00,798.579,manual,Manual cook,temp,2100,444.6,,esp32,,0,,,,,,,,,,,,1,445.0,2.0,11.0,0,NONE
2026-10-05T14:10:44.281+00:00,799.080,manual,Manual cook,temp,2100,444.6,,esp32,,0,,,,,,,,,,,,1,445.0,4.0,4.0,0,NONE
2026-10-05T14:10:45.281+00:00,800.080,manual,Manual cook,temp,2100,445.5,,esp32,,0,,,,,,,,,,,,1,445.0,0.0,0.0,0,NONE
2026-10-05T14:10:46.280+00:00,801.079,manual,Manual cook,temp,2100,444.6,,esp32,,0,,,,,,,,,,,,1,445.0,11.0,11.0,0,NONE
2026-10-05T14:10:47.282+00:00,802.081,manual,Manual cook,temp,2100,444.6,,esp32,,0,,,,,,,,,,,,1,445.0,0.0,0.0,0,NONE
2026-10-05T14:10:48.282+00:00,803.081,manual,Manual cook,temp,2100,444.6,,esp32,,0,,,,,,,,,,,,1,445.0,0.0,0.0,0,NONE
2026-10-05T14:10:49.282+00:00,804.081,manual,Manual cook,temp,2100,445.1,,esp32,,0,,,,,,,,,,,,1,445.0,0.0,0.0,0,NONE
2026-10-05T14:10:50.280+00:00,805.079,manual,Manual cook,temp,2100,444.6,,esp32,,0,,,,,,,,,,,,1,445.0,11.0,11.0,0,NONE
2026-10-05T14:10:51.280+00:00,806.079,manual,Manual cook,temp,2100,445.1,,esp32,,0,,,,,,,,,,,,1,445.0,2.0,3.0,0,NONE
2026-10-05T14:10:51.780+00:00,806.579,manual,Manual cook,temp,2100,445.1,,esp32,,0,,,,,,,,,,,,1,445.0,3.0,3.0,0,NONE
2026-10-05T14:10:52.280+00:00,807.079,manual,Manual cook,temp,2100,445.1,,esp32,,0,,,,,,,,,,,,1,445.0,11.0,11.0,0,NONE
2026-10-05T14:10:53.280+00:00,808.079,manual,Manual cook,temp,2100,444.2,,esp32,,0,,,,,,,,,,,,1,445.0,2.0,19.0,0,NONE
2026-10-05T14:10:54.280+00:00,809.079,manual,Manual cook,temp,2100,445.1,,esp32,,0,,,,,,,,,,,,1,445.0,2.0,3.0,0,NONE
2026-10-05T14:10:54.780+00:00,809.579,manual,Manual cook,temp,2100,445.1,,esp32,,0,,,,,,,,,,,,1,445.0,11.0,11.0,0,NONE
2026-10-05T14:10:55.282+00:00,810.081,manual,Manual cook,temp,2100,445.1,,esp32,,0,,,,,,,,,,,,1,445.0,0.0,0.0,0,NONE
2026-10-05T14:10:56.279+00:00,811.078,manual,Manual cook,temp,2100,445.1,,esp32,,0,,,,,,,,,,,,1,445.0,3.0,3.0,0,NONE
2026-10-05T14:10:56.779+00:00,811.579,manual,Manual cook,temp,2100,445.1,,esp32,,0,,,,,,,,,,,,1,445.0,3.0,3.0,0,NONE
2026-10-05T14:10:57.282+00:00,812.081,manual,Manual cook,temp,2100,445.1,,esp32,,0,,,,,,,,,,,,1,445.0,3.0,3.0,0,NONE
2026-10-05T14:10:58.280+00:00,813.079,manual,Manual cook,temp,2100,445.5,,esp32,,0,,,,,,,,,,,,1,445.0,11.0,11.0,0,NONE
2026-10-05T14:10:59.279+00:00,814.078,manual,Manual cook,temp,2100,446.0,,esp32,,0,,,,,,,,,,,,1,445.0,0.0,0.0,0,NONE
2026-10-05T14:10:59.779+00:00,814.578,manual,Manual cook,temp,2100,444.6,,esp32,,0,,,,,,,,,,,,1,445.0,2.0,25.0,0,NONE
2026-10-05T14:11:00.280+00:00,815.079,manual,Manual cook,temp,2100,445.1,,esp32,,0,,,,,,,,,,,,1,445.0,0.0,0.0,0,NONE
2026-10-05T14:11:01.279+00:00,816.078,manual,Manual cook,temp,2100,446.0,,esp32,,0,,,,,,,,,,,,1,445.0,1.0,1.0,0,NONE
2026-10-05T14:11:02.279+00:00,817.078,manual,Manual cook,temp,2100,446.0,,esp32,,0,,,,,,,,,,,,1,445.0,0.0,0.0,0,NONE
2026-10-05T14:11:03.279+00:00,818.079,manual,Manual cook,temp,2100,446.0,,esp32,,0,,,,,,,,,,,,1,445.0,17.0,17.0,0,NONE
2026-10-05T14:11:04.279+00:00,819.078,manual,Manual cook,temp,2100,446.0,,esp32,,0,,,,,,,,,,,,1,445.0,2.0,9.0,0,NONE
2026-10-05T14:11:05.279+00:00,820.078,manual,Manual cook,temp,2100,446.0,,esp32,,0,,,,,,,,,,,,1,445.0,1.0,1.0,0,NONE
2026-10-05T14:11:05.779+00:00,820.578,manual,Manual cook,temp,2100,444.6,,esp32,,0,,,,,,,,,,,,1,445.0,1.0,1.0,0,NONE
2026-10-05T14:11:06.779+00:00,821.578,manual,Manual cook,temp,2100,446.0,,esp32,,0,,,,,,,,,,,,1,445.0,0.0,0.0,0,NONE
2026-10-05T14:11:07.279+00:00,822.078,manual,Manual cook,temp,2100,445.1,,esp32,,0,,,,,,,,,,,,1,445.0,0.0,0.0,0,NONE
2026-10-05T14:11:08.279+00:00,823.078,manual,Manual cook,temp,2100,445.5,,esp32,,0,,,,,,,,,,,,1,445.0,0.0,0.0,0,NONE
2026-10-05T14:11:09.279+00:00,824.078,manual,Manual cook,temp,2100,445.1,,esp32,,0,,,,,,,,,,,,1,445.0,22.0,26.0,0,NONE
2026-10-05T14:11:10.279+00:00,825.078,manual,Manual cook,temp,2100,445.1,,esp32,,0,,,,,,,,,,,,1,445.0,2.0,3.0,0,NONE
2026-10-05T14:11:10.779+00:00,825.578,manual,Manual cook,temp,2100,444.2,,esp32,,0,,,,,,,,,,,,1,445.0,3.0,3.0,0,NONE
2026-10-05T14:11:12.279+00:00,827.078,manual,Manual cook,temp,2100,444.6,,esp32,,0,,,,,,,,,,,,1,445.0,2.0,4.0,0,NONE
2026-10-05T14:11:12.779+00:00,827.578,manual,Manual cook,temp,2100,444.6,,esp32,,0,,,,,,,,,,,,1,445.0,0.0,0.0,0,NONE
2026-10-05T14:11:13.279+00:00,828.078,manual,Manual cook,temp,2100,445.5,,esp32,,0,,,,,,,,,,,,1,445.0,2.0,11.0,0,NONE
2026-10-05T14:11:14.279+00:00,829.078,manual,Manual cook,temp,2100,444.6,,esp32,,0,,,,,,,,,,,,1,445.0,2.0,18.0,0,NONE
2026-10-05T14:11:15.279+00:00,830.078,manual,Manual cook,temp,2100,445.1,,esp32,,0,,,,,,,,,,,,1,445.0,2.0,3.0,0,NONE
2026-10-05T14:11:15.779+00:00,830.578,manual,Manual cook,temp,2100,443.8,,esp32,,0,,,,,,,,,,,,1,445.0,22.0,27.0,0,NONE
2026-10-05T14:11:16.779+00:00,831.578,manual,Manual cook,temp,2100,444.6,,esp32,,0,,,,,,,,,,,,1,445.0,2.0,11.0,0,NONE
2026-10-05T14:11:17.279+00:00,832.078,manual,Manual cook,temp,2100,444.6,,esp32,,0,,,,,,,,,,,,1,445.0,4.0,4.0,0,NONE
2026-10-05T14:11:18.279+00:00,833.078,manual,Manual cook,temp,2100,444.6,,esp32,,0,,,,,,,,,,,,1,445.0,2.0,3.0,0,NONE
2026-10-05T14:11:18.779+00:00,833.578,manual,Manual cook,temp,2100,444.6,,esp32,,0,,,,,,,,,,,,1,445.0,11.0,11.0,0,NONE
2026-10-05T14:11:19.779+00:00,834.578,manual,Manual cook,temp,2100,445.1,,esp32,,0,,,,,,,,,,,,1,445.0,0.0,0.0,0,NONE
2026-10-05T14:11:20.279+00:00,835.078,manual,Manual cook,temp,2100,444.2,,esp32,,0,,,,,,,,,,,,1,445.0,2.0,10.0,0,NONE
2026-10-05T14:11:20.779+00:00,835.578,manual,Manual cook,temp,2100,444.6,,esp32,,0,,,,,,,,,,,,1,445.0,19.0,19.0,0,NONE
2026-10-05T14:11:21.280+00:00,836.079,manual,Manual cook,temp,2100,444.6,,esp32,,0,,,,,,,,,,,,1,445.0,0.0,0.0,0,NONE
2026-10-05T14:11:22.279+00:00,837.078,manual,Manual cook,temp,2100,445.1,,esp32,,0,,,,,,,,,,,,1,445.0,2.0,11.0,0,NONE
2026-10-05T14:11:23.279+00:00,838.078,manual,Manual cook,temp,2100,445.1,,esp32,,0,,,,,,,,,,,,1,445.0,2.0,11.0,0,NONE
2026-10-05T14:11:24.279+00:00,839.078,manual,Manual cook,temp,2100,444.6,,esp32,,0,,,,,,,,,,,,1,445.0,2.0,11.0,0,NONE
2026-10-05T14:11:24.779+00:00,839.578,manual,Manual cook,temp,2100,444.2,,esp32,,0,,,,,,,,,,,,1,445.0,12.0,12.0,0,NONE
2026-10-05T14:11:25.280+00:00,840.079,manual,Manual cook,temp,2100,444.6,,esp32,,0,,,,,,,,,,,,1,445.0,0.0,0.0,0,NONE
2026-10-05T14:11:26.279+00:00,841.078,manual,Manual cook,temp,2100,444.6,,esp32,,0,,,,,,,,,,,,1,445.0,2.0,19.0,0,NONE
2026-10-05T14:11:27.279+00:00,842.078,manual,Manual cook,temp,2100,445.1,,esp32,,0,,,,,,,,,,,,1,445.0,0.0,0.0,0,NONE
2026-10-05T14:11:28.278+00:00,843.077,manual,Manual cook,temp,2100,444.6,,esp32,,0,,,,,,,,,,,,1,445.0,4.0,4.0,0,NONE
2026-10-05T14:11:28.778+00:00,843.577,manual,Manual cook,temp,2100,445.1,,esp32,,0,,,,,,,,,,,,1,445.0,0.0,0.0,0,NONE
2026-10-05T14:11:29.279+00:00,844.078,manual,Manual cook,temp,2100,444.2,,esp32,,0,,,,,,,,,,,,1,445.0,2.0,11.0,0,NONE
2026-10-05T14:11:30.278+00:00,845.077,manual,Manual cook,temp,2100,445.1,,esp32,,0,,,,,,,,,,,,1,445.0,0.0,0.0,0,NONE
2026-10-05T14:11:31.280+00:00,846.079,manual,Manual cook,temp,2100,444.2,,esp32,,0,,,,,,,,,,,,1,445.0,19.0,19.0,0,NONE
2026-10-05T14:11:32.278+00:00,847.077,manual,Manual cook,temp,2100,445.1,,esp32,,0,,,,,,,,,,,,1,445.0,0.0,0.0,0,NONE
2026-10-05T14:11:32.779+00:00,847.578,manual,Manual cook,temp,2100,445.1,,esp32,,0,,,,,,,,,,,,1,445.0,2.0,3.0,0,NONE
2026-10-05T14:11:33.778+00:00,848.577,manual,Manual cook,temp,2100,445.1,,esp32,,0,,,,,,,,,,,,1,445.0,3.0,3.0,0,NONE
2026-10-05T14:11:34.278+00:00,849.077,manual,Manual cook,temp,2100,444.6,,esp32,,0,,,,,,,,,,,,1,445.0,11.0,11.0,0,NONE
2026-10-05T14:11:35.278+00:00,850.077,manual,Manual cook,temp,2100,445.1,,esp32,,0,,,,,,,,,,,,1,445.0,2.0,3.0,0,NONE
2026-10-05T14:11:36.278+00:00,851.077,manual,Manual cook,temp,2100,445.1,,esp32,,0,,,,,,,,,,,,1,445.0,3.0,3.0,0,NONE
2026-10-05T14:11:37.278+00:00,852.077,manual,Manual cook,temp,2100,446.0,,esp32,,0,,,,,,,,,,,,1,445.0,0.0,0.0,0,NONE
2026-10-05T14:11:38.279+00:00,853.079,manual,Manual cook,temp,2100,446.0,,esp32,,0,,,,,,,,,,,,1,445.0,0.0,0.0,0,NONE
2026-10-05T14:11:39.278+00:00,854.077,manual,Manual cook,temp,2100,446.0,,esp32,,0,,,,,,,,,,,,1,445.0,0.0,0.0,0,NONE
2026-10-05T14:11:40.278+00:00,855.077,manual,Manual cook,temp,2100,445.1,,esp32,,0,,,,,,,,,,,,1,445.0,2.0,17.0,0,NONE
2026-10-05T14:11:41.279+00:00,856.078,manual,Manual cook,temp,2100,446.0,,esp32,,0,,,,,,,,,,,,1,445.0,0.0,0.0,0,NONE
2026-10-05T14:11:42.278+00:00,857.077,manual,Manual cook,temp,2100,446.5,,esp32,,0,,,,,,,,,,,,1,445.0,0.0,0.0,0,NONE
2026-10-05T14:11:43.279+00:00,858.078,manual,Manual cook,temp,2100,445.5,,esp32,,0,,,,,,,,,,,,1,445.0,0.0,0.0,0,NONE
2026-10-05T14:11:44.278+00:00,859.077,manual,Manual cook,temp,2100,445.1,,esp32,,0,,,,,,,,,,,,1,445.0,10.0,10.0,0,NONE
2026-10-05T14:11:45.279+00:00,860.078,manual,Manual cook,temp,2100,445.5,,esp32,,0,,,,,,,,,,,,1,445.0,2.0,9.0,0,NONE
2026-10-05T14:11:46.278+00:00,861.077,manual,Manual cook,temp,2100,445.1,,esp32,,0,,,,,,,,,,,,1,445.0,10.0,10.0,0,NONE
2026-10-05T14:11:47.279+00:00,862.078,manual,Manual cook,temp,2100,445.1,,esp32,,0,,,,,,,,,,,,1,445.0,2.0,10.0,0,NONE
2026-10-05T14:11:48.278+00:00,863.077,manual,Manual cook,temp,2100,445.1,,esp32,,0,,,,,,,,,,,,1,445.0,11.0,11.0,0,NONE
2026-10-05T14:11:48.778+00:00,863.577,manual,Manual cook,temp,2100,445.1,,esp32,,0,,,,,,,,,,,,1,445.0,0.0,0.0,0,NONE
2026-10-05T14:11:49.279+00:00,864.078,manual,Manual cook,temp,2100,445.1,,esp32,,0,,,,,,,,,,,,1,445.0,2.0,3.0,0,NONE
2026-10-05T14:11:50.278+00:00,865.077,manual,Manual cook,temp,2100,445.1,,esp32,,0,,,,,,,,,,,,1,445.0,0.0,0.0,0,NONE
2026-10-05T14:11:51.278+00:00,866.077,manual,Manual cook,temp,2100,445.5,,esp32,,0,,,,,,,,,,,,1,445.0,3.0,3.0,0,NONE
2026-10-05T14:11:52.278+00:00,867.077,manual,Manual cook,temp,2100,445.1,,esp32,,0,,,,,,,,,,,,1,445.0,2.0,10.0,0,NONE
2026-10-05T14:11:53.279+00:00,868.078,manual,Manual cook,temp,2100,445.5,,esp32,,0,,,,,,,,,,,,1,445.0,0.0,0.0,0,NONE
2026-10-05T14:11:54.280+00:00,869.079,manual,Manual cook,temp,2100,445.5,,esp32,,0,,,,,,,,,,,,1,445.0,2.0,2.0,0,NONE
2026-10-05T14:11:55.280+00:00,870.079,manual,Manual cook,temp,2100,445.1,,esp32,,0,,,,,,,,,,,,1,445.0,10.0,10.0,0,NONE
2026-10-05T14:11:56.278+00:00,871.077,manual,Manual cook,temp,2100,445.5,,esp32,,0,,,,,,,,,,,,1,445.0,2.0,17.0,0,NONE
2026-10-05T14:11:57.278+00:00,872.077,manual,Manual cook,temp,2100,445.1,,esp32,,0,,,,,,,,,,,,1,445.0,2.0,10.0,0,NONE
2026-10-05T14:11:58.278+00:00,873.077,manual,Manual cook,temp,2100,445.1,,esp32,,0,,,,,,,,,,,,1,445.0,2.0,2.0,0,NONE
2026-10-05T14:11:58.778+00:00,873.577,manual,Manual cook,temp,2100,445.1,,esp32,,0,,,,,,,,,,,,1,445.0,10.0,10.0,0,NONE
2026-10-05T14:11:59.278+00:00,874.077,manual,Manual cook,temp,2100,445.1,,esp32,,0,,,,,,,,,,,,1,445.0,3.0,3.0,0,NONE
2026-10-05T14:12:00.277+00:00,875.076,manual,Manual cook,temp,2100,445.1,,esp32,,0,,,,,,,,,,,,1,445.0,2.0,2.0,0,NONE
2026-10-05T14:12:00.778+00:00,875.577,manual,Manual cook,temp,2100,445.5,,esp32,,0,,,,,,,,,,,,1,445.0,10.0,10.0,0,NONE
2026-10-05T14:12:01.278+00:00,876.077,manual,Manual cook,temp,2100,445.5,,esp32,,0,,,,,,,,,,,,1,445.0,0.0,0.0,0,NONE
2026-10-05T14:12:02.277+00:00,877.076,manual,Manual cook,temp,2100,445.1,,esp32,,0,,,,,,,,,,,,1,445.0,3.0,3.0,0,NONE
2026-10-05T14:12:03.278+00:00,878.077,manual,Manual cook,temp,2100,445.1,,esp32,,0,,,,,,,,,,,,1,445.0,11.0,11.0,0,NONE
2026-10-05T14:12:04.277+00:00,879.076,manual,Manual cook,temp,2100,445.1,,esp32,,0,,,,,,,,,,,,1,445.0,2.0,3.0,0,NONE
2026-10-05T14:12:04.777+00:00,879.576,manual,Manual cook,temp,2100,445.1,,esp32,,0,,,,,,,,,,,,1,445.0,3.0,3.0,0,NONE
2026-10-05T14:12:05.284+00:00,880.083,manual,Manual cook,temp,2100,444.6,,esp32,,0,,,,,,,,,,,,1,445.0,11.0,11.0,0,NONE
2026-10-05T14:12:06.277+00:00,881.076,manual,Manual cook,temp,2100,445.5,,esp32,,0,,,,,,,,,,,,1,445.0,2.0,3.0,0,NONE
2026-10-05T14:12:07.278+00:00,882.077,manual,Manual cook,temp,2100,445.5,,esp32,,0,,,,,,,,,,,,1,445.0,2.0,2.0,0,NONE
2026-10-05T14:12:08.277+00:00,883.076,manual,Manual cook,temp,2100,445.5,,esp32,,0,,,,,,,,,,,,1,445.0,0.0,0.0,0,NONE
2026-10-05T14:12:09.278+00:00,884.077,manual,Manual cook,temp,2100,445.5,,esp32,,0,,,,,,,,,,,,1,445.0,2.0,2.0,0,NONE
2026-10-05T14:12:10.277+00:00,885.076,manual,Manual cook,temp,2100,445.5,,esp32,,0,,,,,,,,,,,,1,445.0,2.0,9.0,0,NONE
2026-10-05T14:12:10.777+00:00,885.576,manual,Manual cook,temp,2100,446.0,,esp32,,0,,,,,,,,,,,,1,445.0,0.0,0.0,0,NONE
2026-10-05T14:12:11.286+00:00,886.085,manual,Manual cook,temp,2100,445.5,,esp32,,0,,,,,,,,,,,,1,445.0,2.0,9.0,0,NONE
2026-10-05T14:12:12.277+00:00,887.076,manual,Manual cook,temp,2100,445.5,,esp32,,0,,,,,,,,,,,,1,445.0,0.0,0.0,0,NONE
2026-10-05T14:12:12.777+00:00,887.576,manual,Manual cook,temp,2100,445.1,,esp32,,0,,,,,,,,,,,,1,445.0,2.0,10.0,0,NONE
2026-10-05T14:12:13.278+00:00,888.077,manual,Manual cook,temp,2100,444.6,,esp32,,0,,,,,,,,,,,,1,445.0,11.0,11.0,0,NONE
2026-10-05T14:12:14.278+00:00,889.077,manual,Manual cook,temp,2100,445.1,,esp32,,0,,,,,,,,,,,,1,445.0,2.0,3.0,0,NONE
2026-10-05T14:12:15.279+00:00,890.078,manual,Manual cook,temp,2100,445.1,,esp32,,0,,,,,,,,,,,,1,445.0,3.0,3.0,0,NONE
2026-10-05T14:12:16.277+00:00,891.076,manual,Manual cook,temp,2100,444.6,,esp32,,0,,,,,,,,,,,,1,445.0,4.0,4.0,0,NONE
2026-10-05T14:12:17.278+00:00,892.077,manual,Manual cook,temp,2100,444.6,,esp32,,0,,,,,,,,,,,,1,445.0,2.0,11.0,0,NONE
2026-10-05T14:12:18.277+00:00,893.076,manual,Manual cook,temp,2100,446.0,,esp32,,0,,,,,,,,,,,,1,445.0,0.0,0.0,0,NONE
2026-10-05T14:12:18.777+00:00,893.576,manual,Manual cook,temp,2100,445.5,,esp32,,0,,,,,,,,,,,,1,445.0,2.0,9.0,0,NONE
2026-10-05T14:12:19.278+00:00,894.077,manual,Manual cook,temp,2100,445.1,,esp32,,0,,,,,,,,,,,,1,445.0,10.0,10.0,0,NONE
2026-10-05T14:12:20.277+00:00,895.076,manual,Manual cook,temp,2100,446.0,,esp32,,0,,,,,,,,,,,,1,445.0,0.0,0.0,0,NONE
2026-10-05T14:12:20.777+00:00,895.576,manual,Manual cook,temp,2100,446.5,,esp32,,0,,,,,,,,,,,,1,445.0,2.0,9.0,0,NONE
2026-10-05T14:12:21.279+00:00,896.078,manual,Manual cook,temp,2100,446.5,,esp32,,0,,,,,,,,,,,,1,445.0,0.0,0.0,0,NONE
2026-10-05T14:12:22.277+00:00,897.076,manual,Manual cook,temp,2100,446.0,,esp32,,0,,,,,,,,,,,,1,445.0,1.0,1.0,0,NONE
2026-10-05T14:12:22.777+00:00,897.576,manual,Manual cook,temp,2100,445.5,,esp32,,0,,,,,,,,,,,,1,445.0,0.0,0.0,0,NONE
2026-10-05T14:12:23.277+00:00,898.076,manual,Manual cook,temp,2100,445.5,,esp32,,0,,,,,,,,,,,,1,445.0,2.0,16.0,0,NONE
2026-10-05T14:12:24.277+00:00,899.076,manual,Manual cook,temp,2100,446.5,,esp32,,0,,,,,,,,,,,,1,445.0,2.0,8.0,0,NONE
2026-10-05T14:12:25.277+00:00,900.076,manual,Manual cook,temp,2100,446.0,,esp32,,0,,,,,,,,,,,,1,445.0,2.0,16.0,0,NONE
2026-10-05T14:12:26.277+00:00,901.076,manual,Manual cook,temp,2100,445.5,,esp32,,0,,,,,,,,,,,,1,445.0,0.0,0.0,0,NONE
2026-10-05T14:12:27.281+00:00,902.080,manual,Manual cook,temp,2100,446.0,,esp32,,0,,,,,,,,,,,,1,445.0,0.0,0.0,0,NONE
2026-10-05T14:12:28.276+00:00,903.075,manual,Manual cook,temp,2100,446.0,,esp32,,0,,,,,,,,,,,,1,445.0,1.0,1.0,0,NONE
2026-10-05T14:12:28.776+00:00,903.576,manual,Manual cook,temp,2100,445.5,,esp32,,0,,,,,,,,,,,,1,445.0,1.0,1.0,0,NONE
2026-10-05T14:12:29.278+00:00,904.077,manual,Manual cook,temp,2100,445.5,,esp32,,0,,,,,,,,,,,,1,445.0,9.0,9.0,0,NONE
2026-10-05T14:12:30.276+00:00,905.075,manual,Manual cook,temp,2100,445.5,,esp32,,0,,,,,,,,,,,,1,445.0,2.0,2.0,0,NONE
2026-10-05T14:12:30.776+00:00,905.575,manual,Manual cook,temp,2100,446.0,,esp32,,0,,,,,,,,,,,,1,445.0,0.0,0.0,0,NONE
2026-10-05T14:12:31.278+00:00,906.077,manual,Manual cook,temp,2100,446.0,,esp32,,0,,,,,,,,,,,,1,445.0,1.0,1.0,0,NONE
2026-10-05T14:12:32.277+00:00,907.076,manual,Manual cook,temp,2100,445.5,,esp32,,0,,,,,,,,,,,,1,445.0,0.0,0.0,0,NONE
2026-10-05T14:12:33.276+00:00,908.075,manual,Manual cook,temp,2100,445.5,,esp32,,0,,,,,,,,,,,,1,445.0,0.0,0.0,0,NONE
2026-10-05T14:12:34.277+00:00,909.076,manual,Manual cook,temp,2100,445.1,,esp32,,0,,,,,,,,,,,,1,445.0,10.0,10.0,0,NONE
2026-10-05T14:12:35.277+00:00,910.076,manual,Manual cook,temp,2100,444.2,,esp32,,0,,,,,,,,,,,,1,445.0,19.0,19.0,0,NONE
2026-10-05T14:12:36.276+00:00,911.075,manual,Manual cook,temp,2100,444.6,,esp32,,0,,,,,,,,,,,,1,445.0,0.0,0.0,0,NONE
2026-10-05T14:12:37.277+00:00,912.077,manual,Manual cook,temp,2100,444.6,,esp32,,0,,,,,,,,,,,,1,445.0,4.0,4.0,0,NONE
2026-10-05T14:12:38.280+00:00,913.079,manual,Manual cook,temp,2100,445.1,,esp32,,0,,,,,,,,,,,,1,445.0,0.0,0.0,0,NONE
2026-10-05T14:12:39.278+00:00,914.077,manual,Manual cook,temp,2100,444.2,,esp32,,0,,,,,,,,,,,,1,445.0,0.0,0.0,0,NONE
2026-10-05T14:12:40.276+00:00,915.075,manual,Manual cook,temp,2100,445.1,,esp32,,0,,,,,,,,,,,,1,445.0,0.0,0.0,0,NONE
2026-10-05T14:12:40.776+00:00,915.575,manual,Manual cook,temp,2100,444.6,,esp32,,0,,,,,,,,,,,,1,445.0,2.0,11.0,0,NONE
2026-10-05T14:12:41.276+00:00,916.075,manual,Manual cook,temp,2100,445.1,,esp32,,0,,,,,,,,,,,,1,445.0,0.0,0.0,0,NONE
2026-10-05T14:12:42.276+00:00,917.075,manual,Manual cook,temp,2100,444.6,,esp32,,0,,,,,,,,,,,,1,445.0,4.0,4.0,0,NONE
2026-10-05T14:12:43.277+00:00,918.076,manual,Manual cook,temp,2100,444.6,,esp32,,0,,,,,,,,,,,,1,445.0,2.0,18.0,0,NONE
2026-10-05T14:12:44.276+00:00,919.075,manual,Manual cook,temp,2100,444.6,,esp32,,0,,,,,,,,,,,,1,445.0,2.0,10.0,0,NONE
2026-10-05T14:12:45.276+00:00,920.075,manual,Manual cook,temp,2100,444.6,,esp32,,0,,,,,,,,,,,,1,445.0,4.0,4.0,0,NONE
2026-10-05T14:12:45.776+00:00,920.575,manual,Manual cook,temp,2100,444.2,,esp32,,0,,,,,,,,,,,,1,445.0,12.0,12.0,0,NONE
2026-10-05T14:12:46.776+00:00,921.575,manual,Manual cook,temp,2100,445.5,,esp32,,0,,,,,,,,,,,,1,445.0,0.0,0.0,0,NONE
2026-10-05T14:12:47.278+00:00,922.077,manual,Manual cook,temp,2100,445.5,,esp32,,0,,,,,,,,,,,,1,445.0,2.0,26.0,0,NONE
2026-10-05T14:12:48.276+00:00,923.075,manual,Manual cook,temp,2100,445.1,,esp32,,0,,,,,,,,,,,,1,445.0,2.0,2.0,0,NONE
2026-10-05T14:12:48.776+00:00,923.575,manual,Manual cook,temp,2100,446.0,,esp32,,0,,,,,,,,,,,,1,445.0,10.0,10.0,0,NONE
2026-10-05T14:12:49.276+00:00,924.075,manual,Manual cook,temp,2100,446.0,,esp32,,0,,,,,,,,,,,,1,445.0,0.0,0.0,0,NONE
2026-10-05T14:12:50.276+00:00,925.075,manual,Manual cook,temp,2100,446.0,,esp32,,0,,,,,,,,,,,,1,445.0,1.0,1.0,0,NONE
2026-10-05T14:12:51.277+00:00,926.076,manual,Manual cook,temp,2100,446.0,,esp32,,0,,,,,,,,,,,,1,445.0,0.0,0.0,0,NONE
2026-10-05T14:12:52.276+00:00,927.075,manual,Manual cook,temp,2100,446.0,,esp32,,0,,,,,,,,,,,,1,445.0,22.0,26.0,0,NONE
2026-10-05T14:12:53.276+00:00,928.075,manual,Manual cook,temp,2100,446.0,,esp32,,0,,,,,,,,,,,,1,445.0,2.0,9.0,0,NONE
2026-10-05T14:12:53.776+00:00,928.575,manual,Manual cook,temp,2100,446.0,,esp32,,0,,,,,,,,,,,,1,445.0,0.0,0.0,0,NONE
2026-10-05T14:12:54.776+00:00,929.575,manual,Manual cook,temp,2100,445.5,,esp32,,0,,,,,,,,,,,,1,445.0,0.0,0.0,0,NONE
2026-10-05T14:12:55.277+00:00,930.076,manual,Manual cook,temp,2100,445.5,,esp32,,0,,,,,,,,,,,,1,445.0,2.0,16.0,0,NONE
2026-10-05T14:12:56.276+00:00,931.075,manual,Manual cook,temp,2100,446.0,,esp32,,0,,,,,,,,,,,,1,445.0,0.0,0.0,0,NONE
2026-10-05T14:12:57.276+00:00,932.075,manual,Manual cook,temp,2100,446.0,,esp32,,0,,,,,,,,,,,,1,445.0,1.0,1.0,0,NONE
2026-10-05T14:12:58.276+00:00,933.075,manual,Manual cook,temp,2100,446.0,,esp32,,0,,,,,,,,,,,,1,445.0,9.0,9.0,0,NONE
2026-10-05T14:12:59.286+00:00,934.085,manual,Manual cook,temp,2100,444.6,,esp32,,0,,,,,,,,,,,,1,445.0,1.0,1.0,0,NONE
2026-10-05T14:13:00.277+00:00,935.076,manual,Manual cook,temp,2100,445.5,,esp32,,0,,,,,,,,,,,,1,445.0,0.0,0.0,0,NONE
2026-10-05T14:13:01.278+00:00,936.077,manual,Manual cook,temp,2100,444.6,,esp32,,0,,,,,,,,,,,,1,445.0,2.0,18.0,0,NONE
2026-10-05T14:13:02.275+00:00,937.074,manual,Manual cook,temp,2100,445.1,,esp32,,0,,,,,,,,,,,,1,445.0,2.0,3.0,0,NONE
2026-10-05T14:13:03.276+00:00,938.075,manual,Manual cook,temp,2100,444.6,,esp32,,0,,,,,,,,,,,,1,445.0,19.0,19.0,0,NONE
2026-10-05T14:13:04.276+00:00,939.075,manual,Manual cook,temp,2100,444.2,,esp32,,0,,,,,,,,,,,,1,445.0,2.0,12.0,0,NONE
2026-10-05T14:13:05.278+00:00,940.077,manual,Manual cook,temp,2100,444.2,,esp32,,0,,,,,,,,,,,,1,445.0,5.0,5.0,0,NONE
2026-10-05T14:13:06.276+00:00,941.075,manual,Manual cook,temp,2100,445.1,,esp32,,0,,,,,,,,,,,,1,445.0,0.0,0.0,0,NONE
2026-10-05T14:13:07.276+00:00,942.075,manual,Manual cook,temp,2100,445.1,,esp32,,0,,,,,,,,,,,,1,445.0,3.0,3.0,0,NONE
2026-10-05T14:13:08.276+00:00,943.075,manual,Manual cook,temp,2100,445.5,,esp32,,0,,,,,,,,,,,,1,445.0,11.0,11.0,0,NONE
2026-10-05T14:13:09.275+00:00,944.074,manual,Manual cook,temp,2100,445.5,,esp32,,0,,,,,,,,,,,,1,445.0,2.0,2.0,0,NONE
2026-10-05T14:13:10.275+00:00,945.074,manual,Manual cook,temp,2100,445.1,,esp32,,0,,,,,,,,,,,,1,445.0,10.0,10.0,0,NONE
2026-10-05T14:13:11.275+00:00,946.074,manual,Manual cook,temp,2100,446.0,,esp32,,0,,,,,,,,,,,,1,445.0,0.0,0.0,0,NONE
2026-10-05T14:13:12.275+00:00,947.074,manual,Manual cook,temp,2100,446.0,,esp32,,0,,,,,,,,,,,,1,445.0,18.0,18.0,0,NONE
2026-10-05T14:13:13.277+00:00,948.076,manual,Manual cook,temp,2100,444.6,,esp32,,0,,,,,,,,,,,,1,445.0,1.0,1.0,0,NONE
2026-10-05T14:13:14.275+00:00,949.074,manual,Manual cook,temp,2100,446.0,,esp32,,0,,,,,,,,,,,,1,445.0,0.0,0.0,0,NONE
2026-10-05T14:13:15.284+00:00,950.083,manual,Manual cook,temp,2100,446.0,,esp32,,0,,,,,,,,,,,,1,445.0,9.0,9.0,0,NONE
2026-10-05T14:13:16.275+00:00,951.074,manual,Manual cook,temp,2100,446.0,,esp32,,0,,,,,,,,,,,,1,445.0,1.0,1.0,0,NONE
2026-10-05T14:13:17.275+00:00,952.074,manual,Manual cook,temp,2100,446.0,,esp32,,0,,,,,,,,,,,,1,445.0,1.0,1.0,0,NONE
2026-10-05T14:13:17.775+00:00,952.574,manual,Manual cook,temp,2100,446.0,,esp32,,0,,,,,,,,,,,,1,445.0,9.0,9.0,0,NONE
2026-10-05T14:13:18.275+00:00,953.074,manual,Manual cook,temp,2100,446.0,,esp32,,0,,,,,,,,,,,,1,445.0,0.0,0.0,0,NONE
2026-10-05T14:13:19.275+00:00,954.074,manual,Manual cook,temp,2100,445.5,,esp32,,0,,,,,,,,,,,,1,445.0,9.0,9.0,0,NONE
2026-10-05T14:13:20.275+00:00,955.074,manual,Manual cook,temp,2100,445.5,,esp32,,0,,,,,,,,,,,,1,445.0,2.0,2.0,0,NONE
2026-10-05T14:13:21.275+00:00,956.075,manual,Manual cook,temp,2100,445.1,,esp32,,0,,,,,,,,,,,,1,445.0,10.0,10.0,0,NONE
2026-10-05T14:13:22.275+00:00,957.074,manual,Manual cook,temp,2100,445.1,,esp32,,0,,,,,,,,,,,,1,445.0,2.0,10.0,0,NONE
2026-10-05T14:13:22.776+00:00,957.575,manual,Manual cook,temp,2100,444.6,,esp32,,0,,,,,,,,,,,,1,445.0,3.0,3.0,0,NONE
2026-10-05T14:13:23.775+00:00,958.574,manual,Manual cook,temp,2100,444.2,,esp32,,0,,,,,,,,,,,,1,445.0,12.0,12.0,0,NONE
2026-10-05T14:13:24.275+00:00,959.074,manual,Manual cook,temp,2100,443.3,,esp32,,0,,,,,,,,,,,,1,445.0,21.0,21.0,0,NONE
2026-10-05T14:13:25.277+00:00,960.076,manual,Manual cook,temp,2100,444.2,,esp32,,0,,,,,,,,,,,,1,445.0,2.0,19.0,0,NONE
2026-10-05T14:13:26.277+00:00,961.076,manual,Manual cook,temp,2100,445.1,,esp32,,0,,,,,,,,,,,,1,445.0,2.0,3.0,0,NONE
2026-10-05T14:13:27.275+00:00,962.074,manual,Manual cook,temp,2100,444.6,,esp32,,0,,,,,,,,,,,,1,445.0,11.0,11.0,0,NONE
2026-10-05T14:13:28.275+00:00,963.074,manual,Manual cook,temp,2100,445.1,,esp32,,0,,,,,,,,,,,,1,445.0,2.0,3.0,0,NONE
2026-10-05T14:13:29.275+00:00,964.074,manual,Manual cook,temp,2100,445.5,,esp32,,0,,,,,,,,,,,,1,445.0,3.0,3.0,0,NONE
2026-10-05T14:13:30.275+00:00,965.074,manual,Manual cook,temp,2100,445.1,,esp32,,0,,,,,,,,,,,,1,445.0,2.0,2.0,0,NONE
2026-10-05T14:13:31.275+00:00,966.074,manual,Manual cook,temp,2100,445.1,,esp32,,0,,,,,,,,,,,,1,445.0,11.0,11.0,0,NONE
2026-10-05T14:13:32.275+00:00,967.074,manual,Manual cook,temp,2100,446.0,,esp32,,0,,,,,,,,,,,,1,445.0,0.0,0.0,0,NONE
2026-10-05T14:13:33.275+00:00,968.074,manual,Manual cook,temp,2100,445.5,,esp32,,0,,,,,,,,,,,,1,445.0,17.0,17.0,0,NONE
2026-10-05T14:13:34.274+00:00,969.074,manual,Manual cook,temp,2100,446.5,,esp32,,0,,,,,,,,,,,,1,445.0,2.0,2.0,0,NONE
2026-10-05T14:13:35.275+00:00,970.074,manual,Manual cook,temp,2100,446.0,,esp32,,0,,,,,,,,,,,,1,445.0,2.0,8.0,0,NONE
2026-10-05T14:13:36.274+00:00,971.073,manual,Manual cook,temp,2100,446.0,,esp32,,0,,,,,,,,,,,,1,445.0,1.0,1.0,0,NONE
2026-10-05T14:13:37.277+00:00,972.076,manual,Manual cook,temp,2100,445.5,,esp32,,0,,,,,,,,,,,,1,445.0,9.0,9.0,0,NONE
2026-10-05T14:13:38.276+00:00,973.075,manual,Manual cook,temp,2100,445.1,,esp32,,0,,,,,,,,,,,,1,445.0,10.0,10.0,0,NONE
2026-10-05T14:13:39.274+00:00,974.073,manual,Manual cook,temp,2100,445.5,,esp32,,0,,,,,,,,,,,,1,445.0,0.0,0.0,0,NONE
2026-10-05T14:13:39.774+00:00,974.573,manual,Manual cook,temp,2100,445.1,,esp32,,0,,,,,,,,,,,,1,445.0,2.0,2.0,0,NONE
2026-10-05T14:13:40.275+00:00,975.074,manual,Manual cook,temp,2100,445.5,,esp32,,0,,,,,,,,,,,,1,445.0,10.0,10.0,0,NONE
2026-10-05T14:13:41.275+00:00,976.074,manual,Manual cook,temp,2100,444.2,,esp32,,0,,,,,,,,,,,,1,445.0,2.0,18.0,0,NONE
2026-10-05T14:13:42.274+00:00,977.073,manual,Manual cook,temp,2100,444.6,,esp32,,0,,,,,,,,,,,,1,445.0,0.0,0.0,0,NONE
2026-10-05T14:13:42.775+00:00,977.574,manual,Manual cook,temp,2100,444.2,,esp32,,0,,,,,,,,,,,,1,445.0,2.0,11.0,0,NONE
2026-10-05T14:13:43.275+00:00,978.074,manual,Manual cook,temp,2100,445.5,,esp32,,0,,,,,,,,,,,,1,445.0,12.0,12.0,0,NONE
2026-10-05T14:13:44.274+00:00,979.073,manual,Manual cook,temp,2100,445.1,,esp32,,0,,,,,,,,,,,,1,445.0,2.0,10.0,0,NONE
2026-10-05T14:13:44.774+00:00,979.573,manual,Manual cook,temp,2100,445.1,,esp32,,0,,,,,,,,,,,,1,445.0,19.0,19.0,0,NONE
2026-10-05T14:13:45.774+00:00,980.573,manual,Manual cook,temp,2100,444.6,,esp32,,0,,,,,,,,,,,,1,445.0,2.0,11.0,0,NONE
2026-10-05T14:13:46.274+00:00,981.073,manual,Manual cook,temp,2100,445.1,,esp32,,0,,,,,,,,,,,,1,445.0,0.0,0.0,0,NONE
2026-10-05T14:13:47.274+00:00,982.073,manual,Manual cook,temp,2100,445.1,,esp32,,0,,,,,,,,,,,,1,445.0,2.0,10.0,0,NONE
2026-10-05T14:13:48.280+00:00,983.079,manual,Manual cook,temp,2100,445.5,,esp32,,0,,,,,,,,,,,,1,445.0,2.0,2.0,0,NONE
2026-10-05T14:13:49.274+00:00,984.073,manual,Manual cook,temp,2100,445.5,,esp32,,0,,,,,,,,,,,,1,445.0,0.0,0.0,0,NONE
2026-10-05T14:13:50.274+00:00,985.073,manual,Manual cook,temp,2100,445.1,,esp32,,0,,,,,,,,,,,,1,445.0,2.0,10.0,0,NONE
2026-10-05T14:13:51.274+00:00,986.073,manual,Manual cook,temp,2100,444.6,,esp32,,0,,,,,,,,,,,,1,445.0,0.0,0.0,0,NONE
2026-10-05T14:13:51.774+00:00,986.573,manual,Manual cook,temp,2100,444.6,,esp32,,0,,,,,,,,,,,,1,445.0,2.0,25.0,0,NONE
2026-10-05T14:13:52.774+00:00,987.573,manual,Manual cook,temp,2100,445.5,,esp32,,0,,,,,,,,,,,,1,445.0,0.0,0.0,0,NONE
2026-10-05T14:13:53.274+00:00,988.073,manual,Manual cook,temp,2100,444.2,,esp32,,0,,,,,,,,,,,,1,445.0,2.0,2.0,0,NONE
2026-10-05T14:13:53.774+00:00,988.573,manual,Manual cook,temp,2100,444.2,,esp32,,0,,,,,,,,,,,,1,445.0,22.0,26.0,0,NONE
2026-10-05T14:13:54.274+00:00,989.073,manual,Manual cook,temp,2100,445.1,,esp32,,0,,,,,,,,,,,,1,445.0,0.0,0.0,0,NONE
2026-10-05T14:13:55.274+00:00,990.073,manual,Manual cook,temp,2100,445.1,,esp32,,0,,,,,,,,,,,,1,445.0,0.0,0.0,0,NONE
2026-10-05T14:13:56.274+00:00,991.073,manual,Manual cook,temp,2100,444.2,,esp32,,0,,,,,,,,,,,,1,445.0,19.0,19.0,0,NONE
2026-10-05T14:13:57.274+00:00,992.073,manual,Manual cook,temp,2100,445.1,,esp32,,0,,,,,,,,,,,,1,445.0,0.0,0.0,0,NONE
2026-10-05T14:13:58.274+00:00,993.073,manual,Manual cook,temp,2100,445.1,,esp32,,0,,,,,,,,,,,,1,445.0,3.0,3.0,0,NONE
2026-10-05T14:13:59.279+00:00,994.078,manual,Manual cook,temp,2100,444.6,,esp32,,0,,,,,,,,,,,,1,445.0,4.0,4.0,0,NONE
2026-10-05T14:14:00.274+00:00,995.073,manual,Manual cook,temp,2100,445.1,,esp32,,0,,,,,,,,,,,,1,445.0,2.0,10.0,0,NONE
2026-10-05T14:14:01.274+00:00,996.073,manual,Manual cook,temp,2100,445.5,,esp32,,0,,,,,,,,,,,,1,445.0,0.0,0.0,0,NONE
2026-10-05T14:14:02.274+00:00,997.073,manual,Manual cook,temp,2100,446.5,,esp32,,0,,,,,,,,,,,,1,445.0,10.0,10.0,0,NONE
2026-10-05T14:14:03.274+00:00,998.073,manual,Manual cook,temp,2100,446.0,,esp32,,0,,,,,,,,,,,,1,445.0,2.0,8.0,0,NONE
2026-10-05T14:14:04.274+00:00,999.073,manual,Manual cook,temp,2100,446.0,,esp32,,0,,,,,,,,,,,,1,445.0,1.0,1.0,0,NONE
2026-10-05T14:14:04.774+00:00,999.573,manual,Manual cook,temp,2100,446.0,,esp32,,0,,,,,,,,,,,,1,445.0,1.0,1.0,0,NONE
2026-10-05T14:14:05.275+00:00,1000.074,manual,Manual cook,temp,2100,446.0,,esp32,,0,,,,,,,,,,,,1,445.0,1.0,1.0,0,NONE
2026-10-05T14:14:06.274+00:00,1001.073,manual,Manual cook,temp,2100,446.5,,esp32,,0,,,,,,,,,,,,1,445.0,2.0,24.0,0,NONE
2026-10-05T14:14:07.274+00:00,1002.073,manual,Manual cook,temp,2100,446.5,,esp32,,0,,,,,,,,,,,,1,445.0,0.0,0.0,0,NONE
2026-10-05T14:14:08.274+00:00,1003.073,manual,Manual cook,temp,2100,445.1,,esp32,,0,,,,,,,,,,,,1,445.0,10.0,10.0,0,NONE
2026-10-05T14:14:09.274+00:00,1004.073,manual,Manual cook,temp,2100,445.5,,esp32,,0,,,,,,,,,,,,1,445.0,0.0,0.0,0,NONE
2026-10-05T14:14:10.277+00:00,1005.076,manual,Manual cook,temp,2100,444.2,,esp32,,0,,,,,,,,,,,,1,445.0,0.0,0.0,0,NONE
2026-10-05T14:14:11.273+00:00,1006.072,manual,Manual cook,temp,2100,445.5,,esp32,,0,,,,,,,,,,,,1,445.0,0.0,0.0,0,NONE
2026-10-05T14:14:12.274+00:00,1007.073,manual,Manual cook,temp,2100,445.1,,esp32,,0,,,,,,,,,,,,1,445.0,10.0,10.0,0,NONE
2026-10-05T14:14:13.273+00:00,1008.073,manual,Manual cook,temp,2100,445.5,,esp32,,0,,,,,,,,,,,,1,445.0,0.0,0.0,0,NONE
2026-10-05T14:14:14.273+00:00,1009.072,manual,Manual cook,temp,2100,445.5,,esp32,,0,,,,,,,,,,,,1,445.0,0.0,0.0,0,NONE
2026-10-05T14:14:14.773+00:00,1009.572,manual,Manual cook,temp,2100,445.1,,esp32,,0,,,,,,,,,,,,1,445.0,2.0,10.0,0,NONE
2026-10-05T14:14:15.273+00:00,1010.072,manual,Manual cook,temp,2100,445.5,,esp32,,0,,,,,,,,,,,,1,445.0,0.0,0.0,0,NONE
2026-10-05T14:14:15.774+00:00,1010.573,manual,Manual cook,temp,2100,445.5,,esp32,,0,,,,,,,,,,,,1,445.0,2.0,2.0,0,NONE
2026-10-05T14:14:16.274+00:00,1011.073,manual,Manual cook,temp,2100,444.6,,esp32,,0,,,,,,,,,,,,1,445.0,18.0,18.0,0,NONE
2026-10-05T14:14:17.277+00:00,1012.077,manual,Manual cook,temp,2100,445.1,,esp32,,0,,,,,,,,,,,,1,445.0,0.0,0.0,0,NONE
2026-10-05T14:14:18.273+00:00,1013.072,manual,Manual cook,temp,2100,445.1,,esp32,,0,,,,,,,,,,,,1,445.0,3.0,3.0,0,NONE
2026-10-05T14:14:19.274+00:00,1014.073,manual,Manual cook,temp,2100,444.6,,esp32,,0,,,,,,,,,,,,1,445.0,11.0,11.0,0,NONE
2026-10-05T14:14:20.273+00:00,1015.072,manual,Manual cook,temp,2100,444.6,,esp32,,0,,,,,,,,,,,,1,445.0,2.0,11.0,0,NONE
2026-10-05T14:14:21.273+00:00,1016.073,manual,Manual cook,temp,2100,445.5,,esp32,,0,,,,,,,,,,,,1,445.0,0.0,0.0,0,NONE
2026-10-05T14:14:22.273+00:00,1017.072,manual,Manual cook,temp,2100,444.2,,esp32,,0,,,,,,,,,,,,1,445.0,22.0,26.0,0,NONE
2026-10-05T14:14:23.274+00:00,1018.073,manual,Manual cook,temp,2100,445.5,,esp32,,0,,,,,,,,,,,,1,445.0,2.0,19.0,0,NONE
2026-10-05T14:14:24.273+00:00,1019.072,manual,Manual cook,temp,2100,445.1,,esp32,,0,,,,,,,,,,,,1,445.0,2.0,18.0,0,NONE
2026-10-05T14:14:25.275+00:00,1020.074,manual,Manual cook,temp,2100,445.5,,esp32,,0,,,,,,,,,,,,1,445.0,0.0,0.0,0,NONE
2026-10-05T14:14:26.274+00:00,1021.073,manual,Manual cook,temp,2100,445.1,,esp32,,0,,,,,,,,,,,,1,445.0,10.0,10.0,0,NONE
2026-10-05T14:14:27.273+00:00,1022.072,manual,Manual cook,temp,2100,444.6,,esp32,,0,,,,,,,,,,,,1,445.0,2.0,18.0,0,NONE
2026-10-05T14:14:28.273+00:00,1023.072,manual,Manual cook,temp,2100,444.2,,esp32,,0,,,,,,,,,,,,1,445.0,2.0,19.0,0,NONE
2026-10-05T14:14:29.275+00:00,1024.074,manual,Manual cook,temp,2100,444.6,,esp32,,0,,,,,,,,,,,,1,445.0,0.0,0.0,0,NONE
2026-10-05T14:14:30.273+00:00,1025.072,manual,Manual cook,temp,2100,444.6,,esp32,,0,,,,,,,,,,,,1,445.0,4.0,4.0,0,NONE
2026-10-05T14:14:31.274+00:00,1026.073,manual,Manual cook,temp,2100,444.6,,esp32,,0,,,,,,,,,,,,1,445.0,2.0,11.0,0,NONE
2026-10-05T14:14:32.273+00:00,1027.072,manual,Manual cook,temp,2100,445.1,,esp32,,0,,,,,,,,,,,,1,445.0,0.0,0.0,0,NONE
2026-10-05T14:14:33.274+00:00,1028.073,manual,Manual cook,temp,2100,444.6,,esp32,,0,,,,,,,,,,,,1,445.0,11.0,11.0,0,NONE
2026-10-05T14:14:34.273+00:00,1029.072,manual,Manual cook,temp,2100,444.6,,esp32,,0,,,,,,,,,,,,1,445.0,2.0,11.0,0,NONE
2026-10-05T14:14:35.273+00:00,1030.072,manual,Manual cook,temp,2100,445.1,,esp32,,0,,,,,,,,,,,,1,445.0,2.0,3.0,0,NONE
2026-10-05T14:14:36.273+00:00,1031.072,manual,Manual cook,temp,2100,444.6,,esp32,,0,,,,,,,,,,,,1,445.0,3.0,3.0,0,NONE
2026-10-05T14:14:37.273+00:00,1032.073,manual,Manual cook,temp,2100,445.5,,esp32,,0,,,,,,,,,,,,1,445.0,0.0,0.0,0,NONE
2026-10-05T14:14:38.273+00:00,1033.072,manual,Manual cook,temp,2100,445.5,,esp32,,0,,,,,,,,,,,,1,445.0,2.0,2.0,0,NONE
2026-10-05T14:14:38.773+00:00,1033.572,manual,Manual cook,temp,2100,445.1,,esp32,,0,,,,,,,,,,,,1,445.0,10.0,10.0,0,NONE
2026-10-05T14:14:39.273+00:00,1034.072,manual,Manual cook,temp,2100,445.5,,esp32,,0,,,,,,,,,,,,1,445.0,3.0,3.0,0,NONE
2026-10-05T14:14:40.273+00:00,1035.072,manual,Manual cook,temp,2100,445.1,,esp32,,0,,,,,,,,,,,,1,445.0,2.0,10.0,0,NONE
2026-10-05T14:14:41.273+00:00,1036.072,manual,Manual cook,temp,2100,445.5,,esp32,,0,,,,,,,,,,,,1,445.0,2.0,2.0,0,NONE
2026-10-05T14:14:42.275+00:00,1037.074,manual,Manual cook,temp,2100,445.5,,esp32,,0,,,,,,,,,,,,1,445.0,2.0,2.0,0,NONE
2026-10-05T14:14:43.273+00:00,1038.072,manual,Manual cook,temp,2100,445.1,,esp32,,0,,,,,,,,,,,,1,445.0,10.0,10.0,0,NONE
2026-10-05T14:14:44.272+00:00,1039.071,manual,Manual cook,temp,2100,445.5,,esp32,,0,,,,,,,,,,,,1,445.0,2.0,2.0,0,NONE
2026-10-05T14:14:44.772+00:00,1039.571,manual,Manual cook,temp,2100,445.1,,esp32,,0,,,,,,,,,,,,1,445.0,10.0,10.0,0,NONE
2026-10-05T14:14:45.274+00:00,1040.073,manual,Manual cook,temp,2100,444.6,,esp32,,0,,,,,,,,,,,,1,445.0,3.0,3.0,0,NONE
2026-10-05T14:14:46.272+00:00,1041.071,manual,Manual cook,temp,2100,445.1,,esp32,,0,,,,,,,,,,,,1,445.0,0.0,0.0,0,NONE
2026-10-05T14:14:47.275+00:00,1042.074,manual,Manual cook,temp,2100,445.5,,esp32,,0,,,,,,,,,,,,1,445.0,3.0,3.0,0,NONE
2026-10-05T14:14:48.274+00:00,1043.073,manual,Manual cook,temp,2100,444.6,,esp32,,0,,,,,,,,,,,,1,445.0,2.0,10.0,0,NONE
2026-10-05T14:14:49.274+00:00,1044.073,manual,Manual cook,temp,2100,444.6,,esp32,,0,,,,,,,,,,,,1,445.0,4.0,4.0,0,NONE
2026-10-05T14:14:50.273+00:00,1045.072,manual,Manual cook,temp,2100,445.5,,esp32,,0,,,,,,,,,,,,1,445.0,2.0,2.0,0,NONE
2026-10-05T14:14:51.272+00:00,1046.071,manual,Manual cook,temp,2100,445.5,,esp32,,0,,,,,,,,,,,,1,445.0,0.0,0.0,0,NONE
2026-10-05T14:14:52.273+00:00,1047.072,manual,Manual cook,temp,2100,445.5,,esp32,,0,,,,,,,,,,,,1,445.0,0.0,0.0,0,NONE
2026-10-05T14:14:53.275+00:00,1048.074,manual,Manual cook,temp,2100,445.5,,esp32,,0,,,,,,,,,,,,1,445.0,2.0,2.0,0,NONE
2026-10-05T14:14:54.273+00:00,1049.072,manual,Manual cook,temp,2100,445.5,,esp32,,0,,,,,,,,,,,,1,445.0,0.0,0.0,0,NONE
2026-10-05T14:14:55.274+00:00,1050.073,manual,Manual cook,temp,2100,445.5,,esp32,,0,,,,,,,,,,,,1,445.0,2.0,2.0,0,NONE
2026-10-05T14:14:56.273+00:00,1051.072,manual,Manual cook,temp,2100,445.5,,esp32,,0,,,,,,,,,,,,1,445.0,0.0,0.0,0,NONE
2026-10-05T14:14:57.274+00:00,1052.073,manual,Manual cook,temp,2100,445.1,,esp32,,0,,,,,,,,,,,,1,445.0,10.0,10.0,0,NONE
2026-10-05T14:14:58.272+00:00,1053.071,manual,Manual cook,temp,2100,445.1,,esp32,,0,,,,,,,,,,,,1,445.0,3.0,3.0,0,NONE
2026-10-05T14:14:59.273+00:00,1054.072,manual,Manual cook,temp,2100,444.6,,esp32,,0,,,,,,,,,,,,1,445.0,11.0,11.0,0,NONE
2026-10-05T14:15:00.273+00:00,1055.072,manual,Manual cook,temp,2100,444.6,,esp32,,0,,,,,,,,,,,,1,445.0,0.0,0.0,0,NONE
2026-10-05T14:15:01.272+00:00,1056.071,manual,Manual cook,temp,2100,445.5,,esp32,,0,,,,,,,,,,,,1,445.0,2.0,2.0,0,NONE
2026-10-05T14:15:02.273+00:00,1057.072,manual,Manual cook,temp,2100,445.5,,esp32,,0,,,,,,,,,,,,1,445.0,2.0,2.0,0,NONE
2026-10-05T14:15:03.273+00:00,1058.072,manual,Manual cook,temp,2100,445.5,,esp32,,0,,,,,,,,,,,,1,445.0,0.0,0.0,0,NONE
2026-10-05T14:15:04.272+00:00,1059.071,manual,Manual cook,temp,2100,445.5,,esp32,,0,,,,,,,,,,,,1,445.0,2.0,9.0,0,NONE
2026-10-05T14:15:05.272+00:00,1060.072,manual,Manual cook,temp,2100,443.8,,esp32,,0,,,,,,,,,,,,1,445.0,2.0,2.0,0,NONE
2026-10-05T14:15:06.272+00:00,1061.071,manual,Manual cook,temp,2100,445.5,,esp32,,0,,,,,,,,,,,,1,445.0,0.0,0.0,0,NONE
2026-10-05T14:15:07.272+00:00,1062.071,manual,Manual cook,temp,2100,445.5,,esp32,,0,,,,,,,,,,,,1,445.0,2.0,2.0,0,NONE
2026-10-05T14:15:08.272+00:00,1063.071,manual,Manual cook,temp,2100,445.1,,esp32,,0,,,,,,,,,,,,1,445.0,0.0,0.0,0,NONE
2026-10-05T14:15:09.272+00:00,1064.071,manual,Manual cook,temp,2100,445.1,,esp32,,0,,,,,,,,,,,,1,445.0,3.0,3.0,0,NONE
2026-10-05T14:15:10.272+00:00,1065.071,manual,Manual cook,temp,2100,445.1,,esp32,,0,,,,,,,,,,,,1,445.0,11.0,11.0,0,NONE
2026-10-05T14:15:11.272+00:00,1066.071,manual,Manual cook,temp,2100,445.1,,esp32,,0,,,,,,,,,,,,1,445.0,2.0,3.0,0,NONE
2026-10-05T14:15:12.272+00:00,1067.071,manual,Manual cook,temp,2100,445.5,,esp32,,0,,,,,,,,,,,,1,445.0,0.0,0.0,0,NONE
2026-10-05T14:15:13.272+00:00,1068.071,manual,Manual cook,temp,2100,445.1,,esp32,,0,,,,,,,,,,,,1,445.0,10.0,10.0,0,NONE
2026-10-05T14:15:14.272+00:00,1069.071,manual,Manual cook,temp,2100,445.1,,esp32,,0,,,,,,,,,,,,1,445.0,2.0,10.0,0,NONE
2026-10-05T14:15:15.274+00:00,1070.073,manual,Manual cook,temp,2100,445.5,,esp32,,0,,,,,,,,,,,,1,445.0,0.0,0.0,0,NONE
2026-10-05T14:15:16.272+00:00,1071.071,manual,Manual cook,temp,2100,444.6,,esp32,,0,,,,,,,,,,,,1,445.0,18.0,18.0,0,NONE
2026-10-05T14:15:17.272+00:00,1072.071,manual,Manual cook,temp,2100,445.5,,esp32,,0,,,,,,,,,,,,1,445.0,0.0,0.0,0,NONE
2026-10-05T14:15:18.272+00:00,1073.071,manual,Manual cook,temp,2100,445.1,,esp32,,0,,,,,,,,,,,,1,445.0,10.0,10.0,0,NONE
2026-10-05T14:15:19.273+00:00,1074.072,manual,Manual cook,temp,2100,444.6,,esp32,,0,,,,,,,,,,,,1,445.0,2.0,2.0,0,NONE
2026-10-05T14:15:20.272+00:00,1075.071,manual,Manual cook,temp,2100,444.6,,esp32,,0,,,,,,,,,,,,1,445.0,4.0,4.0,0,NONE
2026-10-05T14:15:21.272+00:00,1076.071,manual,Manual cook,temp,2100,446.0,,esp32,,0,,,,,,,,,,,,1,445.0,0.0,0.0,0,NONE
2026-10-05T14:15:22.272+00:00,1077.071,manual,Manual cook,temp,2100,444.2,,esp32,,0,,,,,,,,,,,,1,445.0,12.0,12.0,0,NONE
2026-10-05T14:15:23.272+00:00,1078.071,manual,Manual cook,temp,2100,445.5,,esp32,,0,,,,,,,,,,,,1,445.0,2.0,2.0,0,NONE
2026-10-05T14:15:24.272+00:00,1079.071,manual,Manual cook,temp,2100,445.1,,esp32,,0,,,,,,,,,,,,1,445.0,10.0,10.0,0,NONE
2026-10-05T14:15:25.275+00:00,1080.075,manual,Manual cook,temp,2100,445.5,,esp32,,0,,,,,,,,,,,,1,445.0,0.0,0.0,0,NONE
2026-10-05T14:15:26.271+00:00,1081.070,manual,Manual cook,temp,2100,445.5,,esp32,,0,,,,,,,,,,,,1,445.0,2.0,2.0,0,NONE
2026-10-05T14:15:27.272+00:00,1082.071,manual,Manual cook,temp,2100,445.5,,esp32,,0,,,,,,,,,,,,1,445.0,12.0,12.0,0,NONE
2026-10-05T14:15:28.272+00:00,1083.071,manual,Manual cook,temp,2100,444.6,,esp32,,0,,,,,,,,,,,,1,445.0,2.0,18.0,0,NONE
2026-10-05T14:15:29.272+00:00,1084.071,manual,Manual cook,temp,2100,445.1,,esp32,,0,,,,,,,,,,,,1,445.0,2.0,10.0,0,NONE
2026-10-05T14:15:30.272+00:00,1085.071,manual,Manual cook,temp,2100,445.5,,esp32,,0,,,,,,,,,,,,1,445.0,0.0,0.0,0,NONE
2026-10-05T14:15:31.273+00:00,1086.072,manual,Manual cook,temp,2100,445.1,,esp32,,0,,,,,,,,,,,,1,445.0,10.0,10.0,0,NONE
2026-10-05T14:15:32.272+00:00,1087.071,manual,Manual cook,temp,2100,445.1,,esp32,,0,,,,,,,,,,,,1,445.0,2.0,2.0,0,NONE
2026-10-05T14:15:33.271+00:00,1088.070,manual,Manual cook,temp,2100,445.5,,esp32,,0,,,,,,,,,,,,1,445.0,3.0,3.0,0,NONE
2026-10-05T14:15:34.271+00:00,1089.070,manual,Manual cook,temp,2100,445.5,,esp32,,0,,,,,,,,,,,,1,445.0,2.0,2.0,0,NONE
2026-10-05T14:15:35.272+00:00,1090.071,manual,Manual cook,temp,2100,444.6,,esp32,,0,,,,,,,,,,,,1,445.0,18.0,18.0,0,NONE
2026-10-05T14:15:36.272+00:00,1091.071,manual,Manual cook,temp,2100,445.5,,esp32,,0,,,,,,,,,,,,1,445.0,2.0,2.0,0,NONE
2026-10-05T14:15:37.271+00:00,1092.070,manual,Manual cook,temp,2100,445.1,,esp32,,0,,,,,,,,,,,,1,445.0,4.0,4.0,0,NONE
2026-10-05T14:15:38.272+00:00,1093.071,manual,Manual cook,temp,2100,444.6,,esp32,,0,,,,,,,,,,,,1,445.0,2.0,11.0,0,NONE
2026-10-05T14:15:39.272+00:00,1094.071,manual,Manual cook,temp,2100,445.5,,esp32,,0,,,,,,,,,,,,1,445.0,2.0,3.0,0,NONE
2026-10-05T14:15:40.271+00:00,1095.070,manual,Manual cook,temp,2100,445.1,,esp32,,0,,,,,,,,,,,,1,445.0,2.0,10.0,0,NONE
2026-10-05T14:15:41.271+00:00,1096.070,manual,Manual cook,temp,2100,444.6,,esp32,,0,,,,,,,,,,,,1,445.0,3.0,3.0,0,NONE
2026-10-05T14:15:42.271+00:00,1097.070,manual,Manual cook,temp,2100,445.1,,esp32,,0,,,,,,,,,,,,1,445.0,0.0,0.0,0,NONE
2026-10-05T14:15:43.271+00:00,1098.070,manual,Manual cook,temp,2100,444.6,,esp32,,0,,,,,,,,,,,,1,445.0,2.0,18.0,0,NONE
2026-10-05T14:15:44.271+00:00,1099.070,manual,Manual cook,temp,2100,445.1,,esp32,,0,,,,,,,,,,,,1,445.0,2.0,10.0,0,NONE
2026-10-05T14:15:45.271+00:00,1100.070,manual,Manual cook,temp,2100,445.1,,esp32,,0,,,,,,,,,,,,1,445.0,0.0,0.0,0,NONE
2026-10-05T14:15:46.272+00:00,1101.071,manual,Manual cook,temp,2100,444.6,,esp32,,0,,,,,,,,,,,,1,445.0,3.0,3.0,0,NONE
2026-10-05T14:15:47.271+00:00,1102.070,manual,Manual cook,temp,2100,446.0,,esp32,,0,,,,,,,,,,,,1,445.0,0.0,0.0,0,NONE
2026-10-05T14:15:48.271+00:00,1103.070,manual,Manual cook,temp,2100,445.5,,esp32,,0,,,,,,,,,,,,1,445.0,9.0,9.0,0,NONE
2026-10-05T14:15:49.272+00:00,1104.071,manual,Manual cook,temp,2100,446.0,,esp32,,0,,,,,,,,,,,,1,445.0,0.0,0.0,0,NONE
2026-10-05T14:15:50.270+00:00,1105.069,manual,Manual cook,temp,2100,446.0,,esp32,,0,,,,,,,,,,,,1,445.0,1.0,1.0,0,NONE
2026-10-05T14:15:50.770+00:00,1105.570,manual,Manual cook,temp,2100,445.5,,esp32,,0,,,,,,,,,,,,1,445.0,1.0,1.0,0,NONE
2026-10-05T14:15:51.770+00:00,1106.570,manual,Manual cook,temp,2100,445.1,,esp32,,0,,,,,,,,,,,,1,445.0,10.0,10.0,0,NONE
2026-10-05T14:15:52.271+00:00,1107.070,manual,Manual cook,temp,2100,445.1,,esp32,,0,,,,,,,,,,,,1,445.0,0.0,0.0,0,NONE
2026-10-05T14:15:53.272+00:00,1108.071,manual,Manual cook,temp,2100,444.6,,esp32,,0,,,,,,,,,,,,1,445.0,0.0,0.0,0,NONE
2026-10-05T14:15:54.270+00:00,1109.069,manual,Manual cook,temp,2100,446.0,,esp32,,0,,,,,,,,,,,,1,445.0,0.0,0.0,0,NONE
2026-10-05T14:15:55.271+00:00,1110.070,manual,Manual cook,temp,2100,445.1,,esp32,,0,,,,,,,,,,,,1,445.0,10.0,10.0,0,NONE
2026-10-05T14:15:56.270+00:00,1111.069,manual,Manual cook,temp,2100,445.1,,esp32,,0,,,,,,,,,,,,1,445.0,0.0,0.0,0,NONE
2026-10-05T14:15:56.770+00:00,1111.569,manual,Manual cook,temp,2100,445.5,,esp32,,0,,,,,,,,,,,,1,445.0,2.0,10.0,0,NONE
2026-10-05T14:15:57.270+00:00,1112.069,manual,Manual cook,temp,2100,445.5,,esp32,,0,,,,,,,,,,,,1,445.0,0.0,0.0,0,NONE
2026-10-05T14:15:58.270+00:00,1113.069,manual,Manual cook,temp,2100,445.5,,esp32,,0,,,,,,,,,,,,1,445.0,2.0,2.0,0,NONE
2026-10-05T14:15:59.270+00:00,1114.069,manual,Manual cook,temp,2100,445.5,,esp32,,0,,,,,,,,,,,,1,445.0,2.0,2.0,0,NONE
2026-10-05T14:16:00.270+00:00,1115.069,manual,Manual cook,temp,2100,445.5,,esp32,,0,,,,,,,,,,,,1,445.0,2.0,2.0,0,NONE
2026-10-05T14:16:01.270+00:00,1116.069,manual,Manual cook,temp,2100,445.5,,esp32,,0,,,,,,,,,,,,1,445.0,2.0,2.0,0,NONE
2026-10-05T14:16:01.770+00:00,1116.569,manual,Manual cook,temp,2100,445.1,,esp32,,0,,,,,,,,,,,,1,445.0,10.0,10.0,0,NONE
2026-10-05T14:16:02.770+00:00,1117.569,manual,Manual cook,temp,2100,445.1,,esp32,,0,,,,,,,,,,,,1,445.0,3.0,3.0,0,NONE
2026-10-05T14:16:03.270+00:00,1118.069,manual,Manual cook,temp,2100,445.1,,esp32,,0,,,,,,,,,,,,1,445.0,3.0,3.0,0,NONE
2026-10-05T14:16:03.770+00:00,1118.569,manual,Manual cook,temp,2100,444.6,,esp32,,0,,,,,,,,,,,,1,445.0,11.0,11.0,0,NONE
2026-10-05T14:16:04.271+00:00,1119.070,manual,Manual cook,temp,2100,444.2,,esp32,,0,,,,,,,,,,,,1,445.0,12.0,12.0,0,NONE
2026-10-05T14:16:05.270+00:00,1120.069,manual,Manual cook,temp,2100,444.6,,esp32,,0,,,,,,,,,,,,1,445.0,2.0,3.0,0,NONE
2026-10-05T14:16:06.271+00:00,1121.070,manual,Manual cook,temp,2100,445.1,,esp32,,0,,,,,,,,,,,,1,445.0,0.0,0.0,0,NONE
2026-10-05T14:16:07.270+00:00,1122.069,manual,Manual cook,temp,2100,444.6,,esp32,,0,,,,,,,,,,,,1,445.0,3.0,3.0,0,NONE
2026-10-05T14:16:08.270+00:00,1123.069,manual,Manual cook,temp,2100,444.2,,esp32,,0,,,,,,,,,,,,1,445.0,3.0,3.0,0,NONE
2026-10-05T14:16:09.270+00:00,1124.069,manual,Manual cook,temp,2100,445.1,,esp32,,0,,,,,,,,,,,,1,445.0,0.0,0.0,0,NONE
2026-10-05T14:16:10.270+00:00,1125.069,manual,Manual cook,temp,2100,444.6,,esp32,,0,,,,,,,,,,,,1,445.0,3.0,3.0,0,NONE
2026-10-05T14:16:11.270+00:00,1126.069,manual,Manual cook,temp,2100,444.6,,esp32,,0,,,,,,,,,,,,1,445.0,3.0,3.0,0,NONE
2026-10-05T14:16:12.270+00:00,1127.069,manual,Manual cook,temp,2100,446.5,,esp32,,0,,,,,,,,,,,,1,445.0,0.0,0.0,0,NONE
2026-10-05T14:16:12.770+00:00,1127.569,manual,Manual cook,temp,2100,446.0,,esp32,,0,,,,,,,,,,,,1,445.0,2.0,8.0,0,NONE
2026-10-05T14:16:13.270+00:00,1128.069,manual,Manual cook,temp,2100,445.5,,esp32,,0,,,,,,,,,,,,1,445.0,1.0,1.0,0,NONE
2026-10-05T14:16:14.270+00:00,1129.069,manual,Manual cook,temp,2100,445.1,,esp32,,0,,,,,,,,,,,,1,445.0,10.0,10.0,0,NONE
2026-10-05T14:16:15.270+00:00,1130.069,manual,Manual cook,temp,2100,445.5,,esp32,,0,,,,,,,,,,,,1,445.0,2.0,16.0,0,NONE
2026-10-05T14:16:15.770+00:00,1130.569,manual,Manual cook,temp,2100,446.5,,esp32,,0,,,,,,,,,,,,1,445.0,0.0,0.0,0,NONE
2026-10-05T14:16:16.770+00:00,1131.569,manual,Manual cook,temp,2100,446.0,,esp32,,0,,,,,,,,,,,,1,445.0,2.0,8.0,0,NONE
2026-10-05T14:16:17.272+00:00,1132.071,manual,Manual cook,temp,2100,446.9,,esp32,,0,,,,,,,,,,,,1,445.0,0.0,0.0,0,NONE
2026-10-05T14:16:18.270+00:00,1133.069,manual,Manual cook,temp,2100,446.9,,esp32,,0,,,,,,,,,,,,1,445.0,0.0,0.0,0,NONE
2026-10-05T14:16:19.270+00:00,1134.069,manual,Manual cook,temp,2100,446.9,,esp32,,0,,,,,,,,,,,,1,445.0,0.0,0.0,0,NONE
2026-10-05T14:16:19.770+00:00,1134.569,manual,Manual cook,temp,2100,446.9,,esp32,,0,,,,,,,,,,,,1,445.0,0.0,0.0,0,NONE
2026-10-05T14:16:20.770+00:00,1135.569,manual,Manual cook,temp,2100,447.4,,esp32,,0,,,,,,,,,,,,1,445.0,0.0,0.0,0,NONE
2026-10-05T14:16:21.270+00:00,1136.069,manual,Manual cook,temp,2100,446.0,,esp32,,0,,,,,,,,,,,,1,445.0,2.0,14.0,0,NONE
2026-10-05T14:16:22.269+00:00,1137.069,manual,Manual cook,temp,2100,447.4,,esp32,,0,,,,,,,,,,,,1,445.0,0.0,0.0,0,NONE
2026-10-05T14:16:22.770+00:00,1137.569,manual,Manual cook,temp,2100,446.5,,esp32,,0,,,,,,,,,,,,1,445.0,2.0,14.0,0,NONE
2026-10-05T14:16:23.270+00:00,1138.069,manual,Manual cook,temp,2100,446.9,,esp32,,0,,,,,,,,,,,,1,445.0,0.0,0.0,0,NONE
2026-10-05T14:16:24.269+00:00,1139.068,manual,Manual cook,temp,2100,446.9,,esp32,,0,,,,,,,,,,,,1,445.0,0.0,0.0,0,NONE
2026-10-05T14:16:25.270+00:00,1140.069,manual,Manual cook,temp,2100,446.9,,esp32,,0,,,,,,,,,,,,1,445.0,0.0,0.0,0,NONE
2026-10-05T14:16:26.269+00:00,1141.068,manual,Manual cook,temp,2100,446.5,,esp32,,0,,,,,,,,,,,,1,445.0,2.0,7.0,0,NONE
2026-10-05T14:16:26.770+00:00,1141.569,manual,Manual cook,temp,2100,445.5,,esp32,,0,,,,,,,,,,,,1,445.0,0.0,0.0,0,NONE
2026-10-05T14:16:27.270+00:00,1142.069,manual,Manual cook,temp,2100,445.5,,esp32,,0,,,,,,,,,,,,1,445.0,2.0,16.0,0,NONE
2026-10-05T14:16:28.269+00:00,1143.068,manual,Manual cook,temp,2100,446.0,,esp32,,0,,,,,,,,,,,,1,445.0,0.0,0.0,0,NONE
2026-10-05T14:16:29.269+00:00,1144.068,manual,Manual cook,temp,2100,446.0,,esp32,,0,,,,,,,,,,,,1,445.0,1.0,1.0,0,NONE
2026-10-05T14:16:30.269+00:00,1145.068,manual,Manual cook,temp,2100,446.0,,esp32,,0,,,,,,,,,,,,1,445.0,1.0,1.0,0,NONE
2026-10-05T14:16:30.769+00:00,1145.568,manual,Manual cook,temp,2100,444.6,,esp32,,0,,,,,,,,,,,,1,445.0,25.0,25.0,0,NONE
2026-10-05T14:16:31.769+00:00,1146.568,manual,Manual cook,temp,2100,444.6,,esp32,,0,,,,,,,,,,,,1,445.0,2.0,18.0,0,NONE
2026-10-05T14:16:32.769+00:00,1147.568,manual,Manual cook,temp,2100,445.1,,esp32,,0,,,,,,,,,,,,1,445.0,0.0,0.0,0,NONE
2026-10-05T14:16:33.269+00:00,1148.068,manual,Manual cook,temp,2100,444.2,,esp32,,0,,,,,,,,,,,,1,445.0,2.0,2.0,0,NONE
2026-10-05T14:16:33.769+00:00,1148.568,manual,Manual cook,temp,2100,444.2,,esp32,,0,,,,,,,,,,,,1,445.0,19.0,19.0,0,NONE
2026-10-05T14:16:34.769+00:00,1149.568,manual,Manual cook,temp,2100,443.8,,esp32,,0,,,,,,,,,,,,1,445.0,5.0,5.0,0,NONE
2026-10-05T14:16:35.269+00:00,1150.068,manual,Manual cook,temp,2100,444.6,,esp32,,0,,,,,,,,,,,,1,445.0,0.0,0.0,0,NONE
2026-10-05T14:16:36.270+00:00,1151.069,manual,Manual cook,temp,2100,444.6,,esp32,,0,,,,,,,,,,,,1,445.0,0.0,0.0,0,NONE
2026-10-05T14:16:37.269+00:00,1152.068,manual,Manual cook,temp,2100,444.2,,esp32,,0,,,,,,,,,,,,1,445.0,11.0,11.0,0,NONE
2026-10-05T14:16:37.769+00:00,1152.568,manual,Manual cook,temp,2100,444.6,,esp32,,0,,,,,,,,,,,,1,445.0,4.0,4.0,0,NONE
2026-10-05T14:16:38.769+00:00,1153.568,manual,Manual cook,temp,2100,444.2,,esp32,,0,,,,,,,,,,,,1,445.0,2.0,11.0,0,NONE
2026-10-05T14:16:39.269+00:00,1154.068,manual,Manual cook,temp,2100,444.2,,esp32,,0,,,,,,,,,,,,1,445.0,4.0,4.0,0,NONE
2026-10-05T14:16:40.269+00:00,1155.068,manual,Manual cook,temp,2100,444.2,,esp32,,0,,,,,,,,,,,,1,445.0,4.0,4.0,0,NONE
2026-10-05T14:16:40.769+00:00,1155.568,manual,Manual cook,temp,2100,443.8,,esp32,,0,,,,,,,,,,,,1,445.0,12.0,12.0,0,NONE
2026-10-05T14:16:41.769+00:00,1156.568,manual,Manual cook,temp,2100,444.6,,esp32,,0,,,,,,,,,,,,1,445.0,2.0,3.0,0,NONE
2026-10-05T14:16:42.269+00:00,1157.068,manual,Manual cook,temp,2100,444.2,,esp32,,0,,,,,,,,,,,,1,445.0,12.0,12.0,0,NONE
2026-10-05T14:16:43.269+00:00,1158.068,manual,Manual cook,temp,2100,445.1,,esp32,,0,,,,,,,,,,,,1,445.0,2.0,3.0,0,NONE
2026-10-05T14:16:44.269+00:00,1159.068,manual,Manual cook,temp,2100,445.1,,esp32,,0,,,,,,,,,,,,1,445.0,0.0,0.0,0,NONE
2026-10-05T14:16:45.269+00:00,1160.068,manual,Manual cook,temp,2100,446.0,,esp32,,0,,,,,,,,,,,,1,445.0,0.0,0.0,0,NONE
2026-10-05T14:16:46.269+00:00,1161.068,manual,Manual cook,temp,2100,445.5,,esp32,,0,,,,,,,,,,,,1,445.0,2.0,9.0,0,NONE
2026-10-05T14:16:47.269+00:00,1162.068,manual,Manual cook,temp,2100,445.1,,esp32,,0,,,,,,,,,,,,1,445.0,0.0,0.0,0,NONE
2026-10-05T14:16:48.269+00:00,1163.068,manual,Manual cook,temp,2100,446.5,,esp32,,0,,,,,,,,,,,,1,445.0,0.0,0.0,0,NONE
2026-10-05T14:16:48.769+00:00,1163.568,manual,Manual cook,temp,2100,445.1,,esp32,,0,,,,,,,,,,,,1,445.0,2.0,24.0,0,NONE
2026-10-05T14:16:49.769+00:00,1164.568,manual,Manual cook,temp,2100,446.0,,esp32,,0,,,,,,,,,,,,1,445.0,1.0,1.0,0,NONE
2026-10-05T14:16:50.269+00:00,1165.068,manual,Manual cook,temp,2100,446.0,,esp32,,0,,,,,,,,,,,,1,445.0,1.0,1.0,0,NONE
2026-10-05T14:16:50.769+00:00,1165.568,manual,Manual cook,temp,2100,444.6,,esp32,,0,,,,,,,,,,,,1,445.0,25.0,25.0,0,NONE
2026-10-05T14:16:51.270+00:00,1166.069,manual,Manual cook,temp,2100,445.5,,esp32,,0,,,,,,,,,,,,1,445.0,0.0,0.0,0,NONE
2026-10-05T14:16:52.269+00:00,1167.068,manual,Manual cook,temp,2100,445.5,,esp32,,0,,,,,,,,,,,,1,445.0,2.0,2.0,0,NONE
2026-10-05T14:16:52.769+00:00,1167.568,manual,Manual cook,temp,2100,444.6,,esp32,,0,,,,,,,,,,,,1,445.0,10.0,10.0,0,NONE
2026-10-05T14:16:53.769+00:00,1168.568,manual,Manual cook,temp,2100,444.2,,esp32,,0,,,,,,,,,,,,1,445.0,12.0,12.0,0,NONE
2026-10-05T14:16:54.269+00:00,1169.068,manual,Manual cook,temp,2100,446.0,,esp32,,0,,,,,,,,,,,,1,445.0,0.0,0.0,0,NONE
2026-10-05T14:16:55.270+00:00,1170.069,manual,Manual cook,temp,2100,444.6,,esp32,,0,,,,,,,,,,,,1,445.0,11.0,11.0,0,NONE
2026-10-05T14:16:56.269+00:00,1171.068,manual,Manual cook,temp,2100,444.2,,esp32,,0,,,,,,,,,,,,1,445.0,2.0,3.0,0,NONE
2026-10-05T14:16:56.769+00:00,1171.568,manual,Manual cook,temp,2100,444.2,,esp32,,0,,,,,,,,,,,,1,445.0,19.0,19.0,0,NONE
2026-10-05T14:16:57.769+00:00,1172.568,manual,Manual cook,temp,2100,445.5,,esp32,,0,,,,,,,,,,,,1,445.0,2.0,3.0,0,NONE
2026-10-05T14:16:58.769+00:00,1173.568,manual,Manual cook,temp,2100,444.6,,esp32,,0,,,,,,,,,,,,1,445.0,2.0,18.0,0,NONE
2026-10-05T14:16:59.769+00:00,1174.568,manual,Manual cook,temp,2100,446.0,,esp32,,0,,,,,,,,,,,,1,445.0,0.0,0.0,0,NONE
2026-10-05T14:17:00.269+00:00,1175.068,manual,Manual cook,temp,2100,445.5,,esp32,,0,,,,,,,,,,,,1,445.0,2.0,9.0,0,NONE
2026-10-05T14:17:01.269+00:00,1176.068,manual,Manual cook,temp,2100,445.5,,esp32,,0,,,,,,,,,,,,1,445.0,2.0,2.0,0,NONE
2026-10-05T14:17:02.268+00:00,1177.067,manual,Manual cook,temp,2100,446.0,,esp32,,0,,,,,,,,,,,,1,445.0,0.0,0.0,0,NONE
2026-10-05T14:17:02.769+00:00,1177.568,manual,Manual cook,temp,2100,445.1,,esp32,,0,,,,,,,,,,,,1,445.0,2.0,17.0,0,NONE
2026-10-05T14:17:03.768+00:00,1178.567,manual,Manual cook,temp,2100,445.5,,esp32,,0,,,,,,,,,,,,1,445.0,0.0,0.0,0,NONE
2026-10-05T14:17:04.268+00:00,1179.067,manual,Manual cook,temp,2100,445.1,,esp32,,0,,,,,,,,,,,,1,445.0,0.0,0.0,0,NONE
2026-10-05T14:17:05.268+00:00,1180.067,manual,Manual cook,temp,2100,445.1,,esp32,,0,,,,,,,,,,,,1,445.0,0.0,0.0,0,NONE
2026-10-05T14:17:06.268+00:00,1181.068,manual,Manual cook,temp,2100,445.5,,esp32,,0,,,,,,,,,,,,1,445.0,0.0,0.0,0,NONE
2026-10-05T14:17:07.268+00:00,1182.067,manual,Manual cook,temp,2100,445.1,,esp32,,0,,,,,,,,,,,,1,445.0,2.0,2.0,0,NONE
2026-10-05T14:17:07.768+00:00,1182.567,manual,Manual cook,temp,2100,445.1,,esp32,,0,,,,,,,,,,,,1,445.0,10.0,10.0,0,NONE
2026-10-05T14:17:08.768+00:00,1183.567,manual,Manual cook,temp,2100,445.1,,esp32,,0,,,,,,,,,,,,1,445.0,2.0,2.0,0,NONE
2026-10-05T14:17:09.268+00:00,1184.067,manual,Manual cook,temp,2100,444.6,,esp32,,0,,,,,,,,,,,,1,445.0,11.0,11.0,0,NONE
2026-10-05T14:17:10.268+00:00,1185.067,manual,Manual cook,temp,2100,444.6,,esp32,,0,,,,,,,,,,,,1,445.0,3.0,3.0,0,NONE
2026-10-05T14:17:10.768+00:00,1185.568,manual,Manual cook,temp,2100,444.6,,esp32,,0,,,,,,,,,,,,1,445.0,12.0,12.0,0,NONE
2026-10-05T14:17:11.768+00:00,1186.567,manual,Manual cook,temp,2100,444.6,,esp32,,0,,,,,,,,,,,,1,445.0,2.0,3.0,0,NONE
2026-10-05T14:17:12.268+00:00,1187.067,manual,Manual cook,temp,2100,444.6,,esp32,,0,,,,,,,,,,,,1,445.0,20.0,20.0,0,NONE
2026-10-05T14:17:13.268+00:00,1188.067,manual,Manual cook,temp,2100,445.1,,esp32,,0,,,,,,,,,,,,1,445.0,0.0,0.0,0,NONE
2026-10-05T14:17:13.768+00:00,1188.567,manual,Manual cook,temp,2100,444.6,,esp32,,0,,,,,,,,,,,,1,445.0,2.0,3.0,0,NONE
2026-10-05T14:17:14.268+00:00,1189.067,manual,Manual cook,temp,2100,445.1,,esp32,,0,,,,,,,,,,,,1,445.0,11.0,11.0,0,NONE
2026-10-05T14:17:15.268+00:00,1190.067,manual,Manual cook,temp,2100,444.6,,esp32,,0,,,,,,,,,,,,1,445.0,2.0,11.0,0,NONE
2026-10-05T14:17:16.268+00:00,1191.067,manual,Manual cook,temp,2100,444.6,,esp32,,0,,,,,,,,,,,,1,445.0,3.0,3.0,0,NONE
2026-10-05T14:17:17.268+00:00,1192.067,manual,Manual cook,temp,2100,444.6,,esp32,,0,,,,,,,,,,,,1,445.0,3.0,3.0,0,NONE
2026-10-05T14:17:18.268+00:00,1193.067,manual,Manual cook,temp,2100,445.1,,esp32,,0,,,,,,,,,,,,1,445.0,0.0,0.0,0,NONE
2026-10-05T14:17:18.768+00:00,1193.567,manual,Manual cook,temp,2100,444.6,,esp32,,0,,,,,,,,,,,,1,445.0,2.0,11.0,0,NONE
2026-10-05T14:17:19.768+00:00,1194.567,manual,Manual cook,temp,2100,444.6,,esp32,,0,,,,,,,,,,,,1,445.0,0.0,0.0,0,NONE
2026-10-05T14:17:20.268+00:00,1195.067,manual,Manual cook,temp,2100,445.1,,esp32,,0,,,,,,,,,,,,1,445.0,2.0,25.0,0,NONE
2026-10-05T14:17:21.268+00:00,1196.067,manual,Manual cook,temp,2100,446.0,,esp32,,0,,,,,,,,,,,,1,445.0,0.0,0.0,0,NONE
2026-10-05T14:17:21.768+00:00,1196.567,manual,Manual cook,temp,2100,446.0,,esp32,,0,,,,,,,,,,,,1,445.0,1.0,1.0,0,NONE
2026-10-05T14:17:22.768+00:00,1197.567,manual,Manual cook,temp,2100,446.0,,esp32,,0,,,,,,,,,,,,1,445.0,9.0,9.0,0,NONE
2026-10-05T14:17:23.768+00:00,1198.567,manual,Manual cook,temp,2100,444.6,,esp32,,0,,,,,,,,,,,,1,445.0,2.0,33.0,0,NONE
2026-10-05T14:17:24.768+00:00,1199.567,manual,Manual cook,temp,2100,444.6,,esp32,,0,,,,,,,,,,,,1,445.0,0.0,0.0,0,NONE
2026-10-05T14:17:25.268+00:00,1200.067,manual,Manual cook,temp,2100,444.6,,esp32,,0,,,,,,,,,,,,1,445.0,2.0,25.0,0,NONE
