timestamp_utc,elapsed_s,cook_type,cook_name,mode,fan_speed_rpm,chamber_temp_f,effective_probe_temp_f,probe_source,esp32_probe_temp_f,inkbird_connected,inkbird_battery_pct,inkbird_internal_1_f,inkbird_internal_2_f,inkbird_internal_3_f,inkbird_internal_4_f,inkbird_ambient_f,inkbird_internal_1_raw_f,inkbird_internal_2_raw_f,inkbird_internal_3_raw_f,inkbird_internal_4_raw_f,inkbird_ambient_raw_f,drawer_closed,set_temperature_f,top_heater_duty_pct,bottom_heater_duty_pct,paused,fault
2026-09-29T11:38:13.761+00:00,0.008,manual,Manual cook,temp,0,451.4,,esp32,,0,,,,,,,,,,,,1,450.0,0.0,0.0,0,NONE
2026-09-29T11:38:14.269+00:00,0.515,manual,Manual cook,temp,2100,449.1,,esp32,,0,,,,,,,,,,,,1,450.0,0.0,0.0,0,NONE
2026-09-29T11:38:14.769+00:00,1.016,manual,Manual cook,temp,2100,449.1,,esp32,,0,,,,,,,,,,,,1,450.0,0.0,0.0,0,NONE
2026-09-29T11:38:15.769+00:00,2.016,manual,Manual cook,temp,2100,448.3,,esp32,,0,,,,,,,,,,,,1,450.0,0.0,0.0,0,NONE
2026-09-29T11:38:16.768+00:00,3.015,manual,Manual cook,temp,2100,447.8,,esp32,,0,,,,,,,,,,,,1,450.0,0.0,0.0,0,NONE
2026-09-29T11:38:17.768+00:00,4.015,manual,Manual cook,temp,2100,447.8,,esp32,,0,,,,,,,,,,,,1,450.0,0.0,0.0,0,NONE
2026-09-29T11:38:18.768+00:00,5.015,manual,Manual cook,temp,2100,446.5,,esp32,,0,,,,,,,,,,,,1,450.0,0.0,0.0,0,NONE
2026-09-29T11:38:19.268+00:00,5.515,manual,Manual cook,temp,2100,446.5,,esp32,,0,,,,,,,,,,,,1,450.0,0.0,0.0,0,NONE
2026-09-29T11:38:20.268+00:00,6.515,manual,Manual cook,temp,2100,445.5,,esp32,,0,,,,,,,,,,,,1,450.0,0.0,0.0,0,NONE
2026-09-29T11:38:21.269+00:00,7.516,manual,Manual cook,temp,2100,445.5,,esp32,,0,,,,,,,,,,,,1,450.0,0.0,0.0,0,NONE
2026-09-29T11:38:22.269+00:00,8.516,manual,Manual cook,temp,2100,443.3,,esp32,,0,,,,,,,,,,,,0,450.0,0.0,0.0,0,NONE
2026-09-29T11:38:23.268+00:00,9.515,manual,Manual cook,temp,2100,443.3,,esp32,,0,,,,,,,,,,,,0,450.0,0.0,0.0,0,NONE
2026-09-29T11:38:23.768+00:00,10.015,manual,Manual cook,temp,2100,442.4,,esp32,,0,,,,,,,,,,,,0,450.0,0.0,0.0,0,NONE
2026-09-29T11:38:24.768+00:00,11.015,manual,Manual cook,temp,2100,441.5,,esp32,,0,,,,,,,,,,,,0,450.0,0.0,0.0,0,NONE
2026-09-29T11:38:25.768+00:00,12.015,manual,Manual cook,temp,2100,440.6,,esp32,,0,,,,,,,,,,,,0,450.0,0.0,0.0,0,NONE
2026-09-29T11:38:26.268+00:00,12.515,manual,Manual cook,temp,2100,440.1,,esp32,,0,,,,,,,,,,,,0,450.0,0.0,0.0,0,NONE
2026-09-29T11:38:27.268+00:00,13.515,manual,Manual cook,temp,2100,437.5,,esp32,,0,,,,,,,,,,,,0,450.0,0.0,0.0,0,NONE
2026-09-29T11:38:27.769+00:00,14.015,manual,Manual cook,temp,2100,437.0,,esp32,,0,,,,,,,,,,,,0,450.0,0.0,0.0,0,NONE
2026-09-29T11:38:28.768+00:00,15.015,manual,Manual cook,temp,2100,434.3,,esp32,,0,,,,,,,,,,,,0,450.0,0.0,0.0,0,NONE
2026-09-29T11:38:29.768+00:00,16.015,manual,Manual cook,temp,2100,434.3,,esp32,,0,,,,,,,,,,,,0,450.0,0.0,0.0,0,NONE
2026-09-29T11:38:30.768+00:00,17.015,manual,Manual cook,temp,2100,432.5,,esp32,,0,,,,,,,,,,,,0,450.0,0.0,0.0,0,NONE
2026-09-29T11:38:31.268+00:00,17.515,manual,Manual cook,temp,2100,430.7,,esp32,,0,,,,,,,,,,,,0,450.0,0.0,0.0,0,NONE
2026-09-29T11:38:31.768+00:00,18.015,manual,Manual cook,temp,2100,430.7,,esp32,,0,,,,,,,,,,,,0,450.0,0.0,0.0,0,NONE
2026-09-29T11:38:32.768+00:00,19.015,manual,Manual cook,temp,2100,428.0,,esp32,,0,,,,,,,,,,,,0,450.0,0.0,0.0,0,NONE
2026-09-29T11:38:33.268+00:00,19.515,manual,Manual cook,temp,2100,428.0,,esp32,,0,,,,,,,,,,,,0,450.0,0.0,0.0,0,NONE
2026-09-29T11:38:33.769+00:00,20.015,manual,Manual cook,temp,2100,428.0,,esp32,,0,,,,,,,,,,,,0,450.0,0.0,0.0,0,NONE
2026-09-29T11:38:34.769+00:00,21.015,manual,Manual cook,temp,2100,424.0,,esp32,,0,,,,,,,,,,,,0,450.0,0.0,0.0,0,NONE
2026-09-29T11:38:35.768+00:00,22.015,manual,Manual cook,temp,2100,423.0,,esp32,,0,,,,,,,,,,,,0,450.0,0.0,0.0,0,NONE
2026-09-29T11:38:36.268+00:00,22.515,manual,Manual cook,temp,2100,422.1,,esp32,,0,,,,,,,,,,,,0,450.0,0.0,0.0,0,NONE
2026-09-29T11:38:37.268+00:00,23.515,manual,Manual cook,temp,2100,420.8,,esp32,,0,,,,,,,,,,,,0,450.0,0.0,0.0,0,NONE
2026-09-29T11:38:37.768+00:00,24.015,manual,Manual cook,temp,2100,417.6,,esp32,,0,,,,,,,,,,,,0,450.0,0.0,0.0,0,NONE
2026-09-29T11:38:38.768+00:00,25.015,manual,Manual cook,temp,2100,417.2,,esp32,,0,,,,,,,,,,,,0,450.0,0.0,0.0,0,NONE
2026-09-29T11:38:39.268+00:00,25.515,manual,Manual cook,temp,2100,416.3,,esp32,,0,,,,,,,,,,,,0,450.0,0.0,0.0,0,NONE
2026-09-29T11:38:40.269+00:00,26.515,manual,Manual cook,temp,2100,415.0,,esp32,,0,,,,,,,,,,,,0,450.0,0.0,0.0,0,NONE
2026-09-29T11:38:41.268+00:00,27.515,manual,Manual cook,temp,2100,412.7,,esp32,,0,,,,,,,,,,,,0,450.0,0.0,0.0,0,NONE
2026-09-29T11:38:42.268+00:00,28.515,manual,Manual cook,temp,2100,410.9,,esp32,,0,,,,,,,,,,,,0,450.0,0.0,0.0,0,NONE
2026-09-29T11:38:42.768+00:00,29.015,manual,Manual cook,temp,2100,409.5,,esp32,,0,,,,,,,,,,,,0,450.0,0.0,0.0,0,NONE
2026-09-29T11:38:43.768+00:00,30.014,manual,Manual cook,temp,2100,407.8,,esp32,,0,,,,,,,,,,,,0,450.0,0.0,0.0,0,NONE
2026-09-29T11:38:44.268+00:00,30.514,manual,Manual cook,temp,2100,406.9,,esp32,,0,,,,,,,,,,,,0,450.0,0.0,0.0,0,NONE
2026-09-29T11:38:45.268+00:00,31.514,manual,Manual cook,temp,2100,406.0,,esp32,,0,,,,,,,,,,,,0,450.0,0.0,0.0,0,NONE
2026-09-29T11:38:46.268+00:00,32.514,manual,Manual cook,temp,2100,403.7,,esp32,,0,,,,,,,,,,,,0,450.0,0.0,0.0,0,NONE
2026-09-29T11:38:46.768+00:00,33.015,manual,Manual cook,temp,2100,402.8,,esp32,,0,,,,,,,,,,,,0,450.0,0.0,0.0,0,NONE
2026-09-29T11:38:47.768+00:00,34.015,manual,Manual cook,temp,2100,400.5,,esp32,,0,,,,,,,,,,,,0,450.0,0.0,0.0,0,NONE
2026-09-29T11:38:48.268+00:00,34.515,manual,Manual cook,temp,2100,400.1,,esp32,,0,,,,,,,,,,,,0,450.0,0.0,0.0,0,NONE
2026-09-29T11:38:49.268+00:00,35.514,manual,Manual cook,temp,2100,396.0,,esp32,,0,,,,,,,,,,,,0,450.0,0.0,0.0,0,NONE
2026-09-29T11:38:50.268+00:00,36.514,manual,Manual cook,temp,2100,394.7,,esp32,,0,,,,,,,,,,,,0,450.0,0.0,0.0,0,NONE
2026-09-29T11:38:51.267+00:00,37.514,manual,Manual cook,temp,2100,394.3,,esp32,,0,,,,,,,,,,,,0,450.0,0.0,0.0,0,NONE
2026-09-29T11:38:52.267+00:00,38.514,manual,Manual cook,temp,2100,392.5,,esp32,,0,,,,,,,,,,,,0,450.0,0.0,0.0,0,NONE
2026-09-29T11:38:53.267+00:00,39.514,manual,Manual cook,temp,2100,388.4,,esp32,,0,,,,,,,,,,,,0,450.0,0.0,0.0,0,NONE
2026-09-29T11:38:53.768+00:00,40.015,manual,Manual cook,temp,2100,387.5,,esp32,,0,,,,,,,,,,,,0,450.0,0.0,0.0,0,NONE
2026-09-29T11:38:54.767+00:00,41.014,manual,Manual cook,temp,2100,386.1,,esp32,,0,,,,,,,,,,,,0,450.0,0.0,0.0,0,NONE
2026-09-29T11:38:55.767+00:00,42.014,manual,Manual cook,temp,2100,383.9,,esp32,,0,,,,,,,,,,,,0,450.0,0.0,0.0,0,NONE
2026-09-29T11:38:56.267+00:00,42.514,manual,Manual cook,temp,2100,383.0,,esp32,,0,,,,,,,,,,,,0,450.0,0.0,0.0,0,NONE
2026-09-29T11:38:57.267+00:00,43.514,manual,Manual cook,temp,2100,381.6,,esp32,,0,,,,,,,,,,,,0,450.0,0.0,0.0,0,NONE
2026-09-29T11:38:58.267+00:00,44.514,manual,Manual cook,temp,2100,380.3,,esp32,,0,,,,,,,,,,,,0,450.0,0.0,0.0,0,NONE
2026-09-29T11:38:59.267+00:00,45.514,manual,Manual cook,temp,2100,377.1,,esp32,,0,,,,,,,,,,,,0,450.0,0.0,0.0,0,NONE
2026-09-29T11:39:00.267+00:00,46.514,manual,Manual cook,temp,2100,375.8,,esp32,,0,,,,,,,,,,,,0,450.0,0.0,0.0,0,NONE
2026-09-29T11:39:00.767+00:00,47.014,manual,Manual cook,temp,2100,374.5,,esp32,,0,,,,,,,,,,,,0,450.0,0.0,0.0,0,NONE
2026-09-29T11:39:01.767+00:00,48.014,manual,Manual cook,temp,2100,372.6,,esp32,,0,,,,,,,,,,,,0,450.0,0.0,0.0,0,NONE
2026-09-29T11:39:02.767+00:00,49.014,manual,Manual cook,temp,2100,370.9,,esp32,,0,,,,,,,,,,,,0,450.0,0.0,0.0,0,NONE
2026-09-29T11:39:03.767+00:00,50.014,manual,Manual cook,temp,2100,369.5,,esp32,,0,,,,,,,,,,,,0,450.0,0.0,0.0,0,NONE
2026-09-29T11:39:04.267+00:00,50.514,manual,Manual cook,temp,2100,367.7,,esp32,,0,,,,,,,,,,,,0,450.0,0.0,0.0,0,NONE
2026-09-29T11:39:04.768+00:00,51.015,manual,Manual cook,temp,2100,366.8,,esp32,,0,,,,,,,,,,,,0,450.0,0.0,0.0,0,NONE
2026-09-29T11:39:05.767+00:00,52.014,manual,Manual cook,temp,2100,364.1,,esp32,,0,,,,,,,,,,,,0,450.0,0.0,0.0,0,NONE
2026-09-29T11:39:06.767+00:00,53.014,manual,Manual cook,temp,2100,363.2,,esp32,,0,,,,,,,,,,,,0,450.0,0.0,0.0,0,NONE
2026-09-29T11:39:07.767+00:00,54.014,manual,Manual cook,temp,2100,361.4,,esp32,,0,,,,,,,,,,,,0,450.0,0.0,0.0,0,NONE
2026-09-29T11:39:08.767+00:00,55.014,manual,Manual cook,temp,2100,358.7,,esp32,,0,,,,,,,,,,,,0,450.0,0.0,0.0,0,NONE
2026-09-29T11:39:09.767+00:00,56.014,manual,Manual cook,temp,2100,357.4,,esp32,,0,,,,,,,,,,,,0,450.0,0.0,0.0,0,NONE
2026-09-29T11:39:10.268+00:00,56.514,manual,Manual cook,temp,2100,356.5,,esp32,,0,,,,,,,,,,,,0,450.0,0.0,0.0,0,NONE
2026-09-29T11:39:11.267+00:00,57.514,manual,Manual cook,temp,2100,354.6,,esp32,,0,,,,,,,,,,,,0,450.0,0.0,0.0,0,NONE
2026-09-29T11:39:12.268+00:00,58.515,manual,Manual cook,temp,2100,354.2,,esp32,,0,,,,,,,,,,,,0,450.0,0.0,0.0,0,NONE
2026-09-29T11:39:13.267+00:00,59.514,manual,Manual cook,temp,2100,352.4,,esp32,,0,,,,,,,,,,,,0,450.0,0.0,0.0,0,NONE
2026-09-29T11:39:13.767+00:00,60.014,manual,Manual cook,temp,2100,350.1,,esp32,,0,,,,,,,,,,,,0,450.0,0.0,0.0,0,NONE
2026-09-29T11:39:14.767+00:00,61.014,manual,Manual cook,temp,2100,348.8,,esp32,,0,,,,,,,,,,,,0,450.0,0.0,0.0,0,NONE
2026-09-29T11:39:15.767+00:00,62.014,manual,Manual cook,temp,2100,345.6,,esp32,,0,,,,,,,,,,,,0,450.0,0.0,0.0,0,NONE
2026-09-29T11:39:16.767+00:00,63.013,manual,Manual cook,temp,2100,344.8,,esp32,,0,,,,,,,,,,,,0,450.0,0.0,0.0,0,NONE
2026-09-29T11:39:17.267+00:00,63.514,manual,Manual cook,temp,2100,344.3,,esp32,,0,,,,,,,,,,,,0,450.0,0.0,0.0,0,NONE
2026-09-29T11:39:17.768+00:00,64.014,manual,Manual cook,temp,2100,342.5,,esp32,,0,,,,,,,,,,,,0,450.0,0.0,0.0,0,NONE
2026-09-29T11:39:18.767+00:00,65.013,manual,Manual cook,temp,2100,341.1,,esp32,,0,,,,,,,,,,,,0,450.0,0.0,0.0,0,NONE
2026-09-29T11:39:19.767+00:00,66.014,manual,Manual cook,temp,2100,338.9,,esp32,,0,,,,,,,,,,,,0,450.0,0.0,0.0,0,NONE
2026-09-29T11:39:20.767+00:00,67.013,manual,Manual cook,temp,2100,338.0,,esp32,,0,,,,,,,,,,,,0,450.0,0.0,0.0,0,NONE
2026-09-29T11:39:21.767+00:00,68.013,manual,Manual cook,temp,2100,335.8,,esp32,,0,,,,,,,,,,,,0,450.0,0.0,0.0,0,NONE
2026-09-29T11:39:22.767+00:00,69.013,manual,Manual cook,temp,2100,334.9,,esp32,,0,,,,,,,,,,,,0,450.0,0.0,0.0,0,NONE
2026-09-29T11:39:23.267+00:00,69.514,manual,Manual cook,temp,2100,332.6,,esp32,,0,,,,,,,,,,,,0,450.0,0.0,0.0,0,NONE
2026-09-29T11:39:23.768+00:00,70.014,manual,Manual cook,temp,2100,331.7,,esp32,,0,,,,,,,,,,,,0,450.0,0.0,0.0,0,NONE
2026-09-29T11:39:24.767+00:00,71.013,manual,Manual cook,temp,2100,329.9,,esp32,,0,,,,,,,,,,,,0,450.0,0.0,0.0,0,NONE
2026-09-29T11:39:25.767+00:00,72.013,manual,Manual cook,temp,2100,329.9,,esp32,,0,,,,,,,,,,,,0,450.0,0.0,0.0,0,NONE
2026-09-29T11:39:26.767+00:00,73.013,manual,Manual cook,temp,2100,327.2,,esp32,,0,,,,,,,,,,,,0,450.0,0.0,0.0,0,NONE
2026-09-29T11:39:27.767+00:00,74.013,manual,Manual cook,temp,2100,325.0,,esp32,,0,,,,,,,,,,,,0,450.0,0.0,0.0,0,NONE
2026-09-29T11:39:28.767+00:00,75.013,manual,Manual cook,temp,2100,324.0,,esp32,,0,,,,,,,,,,,,0,450.0,0.0,0.0,0,NONE
2026-09-29T11:39:29.267+00:00,75.514,manual,Manual cook,temp,2100,323.1,,esp32,,0,,,,,,,,,,,,0,450.0,0.0,0.0,0,NONE
2026-09-29T11:39:29.767+00:00,76.014,manual,Manual cook,temp,2100,323.1,,esp32,,0,,,,,,,,,,,,0,450.0,0.0,0.0,0,NONE
2026-09-29T11:39:30.767+00:00,77.013,manual,Manual cook,temp,2100,319.5,,esp32,,0,,,,,,,,,,,,0,450.0,0.0,0.0,0,NONE
2026-09-29T11:39:31.766+00:00,78.013,manual,Manual cook,temp,2100,320.0,,esp32,,0,,,,,,,,,,,,0,450.0,0.0,0.0,0,NONE
2026-09-29T11:39:32.266+00:00,78.513,manual,Manual cook,temp,2100,318.2,,esp32,,0,,,,,,,,,,,,0,450.0,0.0,0.0,0,NONE
2026-09-29T11:39:33.266+00:00,79.513,manual,Manual cook,temp,2100,316.9,,esp32,,0,,,,,,,,,,,,0,450.0,0.0,0.0,0,NONE
2026-09-29T11:39:34.266+00:00,80.513,manual,Manual cook,temp,2100,316.0,,esp32,,0,,,,,,,,,,,,0,450.0,0.0,0.0,0,NONE
2026-09-29T11:39:34.766+00:00,81.013,manual,Manual cook,temp,2100,314.1,,esp32,,0,,,,,,,,,,,,0,450.0,0.0,0.0,0,NONE
2026-09-29T11:39:35.266+00:00,81.513,manual,Manual cook,temp,2100,313.7,,esp32,,0,,,,,,,,,,,,0,450.0,0.0,0.0,0,NONE
2026-09-29T11:39:35.767+00:00,82.014,manual,Manual cook,temp,2100,311.9,,esp32,,0,,,,,,,,,,,,0,450.0,0.0,0.0,0,NONE
2026-09-29T11:39:36.766+00:00,83.013,manual,Manual cook,temp,2100,311.5,,esp32,,0,,,,,,,,,,,,0,450.0,0.0,0.0,0,NONE
2026-09-29T11:39:37.766+00:00,84.013,manual,Manual cook,temp,2100,309.6,,esp32,,0,,,,,,,,,,,,0,450.0,0.0,0.0,0,NONE
2026-09-29T11:39:38.266+00:00,84.513,manual,Manual cook,temp,2100,308.8,,esp32,,0,,,,,,,,,,,,0,450.0,0.0,0.0,0,NONE
2026-09-29T11:39:38.767+00:00,85.014,manual,Manual cook,temp,2100,307.9,,esp32,,0,,,,,,,,,,,,0,450.0,0.0,0.0,0,NONE
2026-09-29T11:39:39.766+00:00,86.013,manual,Manual cook,temp,2100,307.0,,esp32,,0,,,,,,,,,,,,0,450.0,0.0,0.0,0,NONE
2026-09-29T11:39:40.766+00:00,87.013,manual,Manual cook,temp,2100,305.1,,esp32,,0,,,,,,,,,,,,0,450.0,0.0,0.0,0,NONE
2026-09-29T11:39:41.266+00:00,87.513,manual,Manual cook,temp,2100,303.8,,esp32,,0,,,,,,,,,,,,0,450.0,0.0,0.0,0,NONE
2026-09-29T11:39:41.766+00:00,88.013,manual,Manual cook,temp,2100,303.8,,esp32,,0,,,,,,,,,,,,0,450.0,0.0,0.0,0,NONE
2026-09-29T11:39:42.267+00:00,88.514,manual,Manual cook,temp,2100,303.4,,esp32,,0,,,,,,,,,,,,0,450.0,0.0,0.0,0,NONE
2026-09-29T11:39:43.266+00:00,89.513,manual,Manual cook,temp,2100,301.5,,esp32,,0,,,,,,,,,,,,0,450.0,0.0,0.0,0,NONE
2026-09-29T11:39:44.266+00:00,90.513,manual,Manual cook,temp,2100,299.8,,esp32,,0,,,,,,,,,,,,0,450.0,0.0,0.0,0,NONE
2026-09-29T11:39:44.766+00:00,91.013,manual,Manual cook,temp,2100,299.3,,esp32,,0,,,,,,,,,,,,0,450.0,0.0,0.0,0,NONE
2026-09-29T11:39:45.766+00:00,92.013,manual,Manual cook,temp,2100,297.0,,esp32,,0,,,,,,,,,,,,0,450.0,0.0,0.0,0,NONE
2026-09-29T11:39:46.766+00:00,93.013,manual,Manual cook,temp,2100,296.6,,esp32,,0,,,,,,,,,,,,0,450.0,0.0,0.0,0,NONE
2026-09-29T11:39:47.767+00:00,94.013,manual,Manual cook,temp,2100,294.8,,esp32,,0,,,,,,,,,,,,0,450.0,0.0,0.0,0,NONE
2026-09-29T11:39:48.766+00:00,95.013,manual,Manual cook,temp,2100,293.5,,esp32,,0,,,,,,,,,,,,0,450.0,0.0,0.0,0,NONE
2026-09-29T11:39:49.267+00:00,95.513,manual,Manual cook,temp,2100,293.0,,esp32,,0,,,,,,,,,,,,0,450.0,0.0,0.0,0,NONE
2026-09-29T11:39:50.266+00:00,96.512,manual,Manual cook,temp,2100,291.2,,esp32,,0,,,,,,,,,,,,0,450.0,0.0,0.0,0,NONE
2026-09-29T11:39:51.266+00:00,97.513,manual,Manual cook,temp,2100,289.9,,esp32,,0,,,,,,,,,,,,0,450.0,0.0,0.0,0,NONE
2026-09-29T11:39:52.266+00:00,98.513,manual,Manual cook,temp,2100,287.1,,esp32,,0,,,,,,,,,,,,0,450.0,0.0,0.0,0,NONE
2026-09-29T11:39:53.266+00:00,99.512,manual,Manual cook,temp,2100,287.1,,esp32,,0,,,,,,,,,,,,0,450.0,0.0,0.0,0,NONE
2026-09-29T11:39:54.266+00:00,100.512,manual,Manual cook,temp,2100,285.8,,esp32,,0,,,,,,,,,,,,0,450.0,0.0,0.0,0,NONE
2026-09-29T11:39:54.766+00:00,101.013,manual,Manual cook,temp,2100,285.8,,esp32,,0,,,,,,,,,,,,0,450.0,0.0,0.0,0,NONE
2026-09-29T11:39:55.766+00:00,102.012,manual,Manual cook,temp,2100,284.0,,esp32,,0,,,,,,,,,,,,0,450.0,0.0,0.0,0,NONE
2026-09-29T11:39:56.766+00:00,103.012,manual,Manual cook,temp,2100,281.8,,esp32,,0,,,,,,,,,,,,0,450.0,0.0,0.0,0,NONE
2026-09-29T11:39:57.766+00:00,104.012,manual,Manual cook,temp,2100,280.4,,esp32,,0,,,,,,,,,,,,0,450.0,0.0,0.0,0,NONE
2026-09-29T11:39:58.766+00:00,105.013,manual,Manual cook,temp,2100,280.0,,esp32,,0,,,,,,,,,,,,0,450.0,0.0,0.0,0,NONE
2026-09-29T11:39:59.766+00:00,106.012,manual,Manual cook,temp,2100,278.6,,esp32,,0,,,,,,,,,,,,0,450.0,0.0,0.0,0,NONE
2026-09-29T11:40:00.266+00:00,106.513,manual,Manual cook,temp,2100,278.1,,esp32,,0,,,,,,,,,,,,0,450.0,0.0,0.0,0,NONE
2026-09-29T11:40:00.766+00:00,107.013,manual,Manual cook,temp,2100,278.1,,esp32,,0,,,,,,,,,,,,0,450.0,0.0,0.0,0,NONE
2026-09-29T11:40:01.765+00:00,108.012,manual,Manual cook,temp,2100,275.5,,esp32,,0,,,,,,,,,,,,0,450.0,0.0,0.0,0,NONE
2026-09-29T11:40:02.765+00:00,109.012,manual,Manual cook,temp,2100,275.5,,esp32,,0,,,,,,,,,,,,0,450.0,0.0,0.0,0,NONE
2026-09-29T11:40:03.266+00:00,109.513,manual,Manual cook,temp,2100,274.5,,esp32,,0,,,,,,,,,,,,0,450.0,0.0,0.0,0,NONE
2026-09-29T11:40:04.265+00:00,110.512,manual,Manual cook,temp,2100,273.2,,esp32,,0,,,,,,,,,,,,0,450.0,0.0,0.0,0,NONE
2026-09-29T11:40:05.265+00:00,111.512,manual,Manual cook,temp,2100,272.3,,esp32,,0,,,,,,,,,,,,0,450.0,0.0,0.0,0,NONE
2026-09-29T11:40:05.765+00:00,112.012,manual,Manual cook,temp,2100,271.4,,esp32,,0,,,,,,,,,,,,0,450.0,0.0,0.0,0,NONE
2026-09-29T11:40:06.266+00:00,112.513,manual,Manual cook,temp,2100,271.4,,esp32,,0,,,,,,,,,,,,0,450.0,0.0,0.0,0,NONE
2026-09-29T11:40:06.766+00:00,113.013,manual,Manual cook,temp,2100,269.6,,esp32,,0,,,,,,,,,,,,0,450.0,0.0,0.0,0,NONE
2026-09-29T11:40:07.765+00:00,114.012,manual,Manual cook,temp,2100,268.7,,esp32,,0,,,,,,,,,,,,0,450.0,0.0,0.0,0,NONE
2026-09-29T11:40:08.765+00:00,115.012,manual,Manual cook,temp,2100,268.3,,esp32,,0,,,,,,,,,,,,0,450.0,0.0,0.0,0,NONE
2026-09-29T11:40:09.765+00:00,116.012,manual,Manual cook,temp,2100,266.9,,esp32,,0,,,,,,,,,,,,0,450.0,0.0,0.0,0,NONE
2026-09-29T11:40:10.765+00:00,117.012,manual,Manual cook,temp,2100,266.5,,esp32,,0,,,,,,,,,,,,0,450.0,0.0,0.0,0,NONE
2026-09-29T11:40:11.765+00:00,118.012,manual,Manual cook,temp,2100,264.6,,esp32,,0,,,,,,,,,,,,0,450.0,0.0,0.0,0,NONE
2026-09-29T11:40:12.265+00:00,118.512,manual,Manual cook,temp,2100,264.2,,esp32,,0,,,,,,,,,,,,0,450.0,0.0,0.0,0,NONE
2026-09-29T11:40:12.766+00:00,119.013,manual,Manual cook,temp,2100,262.9,,esp32,,0,,,,,,,,,,,,0,450.0,0.0,0.0,0,NONE
2026-09-29T11:40:13.765+00:00,120.012,manual,Manual cook,temp,2100,262.0,,esp32,,0,,,,,,,,,,,,0,450.0,0.0,0.0,0,NONE
2026-09-29T11:40:14.765+00:00,121.012,manual,Manual cook,temp,2100,261.5,,esp32,,0,,,,,,,,,,,,0,450.0,0.0,0.0,0,NONE
2026-09-29T11:40:15.265+00:00,121.512,manual,Manual cook,temp,2100,260.6,,esp32,,0,,,,,,,,,,,,0,450.0,0.0,0.0,0,NONE
2026-09-29T11:40:16.265+00:00,122.512,manual,Manual cook,temp,2100,259.3,,esp32,,0,,,,,,,,,,,,0,450.0,0.0,0.0,0,NONE
2026-09-29T11:40:17.265+00:00,123.512,manual,Manual cook,temp,2100,258.4,,esp32,,0,,,,,,,,,,,,0,450.0,0.0,0.0,0,NONE
2026-09-29T11:40:18.266+00:00,124.513,manual,Manual cook,temp,2100,256.1,,esp32,,0,,,,,,,,,,,,0,450.0,0.0,0.0,0,NONE
2026-09-29T11:40:18.766+00:00,125.013,manual,Manual cook,temp,2100,257.0,,esp32,,0,,,,,,,,,,,,0,450.0,0.0,0.0,0,NONE
2026-09-29T11:40:19.266+00:00,125.513,manual,Manual cook,temp,2100,255.6,,esp32,,0,,,,,,,,,,,,0,450.0,0.0,0.0,0,NONE
2026-09-29T11:40:20.265+00:00,126.512,manual,Manual cook,temp,2100,254.8,,esp32,,0,,,,,,,,,,,,0,450.0,0.0,0.0,0,NONE
2026-09-29T11:40:21.265+00:00,127.512,manual,Manual cook,temp,2100,254.8,,esp32,,0,,,,,,,,,,,,0,450.0,0.0,0.0,0,NONE
2026-09-29T11:40:21.765+00:00,128.012,manual,Manual cook,temp,2100,253.4,,esp32,,0,,,,,,,,,,,,0,450.0,0.0,0.0,0,NONE
2026-09-29T11:40:22.765+00:00,129.012,manual,Manual cook,temp,2100,252.1,,esp32,,0,,,,,,,,,,,,0,450.0,0.0,0.0,0,NONE
2026-09-29T11:40:23.765+00:00,130.012,manual,Manual cook,temp,2100,252.1,,esp32,,0,,,,,,,,,,,,0,450.0,0.0,0.0,0,NONE
2026-09-29T11:40:24.265+00:00,130.512,manual,Manual cook,temp,2100,251.1,,esp32,,0,,,,,,,,,,,,0,450.0,0.0,0.0,0,NONE
2026-09-29T11:40:24.766+00:00,131.013,manual,Manual cook,temp,2100,250.7,,esp32,,0,,,,,,,,,,,,0,450.0,0.0,0.0,0,NONE
2026-09-29T11:40:25.765+00:00,132.012,manual,Manual cook,temp,2100,249.4,,esp32,,0,,,,,,,,,,,,0,450.0,0.0,0.0,0,NONE
2026-09-29T11:40:26.765+00:00,133.012,manual,Manual cook,temp,2100,248.4,,esp32,,0,,,,,,,,,,,,0,450.0,0.0,0.0,0,NONE
2026-09-29T11:40:27.765+00:00,134.011,manual,Manual cook,temp,2100,248.4,,esp32,,0,,,,,,,,,,,,0,450.0,0.0,0.0,0,NONE
2026-09-29T11:40:28.765+00:00,135.012,manual,Manual cook,temp,2100,245.3,,esp32,,0,,,,,,,,,,,,0,450.0,0.0,0.0,0,NONE
2026-09-29T11:40:29.265+00:00,135.512,manual,Manual cook,temp,2100,245.3,,esp32,,0,,,,,,,,,,,,0,450.0,0.0,0.0,0,NONE
2026-09-29T11:40:30.265+00:00,136.512,manual,Manual cook,temp,2100,245.8,,esp32,,0,,,,,,,,,,,,0,450.0,0.0,0.0,0,NONE
2026-09-29T11:40:30.765+00:00,137.012,manual,Manual cook,temp,2100,244.9,,esp32,,0,,,,,,,,,,,,0,450.0,0.0,0.0,0,NONE
2026-09-29T11:40:31.766+00:00,138.012,manual,Manual cook,temp,2100,243.9,,esp32,,0,,,,,,,,,,,,0,450.0,0.0,0.0,0,NONE
2026-09-29T11:40:32.765+00:00,139.011,manual,Manual cook,temp,2100,242.6,,esp32,,0,,,,,,,,,,,,0,450.0,0.0,0.0,0,NONE
2026-09-29T11:40:33.765+00:00,140.011,manual,Manual cook,temp,2100,242.1,,esp32,,0,,,,,,,,,,,,0,450.0,0.0,0.0,0,NONE
2026-09-29T11:40:34.764+00:00,141.011,manual,Manual cook,temp,2100,241.7,,esp32,,0,,,,,,,,,,,,0,450.0,0.0,0.0,0,NONE
2026-09-29T11:40:35.265+00:00,141.511,manual,Manual cook,temp,2100,240.4,,esp32,,0,,,,,,,,,,,,0,450.0,0.0,0.0,0,NONE
2026-09-29T11:40:36.265+00:00,142.511,manual,Manual cook,temp,2100,239.0,,esp32,,0,,,,,,,,,,,,0,450.0,0.0,0.0,0,NONE
2026-09-29T11:40:37.264+00:00,143.511,manual,Manual cook,temp,2100,239.0,,esp32,,0,,,,,,,,,,,,0,450.0,0.0,0.0,0,NONE
2026-09-29T11:40:37.765+00:00,144.012,manual,Manual cook,temp,2100,238.1,,esp32,,0,,,,,,,,,,,,0,450.0,0.0,0.0,0,NONE
2026-09-29T11:40:38.765+00:00,145.012,manual,Manual cook,temp,2100,237.6,,esp32,,0,,,,,,,,,,,,0,450.0,0.0,0.0,0,NONE
2026-09-29T11:40:39.765+00:00,146.012,manual,Manual cook,temp,2100,236.8,,esp32,,0,,,,,,,,,,,,0,450.0,0.0,0.0,0,NONE
2026-09-29T11:40:40.266+00:00,146.512,manual,Manual cook,temp,2100,236.3,,esp32,,0,,,,,,,,,,,,0,450.0,0.0,0.0,0,NONE
2026-09-29T11:40:41.264+00:00,147.511,manual,Manual cook,temp,2100,235.4,,esp32,,0,,,,,,,,,,,,0,450.0,0.0,0.0,0,NONE
2026-09-29T11:40:42.265+00:00,148.512,manual,Manual cook,temp,2100,234.5,,esp32,,0,,,,,,,,,,,,0,450.0,0.0,0.0,0,NONE
2026-09-29T11:40:43.764+00:00,150.011,manual,Manual cook,temp,2100,233.1,,esp32,,0,,,,,,,,,,,,0,450.0,0.0,0.0,0,NONE
2026-09-29T11:40:44.764+00:00,151.011,manual,Manual cook,temp,2100,232.3,,esp32,,0,,,,,,,,,,,,0,450.0,0.0,0.0,0,NONE
2026-09-29T11:40:45.765+00:00,152.012,manual,Manual cook,temp,2100,231.8,,esp32,,0,,,,,,,,,,,,0,450.0,0.0,0.0,0,NONE
2026-09-29T11:40:46.765+00:00,153.011,manual,Manual cook,temp,2100,230.9,,esp32,,0,,,,,,,,,,,,0,450.0,0.0,0.0,0,NONE
2026-09-29T11:40:47.764+00:00,154.011,manual,Manual cook,temp,2100,230.0,,esp32,,0,,,,,,,,,,,,0,450.0,0.0,0.0,0,NONE
2026-09-29T11:40:48.764+00:00,155.011,manual,Manual cook,temp,2100,228.6,,esp32,,0,,,,,,,,,,,,0,450.0,0.0,0.0,0,NONE
2026-09-29T11:40:49.264+00:00,155.511,manual,Manual cook,temp,2100,228.2,,esp32,,0,,,,,,,,,,,,0,450.0,0.0,0.0,0,NONE
2026-09-29T11:40:50.264+00:00,156.511,manual,Manual cook,temp,2100,228.2,,esp32,,0,,,,,,,,,,,,0,450.0,0.0,0.0,0,NONE
2026-09-29T11:40:50.764+00:00,157.011,manual,Manual cook,temp,2100,227.8,,esp32,,0,,,,,,,,,,,,0,450.0,0.0,0.0,0,NONE
2026-09-29T11:40:51.764+00:00,158.011,manual,Manual cook,temp,2100,226.9,,esp32,,0,,,,,,,,,,,,0,450.0,0.0,0.0,0,NONE
2026-09-29T11:40:52.265+00:00,158.512,manual,Manual cook,temp,2100,226.4,,esp32,,0,,,,,,,,,,,,0,450.0,0.0,0.0,0,NONE
2026-09-29T11:40:53.265+00:00,159.512,manual,Manual cook,temp,2100,225.9,,esp32,,0,,,,,,,,,,,,0,450.0,0.0,0.0,0,NONE
2026-09-29T11:40:54.264+00:00,160.511,manual,Manual cook,temp,2100,225.5,,esp32,,0,,,,,,,,,,,,0,450.0,0.0,0.0,0,NONE
2026-09-29T11:40:55.264+00:00,161.511,manual,Manual cook,temp,2100,224.6,,esp32,,0,,,,,,,,,,,,0,450.0,0.0,0.0,0,NONE
2026-09-29T11:40:56.264+00:00,162.511,manual,Manual cook,temp,2100,222.4,,esp32,,0,,,,,,,,,,,,0,450.0,0.0,0.0,0,NONE
2026-09-29T11:40:56.764+00:00,163.011,manual,Manual cook,temp,2100,223.3,,esp32,,0,,,,,,,,,,,,0,450.0,0.0,0.0,0,NONE
2026-09-29T11:40:57.264+00:00,163.511,manual,Manual cook,temp,2100,222.8,,esp32,,0,,,,,,,,,,,,0,450.0,0.0,0.0,0,NONE
2026-09-29T11:40:58.264+00:00,164.511,manual,Manual cook,temp,2100,222.4,,esp32,,0,,,,,,,,,,,,0,450.0,0.0,0.0,0,NONE
2026-09-29T11:40:58.765+00:00,165.012,manual,Manual cook,temp,2100,221.0,,esp32,,0,,,,,,,,,,,,0,450.0,0.0,0.0,0,NONE
2026-09-29T11:40:59.764+00:00,166.011,manual,Manual cook,temp,2100,221.0,,esp32,,0,,,,,,,,,,,,0,450.0,0.0,0.0,0,NONE
2026-09-29T11:41:00.764+00:00,167.011,manual,Manual cook,temp,2100,220.1,,esp32,,0,,,,,,,,,,,,0,450.0,0.0,0.0,0,NONE
2026-09-29T11:41:01.764+00:00,168.011,manual,Manual cook,temp,2100,219.2,,esp32,,0,,,,,,,,,,,,0,450.0,0.0,0.0,0,NONE
2026-09-29T11:41:02.264+00:00,168.511,manual,Manual cook,temp,2100,219.2,,esp32,,0,,,,,,,,,,,,0,450.0,0.0,0.0,0,NONE
2026-09-29T11:41:03.264+00:00,169.511,manual,Manual cook,temp,2100,218.8,,esp32,,0,,,,,,,,,,,,0,450.0,0.0,0.0,0,NONE
2026-09-29T11:41:04.264+00:00,170.511,manual,Manual cook,temp,2100,217.4,,esp32,,0,,,,,,,,,,,,0,450.0,0.0,0.0,0,NONE
2026-09-29T11:41:05.264+00:00,171.511,manual,Manual cook,temp,2100,216.9,,esp32,,0,,,,,,,,,,,,0,450.0,0.0,0.0,0,NONE
2026-09-29T11:41:05.764+00:00,172.011,manual,Manual cook,temp,2100,216.1,,esp32,,0,,,,,,,,,,,,0,450.0,0.0,0.0,0,NONE
2026-09-29T11:41:06.764+00:00,173.011,manual,Manual cook,temp,2100,216.1,,esp32,,0,,,,,,,,,,,,0,450.0,0.0,0.0,0,NONE
2026-09-29T11:41:07.264+00:00,173.511,manual,Manual cook,temp,2100,215.1,,esp32,,0,,,,,,,,,,,,0,450.0,0.0,0.0,0,NONE
2026-09-29T11:41:07.764+00:00,174.011,manual,Manual cook,temp,2100,215.1,,esp32,,0,,,,,,,,,,,,0,450.0,0.0,0.0,0,NONE
2026-09-29T11:41:08.764+00:00,175.011,manual,Manual cook,temp,2100,215.1,,esp32,,0,,,,,,,,,,,,0,450.0,0.0,0.0,0,NONE
2026-09-29T11:41:09.765+00:00,176.011,manual,Manual cook,temp,2100,214.3,,esp32,,0,,,,,,,,,,,,0,450.0,0.0,0.0,0,NONE
2026-09-29T11:41:10.764+00:00,177.010,manual,Manual cook,temp,2100,213.4,,esp32,,0,,,,,,,,,,,,0,450.0,0.0,0.0,0,NONE
2026-09-29T11:41:11.264+00:00,177.510,manual,Manual cook,temp,2100,213.8,,esp32,,0,,,,,,,,,,,,0,450.0,0.0,0.0,0,NONE
2026-09-29T11:41:12.264+00:00,178.510,manual,Manual cook,temp,2100,212.4,,esp32,,0,,,,,,,,,,,,0,450.0,0.0,0.0,0,NONE
2026-09-29T11:41:13.264+00:00,179.510,manual,Manual cook,temp,2100,211.1,,esp32,,0,,,,,,,,,,,,0,450.0,0.0,0.0,0,NONE
2026-09-29T11:41:14.263+00:00,180.510,manual,Manual cook,temp,2100,209.8,,esp32,,0,,,,,,,,,,,,0,450.0,0.0,0.0,0,NONE
2026-09-29T11:41:14.763+00:00,181.010,manual,Manual cook,temp,2100,211.1,,esp32,,0,,,,,,,,,,,,0,450.0,0.0,0.0,0,NONE
2026-09-29T11:41:15.264+00:00,181.511,manual,Manual cook,temp,2100,210.6,,esp32,,0,,,,,,,,,,,,0,450.0,0.0,0.0,0,NONE
2026-09-29T11:41:16.263+00:00,182.510,manual,Manual cook,temp,2100,209.8,,esp32,,0,,,,,,,,,,,,0,450.0,0.0,0.0,0,NONE
2026-09-29T11:41:17.263+00:00,183.510,manual,Manual cook,temp,2100,209.3,,esp32,,0,,,,,,,,,,,,0,450.0,0.0,0.0,0,NONE
2026-09-29T11:41:17.763+00:00,184.010,manual,Manual cook,temp,2100,208.9,,esp32,,0,,,,,,,,,,,,0,450.0,0.0,0.0,0,NONE
2026-09-29T11:41:18.763+00:00,185.010,manual,Manual cook,temp,2100,207.5,,esp32,,0,,,,,,,,,,,,0,450.0,0.0,0.0,0,NONE
2026-09-29T11:41:19.763+00:00,186.010,manual,Manual cook,temp,2100,207.1,,esp32,,0,,,,,,,,,,,,0,450.0,0.0,0.0,0,NONE
2026-09-29T11:41:20.263+00:00,186.510,manual,Manual cook,temp,2100,207.1,,esp32,,0,,,,,,,,,,,,0,450.0,0.0,0.0,0,NONE
2026-09-29T11:41:20.764+00:00,187.011,manual,Manual cook,temp,2100,206.1,,esp32,,0,,,,,,,,,,,,0,450.0,0.0,0.0,0,NONE
2026-09-29T11:41:21.764+00:00,188.011,manual,Manual cook,temp,2100,206.6,,esp32,,0,,,,,,,,,,,,0,450.0,0.0,0.0,0,NONE
2026-09-29T11:41:22.763+00:00,189.010,manual,Manual cook,temp,2100,205.7,,esp32,,0,,,,,,,,,,,,0,450.0,0.0,0.0,0,NONE
2026-09-29T11:41:23.763+00:00,190.010,manual,Manual cook,temp,2100,204.4,,esp32,,0,,,,,,,,,,,,0,450.0,0.0,0.0,0,NONE
2026-09-29T11:41:24.763+00:00,191.010,manual,Manual cook,temp,2100,203.4,,esp32,,0,,,,,,,,,,,,0,450.0,0.0,0.0,0,NONE
2026-09-29T11:41:25.763+00:00,192.010,manual,Manual cook,temp,2100,203.9,,esp32,,0,,,,,,,,,,,,0,450.0,0.0,0.0,0,NONE
2026-09-29T11:41:26.263+00:00,192.510,manual,Manual cook,temp,2100,203.4,,esp32,,0,,,,,,,,,,,,0,450.0,0.0,0.0,0,NONE
2026-09-29T11:41:26.764+00:00,193.010,manual,Manual cook,temp,2100,203.0,,esp32,,0,,,,,,,,,,,,0,450.0,0.0,0.0,0,NONE
2026-09-29T11:41:27.264+00:00,193.511,manual,Manual cook,temp,2100,203.0,,esp32,,0,,,,,,,,,,,,0,450.0,0.0,0.0,0,NONE
2026-09-29T11:41:27.764+00:00,194.011,manual,Manual cook,temp,2100,203.0,,esp32,,0,,,,,,,,,,,,0,450.0,0.0,0.0,0,NONE
2026-09-29T11:41:28.763+00:00,195.010,manual,Manual cook,temp,2100,202.1,,esp32,,0,,,,,,,,,,,,0,450.0,0.0,0.0,0,NONE
2026-09-29T11:41:29.263+00:00,195.510,manual,Manual cook,temp,2100,201.2,,esp32,,0,,,,,,,,,,,,0,450.0,0.0,0.0,0,NONE
2026-09-29T11:41:30.263+00:00,196.510,manual,Manual cook,temp,2100,201.6,,esp32,,0,,,,,,,,,,,,0,450.0,0.0,0.0,0,NONE
2026-09-29T11:41:30.763+00:00,197.010,manual,Manual cook,temp,2100,201.2,,esp32,,0,,,,,,,,,,,,0,450.0,0.0,0.0,0,NONE
2026-09-29T11:41:31.263+00:00,197.510,manual,Manual cook,temp,2100,199.9,,esp32,,0,,,,,,,,,,,,0,450.0,0.0,0.0,0,NONE
2026-09-29T11:41:32.263+00:00,198.510,manual,Manual cook,temp,2100,199.4,,esp32,,0,,,,,,,,,,,,0,450.0,0.0,0.0,0,NONE
2026-09-29T11:41:33.264+00:00,199.510,manual,Manual cook,temp,2100,199.9,,esp32,,0,,,,,,,,,,,,0,450.0,0.0,0.0,0,NONE
2026-09-29T11:41:34.263+00:00,200.510,manual,Manual cook,temp,2100,198.5,,esp32,,0,,,,,,,,,,,,0,450.0,0.0,0.0,0,NONE
2026-09-29T11:41:35.263+00:00,201.510,manual,Manual cook,temp,2100,198.1,,esp32,,0,,,,,,,,,,,,0,450.0,0.0,0.0,0,NONE
2026-09-29T11:41:35.763+00:00,202.010,manual,Manual cook,temp,2100,198.1,,esp32,,0,,,,,,,,,,,,0,450.0,0.0,0.0,0,NONE
2026-09-29T11:41:36.265+00:00,202.512,manual,Manual cook,temp,2100,197.6,,esp32,,0,,,,,,,,,,,,0,450.0,0.0,0.0,0,NONE
2026-09-29T11:41:37.263+00:00,203.510,manual,Manual cook,temp,2100,197.6,,esp32,,0,,,,,,,,,,,,0,450.0,0.0,0.0,0,NONE
2026-09-29T11:41:38.263+00:00,204.510,manual,Manual cook,temp,2100,197.1,,esp32,,0,,,,,,,,,,,,0,450.0,0.0,0.0,0,NONE
2026-09-29T11:41:38.763+00:00,205.010,manual,Manual cook,temp,2100,196.3,,esp32,,0,,,,,,,,,,,,0,450.0,0.0,0.0,0,NONE
2026-09-29T11:41:39.264+00:00,205.510,manual,Manual cook,temp,2100,196.3,,esp32,,0,,,,,,,,,,,,0,450.0,0.0,0.0,0,NONE
2026-09-29T11:41:39.764+00:00,206.010,manual,Manual cook,temp,2100,196.3,,esp32,,0,,,,,,,,,,,,0,450.0,0.0,0.0,0,NONE
2026-09-29T11:41:40.264+00:00,206.511,manual,Manual cook,temp,2100,194.4,,esp32,,0,,,,,,,,,,,,0,450.0,0.0,0.0,0,NONE
2026-09-29T11:41:41.263+00:00,207.510,manual,Manual cook,temp,2100,194.9,,esp32,,0,,,,,,,,,,,,0,450.0,0.0,0.0,0,NONE
2026-09-29T11:41:42.263+00:00,208.510,manual,Manual cook,temp,2100,194.9,,esp32,,0,,,,,,,,,,,,0,450.0,0.0,0.0,0,NONE
2026-09-29T11:41:43.263+00:00,209.509,manual,Manual cook,temp,2100,194.0,,esp32,,0,,,,,,,,,,,,0,450.0,0.0,0.0,0,NONE
2026-09-29T11:41:43.763+00:00,210.010,manual,Manual cook,temp,2100,194.0,,esp32,,0,,,,,,,,,,,,0,450.0,0.0,0.0,0,NONE
2026-09-29T11:41:44.763+00:00,211.009,manual,Manual cook,temp,2100,193.1,,esp32,,0,,,,,,,,,,,,0,450.0,0.0,0.0,0,NONE
2026-09-29T11:41:45.763+00:00,212.009,manual,Manual cook,temp,2100,193.1,,esp32,,0,,,,,,,,,,,,0,450.0,0.0,0.0,0,NONE
2026-09-29T11:41:46.763+00:00,213.009,manual,Manual cook,temp,2100,192.2,,esp32,,0,,,,,,,,,,,,0,450.0,0.0,0.0,0,NONE
2026-09-29T11:41:47.263+00:00,213.510,manual,Manual cook,temp,2100,192.2,,esp32,,0,,,,,,,,,,,,0,450.0,0.0,0.0,0,NONE
2026-09-29T11:41:48.263+00:00,214.509,manual,Manual cook,temp,2100,191.8,,esp32,,0,,,,,,,,,,,,0,450.0,0.0,0.0,0,NONE
2026-09-29T11:41:48.763+00:00,215.009,manual,Manual cook,temp,2100,190.9,,esp32,,0,,,,,,,,,,,,0,450.0,0.0,0.0,0,NONE
2026-09-29T11:41:49.763+00:00,216.009,manual,Manual cook,temp,2100,190.4,,esp32,,0,,,,,,,,,,,,0,450.0,0.0,0.0,0,NONE
2026-09-29T11:41:50.763+00:00,217.010,manual,Manual cook,temp,2100,190.9,,esp32,,0,,,,,,,,,,,,0,450.0,0.0,0.0,0,NONE
2026-09-29T11:41:51.762+00:00,218.009,manual,Manual cook,temp,2100,189.9,,esp32,,0,,,,,,,,,,,,0,450.0,0.0,0.0,0,NONE
2026-09-29T11:41:52.262+00:00,218.509,manual,Manual cook,temp,2100,189.9,,esp32,,0,,,,,,,,,,,,0,450.0,0.0,0.0,0,NONE
2026-09-29T11:41:53.262+00:00,219.509,manual,Manual cook,temp,2100,189.1,,esp32,,0,,,,,,,,,,,,0,450.0,0.0,0.0,0,NONE
2026-09-29T11:41:53.762+00:00,220.009,manual,Manual cook,temp,2100,189.1,,esp32,,0,,,,,,,,,,,,0,450.0,0.0,0.0,0,NONE
2026-09-29T11:41:54.762+00:00,221.009,manual,Manual cook,temp,2100,188.6,,esp32,,0,,,,,,,,,,,,0,450.0,0.0,0.0,0,NONE
2026-09-29T11:41:55.262+00:00,221.509,manual,Manual cook,temp,2100,188.6,,esp32,,0,,,,,,,,,,,,0,450.0,0.0,0.0,0,NONE
2026-09-29T11:41:56.263+00:00,222.510,manual,Manual cook,temp,2100,186.8,,esp32,,0,,,,,,,,,,,,0,450.0,0.0,0.0,0,NONE
2026-09-29T11:41:57.262+00:00,223.509,manual,Manual cook,temp,2100,187.3,,esp32,,0,,,,,,,,,,,,0,450.0,0.0,0.0,0,NONE
2026-09-29T11:41:58.263+00:00,224.509,manual,Manual cook,temp,2100,186.4,,esp32,,0,,,,,,,,,,,,0,450.0,0.0,0.0,0,NONE
2026-09-29T11:41:59.262+00:00,225.509,manual,Manual cook,temp,2100,185.9,,esp32,,0,,,,,,,,,,,,0,450.0,0.0,0.0,0,NONE
2026-09-29T11:42:00.262+00:00,226.509,manual,Manual cook,temp,2100,186.4,,esp32,,0,,,,,,,,,,,,0,450.0,0.0,0.0,0,NONE
2026-09-29T11:42:01.262+00:00,227.509,manual,Manual cook,temp,2100,185.9,,esp32,,0,,,,,,,,,,,,0,450.0,0.0,0.0,0,NONE
2026-09-29T11:42:01.763+00:00,228.010,manual,Manual cook,temp,2100,185.9,,esp32,,0,,,,,,,,,,,,0,450.0,0.0,0.0,0,NONE
2026-09-29T11:42:02.762+00:00,229.009,manual,Manual cook,temp,2100,184.6,,esp32,,0,,,,,,,,,,,,0,450.0,0.0,0.0,0,NONE
2026-09-29T11:42:03.262+00:00,229.509,manual,Manual cook,temp,2100,183.2,,esp32,,0,,,,,,,,,,,,0,450.0,0.0,0.0,0,NONE
2026-09-29T11:42:04.262+00:00,230.509,manual,Manual cook,temp,2100,184.6,,esp32,,0,,,,,,,,,,,,0,450.0,0.0,0.0,0,NONE
2026-09-29T11:42:05.262+00:00,231.509,manual,Manual cook,temp,2100,183.2,,esp32,,0,,,,,,,,,,,,0,450.0,0.0,0.0,0,NONE
2026-09-29T11:42:06.262+00:00,232.509,manual,Manual cook,temp,2100,182.8,,esp32,,0,,,,,,,,,,,,0,450.0,0.0,0.0,0,NONE
2026-09-29T11:42:07.263+00:00,233.510,manual,Manual cook,temp,2100,182.8,,esp32,,0,,,,,,,,,,,,0,450.0,0.0,0.0,0,NONE
2026-09-29T11:42:08.762+00:00,235.009,manual,Manual cook,temp,2100,181.9,,esp32,,0,,,,,,,,,,,,0,450.0,0.0,0.0,0,NONE
2026-09-29T11:42:09.762+00:00,236.009,manual,Manual cook,temp,2100,181.9,,esp32,,0,,,,,,,,,,,,0,450.0,0.0,0.0,0,NONE
2026-09-29T11:42:10.762+00:00,237.009,manual,Manual cook,temp,2100,181.9,,esp32,,0,,,,,,,,,,,,0,450.0,0.0,0.0,0,NONE
2026-09-29T11:42:11.762+00:00,238.009,manual,Manual cook,temp,2100,181.4,,esp32,,0,,,,,,,,,,,,0,450.0,0.0,0.0,0,NONE
2026-09-29T11:42:12.763+00:00,239.009,manual,Manual cook,temp,2100,180.5,,esp32,,0,,,,,,,,,,,,0,450.0,0.0,0.0,0,NONE
2026-09-29T11:42:13.762+00:00,240.009,manual,Manual cook,temp,2100,180.5,,esp32,,0,,,,,,,,,,,,0,450.0,0.0,0.0,0,NONE
2026-09-29T11:42:14.762+00:00,241.009,manual,Manual cook,temp,2100,179.6,,esp32,,0,,,,,,,,,,,,0,450.0,0.0,0.0,0,NONE
2026-09-29T11:42:15.762+00:00,242.009,manual,Manual cook,temp,2100,178.7,,esp32,,0,,,,,,,,,,,,0,450.0,0.0,0.0,0,NONE
2026-09-29T11:42:16.762+00:00,243.009,manual,Manual cook,temp,2100,179.1,,esp32,,0,,,,,,,,,,,,0,450.0,0.0,0.0,0,NONE
2026-09-29T11:42:17.262+00:00,243.509,manual,Manual cook,temp,2100,179.1,,esp32,,0,,,,,,,,,,,,0,450.0,0.0,0.0,0,NONE
2026-09-29T11:42:18.262+00:00,244.509,manual,Manual cook,temp,2100,178.7,,esp32,,0,,,,,,,,,,,,0,450.0,0.0,0.0,0,NONE
2026-09-29T11:42:19.262+00:00,245.509,manual,Manual cook,temp,2100,177.8,,esp32,,0,,,,,,,,,,,,0,450.0,0.0,0.0,0,NONE
2026-09-29T11:42:20.262+00:00,246.509,manual,Manual cook,temp,2100,177.4,,esp32,,0,,,,,,,,,,,,0,450.0,0.0,0.0,0,NONE
2026-09-29T11:42:21.262+00:00,247.508,manual,Manual cook,temp,2100,176.9,,esp32,,0,,,,,,,,,,,,0,450.0,0.0,0.0,0,NONE
2026-09-29T11:42:22.262+00:00,248.508,manual,Manual cook,temp,2100,177.4,,esp32,,0,,,,,,,,,,,,0,450.0,0.0,0.0,0,NONE
2026-09-29T11:42:23.262+00:00,249.509,manual,Manual cook,temp,2100,176.4,,esp32,,0,,,,,,,,,,,,0,450.0,0.0,0.0,0,NONE
2026-09-29T11:42:24.263+00:00,250.510,manual,Manual cook,temp,2100,176.4,,esp32,,0,,,,,,,,,,,,0,450.0,0.0,0.0,0,NONE
2026-09-29T11:42:25.261+00:00,251.508,manual,Manual cook,temp,2100,176.4,,esp32,,0,,,,,,,,,,,,0,450.0,0.0,0.0,0,NONE
2026-09-29T11:42:26.262+00:00,252.508,manual,Manual cook,temp,2100,176.0,,esp32,,0,,,,,,,,,,,,0,450.0,0.0,0.0,0,NONE
2026-09-29T11:42:26.762+00:00,253.008,manual,Manual cook,temp,2100,175.6,,esp32,,0,,,,,,,,,,,,0,450.0,0.0,0.0,0,NONE
2026-09-29T11:42:27.762+00:00,254.008,manual,Manual cook,temp,2100,174.6,,esp32,,0,,,,,,,,,,,,0,450.0,0.0,0.0,0,NONE
2026-09-29T11:42:28.762+00:00,255.008,manual,Manual cook,temp,2100,174.6,,esp32,,0,,,,,,,,,,,,0,450.0,0.0,0.0,0,NONE
2026-09-29T11:42:29.762+00:00,256.009,manual,Manual cook,temp,2100,174.6,,esp32,,0,,,,,,,,,,,,0,450.0,0.0,0.0,0,NONE
2026-09-29T11:42:30.762+00:00,257.009,manual,Manual cook,temp,2100,173.3,,esp32,,0,,,,,,,,,,,,0,450.0,0.0,0.0,0,NONE
2026-09-29T11:42:31.262+00:00,257.509,manual,Manual cook,temp,2100,173.3,,esp32,,0,,,,,,,,,,,,0,450.0,0.0,0.0,0,NONE
2026-09-29T11:42:32.261+00:00,258.508,manual,Manual cook,temp,2100,173.8,,esp32,,0,,,,,,,,,,,,0,450.0,0.0,0.0,0,NONE
2026-09-29T11:42:32.762+00:00,259.008,manual,Manual cook,temp,2100,173.3,,esp32,,0,,,,,,,,,,,,0,450.0,0.0,0.0,0,NONE
2026-09-29T11:42:33.761+00:00,260.008,manual,Manual cook,temp,2100,171.9,,esp32,,0,,,,,,,,,,,,0,450.0,0.0,0.0,0,NONE
2026-09-29T11:42:34.761+00:00,261.008,manual,Manual cook,temp,2100,172.9,,esp32,,0,,,,,,,,,,,,0,450.0,0.0,0.0,0,NONE
2026-09-29T11:42:35.761+00:00,262.008,manual,Manual cook,temp,2100,172.4,,esp32,,0,,,,,,,,,,,,0,450.0,0.0,0.0,0,NONE
2026-09-29T11:42:36.261+00:00,262.508,manual,Manual cook,temp,2100,171.9,,esp32,,0,,,,,,,,,,,,0,450.0,0.0,0.0,0,NONE
2026-09-29T11:42:36.762+00:00,263.009,manual,Manual cook,temp,2100,171.9,,esp32,,0,,,,,,,,,,,,0,450.0,0.0,0.0,0,NONE
2026-09-29T11:42:37.761+00:00,264.008,manual,Manual cook,temp,2100,171.5,,esp32,,0,,,,,,,,,,,,0,450.0,0.0,0.0,0,NONE
2026-09-29T11:42:38.261+00:00,264.508,manual,Manual cook,temp,2100,170.1,,esp32,,0,,,,,,,,,,,,0,450.0,0.0,0.0,0,NONE
2026-09-29T11:42:39.261+00:00,265.508,manual,Manual cook,temp,2100,170.6,,esp32,,0,,,,,,,,,,,,0,450.0,0.0,0.0,0,NONE
2026-09-29T11:42:40.261+00:00,266.508,manual,Manual cook,temp,2100,169.7,,esp32,,0,,,,,,,,,,,,0,450.0,0.0,0.0,0,NONE
2026-09-29T11:42:41.261+00:00,267.508,manual,Manual cook,temp,2100,170.1,,esp32,,0,,,,,,,,,,,,0,450.0,0.0,0.0,0,NONE
2026-09-29T11:42:41.761+00:00,268.008,manual,Manual cook,temp,2100,169.7,,esp32,,0,,,,,,,,,,,,0,450.0,0.0,0.0,0,NONE
2026-09-29T11:42:42.762+00:00,269.008,manual,Manual cook,temp,2100,170.1,,esp32,,0,,,,,,,,,,,,0,450.0,0.0,0.0,0,NONE
2026-09-29T11:42:43.761+00:00,270.008,manual,Manual cook,temp,2100,170.1,,esp32,,0,,,,,,,,,,,,0,450.0,0.0,0.0,0,NONE
2026-09-29T11:42:44.761+00:00,271.008,manual,Manual cook,temp,2100,168.8,,esp32,,0,,,,,,,,,,,,0,450.0,0.0,0.0,0,NONE
2026-09-29T11:42:45.761+00:00,272.008,manual,Manual cook,temp,2100,169.3,,esp32,,0,,,,,,,,,,,,0,450.0,0.0,0.0,0,NONE
2026-09-29T11:42:46.261+00:00,272.508,manual,Manual cook,temp,2100,167.4,,esp32,,0,,,,,,,,,,,,0,450.0,0.0,0.0,0,NONE
2026-09-29T11:42:47.261+00:00,273.508,manual,Manual cook,temp,2100,167.9,,esp32,,0,,,,,,,,,,,,0,450.0,0.0,0.0,0,NONE
2026-09-29T11:42:47.761+00:00,274.008,manual,Manual cook,temp,2100,168.8,,esp32,,0,,,,,,,,,,,,0,450.0,0.0,0.0,0,NONE
2026-09-29T11:42:48.262+00:00,274.508,manual,Manual cook,temp,2100,168.8,,esp32,,0,,,,,,,,,,,,0,450.0,0.0,0.0,0,NONE
2026-09-29T11:42:49.261+00:00,275.508,manual,Manual cook,temp,2100,167.4,,esp32,,0,,,,,,,,,,,,0,450.0,0.0,0.0,0,NONE
2026-09-29T11:42:49.761+00:00,276.008,manual,Manual cook,temp,2100,167.4,,esp32,,0,,,,,,,,,,,,0,450.0,0.0,0.0,0,NONE
2026-09-29T11:42:50.761+00:00,277.008,manual,Manual cook,temp,2100,166.6,,esp32,,0,,,,,,,,,,,,0,450.0,0.0,0.0,0,NONE
2026-09-29T11:42:51.261+00:00,277.508,manual,Manual cook,temp,2100,167.4,,esp32,,0,,,,,,,,,,,,0,450.0,0.0,0.0,0,NONE
2026-09-29T11:42:52.261+00:00,278.508,manual,Manual cook,temp,2100,166.1,,esp32,,0,,,,,,,,,,,,0,450.0,0.0,0.0,0,NONE
2026-09-29T11:42:53.261+00:00,279.508,manual,Manual cook,temp,2100,166.1,,esp32,,0,,,,,,,,,,,,0,450.0,0.0,0.0,0,NONE
2026-09-29T11:42:53.761+00:00,280.008,manual,Manual cook,temp,2100,166.6,,esp32,,0,,,,,,,,,,,,0,450.0,0.0,0.0,0,NONE
2026-09-29T11:42:54.761+00:00,281.008,manual,Manual cook,temp,2100,165.6,,esp32,,0,,,,,,,,,,,,0,450.0,0.0,0.0,0,NONE
2026-09-29T11:42:55.761+00:00,282.007,manual,Manual cook,temp,2100,165.6,,esp32,,0,,,,,,,,,,,,0,450.0,0.0,0.0,0,NONE
2026-09-29T11:42:56.261+00:00,282.508,manual,Manual cook,temp,2100,165.2,,esp32,,0,,,,,,,,,,,,0,450.0,0.0,0.0,0,NONE
2026-09-29T11:42:56.761+00:00,283.008,manual,Manual cook,temp,2100,165.2,,esp32,,0,,,,,,,,,,,,0,450.0,0.0,0.0,0,NONE
2026-09-29T11:42:57.761+00:00,284.008,manual,Manual cook,temp,2100,164.8,,esp32,,0,,,,,,,,,,,,0,450.0,0.0,0.0,0,NONE
2026-09-29T11:42:58.761+00:00,285.007,manual,Manual cook,temp,2100,164.8,,esp32,,0,,,,,,,,,,,,0,450.0,0.0,0.0,0,NONE
2026-09-29T11:42:59.261+00:00,285.508,manual,Manual cook,temp,2100,164.8,,esp32,,0,,,,,,,,,,,,0,450.0,0.0,0.0,0,NONE
2026-09-29T11:43:00.262+00:00,286.508,manual,Manual cook,temp,2100,164.8,,esp32,,0,,,,,,,,,,,,0,450.0,0.0,0.0,0,NONE
2026-09-29T11:43:01.261+00:00,287.507,manual,Manual cook,temp,2100,164.3,,esp32,,0,,,,,,,,,,,,0,450.0,0.0,0.0,0,NONE
2026-09-29T11:43:02.261+00:00,288.507,manual,Manual cook,temp,2100,164.3,,esp32,,0,,,,,,,,,,,,0,450.0,0.0,0.0,0,NONE
2026-09-29T11:43:02.761+00:00,289.007,manual,Manual cook,temp,2100,163.4,,esp32,,0,,,,,,,,,,,,0,450.0,0.0,0.0,0,NONE
2026-09-29T11:43:03.760+00:00,290.007,manual,Manual cook,temp,2100,163.4,,esp32,,0,,,,,,,,,,,,0,450.0,0.0,0.0,0,NONE
2026-09-29T11:43:04.261+00:00,290.507,manual,Manual cook,temp,2100,162.1,,esp32,,0,,,,,,,,,,,,0,450.0,0.0,0.0,0,NONE
2026-09-29T11:43:05.261+00:00,291.507,manual,Manual cook,temp,2100,162.1,,esp32,,0,,,,,,,,,,,,0,450.0,0.0,0.0,0,NONE
2026-09-29T11:43:05.761+00:00,292.008,manual,Manual cook,temp,2100,162.1,,esp32,,0,,,,,,,,,,,,0,450.0,0.0,0.0,0,NONE
2026-09-29T11:43:06.263+00:00,292.510,manual,Manual cook,temp,2100,162.5,,esp32,,0,,,,,,,,,,,,0,450.0,0.0,0.0,0,NONE
2026-09-29T11:43:07.260+00:00,293.507,manual,Manual cook,temp,2100,162.5,,esp32,,0,,,,,,,,,,,,0,450.0,0.0,0.0,0,NONE
2026-09-29T11:43:08.260+00:00,294.507,manual,Manual cook,temp,2100,161.6,,esp32,,0,,,,,,,,,,,,0,450.0,0.0,0.0,0,NONE
2026-09-29T11:43:09.260+00:00,295.507,manual,Manual cook,temp,2100,161.6,,esp32,,0,,,,,,,,,,,,0,450.0,0.0,0.0,0,NONE
2026-09-29T11:43:09.760+00:00,296.007,manual,Manual cook,temp,2100,161.1,,esp32,,0,,,,,,,,,,,,0,450.0,0.0,0.0,0,NONE
2026-09-29T11:43:10.760+00:00,297.007,manual,Manual cook,temp,2100,161.1,,esp32,,0,,,,,,,,,,,,0,450.0,0.0,0.0,0,NONE
2026-09-29T11:43:11.761+00:00,298.008,manual,Manual cook,temp,2100,160.7,,esp32,,0,,,,,,,,,,,,0,450.0,0.0,0.0,0,NONE
2026-09-29T11:43:12.261+00:00,298.508,manual,Manual cook,temp,2100,160.3,,esp32,,0,,,,,,,,,,,,0,450.0,0.0,0.0,0,NONE
2026-09-29T11:43:13.260+00:00,299.507,manual,Manual cook,temp,2100,160.7,,esp32,,0,,,,,,,,,,,,0,450.0,0.0,0.0,0,NONE
2026-09-29T11:43:14.260+00:00,300.507,manual,Manual cook,temp,2100,159.8,,esp32,,0,,,,,,,,,,,,0,450.0,0.0,0.0,0,NONE
2026-09-29T11:43:14.760+00:00,301.007,manual,Manual cook,temp,2100,159.8,,esp32,,0,,,,,,,,,,,,0,450.0,0.0,0.0,0,NONE
2026-09-29T11:43:15.760+00:00,302.007,manual,Manual cook,temp,2100,158.9,,esp32,,0,,,,,,,,,,,,0,450.0,0.0,0.0,0,NONE
2026-09-29T11:43:16.760+00:00,303.007,manual,Manual cook,temp,2100,158.4,,esp32,,0,,,,,,,,,,,,0,450.0,0.0,0.0,0,NONE
2026-09-29T11:43:17.261+00:00,303.508,manual,Manual cook,temp,2100,158.9,,esp32,,0,,,,,,,,,,,,0,450.0,0.0,0.0,0,NONE
2026-09-29T11:43:18.260+00:00,304.507,manual,Manual cook,temp,2100,159.4,,esp32,,0,,,,,,,,,,,,0,450.0,0.0,0.0,0,NONE
2026-09-29T11:43:18.760+00:00,305.007,manual,Manual cook,temp,2100,159.4,,esp32,,0,,,,,,,,,,,,0,450.0,0.0,0.0,0,NONE
2026-09-29T11:43:19.760+00:00,306.007,manual,Manual cook,temp,2100,158.0,,esp32,,0,,,,,,,,,,,,0,450.0,0.0,0.0,0,NONE
2026-09-29T11:43:20.760+00:00,307.007,manual,Manual cook,temp,2100,158.0,,esp32,,0,,,,,,,,,,,,0,450.0,0.0,0.0,0,NONE
2026-09-29T11:43:21.760+00:00,308.007,manual,Manual cook,temp,2100,158.0,,esp32,,0,,,,,,,,,,,,0,450.0,0.0,0.0,0,NONE
2026-09-29T11:43:22.761+00:00,309.008,manual,Manual cook,temp,2100,158.4,,esp32,,0,,,,,,,,,,,,0,450.0,0.0,0.0,0,NONE
2026-09-29T11:43:23.760+00:00,310.007,manual,Manual cook,temp,2100,158.0,,esp32,,0,,,,,,,,,,,,0,450.0,0.0,0.0,0,NONE
2026-09-29T11:43:24.260+00:00,310.507,manual,Manual cook,temp,2100,156.6,,esp32,,0,,,,,,,,,,,,0,450.0,0.0,0.0,0,NONE
2026-09-29T11:43:25.260+00:00,311.507,manual,Manual cook,temp,2100,157.1,,esp32,,0,,,,,,,,,,,,0,450.0,0.0,0.0,0,NONE
2026-09-29T11:43:26.260+00:00,312.507,manual,Manual cook,temp,2100,156.6,,esp32,,0,,,,,,,,,,,,0,450.0,0.0,0.0,0,NONE
2026-09-29T11:43:27.260+00:00,313.507,manual,Manual cook,temp,2100,157.1,,esp32,,0,,,,,,,,,,,,0,450.0,0.0,0.0,0,NONE
2026-09-29T11:43:27.760+00:00,314.007,manual,Manual cook,temp,2100,156.6,,esp32,,0,,,,,,,,,,,,0,450.0,0.0,0.0,0,NONE
2026-09-29T11:43:28.261+00:00,314.507,manual,Manual cook,temp,2100,156.6,,esp32,,0,,,,,,,,,,,,0,450.0,0.0,0.0,0,NONE
2026-09-29T11:43:29.260+00:00,315.507,manual,Manual cook,temp,2100,155.8,,esp32,,0,,,,,,,,,,,,0,450.0,0.0,0.0,0,NONE
2026-09-29T11:43:30.260+00:00,316.507,manual,Manual cook,temp,2100,155.8,,esp32,,0,,,,,,,,,,,,0,450.0,0.0,0.0,0,NONE
2026-09-29T11:43:31.260+00:00,317.507,manual,Manual cook,temp,2100,155.8,,esp32,,0,,,,,,,,,,,,0,450.0,0.0,0.0,0,NONE
2026-09-29T11:43:32.263+00:00,318.510,manual,Manual cook,temp,2100,155.3,,esp32,,0,,,,,,,,,,,,0,450.0,0.0,0.0,0,NONE
2026-09-29T11:43:33.260+00:00,319.507,manual,Manual cook,temp,2100,154.9,,esp32,,0,,,,,,,,,,,,0,450.0,0.0,0.0,0,NONE
2026-09-29T11:43:33.760+00:00,320.007,manual,Manual cook,temp,2100,154.9,,esp32,,0,,,,,,,,,,,,0,450.0,0.0,0.0,0,NONE
2026-09-29T11:43:34.760+00:00,321.006,manual,Manual cook,temp,2100,154.9,,esp32,,0,,,,,,,,,,,,0,450.0,0.0,0.0,0,NONE
2026-09-29T11:43:35.260+00:00,321.506,manual,Manual cook,temp,2100,154.9,,esp32,,0,,,,,,,,,,,,0,450.0,0.0,0.0,0,NONE
2026-09-29T11:43:35.760+00:00,322.006,manual,Manual cook,temp,2100,154.9,,esp32,,0,,,,,,,,,,,,0,450.0,0.0,0.0,0,NONE
2026-09-29T11:43:36.260+00:00,322.507,manual,Manual cook,temp,2100,154.9,,esp32,,0,,,,,,,,,,,,0,450.0,0.0,0.0,0,NONE
2026-09-29T11:43:37.260+00:00,323.506,manual,Manual cook,temp,2100,154.4,,esp32,,0,,,,,,,,,,,,0,450.0,0.0,0.0,0,NONE
2026-09-29T11:43:38.260+00:00,324.507,manual,Manual cook,temp,2100,154.4,,esp32,,0,,,,,,,,,,,,0,450.0,0.0,0.0,0,NONE
2026-09-29T11:43:39.260+00:00,325.506,manual,Manual cook,temp,2100,154.4,,esp32,,0,,,,,,,,,,,,0,450.0,0.0,0.0,0,NONE
2026-09-29T11:43:39.760+00:00,326.007,manual,Manual cook,temp,2100,153.5,,esp32,,0,,,,,,,,,,,,0,450.0,0.0,0.0,0,NONE
2026-09-29T11:43:40.760+00:00,327.006,manual,Manual cook,temp,2100,153.5,,esp32,,0,,,,,,,,,,,,0,450.0,0.0,0.0,0,NONE
2026-09-29T11:43:41.260+00:00,327.506,manual,Manual cook,temp,2100,153.5,,esp32,,0,,,,,,,,,,,,0,450.0,0.0,0.0,0,NONE
2026-09-29T11:43:42.260+00:00,328.506,manual,Manual cook,temp,2100,153.5,,esp32,,0,,,,,,,,,,,,0,450.0,0.0,0.0,0,NONE
2026-09-29T11:43:43.260+00:00,329.506,manual,Manual cook,temp,2100,152.6,,esp32,,0,,,,,,,,,,,,0,450.0,0.0,0.0,0,NONE
2026-09-29T11:43:44.261+00:00,330.508,manual,Manual cook,temp,2100,151.7,,esp32,,0,,,,,,,,,,,,0,450.0,0.0,0.0,0,NONE
2026-09-29T11:43:45.260+00:00,331.506,manual,Manual cook,temp,2100,152.1,,esp32,,0,,,,,,,,,,,,0,450.0,0.0,0.0,0,NONE
2026-09-29T11:43:46.260+00:00,332.506,manual,Manual cook,temp,2100,152.6,,esp32,,0,,,,,,,,,,,,0,450.0,0.0,0.0,0,NONE
2026-09-29T11:43:47.260+00:00,333.506,manual,Manual cook,temp,2100,152.1,,esp32,,0,,,,,,,,,,,,0,450.0,0.0,0.0,0,NONE
2026-09-29T11:43:48.259+00:00,334.506,manual,Manual cook,temp,2100,151.7,,esp32,,0,,,,,,,,,,,,0,450.0,0.0,0.0,0,NONE
2026-09-29T11:43:48.759+00:00,335.006,manual,Manual cook,temp,2100,152.1,,esp32,,0,,,,,,,,,,,,0,450.0,0.0,0.0,0,NONE
2026-09-29T11:43:49.760+00:00,336.007,manual,Manual cook,temp,2100,151.7,,esp32,,0,,,,,,,,,,,,0,450.0,0.0,0.0,0,NONE
2026-09-29T11:43:50.264+00:00,336.511,manual,Manual cook,temp,2100,152.6,,esp32,,0,,,,,,,,,,,,0,450.0,0.0,0.0,0,NONE
2026-09-29T11:43:51.259+00:00,337.506,manual,Manual cook,temp,2100,151.7,,esp32,,0,,,,,,,,,,,,0,450.0,0.0,0.0,0,NONE
2026-09-29T11:43:52.260+00:00,338.506,manual,Manual cook,temp,2100,152.1,,esp32,,0,,,,,,,,,,,,0,450.0,0.0,0.0,0,NONE
2026-09-29T11:43:53.259+00:00,339.506,manual,Manual cook,temp,2100,151.3,,esp32,,0,,,,,,,,,,,,0,450.0,0.0,0.0,0,NONE
2026-09-29T11:43:54.259+00:00,340.506,manual,Manual cook,temp,2100,150.8,,esp32,,0,,,,,,,,,,,,0,450.0,0.0,0.0,0,NONE
2026-09-29T11:43:54.759+00:00,341.006,manual,Manual cook,temp,2100,150.8,,esp32,,0,,,,,,,,,,,,0,450.0,0.0,0.0,0,NONE
2026-09-29T11:43:55.759+00:00,342.006,manual,Manual cook,temp,2100,150.8,,esp32,,0,,,,,,,,,,,,0,450.0,0.0,0.0,0,NONE
2026-09-29T11:43:56.759+00:00,343.006,manual,Manual cook,temp,2100,150.4,,esp32,,0,,,,,,,,,,,,0,450.0,0.0,0.0,0,NONE
2026-09-29T11:43:57.759+00:00,344.006,manual,Manual cook,temp,2100,150.4,,esp32,,0,,,,,,,,,,,,0,450.0,0.0,0.0,0,NONE
2026-09-29T11:43:58.259+00:00,344.506,manual,Manual cook,temp,2100,149.9,,esp32,,0,,,,,,,,,,,,0,450.0,0.0,0.0,0,NONE
2026-09-29T11:43:59.259+00:00,345.506,manual,Manual cook,temp,2100,149.9,,esp32,,0,,,,,,,,,,,,0,450.0,0.0,0.0,0,NONE
2026-09-29T11:43:59.759+00:00,346.006,manual,Manual cook,temp,2100,149.4,,esp32,,0,,,,,,,,,,,,0,450.0,0.0,0.0,0,NONE
2026-09-29T11:44:00.259+00:00,346.506,manual,Manual cook,temp,2100,149.4,,esp32,,0,,,,,,,,,,,,0,450.0,0.0,0.0,0,NONE
2026-09-29T11:44:00.760+00:00,347.007,manual,Manual cook,temp,2100,149.0,,esp32,,0,,,,,,,,,,,,0,450.0,0.0,0.0,0,NONE
2026-09-29T11:44:01.269+00:00,347.515,manual,Manual cook,temp,2100,149.0,,esp32,,0,,,,,,,,,,,,0,450.0,0.0,0.0,0,NONE
2026-09-29T11:44:02.759+00:00,349.006,manual,Manual cook,temp,2100,147.6,,esp32,,0,,,,,,,,,,,,0,450.0,0.0,0.0,0,NONE
2026-09-29T11:44:03.759+00:00,350.006,manual,Manual cook,temp,2100,149.0,,esp32,,0,,,,,,,,,,,,0,450.0,0.0,0.0,0,NONE
2026-09-29T11:44:04.259+00:00,350.506,manual,Manual cook,temp,2100,148.6,,esp32,,0,,,,,,,,,,,,0,450.0,0.0,0.0,0,NONE
2026-09-29T11:44:05.259+00:00,351.506,manual,Manual cook,temp,2100,148.1,,esp32,,0,,,,,,,,,,,,0,450.0,0.0,0.0,0,NONE
2026-09-29T11:44:06.259+00:00,352.506,manual,Manual cook,temp,2100,147.6,,esp32,,0,,,,,,,,,,,,0,450.0,0.0,0.0,0,NONE
2026-09-29T11:44:07.259+00:00,353.506,manual,Manual cook,temp,2100,147.6,,esp32,,0,,,,,,,,,,,,0,450.0,0.0,0.0,0,NONE
2026-09-29T11:44:07.759+00:00,354.006,manual,Manual cook,temp,2100,148.1,,esp32,,0,,,,,,,,,,,,0,450.0,0.0,0.0,0,NONE
2026-09-29T11:44:08.759+00:00,355.006,manual,Manual cook,temp,2100,147.2,,esp32,,0,,,,,,,,,,,,0,450.0,0.0,0.0,0,NONE
2026-09-29T11:44:09.759+00:00,356.006,manual,Manual cook,temp,2100,147.2,,esp32,,0,,,,,,,,,,,,0,450.0,0.0,0.0,0,NONE
2026-09-29T11:44:10.261+00:00,356.508,manual,Manual cook,temp,2100,146.3,,esp32,,0,,,,,,,,,,,,0,450.0,0.0,0.0,0,NONE
2026-09-29T11:44:11.259+00:00,357.506,manual,Manual cook,temp,2100,146.8,,esp32,,0,,,,,,,,,,,,0,450.0,0.0,0.0,0,NONE
2026-09-29T11:44:12.259+00:00,358.506,manual,Manual cook,temp,2100,146.8,,esp32,,0,,,,,,,,,,,,0,450.0,0.0,0.0,0,NONE
2026-09-29T11:44:13.259+00:00,359.506,manual,Manual cook,temp,2100,146.3,,esp32,,0,,,,,,,,,,,,0,450.0,0.0,0.0,0,NONE
2026-09-29T11:44:14.259+00:00,360.505,manual,Manual cook,temp,2100,146.3,,esp32,,0,,,,,,,,,,,,0,450.0,0.0,0.0,0,NONE
2026-09-29T11:44:15.259+00:00,361.505,manual,Manual cook,temp,2100,145.9,,esp32,,0,,,,,,,,,,,,0,450.0,0.0,0.0,0,NONE
2026-09-29T11:44:16.259+00:00,362.505,manual,Manual cook,temp,2100,145.9,,esp32,,0,,,,,,,,,,,,0,450.0,0.0,0.0,0,NONE
2026-09-29T11:44:17.259+00:00,363.506,manual,Manual cook,temp,2100,145.9,,esp32,,0,,,,,,,,,,,,0,450.0,0.0,0.0,0,NONE
2026-09-29T11:44:18.259+00:00,364.505,manual,Manual cook,temp,2100,144.9,,esp32,,0,,,,,,,,,,,,0,450.0,0.0,0.0,0,NONE
2026-09-29T11:44:18.759+00:00,365.006,manual,Manual cook,temp,2100,144.1,,esp32,,0,,,,,,,,,,,,0,450.0,0.0,0.0,0,NONE
2026-09-29T11:44:19.759+00:00,366.005,manual,Manual cook,temp,2100,145.4,,esp32,,0,,,,,,,,,,,,0,450.0,0.0,0.0,0,NONE
2026-09-29T11:44:20.759+00:00,367.005,manual,Manual cook,temp,2100,144.9,,esp32,,0,,,,,,,,,,,,0,450.0,0.0,0.0,0,NONE
2026-09-29T11:44:21.760+00:00,368.007,manual,Manual cook,temp,2100,144.5,,esp32,,0,,,,,,,,,,,,0,450.0,0.0,0.0,0,NONE
2026-09-29T11:44:22.760+00:00,369.007,manual,Manual cook,temp,2100,143.1,,esp32,,0,,,,,,,,,,,,0,450.0,0.0,0.0,0,NONE
2026-09-29T11:44:23.759+00:00,370.005,manual,Manual cook,temp,2100,143.6,,esp32,,0,,,,,,,,,,,,0,450.0,0.0,0.0,0,NONE
2026-09-29T11:44:24.759+00:00,371.005,manual,Manual cook,temp,2100,143.6,,esp32,,0,,,,,,,,,,,,0,450.0,0.0,0.0,0,NONE
2026-09-29T11:44:25.758+00:00,372.005,manual,Manual cook,temp,2100,144.1,,esp32,,0,,,,,,,,,,,,0,450.0,0.0,0.0,0,NONE
2026-09-29T11:44:26.759+00:00,373.005,manual,Manual cook,temp,2100,144.1,,esp32,,0,,,,,,,,,,,,0,450.0,0.0,0.0,0,NONE
2026-09-29T11:44:27.759+00:00,374.005,manual,Manual cook,temp,2100,143.1,,esp32,,0,,,,,,,,,,,,0,450.0,0.0,0.0,0,NONE
2026-09-29T11:44:28.765+00:00,375.011,manual,Manual cook,temp,2100,143.1,,esp32,,0,,,,,,,,,,,,0,450.0,0.0,0.0,0,NONE
2026-09-29T11:44:29.760+00:00,376.007,manual,Manual cook,temp,2100,143.1,,esp32,,0,,,,,,,,,,,,0,450.0,0.0,0.0,0,NONE
2026-09-29T11:44:30.759+00:00,377.005,manual,Manual cook,temp,2100,143.6,,esp32,,0,,,,,,,,,,,,0,450.0,0.0,0.0,0,NONE
2026-09-29T11:44:31.758+00:00,378.005,manual,Manual cook,temp,2100,143.1,,esp32,,0,,,,,,,,,,,,0,450.0,0.0,0.0,0,NONE
2026-09-29T11:44:32.758+00:00,379.005,manual,Manual cook,temp,2100,141.8,,esp32,,0,,,,,,,,,,,,0,450.0,0.0,0.0,0,NONE
2026-09-29T11:44:33.758+00:00,380.005,manual,Manual cook,temp,2100,143.1,,esp32,,0,,,,,,,,,,,,0,450.0,0.0,0.0,0,NONE
2026-09-29T11:44:34.259+00:00,380.506,manual,Manual cook,temp,2100,142.3,,esp32,,0,,,,,,,,,,,,0,450.0,0.0,0.0,0,NONE
2026-09-29T11:44:35.258+00:00,381.505,manual,Manual cook,temp,2100,142.3,,esp32,,0,,,,,,,,,,,,0,450.0,0.0,0.0,0,NONE
2026-09-29T11:44:36.260+00:00,382.507,manual,Manual cook,temp,2100,141.8,,esp32,,0,,,,,,,,,,,,0,450.0,0.0,0.0,0,NONE
2026-09-29T11:44:37.258+00:00,383.505,manual,Manual cook,temp,2100,141.8,,esp32,,0,,,,,,,,,,,,0,450.0,0.0,0.0,0,NONE
2026-09-29T11:44:38.258+00:00,384.505,manual,Manual cook,temp,2100,142.3,,esp32,,0,,,,,,,,,,,,0,450.0,0.0,0.0,0,NONE
2026-09-29T11:44:39.258+00:00,385.505,manual,Manual cook,temp,2100,141.8,,esp32,,0,,,,,,,,,,,,0,450.0,0.0,0.0,0,NONE
2026-09-29T11:44:39.759+00:00,386.006,manual,Manual cook,temp,2100,140.4,,esp32,,0,,,,,,,,,,,,0,450.0,0.0,0.0,0,NONE
2026-09-29T11:44:40.758+00:00,387.005,manual,Manual cook,temp,2100,141.4,,esp32,,0,,,,,,,,,,,,0,450.0,0.0,0.0,0,NONE
2026-09-29T11:44:41.258+00:00,387.505,manual,Manual cook,temp,2100,140.4,,esp32,,0,,,,,,,,,,,,0,450.0,0.0,0.0,0,NONE
2026-09-29T11:44:42.258+00:00,388.505,manual,Manual cook,temp,2100,140.9,,esp32,,0,,,,,,,,,,,,0,450.0,0.0,0.0,0,NONE
2026-09-29T11:44:43.258+00:00,389.505,manual,Manual cook,temp,2100,140.4,,esp32,,0,,,,,,,,,,,,0,450.0,0.0,0.0,0,NONE
2026-09-29T11:44:44.258+00:00,390.505,manual,Manual cook,temp,2100,140.4,,esp32,,0,,,,,,,,,,,,0,450.0,0.0,0.0,0,NONE
2026-09-29T11:44:45.258+00:00,391.505,manual,Manual cook,temp,2100,139.6,,esp32,,0,,,,,,,,,,,,0,450.0,0.0,0.0,0,NONE
2026-09-29T11:44:46.258+00:00,392.505,manual,Manual cook,temp,2100,140.0,,esp32,,0,,,,,,,,,,,,0,450.0,0.0,0.0,0,NONE
2026-09-29T11:44:47.258+00:00,393.505,manual,Manual cook,temp,2100,140.4,,esp32,,0,,,,,,,,,,,,0,450.0,0.0,0.0,0,NONE
2026-09-29T11:44:48.258+00:00,394.505,manual,Manual cook,temp,2100,139.1,,esp32,,0,,,,,,,,,,,,0,450.0,0.0,0.0,0,NONE
2026-09-29T11:44:49.258+00:00,395.504,manual,Manual cook,temp,2100,140.0,,esp32,,0,,,,,,,,,,,,0,450.0,0.0,0.0,0,NONE
2026-09-29T11:44:50.258+00:00,396.505,manual,Manual cook,temp,2100,140.0,,esp32,,0,,,,,,,,,,,,0,450.0,0.0,0.0,0,NONE
2026-09-29T11:44:50.759+00:00,397.005,manual,Manual cook,temp,2100,139.1,,esp32,,0,,,,,,,,,,,,0,450.0,0.0,0.0,0,NONE
2026-09-29T11:44:51.758+00:00,398.004,manual,Manual cook,temp,2100,139.6,,esp32,,0,,,,,,,,,,,,0,450.0,0.0,0.0,0,NONE
2026-09-29T11:44:52.758+00:00,399.004,manual,Manual cook,temp,2100,139.1,,esp32,,0,,,,,,,,,,,,0,450.0,0.0,0.0,0,NONE
2026-09-29T11:44:53.258+00:00,399.504,manual,Manual cook,temp,2100,139.6,,esp32,,0,,,,,,,,,,,,0,450.0,0.0,0.0,0,NONE
2026-09-29T11:44:53.758+00:00,400.005,manual,Manual cook,temp,2100,138.2,,esp32,,0,,,,,,,,,,,,0,450.0,0.0,0.0,0,NONE
2026-09-29T11:44:54.758+00:00,401.004,manual,Manual cook,temp,2100,138.2,,esp32,,0,,,,,,,,,,,,0,450.0,0.0,0.0,0,NONE
2026-09-29T11:44:55.758+00:00,402.005,manual,Manual cook,temp,2100,138.6,,esp32,,0,,,,,,,,,,,,0,450.0,0.0,0.0,0,NONE
2026-09-29T11:44:56.258+00:00,402.505,manual,Manual cook,temp,2100,138.6,,esp32,,0,,,,,,,,,,,,0,450.0,0.0,0.0,0,NONE
2026-09-29T11:44:57.257+00:00,403.504,manual,Manual cook,temp,2100,138.6,,esp32,,0,,,,,,,,,,,,0,450.0,0.0,0.0,0,NONE
2026-09-29T11:44:57.757+00:00,404.004,manual,Manual cook,temp,2100,138.2,,esp32,,0,,,,,,,,,,,,0,450.0,0.0,0.0,0,NONE
2026-09-29T11:44:58.257+00:00,404.504,manual,Manual cook,temp,2100,137.8,,esp32,,0,,,,,,,,,,,,0,450.0,0.0,0.0,0,NONE
2026-09-29T11:44:59.257+00:00,405.504,manual,Manual cook,temp,2100,138.6,,esp32,,0,,,,,,,,,,,,0,450.0,0.0,0.0,0,NONE
2026-09-29T11:45:00.258+00:00,406.504,manual,Manual cook,temp,2100,137.3,,esp32,,0,,,,,,,,,,,,0,450.0,0.0,0.0,0,NONE
2026-09-29T11:45:01.258+00:00,407.504,manual,Manual cook,temp,2100,137.8,,esp32,,0,,,,,,,,,,,,0,450.0,0.0,0.0,0,NONE
2026-09-29T11:45:01.758+00:00,408.005,manual,Manual cook,temp,2100,137.8,,esp32,,0,,,,,,,,,,,,0,450.0,0.0,0.0,0,NONE
2026-09-29T11:45:02.260+00:00,408.507,manual,Manual cook,temp,2100,137.3,,esp32,,0,,,,,,,,,,,,0,450.0,0.0,0.0,0,NONE
2026-09-29T11:45:03.257+00:00,409.504,manual,Manual cook,temp,2100,137.8,,esp32,,0,,,,,,,,,,,,0,450.0,0.0,0.0,0,NONE
2026-09-29T11:45:03.757+00:00,410.004,manual,Manual cook,temp,2100,136.9,,esp32,,0,,,,,,,,,,,,0,450.0,0.0,0.0,0,NONE
2026-09-29T11:45:04.757+00:00,411.004,manual,Manual cook,temp,2100,137.3,,esp32,,0,,,,,,,,,,,,0,450.0,0.0,0.0,0,NONE
2026-09-29T11:45:05.257+00:00,411.504,manual,Manual cook,temp,2100,137.3,,esp32,,0,,,,,,,,,,,,0,450.0,0.0,0.0,0,NONE
2026-09-29T11:45:05.757+00:00,412.004,manual,Manual cook,temp,2100,137.3,,esp32,,0,,,,,,,,,,,,0,450.0,0.0,0.0,0,NONE
2026-09-29T11:45:06.258+00:00,412.504,manual,Manual cook,temp,2100,136.4,,esp32,,0,,,,,,,,,,,,0,450.0,0.0,0.0,0,NONE
2026-09-29T11:45:07.257+00:00,413.504,manual,Manual cook,temp,2100,137.3,,esp32,,0,,,,,,,,,,,,0,450.0,0.0,0.0,0,NONE
2026-09-29T11:45:07.757+00:00,414.004,manual,Manual cook,temp,2100,136.9,,esp32,,0,,,,,,,,,,,,0,450.0,0.0,0.0,0,NONE
2026-09-29T11:45:08.257+00:00,414.504,manual,Manual cook,temp,2100,136.9,,esp32,,0,,,,,,,,,,,,0,450.0,0.0,0.0,0,NONE
2026-09-29T11:45:09.257+00:00,415.504,manual,Manual cook,temp,2100,136.4,,esp32,,0,,,,,,,,,,,,0,450.0,0.0,0.0,0,NONE
2026-09-29T11:45:09.757+00:00,416.004,manual,Manual cook,temp,2100,136.4,,esp32,,0,,,,,,,,,,,,0,450.0,0.0,0.0,0,NONE
2026-09-29T11:45:10.257+00:00,416.504,manual,Manual cook,temp,2100,136.4,,esp32,,0,,,,,,,,,,,,0,450.0,0.0,0.0,0,NONE
2026-09-29T11:45:11.257+00:00,417.504,manual,Manual cook,temp,2100,135.9,,esp32,,0,,,,,,,,,,,,0,450.0,0.0,0.0,0,NONE
2026-09-29T11:45:12.258+00:00,418.505,manual,Manual cook,temp,2100,136.4,,esp32,,0,,,,,,,,,,,,0,450.0,0.0,0.0,0,NONE
2026-09-29T11:45:13.257+00:00,419.504,manual,Manual cook,temp,2100,136.4,,esp32,,0,,,,,,,,,,,,0,450.0,0.0,0.0,0,NONE
2026-09-29T11:45:14.257+00:00,420.504,manual,Manual cook,temp,2100,135.9,,esp32,,0,,,,,,,,,,,,0,450.0,0.0,0.0,0,NONE
2026-09-29T11:45:15.257+00:00,421.504,manual,Manual cook,temp,2100,135.9,,esp32,,0,,,,,,,,,,,,0,450.0,0.0,0.0,0,NONE
2026-09-29T11:45:16.257+00:00,422.504,manual,Manual cook,temp,2100,135.5,,esp32,,0,,,,,,,,,,,,0,450.0,0.0,0.0,0,NONE
2026-09-29T11:45:17.257+00:00,423.504,manual,Manual cook,temp,2100,135.5,,esp32,,0,,,,,,,,,,,,0,450.0,0.0,0.0,0,NONE
2026-09-29T11:45:17.759+00:00,424.006,manual,Manual cook,temp,2100,134.6,,esp32,,0,,,,,,,,,,,,0,450.0,0.0,0.0,0,NONE
2026-09-29T11:45:18.757+00:00,425.004,manual,Manual cook,temp,2100,135.1,,esp32,,0,,,,,,,,,,,,0,450.0,0.0,0.0,0,NONE
2026-09-29T11:45:19.757+00:00,426.004,manual,Manual cook,temp,2100,135.1,,esp32,,0,,,,,,,,,,,,0,450.0,0.0,0.0,0,NONE
2026-09-29T11:45:20.257+00:00,426.504,manual,Manual cook,temp,2100,135.1,,esp32,,0,,,,,,,,,,,,0,450.0,0.0,0.0,0,NONE
2026-09-29T11:45:21.257+00:00,427.504,manual,Manual cook,temp,2100,135.1,,esp32,,0,,,,,,,,,,,,0,450.0,0.0,0.0,0,NONE
2026-09-29T11:45:22.257+00:00,428.504,manual,Manual cook,temp,2100,134.1,,esp32,,0,,,,,,,,,,,,0,450.0,0.0,0.0,0,NONE
2026-09-29T11:45:23.257+00:00,429.504,manual,Manual cook,temp,2100,134.1,,esp32,,0,,,,,,,,,,,,0,450.0,0.0,0.0,0,NONE
2026-09-29T11:45:24.257+00:00,430.504,manual,Manual cook,temp,2100,134.6,,esp32,,0,,,,,,,,,,,,0,450.0,0.0,0.0,0,NONE
2026-09-29T11:45:25.257+00:00,431.503,manual,Manual cook,temp,2100,135.1,,esp32,,0,,,,,,,,,,,,0,450.0,0.0,0.0,0,NONE
2026-09-29T11:45:26.257+00:00,432.503,manual,Manual cook,temp,2100,134.1,,esp32,,0,,,,,,,,,,,,0,450.0,0.0,0.0,0,NONE
2026-09-29T11:45:26.757+00:00,433.003,manual,Manual cook,temp,2100,134.1,,esp32,,0,,,,,,,,,,,,0,450.0,0.0,0.0,0,NONE
2026-09-29T11:45:27.257+00:00,433.503,manual,Manual cook,temp,2100,133.3,,esp32,,0,,,,,,,,,,,,0,450.0,0.0,0.0,0,NONE
2026-09-29T11:45:28.257+00:00,434.504,manual,Manual cook,temp,2100,132.8,,esp32,,0,,,,,,,,,,,,0,450.0,0.0,0.0,0,NONE
2026-09-29T11:45:28.757+00:00,435.004,manual,Manual cook,temp,2100,132.8,,esp32,,0,,,,,,,,,,,,0,450.0,0.0,0.0,0,NONE
2026-09-29T11:45:29.757+00:00,436.003,manual,Manual cook,temp,2100,132.8,,esp32,,0,,,,,,,,,,,,0,450.0,0.0,0.0,0,NONE
2026-09-29T11:45:30.257+00:00,436.504,manual,Manual cook,temp,2100,132.8,,esp32,,0,,,,,,,,,,,,0,450.0,0.0,0.0,0,NONE
2026-09-29T11:45:31.257+00:00,437.503,manual,Manual cook,temp,2100,132.8,,esp32,,0,,,,,,,,,,,,0,450.0,0.0,0.0,0,NONE
2026-09-29T11:45:32.256+00:00,438.503,manual,Manual cook,temp,2100,132.4,,esp32,,0,,,,,,,,,,,,0,450.0,0.0,0.0,0,NONE
2026-09-29T11:45:32.756+00:00,439.003,manual,Manual cook,temp,2100,133.3,,esp32,,0,,,,,,,,,,,,0,450.0,0.0,0.0,0,NONE
2026-09-29T11:45:33.756+00:00,440.003,manual,Manual cook,temp,2100,132.4,,esp32,,0,,,,,,,,,,,,0,450.0,0.0,0.0,0,NONE
2026-09-29T11:45:34.257+00:00,440.504,manual,Manual cook,temp,2100,132.8,,esp32,,0,,,,,,,,,,,,0,450.0,0.0,0.0,0,NONE
2026-09-29T11:45:35.256+00:00,441.503,manual,Manual cook,temp,2100,132.8,,esp32,,0,,,,,,,,,,,,0,450.0,0.0,0.0,0,NONE
2026-09-29T11:45:35.756+00:00,442.003,manual,Manual cook,temp,2100,132.8,,esp32,,0,,,,,,,,,,,,0,450.0,0.0,0.0,0,NONE
2026-09-29T11:45:36.257+00:00,442.504,manual,Manual cook,temp,2100,132.8,,esp32,,0,,,,,,,,,,,,0,450.0,0.0,0.0,0,NONE
2026-09-29T11:45:37.257+00:00,443.504,manual,Manual cook,temp,2100,131.9,,esp32,,0,,,,,,,,,,,,0,450.0,0.0,0.0,0,NONE
2026-09-29T11:45:38.256+00:00,444.503,manual,Manual cook,temp,2100,131.9,,esp32,,0,,,,,,,,,,,,0,450.0,0.0,0.0,0,NONE
2026-09-29T11:45:39.256+00:00,445.503,manual,Manual cook,temp,2100,131.4,,esp32,,0,,,,,,,,,,,,0,450.0,0.0,0.0,0,NONE
2026-09-29T11:45:39.760+00:00,446.007,manual,Manual cook,temp,2100,131.4,,esp32,,0,,,,,,,,,,,,0,450.0,0.0,0.0,0,NONE
2026-09-29T11:45:40.756+00:00,447.003,manual,Manual cook,temp,2100,131.0,,esp32,,0,,,,,,,,,,,,0,450.0,0.0,0.0,0,NONE
2026-09-29T11:45:41.756+00:00,448.003,manual,Manual cook,temp,2100,131.0,,esp32,,0,,,,,,,,,,,,0,450.0,0.0,0.0,0,NONE
2026-09-29T11:45:42.756+00:00,449.003,manual,Manual cook,temp,2100,131.4,,esp32,,0,,,,,,,,,,,,0,450.0,0.0,0.0,0,NONE
2026-09-29T11:45:43.256+00:00,449.503,manual,Manual cook,temp,2100,131.0,,esp32,,0,,,,,,,,,,,,0,450.0,0.0,0.0,0,NONE
2026-09-29T11:45:44.256+00:00,450.503,manual,Manual cook,temp,2100,130.6,,esp32,,0,,,,,,,,,,,,0,450.0,0.0,0.0,0,NONE
2026-09-29T11:45:45.756+00:00,452.003,manual,Manual cook,temp,2100,131.0,,esp32,,0,,,,,,,,,,,,0,450.0,0.0,0.0,0,NONE
2026-09-29T11:45:46.258+00:00,452.504,manual,Manual cook,temp,2100,131.0,,esp32,,0,,,,,,,,,,,,0,450.0,0.0,0.0,0,NONE
2026-09-29T11:45:47.256+00:00,453.503,manual,Manual cook,temp,2100,130.6,,esp32,,0,,,,,,,,,,,,0,450.0,0.0,0.0,0,NONE
2026-09-29T11:45:48.256+00:00,454.503,manual,Manual cook,temp,2100,129.6,,esp32,,0,,,,,,,,,,,,0,450.0,0.0,0.0,0,NONE
2026-09-29T11:45:49.256+00:00,455.503,manual,Manual cook,temp,2100,130.6,,esp32,,0,,,,,,,,,,,,0,450.0,0.0,0.0,0,NONE
2026-09-29T11:45:50.257+00:00,456.503,manual,Manual cook,temp,2100,130.6,,esp32,,0,,,,,,,,,,,,0,450.0,0.0,0.0,0,NONE
2026-09-29T11:45:51.256+00:00,457.503,manual,Manual cook,temp,2100,129.6,,esp32,,0,,,,,,,,,,,,0,450.0,0.0,0.0,0,NONE
2026-09-29T11:45:51.756+00:00,458.003,manual,Manual cook,temp,2100,130.1,,esp32,,0,,,,,,,,,,,,0,450.0,0.0,0.0,0,NONE
2026-09-29T11:45:52.756+00:00,459.003,manual,Manual cook,temp,2100,128.8,,esp32,,0,,,,,,,,,,,,0,450.0,0.0,0.0,0,NONE
2026-09-29T11:45:53.256+00:00,459.503,manual,Manual cook,temp,2100,130.1,,esp32,,0,,,,,,,,,,,,0,450.0,0.0,0.0,0,NONE
2026-09-29T11:45:54.256+00:00,460.503,manual,Manual cook,temp,2100,129.6,,esp32,,0,,,,,,,,,,,,0,450.0,0.0,0.0,0,NONE
2026-09-29T11:45:54.756+00:00,461.003,manual,Manual cook,temp,2100,130.1,,esp32,,0,,,,,,,,,,,,0,450.0,0.0,0.0,0,NONE
2026-09-29T11:45:55.757+00:00,462.003,manual,Manual cook,temp,2100,128.8,,esp32,,0,,,,,,,,,,,,0,450.0,0.0,0.0,0,NONE
2026-09-29T11:45:56.756+00:00,463.003,manual,Manual cook,temp,2100,129.6,,esp32,,0,,,,,,,,,,,,0,450.0,0.0,0.0,0,NONE
2026-09-29T11:45:57.256+00:00,463.503,manual,Manual cook,temp,2100,129.6,,esp32,,0,,,,,,,,,,,,0,450.0,0.0,0.0,0,NONE
2026-09-29T11:45:58.256+00:00,464.503,manual,Manual cook,temp,2100,129.6,,esp32,,0,,,,,,,,,,,,0,450.0,0.0,0.0,0,NONE
2026-09-29T11:45:58.756+00:00,465.003,manual,Manual cook,temp,2100,128.3,,esp32,,0,,,,,,,,,,,,0,450.0,0.0,0.0,0,NONE
2026-09-29T11:45:59.756+00:00,466.003,manual,Manual cook,temp,2100,128.8,,esp32,,0,,,,,,,,,,,,0,450.0,0.0,0.0,0,NONE
2026-09-29T11:46:00.256+00:00,466.503,manual,Manual cook,temp,2100,128.8,,esp32,,0,,,,,,,,,,,,0,450.0,0.0,0.0,0,NONE
2026-09-29T11:46:01.256+00:00,467.503,manual,Manual cook,temp,2100,128.8,,esp32,,0,,,,,,,,,,,,0,450.0,0.0,0.0,0,NONE
2026-09-29T11:46:02.256+00:00,468.502,manual,Manual cook,temp,2100,127.4,,esp32,,0,,,,,,,,,,,,0,450.0,0.0,0.0,0,NONE
2026-09-29T11:46:03.256+00:00,469.502,manual,Manual cook,temp,2100,128.8,,esp32,,0,,,,,,,,,,,,0,450.0,0.0,0.0,0,NONE
2026-09-29T11:46:03.756+00:00,470.002,manual,Manual cook,temp,2100,127.8,,esp32,,0,,,,,,,,,,,,0,450.0,0.0,0.0,0,NONE
2026-09-29T11:46:04.756+00:00,471.002,manual,Manual cook,temp,2100,127.8,,esp32,,0,,,,,,,,,,,,0,450.0,0.0,0.0,0,NONE
2026-09-29T11:46:05.756+00:00,472.002,manual,Manual cook,temp,2100,128.8,,esp32,,0,,,,,,,,,,,,0,450.0,0.0,0.0,0,NONE
2026-09-29T11:46:06.258+00:00,472.504,manual,Manual cook,temp,2100,127.8,,esp32,,0,,,,,,,,,,,,0,450.0,0.0,0.0,0,NONE
2026-09-29T11:46:07.256+00:00,473.502,manual,Manual cook,temp,2100,128.3,,esp32,,0,,,,,,,,,,,,0,450.0,0.0,0.0,0,NONE
2026-09-29T11:46:08.256+00:00,474.502,manual,Manual cook,temp,2100,128.3,,esp32,,0,,,,,,,,,,,,0,450.0,0.0,0.0,0,NONE
2026-09-29T11:46:09.255+00:00,475.502,manual,Manual cook,temp,2100,128.3,,esp32,,0,,,,,,,,,,,,0,450.0,0.0,0.0,0,NONE
2026-09-29T11:46:09.756+00:00,476.002,manual,Manual cook,temp,2100,127.4,,esp32,,0,,,,,,,,,,,,0,450.0,0.0,0.0,0,NONE
2026-09-29T11:46:10.756+00:00,477.002,manual,Manual cook,temp,2100,127.4,,esp32,,0,,,,,,,,,,,,0,450.0,0.0,0.0,0,NONE
2026-09-29T11:46:11.758+00:00,478.005,manual,Manual cook,temp,2100,127.8,,esp32,,0,,,,,,,,,,,,0,450.0,0.0,0.0,0,NONE
2026-09-29T11:46:12.755+00:00,479.002,manual,Manual cook,temp,2100,127.8,,esp32,,0,,,,,,,,,,,,0,450.0,0.0,0.0,0,NONE
2026-09-29T11:46:13.755+00:00,480.002,manual,Manual cook,temp,2100,127.4,,esp32,,0,,,,,,,,,,,,0,450.0,0.0,0.0,0,NONE
2026-09-29T11:46:14.755+00:00,481.002,manual,Manual cook,temp,2100,127.4,,esp32,,0,,,,,,,,,,,,0,450.0,0.0,0.0,0,NONE
2026-09-29T11:46:15.755+00:00,482.002,manual,Manual cook,temp,2100,126.5,,esp32,,0,,,,,,,,,,,,0,450.0,0.0,0.0,0,NONE
2026-09-29T11:46:16.755+00:00,483.002,manual,Manual cook,temp,2100,127.4,,esp32,,0,,,,,,,,,,,,0,450.0,0.0,0.0,0,NONE
2026-09-29T11:46:17.755+00:00,484.002,manual,Manual cook,temp,2100,126.5,,esp32,,0,,,,,,,,,,,,0,450.0,0.0,0.0,0,NONE
2026-09-29T11:46:18.755+00:00,485.002,manual,Manual cook,temp,2100,125.6,,esp32,,0,,,,,,,,,,,,0,450.0,0.0,0.0,0,NONE
2026-09-29T11:46:19.255+00:00,485.502,manual,Manual cook,temp,2100,127.4,,esp32,,0,,,,,,,,,,,,0,450.0,0.0,0.0,0,NONE
2026-09-29T11:46:19.755+00:00,486.002,manual,Manual cook,temp,2100,125.6,,esp32,,0,,,,,,,,,,,,0,450.0,0.0,0.0,0,NONE
2026-09-29T11:46:20.755+00:00,487.002,manual,Manual cook,temp,2100,126.9,,esp32,,0,,,,,,,,,,,,0,450.0,0.0,0.0,0,NONE
2026-09-29T11:46:21.755+00:00,488.002,manual,Manual cook,temp,2100,126.1,,esp32,,0,,,,,,,,,,,,0,450.0,0.0,0.0,0,NONE
2026-09-29T11:46:22.256+00:00,488.503,manual,Manual cook,temp,2100,126.5,,esp32,,0,,,,,,,,,,,,0,450.0,0.0,0.0,0,NONE
2026-09-29T11:46:23.255+00:00,489.502,manual,Manual cook,temp,2100,126.1,,esp32,,0,,,,,,,,,,,,0,450.0,0.0,0.0,0,NONE
2026-09-29T11:46:23.755+00:00,490.002,manual,Manual cook,temp,2100,126.1,,esp32,,0,,,,,,,,,,,,0,450.0,0.0,0.0,0,NONE
2026-09-29T11:46:24.755+00:00,491.002,manual,Manual cook,temp,2100,126.1,,esp32,,0,,,,,,,,,,,,0,450.0,0.0,0.0,0,NONE
2026-09-29T11:46:25.755+00:00,492.002,manual,Manual cook,temp,2100,125.6,,esp32,,0,,,,,,,,,,,,0,450.0,0.0,0.0,0,NONE
2026-09-29T11:46:26.255+00:00,492.502,manual,Manual cook,temp,2100,124.7,,esp32,,0,,,,,,,,,,,,0,450.0,0.0,0.0,0,NONE
2026-09-29T11:46:27.255+00:00,493.502,manual,Manual cook,temp,2100,126.1,,esp32,,0,,,,,,,,,,,,0,450.0,0.0,0.0,0,NONE
2026-09-29T11:46:27.756+00:00,494.003,manual,Manual cook,temp,2100,126.1,,esp32,,0,,,,,,,,,,,,0,450.0,0.0,0.0,0,NONE
2026-09-29T11:46:28.755+00:00,495.002,manual,Manual cook,temp,2100,125.6,,esp32,,0,,,,,,,,,,,,0,450.0,0.0,0.0,0,NONE
2026-09-29T11:46:29.755+00:00,496.002,manual,Manual cook,temp,2100,124.7,,esp32,,0,,,,,,,,,,,,0,450.0,0.0,0.0,0,NONE
2026-09-29T11:46:30.755+00:00,497.002,manual,Manual cook,temp,2100,124.2,,esp32,,0,,,,,,,,,,,,0,450.0,0.0,0.0,0,NONE
2026-09-29T11:46:31.755+00:00,498.002,manual,Manual cook,temp,2100,125.2,,esp32,,0,,,,,,,,,,,,0,450.0,0.0,0.0,0,NONE
2026-09-29T11:46:32.755+00:00,499.002,manual,Manual cook,temp,2100,123.8,,esp32,,0,,,,,,,,,,,,0,450.0,0.0,0.0,0,NONE
2026-09-29T11:46:33.255+00:00,499.502,manual,Manual cook,temp,2100,125.6,,esp32,,0,,,,,,,,,,,,0,450.0,0.0,0.0,0,NONE
2026-09-29T11:46:34.255+00:00,500.501,manual,Manual cook,temp,2100,125.2,,esp32,,0,,,,,,,,,,,,0,450.0,0.0,0.0,0,NONE
2026-09-29T11:46:34.755+00:00,501.002,manual,Manual cook,temp,2100,124.7,,esp32,,0,,,,,,,,,,,,0,450.0,0.0,0.0,0,NONE
2026-09-29T11:46:35.755+00:00,502.001,manual,Manual cook,temp,2100,124.2,,esp32,,0,,,,,,,,,,,,0,450.0,0.0,0.0,0,NONE
2026-09-29T11:46:36.255+00:00,502.502,manual,Manual cook,temp,2100,124.2,,esp32,,0,,,,,,,,,,,,0,450.0,0.0,0.0,0,NONE
2026-09-29T11:46:36.755+00:00,503.002,manual,Manual cook,temp,2100,124.7,,esp32,,0,,,,,,,,,,,,0,450.0,0.0,0.0,0,NONE
2026-09-29T11:46:37.755+00:00,504.002,manual,Manual cook,temp,2100,124.7,,esp32,,0,,,,,,,,,,,,0,450.0,0.0,0.0,0,NONE
2026-09-29T11:46:38.255+00:00,504.502,manual,Manual cook,temp,2100,124.7,,esp32,,0,,,,,,,,,,,,0,450.0,0.0,0.0,0,NONE
2026-09-29T11:46:39.255+00:00,505.502,manual,Manual cook,temp,2100,123.3,,esp32,,0,,,,,,,,,,,,0,450.0,0.0,0.0,0,NONE
2026-09-29T11:46:40.255+00:00,506.502,manual,Manual cook,temp,2100,124.2,,esp32,,0,,,,,,,,,,,,0,450.0,0.0,0.0,0,NONE
2026-09-29T11:46:41.255+00:00,507.501,manual,Manual cook,temp,2100,124.7,,esp32,,0,,,,,,,,,,,,0,450.0,0.0,0.0,0,NONE
2026-09-29T11:46:42.254+00:00,508.501,manual,Manual cook,temp,2100,124.7,,esp32,,0,,,,,,,,,,,,0,450.0,0.0,0.0,0,NONE
2026-09-29T11:46:42.755+00:00,509.001,manual,Manual cook,temp,2100,122.9,,esp32,,0,,,,,,,,,,,,0,450.0,0.0,0.0,0,NONE
2026-09-29T11:46:43.255+00:00,509.502,manual,Manual cook,temp,2100,122.9,,esp32,,0,,,,,,,,,,,,0,450.0,0.0,0.0,0,NONE
2026-09-29T11:46:43.756+00:00,510.003,manual,Manual cook,temp,2100,123.8,,esp32,,0,,,,,,,,,,,,0,450.0,0.0,0.0,0,NONE
2026-09-29T11:46:44.754+00:00,511.001,manual,Manual cook,temp,2100,123.3,,esp32,,0,,,,,,,,,,,,0,450.0,0.0,0.0,0,NONE
2026-09-29T11:46:45.754+00:00,512.001,manual,Manual cook,temp,2100,123.8,,esp32,,0,,,,,,,,,,,,0,450.0,0.0,0.0,0,NONE
2026-09-29T11:46:46.256+00:00,512.502,manual,Manual cook,temp,2100,123.8,,esp32,,0,,,,,,,,,,,,0,450.0,0.0,0.0,0,NONE
2026-09-29T11:46:47.254+00:00,513.501,manual,Manual cook,temp,2100,123.8,,esp32,,0,,,,,,,,,,,,0,450.0,0.0,0.0,0,NONE
2026-09-29T11:46:47.754+00:00,514.001,manual,Manual cook,temp,2100,123.8,,esp32,,0,,,,,,,,,,,,0,450.0,0.0,0.0,0,NONE
2026-09-29T11:46:48.254+00:00,514.501,manual,Manual cook,temp,2100,123.8,,esp32,,0,,,,,,,,,,,,0,450.0,0.0,0.0,0,NONE
2026-09-29T11:46:48.754+00:00,515.001,manual,Manual cook,temp,2100,123.3,,esp32,,0,,,,,,,,,,,,0,450.0,0.0,0.0,0,NONE
2026-09-29T11:46:49.255+00:00,515.502,manual,Manual cook,temp,2100,122.4,,esp32,,0,,,,,,,,,,,,0,450.0,0.0,0.0,0,NONE
2026-09-29T11:46:50.254+00:00,516.501,manual,Manual cook,temp,2100,123.3,,esp32,,0,,,,,,,,,,,,0,450.0,0.0,0.0,0,NONE
2026-09-29T11:46:50.754+00:00,517.001,manual,Manual cook,temp,2100,122.9,,esp32,,0,,,,,,,,,,,,0,450.0,0.0,0.0,0,NONE
2026-09-29T11:46:51.754+00:00,518.001,manual,Manual cook,temp,2100,122.4,,esp32,,0,,,,,,,,,,,,0,450.0,0.0,0.0,0,NONE
2026-09-29T11:46:52.255+00:00,518.501,manual,Manual cook,temp,2100,122.4,,esp32,,0,,,,,,,,,,,,0,450.0,0.0,0.0,0,NONE
2026-09-29T11:46:53.254+00:00,519.501,manual,Manual cook,temp,2100,122.9,,esp32,,0,,,,,,,,,,,,0,450.0,0.0,0.0,0,NONE
2026-09-29T11:46:54.255+00:00,520.502,manual,Manual cook,temp,2100,122.0,,esp32,,0,,,,,,,,,,,,0,450.0,0.0,0.0,0,NONE
2026-09-29T11:46:55.254+00:00,521.501,manual,Manual cook,temp,2100,122.9,,esp32,,0,,,,,,,,,,,,0,450.0,0.0,0.0,0,NONE
2026-09-29T11:46:56.254+00:00,522.501,manual,Manual cook,temp,2100,122.0,,esp32,,0,,,,,,,,,,,,0,450.0,0.0,0.0,0,NONE
2026-09-29T11:46:57.254+00:00,523.501,manual,Manual cook,temp,2100,122.4,,esp32,,0,,,,,,,,,,,,0,450.0,0.0,0.0,0,NONE
2026-09-29T11:46:58.254+00:00,524.501,manual,Manual cook,temp,2100,122.0,,esp32,,0,,,,,,,,,,,,0,450.0,0.0,0.0,0,NONE
2026-09-29T11:46:59.254+00:00,525.501,manual,Manual cook,temp,2100,122.0,,esp32,,0,,,,,,,,,,,,0,450.0,0.0,0.0,0,NONE
2026-09-29T11:46:59.755+00:00,526.002,manual,Manual cook,temp,2100,122.0,,esp32,,0,,,,,,,,,,,,0,450.0,0.0,0.0,0,NONE
2026-09-29T11:47:00.754+00:00,527.001,manual,Manual cook,temp,2100,121.6,,esp32,,0,,,,,,,,,,,,0,450.0,0.0,0.0,0,NONE
2026-09-29T11:47:01.254+00:00,527.501,manual,Manual cook,temp,2100,121.6,,esp32,,0,,,,,,,,,,,,0,450.0,0.0,0.0,0,NONE
2026-09-29T11:47:02.254+00:00,528.501,manual,Manual cook,temp,2100,122.0,,esp32,,0,,,,,,,,,,,,0,450.0,0.0,0.0,0,NONE
2026-09-29T11:47:03.254+00:00,529.501,manual,Manual cook,temp,2100,120.7,,esp32,,0,,,,,,,,,,,,0,450.0,0.0,0.0,0,NONE
2026-09-29T11:47:04.254+00:00,530.501,manual,Manual cook,temp,2100,120.2,,esp32,,0,,,,,,,,,,,,0,450.0,0.0,0.0,0,NONE
2026-09-29T11:47:04.754+00:00,531.001,manual,Manual cook,temp,2100,121.6,,esp32,,0,,,,,,,,,,,,0,450.0,0.0,0.0,0,NONE
2026-09-29T11:47:05.256+00:00,531.503,manual,Manual cook,temp,2100,121.6,,esp32,,0,,,,,,,,,,,,0,450.0,0.0,0.0,0,NONE
2026-09-29T11:47:06.254+00:00,532.501,manual,Manual cook,temp,2100,121.6,,esp32,,0,,,,,,,,,,,,0,450.0,0.0,0.0,0,NONE
2026-09-29T11:47:07.254+00:00,533.501,manual,Manual cook,temp,2100,120.7,,esp32,,0,,,,,,,,,,,,0,450.0,0.0,0.0,0,NONE
2026-09-29T11:47:08.254+00:00,534.501,manual,Manual cook,temp,2100,121.6,,esp32,,0,,,,,,,,,,,,0,450.0,0.0,0.0,0,NONE
2026-09-29T11:47:09.254+00:00,535.501,manual,Manual cook,temp,2100,120.7,,esp32,,0,,,,,,,,,,,,0,450.0,0.0,0.0,0,NONE
2026-09-29T11:47:10.254+00:00,536.501,manual,Manual cook,temp,2100,120.2,,esp32,,0,,,,,,,,,,,,0,450.0,0.0,0.0,0,NONE
2026-09-29T11:47:11.254+00:00,537.500,manual,Manual cook,temp,2100,120.7,,esp32,,0,,,,,,,,,,,,0,450.0,0.0,0.0,0,NONE
2026-09-29T11:47:12.254+00:00,538.500,manual,Manual cook,temp,2100,121.1,,esp32,,0,,,,,,,,,,,,0,450.0,0.0,0.0,0,NONE
2026-09-29T11:47:12.754+00:00,539.000,manual,Manual cook,temp,2100,120.7,,esp32,,0,,,,,,,,,,,,0,450.0,0.0,0.0,0,NONE
2026-09-29T11:47:13.754+00:00,540.000,manual,Manual cook,temp,2100,120.7,,esp32,,0,,,,,,,,,,,,0,450.0,0.0,0.0,0,NONE
2026-09-29T11:47:14.754+00:00,541.000,manual,Manual cook,temp,2100,120.7,,esp32,,0,,,,,,,,,,,,0,450.0,0.0,0.0,0,NONE
2026-09-29T11:47:15.755+00:00,542.001,manual,Manual cook,temp,2100,120.2,,esp32,,0,,,,,,,,,,,,0,450.0,0.0,0.0,0,NONE
2026-09-29T11:47:16.754+00:00,543.000,manual,Manual cook,temp,2100,120.7,,esp32,,0,,,,,,,,,,,,0,450.0,0.0,0.0,0,NONE
2026-09-29T11:47:17.754+00:00,544.000,manual,Manual cook,temp,2100,120.2,,esp32,,0,,,,,,,,,,,,0,450.0,0.0,0.0,0,NONE
2026-09-29T11:47:18.254+00:00,544.501,manual,Manual cook,temp,2100,120.2,,esp32,,0,,,,,,,,,,,,0,450.0,0.0,0.0,0,NONE
2026-09-29T11:47:19.254+00:00,545.500,manual,Manual cook,temp,2100,120.2,,esp32,,0,,,,,,,,,,,,0,450.0,0.0,0.0,0,NONE
2026-09-29T11:47:20.253+00:00,546.500,manual,Manual cook,temp,2100,119.7,,esp32,,0,,,,,,,,,,,,0,450.0,0.0,0.0,0,NONE
2026-09-29T11:47:21.255+00:00,547.501,manual,Manual cook,temp,2100,119.7,,esp32,,0,,,,,,,,,,,,0,450.0,0.0,0.0,0,NONE
2026-09-29T11:47:22.253+00:00,548.500,manual,Manual cook,temp,2100,119.7,,esp32,,0,,,,,,,,,,,,0,450.0,0.0,0.0,0,NONE
2026-09-29T11:47:23.253+00:00,549.500,manual,Manual cook,temp,2100,119.7,,esp32,,0,,,,,,,,,,,,0,450.0,0.0,0.0,0,NONE
2026-09-29T11:47:24.253+00:00,550.500,manual,Manual cook,temp,2100,118.4,,esp32,,0,,,,,,,,,,,,0,450.0,0.0,0.0,0,NONE
2026-09-29T11:47:25.253+00:00,551.500,manual,Manual cook,temp,2100,119.7,,esp32,,0,,,,,,,,,,,,0,450.0,0.0,0.0,0,NONE
2026-09-29T11:47:26.253+00:00,552.500,manual,Manual cook,temp,2100,118.8,,esp32,,0,,,,,,,,,,,,0,450.0,0.0,0.0,0,NONE
2026-09-29T11:47:27.253+00:00,553.500,manual,Manual cook,temp,2100,118.8,,esp32,,0,,,,,,,,,,,,0,450.0,0.0,0.0,0,NONE
2026-09-29T11:47:28.253+00:00,554.500,manual,Manual cook,temp,2100,118.8,,esp32,,0,,,,,,,,,,,,0,450.0,0.0,0.0,0,NONE
2026-09-29T11:47:29.253+00:00,555.500,manual,Manual cook,temp,2100,118.8,,esp32,,0,,,,,,,,,,,,0,450.0,0.0,0.0,0,NONE
2026-09-29T11:47:30.253+00:00,556.500,manual,Manual cook,temp,2100,118.8,,esp32,,0,,,,,,,,,,,,0,450.0,0.0,0.0,0,NONE
2026-09-29T11:47:30.753+00:00,557.000,manual,Manual cook,temp,2100,118.8,,esp32,,0,,,,,,,,,,,,0,450.0,0.0,0.0,0,NONE
2026-09-29T11:47:31.756+00:00,558.003,manual,Manual cook,temp,2100,118.8,,esp32,,0,,,,,,,,,,,,0,450.0,0.0,0.0,0,NONE
2026-09-29T11:47:32.753+00:00,559.000,manual,Manual cook,temp,2100,118.8,,esp32,,0,,,,,,,,,,,,0,450.0,0.0,0.0,0,NONE
2026-09-29T11:47:33.753+00:00,560.000,manual,Manual cook,temp,2100,118.4,,esp32,,0,,,,,,,,,,,,0,450.0,0.0,0.0,0,NONE
2026-09-29T11:47:34.753+00:00,561.000,manual,Manual cook,temp,2100,118.4,,esp32,,0,,,,,,,,,,,,0,450.0,0.0,0.0,0,NONE
2026-09-29T11:47:35.253+00:00,561.500,manual,Manual cook,temp,2100,118.4,,esp32,,0,,,,,,,,,,,,0,450.0,0.0,0.0,0,NONE
2026-09-29T11:47:36.253+00:00,562.500,manual,Manual cook,temp,2100,117.1,,esp32,,0,,,,,,,,,,,,0,450.0,0.0,0.0,0,NONE
2026-09-29T11:47:37.253+00:00,563.500,manual,Manual cook,temp,2100,117.9,,esp32,,0,,,,,,,,,,,,0,450.0,0.0,0.0,0,NONE
2026-09-29T11:47:38.254+00:00,564.501,manual,Manual cook,temp,2100,117.5,,esp32,,0,,,,,,,,,,,,0,450.0,0.0,0.0,0,NONE
2026-09-29T11:47:39.253+00:00,565.500,manual,Manual cook,temp,2100,117.9,,esp32,,0,,,,,,,,,,,,0,450.0,0.0,0.0,0,NONE
2026-09-29T11:47:40.253+00:00,566.500,manual,Manual cook,temp,2100,117.5,,esp32,,0,,,,,,,,,,,,0,450.0,0.0,0.0,0,NONE
2026-09-29T11:47:40.753+00:00,567.000,manual,Manual cook,temp,2100,117.9,,esp32,,0,,,,,,,,,,,,0,450.0,0.0,0.0,0,NONE
2026-09-29T11:47:41.253+00:00,567.500,manual,Manual cook,temp,2100,117.1,,esp32,,0,,,,,,,,,,,,0,450.0,0.0,0.0,0,NONE
2026-09-29T11:47:42.253+00:00,568.500,manual,Manual cook,temp,2100,117.5,,esp32,,0,,,,,,,,,,,,0,450.0,0.0,0.0,0,NONE
2026-09-29T11:47:42.754+00:00,569.000,manual,Manual cook,temp,2100,117.5,,esp32,,0,,,,,,,,,,,,0,450.0,0.0,0.0,0,NONE
2026-09-29T11:47:43.753+00:00,570.000,manual,Manual cook,temp,2100,116.6,,esp32,,0,,,,,,,,,,,,0,450.0,0.0,0.0,0,NONE
2026-09-29T11:47:44.253+00:00,570.500,manual,Manual cook,temp,2100,117.9,,esp32,,0,,,,,,,,,,,,0,450.0,0.0,0.0,0,NONE
2026-09-29T11:47:45.253+00:00,571.499,manual,Manual cook,temp,2100,117.5,,esp32,,0,,,,,,,,,,,,0,450.0,0.0,0.0,0,NONE
2026-09-29T11:47:45.753+00:00,572.000,manual,Manual cook,temp,2100,117.5,,esp32,,0,,,,,,,,,,,,0,450.0,0.0,0.0,0,NONE
2026-09-29T11:47:46.753+00:00,572.999,manual,Manual cook,temp,2100,117.9,,esp32,,0,,,,,,,,,,,,0,450.0,0.0,0.0,0,NONE
2026-09-29T11:47:47.253+00:00,573.500,manual,Manual cook,temp,2100,117.9,,esp32,,0,,,,,,,,,,,,0,450.0,0.0,0.0,0,NONE
2026-09-29T11:47:48.254+00:00,574.501,manual,Manual cook,temp,2100,116.2,,esp32,,0,,,,,,,,,,,,0,450.0,0.0,0.0,0,NONE
2026-09-29T11:47:49.253+00:00,575.499,manual,Manual cook,temp,2100,116.6,,esp32,,0,,,,,,,,,,,,0,450.0,0.0,0.0,0,NONE
2026-09-29T11:47:50.253+00:00,576.500,manual,Manual cook,temp,2100,117.1,,esp32,,0,,,,,,,,,,,,0,450.0,0.0,0.0,0,NONE
2026-09-29T11:47:50.753+00:00,577.000,manual,Manual cook,temp,2100,116.6,,esp32,,0,,,,,,,,,,,,0,450.0,0.0,0.0,0,NONE
2026-09-29T11:47:51.753+00:00,577.999,manual,Manual cook,temp,2100,116.2,,esp32,,0,,,,,,,,,,,,0,450.0,0.0,0.0,0,NONE
2026-09-29T11:47:52.253+00:00,578.499,manual,Manual cook,temp,2100,116.6,,esp32,,0,,,,,,,,,,,,0,450.0,0.0,0.0,0,NONE
2026-09-29T11:47:53.253+00:00,579.499,manual,Manual cook,temp,2100,115.2,,esp32,,0,,,,,,,,,,,,0,450.0,0.0,0.0,0,NONE
2026-09-29T11:47:53.755+00:00,580.002,manual,Manual cook,temp,2100,116.2,,esp32,,0,,,,,,,,,,,,0,450.0,0.0,0.0,0,NONE
2026-09-29T11:47:54.752+00:00,580.999,manual,Manual cook,temp,2100,116.6,,esp32,,0,,,,,,,,,,,,0,450.0,0.0,0.0,0,NONE
2026-09-29T11:47:55.753+00:00,581.999,manual,Manual cook,temp,2100,116.2,,esp32,,0,,,,,,,,,,,,0,450.0,0.0,0.0,0,NONE
2026-09-29T11:47:56.253+00:00,582.499,manual,Manual cook,temp,2100,116.2,,esp32,,0,,,,,,,,,,,,0,450.0,0.0,0.0,0,NONE
2026-09-29T11:47:57.252+00:00,583.499,manual,Manual cook,temp,2100,115.7,,esp32,,0,,,,,,,,,,,,0,450.0,0.0,0.0,0,NONE
2026-09-29T11:47:58.252+00:00,584.499,manual,Manual cook,temp,2100,115.2,,esp32,,0,,,,,,,,,,,,0,450.0,0.0,0.0,0,NONE
2026-09-29T11:47:58.752+00:00,584.999,manual,Manual cook,temp,2100,116.2,,esp32,,0,,,,,,,,,,,,0,450.0,0.0,0.0,0,NONE
2026-09-29T11:47:59.253+00:00,585.500,manual,Manual cook,temp,2100,115.7,,esp32,,0,,,,,,,,,,,,0,450.0,0.0,0.0,0,NONE
2026-09-29T11:48:00.252+00:00,586.499,manual,Manual cook,temp,2100,115.7,,esp32,,0,,,,,,,,,,,,0,450.0,0.0,0.0,0,NONE
2026-09-29T11:48:01.253+00:00,587.500,manual,Manual cook,temp,2100,116.2,,esp32,,0,,,,,,,,,,,,0,450.0,0.0,0.0,0,NONE
2026-09-29T11:48:02.252+00:00,588.499,manual,Manual cook,temp,2100,115.7,,esp32,,0,,,,,,,,,,,,0,450.0,0.0,0.0,0,NONE
2026-09-29T11:48:03.252+00:00,589.499,manual,Manual cook,temp,2100,116.2,,esp32,,0,,,,,,,,,,,,0,450.0,0.0,0.0,0,NONE
2026-09-29T11:48:04.252+00:00,590.499,manual,Manual cook,temp,2100,115.7,,esp32,,0,,,,,,,,,,,,0,450.0,0.0,0.0,0,NONE
2026-09-29T11:48:04.753+00:00,591.000,manual,Manual cook,temp,2100,115.7,,esp32,,0,,,,,,,,,,,,0,450.0,0.0,0.0,0,NONE
2026-09-29T11:48:05.752+00:00,591.999,manual,Manual cook,temp,2100,114.8,,esp32,,0,,,,,,,,,,,,0,450.0,0.0,0.0,0,NONE
2026-09-29T11:48:06.252+00:00,592.499,manual,Manual cook,temp,2100,115.2,,esp32,,0,,,,,,,,,,,,0,450.0,0.0,0.0,0,NONE
2026-09-29T11:48:07.253+00:00,593.499,manual,Manual cook,temp,2100,115.2,,esp32,,0,,,,,,,,,,,,0,450.0,0.0,0.0,0,NONE
2026-09-29T11:48:08.252+00:00,594.499,manual,Manual cook,temp,2100,114.8,,esp32,,0,,,,,,,,,,,,0,450.0,0.0,0.0,0,NONE
2026-09-29T11:48:09.252+00:00,595.499,manual,Manual cook,temp,2100,115.2,,esp32,,0,,,,,,,,,,,,0,450.0,0.0,0.0,0,NONE
2026-09-29T11:48:10.252+00:00,596.499,manual,Manual cook,temp,2100,115.2,,esp32,,0,,,,,,,,,,,,0,450.0,0.0,0.0,0,NONE
2026-09-29T11:48:11.252+00:00,597.499,manual,Manual cook,temp,2100,115.2,,esp32,,0,,,,,,,,,,,,0,450.0,0.0,0.0,0,NONE
2026-09-29T11:48:11.752+00:00,597.999,manual,Manual cook,temp,2100,115.2,,esp32,,0,,,,,,,,,,,,0,450.0,0.0,0.0,0,NONE
2026-09-29T11:48:12.752+00:00,598.999,manual,Manual cook,temp,2100,114.8,,esp32,,0,,,,,,,,,,,,0,450.0,0.0,0.0,0,NONE
2026-09-29T11:48:13.752+00:00,599.999,manual,Manual cook,temp,2100,114.8,,esp32,,0,,,,,,,,,,,,0,450.0,0.0,0.0,0,NONE
2026-09-29T11:48:14.252+00:00,600.499,manual,Manual cook,temp,2100,114.8,,esp32,,0,,,,,,,,,,,,0,450.0,0.0,0.0,0,NONE
2026-09-29T11:48:15.752+00:00,601.999,manual,Manual cook,temp,2100,114.8,,esp32,,0,,,,,,,,,,,,0,450.0,0.0,0.0,0,NONE
2026-09-29T11:48:16.252+00:00,602.499,manual,Manual cook,temp,2100,113.0,,esp32,,0,,,,,,,,,,,,0,450.0,0.0,0.0,0,NONE
2026-09-29T11:48:16.752+00:00,602.999,manual,Manual cook,temp,2100,114.3,,esp32,,0,,,,,,,,,,,,0,450.0,0.0,0.0,0,NONE
2026-09-29T11:48:17.752+00:00,603.998,manual,Manual cook,temp,2100,114.3,,esp32,,0,,,,,,,,,,,,0,450.0,0.0,0.0,0,NONE
2026-09-29T11:48:18.752+00:00,604.999,manual,Manual cook,temp,2100,113.9,,esp32,,0,,,,,,,,,,,,0,450.0,0.0,0.0,0,NONE
2026-09-29T11:48:19.752+00:00,605.999,manual,Manual cook,temp,2100,113.4,,esp32,,0,,,,,,,,,,,,0,450.0,0.0,0.0,0,NONE
2026-09-29T11:48:20.252+00:00,606.499,manual,Manual cook,temp,2100,113.4,,esp32,,0,,,,,,,,,,,,0,450.0,0.0,0.0,0,NONE
2026-09-29T11:48:20.752+00:00,606.999,manual,Manual cook,temp,2100,113.4,,esp32,,0,,,,,,,,,,,,0,450.0,0.0,0.0,0,NONE
2026-09-29T11:48:21.752+00:00,607.998,manual,Manual cook,temp,2100,113.9,,esp32,,0,,,,,,,,,,,,0,450.0,0.0,0.0,0,NONE
2026-09-29T11:48:22.252+00:00,608.499,manual,Manual cook,temp,2100,114.3,,esp32,,0,,,,,,,,,,,,0,450.0,0.0,0.0,0,NONE
2026-09-29T11:48:23.252+00:00,609.498,manual,Manual cook,temp,2100,113.0,,esp32,,0,,,,,,,,,,,,0,450.0,0.0,0.0,0,NONE
2026-09-29T11:48:23.752+00:00,609.998,manual,Manual cook,temp,2100,113.0,,esp32,,0,,,,,,,,,,,,0,450.0,0.0,0.0,0,NONE
2026-09-29T11:48:24.752+00:00,610.998,manual,Manual cook,temp,2100,112.6,,esp32,,0,,,,,,,,,,,,0,450.0,0.0,0.0,0,NONE
2026-09-29T11:48:25.252+00:00,611.498,manual,Manual cook,temp,2100,113.0,,esp32,,0,,,,,,,,,,,,0,450.0,0.0,0.0,0,NONE
2026-09-29T11:48:26.253+00:00,612.500,manual,Manual cook,temp,2100,113.4,,esp32,,0,,,,,,,,,,,,0,450.0,0.0,0.0,0,NONE
2026-09-29T11:48:27.252+00:00,613.499,manual,Manual cook,temp,2100,113.0,,esp32,,0,,,,,,,,,,,,0,450.0,0.0,0.0,0,NONE
2026-09-29T11:48:28.251+00:00,614.498,manual,Manual cook,temp,2100,114.3,,esp32,,0,,,,,,,,,,,,0,450.0,0.0,0.0,0,NONE
2026-09-29T11:48:28.752+00:00,614.998,manual,Manual cook,temp,2100,113.0,,esp32,,0,,,,,,,,,,,,0,450.0,0.0,0.0,0,NONE
2026-09-29T11:48:29.751+00:00,615.998,manual,Manual cook,temp,2100,113.4,,esp32,,0,,,,,,,,,,,,0,450.0,0.0,0.0,0,NONE
2026-09-29T11:48:30.252+00:00,616.499,manual,Manual cook,temp,2100,113.0,,esp32,,0,,,,,,,,,,,,0,450.0,0.0,0.0,0,NONE
2026-09-29T11:48:31.251+00:00,617.498,manual,Manual cook,temp,2100,113.4,,esp32,,0,,,,,,,,,,,,0,450.0,0.0,0.0,0,NONE
2026-09-29T11:48:32.251+00:00,618.498,manual,Manual cook,temp,2100,113.4,,esp32,,0,,,,,,,,,,,,0,450.0,0.0,0.0,0,NONE
2026-09-29T11:48:33.251+00:00,619.498,manual,Manual cook,temp,2100,112.6,,esp32,,0,,,,,,,,,,,,0,450.0,0.0,0.0,0,NONE
2026-09-29T11:48:34.251+00:00,620.498,manual,Manual cook,temp,2100,113.0,,esp32,,0,,,,,,,,,,,,0,450.0,0.0,0.0,0,NONE
2026-09-29T11:48:35.251+00:00,621.498,manual,Manual cook,temp,2100,113.4,,esp32,,0,,,,,,,,,,,,0,450.0,0.0,0.0,0,NONE
2026-09-29T11:48:35.752+00:00,621.998,manual,Manual cook,temp,2100,113.4,,esp32,,0,,,,,,,,,,,,0,450.0,0.0,0.0,0,NONE
2026-09-29T11:48:36.253+00:00,622.499,manual,Manual cook,temp,2100,112.6,,esp32,,0,,,,,,,,,,,,0,450.0,0.0,0.0,0,NONE
2026-09-29T11:48:37.251+00:00,623.498,manual,Manual cook,temp,2100,112.6,,esp32,,0,,,,,,,,,,,,0,450.0,0.0,0.0,0,NONE
2026-09-29T11:48:38.251+00:00,624.498,manual,Manual cook,temp,2100,112.6,,esp32,,0,,,,,,,,,,,,0,450.0,0.0,0.0,0,NONE
2026-09-29T11:48:39.251+00:00,625.498,manual,Manual cook,temp,2100,112.1,,esp32,,0,,,,,,,,,,,,0,450.0,0.0,0.0,0,NONE
2026-09-29T11:48:40.251+00:00,626.498,manual,Manual cook,temp,2100,111.7,,esp32,,0,,,,,,,,,,,,0,450.0,0.0,0.0,0,NONE
2026-09-29T11:48:41.252+00:00,627.499,manual,Manual cook,temp,2100,113.0,,esp32,,0,,,,,,,,,,,,0,450.0,0.0,0.0,0,NONE
2026-09-29T11:48:42.252+00:00,628.498,manual,Manual cook,temp,2100,112.1,,esp32,,0,,,,,,,,,,,,0,450.0,0.0,0.0,0,NONE
2026-09-29T11:48:43.251+00:00,629.498,manual,Manual cook,temp,2100,111.7,,esp32,,0,,,,,,,,,,,,0,450.0,0.0,0.0,0,NONE
2026-09-29T11:48:44.252+00:00,630.499,manual,Manual cook,temp,2100,112.1,,esp32,,0,,,,,,,,,,,,0,450.0,0.0,0.0,0,NONE
2026-09-29T11:48:45.251+00:00,631.498,manual,Manual cook,temp,2100,112.1,,esp32,,0,,,,,,,,,,,,0,450.0,0.0,0.0,0,NONE
2026-09-29T11:48:45.751+00:00,631.998,manual,Manual cook,temp,2100,112.1,,esp32,,0,,,,,,,,,,,,0,450.0,0.0,0.0,0,NONE
2026-09-29T11:48:46.751+00:00,632.998,manual,Manual cook,temp,2100,111.7,,esp32,,0,,,,,,,,,,,,0,450.0,0.0,0.0,0,NONE
2026-09-29T11:48:47.252+00:00,633.499,manual,Manual cook,temp,2100,112.1,,esp32,,0,,,,,,,,,,,,0,450.0,0.0,0.0,0,NONE
2026-09-29T11:48:48.251+00:00,634.498,manual,Manual cook,temp,2100,111.7,,esp32,,0,,,,,,,,,,,,0,450.0,0.0,0.0,0,NONE
2026-09-29T11:48:49.251+00:00,635.498,manual,Manual cook,temp,2100,111.2,,esp32,,0,,,,,,,,,,,,0,450.0,0.0,0.0,0,NONE
2026-09-29T11:48:50.251+00:00,636.498,manual,Manual cook,temp,2100,110.7,,esp32,,0,,,,,,,,,,,,0,450.0,0.0,0.0,0,NONE
2026-09-29T11:48:51.251+00:00,637.498,manual,Manual cook,temp,2100,112.1,,esp32,,0,,,,,,,,,,,,0,450.0,0.0,0.0,0,NONE
2026-09-29T11:48:52.251+00:00,638.498,manual,Manual cook,temp,2100,111.7,,esp32,,0,,,,,,,,,,,,0,450.0,0.0,0.0,0,NONE
2026-09-29T11:48:53.252+00:00,639.499,manual,Manual cook,temp,2100,110.7,,esp32,,0,,,,,,,,,,,,0,450.0,0.0,0.0,0,NONE
2026-09-29T11:48:54.251+00:00,640.498,manual,Manual cook,temp,2100,110.7,,esp32,,0,,,,,,,,,,,,0,450.0,0.0,0.0,0,NONE
2026-09-29T11:48:54.751+00:00,640.998,manual,Manual cook,temp,2100,111.2,,esp32,,0,,,,,,,,,,,,0,450.0,0.0,0.0,0,NONE
2026-09-29T11:48:55.751+00:00,641.998,manual,Manual cook,temp,2100,111.2,,esp32,,0,,,,,,,,,,,,0,450.0,0.0,0.0,0,NONE
2026-09-29T11:48:56.251+00:00,642.498,manual,Manual cook,temp,2100,111.2,,esp32,,0,,,,,,,,,,,,0,450.0,0.0,0.0,0,NONE
2026-09-29T11:48:57.251+00:00,643.498,manual,Manual cook,temp,2100,110.3,,esp32,,0,,,,,,,,,,,,0,450.0,0.0,0.0,0,NONE
2026-09-29T11:48:57.751+00:00,643.998,manual,Manual cook,temp,2100,111.2,,esp32,,0,,,,,,,,,,,,0,450.0,0.0,0.0,0,NONE
2026-09-29T11:48:58.751+00:00,644.998,manual,Manual cook,temp,2100,111.2,,esp32,,0,,,,,,,,,,,,0,450.0,0.0,0.0,0,NONE
2026-09-29T11:48:59.751+00:00,645.997,manual,Manual cook,temp,2100,111.2,,esp32,,0,,,,,,,,,,,,0,450.0,0.0,0.0,0,NONE
2026-09-29T11:49:00.751+00:00,646.997,manual,Manual cook,temp,2100,109.8,,esp32,,0,,,,,,,,,,,,0,450.0,0.0,0.0,0,NONE
2026-09-29T11:49:01.251+00:00,647.497,manual,Manual cook,temp,2100,109.8,,esp32,,0,,,,,,,,,,,,0,450.0,0.0,0.0,0,NONE
2026-09-29T11:49:01.751+00:00,647.998,manual,Manual cook,temp,2100,109.8,,esp32,,0,,,,,,,,,,,,0,450.0,0.0,0.0,0,NONE
2026-09-29T11:49:02.751+00:00,648.997,manual,Manual cook,temp,2100,111.2,,esp32,,0,,,,,,,,,,,,0,450.0,0.0,0.0,0,NONE
2026-09-29T11:49:03.251+00:00,649.497,manual,Manual cook,temp,2100,109.8,,esp32,,0,,,,,,,,,,,,0,450.0,0.0,0.0,0,NONE
2026-09-29T11:49:03.752+00:00,649.998,manual,Manual cook,temp,2100,109.8,,esp32,,0,,,,,,,,,,,,0,450.0,0.0,0.0,0,NONE
2026-09-29T11:49:04.750+00:00,650.997,manual,Manual cook,temp,2100,109.8,,esp32,,0,,,,,,,,,,,,0,450.0,0.0,0.0,0,NONE
2026-09-29T11:49:05.250+00:00,651.497,manual,Manual cook,temp,2100,110.7,,esp32,,0,,,,,,,,,,,,0,450.0,0.0,0.0,0,NONE
2026-09-29T11:49:06.250+00:00,652.497,manual,Manual cook,temp,2100,110.7,,esp32,,0,,,,,,,,,,,,0,450.0,0.0,0.0,0,NONE
2026-09-29T11:49:07.252+00:00,653.499,manual,Manual cook,temp,2100,109.4,,esp32,,0,,,,,,,,,,,,0,450.0,0.0,0.0,0,NONE
2026-09-29T11:49:08.250+00:00,654.497,manual,Manual cook,temp,2100,109.8,,esp32,,0,,,,,,,,,,,,0,450.0,0.0,0.0,0,NONE
2026-09-29T11:49:09.251+00:00,655.497,manual,Manual cook,temp,2100,110.3,,esp32,,0,,,,,,,,,,,,0,450.0,0.0,0.0,0,NONE
2026-09-29T11:49:10.251+00:00,656.497,manual,Manual cook,temp,2100,110.3,,esp32,,0,,,,,,,,,,,,0,450.0,0.0,0.0,0,NONE
2026-09-29T11:49:11.250+00:00,657.497,manual,Manual cook,temp,2100,109.8,,esp32,,0,,,,,,,,,,,,0,450.0,0.0,0.0,0,NONE
2026-09-29T11:49:12.250+00:00,658.497,manual,Manual cook,temp,2100,108.9,,esp32,,0,,,,,,,,,,,,0,450.0,0.0,0.0,0,NONE
2026-09-29T11:49:12.751+00:00,658.997,manual,Manual cook,temp,2100,109.8,,esp32,,0,,,,,,,,,,,,0,450.0,0.0,0.0,0,NONE
2026-09-29T11:49:13.750+00:00,659.997,manual,Manual cook,temp,2100,108.9,,esp32,,0,,,,,,,,,,,,0,450.0,0.0,0.0,0,NONE
2026-09-29T11:49:14.751+00:00,660.998,manual,Manual cook,temp,2100,109.4,,esp32,,0,,,,,,,,,,,,0,450.0,0.0,0.0,0,NONE
2026-09-29T11:49:15.750+00:00,661.997,manual,Manual cook,temp,2100,109.8,,esp32,,0,,,,,,,,,,,,0,450.0,0.0,0.0,0,NONE
2026-09-29T11:49:16.250+00:00,662.497,manual,Manual cook,temp,2100,108.9,,esp32,,0,,,,,,,,,,,,0,450.0,0.0,0.0,0,NONE
2026-09-29T11:49:16.750+00:00,662.997,manual,Manual cook,temp,2100,109.4,,esp32,,0,,,,,,,,,,,,0,450.0,0.0,0.0,0,NONE
2026-09-29T11:49:17.750+00:00,663.997,manual,Manual cook,temp,2100,109.4,,esp32,,0,,,,,,,,,,,,0,450.0,0.0,0.0,0,NONE
2026-09-29T11:49:18.750+00:00,664.997,manual,Manual cook,temp,2100,108.9,,esp32,,0,,,,,,,,,,,,0,450.0,0.0,0.0,0,NONE
2026-09-29T11:49:19.750+00:00,665.997,manual,Manual cook,temp,2100,109.8,,esp32,,0,,,,,,,,,,,,0,450.0,0.0,0.0,0,NONE
2026-09-29T11:49:20.251+00:00,666.498,manual,Manual cook,temp,2100,108.9,,esp32,,0,,,,,,,,,,,,0,450.0,0.0,0.0,0,NONE
2026-09-29T11:49:21.250+00:00,667.497,manual,Manual cook,temp,2100,108.9,,esp32,,0,,,,,,,,,,,,0,450.0,0.0,0.0,0,NONE
2026-09-29T11:49:22.250+00:00,668.497,manual,Manual cook,temp,2100,108.5,,esp32,,0,,,,,,,,,,,,0,450.0,0.0,0.0,0,NONE
2026-09-29T11:49:22.750+00:00,668.997,manual,Manual cook,temp,2100,108.9,,esp32,,0,,,,,,,,,,,,0,450.0,0.0,0.0,0,NONE
2026-09-29T11:49:23.750+00:00,669.997,manual,Manual cook,temp,2100,108.9,,esp32,,0,,,,,,,,,,,,0,450.0,0.0,0.0,0,NONE
2026-09-29T11:49:24.250+00:00,670.497,manual,Manual cook,temp,2100,108.9,,esp32,,0,,,,,,,,,,,,0,450.0,0.0,0.0,0,NONE
2026-09-29T11:49:25.250+00:00,671.497,manual,Manual cook,temp,2100,108.9,,esp32,,0,,,,,,,,,,,,0,450.0,0.0,0.0,0,NONE
2026-09-29T11:49:25.754+00:00,672.001,manual,Manual cook,temp,2100,108.5,,esp32,,0,,,,,,,,,,,,0,450.0,0.0,0.0,0,NONE
2026-09-29T11:49:26.750+00:00,672.997,manual,Manual cook,temp,2100,108.9,,esp32,,0,,,,,,,,,,,,0,450.0,0.0,0.0,0,NONE
2026-09-29T11:49:27.250+00:00,673.497,manual,Manual cook,temp,2100,108.9,,esp32,,0,,,,,,,,,,,,0,450.0,0.0,0.0,0,NONE
2026-09-29T11:49:28.250+00:00,674.497,manual,Manual cook,temp,2100,108.9,,esp32,,0,,,,,,,,,,,,0,450.0,0.0,0.0,0,NONE
2026-09-29T11:49:29.250+00:00,675.496,manual,Manual cook,temp,2100,108.9,,esp32,,0,,,,,,,,,,,,0,450.0,0.0,0.0,0,NONE
2026-09-29T11:49:29.750+00:00,675.997,manual,Manual cook,temp,2100,108.9,,esp32,,0,,,,,,,,,,,,0,450.0,0.0,0.0,0,NONE
2026-09-29T11:49:30.750+00:00,676.997,manual,Manual cook,temp,2100,108.5,,esp32,,0,,,,,,,,,,,,0,450.0,0.0,0.0,0,NONE
2026-09-29T11:49:31.251+00:00,677.498,manual,Manual cook,temp,2100,107.6,,esp32,,0,,,,,,,,,,,,0,450.0,0.0,0.0,0,NONE
2026-09-29T11:49:32.250+00:00,678.497,manual,Manual cook,temp,2100,108.9,,esp32,,0,,,,,,,,,,,,0,450.0,0.0,0.0,0,NONE
2026-09-29T11:49:32.750+00:00,678.997,manual,Manual cook,temp,2100,108.1,,esp32,,0,,,,,,,,,,,,0,450.0,0.0,0.0,0,NONE
2026-09-29T11:49:33.750+00:00,679.997,manual,Manual cook,temp,2100,107.6,,esp32,,0,,,,,,,,,,,,0,450.0,0.0,0.0,0,NONE
2026-09-29T11:49:34.750+00:00,680.996,manual,Manual cook,temp,2100,108.1,,esp32,,0,,,,,,,,,,,,0,450.0,0.0,0.0,0,NONE
2026-09-29T11:49:35.750+00:00,681.997,manual,Manual cook,temp,2100,108.5,,esp32,,0,,,,,,,,,,,,0,450.0,0.0,0.0,0,NONE
2026-09-29T11:49:36.251+00:00,682.497,manual,Manual cook,temp,2100,108.5,,esp32,,0,,,,,,,,,,,,0,450.0,0.0,0.0,0,NONE
2026-09-29T11:49:36.751+00:00,682.997,manual,Manual cook,temp,2100,108.5,,esp32,,0,,,,,,,,,,,,0,450.0,0.0,0.0,0,NONE
2026-09-29T11:49:37.750+00:00,683.996,manual,Manual cook,temp,2100,108.1,,esp32,,0,,,,,,,,,,,,0,450.0,0.0,0.0,0,NONE
2026-09-29T11:49:38.250+00:00,684.497,manual,Manual cook,temp,2100,108.1,,esp32,,0,,,,,,,,,,,,0,450.0,0.0,0.0,0,NONE
2026-09-29T11:49:39.249+00:00,685.496,manual,Manual cook,temp,2100,108.1,,esp32,,0,,,,,,,,,,,,0,450.0,0.0,0.0,0,NONE
2026-09-29T11:49:39.750+00:00,685.996,manual,Manual cook,temp,2100,107.6,,esp32,,0,,,,,,,,,,,,0,450.0,0.0,0.0,0,NONE
2026-09-29T11:49:40.750+00:00,686.996,manual,Manual cook,temp,2100,107.2,,esp32,,0,,,,,,,,,,,,0,450.0,0.0,0.0,0,NONE
2026-09-29T11:49:41.749+00:00,687.996,manual,Manual cook,temp,2100,107.6,,esp32,,0,,,,,,,,,,,,0,450.0,0.0,0.0,0,NONE
2026-09-29T11:49:42.249+00:00,688.496,manual,Manual cook,temp,2100,107.6,,esp32,,0,,,,,,,,,,,,0,450.0,0.0,0.0,0,NONE
2026-09-29T11:49:43.249+00:00,689.496,manual,Manual cook,temp,2100,107.6,,esp32,,0,,,,,,,,,,,,0,450.0,0.0,0.0,0,NONE
2026-09-29T11:49:44.250+00:00,690.496,manual,Manual cook,temp,2100,107.2,,esp32,,0,,,,,,,,,,,,0,450.0,0.0,0.0,0,NONE
2026-09-29T11:49:45.249+00:00,691.496,manual,Manual cook,temp,2100,107.6,,esp32,,0,,,,,,,,,,,,0,450.0,0.0,0.0,0,NONE
2026-09-29T11:49:46.249+00:00,692.496,manual,Manual cook,temp,2100,107.2,,esp32,,0,,,,,,,,,,,,0,450.0,0.0,0.0,0,NONE
2026-09-29T11:49:47.250+00:00,693.497,manual,Manual cook,temp,2100,107.6,,esp32,,0,,,,,,,,,,,,0,450.0,0.0,0.0,0,NONE
2026-09-29T11:49:48.249+00:00,694.496,manual,Manual cook,temp,2100,106.7,,esp32,,0,,,,,,,,,,,,0,450.0,0.0,0.0,0,NONE
2026-09-29T11:49:49.249+00:00,695.496,manual,Manual cook,temp,2100,107.6,,esp32,,0,,,,,,,,,,,,0,450.0,0.0,0.0,0,NONE
2026-09-29T11:49:50.249+00:00,696.496,manual,Manual cook,temp,2100,107.2,,esp32,,0,,,,,,,,,,,,0,450.0,0.0,0.0,0,NONE
2026-09-29T11:49:50.749+00:00,696.996,manual,Manual cook,temp,2100,106.7,,esp32,,0,,,,,,,,,,,,0,450.0,0.0,0.0,0,NONE
2026-09-29T11:49:51.749+00:00,697.996,manual,Manual cook,temp,2100,107.2,,esp32,,0,,,,,,,,,,,,0,450.0,0.0,0.0,0,NONE
2026-09-29T11:49:52.249+00:00,698.496,manual,Manual cook,temp,2100,107.2,,esp32,,0,,,,,,,,,,,,0,450.0,0.0,0.0,0,NONE
2026-09-29T11:49:52.750+00:00,698.997,manual,Manual cook,temp,2100,106.7,,esp32,,0,,,,,,,,,,,,0,450.0,0.0,0.0,0,NONE
2026-09-29T11:49:53.749+00:00,699.996,manual,Manual cook,temp,2100,107.2,,esp32,,0,,,,,,,,,,,,0,450.0,0.0,0.0,0,NONE
2026-09-29T11:49:54.252+00:00,700.498,manual,Manual cook,temp,2100,106.2,,esp32,,0,,,,,,,,,,,,0,450.0,0.0,0.0,0,NONE
2026-09-29T11:49:55.249+00:00,701.496,manual,Manual cook,temp,2100,106.2,,esp32,,0,,,,,,,,,,,,0,450.0,0.0,0.0,0,NONE
2026-09-29T11:49:55.749+00:00,701.996,manual,Manual cook,temp,2100,106.7,,esp32,,0,,,,,,,,,,,,0,450.0,0.0,0.0,0,NONE
2026-09-29T11:49:56.249+00:00,702.496,manual,Manual cook,temp,2100,106.7,,esp32,,0,,,,,,,,,,,,0,450.0,0.0,0.0,0,NONE
2026-09-29T11:49:57.249+00:00,703.496,manual,Manual cook,temp,2100,107.2,,esp32,,0,,,,,,,,,,,,0,450.0,0.0,0.0,0,NONE
2026-09-29T11:49:57.749+00:00,703.996,manual,Manual cook,temp,2100,106.7,,esp32,,0,,,,,,,,,,,,0,450.0,0.0,0.0,0,NONE
2026-09-29T11:49:58.749+00:00,704.996,manual,Manual cook,temp,2100,105.8,,esp32,,0,,,,,,,,,,,,0,450.0,0.0,0.0,0,NONE
2026-09-29T11:49:59.249+00:00,705.496,manual,Manual cook,temp,2100,106.7,,esp32,,0,,,,,,,,,,,,0,450.0,0.0,0.0,0,NONE
2026-09-29T11:50:00.249+00:00,706.496,manual,Manual cook,temp,2100,106.7,,esp32,,0,,,,,,,,,,,,0,450.0,0.0,0.0,0,NONE
2026-09-29T11:50:01.249+00:00,707.496,manual,Manual cook,temp,2100,106.2,,esp32,,0,,,,,,,,,,,,0,450.0,0.0,0.0,0,NONE
2026-09-29T11:50:02.249+00:00,708.496,manual,Manual cook,temp,2100,106.2,,esp32,,0,,,,,,,,,,,,0,450.0,0.0,0.0,0,NONE
2026-09-29T11:50:03.249+00:00,709.496,manual,Manual cook,temp,2100,106.2,,esp32,,0,,,,,,,,,,,,0,450.0,0.0,0.0,0,NONE
2026-09-29T11:50:04.249+00:00,710.496,manual,Manual cook,temp,2100,106.7,,esp32,,0,,,,,,,,,,,,0,450.0,0.0,0.0,0,NONE
2026-09-29T11:50:05.249+00:00,711.496,manual,Manual cook,temp,2100,106.2,,esp32,,0,,,,,,,,,,,,0,450.0,0.0,0.0,0,NONE
2026-09-29T11:50:06.249+00:00,712.496,manual,Manual cook,temp,2100,106.7,,esp32,,0,,,,,,,,,,,,0,450.0,0.0,0.0,0,NONE
2026-09-29T11:50:07.249+00:00,713.496,manual,Manual cook,temp,2100,106.2,,esp32,,0,,,,,,,,,,,,0,450.0,0.0,0.0,0,NONE
2026-09-29T11:50:08.249+00:00,714.496,manual,Manual cook,temp,2100,105.8,,esp32,,0,,,,,,,,,,,,0,450.0,0.0,0.0,0,NONE
2026-09-29T11:50:08.750+00:00,714.996,manual,Manual cook,temp,2100,105.8,,esp32,,0,,,,,,,,,,,,0,450.0,0.0,0.0,0,NONE
2026-09-29T11:50:09.749+00:00,715.995,manual,Manual cook,temp,2100,106.2,,esp32,,0,,,,,,,,,,,,0,450.0,0.0,0.0,0,NONE
2026-09-29T11:50:10.249+00:00,716.496,manual,Manual cook,temp,2100,106.2,,esp32,,0,,,,,,,,,,,,0,450.0,0.0,0.0,0,NONE
2026-09-29T11:50:11.249+00:00,717.495,manual,Manual cook,temp,2100,106.2,,esp32,,0,,,,,,,,,,,,0,450.0,0.0,0.0,0,NONE
2026-09-29T11:50:12.249+00:00,718.495,manual,Manual cook,temp,2100,106.2,,esp32,,0,,,,,,,,,,,,0,450.0,0.0,0.0,0,NONE
2026-09-29T11:50:13.248+00:00,719.495,manual,Manual cook,temp,2100,106.2,,esp32,,0,,,,,,,,,,,,0,450.0,0.0,0.0,0,NONE
2026-09-29T11:50:13.748+00:00,719.995,manual,Manual cook,temp,2100,105.8,,esp32,,0,,,,,,,,,,,,0,450.0,0.0,0.0,0,NONE
2026-09-29T11:50:14.749+00:00,720.995,manual,Manual cook,temp,2100,105.3,,esp32,,0,,,,,,,,,,,,0,450.0,0.0,0.0,0,NONE
2026-09-29T11:50:15.748+00:00,721.995,manual,Manual cook,temp,2100,105.8,,esp32,,0,,,,,,,,,,,,0,450.0,0.0,0.0,0,NONE
2026-09-29T11:50:16.748+00:00,722.995,manual,Manual cook,temp,2100,105.3,,esp32,,0,,,,,,,,,,,,0,450.0,0.0,0.0,0,NONE
2026-09-29T11:50:17.249+00:00,723.495,manual,Manual cook,temp,2100,104.9,,esp32,,0,,,,,,,,,,,,0,450.0,0.0,0.0,0,NONE
2026-09-29T11:50:17.749+00:00,723.995,manual,Manual cook,temp,2100,105.8,,esp32,,0,,,,,,,,,,,,0,450.0,0.0,0.0,0,NONE
2026-09-29T11:50:18.249+00:00,724.495,manual,Manual cook,temp,2100,105.8,,esp32,,0,,,,,,,,,,,,0,450.0,0.0,0.0,0,NONE
2026-09-29T11:50:19.251+00:00,725.498,manual,Manual cook,temp,2100,104.9,,esp32,,0,,,,,,,,,,,,0,450.0,0.0,0.0,0,NONE
2026-09-29T11:50:20.249+00:00,726.495,manual,Manual cook,temp,2100,104.9,,esp32,,0,,,,,,,,,,,,0,450.0,0.0,0.0,0,NONE
2026-09-29T11:50:21.248+00:00,727.495,manual,Manual cook,temp,2100,104.9,,esp32,,0,,,,,,,,,,,,0,450.0,0.0,0.0,0,NONE
2026-09-29T11:50:22.248+00:00,728.495,manual,Manual cook,temp,2100,104.0,,esp32,,0,,,,,,,,,,,,0,450.0,0.0,0.0,0,NONE
2026-09-29T11:50:23.248+00:00,729.495,manual,Manual cook,temp,2100,105.3,,esp32,,0,,,,,,,,,,,,0,450.0,0.0,0.0,0,NONE
2026-09-29T11:50:23.748+00:00,729.995,manual,Manual cook,temp,2100,104.9,,esp32,,0,,,,,,,,,,,,0,450.0,0.0,0.0,0,NONE
2026-09-29T11:50:24.749+00:00,730.996,manual,Manual cook,temp,2100,104.9,,esp32,,0,,,,,,,,,,,,0,450.0,0.0,0.0,0,NONE
2026-09-29T11:50:25.748+00:00,731.995,manual,Manual cook,temp,2100,105.3,,esp32,,0,,,,,,,,,,,,0,450.0,0.0,0.0,0,NONE
2026-09-29T11:50:26.248+00:00,732.495,manual,Manual cook,temp,2100,104.0,,esp32,,0,,,,,,,,,,,,0,450.0,0.0,0.0,0,NONE
2026-09-29T11:50:27.248+00:00,733.495,manual,Manual cook,temp,2100,104.9,,esp32,,0,,,,,,,,,,,,0,450.0,0.0,0.0,0,NONE
2026-09-29T11:50:27.748+00:00,733.995,manual,Manual cook,temp,2100,104.0,,esp32,,0,,,,,,,,,,,,0,450.0,0.0,0.0,0,NONE
2026-09-29T11:50:28.248+00:00,734.495,manual,Manual cook,temp,2100,104.9,,esp32,,0,,,,,,,,,,,,0,450.0,0.0,0.0,0,NONE
2026-09-29T11:50:29.248+00:00,735.495,manual,Manual cook,temp,2100,104.9,,esp32,,0,,,,,,,,,,,,0,450.0,0.0,0.0,0,NONE
2026-09-29T11:50:29.748+00:00,735.995,manual,Manual cook,temp,2100,104.4,,esp32,,0,,,,,,,,,,,,0,450.0,0.0,0.0,0,NONE
2026-09-29T11:50:30.249+00:00,736.496,manual,Manual cook,temp,2100,104.4,,esp32,,0,,,,,,,,,,,,0,450.0,0.0,0.0,0,NONE
2026-09-29T11:50:31.248+00:00,737.495,manual,Manual cook,temp,2100,104.4,,esp32,,0,,,,,,,,,,,,0,450.0,0.0,0.0,0,NONE
2026-09-29T11:50:32.248+00:00,738.495,manual,Manual cook,temp,2100,104.4,,esp32,,0,,,,,,,,,,,,0,450.0,0.0,0.0,0,NONE
2026-09-29T11:50:33.248+00:00,739.495,manual,Manual cook,temp,2100,104.0,,esp32,,0,,,,,,,,,,,,0,450.0,0.0,0.0,0,NONE
2026-09-29T11:50:33.748+00:00,739.995,manual,Manual cook,temp,2100,104.0,,esp32,,0,,,,,,,,,,,,0,450.0,0.0,0.0,0,NONE
2026-09-29T11:50:34.248+00:00,740.495,manual,Manual cook,temp,2100,103.1,,esp32,,0,,,,,,,,,,,,0,450.0,0.0,0.0,0,NONE
2026-09-29T11:50:35.249+00:00,741.495,manual,Manual cook,temp,2100,104.0,,esp32,,0,,,,,,,,,,,,0,450.0,0.0,0.0,0,NONE
2026-09-29T11:50:36.248+00:00,742.495,manual,Manual cook,temp,2100,104.0,,esp32,,0,,,,,,,,,,,,0,450.0,0.0,0.0,0,NONE
2026-09-29T11:50:37.248+00:00,743.495,manual,Manual cook,temp,2100,104.4,,esp32,,0,,,,,,,,,,,,0,450.0,0.0,0.0,0,NONE
2026-09-29T11:50:38.248+00:00,744.495,manual,Manual cook,temp,2100,103.6,,esp32,,0,,,,,,,,,,,,0,450.0,0.0,0.0,0,NONE
2026-09-29T11:50:38.748+00:00,744.995,manual,Manual cook,temp,2100,103.1,,esp32,,0,,,,,,,,,,,,0,450.0,0.0,0.0,0,NONE
2026-09-29T11:50:39.248+00:00,745.495,manual,Manual cook,temp,2100,103.1,,esp32,,0,,,,,,,,,,,,0,450.0,0.0,0.0,0,NONE
2026-09-29T11:50:40.248+00:00,746.495,manual,Manual cook,temp,2100,104.0,,esp32,,0,,,,,,,,,,,,0,450.0,0.0,0.0,0,NONE
2026-09-29T11:50:40.749+00:00,746.996,manual,Manual cook,temp,2100,103.6,,esp32,,0,,,,,,,,,,,,0,450.0,0.0,0.0,0,NONE
2026-09-29T11:50:41.748+00:00,747.995,manual,Manual cook,temp,2100,102.7,,esp32,,0,,,,,,,,,,,,0,450.0,0.0,0.0,0,NONE
2026-09-29T11:50:42.248+00:00,748.495,manual,Manual cook,temp,2100,102.7,,esp32,,0,,,,,,,,,,,,0,450.0,0.0,0.0,0,NONE
2026-09-29T11:50:43.248+00:00,749.495,manual,Manual cook,temp,2100,103.6,,esp32,,0,,,,,,,,,,,,0,450.0,0.0,0.0,0,NONE
2026-09-29T11:50:44.248+00:00,750.495,manual,Manual cook,temp,2100,104.0,,esp32,,0,,,,,,,,,,,,0,450.0,0.0,0.0,0,NONE
2026-09-29T11:50:45.248+00:00,751.495,manual,Manual cook,temp,2100,103.6,,esp32,,0,,,,,,,,,,,,0,450.0,0.0,0.0,0,NONE
2026-09-29T11:50:46.248+00:00,752.495,manual,Manual cook,temp,2100,104.0,,esp32,,0,,,,,,,,,,,,0,450.0,0.0,0.0,0,NONE
2026-09-29T11:50:47.248+00:00,753.494,manual,Manual cook,temp,2100,103.1,,esp32,,0,,,,,,,,,,,,0,450.0,0.0,0.0,0,NONE
2026-09-29T11:50:47.748+00:00,753.994,manual,Manual cook,temp,2100,103.1,,esp32,,0,,,,,,,,,,,,0,450.0,0.0,0.0,0,NONE
2026-09-29T11:50:48.248+00:00,754.494,manual,Manual cook,temp,2100,103.1,,esp32,,0,,,,,,,,,,,,0,450.0,0.0,0.0,0,NONE
2026-09-29T11:50:49.248+00:00,755.494,manual,Manual cook,temp,2100,104.0,,esp32,,0,,,,,,,,,,,,0,450.0,0.0,0.0,0,NONE
2026-09-29T11:50:50.248+00:00,756.494,manual,Manual cook,temp,2100,103.1,,esp32,,0,,,,,,,,,,,,0,450.0,0.0,0.0,0,NONE
2026-09-29T11:50:50.750+00:00,756.996,manual,Manual cook,temp,2100,103.6,,esp32,,0,,,,,,,,,,,,0,450.0,0.0,0.0,0,NONE
2026-09-29T11:50:51.748+00:00,757.995,manual,Manual cook,temp,2100,103.1,,esp32,,0,,,,,,,,,,,,0,450.0,0.0,0.0,0,NONE
2026-09-29T11:50:52.748+00:00,758.994,manual,Manual cook,temp,2100,103.6,,esp32,,0,,,,,,,,,,,,0,450.0,0.0,0.0,0,NONE
2026-09-29T11:50:53.748+00:00,759.994,manual,Manual cook,temp,2100,103.1,,esp32,,0,,,,,,,,,,,,0,450.0,0.0,0.0,0,NONE
2026-09-29T11:50:54.747+00:00,760.994,manual,Manual cook,temp,2100,103.6,,esp32,,0,,,,,,,,,,,,0,450.0,0.0,0.0,0,NONE
2026-09-29T11:50:55.747+00:00,761.994,manual,Manual cook,temp,2100,103.1,,esp32,,0,,,,,,,,,,,,0,450.0,0.0,0.0,0,NONE
2026-09-29T11:50:56.247+00:00,762.494,manual,Manual cook,temp,2100,102.7,,esp32,,0,,,,,,,,,,,,0,450.0,0.0,0.0,0,NONE
2026-09-29T11:50:57.248+00:00,763.494,manual,Manual cook,temp,2100,103.1,,esp32,,0,,,,,,,,,,,,0,450.0,0.0,0.0,0,NONE
2026-09-29T11:50:58.247+00:00,764.494,manual,Manual cook,temp,2100,102.7,,esp32,,0,,,,,,,,,,,,0,450.0,0.0,0.0,0,NONE
2026-09-29T11:50:58.747+00:00,764.994,manual,Manual cook,temp,2100,102.7,,esp32,,0,,,,,,,,,,,,0,450.0,0.0,0.0,0,NONE
2026-09-29T11:50:59.247+00:00,765.494,manual,Manual cook,temp,2100,102.7,,esp32,,0,,,,,,,,,,,,0,450.0,0.0,0.0,0,NONE
2026-09-29T11:51:00.247+00:00,766.494,manual,Manual cook,temp,2100,102.7,,esp32,,0,,,,,,,,,,,,0,450.0,0.0,0.0,0,NONE
2026-09-29T11:51:01.248+00:00,767.494,manual,Manual cook,temp,2100,102.2,,esp32,,0,,,,,,,,,,,,0,450.0,0.0,0.0,0,NONE
2026-09-29T11:51:02.247+00:00,768.494,manual,Manual cook,temp,2100,101.3,,esp32,,0,,,,,,,,,,,,0,450.0,0.0,0.0,0,NONE
2026-09-29T11:51:02.748+00:00,768.995,manual,Manual cook,temp,2100,101.7,,esp32,,0,,,,,,,,,,,,0,450.0,0.0,0.0,0,NONE
2026-09-29T11:51:03.747+00:00,769.994,manual,Manual cook,temp,2100,101.7,,esp32,,0,,,,,,,,,,,,0,450.0,0.0,0.0,0,NONE
2026-09-29T11:51:04.247+00:00,770.494,manual,Manual cook,temp,2100,102.2,,esp32,,0,,,,,,,,,,,,0,450.0,0.0,0.0,0,NONE
2026-09-29T11:51:04.747+00:00,770.994,manual,Manual cook,temp,2100,102.2,,esp32,,0,,,,,,,,,,,,0,450.0,0.0,0.0,0,NONE
2026-09-29T11:51:05.747+00:00,771.994,manual,Manual cook,temp,2100,101.7,,esp32,,0,,,,,,,,,,,,0,450.0,0.0,0.0,0,NONE
2026-09-29T11:51:06.247+00:00,772.494,manual,Manual cook,temp,2100,101.7,,esp32,,0,,,,,,,,,,,,0,450.0,0.0,0.0,0,NONE
2026-09-29T11:51:07.247+00:00,773.494,manual,Manual cook,temp,2100,102.7,,esp32,,0,,,,,,,,,,,,0,450.0,0.0,0.0,0,NONE
2026-09-29T11:51:08.247+00:00,774.494,manual,Manual cook,temp,2100,101.3,,esp32,,0,,,,,,,,,,,,0,450.0,0.0,0.0,0,NONE
2026-09-29T11:51:09.747+00:00,775.994,manual,Manual cook,temp,2100,102.2,,esp32,,0,,,,,,,,,,,,0,450.0,0.0,0.0,0,NONE
2026-09-29T11:51:10.247+00:00,776.494,manual,Manual cook,temp,2100,101.7,,esp32,,0,,,,,,,,,,,,0,450.0,0.0,0.0,0,NONE
2026-09-29T11:51:11.247+00:00,777.494,manual,Manual cook,temp,2100,101.7,,esp32,,0,,,,,,,,,,,,0,450.0,0.0,0.0,0,NONE
2026-09-29T11:51:11.747+00:00,777.994,manual,Manual cook,temp,2100,101.7,,esp32,,0,,,,,,,,,,,,0,450.0,0.0,0.0,0,NONE
2026-09-29T11:51:12.747+00:00,778.994,manual,Manual cook,temp,2100,101.7,,esp32,,0,,,,,,,,,,,,0,450.0,0.0,0.0,0,NONE
2026-09-29T11:51:13.248+00:00,779.494,manual,Manual cook,temp,2100,102.2,,esp32,,0,,,,,,,,,,,,0,450.0,0.0,0.0,0,NONE
2026-09-29T11:51:14.247+00:00,780.494,manual,Manual cook,temp,2100,101.3,,esp32,,0,,,,,,,,,,,,0,450.0,0.0,0.0,0,NONE
2026-09-29T11:51:15.247+00:00,781.494,manual,Manual cook,temp,2100,101.7,,esp32,,0,,,,,,,,,,,,0,450.0,0.0,0.0,0,NONE
2026-09-29T11:51:16.247+00:00,782.494,manual,Manual cook,temp,2100,101.7,,esp32,,0,,,,,,,,,,,,0,450.0,0.0,0.0,0,NONE
2026-09-29T11:51:17.247+00:00,783.494,manual,Manual cook,temp,2100,100.8,,esp32,,0,,,,,,,,,,,,0,450.0,0.0,0.0,0,NONE
2026-09-29T11:51:18.247+00:00,784.494,manual,Manual cook,temp,2100,101.3,,esp32,,0,,,,,,,,,,,,0,450.0,0.0,0.0,0,NONE
2026-09-29T11:51:18.748+00:00,784.994,manual,Manual cook,temp,2100,100.8,,esp32,,0,,,,,,,,,,,,0,450.0,0.0,0.0,0,NONE
2026-09-29T11:51:19.747+00:00,785.993,manual,Manual cook,temp,2100,100.8,,esp32,,0,,,,,,,,,,,,0,450.0,0.0,0.0,0,NONE
2026-09-29T11:51:20.247+00:00,786.493,manual,Manual cook,temp,2100,101.3,,esp32,,0,,,,,,,,,,,,0,450.0,0.0,0.0,0,NONE
2026-09-29T11:51:20.747+00:00,786.994,manual,Manual cook,temp,2100,100.8,,esp32,,0,,,,,,,,,,,,0,450.0,0.0,0.0,0,NONE
2026-09-29T11:51:21.247+00:00,787.494,manual,Manual cook,temp,2100,101.3,,esp32,,0,,,,,,,,,,,,0,450.0,0.0,0.0,0,NONE
2026-09-29T11:51:22.247+00:00,788.493,manual,Manual cook,temp,2100,100.4,,esp32,,0,,,,,,,,,,,,0,450.0,0.0,0.0,0,NONE
2026-09-29T11:51:22.747+00:00,788.993,manual,Manual cook,temp,2100,101.3,,esp32,,0,,,,,,,,,,,,0,450.0,0.0,0.0,0,NONE
2026-09-29T11:51:23.747+00:00,789.993,manual,Manual cook,temp,2100,101.3,,esp32,,0,,,,,,,,,,,,0,450.0,0.0,0.0,0,NONE
2026-09-29T11:51:24.247+00:00,790.494,manual,Manual cook,temp,2100,100.8,,esp32,,0,,,,,,,,,,,,0,450.0,0.0,0.0,0,NONE
2026-09-29T11:51:25.247+00:00,791.493,manual,Manual cook,temp,2100,101.3,,esp32,,0,,,,,,,,,,,,0,450.0,0.0,0.0,0,NONE
2026-09-29T11:51:26.246+00:00,792.493,manual,Manual cook,temp,2100,100.8,,esp32,,0,,,,,,,,,,,,0,450.0,0.0,0.0,0,NONE
2026-09-29T11:51:26.747+00:00,792.993,manual,Manual cook,temp,2100,101.3,,esp32,,0,,,,,,,,,,,,0,450.0,0.0,0.0,0,NONE
2026-09-29T11:51:27.747+00:00,793.993,manual,Manual cook,temp,2100,100.8,,esp32,,0,,,,,,,,,,,,0,450.0,0.0,0.0,0,NONE
2026-09-29T11:51:28.746+00:00,794.993,manual,Manual cook,temp,2100,101.3,,esp32,,0,,,,,,,,,,,,0,450.0,0.0,0.0,0,NONE
2026-09-29T11:51:29.247+00:00,795.494,manual,Manual cook,temp,2100,100.4,,esp32,,0,,,,,,,,,,,,0,450.0,0.0,0.0,0,NONE
2026-09-29T11:51:30.246+00:00,796.493,manual,Manual cook,temp,2100,100.8,,esp32,,0,,,,,,,,,,,,0,450.0,0.0,0.0,0,NONE
2026-09-29T11:51:31.246+00:00,797.493,manual,Manual cook,temp,2100,101.3,,esp32,,0,,,,,,,,,,,,0,450.0,0.0,0.0,0,NONE
2026-09-29T11:51:32.247+00:00,798.493,manual,Manual cook,temp,2100,100.4,,esp32,,0,,,,,,,,,,,,0,450.0,0.0,0.0,0,NONE
2026-09-29T11:51:33.246+00:00,799.493,manual,Manual cook,temp,2100,99.5,,esp32,,0,,,,,,,,,,,,0,450.0,0.0,0.0,0,NONE
2026-09-29T11:51:33.746+00:00,799.993,manual,Manual cook,temp,2100,101.3,,esp32,,0,,,,,,,,,,,,0,450.0,0.0,0.0,0,NONE
2026-09-29T11:51:34.747+00:00,800.994,manual,Manual cook,temp,2100,99.9,,esp32,,0,,,,,,,,,,,,0,450.0,0.0,0.0,0,NONE
2026-09-29T11:51:35.746+00:00,801.993,manual,Manual cook,temp,2100,101.3,,esp32,,0,,,,,,,,,,,,0,450.0,0.0,0.0,0,NONE
2026-09-29T11:51:36.246+00:00,802.493,manual,Manual cook,temp,2100,100.4,,esp32,,0,,,,,,,,,,,,0,450.0,0.0,0.0,0,NONE
2026-09-29T11:51:37.246+00:00,803.493,manual,Manual cook,temp,2100,99.9,,esp32,,0,,,,,,,,,,,,0,450.0,0.0,0.0,0,NONE
2026-09-29T11:51:38.246+00:00,804.493,manual,Manual cook,temp,2100,100.8,,esp32,,0,,,,,,,,,,,,0,450.0,0.0,0.0,0,NONE
2026-09-29T11:51:39.246+00:00,805.493,manual,Manual cook,temp,2100,99.5,,esp32,,0,,,,,,,,,,,,0,450.0,0.0,0.0,0,NONE
2026-09-29T11:51:39.746+00:00,805.993,manual,Manual cook,temp,2100,100.4,,esp32,,0,,,,,,,,,,,,0,450.0,0.0,0.0,0,NONE
2026-09-29T11:51:40.246+00:00,806.493,manual,Manual cook,temp,2100,100.4,,esp32,,0,,,,,,,,,,,,0,450.0,0.0,0.0,0,NONE
2026-09-29T11:51:41.246+00:00,807.493,manual,Manual cook,temp,2100,100.4,,esp32,,0,,,,,,,,,,,,0,450.0,0.0,0.0,0,NONE
2026-09-29T11:51:42.246+00:00,808.493,manual,Manual cook,temp,2100,99.9,,esp32,,0,,,,,,,,,,,,0,450.0,0.0,0.0,0,NONE
2026-09-29T11:51:43.246+00:00,809.493,manual,Manual cook,temp,2100,99.1,,esp32,,0,,,,,,,,,,,,0,450.0,0.0,0.0,0,NONE
2026-09-29T11:51:43.746+00:00,809.993,manual,Manual cook,temp,2100,100.4,,esp32,,0,,,,,,,,,,,,0,450.0,0.0,0.0,0,NONE
2026-09-29T11:51:44.246+00:00,810.493,manual,Manual cook,temp,2100,99.9,,esp32,,0,,,,,,,,,,,,0,450.0,0.0,0.0,0,NONE
2026-09-29T11:51:44.746+00:00,810.993,manual,Manual cook,temp,2100,100.4,,esp32,,0,,,,,,,,,,,,0,450.0,0.0,0.0,0,NONE
2026-09-29T11:51:45.247+00:00,811.493,manual,Manual cook,temp,2100,98.6,,esp32,,0,,,,,,,,,,,,0,450.0,0.0,0.0,0,NONE
2026-09-29T11:51:46.246+00:00,812.493,manual,Manual cook,temp,2100,100.4,,esp32,,0,,,,,,,,,,,,0,450.0,0.0,0.0,0,NONE
2026-09-29T11:51:47.246+00:00,813.493,manual,Manual cook,temp,2100,99.9,,esp32,,0,,,,,,,,,,,,0,450.0,0.0,0.0,0,NONE
2026-09-29T11:51:48.246+00:00,814.493,manual,Manual cook,temp,2100,99.9,,esp32,,0,,,,,,,,,,,,0,450.0,0.0,0.0,0,NONE
2026-09-29T11:51:49.246+00:00,815.493,manual,Manual cook,temp,2100,99.1,,esp32,,0,,,,,,,,,,,,0,450.0,0.0,0.0,0,NONE
2026-09-29T11:51:50.246+00:00,816.493,manual,Manual cook,temp,2100,100.4,,esp32,,0,,,,,,,,,,,,0,450.0,0.0,0.0,0,NONE
2026-09-29T11:51:50.746+00:00,816.993,manual,Manual cook,temp,2100,99.9,,esp32,,0,,,,,,,,,,,,0,450.0,0.0,0.0,0,NONE
2026-09-29T11:51:51.746+00:00,817.993,manual,Manual cook,temp,2100,99.9,,esp32,,0,,,,,,,,,,,,0,450.0,0.0,0.0,0,NONE
2026-09-29T11:51:52.246+00:00,818.493,manual,Manual cook,temp,2100,99.9,,esp32,,0,,,,,,,,,,,,0,450.0,0.0,0.0,0,NONE
2026-09-29T11:51:52.746+00:00,818.993,manual,Manual cook,temp,2100,98.2,,esp32,,0,,,,,,,,,,,,0,450.0,0.0,0.0,0,NONE
2026-09-29T11:51:53.248+00:00,819.494,manual,Manual cook,temp,2100,99.9,,esp32,,0,,,,,,,,,,,,0,450.0,0.0,0.0,0,NONE
2026-09-29T11:51:54.246+00:00,820.493,manual,Manual cook,temp,2100,98.6,,esp32,,0,,,,,,,,,,,,0,450.0,0.0,0.0,0,NONE
2026-09-29T11:51:54.746+00:00,820.993,manual,Manual cook,temp,2100,99.5,,esp32,,0,,,,,,,,,,,,0,450.0,0.0,0.0,0,NONE
2026-09-29T11:51:55.746+00:00,821.992,manual,Manual cook,temp,2100,98.2,,esp32,,0,,,,,,,,,,,,0,450.0,0.0,0.0,0,NONE
2026-09-29T11:51:56.246+00:00,822.493,manual,Manual cook,temp,2100,99.9,,esp32,,0,,,,,,,,,,,,0,450.0,0.0,0.0,0,NONE
2026-09-29T11:51:57.246+00:00,823.492,manual,Manual cook,temp,2100,99.5,,esp32,,0,,,,,,,,,,,,0,450.0,0.0,0.0,0,NONE
2026-09-29T11:51:58.246+00:00,824.492,manual,Manual cook,temp,2100,99.1,,esp32,,0,,,,,,,,,,,,0,450.0,0.0,0.0,0,NONE
2026-09-29T11:51:59.246+00:00,825.492,manual,Manual cook,temp,2100,99.1,,esp32,,0,,,,,,,,,,,,0,450.0,0.0,0.0,0,NONE
2026-09-29T11:52:00.246+00:00,826.492,manual,Manual cook,temp,2100,98.2,,esp32,,0,,,,,,,,,,,,0,450.0,0.0,0.0,0,NONE
2026-09-29T11:52:01.246+00:00,827.492,manual,Manual cook,temp,2100,98.6,,esp32,,0,,,,,,,,,,,,0,450.0,0.0,0.0,0,NONE
2026-09-29T11:52:01.746+00:00,827.993,manual,Manual cook,temp,2100,99.5,,esp32,,0,,,,,,,,,,,,0,450.0,0.0,0.0,0,NONE
2026-09-29T11:52:02.746+00:00,828.992,manual,Manual cook,temp,2100,99.1,,esp32,,0,,,,,,,,,,,,0,450.0,0.0,0.0,0,NONE
2026-09-29T11:52:03.745+00:00,829.992,manual,Manual cook,temp,2100,99.5,,esp32,,0,,,,,,,,,,,,0,450.0,0.0,0.0,0,NONE
2026-09-29T11:52:04.247+00:00,830.494,manual,Manual cook,temp,2100,98.2,,esp32,,0,,,,,,,,,,,,0,450.0,0.0,0.0,0,NONE
2026-09-29T11:52:05.246+00:00,831.492,manual,Manual cook,temp,2100,99.1,,esp32,,0,,,,,,,,,,,,0,450.0,0.0,0.0,0,NONE
2026-09-29T11:52:06.246+00:00,832.493,manual,Manual cook,temp,2100,99.1,,esp32,,0,,,,,,,,,,,,0,450.0,0.0,0.0,0,NONE
2026-09-29T11:52:07.246+00:00,833.493,manual,Manual cook,temp,2100,98.2,,esp32,,0,,,,,,,,,,,,0,450.0,0.0,0.0,0,NONE
2026-09-29T11:52:08.245+00:00,834.492,manual,Manual cook,temp,2100,98.2,,esp32,,0,,,,,,,,,,,,0,450.0,0.0,0.0,0,NONE
2026-09-29T11:52:09.245+00:00,835.492,manual,Manual cook,temp,2100,98.2,,esp32,,0,,,,,,,,,,,,0,450.0,0.0,0.0,0,NONE
2026-09-29T11:52:10.246+00:00,836.493,manual,Manual cook,temp,2100,99.1,,esp32,,0,,,,,,,,,,,,0,450.0,0.0,0.0,0,NONE
2026-09-29T11:52:11.245+00:00,837.492,manual,Manual cook,temp,2100,99.1,,esp32,,0,,,,,,,,,,,,0,450.0,0.0,0.0,0,NONE
2026-09-29T11:52:12.246+00:00,838.493,manual,Manual cook,temp,2100,97.7,,esp32,,0,,,,,,,,,,,,0,450.0,0.0,0.0,0,NONE
2026-09-29T11:52:13.245+00:00,839.492,manual,Manual cook,temp,2100,98.6,,esp32,,0,,,,,,,,,,,,0,450.0,0.0,0.0,0,NONE
2026-09-29T11:52:14.745+00:00,840.992,manual,Manual cook,temp,2100,98.6,,esp32,,0,,,,,,,,,,,,0,450.0,0.0,0.0,0,NONE
2026-09-29T11:52:15.245+00:00,841.492,manual,Manual cook,temp,2100,98.6,,esp32,,0,,,,,,,,,,,,0,450.0,0.0,0.0,0,NONE
2026-09-29T11:52:16.245+00:00,842.492,manual,Manual cook,temp,2100,98.6,,esp32,,0,,,,,,,,,,,,0,450.0,0.0,0.0,0,NONE
2026-09-29T11:52:17.245+00:00,843.492,manual,Manual cook,temp,2100,98.6,,esp32,,0,,,,,,,,,,,,0,450.0,0.0,0.0,0,NONE
2026-09-29T11:52:17.746+00:00,843.993,manual,Manual cook,temp,2100,98.6,,esp32,,0,,,,,,,,,,,,0,450.0,0.0,0.0,0,NONE
2026-09-29T11:52:18.745+00:00,844.992,manual,Manual cook,temp,2100,98.6,,esp32,,0,,,,,,,,,,,,0,450.0,0.0,0.0,0,NONE
2026-09-29T11:52:19.245+00:00,845.492,manual,Manual cook,temp,2100,98.2,,esp32,,0,,,,,,,,,,,,0,450.0,0.0,0.0,0,NONE
2026-09-29T11:52:20.245+00:00,846.492,manual,Manual cook,temp,2100,97.7,,esp32,,0,,,,,,,,,,,,0,450.0,0.0,0.0,0,NONE
2026-09-29T11:52:21.245+00:00,847.492,manual,Manual cook,temp,2100,97.2,,esp32,,0,,,,,,,,,,,,0,450.0,0.0,0.0,0,NONE
2026-09-29T11:52:21.745+00:00,847.992,manual,Manual cook,temp,2100,98.2,,esp32,,0,,,,,,,,,,,,0,450.0,0.0,0.0,0,NONE
2026-09-29T11:52:22.745+00:00,848.992,manual,Manual cook,temp,2100,98.6,,esp32,,0,,,,,,,,,,,,0,450.0,0.0,0.0,0,NONE
2026-09-29T11:52:23.246+00:00,849.493,manual,Manual cook,temp,2100,98.2,,esp32,,0,,,,,,,,,,,,0,450.0,0.0,0.0,0,NONE
2026-09-29T11:52:24.245+00:00,850.492,manual,Manual cook,temp,2100,98.2,,esp32,,0,,,,,,,,,,,,0,450.0,0.0,0.0,0,NONE
2026-09-29T11:52:25.245+00:00,851.492,manual,Manual cook,temp,2100,98.2,,esp32,,0,,,,,,,,,,,,0,450.0,0.0,0.0,0,NONE
2026-09-29T11:52:26.245+00:00,852.492,manual,Manual cook,temp,2100,97.7,,esp32,,0,,,,,,,,,,,,0,450.0,0.0,0.0,0,NONE
2026-09-29T11:52:27.245+00:00,853.491,manual,Manual cook,temp,2100,97.7,,esp32,,0,,,,,,,,,,,,0,450.0,0.0,0.0,0,NONE
2026-09-29T11:52:27.745+00:00,853.992,manual,Manual cook,temp,2100,97.7,,esp32,,0,,,,,,,,,,,,0,450.0,0.0,0.0,0,NONE
2026-09-29T11:52:28.245+00:00,854.492,manual,Manual cook,temp,2100,97.2,,esp32,,0,,,,,,,,,,,,0,450.0,0.0,0.0,0,NONE
2026-09-29T11:52:29.245+00:00,855.491,manual,Manual cook,temp,2100,97.7,,esp32,,0,,,,,,,,,,,,0,450.0,0.0,0.0,0,NONE
2026-09-29T11:52:30.245+00:00,856.491,manual,Manual cook,temp,2100,97.7,,esp32,,0,,,,,,,,,,,,0,450.0,0.0,0.0,0,NONE
2026-09-29T11:52:31.245+00:00,857.492,manual,Manual cook,temp,2100,96.8,,esp32,,0,,,,,,,,,,,,0,450.0,0.0,0.0,0,NONE
2026-09-29T11:52:32.245+00:00,858.491,manual,Manual cook,temp,2100,97.7,,esp32,,0,,,,,,,,,,,,0,450.0,0.0,0.0,0,NONE
2026-09-29T11:52:33.245+00:00,859.491,manual,Manual cook,temp,2100,97.7,,esp32,,0,,,,,,,,,,,,0,450.0,0.0,0.0,0,NONE
2026-09-29T11:52:33.745+00:00,859.992,manual,Manual cook,temp,2100,98.2,,esp32,,0,,,,,,,,,,,,0,450.0,0.0,0.0,0,NONE
2026-09-29T11:52:34.745+00:00,860.991,manual,Manual cook,temp,2100,97.7,,esp32,,0,,,,,,,,,,,,0,450.0,0.0,0.0,0,NONE
2026-09-29T11:52:35.245+00:00,861.491,manual,Manual cook,temp,2100,96.8,,esp32,,0,,,,,,,,,,,,0,450.0,0.0,0.0,0,NONE
2026-09-29T11:52:36.245+00:00,862.491,manual,Manual cook,temp,2100,97.7,,esp32,,0,,,,,,,,,,,,0,450.0,0.0,0.0,0,NONE
2026-09-29T11:52:37.244+00:00,863.491,manual,Manual cook,temp,2100,97.2,,esp32,,0,,,,,,,,,,,,0,450.0,0.0,0.0,0,NONE
2026-09-29T11:52:38.245+00:00,864.491,manual,Manual cook,temp,2100,97.2,,esp32,,0,,,,,,,,,,,,0,450.0,0.0,0.0,0,NONE
2026-09-29T11:52:38.745+00:00,864.992,manual,Manual cook,temp,2100,97.2,,esp32,,0,,,,,,,,,,,,0,450.0,0.0,0.0,0,NONE
2026-09-29T11:52:39.744+00:00,865.991,manual,Manual cook,temp,2100,96.8,,esp32,,0,,,,,,,,,,,,0,450.0,0.0,0.0,0,NONE
2026-09-29T11:52:40.245+00:00,866.491,manual,Manual cook,temp,2100,97.7,,esp32,,0,,,,,,,,,,,,0,450.0,0.0,0.0,0,NONE
2026-09-29T11:52:41.244+00:00,867.491,manual,Manual cook,temp,2100,97.2,,esp32,,0,,,,,,,,,,,,0,450.0,0.0,0.0,0,NONE
2026-09-29T11:52:41.744+00:00,867.991,manual,Manual cook,temp,2100,97.2,,esp32,,0,,,,,,,,,,,,0,450.0,0.0,0.0,0,NONE
2026-09-29T11:52:42.245+00:00,868.491,manual,Manual cook,temp,2100,97.2,,esp32,,0,,,,,,,,,,,,0,450.0,0.0,0.0,0,NONE
2026-09-29T11:52:43.244+00:00,869.491,manual,Manual cook,temp,2100,96.8,,esp32,,0,,,,,,,,,,,,0,450.0,0.0,0.0,0,NONE
2026-09-29T11:52:44.244+00:00,870.491,manual,Manual cook,temp,2100,96.3,,esp32,,0,,,,,,,,,,,,0,450.0,0.0,0.0,0,NONE
2026-09-29T11:52:45.244+00:00,871.491,manual,Manual cook,temp,2100,97.2,,esp32,,0,,,,,,,,,,,,0,450.0,0.0,0.0,0,NONE
2026-09-29T11:52:46.244+00:00,872.491,manual,Manual cook,temp,2100,97.7,,esp32,,0,,,,,,,,,,,,0,450.0,0.0,0.0,0,NONE
2026-09-29T11:52:47.244+00:00,873.491,manual,Manual cook,temp,2100,96.8,,esp32,,0,,,,,,,,,,,,0,450.0,0.0,0.0,0,NONE
2026-09-29T11:52:48.245+00:00,874.492,manual,Manual cook,temp,2100,97.2,,esp32,,0,,,,,,,,,,,,0,450.0,0.0,0.0,0,NONE
2026-09-29T11:52:49.245+00:00,875.492,manual,Manual cook,temp,2100,97.2,,esp32,,0,,,,,,,,,,,,0,450.0,0.0,0.0,0,NONE
2026-09-29T11:52:50.244+00:00,876.491,manual,Manual cook,temp,2100,96.8,,esp32,,0,,,,,,,,,,,,0,450.0,0.0,0.0,0,NONE
2026-09-29T11:52:51.245+00:00,877.491,manual,Manual cook,temp,2100,96.8,,esp32,,0,,,,,,,,,,,,0,450.0,0.0,0.0,0,NONE
2026-09-29T11:52:52.244+00:00,878.491,manual,Manual cook,temp,2100,97.2,,esp32,,0,,,,,,,,,,,,0,450.0,0.0,0.0,0,NONE
2026-09-29T11:52:53.244+00:00,879.491,manual,Manual cook,temp,2100,96.8,,esp32,,0,,,,,,,,,,,,0,450.0,0.0,0.0,0,NONE
2026-09-29T11:52:53.744+00:00,879.991,manual,Manual cook,temp,2100,96.8,,esp32,,0,,,,,,,,,,,,0,450.0,0.0,0.0,0,NONE
2026-09-29T11:52:54.244+00:00,880.491,manual,Manual cook,temp,2100,97.7,,esp32,,0,,,,,,,,,,,,0,450.0,0.0,0.0,0,NONE
2026-09-29T11:52:55.244+00:00,881.491,manual,Manual cook,temp,2100,96.8,,esp32,,0,,,,,,,,,,,,0,450.0,0.0,0.0,0,NONE
2026-09-29T11:52:56.244+00:00,882.491,manual,Manual cook,temp,2100,96.8,,esp32,,0,,,,,,,,,,,,0,450.0,0.0,0.0,0,NONE
2026-09-29T11:52:57.244+00:00,883.491,manual,Manual cook,temp,2100,96.8,,esp32,,0,,,,,,,,,,,,0,450.0,0.0,0.0,0,NONE
2026-09-29T11:52:57.744+00:00,883.991,manual,Manual cook,temp,2100,96.8,,esp32,,0,,,,,,,,,,,,0,450.0,0.0,0.0,0,NONE
2026-09-29T11:52:58.744+00:00,884.991,manual,Manual cook,temp,2100,95.9,,esp32,,0,,,,,,,,,,,,0,450.0,0.0,0.0,0,NONE
2026-09-29T11:52:59.744+00:00,885.991,manual,Manual cook,temp,2100,96.8,,esp32,,0,,,,,,,,,,,,0,450.0,0.0,0.0,0,NONE
2026-09-29T11:53:00.744+00:00,886.991,manual,Manual cook,temp,2100,96.3,,esp32,,0,,,,,,,,,,,,0,450.0,0.0,0.0,0,NONE
2026-09-29T11:53:01.744+00:00,887.990,manual,Manual cook,temp,2100,96.3,,esp32,,0,,,,,,,,,,,,0,450.0,0.0,0.0,0,NONE
2026-09-29T11:53:02.244+00:00,888.491,manual,Manual cook,temp,2100,95.4,,esp32,,0,,,,,,,,,,,,0,450.0,0.0,0.0,0,NONE
2026-09-29T11:53:02.745+00:00,888.991,manual,Manual cook,temp,2100,96.3,,esp32,,0,,,,,,,,,,,,0,450.0,0.0,0.0,0,NONE
2026-09-29T11:53:03.744+00:00,889.991,manual,Manual cook,temp,2100,96.3,,esp32,,0,,,,,,,,,,,,0,450.0,0.0,0.0,0,NONE
2026-09-29T11:53:04.244+00:00,890.491,manual,Manual cook,temp,2100,95.9,,esp32,,0,,,,,,,,,,,,0,450.0,0.0,0.0,0,NONE
2026-09-29T11:53:05.245+00:00,891.491,manual,Manual cook,temp,2100,95.0,,esp32,,0,,,,,,,,,,,,0,450.0,0.0,0.0,0,NONE
2026-09-29T11:53:06.244+00:00,892.491,manual,Manual cook,temp,2100,95.4,,esp32,,0,,,,,,,,,,,,0,450.0,0.0,0.0,0,NONE
2026-09-29T11:53:07.244+00:00,893.490,manual,Manual cook,temp,2100,95.0,,esp32,,0,,,,,,,,,,,,0,450.0,0.0,0.0,0,NONE
2026-09-29T11:53:08.244+00:00,894.491,manual,Manual cook,temp,2100,95.4,,esp32,,0,,,,,,,,,,,,0,450.0,0.0,0.0,0,NONE
2026-09-29T11:53:09.244+00:00,895.490,manual,Manual cook,temp,2100,95.9,,esp32,,0,,,,,,,,,,,,0,450.0,0.0,0.0,0,NONE
2026-09-29T11:53:10.244+00:00,896.490,manual,Manual cook,temp,2100,95.9,,esp32,,0,,,,,,,,,,,,0,450.0,0.0,0.0,0,NONE
2026-09-29T11:53:11.244+00:00,897.490,manual,Manual cook,temp,2100,95.0,,esp32,,0,,,,,,,,,,,,0,450.0,0.0,0.0,0,NONE
2026-09-29T11:53:12.244+00:00,898.490,manual,Manual cook,temp,2100,95.9,,esp32,,0,,,,,,,,,,,,0,450.0,0.0,0.0,0,NONE
2026-09-29T11:53:13.244+00:00,899.490,manual,Manual cook,temp,2100,95.9,,esp32,,0,,,,,,,,,,,,0,450.0,0.0,0.0,0,NONE
2026-09-29T11:53:14.248+00:00,900.495,manual,Manual cook,temp,2100,95.4,,esp32,,0,,,,,,,,,,,,0,450.0,0.0,0.0,0,NONE
2026-09-29T11:53:15.243+00:00,901.490,manual,Manual cook,temp,2100,95.9,,esp32,,0,,,,,,,,,,,,0,450.0,0.0,0.0,0,NONE
2026-09-29T11:53:15.744+00:00,901.991,manual,Manual cook,temp,2100,95.9,,esp32,,0,,,,,,,,,,,,0,450.0,0.0,0.0,0,NONE
2026-09-29T11:53:16.743+00:00,902.990,manual,Manual cook,temp,2100,96.3,,esp32,,0,,,,,,,,,,,,0,450.0,0.0,0.0,0,NONE
2026-09-29T11:53:17.243+00:00,903.490,manual,Manual cook,temp,2100,95.4,,esp32,,0,,,,,,,,,,,,0,450.0,0.0,0.0,0,NONE
2026-09-29T11:53:17.743+00:00,903.990,manual,Manual cook,temp,2100,95.9,,esp32,,0,,,,,,,,,,,,0,450.0,0.0,0.0,0,NONE
2026-09-29T11:53:18.743+00:00,904.990,manual,Manual cook,temp,2100,95.4,,esp32,,0,,,,,,,,,,,,0,450.0,0.0,0.0,0,NONE
2026-09-29T11:53:19.243+00:00,905.490,manual,Manual cook,temp,2100,95.4,,esp32,,0,,,,,,,,,,,,0,450.0,0.0,0.0,0,NONE
2026-09-29T11:53:19.744+00:00,905.991,manual,Manual cook,temp,2100,95.4,,esp32,,0,,,,,,,,,,,,0,450.0,0.0,0.0,0,NONE
2026-09-29T11:53:20.743+00:00,906.990,manual,Manual cook,temp,2100,95.4,,esp32,,0,,,,,,,,,,,,0,450.0,0.0,0.0,0,NONE
2026-09-29T11:53:21.244+00:00,907.491,manual,Manual cook,temp,2100,95.4,,esp32,,0,,,,,,,,,,,,0,450.0,0.0,0.0,0,NONE
2026-09-29T11:53:22.244+00:00,908.490,manual,Manual cook,temp,2100,95.4,,esp32,,0,,,,,,,,,,,,0,450.0,0.0,0.0,0,NONE
2026-09-29T11:53:22.745+00:00,908.992,manual,Manual cook,temp,2100,95.9,,esp32,,0,,,,,,,,,,,,0,450.0,0.0,0.0,0,NONE
2026-09-29T11:53:23.743+00:00,909.990,manual,Manual cook,temp,2100,95.4,,esp32,,0,,,,,,,,,,,,0,450.0,0.0,0.0,0,NONE
2026-09-29T11:53:24.243+00:00,910.490,manual,Manual cook,temp,2100,95.0,,esp32,,0,,,,,,,,,,,,0,450.0,0.0,0.0,0,NONE
2026-09-29T11:53:25.243+00:00,911.490,manual,Manual cook,temp,2100,95.9,,esp32,,0,,,,,,,,,,,,0,450.0,0.0,0.0,0,NONE
2026-09-29T11:53:26.243+00:00,912.490,manual,Manual cook,temp,2100,95.4,,esp32,,0,,,,,,,,,,,,0,450.0,0.0,0.0,0,NONE
2026-09-29T11:53:26.744+00:00,912.991,manual,Manual cook,temp,2100,95.4,,esp32,,0,,,,,,,,,,,,0,450.0,0.0,0.0,0,NONE
2026-09-29T11:53:27.743+00:00,913.990,manual,Manual cook,temp,2100,94.6,,esp32,,0,,,,,,,,,,,,0,450.0,0.0,0.0,0,NONE
2026-09-29T11:53:28.743+00:00,914.990,manual,Manual cook,temp,2100,94.6,,esp32,,0,,,,,,,,,,,,0,450.0,0.0,0.0,0,NONE
2026-09-29T11:53:29.743+00:00,915.990,manual,Manual cook,temp,2100,94.1,,esp32,,0,,,,,,,,,,,,0,450.0,0.0,0.0,0,NONE
2026-09-29T11:53:30.743+00:00,916.990,manual,Manual cook,temp,2100,95.4,,esp32,,0,,,,,,,,,,,,0,450.0,0.0,0.0,0,NONE
2026-09-29T11:53:31.244+00:00,917.491,manual,Manual cook,temp,2100,95.0,,esp32,,0,,,,,,,,,,,,0,450.0,0.0,0.0,0,NONE
2026-09-29T11:53:32.246+00:00,918.493,manual,Manual cook,temp,2100,95.0,,esp32,,0,,,,,,,,,,,,0,450.0,0.0,0.0,0,NONE
2026-09-29T11:53:33.243+00:00,919.490,manual,Manual cook,temp,2100,95.4,,esp32,,0,,,,,,,,,,,,0,450.0,0.0,0.0,0,NONE
2026-09-29T11:53:34.243+00:00,920.490,manual,Manual cook,temp,2100,94.6,,esp32,,0,,,,,,,,,,,,0,450.0,0.0,0.0,0,NONE
2026-09-29T11:53:35.243+00:00,921.490,manual,Manual cook,temp,2100,95.0,,esp32,,0,,,,,,,,,,,,0,450.0,0.0,0.0,0,NONE
2026-09-29T11:53:36.243+00:00,922.490,manual,Manual cook,temp,2100,94.6,,esp32,,0,,,,,,,,,,,,0,450.0,0.0,0.0,0,NONE
2026-09-29T11:53:37.244+00:00,923.491,manual,Manual cook,temp,2100,95.0,,esp32,,0,,,,,,,,,,,,0,450.0,0.0,0.0,0,NONE
2026-09-29T11:53:38.243+00:00,924.490,manual,Manual cook,temp,2100,94.6,,esp32,,0,,,,,,,,,,,,0,450.0,0.0,0.0,0,NONE
2026-09-29T11:53:39.243+00:00,925.490,manual,Manual cook,temp,2100,94.6,,esp32,,0,,,,,,,,,,,,0,450.0,0.0,0.0,0,NONE
2026-09-29T11:53:40.243+00:00,926.489,manual,Manual cook,temp,2100,95.0,,esp32,,0,,,,,,,,,,,,0,450.0,0.0,0.0,0,NONE
2026-09-29T11:53:40.743+00:00,926.990,manual,Manual cook,temp,2100,94.6,,esp32,,0,,,,,,,,,,,,0,450.0,0.0,0.0,0,NONE
2026-09-29T11:53:41.743+00:00,927.989,manual,Manual cook,temp,2100,94.6,,esp32,,0,,,,,,,,,,,,0,450.0,0.0,0.0,0,NONE
2026-09-29T11:53:42.746+00:00,928.992,manual,Manual cook,temp,2100,95.0,,esp32,,0,,,,,,,,,,,,0,450.0,0.0,0.0,0,NONE
2026-09-29T11:53:43.743+00:00,929.989,manual,Manual cook,temp,2100,94.6,,esp32,,0,,,,,,,,,,,,0,450.0,0.0,0.0,0,NONE
2026-09-29T11:53:44.243+00:00,930.489,manual,Manual cook,temp,2100,94.1,,esp32,,0,,,,,,,,,,,,0,450.0,0.0,0.0,0,NONE
2026-09-29T11:53:45.243+00:00,931.489,manual,Manual cook,temp,2100,94.6,,esp32,,0,,,,,,,,,,,,0,450.0,0.0,0.0,0,NONE
2026-09-29T11:53:45.743+00:00,931.989,manual,Manual cook,temp,2100,94.6,,esp32,,0,,,,,,,,,,,,0,450.0,0.0,0.0,0,NONE
2026-09-29T11:53:46.742+00:00,932.989,manual,Manual cook,temp,2100,94.6,,esp32,,0,,,,,,,,,,,,0,450.0,0.0,0.0,0,NONE
2026-09-29T11:53:47.243+00:00,933.489,manual,Manual cook,temp,2100,94.1,,esp32,,0,,,,,,,,,,,,0,450.0,0.0,0.0,0,NONE
2026-09-29T11:53:48.244+00:00,934.490,manual,Manual cook,temp,2100,94.1,,esp32,,0,,,,,,,,,,,,0,450.0,0.0,0.0,0,NONE
2026-09-29T11:53:49.242+00:00,935.489,manual,Manual cook,temp,2100,94.6,,esp32,,0,,,,,,,,,,,,0,450.0,0.0,0.0,0,NONE
2026-09-29T11:53:50.243+00:00,936.489,manual,Manual cook,temp,2100,94.1,,esp32,,0,,,,,,,,,,,,0,450.0,0.0,0.0,0,NONE
2026-09-29T11:53:50.743+00:00,936.990,manual,Manual cook,temp,2100,94.1,,esp32,,0,,,,,,,,,,,,0,450.0,0.0,0.0,0,NONE
2026-09-29T11:53:51.742+00:00,937.989,manual,Manual cook,temp,2100,94.1,,esp32,,0,,,,,,,,,,,,0,450.0,0.0,0.0,0,NONE
2026-09-29T11:53:52.242+00:00,938.489,manual,Manual cook,temp,2100,94.1,,esp32,,0,,,,,,,,,,,,0,450.0,0.0,0.0,0,NONE
2026-09-29T11:53:53.242+00:00,939.489,manual,Manual cook,temp,2100,94.1,,esp32,,0,,,,,,,,,,,,0,450.0,0.0,0.0,0,NONE
2026-09-29T11:53:53.743+00:00,939.990,manual,Manual cook,temp,2100,94.1,,esp32,,0,,,,,,,,,,,,0,450.0,0.0,0.0,0,NONE
2026-09-29T11:53:54.246+00:00,940.492,manual,Manual cook,temp,2100,94.6,,esp32,,0,,,,,,,,,,,,0,450.0,0.0,0.0,0,NONE
2026-09-29T11:53:55.242+00:00,941.489,manual,Manual cook,temp,2100,94.1,,esp32,,0,,,,,,,,,,,,0,450.0,0.0,0.0,0,NONE
2026-09-29T11:53:55.742+00:00,941.989,manual,Manual cook,temp,2100,93.2,,esp32,,0,,,,,,,,,,,,0,450.0,0.0,0.0,0,NONE
2026-09-29T11:53:56.742+00:00,942.989,manual,Manual cook,temp,2100,93.7,,esp32,,0,,,,,,,,,,,,0,450.0,0.0,0.0,0,NONE
2026-09-29T11:53:57.242+00:00,943.489,manual,Manual cook,temp,2100,94.1,,esp32,,0,,,,,,,,,,,,0,450.0,0.0,0.0,0,NONE
2026-09-29T11:53:58.242+00:00,944.489,manual,Manual cook,temp,2100,94.1,,esp32,,0,,,,,,,,,,,,0,450.0,0.0,0.0,0,NONE
2026-09-29T11:53:59.242+00:00,945.489,manual,Manual cook,temp,2100,93.7,,esp32,,0,,,,,,,,,,,,0,450.0,0.0,0.0,0,NONE
2026-09-29T11:53:59.743+00:00,945.989,manual,Manual cook,temp,2100,94.1,,esp32,,0,,,,,,,,,,,,0,450.0,0.0,0.0,0,NONE
2026-09-29T11:54:00.243+00:00,946.489,manual,Manual cook,temp,2100,93.7,,esp32,,0,,,,,,,,,,,,0,450.0,0.0,0.0,0,NONE
2026-09-29T11:54:01.242+00:00,947.489,manual,Manual cook,temp,2100,93.2,,esp32,,0,,,,,,,,,,,,0,450.0,0.0,0.0,0,NONE
2026-09-29T11:54:01.742+00:00,947.989,manual,Manual cook,temp,2100,94.6,,esp32,,0,,,,,,,,,,,,0,450.0,0.0,0.0,0,NONE
2026-09-29T11:54:02.243+00:00,948.490,manual,Manual cook,temp,2100,93.7,,esp32,,0,,,,,,,,,,,,0,450.0,0.0,0.0,0,NONE
2026-09-29T11:54:03.242+00:00,949.489,manual,Manual cook,temp,2100,93.7,,esp32,,0,,,,,,,,,,,,0,450.0,0.0,0.0,0,NONE
2026-09-29T11:54:04.242+00:00,950.489,manual,Manual cook,temp,2100,93.2,,esp32,,0,,,,,,,,,,,,0,450.0,0.0,0.0,0,NONE
2026-09-29T11:54:05.243+00:00,951.490,manual,Manual cook,temp,2100,93.7,,esp32,,0,,,,,,,,,,,,0,450.0,0.0,0.0,0,NONE
2026-09-29T11:54:06.242+00:00,952.489,manual,Manual cook,temp,2100,92.7,,esp32,,0,,,,,,,,,,,,0,450.0,0.0,0.0,0,NONE
2026-09-29T11:54:07.242+00:00,953.489,manual,Manual cook,temp,2100,93.7,,esp32,,0,,,,,,,,,,,,0,450.0,0.0,0.0,0,NONE
2026-09-29T11:54:08.242+00:00,954.489,manual,Manual cook,temp,2100,93.7,,esp32,,0,,,,,,,,,,,,0,450.0,0.0,0.0,0,NONE
2026-09-29T11:54:08.743+00:00,954.990,manual,Manual cook,temp,2100,93.7,,esp32,,0,,,,,,,,,,,,0,450.0,0.0,0.0,0,NONE
2026-09-29T11:54:09.742+00:00,955.989,manual,Manual cook,temp,2100,93.2,,esp32,,0,,,,,,,,,,,,0,450.0,0.0,0.0,0,NONE
2026-09-29T11:54:10.242+00:00,956.489,manual,Manual cook,temp,2100,93.2,,esp32,,0,,,,,,,,,,,,0,450.0,0.0,0.0,0,NONE
2026-09-29T11:54:11.242+00:00,957.489,manual,Manual cook,temp,2100,93.2,,esp32,,0,,,,,,,,,,,,0,450.0,0.0,0.0,0,NONE
2026-09-29T11:54:12.242+00:00,958.489,manual,Manual cook,temp,2100,93.7,,esp32,,0,,,,,,,,,,,,0,450.0,0.0,0.0,0,NONE
2026-09-29T11:54:13.242+00:00,959.489,manual,Manual cook,temp,2100,93.7,,esp32,,0,,,,,,,,,,,,0,450.0,0.0,0.0,0,NONE
2026-09-29T11:54:14.242+00:00,960.489,manual,Manual cook,temp,2100,93.2,,esp32,,0,,,,,,,,,,,,0,450.0,0.0,0.0,0,NONE
2026-09-29T11:54:15.242+00:00,961.488,manual,Manual cook,temp,2100,93.2,,esp32,,0,,,,,,,,,,,,0,450.0,0.0,0.0,0,NONE
2026-09-29T11:54:15.742+00:00,961.989,manual,Manual cook,temp,2100,93.7,,esp32,,0,,,,,,,,,,,,0,450.0,0.0,0.0,0,NONE
2026-09-29T11:54:16.742+00:00,962.989,manual,Manual cook,temp,2100,92.7,,esp32,,0,,,,,,,,,,,,0,450.0,0.0,0.0,0,NONE
2026-09-29T11:54:17.242+00:00,963.489,manual,Manual cook,temp,2100,93.2,,esp32,,0,,,,,,,,,,,,0,450.0,0.0,0.0,0,NONE
2026-09-29T11:54:18.242+00:00,964.489,manual,Manual cook,temp,2100,93.2,,esp32,,0,,,,,,,,,,,,0,450.0,0.0,0.0,0,NONE
2026-09-29T11:54:19.242+00:00,965.488,manual,Manual cook,temp,2100,93.2,,esp32,,0,,,,,,,,,,,,0,450.0,0.0,0.0,0,NONE
2026-09-29T11:54:20.242+00:00,966.489,manual,Manual cook,temp,2100,92.3,,esp32,,0,,,,,,,,,,,,0,450.0,0.0,0.0,0,NONE
2026-09-29T11:54:21.243+00:00,967.489,manual,Manual cook,temp,2100,93.2,,esp32,,0,,,,,,,,,,,,0,450.0,0.0,0.0,0,NONE
2026-09-29T11:54:22.242+00:00,968.488,manual,Manual cook,temp,2100,92.7,,esp32,,0,,,,,,,,,,,,0,450.0,0.0,0.0,0,NONE
2026-09-29T11:54:23.243+00:00,969.489,manual,Manual cook,temp,2100,92.7,,esp32,,0,,,,,,,,,,,,0,450.0,0.0,0.0,0,NONE
2026-09-29T11:54:24.242+00:00,970.488,manual,Manual cook,temp,2100,92.7,,esp32,,0,,,,,,,,,,,,0,450.0,0.0,0.0,0,NONE
2026-09-29T11:54:25.242+00:00,971.488,manual,Manual cook,temp,2100,92.3,,esp32,,0,,,,,,,,,,,,0,450.0,0.0,0.0,0,NONE
2026-09-29T11:54:25.742+00:00,971.988,manual,Manual cook,temp,2100,93.2,,esp32,,0,,,,,,,,,,,,0,450.0,0.0,0.0,0,NONE
2026-09-29T11:54:26.243+00:00,972.490,manual,Manual cook,temp,2100,92.7,,esp32,,0,,,,,,,,,,,,0,450.0,0.0,0.0,0,NONE
2026-09-29T11:54:27.241+00:00,973.488,manual,Manual cook,temp,2100,92.3,,esp32,,0,,,,,,,,,,,,0,450.0,0.0,0.0,0,NONE
2026-09-29T11:54:28.242+00:00,974.488,manual,Manual cook,temp,2100,92.7,,esp32,,0,,,,,,,,,,,,0,450.0,0.0,0.0,0,NONE
2026-09-29T11:54:29.244+00:00,975.491,manual,Manual cook,temp,2100,91.8,,esp32,,0,,,,,,,,,,,,0,450.0,0.0,0.0,0,NONE
2026-09-29T11:54:30.242+00:00,976.488,manual,Manual cook,temp,2100,91.8,,esp32,,0,,,,,,,,,,,,0,450.0,0.0,0.0,0,NONE
2026-09-29T11:54:31.241+00:00,977.488,manual,Manual cook,temp,2100,92.7,,esp32,,0,,,,,,,,,,,,0,450.0,0.0,0.0,0,NONE
2026-09-29T11:54:31.742+00:00,977.989,manual,Manual cook,temp,2100,92.7,,esp32,,0,,,,,,,,,,,,0,450.0,0.0,0.0,0,NONE
2026-09-29T11:54:32.741+00:00,978.988,manual,Manual cook,temp,2100,91.8,,esp32,,0,,,,,,,,,,,,0,450.0,0.0,0.0,0,NONE
2026-09-29T11:54:33.241+00:00,979.488,manual,Manual cook,temp,2100,92.3,,esp32,,0,,,,,,,,,,,,0,450.0,0.0,0.0,0,NONE
2026-09-29T11:54:34.241+00:00,980.488,manual,Manual cook,temp,2100,92.3,,esp32,,0,,,,,,,,,,,,0,450.0,0.0,0.0,0,NONE
2026-09-29T11:54:35.242+00:00,981.489,manual,Manual cook,temp,2100,93.2,,esp32,,0,,,,,,,,,,,,0,450.0,0.0,0.0,0,NONE
2026-09-29T11:54:36.241+00:00,982.488,manual,Manual cook,temp,2100,91.8,,esp32,,0,,,,,,,,,,,,0,450.0,0.0,0.0,0,NONE
2026-09-29T11:54:36.741+00:00,982.988,manual,Manual cook,temp,2100,91.8,,esp32,,0,,,,,,,,,,,,0,450.0,0.0,0.0,0,NONE
2026-09-29T11:54:37.741+00:00,983.988,manual,Manual cook,temp,2100,92.7,,esp32,,0,,,,,,,,,,,,0,450.0,0.0,0.0,0,NONE
2026-09-29T11:54:38.242+00:00,984.489,manual,Manual cook,temp,2100,92.7,,esp32,,0,,,,,,,,,,,,0,450.0,0.0,0.0,0,NONE
2026-09-29T11:54:39.241+00:00,985.488,manual,Manual cook,temp,2100,92.3,,esp32,,0,,,,,,,,,,,,0,450.0,0.0,0.0,0,NONE
2026-09-29T11:54:39.741+00:00,985.988,manual,Manual cook,temp,2100,92.3,,esp32,,0,,,,,,,,,,,,0,450.0,0.0,0.0,0,NONE
2026-09-29T11:54:40.241+00:00,986.488,manual,Manual cook,temp,2100,91.8,,esp32,,0,,,,,,,,,,,,0,450.0,0.0,0.0,0,NONE
2026-09-29T11:54:40.741+00:00,986.988,manual,Manual cook,temp,2100,92.3,,esp32,,0,,,,,,,,,,,,0,450.0,0.0,0.0,0,NONE
2026-09-29T11:54:41.242+00:00,987.489,manual,Manual cook,temp,2100,91.8,,esp32,,0,,,,,,,,,,,,0,450.0,0.0,0.0,0,NONE
2026-09-29T11:54:42.242+00:00,988.489,manual,Manual cook,temp,2100,90.9,,esp32,,0,,,,,,,,,,,,0,450.0,0.0,0.0,0,NONE
2026-09-29T11:54:43.241+00:00,989.488,manual,Manual cook,temp,2100,92.3,,esp32,,0,,,,,,,,,,,,0,450.0,0.0,0.0,0,NONE
2026-09-29T11:54:43.741+00:00,989.988,manual,Manual cook,temp,2100,91.4,,esp32,,0,,,,,,,,,,,,0,450.0,0.0,0.0,0,NONE
2026-09-29T11:54:44.741+00:00,990.988,manual,Manual cook,temp,2100,92.3,,esp32,,0,,,,,,,,,,,,0,450.0,0.0,0.0,0,NONE
2026-09-29T11:54:45.741+00:00,991.988,manual,Manual cook,temp,2100,92.3,,esp32,,0,,,,,,,,,,,,0,450.0,0.0,0.0,0,NONE
2026-09-29T11:54:46.241+00:00,992.488,manual,Manual cook,temp,2100,92.3,,esp32,,0,,,,,,,,,,,,0,450.0,0.0,0.0,0,NONE
2026-09-29T11:54:46.745+00:00,992.992,manual,Manual cook,temp,2100,91.8,,esp32,,0,,,,,,,,,,,,0,450.0,0.0,0.0,0,NONE
2026-09-29T11:54:47.742+00:00,993.989,manual,Manual cook,temp,2100,91.8,,esp32,,0,,,,,,,,,,,,0,450.0,0.0,0.0,0,NONE
2026-09-29T11:54:48.741+00:00,994.988,manual,Manual cook,temp,2100,91.8,,esp32,,0,,,,,,,,,,,,0,450.0,0.0,0.0,0,NONE
2026-09-29T11:54:49.741+00:00,995.988,manual,Manual cook,temp,2100,91.8,,esp32,,0,,,,,,,,,,,,0,450.0,0.0,0.0,0,NONE
2026-09-29T11:54:50.741+00:00,996.988,manual,Manual cook,temp,2100,91.8,,esp32,,0,,,,,,,,,,,,0,450.0,0.0,0.0,0,NONE
2026-09-29T11:54:51.741+00:00,997.988,manual,Manual cook,temp,2100,91.8,,esp32,,0,,,,,,,,,,,,0,450.0,0.0,0.0,0,NONE
2026-09-29T11:54:52.741+00:00,998.988,manual,Manual cook,temp,2100,91.8,,esp32,,0,,,,,,,,,,,,0,450.0,0.0,0.0,0,NONE
2026-09-29T11:54:53.741+00:00,999.987,manual,Manual cook,temp,2100,90.9,,esp32,,0,,,,,,,,,,,,0,450.0,0.0,0.0,0,NONE
2026-09-29T11:54:54.241+00:00,1000.488,manual,Manual cook,temp,2100,91.4,,esp32,,0,,,,,,,,,,,,0,450.0,0.0,0.0,0,NONE
2026-09-29T11:54:55.241+00:00,1001.487,manual,Manual cook,temp,2100,91.4,,esp32,,0,,,,,,,,,,,,0,450.0,0.0,0.0,0,NONE
2026-09-29T11:54:55.741+00:00,1001.987,manual,Manual cook,temp,2100,90.9,,esp32,,0,,,,,,,,,,,,0,450.0,0.0,0.0,0,NONE
2026-09-29T11:54:56.241+00:00,1002.487,manual,Manual cook,temp,2100,90.9,,esp32,,0,,,,,,,,,,,,0,450.0,0.0,0.0,0,NONE
2026-09-29T11:54:57.241+00:00,1003.487,manual,Manual cook,temp,2100,91.4,,esp32,,0,,,,,,,,,,,,0,450.0,0.0,0.0,0,NONE
2026-09-29T11:54:57.741+00:00,1003.987,manual,Manual cook,temp,2100,91.4,,esp32,,0,,,,,,,,,,,,0,450.0,0.0,0.0,0,NONE
2026-09-29T11:54:58.242+00:00,1004.489,manual,Manual cook,temp,2100,91.4,,esp32,,0,,,,,,,,,,,,0,450.0,0.0,0.0,0,NONE
2026-09-29T11:54:59.240+00:00,1005.487,manual,Manual cook,temp,2100,90.9,,esp32,,0,,,,,,,,,,,,0,450.0,0.0,0.0,0,NONE
2026-09-29T11:54:59.741+00:00,1005.987,manual,Manual cook,temp,2100,91.4,,esp32,,0,,,,,,,,,,,,0,450.0,0.0,0.0,0,NONE
2026-09-29T11:55:00.241+00:00,1006.487,manual,Manual cook,temp,2100,91.4,,esp32,,0,,,,,,,,,,,,0,450.0,0.0,0.0,0,NONE
2026-09-29T11:55:01.244+00:00,1007.490,manual,Manual cook,temp,2100,91.4,,esp32,,0,,,,,,,,,,,,0,450.0,0.0,0.0,0,NONE
2026-09-29T11:55:02.241+00:00,1008.487,manual,Manual cook,temp,2100,90.9,,esp32,,0,,,,,,,,,,,,0,450.0,0.0,0.0,0,NONE
2026-09-29T11:55:03.240+00:00,1009.487,manual,Manual cook,temp,2100,90.9,,esp32,,0,,,,,,,,,,,,0,450.0,0.0,0.0,0,NONE
2026-09-29T11:55:03.741+00:00,1009.988,manual,Manual cook,temp,2100,90.5,,esp32,,0,,,,,,,,,,,,0,450.0,0.0,0.0,0,NONE
2026-09-29T11:55:04.740+00:00,1010.987,manual,Manual cook,temp,2100,91.4,,esp32,,0,,,,,,,,,,,,0,450.0,0.0,0.0,0,NONE
2026-09-29T11:55:05.240+00:00,1011.487,manual,Manual cook,temp,2100,90.5,,esp32,,0,,,,,,,,,,,,0,450.0,0.0,0.0,0,NONE
2026-09-29T11:55:06.240+00:00,1012.487,manual,Manual cook,temp,2100,91.4,,esp32,,0,,,,,,,,,,,,0,450.0,0.0,0.0,0,NONE
2026-09-29T11:55:07.241+00:00,1013.488,manual,Manual cook,temp,2100,91.4,,esp32,,0,,,,,,,,,,,,0,450.0,0.0,0.0,0,NONE
2026-09-29T11:55:08.240+00:00,1014.487,manual,Manual cook,temp,2100,90.9,,esp32,,0,,,,,,,,,,,,0,450.0,0.0,0.0,0,NONE
2026-09-29T11:55:09.240+00:00,1015.487,manual,Manual cook,temp,2100,90.9,,esp32,,0,,,,,,,,,,,,0,450.0,0.0,0.0,0,NONE
2026-09-29T11:55:09.740+00:00,1015.987,manual,Manual cook,temp,2100,90.9,,esp32,,0,,,,,,,,,,,,0,450.0,0.0,0.0,0,NONE
2026-09-29T11:55:10.241+00:00,1016.488,manual,Manual cook,temp,2100,91.4,,esp32,,0,,,,,,,,,,,,0,450.0,0.0,0.0,0,NONE
2026-09-29T11:55:11.240+00:00,1017.487,manual,Manual cook,temp,2100,91.4,,esp32,,0,,,,,,,,,,,,0,450.0,0.0,0.0,0,NONE
2026-09-29T11:55:11.740+00:00,1017.987,manual,Manual cook,temp,2100,90.9,,esp32,,0,,,,,,,,,,,,0,450.0,0.0,0.0,0,NONE
2026-09-29T11:55:12.240+00:00,1018.487,manual,Manual cook,temp,2100,91.4,,esp32,,0,,,,,,,,,,,,0,450.0,0.0,0.0,0,NONE
2026-09-29T11:55:13.240+00:00,1019.487,manual,Manual cook,temp,2100,91.4,,esp32,,0,,,,,,,,,,,,0,450.0,0.0,0.0,0,NONE
2026-09-29T11:55:14.241+00:00,1020.488,manual,Manual cook,temp,2100,90.9,,esp32,,0,,,,,,,,,,,,0,450.0,0.0,0.0,0,NONE
2026-09-29T11:55:15.240+00:00,1021.487,manual,Manual cook,temp,2100,90.1,,esp32,,0,,,,,,,,,,,,0,450.0,0.0,0.0,0,NONE
2026-09-29T11:55:15.740+00:00,1021.987,manual,Manual cook,temp,2100,90.5,,esp32,,0,,,,,,,,,,,,0,450.0,0.0,0.0,0,NONE
2026-09-29T11:55:16.242+00:00,1022.489,manual,Manual cook,temp,2100,90.5,,esp32,,0,,,,,,,,,,,,0,450.0,0.0,0.0,0,NONE
2026-09-29T11:55:17.240+00:00,1023.487,manual,Manual cook,temp,2100,90.9,,esp32,,0,,,,,,,,,,,,0,450.0,0.0,0.0,0,NONE
2026-09-29T11:55:17.740+00:00,1023.987,manual,Manual cook,temp,2100,91.4,,esp32,,0,,,,,,,,,,,,0,450.0,0.0,0.0,0,NONE
2026-09-29T11:55:18.740+00:00,1024.987,manual,Manual cook,temp,2100,90.1,,esp32,,0,,,,,,,,,,,,0,450.0,0.0,0.0,0,NONE
2026-09-29T11:55:19.241+00:00,1025.488,manual,Manual cook,temp,2100,90.1,,esp32,,0,,,,,,,,,,,,0,450.0,0.0,0.0,0,NONE
2026-09-29T11:55:20.240+00:00,1026.487,manual,Manual cook,temp,2100,90.9,,esp32,,0,,,,,,,,,,,,0,450.0,0.0,0.0,0,NONE
2026-09-29T11:55:21.240+00:00,1027.487,manual,Manual cook,temp,2100,90.9,,esp32,,0,,,,,,,,,,,,0,450.0,0.0,0.0,0,NONE
2026-09-29T11:55:22.246+00:00,1028.492,manual,Manual cook,temp,2100,90.9,,esp32,,0,,,,,,,,,,,,0,450.0,0.0,0.0,0,NONE
2026-09-29T11:55:23.240+00:00,1029.487,manual,Manual cook,temp,2100,90.9,,esp32,,0,,,,,,,,,,,,0,450.0,0.0,0.0,0,NONE
2026-09-29T11:55:24.240+00:00,1030.487,manual,Manual cook,temp,2100,90.9,,esp32,,0,,,,,,,,,,,,0,450.0,0.0,0.0,0,NONE
2026-09-29T11:55:25.241+00:00,1031.487,manual,Manual cook,temp,2100,90.5,,esp32,,0,,,,,,,,,,,,0,450.0,0.0,0.0,0,NONE
2026-09-29T11:55:26.240+00:00,1032.487,manual,Manual cook,temp,2100,90.1,,esp32,,0,,,,,,,,,,,,0,450.0,0.0,0.0,0,NONE
2026-09-29T11:55:27.240+00:00,1033.487,manual,Manual cook,temp,2100,89.6,,esp32,,0,,,,,,,,,,,,0,450.0,0.0,0.0,0,NONE
2026-09-29T11:55:28.240+00:00,1034.487,manual,Manual cook,temp,2100,90.1,,esp32,,0,,,,,,,,,,,,0,450.0,0.0,0.0,0,NONE
2026-09-29T11:55:29.240+00:00,1035.487,manual,Manual cook,temp,2100,90.1,,esp32,,0,,,,,,,,,,,,0,450.0,0.0,0.0,0,NONE
2026-09-29T11:55:29.740+00:00,1035.987,manual,Manual cook,temp,2100,90.5,,esp32,,0,,,,,,,,,,,,0,450.0,0.0,0.0,0,NONE
2026-09-29T11:55:30.240+00:00,1036.487,manual,Manual cook,temp,2100,90.5,,esp32,,0,,,,,,,,,,,,0,450.0,0.0,0.0,0,NONE
2026-09-29T11:55:31.242+00:00,1037.488,manual,Manual cook,temp,2100,90.1,,esp32,,0,,,,,,,,,,,,0,450.0,0.0,0.0,0,NONE
2026-09-29T11:55:32.240+00:00,1038.487,manual,Manual cook,temp,2100,90.5,,esp32,,0,,,,,,,,,,,,0,450.0,0.0,0.0,0,NONE
2026-09-29T11:55:32.740+00:00,1038.987,manual,Manual cook,temp,2100,90.5,,esp32,,0,,,,,,,,,,,,0,450.0,0.0,0.0,0,NONE
2026-09-29T11:55:33.740+00:00,1039.986,manual,Manual cook,temp,2100,90.1,,esp32,,0,,,,,,,,,,,,0,450.0,0.0,0.0,0,NONE
2026-09-29T11:55:34.244+00:00,1040.491,manual,Manual cook,temp,2100,90.1,,esp32,,0,,,,,,,,,,,,0,450.0,0.0,0.0,0,NONE
2026-09-29T11:55:35.240+00:00,1041.487,manual,Manual cook,temp,2100,90.1,,esp32,,0,,,,,,,,,,,,0,450.0,0.0,0.0,0,NONE
2026-09-29T11:55:36.240+00:00,1042.486,manual,Manual cook,temp,2100,89.6,,esp32,,0,,,,,,,,,,,,0,450.0,0.0,0.0,0,NONE
2026-09-29T11:55:37.240+00:00,1043.487,manual,Manual cook,temp,2100,89.2,,esp32,,0,,,,,,,,,,,,0,450.0,0.0,0.0,0,NONE
2026-09-29T11:55:38.240+00:00,1044.486,manual,Manual cook,temp,2100,89.6,,esp32,,0,,,,,,,,,,,,0,450.0,0.0,0.0,0,NONE
2026-09-29T11:55:39.240+00:00,1045.486,manual,Manual cook,temp,2100,90.1,,esp32,,0,,,,,,,,,,,,0,450.0,0.0,0.0,0,NONE
2026-09-29T11:55:40.240+00:00,1046.486,manual,Manual cook,temp,2100,90.1,,esp32,,0,,,,,,,,,,,,0,450.0,0.0,0.0,0,NONE
2026-09-29T11:55:40.740+00:00,1046.987,manual,Manual cook,temp,2100,90.1,,esp32,,0,,,,,,,,,,,,0,450.0,0.0,0.0,0,NONE
2026-09-29T11:55:41.739+00:00,1047.986,manual,Manual cook,temp,2100,90.1,,esp32,,0,,,,,,,,,,,,0,450.0,0.0,0.0,0,NONE
2026-09-29T11:55:42.740+00:00,1048.986,manual,Manual cook,temp,2100,89.6,,esp32,,0,,,,,,,,,,,,0,450.0,0.0,0.0,0,NONE
2026-09-29T11:55:43.739+00:00,1049.986,manual,Manual cook,temp,2100,90.1,,esp32,,0,,,,,,,,,,,,0,450.0,0.0,0.0,0,NONE
2026-09-29T11:55:44.240+00:00,1050.486,manual,Manual cook,temp,2100,89.6,,esp32,,0,,,,,,,,,,,,0,450.0,0.0,0.0,0,NONE
2026-09-29T11:55:45.239+00:00,1051.486,manual,Manual cook,temp,2100,90.1,,esp32,,0,,,,,,,,,,,,0,450.0,0.0,0.0,0,NONE
2026-09-29T11:55:45.739+00:00,1051.986,manual,Manual cook,temp,2100,89.2,,esp32,,0,,,,,,,,,,,,0,450.0,0.0,0.0,0,NONE
2026-09-29T11:55:46.239+00:00,1052.486,manual,Manual cook,temp,2100,90.1,,esp32,,0,,,,,,,,,,,,0,450.0,0.0,0.0,0,NONE
2026-09-29T11:55:47.239+00:00,1053.486,manual,Manual cook,temp,2100,89.6,,esp32,,0,,,,,,,,,,,,0,450.0,0.0,0.0,0,NONE
2026-09-29T11:55:47.739+00:00,1053.986,manual,Manual cook,temp,2100,89.6,,esp32,,0,,,,,,,,,,,,0,450.0,0.0,0.0,0,NONE
2026-09-29T11:55:48.240+00:00,1054.486,manual,Manual cook,temp,2100,89.2,,esp32,,0,,,,,,,,,,,,0,450.0,0.0,0.0,0,NONE
2026-09-29T11:55:49.239+00:00,1055.486,manual,Manual cook,temp,2100,89.6,,esp32,,0,,,,,,,,,,,,0,450.0,0.0,0.0,0,NONE
2026-09-29T11:55:50.239+00:00,1056.486,manual,Manual cook,temp,2100,89.2,,esp32,,0,,,,,,,,,,,,0,450.0,0.0,0.0,0,NONE
2026-09-29T11:55:50.739+00:00,1056.986,manual,Manual cook,temp,2100,89.6,,esp32,,0,,,,,,,,,,,,0,450.0,0.0,0.0,0,NONE
2026-09-29T11:55:51.242+00:00,1057.489,manual,Manual cook,temp,2100,89.6,,esp32,,0,,,,,,,,,,,,0,450.0,0.0,0.0,0,NONE
2026-09-29T11:55:52.239+00:00,1058.486,manual,Manual cook,temp,2100,89.6,,esp32,,0,,,,,,,,,,,,0,450.0,0.0,0.0,0,NONE
2026-09-29T11:55:53.239+00:00,1059.486,manual,Manual cook,temp,2100,89.6,,esp32,,0,,,,,,,,,,,,0,450.0,0.0,0.0,0,NONE
2026-09-29T11:55:53.739+00:00,1059.986,manual,Manual cook,temp,2100,89.6,,esp32,,0,,,,,,,,,,,,0,450.0,0.0,0.0,0,NONE
2026-09-29T11:55:54.240+00:00,1060.487,manual,Manual cook,temp,2100,89.2,,esp32,,0,,,,,,,,,,,,0,450.0,0.0,0.0,0,NONE
2026-09-29T11:55:55.239+00:00,1061.486,manual,Manual cook,temp,2100,89.6,,esp32,,0,,,,,,,,,,,,0,450.0,0.0,0.0,0,NONE
2026-09-29T11:55:56.239+00:00,1062.486,manual,Manual cook,temp,2100,89.2,,esp32,,0,,,,,,,,,,,,0,450.0,0.0,0.0,0,NONE
2026-09-29T11:55:56.741+00:00,1062.987,manual,Manual cook,temp,2100,89.2,,esp32,,0,,,,,,,,,,,,0,450.0,0.0,0.0,0,NONE
2026-09-29T11:55:57.739+00:00,1063.986,manual,Manual cook,temp,2100,88.7,,esp32,,0,,,,,,,,,,,,0,450.0,0.0,0.0,0,NONE
2026-09-29T11:55:58.739+00:00,1064.986,manual,Manual cook,temp,2100,89.2,,esp32,,0,,,,,,,,,,,,0,450.0,0.0,0.0,0,NONE
2026-09-29T11:55:59.239+00:00,1065.486,manual,Manual cook,temp,2100,90.1,,esp32,,0,,,,,,,,,,,,0,450.0,0.0,0.0,0,NONE
2026-09-29T11:55:59.739+00:00,1065.986,manual,Manual cook,temp,2100,89.2,,esp32,,0,,,,,,,,,,,,0,450.0,0.0,0.0,0,NONE
2026-09-29T11:56:00.739+00:00,1066.986,manual,Manual cook,temp,2100,89.6,,esp32,,0,,,,,,,,,,,,0,450.0,0.0,0.0,0,NONE
2026-09-29T11:56:01.739+00:00,1067.986,manual,Manual cook,temp,2100,88.7,,esp32,,0,,,,,,,,,,,,0,450.0,0.0,0.0,0,NONE
2026-09-29T11:56:02.739+00:00,1068.986,manual,Manual cook,temp,2100,89.2,,esp32,,0,,,,,,,,,,,,0,450.0,0.0,0.0,0,NONE
2026-09-29T11:56:03.240+00:00,1069.486,manual,Manual cook,temp,2100,89.2,,esp32,,0,,,,,,,,,,,,0,450.0,0.0,0.0,0,NONE
2026-09-29T11:56:04.239+00:00,1070.486,manual,Manual cook,temp,2100,89.2,,esp32,,0,,,,,,,,,,,,0,450.0,0.0,0.0,0,NONE
2026-09-29T11:56:05.239+00:00,1071.486,manual,Manual cook,temp,2100,89.2,,esp32,,0,,,,,,,,,,,,0,450.0,0.0,0.0,0,NONE
2026-09-29T11:56:05.739+00:00,1071.986,manual,Manual cook,temp,2100,89.2,,esp32,,0,,,,,,,,,,,,0,450.0,0.0,0.0,0,NONE
2026-09-29T11:56:06.240+00:00,1072.486,manual,Manual cook,temp,2100,89.6,,esp32,,0,,,,,,,,,,,,0,450.0,0.0,0.0,0,NONE
2026-09-29T11:56:07.239+00:00,1073.486,manual,Manual cook,temp,2100,89.2,,esp32,,0,,,,,,,,,,,,0,450.0,0.0,0.0,0,NONE
2026-09-29T11:56:08.239+00:00,1074.486,manual,Manual cook,temp,2100,88.7,,esp32,,0,,,,,,,,,,,,0,450.0,0.0,0.0,0,NONE
2026-09-29T11:56:09.239+00:00,1075.486,manual,Manual cook,temp,2100,89.2,,esp32,,0,,,,,,,,,,,,0,450.0,0.0,0.0,0,NONE
2026-09-29T11:56:10.239+00:00,1076.486,manual,Manual cook,temp,2100,89.2,,esp32,,0,,,,,,,,,,,,0,450.0,0.0,0.0,0,NONE
2026-09-29T11:56:11.239+00:00,1077.485,manual,Manual cook,temp,2100,89.2,,esp32,,0,,,,,,,,,,,,0,450.0,0.0,0.0,0,NONE
2026-09-29T11:56:12.239+00:00,1078.485,manual,Manual cook,temp,2100,88.7,,esp32,,0,,,,,,,,,,,,0,450.0,0.0,0.0,0,NONE
2026-09-29T11:56:12.739+00:00,1078.986,manual,Manual cook,temp,2100,88.7,,esp32,,0,,,,,,,,,,,,0,450.0,0.0,0.0,0,NONE
2026-09-29T11:56:13.739+00:00,1079.985,manual,Manual cook,temp,2100,88.7,,esp32,,0,,,,,,,,,,,,0,450.0,0.0,0.0,0,NONE
2026-09-29T11:56:14.739+00:00,1080.985,manual,Manual cook,temp,2100,88.7,,esp32,,0,,,,,,,,,,,,0,450.0,0.0,0.0,0,NONE
2026-09-29T11:56:15.739+00:00,1081.985,manual,Manual cook,temp,2100,88.7,,esp32,,0,,,,,,,,,,,,0,450.0,0.0,0.0,0,NONE
2026-09-29T11:56:16.738+00:00,1082.985,manual,Manual cook,temp,2100,88.7,,esp32,,0,,,,,,,,,,,,0,450.0,0.0,0.0,0,NONE
2026-09-29T11:56:17.238+00:00,1083.485,manual,Manual cook,temp,2100,88.7,,esp32,,0,,,,,,,,,,,,0,450.0,0.0,0.0,0,NONE
2026-09-29T11:56:18.239+00:00,1084.485,manual,Manual cook,temp,2100,88.7,,esp32,,0,,,,,,,,,,,,0,450.0,0.0,0.0,0,NONE
2026-09-29T11:56:18.739+00:00,1084.986,manual,Manual cook,temp,2100,88.7,,esp32,,0,,,,,,,,,,,,0,450.0,0.0,0.0,0,NONE
2026-09-29T11:56:19.738+00:00,1085.985,manual,Manual cook,temp,2100,88.2,,esp32,,0,,,,,,,,,,,,0,450.0,0.0,0.0,0,NONE
2026-09-29T11:56:20.239+00:00,1086.486,manual,Manual cook,temp,2100,87.8,,esp32,,0,,,,,,,,,,,,0,450.0,0.0,0.0,0,NONE
2026-09-29T11:56:21.238+00:00,1087.485,manual,Manual cook,temp,2100,88.2,,esp32,,0,,,,,,,,,,,,0,450.0,0.0,0.0,0,NONE
2026-09-29T11:56:22.239+00:00,1088.486,manual,Manual cook,temp,2100,88.2,,esp32,,0,,,,,,,,,,,,0,450.0,0.0,0.0,0,NONE
2026-09-29T11:56:23.738+00:00,1089.985,manual,Manual cook,temp,2100,88.2,,esp32,,0,,,,,,,,,,,,0,450.0,0.0,0.0,0,NONE
2026-09-29T11:56:24.739+00:00,1090.985,manual,Manual cook,temp,2100,88.2,,esp32,,0,,,,,,,,,,,,0,450.0,0.0,0.0,0,NONE
2026-09-29T11:56:25.738+00:00,1091.985,manual,Manual cook,temp,2100,88.2,,esp32,,0,,,,,,,,,,,,0,450.0,0.0,0.0,0,NONE
2026-09-29T11:56:26.238+00:00,1092.485,manual,Manual cook,temp,2100,88.2,,esp32,,0,,,,,,,,,,,,0,450.0,0.0,0.0,0,NONE
2026-09-29T11:56:27.238+00:00,1093.485,manual,Manual cook,temp,2100,87.8,,esp32,,0,,,,,,,,,,,,0,450.0,0.0,0.0,0,NONE
2026-09-29T11:56:28.238+00:00,1094.485,manual,Manual cook,temp,2100,88.7,,esp32,,0,,,,,,,,,,,,0,450.0,0.0,0.0,0,NONE
2026-09-29T11:56:29.241+00:00,1095.488,manual,Manual cook,temp,2100,88.2,,esp32,,0,,,,,,,,,,,,0,450.0,0.0,0.0,0,NONE
2026-09-29T11:56:30.238+00:00,1096.485,manual,Manual cook,temp,2100,87.8,,esp32,,0,,,,,,,,,,,,0,450.0,0.0,0.0,0,NONE
2026-09-29T11:56:31.238+00:00,1097.485,manual,Manual cook,temp,2100,88.7,,esp32,,0,,,,,,,,,,,,0,450.0,0.0,0.0,0,NONE
2026-09-29T11:56:31.738+00:00,1097.985,manual,Manual cook,temp,2100,88.2,,esp32,,0,,,,,,,,,,,,0,450.0,0.0,0.0,0,NONE
2026-09-29T11:56:32.738+00:00,1098.985,manual,Manual cook,temp,2100,87.8,,esp32,,0,,,,,,,,,,,,0,450.0,0.0,0.0,0,NONE
2026-09-29T11:56:33.238+00:00,1099.485,manual,Manual cook,temp,2100,88.2,,esp32,,0,,,,,,,,,,,,0,450.0,0.0,0.0,0,NONE
2026-09-29T11:56:34.238+00:00,1100.485,manual,Manual cook,temp,2100,88.2,,esp32,,0,,,,,,,,,,,,0,450.0,0.0,0.0,0,NONE
2026-09-29T11:56:34.739+00:00,1100.986,manual,Manual cook,temp,2100,87.8,,esp32,,0,,,,,,,,,,,,0,450.0,0.0,0.0,0,NONE
2026-09-29T11:56:35.738+00:00,1101.985,manual,Manual cook,temp,2100,87.8,,esp32,,0,,,,,,,,,,,,0,450.0,0.0,0.0,0,NONE
2026-09-29T11:56:36.238+00:00,1102.485,manual,Manual cook,temp,2100,87.3,,esp32,,0,,,,,,,,,,,,0,450.0,0.0,0.0,0,NONE
2026-09-29T11:56:37.238+00:00,1103.485,manual,Manual cook,temp,2100,88.2,,esp32,,0,,,,,,,,,,,,0,450.0,0.0,0.0,0,NONE
2026-09-29T11:56:38.738+00:00,1104.985,manual,Manual cook,temp,2100,88.2,,esp32,,0,,,,,,,,,,,,0,450.0,0.0,0.0,0,NONE
2026-09-29T11:56:39.738+00:00,1105.985,manual,Manual cook,temp,2100,87.8,,esp32,,0,,,,,,,,,,,,0,450.0,0.0,0.0,0,NONE
2026-09-29T11:56:40.238+00:00,1106.485,manual,Manual cook,temp,2100,87.8,,esp32,,0,,,,,,,,,,,,0,450.0,0.0,0.0,0,NONE
2026-09-29T11:56:41.238+00:00,1107.485,manual,Manual cook,temp,2100,87.8,,esp32,,0,,,,,,,,,,,,0,450.0,0.0,0.0,0,NONE
2026-09-29T11:56:41.738+00:00,1107.985,manual,Manual cook,temp,2100,87.8,,esp32,,0,,,,,,,,,,,,0,450.0,0.0,0.0,0,NONE
2026-09-29T11:56:42.738+00:00,1108.984,manual,Manual cook,temp,2100,87.8,,esp32,,0,,,,,,,,,,,,0,450.0,0.0,0.0,0,NONE
2026-09-29T11:56:43.238+00:00,1109.485,manual,Manual cook,temp,2100,88.2,,esp32,,0,,,,,,,,,,,,0,450.0,0.0,0.0,0,NONE
2026-09-29T11:56:43.738+00:00,1109.985,manual,Manual cook,temp,2100,87.8,,esp32,,0,,,,,,,,,,,,0,450.0,0.0,0.0,0,NONE
2026-09-29T11:56:44.738+00:00,1110.985,manual,Manual cook,temp,2100,87.8,,esp32,,0,,,,,,,,,,,,0,450.0,0.0,0.0,0,NONE
2026-09-29T11:56:45.738+00:00,1111.984,manual,Manual cook,temp,2100,86.9,,esp32,,0,,,,,,,,,,,,0,450.0,0.0,0.0,0,NONE
2026-09-29T11:56:46.238+00:00,1112.485,manual,Manual cook,temp,2100,88.2,,esp32,,0,,,,,,,,,,,,0,450.0,0.0,0.0,0,NONE
2026-09-29T11:56:47.239+00:00,1113.486,manual,Manual cook,temp,2100,87.3,,esp32,,0,,,,,,,,,,,,0,450.0,0.0,0.0,0,NONE
2026-09-29T11:56:48.238+00:00,1114.484,manual,Manual cook,temp,2100,88.2,,esp32,,0,,,,,,,,,,,,0,450.0,0.0,0.0,0,NONE
2026-09-29T11:56:49.238+00:00,1115.484,manual,Manual cook,temp,2100,87.3,,esp32,,0,,,,,,,,,,,,0,450.0,0.0,0.0,0,NONE
2026-09-29T11:56:49.738+00:00,1115.984,manual,Manual cook,temp,2100,87.3,,esp32,,0,,,,,,,,,,,,0,450.0,0.0,0.0,0,NONE
2026-09-29T11:56:50.238+00:00,1116.485,manual,Manual cook,temp,2100,87.3,,esp32,,0,,,,,,,,,,,,0,450.0,0.0,0.0,0,NONE
2026-09-29T11:56:51.238+00:00,1117.484,manual,Manual cook,temp,2100,87.8,,esp32,,0,,,,,,,,,,,,0,450.0,0.0,0.0,0,NONE
2026-09-29T11:56:51.738+00:00,1117.984,manual,Manual cook,temp,2100,87.8,,esp32,,0,,,,,,,,,,,,0,450.0,0.0,0.0,0,NONE
2026-09-29T11:56:52.737+00:00,1118.984,manual,Manual cook,temp,2100,87.8,,esp32,,0,,,,,,,,,,,,0,450.0,0.0,0.0,0,NONE
2026-09-29T11:56:53.239+00:00,1119.486,manual,Manual cook,temp,2100,87.8,,esp32,,0,,,,,,,,,,,,0,450.0,0.0,0.0,0,NONE
2026-09-29T11:56:54.237+00:00,1120.484,manual,Manual cook,temp,2100,87.8,,esp32,,0,,,,,,,,,,,,0,450.0,0.0,0.0,0,NONE
2026-09-29T11:56:55.237+00:00,1121.484,manual,Manual cook,temp,2100,87.3,,esp32,,0,,,,,,,,,,,,0,450.0,0.0,0.0,0,NONE
2026-09-29T11:56:55.739+00:00,1121.986,manual,Manual cook,temp,2100,87.8,,esp32,,0,,,,,,,,,,,,0,450.0,0.0,0.0,0,NONE
2026-09-29T11:56:56.737+00:00,1122.984,manual,Manual cook,temp,2100,87.3,,esp32,,0,,,,,,,,,,,,0,450.0,0.0,0.0,0,NONE
2026-09-29T11:56:57.737+00:00,1123.984,manual,Manual cook,temp,2100,87.8,,esp32,,0,,,,,,,,,,,,0,450.0,0.0,0.0,0,NONE
2026-09-29T11:56:58.237+00:00,1124.484,manual,Manual cook,temp,2100,86.4,,esp32,,0,,,,,,,,,,,,0,450.0,0.0,0.0,0,NONE
2026-09-29T11:56:59.237+00:00,1125.484,manual,Manual cook,temp,2100,87.3,,esp32,,0,,,,,,,,,,,,0,450.0,0.0,0.0,0,NONE
2026-09-29T11:56:59.737+00:00,1125.984,manual,Manual cook,temp,2100,86.0,,esp32,,0,,,,,,,,,,,,0,450.0,0.0,0.0,0,NONE
2026-09-29T11:57:00.237+00:00,1126.484,manual,Manual cook,temp,2100,86.9,,esp32,,0,,,,,,,,,,,,0,450.0,0.0,0.0,0,NONE
2026-09-29T11:57:00.738+00:00,1126.985,manual,Manual cook,temp,2100,86.4,,esp32,,0,,,,,,,,,,,,0,450.0,0.0,0.0,0,NONE
2026-09-29T11:57:01.739+00:00,1127.986,manual,Manual cook,temp,2100,86.0,,esp32,,0,,,,,,,,,,,,0,450.0,0.0,0.0,0,NONE
2026-09-29T11:57:02.737+00:00,1128.984,manual,Manual cook,temp,2100,87.3,,esp32,,0,,,,,,,,,,,,0,450.0,0.0,0.0,0,NONE
2026-09-29T11:57:03.737+00:00,1129.984,manual,Manual cook,temp,2100,87.3,,esp32,,0,,,,,,,,,,,,0,450.0,0.0,0.0,0,NONE
2026-09-29T11:57:04.238+00:00,1130.485,manual,Manual cook,temp,2100,86.4,,esp32,,0,,,,,,,,,,,,0,450.0,0.0,0.0,0,NONE
2026-09-29T11:57:05.237+00:00,1131.484,manual,Manual cook,temp,2100,86.0,,esp32,,0,,,,,,,,,,,,0,450.0,0.0,0.0,0,NONE
2026-09-29T11:57:06.237+00:00,1132.484,manual,Manual cook,temp,2100,87.3,,esp32,,0,,,,,,,,,,,,0,450.0,0.0,0.0,0,NONE
2026-09-29T11:57:06.737+00:00,1132.984,manual,Manual cook,temp,2100,86.9,,esp32,,0,,,,,,,,,,,,0,450.0,0.0,0.0,0,NONE
2026-09-29T11:57:07.237+00:00,1133.484,manual,Manual cook,temp,2100,87.3,,esp32,,0,,,,,,,,,,,,0,450.0,0.0,0.0,0,NONE
2026-09-29T11:57:07.737+00:00,1133.984,manual,Manual cook,temp,2100,86.9,,esp32,,0,,,,,,,,,,,,0,450.0,0.0,0.0,0,NONE
2026-09-29T11:57:08.737+00:00,1134.984,manual,Manual cook,temp,2100,87.3,,esp32,,0,,,,,,,,,,,,0,450.0,0.0,0.0,0,NONE
2026-09-29T11:57:09.237+00:00,1135.484,manual,Manual cook,temp,2100,86.9,,esp32,,0,,,,,,,,,,,,0,450.0,0.0,0.0,0,NONE
2026-09-29T11:57:10.237+00:00,1136.484,manual,Manual cook,temp,2100,86.4,,esp32,,0,,,,,,,,,,,,0,450.0,0.0,0.0,0,NONE
2026-09-29T11:57:10.737+00:00,1136.984,manual,Manual cook,temp,2100,87.3,,esp32,,0,,,,,,,,,,,,0,450.0,0.0,0.0,0,NONE
2026-09-29T11:57:11.238+00:00,1137.484,manual,Manual cook,temp,2100,86.9,,esp32,,0,,,,,,,,,,,,0,450.0,0.0,0.0,0,NONE
2026-09-29T11:57:12.239+00:00,1138.485,manual,Manual cook,temp,2100,87.3,,esp32,,0,,,,,,,,,,,,0,450.0,0.0,0.0,0,NONE
2026-09-29T11:57:13.237+00:00,1139.484,manual,Manual cook,temp,2100,86.0,,esp32,,0,,,,,,,,,,,,0,450.0,0.0,0.0,0,NONE
2026-09-29T11:57:13.737+00:00,1139.984,manual,Manual cook,temp,2100,86.4,,esp32,,0,,,,,,,,,,,,0,450.0,0.0,0.0,0,NONE
2026-09-29T11:57:14.237+00:00,1140.484,manual,Manual cook,temp,2100,86.9,,esp32,,0,,,,,,,,,,,,0,450.0,0.0,0.0,0,NONE
2026-09-29T11:57:15.237+00:00,1141.484,manual,Manual cook,temp,2100,86.0,,esp32,,0,,,,,,,,,,,,0,450.0,0.0,0.0,0,NONE
2026-09-29T11:57:16.237+00:00,1142.484,manual,Manual cook,temp,2100,86.0,,esp32,,0,,,,,,,,,,,,0,450.0,0.0,0.0,0,NONE
2026-09-29T11:57:16.738+00:00,1142.984,manual,Manual cook,temp,2100,86.9,,esp32,,0,,,,,,,,,,,,0,450.0,0.0,0.0,0,NONE
2026-09-29T11:57:17.737+00:00,1143.984,manual,Manual cook,temp,2100,86.9,,esp32,,0,,,,,,,,,,,,0,450.0,0.0,0.0,0,NONE
2026-09-29T11:57:18.737+00:00,1144.984,manual,Manual cook,temp,2100,86.9,,esp32,,0,,,,,,,,,,,,0,450.0,0.0,0.0,0,NONE
2026-09-29T11:57:19.737+00:00,1145.983,manual,Manual cook,temp,2100,86.9,,esp32,,0,,,,,,,,,,,,0,450.0,0.0,0.0,0,NONE
2026-09-29T11:57:20.737+00:00,1146.983,manual,Manual cook,temp,2100,86.4,,esp32,,0,,,,,,,,,,,,0,450.0,0.0,0.0,0,NONE
2026-09-29T11:57:21.237+00:00,1147.484,manual,Manual cook,temp,2100,86.9,,esp32,,0,,,,,,,,,,,,0,450.0,0.0,0.0,0,NONE
2026-09-29T11:57:22.238+00:00,1148.485,manual,Manual cook,temp,2100,86.4,,esp32,,0,,,,,,,,,,,,0,450.0,0.0,0.0,0,NONE
2026-09-29T11:57:23.237+00:00,1149.483,manual,Manual cook,temp,2100,86.9,,esp32,,0,,,,,,,,,,,,0,450.0,0.0,0.0,0,NONE
2026-09-29T11:57:24.237+00:00,1150.484,manual,Manual cook,temp,2100,86.0,,esp32,,0,,,,,,,,,,,,0,450.0,0.0,0.0,0,NONE
2026-09-29T11:57:25.237+00:00,1151.483,manual,Manual cook,temp,2100,86.9,,esp32,,0,,,,,,,,,,,,0,450.0,0.0,0.0,0,NONE
2026-09-29T11:57:25.737+00:00,1151.983,manual,Manual cook,temp,2100,86.9,,esp32,,0,,,,,,,,,,,,0,450.0,0.0,0.0,0,NONE
2026-09-29T11:57:26.237+00:00,1152.484,manual,Manual cook,temp,2100,86.4,,esp32,,0,,,,,,,,,,,,0,450.0,0.0,0.0,0,NONE
2026-09-29T11:57:27.236+00:00,1153.483,manual,Manual cook,temp,2100,86.4,,esp32,,0,,,,,,,,,,,,0,450.0,0.0,0.0,0,NONE
2026-09-29T11:57:28.737+00:00,1154.984,manual,Manual cook,temp,2100,86.0,,esp32,,0,,,,,,,,,,,,0,450.0,0.0,0.0,0,NONE
2026-09-29T11:57:29.736+00:00,1155.983,manual,Manual cook,temp,2100,85.6,,esp32,,0,,,,,,,,,,,,0,450.0,0.0,0.0,0,NONE
2026-09-29T11:57:30.237+00:00,1156.483,manual,Manual cook,temp,2100,86.0,,esp32,,0,,,,,,,,,,,,0,450.0,0.0,0.0,0,NONE
2026-09-29T11:57:31.236+00:00,1157.483,manual,Manual cook,temp,2100,86.4,,esp32,,0,,,,,,,,,,,,0,450.0,0.0,0.0,0,NONE
2026-09-29T11:57:31.736+00:00,1157.983,manual,Manual cook,temp,2100,86.4,,esp32,,0,,,,,,,,,,,,0,450.0,0.0,0.0,0,NONE
2026-09-29T11:57:32.737+00:00,1158.984,manual,Manual cook,temp,2100,86.4,,esp32,,0,,,,,,,,,,,,0,450.0,0.0,0.0,0,NONE
2026-09-29T11:57:33.736+00:00,1159.983,manual,Manual cook,temp,2100,86.4,,esp32,,0,,,,,,,,,,,,0,450.0,0.0,0.0,0,NONE
2026-09-29T11:57:34.237+00:00,1160.483,manual,Manual cook,temp,2100,86.4,,esp32,,0,,,,,,,,,,,,0,450.0,0.0,0.0,0,NONE
2026-09-29T11:57:35.236+00:00,1161.483,manual,Manual cook,temp,2100,85.6,,esp32,,0,,,,,,,,,,,,0,450.0,0.0,0.0,0,NONE
2026-09-29T11:57:35.736+00:00,1161.983,manual,Manual cook,temp,2100,85.6,,esp32,,0,,,,,,,,,,,,0,450.0,0.0,0.0,0,NONE
2026-09-29T11:57:36.236+00:00,1162.483,manual,Manual cook,temp,2100,85.6,,esp32,,0,,,,,,,,,,,,0,450.0,0.0,0.0,0,NONE
2026-09-29T11:57:37.236+00:00,1163.483,manual,Manual cook,temp,2100,86.4,,esp32,,0,,,,,,,,,,,,0,450.0,0.0,0.0,0,NONE
2026-09-29T11:57:38.238+00:00,1164.485,manual,Manual cook,temp,2100,86.0,,esp32,,0,,,,,,,,,,,,0,450.0,0.0,0.0,0,NONE
2026-09-29T11:57:39.236+00:00,1165.483,manual,Manual cook,temp,2100,85.1,,esp32,,0,,,,,,,,,,,,0,450.0,0.0,0.0,0,NONE
2026-09-29T11:57:40.236+00:00,1166.483,manual,Manual cook,temp,2100,85.1,,esp32,,0,,,,,,,,,,,,0,450.0,0.0,0.0,0,NONE
2026-09-29T11:57:41.236+00:00,1167.483,manual,Manual cook,temp,2100,84.7,,esp32,,0,,,,,,,,,,,,0,450.0,0.0,0.0,0,NONE
2026-09-29T11:57:41.738+00:00,1167.984,manual,Manual cook,temp,2100,86.0,,esp32,,0,,,,,,,,,,,,0,450.0,0.0,0.0,0,NONE
2026-09-29T11:57:42.736+00:00,1168.983,manual,Manual cook,temp,2100,86.4,,esp32,,0,,,,,,,,,,,,0,450.0,0.0,0.0,0,NONE
2026-09-29T11:57:43.736+00:00,1169.983,manual,Manual cook,temp,2100,86.4,,esp32,,0,,,,,,,,,,,,0,450.0,0.0,0.0,0,NONE
2026-09-29T11:57:44.237+00:00,1170.484,manual,Manual cook,temp,2100,85.1,,esp32,,0,,,,,,,,,,,,0,450.0,0.0,0.0,0,NONE
2026-09-29T11:57:45.236+00:00,1171.483,manual,Manual cook,temp,2100,85.6,,esp32,,0,,,,,,,,,,,,0,450.0,0.0,0.0,0,NONE
2026-09-29T11:57:45.736+00:00,1171.983,manual,Manual cook,temp,2100,85.6,,esp32,,0,,,,,,,,,,,,0,450.0,0.0,0.0,0,NONE
2026-09-29T11:57:46.236+00:00,1172.483,manual,Manual cook,temp,2100,85.6,,esp32,,0,,,,,,,,,,,,0,450.0,0.0,0.0,0,NONE
2026-09-29T11:57:47.236+00:00,1173.483,manual,Manual cook,temp,2100,86.0,,esp32,,0,,,,,,,,,,,,0,450.0,0.0,0.0,0,NONE
2026-09-29T11:57:47.736+00:00,1173.983,manual,Manual cook,temp,2100,86.0,,esp32,,0,,,,,,,,,,,,0,450.0,0.0,0.0,0,NONE
2026-09-29T11:57:48.237+00:00,1174.483,manual,Manual cook,temp,2100,86.0,,esp32,,0,,,,,,,,,,,,0,450.0,0.0,0.0,0,NONE
2026-09-29T11:57:48.737+00:00,1174.984,manual,Manual cook,temp,2100,86.4,,esp32,,0,,,,,,,,,,,,0,450.0,0.0,0.0,0,NONE
2026-09-29T11:57:49.736+00:00,1175.983,manual,Manual cook,temp,2100,86.0,,esp32,,0,,,,,,,,,,,,0,450.0,0.0,0.0,0,NONE
2026-09-29T11:57:50.736+00:00,1176.983,manual,Manual cook,temp,2100,86.0,,esp32,,0,,,,,,,,,,,,0,450.0,0.0,0.0,0,NONE
2026-09-29T11:57:51.736+00:00,1177.983,manual,Manual cook,temp,2100,86.0,,esp32,,0,,,,,,,,,,,,0,450.0,0.0,0.0,0,NONE
2026-09-29T11:57:52.236+00:00,1178.483,manual,Manual cook,temp,2100,85.6,,esp32,,0,,,,,,,,,,,,0,450.0,0.0,0.0,0,NONE
2026-09-29T11:57:53.236+00:00,1179.483,manual,Manual cook,temp,2100,86.0,,esp32,,0,,,,,,,,,,,,0,450.0,0.0,0.0,0,NONE
2026-09-29T11:57:54.236+00:00,1180.483,manual,Manual cook,temp,2100,85.1,,esp32,,0,,,,,,,,,,,,0,450.0,0.0,0.0,0,NONE
2026-09-29T11:57:55.236+00:00,1181.483,manual,Manual cook,temp,2100,84.7,,esp32,,0,,,,,,,,,,,,0,450.0,0.0,0.0,0,NONE
2026-09-29T11:57:55.736+00:00,1181.983,manual,Manual cook,temp,2100,85.6,,esp32,,0,,,,,,,,,,,,0,450.0,0.0,0.0,0,NONE
2026-09-29T11:57:56.736+00:00,1182.982,manual,Manual cook,temp,2100,86.0,,esp32,,0,,,,,,,,,,,,0,450.0,0.0,0.0,0,NONE
2026-09-29T11:57:57.236+00:00,1183.483,manual,Manual cook,temp,2100,86.0,,esp32,,0,,,,,,,,,,,,0,450.0,0.0,0.0,0,NONE
2026-09-29T11:57:58.236+00:00,1184.483,manual,Manual cook,temp,2100,85.1,,esp32,,0,,,,,,,,,,,,0,450.0,0.0,0.0,0,NONE
2026-09-29T11:57:59.236+00:00,1185.482,manual,Manual cook,temp,2100,85.6,,esp32,,0,,,,,,,,,,,,0,450.0,0.0,0.0,0,NONE
2026-09-29T11:58:00.238+00:00,1186.484,manual,Manual cook,temp,2100,84.7,,esp32,,0,,,,,,,,,,,,0,450.0,0.0,0.0,0,NONE
2026-09-29T11:58:01.236+00:00,1187.482,manual,Manual cook,temp,2100,86.0,,esp32,,0,,,,,,,,,,,,0,450.0,0.0,0.0,0,NONE
2026-09-29T11:58:02.236+00:00,1188.482,manual,Manual cook,temp,2100,85.6,,esp32,,0,,,,,,,,,,,,0,450.0,0.0,0.0,0,NONE
2026-09-29T11:58:03.236+00:00,1189.482,manual,Manual cook,temp,2100,85.6,,esp32,,0,,,,,,,,,,,,0,450.0,0.0,0.0,0,NONE
2026-09-29T11:58:04.235+00:00,1190.482,manual,Manual cook,temp,2100,85.6,,esp32,,0,,,,,,,,,,,,0,450.0,0.0,0.0,0,NONE
2026-09-29T11:58:04.736+00:00,1190.983,manual,Manual cook,temp,2100,86.0,,esp32,,0,,,,,,,,,,,,0,450.0,0.0,0.0,0,NONE
2026-09-29T11:58:05.236+00:00,1191.483,manual,Manual cook,temp,2100,85.6,,esp32,,0,,,,,,,,,,,,0,450.0,0.0,0.0,0,NONE
2026-09-29T11:58:06.236+00:00,1192.483,manual,Manual cook,temp,2100,85.6,,esp32,,0,,,,,,,,,,,,0,450.0,0.0,0.0,0,NONE
2026-09-29T11:58:07.235+00:00,1193.482,manual,Manual cook,temp,2100,85.6,,esp32,,0,,,,,,,,,,,,0,450.0,0.0,0.0,0,NONE
2026-09-29T11:58:08.235+00:00,1194.482,manual,Manual cook,temp,2100,85.6,,esp32,,0,,,,,,,,,,,,0,450.0,0.0,0.0,0,NONE
2026-09-29T11:58:09.235+00:00,1195.482,manual,Manual cook,temp,2100,85.6,,esp32,,0,,,,,,,,,,,,0,450.0,0.0,0.0,0,NONE
2026-09-29T11:58:09.736+00:00,1195.982,manual,Manual cook,temp,2100,85.6,,esp32,,0,,,,,,,,,,,,0,450.0,0.0,0.0,0,NONE
2026-09-29T11:58:10.736+00:00,1196.982,manual,Manual cook,temp,2100,85.6,,esp32,,0,,,,,,,,,,,,0,450.0,0.0,0.0,0,NONE
2026-09-29T11:58:11.735+00:00,1197.982,manual,Manual cook,temp,2100,85.1,,esp32,,0,,,,,,,,,,,,0,450.0,0.0,0.0,0,NONE
2026-09-29T11:58:12.235+00:00,1198.482,manual,Manual cook,temp,2100,85.6,,esp32,,0,,,,,,,,,,,,0,450.0,0.0,0.0,0,NONE
2026-09-29T11:58:12.736+00:00,1198.983,manual,Manual cook,temp,2100,84.2,,esp32,,0,,,,,,,,,,,,0,450.0,0.0,0.0,0,NONE
2026-09-29T11:58:13.735+00:00,1199.982,manual,Manual cook,temp,2100,85.1,,esp32,,0,,,,,,,,,,,,0,450.0,0.0,0.0,0,NONE
