timestamp_utc,elapsed_s,cook_type,cook_name,mode,fan_speed_rpm,chamber_temp_f,effective_probe_temp_f,probe_source,esp32_probe_temp_f,inkbird_connected,inkbird_battery_pct,inkbird_internal_1_f,inkbird_internal_2_f,inkbird_internal_3_f,inkbird_internal_4_f,inkbird_ambient_f,inkbird_internal_1_raw_f,inkbird_internal_2_raw_f,inkbird_internal_3_raw_f,inkbird_internal_4_raw_f,inkbird_ambient_raw_f,drawer_closed,set_temperature_f,top_heater_duty_pct,bottom_heater_duty_pct,paused,fault
2026-09-30T13:16:02.194+00:00,0.009,manual,Manual cook,temp,1000,374.5,,esp32,,0,,,,,,,,,,,,1,375.0,0.0,0.0,0,NONE
2026-09-30T13:16:03.057+00:00,0.872,manual,Manual cook,temp,1600,374.9,,esp32,,0,,,,,,,,,,,,1,375.0,0.0,0.0,0,NONE
2026-09-30T13:16:04.057+00:00,1.872,manual,Manual cook,temp,1600,374.5,,esp32,,0,,,,,,,,,,,,1,375.0,0.0,0.0,0,NONE
2026-09-30T13:16:05.058+00:00,2.873,manual,Manual cook,temp,1600,374.0,,esp32,,0,,,,,,,,,,,,1,375.0,0.0,0.0,0,NONE
2026-09-30T13:16:06.058+00:00,3.873,manual,Manual cook,temp,1600,374.0,,esp32,,0,,,,,,,,,,,,1,375.0,0.0,0.0,0,NONE
2026-09-30T13:16:06.558+00:00,4.373,manual,Manual cook,temp,1600,373.1,,esp32,,0,,,,,,,,,,,,1,375.0,0.0,0.0,0,NONE
2026-09-30T13:16:07.557+00:00,5.372,manual,Manual cook,temp,1600,373.1,,esp32,,0,,,,,,,,,,,,1,375.0,0.0,0.0,0,NONE
2026-09-30T13:16:08.557+00:00,6.372,manual,Manual cook,temp,1600,374.0,,esp32,,0,,,,,,,,,,,,1,375.0,0.0,0.0,0,NONE
2026-09-30T13:16:09.557+00:00,7.372,manual,Manual cook,temp,1600,373.5,,esp32,,0,,,,,,,,,,,,1,375.0,0.0,0.0,0,NONE
2026-09-30T13:16:10.057+00:00,7.872,manual,Manual cook,temp,1600,372.6,,esp32,,0,,,,,,,,,,,,1,375.0,0.0,0.0,0,NONE
2026-09-30T13:16:11.057+00:00,8.872,manual,Manual cook,temp,1600,373.1,,esp32,,0,,,,,,,,,,,,1,375.0,0.0,0.0,0,NONE
2026-09-30T13:16:12.058+00:00,9.873,manual,Manual cook,temp,1600,371.3,,esp32,,0,,,,,,,,,,,,1,375.0,0.0,0.0,0,NONE
2026-09-30T13:16:12.558+00:00,10.373,manual,Manual cook,temp,1600,370.9,,esp32,,0,,,,,,,,,,,,1,375.0,0.0,0.0,0,NONE
2026-09-30T13:16:13.557+00:00,11.372,manual,Manual cook,temp,1600,371.3,,esp32,,0,,,,,,,,,,,,1,375.0,0.0,0.0,0,NONE
2026-09-30T13:16:14.557+00:00,12.372,manual,Manual cook,temp,1600,370.4,,esp32,,0,,,,,,,,,,,,1,375.0,0.0,0.0,0,NONE
2026-09-30T13:16:15.557+00:00,13.372,manual,Manual cook,temp,1600,369.5,,esp32,,0,,,,,,,,,,,,1,375.0,0.0,0.0,0,NONE
2026-09-30T13:16:16.557+00:00,14.372,manual,Manual cook,temp,1600,370.0,,esp32,,0,,,,,,,,,,,,1,375.0,0.0,0.0,0,NONE
2026-09-30T13:16:17.556+00:00,15.372,manual,Manual cook,temp,1600,369.5,,esp32,,0,,,,,,,,,,,,1,375.0,0.0,0.0,0,NONE
2026-09-30T13:16:18.057+00:00,15.872,manual,Manual cook,temp,1600,368.1,,esp32,,0,,,,,,,,,,,,1,375.0,0.0,0.0,0,NONE
2026-09-30T13:16:18.557+00:00,16.372,manual,Manual cook,temp,1600,368.1,,esp32,,0,,,,,,,,,,,,1,375.0,0.0,0.0,0,NONE
2026-09-30T13:16:19.557+00:00,17.372,manual,Manual cook,temp,1600,367.7,,esp32,,0,,,,,,,,,,,,1,375.0,0.0,0.0,0,NONE
2026-09-30T13:16:20.057+00:00,17.872,manual,Manual cook,temp,1600,367.7,,esp32,,0,,,,,,,,,,,,1,375.0,0.0,0.0,0,NONE
2026-09-30T13:16:20.557+00:00,18.372,manual,Manual cook,temp,1600,367.3,,esp32,,0,,,,,,,,,,,,1,375.0,0.0,0.0,0,NONE
2026-09-30T13:16:21.556+00:00,19.372,manual,Manual cook,temp,1600,365.9,,esp32,,0,,,,,,,,,,,,1,375.0,0.0,0.0,0,NONE
2026-09-30T13:16:22.556+00:00,20.372,manual,Manual cook,temp,1600,366.4,,esp32,,0,,,,,,,,,,,,1,375.0,0.0,0.0,0,NONE
2026-09-30T13:16:23.556+00:00,21.371,manual,Manual cook,temp,1600,365.5,,esp32,,0,,,,,,,,,,,,1,375.0,0.0,0.0,0,NONE
2026-09-30T13:16:24.559+00:00,22.374,manual,Manual cook,temp,1600,364.5,,esp32,,0,,,,,,,,,,,,1,375.0,0.0,0.0,0,NONE
2026-09-30T13:16:25.556+00:00,23.371,manual,Manual cook,temp,1600,363.6,,esp32,,0,,,,,,,,,,,,1,375.0,0.0,0.0,0,NONE
2026-09-30T13:16:26.057+00:00,23.872,manual,Manual cook,temp,1600,362.8,,esp32,,0,,,,,,,,,,,,1,375.0,0.0,0.0,0,NONE
2026-09-30T13:16:27.056+00:00,24.872,manual,Manual cook,temp,1600,362.3,,esp32,,0,,,,,,,,,,,,1,375.0,0.0,0.0,0,NONE
2026-09-30T13:16:28.057+00:00,25.872,manual,Manual cook,temp,1600,361.0,,esp32,,0,,,,,,,,,,,,1,375.0,0.0,0.0,0,NONE
2026-09-30T13:16:29.056+00:00,26.871,manual,Manual cook,temp,1600,361.0,,esp32,,0,,,,,,,,,,,,1,375.0,0.0,0.0,0,NONE
2026-09-30T13:16:29.556+00:00,27.371,manual,Manual cook,temp,1600,360.0,,esp32,,0,,,,,,,,,,,,1,375.0,0.0,0.0,0,NONE
2026-09-30T13:16:30.556+00:00,28.371,manual,Manual cook,temp,1600,358.7,,esp32,,0,,,,,,,,,,,,1,375.0,0.0,0.0,0,NONE
2026-09-30T13:16:31.556+00:00,29.371,manual,Manual cook,temp,1600,357.8,,esp32,,0,,,,,,,,,,,,1,375.0,0.0,0.0,0,NONE
2026-09-30T13:16:32.556+00:00,30.371,manual,Manual cook,temp,1600,356.9,,esp32,,0,,,,,,,,,,,,1,375.0,0.0,0.0,0,NONE
2026-09-30T13:16:33.556+00:00,31.371,manual,Manual cook,temp,1600,356.9,,esp32,,0,,,,,,,,,,,,1,375.0,0.0,0.0,0,NONE
2026-09-30T13:16:34.056+00:00,31.872,manual,Manual cook,temp,1600,356.5,,esp32,,0,,,,,,,,,,,,1,375.0,0.0,0.0,0,NONE
2026-09-30T13:16:35.056+00:00,32.871,manual,Manual cook,temp,1600,355.1,,esp32,,0,,,,,,,,,,,,1,375.0,0.0,0.0,0,NONE
2026-09-30T13:16:36.056+00:00,33.871,manual,Manual cook,temp,1600,353.3,,esp32,,0,,,,,,,,,,,,1,375.0,0.0,0.0,0,NONE
2026-09-30T13:16:37.055+00:00,34.871,manual,Manual cook,temp,1600,353.3,,esp32,,0,,,,,,,,,,,,1,375.0,0.0,0.0,0,NONE
2026-09-30T13:16:38.055+00:00,35.870,manual,Manual cook,temp,1600,352.9,,esp32,,0,,,,,,,,,,,,1,375.0,0.0,0.0,0,NONE
2026-09-30T13:16:38.555+00:00,36.371,manual,Manual cook,temp,1600,350.6,,esp32,,0,,,,,,,,,,,,1,375.0,0.0,0.0,0,NONE
2026-09-30T13:16:39.555+00:00,37.370,manual,Manual cook,temp,1600,351.5,,esp32,,0,,,,,,,,,,,,1,375.0,0.0,0.0,0,NONE
2026-09-30T13:16:40.555+00:00,38.370,manual,Manual cook,temp,1600,349.3,,esp32,,0,,,,,,,,,,,,1,375.0,0.0,0.0,0,NONE
2026-09-30T13:16:41.055+00:00,38.871,manual,Manual cook,temp,1600,349.7,,esp32,,0,,,,,,,,,,,,1,375.0,0.0,0.0,0,NONE
2026-09-30T13:16:42.056+00:00,39.871,manual,Manual cook,temp,1600,348.8,,esp32,,0,,,,,,,,,,,,1,375.0,0.0,0.0,0,NONE
2026-09-30T13:16:43.055+00:00,40.870,manual,Manual cook,temp,1600,347.5,,esp32,,0,,,,,,,,,,,,1,375.0,0.0,0.0,0,NONE
2026-09-30T13:16:44.055+00:00,41.870,manual,Manual cook,temp,1600,346.1,,esp32,,0,,,,,,,,,,,,1,375.0,0.0,0.0,0,NONE
2026-09-30T13:16:44.555+00:00,42.370,manual,Manual cook,temp,1600,345.6,,esp32,,0,,,,,,,,,,,,1,375.0,0.0,0.0,0,NONE
2026-09-30T13:16:45.555+00:00,43.370,manual,Manual cook,temp,1600,345.6,,esp32,,0,,,,,,,,,,,,1,375.0,0.0,0.0,0,NONE
2026-09-30T13:16:46.556+00:00,44.371,manual,Manual cook,temp,1600,343.9,,esp32,,0,,,,,,,,,,,,1,375.0,0.0,0.0,0,NONE
2026-09-30T13:16:47.555+00:00,45.371,manual,Manual cook,temp,1600,344.3,,esp32,,0,,,,,,,,,,,,1,375.0,0.0,0.0,0,NONE
2026-09-30T13:16:48.556+00:00,46.372,manual,Manual cook,temp,1600,343.4,,esp32,,0,,,,,,,,,,,,1,375.0,0.0,0.0,0,NONE
2026-09-30T13:16:49.555+00:00,47.370,manual,Manual cook,temp,1600,342.0,,esp32,,0,,,,,,,,,,,,1,375.0,0.0,0.0,0,NONE
2026-09-30T13:16:50.555+00:00,48.370,manual,Manual cook,temp,1600,341.1,,esp32,,0,,,,,,,,,,,,1,375.0,0.0,0.0,0,NONE
2026-09-30T13:16:51.055+00:00,48.870,manual,Manual cook,temp,1600,339.8,,esp32,,0,,,,,,,,,,,,1,375.0,0.0,0.0,0,NONE
2026-09-30T13:16:52.054+00:00,49.870,manual,Manual cook,temp,1600,338.5,,esp32,,0,,,,,,,,,,,,1,375.0,0.0,0.0,0,NONE
2026-09-30T13:16:52.555+00:00,50.370,manual,Manual cook,temp,1600,338.5,,esp32,,0,,,,,,,,,,,,1,375.0,0.0,0.0,0,NONE
2026-09-30T13:16:53.555+00:00,51.370,manual,Manual cook,temp,1600,337.5,,esp32,,0,,,,,,,,,,,,1,375.0,0.0,0.0,0,NONE
2026-09-30T13:16:54.056+00:00,51.871,manual,Manual cook,temp,1600,336.6,,esp32,,0,,,,,,,,,,,,1,375.0,0.0,0.0,0,NONE
2026-09-30T13:16:55.055+00:00,52.870,manual,Manual cook,temp,1600,335.8,,esp32,,0,,,,,,,,,,,,1,375.0,0.0,0.0,0,NONE
2026-09-30T13:16:56.054+00:00,53.870,manual,Manual cook,temp,1600,335.8,,esp32,,0,,,,,,,,,,,,1,375.0,0.0,0.0,0,NONE
2026-09-30T13:16:56.555+00:00,54.370,manual,Manual cook,temp,1600,334.4,,esp32,,0,,,,,,,,,,,,1,375.0,0.0,0.0,0,NONE
2026-09-30T13:16:57.554+00:00,55.370,manual,Manual cook,temp,1600,334.0,,esp32,,0,,,,,,,,,,,,1,375.0,0.0,0.0,0,NONE
2026-09-30T13:16:58.554+00:00,56.370,manual,Manual cook,temp,1600,334.0,,esp32,,0,,,,,,,,,,,,1,375.0,0.0,0.0,0,NONE
2026-09-30T13:16:59.555+00:00,57.370,manual,Manual cook,temp,1600,331.7,,esp32,,0,,,,,,,,,,,,1,375.0,0.0,0.0,0,NONE
2026-09-30T13:17:00.554+00:00,58.370,manual,Manual cook,temp,1600,332.1,,esp32,,0,,,,,,,,,,,,1,375.0,0.0,0.0,0,NONE
2026-09-30T13:17:01.554+00:00,59.369,manual,Manual cook,temp,1600,330.8,,esp32,,0,,,,,,,,,,,,1,375.0,0.0,0.0,0,NONE
2026-09-30T13:17:02.054+00:00,59.869,manual,Manual cook,temp,1600,331.3,,esp32,,0,,,,,,,,,,,,1,375.0,0.0,0.0,0,NONE
2026-09-30T13:17:02.554+00:00,60.369,manual,Manual cook,temp,1600,329.5,,esp32,,0,,,,,,,,,,,,1,375.0,0.0,0.0,0,NONE
2026-09-30T13:17:03.554+00:00,61.369,manual,Manual cook,temp,1600,329.5,,esp32,,0,,,,,,,,,,,,1,375.0,0.0,0.0,0,NONE
2026-09-30T13:17:04.554+00:00,62.369,manual,Manual cook,temp,1600,328.5,,esp32,,0,,,,,,,,,,,,1,375.0,0.0,0.0,0,NONE
2026-09-30T13:17:05.054+00:00,62.870,manual,Manual cook,temp,1600,327.6,,esp32,,0,,,,,,,,,,,,1,375.0,0.0,0.0,0,NONE
2026-09-30T13:17:05.555+00:00,63.370,manual,Manual cook,temp,1600,326.3,,esp32,,0,,,,,,,,,,,,1,375.0,0.0,0.0,0,NONE
2026-09-30T13:17:06.554+00:00,64.369,manual,Manual cook,temp,1600,326.3,,esp32,,0,,,,,,,,,,,,1,375.0,0.0,0.0,0,NONE
2026-09-30T13:17:07.554+00:00,65.369,manual,Manual cook,temp,1600,325.0,,esp32,,0,,,,,,,,,,,,1,375.0,0.0,0.0,0,NONE
2026-09-30T13:17:08.554+00:00,66.369,manual,Manual cook,temp,1600,325.4,,esp32,,0,,,,,,,,,,,,1,375.0,0.0,0.0,0,NONE
2026-09-30T13:17:09.554+00:00,67.369,manual,Manual cook,temp,1600,324.5,,esp32,,0,,,,,,,,,,,,1,375.0,0.0,0.0,0,NONE
2026-09-30T13:17:10.554+00:00,68.369,manual,Manual cook,temp,1600,323.6,,esp32,,0,,,,,,,,,,,,1,375.0,0.0,0.0,0,NONE
2026-09-30T13:17:11.055+00:00,68.871,manual,Manual cook,temp,1600,322.3,,esp32,,0,,,,,,,,,,,,1,375.0,0.0,0.0,0,NONE
2026-09-30T13:17:12.054+00:00,69.869,manual,Manual cook,temp,1600,321.8,,esp32,,0,,,,,,,,,,,,1,375.0,0.0,0.0,0,NONE
2026-09-30T13:17:12.554+00:00,70.369,manual,Manual cook,temp,1600,320.9,,esp32,,0,,,,,,,,,,,,1,375.0,0.0,0.0,0,NONE
2026-09-30T13:17:13.553+00:00,71.369,manual,Manual cook,temp,1600,320.0,,esp32,,0,,,,,,,,,,,,1,375.0,0.0,0.0,0,NONE
2026-09-30T13:17:14.554+00:00,72.369,manual,Manual cook,temp,1600,320.0,,esp32,,0,,,,,,,,,,,,1,375.0,0.0,0.0,0,NONE
2026-09-30T13:17:15.553+00:00,73.369,manual,Manual cook,temp,1600,318.6,,esp32,,0,,,,,,,,,,,,1,375.0,0.0,0.0,0,NONE
2026-09-30T13:17:16.554+00:00,74.369,manual,Manual cook,temp,1600,318.2,,esp32,,0,,,,,,,,,,,,1,375.0,0.0,0.0,0,NONE
2026-09-30T13:17:17.553+00:00,75.369,manual,Manual cook,temp,1600,316.4,,esp32,,0,,,,,,,,,,,,1,375.0,0.0,0.0,0,NONE
2026-09-30T13:17:18.553+00:00,76.368,manual,Manual cook,temp,1600,316.4,,esp32,,0,,,,,,,,,,,,1,375.0,0.0,0.0,0,NONE
2026-09-30T13:17:19.553+00:00,77.368,manual,Manual cook,temp,1600,315.0,,esp32,,0,,,,,,,,,,,,1,375.0,0.0,0.0,0,NONE
2026-09-30T13:17:20.553+00:00,78.368,manual,Manual cook,temp,1600,313.7,,esp32,,0,,,,,,,,,,,,1,375.0,0.0,0.0,0,NONE
2026-09-30T13:17:21.553+00:00,79.368,manual,Manual cook,temp,1600,312.4,,esp32,,0,,,,,,,,,,,,1,375.0,0.0,0.0,0,NONE
2026-09-30T13:17:22.054+00:00,79.869,manual,Manual cook,temp,1600,312.4,,esp32,,0,,,,,,,,,,,,1,375.0,0.0,0.0,0,NONE
2026-09-30T13:17:22.554+00:00,80.369,manual,Manual cook,temp,1600,312.4,,esp32,,0,,,,,,,,,,,,1,375.0,0.0,0.0,0,NONE
2026-09-30T13:17:23.054+00:00,80.869,manual,Manual cook,temp,1600,311.5,,esp32,,0,,,,,,,,,,,,1,375.0,0.0,0.0,0,NONE
2026-09-30T13:17:23.554+00:00,81.370,manual,Manual cook,temp,1600,311.9,,esp32,,0,,,,,,,,,,,,1,375.0,0.0,0.0,0,NONE
2026-09-30T13:17:24.553+00:00,82.369,manual,Manual cook,temp,1600,310.5,,esp32,,0,,,,,,,,,,,,1,375.0,0.0,0.0,0,NONE
2026-09-30T13:17:25.553+00:00,83.368,manual,Manual cook,temp,1600,309.2,,esp32,,0,,,,,,,,,,,,1,375.0,0.0,0.0,0,NONE
2026-09-30T13:17:26.554+00:00,84.369,manual,Manual cook,temp,1600,308.8,,esp32,,0,,,,,,,,,,,,1,375.0,0.0,0.0,0,NONE
2026-09-30T13:17:27.553+00:00,85.368,manual,Manual cook,temp,1600,307.9,,esp32,,0,,,,,,,,,,,,1,375.0,0.0,0.0,0,NONE
2026-09-30T13:17:28.553+00:00,86.368,manual,Manual cook,temp,1600,307.4,,esp32,,0,,,,,,,,,,,,1,375.0,0.0,0.0,0,NONE
2026-09-30T13:17:29.053+00:00,86.869,manual,Manual cook,temp,1600,306.0,,esp32,,0,,,,,,,,,,,,1,375.0,0.0,0.0,0,NONE
2026-09-30T13:17:29.553+00:00,87.369,manual,Manual cook,temp,1600,306.0,,esp32,,0,,,,,,,,,,,,1,375.0,0.0,0.0,0,NONE
2026-09-30T13:17:30.553+00:00,88.368,manual,Manual cook,temp,1600,306.0,,esp32,,0,,,,,,,,,,,,1,375.0,0.0,0.0,0,NONE
2026-09-30T13:17:31.552+00:00,89.368,manual,Manual cook,temp,1600,305.1,,esp32,,0,,,,,,,,,,,,1,375.0,0.0,0.0,0,NONE
2026-09-30T13:17:32.053+00:00,89.868,manual,Manual cook,temp,1600,304.3,,esp32,,0,,,,,,,,,,,,1,375.0,0.0,0.0,0,NONE
2026-09-30T13:17:32.553+00:00,90.368,manual,Manual cook,temp,1600,304.3,,esp32,,0,,,,,,,,,,,,1,375.0,0.0,0.0,0,NONE
2026-09-30T13:17:33.552+00:00,91.368,manual,Manual cook,temp,1600,302.9,,esp32,,0,,,,,,,,,,,,1,375.0,0.0,0.0,0,NONE
2026-09-30T13:17:34.052+00:00,91.868,manual,Manual cook,temp,1600,302.9,,esp32,,0,,,,,,,,,,,,1,375.0,0.0,0.0,0,NONE
2026-09-30T13:17:35.053+00:00,92.868,manual,Manual cook,temp,1600,301.1,,esp32,,0,,,,,,,,,,,,1,375.0,0.0,0.0,0,NONE
2026-09-30T13:17:35.554+00:00,93.369,manual,Manual cook,temp,1600,301.1,,esp32,,0,,,,,,,,,,,,1,375.0,0.0,0.0,0,NONE
2026-09-30T13:17:36.552+00:00,94.368,manual,Manual cook,temp,1600,301.1,,esp32,,0,,,,,,,,,,,,1,375.0,0.0,0.0,0,NONE
2026-09-30T13:17:37.552+00:00,95.368,manual,Manual cook,temp,1600,300.6,,esp32,,0,,,,,,,,,,,,1,375.0,0.0,0.0,0,NONE
2026-09-30T13:17:38.552+00:00,96.368,manual,Manual cook,temp,1600,300.6,,esp32,,0,,,,,,,,,,,,1,375.0,0.0,0.0,0,NONE
2026-09-30T13:17:39.552+00:00,97.367,manual,Manual cook,temp,1600,298.4,,esp32,,0,,,,,,,,,,,,1,375.0,0.0,0.0,0,NONE
2026-09-30T13:17:40.553+00:00,98.368,manual,Manual cook,temp,1600,297.0,,esp32,,0,,,,,,,,,,,,1,375.0,0.0,0.0,0,NONE
2026-09-30T13:17:41.053+00:00,98.868,manual,Manual cook,temp,1600,297.0,,esp32,,0,,,,,,,,,,,,1,375.0,0.0,0.0,0,NONE
2026-09-30T13:17:42.052+00:00,99.867,manual,Manual cook,temp,1600,296.6,,esp32,,0,,,,,,,,,,,,1,375.0,0.0,0.0,0,NONE
2026-09-30T13:17:42.552+00:00,100.368,manual,Manual cook,temp,1600,295.3,,esp32,,0,,,,,,,,,,,,1,375.0,0.0,0.0,0,NONE
2026-09-30T13:17:43.552+00:00,101.367,manual,Manual cook,temp,1600,294.8,,esp32,,0,,,,,,,,,,,,1,375.0,0.0,0.0,0,NONE
2026-09-30T13:17:44.552+00:00,102.367,manual,Manual cook,temp,1600,294.4,,esp32,,0,,,,,,,,,,,,1,375.0,0.0,0.0,0,NONE
2026-09-30T13:17:45.552+00:00,103.367,manual,Manual cook,temp,1600,293.0,,esp32,,0,,,,,,,,,,,,1,375.0,0.0,0.0,0,NONE
2026-09-30T13:17:46.556+00:00,104.371,manual,Manual cook,temp,1600,292.5,,esp32,,0,,,,,,,,,,,,1,375.0,0.0,0.0,0,NONE
2026-09-30T13:17:47.552+00:00,105.367,manual,Manual cook,temp,1600,291.2,,esp32,,0,,,,,,,,,,,,1,375.0,0.0,0.0,0,NONE
2026-09-30T13:17:48.052+00:00,105.867,manual,Manual cook,temp,1600,291.2,,esp32,,0,,,,,,,,,,,,1,375.0,0.0,0.0,0,NONE
2026-09-30T13:17:49.052+00:00,106.867,manual,Manual cook,temp,1600,289.9,,esp32,,0,,,,,,,,,,,,1,375.0,0.0,0.0,0,NONE
2026-09-30T13:17:49.552+00:00,107.367,manual,Manual cook,temp,1600,290.8,,esp32,,0,,,,,,,,,,,,1,375.0,0.0,0.0,0,NONE
2026-09-30T13:17:50.552+00:00,108.367,manual,Manual cook,temp,1600,290.3,,esp32,,0,,,,,,,,,,,,1,375.0,0.0,0.0,0,NONE
2026-09-30T13:17:51.552+00:00,109.367,manual,Manual cook,temp,1600,289.0,,esp32,,0,,,,,,,,,,,,1,375.0,0.0,0.0,0,NONE
2026-09-30T13:17:52.052+00:00,109.867,manual,Manual cook,temp,1600,288.5,,esp32,,0,,,,,,,,,,,,1,375.0,0.0,0.0,0,NONE
2026-09-30T13:17:52.552+00:00,110.367,manual,Manual cook,temp,1600,287.6,,esp32,,0,,,,,,,,,,,,1,375.0,0.0,0.0,0,NONE
2026-09-30T13:17:53.053+00:00,110.868,manual,Manual cook,temp,1600,287.6,,esp32,,0,,,,,,,,,,,,1,375.0,0.0,0.0,0,NONE
2026-09-30T13:17:54.051+00:00,111.867,manual,Manual cook,temp,1600,286.7,,esp32,,0,,,,,,,,,,,,1,375.0,0.0,0.0,0,NONE
2026-09-30T13:17:54.552+00:00,112.367,manual,Manual cook,temp,1600,286.7,,esp32,,0,,,,,,,,,,,,1,375.0,0.0,0.0,0,NONE
2026-09-30T13:17:55.551+00:00,113.367,manual,Manual cook,temp,1600,284.9,,esp32,,0,,,,,,,,,,,,1,375.0,0.0,0.0,0,NONE
2026-09-30T13:17:57.051+00:00,114.867,manual,Manual cook,temp,1600,284.9,,esp32,,0,,,,,,,,,,,,1,375.0,0.0,0.0,0,NONE
2026-09-30T13:17:58.051+00:00,115.867,manual,Manual cook,temp,1600,283.1,,esp32,,0,,,,,,,,,,,,1,375.0,0.0,0.0,0,NONE
2026-09-30T13:17:58.555+00:00,116.370,manual,Manual cook,temp,1600,283.1,,esp32,,0,,,,,,,,,,,,1,375.0,0.0,0.0,0,NONE
2026-09-30T13:17:59.552+00:00,117.367,manual,Manual cook,temp,1600,283.1,,esp32,,0,,,,,,,,,,,,1,375.0,0.0,0.0,0,NONE
2026-09-30T13:18:00.551+00:00,118.367,manual,Manual cook,temp,1600,282.6,,esp32,,0,,,,,,,,,,,,1,375.0,0.0,0.0,0,NONE
2026-09-30T13:18:01.551+00:00,119.366,manual,Manual cook,temp,1600,281.8,,esp32,,0,,,,,,,,,,,,1,375.0,0.0,0.0,0,NONE
2026-09-30T13:18:02.551+00:00,120.366,manual,Manual cook,temp,1600,280.9,,esp32,,0,,,,,,,,,,,,1,375.0,0.0,0.0,0,NONE
2026-09-30T13:18:03.051+00:00,120.866,manual,Manual cook,temp,1600,280.4,,esp32,,0,,,,,,,,,,,,1,375.0,0.0,0.0,0,NONE
2026-09-30T13:18:03.552+00:00,121.367,manual,Manual cook,temp,1600,280.4,,esp32,,0,,,,,,,,,,,,1,375.0,0.0,0.0,0,NONE
2026-09-30T13:18:04.551+00:00,122.366,manual,Manual cook,temp,1600,279.5,,esp32,,0,,,,,,,,,,,,1,375.0,0.0,0.0,0,NONE
2026-09-30T13:18:05.052+00:00,122.867,manual,Manual cook,temp,1600,279.0,,esp32,,0,,,,,,,,,,,,1,375.0,0.0,0.0,0,NONE
2026-09-30T13:18:06.051+00:00,123.866,manual,Manual cook,temp,1600,278.6,,esp32,,0,,,,,,,,,,,,1,375.0,0.0,0.0,0,NONE
2026-09-30T13:18:07.051+00:00,124.866,manual,Manual cook,temp,1600,276.8,,esp32,,0,,,,,,,,,,,,1,375.0,0.0,0.0,0,NONE
2026-09-30T13:18:08.051+00:00,125.866,manual,Manual cook,temp,1600,277.7,,esp32,,0,,,,,,,,,,,,1,375.0,0.0,0.0,0,NONE
2026-09-30T13:18:08.551+00:00,126.366,manual,Manual cook,temp,1600,275.9,,esp32,,0,,,,,,,,,,,,1,375.0,0.0,0.0,0,NONE
2026-09-30T13:18:09.551+00:00,127.366,manual,Manual cook,temp,1600,276.4,,esp32,,0,,,,,,,,,,,,1,375.0,0.0,0.0,0,NONE
2026-09-30T13:18:10.551+00:00,128.366,manual,Manual cook,temp,1600,275.9,,esp32,,0,,,,,,,,,,,,1,375.0,0.0,0.0,0,NONE
2026-09-30T13:18:11.052+00:00,128.867,manual,Manual cook,temp,1600,275.5,,esp32,,0,,,,,,,,,,,,1,375.0,0.0,0.0,0,NONE
2026-09-30T13:18:11.552+00:00,129.367,manual,Manual cook,temp,1600,275.0,,esp32,,0,,,,,,,,,,,,1,375.0,0.0,0.0,0,NONE
2026-09-30T13:18:12.554+00:00,130.369,manual,Manual cook,temp,1600,274.1,,esp32,,0,,,,,,,,,,,,1,375.0,0.0,0.0,0,NONE
2026-09-30T13:18:13.550+00:00,131.366,manual,Manual cook,temp,1600,273.6,,esp32,,0,,,,,,,,,,,,1,375.0,0.0,0.0,0,NONE
2026-09-30T13:18:14.551+00:00,132.366,manual,Manual cook,temp,1600,272.8,,esp32,,0,,,,,,,,,,,,1,375.0,0.0,0.0,0,NONE
2026-09-30T13:18:15.550+00:00,133.366,manual,Manual cook,temp,1600,271.9,,esp32,,0,,,,,,,,,,,,1,375.0,0.0,0.0,0,NONE
2026-09-30T13:18:16.550+00:00,134.366,manual,Manual cook,temp,1600,270.5,,esp32,,0,,,,,,,,,,,,1,375.0,0.0,0.0,0,NONE
2026-09-30T13:18:17.550+00:00,135.366,manual,Manual cook,temp,1600,271.0,,esp32,,0,,,,,,,,,,,,1,375.0,0.0,0.0,0,NONE
2026-09-30T13:18:18.051+00:00,135.867,manual,Manual cook,temp,1600,271.0,,esp32,,0,,,,,,,,,,,,1,375.0,0.0,0.0,0,NONE
2026-09-30T13:18:19.050+00:00,136.866,manual,Manual cook,temp,1600,268.7,,esp32,,0,,,,,,,,,,,,1,375.0,0.0,0.0,0,NONE
2026-09-30T13:18:19.550+00:00,137.366,manual,Manual cook,temp,1600,269.6,,esp32,,0,,,,,,,,,,,,1,375.0,0.0,0.0,0,NONE
2026-09-30T13:18:20.550+00:00,138.365,manual,Manual cook,temp,1600,267.8,,esp32,,0,,,,,,,,,,,,1,375.0,0.0,0.0,0,NONE
2026-09-30T13:18:21.050+00:00,138.865,manual,Manual cook,temp,1600,268.7,,esp32,,0,,,,,,,,,,,,1,375.0,0.0,0.0,0,NONE
2026-09-30T13:18:22.050+00:00,139.865,manual,Manual cook,temp,1600,268.3,,esp32,,0,,,,,,,,,,,,1,375.0,0.0,0.0,0,NONE
2026-09-30T13:18:22.550+00:00,140.366,manual,Manual cook,temp,1600,267.8,,esp32,,0,,,,,,,,,,,,1,375.0,0.0,0.0,0,NONE
2026-09-30T13:18:23.551+00:00,141.366,manual,Manual cook,temp,1600,267.4,,esp32,,0,,,,,,,,,,,,1,375.0,0.0,0.0,0,NONE
2026-09-30T13:18:24.051+00:00,141.866,manual,Manual cook,temp,1600,266.9,,esp32,,0,,,,,,,,,,,,1,375.0,0.0,0.0,0,NONE
2026-09-30T13:18:24.553+00:00,142.368,manual,Manual cook,temp,1600,265.5,,esp32,,0,,,,,,,,,,,,1,375.0,0.0,0.0,0,NONE
2026-09-30T13:18:25.550+00:00,143.365,manual,Manual cook,temp,1600,265.5,,esp32,,0,,,,,,,,,,,,1,375.0,0.0,0.0,0,NONE
2026-09-30T13:18:26.550+00:00,144.365,manual,Manual cook,temp,1600,266.0,,esp32,,0,,,,,,,,,,,,1,375.0,0.0,0.0,0,NONE
2026-09-30T13:18:27.550+00:00,145.365,manual,Manual cook,temp,1600,263.8,,esp32,,0,,,,,,,,,,,,1,375.0,0.0,0.0,0,NONE
2026-09-30T13:18:28.550+00:00,146.365,manual,Manual cook,temp,1600,264.2,,esp32,,0,,,,,,,,,,,,1,375.0,0.0,0.0,0,NONE
2026-09-30T13:18:29.550+00:00,147.365,manual,Manual cook,temp,1600,264.2,,esp32,,0,,,,,,,,,,,,1,375.0,0.0,0.0,0,NONE
2026-09-30T13:18:30.051+00:00,147.866,manual,Manual cook,temp,1600,263.8,,esp32,,0,,,,,,,,,,,,1,375.0,0.0,0.0,0,NONE
2026-09-30T13:18:31.050+00:00,148.865,manual,Manual cook,temp,1600,262.4,,esp32,,0,,,,,,,,,,,,1,375.0,0.0,0.0,0,NONE
2026-09-30T13:18:31.550+00:00,149.365,manual,Manual cook,temp,1600,262.9,,esp32,,0,,,,,,,,,,,,1,375.0,0.0,0.0,0,NONE
2026-09-30T13:18:32.050+00:00,149.865,manual,Manual cook,temp,1600,262.0,,esp32,,0,,,,,,,,,,,,1,375.0,0.0,0.0,0,NONE
2026-09-30T13:18:33.050+00:00,150.865,manual,Manual cook,temp,1600,261.5,,esp32,,0,,,,,,,,,,,,1,375.0,0.0,0.0,0,NONE
2026-09-30T13:18:33.551+00:00,151.366,manual,Manual cook,temp,1600,261.0,,esp32,,0,,,,,,,,,,,,1,375.0,0.0,0.0,0,NONE
2026-09-30T13:18:34.550+00:00,152.365,manual,Manual cook,temp,1600,261.5,,esp32,,0,,,,,,,,,,,,1,375.0,0.0,0.0,0,NONE
2026-09-30T13:18:35.549+00:00,153.365,manual,Manual cook,temp,1600,260.6,,esp32,,0,,,,,,,,,,,,1,375.0,0.0,0.0,0,NONE
2026-09-30T13:18:36.050+00:00,153.865,manual,Manual cook,temp,1600,259.7,,esp32,,0,,,,,,,,,,,,1,375.0,0.0,0.0,0,NONE
2026-09-30T13:18:36.553+00:00,154.368,manual,Manual cook,temp,1600,259.7,,esp32,,0,,,,,,,,,,,,1,375.0,0.0,0.0,0,NONE
2026-09-30T13:18:37.551+00:00,155.366,manual,Manual cook,temp,1600,259.3,,esp32,,0,,,,,,,,,,,,1,375.0,0.0,0.0,0,NONE
2026-09-30T13:18:38.549+00:00,156.365,manual,Manual cook,temp,1600,258.8,,esp32,,0,,,,,,,,,,,,1,375.0,0.0,0.0,0,NONE
2026-09-30T13:18:39.549+00:00,157.365,manual,Manual cook,temp,1600,258.4,,esp32,,0,,,,,,,,,,,,1,375.0,0.0,0.0,0,NONE
2026-09-30T13:18:40.049+00:00,157.865,manual,Manual cook,temp,1600,258.4,,esp32,,0,,,,,,,,,,,,1,375.0,0.0,0.0,0,NONE
2026-09-30T13:18:40.549+00:00,158.365,manual,Manual cook,temp,1600,257.9,,esp32,,0,,,,,,,,,,,,1,375.0,0.0,0.0,0,NONE
2026-09-30T13:18:41.549+00:00,159.365,manual,Manual cook,temp,1600,257.0,,esp32,,0,,,,,,,,,,,,1,375.0,0.0,0.0,0,NONE
2026-09-30T13:18:42.549+00:00,160.364,manual,Manual cook,temp,1600,257.0,,esp32,,0,,,,,,,,,,,,1,375.0,0.0,0.0,0,NONE
2026-09-30T13:18:43.050+00:00,160.865,manual,Manual cook,temp,1600,256.1,,esp32,,0,,,,,,,,,,,,1,375.0,0.0,0.0,0,NONE
2026-09-30T13:18:44.049+00:00,161.864,manual,Manual cook,temp,1600,256.1,,esp32,,0,,,,,,,,,,,,1,375.0,0.0,0.0,0,NONE
2026-09-30T13:18:44.549+00:00,162.364,manual,Manual cook,temp,1600,255.2,,esp32,,0,,,,,,,,,,,,1,375.0,0.0,0.0,0,NONE
2026-09-30T13:18:45.050+00:00,162.865,manual,Manual cook,temp,1600,255.2,,esp32,,0,,,,,,,,,,,,1,375.0,0.0,0.0,0,NONE
2026-09-30T13:18:46.049+00:00,163.864,manual,Manual cook,temp,1600,254.3,,esp32,,0,,,,,,,,,,,,1,375.0,0.0,0.0,0,NONE
2026-09-30T13:18:47.049+00:00,164.864,manual,Manual cook,temp,1600,254.3,,esp32,,0,,,,,,,,,,,,1,375.0,0.0,0.0,0,NONE
2026-09-30T13:18:48.049+00:00,165.864,manual,Manual cook,temp,1600,253.9,,esp32,,0,,,,,,,,,,,,1,375.0,0.0,0.0,0,NONE
2026-09-30T13:18:48.550+00:00,166.365,manual,Manual cook,temp,1600,252.9,,esp32,,0,,,,,,,,,,,,1,375.0,0.0,0.0,0,NONE
2026-09-30T13:18:49.550+00:00,167.366,manual,Manual cook,temp,1600,252.5,,esp32,,0,,,,,,,,,,,,1,375.0,0.0,0.0,0,NONE
2026-09-30T13:18:50.549+00:00,168.364,manual,Manual cook,temp,1600,252.9,,esp32,,0,,,,,,,,,,,,1,375.0,0.0,0.0,0,NONE
2026-09-30T13:18:51.549+00:00,169.364,manual,Manual cook,temp,1600,251.6,,esp32,,0,,,,,,,,,,,,1,375.0,0.0,0.0,0,NONE
2026-09-30T13:18:52.549+00:00,170.364,manual,Manual cook,temp,1600,251.1,,esp32,,0,,,,,,,,,,,,1,375.0,0.0,0.0,0,NONE
2026-09-30T13:18:53.549+00:00,171.364,manual,Manual cook,temp,1600,251.1,,esp32,,0,,,,,,,,,,,,1,375.0,0.0,0.0,0,NONE
2026-09-30T13:18:54.049+00:00,171.864,manual,Manual cook,temp,1600,249.8,,esp32,,0,,,,,,,,,,,,1,375.0,0.0,0.0,0,NONE
2026-09-30T13:18:54.552+00:00,172.367,manual,Manual cook,temp,1600,249.8,,esp32,,0,,,,,,,,,,,,1,375.0,0.0,0.0,0,NONE
2026-09-30T13:18:55.549+00:00,173.364,manual,Manual cook,temp,1600,250.3,,esp32,,0,,,,,,,,,,,,1,375.0,0.0,0.0,0,NONE
2026-09-30T13:18:56.549+00:00,174.364,manual,Manual cook,temp,1600,248.9,,esp32,,0,,,,,,,,,,,,1,375.0,0.0,0.0,0,NONE
2026-09-30T13:18:57.548+00:00,175.364,manual,Manual cook,temp,1600,249.4,,esp32,,0,,,,,,,,,,,,1,375.0,0.0,0.0,0,NONE
2026-09-30T13:18:58.048+00:00,175.864,manual,Manual cook,temp,1600,248.0,,esp32,,0,,,,,,,,,,,,1,375.0,0.0,0.0,0,NONE
2026-09-30T13:18:58.549+00:00,176.364,manual,Manual cook,temp,1600,247.6,,esp32,,0,,,,,,,,,,,,1,375.0,0.0,0.0,0,NONE
2026-09-30T13:18:59.548+00:00,177.364,manual,Manual cook,temp,1600,248.4,,esp32,,0,,,,,,,,,,,,1,375.0,0.0,0.0,0,NONE
2026-09-30T13:19:00.049+00:00,177.864,manual,Manual cook,temp,1600,247.6,,esp32,,0,,,,,,,,,,,,1,375.0,0.0,0.0,0,NONE
2026-09-30T13:19:00.550+00:00,178.365,manual,Manual cook,temp,1600,247.6,,esp32,,0,,,,,,,,,,,,1,375.0,0.0,0.0,0,NONE
2026-09-30T13:19:01.548+00:00,179.364,manual,Manual cook,temp,1600,247.1,,esp32,,0,,,,,,,,,,,,1,375.0,0.0,0.0,0,NONE
2026-09-30T13:19:02.548+00:00,180.364,manual,Manual cook,temp,1600,246.2,,esp32,,0,,,,,,,,,,,,1,375.0,0.0,0.0,0,NONE
2026-09-30T13:19:03.548+00:00,181.363,manual,Manual cook,temp,1600,246.2,,esp32,,0,,,,,,,,,,,,1,375.0,0.0,0.0,0,NONE
2026-09-30T13:19:04.548+00:00,182.364,manual,Manual cook,temp,1600,245.3,,esp32,,0,,,,,,,,,,,,1,375.0,0.0,0.0,0,NONE
2026-09-30T13:19:05.048+00:00,182.864,manual,Manual cook,temp,1600,245.3,,esp32,,0,,,,,,,,,,,,1,375.0,0.0,0.0,0,NONE
2026-09-30T13:19:06.048+00:00,183.863,manual,Manual cook,temp,1600,244.9,,esp32,,0,,,,,,,,,,,,1,375.0,0.0,0.0,0,NONE
2026-09-30T13:19:06.548+00:00,184.363,manual,Manual cook,temp,1600,244.9,,esp32,,0,,,,,,,,,,,,1,375.0,0.0,0.0,0,NONE
2026-09-30T13:19:07.548+00:00,185.363,manual,Manual cook,temp,1600,243.1,,esp32,,0,,,,,,,,,,,,1,375.0,0.0,0.0,0,NONE
2026-09-30T13:19:08.548+00:00,186.363,manual,Manual cook,temp,1600,243.5,,esp32,,0,,,,,,,,,,,,1,375.0,0.0,0.0,0,NONE
2026-09-30T13:19:09.548+00:00,187.363,manual,Manual cook,temp,1600,243.1,,esp32,,0,,,,,,,,,,,,1,375.0,0.0,0.0,0,NONE
2026-09-30T13:19:10.048+00:00,187.863,manual,Manual cook,temp,1600,242.6,,esp32,,0,,,,,,,,,,,,1,375.0,0.0,0.0,0,NONE
2026-09-30T13:19:10.548+00:00,188.363,manual,Manual cook,temp,1600,242.6,,esp32,,0,,,,,,,,,,,,1,375.0,0.0,0.0,0,NONE
2026-09-30T13:19:11.049+00:00,188.864,manual,Manual cook,temp,1600,242.1,,esp32,,0,,,,,,,,,,,,1,375.0,0.0,0.0,0,NONE
2026-09-30T13:19:11.550+00:00,189.365,manual,Manual cook,temp,1600,242.1,,esp32,,0,,,,,,,,,,,,1,375.0,0.0,0.0,0,NONE
2026-09-30T13:19:12.548+00:00,190.363,manual,Manual cook,temp,1600,241.3,,esp32,,0,,,,,,,,,,,,1,375.0,0.0,0.0,0,NONE
2026-09-30T13:19:13.548+00:00,191.363,manual,Manual cook,temp,1600,240.8,,esp32,,0,,,,,,,,,,,,1,375.0,0.0,0.0,0,NONE
2026-09-30T13:19:14.048+00:00,191.863,manual,Manual cook,temp,1600,241.3,,esp32,,0,,,,,,,,,,,,1,375.0,0.0,0.0,0,NONE
2026-09-30T13:19:15.048+00:00,192.863,manual,Manual cook,temp,1600,240.8,,esp32,,0,,,,,,,,,,,,1,375.0,0.0,0.0,0,NONE
2026-09-30T13:19:16.048+00:00,193.863,manual,Manual cook,temp,1600,240.4,,esp32,,0,,,,,,,,,,,,1,375.0,0.0,0.0,0,NONE
2026-09-30T13:19:16.549+00:00,194.365,manual,Manual cook,temp,1600,240.4,,esp32,,0,,,,,,,,,,,,1,375.0,0.0,0.0,0,NONE
2026-09-30T13:19:17.548+00:00,195.364,manual,Manual cook,temp,1600,239.9,,esp32,,0,,,,,,,,,,,,1,375.0,0.0,0.0,0,NONE
2026-09-30T13:19:18.548+00:00,196.363,manual,Manual cook,temp,1600,239.9,,esp32,,0,,,,,,,,,,,,1,375.0,0.0,0.0,0,NONE
2026-09-30T13:19:19.548+00:00,197.363,manual,Manual cook,temp,1600,238.6,,esp32,,0,,,,,,,,,,,,1,375.0,0.0,0.0,0,NONE
2026-09-30T13:19:20.048+00:00,197.863,manual,Manual cook,temp,1600,238.6,,esp32,,0,,,,,,,,,,,,1,375.0,0.0,0.0,0,NONE
2026-09-30T13:19:21.047+00:00,198.863,manual,Manual cook,temp,1600,238.6,,esp32,,0,,,,,,,,,,,,1,375.0,0.0,0.0,0,NONE
2026-09-30T13:19:21.547+00:00,199.363,manual,Manual cook,temp,1600,238.1,,esp32,,0,,,,,,,,,,,,1,375.0,0.0,0.0,0,NONE
2026-09-30T13:19:22.547+00:00,200.363,manual,Manual cook,temp,1600,238.1,,esp32,,0,,,,,,,,,,,,1,375.0,0.0,0.0,0,NONE
2026-09-30T13:19:23.048+00:00,200.864,manual,Manual cook,temp,1600,236.8,,esp32,,0,,,,,,,,,,,,1,375.0,0.0,0.0,0,NONE
2026-09-30T13:19:24.047+00:00,201.862,manual,Manual cook,temp,1600,236.3,,esp32,,0,,,,,,,,,,,,1,375.0,0.0,0.0,0,NONE
2026-09-30T13:19:24.549+00:00,202.365,manual,Manual cook,temp,1600,236.3,,esp32,,0,,,,,,,,,,,,1,375.0,0.0,0.0,0,NONE
2026-09-30T13:19:25.547+00:00,203.363,manual,Manual cook,temp,1600,236.8,,esp32,,0,,,,,,,,,,,,1,375.0,0.0,0.0,0,NONE
2026-09-30T13:19:26.047+00:00,203.863,manual,Manual cook,temp,1600,235.4,,esp32,,0,,,,,,,,,,,,1,375.0,0.0,0.0,0,NONE
2026-09-30T13:19:27.047+00:00,204.862,manual,Manual cook,temp,1600,236.3,,esp32,,0,,,,,,,,,,,,1,375.0,0.0,0.0,0,NONE
2026-09-30T13:19:27.547+00:00,205.363,manual,Manual cook,temp,1600,234.9,,esp32,,0,,,,,,,,,,,,1,375.0,0.0,0.0,0,NONE
2026-09-30T13:19:28.552+00:00,206.367,manual,Manual cook,temp,1600,235.4,,esp32,,0,,,,,,,,,,,,1,375.0,0.0,0.0,0,NONE
2026-09-30T13:19:29.547+00:00,207.362,manual,Manual cook,temp,1600,234.5,,esp32,,0,,,,,,,,,,,,1,375.0,0.0,0.0,0,NONE
2026-09-30T13:19:30.047+00:00,207.862,manual,Manual cook,temp,1600,234.5,,esp32,,0,,,,,,,,,,,,1,375.0,0.0,0.0,0,NONE
2026-09-30T13:19:31.047+00:00,208.862,manual,Manual cook,temp,1600,234.1,,esp32,,0,,,,,,,,,,,,1,375.0,0.0,0.0,0,NONE
2026-09-30T13:19:32.047+00:00,209.862,manual,Manual cook,temp,1600,234.5,,esp32,,0,,,,,,,,,,,,1,375.0,0.0,0.0,0,NONE
2026-09-30T13:19:32.547+00:00,210.362,manual,Manual cook,temp,1600,233.6,,esp32,,0,,,,,,,,,,,,1,375.0,0.0,0.0,0,NONE
2026-09-30T13:19:33.547+00:00,211.362,manual,Manual cook,temp,1600,233.6,,esp32,,0,,,,,,,,,,,,1,375.0,0.0,0.0,0,NONE
2026-09-30T13:19:34.048+00:00,211.863,manual,Manual cook,temp,1600,233.6,,esp32,,0,,,,,,,,,,,,1,375.0,0.0,0.0,0,NONE
2026-09-30T13:19:35.047+00:00,212.862,manual,Manual cook,temp,1600,232.3,,esp32,,0,,,,,,,,,,,,1,375.0,0.0,0.0,0,NONE
2026-09-30T13:19:36.047+00:00,213.862,manual,Manual cook,temp,1600,232.3,,esp32,,0,,,,,,,,,,,,1,375.0,0.0,0.0,0,NONE
2026-09-30T13:19:36.547+00:00,214.362,manual,Manual cook,temp,1600,232.3,,esp32,,0,,,,,,,,,,,,1,375.0,0.0,0.0,0,NONE
2026-09-30T13:19:37.547+00:00,215.362,manual,Manual cook,temp,1600,232.3,,esp32,,0,,,,,,,,,,,,1,375.0,0.0,0.0,0,NONE
2026-09-30T13:19:39.047+00:00,216.862,manual,Manual cook,temp,1600,231.4,,esp32,,0,,,,,,,,,,,,1,375.0,0.0,0.0,0,NONE
2026-09-30T13:19:39.547+00:00,217.363,manual,Manual cook,temp,1600,230.4,,esp32,,0,,,,,,,,,,,,1,375.0,0.0,0.0,0,NONE
2026-09-30T13:19:40.547+00:00,218.362,manual,Manual cook,temp,1600,230.4,,esp32,,0,,,,,,,,,,,,1,375.0,0.0,0.0,0,NONE
2026-09-30T13:19:41.547+00:00,219.362,manual,Manual cook,temp,1600,229.6,,esp32,,0,,,,,,,,,,,,1,375.0,0.0,0.0,0,NONE
2026-09-30T13:19:42.547+00:00,220.362,manual,Manual cook,temp,1600,230.0,,esp32,,0,,,,,,,,,,,,1,375.0,0.0,0.0,0,NONE
2026-09-30T13:19:43.547+00:00,221.362,manual,Manual cook,temp,1600,229.1,,esp32,,0,,,,,,,,,,,,1,375.0,0.0,0.0,0,NONE
2026-09-30T13:19:44.547+00:00,222.362,manual,Manual cook,temp,1600,229.1,,esp32,,0,,,,,,,,,,,,1,375.0,0.0,0.0,0,NONE
2026-09-30T13:19:45.048+00:00,222.863,manual,Manual cook,temp,1600,229.1,,esp32,,0,,,,,,,,,,,,1,375.0,0.0,0.0,0,NONE
2026-09-30T13:19:45.548+00:00,223.364,manual,Manual cook,temp,1600,229.1,,esp32,,0,,,,,,,,,,,,1,375.0,0.0,0.0,0,NONE
2026-09-30T13:19:46.547+00:00,224.362,manual,Manual cook,temp,1600,228.2,,esp32,,0,,,,,,,,,,,,1,375.0,0.0,0.0,0,NONE
2026-09-30T13:19:47.546+00:00,225.362,manual,Manual cook,temp,1600,228.2,,esp32,,0,,,,,,,,,,,,1,375.0,0.0,0.0,0,NONE
2026-09-30T13:19:48.547+00:00,226.362,manual,Manual cook,temp,1600,228.2,,esp32,,0,,,,,,,,,,,,1,375.0,0.0,0.0,0,NONE
2026-09-30T13:19:49.546+00:00,227.362,manual,Manual cook,temp,1600,227.3,,esp32,,0,,,,,,,,,,,,1,375.0,0.0,0.0,0,NONE
2026-09-30T13:19:50.546+00:00,228.362,manual,Manual cook,temp,1600,226.9,,esp32,,0,,,,,,,,,,,,1,375.0,0.0,0.0,0,NONE
2026-09-30T13:19:51.047+00:00,228.862,manual,Manual cook,temp,1600,226.9,,esp32,,0,,,,,,,,,,,,1,375.0,0.0,0.0,0,NONE
2026-09-30T13:19:52.046+00:00,229.861,manual,Manual cook,temp,1600,226.4,,esp32,,0,,,,,,,,,,,,1,375.0,0.0,0.0,0,NONE
2026-09-30T13:19:52.546+00:00,230.362,manual,Manual cook,temp,1600,226.4,,esp32,,0,,,,,,,,,,,,1,375.0,0.0,0.0,0,NONE
2026-09-30T13:19:53.546+00:00,231.361,manual,Manual cook,temp,1600,225.1,,esp32,,0,,,,,,,,,,,,1,375.0,0.0,0.0,0,NONE
2026-09-30T13:19:54.547+00:00,232.362,manual,Manual cook,temp,1600,225.1,,esp32,,0,,,,,,,,,,,,1,375.0,0.0,0.0,0,NONE
2026-09-30T13:19:55.546+00:00,233.361,manual,Manual cook,temp,1600,225.1,,esp32,,0,,,,,,,,,,,,1,375.0,0.0,0.0,0,NONE
2026-09-30T13:19:56.546+00:00,234.362,manual,Manual cook,temp,1600,225.1,,esp32,,0,,,,,,,,,,,,1,375.0,0.0,0.0,0,NONE
2026-09-30T13:19:57.546+00:00,235.361,manual,Manual cook,temp,1600,224.6,,esp32,,0,,,,,,,,,,,,1,375.0,0.0,0.0,0,NONE
2026-09-30T13:19:58.546+00:00,236.361,manual,Manual cook,temp,1600,224.1,,esp32,,0,,,,,,,,,,,,1,375.0,0.0,0.0,0,NONE
2026-09-30T13:19:59.546+00:00,237.361,manual,Manual cook,temp,1600,223.3,,esp32,,0,,,,,,,,,,,,1,375.0,0.0,0.0,0,NONE
2026-09-30T13:20:00.546+00:00,238.361,manual,Manual cook,temp,1600,223.7,,esp32,,0,,,,,,,,,,,,1,375.0,0.0,0.0,0,NONE
2026-09-30T13:20:01.546+00:00,239.361,manual,Manual cook,temp,1600,223.3,,esp32,,0,,,,,,,,,,,,1,375.0,0.0,0.0,0,NONE
2026-09-30T13:20:02.047+00:00,239.862,manual,Manual cook,temp,1600,221.9,,esp32,,0,,,,,,,,,,,,1,375.0,0.0,0.0,0,NONE
2026-09-30T13:20:02.548+00:00,240.363,manual,Manual cook,temp,1600,223.3,,esp32,,0,,,,,,,,,,,,1,375.0,0.0,0.0,0,NONE
2026-09-30T13:20:03.546+00:00,241.361,manual,Manual cook,temp,1600,222.4,,esp32,,0,,,,,,,,,,,,1,375.0,0.0,0.0,0,NONE
2026-09-30T13:20:04.546+00:00,242.361,manual,Manual cook,temp,1600,222.8,,esp32,,0,,,,,,,,,,,,1,375.0,0.0,0.0,0,NONE
2026-09-30T13:20:05.546+00:00,243.361,manual,Manual cook,temp,1600,221.9,,esp32,,0,,,,,,,,,,,,1,375.0,0.0,0.0,0,NONE
2026-09-30T13:20:06.547+00:00,244.362,manual,Manual cook,temp,1600,221.0,,esp32,,0,,,,,,,,,,,,1,375.0,0.0,0.0,0,NONE
2026-09-30T13:20:07.546+00:00,245.361,manual,Manual cook,temp,1600,221.0,,esp32,,0,,,,,,,,,,,,1,375.0,0.0,0.0,0,NONE
2026-09-30T13:20:08.047+00:00,245.862,manual,Manual cook,temp,1600,221.4,,esp32,,0,,,,,,,,,,,,1,375.0,0.0,0.0,0,NONE
2026-09-30T13:20:08.548+00:00,246.363,manual,Manual cook,temp,1600,221.4,,esp32,,0,,,,,,,,,,,,1,375.0,0.0,0.0,0,NONE
2026-09-30T13:20:09.545+00:00,247.361,manual,Manual cook,temp,1600,220.6,,esp32,,0,,,,,,,,,,,,1,375.0,0.0,0.0,0,NONE
2026-09-30T13:20:10.545+00:00,248.361,manual,Manual cook,temp,1600,221.0,,esp32,,0,,,,,,,,,,,,1,375.0,0.0,0.0,0,NONE
2026-09-30T13:20:11.545+00:00,249.361,manual,Manual cook,temp,1600,220.1,,esp32,,0,,,,,,,,,,,,1,375.0,0.0,0.0,0,NONE
2026-09-30T13:20:12.546+00:00,250.361,manual,Manual cook,temp,1600,219.2,,esp32,,0,,,,,,,,,,,,1,375.0,0.0,0.0,0,NONE
2026-09-30T13:20:13.545+00:00,251.361,manual,Manual cook,temp,1600,218.8,,esp32,,0,,,,,,,,,,,,1,375.0,0.0,0.0,0,NONE
2026-09-30T13:20:14.046+00:00,251.861,manual,Manual cook,temp,1600,219.2,,esp32,,0,,,,,,,,,,,,1,375.0,0.0,0.0,0,NONE
2026-09-30T13:20:15.045+00:00,252.860,manual,Manual cook,temp,1600,218.3,,esp32,,0,,,,,,,,,,,,1,375.0,0.0,0.0,0,NONE
2026-09-30T13:20:15.545+00:00,253.360,manual,Manual cook,temp,1600,218.8,,esp32,,0,,,,,,,,,,,,1,375.0,0.0,0.0,0,NONE
2026-09-30T13:20:16.545+00:00,254.360,manual,Manual cook,temp,1600,218.8,,esp32,,0,,,,,,,,,,,,1,375.0,0.0,0.0,0,NONE
2026-09-30T13:20:17.545+00:00,255.360,manual,Manual cook,temp,1600,217.9,,esp32,,0,,,,,,,,,,,,1,375.0,0.0,0.0,0,NONE
2026-09-30T13:20:18.545+00:00,256.360,manual,Manual cook,temp,1600,217.4,,esp32,,0,,,,,,,,,,,,1,375.0,0.0,0.0,0,NONE
2026-09-30T13:20:19.546+00:00,257.361,manual,Manual cook,temp,1600,216.5,,esp32,,0,,,,,,,,,,,,1,375.0,0.0,0.0,0,NONE
2026-09-30T13:20:20.548+00:00,258.363,manual,Manual cook,temp,1600,216.9,,esp32,,0,,,,,,,,,,,,1,375.0,0.0,0.0,0,NONE
2026-09-30T13:20:21.545+00:00,259.360,manual,Manual cook,temp,1600,216.9,,esp32,,0,,,,,,,,,,,,1,375.0,0.0,0.0,0,NONE
2026-09-30T13:20:22.045+00:00,259.861,manual,Manual cook,temp,1600,216.9,,esp32,,0,,,,,,,,,,,,1,375.0,0.0,0.0,0,NONE
2026-09-30T13:20:23.045+00:00,260.860,manual,Manual cook,temp,1600,216.9,,esp32,,0,,,,,,,,,,,,1,375.0,0.0,0.0,0,NONE
2026-09-30T13:20:23.545+00:00,261.360,manual,Manual cook,temp,1600,216.1,,esp32,,0,,,,,,,,,,,,1,375.0,0.0,0.0,0,NONE
2026-09-30T13:20:25.046+00:00,262.861,manual,Manual cook,temp,1600,216.1,,esp32,,0,,,,,,,,,,,,1,375.0,0.0,0.0,0,NONE
2026-09-30T13:20:26.045+00:00,263.860,manual,Manual cook,temp,1600,215.1,,esp32,,0,,,,,,,,,,,,1,375.0,0.0,0.0,0,NONE
2026-09-30T13:20:26.546+00:00,264.361,manual,Manual cook,temp,1600,215.1,,esp32,,0,,,,,,,,,,,,1,375.0,0.0,0.0,0,NONE
2026-09-30T13:20:27.545+00:00,265.360,manual,Manual cook,temp,1600,215.1,,esp32,,0,,,,,,,,,,,,1,375.0,0.0,0.0,0,NONE
2026-09-30T13:20:28.545+00:00,266.360,manual,Manual cook,temp,1600,213.8,,esp32,,0,,,,,,,,,,,,1,375.0,0.0,0.0,0,NONE
2026-09-30T13:20:29.545+00:00,267.360,manual,Manual cook,temp,1600,213.8,,esp32,,0,,,,,,,,,,,,1,375.0,0.0,0.0,0,NONE
2026-09-30T13:20:30.545+00:00,268.360,manual,Manual cook,temp,1600,212.9,,esp32,,0,,,,,,,,,,,,1,375.0,0.0,0.0,0,NONE
2026-09-30T13:20:31.045+00:00,268.861,manual,Manual cook,temp,1600,213.8,,esp32,,0,,,,,,,,,,,,1,375.0,0.0,0.0,0,NONE
2026-09-30T13:20:32.044+00:00,269.860,manual,Manual cook,temp,1600,213.8,,esp32,,0,,,,,,,,,,,,1,375.0,0.0,0.0,0,NONE
2026-09-30T13:20:32.544+00:00,270.360,manual,Manual cook,temp,1600,213.8,,esp32,,0,,,,,,,,,,,,1,375.0,0.0,0.0,0,NONE
2026-09-30T13:20:33.544+00:00,271.360,manual,Manual cook,temp,1600,213.4,,esp32,,0,,,,,,,,,,,,1,375.0,0.0,0.0,0,NONE
2026-09-30T13:20:34.544+00:00,272.360,manual,Manual cook,temp,1600,212.9,,esp32,,0,,,,,,,,,,,,1,375.0,0.0,0.0,0,NONE
2026-09-30T13:20:35.544+00:00,273.360,manual,Manual cook,temp,1600,212.4,,esp32,,0,,,,,,,,,,,,1,375.0,0.0,0.0,0,NONE
2026-09-30T13:20:36.544+00:00,274.360,manual,Manual cook,temp,1600,212.0,,esp32,,0,,,,,,,,,,,,1,375.0,0.0,0.0,0,NONE
2026-09-30T13:20:37.045+00:00,274.861,manual,Manual cook,temp,1600,211.6,,esp32,,0,,,,,,,,,,,,1,375.0,0.0,0.0,0,NONE
2026-09-30T13:20:38.044+00:00,275.859,manual,Manual cook,temp,1600,211.6,,esp32,,0,,,,,,,,,,,,1,375.0,0.0,0.0,0,NONE
2026-09-30T13:20:38.544+00:00,276.360,manual,Manual cook,temp,1600,211.6,,esp32,,0,,,,,,,,,,,,1,375.0,0.0,0.0,0,NONE
2026-09-30T13:20:39.544+00:00,277.360,manual,Manual cook,temp,1600,211.1,,esp32,,0,,,,,,,,,,,,1,375.0,0.0,0.0,0,NONE
2026-09-30T13:20:40.545+00:00,278.360,manual,Manual cook,temp,1600,211.1,,esp32,,0,,,,,,,,,,,,1,375.0,0.0,0.0,0,NONE
2026-09-30T13:20:41.544+00:00,279.359,manual,Manual cook,temp,1600,211.1,,esp32,,0,,,,,,,,,,,,1,375.0,0.0,0.0,0,NONE
2026-09-30T13:20:42.548+00:00,280.363,manual,Manual cook,temp,1600,210.6,,esp32,,0,,,,,,,,,,,,1,375.0,0.0,0.0,0,NONE
2026-09-30T13:20:43.544+00:00,281.359,manual,Manual cook,temp,1600,209.8,,esp32,,0,,,,,,,,,,,,1,375.0,0.0,0.0,0,NONE
2026-09-30T13:20:44.544+00:00,282.359,manual,Manual cook,temp,1600,209.8,,esp32,,0,,,,,,,,,,,,1,375.0,0.0,0.0,0,NONE
2026-09-30T13:20:45.544+00:00,283.359,manual,Manual cook,temp,1600,210.2,,esp32,,0,,,,,,,,,,,,1,375.0,0.0,0.0,0,NONE
2026-09-30T13:20:46.544+00:00,284.359,manual,Manual cook,temp,1600,209.3,,esp32,,0,,,,,,,,,,,,1,375.0,0.0,0.0,0,NONE
2026-09-30T13:20:47.544+00:00,285.359,manual,Manual cook,temp,1600,209.8,,esp32,,0,,,,,,,,,,,,1,375.0,0.0,0.0,0,NONE
2026-09-30T13:20:48.044+00:00,285.860,manual,Manual cook,temp,1600,208.4,,esp32,,0,,,,,,,,,,,,1,375.0,0.0,0.0,0,NONE
2026-09-30T13:20:48.551+00:00,286.367,manual,Manual cook,temp,1600,208.9,,esp32,,0,,,,,,,,,,,,1,375.0,0.0,0.0,0,NONE
2026-09-30T13:20:49.548+00:00,287.364,manual,Manual cook,temp,1600,208.9,,esp32,,0,,,,,,,,,,,,1,375.0,0.0,0.0,0,NONE
2026-09-30T13:20:50.544+00:00,288.359,manual,Manual cook,temp,1600,208.4,,esp32,,0,,,,,,,,,,,,1,375.0,0.0,0.0,0,NONE
2026-09-30T13:20:51.544+00:00,289.359,manual,Manual cook,temp,1600,207.9,,esp32,,0,,,,,,,,,,,,1,375.0,0.0,0.0,0,NONE
2026-09-30T13:20:52.544+00:00,290.360,manual,Manual cook,temp,1600,207.1,,esp32,,0,,,,,,,,,,,,1,375.0,0.0,0.0,0,NONE
2026-09-30T13:20:53.544+00:00,291.359,manual,Manual cook,temp,1600,207.1,,esp32,,0,,,,,,,,,,,,1,375.0,0.0,0.0,0,NONE
2026-09-30T13:20:54.544+00:00,292.359,manual,Manual cook,temp,1600,207.1,,esp32,,0,,,,,,,,,,,,1,375.0,0.0,0.0,0,NONE
2026-09-30T13:20:55.045+00:00,292.860,manual,Manual cook,temp,1600,207.1,,esp32,,0,,,,,,,,,,,,1,375.0,0.0,0.0,0,NONE
2026-09-30T13:20:56.043+00:00,293.859,manual,Manual cook,temp,1600,206.6,,esp32,,0,,,,,,,,,,,,1,375.0,0.0,0.0,0,NONE
2026-09-30T13:20:56.544+00:00,294.359,manual,Manual cook,temp,1600,206.6,,esp32,,0,,,,,,,,,,,,1,375.0,0.0,0.0,0,NONE
2026-09-30T13:20:57.543+00:00,295.359,manual,Manual cook,temp,1600,206.6,,esp32,,0,,,,,,,,,,,,1,375.0,0.0,0.0,0,NONE
2026-09-30T13:20:58.543+00:00,296.359,manual,Manual cook,temp,1600,205.3,,esp32,,0,,,,,,,,,,,,1,375.0,0.0,0.0,0,NONE
2026-09-30T13:20:59.543+00:00,297.359,manual,Manual cook,temp,1600,205.7,,esp32,,0,,,,,,,,,,,,1,375.0,0.0,0.0,0,NONE
2026-09-30T13:21:00.544+00:00,298.359,manual,Manual cook,temp,1600,204.4,,esp32,,0,,,,,,,,,,,,1,375.0,0.0,0.0,0,NONE
2026-09-30T13:21:01.543+00:00,299.359,manual,Manual cook,temp,1600,205.3,,esp32,,0,,,,,,,,,,,,1,375.0,0.0,0.0,0,NONE
2026-09-30T13:21:02.543+00:00,300.359,manual,Manual cook,temp,1600,205.7,,esp32,,0,,,,,,,,,,,,1,375.0,0.0,0.0,0,NONE
2026-09-30T13:21:03.543+00:00,301.359,manual,Manual cook,temp,1600,205.7,,esp32,,0,,,,,,,,,,,,1,375.0,0.0,0.0,0,NONE
2026-09-30T13:21:04.544+00:00,302.359,manual,Manual cook,temp,1600,204.8,,esp32,,0,,,,,,,,,,,,1,375.0,0.0,0.0,0,NONE
2026-09-30T13:21:05.543+00:00,303.359,manual,Manual cook,temp,1600,204.8,,esp32,,0,,,,,,,,,,,,1,375.0,0.0,0.0,0,NONE
2026-09-30T13:21:06.044+00:00,303.859,manual,Manual cook,temp,1600,203.0,,esp32,,0,,,,,,,,,,,,1,375.0,0.0,0.0,0,NONE
2026-09-30T13:21:07.043+00:00,304.858,manual,Manual cook,temp,1600,204.4,,esp32,,0,,,,,,,,,,,,1,375.0,0.0,0.0,0,NONE
2026-09-30T13:21:07.543+00:00,305.358,manual,Manual cook,temp,1600,204.4,,esp32,,0,,,,,,,,,,,,1,375.0,0.0,0.0,0,NONE
2026-09-30T13:21:08.043+00:00,305.858,manual,Manual cook,temp,1600,204.4,,esp32,,0,,,,,,,,,,,,1,375.0,0.0,0.0,0,NONE
2026-09-30T13:21:08.547+00:00,306.362,manual,Manual cook,temp,1600,203.9,,esp32,,0,,,,,,,,,,,,1,375.0,0.0,0.0,0,NONE
2026-09-30T13:21:09.543+00:00,307.358,manual,Manual cook,temp,1600,203.9,,esp32,,0,,,,,,,,,,,,1,375.0,0.0,0.0,0,NONE
2026-09-30T13:21:10.544+00:00,308.359,manual,Manual cook,temp,1600,203.0,,esp32,,0,,,,,,,,,,,,1,375.0,0.0,0.0,0,NONE
2026-09-30T13:21:11.544+00:00,309.359,manual,Manual cook,temp,1600,203.4,,esp32,,0,,,,,,,,,,,,1,375.0,0.0,0.0,0,NONE
2026-09-30T13:21:12.045+00:00,309.861,manual,Manual cook,temp,1600,203.0,,esp32,,0,,,,,,,,,,,,1,375.0,0.0,0.0,0,NONE
2026-09-30T13:21:13.043+00:00,310.858,manual,Manual cook,temp,1600,203.4,,esp32,,0,,,,,,,,,,,,1,375.0,0.0,0.0,0,NONE
2026-09-30T13:21:13.543+00:00,311.358,manual,Manual cook,temp,1600,202.6,,esp32,,0,,,,,,,,,,,,1,375.0,0.0,0.0,0,NONE
2026-09-30T13:21:14.543+00:00,312.358,manual,Manual cook,temp,1600,201.6,,esp32,,0,,,,,,,,,,,,1,375.0,0.0,0.0,0,NONE
2026-09-30T13:21:15.543+00:00,313.358,manual,Manual cook,temp,1600,202.1,,esp32,,0,,,,,,,,,,,,1,375.0,0.0,0.0,0,NONE
2026-09-30T13:21:16.043+00:00,313.858,manual,Manual cook,temp,1600,202.1,,esp32,,0,,,,,,,,,,,,1,375.0,0.0,0.0,0,NONE
2026-09-30T13:21:16.543+00:00,314.358,manual,Manual cook,temp,1600,202.1,,esp32,,0,,,,,,,,,,,,1,375.0,0.0,0.0,0,NONE
2026-09-30T13:21:17.543+00:00,315.359,manual,Manual cook,temp,1600,200.8,,esp32,,0,,,,,,,,,,,,1,375.0,0.0,0.0,0,NONE
2026-09-30T13:21:18.543+00:00,316.358,manual,Manual cook,temp,1600,201.2,,esp32,,0,,,,,,,,,,,,1,375.0,0.0,0.0,0,NONE
2026-09-30T13:21:19.543+00:00,317.358,manual,Manual cook,temp,1600,199.9,,esp32,,0,,,,,,,,,,,,1,375.0,0.0,0.0,0,NONE
2026-09-30T13:21:20.543+00:00,318.358,manual,Manual cook,temp,1600,201.2,,esp32,,0,,,,,,,,,,,,1,375.0,0.0,0.0,0,NONE
2026-09-30T13:21:21.542+00:00,319.358,manual,Manual cook,temp,1600,199.9,,esp32,,0,,,,,,,,,,,,1,375.0,0.0,0.0,0,NONE
2026-09-30T13:21:22.543+00:00,320.358,manual,Manual cook,temp,1600,201.2,,esp32,,0,,,,,,,,,,,,1,375.0,0.0,0.0,0,NONE
2026-09-30T13:21:23.044+00:00,320.859,manual,Manual cook,temp,1600,200.3,,esp32,,0,,,,,,,,,,,,1,375.0,0.0,0.0,0,NONE
2026-09-30T13:21:24.042+00:00,321.858,manual,Manual cook,temp,1600,199.4,,esp32,,0,,,,,,,,,,,,1,375.0,0.0,0.0,0,NONE
2026-09-30T13:21:24.544+00:00,322.359,manual,Manual cook,temp,1600,200.3,,esp32,,0,,,,,,,,,,,,1,375.0,0.0,0.0,0,NONE
2026-09-30T13:21:25.542+00:00,323.358,manual,Manual cook,temp,1600,199.9,,esp32,,0,,,,,,,,,,,,1,375.0,0.0,0.0,0,NONE
2026-09-30T13:21:26.542+00:00,324.358,manual,Manual cook,temp,1600,199.4,,esp32,,0,,,,,,,,,,,,1,375.0,0.0,0.0,0,NONE
2026-09-30T13:21:27.542+00:00,325.358,manual,Manual cook,temp,1600,198.9,,esp32,,0,,,,,,,,,,,,1,375.0,0.0,0.0,0,NONE
2026-09-30T13:21:28.543+00:00,326.359,manual,Manual cook,temp,1600,198.5,,esp32,,0,,,,,,,,,,,,1,375.0,0.0,0.0,0,NONE
2026-09-30T13:21:29.542+00:00,327.358,manual,Manual cook,temp,1600,198.9,,esp32,,0,,,,,,,,,,,,1,375.0,0.0,0.0,0,NONE
2026-09-30T13:21:30.542+00:00,328.358,manual,Manual cook,temp,1600,198.9,,esp32,,0,,,,,,,,,,,,1,375.0,0.0,0.0,0,NONE
2026-09-30T13:21:32.042+00:00,329.857,manual,Manual cook,temp,1600,198.1,,esp32,,0,,,,,,,,,,,,1,375.0,0.0,0.0,0,NONE
2026-09-30T13:21:32.542+00:00,330.358,manual,Manual cook,temp,1600,198.1,,esp32,,0,,,,,,,,,,,,1,375.0,0.0,0.0,0,NONE
2026-09-30T13:21:33.542+00:00,331.357,manual,Manual cook,temp,1600,197.1,,esp32,,0,,,,,,,,,,,,1,375.0,0.0,0.0,0,NONE
2026-09-30T13:21:34.043+00:00,331.859,manual,Manual cook,temp,1600,198.1,,esp32,,0,,,,,,,,,,,,1,375.0,0.0,0.0,0,NONE
2026-09-30T13:21:35.043+00:00,332.858,manual,Manual cook,temp,1600,197.6,,esp32,,0,,,,,,,,,,,,1,375.0,0.0,0.0,0,NONE
2026-09-30T13:21:36.043+00:00,333.858,manual,Manual cook,temp,1600,197.6,,esp32,,0,,,,,,,,,,,,1,375.0,0.0,0.0,0,NONE
2026-09-30T13:21:37.042+00:00,334.857,manual,Manual cook,temp,1600,197.1,,esp32,,0,,,,,,,,,,,,1,375.0,0.0,0.0,0,NONE
2026-09-30T13:21:37.542+00:00,335.357,manual,Manual cook,temp,1600,197.1,,esp32,,0,,,,,,,,,,,,1,375.0,0.0,0.0,0,NONE
2026-09-30T13:21:38.542+00:00,336.357,manual,Manual cook,temp,1600,196.3,,esp32,,0,,,,,,,,,,,,1,375.0,0.0,0.0,0,NONE
2026-09-30T13:21:39.042+00:00,336.857,manual,Manual cook,temp,1600,196.7,,esp32,,0,,,,,,,,,,,,1,375.0,0.0,0.0,0,NONE
2026-09-30T13:21:40.042+00:00,337.857,manual,Manual cook,temp,1600,195.8,,esp32,,0,,,,,,,,,,,,1,375.0,0.0,0.0,0,NONE
2026-09-30T13:21:40.542+00:00,338.357,manual,Manual cook,temp,1600,196.3,,esp32,,0,,,,,,,,,,,,1,375.0,0.0,0.0,0,NONE
2026-09-30T13:21:41.542+00:00,339.357,manual,Manual cook,temp,1600,196.3,,esp32,,0,,,,,,,,,,,,1,375.0,0.0,0.0,0,NONE
2026-09-30T13:21:42.043+00:00,339.858,manual,Manual cook,temp,1600,195.8,,esp32,,0,,,,,,,,,,,,1,375.0,0.0,0.0,0,NONE
2026-09-30T13:21:43.042+00:00,340.857,manual,Manual cook,temp,1600,195.8,,esp32,,0,,,,,,,,,,,,1,375.0,0.0,0.0,0,NONE
2026-09-30T13:21:44.042+00:00,341.857,manual,Manual cook,temp,1600,195.8,,esp32,,0,,,,,,,,,,,,1,375.0,0.0,0.0,0,NONE
2026-09-30T13:21:45.042+00:00,342.857,manual,Manual cook,temp,1600,195.4,,esp32,,0,,,,,,,,,,,,1,375.0,0.0,0.0,0,NONE
2026-09-30T13:21:46.042+00:00,343.857,manual,Manual cook,temp,1600,194.9,,esp32,,0,,,,,,,,,,,,1,375.0,0.0,0.0,0,NONE
2026-09-30T13:21:46.542+00:00,344.357,manual,Manual cook,temp,1600,194.9,,esp32,,0,,,,,,,,,,,,1,375.0,0.0,0.0,0,NONE
2026-09-30T13:21:47.542+00:00,345.357,manual,Manual cook,temp,1600,195.4,,esp32,,0,,,,,,,,,,,,1,375.0,0.0,0.0,0,NONE
2026-09-30T13:21:48.043+00:00,345.858,manual,Manual cook,temp,1600,194.9,,esp32,,0,,,,,,,,,,,,1,375.0,0.0,0.0,0,NONE
2026-09-30T13:21:49.041+00:00,346.857,manual,Manual cook,temp,1600,194.0,,esp32,,0,,,,,,,,,,,,1,375.0,0.0,0.0,0,NONE
2026-09-30T13:21:49.541+00:00,347.357,manual,Manual cook,temp,1600,194.4,,esp32,,0,,,,,,,,,,,,1,375.0,0.0,0.0,0,NONE
2026-09-30T13:21:50.541+00:00,348.357,manual,Manual cook,temp,1600,194.9,,esp32,,0,,,,,,,,,,,,1,375.0,0.0,0.0,0,NONE
2026-09-30T13:21:51.541+00:00,349.357,manual,Manual cook,temp,1600,194.0,,esp32,,0,,,,,,,,,,,,1,375.0,0.0,0.0,0,NONE
2026-09-30T13:21:52.541+00:00,350.357,manual,Manual cook,temp,1600,193.6,,esp32,,0,,,,,,,,,,,,1,375.0,0.0,0.0,0,NONE
2026-09-30T13:21:53.542+00:00,351.357,manual,Manual cook,temp,1600,193.1,,esp32,,0,,,,,,,,,,,,1,375.0,0.0,0.0,0,NONE
2026-09-30T13:21:54.541+00:00,352.357,manual,Manual cook,temp,1600,193.6,,esp32,,0,,,,,,,,,,,,1,375.0,0.0,0.0,0,NONE
2026-09-30T13:21:55.541+00:00,353.356,manual,Manual cook,temp,1600,192.6,,esp32,,0,,,,,,,,,,,,1,375.0,0.0,0.0,0,NONE
2026-09-30T13:21:56.541+00:00,354.357,manual,Manual cook,temp,1600,193.6,,esp32,,0,,,,,,,,,,,,1,375.0,0.0,0.0,0,NONE
2026-09-30T13:21:57.541+00:00,355.357,manual,Manual cook,temp,1600,192.6,,esp32,,0,,,,,,,,,,,,1,375.0,0.0,0.0,0,NONE
2026-09-30T13:21:58.541+00:00,356.357,manual,Manual cook,temp,1600,193.1,,esp32,,0,,,,,,,,,,,,1,375.0,0.0,0.0,0,NONE
2026-09-30T13:21:59.042+00:00,356.857,manual,Manual cook,temp,1600,192.6,,esp32,,0,,,,,,,,,,,,1,375.0,0.0,0.0,0,NONE
2026-09-30T13:21:59.545+00:00,357.360,manual,Manual cook,temp,1600,193.1,,esp32,,0,,,,,,,,,,,,1,375.0,0.0,0.0,0,NONE
2026-09-30T13:22:00.045+00:00,357.860,manual,Manual cook,temp,1600,193.1,,esp32,,0,,,,,,,,,,,,1,375.0,0.0,0.0,0,NONE
2026-09-30T13:22:01.041+00:00,358.856,manual,Manual cook,temp,1600,192.2,,esp32,,0,,,,,,,,,,,,1,375.0,0.0,0.0,0,NONE
2026-09-30T13:22:01.541+00:00,359.356,manual,Manual cook,temp,1600,192.2,,esp32,,0,,,,,,,,,,,,1,375.0,0.0,0.0,0,NONE
2026-09-30T13:22:02.541+00:00,360.356,manual,Manual cook,temp,1600,190.9,,esp32,,0,,,,,,,,,,,,1,375.0,0.0,0.0,0,NONE
2026-09-30T13:22:03.541+00:00,361.356,manual,Manual cook,temp,1600,191.8,,esp32,,0,,,,,,,,,,,,1,375.0,0.0,0.0,0,NONE
2026-09-30T13:22:04.541+00:00,362.356,manual,Manual cook,temp,1600,191.8,,esp32,,0,,,,,,,,,,,,1,375.0,0.0,0.0,0,NONE
2026-09-30T13:22:05.542+00:00,363.357,manual,Manual cook,temp,1600,191.8,,esp32,,0,,,,,,,,,,,,1,375.0,0.0,0.0,0,NONE
2026-09-30T13:22:06.541+00:00,364.356,manual,Manual cook,temp,1600,190.9,,esp32,,0,,,,,,,,,,,,1,375.0,0.0,0.0,0,NONE
2026-09-30T13:22:07.541+00:00,365.356,manual,Manual cook,temp,1600,190.9,,esp32,,0,,,,,,,,,,,,1,375.0,0.0,0.0,0,NONE
2026-09-30T13:22:08.541+00:00,366.356,manual,Manual cook,temp,1600,191.3,,esp32,,0,,,,,,,,,,,,1,375.0,0.0,0.0,0,NONE
2026-09-30T13:22:09.541+00:00,367.356,manual,Manual cook,temp,1600,190.9,,esp32,,0,,,,,,,,,,,,1,375.0,0.0,0.0,0,NONE
2026-09-30T13:22:10.541+00:00,368.356,manual,Manual cook,temp,1600,190.4,,esp32,,0,,,,,,,,,,,,1,375.0,0.0,0.0,0,NONE
2026-09-30T13:22:11.041+00:00,368.857,manual,Manual cook,temp,1600,190.4,,esp32,,0,,,,,,,,,,,,1,375.0,0.0,0.0,0,NONE
2026-09-30T13:22:11.542+00:00,369.357,manual,Manual cook,temp,1600,189.9,,esp32,,0,,,,,,,,,,,,1,375.0,0.0,0.0,0,NONE
2026-09-30T13:22:12.541+00:00,370.356,manual,Manual cook,temp,1600,189.9,,esp32,,0,,,,,,,,,,,,1,375.0,0.0,0.0,0,NONE
2026-09-30T13:22:13.541+00:00,371.356,manual,Manual cook,temp,1600,189.5,,esp32,,0,,,,,,,,,,,,1,375.0,0.0,0.0,0,NONE
2026-09-30T13:22:14.541+00:00,372.356,manual,Manual cook,temp,1600,189.1,,esp32,,0,,,,,,,,,,,,1,375.0,0.0,0.0,0,NONE
2026-09-30T13:22:15.541+00:00,373.356,manual,Manual cook,temp,1600,189.5,,esp32,,0,,,,,,,,,,,,1,375.0,0.0,0.0,0,NONE
2026-09-30T13:22:16.540+00:00,374.356,manual,Manual cook,temp,1600,189.9,,esp32,,0,,,,,,,,,,,,1,375.0,0.0,0.0,0,NONE
2026-09-30T13:22:17.041+00:00,374.857,manual,Manual cook,temp,1600,189.5,,esp32,,0,,,,,,,,,,,,1,375.0,0.0,0.0,0,NONE
2026-09-30T13:22:18.040+00:00,375.856,manual,Manual cook,temp,1600,189.1,,esp32,,0,,,,,,,,,,,,1,375.0,0.0,0.0,0,NONE
2026-09-30T13:22:18.540+00:00,376.356,manual,Manual cook,temp,1600,189.1,,esp32,,0,,,,,,,,,,,,1,375.0,0.0,0.0,0,NONE
2026-09-30T13:22:19.543+00:00,377.358,manual,Manual cook,temp,1600,188.6,,esp32,,0,,,,,,,,,,,,1,375.0,0.0,0.0,0,NONE
2026-09-30T13:22:20.540+00:00,378.356,manual,Manual cook,temp,1600,189.1,,esp32,,0,,,,,,,,,,,,1,375.0,0.0,0.0,0,NONE
2026-09-30T13:22:21.540+00:00,379.356,manual,Manual cook,temp,1600,188.6,,esp32,,0,,,,,,,,,,,,1,375.0,0.0,0.0,0,NONE
2026-09-30T13:22:22.541+00:00,380.357,manual,Manual cook,temp,1600,188.1,,esp32,,0,,,,,,,,,,,,1,375.0,0.0,0.0,0,NONE
2026-09-30T13:22:23.540+00:00,381.356,manual,Manual cook,temp,1600,187.7,,esp32,,0,,,,,,,,,,,,1,375.0,0.0,0.0,0,NONE
2026-09-30T13:22:24.543+00:00,382.358,manual,Manual cook,temp,1600,188.1,,esp32,,0,,,,,,,,,,,,1,375.0,0.0,0.0,0,NONE
2026-09-30T13:22:25.540+00:00,383.355,manual,Manual cook,temp,1600,188.1,,esp32,,0,,,,,,,,,,,,1,375.0,0.0,0.0,0,NONE
2026-09-30T13:22:26.040+00:00,383.855,manual,Manual cook,temp,1600,188.1,,esp32,,0,,,,,,,,,,,,1,375.0,0.0,0.0,0,NONE
2026-09-30T13:22:26.540+00:00,384.355,manual,Manual cook,temp,1600,187.7,,esp32,,0,,,,,,,,,,,,1,375.0,0.0,0.0,0,NONE
2026-09-30T13:22:27.540+00:00,385.356,manual,Manual cook,temp,1600,187.7,,esp32,,0,,,,,,,,,,,,1,375.0,0.0,0.0,0,NONE
2026-09-30T13:22:28.044+00:00,385.859,manual,Manual cook,temp,1600,187.7,,esp32,,0,,,,,,,,,,,,1,375.0,0.0,0.0,0,NONE
2026-09-30T13:22:29.040+00:00,386.855,manual,Manual cook,temp,1600,186.4,,esp32,,0,,,,,,,,,,,,1,375.0,0.0,0.0,0,NONE
2026-09-30T13:22:29.540+00:00,387.355,manual,Manual cook,temp,1600,186.8,,esp32,,0,,,,,,,,,,,,1,375.0,0.0,0.0,0,NONE
2026-09-30T13:22:30.540+00:00,388.355,manual,Manual cook,temp,1600,186.8,,esp32,,0,,,,,,,,,,,,1,375.0,0.0,0.0,0,NONE
2026-09-30T13:22:31.540+00:00,389.355,manual,Manual cook,temp,1600,186.8,,esp32,,0,,,,,,,,,,,,1,375.0,0.0,0.0,0,NONE
2026-09-30T13:22:32.540+00:00,390.355,manual,Manual cook,temp,1600,186.4,,esp32,,0,,,,,,,,,,,,1,375.0,0.0,0.0,0,NONE
2026-09-30T13:22:33.540+00:00,391.355,manual,Manual cook,temp,1600,185.9,,esp32,,0,,,,,,,,,,,,1,375.0,0.0,0.0,0,NONE
2026-09-30T13:22:34.041+00:00,391.856,manual,Manual cook,temp,1600,185.4,,esp32,,0,,,,,,,,,,,,1,375.0,0.0,0.0,0,NONE
2026-09-30T13:22:35.040+00:00,392.855,manual,Manual cook,temp,1600,186.4,,esp32,,0,,,,,,,,,,,,1,375.0,0.0,0.0,0,NONE
2026-09-30T13:22:35.540+00:00,393.355,manual,Manual cook,temp,1600,186.4,,esp32,,0,,,,,,,,,,,,1,375.0,0.0,0.0,0,NONE
2026-09-30T13:22:36.540+00:00,394.355,manual,Manual cook,temp,1600,185.4,,esp32,,0,,,,,,,,,,,,1,375.0,0.0,0.0,0,NONE
2026-09-30T13:22:37.540+00:00,395.355,manual,Manual cook,temp,1600,185.0,,esp32,,0,,,,,,,,,,,,1,375.0,0.0,0.0,0,NONE
2026-09-30T13:22:38.540+00:00,396.355,manual,Manual cook,temp,1600,185.0,,esp32,,0,,,,,,,,,,,,1,375.0,0.0,0.0,0,NONE
2026-09-30T13:22:39.540+00:00,397.355,manual,Manual cook,temp,1600,185.0,,esp32,,0,,,,,,,,,,,,1,375.0,0.0,0.0,0,NONE
2026-09-30T13:22:40.044+00:00,397.859,manual,Manual cook,temp,1600,185.0,,esp32,,0,,,,,,,,,,,,1,375.0,0.0,0.0,0,NONE
2026-09-30T13:22:41.040+00:00,398.855,manual,Manual cook,temp,1600,185.0,,esp32,,0,,,,,,,,,,,,1,375.0,0.0,0.0,0,NONE
2026-09-30T13:22:41.540+00:00,399.355,manual,Manual cook,temp,1600,185.4,,esp32,,0,,,,,,,,,,,,1,375.0,0.0,0.0,0,NONE
2026-09-30T13:22:42.540+00:00,400.355,manual,Manual cook,temp,1600,184.1,,esp32,,0,,,,,,,,,,,,1,375.0,0.0,0.0,0,NONE
2026-09-30T13:22:43.540+00:00,401.355,manual,Manual cook,temp,1600,184.6,,esp32,,0,,,,,,,,,,,,1,375.0,0.0,0.0,0,NONE
2026-09-30T13:22:44.539+00:00,402.355,manual,Manual cook,temp,1600,184.6,,esp32,,0,,,,,,,,,,,,1,375.0,0.0,0.0,0,NONE
2026-09-30T13:22:45.540+00:00,403.355,manual,Manual cook,temp,1600,184.1,,esp32,,0,,,,,,,,,,,,1,375.0,0.0,0.0,0,NONE
2026-09-30T13:22:46.044+00:00,403.859,manual,Manual cook,temp,1600,183.6,,esp32,,0,,,,,,,,,,,,1,375.0,0.0,0.0,0,NONE
2026-09-30T13:22:47.039+00:00,404.855,manual,Manual cook,temp,1600,183.2,,esp32,,0,,,,,,,,,,,,1,375.0,0.0,0.0,0,NONE
2026-09-30T13:22:47.539+00:00,405.355,manual,Manual cook,temp,1600,183.2,,esp32,,0,,,,,,,,,,,,1,375.0,0.0,0.0,0,NONE
2026-09-30T13:22:48.539+00:00,406.355,manual,Manual cook,temp,1600,183.6,,esp32,,0,,,,,,,,,,,,1,375.0,0.0,0.0,0,NONE
2026-09-30T13:22:49.539+00:00,407.355,manual,Manual cook,temp,1600,184.1,,esp32,,0,,,,,,,,,,,,1,375.0,0.0,0.0,0,NONE
2026-09-30T13:22:50.539+00:00,408.355,manual,Manual cook,temp,1600,183.2,,esp32,,0,,,,,,,,,,,,1,375.0,0.0,0.0,0,NONE
2026-09-30T13:22:51.539+00:00,409.354,manual,Manual cook,temp,1600,183.6,,esp32,,0,,,,,,,,,,,,1,375.0,0.0,0.0,0,NONE
2026-09-30T13:22:52.040+00:00,409.855,manual,Manual cook,temp,1600,183.2,,esp32,,0,,,,,,,,,,,,1,375.0,0.0,0.0,0,NONE
2026-09-30T13:22:52.542+00:00,410.357,manual,Manual cook,temp,1600,182.3,,esp32,,0,,,,,,,,,,,,1,375.0,0.0,0.0,0,NONE
2026-09-30T13:22:53.539+00:00,411.354,manual,Manual cook,temp,1600,182.8,,esp32,,0,,,,,,,,,,,,1,375.0,0.0,0.0,0,NONE
2026-09-30T13:22:54.539+00:00,412.355,manual,Manual cook,temp,1600,182.3,,esp32,,0,,,,,,,,,,,,1,375.0,0.0,0.0,0,NONE
2026-09-30T13:22:55.539+00:00,413.354,manual,Manual cook,temp,1600,182.3,,esp32,,0,,,,,,,,,,,,1,375.0,0.0,0.0,0,NONE
2026-09-30T13:22:56.039+00:00,413.854,manual,Manual cook,temp,1600,180.9,,esp32,,0,,,,,,,,,,,,1,375.0,0.0,0.0,0,NONE
2026-09-30T13:22:57.039+00:00,414.854,manual,Manual cook,temp,1600,180.9,,esp32,,0,,,,,,,,,,,,1,375.0,0.0,0.0,0,NONE
2026-09-30T13:22:57.539+00:00,415.354,manual,Manual cook,temp,1600,181.4,,esp32,,0,,,,,,,,,,,,1,375.0,0.0,0.0,0,NONE
2026-09-30T13:22:58.040+00:00,415.855,manual,Manual cook,temp,1600,181.4,,esp32,,0,,,,,,,,,,,,1,375.0,0.0,0.0,0,NONE
2026-09-30T13:22:59.039+00:00,416.854,manual,Manual cook,temp,1600,181.9,,esp32,,0,,,,,,,,,,,,1,375.0,0.0,0.0,0,NONE
2026-09-30T13:22:59.539+00:00,417.354,manual,Manual cook,temp,1600,181.4,,esp32,,0,,,,,,,,,,,,1,375.0,0.0,0.0,0,NONE
2026-09-30T13:23:00.539+00:00,418.354,manual,Manual cook,temp,1600,181.4,,esp32,,0,,,,,,,,,,,,1,375.0,0.0,0.0,0,NONE
2026-09-30T13:23:01.539+00:00,419.354,manual,Manual cook,temp,1600,180.9,,esp32,,0,,,,,,,,,,,,1,375.0,0.0,0.0,0,NONE
2026-09-30T13:23:02.539+00:00,420.354,manual,Manual cook,temp,1600,181.4,,esp32,,0,,,,,,,,,,,,1,375.0,0.0,0.0,0,NONE
2026-09-30T13:23:03.540+00:00,421.356,manual,Manual cook,temp,1600,180.9,,esp32,,0,,,,,,,,,,,,1,375.0,0.0,0.0,0,NONE
2026-09-30T13:23:04.041+00:00,421.856,manual,Manual cook,temp,1600,181.4,,esp32,,0,,,,,,,,,,,,1,375.0,0.0,0.0,0,NONE
2026-09-30T13:23:05.039+00:00,422.854,manual,Manual cook,temp,1600,180.5,,esp32,,0,,,,,,,,,,,,1,375.0,0.0,0.0,0,NONE
2026-09-30T13:23:05.539+00:00,423.354,manual,Manual cook,temp,1600,180.1,,esp32,,0,,,,,,,,,,,,1,375.0,0.0,0.0,0,NONE
2026-09-30T13:23:06.539+00:00,424.354,manual,Manual cook,temp,1600,180.9,,esp32,,0,,,,,,,,,,,,1,375.0,0.0,0.0,0,NONE
2026-09-30T13:23:07.539+00:00,425.354,manual,Manual cook,temp,1600,180.9,,esp32,,0,,,,,,,,,,,,1,375.0,0.0,0.0,0,NONE
2026-09-30T13:23:08.039+00:00,425.854,manual,Manual cook,temp,1600,180.9,,esp32,,0,,,,,,,,,,,,1,375.0,0.0,0.0,0,NONE
2026-09-30T13:23:08.539+00:00,426.354,manual,Manual cook,temp,1600,180.1,,esp32,,0,,,,,,,,,,,,1,375.0,0.0,0.0,0,NONE
2026-09-30T13:23:09.539+00:00,427.354,manual,Manual cook,temp,1600,180.1,,esp32,,0,,,,,,,,,,,,1,375.0,0.0,0.0,0,NONE
2026-09-30T13:23:10.043+00:00,427.858,manual,Manual cook,temp,1600,180.1,,esp32,,0,,,,,,,,,,,,1,375.0,0.0,0.0,0,NONE
2026-09-30T13:23:11.038+00:00,428.854,manual,Manual cook,temp,1600,179.1,,esp32,,0,,,,,,,,,,,,1,375.0,0.0,0.0,0,NONE
2026-09-30T13:23:11.539+00:00,429.354,manual,Manual cook,temp,1600,179.6,,esp32,,0,,,,,,,,,,,,1,375.0,0.0,0.0,0,NONE
2026-09-30T13:23:12.539+00:00,430.354,manual,Manual cook,temp,1600,180.5,,esp32,,0,,,,,,,,,,,,1,375.0,0.0,0.0,0,NONE
2026-09-30T13:23:13.539+00:00,431.354,manual,Manual cook,temp,1600,180.1,,esp32,,0,,,,,,,,,,,,1,375.0,0.0,0.0,0,NONE
2026-09-30T13:23:14.539+00:00,432.354,manual,Manual cook,temp,1600,179.6,,esp32,,0,,,,,,,,,,,,1,375.0,0.0,0.0,0,NONE
2026-09-30T13:23:15.539+00:00,433.355,manual,Manual cook,temp,1600,179.1,,esp32,,0,,,,,,,,,,,,1,375.0,0.0,0.0,0,NONE
2026-09-30T13:23:16.538+00:00,434.354,manual,Manual cook,temp,1600,179.1,,esp32,,0,,,,,,,,,,,,1,375.0,0.0,0.0,0,NONE
2026-09-30T13:23:17.538+00:00,435.354,manual,Manual cook,temp,1600,178.3,,esp32,,0,,,,,,,,,,,,1,375.0,0.0,0.0,0,NONE
2026-09-30T13:23:18.538+00:00,436.354,manual,Manual cook,temp,1600,178.3,,esp32,,0,,,,,,,,,,,,1,375.0,0.0,0.0,0,NONE
2026-09-30T13:23:19.538+00:00,437.354,manual,Manual cook,temp,1600,178.7,,esp32,,0,,,,,,,,,,,,1,375.0,0.0,0.0,0,NONE
2026-09-30T13:23:20.538+00:00,438.354,manual,Manual cook,temp,1600,177.8,,esp32,,0,,,,,,,,,,,,1,375.0,0.0,0.0,0,NONE
2026-09-30T13:23:21.039+00:00,438.854,manual,Manual cook,temp,1600,177.8,,esp32,,0,,,,,,,,,,,,1,375.0,0.0,0.0,0,NONE
2026-09-30T13:23:21.539+00:00,439.355,manual,Manual cook,temp,1600,178.7,,esp32,,0,,,,,,,,,,,,1,375.0,0.0,0.0,0,NONE
2026-09-30T13:23:22.539+00:00,440.354,manual,Manual cook,temp,1600,177.4,,esp32,,0,,,,,,,,,,,,1,375.0,0.0,0.0,0,NONE
2026-09-30T13:23:23.538+00:00,441.353,manual,Manual cook,temp,1600,177.8,,esp32,,0,,,,,,,,,,,,1,375.0,0.0,0.0,0,NONE
2026-09-30T13:23:24.539+00:00,442.355,manual,Manual cook,temp,1600,178.3,,esp32,,0,,,,,,,,,,,,1,375.0,0.0,0.0,0,NONE
2026-09-30T13:23:25.538+00:00,443.353,manual,Manual cook,temp,1600,177.8,,esp32,,0,,,,,,,,,,,,1,375.0,0.0,0.0,0,NONE
2026-09-30T13:23:26.538+00:00,444.353,manual,Manual cook,temp,1600,177.8,,esp32,,0,,,,,,,,,,,,1,375.0,0.0,0.0,0,NONE
2026-09-30T13:23:27.538+00:00,445.353,manual,Manual cook,temp,1600,176.9,,esp32,,0,,,,,,,,,,,,1,375.0,0.0,0.0,0,NONE
2026-09-30T13:23:28.039+00:00,445.854,manual,Manual cook,temp,1600,176.9,,esp32,,0,,,,,,,,,,,,1,375.0,0.0,0.0,0,NONE
2026-09-30T13:23:29.038+00:00,446.853,manual,Manual cook,temp,1600,176.4,,esp32,,0,,,,,,,,,,,,1,375.0,0.0,0.0,0,NONE
2026-09-30T13:23:29.538+00:00,447.353,manual,Manual cook,temp,1600,176.4,,esp32,,0,,,,,,,,,,,,1,375.0,0.0,0.0,0,NONE
2026-09-30T13:23:30.538+00:00,448.353,manual,Manual cook,temp,1600,176.9,,esp32,,0,,,,,,,,,,,,1,375.0,0.0,0.0,0,NONE
2026-09-30T13:23:31.538+00:00,449.353,manual,Manual cook,temp,1600,177.4,,esp32,,0,,,,,,,,,,,,1,375.0,0.0,0.0,0,NONE
2026-09-30T13:23:32.538+00:00,450.353,manual,Manual cook,temp,1600,176.9,,esp32,,0,,,,,,,,,,,,1,375.0,0.0,0.0,0,NONE
2026-09-30T13:23:33.539+00:00,451.354,manual,Manual cook,temp,1600,177.4,,esp32,,0,,,,,,,,,,,,1,375.0,0.0,0.0,0,NONE
2026-09-30T13:23:34.538+00:00,452.353,manual,Manual cook,temp,1600,175.1,,esp32,,0,,,,,,,,,,,,1,375.0,0.0,0.0,0,NONE
2026-09-30T13:23:35.538+00:00,453.353,manual,Manual cook,temp,1600,175.6,,esp32,,0,,,,,,,,,,,,1,375.0,0.0,0.0,0,NONE
2026-09-30T13:23:36.538+00:00,454.353,manual,Manual cook,temp,1600,175.6,,esp32,,0,,,,,,,,,,,,1,375.0,0.0,0.0,0,NONE
2026-09-30T13:23:37.538+00:00,455.353,manual,Manual cook,temp,1600,176.0,,esp32,,0,,,,,,,,,,,,1,375.0,0.0,0.0,0,NONE
2026-09-30T13:23:38.538+00:00,456.353,manual,Manual cook,temp,1600,175.6,,esp32,,0,,,,,,,,,,,,1,375.0,0.0,0.0,0,NONE
2026-09-30T13:23:39.039+00:00,456.854,manual,Manual cook,temp,1600,176.0,,esp32,,0,,,,,,,,,,,,1,375.0,0.0,0.0,0,NONE
2026-09-30T13:23:40.038+00:00,457.853,manual,Manual cook,temp,1600,175.6,,esp32,,0,,,,,,,,,,,,1,375.0,0.0,0.0,0,NONE
2026-09-30T13:23:40.538+00:00,458.353,manual,Manual cook,temp,1600,176.0,,esp32,,0,,,,,,,,,,,,1,375.0,0.0,0.0,0,NONE
2026-09-30T13:23:41.538+00:00,459.353,manual,Manual cook,temp,1600,175.1,,esp32,,0,,,,,,,,,,,,1,375.0,0.0,0.0,0,NONE
2026-09-30T13:23:42.537+00:00,460.353,manual,Manual cook,temp,1600,175.6,,esp32,,0,,,,,,,,,,,,1,375.0,0.0,0.0,0,NONE
2026-09-30T13:23:43.537+00:00,461.353,manual,Manual cook,temp,1600,174.6,,esp32,,0,,,,,,,,,,,,1,375.0,0.0,0.0,0,NONE
2026-09-30T13:23:44.538+00:00,462.353,manual,Manual cook,temp,1600,175.1,,esp32,,0,,,,,,,,,,,,1,375.0,0.0,0.0,0,NONE
2026-09-30T13:23:45.039+00:00,462.854,manual,Manual cook,temp,1600,175.1,,esp32,,0,,,,,,,,,,,,1,375.0,0.0,0.0,0,NONE
2026-09-30T13:23:46.037+00:00,463.853,manual,Manual cook,temp,1600,175.1,,esp32,,0,,,,,,,,,,,,1,375.0,0.0,0.0,0,NONE
2026-09-30T13:23:46.537+00:00,464.353,manual,Manual cook,temp,1600,174.2,,esp32,,0,,,,,,,,,,,,1,375.0,0.0,0.0,0,NONE
2026-09-30T13:23:47.537+00:00,465.353,manual,Manual cook,temp,1600,173.8,,esp32,,0,,,,,,,,,,,,1,375.0,0.0,0.0,0,NONE
2026-09-30T13:23:48.037+00:00,465.853,manual,Manual cook,temp,1600,174.2,,esp32,,0,,,,,,,,,,,,1,375.0,0.0,0.0,0,NONE
2026-09-30T13:23:48.537+00:00,466.353,manual,Manual cook,temp,1600,174.6,,esp32,,0,,,,,,,,,,,,1,375.0,0.0,0.0,0,NONE
2026-09-30T13:23:49.537+00:00,467.353,manual,Manual cook,temp,1600,173.8,,esp32,,0,,,,,,,,,,,,1,375.0,0.0,0.0,0,NONE
2026-09-30T13:23:50.537+00:00,468.353,manual,Manual cook,temp,1600,174.2,,esp32,,0,,,,,,,,,,,,1,375.0,0.0,0.0,0,NONE
2026-09-30T13:23:51.038+00:00,468.854,manual,Manual cook,temp,1600,174.2,,esp32,,0,,,,,,,,,,,,1,375.0,0.0,0.0,0,NONE
2026-09-30T13:23:51.538+00:00,469.354,manual,Manual cook,temp,1600,174.2,,esp32,,0,,,,,,,,,,,,1,375.0,0.0,0.0,0,NONE
2026-09-30T13:23:52.537+00:00,470.353,manual,Manual cook,temp,1600,174.2,,esp32,,0,,,,,,,,,,,,1,375.0,0.0,0.0,0,NONE
2026-09-30T13:23:53.537+00:00,471.353,manual,Manual cook,temp,1600,173.8,,esp32,,0,,,,,,,,,,,,1,375.0,0.0,0.0,0,NONE
2026-09-30T13:23:54.537+00:00,472.353,manual,Manual cook,temp,1600,173.3,,esp32,,0,,,,,,,,,,,,1,375.0,0.0,0.0,0,NONE
2026-09-30T13:23:55.537+00:00,473.352,manual,Manual cook,temp,1600,172.9,,esp32,,0,,,,,,,,,,,,1,375.0,0.0,0.0,0,NONE
2026-09-30T13:23:56.537+00:00,474.352,manual,Manual cook,temp,1600,172.4,,esp32,,0,,,,,,,,,,,,1,375.0,0.0,0.0,0,NONE
2026-09-30T13:23:57.037+00:00,474.852,manual,Manual cook,temp,1600,172.4,,esp32,,0,,,,,,,,,,,,1,375.0,0.0,0.0,0,NONE
2026-09-30T13:23:57.538+00:00,475.353,manual,Manual cook,temp,1600,172.9,,esp32,,0,,,,,,,,,,,,1,375.0,0.0,0.0,0,NONE
2026-09-30T13:23:58.537+00:00,476.352,manual,Manual cook,temp,1600,173.3,,esp32,,0,,,,,,,,,,,,1,375.0,0.0,0.0,0,NONE
2026-09-30T13:23:59.537+00:00,477.352,manual,Manual cook,temp,1600,171.5,,esp32,,0,,,,,,,,,,,,1,375.0,0.0,0.0,0,NONE
2026-09-30T13:24:00.537+00:00,478.352,manual,Manual cook,temp,1600,172.9,,esp32,,0,,,,,,,,,,,,1,375.0,0.0,0.0,0,NONE
2026-09-30T13:24:01.537+00:00,479.352,manual,Manual cook,temp,1600,172.9,,esp32,,0,,,,,,,,,,,,1,375.0,0.0,0.0,0,NONE
2026-09-30T13:24:02.537+00:00,480.352,manual,Manual cook,temp,1600,172.4,,esp32,,0,,,,,,,,,,,,1,375.0,0.0,0.0,0,NONE
2026-09-30T13:24:03.047+00:00,480.862,manual,Manual cook,temp,1600,172.4,,esp32,,0,,,,,,,,,,,,1,375.0,0.0,0.0,0,NONE
2026-09-30T13:24:04.037+00:00,481.852,manual,Manual cook,temp,1600,172.4,,esp32,,0,,,,,,,,,,,,1,375.0,0.0,0.0,0,NONE
2026-09-30T13:24:04.537+00:00,482.352,manual,Manual cook,temp,1600,172.4,,esp32,,0,,,,,,,,,,,,1,375.0,0.0,0.0,0,NONE
2026-09-30T13:24:05.537+00:00,483.352,manual,Manual cook,temp,1600,171.5,,esp32,,0,,,,,,,,,,,,1,375.0,0.0,0.0,0,NONE
2026-09-30T13:24:06.537+00:00,484.352,manual,Manual cook,temp,1600,171.5,,esp32,,0,,,,,,,,,,,,1,375.0,0.0,0.0,0,NONE
2026-09-30T13:24:07.537+00:00,485.352,manual,Manual cook,temp,1600,172.4,,esp32,,0,,,,,,,,,,,,1,375.0,0.0,0.0,0,NONE
2026-09-30T13:24:08.537+00:00,486.353,manual,Manual cook,temp,1600,171.5,,esp32,,0,,,,,,,,,,,,1,375.0,0.0,0.0,0,NONE
2026-09-30T13:24:09.537+00:00,487.353,manual,Manual cook,temp,1600,171.1,,esp32,,0,,,,,,,,,,,,1,375.0,0.0,0.0,0,NONE
2026-09-30T13:24:10.537+00:00,488.352,manual,Manual cook,temp,1600,171.1,,esp32,,0,,,,,,,,,,,,1,375.0,0.0,0.0,0,NONE
2026-09-30T13:24:11.537+00:00,489.352,manual,Manual cook,temp,1600,171.1,,esp32,,0,,,,,,,,,,,,1,375.0,0.0,0.0,0,NONE
2026-09-30T13:24:12.537+00:00,490.352,manual,Manual cook,temp,1600,171.5,,esp32,,0,,,,,,,,,,,,1,375.0,0.0,0.0,0,NONE
2026-09-30T13:24:13.536+00:00,491.352,manual,Manual cook,temp,1600,171.1,,esp32,,0,,,,,,,,,,,,1,375.0,0.0,0.0,0,NONE
2026-09-30T13:24:14.536+00:00,492.352,manual,Manual cook,temp,1600,170.1,,esp32,,0,,,,,,,,,,,,1,375.0,0.0,0.0,0,NONE
2026-09-30T13:24:15.536+00:00,493.352,manual,Manual cook,temp,1600,171.1,,esp32,,0,,,,,,,,,,,,1,375.0,0.0,0.0,0,NONE
2026-09-30T13:24:16.537+00:00,494.352,manual,Manual cook,temp,1600,169.7,,esp32,,0,,,,,,,,,,,,1,375.0,0.0,0.0,0,NONE
2026-09-30T13:24:17.536+00:00,495.352,manual,Manual cook,temp,1600,170.6,,esp32,,0,,,,,,,,,,,,1,375.0,0.0,0.0,0,NONE
2026-09-30T13:24:18.536+00:00,496.352,manual,Manual cook,temp,1600,170.6,,esp32,,0,,,,,,,,,,,,1,375.0,0.0,0.0,0,NONE
2026-09-30T13:24:19.536+00:00,497.352,manual,Manual cook,temp,1600,170.6,,esp32,,0,,,,,,,,,,,,1,375.0,0.0,0.0,0,NONE
2026-09-30T13:24:20.036+00:00,497.852,manual,Manual cook,temp,1600,169.7,,esp32,,0,,,,,,,,,,,,1,375.0,0.0,0.0,0,NONE
2026-09-30T13:24:21.036+00:00,498.851,manual,Manual cook,temp,1600,169.7,,esp32,,0,,,,,,,,,,,,1,375.0,0.0,0.0,0,NONE
2026-09-30T13:24:21.536+00:00,499.352,manual,Manual cook,temp,1600,170.1,,esp32,,0,,,,,,,,,,,,1,375.0,0.0,0.0,0,NONE
2026-09-30T13:24:22.536+00:00,500.352,manual,Manual cook,temp,1600,169.7,,esp32,,0,,,,,,,,,,,,1,375.0,0.0,0.0,0,NONE
2026-09-30T13:24:23.536+00:00,501.352,manual,Manual cook,temp,1600,169.7,,esp32,,0,,,,,,,,,,,,1,375.0,0.0,0.0,0,NONE
2026-09-30T13:24:24.536+00:00,502.351,manual,Manual cook,temp,1600,169.7,,esp32,,0,,,,,,,,,,,,1,375.0,0.0,0.0,0,NONE
2026-09-30T13:24:25.037+00:00,502.852,manual,Manual cook,temp,1600,168.8,,esp32,,0,,,,,,,,,,,,1,375.0,0.0,0.0,0,NONE
2026-09-30T13:24:25.537+00:00,503.352,manual,Manual cook,temp,1600,168.8,,esp32,,0,,,,,,,,,,,,1,375.0,0.0,0.0,0,NONE
2026-09-30T13:24:26.537+00:00,504.352,manual,Manual cook,temp,1600,169.7,,esp32,,0,,,,,,,,,,,,1,375.0,0.0,0.0,0,NONE
2026-09-30T13:24:27.536+00:00,505.351,manual,Manual cook,temp,1600,168.4,,esp32,,0,,,,,,,,,,,,1,375.0,0.0,0.0,0,NONE
2026-09-30T13:24:28.537+00:00,506.352,manual,Manual cook,temp,1600,168.8,,esp32,,0,,,,,,,,,,,,1,375.0,0.0,0.0,0,NONE
2026-09-30T13:24:29.536+00:00,507.351,manual,Manual cook,temp,1600,167.9,,esp32,,0,,,,,,,,,,,,1,375.0,0.0,0.0,0,NONE
2026-09-30T13:24:30.536+00:00,508.351,manual,Manual cook,temp,1600,168.8,,esp32,,0,,,,,,,,,,,,1,375.0,0.0,0.0,0,NONE
2026-09-30T13:24:31.537+00:00,509.352,manual,Manual cook,temp,1600,168.8,,esp32,,0,,,,,,,,,,,,1,375.0,0.0,0.0,0,NONE
2026-09-30T13:24:32.536+00:00,510.351,manual,Manual cook,temp,1600,168.4,,esp32,,0,,,,,,,,,,,,1,375.0,0.0,0.0,0,NONE
2026-09-30T13:24:33.536+00:00,511.351,manual,Manual cook,temp,1600,168.4,,esp32,,0,,,,,,,,,,,,1,375.0,0.0,0.0,0,NONE
2026-09-30T13:24:34.536+00:00,512.352,manual,Manual cook,temp,1600,167.9,,esp32,,0,,,,,,,,,,,,1,375.0,0.0,0.0,0,NONE
2026-09-30T13:24:35.536+00:00,513.351,manual,Manual cook,temp,1600,168.8,,esp32,,0,,,,,,,,,,,,1,375.0,0.0,0.0,0,NONE
2026-09-30T13:24:36.036+00:00,513.851,manual,Manual cook,temp,1600,167.4,,esp32,,0,,,,,,,,,,,,1,375.0,0.0,0.0,0,NONE
2026-09-30T13:24:37.037+00:00,514.852,manual,Manual cook,temp,1600,167.9,,esp32,,0,,,,,,,,,,,,1,375.0,0.0,0.0,0,NONE
2026-09-30T13:24:38.036+00:00,515.851,manual,Manual cook,temp,1600,167.0,,esp32,,0,,,,,,,,,,,,1,375.0,0.0,0.0,0,NONE
2026-09-30T13:24:38.536+00:00,516.351,manual,Manual cook,temp,1600,167.4,,esp32,,0,,,,,,,,,,,,1,375.0,0.0,0.0,0,NONE
2026-09-30T13:24:39.536+00:00,517.351,manual,Manual cook,temp,1600,167.4,,esp32,,0,,,,,,,,,,,,1,375.0,0.0,0.0,0,NONE
2026-09-30T13:24:40.536+00:00,518.351,manual,Manual cook,temp,1600,167.4,,esp32,,0,,,,,,,,,,,,1,375.0,0.0,0.0,0,NONE
2026-09-30T13:24:41.536+00:00,519.351,manual,Manual cook,temp,1600,166.1,,esp32,,0,,,,,,,,,,,,1,375.0,0.0,0.0,0,NONE
2026-09-30T13:24:42.036+00:00,519.851,manual,Manual cook,temp,1600,167.9,,esp32,,0,,,,,,,,,,,,1,375.0,0.0,0.0,0,NONE
2026-09-30T13:24:42.536+00:00,520.352,manual,Manual cook,temp,1600,166.1,,esp32,,0,,,,,,,,,,,,1,375.0,0.0,0.0,0,NONE
2026-09-30T13:24:43.535+00:00,521.351,manual,Manual cook,temp,1600,167.0,,esp32,,0,,,,,,,,,,,,1,375.0,0.0,0.0,0,NONE
2026-09-30T13:24:44.039+00:00,521.854,manual,Manual cook,temp,1600,167.0,,esp32,,0,,,,,,,,,,,,1,375.0,0.0,0.0,0,NONE
2026-09-30T13:24:45.036+00:00,522.851,manual,Manual cook,temp,1600,167.0,,esp32,,0,,,,,,,,,,,,1,375.0,0.0,0.0,0,NONE
2026-09-30T13:24:46.036+00:00,523.851,manual,Manual cook,temp,1600,166.6,,esp32,,0,,,,,,,,,,,,1,375.0,0.0,0.0,0,NONE
2026-09-30T13:24:47.035+00:00,524.851,manual,Manual cook,temp,1600,167.0,,esp32,,0,,,,,,,,,,,,1,375.0,0.0,0.0,0,NONE
2026-09-30T13:24:47.535+00:00,525.351,manual,Manual cook,temp,1600,166.6,,esp32,,0,,,,,,,,,,,,1,375.0,0.0,0.0,0,NONE
2026-09-30T13:24:48.036+00:00,525.851,manual,Manual cook,temp,1600,166.6,,esp32,,0,,,,,,,,,,,,1,375.0,0.0,0.0,0,NONE
2026-09-30T13:24:49.036+00:00,526.851,manual,Manual cook,temp,1600,166.1,,esp32,,0,,,,,,,,,,,,1,375.0,0.0,0.0,0,NONE
2026-09-30T13:24:50.035+00:00,527.851,manual,Manual cook,temp,1600,166.1,,esp32,,0,,,,,,,,,,,,1,375.0,0.0,0.0,0,NONE
2026-09-30T13:24:50.535+00:00,528.351,manual,Manual cook,temp,1600,166.6,,esp32,,0,,,,,,,,,,,,1,375.0,0.0,0.0,0,NONE
2026-09-30T13:24:51.036+00:00,528.851,manual,Manual cook,temp,1600,166.1,,esp32,,0,,,,,,,,,,,,1,375.0,0.0,0.0,0,NONE
2026-09-30T13:24:52.036+00:00,529.851,manual,Manual cook,temp,1600,166.1,,esp32,,0,,,,,,,,,,,,1,375.0,0.0,0.0,0,NONE
2026-09-30T13:24:53.035+00:00,530.850,manual,Manual cook,temp,1600,166.1,,esp32,,0,,,,,,,,,,,,1,375.0,0.0,0.0,0,NONE
2026-09-30T13:24:53.535+00:00,531.351,manual,Manual cook,temp,1600,165.2,,esp32,,0,,,,,,,,,,,,1,375.0,0.0,0.0,0,NONE
2026-09-30T13:24:54.036+00:00,531.851,manual,Manual cook,temp,1600,165.2,,esp32,,0,,,,,,,,,,,,1,375.0,0.0,0.0,0,NONE
2026-09-30T13:24:54.540+00:00,532.355,manual,Manual cook,temp,1600,165.2,,esp32,,0,,,,,,,,,,,,1,375.0,0.0,0.0,0,NONE
2026-09-30T13:24:55.535+00:00,533.351,manual,Manual cook,temp,1600,165.6,,esp32,,0,,,,,,,,,,,,1,375.0,0.0,0.0,0,NONE
2026-09-30T13:24:56.535+00:00,534.350,manual,Manual cook,temp,1600,165.6,,esp32,,0,,,,,,,,,,,,1,375.0,0.0,0.0,0,NONE
2026-09-30T13:24:57.035+00:00,534.850,manual,Manual cook,temp,1600,165.6,,esp32,,0,,,,,,,,,,,,1,375.0,0.0,0.0,0,NONE
2026-09-30T13:24:57.535+00:00,535.350,manual,Manual cook,temp,1600,164.8,,esp32,,0,,,,,,,,,,,,1,375.0,0.0,0.0,0,NONE
2026-09-30T13:24:58.535+00:00,536.350,manual,Manual cook,temp,1600,165.2,,esp32,,0,,,,,,,,,,,,1,375.0,0.0,0.0,0,NONE
2026-09-30T13:24:59.537+00:00,537.352,manual,Manual cook,temp,1600,165.2,,esp32,,0,,,,,,,,,,,,1,375.0,0.0,0.0,0,NONE
2026-09-30T13:25:00.536+00:00,538.351,manual,Manual cook,temp,1600,165.2,,esp32,,0,,,,,,,,,,,,1,375.0,0.0,0.0,0,NONE
2026-09-30T13:25:01.535+00:00,539.350,manual,Manual cook,temp,1600,165.2,,esp32,,0,,,,,,,,,,,,1,375.0,0.0,0.0,0,NONE
2026-09-30T13:25:02.535+00:00,540.350,manual,Manual cook,temp,1600,165.2,,esp32,,0,,,,,,,,,,,,1,375.0,0.0,0.0,0,NONE
2026-09-30T13:25:03.535+00:00,541.350,manual,Manual cook,temp,1600,164.8,,esp32,,0,,,,,,,,,,,,1,375.0,0.0,0.0,0,NONE
2026-09-30T13:25:04.035+00:00,541.850,manual,Manual cook,temp,1600,164.8,,esp32,,0,,,,,,,,,,,,1,375.0,0.0,0.0,0,NONE
2026-09-30T13:25:04.535+00:00,542.351,manual,Manual cook,temp,1600,164.8,,esp32,,0,,,,,,,,,,,,1,375.0,0.0,0.0,0,NONE
2026-09-30T13:25:05.535+00:00,543.350,manual,Manual cook,temp,1600,164.8,,esp32,,0,,,,,,,,,,,,1,375.0,0.0,0.0,0,NONE
2026-09-30T13:25:06.535+00:00,544.350,manual,Manual cook,temp,1600,163.9,,esp32,,0,,,,,,,,,,,,1,375.0,0.0,0.0,0,NONE
2026-09-30T13:25:07.535+00:00,545.350,manual,Manual cook,temp,1600,164.3,,esp32,,0,,,,,,,,,,,,1,375.0,0.0,0.0,0,NONE
2026-09-30T13:25:08.535+00:00,546.350,manual,Manual cook,temp,1600,164.3,,esp32,,0,,,,,,,,,,,,1,375.0,0.0,0.0,0,NONE
2026-09-30T13:25:09.535+00:00,547.350,manual,Manual cook,temp,1600,164.3,,esp32,,0,,,,,,,,,,,,1,375.0,0.0,0.0,0,NONE
2026-09-30T13:25:10.035+00:00,547.851,manual,Manual cook,temp,1600,163.9,,esp32,,0,,,,,,,,,,,,1,375.0,0.0,0.0,0,NONE
2026-09-30T13:25:10.536+00:00,548.351,manual,Manual cook,temp,1600,163.4,,esp32,,0,,,,,,,,,,,,1,375.0,0.0,0.0,0,NONE
2026-09-30T13:25:11.535+00:00,549.350,manual,Manual cook,temp,1600,163.4,,esp32,,0,,,,,,,,,,,,1,375.0,0.0,0.0,0,NONE
2026-09-30T13:25:12.535+00:00,550.351,manual,Manual cook,temp,1600,162.9,,esp32,,0,,,,,,,,,,,,1,375.0,0.0,0.0,0,NONE
2026-09-30T13:25:13.535+00:00,551.351,manual,Manual cook,temp,1600,164.3,,esp32,,0,,,,,,,,,,,,1,375.0,0.0,0.0,0,NONE
2026-09-30T13:25:15.034+00:00,552.850,manual,Manual cook,temp,1600,162.9,,esp32,,0,,,,,,,,,,,,1,375.0,0.0,0.0,0,NONE
2026-09-30T13:25:15.535+00:00,553.350,manual,Manual cook,temp,1600,163.4,,esp32,,0,,,,,,,,,,,,1,375.0,0.0,0.0,0,NONE
2026-09-30T13:25:16.535+00:00,554.350,manual,Manual cook,temp,1600,164.3,,esp32,,0,,,,,,,,,,,,1,375.0,0.0,0.0,0,NONE
2026-09-30T13:25:17.535+00:00,555.350,manual,Manual cook,temp,1600,162.5,,esp32,,0,,,,,,,,,,,,1,375.0,0.0,0.0,0,NONE
2026-09-30T13:25:18.535+00:00,556.350,manual,Manual cook,temp,1600,162.5,,esp32,,0,,,,,,,,,,,,1,375.0,0.0,0.0,0,NONE
2026-09-30T13:25:19.534+00:00,557.350,manual,Manual cook,temp,1600,162.9,,esp32,,0,,,,,,,,,,,,1,375.0,0.0,0.0,0,NONE
2026-09-30T13:25:20.535+00:00,558.350,manual,Manual cook,temp,1600,162.5,,esp32,,0,,,,,,,,,,,,1,375.0,0.0,0.0,0,NONE
2026-09-30T13:25:21.035+00:00,558.851,manual,Manual cook,temp,1600,162.5,,esp32,,0,,,,,,,,,,,,1,375.0,0.0,0.0,0,NONE
2026-09-30T13:25:21.535+00:00,559.351,manual,Manual cook,temp,1600,162.1,,esp32,,0,,,,,,,,,,,,1,375.0,0.0,0.0,0,NONE
2026-09-30T13:25:22.035+00:00,559.851,manual,Manual cook,temp,1600,162.9,,esp32,,0,,,,,,,,,,,,1,375.0,0.0,0.0,0,NONE
2026-09-30T13:25:23.034+00:00,560.850,manual,Manual cook,temp,1600,162.9,,esp32,,0,,,,,,,,,,,,1,375.0,0.0,0.0,0,NONE
2026-09-30T13:25:23.535+00:00,561.350,manual,Manual cook,temp,1600,162.1,,esp32,,0,,,,,,,,,,,,1,375.0,0.0,0.0,0,NONE
2026-09-30T13:25:24.534+00:00,562.350,manual,Manual cook,temp,1600,162.1,,esp32,,0,,,,,,,,,,,,1,375.0,0.0,0.0,0,NONE
2026-09-30T13:25:25.034+00:00,562.850,manual,Manual cook,temp,1600,162.1,,esp32,,0,,,,,,,,,,,,1,375.0,0.0,0.0,0,NONE
2026-09-30T13:25:25.535+00:00,563.350,manual,Manual cook,temp,1600,162.1,,esp32,,0,,,,,,,,,,,,1,375.0,0.0,0.0,0,NONE
2026-09-30T13:25:26.534+00:00,564.349,manual,Manual cook,temp,1600,162.5,,esp32,,0,,,,,,,,,,,,1,375.0,0.0,0.0,0,NONE
2026-09-30T13:25:27.034+00:00,564.850,manual,Manual cook,temp,1600,161.6,,esp32,,0,,,,,,,,,,,,1,375.0,0.0,0.0,0,NONE
2026-09-30T13:25:27.535+00:00,565.350,manual,Manual cook,temp,1600,161.6,,esp32,,0,,,,,,,,,,,,1,375.0,0.0,0.0,0,NONE
2026-09-30T13:25:28.535+00:00,566.350,manual,Manual cook,temp,1600,162.1,,esp32,,0,,,,,,,,,,,,1,375.0,0.0,0.0,0,NONE
2026-09-30T13:25:29.534+00:00,567.349,manual,Manual cook,temp,1600,162.1,,esp32,,0,,,,,,,,,,,,1,375.0,0.0,0.0,0,NONE
2026-09-30T13:25:30.039+00:00,567.854,manual,Manual cook,temp,1600,161.1,,esp32,,0,,,,,,,,,,,,1,375.0,0.0,0.0,0,NONE
2026-09-30T13:25:31.034+00:00,568.849,manual,Manual cook,temp,1600,161.6,,esp32,,0,,,,,,,,,,,,1,375.0,0.0,0.0,0,NONE
2026-09-30T13:25:31.534+00:00,569.349,manual,Manual cook,temp,1600,161.6,,esp32,,0,,,,,,,,,,,,1,375.0,0.0,0.0,0,NONE
2026-09-30T13:25:32.534+00:00,570.349,manual,Manual cook,temp,1600,161.6,,esp32,,0,,,,,,,,,,,,1,375.0,0.0,0.0,0,NONE
2026-09-30T13:25:33.035+00:00,570.850,manual,Manual cook,temp,1600,160.7,,esp32,,0,,,,,,,,,,,,1,375.0,0.0,0.0,0,NONE
2026-09-30T13:25:34.034+00:00,571.849,manual,Manual cook,temp,1600,162.1,,esp32,,0,,,,,,,,,,,,1,375.0,0.0,0.0,0,NONE
2026-09-30T13:25:34.535+00:00,572.350,manual,Manual cook,temp,1600,161.6,,esp32,,0,,,,,,,,,,,,1,375.0,0.0,0.0,0,NONE
2026-09-30T13:25:35.534+00:00,573.349,manual,Manual cook,temp,1600,160.3,,esp32,,0,,,,,,,,,,,,1,375.0,0.0,0.0,0,NONE
2026-09-30T13:25:36.536+00:00,574.351,manual,Manual cook,temp,1600,161.6,,esp32,,0,,,,,,,,,,,,1,375.0,0.0,0.0,0,NONE
2026-09-30T13:25:37.535+00:00,575.350,manual,Manual cook,temp,1600,161.1,,esp32,,0,,,,,,,,,,,,1,375.0,0.0,0.0,0,NONE
2026-09-30T13:25:38.535+00:00,576.350,manual,Manual cook,temp,1600,161.1,,esp32,,0,,,,,,,,,,,,1,375.0,0.0,0.0,0,NONE
2026-09-30T13:25:39.534+00:00,577.349,manual,Manual cook,temp,1600,160.3,,esp32,,0,,,,,,,,,,,,1,375.0,0.0,0.0,0,NONE
2026-09-30T13:25:40.536+00:00,578.352,manual,Manual cook,temp,1600,160.7,,esp32,,0,,,,,,,,,,,,1,375.0,0.0,0.0,0,NONE
2026-09-30T13:25:41.534+00:00,579.349,manual,Manual cook,temp,1600,161.1,,esp32,,0,,,,,,,,,,,,1,375.0,0.0,0.0,0,NONE
2026-09-30T13:25:42.534+00:00,580.349,manual,Manual cook,temp,1600,159.4,,esp32,,0,,,,,,,,,,,,1,375.0,0.0,0.0,0,NONE
2026-09-30T13:25:43.034+00:00,580.849,manual,Manual cook,temp,1600,160.7,,esp32,,0,,,,,,,,,,,,1,375.0,0.0,0.0,0,NONE
2026-09-30T13:25:43.535+00:00,581.350,manual,Manual cook,temp,1600,160.7,,esp32,,0,,,,,,,,,,,,1,375.0,0.0,0.0,0,NONE
2026-09-30T13:25:44.035+00:00,581.850,manual,Manual cook,temp,1600,160.3,,esp32,,0,,,,,,,,,,,,1,375.0,0.0,0.0,0,NONE
2026-09-30T13:25:45.034+00:00,582.849,manual,Manual cook,temp,1600,160.3,,esp32,,0,,,,,,,,,,,,1,375.0,0.0,0.0,0,NONE
2026-09-30T13:25:46.034+00:00,583.849,manual,Manual cook,temp,1600,160.3,,esp32,,0,,,,,,,,,,,,1,375.0,0.0,0.0,0,NONE
2026-09-30T13:25:46.534+00:00,584.349,manual,Manual cook,temp,1600,159.8,,esp32,,0,,,,,,,,,,,,1,375.0,0.0,0.0,0,NONE
2026-09-30T13:25:47.534+00:00,585.349,manual,Manual cook,temp,1600,159.8,,esp32,,0,,,,,,,,,,,,1,375.0,0.0,0.0,0,NONE
2026-09-30T13:25:48.533+00:00,586.349,manual,Manual cook,temp,1600,159.8,,esp32,,0,,,,,,,,,,,,1,375.0,0.0,0.0,0,NONE
2026-09-30T13:25:49.034+00:00,586.849,manual,Manual cook,temp,1600,158.9,,esp32,,0,,,,,,,,,,,,1,375.0,0.0,0.0,0,NONE
2026-09-30T13:25:49.534+00:00,587.349,manual,Manual cook,temp,1600,158.9,,esp32,,0,,,,,,,,,,,,1,375.0,0.0,0.0,0,NONE
2026-09-30T13:25:50.534+00:00,588.349,manual,Manual cook,temp,1600,159.4,,esp32,,0,,,,,,,,,,,,1,375.0,0.0,0.0,0,NONE
2026-09-30T13:25:51.535+00:00,589.350,manual,Manual cook,temp,1600,159.8,,esp32,,0,,,,,,,,,,,,1,375.0,0.0,0.0,0,NONE
2026-09-30T13:25:52.534+00:00,590.349,manual,Manual cook,temp,1600,159.8,,esp32,,0,,,,,,,,,,,,1,375.0,0.0,0.0,0,NONE
2026-09-30T13:25:53.533+00:00,591.349,manual,Manual cook,temp,1600,159.4,,esp32,,0,,,,,,,,,,,,1,375.0,0.0,0.0,0,NONE
2026-09-30T13:25:55.034+00:00,592.849,manual,Manual cook,temp,1600,158.9,,esp32,,0,,,,,,,,,,,,1,375.0,0.0,0.0,0,NONE
2026-09-30T13:25:56.034+00:00,593.849,manual,Manual cook,temp,1600,159.4,,esp32,,0,,,,,,,,,,,,1,375.0,0.0,0.0,0,NONE
2026-09-30T13:25:57.033+00:00,594.849,manual,Manual cook,temp,1600,159.4,,esp32,,0,,,,,,,,,,,,1,375.0,0.0,0.0,0,NONE
2026-09-30T13:25:57.533+00:00,595.349,manual,Manual cook,temp,1600,159.4,,esp32,,0,,,,,,,,,,,,1,375.0,0.0,0.0,0,NONE
2026-09-30T13:25:58.533+00:00,596.349,manual,Manual cook,temp,1600,158.9,,esp32,,0,,,,,,,,,,,,1,375.0,0.0,0.0,0,NONE
2026-09-30T13:25:59.034+00:00,596.849,manual,Manual cook,temp,1600,158.9,,esp32,,0,,,,,,,,,,,,1,375.0,0.0,0.0,0,NONE
2026-09-30T13:26:00.033+00:00,597.848,manual,Manual cook,temp,1600,158.9,,esp32,,0,,,,,,,,,,,,1,375.0,0.0,0.0,0,NONE
2026-09-30T13:26:00.535+00:00,598.350,manual,Manual cook,temp,1600,158.4,,esp32,,0,,,,,,,,,,,,1,375.0,0.0,0.0,0,NONE
2026-09-30T13:26:01.534+00:00,599.349,manual,Manual cook,temp,1600,158.4,,esp32,,0,,,,,,,,,,,,1,375.0,0.0,0.0,0,NONE
2026-09-30T13:26:02.533+00:00,600.349,manual,Manual cook,temp,1600,158.4,,esp32,,0,,,,,,,,,,,,1,375.0,0.0,0.0,0,NONE
2026-09-30T13:26:03.536+00:00,601.351,manual,Manual cook,temp,1600,157.1,,esp32,,0,,,,,,,,,,,,1,375.0,0.0,0.0,0,NONE
2026-09-30T13:26:04.535+00:00,602.350,manual,Manual cook,temp,1600,158.0,,esp32,,0,,,,,,,,,,,,1,375.0,0.0,0.0,0,NONE
2026-09-30T13:26:05.533+00:00,603.349,manual,Manual cook,temp,1600,158.4,,esp32,,0,,,,,,,,,,,,1,375.0,0.0,0.0,0,NONE
2026-09-30T13:26:06.534+00:00,604.349,manual,Manual cook,temp,1600,158.4,,esp32,,0,,,,,,,,,,,,1,375.0,0.0,0.0,0,NONE
2026-09-30T13:26:07.534+00:00,605.349,manual,Manual cook,temp,1600,158.0,,esp32,,0,,,,,,,,,,,,1,375.0,0.0,0.0,0,NONE
2026-09-30T13:26:08.034+00:00,605.849,manual,Manual cook,temp,1600,157.6,,esp32,,0,,,,,,,,,,,,1,375.0,0.0,0.0,0,NONE
2026-09-30T13:26:09.033+00:00,606.848,manual,Manual cook,temp,1600,157.6,,esp32,,0,,,,,,,,,,,,1,375.0,0.0,0.0,0,NONE
2026-09-30T13:26:09.533+00:00,607.348,manual,Manual cook,temp,1600,157.6,,esp32,,0,,,,,,,,,,,,1,375.0,0.0,0.0,0,NONE
2026-09-30T13:26:10.033+00:00,607.848,manual,Manual cook,temp,1600,157.6,,esp32,,0,,,,,,,,,,,,1,375.0,0.0,0.0,0,NONE
2026-09-30T13:26:10.533+00:00,608.348,manual,Manual cook,temp,1600,157.6,,esp32,,0,,,,,,,,,,,,1,375.0,0.0,0.0,0,NONE
2026-09-30T13:26:11.533+00:00,609.348,manual,Manual cook,temp,1600,156.6,,esp32,,0,,,,,,,,,,,,1,375.0,0.0,0.0,0,NONE
2026-09-30T13:26:12.534+00:00,610.349,manual,Manual cook,temp,1600,156.6,,esp32,,0,,,,,,,,,,,,1,375.0,0.0,0.0,0,NONE
2026-09-30T13:26:13.533+00:00,611.348,manual,Manual cook,temp,1600,157.6,,esp32,,0,,,,,,,,,,,,1,375.0,0.0,0.0,0,NONE
2026-09-30T13:26:14.033+00:00,611.849,manual,Manual cook,temp,1600,157.6,,esp32,,0,,,,,,,,,,,,1,375.0,0.0,0.0,0,NONE
2026-09-30T13:26:15.033+00:00,612.848,manual,Manual cook,temp,1600,156.2,,esp32,,0,,,,,,,,,,,,1,375.0,0.0,0.0,0,NONE
2026-09-30T13:26:15.533+00:00,613.348,manual,Manual cook,temp,1600,156.2,,esp32,,0,,,,,,,,,,,,1,375.0,0.0,0.0,0,NONE
2026-09-30T13:26:16.535+00:00,614.350,manual,Manual cook,temp,1600,156.2,,esp32,,0,,,,,,,,,,,,1,375.0,0.0,0.0,0,NONE
2026-09-30T13:26:17.533+00:00,615.348,manual,Manual cook,temp,1600,156.6,,esp32,,0,,,,,,,,,,,,1,375.0,0.0,0.0,0,NONE
2026-09-30T13:26:18.533+00:00,616.349,manual,Manual cook,temp,1600,156.2,,esp32,,0,,,,,,,,,,,,1,375.0,0.0,0.0,0,NONE
2026-09-30T13:26:19.534+00:00,617.349,manual,Manual cook,temp,1600,156.6,,esp32,,0,,,,,,,,,,,,1,375.0,0.0,0.0,0,NONE
2026-09-30T13:26:20.533+00:00,618.348,manual,Manual cook,temp,1600,156.6,,esp32,,0,,,,,,,,,,,,1,375.0,0.0,0.0,0,NONE
2026-09-30T13:26:21.533+00:00,619.348,manual,Manual cook,temp,1600,157.1,,esp32,,0,,,,,,,,,,,,1,375.0,0.0,0.0,0,NONE
2026-09-30T13:26:22.033+00:00,619.848,manual,Manual cook,temp,1600,156.2,,esp32,,0,,,,,,,,,,,,1,375.0,0.0,0.0,0,NONE
2026-09-30T13:26:22.535+00:00,620.350,manual,Manual cook,temp,1600,156.2,,esp32,,0,,,,,,,,,,,,1,375.0,0.0,0.0,0,NONE
2026-09-30T13:26:23.533+00:00,621.348,manual,Manual cook,temp,1600,156.6,,esp32,,0,,,,,,,,,,,,1,375.0,0.0,0.0,0,NONE
2026-09-30T13:26:24.533+00:00,622.348,manual,Manual cook,temp,1600,156.6,,esp32,,0,,,,,,,,,,,,1,375.0,0.0,0.0,0,NONE
2026-09-30T13:26:25.033+00:00,622.849,manual,Manual cook,temp,1600,156.6,,esp32,,0,,,,,,,,,,,,1,375.0,0.0,0.0,0,NONE
2026-09-30T13:26:26.032+00:00,623.848,manual,Manual cook,temp,1600,155.3,,esp32,,0,,,,,,,,,,,,1,375.0,0.0,0.0,0,NONE
2026-09-30T13:26:26.535+00:00,624.350,manual,Manual cook,temp,1600,155.8,,esp32,,0,,,,,,,,,,,,1,375.0,0.0,0.0,0,NONE
2026-09-30T13:26:27.533+00:00,625.349,manual,Manual cook,temp,1600,155.8,,esp32,,0,,,,,,,,,,,,1,375.0,0.0,0.0,0,NONE
2026-09-30T13:26:28.533+00:00,626.348,manual,Manual cook,temp,1600,156.2,,esp32,,0,,,,,,,,,,,,1,375.0,0.0,0.0,0,NONE
2026-09-30T13:26:29.533+00:00,627.348,manual,Manual cook,temp,1600,155.8,,esp32,,0,,,,,,,,,,,,1,375.0,0.0,0.0,0,NONE
2026-09-30T13:26:30.533+00:00,628.348,manual,Manual cook,temp,1600,155.3,,esp32,,0,,,,,,,,,,,,1,375.0,0.0,0.0,0,NONE
2026-09-30T13:26:31.532+00:00,629.348,manual,Manual cook,temp,1600,155.8,,esp32,,0,,,,,,,,,,,,1,375.0,0.0,0.0,0,NONE
2026-09-30T13:26:32.532+00:00,630.348,manual,Manual cook,temp,1600,155.8,,esp32,,0,,,,,,,,,,,,1,375.0,0.0,0.0,0,NONE
2026-09-30T13:26:33.532+00:00,631.348,manual,Manual cook,temp,1600,154.9,,esp32,,0,,,,,,,,,,,,1,375.0,0.0,0.0,0,NONE
2026-09-30T13:26:34.532+00:00,632.348,manual,Manual cook,temp,1600,155.3,,esp32,,0,,,,,,,,,,,,1,375.0,0.0,0.0,0,NONE
2026-09-30T13:26:35.532+00:00,633.347,manual,Manual cook,temp,1600,155.3,,esp32,,0,,,,,,,,,,,,1,375.0,0.0,0.0,0,NONE
2026-09-30T13:26:36.033+00:00,633.848,manual,Manual cook,temp,1600,154.9,,esp32,,0,,,,,,,,,,,,1,375.0,0.0,0.0,0,NONE
2026-09-30T13:26:37.033+00:00,634.848,manual,Manual cook,temp,1600,154.4,,esp32,,0,,,,,,,,,,,,1,375.0,0.0,0.0,0,NONE
2026-09-30T13:26:38.032+00:00,635.847,manual,Manual cook,temp,1600,155.3,,esp32,,0,,,,,,,,,,,,1,375.0,0.0,0.0,0,NONE
2026-09-30T13:26:38.532+00:00,636.347,manual,Manual cook,temp,1600,154.9,,esp32,,0,,,,,,,,,,,,1,375.0,0.0,0.0,0,NONE
2026-09-30T13:26:39.533+00:00,637.348,manual,Manual cook,temp,1600,154.9,,esp32,,0,,,,,,,,,,,,1,375.0,0.0,0.0,0,NONE
2026-09-30T13:26:40.532+00:00,638.347,manual,Manual cook,temp,1600,153.9,,esp32,,0,,,,,,,,,,,,1,375.0,0.0,0.0,0,NONE
2026-09-30T13:26:41.532+00:00,639.347,manual,Manual cook,temp,1600,154.9,,esp32,,0,,,,,,,,,,,,1,375.0,0.0,0.0,0,NONE
2026-09-30T13:26:42.035+00:00,639.850,manual,Manual cook,temp,1600,154.4,,esp32,,0,,,,,,,,,,,,1,375.0,0.0,0.0,0,NONE
2026-09-30T13:26:43.033+00:00,640.848,manual,Manual cook,temp,1600,153.5,,esp32,,0,,,,,,,,,,,,1,375.0,0.0,0.0,0,NONE
2026-09-30T13:26:44.032+00:00,641.847,manual,Manual cook,temp,1600,153.9,,esp32,,0,,,,,,,,,,,,1,375.0,0.0,0.0,0,NONE
2026-09-30T13:26:44.532+00:00,642.347,manual,Manual cook,temp,1600,154.4,,esp32,,0,,,,,,,,,,,,1,375.0,0.0,0.0,0,NONE
2026-09-30T13:26:45.532+00:00,643.347,manual,Manual cook,temp,1600,154.4,,esp32,,0,,,,,,,,,,,,1,375.0,0.0,0.0,0,NONE
2026-09-30T13:26:46.532+00:00,644.347,manual,Manual cook,temp,1600,154.4,,esp32,,0,,,,,,,,,,,,1,375.0,0.0,0.0,0,NONE
2026-09-30T13:26:47.033+00:00,644.848,manual,Manual cook,temp,1600,153.9,,esp32,,0,,,,,,,,,,,,1,375.0,0.0,0.0,0,NONE
2026-09-30T13:26:48.032+00:00,645.847,manual,Manual cook,temp,1600,154.4,,esp32,,0,,,,,,,,,,,,1,375.0,0.0,0.0,0,NONE
2026-09-30T13:26:48.532+00:00,646.347,manual,Manual cook,temp,1600,153.5,,esp32,,0,,,,,,,,,,,,1,375.0,0.0,0.0,0,NONE
2026-09-30T13:26:49.532+00:00,647.347,manual,Manual cook,temp,1600,153.9,,esp32,,0,,,,,,,,,,,,1,375.0,0.0,0.0,0,NONE
2026-09-30T13:26:50.032+00:00,647.847,manual,Manual cook,temp,1600,153.5,,esp32,,0,,,,,,,,,,,,1,375.0,0.0,0.0,0,NONE
2026-09-30T13:26:51.032+00:00,648.847,manual,Manual cook,temp,1600,153.1,,esp32,,0,,,,,,,,,,,,1,375.0,0.0,0.0,0,NONE
2026-09-30T13:26:52.032+00:00,649.847,manual,Manual cook,temp,1600,153.5,,esp32,,0,,,,,,,,,,,,1,375.0,0.0,0.0,0,NONE
2026-09-30T13:26:52.532+00:00,650.347,manual,Manual cook,temp,1600,153.9,,esp32,,0,,,,,,,,,,,,1,375.0,0.0,0.0,0,NONE
2026-09-30T13:26:53.532+00:00,651.347,manual,Manual cook,temp,1600,153.5,,esp32,,0,,,,,,,,,,,,1,375.0,0.0,0.0,0,NONE
2026-09-30T13:26:54.032+00:00,651.848,manual,Manual cook,temp,1600,153.5,,esp32,,0,,,,,,,,,,,,1,375.0,0.0,0.0,0,NONE
2026-09-30T13:26:55.032+00:00,652.848,manual,Manual cook,temp,1600,153.1,,esp32,,0,,,,,,,,,,,,1,375.0,0.0,0.0,0,NONE
2026-09-30T13:26:56.032+00:00,653.847,manual,Manual cook,temp,1600,153.1,,esp32,,0,,,,,,,,,,,,1,375.0,0.0,0.0,0,NONE
2026-09-30T13:26:56.532+00:00,654.347,manual,Manual cook,temp,1600,153.1,,esp32,,0,,,,,,,,,,,,1,375.0,0.0,0.0,0,NONE
2026-09-30T13:26:57.532+00:00,655.347,manual,Manual cook,temp,1600,153.1,,esp32,,0,,,,,,,,,,,,1,375.0,0.0,0.0,0,NONE
2026-09-30T13:26:58.533+00:00,656.348,manual,Manual cook,temp,1600,153.1,,esp32,,0,,,,,,,,,,,,1,375.0,0.0,0.0,0,NONE
2026-09-30T13:26:59.531+00:00,657.347,manual,Manual cook,temp,1600,153.1,,esp32,,0,,,,,,,,,,,,1,375.0,0.0,0.0,0,NONE
2026-09-30T13:27:00.531+00:00,658.347,manual,Manual cook,temp,1600,153.1,,esp32,,0,,,,,,,,,,,,1,375.0,0.0,0.0,0,NONE
2026-09-30T13:27:01.032+00:00,658.848,manual,Manual cook,temp,1600,153.1,,esp32,,0,,,,,,,,,,,,1,375.0,0.0,0.0,0,NONE
2026-09-30T13:27:02.031+00:00,659.847,manual,Manual cook,temp,1600,153.1,,esp32,,0,,,,,,,,,,,,1,375.0,0.0,0.0,0,NONE
2026-09-30T13:27:02.532+00:00,660.348,manual,Manual cook,temp,1600,152.6,,esp32,,0,,,,,,,,,,,,1,375.0,0.0,0.0,0,NONE
2026-09-30T13:27:03.531+00:00,661.347,manual,Manual cook,temp,1600,152.1,,esp32,,0,,,,,,,,,,,,1,375.0,0.0,0.0,0,NONE
2026-09-30T13:27:04.031+00:00,661.847,manual,Manual cook,temp,1600,152.6,,esp32,,0,,,,,,,,,,,,1,375.0,0.0,0.0,0,NONE
2026-09-30T13:27:05.031+00:00,662.847,manual,Manual cook,temp,1600,151.7,,esp32,,0,,,,,,,,,,,,1,375.0,0.0,0.0,0,NONE
2026-09-30T13:27:05.531+00:00,663.347,manual,Manual cook,temp,1600,152.6,,esp32,,0,,,,,,,,,,,,1,375.0,0.0,0.0,0,NONE
2026-09-30T13:27:06.532+00:00,664.347,manual,Manual cook,temp,1600,151.7,,esp32,,0,,,,,,,,,,,,1,375.0,0.0,0.0,0,NONE
2026-09-30T13:27:07.531+00:00,665.347,manual,Manual cook,temp,1600,152.1,,esp32,,0,,,,,,,,,,,,1,375.0,0.0,0.0,0,NONE
2026-09-30T13:27:08.531+00:00,666.347,manual,Manual cook,temp,1600,152.1,,esp32,,0,,,,,,,,,,,,1,375.0,0.0,0.0,0,NONE
2026-09-30T13:27:09.531+00:00,667.346,manual,Manual cook,temp,1600,151.7,,esp32,,0,,,,,,,,,,,,1,375.0,0.0,0.0,0,NONE
2026-09-30T13:27:10.031+00:00,667.846,manual,Manual cook,temp,1600,152.1,,esp32,,0,,,,,,,,,,,,1,375.0,0.0,0.0,0,NONE
2026-09-30T13:27:11.031+00:00,668.847,manual,Manual cook,temp,1600,151.7,,esp32,,0,,,,,,,,,,,,1,375.0,0.0,0.0,0,NONE
2026-09-30T13:27:12.032+00:00,669.847,manual,Manual cook,temp,1600,151.7,,esp32,,0,,,,,,,,,,,,1,375.0,0.0,0.0,0,NONE
2026-09-30T13:27:13.031+00:00,670.846,manual,Manual cook,temp,1600,151.3,,esp32,,0,,,,,,,,,,,,1,375.0,0.0,0.0,0,NONE
2026-09-30T13:27:13.531+00:00,671.346,manual,Manual cook,temp,1600,151.7,,esp32,,0,,,,,,,,,,,,1,375.0,0.0,0.0,0,NONE
2026-09-30T13:27:14.531+00:00,672.347,manual,Manual cook,temp,1600,151.3,,esp32,,0,,,,,,,,,,,,1,375.0,0.0,0.0,0,NONE
2026-09-30T13:27:15.531+00:00,673.347,manual,Manual cook,temp,1600,151.3,,esp32,,0,,,,,,,,,,,,1,375.0,0.0,0.0,0,NONE
2026-09-30T13:27:16.532+00:00,674.347,manual,Manual cook,temp,1600,151.7,,esp32,,0,,,,,,,,,,,,1,375.0,0.0,0.0,0,NONE
2026-09-30T13:27:17.532+00:00,675.347,manual,Manual cook,temp,1600,151.3,,esp32,,0,,,,,,,,,,,,1,375.0,0.0,0.0,0,NONE
2026-09-30T13:27:18.531+00:00,676.346,manual,Manual cook,temp,1600,151.3,,esp32,,0,,,,,,,,,,,,1,375.0,0.0,0.0,0,NONE
2026-09-30T13:27:19.531+00:00,677.347,manual,Manual cook,temp,1600,150.4,,esp32,,0,,,,,,,,,,,,1,375.0,0.0,0.0,0,NONE
2026-09-30T13:27:20.531+00:00,678.346,manual,Manual cook,temp,1600,151.3,,esp32,,0,,,,,,,,,,,,1,375.0,0.0,0.0,0,NONE
2026-09-30T13:27:21.531+00:00,679.346,manual,Manual cook,temp,1600,150.8,,esp32,,0,,,,,,,,,,,,1,375.0,0.0,0.0,0,NONE
2026-09-30T13:27:22.531+00:00,680.346,manual,Manual cook,temp,1600,151.3,,esp32,,0,,,,,,,,,,,,1,375.0,0.0,0.0,0,NONE
2026-09-30T13:27:23.032+00:00,680.847,manual,Manual cook,temp,1600,150.8,,esp32,,0,,,,,,,,,,,,1,375.0,0.0,0.0,0,NONE
2026-09-30T13:27:24.031+00:00,681.846,manual,Manual cook,temp,1600,150.8,,esp32,,0,,,,,,,,,,,,1,375.0,0.0,0.0,0,NONE
2026-09-30T13:27:24.532+00:00,682.347,manual,Manual cook,temp,1600,150.8,,esp32,,0,,,,,,,,,,,,1,375.0,0.0,0.0,0,NONE
2026-09-30T13:27:25.531+00:00,683.347,manual,Manual cook,temp,1600,150.8,,esp32,,0,,,,,,,,,,,,1,375.0,0.0,0.0,0,NONE
2026-09-30T13:27:26.531+00:00,684.346,manual,Manual cook,temp,1600,150.4,,esp32,,0,,,,,,,,,,,,1,375.0,0.0,0.0,0,NONE
2026-09-30T13:27:27.031+00:00,684.846,manual,Manual cook,temp,1600,149.9,,esp32,,0,,,,,,,,,,,,1,375.0,0.0,0.0,0,NONE
2026-09-30T13:27:27.531+00:00,685.346,manual,Manual cook,temp,1600,149.9,,esp32,,0,,,,,,,,,,,,1,375.0,0.0,0.0,0,NONE
2026-09-30T13:27:28.531+00:00,686.346,manual,Manual cook,temp,1600,149.4,,esp32,,0,,,,,,,,,,,,1,375.0,0.0,0.0,0,NONE
2026-09-30T13:27:29.032+00:00,686.847,manual,Manual cook,temp,1600,150.4,,esp32,,0,,,,,,,,,,,,1,375.0,0.0,0.0,0,NONE
2026-09-30T13:27:30.031+00:00,687.846,manual,Manual cook,temp,1600,150.4,,esp32,,0,,,,,,,,,,,,1,375.0,0.0,0.0,0,NONE
2026-09-30T13:27:30.531+00:00,688.346,manual,Manual cook,temp,1600,148.6,,esp32,,0,,,,,,,,,,,,1,375.0,0.0,0.0,0,NONE
2026-09-30T13:27:31.531+00:00,689.346,manual,Manual cook,temp,1600,149.0,,esp32,,0,,,,,,,,,,,,1,375.0,0.0,0.0,0,NONE
2026-09-30T13:27:32.531+00:00,690.346,manual,Manual cook,temp,1600,149.0,,esp32,,0,,,,,,,,,,,,1,375.0,0.0,0.0,0,NONE
2026-09-30T13:27:33.531+00:00,691.346,manual,Manual cook,temp,1600,149.9,,esp32,,0,,,,,,,,,,,,1,375.0,0.0,0.0,0,NONE
2026-09-30T13:27:34.531+00:00,692.347,manual,Manual cook,temp,1600,149.9,,esp32,,0,,,,,,,,,,,,1,375.0,0.0,0.0,0,NONE
2026-09-30T13:27:35.531+00:00,693.346,manual,Manual cook,temp,1600,149.0,,esp32,,0,,,,,,,,,,,,1,375.0,0.0,0.0,0,NONE
2026-09-30T13:27:36.031+00:00,693.846,manual,Manual cook,temp,1600,149.9,,esp32,,0,,,,,,,,,,,,1,375.0,0.0,0.0,0,NONE
2026-09-30T13:27:37.031+00:00,694.846,manual,Manual cook,temp,1600,149.9,,esp32,,0,,,,,,,,,,,,1,375.0,0.0,0.0,0,NONE
2026-09-30T13:27:37.531+00:00,695.346,manual,Manual cook,temp,1600,149.9,,esp32,,0,,,,,,,,,,,,1,375.0,0.0,0.0,0,NONE
2026-09-30T13:27:38.531+00:00,696.347,manual,Manual cook,temp,1600,149.4,,esp32,,0,,,,,,,,,,,,1,375.0,0.0,0.0,0,NONE
2026-09-30T13:27:39.531+00:00,697.346,manual,Manual cook,temp,1600,149.4,,esp32,,0,,,,,,,,,,,,1,375.0,0.0,0.0,0,NONE
2026-09-30T13:27:40.031+00:00,697.846,manual,Manual cook,temp,1600,149.4,,esp32,,0,,,,,,,,,,,,1,375.0,0.0,0.0,0,NONE
2026-09-30T13:27:41.030+00:00,698.846,manual,Manual cook,temp,1600,149.4,,esp32,,0,,,,,,,,,,,,1,375.0,0.0,0.0,0,NONE
2026-09-30T13:27:42.030+00:00,699.846,manual,Manual cook,temp,1600,149.9,,esp32,,0,,,,,,,,,,,,1,375.0,0.0,0.0,0,NONE
2026-09-30T13:27:42.530+00:00,700.346,manual,Manual cook,temp,1600,149.0,,esp32,,0,,,,,,,,,,,,1,375.0,0.0,0.0,0,NONE
2026-09-30T13:27:43.031+00:00,700.846,manual,Manual cook,temp,1600,149.4,,esp32,,0,,,,,,,,,,,,1,375.0,0.0,0.0,0,NONE
2026-09-30T13:27:44.031+00:00,701.846,manual,Manual cook,temp,1600,149.0,,esp32,,0,,,,,,,,,,,,1,375.0,0.0,0.0,0,NONE
2026-09-30T13:27:44.531+00:00,702.346,manual,Manual cook,temp,1600,149.0,,esp32,,0,,,,,,,,,,,,1,375.0,0.0,0.0,0,NONE
2026-09-30T13:27:45.531+00:00,703.346,manual,Manual cook,temp,1600,149.0,,esp32,,0,,,,,,,,,,,,1,375.0,0.0,0.0,0,NONE
2026-09-30T13:27:46.530+00:00,704.346,manual,Manual cook,temp,1600,149.0,,esp32,,0,,,,,,,,,,,,1,375.0,0.0,0.0,0,NONE
2026-09-30T13:27:47.530+00:00,705.346,manual,Manual cook,temp,1600,149.0,,esp32,,0,,,,,,,,,,,,1,375.0,0.0,0.0,0,NONE
2026-09-30T13:27:48.030+00:00,705.846,manual,Manual cook,temp,1600,148.6,,esp32,,0,,,,,,,,,,,,1,375.0,0.0,0.0,0,NONE
2026-09-30T13:27:49.031+00:00,706.846,manual,Manual cook,temp,1600,148.6,,esp32,,0,,,,,,,,,,,,1,375.0,0.0,0.0,0,NONE
2026-09-30T13:27:50.031+00:00,707.846,manual,Manual cook,temp,1600,148.6,,esp32,,0,,,,,,,,,,,,1,375.0,0.0,0.0,0,NONE
2026-09-30T13:27:51.031+00:00,708.846,manual,Manual cook,temp,1600,147.6,,esp32,,0,,,,,,,,,,,,1,375.0,0.0,0.0,0,NONE
2026-09-30T13:27:52.031+00:00,709.846,manual,Manual cook,temp,1600,148.6,,esp32,,0,,,,,,,,,,,,1,375.0,0.0,0.0,0,NONE
2026-09-30T13:27:53.030+00:00,710.845,manual,Manual cook,temp,1600,148.6,,esp32,,0,,,,,,,,,,,,1,375.0,0.0,0.0,0,NONE
2026-09-30T13:27:54.030+00:00,711.846,manual,Manual cook,temp,1600,147.6,,esp32,,0,,,,,,,,,,,,1,375.0,0.0,0.0,0,NONE
2026-09-30T13:27:54.531+00:00,712.346,manual,Manual cook,temp,1600,147.6,,esp32,,0,,,,,,,,,,,,1,375.0,0.0,0.0,0,NONE
2026-09-30T13:27:55.531+00:00,713.346,manual,Manual cook,temp,1600,147.6,,esp32,,0,,,,,,,,,,,,1,375.0,0.0,0.0,0,NONE
2026-09-30T13:27:56.531+00:00,714.346,manual,Manual cook,temp,1600,147.6,,esp32,,0,,,,,,,,,,,,1,375.0,0.0,0.0,0,NONE
2026-09-30T13:27:57.031+00:00,714.846,manual,Manual cook,temp,1600,147.6,,esp32,,0,,,,,,,,,,,,1,375.0,0.0,0.0,0,NONE
2026-09-30T13:27:58.030+00:00,715.845,manual,Manual cook,temp,1600,148.1,,esp32,,0,,,,,,,,,,,,1,375.0,0.0,0.0,0,NONE
2026-09-30T13:27:59.030+00:00,716.845,manual,Manual cook,temp,1600,148.1,,esp32,,0,,,,,,,,,,,,1,375.0,0.0,0.0,0,NONE
2026-09-30T13:27:59.531+00:00,717.346,manual,Manual cook,temp,1600,148.1,,esp32,,0,,,,,,,,,,,,1,375.0,0.0,0.0,0,NONE
2026-09-30T13:28:00.530+00:00,718.346,manual,Manual cook,temp,1600,147.2,,esp32,,0,,,,,,,,,,,,1,375.0,0.0,0.0,0,NONE
2026-09-30T13:28:01.530+00:00,719.345,manual,Manual cook,temp,1600,147.6,,esp32,,0,,,,,,,,,,,,1,375.0,0.0,0.0,0,NONE
2026-09-30T13:28:02.031+00:00,719.846,manual,Manual cook,temp,1600,148.1,,esp32,,0,,,,,,,,,,,,1,375.0,0.0,0.0,0,NONE
2026-09-30T13:28:03.030+00:00,720.845,manual,Manual cook,temp,1600,147.6,,esp32,,0,,,,,,,,,,,,1,375.0,0.0,0.0,0,NONE
2026-09-30T13:28:04.031+00:00,721.846,manual,Manual cook,temp,1600,146.8,,esp32,,0,,,,,,,,,,,,1,375.0,0.0,0.0,0,NONE
2026-09-30T13:28:05.031+00:00,722.846,manual,Manual cook,temp,1600,146.8,,esp32,,0,,,,,,,,,,,,1,375.0,0.0,0.0,0,NONE
2026-09-30T13:28:06.030+00:00,723.845,manual,Manual cook,temp,1600,147.2,,esp32,,0,,,,,,,,,,,,1,375.0,0.0,0.0,0,NONE
2026-09-30T13:28:06.530+00:00,724.346,manual,Manual cook,temp,1600,147.2,,esp32,,0,,,,,,,,,,,,1,375.0,0.0,0.0,0,NONE
2026-09-30T13:28:07.531+00:00,725.346,manual,Manual cook,temp,1600,147.2,,esp32,,0,,,,,,,,,,,,1,375.0,0.0,0.0,0,NONE
2026-09-30T13:28:08.531+00:00,726.346,manual,Manual cook,temp,1600,147.2,,esp32,,0,,,,,,,,,,,,1,375.0,0.0,0.0,0,NONE
2026-09-30T13:28:09.532+00:00,727.347,manual,Manual cook,temp,1600,147.2,,esp32,,0,,,,,,,,,,,,1,375.0,0.0,0.0,0,NONE
2026-09-30T13:28:10.532+00:00,728.347,manual,Manual cook,temp,1600,146.8,,esp32,,0,,,,,,,,,,,,1,375.0,0.0,0.0,0,NONE
2026-09-30T13:28:11.530+00:00,729.345,manual,Manual cook,temp,1600,146.8,,esp32,,0,,,,,,,,,,,,1,375.0,0.0,0.0,0,NONE
2026-09-30T13:28:12.030+00:00,729.845,manual,Manual cook,temp,1600,145.9,,esp32,,0,,,,,,,,,,,,1,375.0,0.0,0.0,0,NONE
2026-09-30T13:28:12.530+00:00,730.345,manual,Manual cook,temp,1600,145.9,,esp32,,0,,,,,,,,,,,,1,375.0,0.0,0.0,0,NONE
2026-09-30T13:28:13.030+00:00,730.845,manual,Manual cook,temp,1600,146.3,,esp32,,0,,,,,,,,,,,,1,375.0,0.0,0.0,0,NONE
2026-09-30T13:28:14.030+00:00,731.846,manual,Manual cook,temp,1600,146.8,,esp32,,0,,,,,,,,,,,,1,375.0,0.0,0.0,0,NONE
2026-09-30T13:28:14.531+00:00,732.347,manual,Manual cook,temp,1600,147.2,,esp32,,0,,,,,,,,,,,,1,375.0,0.0,0.0,0,NONE
2026-09-30T13:28:15.529+00:00,733.345,manual,Manual cook,temp,1600,146.8,,esp32,,0,,,,,,,,,,,,1,375.0,0.0,0.0,0,NONE
2026-09-30T13:28:16.030+00:00,733.845,manual,Manual cook,temp,1600,145.4,,esp32,,0,,,,,,,,,,,,1,375.0,0.0,0.0,0,NONE
2026-09-30T13:28:17.030+00:00,734.845,manual,Manual cook,temp,1600,145.9,,esp32,,0,,,,,,,,,,,,1,375.0,0.0,0.0,0,NONE
2026-09-30T13:28:18.030+00:00,735.845,manual,Manual cook,temp,1600,146.3,,esp32,,0,,,,,,,,,,,,1,375.0,0.0,0.0,0,NONE
2026-09-30T13:28:19.030+00:00,736.845,manual,Manual cook,temp,1600,146.3,,esp32,,0,,,,,,,,,,,,1,375.0,0.0,0.0,0,NONE
2026-09-30T13:28:19.531+00:00,737.346,manual,Manual cook,temp,1600,145.9,,esp32,,0,,,,,,,,,,,,1,375.0,0.0,0.0,0,NONE
2026-09-30T13:28:20.530+00:00,738.345,manual,Manual cook,temp,1600,145.9,,esp32,,0,,,,,,,,,,,,1,375.0,0.0,0.0,0,NONE
2026-09-30T13:28:21.031+00:00,738.846,manual,Manual cook,temp,1600,145.9,,esp32,,0,,,,,,,,,,,,1,375.0,0.0,0.0,0,NONE
2026-09-30T13:28:22.029+00:00,739.845,manual,Manual cook,temp,1600,145.4,,esp32,,0,,,,,,,,,,,,1,375.0,0.0,0.0,0,NONE
2026-09-30T13:28:22.531+00:00,740.346,manual,Manual cook,temp,1600,145.4,,esp32,,0,,,,,,,,,,,,1,375.0,0.0,0.0,0,NONE
2026-09-30T13:28:23.529+00:00,741.345,manual,Manual cook,temp,1600,145.9,,esp32,,0,,,,,,,,,,,,1,375.0,0.0,0.0,0,NONE
2026-09-30T13:28:24.529+00:00,742.345,manual,Manual cook,temp,1600,144.9,,esp32,,0,,,,,,,,,,,,1,375.0,0.0,0.0,0,NONE
2026-09-30T13:28:25.030+00:00,742.845,manual,Manual cook,temp,1600,144.9,,esp32,,0,,,,,,,,,,,,1,375.0,0.0,0.0,0,NONE
2026-09-30T13:28:26.030+00:00,743.845,manual,Manual cook,temp,1600,145.9,,esp32,,0,,,,,,,,,,,,1,375.0,0.0,0.0,0,NONE
2026-09-30T13:28:27.029+00:00,744.845,manual,Manual cook,temp,1600,145.9,,esp32,,0,,,,,,,,,,,,1,375.0,0.0,0.0,0,NONE
2026-09-30T13:28:28.030+00:00,745.845,manual,Manual cook,temp,1600,145.9,,esp32,,0,,,,,,,,,,,,1,375.0,0.0,0.0,0,NONE
2026-09-30T13:28:29.031+00:00,746.846,manual,Manual cook,temp,1600,145.9,,esp32,,0,,,,,,,,,,,,1,375.0,0.0,0.0,0,NONE
2026-09-30T13:28:30.030+00:00,747.846,manual,Manual cook,temp,1600,144.9,,esp32,,0,,,,,,,,,,,,1,375.0,0.0,0.0,0,NONE
2026-09-30T13:28:31.030+00:00,748.845,manual,Manual cook,temp,1600,144.9,,esp32,,0,,,,,,,,,,,,1,375.0,0.0,0.0,0,NONE
2026-09-30T13:28:31.530+00:00,749.345,manual,Manual cook,temp,1600,144.9,,esp32,,0,,,,,,,,,,,,1,375.0,0.0,0.0,0,NONE
2026-09-30T13:28:32.529+00:00,750.345,manual,Manual cook,temp,1600,144.9,,esp32,,0,,,,,,,,,,,,1,375.0,0.0,0.0,0,NONE
2026-09-30T13:28:33.030+00:00,750.845,manual,Manual cook,temp,1600,144.9,,esp32,,0,,,,,,,,,,,,1,375.0,0.0,0.0,0,NONE
2026-09-30T13:28:34.029+00:00,751.845,manual,Manual cook,temp,1600,145.4,,esp32,,0,,,,,,,,,,,,1,375.0,0.0,0.0,0,NONE
2026-09-30T13:28:34.529+00:00,752.345,manual,Manual cook,temp,1600,144.5,,esp32,,0,,,,,,,,,,,,1,375.0,0.0,0.0,0,NONE
2026-09-30T13:28:35.030+00:00,752.845,manual,Manual cook,temp,1600,144.5,,esp32,,0,,,,,,,,,,,,1,375.0,0.0,0.0,0,NONE
2026-09-30T13:28:36.029+00:00,753.844,manual,Manual cook,temp,1600,144.9,,esp32,,0,,,,,,,,,,,,1,375.0,0.0,0.0,0,NONE
2026-09-30T13:28:36.530+00:00,754.345,manual,Manual cook,temp,1600,144.9,,esp32,,0,,,,,,,,,,,,1,375.0,0.0,0.0,0,NONE
2026-09-30T13:28:37.030+00:00,754.845,manual,Manual cook,temp,1600,144.9,,esp32,,0,,,,,,,,,,,,1,375.0,0.0,0.0,0,NONE
2026-09-30T13:28:38.029+00:00,755.844,manual,Manual cook,temp,1600,143.6,,esp32,,0,,,,,,,,,,,,1,375.0,0.0,0.0,0,NONE
2026-09-30T13:28:38.530+00:00,756.345,manual,Manual cook,temp,1600,144.1,,esp32,,0,,,,,,,,,,,,1,375.0,0.0,0.0,0,NONE
2026-09-30T13:28:39.529+00:00,757.344,manual,Manual cook,temp,1600,144.5,,esp32,,0,,,,,,,,,,,,1,375.0,0.0,0.0,0,NONE
2026-09-30T13:28:40.029+00:00,757.844,manual,Manual cook,temp,1600,144.5,,esp32,,0,,,,,,,,,,,,1,375.0,0.0,0.0,0,NONE
2026-09-30T13:28:40.529+00:00,758.345,manual,Manual cook,temp,1600,144.5,,esp32,,0,,,,,,,,,,,,1,375.0,0.0,0.0,0,NONE
2026-09-30T13:28:41.529+00:00,759.344,manual,Manual cook,temp,1600,144.5,,esp32,,0,,,,,,,,,,,,1,375.0,0.0,0.0,0,NONE
2026-09-30T13:28:42.530+00:00,760.345,manual,Manual cook,temp,1600,144.5,,esp32,,0,,,,,,,,,,,,1,375.0,0.0,0.0,0,NONE
2026-09-30T13:28:43.529+00:00,761.344,manual,Manual cook,temp,1600,144.1,,esp32,,0,,,,,,,,,,,,1,375.0,0.0,0.0,0,NONE
2026-09-30T13:28:44.030+00:00,761.845,manual,Manual cook,temp,1600,144.5,,esp32,,0,,,,,,,,,,,,1,375.0,0.0,0.0,0,NONE
2026-09-30T13:28:45.029+00:00,762.844,manual,Manual cook,temp,1600,144.1,,esp32,,0,,,,,,,,,,,,1,375.0,0.0,0.0,0,NONE
2026-09-30T13:28:46.029+00:00,763.844,manual,Manual cook,temp,1600,142.7,,esp32,,0,,,,,,,,,,,,1,375.0,0.0,0.0,0,NONE
2026-09-30T13:28:46.529+00:00,764.344,manual,Manual cook,temp,1600,144.1,,esp32,,0,,,,,,,,,,,,1,375.0,0.0,0.0,0,NONE
2026-09-30T13:28:47.529+00:00,765.344,manual,Manual cook,temp,1600,144.1,,esp32,,0,,,,,,,,,,,,1,375.0,0.0,0.0,0,NONE
2026-09-30T13:28:48.029+00:00,765.845,manual,Manual cook,temp,1600,144.5,,esp32,,0,,,,,,,,,,,,1,375.0,0.0,0.0,0,NONE
2026-09-30T13:28:48.529+00:00,766.345,manual,Manual cook,temp,1600,144.5,,esp32,,0,,,,,,,,,,,,1,375.0,0.0,0.0,0,NONE
2026-09-30T13:28:49.529+00:00,767.344,manual,Manual cook,temp,1600,144.5,,esp32,,0,,,,,,,,,,,,1,375.0,0.0,0.0,0,NONE
2026-09-30T13:28:50.529+00:00,768.344,manual,Manual cook,temp,1600,144.1,,esp32,,0,,,,,,,,,,,,1,375.0,0.0,0.0,0,NONE
2026-09-30T13:28:51.029+00:00,768.844,manual,Manual cook,temp,1600,144.1,,esp32,,0,,,,,,,,,,,,1,375.0,0.0,0.0,0,NONE
2026-09-30T13:28:52.029+00:00,769.844,manual,Manual cook,temp,1600,144.1,,esp32,,0,,,,,,,,,,,,1,375.0,0.0,0.0,0,NONE
2026-09-30T13:28:52.529+00:00,770.344,manual,Manual cook,temp,1600,144.1,,esp32,,0,,,,,,,,,,,,1,375.0,0.0,0.0,0,NONE
2026-09-30T13:28:53.529+00:00,771.344,manual,Manual cook,temp,1600,143.6,,esp32,,0,,,,,,,,,,,,1,375.0,0.0,0.0,0,NONE
2026-09-30T13:28:54.029+00:00,771.845,manual,Manual cook,temp,1600,144.1,,esp32,,0,,,,,,,,,,,,1,375.0,0.0,0.0,0,NONE
2026-09-30T13:28:55.029+00:00,772.844,manual,Manual cook,temp,1600,144.1,,esp32,,0,,,,,,,,,,,,1,375.0,0.0,0.0,0,NONE
2026-09-30T13:28:56.029+00:00,773.844,manual,Manual cook,temp,1600,143.1,,esp32,,0,,,,,,,,,,,,1,375.0,0.0,0.0,0,NONE
2026-09-30T13:28:56.530+00:00,774.345,manual,Manual cook,temp,1600,143.6,,esp32,,0,,,,,,,,,,,,1,375.0,0.0,0.0,0,NONE
2026-09-30T13:28:57.529+00:00,775.344,manual,Manual cook,temp,1600,143.6,,esp32,,0,,,,,,,,,,,,1,375.0,0.0,0.0,0,NONE
2026-09-30T13:28:58.530+00:00,776.345,manual,Manual cook,temp,1600,143.1,,esp32,,0,,,,,,,,,,,,1,375.0,0.0,0.0,0,NONE
2026-09-30T13:28:59.529+00:00,777.344,manual,Manual cook,temp,1600,143.1,,esp32,,0,,,,,,,,,,,,1,375.0,0.0,0.0,0,NONE
2026-09-30T13:29:00.029+00:00,777.845,manual,Manual cook,temp,1600,142.7,,esp32,,0,,,,,,,,,,,,1,375.0,0.0,0.0,0,NONE
2026-09-30T13:29:01.029+00:00,778.844,manual,Manual cook,temp,1600,143.1,,esp32,,0,,,,,,,,,,,,1,375.0,0.0,0.0,0,NONE
2026-09-30T13:29:02.028+00:00,779.844,manual,Manual cook,temp,1600,142.7,,esp32,,0,,,,,,,,,,,,1,375.0,0.0,0.0,0,NONE
2026-09-30T13:29:02.529+00:00,780.344,manual,Manual cook,temp,1600,143.1,,esp32,,0,,,,,,,,,,,,1,375.0,0.0,0.0,0,NONE
2026-09-30T13:29:03.528+00:00,781.344,manual,Manual cook,temp,1600,143.1,,esp32,,0,,,,,,,,,,,,1,375.0,0.0,0.0,0,NONE
2026-09-30T13:29:04.029+00:00,781.844,manual,Manual cook,temp,1600,142.7,,esp32,,0,,,,,,,,,,,,1,375.0,0.0,0.0,0,NONE
2026-09-30T13:29:04.529+00:00,782.344,manual,Manual cook,temp,1600,142.7,,esp32,,0,,,,,,,,,,,,1,375.0,0.0,0.0,0,NONE
2026-09-30T13:29:05.529+00:00,783.344,manual,Manual cook,temp,1600,142.3,,esp32,,0,,,,,,,,,,,,1,375.0,0.0,0.0,0,NONE
2026-09-30T13:29:06.530+00:00,784.345,manual,Manual cook,temp,1600,142.7,,esp32,,0,,,,,,,,,,,,1,375.0,0.0,0.0,0,NONE
2026-09-30T13:29:07.528+00:00,785.344,manual,Manual cook,temp,1600,143.1,,esp32,,0,,,,,,,,,,,,1,375.0,0.0,0.0,0,NONE
2026-09-30T13:29:08.028+00:00,785.844,manual,Manual cook,temp,1600,142.3,,esp32,,0,,,,,,,,,,,,1,375.0,0.0,0.0,0,NONE
2026-09-30T13:29:09.028+00:00,786.844,manual,Manual cook,temp,1600,142.7,,esp32,,0,,,,,,,,,,,,1,375.0,0.0,0.0,0,NONE
2026-09-30T13:29:09.528+00:00,787.344,manual,Manual cook,temp,1600,142.7,,esp32,,0,,,,,,,,,,,,1,375.0,0.0,0.0,0,NONE
2026-09-30T13:29:10.528+00:00,788.344,manual,Manual cook,temp,1600,142.7,,esp32,,0,,,,,,,,,,,,1,375.0,0.0,0.0,0,NONE
2026-09-30T13:29:11.529+00:00,789.344,manual,Manual cook,temp,1600,141.4,,esp32,,0,,,,,,,,,,,,1,375.0,0.0,0.0,0,NONE
2026-09-30T13:29:12.528+00:00,790.344,manual,Manual cook,temp,1600,142.7,,esp32,,0,,,,,,,,,,,,1,375.0,0.0,0.0,0,NONE
2026-09-30T13:29:13.528+00:00,791.343,manual,Manual cook,temp,1600,141.8,,esp32,,0,,,,,,,,,,,,1,375.0,0.0,0.0,0,NONE
2026-09-30T13:29:14.028+00:00,791.843,manual,Manual cook,temp,1600,141.8,,esp32,,0,,,,,,,,,,,,1,375.0,0.0,0.0,0,NONE
2026-09-30T13:29:14.531+00:00,792.346,manual,Manual cook,temp,1600,141.8,,esp32,,0,,,,,,,,,,,,1,375.0,0.0,0.0,0,NONE
2026-09-30T13:29:15.528+00:00,793.343,manual,Manual cook,temp,1600,141.8,,esp32,,0,,,,,,,,,,,,1,375.0,0.0,0.0,0,NONE
2026-09-30T13:29:16.528+00:00,794.343,manual,Manual cook,temp,1600,141.8,,esp32,,0,,,,,,,,,,,,1,375.0,0.0,0.0,0,NONE
2026-09-30T13:29:17.529+00:00,795.344,manual,Manual cook,temp,1600,140.9,,esp32,,0,,,,,,,,,,,,1,375.0,0.0,0.0,0,NONE
2026-09-30T13:29:18.528+00:00,796.343,manual,Manual cook,temp,1600,142.3,,esp32,,0,,,,,,,,,,,,1,375.0,0.0,0.0,0,NONE
2026-09-30T13:29:19.028+00:00,796.844,manual,Manual cook,temp,1600,141.8,,esp32,,0,,,,,,,,,,,,1,375.0,0.0,0.0,0,NONE
2026-09-30T13:29:20.028+00:00,797.843,manual,Manual cook,temp,1600,141.8,,esp32,,0,,,,,,,,,,,,1,375.0,0.0,0.0,0,NONE
2026-09-30T13:29:20.531+00:00,798.346,manual,Manual cook,temp,1600,141.8,,esp32,,0,,,,,,,,,,,,1,375.0,0.0,0.0,0,NONE
2026-09-30T13:29:21.529+00:00,799.344,manual,Manual cook,temp,1600,141.4,,esp32,,0,,,,,,,,,,,,1,375.0,0.0,0.0,0,NONE
2026-09-30T13:29:22.528+00:00,800.343,manual,Manual cook,temp,1600,142.3,,esp32,,0,,,,,,,,,,,,1,375.0,0.0,0.0,0,NONE
2026-09-30T13:29:23.028+00:00,800.843,manual,Manual cook,temp,1600,141.4,,esp32,,0,,,,,,,,,,,,1,375.0,0.0,0.0,0,NONE
2026-09-30T13:29:23.528+00:00,801.344,manual,Manual cook,temp,1600,141.4,,esp32,,0,,,,,,,,,,,,1,375.0,0.0,0.0,0,NONE
2026-09-30T13:29:24.529+00:00,802.345,manual,Manual cook,temp,1600,141.8,,esp32,,0,,,,,,,,,,,,1,375.0,0.0,0.0,0,NONE
2026-09-30T13:29:25.528+00:00,803.343,manual,Manual cook,temp,1600,140.9,,esp32,,0,,,,,,,,,,,,1,375.0,0.0,0.0,0,NONE
2026-09-30T13:29:26.529+00:00,804.344,manual,Manual cook,temp,1600,141.8,,esp32,,0,,,,,,,,,,,,1,375.0,0.0,0.0,0,NONE
2026-09-30T13:29:27.528+00:00,805.343,manual,Manual cook,temp,1600,141.4,,esp32,,0,,,,,,,,,,,,1,375.0,0.0,0.0,0,NONE
2026-09-30T13:29:28.528+00:00,806.343,manual,Manual cook,temp,1600,140.4,,esp32,,0,,,,,,,,,,,,1,375.0,0.0,0.0,0,NONE
2026-09-30T13:29:29.528+00:00,807.343,manual,Manual cook,temp,1600,140.9,,esp32,,0,,,,,,,,,,,,1,375.0,0.0,0.0,0,NONE
2026-09-30T13:29:30.028+00:00,807.843,manual,Manual cook,temp,1600,141.4,,esp32,,0,,,,,,,,,,,,1,375.0,0.0,0.0,0,NONE
2026-09-30T13:29:30.528+00:00,808.344,manual,Manual cook,temp,1600,140.4,,esp32,,0,,,,,,,,,,,,1,375.0,0.0,0.0,0,NONE
2026-09-30T13:29:31.029+00:00,808.844,manual,Manual cook,temp,1600,140.4,,esp32,,0,,,,,,,,,,,,1,375.0,0.0,0.0,0,NONE
2026-09-30T13:29:32.028+00:00,809.843,manual,Manual cook,temp,1600,140.9,,esp32,,0,,,,,,,,,,,,1,375.0,0.0,0.0,0,NONE
2026-09-30T13:29:33.028+00:00,810.843,manual,Manual cook,temp,1600,140.4,,esp32,,0,,,,,,,,,,,,1,375.0,0.0,0.0,0,NONE
2026-09-30T13:29:33.528+00:00,811.343,manual,Manual cook,temp,1600,140.4,,esp32,,0,,,,,,,,,,,,1,375.0,0.0,0.0,0,NONE
2026-09-30T13:29:34.028+00:00,811.843,manual,Manual cook,temp,1600,140.9,,esp32,,0,,,,,,,,,,,,1,375.0,0.0,0.0,0,NONE
2026-09-30T13:29:35.028+00:00,812.843,manual,Manual cook,temp,1600,140.4,,esp32,,0,,,,,,,,,,,,1,375.0,0.0,0.0,0,NONE
2026-09-30T13:29:35.528+00:00,813.344,manual,Manual cook,temp,1600,140.4,,esp32,,0,,,,,,,,,,,,1,375.0,0.0,0.0,0,NONE
2026-09-30T13:29:36.527+00:00,814.343,manual,Manual cook,temp,1600,140.9,,esp32,,0,,,,,,,,,,,,1,375.0,0.0,0.0,0,NONE
2026-09-30T13:29:37.028+00:00,814.843,manual,Manual cook,temp,1600,140.9,,esp32,,0,,,,,,,,,,,,1,375.0,0.0,0.0,0,NONE
2026-09-30T13:29:37.529+00:00,815.344,manual,Manual cook,temp,1600,140.9,,esp32,,0,,,,,,,,,,,,1,375.0,0.0,0.0,0,NONE
2026-09-30T13:29:38.528+00:00,816.344,manual,Manual cook,temp,1600,140.0,,esp32,,0,,,,,,,,,,,,1,375.0,0.0,0.0,0,NONE
2026-09-30T13:29:39.529+00:00,817.344,manual,Manual cook,temp,1600,140.0,,esp32,,0,,,,,,,,,,,,1,375.0,0.0,0.0,0,NONE
2026-09-30T13:29:40.528+00:00,818.343,manual,Manual cook,temp,1600,140.4,,esp32,,0,,,,,,,,,,,,1,375.0,0.0,0.0,0,NONE
2026-09-30T13:29:41.528+00:00,819.343,manual,Manual cook,temp,1600,140.4,,esp32,,0,,,,,,,,,,,,1,375.0,0.0,0.0,0,NONE
2026-09-30T13:29:42.527+00:00,820.343,manual,Manual cook,temp,1600,139.6,,esp32,,0,,,,,,,,,,,,1,375.0,0.0,0.0,0,NONE
2026-09-30T13:29:43.027+00:00,820.843,manual,Manual cook,temp,1600,140.0,,esp32,,0,,,,,,,,,,,,1,375.0,0.0,0.0,0,NONE
2026-09-30T13:29:43.528+00:00,821.344,manual,Manual cook,temp,1600,140.0,,esp32,,0,,,,,,,,,,,,1,375.0,0.0,0.0,0,NONE
2026-09-30T13:29:44.527+00:00,822.343,manual,Manual cook,temp,1600,140.4,,esp32,,0,,,,,,,,,,,,1,375.0,0.0,0.0,0,NONE
2026-09-30T13:29:45.027+00:00,822.843,manual,Manual cook,temp,1600,140.4,,esp32,,0,,,,,,,,,,,,1,375.0,0.0,0.0,0,NONE
2026-09-30T13:29:45.528+00:00,823.343,manual,Manual cook,temp,1600,140.4,,esp32,,0,,,,,,,,,,,,1,375.0,0.0,0.0,0,NONE
2026-09-30T13:29:46.527+00:00,824.343,manual,Manual cook,temp,1600,140.0,,esp32,,0,,,,,,,,,,,,1,375.0,0.0,0.0,0,NONE
2026-09-30T13:29:47.027+00:00,824.843,manual,Manual cook,temp,1600,139.1,,esp32,,0,,,,,,,,,,,,1,375.0,0.0,0.0,0,NONE
2026-09-30T13:29:47.528+00:00,825.343,manual,Manual cook,temp,1600,140.4,,esp32,,0,,,,,,,,,,,,1,375.0,0.0,0.0,0,NONE
2026-09-30T13:29:48.527+00:00,826.343,manual,Manual cook,temp,1600,139.1,,esp32,,0,,,,,,,,,,,,1,375.0,0.0,0.0,0,NONE
2026-09-30T13:29:49.027+00:00,826.843,manual,Manual cook,temp,1600,140.0,,esp32,,0,,,,,,,,,,,,1,375.0,0.0,0.0,0,NONE
2026-09-30T13:29:50.027+00:00,827.842,manual,Manual cook,temp,1600,140.4,,esp32,,0,,,,,,,,,,,,1,375.0,0.0,0.0,0,NONE
2026-09-30T13:29:50.528+00:00,828.343,manual,Manual cook,temp,1600,139.6,,esp32,,0,,,,,,,,,,,,1,375.0,0.0,0.0,0,NONE
2026-09-30T13:29:51.528+00:00,829.343,manual,Manual cook,temp,1600,140.0,,esp32,,0,,,,,,,,,,,,1,375.0,0.0,0.0,0,NONE
2026-09-30T13:29:52.527+00:00,830.342,manual,Manual cook,temp,1600,140.0,,esp32,,0,,,,,,,,,,,,1,375.0,0.0,0.0,0,NONE
2026-09-30T13:29:53.028+00:00,830.843,manual,Manual cook,temp,1600,139.6,,esp32,,0,,,,,,,,,,,,1,375.0,0.0,0.0,0,NONE
2026-09-30T13:29:53.530+00:00,831.346,manual,Manual cook,temp,1600,139.1,,esp32,,0,,,,,,,,,,,,1,375.0,0.0,0.0,0,NONE
2026-09-30T13:29:54.527+00:00,832.342,manual,Manual cook,temp,1600,139.6,,esp32,,0,,,,,,,,,,,,1,375.0,0.0,0.0,0,NONE
2026-09-30T13:29:55.027+00:00,832.842,manual,Manual cook,temp,1600,139.6,,esp32,,0,,,,,,,,,,,,1,375.0,0.0,0.0,0,NONE
2026-09-30T13:29:55.527+00:00,833.343,manual,Manual cook,temp,1600,138.6,,esp32,,0,,,,,,,,,,,,1,375.0,0.0,0.0,0,NONE
2026-09-30T13:29:56.527+00:00,834.342,manual,Manual cook,temp,1600,139.6,,esp32,,0,,,,,,,,,,,,1,375.0,0.0,0.0,0,NONE
2026-09-30T13:29:57.027+00:00,834.842,manual,Manual cook,temp,1600,139.6,,esp32,,0,,,,,,,,,,,,1,375.0,0.0,0.0,0,NONE
2026-09-30T13:29:57.527+00:00,835.342,manual,Manual cook,temp,1600,139.6,,esp32,,0,,,,,,,,,,,,1,375.0,0.0,0.0,0,NONE
2026-09-30T13:29:58.027+00:00,835.842,manual,Manual cook,temp,1600,139.1,,esp32,,0,,,,,,,,,,,,1,375.0,0.0,0.0,0,NONE
2026-09-30T13:29:58.528+00:00,836.343,manual,Manual cook,temp,1600,139.1,,esp32,,0,,,,,,,,,,,,1,375.0,0.0,0.0,0,NONE
2026-09-30T13:29:59.527+00:00,837.342,manual,Manual cook,temp,1600,138.6,,esp32,,0,,,,,,,,,,,,1,375.0,0.0,0.0,0,NONE
2026-09-30T13:30:00.527+00:00,838.342,manual,Manual cook,temp,1600,139.1,,esp32,,0,,,,,,,,,,,,1,375.0,0.0,0.0,0,NONE
2026-09-30T13:30:01.528+00:00,839.343,manual,Manual cook,temp,1600,139.6,,esp32,,0,,,,,,,,,,,,1,375.0,0.0,0.0,0,NONE
2026-09-30T13:30:02.527+00:00,840.343,manual,Manual cook,temp,1600,138.6,,esp32,,0,,,,,,,,,,,,1,375.0,0.0,0.0,0,NONE
2026-09-30T13:30:03.528+00:00,841.343,manual,Manual cook,temp,1600,139.1,,esp32,,0,,,,,,,,,,,,1,375.0,0.0,0.0,0,NONE
2026-09-30T13:30:04.028+00:00,841.843,manual,Manual cook,temp,1600,139.1,,esp32,,0,,,,,,,,,,,,1,375.0,0.0,0.0,0,NONE
2026-09-30T13:30:05.027+00:00,842.842,manual,Manual cook,temp,1600,139.1,,esp32,,0,,,,,,,,,,,,1,375.0,0.0,0.0,0,NONE
2026-09-30T13:30:05.527+00:00,843.342,manual,Manual cook,temp,1600,139.1,,esp32,,0,,,,,,,,,,,,1,375.0,0.0,0.0,0,NONE
2026-09-30T13:30:06.527+00:00,844.342,manual,Manual cook,temp,1600,138.6,,esp32,,0,,,,,,,,,,,,1,375.0,0.0,0.0,0,NONE
2026-09-30T13:30:07.527+00:00,845.342,manual,Manual cook,temp,1600,138.6,,esp32,,0,,,,,,,,,,,,1,375.0,0.0,0.0,0,NONE
2026-09-30T13:30:08.027+00:00,845.842,manual,Manual cook,temp,1600,137.8,,esp32,,0,,,,,,,,,,,,1,375.0,0.0,0.0,0,NONE
2026-09-30T13:30:08.527+00:00,846.342,manual,Manual cook,temp,1600,138.6,,esp32,,0,,,,,,,,,,,,1,375.0,0.0,0.0,0,NONE
2026-09-30T13:30:09.527+00:00,847.342,manual,Manual cook,temp,1600,138.6,,esp32,,0,,,,,,,,,,,,1,375.0,0.0,0.0,0,NONE
2026-09-30T13:30:10.027+00:00,847.843,manual,Manual cook,temp,1600,138.6,,esp32,,0,,,,,,,,,,,,1,375.0,0.0,0.0,0,NONE
2026-09-30T13:30:11.027+00:00,848.842,manual,Manual cook,temp,1600,138.6,,esp32,,0,,,,,,,,,,,,1,375.0,0.0,0.0,0,NONE
2026-09-30T13:30:11.528+00:00,849.343,manual,Manual cook,temp,1600,138.6,,esp32,,0,,,,,,,,,,,,1,375.0,0.0,0.0,0,NONE
2026-09-30T13:30:12.527+00:00,850.342,manual,Manual cook,temp,1600,138.6,,esp32,,0,,,,,,,,,,,,1,375.0,0.0,0.0,0,NONE
2026-09-30T13:30:13.027+00:00,850.842,manual,Manual cook,temp,1600,138.6,,esp32,,0,,,,,,,,,,,,1,375.0,0.0,0.0,0,NONE
2026-09-30T13:30:13.527+00:00,851.342,manual,Manual cook,temp,1600,138.2,,esp32,,0,,,,,,,,,,,,1,375.0,0.0,0.0,0,NONE
2026-09-30T13:30:14.527+00:00,852.342,manual,Manual cook,temp,1600,138.2,,esp32,,0,,,,,,,,,,,,1,375.0,0.0,0.0,0,NONE
2026-09-30T13:30:15.027+00:00,852.842,manual,Manual cook,temp,1600,137.8,,esp32,,0,,,,,,,,,,,,1,375.0,0.0,0.0,0,NONE
2026-09-30T13:30:15.527+00:00,853.343,manual,Manual cook,temp,1600,137.8,,esp32,,0,,,,,,,,,,,,1,375.0,0.0,0.0,0,NONE
2026-09-30T13:30:16.527+00:00,854.342,manual,Manual cook,temp,1600,137.8,,esp32,,0,,,,,,,,,,,,1,375.0,0.0,0.0,0,NONE
2026-09-30T13:30:17.027+00:00,854.842,manual,Manual cook,temp,1600,137.8,,esp32,,0,,,,,,,,,,,,1,375.0,0.0,0.0,0,NONE
2026-09-30T13:30:17.527+00:00,855.342,manual,Manual cook,temp,1600,137.8,,esp32,,0,,,,,,,,,,,,1,375.0,0.0,0.0,0,NONE
2026-09-30T13:30:18.527+00:00,856.342,manual,Manual cook,temp,1600,137.8,,esp32,,0,,,,,,,,,,,,1,375.0,0.0,0.0,0,NONE
2026-09-30T13:30:19.528+00:00,857.343,manual,Manual cook,temp,1600,138.2,,esp32,,0,,,,,,,,,,,,1,375.0,0.0,0.0,0,NONE
2026-09-30T13:30:20.526+00:00,858.342,manual,Manual cook,temp,1600,138.2,,esp32,,0,,,,,,,,,,,,1,375.0,0.0,0.0,0,NONE
2026-09-30T13:30:21.027+00:00,858.843,manual,Manual cook,temp,1600,137.8,,esp32,,0,,,,,,,,,,,,1,375.0,0.0,0.0,0,NONE
2026-09-30T13:30:22.026+00:00,859.842,manual,Manual cook,temp,1600,137.3,,esp32,,0,,,,,,,,,,,,1,375.0,0.0,0.0,0,NONE
2026-09-30T13:30:22.526+00:00,860.342,manual,Manual cook,temp,1600,137.3,,esp32,,0,,,,,,,,,,,,1,375.0,0.0,0.0,0,NONE
2026-09-30T13:30:23.026+00:00,860.842,manual,Manual cook,temp,1600,137.3,,esp32,,0,,,,,,,,,,,,1,375.0,0.0,0.0,0,NONE
2026-09-30T13:30:23.527+00:00,861.342,manual,Manual cook,temp,1600,137.3,,esp32,,0,,,,,,,,,,,,1,375.0,0.0,0.0,0,NONE
2026-09-30T13:30:24.526+00:00,862.342,manual,Manual cook,temp,1600,137.3,,esp32,,0,,,,,,,,,,,,1,375.0,0.0,0.0,0,NONE
2026-09-30T13:30:25.527+00:00,863.342,manual,Manual cook,temp,1600,137.3,,esp32,,0,,,,,,,,,,,,1,375.0,0.0,0.0,0,NONE
2026-09-30T13:30:26.527+00:00,864.343,manual,Manual cook,temp,1600,137.3,,esp32,,0,,,,,,,,,,,,1,375.0,0.0,0.0,0,NONE
2026-09-30T13:30:27.527+00:00,865.342,manual,Manual cook,temp,1600,136.4,,esp32,,0,,,,,,,,,,,,1,375.0,0.0,0.0,0,NONE
2026-09-30T13:30:28.526+00:00,866.342,manual,Manual cook,temp,1600,137.3,,esp32,,0,,,,,,,,,,,,1,375.0,0.0,0.0,0,NONE
2026-09-30T13:30:29.527+00:00,867.342,manual,Manual cook,temp,1600,136.9,,esp32,,0,,,,,,,,,,,,1,375.0,0.0,0.0,0,NONE
2026-09-30T13:30:30.526+00:00,868.342,manual,Manual cook,temp,1600,136.9,,esp32,,0,,,,,,,,,,,,1,375.0,0.0,0.0,0,NONE
2026-09-30T13:30:31.526+00:00,869.342,manual,Manual cook,temp,1600,136.4,,esp32,,0,,,,,,,,,,,,1,375.0,0.0,0.0,0,NONE
2026-09-30T13:30:32.027+00:00,869.842,manual,Manual cook,temp,1600,135.9,,esp32,,0,,,,,,,,,,,,1,375.0,0.0,0.0,0,NONE
2026-09-30T13:30:33.026+00:00,870.841,manual,Manual cook,temp,1600,136.9,,esp32,,0,,,,,,,,,,,,1,375.0,0.0,0.0,0,NONE
2026-09-30T13:30:33.526+00:00,871.342,manual,Manual cook,temp,1600,137.8,,esp32,,0,,,,,,,,,,,,1,375.0,0.0,0.0,0,NONE
2026-09-30T13:30:34.526+00:00,872.341,manual,Manual cook,temp,1600,136.4,,esp32,,0,,,,,,,,,,,,1,375.0,0.0,0.0,0,NONE
2026-09-30T13:30:35.026+00:00,872.842,manual,Manual cook,temp,1600,136.9,,esp32,,0,,,,,,,,,,,,1,375.0,0.0,0.0,0,NONE
2026-09-30T13:30:35.526+00:00,873.342,manual,Manual cook,temp,1600,136.9,,esp32,,0,,,,,,,,,,,,1,375.0,0.0,0.0,0,NONE
2026-09-30T13:30:36.526+00:00,874.341,manual,Manual cook,temp,1600,137.3,,esp32,,0,,,,,,,,,,,,1,375.0,0.0,0.0,0,NONE
2026-09-30T13:30:37.026+00:00,874.841,manual,Manual cook,temp,1600,136.9,,esp32,,0,,,,,,,,,,,,1,375.0,0.0,0.0,0,NONE
2026-09-30T13:30:37.527+00:00,875.342,manual,Manual cook,temp,1600,135.9,,esp32,,0,,,,,,,,,,,,1,375.0,0.0,0.0,0,NONE
2026-09-30T13:30:38.027+00:00,875.842,manual,Manual cook,temp,1600,135.9,,esp32,,0,,,,,,,,,,,,1,375.0,0.0,0.0,0,NONE
2026-09-30T13:30:39.026+00:00,876.841,manual,Manual cook,temp,1600,136.4,,esp32,,0,,,,,,,,,,,,1,375.0,0.0,0.0,0,NONE
2026-09-30T13:30:39.527+00:00,877.343,manual,Manual cook,temp,1600,136.4,,esp32,,0,,,,,,,,,,,,1,375.0,0.0,0.0,0,NONE
2026-09-30T13:30:40.526+00:00,878.341,manual,Manual cook,temp,1600,136.4,,esp32,,0,,,,,,,,,,,,1,375.0,0.0,0.0,0,NONE
2026-09-30T13:30:41.526+00:00,879.341,manual,Manual cook,temp,1600,135.9,,esp32,,0,,,,,,,,,,,,1,375.0,0.0,0.0,0,NONE
2026-09-30T13:30:42.026+00:00,879.841,manual,Manual cook,temp,1600,136.4,,esp32,,0,,,,,,,,,,,,1,375.0,0.0,0.0,0,NONE
2026-09-30T13:30:43.027+00:00,880.842,manual,Manual cook,temp,1600,135.9,,esp32,,0,,,,,,,,,,,,1,375.0,0.0,0.0,0,NONE
2026-09-30T13:30:43.527+00:00,881.343,manual,Manual cook,temp,1600,136.9,,esp32,,0,,,,,,,,,,,,1,375.0,0.0,0.0,0,NONE
2026-09-30T13:30:44.526+00:00,882.341,manual,Manual cook,temp,1600,135.5,,esp32,,0,,,,,,,,,,,,1,375.0,0.0,0.0,0,NONE
2026-09-30T13:30:45.526+00:00,883.341,manual,Manual cook,temp,1600,135.9,,esp32,,0,,,,,,,,,,,,1,375.0,0.0,0.0,0,NONE
2026-09-30T13:30:46.526+00:00,884.341,manual,Manual cook,temp,1600,136.4,,esp32,,0,,,,,,,,,,,,1,375.0,0.0,0.0,0,NONE
2026-09-30T13:30:47.526+00:00,885.341,manual,Manual cook,temp,1600,135.9,,esp32,,0,,,,,,,,,,,,1,375.0,0.0,0.0,0,NONE
2026-09-30T13:30:48.526+00:00,886.342,manual,Manual cook,temp,1600,135.9,,esp32,,0,,,,,,,,,,,,1,375.0,0.0,0.0,0,NONE
2026-09-30T13:30:49.527+00:00,887.342,manual,Manual cook,temp,1600,135.9,,esp32,,0,,,,,,,,,,,,1,375.0,0.0,0.0,0,NONE
2026-09-30T13:30:50.526+00:00,888.341,manual,Manual cook,temp,1600,135.9,,esp32,,0,,,,,,,,,,,,1,375.0,0.0,0.0,0,NONE
2026-09-30T13:30:51.026+00:00,888.841,manual,Manual cook,temp,1600,135.9,,esp32,,0,,,,,,,,,,,,1,375.0,0.0,0.0,0,NONE
2026-09-30T13:30:51.526+00:00,889.341,manual,Manual cook,temp,1600,135.9,,esp32,,0,,,,,,,,,,,,1,375.0,0.0,0.0,0,NONE
2026-09-30T13:30:52.526+00:00,890.341,manual,Manual cook,temp,1600,135.9,,esp32,,0,,,,,,,,,,,,1,375.0,0.0,0.0,0,NONE
2026-09-30T13:30:53.526+00:00,891.341,manual,Manual cook,temp,1600,135.9,,esp32,,0,,,,,,,,,,,,1,375.0,0.0,0.0,0,NONE
2026-09-30T13:30:54.526+00:00,892.341,manual,Manual cook,temp,1600,135.5,,esp32,,0,,,,,,,,,,,,1,375.0,0.0,0.0,0,NONE
2026-09-30T13:30:55.526+00:00,893.341,manual,Manual cook,temp,1600,135.9,,esp32,,0,,,,,,,,,,,,1,375.0,0.0,0.0,0,NONE
2026-09-30T13:30:56.526+00:00,894.341,manual,Manual cook,temp,1600,135.9,,esp32,,0,,,,,,,,,,,,1,375.0,0.0,0.0,0,NONE
2026-09-30T13:30:57.528+00:00,895.343,manual,Manual cook,temp,1600,135.9,,esp32,,0,,,,,,,,,,,,1,375.0,0.0,0.0,0,NONE
2026-09-30T13:30:58.526+00:00,896.341,manual,Manual cook,temp,1600,135.9,,esp32,,0,,,,,,,,,,,,1,375.0,0.0,0.0,0,NONE
2026-09-30T13:30:59.026+00:00,896.842,manual,Manual cook,temp,1600,134.6,,esp32,,0,,,,,,,,,,,,1,375.0,0.0,0.0,0,NONE
2026-09-30T13:30:59.527+00:00,897.343,manual,Manual cook,temp,1600,134.6,,esp32,,0,,,,,,,,,,,,1,375.0,0.0,0.0,0,NONE
2026-09-30T13:31:00.525+00:00,898.341,manual,Manual cook,temp,1600,134.6,,esp32,,0,,,,,,,,,,,,1,375.0,0.0,0.0,0,NONE
2026-09-30T13:31:01.026+00:00,898.841,manual,Manual cook,temp,1600,135.5,,esp32,,0,,,,,,,,,,,,1,375.0,0.0,0.0,0,NONE
2026-09-30T13:31:02.026+00:00,899.841,manual,Manual cook,temp,1600,135.1,,esp32,,0,,,,,,,,,,,,1,375.0,0.0,0.0,0,NONE
2026-09-30T13:31:03.025+00:00,900.841,manual,Manual cook,temp,1600,135.5,,esp32,,0,,,,,,,,,,,,1,375.0,0.0,0.0,0,NONE
2026-09-30T13:31:03.526+00:00,901.341,manual,Manual cook,temp,1600,134.6,,esp32,,0,,,,,,,,,,,,1,375.0,0.0,0.0,0,NONE
2026-09-30T13:31:04.526+00:00,902.341,manual,Manual cook,temp,1600,135.1,,esp32,,0,,,,,,,,,,,,1,375.0,0.0,0.0,0,NONE
2026-09-30T13:31:05.026+00:00,902.842,manual,Manual cook,temp,1600,135.5,,esp32,,0,,,,,,,,,,,,1,375.0,0.0,0.0,0,NONE
2026-09-30T13:31:06.026+00:00,903.842,manual,Manual cook,temp,1600,135.1,,esp32,,0,,,,,,,,,,,,1,375.0,0.0,0.0,0,NONE
2026-09-30T13:31:07.025+00:00,904.841,manual,Manual cook,temp,1600,134.1,,esp32,,0,,,,,,,,,,,,1,375.0,0.0,0.0,0,NONE
2026-09-30T13:31:07.525+00:00,905.341,manual,Manual cook,temp,1600,134.6,,esp32,,0,,,,,,,,,,,,1,375.0,0.0,0.0,0,NONE
2026-09-30T13:31:08.526+00:00,906.341,manual,Manual cook,temp,1600,135.1,,esp32,,0,,,,,,,,,,,,1,375.0,0.0,0.0,0,NONE
2026-09-30T13:31:09.525+00:00,907.341,manual,Manual cook,temp,1600,134.6,,esp32,,0,,,,,,,,,,,,1,375.0,0.0,0.0,0,NONE
2026-09-30T13:31:10.525+00:00,908.341,manual,Manual cook,temp,1600,134.6,,esp32,,0,,,,,,,,,,,,1,375.0,0.0,0.0,0,NONE
2026-09-30T13:31:11.025+00:00,908.841,manual,Manual cook,temp,1600,135.1,,esp32,,0,,,,,,,,,,,,1,375.0,0.0,0.0,0,NONE
2026-09-30T13:31:11.526+00:00,909.341,manual,Manual cook,temp,1600,134.1,,esp32,,0,,,,,,,,,,,,1,375.0,0.0,0.0,0,NONE
2026-09-30T13:31:12.525+00:00,910.341,manual,Manual cook,temp,1600,134.1,,esp32,,0,,,,,,,,,,,,1,375.0,0.0,0.0,0,NONE
2026-09-30T13:31:13.525+00:00,911.341,manual,Manual cook,temp,1600,134.1,,esp32,,0,,,,,,,,,,,,1,375.0,0.0,0.0,0,NONE
2026-09-30T13:31:14.525+00:00,912.341,manual,Manual cook,temp,1600,134.1,,esp32,,0,,,,,,,,,,,,1,375.0,0.0,0.0,0,NONE
2026-09-30T13:31:15.025+00:00,912.841,manual,Manual cook,temp,1600,134.1,,esp32,,0,,,,,,,,,,,,1,375.0,0.0,0.0,0,NONE
2026-09-30T13:31:15.525+00:00,913.341,manual,Manual cook,temp,1600,133.7,,esp32,,0,,,,,,,,,,,,1,375.0,0.0,0.0,0,NONE
2026-09-30T13:31:16.525+00:00,914.341,manual,Manual cook,temp,1600,134.6,,esp32,,0,,,,,,,,,,,,1,375.0,0.0,0.0,0,NONE
2026-09-30T13:31:17.026+00:00,914.841,manual,Manual cook,temp,1600,134.1,,esp32,,0,,,,,,,,,,,,1,375.0,0.0,0.0,0,NONE
2026-09-30T13:31:18.025+00:00,915.840,manual,Manual cook,temp,1600,134.1,,esp32,,0,,,,,,,,,,,,1,375.0,0.0,0.0,0,NONE
2026-09-30T13:31:19.025+00:00,916.840,manual,Manual cook,temp,1600,134.1,,esp32,,0,,,,,,,,,,,,1,375.0,0.0,0.0,0,NONE
2026-09-30T13:31:19.525+00:00,917.341,manual,Manual cook,temp,1600,134.1,,esp32,,0,,,,,,,,,,,,1,375.0,0.0,0.0,0,NONE
2026-09-30T13:31:20.025+00:00,917.841,manual,Manual cook,temp,1600,134.1,,esp32,,0,,,,,,,,,,,,1,375.0,0.0,0.0,0,NONE
2026-09-30T13:31:21.025+00:00,918.841,manual,Manual cook,temp,1600,134.1,,esp32,,0,,,,,,,,,,,,1,375.0,0.0,0.0,0,NONE
2026-09-30T13:31:22.025+00:00,919.841,manual,Manual cook,temp,1600,133.7,,esp32,,0,,,,,,,,,,,,1,375.0,0.0,0.0,0,NONE
2026-09-30T13:31:22.526+00:00,920.342,manual,Manual cook,temp,1600,134.1,,esp32,,0,,,,,,,,,,,,1,375.0,0.0,0.0,0,NONE
2026-09-30T13:31:23.525+00:00,921.340,manual,Manual cook,temp,1600,134.1,,esp32,,0,,,,,,,,,,,,1,375.0,0.0,0.0,0,NONE
2026-09-30T13:31:24.532+00:00,922.348,manual,Manual cook,temp,1600,134.1,,esp32,,0,,,,,,,,,,,,1,375.0,0.0,0.0,0,NONE
2026-09-30T13:31:25.525+00:00,923.340,manual,Manual cook,temp,1600,133.3,,esp32,,0,,,,,,,,,,,,1,375.0,0.0,0.0,0,NONE
2026-09-30T13:31:26.525+00:00,924.340,manual,Manual cook,temp,1600,133.7,,esp32,,0,,,,,,,,,,,,1,375.0,0.0,0.0,0,NONE
2026-09-30T13:31:27.525+00:00,925.340,manual,Manual cook,temp,1600,134.1,,esp32,,0,,,,,,,,,,,,1,375.0,0.0,0.0,0,NONE
2026-09-30T13:31:28.526+00:00,926.341,manual,Manual cook,temp,1600,133.7,,esp32,,0,,,,,,,,,,,,1,375.0,0.0,0.0,0,NONE
2026-09-30T13:31:29.525+00:00,927.340,manual,Manual cook,temp,1600,133.7,,esp32,,0,,,,,,,,,,,,1,375.0,0.0,0.0,0,NONE
2026-09-30T13:31:30.025+00:00,927.840,manual,Manual cook,temp,1600,132.8,,esp32,,0,,,,,,,,,,,,1,375.0,0.0,0.0,0,NONE
2026-09-30T13:31:31.025+00:00,928.840,manual,Manual cook,temp,1600,133.7,,esp32,,0,,,,,,,,,,,,1,375.0,0.0,0.0,0,NONE
2026-09-30T13:31:32.025+00:00,929.840,manual,Manual cook,temp,1600,133.3,,esp32,,0,,,,,,,,,,,,1,375.0,0.0,0.0,0,NONE
2026-09-30T13:31:33.025+00:00,930.840,manual,Manual cook,temp,1600,133.7,,esp32,,0,,,,,,,,,,,,1,375.0,0.0,0.0,0,NONE
2026-09-30T13:31:34.026+00:00,931.841,manual,Manual cook,temp,1600,132.8,,esp32,,0,,,,,,,,,,,,1,375.0,0.0,0.0,0,NONE
2026-09-30T13:31:35.025+00:00,932.840,manual,Manual cook,temp,1600,133.3,,esp32,,0,,,,,,,,,,,,1,375.0,0.0,0.0,0,NONE
2026-09-30T13:31:35.525+00:00,933.340,manual,Manual cook,temp,1600,132.8,,esp32,,0,,,,,,,,,,,,1,375.0,0.0,0.0,0,NONE
2026-09-30T13:31:36.525+00:00,934.340,manual,Manual cook,temp,1600,132.8,,esp32,,0,,,,,,,,,,,,1,375.0,0.0,0.0,0,NONE
2026-09-30T13:31:37.025+00:00,934.840,manual,Manual cook,temp,1600,133.3,,esp32,,0,,,,,,,,,,,,1,375.0,0.0,0.0,0,NONE
2026-09-30T13:31:38.025+00:00,935.840,manual,Manual cook,temp,1600,133.3,,esp32,,0,,,,,,,,,,,,1,375.0,0.0,0.0,0,NONE
2026-09-30T13:31:38.525+00:00,936.340,manual,Manual cook,temp,1600,133.3,,esp32,,0,,,,,,,,,,,,1,375.0,0.0,0.0,0,NONE
2026-09-30T13:31:39.525+00:00,937.340,manual,Manual cook,temp,1600,133.3,,esp32,,0,,,,,,,,,,,,1,375.0,0.0,0.0,0,NONE
2026-09-30T13:31:40.525+00:00,938.340,manual,Manual cook,temp,1600,133.3,,esp32,,0,,,,,,,,,,,,1,375.0,0.0,0.0,0,NONE
2026-09-30T13:31:41.025+00:00,938.840,manual,Manual cook,temp,1600,133.3,,esp32,,0,,,,,,,,,,,,1,375.0,0.0,0.0,0,NONE
2026-09-30T13:31:42.025+00:00,939.840,manual,Manual cook,temp,1600,133.3,,esp32,,0,,,,,,,,,,,,1,375.0,0.0,0.0,0,NONE
2026-09-30T13:31:42.525+00:00,940.340,manual,Manual cook,temp,1600,131.9,,esp32,,0,,,,,,,,,,,,1,375.0,0.0,0.0,0,NONE
2026-09-30T13:31:43.025+00:00,940.840,manual,Manual cook,temp,1600,133.3,,esp32,,0,,,,,,,,,,,,1,375.0,0.0,0.0,0,NONE
2026-09-30T13:31:44.025+00:00,941.840,manual,Manual cook,temp,1600,133.3,,esp32,,0,,,,,,,,,,,,1,375.0,0.0,0.0,0,NONE
2026-09-30T13:31:45.025+00:00,942.841,manual,Manual cook,temp,1600,133.3,,esp32,,0,,,,,,,,,,,,1,375.0,0.0,0.0,0,NONE
2026-09-30T13:31:46.025+00:00,943.840,manual,Manual cook,temp,1600,132.4,,esp32,,0,,,,,,,,,,,,1,375.0,0.0,0.0,0,NONE
2026-09-30T13:31:46.525+00:00,944.340,manual,Manual cook,temp,1600,132.8,,esp32,,0,,,,,,,,,,,,1,375.0,0.0,0.0,0,NONE
2026-09-30T13:31:47.524+00:00,945.340,manual,Manual cook,temp,1600,133.3,,esp32,,0,,,,,,,,,,,,1,375.0,0.0,0.0,0,NONE
2026-09-30T13:31:48.024+00:00,945.840,manual,Manual cook,temp,1600,132.8,,esp32,,0,,,,,,,,,,,,1,375.0,0.0,0.0,0,NONE
2026-09-30T13:31:49.025+00:00,946.840,manual,Manual cook,temp,1600,132.8,,esp32,,0,,,,,,,,,,,,1,375.0,0.0,0.0,0,NONE
2026-09-30T13:31:50.024+00:00,947.840,manual,Manual cook,temp,1600,132.8,,esp32,,0,,,,,,,,,,,,1,375.0,0.0,0.0,0,NONE
2026-09-30T13:31:51.025+00:00,948.841,manual,Manual cook,temp,1600,132.8,,esp32,,0,,,,,,,,,,,,1,375.0,0.0,0.0,0,NONE
2026-09-30T13:31:52.025+00:00,949.841,manual,Manual cook,temp,1600,132.4,,esp32,,0,,,,,,,,,,,,1,375.0,0.0,0.0,0,NONE
2026-09-30T13:31:53.024+00:00,950.840,manual,Manual cook,temp,1600,132.4,,esp32,,0,,,,,,,,,,,,1,375.0,0.0,0.0,0,NONE
2026-09-30T13:31:54.024+00:00,951.840,manual,Manual cook,temp,1600,132.4,,esp32,,0,,,,,,,,,,,,1,375.0,0.0,0.0,0,NONE
2026-09-30T13:31:54.524+00:00,952.340,manual,Manual cook,temp,1600,131.9,,esp32,,0,,,,,,,,,,,,1,375.0,0.0,0.0,0,NONE
2026-09-30T13:31:55.524+00:00,953.340,manual,Manual cook,temp,1600,132.8,,esp32,,0,,,,,,,,,,,,1,375.0,0.0,0.0,0,NONE
2026-09-30T13:31:56.524+00:00,954.340,manual,Manual cook,temp,1600,131.0,,esp32,,0,,,,,,,,,,,,1,375.0,0.0,0.0,0,NONE
2026-09-30T13:31:57.524+00:00,955.340,manual,Manual cook,temp,1600,131.4,,esp32,,0,,,,,,,,,,,,1,375.0,0.0,0.0,0,NONE
2026-09-30T13:31:58.025+00:00,955.840,manual,Manual cook,temp,1600,131.4,,esp32,,0,,,,,,,,,,,,1,375.0,0.0,0.0,0,NONE
2026-09-30T13:31:59.024+00:00,956.840,manual,Manual cook,temp,1600,132.8,,esp32,,0,,,,,,,,,,,,1,375.0,0.0,0.0,0,NONE
2026-09-30T13:31:59.524+00:00,957.340,manual,Manual cook,temp,1600,132.4,,esp32,,0,,,,,,,,,,,,1,375.0,0.0,0.0,0,NONE
2026-09-30T13:32:00.024+00:00,957.840,manual,Manual cook,temp,1600,132.4,,esp32,,0,,,,,,,,,,,,1,375.0,0.0,0.0,0,NONE
2026-09-30T13:32:01.024+00:00,958.840,manual,Manual cook,temp,1600,131.9,,esp32,,0,,,,,,,,,,,,1,375.0,0.0,0.0,0,NONE
2026-09-30T13:32:01.524+00:00,959.340,manual,Manual cook,temp,1600,131.9,,esp32,,0,,,,,,,,,,,,1,375.0,0.0,0.0,0,NONE
2026-09-30T13:32:02.524+00:00,960.340,manual,Manual cook,temp,1600,131.9,,esp32,,0,,,,,,,,,,,,1,375.0,0.0,0.0,0,NONE
2026-09-30T13:32:03.524+00:00,961.340,manual,Manual cook,temp,1600,131.4,,esp32,,0,,,,,,,,,,,,1,375.0,0.0,0.0,0,NONE
2026-09-30T13:32:04.524+00:00,962.339,manual,Manual cook,temp,1600,132.4,,esp32,,0,,,,,,,,,,,,1,375.0,0.0,0.0,0,NONE
2026-09-30T13:32:05.024+00:00,962.839,manual,Manual cook,temp,1600,131.9,,esp32,,0,,,,,,,,,,,,1,375.0,0.0,0.0,0,NONE
2026-09-30T13:32:06.024+00:00,963.839,manual,Manual cook,temp,1600,131.9,,esp32,,0,,,,,,,,,,,,1,375.0,0.0,0.0,0,NONE
2026-09-30T13:32:06.524+00:00,964.340,manual,Manual cook,temp,1600,131.9,,esp32,,0,,,,,,,,,,,,1,375.0,0.0,0.0,0,NONE
2026-09-30T13:32:07.024+00:00,964.840,manual,Manual cook,temp,1600,131.0,,esp32,,0,,,,,,,,,,,,1,375.0,0.0,0.0,0,NONE
2026-09-30T13:32:08.024+00:00,965.839,manual,Manual cook,temp,1600,131.0,,esp32,,0,,,,,,,,,,,,1,375.0,0.0,0.0,0,NONE
2026-09-30T13:32:09.025+00:00,966.840,manual,Manual cook,temp,1600,131.9,,esp32,,0,,,,,,,,,,,,1,375.0,0.0,0.0,0,NONE
2026-09-30T13:32:10.024+00:00,967.839,manual,Manual cook,temp,1600,131.0,,esp32,,0,,,,,,,,,,,,1,375.0,0.0,0.0,0,NONE
2026-09-30T13:32:10.524+00:00,968.340,manual,Manual cook,temp,1600,131.4,,esp32,,0,,,,,,,,,,,,1,375.0,0.0,0.0,0,NONE
2026-09-30T13:32:11.524+00:00,969.339,manual,Manual cook,temp,1600,131.0,,esp32,,0,,,,,,,,,,,,1,375.0,0.0,0.0,0,NONE
2026-09-30T13:32:12.024+00:00,969.839,manual,Manual cook,temp,1600,131.4,,esp32,,0,,,,,,,,,,,,1,375.0,0.0,0.0,0,NONE
2026-09-30T13:32:13.024+00:00,970.839,manual,Manual cook,temp,1600,131.9,,esp32,,0,,,,,,,,,,,,1,375.0,0.0,0.0,0,NONE
2026-09-30T13:32:14.024+00:00,971.839,manual,Manual cook,temp,1600,131.0,,esp32,,0,,,,,,,,,,,,1,375.0,0.0,0.0,0,NONE
2026-09-30T13:32:14.524+00:00,972.340,manual,Manual cook,temp,1600,131.4,,esp32,,0,,,,,,,,,,,,1,375.0,0.0,0.0,0,NONE
2026-09-30T13:32:15.524+00:00,973.339,manual,Manual cook,temp,1600,130.6,,esp32,,0,,,,,,,,,,,,1,375.0,0.0,0.0,0,NONE
2026-09-30T13:32:16.024+00:00,973.839,manual,Manual cook,temp,1600,131.0,,esp32,,0,,,,,,,,,,,,1,375.0,0.0,0.0,0,NONE
2026-09-30T13:32:17.024+00:00,974.839,manual,Manual cook,temp,1600,131.0,,esp32,,0,,,,,,,,,,,,1,375.0,0.0,0.0,0,NONE
2026-09-30T13:32:17.524+00:00,975.339,manual,Manual cook,temp,1600,131.0,,esp32,,0,,,,,,,,,,,,1,375.0,0.0,0.0,0,NONE
2026-09-30T13:32:18.524+00:00,976.339,manual,Manual cook,temp,1600,131.4,,esp32,,0,,,,,,,,,,,,1,375.0,0.0,0.0,0,NONE
2026-09-30T13:32:19.024+00:00,976.839,manual,Manual cook,temp,1600,131.0,,esp32,,0,,,,,,,,,,,,1,375.0,0.0,0.0,0,NONE
2026-09-30T13:32:20.025+00:00,977.840,manual,Manual cook,temp,1600,131.0,,esp32,,0,,,,,,,,,,,,1,375.0,0.0,0.0,0,NONE
2026-09-30T13:32:21.024+00:00,978.839,manual,Manual cook,temp,1600,131.0,,esp32,,0,,,,,,,,,,,,1,375.0,0.0,0.0,0,NONE
2026-09-30T13:32:21.524+00:00,979.339,manual,Manual cook,temp,1600,130.1,,esp32,,0,,,,,,,,,,,,1,375.0,0.0,0.0,0,NONE
2026-09-30T13:32:22.024+00:00,979.839,manual,Manual cook,temp,1600,130.6,,esp32,,0,,,,,,,,,,,,1,375.0,0.0,0.0,0,NONE
2026-09-30T13:32:23.024+00:00,980.839,manual,Manual cook,temp,1600,130.6,,esp32,,0,,,,,,,,,,,,1,375.0,0.0,0.0,0,NONE
2026-09-30T13:32:23.524+00:00,981.339,manual,Manual cook,temp,1600,131.0,,esp32,,0,,,,,,,,,,,,1,375.0,0.0,0.0,0,NONE
2026-09-30T13:32:24.024+00:00,981.839,manual,Manual cook,temp,1600,131.0,,esp32,,0,,,,,,,,,,,,1,375.0,0.0,0.0,0,NONE
2026-09-30T13:32:24.524+00:00,982.339,manual,Manual cook,temp,1600,131.0,,esp32,,0,,,,,,,,,,,,1,375.0,0.0,0.0,0,NONE
2026-09-30T13:32:25.526+00:00,983.341,manual,Manual cook,temp,1600,131.0,,esp32,,0,,,,,,,,,,,,1,375.0,0.0,0.0,0,NONE
2026-09-30T13:32:26.524+00:00,984.339,manual,Manual cook,temp,1600,129.6,,esp32,,0,,,,,,,,,,,,1,375.0,0.0,0.0,0,NONE
2026-09-30T13:32:27.524+00:00,985.339,manual,Manual cook,temp,1600,130.6,,esp32,,0,,,,,,,,,,,,1,375.0,0.0,0.0,0,NONE
2026-09-30T13:32:28.524+00:00,986.339,manual,Manual cook,temp,1600,130.6,,esp32,,0,,,,,,,,,,,,1,375.0,0.0,0.0,0,NONE
2026-09-30T13:32:29.024+00:00,986.839,manual,Manual cook,temp,1600,130.6,,esp32,,0,,,,,,,,,,,,1,375.0,0.0,0.0,0,NONE
2026-09-30T13:32:29.524+00:00,987.339,manual,Manual cook,temp,1600,130.1,,esp32,,0,,,,,,,,,,,,1,375.0,0.0,0.0,0,NONE
2026-09-30T13:32:30.524+00:00,988.339,manual,Manual cook,temp,1600,131.0,,esp32,,0,,,,,,,,,,,,1,375.0,0.0,0.0,0,NONE
2026-09-30T13:32:31.024+00:00,988.840,manual,Manual cook,temp,1600,129.2,,esp32,,0,,,,,,,,,,,,1,375.0,0.0,0.0,0,NONE
2026-09-30T13:32:32.024+00:00,989.839,manual,Manual cook,temp,1600,130.1,,esp32,,0,,,,,,,,,,,,1,375.0,0.0,0.0,0,NONE
2026-09-30T13:32:32.524+00:00,990.339,manual,Manual cook,temp,1600,130.6,,esp32,,0,,,,,,,,,,,,1,375.0,0.0,0.0,0,NONE
2026-09-30T13:32:33.524+00:00,991.339,manual,Manual cook,temp,1600,129.2,,esp32,,0,,,,,,,,,,,,1,375.0,0.0,0.0,0,NONE
2026-09-30T13:32:34.524+00:00,992.339,manual,Manual cook,temp,1600,129.6,,esp32,,0,,,,,,,,,,,,1,375.0,0.0,0.0,0,NONE
2026-09-30T13:32:35.524+00:00,993.339,manual,Manual cook,temp,1600,130.6,,esp32,,0,,,,,,,,,,,,1,375.0,0.0,0.0,0,NONE
2026-09-30T13:32:36.526+00:00,994.341,manual,Manual cook,temp,1600,129.2,,esp32,,0,,,,,,,,,,,,1,375.0,0.0,0.0,0,NONE
2026-09-30T13:32:37.523+00:00,995.339,manual,Manual cook,temp,1600,130.1,,esp32,,0,,,,,,,,,,,,1,375.0,0.0,0.0,0,NONE
2026-09-30T13:32:38.523+00:00,996.339,manual,Manual cook,temp,1600,129.2,,esp32,,0,,,,,,,,,,,,1,375.0,0.0,0.0,0,NONE
2026-09-30T13:32:39.024+00:00,996.839,manual,Manual cook,temp,1600,130.1,,esp32,,0,,,,,,,,,,,,1,375.0,0.0,0.0,0,NONE
2026-09-30T13:32:39.524+00:00,997.339,manual,Manual cook,temp,1600,129.6,,esp32,,0,,,,,,,,,,,,1,375.0,0.0,0.0,0,NONE
2026-09-30T13:32:40.523+00:00,998.339,manual,Manual cook,temp,1600,129.2,,esp32,,0,,,,,,,,,,,,1,375.0,0.0,0.0,0,NONE
2026-09-30T13:32:41.523+00:00,999.339,manual,Manual cook,temp,1600,129.2,,esp32,,0,,,,,,,,,,,,1,375.0,0.0,0.0,0,NONE
2026-09-30T13:32:42.024+00:00,999.839,manual,Manual cook,temp,1600,129.2,,esp32,,0,,,,,,,,,,,,1,375.0,0.0,0.0,0,NONE
2026-09-30T13:32:43.024+00:00,1000.839,manual,Manual cook,temp,1600,130.1,,esp32,,0,,,,,,,,,,,,1,375.0,0.0,0.0,0,NONE
2026-09-30T13:32:44.024+00:00,1001.839,manual,Manual cook,temp,1600,128.8,,esp32,,0,,,,,,,,,,,,1,375.0,0.0,0.0,0,NONE
2026-09-30T13:32:45.023+00:00,1002.839,manual,Manual cook,temp,1600,129.6,,esp32,,0,,,,,,,,,,,,1,375.0,0.0,0.0,0,NONE
2026-09-30T13:32:46.023+00:00,1003.839,manual,Manual cook,temp,1600,130.1,,esp32,,0,,,,,,,,,,,,1,375.0,0.0,0.0,0,NONE
2026-09-30T13:32:46.523+00:00,1004.339,manual,Manual cook,temp,1600,128.8,,esp32,,0,,,,,,,,,,,,1,375.0,0.0,0.0,0,NONE
2026-09-30T13:32:47.023+00:00,1004.839,manual,Manual cook,temp,1600,129.2,,esp32,,0,,,,,,,,,,,,1,375.0,0.0,0.0,0,NONE
2026-09-30T13:32:48.023+00:00,1005.839,manual,Manual cook,temp,1600,129.2,,esp32,,0,,,,,,,,,,,,1,375.0,0.0,0.0,0,NONE
2026-09-30T13:32:48.524+00:00,1006.339,manual,Manual cook,temp,1600,129.2,,esp32,,0,,,,,,,,,,,,1,375.0,0.0,0.0,0,NONE
2026-09-30T13:32:49.523+00:00,1007.339,manual,Manual cook,temp,1600,129.6,,esp32,,0,,,,,,,,,,,,1,375.0,0.0,0.0,0,NONE
2026-09-30T13:32:50.523+00:00,1008.338,manual,Manual cook,temp,1600,129.6,,esp32,,0,,,,,,,,,,,,1,375.0,0.0,0.0,0,NONE
2026-09-30T13:32:51.023+00:00,1008.839,manual,Manual cook,temp,1600,129.2,,esp32,,0,,,,,,,,,,,,1,375.0,0.0,0.0,0,NONE
2026-09-30T13:32:51.523+00:00,1009.339,manual,Manual cook,temp,1600,129.2,,esp32,,0,,,,,,,,,,,,1,375.0,0.0,0.0,0,NONE
2026-09-30T13:32:52.023+00:00,1009.839,manual,Manual cook,temp,1600,129.2,,esp32,,0,,,,,,,,,,,,1,375.0,0.0,0.0,0,NONE
2026-09-30T13:32:53.023+00:00,1010.839,manual,Manual cook,temp,1600,129.2,,esp32,,0,,,,,,,,,,,,1,375.0,0.0,0.0,0,NONE
2026-09-30T13:32:54.024+00:00,1011.839,manual,Manual cook,temp,1600,128.8,,esp32,,0,,,,,,,,,,,,1,375.0,0.0,0.0,0,NONE
2026-09-30T13:32:54.524+00:00,1012.339,manual,Manual cook,temp,1600,127.8,,esp32,,0,,,,,,,,,,,,1,375.0,0.0,0.0,0,NONE
2026-09-30T13:32:55.523+00:00,1013.339,manual,Manual cook,temp,1600,128.3,,esp32,,0,,,,,,,,,,,,1,375.0,0.0,0.0,0,NONE
2026-09-30T13:32:56.523+00:00,1014.338,manual,Manual cook,temp,1600,128.3,,esp32,,0,,,,,,,,,,,,1,375.0,0.0,0.0,0,NONE
2026-09-30T13:32:57.024+00:00,1014.839,manual,Manual cook,temp,1600,128.8,,esp32,,0,,,,,,,,,,,,1,375.0,0.0,0.0,0,NONE
2026-09-30T13:32:58.023+00:00,1015.838,manual,Manual cook,temp,1600,128.8,,esp32,,0,,,,,,,,,,,,1,375.0,0.0,0.0,0,NONE
2026-09-30T13:32:59.023+00:00,1016.838,manual,Manual cook,temp,1600,129.2,,esp32,,0,,,,,,,,,,,,1,375.0,0.0,0.0,0,NONE
2026-09-30T13:32:59.523+00:00,1017.338,manual,Manual cook,temp,1600,128.3,,esp32,,0,,,,,,,,,,,,1,375.0,0.0,0.0,0,NONE
2026-09-30T13:33:00.024+00:00,1017.839,manual,Manual cook,temp,1600,127.8,,esp32,,0,,,,,,,,,,,,1,375.0,0.0,0.0,0,NONE
2026-09-30T13:33:00.524+00:00,1018.340,manual,Manual cook,temp,1600,128.3,,esp32,,0,,,,,,,,,,,,1,375.0,0.0,0.0,0,NONE
2026-09-30T13:33:01.523+00:00,1019.338,manual,Manual cook,temp,1600,128.8,,esp32,,0,,,,,,,,,,,,1,375.0,0.0,0.0,0,NONE
2026-09-30T13:33:02.023+00:00,1019.838,manual,Manual cook,temp,1600,127.8,,esp32,,0,,,,,,,,,,,,1,375.0,0.0,0.0,0,NONE
2026-09-30T13:33:02.523+00:00,1020.338,manual,Manual cook,temp,1600,127.8,,esp32,,0,,,,,,,,,,,,1,375.0,0.0,0.0,0,NONE
2026-09-30T13:33:03.523+00:00,1021.338,manual,Manual cook,temp,1600,127.8,,esp32,,0,,,,,,,,,,,,1,375.0,0.0,0.0,0,NONE
2026-09-30T13:33:04.023+00:00,1021.838,manual,Manual cook,temp,1600,128.3,,esp32,,0,,,,,,,,,,,,1,375.0,0.0,0.0,0,NONE
2026-09-30T13:33:04.523+00:00,1022.338,manual,Manual cook,temp,1600,127.8,,esp32,,0,,,,,,,,,,,,1,375.0,0.0,0.0,0,NONE
2026-09-30T13:33:05.523+00:00,1023.338,manual,Manual cook,temp,1600,128.8,,esp32,,0,,,,,,,,,,,,1,375.0,0.0,0.0,0,NONE
2026-09-30T13:33:06.024+00:00,1023.839,manual,Manual cook,temp,1600,128.8,,esp32,,0,,,,,,,,,,,,1,375.0,0.0,0.0,0,NONE
2026-09-30T13:33:07.023+00:00,1024.838,manual,Manual cook,temp,1600,128.3,,esp32,,0,,,,,,,,,,,,1,375.0,0.0,0.0,0,NONE
2026-09-30T13:33:07.523+00:00,1025.338,manual,Manual cook,temp,1600,128.3,,esp32,,0,,,,,,,,,,,,1,375.0,0.0,0.0,0,NONE
2026-09-30T13:33:08.523+00:00,1026.338,manual,Manual cook,temp,1600,128.3,,esp32,,0,,,,,,,,,,,,1,375.0,0.0,0.0,0,NONE
2026-09-30T13:33:09.523+00:00,1027.338,manual,Manual cook,temp,1600,128.3,,esp32,,0,,,,,,,,,,,,1,375.0,0.0,0.0,0,NONE
2026-09-30T13:33:10.523+00:00,1028.338,manual,Manual cook,temp,1600,127.8,,esp32,,0,,,,,,,,,,,,1,375.0,0.0,0.0,0,NONE
2026-09-30T13:33:11.524+00:00,1029.339,manual,Manual cook,temp,1600,127.4,,esp32,,0,,,,,,,,,,,,1,375.0,0.0,0.0,0,NONE
2026-09-30T13:33:12.024+00:00,1029.839,manual,Manual cook,temp,1600,127.8,,esp32,,0,,,,,,,,,,,,1,375.0,0.0,0.0,0,NONE
2026-09-30T13:33:13.023+00:00,1030.838,manual,Manual cook,temp,1600,128.3,,esp32,,0,,,,,,,,,,,,1,375.0,0.0,0.0,0,NONE
2026-09-30T13:33:13.523+00:00,1031.338,manual,Manual cook,temp,1600,126.9,,esp32,,0,,,,,,,,,,,,1,375.0,0.0,0.0,0,NONE
2026-09-30T13:33:14.023+00:00,1031.838,manual,Manual cook,temp,1600,127.8,,esp32,,0,,,,,,,,,,,,1,375.0,0.0,0.0,0,NONE
2026-09-30T13:33:15.023+00:00,1032.838,manual,Manual cook,temp,1600,127.8,,esp32,,0,,,,,,,,,,,,1,375.0,0.0,0.0,0,NONE
2026-09-30T13:33:15.523+00:00,1033.338,manual,Manual cook,temp,1600,127.4,,esp32,,0,,,,,,,,,,,,1,375.0,0.0,0.0,0,NONE
2026-09-30T13:33:16.523+00:00,1034.338,manual,Manual cook,temp,1600,127.8,,esp32,,0,,,,,,,,,,,,1,375.0,0.0,0.0,0,NONE
2026-09-30T13:33:17.524+00:00,1035.339,manual,Manual cook,temp,1600,127.8,,esp32,,0,,,,,,,,,,,,1,375.0,0.0,0.0,0,NONE
2026-09-30T13:33:18.523+00:00,1036.338,manual,Manual cook,temp,1600,128.3,,esp32,,0,,,,,,,,,,,,1,375.0,0.0,0.0,0,NONE
2026-09-30T13:33:19.023+00:00,1036.838,manual,Manual cook,temp,1600,127.8,,esp32,,0,,,,,,,,,,,,1,375.0,0.0,0.0,0,NONE
2026-09-30T13:33:19.523+00:00,1037.338,manual,Manual cook,temp,1600,127.8,,esp32,,0,,,,,,,,,,,,1,375.0,0.0,0.0,0,NONE
2026-09-30T13:33:20.523+00:00,1038.338,manual,Manual cook,temp,1600,127.8,,esp32,,0,,,,,,,,,,,,1,375.0,0.0,0.0,0,NONE
2026-09-30T13:33:21.023+00:00,1038.838,manual,Manual cook,temp,1600,127.8,,esp32,,0,,,,,,,,,,,,1,375.0,0.0,0.0,0,NONE
2026-09-30T13:33:22.023+00:00,1039.838,manual,Manual cook,temp,1600,127.8,,esp32,,0,,,,,,,,,,,,1,375.0,0.0,0.0,0,NONE
2026-09-30T13:33:23.023+00:00,1040.839,manual,Manual cook,temp,1600,127.8,,esp32,,0,,,,,,,,,,,,1,375.0,0.0,0.0,0,NONE
2026-09-30T13:33:24.023+00:00,1041.838,manual,Manual cook,temp,1600,127.4,,esp32,,0,,,,,,,,,,,,1,375.0,0.0,0.0,0,NONE
2026-09-30T13:33:24.523+00:00,1042.338,manual,Manual cook,temp,1600,126.9,,esp32,,0,,,,,,,,,,,,1,375.0,0.0,0.0,0,NONE
2026-09-30T13:33:25.523+00:00,1043.338,manual,Manual cook,temp,1600,127.4,,esp32,,0,,,,,,,,,,,,1,375.0,0.0,0.0,0,NONE
2026-09-30T13:33:26.523+00:00,1044.338,manual,Manual cook,temp,1600,127.4,,esp32,,0,,,,,,,,,,,,1,375.0,0.0,0.0,0,NONE
2026-09-30T13:33:27.023+00:00,1044.838,manual,Manual cook,temp,1600,127.4,,esp32,,0,,,,,,,,,,,,1,375.0,0.0,0.0,0,NONE
2026-09-30T13:33:27.523+00:00,1045.338,manual,Manual cook,temp,1600,127.4,,esp32,,0,,,,,,,,,,,,1,375.0,0.0,0.0,0,NONE
2026-09-30T13:33:28.023+00:00,1045.839,manual,Manual cook,temp,1600,127.4,,esp32,,0,,,,,,,,,,,,1,375.0,0.0,0.0,0,NONE
2026-09-30T13:33:28.524+00:00,1046.339,manual,Manual cook,temp,1600,126.9,,esp32,,0,,,,,,,,,,,,1,375.0,0.0,0.0,0,NONE
2026-09-30T13:33:29.523+00:00,1047.338,manual,Manual cook,temp,1600,126.5,,esp32,,0,,,,,,,,,,,,1,375.0,0.0,0.0,0,NONE
2026-09-30T13:33:30.523+00:00,1048.338,manual,Manual cook,temp,1600,127.4,,esp32,,0,,,,,,,,,,,,1,375.0,0.0,0.0,0,NONE
2026-09-30T13:33:31.522+00:00,1049.338,manual,Manual cook,temp,1600,127.4,,esp32,,0,,,,,,,,,,,,1,375.0,0.0,0.0,0,NONE
2026-09-30T13:33:32.522+00:00,1050.338,manual,Manual cook,temp,1600,126.9,,esp32,,0,,,,,,,,,,,,1,375.0,0.0,0.0,0,NONE
2026-09-30T13:33:33.522+00:00,1051.338,manual,Manual cook,temp,1600,127.4,,esp32,,0,,,,,,,,,,,,1,375.0,0.0,0.0,0,NONE
2026-09-30T13:33:34.023+00:00,1051.838,manual,Manual cook,temp,1600,126.5,,esp32,,0,,,,,,,,,,,,1,375.0,0.0,0.0,0,NONE
2026-09-30T13:33:35.022+00:00,1052.838,manual,Manual cook,temp,1600,126.9,,esp32,,0,,,,,,,,,,,,1,375.0,0.0,0.0,0,NONE
2026-09-30T13:33:36.023+00:00,1053.838,manual,Manual cook,temp,1600,126.5,,esp32,,0,,,,,,,,,,,,1,375.0,0.0,0.0,0,NONE
2026-09-30T13:33:37.022+00:00,1054.838,manual,Manual cook,temp,1600,126.9,,esp32,,0,,,,,,,,,,,,1,375.0,0.0,0.0,0,NONE
2026-09-30T13:33:37.523+00:00,1055.338,manual,Manual cook,temp,1600,126.5,,esp32,,0,,,,,,,,,,,,1,375.0,0.0,0.0,0,NONE
2026-09-30T13:33:38.522+00:00,1056.338,manual,Manual cook,temp,1600,126.1,,esp32,,0,,,,,,,,,,,,1,375.0,0.0,0.0,0,NONE
2026-09-30T13:33:39.022+00:00,1056.838,manual,Manual cook,temp,1600,125.6,,esp32,,0,,,,,,,,,,,,1,375.0,0.0,0.0,0,NONE
2026-09-30T13:33:39.523+00:00,1057.338,manual,Manual cook,temp,1600,126.5,,esp32,,0,,,,,,,,,,,,1,375.0,0.0,0.0,0,NONE
2026-09-30T13:33:40.023+00:00,1057.839,manual,Manual cook,temp,1600,126.5,,esp32,,0,,,,,,,,,,,,1,375.0,0.0,0.0,0,NONE
2026-09-30T13:33:41.022+00:00,1058.838,manual,Manual cook,temp,1600,126.9,,esp32,,0,,,,,,,,,,,,1,375.0,0.0,0.0,0,NONE
2026-09-30T13:33:41.522+00:00,1059.338,manual,Manual cook,temp,1600,126.9,,esp32,,0,,,,,,,,,,,,1,375.0,0.0,0.0,0,NONE
2026-09-30T13:33:42.522+00:00,1060.337,manual,Manual cook,temp,1600,126.5,,esp32,,0,,,,,,,,,,,,1,375.0,0.0,0.0,0,NONE
2026-09-30T13:33:43.022+00:00,1060.838,manual,Manual cook,temp,1600,126.1,,esp32,,0,,,,,,,,,,,,1,375.0,0.0,0.0,0,NONE
2026-09-30T13:33:44.022+00:00,1061.837,manual,Manual cook,temp,1600,126.5,,esp32,,0,,,,,,,,,,,,1,375.0,0.0,0.0,0,NONE
2026-09-30T13:33:44.522+00:00,1062.338,manual,Manual cook,temp,1600,126.5,,esp32,,0,,,,,,,,,,,,1,375.0,0.0,0.0,0,NONE
2026-09-30T13:33:45.523+00:00,1063.338,manual,Manual cook,temp,1600,126.1,,esp32,,0,,,,,,,,,,,,1,375.0,0.0,0.0,0,NONE
2026-09-30T13:33:46.522+00:00,1064.337,manual,Manual cook,temp,1600,126.1,,esp32,,0,,,,,,,,,,,,1,375.0,0.0,0.0,0,NONE
2026-09-30T13:33:47.022+00:00,1064.837,manual,Manual cook,temp,1600,126.5,,esp32,,0,,,,,,,,,,,,1,375.0,0.0,0.0,0,NONE
2026-09-30T13:33:48.022+00:00,1065.837,manual,Manual cook,temp,1600,126.1,,esp32,,0,,,,,,,,,,,,1,375.0,0.0,0.0,0,NONE
2026-09-30T13:33:49.022+00:00,1066.837,manual,Manual cook,temp,1600,126.5,,esp32,,0,,,,,,,,,,,,1,375.0,0.0,0.0,0,NONE
2026-09-30T13:33:49.522+00:00,1067.337,manual,Manual cook,temp,1600,126.5,,esp32,,0,,,,,,,,,,,,1,375.0,0.0,0.0,0,NONE
2026-09-30T13:33:50.522+00:00,1068.337,manual,Manual cook,temp,1600,126.1,,esp32,,0,,,,,,,,,,,,1,375.0,0.0,0.0,0,NONE
2026-09-30T13:33:51.023+00:00,1068.838,manual,Manual cook,temp,1600,126.5,,esp32,,0,,,,,,,,,,,,1,375.0,0.0,0.0,0,NONE
2026-09-30T13:33:52.022+00:00,1069.837,manual,Manual cook,temp,1600,126.1,,esp32,,0,,,,,,,,,,,,1,375.0,0.0,0.0,0,NONE
2026-09-30T13:33:52.525+00:00,1070.341,manual,Manual cook,temp,1600,126.1,,esp32,,0,,,,,,,,,,,,1,375.0,0.0,0.0,0,NONE
2026-09-30T13:33:53.522+00:00,1071.337,manual,Manual cook,temp,1600,126.1,,esp32,,0,,,,,,,,,,,,1,375.0,0.0,0.0,0,NONE
2026-09-30T13:33:54.022+00:00,1071.837,manual,Manual cook,temp,1600,125.6,,esp32,,0,,,,,,,,,,,,1,375.0,0.0,0.0,0,NONE
2026-09-30T13:33:55.022+00:00,1072.837,manual,Manual cook,temp,1600,125.6,,esp32,,0,,,,,,,,,,,,1,375.0,0.0,0.0,0,NONE
2026-09-30T13:33:56.022+00:00,1073.837,manual,Manual cook,temp,1600,125.6,,esp32,,0,,,,,,,,,,,,1,375.0,0.0,0.0,0,NONE
2026-09-30T13:33:56.525+00:00,1074.340,manual,Manual cook,temp,1600,126.1,,esp32,,0,,,,,,,,,,,,1,375.0,0.0,0.0,0,NONE
2026-09-30T13:33:57.522+00:00,1075.337,manual,Manual cook,temp,1600,125.6,,esp32,,0,,,,,,,,,,,,1,375.0,0.0,0.0,0,NONE
2026-09-30T13:33:58.022+00:00,1075.837,manual,Manual cook,temp,1600,125.2,,esp32,,0,,,,,,,,,,,,1,375.0,0.0,0.0,0,NONE
2026-09-30T13:33:58.523+00:00,1076.338,manual,Manual cook,temp,1600,125.2,,esp32,,0,,,,,,,,,,,,1,375.0,0.0,0.0,0,NONE
2026-09-30T13:33:59.522+00:00,1077.337,manual,Manual cook,temp,1600,125.6,,esp32,,0,,,,,,,,,,,,1,375.0,0.0,0.0,0,NONE
2026-09-30T13:34:00.522+00:00,1078.337,manual,Manual cook,temp,1600,125.2,,esp32,,0,,,,,,,,,,,,1,375.0,0.0,0.0,0,NONE
2026-09-30T13:34:01.022+00:00,1078.837,manual,Manual cook,temp,1600,126.1,,esp32,,0,,,,,,,,,,,,1,375.0,0.0,0.0,0,NONE
2026-09-30T13:34:02.023+00:00,1079.838,manual,Manual cook,temp,1600,125.6,,esp32,,0,,,,,,,,,,,,1,375.0,0.0,0.0,0,NONE
2026-09-30T13:34:03.022+00:00,1080.837,manual,Manual cook,temp,1600,126.5,,esp32,,0,,,,,,,,,,,,1,375.0,0.0,0.0,0,NONE
2026-09-30T13:34:04.022+00:00,1081.837,manual,Manual cook,temp,1600,126.1,,esp32,,0,,,,,,,,,,,,1,375.0,0.0,0.0,0,NONE
2026-09-30T13:34:05.022+00:00,1082.837,manual,Manual cook,temp,1600,125.2,,esp32,,0,,,,,,,,,,,,1,375.0,0.0,0.0,0,NONE
2026-09-30T13:34:05.522+00:00,1083.337,manual,Manual cook,temp,1600,125.6,,esp32,,0,,,,,,,,,,,,1,375.0,0.0,0.0,0,NONE
2026-09-30T13:34:06.022+00:00,1083.837,manual,Manual cook,temp,1600,125.6,,esp32,,0,,,,,,,,,,,,1,375.0,0.0,0.0,0,NONE
2026-09-30T13:34:07.022+00:00,1084.837,manual,Manual cook,temp,1600,125.2,,esp32,,0,,,,,,,,,,,,1,375.0,0.0,0.0,0,NONE
2026-09-30T13:34:07.522+00:00,1085.338,manual,Manual cook,temp,1600,125.2,,esp32,,0,,,,,,,,,,,,1,375.0,0.0,0.0,0,NONE
2026-09-30T13:34:08.522+00:00,1086.337,manual,Manual cook,temp,1600,124.7,,esp32,,0,,,,,,,,,,,,1,375.0,0.0,0.0,0,NONE
2026-09-30T13:34:09.522+00:00,1087.337,manual,Manual cook,temp,1600,125.2,,esp32,,0,,,,,,,,,,,,1,375.0,0.0,0.0,0,NONE
2026-09-30T13:34:10.522+00:00,1088.337,manual,Manual cook,temp,1600,125.2,,esp32,,0,,,,,,,,,,,,1,375.0,0.0,0.0,0,NONE
2026-09-30T13:34:11.522+00:00,1089.337,manual,Manual cook,temp,1600,124.7,,esp32,,0,,,,,,,,,,,,1,375.0,0.0,0.0,0,NONE
2026-09-30T13:34:12.022+00:00,1089.837,manual,Manual cook,temp,1600,125.6,,esp32,,0,,,,,,,,,,,,1,375.0,0.0,0.0,0,NONE
2026-09-30T13:34:13.022+00:00,1090.837,manual,Manual cook,temp,1600,125.2,,esp32,,0,,,,,,,,,,,,1,375.0,0.0,0.0,0,NONE
2026-09-30T13:34:14.022+00:00,1091.837,manual,Manual cook,temp,1600,125.2,,esp32,,0,,,,,,,,,,,,1,375.0,0.0,0.0,0,NONE
2026-09-30T13:34:15.022+00:00,1092.837,manual,Manual cook,temp,1600,125.6,,esp32,,0,,,,,,,,,,,,1,375.0,0.0,0.0,0,NONE
2026-09-30T13:34:15.522+00:00,1093.337,manual,Manual cook,temp,1600,125.2,,esp32,,0,,,,,,,,,,,,1,375.0,0.0,0.0,0,NONE
2026-09-30T13:34:16.522+00:00,1094.337,manual,Manual cook,temp,1600,125.2,,esp32,,0,,,,,,,,,,,,1,375.0,0.0,0.0,0,NONE
2026-09-30T13:34:17.022+00:00,1094.837,manual,Manual cook,temp,1600,125.2,,esp32,,0,,,,,,,,,,,,1,375.0,0.0,0.0,0,NONE
2026-09-30T13:34:18.022+00:00,1095.837,manual,Manual cook,temp,1600,125.2,,esp32,,0,,,,,,,,,,,,1,375.0,0.0,0.0,0,NONE
2026-09-30T13:34:18.525+00:00,1096.340,manual,Manual cook,temp,1600,125.2,,esp32,,0,,,,,,,,,,,,1,375.0,0.0,0.0,0,NONE
2026-09-30T13:34:19.521+00:00,1097.337,manual,Manual cook,temp,1600,124.2,,esp32,,0,,,,,,,,,,,,1,375.0,0.0,0.0,0,NONE
2026-09-30T13:34:20.022+00:00,1097.837,manual,Manual cook,temp,1600,124.2,,esp32,,0,,,,,,,,,,,,1,375.0,0.0,0.0,0,NONE
2026-09-30T13:34:20.522+00:00,1098.337,manual,Manual cook,temp,1600,124.7,,esp32,,0,,,,,,,,,,,,1,375.0,0.0,0.0,0,NONE
2026-09-30T13:34:21.521+00:00,1099.337,manual,Manual cook,temp,1600,124.2,,esp32,,0,,,,,,,,,,,,1,375.0,0.0,0.0,0,NONE
2026-09-30T13:34:22.022+00:00,1099.837,manual,Manual cook,temp,1600,124.7,,esp32,,0,,,,,,,,,,,,1,375.0,0.0,0.0,0,NONE
2026-09-30T13:34:23.021+00:00,1100.837,manual,Manual cook,temp,1600,124.7,,esp32,,0,,,,,,,,,,,,1,375.0,0.0,0.0,0,NONE
2026-09-30T13:34:24.022+00:00,1101.837,manual,Manual cook,temp,1600,124.7,,esp32,,0,,,,,,,,,,,,1,375.0,0.0,0.0,0,NONE
2026-09-30T13:34:24.525+00:00,1102.340,manual,Manual cook,temp,1600,124.2,,esp32,,0,,,,,,,,,,,,1,375.0,0.0,0.0,0,NONE
2026-09-30T13:34:25.522+00:00,1103.337,manual,Manual cook,temp,1600,124.2,,esp32,,0,,,,,,,,,,,,1,375.0,0.0,0.0,0,NONE
2026-09-30T13:34:26.521+00:00,1104.337,manual,Manual cook,temp,1600,124.7,,esp32,,0,,,,,,,,,,,,1,375.0,0.0,0.0,0,NONE
2026-09-30T13:34:27.521+00:00,1105.337,manual,Manual cook,temp,1600,124.2,,esp32,,0,,,,,,,,,,,,1,375.0,0.0,0.0,0,NONE
2026-09-30T13:34:28.021+00:00,1105.837,manual,Manual cook,temp,1600,124.7,,esp32,,0,,,,,,,,,,,,1,375.0,0.0,0.0,0,NONE
2026-09-30T13:34:29.022+00:00,1106.837,manual,Manual cook,temp,1600,124.7,,esp32,,0,,,,,,,,,,,,1,375.0,0.0,0.0,0,NONE
2026-09-30T13:34:30.022+00:00,1107.837,manual,Manual cook,temp,1600,124.7,,esp32,,0,,,,,,,,,,,,1,375.0,0.0,0.0,0,NONE
2026-09-30T13:34:31.021+00:00,1108.837,manual,Manual cook,temp,1600,123.3,,esp32,,0,,,,,,,,,,,,1,375.0,0.0,0.0,0,NONE
2026-09-30T13:34:32.021+00:00,1109.837,manual,Manual cook,temp,1600,124.7,,esp32,,0,,,,,,,,,,,,1,375.0,0.0,0.0,0,NONE
2026-09-30T13:34:32.521+00:00,1110.337,manual,Manual cook,temp,1600,124.2,,esp32,,0,,,,,,,,,,,,1,375.0,0.0,0.0,0,NONE
2026-09-30T13:34:33.021+00:00,1110.837,manual,Manual cook,temp,1600,124.7,,esp32,,0,,,,,,,,,,,,1,375.0,0.0,0.0,0,NONE
2026-09-30T13:34:34.021+00:00,1111.837,manual,Manual cook,temp,1600,124.2,,esp32,,0,,,,,,,,,,,,1,375.0,0.0,0.0,0,NONE
2026-09-30T13:34:35.021+00:00,1112.837,manual,Manual cook,temp,1600,124.2,,esp32,,0,,,,,,,,,,,,1,375.0,0.0,0.0,0,NONE
2026-09-30T13:34:35.522+00:00,1113.337,manual,Manual cook,temp,1600,124.2,,esp32,,0,,,,,,,,,,,,1,375.0,0.0,0.0,0,NONE
2026-09-30T13:34:36.521+00:00,1114.336,manual,Manual cook,temp,1600,123.8,,esp32,,0,,,,,,,,,,,,1,375.0,0.0,0.0,0,NONE
2026-09-30T13:34:37.521+00:00,1115.337,manual,Manual cook,temp,1600,124.2,,esp32,,0,,,,,,,,,,,,1,375.0,0.0,0.0,0,NONE
2026-09-30T13:34:38.526+00:00,1116.341,manual,Manual cook,temp,1600,123.8,,esp32,,0,,,,,,,,,,,,1,375.0,0.0,0.0,0,NONE
2026-09-30T13:34:39.521+00:00,1117.337,manual,Manual cook,temp,1600,123.8,,esp32,,0,,,,,,,,,,,,1,375.0,0.0,0.0,0,NONE
2026-09-30T13:34:40.521+00:00,1118.336,manual,Manual cook,temp,1600,123.8,,esp32,,0,,,,,,,,,,,,1,375.0,0.0,0.0,0,NONE
2026-09-30T13:34:41.021+00:00,1118.837,manual,Manual cook,temp,1600,123.8,,esp32,,0,,,,,,,,,,,,1,375.0,0.0,0.0,0,NONE
2026-09-30T13:34:41.522+00:00,1119.337,manual,Manual cook,temp,1600,123.8,,esp32,,0,,,,,,,,,,,,1,375.0,0.0,0.0,0,NONE
2026-09-30T13:34:42.521+00:00,1120.336,manual,Manual cook,temp,1600,124.2,,esp32,,0,,,,,,,,,,,,1,375.0,0.0,0.0,0,NONE
2026-09-30T13:34:43.521+00:00,1121.336,manual,Manual cook,temp,1600,123.3,,esp32,,0,,,,,,,,,,,,1,375.0,0.0,0.0,0,NONE
2026-09-30T13:34:44.521+00:00,1122.337,manual,Manual cook,temp,1600,123.8,,esp32,,0,,,,,,,,,,,,1,375.0,0.0,0.0,0,NONE
2026-09-30T13:34:45.521+00:00,1123.336,manual,Manual cook,temp,1600,123.8,,esp32,,0,,,,,,,,,,,,1,375.0,0.0,0.0,0,NONE
2026-09-30T13:34:47.022+00:00,1124.837,manual,Manual cook,temp,1600,124.2,,esp32,,0,,,,,,,,,,,,1,375.0,0.0,0.0,0,NONE
2026-09-30T13:34:48.021+00:00,1125.837,manual,Manual cook,temp,1600,123.3,,esp32,,0,,,,,,,,,,,,1,375.0,0.0,0.0,0,NONE
2026-09-30T13:34:49.021+00:00,1126.836,manual,Manual cook,temp,1600,123.3,,esp32,,0,,,,,,,,,,,,1,375.0,0.0,0.0,0,NONE
2026-09-30T13:34:50.021+00:00,1127.836,manual,Manual cook,temp,1600,122.9,,esp32,,0,,,,,,,,,,,,1,375.0,0.0,0.0,0,NONE
2026-09-30T13:34:50.521+00:00,1128.336,manual,Manual cook,temp,1600,123.8,,esp32,,0,,,,,,,,,,,,1,375.0,0.0,0.0,0,NONE
2026-09-30T13:34:51.521+00:00,1129.336,manual,Manual cook,temp,1600,123.3,,esp32,,0,,,,,,,,,,,,1,375.0,0.0,0.0,0,NONE
2026-09-30T13:34:52.021+00:00,1129.836,manual,Manual cook,temp,1600,123.8,,esp32,,0,,,,,,,,,,,,1,375.0,0.0,0.0,0,NONE
2026-09-30T13:34:52.523+00:00,1130.338,manual,Manual cook,temp,1600,123.8,,esp32,,0,,,,,,,,,,,,1,375.0,0.0,0.0,0,NONE
2026-09-30T13:34:53.521+00:00,1131.336,manual,Manual cook,temp,1600,122.9,,esp32,,0,,,,,,,,,,,,1,375.0,0.0,0.0,0,NONE
2026-09-30T13:34:54.021+00:00,1131.836,manual,Manual cook,temp,1600,123.3,,esp32,,0,,,,,,,,,,,,1,375.0,0.0,0.0,0,NONE
2026-09-30T13:34:54.521+00:00,1132.336,manual,Manual cook,temp,1600,123.8,,esp32,,0,,,,,,,,,,,,1,375.0,0.0,0.0,0,NONE
2026-09-30T13:34:55.521+00:00,1133.336,manual,Manual cook,temp,1600,122.9,,esp32,,0,,,,,,,,,,,,1,375.0,0.0,0.0,0,NONE
2026-09-30T13:34:56.521+00:00,1134.336,manual,Manual cook,temp,1600,123.3,,esp32,,0,,,,,,,,,,,,1,375.0,0.0,0.0,0,NONE
2026-09-30T13:34:58.024+00:00,1135.839,manual,Manual cook,temp,1600,122.9,,esp32,,0,,,,,,,,,,,,1,375.0,0.0,0.0,0,NONE
2026-09-30T13:34:59.021+00:00,1136.836,manual,Manual cook,temp,1600,122.9,,esp32,,0,,,,,,,,,,,,1,375.0,0.0,0.0,0,NONE
2026-09-30T13:35:00.021+00:00,1137.837,manual,Manual cook,temp,1600,123.3,,esp32,,0,,,,,,,,,,,,1,375.0,0.0,0.0,0,NONE
2026-09-30T13:35:01.021+00:00,1138.836,manual,Manual cook,temp,1600,121.6,,esp32,,0,,,,,,,,,,,,1,375.0,0.0,0.0,0,NONE
2026-09-30T13:35:02.022+00:00,1139.837,manual,Manual cook,temp,1600,122.4,,esp32,,0,,,,,,,,,,,,1,375.0,0.0,0.0,0,NONE
2026-09-30T13:35:03.021+00:00,1140.836,manual,Manual cook,temp,1600,122.4,,esp32,,0,,,,,,,,,,,,1,375.0,0.0,0.0,0,NONE
2026-09-30T13:35:03.521+00:00,1141.337,manual,Manual cook,temp,1600,122.0,,esp32,,0,,,,,,,,,,,,1,375.0,0.0,0.0,0,NONE
2026-09-30T13:35:04.022+00:00,1141.837,manual,Manual cook,temp,1600,123.3,,esp32,,0,,,,,,,,,,,,1,375.0,0.0,0.0,0,NONE
2026-09-30T13:35:05.021+00:00,1142.836,manual,Manual cook,temp,1600,123.3,,esp32,,0,,,,,,,,,,,,1,375.0,0.0,0.0,0,NONE
2026-09-30T13:35:06.021+00:00,1143.836,manual,Manual cook,temp,1600,122.4,,esp32,,0,,,,,,,,,,,,1,375.0,0.0,0.0,0,NONE
2026-09-30T13:35:06.521+00:00,1144.336,manual,Manual cook,temp,1600,122.9,,esp32,,0,,,,,,,,,,,,1,375.0,0.0,0.0,0,NONE
2026-09-30T13:35:07.021+00:00,1144.836,manual,Manual cook,temp,1600,122.9,,esp32,,0,,,,,,,,,,,,1,375.0,0.0,0.0,0,NONE
2026-09-30T13:35:08.021+00:00,1145.836,manual,Manual cook,temp,1600,122.4,,esp32,,0,,,,,,,,,,,,1,375.0,0.0,0.0,0,NONE
2026-09-30T13:35:09.021+00:00,1146.837,manual,Manual cook,temp,1600,122.4,,esp32,,0,,,,,,,,,,,,1,375.0,0.0,0.0,0,NONE
2026-09-30T13:35:10.021+00:00,1147.836,manual,Manual cook,temp,1600,122.4,,esp32,,0,,,,,,,,,,,,1,375.0,0.0,0.0,0,NONE
2026-09-30T13:35:11.021+00:00,1148.836,manual,Manual cook,temp,1600,122.9,,esp32,,0,,,,,,,,,,,,1,375.0,0.0,0.0,0,NONE
2026-09-30T13:35:12.021+00:00,1149.836,manual,Manual cook,temp,1600,122.9,,esp32,,0,,,,,,,,,,,,1,375.0,0.0,0.0,0,NONE
2026-09-30T13:35:13.021+00:00,1150.837,manual,Manual cook,temp,1600,122.4,,esp32,,0,,,,,,,,,,,,1,375.0,0.0,0.0,0,NONE
2026-09-30T13:35:14.021+00:00,1151.836,manual,Manual cook,temp,1600,122.4,,esp32,,0,,,,,,,,,,,,1,375.0,0.0,0.0,0,NONE
2026-09-30T13:35:14.524+00:00,1152.339,manual,Manual cook,temp,1600,122.0,,esp32,,0,,,,,,,,,,,,1,375.0,0.0,0.0,0,NONE
2026-09-30T13:35:15.521+00:00,1153.336,manual,Manual cook,temp,1600,122.0,,esp32,,0,,,,,,,,,,,,1,375.0,0.0,0.0,0,NONE
2026-09-30T13:35:17.020+00:00,1154.836,manual,Manual cook,temp,1600,122.0,,esp32,,0,,,,,,,,,,,,1,375.0,0.0,0.0,0,NONE
2026-09-30T13:35:17.520+00:00,1155.336,manual,Manual cook,temp,1600,122.4,,esp32,,0,,,,,,,,,,,,1,375.0,0.0,0.0,0,NONE
2026-09-30T13:35:18.520+00:00,1156.336,manual,Manual cook,temp,1600,122.0,,esp32,,0,,,,,,,,,,,,1,375.0,0.0,0.0,0,NONE
2026-09-30T13:35:19.020+00:00,1156.836,manual,Manual cook,temp,1600,122.9,,esp32,,0,,,,,,,,,,,,1,375.0,0.0,0.0,0,NONE
2026-09-30T13:35:20.021+00:00,1157.837,manual,Manual cook,temp,1600,122.0,,esp32,,0,,,,,,,,,,,,1,375.0,0.0,0.0,0,NONE
2026-09-30T13:35:21.020+00:00,1158.836,manual,Manual cook,temp,1600,121.6,,esp32,,0,,,,,,,,,,,,1,375.0,0.0,0.0,0,NONE
2026-09-30T13:35:22.020+00:00,1159.836,manual,Manual cook,temp,1600,122.4,,esp32,,0,,,,,,,,,,,,1,375.0,0.0,0.0,0,NONE
2026-09-30T13:35:22.520+00:00,1160.336,manual,Manual cook,temp,1600,122.0,,esp32,,0,,,,,,,,,,,,1,375.0,0.0,0.0,0,NONE
2026-09-30T13:35:23.520+00:00,1161.336,manual,Manual cook,temp,1600,122.0,,esp32,,0,,,,,,,,,,,,1,375.0,0.0,0.0,0,NONE
2026-09-30T13:35:24.020+00:00,1161.836,manual,Manual cook,temp,1600,122.0,,esp32,,0,,,,,,,,,,,,1,375.0,0.0,0.0,0,NONE
2026-09-30T13:35:25.020+00:00,1162.836,manual,Manual cook,temp,1600,121.1,,esp32,,0,,,,,,,,,,,,1,375.0,0.0,0.0,0,NONE
2026-09-30T13:35:25.521+00:00,1163.336,manual,Manual cook,temp,1600,121.6,,esp32,,0,,,,,,,,,,,,1,375.0,0.0,0.0,0,NONE
2026-09-30T13:35:26.520+00:00,1164.336,manual,Manual cook,temp,1600,121.6,,esp32,,0,,,,,,,,,,,,1,375.0,0.0,0.0,0,NONE
2026-09-30T13:35:27.020+00:00,1164.836,manual,Manual cook,temp,1600,121.6,,esp32,,0,,,,,,,,,,,,1,375.0,0.0,0.0,0,NONE
2026-09-30T13:35:28.020+00:00,1165.836,manual,Manual cook,temp,1600,122.4,,esp32,,0,,,,,,,,,,,,1,375.0,0.0,0.0,0,NONE
2026-09-30T13:35:29.020+00:00,1166.836,manual,Manual cook,temp,1600,122.0,,esp32,,0,,,,,,,,,,,,1,375.0,0.0,0.0,0,NONE
2026-09-30T13:35:29.520+00:00,1167.336,manual,Manual cook,temp,1600,121.6,,esp32,,0,,,,,,,,,,,,1,375.0,0.0,0.0,0,NONE
2026-09-30T13:35:30.520+00:00,1168.335,manual,Manual cook,temp,1600,122.0,,esp32,,0,,,,,,,,,,,,1,375.0,0.0,0.0,0,NONE
2026-09-30T13:35:31.020+00:00,1168.835,manual,Manual cook,temp,1600,121.6,,esp32,,0,,,,,,,,,,,,1,375.0,0.0,0.0,0,NONE
2026-09-30T13:35:31.520+00:00,1169.336,manual,Manual cook,temp,1600,122.0,,esp32,,0,,,,,,,,,,,,1,375.0,0.0,0.0,0,NONE
2026-09-30T13:35:32.020+00:00,1169.836,manual,Manual cook,temp,1600,121.6,,esp32,,0,,,,,,,,,,,,1,375.0,0.0,0.0,0,NONE
2026-09-30T13:35:33.020+00:00,1170.836,manual,Manual cook,temp,1600,122.0,,esp32,,0,,,,,,,,,,,,1,375.0,0.0,0.0,0,NONE
2026-09-30T13:35:34.020+00:00,1171.835,manual,Manual cook,temp,1600,121.6,,esp32,,0,,,,,,,,,,,,1,375.0,0.0,0.0,0,NONE
2026-09-30T13:35:35.020+00:00,1172.835,manual,Manual cook,temp,1600,121.1,,esp32,,0,,,,,,,,,,,,1,375.0,0.0,0.0,0,NONE
2026-09-30T13:35:35.520+00:00,1173.335,manual,Manual cook,temp,1600,121.6,,esp32,,0,,,,,,,,,,,,1,375.0,0.0,0.0,0,NONE
2026-09-30T13:35:36.021+00:00,1173.836,manual,Manual cook,temp,1600,121.6,,esp32,,0,,,,,,,,,,,,1,375.0,0.0,0.0,0,NONE
2026-09-30T13:35:37.020+00:00,1174.835,manual,Manual cook,temp,1600,121.1,,esp32,,0,,,,,,,,,,,,1,375.0,0.0,0.0,0,NONE
2026-09-30T13:35:38.020+00:00,1175.835,manual,Manual cook,temp,1600,122.0,,esp32,,0,,,,,,,,,,,,1,375.0,0.0,0.0,0,NONE
2026-09-30T13:35:39.020+00:00,1176.835,manual,Manual cook,temp,1600,119.7,,esp32,,0,,,,,,,,,,,,1,375.0,0.0,0.0,0,NONE
2026-09-30T13:35:40.020+00:00,1177.835,manual,Manual cook,temp,1600,121.1,,esp32,,0,,,,,,,,,,,,1,375.0,0.0,0.0,0,NONE
2026-09-30T13:35:41.020+00:00,1178.835,manual,Manual cook,temp,1600,121.1,,esp32,,0,,,,,,,,,,,,1,375.0,0.0,0.0,0,NONE
2026-09-30T13:35:41.521+00:00,1179.336,manual,Manual cook,temp,1600,120.7,,esp32,,0,,,,,,,,,,,,1,375.0,0.0,0.0,0,NONE
2026-09-30T13:35:42.520+00:00,1180.335,manual,Manual cook,temp,1600,121.1,,esp32,,0,,,,,,,,,,,,1,375.0,0.0,0.0,0,NONE
2026-09-30T13:35:43.020+00:00,1180.835,manual,Manual cook,temp,1600,121.1,,esp32,,0,,,,,,,,,,,,1,375.0,0.0,0.0,0,NONE
2026-09-30T13:35:44.020+00:00,1181.835,manual,Manual cook,temp,1600,121.1,,esp32,,0,,,,,,,,,,,,1,375.0,0.0,0.0,0,NONE
2026-09-30T13:35:45.020+00:00,1182.835,manual,Manual cook,temp,1600,120.7,,esp32,,0,,,,,,,,,,,,1,375.0,0.0,0.0,0,NONE
2026-09-30T13:35:46.020+00:00,1183.835,manual,Manual cook,temp,1600,120.7,,esp32,,0,,,,,,,,,,,,1,375.0,0.0,0.0,0,NONE
2026-09-30T13:35:46.520+00:00,1184.335,manual,Manual cook,temp,1600,120.2,,esp32,,0,,,,,,,,,,,,1,375.0,0.0,0.0,0,NONE
2026-09-30T13:35:47.021+00:00,1184.836,manual,Manual cook,temp,1600,120.2,,esp32,,0,,,,,,,,,,,,1,375.0,0.0,0.0,0,NONE
2026-09-30T13:35:48.020+00:00,1185.835,manual,Manual cook,temp,1600,121.1,,esp32,,0,,,,,,,,,,,,1,375.0,0.0,0.0,0,NONE
2026-09-30T13:35:49.020+00:00,1186.835,manual,Manual cook,temp,1600,120.7,,esp32,,0,,,,,,,,,,,,1,375.0,0.0,0.0,0,NONE
2026-09-30T13:35:50.020+00:00,1187.835,manual,Manual cook,temp,1600,121.6,,esp32,,0,,,,,,,,,,,,1,375.0,0.0,0.0,0,NONE
2026-09-30T13:35:51.020+00:00,1188.835,manual,Manual cook,temp,1600,120.7,,esp32,,0,,,,,,,,,,,,1,375.0,0.0,0.0,0,NONE
2026-09-30T13:35:52.020+00:00,1189.835,manual,Manual cook,temp,1600,121.6,,esp32,,0,,,,,,,,,,,,1,375.0,0.0,0.0,0,NONE
2026-09-30T13:35:52.522+00:00,1190.337,manual,Manual cook,temp,1600,121.1,,esp32,,0,,,,,,,,,,,,1,375.0,0.0,0.0,0,NONE
2026-09-30T13:35:53.520+00:00,1191.335,manual,Manual cook,temp,1600,120.7,,esp32,,0,,,,,,,,,,,,1,375.0,0.0,0.0,0,NONE
2026-09-30T13:35:54.520+00:00,1192.335,manual,Manual cook,temp,1600,119.7,,esp32,,0,,,,,,,,,,,,1,375.0,0.0,0.0,0,NONE
2026-09-30T13:35:55.020+00:00,1192.835,manual,Manual cook,temp,1600,120.7,,esp32,,0,,,,,,,,,,,,1,375.0,0.0,0.0,0,NONE
2026-09-30T13:35:56.020+00:00,1193.835,manual,Manual cook,temp,1600,119.7,,esp32,,0,,,,,,,,,,,,1,375.0,0.0,0.0,0,NONE
2026-09-30T13:35:56.520+00:00,1194.335,manual,Manual cook,temp,1600,120.2,,esp32,,0,,,,,,,,,,,,1,375.0,0.0,0.0,0,NONE
2026-09-30T13:35:57.520+00:00,1195.335,manual,Manual cook,temp,1600,120.7,,esp32,,0,,,,,,,,,,,,1,375.0,0.0,0.0,0,NONE
2026-09-30T13:35:58.021+00:00,1195.836,manual,Manual cook,temp,1600,121.1,,esp32,,0,,,,,,,,,,,,1,375.0,0.0,0.0,0,NONE
2026-09-30T13:35:59.020+00:00,1196.835,manual,Manual cook,temp,1600,119.3,,esp32,,0,,,,,,,,,,,,1,375.0,0.0,0.0,0,NONE
2026-09-30T13:36:00.020+00:00,1197.835,manual,Manual cook,temp,1600,120.7,,esp32,,0,,,,,,,,,,,,1,375.0,0.0,0.0,0,NONE
2026-09-30T13:36:01.020+00:00,1198.835,manual,Manual cook,temp,1600,119.7,,esp32,,0,,,,,,,,,,,,1,375.0,0.0,0.0,0,NONE
2026-09-30T13:36:02.020+00:00,1199.835,manual,Manual cook,temp,1600,120.7,,esp32,,0,,,,,,,,,,,,1,375.0,0.0,0.0,0,NONE
2026-09-30T13:36:02.553+00:00,1200.368,manual,Manual cook,idle,0,120.2,,esp32,,0,,,,,,,,,,,,1,,0.0,0.0,0,NONE
