timestamp_utc,elapsed_s,cook_type,cook_name,mode,fan_speed_rpm,chamber_temp_f,effective_probe_temp_f,probe_source,esp32_probe_temp_f,inkbird_connected,inkbird_battery_pct,inkbird_internal_1_f,inkbird_internal_2_f,inkbird_internal_3_f,inkbird_internal_4_f,inkbird_ambient_f,inkbird_internal_1_raw_f,inkbird_internal_2_raw_f,inkbird_internal_3_raw_f,inkbird_internal_4_raw_f,inkbird_ambient_raw_f,drawer_closed,set_temperature_f,top_heater_duty_pct,bottom_heater_duty_pct,paused,fault
2026-09-24T17:50:16.566+00:00,0.008,manual,Manual cook,temp,0,137.8,,esp32,,0,,,,,,,,,,,,0,375.0,0.0,0.0,0,NONE
2026-09-24T17:50:17.475+00:00,0.917,manual,Manual cook,temp,1950,122.4,,esp32,,0,,,,,,,,,,,,0,375.0,0.0,0.0,0,NONE
2026-09-24T17:50:17.975+00:00,1.417,manual,Manual cook,temp,1950,123.8,,esp32,,0,,,,,,,,,,,,0,375.0,0.0,0.0,0,NONE
2026-09-24T17:50:18.475+00:00,1.917,manual,Manual cook,temp,1950,123.8,,esp32,,0,,,,,,,,,,,,0,375.0,0.0,0.0,0,NONE
2026-09-24T17:50:19.474+00:00,2.916,manual,Manual cook,temp,1950,126.1,,esp32,,0,,,,,,,,,,,,0,375.0,0.0,0.0,0,NONE
2026-09-24T17:50:19.975+00:00,3.417,manual,Manual cook,temp,1950,126.5,,esp32,,0,,,,,,,,,,,,0,375.0,0.0,0.0,0,NONE
2026-09-24T17:50:20.475+00:00,3.917,manual,Manual cook,temp,1950,126.5,,esp32,,0,,,,,,,,,,,,0,375.0,0.0,0.0,0,NONE
2026-09-24T17:50:21.474+00:00,4.916,manual,Manual cook,temp,1950,126.9,,esp32,,0,,,,,,,,,,,,0,375.0,0.0,0.0,0,NONE
2026-09-24T17:50:22.474+00:00,5.916,manual,Manual cook,temp,1950,126.1,,esp32,,0,,,,,,,,,,,,0,375.0,0.0,0.0,0,NONE
2026-09-24T17:50:22.974+00:00,6.416,manual,Manual cook,temp,1950,126.5,,esp32,,0,,,,,,,,,,,,0,375.0,0.0,0.0,0,NONE
2026-09-24T17:50:23.474+00:00,6.917,manual,Manual cook,temp,1950,126.1,,esp32,,0,,,,,,,,,,,,0,375.0,0.0,0.0,0,NONE
2026-09-24T17:50:24.474+00:00,7.916,manual,Manual cook,temp,1950,126.1,,esp32,,0,,,,,,,,,,,,0,375.0,0.0,0.0,0,NONE
2026-09-24T17:50:25.474+00:00,8.916,manual,Manual cook,temp,1950,126.9,,esp32,,0,,,,,,,,,,,,0,375.0,0.0,0.0,0,NONE
2026-09-24T17:50:25.975+00:00,9.417,manual,Manual cook,temp,1950,126.9,,esp32,,0,,,,,,,,,,,,0,375.0,0.0,0.0,0,NONE
2026-09-24T17:50:26.476+00:00,9.918,manual,Manual cook,temp,1950,126.9,,esp32,,0,,,,,,,,,,,,0,375.0,0.0,0.0,0,NONE
2026-09-24T17:50:27.474+00:00,10.916,manual,Manual cook,temp,1950,124.7,,esp32,,0,,,,,,,,,,,,0,375.0,0.0,0.0,0,NONE
2026-09-24T17:50:27.974+00:00,11.416,manual,Manual cook,temp,1950,126.1,,esp32,,0,,,,,,,,,,,,0,375.0,0.0,0.0,0,NONE
2026-09-24T17:50:28.974+00:00,12.416,manual,Manual cook,temp,1950,125.2,,esp32,,0,,,,,,,,,,,,0,375.0,0.0,0.0,0,NONE
2026-09-24T17:50:29.974+00:00,13.416,manual,Manual cook,temp,1950,124.7,,esp32,,0,,,,,,,,,,,,0,375.0,0.0,0.0,0,NONE
2026-09-24T17:50:30.974+00:00,14.416,manual,Manual cook,temp,1950,124.7,,esp32,,0,,,,,,,,,,,,0,375.0,0.0,0.0,0,NONE
2026-09-24T17:50:31.974+00:00,15.416,manual,Manual cook,temp,1950,125.2,,esp32,,0,,,,,,,,,,,,0,375.0,0.0,0.0,0,NONE
2026-09-24T17:50:32.974+00:00,16.416,manual,Manual cook,temp,1950,124.7,,esp32,,0,,,,,,,,,,,,0,375.0,0.0,0.0,0,NONE
2026-09-24T17:50:33.974+00:00,17.416,manual,Manual cook,temp,1950,124.7,,esp32,,0,,,,,,,,,,,,0,375.0,0.0,0.0,0,NONE
2026-09-24T17:50:34.974+00:00,18.416,manual,Manual cook,temp,1950,124.2,,esp32,,0,,,,,,,,,,,,0,375.0,0.0,0.0,0,NONE
2026-09-24T17:50:35.974+00:00,19.416,manual,Manual cook,temp,1950,123.3,,esp32,,0,,,,,,,,,,,,0,375.0,0.0,0.0,0,NONE
2026-09-24T17:50:36.976+00:00,20.418,manual,Manual cook,temp,1950,124.2,,esp32,,0,,,,,,,,,,,,0,375.0,0.0,0.0,0,NONE
2026-09-24T17:50:37.974+00:00,21.416,manual,Manual cook,temp,1950,123.3,,esp32,,0,,,,,,,,,,,,0,375.0,0.0,0.0,0,NONE
2026-09-24T17:50:38.974+00:00,22.416,manual,Manual cook,temp,1950,124.2,,esp32,,0,,,,,,,,,,,,0,375.0,0.0,0.0,0,NONE
2026-09-24T17:50:39.974+00:00,23.416,manual,Manual cook,temp,1950,124.2,,esp32,,0,,,,,,,,,,,,0,375.0,0.0,0.0,0,NONE
2026-09-24T17:50:40.974+00:00,24.416,manual,Manual cook,temp,1950,123.3,,esp32,,0,,,,,,,,,,,,0,375.0,0.0,0.0,0,NONE
2026-09-24T17:50:41.974+00:00,25.416,manual,Manual cook,temp,1950,122.9,,esp32,,0,,,,,,,,,,,,0,375.0,0.0,0.0,0,NONE
2026-09-24T17:50:42.474+00:00,25.916,manual,Manual cook,temp,1950,122.9,,esp32,,0,,,,,,,,,,,,0,375.0,0.0,0.0,0,NONE
2026-09-24T17:50:42.974+00:00,26.416,manual,Manual cook,temp,1950,123.8,,esp32,,0,,,,,,,,,,,,0,375.0,0.0,0.0,0,NONE
2026-09-24T17:50:43.974+00:00,27.416,manual,Manual cook,temp,1950,124.7,,esp32,,0,,,,,,,,,,,,0,375.0,0.0,0.0,0,NONE
2026-09-24T17:50:44.974+00:00,28.416,manual,Manual cook,temp,1950,123.8,,esp32,,0,,,,,,,,,,,,0,375.0,0.0,0.0,0,NONE
2026-09-24T17:50:45.974+00:00,29.416,manual,Manual cook,temp,1950,123.3,,esp32,,0,,,,,,,,,,,,0,375.0,0.0,0.0,0,NONE
2026-09-24T17:50:46.974+00:00,30.416,manual,Manual cook,temp,1950,122.9,,esp32,,0,,,,,,,,,,,,0,375.0,0.0,0.0,0,NONE
2026-09-24T17:50:47.974+00:00,31.416,manual,Manual cook,temp,1950,123.8,,esp32,,0,,,,,,,,,,,,0,375.0,0.0,0.0,0,NONE
2026-09-24T17:50:48.474+00:00,31.916,manual,Manual cook,temp,1950,123.3,,esp32,,0,,,,,,,,,,,,0,375.0,0.0,0.0,0,NONE
2026-09-24T17:50:49.475+00:00,32.917,manual,Manual cook,temp,1950,124.2,,esp32,,0,,,,,,,,,,,,0,375.0,0.0,0.0,0,NONE
2026-09-24T17:50:50.473+00:00,33.915,manual,Manual cook,temp,1950,122.9,,esp32,,0,,,,,,,,,,,,0,375.0,0.0,0.0,0,NONE
2026-09-24T17:50:50.974+00:00,34.416,manual,Manual cook,temp,1950,123.3,,esp32,,0,,,,,,,,,,,,0,375.0,0.0,0.0,0,NONE
2026-09-24T17:50:51.974+00:00,35.416,manual,Manual cook,temp,1950,123.8,,esp32,,0,,,,,,,,,,,,0,375.0,0.0,0.0,0,NONE
2026-09-24T17:50:52.974+00:00,36.416,manual,Manual cook,temp,1950,123.3,,esp32,,0,,,,,,,,,,,,0,375.0,0.0,0.0,0,NONE
2026-09-24T17:50:53.474+00:00,36.916,manual,Manual cook,temp,1950,123.3,,esp32,,0,,,,,,,,,,,,0,375.0,0.0,0.0,0,NONE
2026-09-24T17:50:54.473+00:00,37.915,manual,Manual cook,temp,1950,124.2,,esp32,,0,,,,,,,,,,,,0,375.0,0.0,0.0,0,NONE
2026-09-24T17:50:54.976+00:00,38.418,manual,Manual cook,temp,1950,123.3,,esp32,,0,,,,,,,,,,,,0,375.0,0.0,0.0,0,NONE
2026-09-24T17:50:55.973+00:00,39.415,manual,Manual cook,temp,1950,123.3,,esp32,,0,,,,,,,,,,,,0,375.0,0.0,0.0,0,NONE
2026-09-24T17:50:56.473+00:00,39.915,manual,Manual cook,temp,1950,122.4,,esp32,,0,,,,,,,,,,,,0,375.0,0.0,0.0,0,NONE
2026-09-24T17:50:57.473+00:00,40.915,manual,Manual cook,temp,1950,122.9,,esp32,,0,,,,,,,,,,,,0,375.0,0.0,0.0,0,NONE
2026-09-24T17:50:57.973+00:00,41.415,manual,Manual cook,temp,1950,122.9,,esp32,,0,,,,,,,,,,,,0,375.0,0.0,0.0,0,NONE
2026-09-24T17:50:58.973+00:00,42.415,manual,Manual cook,temp,1950,123.3,,esp32,,0,,,,,,,,,,,,0,375.0,0.0,0.0,0,NONE
2026-09-24T17:50:59.474+00:00,42.916,manual,Manual cook,temp,1950,123.3,,esp32,,0,,,,,,,,,,,,0,375.0,0.0,0.0,0,NONE
2026-09-24T17:51:00.474+00:00,43.916,manual,Manual cook,temp,1950,122.9,,esp32,,0,,,,,,,,,,,,0,375.0,0.0,0.0,0,NONE
2026-09-24T17:51:00.974+00:00,44.416,manual,Manual cook,temp,1950,122.9,,esp32,,0,,,,,,,,,,,,0,375.0,0.0,0.0,0,NONE
2026-09-24T17:51:01.973+00:00,45.415,manual,Manual cook,temp,1950,122.9,,esp32,,0,,,,,,,,,,,,0,375.0,0.0,0.0,0,NONE
2026-09-24T17:51:02.474+00:00,45.916,manual,Manual cook,temp,1950,122.0,,esp32,,0,,,,,,,,,,,,0,375.0,0.0,0.0,0,NONE
2026-09-24T17:51:03.473+00:00,46.915,manual,Manual cook,temp,1950,122.9,,esp32,,0,,,,,,,,,,,,0,375.0,0.0,0.0,0,NONE
2026-09-24T17:51:03.973+00:00,47.415,manual,Manual cook,temp,1950,122.4,,esp32,,0,,,,,,,,,,,,0,375.0,0.0,0.0,0,NONE
2026-09-24T17:51:04.973+00:00,48.415,manual,Manual cook,temp,1950,123.3,,esp32,,0,,,,,,,,,,,,0,375.0,0.0,0.0,0,NONE
2026-09-24T17:51:05.973+00:00,49.415,manual,Manual cook,temp,1950,122.9,,esp32,,0,,,,,,,,,,,,0,375.0,0.0,0.0,0,NONE
2026-09-24T17:51:06.474+00:00,49.916,manual,Manual cook,temp,1950,122.0,,esp32,,0,,,,,,,,,,,,0,375.0,0.0,0.0,0,NONE
2026-09-24T17:51:06.974+00:00,50.416,manual,Manual cook,temp,1950,122.4,,esp32,,0,,,,,,,,,,,,0,375.0,0.0,0.0,0,NONE
2026-09-24T17:51:07.475+00:00,50.917,manual,Manual cook,temp,1950,122.9,,esp32,,0,,,,,,,,,,,,0,375.0,0.0,0.0,0,NONE
2026-09-24T17:51:08.473+00:00,51.915,manual,Manual cook,temp,1950,121.6,,esp32,,0,,,,,,,,,,,,0,375.0,0.0,0.0,0,NONE
2026-09-24T17:51:09.473+00:00,52.915,manual,Manual cook,temp,1950,122.4,,esp32,,0,,,,,,,,,,,,0,375.0,0.0,0.0,0,NONE
2026-09-24T17:51:10.473+00:00,53.915,manual,Manual cook,temp,1950,122.0,,esp32,,0,,,,,,,,,,,,0,375.0,0.0,0.0,0,NONE
2026-09-24T17:51:11.473+00:00,54.915,manual,Manual cook,temp,1950,121.6,,esp32,,0,,,,,,,,,,,,0,375.0,0.0,0.0,0,NONE
2026-09-24T17:51:12.473+00:00,55.915,manual,Manual cook,temp,1950,121.6,,esp32,,0,,,,,,,,,,,,0,375.0,0.0,0.0,0,NONE
2026-09-24T17:51:12.974+00:00,56.416,manual,Manual cook,temp,1950,121.6,,esp32,,0,,,,,,,,,,,,0,375.0,0.0,0.0,0,NONE
2026-09-24T17:51:13.474+00:00,56.916,manual,Manual cook,temp,1950,122.0,,esp32,,0,,,,,,,,,,,,0,375.0,0.0,0.0,0,NONE
2026-09-24T17:51:14.473+00:00,57.915,manual,Manual cook,temp,1950,121.6,,esp32,,0,,,,,,,,,,,,0,375.0,0.0,0.0,0,NONE
2026-09-24T17:51:15.473+00:00,58.915,manual,Manual cook,temp,1950,121.1,,esp32,,0,,,,,,,,,,,,0,375.0,0.0,0.0,0,NONE
2026-09-24T17:51:16.473+00:00,59.915,manual,Manual cook,temp,1950,121.6,,esp32,,0,,,,,,,,,,,,0,375.0,0.0,0.0,0,NONE
2026-09-24T17:51:17.473+00:00,60.915,manual,Manual cook,temp,1950,121.1,,esp32,,0,,,,,,,,,,,,0,375.0,0.0,0.0,0,NONE
2026-09-24T17:51:18.473+00:00,61.915,manual,Manual cook,temp,1950,120.7,,esp32,,0,,,,,,,,,,,,0,375.0,0.0,0.0,0,NONE
2026-09-24T17:51:18.974+00:00,62.416,manual,Manual cook,temp,1950,119.3,,esp32,,0,,,,,,,,,,,,0,375.0,0.0,0.0,0,NONE
2026-09-24T17:51:19.476+00:00,62.919,manual,Manual cook,temp,1950,119.3,,esp32,,0,,,,,,,,,,,,0,375.0,0.0,0.0,0,NONE
2026-09-24T17:51:20.473+00:00,63.915,manual,Manual cook,temp,1950,120.2,,esp32,,0,,,,,,,,,,,,0,375.0,0.0,0.0,0,NONE
2026-09-24T17:51:21.473+00:00,64.915,manual,Manual cook,temp,1950,119.7,,esp32,,0,,,,,,,,,,,,0,375.0,0.0,0.0,0,NONE
2026-09-24T17:51:22.473+00:00,65.915,manual,Manual cook,temp,1950,119.3,,esp32,,0,,,,,,,,,,,,0,375.0,0.0,0.0,0,NONE
2026-09-24T17:51:23.473+00:00,66.915,manual,Manual cook,temp,1950,119.7,,esp32,,0,,,,,,,,,,,,0,375.0,0.0,0.0,0,NONE
2026-09-24T17:51:24.473+00:00,67.915,manual,Manual cook,temp,1950,118.4,,esp32,,0,,,,,,,,,,,,0,375.0,0.0,0.0,0,NONE
2026-09-24T17:51:24.973+00:00,68.415,manual,Manual cook,temp,1950,118.8,,esp32,,0,,,,,,,,,,,,0,375.0,0.0,0.0,0,NONE
2026-09-24T17:51:25.973+00:00,69.415,manual,Manual cook,temp,1950,118.4,,esp32,,0,,,,,,,,,,,,0,375.0,0.0,0.0,0,NONE
2026-09-24T17:51:26.972+00:00,70.414,manual,Manual cook,temp,1950,118.8,,esp32,,0,,,,,,,,,,,,0,375.0,0.0,0.0,0,NONE
2026-09-24T17:51:27.473+00:00,70.915,manual,Manual cook,temp,1950,118.8,,esp32,,0,,,,,,,,,,,,0,375.0,0.0,0.0,0,NONE
2026-09-24T17:51:28.473+00:00,71.915,manual,Manual cook,temp,1950,117.1,,esp32,,0,,,,,,,,,,,,0,375.0,0.0,0.0,0,NONE
2026-09-24T17:51:29.473+00:00,72.915,manual,Manual cook,temp,1950,117.5,,esp32,,0,,,,,,,,,,,,0,375.0,0.0,0.0,0,NONE
2026-09-24T17:51:30.473+00:00,73.915,manual,Manual cook,temp,1950,117.1,,esp32,,0,,,,,,,,,,,,0,375.0,0.0,0.0,0,NONE
2026-09-24T17:51:31.472+00:00,74.914,manual,Manual cook,temp,1950,117.1,,esp32,,0,,,,,,,,,,,,0,375.0,0.0,0.0,0,NONE
2026-09-24T17:51:31.972+00:00,75.414,manual,Manual cook,temp,1950,117.9,,esp32,,0,,,,,,,,,,,,0,375.0,0.0,0.0,0,NONE
2026-09-24T17:51:32.972+00:00,76.414,manual,Manual cook,temp,1950,117.9,,esp32,,0,,,,,,,,,,,,0,375.0,0.0,0.0,0,NONE
2026-09-24T17:51:33.472+00:00,76.915,manual,Manual cook,temp,1950,117.5,,esp32,,0,,,,,,,,,,,,0,375.0,0.0,0.0,0,NONE
2026-09-24T17:51:34.472+00:00,77.914,manual,Manual cook,temp,1950,117.9,,esp32,,0,,,,,,,,,,,,0,375.0,0.0,0.0,0,NONE
2026-09-24T17:51:34.972+00:00,78.414,manual,Manual cook,temp,1950,117.9,,esp32,,0,,,,,,,,,,,,0,375.0,0.0,0.0,0,NONE
2026-09-24T17:51:35.473+00:00,78.915,manual,Manual cook,temp,1950,117.9,,esp32,,0,,,,,,,,,,,,0,375.0,0.0,0.0,0,NONE
2026-09-24T17:51:35.973+00:00,79.415,manual,Manual cook,temp,1950,117.5,,esp32,,0,,,,,,,,,,,,0,375.0,0.0,0.0,0,NONE
2026-09-24T17:51:36.972+00:00,80.414,manual,Manual cook,temp,1950,117.9,,esp32,,0,,,,,,,,,,,,0,375.0,0.0,0.0,0,NONE
2026-09-24T17:51:37.972+00:00,81.414,manual,Manual cook,temp,1950,117.5,,esp32,,0,,,,,,,,,,,,0,375.0,0.0,0.0,0,NONE
2026-09-24T17:51:38.972+00:00,82.414,manual,Manual cook,temp,1950,117.5,,esp32,,0,,,,,,,,,,,,0,375.0,0.0,0.0,0,NONE
2026-09-24T17:51:39.472+00:00,82.914,manual,Manual cook,temp,1950,117.1,,esp32,,0,,,,,,,,,,,,0,375.0,0.0,0.0,0,NONE
2026-09-24T17:51:39.973+00:00,83.415,manual,Manual cook,temp,1950,117.5,,esp32,,0,,,,,,,,,,,,0,375.0,0.0,0.0,0,NONE
2026-09-24T17:51:40.972+00:00,84.414,manual,Manual cook,temp,1950,117.5,,esp32,,0,,,,,,,,,,,,0,375.0,0.0,0.0,0,NONE
2026-09-24T17:51:41.972+00:00,85.414,manual,Manual cook,temp,1950,117.1,,esp32,,0,,,,,,,,,,,,0,375.0,0.0,0.0,0,NONE
2026-09-24T17:51:42.472+00:00,85.914,manual,Manual cook,temp,1950,117.9,,esp32,,0,,,,,,,,,,,,0,375.0,0.0,0.0,0,NONE
2026-09-24T17:51:43.472+00:00,86.914,manual,Manual cook,temp,1950,117.5,,esp32,,0,,,,,,,,,,,,0,375.0,0.0,0.0,0,NONE
2026-09-24T17:51:43.972+00:00,87.414,manual,Manual cook,temp,1950,117.5,,esp32,,0,,,,,,,,,,,,0,375.0,0.0,0.0,0,NONE
2026-09-24T17:51:44.972+00:00,88.414,manual,Manual cook,temp,1950,117.9,,esp32,,0,,,,,,,,,,,,0,375.0,0.0,0.0,0,NONE
2026-09-24T17:51:45.972+00:00,89.414,manual,Manual cook,temp,1950,117.9,,esp32,,0,,,,,,,,,,,,0,375.0,0.0,0.0,0,NONE
2026-09-24T17:51:46.472+00:00,89.914,manual,Manual cook,temp,1950,117.5,,esp32,,0,,,,,,,,,,,,0,375.0,0.0,0.0,0,NONE
2026-09-24T17:51:46.973+00:00,90.415,manual,Manual cook,temp,1950,117.9,,esp32,,0,,,,,,,,,,,,0,375.0,0.0,0.0,0,NONE
2026-09-24T17:51:47.972+00:00,91.414,manual,Manual cook,temp,1950,117.5,,esp32,,0,,,,,,,,,,,,0,375.0,0.0,0.0,0,NONE
2026-09-24T17:51:48.972+00:00,92.414,manual,Manual cook,temp,1950,117.5,,esp32,,0,,,,,,,,,,,,0,375.0,0.0,0.0,0,NONE
2026-09-24T17:51:49.472+00:00,92.914,manual,Manual cook,temp,1950,117.9,,esp32,,0,,,,,,,,,,,,0,375.0,0.0,0.0,0,NONE
2026-09-24T17:51:50.472+00:00,93.914,manual,Manual cook,temp,1950,117.5,,esp32,,0,,,,,,,,,,,,0,375.0,0.0,0.0,0,NONE
2026-09-24T17:51:50.972+00:00,94.414,manual,Manual cook,temp,1950,117.5,,esp32,,0,,,,,,,,,,,,0,375.0,0.0,0.0,0,NONE
2026-09-24T17:51:51.972+00:00,95.414,manual,Manual cook,temp,1950,117.5,,esp32,,0,,,,,,,,,,,,0,375.0,0.0,0.0,0,NONE
2026-09-24T17:51:52.972+00:00,96.414,manual,Manual cook,temp,1950,117.1,,esp32,,0,,,,,,,,,,,,0,375.0,0.0,0.0,0,NONE
2026-09-24T17:51:53.472+00:00,96.914,manual,Manual cook,temp,1950,117.9,,esp32,,0,,,,,,,,,,,,0,375.0,0.0,0.0,0,NONE
2026-09-24T17:51:53.972+00:00,97.414,manual,Manual cook,temp,1950,117.9,,esp32,,0,,,,,,,,,,,,0,375.0,0.0,0.0,0,NONE
2026-09-24T17:51:54.472+00:00,97.914,manual,Manual cook,temp,1950,117.5,,esp32,,0,,,,,,,,,,,,0,375.0,0.0,0.0,0,NONE
2026-09-24T17:51:55.472+00:00,98.914,manual,Manual cook,temp,1950,117.9,,esp32,,0,,,,,,,,,,,,0,375.0,0.0,0.0,0,NONE
2026-09-24T17:51:55.972+00:00,99.414,manual,Manual cook,temp,1950,117.1,,esp32,,0,,,,,,,,,,,,0,375.0,0.0,0.0,0,NONE
2026-09-24T17:51:56.972+00:00,100.414,manual,Manual cook,temp,1950,117.5,,esp32,,0,,,,,,,,,,,,0,375.0,0.0,0.0,0,NONE
2026-09-24T17:51:57.473+00:00,100.915,manual,Manual cook,temp,1950,117.5,,esp32,,0,,,,,,,,,,,,0,375.0,0.0,0.0,0,NONE
2026-09-24T17:51:58.472+00:00,101.914,manual,Manual cook,temp,1950,117.5,,esp32,,0,,,,,,,,,,,,0,375.0,0.0,0.0,0,NONE
2026-09-24T17:51:59.472+00:00,102.914,manual,Manual cook,temp,1950,116.6,,esp32,,0,,,,,,,,,,,,0,375.0,0.0,0.0,0,NONE
2026-09-24T17:52:00.471+00:00,103.914,manual,Manual cook,temp,1950,116.6,,esp32,,0,,,,,,,,,,,,0,375.0,0.0,0.0,0,NONE
2026-09-24T17:52:01.471+00:00,104.913,manual,Manual cook,temp,1950,115.7,,esp32,,0,,,,,,,,,,,,0,375.0,0.0,0.0,0,NONE
2026-09-24T17:52:01.972+00:00,105.414,manual,Manual cook,temp,1950,116.6,,esp32,,0,,,,,,,,,,,,0,375.0,0.0,0.0,0,NONE
2026-09-24T17:52:02.972+00:00,106.414,manual,Manual cook,temp,1950,117.1,,esp32,,0,,,,,,,,,,,,0,375.0,0.0,0.0,0,NONE
2026-09-24T17:52:03.474+00:00,106.916,manual,Manual cook,temp,1950,117.5,,esp32,,0,,,,,,,,,,,,0,375.0,0.0,0.0,0,NONE
2026-09-24T17:52:04.471+00:00,107.913,manual,Manual cook,temp,1950,116.6,,esp32,,0,,,,,,,,,,,,0,375.0,0.0,0.0,0,NONE
2026-09-24T17:52:05.472+00:00,108.914,manual,Manual cook,temp,1950,116.6,,esp32,,0,,,,,,,,,,,,0,375.0,0.0,0.0,0,NONE
2026-09-24T17:52:05.972+00:00,109.414,manual,Manual cook,temp,1950,116.2,,esp32,,0,,,,,,,,,,,,0,375.0,0.0,0.0,0,NONE
2026-09-24T17:52:06.472+00:00,109.914,manual,Manual cook,temp,1950,116.2,,esp32,,0,,,,,,,,,,,,0,375.0,0.0,0.0,0,NONE
2026-09-24T17:52:07.471+00:00,110.913,manual,Manual cook,temp,1950,115.2,,esp32,,0,,,,,,,,,,,,0,375.0,0.0,0.0,0,NONE
2026-09-24T17:52:07.972+00:00,111.414,manual,Manual cook,temp,1950,114.8,,esp32,,0,,,,,,,,,,,,0,375.0,0.0,0.0,0,NONE
2026-09-24T17:52:08.971+00:00,112.414,manual,Manual cook,temp,1950,115.7,,esp32,,0,,,,,,,,,,,,0,375.0,0.0,0.0,0,NONE
2026-09-24T17:52:09.472+00:00,112.914,manual,Manual cook,temp,1950,115.7,,esp32,,0,,,,,,,,,,,,0,375.0,0.0,0.0,0,NONE
2026-09-24T17:52:10.471+00:00,113.913,manual,Manual cook,temp,1950,115.2,,esp32,,0,,,,,,,,,,,,0,375.0,0.0,0.0,0,NONE
2026-09-24T17:52:11.471+00:00,114.913,manual,Manual cook,temp,1950,115.2,,esp32,,0,,,,,,,,,,,,0,375.0,0.0,0.0,0,NONE
2026-09-24T17:52:12.471+00:00,115.913,manual,Manual cook,temp,1950,114.3,,esp32,,0,,,,,,,,,,,,0,375.0,0.0,0.0,0,NONE
2026-09-24T17:52:13.471+00:00,116.913,manual,Manual cook,temp,1950,115.2,,esp32,,0,,,,,,,,,,,,0,375.0,0.0,0.0,0,NONE
2026-09-24T17:52:13.972+00:00,117.414,manual,Manual cook,temp,1950,113.9,,esp32,,0,,,,,,,,,,,,0,375.0,0.0,0.0,0,NONE
2026-09-24T17:52:14.971+00:00,118.413,manual,Manual cook,temp,1950,114.8,,esp32,,0,,,,,,,,,,,,0,375.0,0.0,0.0,0,NONE
2026-09-24T17:52:15.472+00:00,118.915,manual,Manual cook,temp,1950,113.9,,esp32,,0,,,,,,,,,,,,0,375.0,0.0,0.0,0,NONE
2026-09-24T17:52:16.471+00:00,119.913,manual,Manual cook,temp,1950,113.9,,esp32,,0,,,,,,,,,,,,0,375.0,0.0,0.0,0,NONE
2026-09-24T17:52:17.471+00:00,120.913,manual,Manual cook,temp,1950,112.1,,esp32,,0,,,,,,,,,,,,0,375.0,0.0,0.0,0,NONE
2026-09-24T17:52:17.971+00:00,121.413,manual,Manual cook,temp,1950,113.9,,esp32,,0,,,,,,,,,,,,0,375.0,0.0,0.0,0,NONE
2026-09-24T17:52:18.471+00:00,121.913,manual,Manual cook,temp,1950,113.9,,esp32,,0,,,,,,,,,,,,0,375.0,0.0,0.0,0,NONE
2026-09-24T17:52:19.471+00:00,122.913,manual,Manual cook,temp,1950,113.0,,esp32,,0,,,,,,,,,,,,0,375.0,0.0,0.0,0,NONE
2026-09-24T17:52:20.471+00:00,123.913,manual,Manual cook,temp,1950,113.4,,esp32,,0,,,,,,,,,,,,0,375.0,0.0,0.0,0,NONE
2026-09-24T17:52:20.972+00:00,124.414,manual,Manual cook,temp,1950,113.0,,esp32,,0,,,,,,,,,,,,0,375.0,0.0,0.0,0,NONE
2026-09-24T17:52:21.971+00:00,125.413,manual,Manual cook,temp,1950,113.9,,esp32,,0,,,,,,,,,,,,0,375.0,0.0,0.0,0,NONE
2026-09-24T17:52:22.471+00:00,125.913,manual,Manual cook,temp,1950,113.4,,esp32,,0,,,,,,,,,,,,0,375.0,0.0,0.0,0,NONE
2026-09-24T17:52:22.971+00:00,126.413,manual,Manual cook,temp,1950,113.4,,esp32,,0,,,,,,,,,,,,0,375.0,0.0,0.0,0,NONE
2026-09-24T17:52:23.971+00:00,127.413,manual,Manual cook,temp,1950,113.4,,esp32,,0,,,,,,,,,,,,0,375.0,0.0,0.0,0,NONE
2026-09-24T17:52:24.471+00:00,127.913,manual,Manual cook,temp,1950,113.0,,esp32,,0,,,,,,,,,,,,0,375.0,0.0,0.0,0,NONE
2026-09-24T17:52:24.972+00:00,128.414,manual,Manual cook,temp,1950,112.6,,esp32,,0,,,,,,,,,,,,0,375.0,0.0,0.0,0,NONE
2026-09-24T17:52:25.971+00:00,129.413,manual,Manual cook,temp,1950,113.0,,esp32,,0,,,,,,,,,,,,0,375.0,0.0,0.0,0,NONE
2026-09-24T17:52:26.972+00:00,130.414,manual,Manual cook,temp,1950,112.6,,esp32,,0,,,,,,,,,,,,0,375.0,0.0,0.0,0,NONE
2026-09-24T17:52:27.473+00:00,130.915,manual,Manual cook,temp,1950,112.6,,esp32,,0,,,,,,,,,,,,0,375.0,0.0,0.0,0,NONE
2026-09-24T17:52:28.471+00:00,131.913,manual,Manual cook,temp,1950,113.4,,esp32,,0,,,,,,,,,,,,0,375.0,0.0,0.0,0,NONE
2026-09-24T17:52:29.471+00:00,132.913,manual,Manual cook,temp,1950,113.4,,esp32,,0,,,,,,,,,,,,0,375.0,0.0,0.0,0,NONE
2026-09-24T17:52:30.471+00:00,133.913,manual,Manual cook,temp,1950,112.1,,esp32,,0,,,,,,,,,,,,0,375.0,0.0,0.0,0,NONE
2026-09-24T17:52:30.971+00:00,134.413,manual,Manual cook,temp,1950,113.0,,esp32,,0,,,,,,,,,,,,0,375.0,0.0,0.0,0,NONE
2026-09-24T17:52:31.971+00:00,135.413,manual,Manual cook,temp,1950,113.4,,esp32,,0,,,,,,,,,,,,0,375.0,0.0,0.0,0,NONE
2026-09-24T17:52:32.471+00:00,135.913,manual,Manual cook,temp,1950,113.4,,esp32,,0,,,,,,,,,,,,0,375.0,0.0,0.0,0,NONE
2026-09-24T17:52:32.972+00:00,136.414,manual,Manual cook,temp,1950,113.4,,esp32,,0,,,,,,,,,,,,0,375.0,0.0,0.0,0,NONE
2026-09-24T17:52:33.971+00:00,137.413,manual,Manual cook,temp,1950,113.4,,esp32,,0,,,,,,,,,,,,0,375.0,0.0,0.0,0,NONE
2026-09-24T17:52:34.971+00:00,138.413,manual,Manual cook,temp,1950,113.4,,esp32,,0,,,,,,,,,,,,0,375.0,0.0,0.0,0,NONE
2026-09-24T17:52:35.971+00:00,139.413,manual,Manual cook,temp,1950,113.4,,esp32,,0,,,,,,,,,,,,0,375.0,0.0,0.0,0,NONE
2026-09-24T17:52:36.971+00:00,140.413,manual,Manual cook,temp,1950,113.4,,esp32,,0,,,,,,,,,,,,0,375.0,0.0,0.0,0,NONE
2026-09-24T17:52:37.970+00:00,141.413,manual,Manual cook,temp,1950,113.0,,esp32,,0,,,,,,,,,,,,0,375.0,0.0,0.0,0,NONE
2026-09-24T17:52:38.471+00:00,141.913,manual,Manual cook,temp,1950,113.4,,esp32,,0,,,,,,,,,,,,0,375.0,0.0,0.0,0,NONE
2026-09-24T17:52:38.971+00:00,142.413,manual,Manual cook,temp,1950,114.3,,esp32,,0,,,,,,,,,,,,0,375.0,0.0,0.0,0,NONE
2026-09-24T17:52:39.970+00:00,143.412,manual,Manual cook,temp,1950,113.4,,esp32,,0,,,,,,,,,,,,0,375.0,0.0,0.0,0,NONE
2026-09-24T17:52:40.971+00:00,144.413,manual,Manual cook,temp,1950,113.9,,esp32,,0,,,,,,,,,,,,0,375.0,0.0,0.0,0,NONE
2026-09-24T17:52:41.970+00:00,145.413,manual,Manual cook,temp,1950,113.9,,esp32,,0,,,,,,,,,,,,0,375.0,0.0,0.0,0,NONE
2026-09-24T17:52:42.970+00:00,146.412,manual,Manual cook,temp,1950,113.0,,esp32,,0,,,,,,,,,,,,0,375.0,0.0,0.0,0,NONE
2026-09-24T17:52:43.470+00:00,146.912,manual,Manual cook,temp,1950,113.9,,esp32,,0,,,,,,,,,,,,0,375.0,0.0,0.0,0,NONE
2026-09-24T17:52:44.471+00:00,147.913,manual,Manual cook,temp,1950,113.4,,esp32,,0,,,,,,,,,,,,0,375.0,0.0,0.0,0,NONE
2026-09-24T17:52:45.474+00:00,148.916,manual,Manual cook,temp,1950,113.9,,esp32,,0,,,,,,,,,,,,0,375.0,0.0,0.0,0,NONE
2026-09-24T17:52:46.470+00:00,149.912,manual,Manual cook,temp,1950,113.4,,esp32,,0,,,,,,,,,,,,0,375.0,0.0,0.0,0,NONE
2026-09-24T17:52:47.470+00:00,150.912,manual,Manual cook,temp,1950,113.4,,esp32,,0,,,,,,,,,,,,0,375.0,0.0,0.0,0,NONE
2026-09-24T17:52:48.470+00:00,151.912,manual,Manual cook,temp,1950,112.6,,esp32,,0,,,,,,,,,,,,0,375.0,0.0,0.0,0,NONE
2026-09-24T17:52:49.470+00:00,152.912,manual,Manual cook,temp,1950,113.0,,esp32,,0,,,,,,,,,,,,0,375.0,0.0,0.0,0,NONE
2026-09-24T17:52:50.473+00:00,153.915,manual,Manual cook,temp,1950,112.1,,esp32,,0,,,,,,,,,,,,0,375.0,0.0,0.0,0,NONE
2026-09-24T17:52:51.470+00:00,154.912,manual,Manual cook,temp,1950,111.7,,esp32,,0,,,,,,,,,,,,0,375.0,0.0,0.0,0,NONE
2026-09-24T17:52:51.970+00:00,155.412,manual,Manual cook,temp,1950,113.0,,esp32,,0,,,,,,,,,,,,0,375.0,0.0,0.0,0,NONE
2026-09-24T17:52:52.970+00:00,156.412,manual,Manual cook,temp,1950,112.1,,esp32,,0,,,,,,,,,,,,0,375.0,0.0,0.0,0,NONE
2026-09-24T17:52:53.970+00:00,157.412,manual,Manual cook,temp,1950,112.1,,esp32,,0,,,,,,,,,,,,0,375.0,0.0,0.0,0,NONE
2026-09-24T17:52:54.970+00:00,158.412,manual,Manual cook,temp,1950,112.1,,esp32,,0,,,,,,,,,,,,0,375.0,0.0,0.0,0,NONE
2026-09-24T17:52:55.971+00:00,159.413,manual,Manual cook,temp,1950,112.6,,esp32,,0,,,,,,,,,,,,0,375.0,0.0,0.0,0,NONE
2026-09-24T17:52:56.970+00:00,160.412,manual,Manual cook,temp,1950,111.2,,esp32,,0,,,,,,,,,,,,0,375.0,0.0,0.0,0,NONE
2026-09-24T17:52:57.970+00:00,161.412,manual,Manual cook,temp,1950,112.6,,esp32,,0,,,,,,,,,,,,0,375.0,0.0,0.0,0,NONE
2026-09-24T17:52:58.470+00:00,161.912,manual,Manual cook,temp,1950,111.2,,esp32,,0,,,,,,,,,,,,0,375.0,0.0,0.0,0,NONE
2026-09-24T17:52:58.970+00:00,162.412,manual,Manual cook,temp,1950,111.2,,esp32,,0,,,,,,,,,,,,0,375.0,0.0,0.0,0,NONE
2026-09-24T17:52:59.970+00:00,163.412,manual,Manual cook,temp,1950,111.2,,esp32,,0,,,,,,,,,,,,0,375.0,0.0,0.0,0,NONE
2026-09-24T17:53:00.970+00:00,164.412,manual,Manual cook,temp,1950,111.2,,esp32,,0,,,,,,,,,,,,0,375.0,0.0,0.0,0,NONE
2026-09-24T17:53:01.971+00:00,165.413,manual,Manual cook,temp,1950,111.7,,esp32,,0,,,,,,,,,,,,0,375.0,0.0,0.0,0,NONE
2026-09-24T17:53:02.970+00:00,166.412,manual,Manual cook,temp,1950,111.7,,esp32,,0,,,,,,,,,,,,0,375.0,0.0,0.0,0,NONE
2026-09-24T17:53:03.970+00:00,167.412,manual,Manual cook,temp,1950,112.1,,esp32,,0,,,,,,,,,,,,0,375.0,0.0,0.0,0,NONE
2026-09-24T17:53:04.970+00:00,168.412,manual,Manual cook,temp,1950,111.7,,esp32,,0,,,,,,,,,,,,0,375.0,0.0,0.0,0,NONE
2026-09-24T17:53:05.470+00:00,168.912,manual,Manual cook,temp,1950,111.2,,esp32,,0,,,,,,,,,,,,0,375.0,0.0,0.0,0,NONE
2026-09-24T17:53:06.470+00:00,169.912,manual,Manual cook,temp,1950,112.1,,esp32,,0,,,,,,,,,,,,0,375.0,0.0,0.0,0,NONE
2026-09-24T17:53:07.470+00:00,170.912,manual,Manual cook,temp,1950,111.2,,esp32,,0,,,,,,,,,,,,0,375.0,0.0,0.0,0,NONE
2026-09-24T17:53:08.470+00:00,171.912,manual,Manual cook,temp,1950,110.7,,esp32,,0,,,,,,,,,,,,0,375.0,0.0,0.0,0,NONE
2026-09-24T17:53:09.470+00:00,172.912,manual,Manual cook,temp,1950,110.7,,esp32,,0,,,,,,,,,,,,0,375.0,0.0,0.0,0,NONE
2026-09-24T17:53:09.970+00:00,173.412,manual,Manual cook,temp,1950,111.2,,esp32,,0,,,,,,,,,,,,0,375.0,0.0,0.0,0,NONE
2026-09-24T17:53:10.970+00:00,174.412,manual,Manual cook,temp,1950,110.3,,esp32,,0,,,,,,,,,,,,0,375.0,0.0,0.0,0,NONE
2026-09-24T17:53:11.470+00:00,174.912,manual,Manual cook,temp,1950,110.3,,esp32,,0,,,,,,,,,,,,0,375.0,0.0,0.0,0,NONE
2026-09-24T17:53:12.470+00:00,175.912,manual,Manual cook,temp,1950,110.3,,esp32,,0,,,,,,,,,,,,0,375.0,0.0,0.0,0,NONE
2026-09-24T17:53:13.469+00:00,176.912,manual,Manual cook,temp,1950,109.8,,esp32,,0,,,,,,,,,,,,0,375.0,0.0,0.0,0,NONE
2026-09-24T17:53:13.969+00:00,177.412,manual,Manual cook,temp,1950,109.4,,esp32,,0,,,,,,,,,,,,0,375.0,0.0,0.0,0,NONE
2026-09-24T17:53:14.969+00:00,178.412,manual,Manual cook,temp,1950,109.8,,esp32,,0,,,,,,,,,,,,0,375.0,0.0,0.0,0,NONE
2026-09-24T17:53:15.969+00:00,179.411,manual,Manual cook,temp,1950,110.3,,esp32,,0,,,,,,,,,,,,0,375.0,0.0,0.0,0,NONE
2026-09-24T17:53:16.470+00:00,179.912,manual,Manual cook,temp,1950,109.4,,esp32,,0,,,,,,,,,,,,0,375.0,0.0,0.0,0,NONE
2026-09-24T17:53:16.970+00:00,180.412,manual,Manual cook,temp,1950,110.3,,esp32,,0,,,,,,,,,,,,0,375.0,0.0,0.0,0,NONE
2026-09-24T17:53:17.969+00:00,181.411,manual,Manual cook,temp,1950,109.4,,esp32,,0,,,,,,,,,,,,0,375.0,0.0,0.0,0,NONE
2026-09-24T17:53:18.471+00:00,181.913,manual,Manual cook,temp,1950,109.8,,esp32,,0,,,,,,,,,,,,0,375.0,0.0,0.0,0,NONE
2026-09-24T17:53:19.470+00:00,182.912,manual,Manual cook,temp,1950,109.4,,esp32,,0,,,,,,,,,,,,0,375.0,0.0,0.0,0,NONE
2026-09-24T17:53:20.469+00:00,183.911,manual,Manual cook,temp,1950,110.3,,esp32,,0,,,,,,,,,,,,0,375.0,0.0,0.0,0,NONE
2026-09-24T17:53:20.969+00:00,184.411,manual,Manual cook,temp,1950,108.1,,esp32,,0,,,,,,,,,,,,0,375.0,0.0,0.0,0,NONE
2026-09-24T17:53:21.469+00:00,184.911,manual,Manual cook,temp,1950,109.4,,esp32,,0,,,,,,,,,,,,0,375.0,0.0,0.0,0,NONE
2026-09-24T17:53:22.469+00:00,185.911,manual,Manual cook,temp,1950,108.9,,esp32,,0,,,,,,,,,,,,0,375.0,0.0,0.0,0,NONE
2026-09-24T17:53:22.969+00:00,186.411,manual,Manual cook,temp,1950,109.8,,esp32,,0,,,,,,,,,,,,0,375.0,0.0,0.0,0,NONE
2026-09-24T17:53:23.970+00:00,187.412,manual,Manual cook,temp,1950,109.4,,esp32,,0,,,,,,,,,,,,0,375.0,0.0,0.0,0,NONE
2026-09-24T17:53:24.969+00:00,188.411,manual,Manual cook,temp,1950,108.9,,esp32,,0,,,,,,,,,,,,0,375.0,0.0,0.0,0,NONE
2026-09-24T17:53:25.469+00:00,188.911,manual,Manual cook,temp,1950,108.5,,esp32,,0,,,,,,,,,,,,0,375.0,0.0,0.0,0,NONE
2026-09-24T17:53:25.969+00:00,189.411,manual,Manual cook,temp,1950,108.9,,esp32,,0,,,,,,,,,,,,0,375.0,0.0,0.0,0,NONE
2026-09-24T17:53:26.969+00:00,190.411,manual,Manual cook,temp,1950,108.9,,esp32,,0,,,,,,,,,,,,0,375.0,0.0,0.0,0,NONE
2026-09-24T17:53:27.969+00:00,191.411,manual,Manual cook,temp,1950,108.5,,esp32,,0,,,,,,,,,,,,0,375.0,0.0,0.0,0,NONE
2026-09-24T17:53:28.969+00:00,192.411,manual,Manual cook,temp,1950,108.1,,esp32,,0,,,,,,,,,,,,0,375.0,0.0,0.0,0,NONE
2026-09-24T17:53:29.970+00:00,193.412,manual,Manual cook,temp,1950,108.5,,esp32,,0,,,,,,,,,,,,0,375.0,0.0,0.0,0,NONE
2026-09-24T17:53:30.969+00:00,194.411,manual,Manual cook,temp,1950,107.6,,esp32,,0,,,,,,,,,,,,0,375.0,0.0,0.0,0,NONE
2026-09-24T17:53:31.969+00:00,195.411,manual,Manual cook,temp,1950,109.4,,esp32,,0,,,,,,,,,,,,0,375.0,0.0,0.0,0,NONE
2026-09-24T17:53:32.969+00:00,196.411,manual,Manual cook,temp,1950,108.5,,esp32,,0,,,,,,,,,,,,0,375.0,0.0,0.0,0,NONE
2026-09-24T17:53:33.969+00:00,197.411,manual,Manual cook,temp,1950,106.2,,esp32,,0,,,,,,,,,,,,0,375.0,0.0,0.0,0,NONE
2026-09-24T17:53:34.469+00:00,197.911,manual,Manual cook,temp,1950,105.8,,esp32,,0,,,,,,,,,,,,0,375.0,0.0,0.0,0,NONE
2026-09-24T17:53:35.469+00:00,198.911,manual,Manual cook,temp,1950,108.1,,esp32,,0,,,,,,,,,,,,0,375.0,0.0,0.0,0,NONE
2026-09-24T17:53:35.969+00:00,199.411,manual,Manual cook,temp,1950,107.6,,esp32,,0,,,,,,,,,,,,0,375.0,0.0,0.0,0,NONE
2026-09-24T17:53:36.470+00:00,199.912,manual,Manual cook,temp,1950,107.6,,esp32,,0,,,,,,,,,,,,0,375.0,0.0,0.0,0,NONE
2026-09-24T17:53:36.976+00:00,200.419,manual,Manual cook,temp,1950,108.5,,esp32,,0,,,,,,,,,,,,0,375.0,0.0,0.0,0,NONE
2026-09-24T17:53:37.969+00:00,201.411,manual,Manual cook,temp,1950,108.9,,esp32,,0,,,,,,,,,,,,0,375.0,0.0,0.0,0,NONE
2026-09-24T17:53:38.969+00:00,202.411,manual,Manual cook,temp,1950,108.1,,esp32,,0,,,,,,,,,,,,0,375.0,0.0,0.0,0,NONE
2026-09-24T17:53:39.469+00:00,202.911,manual,Manual cook,temp,1950,108.5,,esp32,,0,,,,,,,,,,,,0,375.0,0.0,0.0,0,NONE
2026-09-24T17:53:40.469+00:00,203.911,manual,Manual cook,temp,1950,108.5,,esp32,,0,,,,,,,,,,,,0,375.0,0.0,0.0,0,NONE
2026-09-24T17:53:40.969+00:00,204.411,manual,Manual cook,temp,1950,108.5,,esp32,,0,,,,,,,,,,,,0,375.0,0.0,0.0,0,NONE
2026-09-24T17:53:41.969+00:00,205.411,manual,Manual cook,temp,1950,107.6,,esp32,,0,,,,,,,,,,,,0,375.0,0.0,0.0,0,NONE
2026-09-24T17:53:42.469+00:00,205.911,manual,Manual cook,temp,1950,107.6,,esp32,,0,,,,,,,,,,,,0,375.0,0.0,0.0,0,NONE
2026-09-24T17:53:43.469+00:00,206.911,manual,Manual cook,temp,1950,107.6,,esp32,,0,,,,,,,,,,,,0,375.0,0.0,0.0,0,NONE
2026-09-24T17:53:43.969+00:00,207.411,manual,Manual cook,temp,1950,108.1,,esp32,,0,,,,,,,,,,,,0,375.0,0.0,0.0,0,NONE
2026-09-24T17:53:44.969+00:00,208.411,manual,Manual cook,temp,1950,107.6,,esp32,,0,,,,,,,,,,,,0,375.0,0.0,0.0,0,NONE
2026-09-24T17:53:45.469+00:00,208.911,manual,Manual cook,temp,1950,107.2,,esp32,,0,,,,,,,,,,,,0,375.0,0.0,0.0,0,NONE
2026-09-24T17:53:46.469+00:00,209.911,manual,Manual cook,temp,1950,106.7,,esp32,,0,,,,,,,,,,,,0,375.0,0.0,0.0,0,NONE
2026-09-24T17:53:46.969+00:00,210.411,manual,Manual cook,temp,1950,106.7,,esp32,,0,,,,,,,,,,,,0,375.0,0.0,0.0,0,NONE
2026-09-24T17:53:47.969+00:00,211.411,manual,Manual cook,temp,1950,108.1,,esp32,,0,,,,,,,,,,,,0,375.0,0.0,0.0,0,NONE
2026-09-24T17:53:48.969+00:00,212.411,manual,Manual cook,temp,1950,108.5,,esp32,,0,,,,,,,,,,,,0,375.0,0.0,0.0,0,NONE
2026-09-24T17:53:49.469+00:00,212.911,manual,Manual cook,temp,1950,107.6,,esp32,,0,,,,,,,,,,,,0,375.0,0.0,0.0,0,NONE
2026-09-24T17:53:50.468+00:00,213.910,manual,Manual cook,temp,1950,108.5,,esp32,,0,,,,,,,,,,,,0,375.0,0.0,0.0,0,NONE
2026-09-24T17:53:50.969+00:00,214.411,manual,Manual cook,temp,1950,107.2,,esp32,,0,,,,,,,,,,,,0,375.0,0.0,0.0,0,NONE
2026-09-24T17:53:51.969+00:00,215.411,manual,Manual cook,temp,1950,107.2,,esp32,,0,,,,,,,,,,,,0,375.0,0.0,0.0,0,NONE
2026-09-24T17:53:52.969+00:00,216.411,manual,Manual cook,temp,1950,108.1,,esp32,,0,,,,,,,,,,,,0,375.0,0.0,0.0,0,NONE
2026-09-24T17:53:53.469+00:00,216.911,manual,Manual cook,temp,1950,106.7,,esp32,,0,,,,,,,,,,,,0,375.0,0.0,0.0,0,NONE
2026-09-24T17:53:53.969+00:00,217.411,manual,Manual cook,temp,1950,107.6,,esp32,,0,,,,,,,,,,,,0,375.0,0.0,0.0,0,NONE
2026-09-24T17:53:54.469+00:00,217.911,manual,Manual cook,temp,1950,108.5,,esp32,,0,,,,,,,,,,,,0,375.0,0.0,0.0,0,NONE
2026-09-24T17:53:55.469+00:00,218.911,manual,Manual cook,temp,1950,107.6,,esp32,,0,,,,,,,,,,,,0,375.0,0.0,0.0,0,NONE
2026-09-24T17:53:56.468+00:00,219.911,manual,Manual cook,temp,1950,107.6,,esp32,,0,,,,,,,,,,,,0,375.0,0.0,0.0,0,NONE
2026-09-24T17:53:56.969+00:00,220.411,manual,Manual cook,temp,1950,108.1,,esp32,,0,,,,,,,,,,,,0,375.0,0.0,0.0,0,NONE
2026-09-24T17:53:57.968+00:00,221.411,manual,Manual cook,temp,1950,106.7,,esp32,,0,,,,,,,,,,,,0,375.0,0.0,0.0,0,NONE
2026-09-24T17:53:58.968+00:00,222.410,manual,Manual cook,temp,1950,106.7,,esp32,,0,,,,,,,,,,,,0,375.0,0.0,0.0,0,NONE
2026-09-24T17:53:59.469+00:00,222.911,manual,Manual cook,temp,1950,107.2,,esp32,,0,,,,,,,,,,,,0,375.0,0.0,0.0,0,NONE
2026-09-24T17:54:00.468+00:00,223.910,manual,Manual cook,temp,1950,107.2,,esp32,,0,,,,,,,,,,,,0,375.0,0.0,0.0,0,NONE
2026-09-24T17:54:00.968+00:00,224.410,manual,Manual cook,temp,1950,107.2,,esp32,,0,,,,,,,,,,,,0,375.0,0.0,0.0,0,NONE
2026-09-24T17:54:01.468+00:00,224.910,manual,Manual cook,temp,1950,107.2,,esp32,,0,,,,,,,,,,,,0,375.0,0.0,0.0,0,NONE
2026-09-24T17:54:02.468+00:00,225.910,manual,Manual cook,temp,1950,107.6,,esp32,,0,,,,,,,,,,,,0,375.0,0.0,0.0,0,NONE
2026-09-24T17:54:03.468+00:00,226.910,manual,Manual cook,temp,1950,107.2,,esp32,,0,,,,,,,,,,,,0,375.0,0.0,0.0,0,NONE
2026-09-24T17:54:03.968+00:00,227.410,manual,Manual cook,temp,1950,107.2,,esp32,,0,,,,,,,,,,,,0,375.0,0.0,0.0,0,NONE
2026-09-24T17:54:04.969+00:00,228.411,manual,Manual cook,temp,1950,107.6,,esp32,,0,,,,,,,,,,,,0,375.0,0.0,0.0,0,NONE
2026-09-24T17:54:05.968+00:00,229.410,manual,Manual cook,temp,1950,107.2,,esp32,,0,,,,,,,,,,,,0,375.0,0.0,0.0,0,NONE
2026-09-24T17:54:06.968+00:00,230.410,manual,Manual cook,temp,1950,107.6,,esp32,,0,,,,,,,,,,,,0,375.0,0.0,0.0,0,NONE
2026-09-24T17:54:07.968+00:00,231.410,manual,Manual cook,temp,1950,107.2,,esp32,,0,,,,,,,,,,,,0,375.0,0.0,0.0,0,NONE
2026-09-24T17:54:08.968+00:00,232.410,manual,Manual cook,temp,1950,108.1,,esp32,,0,,,,,,,,,,,,0,375.0,0.0,0.0,0,NONE
2026-09-24T17:54:09.468+00:00,232.910,manual,Manual cook,temp,1950,108.1,,esp32,,0,,,,,,,,,,,,0,375.0,0.0,0.0,0,NONE
2026-09-24T17:54:10.468+00:00,233.910,manual,Manual cook,temp,1950,108.5,,esp32,,0,,,,,,,,,,,,0,375.0,0.0,0.0,0,NONE
2026-09-24T17:54:11.468+00:00,234.910,manual,Manual cook,temp,1950,108.5,,esp32,,0,,,,,,,,,,,,0,375.0,0.0,0.0,0,NONE
2026-09-24T17:54:12.468+00:00,235.910,manual,Manual cook,temp,1950,107.6,,esp32,,0,,,,,,,,,,,,0,375.0,0.0,0.0,0,NONE
2026-09-24T17:54:12.968+00:00,236.410,manual,Manual cook,temp,1950,107.2,,esp32,,0,,,,,,,,,,,,0,375.0,0.0,0.0,0,NONE
2026-09-24T17:54:13.469+00:00,236.911,manual,Manual cook,temp,1950,107.2,,esp32,,0,,,,,,,,,,,,0,375.0,0.0,0.0,0,NONE
2026-09-24T17:54:14.468+00:00,237.910,manual,Manual cook,temp,1950,107.2,,esp32,,0,,,,,,,,,,,,0,375.0,0.0,0.0,0,NONE
2026-09-24T17:54:15.468+00:00,238.910,manual,Manual cook,temp,1950,106.7,,esp32,,0,,,,,,,,,,,,0,375.0,0.0,0.0,0,NONE
2026-09-24T17:54:15.968+00:00,239.410,manual,Manual cook,temp,1950,107.2,,esp32,,0,,,,,,,,,,,,0,375.0,0.0,0.0,0,NONE
2026-09-24T17:54:16.469+00:00,239.911,manual,Manual cook,temp,1950,107.2,,esp32,,0,,,,,,,,,,,,0,375.0,0.0,0.0,0,NONE
2026-09-24T17:54:17.469+00:00,240.912,manual,Manual cook,temp,1950,107.6,,esp32,,0,,,,,,,,,,,,0,375.0,0.0,0.0,0,NONE
2026-09-24T17:54:18.468+00:00,241.910,manual,Manual cook,temp,1950,106.7,,esp32,,0,,,,,,,,,,,,0,375.0,0.0,0.0,0,NONE
2026-09-24T17:54:19.468+00:00,242.910,manual,Manual cook,temp,1950,107.6,,esp32,,0,,,,,,,,,,,,0,375.0,0.0,0.0,0,NONE
2026-09-24T17:54:19.968+00:00,243.410,manual,Manual cook,temp,1950,106.2,,esp32,,0,,,,,,,,,,,,0,375.0,0.0,0.0,0,NONE
2026-09-24T17:54:20.468+00:00,243.910,manual,Manual cook,temp,1950,106.7,,esp32,,0,,,,,,,,,,,,0,375.0,0.0,0.0,0,NONE
2026-09-24T17:54:21.468+00:00,244.910,manual,Manual cook,temp,1950,106.7,,esp32,,0,,,,,,,,,,,,0,375.0,0.0,0.0,0,NONE
2026-09-24T17:54:21.968+00:00,245.410,manual,Manual cook,temp,1950,107.2,,esp32,,0,,,,,,,,,,,,0,375.0,0.0,0.0,0,NONE
2026-09-24T17:54:22.969+00:00,246.411,manual,Manual cook,temp,1950,107.2,,esp32,,0,,,,,,,,,,,,0,375.0,0.0,0.0,0,NONE
2026-09-24T17:54:23.968+00:00,247.410,manual,Manual cook,temp,1950,106.2,,esp32,,0,,,,,,,,,,,,0,375.0,0.0,0.0,0,NONE
2026-09-24T17:54:24.968+00:00,248.410,manual,Manual cook,temp,1950,105.8,,esp32,,0,,,,,,,,,,,,0,375.0,0.0,0.0,0,NONE
2026-09-24T17:54:25.468+00:00,248.910,manual,Manual cook,temp,1950,107.2,,esp32,,0,,,,,,,,,,,,0,375.0,0.0,0.0,0,NONE
2026-09-24T17:54:25.968+00:00,249.410,manual,Manual cook,temp,1950,107.2,,esp32,,0,,,,,,,,,,,,0,375.0,0.0,0.0,0,NONE
2026-09-24T17:54:26.968+00:00,250.410,manual,Manual cook,temp,1950,107.2,,esp32,,0,,,,,,,,,,,,0,375.0,0.0,0.0,0,NONE
2026-09-24T17:54:27.968+00:00,251.410,manual,Manual cook,temp,1950,106.7,,esp32,,0,,,,,,,,,,,,0,375.0,0.0,0.0,0,NONE
2026-09-24T17:54:28.468+00:00,251.910,manual,Manual cook,temp,1950,106.2,,esp32,,0,,,,,,,,,,,,0,375.0,0.0,0.0,0,NONE
2026-09-24T17:54:29.469+00:00,252.911,manual,Manual cook,temp,1950,106.2,,esp32,,0,,,,,,,,,,,,0,375.0,0.0,0.0,0,NONE
2026-09-24T17:54:30.467+00:00,253.909,manual,Manual cook,temp,1950,106.7,,esp32,,0,,,,,,,,,,,,0,375.0,0.0,0.0,0,NONE
2026-09-24T17:54:30.968+00:00,254.410,manual,Manual cook,temp,1950,106.2,,esp32,,0,,,,,,,,,,,,0,375.0,0.0,0.0,0,NONE
2026-09-24T17:54:31.968+00:00,255.410,manual,Manual cook,temp,1950,106.2,,esp32,,0,,,,,,,,,,,,0,375.0,0.0,0.0,0,NONE
2026-09-24T17:54:32.967+00:00,256.409,manual,Manual cook,temp,1950,104.9,,esp32,,0,,,,,,,,,,,,0,375.0,0.0,0.0,0,NONE
2026-09-24T17:54:33.468+00:00,256.910,manual,Manual cook,temp,1950,105.8,,esp32,,0,,,,,,,,,,,,0,375.0,0.0,0.0,0,NONE
2026-09-24T17:54:34.468+00:00,257.910,manual,Manual cook,temp,1950,104.4,,esp32,,0,,,,,,,,,,,,0,375.0,0.0,0.0,0,NONE
2026-09-24T17:54:35.467+00:00,258.909,manual,Manual cook,temp,1950,105.3,,esp32,,0,,,,,,,,,,,,0,375.0,0.0,0.0,0,NONE
2026-09-24T17:54:36.467+00:00,259.909,manual,Manual cook,temp,1950,104.9,,esp32,,0,,,,,,,,,,,,0,375.0,0.0,0.0,0,NONE
2026-09-24T17:54:37.468+00:00,260.910,manual,Manual cook,temp,1950,104.9,,esp32,,0,,,,,,,,,,,,0,375.0,0.0,0.0,0,NONE
2026-09-24T17:54:38.467+00:00,261.909,manual,Manual cook,temp,1950,104.4,,esp32,,0,,,,,,,,,,,,0,375.0,0.0,0.0,0,NONE
2026-09-24T17:54:38.968+00:00,262.410,manual,Manual cook,temp,1950,104.9,,esp32,,0,,,,,,,,,,,,0,375.0,0.0,0.0,0,NONE
2026-09-24T17:54:39.967+00:00,263.409,manual,Manual cook,temp,1950,105.3,,esp32,,0,,,,,,,,,,,,0,375.0,0.0,0.0,0,NONE
2026-09-24T17:54:40.967+00:00,264.409,manual,Manual cook,temp,1950,104.4,,esp32,,0,,,,,,,,,,,,0,375.0,0.0,0.0,0,NONE
2026-09-24T17:54:41.467+00:00,264.909,manual,Manual cook,temp,1950,104.0,,esp32,,0,,,,,,,,,,,,0,375.0,0.0,0.0,0,NONE
2026-09-24T17:54:42.467+00:00,265.909,manual,Manual cook,temp,1950,103.6,,esp32,,0,,,,,,,,,,,,0,375.0,0.0,0.0,0,NONE
2026-09-24T17:54:43.467+00:00,266.909,manual,Manual cook,temp,1950,104.4,,esp32,,0,,,,,,,,,,,,0,375.0,0.0,0.0,0,NONE
2026-09-24T17:54:44.468+00:00,267.910,manual,Manual cook,temp,1950,103.1,,esp32,,0,,,,,,,,,,,,0,375.0,0.0,0.0,0,NONE
2026-09-24T17:54:45.467+00:00,268.909,manual,Manual cook,temp,1950,104.4,,esp32,,0,,,,,,,,,,,,0,375.0,0.0,0.0,0,NONE
2026-09-24T17:54:45.968+00:00,269.410,manual,Manual cook,temp,1950,104.0,,esp32,,0,,,,,,,,,,,,0,375.0,0.0,0.0,0,NONE
2026-09-24T17:54:46.967+00:00,270.409,manual,Manual cook,temp,1950,103.1,,esp32,,0,,,,,,,,,,,,0,375.0,0.0,0.0,0,NONE
2026-09-24T17:54:47.967+00:00,271.409,manual,Manual cook,temp,1950,103.1,,esp32,,0,,,,,,,,,,,,0,375.0,0.0,0.0,0,NONE
2026-09-24T17:54:48.967+00:00,272.409,manual,Manual cook,temp,1950,104.0,,esp32,,0,,,,,,,,,,,,0,375.0,0.0,0.0,0,NONE
2026-09-24T17:54:49.967+00:00,273.409,manual,Manual cook,temp,1950,103.1,,esp32,,0,,,,,,,,,,,,0,375.0,0.0,0.0,0,NONE
2026-09-24T17:54:50.967+00:00,274.409,manual,Manual cook,temp,1950,103.6,,esp32,,0,,,,,,,,,,,,0,375.0,0.0,0.0,0,NONE
2026-09-24T17:54:51.467+00:00,274.909,manual,Manual cook,temp,1950,104.0,,esp32,,0,,,,,,,,,,,,0,375.0,0.0,0.0,0,NONE
2026-09-24T17:54:51.967+00:00,275.409,manual,Manual cook,temp,1950,103.6,,esp32,,0,,,,,,,,,,,,0,375.0,0.0,0.0,0,NONE
2026-09-24T17:54:52.967+00:00,276.409,manual,Manual cook,temp,1950,102.7,,esp32,,0,,,,,,,,,,,,0,375.0,0.0,0.0,0,NONE
2026-09-24T17:54:53.967+00:00,277.409,manual,Manual cook,temp,1950,103.1,,esp32,,0,,,,,,,,,,,,0,375.0,0.0,0.0,0,NONE
2026-09-24T17:54:54.467+00:00,277.909,manual,Manual cook,temp,1950,103.6,,esp32,,0,,,,,,,,,,,,0,375.0,0.0,0.0,0,NONE
2026-09-24T17:54:54.968+00:00,278.410,manual,Manual cook,temp,1950,102.2,,esp32,,0,,,,,,,,,,,,0,375.0,0.0,0.0,0,NONE
2026-09-24T17:54:55.967+00:00,279.409,manual,Manual cook,temp,1950,102.7,,esp32,,0,,,,,,,,,,,,0,375.0,0.0,0.0,0,NONE
2026-09-24T17:54:56.467+00:00,279.909,manual,Manual cook,temp,1950,102.7,,esp32,,0,,,,,,,,,,,,0,375.0,0.0,0.0,0,NONE
2026-09-24T17:54:56.968+00:00,280.410,manual,Manual cook,temp,1950,103.1,,esp32,,0,,,,,,,,,,,,0,375.0,0.0,0.0,0,NONE
2026-09-24T17:54:57.967+00:00,281.409,manual,Manual cook,temp,1950,101.7,,esp32,,0,,,,,,,,,,,,0,375.0,0.0,0.0,0,NONE
2026-09-24T17:54:58.967+00:00,282.409,manual,Manual cook,temp,1950,103.1,,esp32,,0,,,,,,,,,,,,0,375.0,0.0,0.0,0,NONE
2026-09-24T17:54:59.469+00:00,282.911,manual,Manual cook,temp,1950,102.7,,esp32,,0,,,,,,,,,,,,0,375.0,0.0,0.0,0,NONE
2026-09-24T17:55:00.467+00:00,283.909,manual,Manual cook,temp,1950,101.7,,esp32,,0,,,,,,,,,,,,0,375.0,0.0,0.0,0,NONE
2026-09-24T17:55:01.467+00:00,284.909,manual,Manual cook,temp,1950,102.7,,esp32,,0,,,,,,,,,,,,0,375.0,0.0,0.0,0,NONE
2026-09-24T17:55:02.467+00:00,285.909,manual,Manual cook,temp,1950,102.2,,esp32,,0,,,,,,,,,,,,0,375.0,0.0,0.0,0,NONE
2026-09-24T17:55:02.968+00:00,286.410,manual,Manual cook,temp,1950,103.6,,esp32,,0,,,,,,,,,,,,0,375.0,0.0,0.0,0,NONE
2026-09-24T17:55:03.967+00:00,287.409,manual,Manual cook,temp,1950,102.2,,esp32,,0,,,,,,,,,,,,0,375.0,0.0,0.0,0,NONE
2026-09-24T17:55:04.967+00:00,288.409,manual,Manual cook,temp,1950,102.2,,esp32,,0,,,,,,,,,,,,0,375.0,0.0,0.0,0,NONE
2026-09-24T17:55:05.467+00:00,288.909,manual,Manual cook,temp,1950,102.2,,esp32,,0,,,,,,,,,,,,0,375.0,0.0,0.0,0,NONE
2026-09-24T17:55:06.467+00:00,289.909,manual,Manual cook,temp,1950,102.7,,esp32,,0,,,,,,,,,,,,0,375.0,0.0,0.0,0,NONE
2026-09-24T17:55:07.466+00:00,290.908,manual,Manual cook,temp,1950,102.7,,esp32,,0,,,,,,,,,,,,0,375.0,0.0,0.0,0,NONE
2026-09-24T17:55:07.967+00:00,291.409,manual,Manual cook,temp,1950,103.1,,esp32,,0,,,,,,,,,,,,0,375.0,0.0,0.0,0,NONE
2026-09-24T17:55:08.967+00:00,292.409,manual,Manual cook,temp,1950,101.7,,esp32,,0,,,,,,,,,,,,0,375.0,0.0,0.0,0,NONE
2026-09-24T17:55:09.966+00:00,293.408,manual,Manual cook,temp,1950,103.6,,esp32,,0,,,,,,,,,,,,0,375.0,0.0,0.0,0,NONE
2026-09-24T17:55:10.466+00:00,293.909,manual,Manual cook,temp,1950,103.6,,esp32,,0,,,,,,,,,,,,0,375.0,0.0,0.0,0,NONE
2026-09-24T17:55:10.967+00:00,294.409,manual,Manual cook,temp,1950,103.6,,esp32,,0,,,,,,,,,,,,0,375.0,0.0,0.0,0,NONE
2026-09-24T17:55:11.467+00:00,294.909,manual,Manual cook,temp,1950,102.7,,esp32,,0,,,,,,,,,,,,0,375.0,0.0,0.0,0,NONE
2026-09-24T17:55:12.467+00:00,295.909,manual,Manual cook,temp,1950,103.1,,esp32,,0,,,,,,,,,,,,0,375.0,0.0,0.0,0,NONE
2026-09-24T17:55:13.467+00:00,296.909,manual,Manual cook,temp,1950,102.2,,esp32,,0,,,,,,,,,,,,0,375.0,0.0,0.0,0,NONE
2026-09-24T17:55:14.469+00:00,297.911,manual,Manual cook,temp,1950,102.7,,esp32,,0,,,,,,,,,,,,0,375.0,0.0,0.0,0,NONE
2026-09-24T17:55:15.466+00:00,298.908,manual,Manual cook,temp,1950,101.7,,esp32,,0,,,,,,,,,,,,0,375.0,0.0,0.0,0,NONE
2026-09-24T17:55:15.966+00:00,299.408,manual,Manual cook,temp,1950,101.7,,esp32,,0,,,,,,,,,,,,0,375.0,0.0,0.0,0,NONE
2026-09-24T17:55:16.466+00:00,299.908,manual,Manual cook,temp,1950,102.7,,esp32,,0,,,,,,,,,,,,0,375.0,0.0,0.0,0,NONE
2026-09-24T17:55:17.466+00:00,300.908,manual,Manual cook,temp,1950,103.1,,esp32,,0,,,,,,,,,,,,0,375.0,0.0,0.0,0,NONE
2026-09-24T17:55:18.466+00:00,301.908,manual,Manual cook,temp,1950,103.1,,esp32,,0,,,,,,,,,,,,0,375.0,0.0,0.0,0,NONE
2026-09-24T17:55:19.466+00:00,302.908,manual,Manual cook,temp,1950,103.6,,esp32,,0,,,,,,,,,,,,0,375.0,0.0,0.0,0,NONE
2026-09-24T17:55:19.967+00:00,303.409,manual,Manual cook,temp,1950,104.0,,esp32,,0,,,,,,,,,,,,0,375.0,0.0,0.0,0,NONE
2026-09-24T17:55:20.467+00:00,303.909,manual,Manual cook,temp,1950,103.6,,esp32,,0,,,,,,,,,,,,0,375.0,0.0,0.0,0,NONE
2026-09-24T17:55:21.466+00:00,304.908,manual,Manual cook,temp,1950,103.6,,esp32,,0,,,,,,,,,,,,0,375.0,0.0,0.0,0,NONE
2026-09-24T17:55:22.466+00:00,305.908,manual,Manual cook,temp,1950,103.1,,esp32,,0,,,,,,,,,,,,0,375.0,0.0,0.0,0,NONE
2026-09-24T17:55:23.466+00:00,306.908,manual,Manual cook,temp,1950,102.2,,esp32,,0,,,,,,,,,,,,0,375.0,0.0,0.0,0,NONE
2026-09-24T17:55:23.966+00:00,307.409,manual,Manual cook,temp,1950,103.6,,esp32,,0,,,,,,,,,,,,0,375.0,0.0,0.0,0,NONE
2026-09-24T17:55:24.966+00:00,308.408,manual,Manual cook,temp,1950,103.6,,esp32,,0,,,,,,,,,,,,0,375.0,0.0,0.0,0,NONE
2026-09-24T17:55:25.966+00:00,309.408,manual,Manual cook,temp,1950,102.2,,esp32,,0,,,,,,,,,,,,0,375.0,0.0,0.0,0,NONE
2026-09-24T17:55:26.966+00:00,310.408,manual,Manual cook,temp,1950,103.1,,esp32,,0,,,,,,,,,,,,0,375.0,0.0,0.0,0,NONE
2026-09-24T17:55:27.466+00:00,310.908,manual,Manual cook,temp,1950,103.1,,esp32,,0,,,,,,,,,,,,0,375.0,0.0,0.0,0,NONE
2026-09-24T17:55:28.466+00:00,311.908,manual,Manual cook,temp,1950,103.1,,esp32,,0,,,,,,,,,,,,0,375.0,0.0,0.0,0,NONE
2026-09-24T17:55:29.467+00:00,312.909,manual,Manual cook,temp,1950,101.7,,esp32,,0,,,,,,,,,,,,0,375.0,0.0,0.0,0,NONE
2026-09-24T17:55:30.466+00:00,313.908,manual,Manual cook,temp,1950,102.2,,esp32,,0,,,,,,,,,,,,0,375.0,0.0,0.0,0,NONE
2026-09-24T17:55:30.967+00:00,314.409,manual,Manual cook,temp,1950,102.7,,esp32,,0,,,,,,,,,,,,0,375.0,0.0,0.0,0,NONE
2026-09-24T17:55:31.966+00:00,315.408,manual,Manual cook,temp,1950,103.6,,esp32,,0,,,,,,,,,,,,0,375.0,0.0,0.0,0,NONE
2026-09-24T17:55:32.466+00:00,315.908,manual,Manual cook,temp,1950,102.2,,esp32,,0,,,,,,,,,,,,0,375.0,0.0,0.0,0,NONE
2026-09-24T17:55:33.466+00:00,316.908,manual,Manual cook,temp,1950,102.2,,esp32,,0,,,,,,,,,,,,0,375.0,0.0,0.0,0,NONE
2026-09-24T17:55:34.467+00:00,317.909,manual,Manual cook,temp,1950,102.2,,esp32,,0,,,,,,,,,,,,0,375.0,0.0,0.0,0,NONE
2026-09-24T17:55:35.466+00:00,318.908,manual,Manual cook,temp,1950,102.7,,esp32,,0,,,,,,,,,,,,0,375.0,0.0,0.0,0,NONE
2026-09-24T17:55:36.467+00:00,319.909,manual,Manual cook,temp,1950,101.7,,esp32,,0,,,,,,,,,,,,0,375.0,0.0,0.0,0,NONE
2026-09-24T17:55:37.466+00:00,320.908,manual,Manual cook,temp,1950,101.7,,esp32,,0,,,,,,,,,,,,0,375.0,0.0,0.0,0,NONE
2026-09-24T17:55:38.466+00:00,321.908,manual,Manual cook,temp,1950,102.2,,esp32,,0,,,,,,,,,,,,0,375.0,0.0,0.0,0,NONE
2026-09-24T17:55:39.466+00:00,322.908,manual,Manual cook,temp,1950,101.7,,esp32,,0,,,,,,,,,,,,0,375.0,0.0,0.0,0,NONE
2026-09-24T17:55:39.966+00:00,323.408,manual,Manual cook,temp,1950,100.8,,esp32,,0,,,,,,,,,,,,0,375.0,0.0,0.0,0,NONE
2026-09-24T17:55:40.966+00:00,324.408,manual,Manual cook,temp,1950,101.7,,esp32,,0,,,,,,,,,,,,0,375.0,0.0,0.0,0,NONE
2026-09-24T17:55:41.466+00:00,324.908,manual,Manual cook,temp,1950,100.4,,esp32,,0,,,,,,,,,,,,0,375.0,0.0,0.0,0,NONE
2026-09-24T17:55:41.966+00:00,325.409,manual,Manual cook,temp,1950,100.4,,esp32,,0,,,,,,,,,,,,0,375.0,0.0,0.0,0,NONE
2026-09-24T17:55:42.966+00:00,326.408,manual,Manual cook,temp,1950,100.8,,esp32,,0,,,,,,,,,,,,0,375.0,0.0,0.0,0,NONE
2026-09-24T17:55:43.466+00:00,326.908,manual,Manual cook,temp,1950,100.8,,esp32,,0,,,,,,,,,,,,0,375.0,0.0,0.0,0,NONE
2026-09-24T17:55:44.466+00:00,327.908,manual,Manual cook,temp,1950,101.3,,esp32,,0,,,,,,,,,,,,0,375.0,0.0,0.0,0,NONE
2026-09-24T17:55:45.466+00:00,328.908,manual,Manual cook,temp,1950,100.8,,esp32,,0,,,,,,,,,,,,0,375.0,0.0,0.0,0,NONE
2026-09-24T17:55:46.465+00:00,329.907,manual,Manual cook,temp,1950,100.8,,esp32,,0,,,,,,,,,,,,0,375.0,0.0,0.0,0,NONE
2026-09-24T17:55:47.466+00:00,330.908,manual,Manual cook,temp,1950,100.4,,esp32,,0,,,,,,,,,,,,0,375.0,0.0,0.0,0,NONE
2026-09-24T17:55:48.465+00:00,331.907,manual,Manual cook,temp,1950,100.4,,esp32,,0,,,,,,,,,,,,0,375.0,0.0,0.0,0,NONE
2026-09-24T17:55:49.465+00:00,332.907,manual,Manual cook,temp,1950,100.4,,esp32,,0,,,,,,,,,,,,0,375.0,0.0,0.0,0,NONE
2026-09-24T17:55:50.465+00:00,333.907,manual,Manual cook,temp,1950,99.9,,esp32,,0,,,,,,,,,,,,0,375.0,0.0,0.0,0,NONE
2026-09-24T17:55:50.965+00:00,334.407,manual,Manual cook,temp,1950,100.4,,esp32,,0,,,,,,,,,,,,0,375.0,0.0,0.0,0,NONE
2026-09-24T17:55:51.965+00:00,335.407,manual,Manual cook,temp,1950,100.4,,esp32,,0,,,,,,,,,,,,0,375.0,0.0,0.0,0,NONE
2026-09-24T17:55:52.966+00:00,336.408,manual,Manual cook,temp,1950,100.4,,esp32,,0,,,,,,,,,,,,0,375.0,0.0,0.0,0,NONE
2026-09-24T17:55:53.965+00:00,337.407,manual,Manual cook,temp,1950,100.8,,esp32,,0,,,,,,,,,,,,0,375.0,0.0,0.0,0,NONE
2026-09-24T17:55:54.965+00:00,338.407,manual,Manual cook,temp,1950,99.9,,esp32,,0,,,,,,,,,,,,0,375.0,0.0,0.0,0,NONE
2026-09-24T17:55:55.465+00:00,338.907,manual,Manual cook,temp,1950,99.9,,esp32,,0,,,,,,,,,,,,0,375.0,0.0,0.0,0,NONE
2026-09-24T17:55:55.965+00:00,339.407,manual,Manual cook,temp,1950,100.8,,esp32,,0,,,,,,,,,,,,0,375.0,0.0,0.0,0,NONE
2026-09-24T17:55:56.465+00:00,339.907,manual,Manual cook,temp,1950,100.4,,esp32,,0,,,,,,,,,,,,0,375.0,0.0,0.0,0,NONE
2026-09-24T17:55:56.965+00:00,340.407,manual,Manual cook,temp,1950,100.4,,esp32,,0,,,,,,,,,,,,0,375.0,0.0,0.0,0,NONE
2026-09-24T17:55:57.965+00:00,341.407,manual,Manual cook,temp,1950,100.4,,esp32,,0,,,,,,,,,,,,0,375.0,0.0,0.0,0,NONE
2026-09-24T17:55:58.466+00:00,341.908,manual,Manual cook,temp,1950,101.3,,esp32,,0,,,,,,,,,,,,0,375.0,0.0,0.0,0,NONE
2026-09-24T17:55:59.465+00:00,342.907,manual,Manual cook,temp,1950,100.8,,esp32,,0,,,,,,,,,,,,0,375.0,0.0,0.0,0,NONE
2026-09-24T17:56:00.465+00:00,343.907,manual,Manual cook,temp,1950,99.9,,esp32,,0,,,,,,,,,,,,0,375.0,0.0,0.0,0,NONE
2026-09-24T17:56:01.465+00:00,344.907,manual,Manual cook,temp,1950,100.4,,esp32,,0,,,,,,,,,,,,0,375.0,0.0,0.0,0,NONE
2026-09-24T17:56:02.465+00:00,345.907,manual,Manual cook,temp,1950,101.3,,esp32,,0,,,,,,,,,,,,0,375.0,0.0,0.0,0,NONE
2026-09-24T17:56:03.466+00:00,346.908,manual,Manual cook,temp,1950,101.3,,esp32,,0,,,,,,,,,,,,0,375.0,0.0,0.0,0,NONE
2026-09-24T17:56:04.466+00:00,347.908,manual,Manual cook,temp,1950,101.3,,esp32,,0,,,,,,,,,,,,0,375.0,0.0,0.0,0,NONE
2026-09-24T17:56:05.465+00:00,348.907,manual,Manual cook,temp,1950,101.7,,esp32,,0,,,,,,,,,,,,0,375.0,0.0,0.0,0,NONE
2026-09-24T17:56:06.465+00:00,349.907,manual,Manual cook,temp,1950,101.7,,esp32,,0,,,,,,,,,,,,0,375.0,0.0,0.0,0,NONE
2026-09-24T17:56:06.965+00:00,350.407,manual,Manual cook,temp,1950,100.8,,esp32,,0,,,,,,,,,,,,0,375.0,0.0,0.0,0,NONE
2026-09-24T17:56:07.965+00:00,351.407,manual,Manual cook,temp,1950,101.3,,esp32,,0,,,,,,,,,,,,0,375.0,0.0,0.0,0,NONE
2026-09-24T17:56:08.465+00:00,351.907,manual,Manual cook,temp,1950,101.7,,esp32,,0,,,,,,,,,,,,0,375.0,0.0,0.0,0,NONE
2026-09-24T17:56:09.465+00:00,352.907,manual,Manual cook,temp,1950,101.7,,esp32,,0,,,,,,,,,,,,0,375.0,0.0,0.0,0,NONE
2026-09-24T17:56:09.966+00:00,353.408,manual,Manual cook,temp,1950,101.3,,esp32,,0,,,,,,,,,,,,0,375.0,0.0,0.0,0,NONE
2026-09-24T17:56:10.965+00:00,354.407,manual,Manual cook,temp,1950,101.3,,esp32,,0,,,,,,,,,,,,0,375.0,0.0,0.0,0,NONE
2026-09-24T17:56:11.965+00:00,355.407,manual,Manual cook,temp,1950,101.3,,esp32,,0,,,,,,,,,,,,0,375.0,0.0,0.0,0,NONE
2026-09-24T17:56:12.965+00:00,356.407,manual,Manual cook,temp,1950,100.8,,esp32,,0,,,,,,,,,,,,0,375.0,0.0,0.0,0,NONE
2026-09-24T17:56:13.465+00:00,356.907,manual,Manual cook,temp,1950,100.8,,esp32,,0,,,,,,,,,,,,0,375.0,0.0,0.0,0,NONE
2026-09-24T17:56:14.465+00:00,357.907,manual,Manual cook,temp,1950,100.8,,esp32,,0,,,,,,,,,,,,0,375.0,0.0,0.0,0,NONE
2026-09-24T17:56:15.465+00:00,358.907,manual,Manual cook,temp,1950,100.8,,esp32,,0,,,,,,,,,,,,0,375.0,0.0,0.0,0,NONE
2026-09-24T17:56:16.465+00:00,359.907,manual,Manual cook,temp,1950,98.6,,esp32,,0,,,,,,,,,,,,0,375.0,0.0,0.0,0,NONE
2026-09-24T17:56:17.464+00:00,360.907,manual,Manual cook,temp,1950,99.5,,esp32,,0,,,,,,,,,,,,0,375.0,0.0,0.0,0,NONE
2026-09-24T17:56:17.965+00:00,361.407,manual,Manual cook,temp,1950,99.9,,esp32,,0,,,,,,,,,,,,0,375.0,0.0,0.0,0,NONE
2026-09-24T17:56:18.964+00:00,362.406,manual,Manual cook,temp,1950,99.9,,esp32,,0,,,,,,,,,,,,0,375.0,0.0,0.0,0,NONE
2026-09-24T17:56:19.464+00:00,362.907,manual,Manual cook,temp,1950,99.5,,esp32,,0,,,,,,,,,,,,0,375.0,0.0,0.0,0,NONE
2026-09-24T17:56:19.965+00:00,363.407,manual,Manual cook,temp,1950,99.5,,esp32,,0,,,,,,,,,,,,0,375.0,0.0,0.0,0,NONE
2026-09-24T17:56:20.465+00:00,363.907,manual,Manual cook,temp,1950,100.4,,esp32,,0,,,,,,,,,,,,0,375.0,0.0,0.0,0,NONE
2026-09-24T17:56:20.965+00:00,364.407,manual,Manual cook,temp,1950,100.4,,esp32,,0,,,,,,,,,,,,0,375.0,0.0,0.0,0,NONE
2026-09-24T17:56:21.465+00:00,364.907,manual,Manual cook,temp,1950,99.5,,esp32,,0,,,,,,,,,,,,0,375.0,0.0,0.0,0,NONE
2026-09-24T17:56:22.465+00:00,365.907,manual,Manual cook,temp,1950,99.1,,esp32,,0,,,,,,,,,,,,0,375.0,0.0,0.0,0,NONE
2026-09-24T17:56:23.465+00:00,366.907,manual,Manual cook,temp,1950,99.5,,esp32,,0,,,,,,,,,,,,0,375.0,0.0,0.0,0,NONE
2026-09-24T17:56:24.464+00:00,367.906,manual,Manual cook,temp,1950,99.1,,esp32,,0,,,,,,,,,,,,0,375.0,0.0,0.0,0,NONE
2026-09-24T17:56:24.964+00:00,368.406,manual,Manual cook,temp,1950,98.2,,esp32,,0,,,,,,,,,,,,0,375.0,0.0,0.0,0,NONE
2026-09-24T17:56:25.965+00:00,369.407,manual,Manual cook,temp,1950,98.6,,esp32,,0,,,,,,,,,,,,0,375.0,0.0,0.0,0,NONE
2026-09-24T17:56:26.465+00:00,369.907,manual,Manual cook,temp,1950,99.1,,esp32,,0,,,,,,,,,,,,0,375.0,0.0,0.0,0,NONE
2026-09-24T17:56:27.465+00:00,370.907,manual,Manual cook,temp,1950,98.6,,esp32,,0,,,,,,,,,,,,0,375.0,0.0,0.0,0,NONE
2026-09-24T17:56:28.464+00:00,371.906,manual,Manual cook,temp,1950,97.7,,esp32,,0,,,,,,,,,,,,0,375.0,0.0,0.0,0,NONE
2026-09-24T17:56:29.464+00:00,372.906,manual,Manual cook,temp,1950,98.2,,esp32,,0,,,,,,,,,,,,0,375.0,0.0,0.0,0,NONE
2026-09-24T17:56:29.964+00:00,373.406,manual,Manual cook,temp,1950,98.2,,esp32,,0,,,,,,,,,,,,0,375.0,0.0,0.0,0,NONE
2026-09-24T17:56:30.964+00:00,374.406,manual,Manual cook,temp,1950,98.2,,esp32,,0,,,,,,,,,,,,0,375.0,0.0,0.0,0,NONE
2026-09-24T17:56:31.964+00:00,375.406,manual,Manual cook,temp,1950,97.7,,esp32,,0,,,,,,,,,,,,0,375.0,0.0,0.0,0,NONE
2026-09-24T17:56:32.464+00:00,375.906,manual,Manual cook,temp,1950,98.2,,esp32,,0,,,,,,,,,,,,0,375.0,0.0,0.0,0,NONE
2026-09-24T17:56:32.965+00:00,376.407,manual,Manual cook,temp,1950,97.7,,esp32,,0,,,,,,,,,,,,0,375.0,0.0,0.0,0,NONE
2026-09-24T17:56:33.964+00:00,377.406,manual,Manual cook,temp,1950,98.2,,esp32,,0,,,,,,,,,,,,0,375.0,0.0,0.0,0,NONE
2026-09-24T17:56:34.964+00:00,378.406,manual,Manual cook,temp,1950,98.2,,esp32,,0,,,,,,,,,,,,0,375.0,0.0,0.0,0,NONE
2026-09-24T17:56:35.964+00:00,379.406,manual,Manual cook,temp,1950,99.1,,esp32,,0,,,,,,,,,,,,0,375.0,0.0,0.0,0,NONE
2026-09-24T17:56:36.964+00:00,380.406,manual,Manual cook,temp,1950,98.6,,esp32,,0,,,,,,,,,,,,0,375.0,0.0,0.0,0,NONE
2026-09-24T17:56:37.964+00:00,381.406,manual,Manual cook,temp,1950,98.6,,esp32,,0,,,,,,,,,,,,0,375.0,0.0,0.0,0,NONE
2026-09-24T17:56:38.965+00:00,382.407,manual,Manual cook,temp,1950,97.7,,esp32,,0,,,,,,,,,,,,0,375.0,0.0,0.0,0,NONE
2026-09-24T17:56:39.964+00:00,383.406,manual,Manual cook,temp,1950,98.6,,esp32,,0,,,,,,,,,,,,0,375.0,0.0,0.0,0,NONE
2026-09-24T17:56:40.464+00:00,383.906,manual,Manual cook,temp,1950,98.2,,esp32,,0,,,,,,,,,,,,0,375.0,0.0,0.0,0,NONE
2026-09-24T17:56:41.464+00:00,384.906,manual,Manual cook,temp,1950,99.1,,esp32,,0,,,,,,,,,,,,0,375.0,0.0,0.0,0,NONE
2026-09-24T17:56:41.964+00:00,385.406,manual,Manual cook,temp,1950,99.1,,esp32,,0,,,,,,,,,,,,0,375.0,0.0,0.0,0,NONE
2026-09-24T17:56:42.964+00:00,386.406,manual,Manual cook,temp,1950,98.2,,esp32,,0,,,,,,,,,,,,0,375.0,0.0,0.0,0,NONE
2026-09-24T17:56:43.464+00:00,386.906,manual,Manual cook,temp,1950,98.2,,esp32,,0,,,,,,,,,,,,0,375.0,0.0,0.0,0,NONE
2026-09-24T17:56:44.465+00:00,387.907,manual,Manual cook,temp,1950,99.9,,esp32,,0,,,,,,,,,,,,0,375.0,0.0,0.0,0,NONE
2026-09-24T17:56:45.464+00:00,388.906,manual,Manual cook,temp,1950,99.9,,esp32,,0,,,,,,,,,,,,0,375.0,0.0,0.0,0,NONE
2026-09-24T17:56:46.464+00:00,389.906,manual,Manual cook,temp,1950,99.1,,esp32,,0,,,,,,,,,,,,0,375.0,0.0,0.0,0,NONE
2026-09-24T17:56:47.464+00:00,390.906,manual,Manual cook,temp,1950,99.5,,esp32,,0,,,,,,,,,,,,0,375.0,0.0,0.0,0,NONE
2026-09-24T17:56:48.464+00:00,391.906,manual,Manual cook,temp,1950,99.1,,esp32,,0,,,,,,,,,,,,0,375.0,0.0,0.0,0,NONE
2026-09-24T17:56:48.964+00:00,392.406,manual,Manual cook,temp,1950,99.1,,esp32,,0,,,,,,,,,,,,0,375.0,0.0,0.0,0,NONE
2026-09-24T17:56:49.965+00:00,393.407,manual,Manual cook,temp,1950,99.5,,esp32,,0,,,,,,,,,,,,0,375.0,0.0,0.0,0,NONE
2026-09-24T17:56:50.964+00:00,394.406,manual,Manual cook,temp,1950,99.5,,esp32,,0,,,,,,,,,,,,0,375.0,0.0,0.0,0,NONE
2026-09-24T17:56:51.964+00:00,395.406,manual,Manual cook,temp,1950,99.1,,esp32,,0,,,,,,,,,,,,0,375.0,0.0,0.0,0,NONE
2026-09-24T17:56:52.964+00:00,396.406,manual,Manual cook,temp,1950,98.2,,esp32,,0,,,,,,,,,,,,0,375.0,0.0,0.0,0,NONE
2026-09-24T17:56:53.964+00:00,397.406,manual,Manual cook,temp,1950,98.6,,esp32,,0,,,,,,,,,,,,0,375.0,0.0,0.0,0,NONE
2026-09-24T17:56:54.964+00:00,398.406,manual,Manual cook,temp,1950,98.2,,esp32,,0,,,,,,,,,,,,0,375.0,0.0,0.0,0,NONE
2026-09-24T17:56:55.464+00:00,398.906,manual,Manual cook,temp,1950,98.2,,esp32,,0,,,,,,,,,,,,0,375.0,0.0,0.0,0,NONE
2026-09-24T17:56:56.464+00:00,399.906,manual,Manual cook,temp,1950,98.6,,esp32,,0,,,,,,,,,,,,0,375.0,0.0,0.0,0,NONE
2026-09-24T17:56:57.464+00:00,400.906,manual,Manual cook,temp,1950,98.6,,esp32,,0,,,,,,,,,,,,0,375.0,0.0,0.0,0,NONE
2026-09-24T17:56:58.463+00:00,401.905,manual,Manual cook,temp,1950,98.2,,esp32,,0,,,,,,,,,,,,0,375.0,0.0,0.0,0,NONE
2026-09-24T17:56:58.964+00:00,402.406,manual,Manual cook,temp,1950,97.7,,esp32,,0,,,,,,,,,,,,0,375.0,0.0,0.0,0,NONE
2026-09-24T17:56:59.467+00:00,402.909,manual,Manual cook,temp,1950,97.7,,esp32,,0,,,,,,,,,,,,0,375.0,0.0,0.0,0,NONE
2026-09-24T17:57:00.463+00:00,403.905,manual,Manual cook,temp,1950,97.2,,esp32,,0,,,,,,,,,,,,0,375.0,0.0,0.0,0,NONE
2026-09-24T17:57:01.464+00:00,404.906,manual,Manual cook,temp,1950,96.8,,esp32,,0,,,,,,,,,,,,0,375.0,0.0,0.0,0,NONE
2026-09-24T17:57:01.964+00:00,405.406,manual,Manual cook,temp,1950,96.3,,esp32,,0,,,,,,,,,,,,0,375.0,0.0,0.0,0,NONE
2026-09-24T17:57:02.464+00:00,405.906,manual,Manual cook,temp,1950,96.8,,esp32,,0,,,,,,,,,,,,0,375.0,0.0,0.0,0,NONE
2026-09-24T17:57:03.463+00:00,406.905,manual,Manual cook,temp,1950,97.2,,esp32,,0,,,,,,,,,,,,0,375.0,0.0,0.0,0,NONE
2026-09-24T17:57:03.963+00:00,407.405,manual,Manual cook,temp,1950,96.8,,esp32,,0,,,,,,,,,,,,0,375.0,0.0,0.0,0,NONE
2026-09-24T17:57:04.963+00:00,408.405,manual,Manual cook,temp,1950,96.3,,esp32,,0,,,,,,,,,,,,0,375.0,0.0,0.0,0,NONE
2026-09-24T17:57:05.963+00:00,409.406,manual,Manual cook,temp,1950,95.9,,esp32,,0,,,,,,,,,,,,0,375.0,0.0,0.0,0,NONE
2026-09-24T17:57:06.963+00:00,410.405,manual,Manual cook,temp,1950,95.9,,esp32,,0,,,,,,,,,,,,0,375.0,0.0,0.0,0,NONE
2026-09-24T17:57:07.463+00:00,410.905,manual,Manual cook,temp,1950,96.3,,esp32,,0,,,,,,,,,,,,0,375.0,0.0,0.0,0,NONE
2026-09-24T17:57:07.964+00:00,411.406,manual,Manual cook,temp,1950,96.3,,esp32,,0,,,,,,,,,,,,0,375.0,0.0,0.0,0,NONE
2026-09-24T17:57:08.464+00:00,411.906,manual,Manual cook,temp,1950,96.3,,esp32,,0,,,,,,,,,,,,0,375.0,0.0,0.0,0,NONE
2026-09-24T17:57:09.463+00:00,412.905,manual,Manual cook,temp,1950,95.4,,esp32,,0,,,,,,,,,,,,0,375.0,0.0,0.0,0,NONE
2026-09-24T17:57:09.963+00:00,413.405,manual,Manual cook,temp,1950,96.3,,esp32,,0,,,,,,,,,,,,0,375.0,0.0,0.0,0,NONE
2026-09-24T17:57:10.963+00:00,414.405,manual,Manual cook,temp,1950,95.9,,esp32,,0,,,,,,,,,,,,0,375.0,0.0,0.0,0,NONE
2026-09-24T17:57:11.463+00:00,414.905,manual,Manual cook,temp,1950,96.3,,esp32,,0,,,,,,,,,,,,0,375.0,0.0,0.0,0,NONE
2026-09-24T17:57:12.463+00:00,415.905,manual,Manual cook,temp,1950,96.3,,esp32,,0,,,,,,,,,,,,0,375.0,0.0,0.0,0,NONE
2026-09-24T17:57:13.463+00:00,416.905,manual,Manual cook,temp,1950,95.9,,esp32,,0,,,,,,,,,,,,0,375.0,0.0,0.0,0,NONE
2026-09-24T17:57:13.964+00:00,417.406,manual,Manual cook,temp,1950,96.8,,esp32,,0,,,,,,,,,,,,0,375.0,0.0,0.0,0,NONE
2026-09-24T17:57:14.963+00:00,418.405,manual,Manual cook,temp,1950,96.3,,esp32,,0,,,,,,,,,,,,0,375.0,0.0,0.0,0,NONE
2026-09-24T17:57:15.463+00:00,418.905,manual,Manual cook,temp,1950,97.2,,esp32,,0,,,,,,,,,,,,0,375.0,0.0,0.0,0,NONE
2026-09-24T17:57:16.463+00:00,419.905,manual,Manual cook,temp,1950,96.3,,esp32,,0,,,,,,,,,,,,0,375.0,0.0,0.0,0,NONE
2026-09-24T17:57:16.963+00:00,420.405,manual,Manual cook,temp,1950,96.8,,esp32,,0,,,,,,,,,,,,0,375.0,0.0,0.0,0,NONE
2026-09-24T17:57:17.463+00:00,420.905,manual,Manual cook,temp,1950,96.3,,esp32,,0,,,,,,,,,,,,0,375.0,0.0,0.0,0,NONE
2026-09-24T17:57:18.463+00:00,421.905,manual,Manual cook,temp,1950,97.7,,esp32,,0,,,,,,,,,,,,0,375.0,0.0,0.0,0,NONE
2026-09-24T17:57:18.963+00:00,422.405,manual,Manual cook,temp,1950,97.2,,esp32,,0,,,,,,,,,,,,0,375.0,0.0,0.0,0,NONE
2026-09-24T17:57:19.464+00:00,422.906,manual,Manual cook,temp,1950,97.2,,esp32,,0,,,,,,,,,,,,0,375.0,0.0,0.0,0,NONE
2026-09-24T17:57:20.463+00:00,423.905,manual,Manual cook,temp,1950,97.2,,esp32,,0,,,,,,,,,,,,0,375.0,0.0,0.0,0,NONE
2026-09-24T17:57:21.463+00:00,424.905,manual,Manual cook,temp,1950,97.7,,esp32,,0,,,,,,,,,,,,0,375.0,0.0,0.0,0,NONE
2026-09-24T17:57:22.463+00:00,425.905,manual,Manual cook,temp,1950,97.7,,esp32,,0,,,,,,,,,,,,0,375.0,0.0,0.0,0,NONE
2026-09-24T17:57:23.463+00:00,426.905,manual,Manual cook,temp,1950,97.2,,esp32,,0,,,,,,,,,,,,0,375.0,0.0,0.0,0,NONE
2026-09-24T17:57:24.463+00:00,427.905,manual,Manual cook,temp,1950,97.7,,esp32,,0,,,,,,,,,,,,0,375.0,0.0,0.0,0,NONE
2026-09-24T17:57:24.963+00:00,428.405,manual,Manual cook,temp,1950,97.7,,esp32,,0,,,,,,,,,,,,0,375.0,0.0,0.0,0,NONE
2026-09-24T17:57:25.963+00:00,429.405,manual,Manual cook,temp,1950,98.2,,esp32,,0,,,,,,,,,,,,0,375.0,0.0,0.0,0,NONE
2026-09-24T17:57:26.463+00:00,429.905,manual,Manual cook,temp,1950,97.7,,esp32,,0,,,,,,,,,,,,0,375.0,0.0,0.0,0,NONE
2026-09-24T17:57:27.463+00:00,430.905,manual,Manual cook,temp,1950,97.2,,esp32,,0,,,,,,,,,,,,0,375.0,0.0,0.0,0,NONE
2026-09-24T17:57:28.463+00:00,431.905,manual,Manual cook,temp,1950,96.3,,esp32,,0,,,,,,,,,,,,0,375.0,0.0,0.0,0,NONE
2026-09-24T17:57:29.463+00:00,432.905,manual,Manual cook,temp,1950,96.3,,esp32,,0,,,,,,,,,,,,0,375.0,0.0,0.0,0,NONE
2026-09-24T17:57:29.963+00:00,433.405,manual,Manual cook,temp,1950,95.9,,esp32,,0,,,,,,,,,,,,0,375.0,0.0,0.0,0,NONE
2026-09-24T17:57:30.464+00:00,433.906,manual,Manual cook,temp,1950,96.3,,esp32,,0,,,,,,,,,,,,0,375.0,0.0,0.0,0,NONE
2026-09-24T17:57:31.463+00:00,434.905,manual,Manual cook,temp,1950,96.3,,esp32,,0,,,,,,,,,,,,0,375.0,0.0,0.0,0,NONE
2026-09-24T17:57:32.463+00:00,435.905,manual,Manual cook,temp,1950,96.3,,esp32,,0,,,,,,,,,,,,0,375.0,0.0,0.0,0,NONE
2026-09-24T17:57:33.463+00:00,436.905,manual,Manual cook,temp,1950,95.4,,esp32,,0,,,,,,,,,,,,0,375.0,0.0,0.0,0,NONE
2026-09-24T17:57:34.463+00:00,437.905,manual,Manual cook,temp,1950,96.3,,esp32,,0,,,,,,,,,,,,0,375.0,0.0,0.0,0,NONE
2026-09-24T17:57:35.462+00:00,438.904,manual,Manual cook,temp,1950,95.4,,esp32,,0,,,,,,,,,,,,0,375.0,0.0,0.0,0,NONE
2026-09-24T17:57:35.963+00:00,439.405,manual,Manual cook,temp,1950,95.9,,esp32,,0,,,,,,,,,,,,0,375.0,0.0,0.0,0,NONE
2026-09-24T17:57:36.463+00:00,439.905,manual,Manual cook,temp,1950,95.9,,esp32,,0,,,,,,,,,,,,0,375.0,0.0,0.0,0,NONE
2026-09-24T17:57:37.463+00:00,440.905,manual,Manual cook,temp,1950,95.4,,esp32,,0,,,,,,,,,,,,0,375.0,0.0,0.0,0,NONE
2026-09-24T17:57:38.463+00:00,441.905,manual,Manual cook,temp,1950,95.0,,esp32,,0,,,,,,,,,,,,0,375.0,0.0,0.0,0,NONE
2026-09-24T17:57:39.462+00:00,442.905,manual,Manual cook,temp,1950,95.4,,esp32,,0,,,,,,,,,,,,0,375.0,0.0,0.0,0,NONE
2026-09-24T17:57:40.463+00:00,443.905,manual,Manual cook,temp,1950,94.6,,esp32,,0,,,,,,,,,,,,0,375.0,0.0,0.0,0,NONE
2026-09-24T17:57:41.462+00:00,444.904,manual,Manual cook,temp,1950,94.6,,esp32,,0,,,,,,,,,,,,0,375.0,0.0,0.0,0,NONE
2026-09-24T17:57:41.963+00:00,445.405,manual,Manual cook,temp,1950,93.7,,esp32,,0,,,,,,,,,,,,0,375.0,0.0,0.0,0,NONE
2026-09-24T17:57:42.962+00:00,446.404,manual,Manual cook,temp,1950,95.0,,esp32,,0,,,,,,,,,,,,0,375.0,0.0,0.0,0,NONE
2026-09-24T17:57:43.462+00:00,446.904,manual,Manual cook,temp,1950,95.0,,esp32,,0,,,,,,,,,,,,0,375.0,0.0,0.0,0,NONE
2026-09-24T17:57:44.462+00:00,447.904,manual,Manual cook,temp,1950,95.0,,esp32,,0,,,,,,,,,,,,0,375.0,0.0,0.0,0,NONE
2026-09-24T17:57:45.462+00:00,448.904,manual,Manual cook,temp,1950,94.1,,esp32,,0,,,,,,,,,,,,0,375.0,0.0,0.0,0,NONE
2026-09-24T17:57:46.462+00:00,449.904,manual,Manual cook,temp,1950,95.4,,esp32,,0,,,,,,,,,,,,0,375.0,0.0,0.0,0,NONE
2026-09-24T17:57:46.962+00:00,450.404,manual,Manual cook,temp,1950,94.6,,esp32,,0,,,,,,,,,,,,0,375.0,0.0,0.0,0,NONE
2026-09-24T17:57:47.463+00:00,450.905,manual,Manual cook,temp,1950,94.6,,esp32,,0,,,,,,,,,,,,0,375.0,0.0,0.0,0,NONE
2026-09-24T17:57:47.966+00:00,451.408,manual,Manual cook,temp,1950,94.6,,esp32,,0,,,,,,,,,,,,0,375.0,0.0,0.0,0,NONE
2026-09-24T17:57:48.962+00:00,452.404,manual,Manual cook,temp,1950,95.9,,esp32,,0,,,,,,,,,,,,0,375.0,0.0,0.0,0,NONE
2026-09-24T17:57:49.962+00:00,453.404,manual,Manual cook,temp,1950,95.4,,esp32,,0,,,,,,,,,,,,0,375.0,0.0,0.0,0,NONE
2026-09-24T17:57:50.462+00:00,453.904,manual,Manual cook,temp,1950,95.4,,esp32,,0,,,,,,,,,,,,0,375.0,0.0,0.0,0,NONE
2026-09-24T17:57:51.462+00:00,454.904,manual,Manual cook,temp,1950,94.1,,esp32,,0,,,,,,,,,,,,0,375.0,0.0,0.0,0,NONE
2026-09-24T17:57:52.462+00:00,455.904,manual,Manual cook,temp,1950,95.4,,esp32,,0,,,,,,,,,,,,0,375.0,0.0,0.0,0,NONE
2026-09-24T17:57:53.464+00:00,456.906,manual,Manual cook,temp,1950,95.4,,esp32,,0,,,,,,,,,,,,0,375.0,0.0,0.0,0,NONE
2026-09-24T17:57:54.462+00:00,457.904,manual,Manual cook,temp,1950,95.0,,esp32,,0,,,,,,,,,,,,0,375.0,0.0,0.0,0,NONE
2026-09-24T17:57:55.462+00:00,458.904,manual,Manual cook,temp,1950,95.9,,esp32,,0,,,,,,,,,,,,0,375.0,0.0,0.0,0,NONE
2026-09-24T17:57:55.962+00:00,459.404,manual,Manual cook,temp,1950,95.9,,esp32,,0,,,,,,,,,,,,0,375.0,0.0,0.0,0,NONE
2026-09-24T17:57:56.962+00:00,460.404,manual,Manual cook,temp,1950,96.3,,esp32,,0,,,,,,,,,,,,0,375.0,0.0,0.0,0,NONE
2026-09-24T17:57:57.962+00:00,461.404,manual,Manual cook,temp,1950,96.3,,esp32,,0,,,,,,,,,,,,0,375.0,0.0,0.0,0,NONE
2026-09-24T17:57:58.963+00:00,462.405,manual,Manual cook,temp,1950,96.3,,esp32,,0,,,,,,,,,,,,0,375.0,0.0,0.0,0,NONE
2026-09-24T17:57:59.463+00:00,462.905,manual,Manual cook,temp,1950,96.3,,esp32,,0,,,,,,,,,,,,0,375.0,0.0,0.0,0,NONE
2026-09-24T17:58:00.462+00:00,463.904,manual,Manual cook,temp,1950,95.4,,esp32,,0,,,,,,,,,,,,0,375.0,0.0,0.0,0,NONE
2026-09-24T17:58:00.962+00:00,464.404,manual,Manual cook,temp,1950,95.9,,esp32,,0,,,,,,,,,,,,0,375.0,0.0,0.0,0,NONE
2026-09-24T17:58:01.962+00:00,465.404,manual,Manual cook,temp,1950,96.3,,esp32,,0,,,,,,,,,,,,0,375.0,0.0,0.0,0,NONE
2026-09-24T17:58:02.962+00:00,466.404,manual,Manual cook,temp,1950,95.4,,esp32,,0,,,,,,,,,,,,0,375.0,0.0,0.0,0,NONE
2026-09-24T17:58:03.962+00:00,467.404,manual,Manual cook,temp,1950,96.3,,esp32,,0,,,,,,,,,,,,0,375.0,0.0,0.0,0,NONE
2026-09-24T17:58:04.962+00:00,468.404,manual,Manual cook,temp,1950,94.6,,esp32,,0,,,,,,,,,,,,0,375.0,0.0,0.0,0,NONE
2026-09-24T17:58:05.962+00:00,469.404,manual,Manual cook,temp,1950,95.9,,esp32,,0,,,,,,,,,,,,0,375.0,0.0,0.0,0,NONE
2026-09-24T17:58:06.962+00:00,470.404,manual,Manual cook,temp,1950,95.9,,esp32,,0,,,,,,,,,,,,0,375.0,0.0,0.0,0,NONE
2026-09-24T17:58:07.962+00:00,471.404,manual,Manual cook,temp,1950,95.0,,esp32,,0,,,,,,,,,,,,0,375.0,0.0,0.0,0,NONE
2026-09-24T17:58:08.962+00:00,472.404,manual,Manual cook,temp,1950,95.0,,esp32,,0,,,,,,,,,,,,0,375.0,0.0,0.0,0,NONE
2026-09-24T17:58:09.462+00:00,472.904,manual,Manual cook,temp,1950,95.0,,esp32,,0,,,,,,,,,,,,0,375.0,0.0,0.0,0,NONE
2026-09-24T17:58:09.963+00:00,473.405,manual,Manual cook,temp,1950,95.0,,esp32,,0,,,,,,,,,,,,0,375.0,0.0,0.0,0,NONE
2026-09-24T17:58:10.962+00:00,474.404,manual,Manual cook,temp,1950,95.0,,esp32,,0,,,,,,,,,,,,0,375.0,0.0,0.0,0,NONE
2026-09-24T17:58:11.962+00:00,475.404,manual,Manual cook,temp,1950,93.7,,esp32,,0,,,,,,,,,,,,0,375.0,0.0,0.0,0,NONE
2026-09-24T17:58:12.961+00:00,476.403,manual,Manual cook,temp,1950,94.6,,esp32,,0,,,,,,,,,,,,0,375.0,0.0,0.0,0,NONE
2026-09-24T17:58:13.961+00:00,477.403,manual,Manual cook,temp,1950,94.1,,esp32,,0,,,,,,,,,,,,0,375.0,0.0,0.0,0,NONE
2026-09-24T17:58:14.462+00:00,477.904,manual,Manual cook,temp,1950,93.7,,esp32,,0,,,,,,,,,,,,0,375.0,0.0,0.0,0,NONE
2026-09-24T17:58:15.462+00:00,478.905,manual,Manual cook,temp,1950,93.7,,esp32,,0,,,,,,,,,,,,0,375.0,0.0,0.0,0,NONE
2026-09-24T17:58:16.462+00:00,479.904,manual,Manual cook,temp,1950,93.2,,esp32,,0,,,,,,,,,,,,0,375.0,0.0,0.0,0,NONE
2026-09-24T17:58:17.461+00:00,480.903,manual,Manual cook,temp,1950,93.2,,esp32,,0,,,,,,,,,,,,0,375.0,0.0,0.0,0,NONE
2026-09-24T17:58:18.461+00:00,481.903,manual,Manual cook,temp,1950,93.2,,esp32,,0,,,,,,,,,,,,0,375.0,0.0,0.0,0,NONE
2026-09-24T17:58:19.461+00:00,482.903,manual,Manual cook,temp,1950,93.7,,esp32,,0,,,,,,,,,,,,0,375.0,0.0,0.0,0,NONE
2026-09-24T17:58:20.461+00:00,483.903,manual,Manual cook,temp,1950,93.2,,esp32,,0,,,,,,,,,,,,0,375.0,0.0,0.0,0,NONE
2026-09-24T17:58:20.963+00:00,484.405,manual,Manual cook,temp,1950,92.7,,esp32,,0,,,,,,,,,,,,0,375.0,0.0,0.0,0,NONE
2026-09-24T17:58:21.961+00:00,485.403,manual,Manual cook,temp,1950,92.7,,esp32,,0,,,,,,,,,,,,0,375.0,0.0,0.0,0,NONE
2026-09-24T17:58:22.462+00:00,485.904,manual,Manual cook,temp,1950,92.3,,esp32,,0,,,,,,,,,,,,0,375.0,0.0,0.0,0,NONE
2026-09-24T17:58:23.461+00:00,486.903,manual,Manual cook,temp,1950,91.8,,esp32,,0,,,,,,,,,,,,0,375.0,0.0,0.0,0,NONE
2026-09-24T17:58:23.961+00:00,487.403,manual,Manual cook,temp,1950,94.1,,esp32,,0,,,,,,,,,,,,0,375.0,0.0,0.0,0,NONE
2026-09-24T17:58:24.961+00:00,488.403,manual,Manual cook,temp,1950,92.7,,esp32,,0,,,,,,,,,,,,0,375.0,0.0,0.0,0,NONE
2026-09-24T17:58:25.461+00:00,488.903,manual,Manual cook,temp,1950,92.7,,esp32,,0,,,,,,,,,,,,0,375.0,0.0,0.0,0,NONE
2026-09-24T17:58:25.961+00:00,489.403,manual,Manual cook,temp,1950,92.7,,esp32,,0,,,,,,,,,,,,0,375.0,0.0,0.0,0,NONE
2026-09-24T17:58:26.462+00:00,489.904,manual,Manual cook,temp,1950,92.3,,esp32,,0,,,,,,,,,,,,0,375.0,0.0,0.0,0,NONE
2026-09-24T17:58:27.461+00:00,490.903,manual,Manual cook,temp,1950,93.2,,esp32,,0,,,,,,,,,,,,0,375.0,0.0,0.0,0,NONE
2026-09-24T17:58:27.962+00:00,491.404,manual,Manual cook,temp,1950,94.1,,esp32,,0,,,,,,,,,,,,0,375.0,0.0,0.0,0,NONE
2026-09-24T17:58:28.961+00:00,492.403,manual,Manual cook,temp,1950,92.3,,esp32,,0,,,,,,,,,,,,0,375.0,0.0,0.0,0,NONE
2026-09-24T17:58:29.461+00:00,492.903,manual,Manual cook,temp,1950,93.7,,esp32,,0,,,,,,,,,,,,0,375.0,0.0,0.0,0,NONE
2026-09-24T17:58:30.461+00:00,493.903,manual,Manual cook,temp,1950,93.2,,esp32,,0,,,,,,,,,,,,0,375.0,0.0,0.0,0,NONE
2026-09-24T17:58:31.461+00:00,494.903,manual,Manual cook,temp,1950,94.1,,esp32,,0,,,,,,,,,,,,0,375.0,0.0,0.0,0,NONE
2026-09-24T17:58:31.962+00:00,495.404,manual,Manual cook,temp,1950,93.2,,esp32,,0,,,,,,,,,,,,0,375.0,0.0,0.0,0,NONE
2026-09-24T17:58:32.961+00:00,496.403,manual,Manual cook,temp,1950,93.7,,esp32,,0,,,,,,,,,,,,0,375.0,0.0,0.0,0,NONE
2026-09-24T17:58:33.461+00:00,496.903,manual,Manual cook,temp,1950,93.7,,esp32,,0,,,,,,,,,,,,0,375.0,0.0,0.0,0,NONE
2026-09-24T17:58:34.461+00:00,497.903,manual,Manual cook,temp,1950,93.7,,esp32,,0,,,,,,,,,,,,0,375.0,0.0,0.0,0,NONE
2026-09-24T17:58:34.961+00:00,498.403,manual,Manual cook,temp,1950,94.6,,esp32,,0,,,,,,,,,,,,0,375.0,0.0,0.0,0,NONE
2026-09-24T17:58:35.961+00:00,499.403,manual,Manual cook,temp,1950,94.1,,esp32,,0,,,,,,,,,,,,0,375.0,0.0,0.0,0,NONE
2026-09-24T17:58:36.962+00:00,500.404,manual,Manual cook,temp,1950,93.7,,esp32,,0,,,,,,,,,,,,0,375.0,0.0,0.0,0,NONE
2026-09-24T17:58:37.462+00:00,500.904,manual,Manual cook,temp,1950,93.7,,esp32,,0,,,,,,,,,,,,0,375.0,0.0,0.0,0,NONE
2026-09-24T17:58:38.461+00:00,501.903,manual,Manual cook,temp,1950,94.6,,esp32,,0,,,,,,,,,,,,0,375.0,0.0,0.0,0,NONE
2026-09-24T17:58:39.461+00:00,502.903,manual,Manual cook,temp,1950,94.6,,esp32,,0,,,,,,,,,,,,0,375.0,0.0,0.0,0,NONE
2026-09-24T17:58:39.961+00:00,503.403,manual,Manual cook,temp,1950,93.7,,esp32,,0,,,,,,,,,,,,0,375.0,0.0,0.0,0,NONE
2026-09-24T17:58:40.961+00:00,504.403,manual,Manual cook,temp,1950,94.6,,esp32,,0,,,,,,,,,,,,0,375.0,0.0,0.0,0,NONE
2026-09-24T17:58:41.961+00:00,505.403,manual,Manual cook,temp,1950,94.6,,esp32,,0,,,,,,,,,,,,0,375.0,0.0,0.0,0,NONE
2026-09-24T17:58:42.461+00:00,505.903,manual,Manual cook,temp,1950,93.7,,esp32,,0,,,,,,,,,,,,0,375.0,0.0,0.0,0,NONE
2026-09-24T17:58:43.461+00:00,506.903,manual,Manual cook,temp,1950,95.0,,esp32,,0,,,,,,,,,,,,0,375.0,0.0,0.0,0,NONE
2026-09-24T17:58:44.461+00:00,507.903,manual,Manual cook,temp,1950,94.6,,esp32,,0,,,,,,,,,,,,0,375.0,0.0,0.0,0,NONE
2026-09-24T17:58:45.461+00:00,508.903,manual,Manual cook,temp,1950,94.6,,esp32,,0,,,,,,,,,,,,0,375.0,0.0,0.0,0,NONE
2026-09-24T17:58:45.961+00:00,509.403,manual,Manual cook,temp,1950,95.0,,esp32,,0,,,,,,,,,,,,0,375.0,0.0,0.0,0,NONE
2026-09-24T17:58:46.961+00:00,510.403,manual,Manual cook,temp,1950,94.1,,esp32,,0,,,,,,,,,,,,0,375.0,0.0,0.0,0,NONE
2026-09-24T17:58:47.961+00:00,511.403,manual,Manual cook,temp,1950,93.7,,esp32,,0,,,,,,,,,,,,0,375.0,0.0,0.0,0,NONE
2026-09-24T17:58:48.962+00:00,512.404,manual,Manual cook,temp,1950,93.7,,esp32,,0,,,,,,,,,,,,0,375.0,0.0,0.0,0,NONE
2026-09-24T17:58:49.961+00:00,513.403,manual,Manual cook,temp,1950,94.6,,esp32,,0,,,,,,,,,,,,0,375.0,0.0,0.0,0,NONE
2026-09-24T17:58:50.461+00:00,513.903,manual,Manual cook,temp,1950,94.6,,esp32,,0,,,,,,,,,,,,0,375.0,0.0,0.0,0,NONE
2026-09-24T17:58:51.460+00:00,514.903,manual,Manual cook,temp,1950,94.1,,esp32,,0,,,,,,,,,,,,0,375.0,0.0,0.0,0,NONE
2026-09-24T17:58:51.961+00:00,515.403,manual,Manual cook,temp,1950,93.7,,esp32,,0,,,,,,,,,,,,0,375.0,0.0,0.0,0,NONE
2026-09-24T17:58:52.461+00:00,515.903,manual,Manual cook,temp,1950,94.1,,esp32,,0,,,,,,,,,,,,0,375.0,0.0,0.0,0,NONE
2026-09-24T17:58:53.460+00:00,516.902,manual,Manual cook,temp,1950,93.2,,esp32,,0,,,,,,,,,,,,0,375.0,0.0,0.0,0,NONE
2026-09-24T17:58:54.460+00:00,517.902,manual,Manual cook,temp,1950,92.7,,esp32,,0,,,,,,,,,,,,0,375.0,0.0,0.0,0,NONE
2026-09-24T17:58:55.461+00:00,518.903,manual,Manual cook,temp,1950,93.2,,esp32,,0,,,,,,,,,,,,0,375.0,0.0,0.0,0,NONE
2026-09-24T17:58:56.460+00:00,519.902,manual,Manual cook,temp,1950,94.6,,esp32,,0,,,,,,,,,,,,0,375.0,0.0,0.0,0,NONE
2026-09-24T17:58:57.460+00:00,520.903,manual,Manual cook,temp,1950,93.2,,esp32,,0,,,,,,,,,,,,0,375.0,0.0,0.0,0,NONE
2026-09-24T17:58:58.460+00:00,521.902,manual,Manual cook,temp,1950,94.1,,esp32,,0,,,,,,,,,,,,0,375.0,0.0,0.0,0,NONE
2026-09-24T17:58:59.462+00:00,522.904,manual,Manual cook,temp,1950,93.7,,esp32,,0,,,,,,,,,,,,0,375.0,0.0,0.0,0,NONE
2026-09-24T17:59:00.460+00:00,523.902,manual,Manual cook,temp,1950,92.3,,esp32,,0,,,,,,,,,,,,0,375.0,0.0,0.0,0,NONE
2026-09-24T17:59:01.460+00:00,524.902,manual,Manual cook,temp,1950,92.7,,esp32,,0,,,,,,,,,,,,0,375.0,0.0,0.0,0,NONE
2026-09-24T17:59:02.460+00:00,525.902,manual,Manual cook,temp,1950,92.3,,esp32,,0,,,,,,,,,,,,0,375.0,0.0,0.0,0,NONE
2026-09-24T17:59:02.961+00:00,526.403,manual,Manual cook,temp,1950,92.3,,esp32,,0,,,,,,,,,,,,0,375.0,0.0,0.0,0,NONE
2026-09-24T17:59:03.960+00:00,527.402,manual,Manual cook,temp,1950,92.7,,esp32,,0,,,,,,,,,,,,0,375.0,0.0,0.0,0,NONE
2026-09-24T17:59:04.961+00:00,528.403,manual,Manual cook,temp,1950,93.7,,esp32,,0,,,,,,,,,,,,0,375.0,0.0,0.0,0,NONE
2026-09-24T17:59:05.960+00:00,529.402,manual,Manual cook,temp,1950,92.3,,esp32,,0,,,,,,,,,,,,0,375.0,0.0,0.0,0,NONE
2026-09-24T17:59:06.960+00:00,530.402,manual,Manual cook,temp,1950,93.2,,esp32,,0,,,,,,,,,,,,0,375.0,0.0,0.0,0,NONE
2026-09-24T17:59:07.960+00:00,531.402,manual,Manual cook,temp,1950,92.3,,esp32,,0,,,,,,,,,,,,0,375.0,0.0,0.0,0,NONE
2026-09-24T17:59:08.460+00:00,531.902,manual,Manual cook,temp,1950,92.3,,esp32,,0,,,,,,,,,,,,0,375.0,0.0,0.0,0,NONE
2026-09-24T17:59:09.460+00:00,532.902,manual,Manual cook,temp,1950,93.2,,esp32,,0,,,,,,,,,,,,0,375.0,0.0,0.0,0,NONE
2026-09-24T17:59:10.461+00:00,533.903,manual,Manual cook,temp,1950,92.3,,esp32,,0,,,,,,,,,,,,0,375.0,0.0,0.0,0,NONE
2026-09-24T17:59:11.460+00:00,534.902,manual,Manual cook,temp,1950,92.3,,esp32,,0,,,,,,,,,,,,0,375.0,0.0,0.0,0,NONE
2026-09-24T17:59:11.960+00:00,535.402,manual,Manual cook,temp,1950,92.7,,esp32,,0,,,,,,,,,,,,0,375.0,0.0,0.0,0,NONE
2026-09-24T17:59:12.960+00:00,536.402,manual,Manual cook,temp,1950,92.7,,esp32,,0,,,,,,,,,,,,0,375.0,0.0,0.0,0,NONE
2026-09-24T17:59:13.960+00:00,537.402,manual,Manual cook,temp,1950,93.2,,esp32,,0,,,,,,,,,,,,0,375.0,0.0,0.0,0,NONE
2026-09-24T17:59:14.960+00:00,538.402,manual,Manual cook,temp,1950,91.8,,esp32,,0,,,,,,,,,,,,0,375.0,0.0,0.0,0,NONE
2026-09-24T17:59:15.961+00:00,539.403,manual,Manual cook,temp,1950,91.8,,esp32,,0,,,,,,,,,,,,0,375.0,0.0,0.0,0,NONE
2026-09-24T17:59:16.960+00:00,540.402,manual,Manual cook,temp,1950,91.8,,esp32,,0,,,,,,,,,,,,0,375.0,0.0,0.0,0,NONE
2026-09-24T17:59:17.960+00:00,541.402,manual,Manual cook,temp,1950,92.3,,esp32,,0,,,,,,,,,,,,0,375.0,0.0,0.0,0,NONE
2026-09-24T17:59:18.460+00:00,541.902,manual,Manual cook,temp,1950,91.4,,esp32,,0,,,,,,,,,,,,0,375.0,0.0,0.0,0,NONE
2026-09-24T17:59:19.460+00:00,542.902,manual,Manual cook,temp,1950,91.8,,esp32,,0,,,,,,,,,,,,0,375.0,0.0,0.0,0,NONE
2026-09-24T17:59:19.960+00:00,543.402,manual,Manual cook,temp,1950,90.9,,esp32,,0,,,,,,,,,,,,0,375.0,0.0,0.0,0,NONE
2026-09-24T17:59:20.460+00:00,543.902,manual,Manual cook,temp,1950,90.9,,esp32,,0,,,,,,,,,,,,0,375.0,0.0,0.0,0,NONE
2026-09-24T17:59:21.460+00:00,544.902,manual,Manual cook,temp,1950,91.8,,esp32,,0,,,,,,,,,,,,0,375.0,0.0,0.0,0,NONE
2026-09-24T17:59:21.961+00:00,545.403,manual,Manual cook,temp,1950,91.8,,esp32,,0,,,,,,,,,,,,0,375.0,0.0,0.0,0,NONE
2026-09-24T17:59:22.960+00:00,546.402,manual,Manual cook,temp,1950,91.4,,esp32,,0,,,,,,,,,,,,0,375.0,0.0,0.0,0,NONE
2026-09-24T17:59:23.960+00:00,547.402,manual,Manual cook,temp,1950,90.9,,esp32,,0,,,,,,,,,,,,0,375.0,0.0,0.0,0,NONE
2026-09-24T17:59:24.960+00:00,548.402,manual,Manual cook,temp,1950,90.5,,esp32,,0,,,,,,,,,,,,0,375.0,0.0,0.0,0,NONE
2026-09-24T17:59:25.960+00:00,549.402,manual,Manual cook,temp,1950,90.9,,esp32,,0,,,,,,,,,,,,0,375.0,0.0,0.0,0,NONE
2026-09-24T17:59:26.960+00:00,550.402,manual,Manual cook,temp,1950,90.9,,esp32,,0,,,,,,,,,,,,0,375.0,0.0,0.0,0,NONE
2026-09-24T17:59:27.961+00:00,551.403,manual,Manual cook,temp,1950,90.1,,esp32,,0,,,,,,,,,,,,0,375.0,0.0,0.0,0,NONE
2026-09-24T17:59:28.960+00:00,552.402,manual,Manual cook,temp,1950,90.5,,esp32,,0,,,,,,,,,,,,0,375.0,0.0,0.0,0,NONE
2026-09-24T17:59:29.960+00:00,553.402,manual,Manual cook,temp,1950,90.5,,esp32,,0,,,,,,,,,,,,0,375.0,0.0,0.0,0,NONE
2026-09-24T17:59:30.960+00:00,554.402,manual,Manual cook,temp,1950,89.6,,esp32,,0,,,,,,,,,,,,0,375.0,0.0,0.0,0,NONE
2026-09-24T17:59:31.960+00:00,555.402,manual,Manual cook,temp,1950,91.4,,esp32,,0,,,,,,,,,,,,0,375.0,0.0,0.0,0,NONE
2026-09-24T17:59:32.959+00:00,556.401,manual,Manual cook,temp,1950,90.5,,esp32,,0,,,,,,,,,,,,0,375.0,0.0,0.0,0,NONE
2026-09-24T17:59:33.460+00:00,556.902,manual,Manual cook,temp,1950,90.1,,esp32,,0,,,,,,,,,,,,0,375.0,0.0,0.0,0,NONE
2026-09-24T17:59:33.960+00:00,557.402,manual,Manual cook,temp,1950,90.5,,esp32,,0,,,,,,,,,,,,0,375.0,0.0,0.0,0,NONE
2026-09-24T17:59:34.959+00:00,558.401,manual,Manual cook,temp,1950,90.1,,esp32,,0,,,,,,,,,,,,0,375.0,0.0,0.0,0,NONE
2026-09-24T17:59:35.959+00:00,559.401,manual,Manual cook,temp,1950,90.1,,esp32,,0,,,,,,,,,,,,0,375.0,0.0,0.0,0,NONE
2026-09-24T17:59:36.459+00:00,559.902,manual,Manual cook,temp,1950,90.1,,esp32,,0,,,,,,,,,,,,0,375.0,0.0,0.0,0,NONE
2026-09-24T17:59:37.459+00:00,560.901,manual,Manual cook,temp,1950,90.5,,esp32,,0,,,,,,,,,,,,0,375.0,0.0,0.0,0,NONE
2026-09-24T17:59:38.459+00:00,561.901,manual,Manual cook,temp,1950,91.4,,esp32,,0,,,,,,,,,,,,0,375.0,0.0,0.0,0,NONE
2026-09-24T17:59:38.959+00:00,562.401,manual,Manual cook,temp,1950,91.4,,esp32,,0,,,,,,,,,,,,0,375.0,0.0,0.0,0,NONE
2026-09-24T17:59:39.460+00:00,562.902,manual,Manual cook,temp,1950,90.9,,esp32,,0,,,,,,,,,,,,0,375.0,0.0,0.0,0,NONE
2026-09-24T17:59:40.459+00:00,563.901,manual,Manual cook,temp,1950,90.5,,esp32,,0,,,,,,,,,,,,0,375.0,0.0,0.0,0,NONE
2026-09-24T17:59:40.959+00:00,564.401,manual,Manual cook,temp,1950,90.5,,esp32,,0,,,,,,,,,,,,0,375.0,0.0,0.0,0,NONE
2026-09-24T17:59:41.959+00:00,565.401,manual,Manual cook,temp,1950,90.5,,esp32,,0,,,,,,,,,,,,0,375.0,0.0,0.0,0,NONE
2026-09-24T17:59:42.459+00:00,565.901,manual,Manual cook,temp,1950,90.5,,esp32,,0,,,,,,,,,,,,0,375.0,0.0,0.0,0,NONE
2026-09-24T17:59:43.459+00:00,566.901,manual,Manual cook,temp,1950,91.8,,esp32,,0,,,,,,,,,,,,0,375.0,0.0,0.0,0,NONE
2026-09-24T17:59:43.959+00:00,567.401,manual,Manual cook,temp,1950,90.9,,esp32,,0,,,,,,,,,,,,0,375.0,0.0,0.0,0,NONE
2026-09-24T17:59:44.459+00:00,567.901,manual,Manual cook,temp,1950,90.5,,esp32,,0,,,,,,,,,,,,0,375.0,0.0,0.0,0,NONE
2026-09-24T17:59:44.960+00:00,568.402,manual,Manual cook,temp,1950,91.4,,esp32,,0,,,,,,,,,,,,0,375.0,0.0,0.0,0,NONE
2026-09-24T17:59:45.959+00:00,569.401,manual,Manual cook,temp,1950,90.5,,esp32,,0,,,,,,,,,,,,0,375.0,0.0,0.0,0,NONE
2026-09-24T17:59:46.459+00:00,569.901,manual,Manual cook,temp,1950,91.4,,esp32,,0,,,,,,,,,,,,0,375.0,0.0,0.0,0,NONE
2026-09-24T17:59:47.459+00:00,570.901,manual,Manual cook,temp,1950,91.4,,esp32,,0,,,,,,,,,,,,0,375.0,0.0,0.0,0,NONE
2026-09-24T17:59:48.459+00:00,571.901,manual,Manual cook,temp,1950,91.4,,esp32,,0,,,,,,,,,,,,0,375.0,0.0,0.0,0,NONE
2026-09-24T17:59:48.959+00:00,572.401,manual,Manual cook,temp,1950,90.9,,esp32,,0,,,,,,,,,,,,0,375.0,0.0,0.0,0,NONE
2026-09-24T17:59:49.460+00:00,572.902,manual,Manual cook,temp,1950,91.4,,esp32,,0,,,,,,,,,,,,0,375.0,0.0,0.0,0,NONE
2026-09-24T17:59:50.459+00:00,573.901,manual,Manual cook,temp,1950,91.8,,esp32,,0,,,,,,,,,,,,0,375.0,0.0,0.0,0,NONE
2026-09-24T17:59:50.960+00:00,574.402,manual,Manual cook,temp,1950,91.4,,esp32,,0,,,,,,,,,,,,0,375.0,0.0,0.0,0,NONE
2026-09-24T17:59:51.959+00:00,575.401,manual,Manual cook,temp,1950,90.9,,esp32,,0,,,,,,,,,,,,0,375.0,0.0,0.0,0,NONE
2026-09-24T17:59:52.459+00:00,575.901,manual,Manual cook,temp,1950,91.8,,esp32,,0,,,,,,,,,,,,0,375.0,0.0,0.0,0,NONE
2026-09-24T17:59:53.459+00:00,576.901,manual,Manual cook,temp,1950,91.4,,esp32,,0,,,,,,,,,,,,0,375.0,0.0,0.0,0,NONE
2026-09-24T17:59:53.959+00:00,577.401,manual,Manual cook,temp,1950,91.4,,esp32,,0,,,,,,,,,,,,0,375.0,0.0,0.0,0,NONE
2026-09-24T17:59:54.959+00:00,578.401,manual,Manual cook,temp,1950,90.5,,esp32,,0,,,,,,,,,,,,0,375.0,0.0,0.0,0,NONE
2026-09-24T17:59:55.459+00:00,578.901,manual,Manual cook,temp,1950,91.4,,esp32,,0,,,,,,,,,,,,0,375.0,0.0,0.0,0,NONE
2026-09-24T17:59:56.462+00:00,579.904,manual,Manual cook,temp,1950,91.8,,esp32,,0,,,,,,,,,,,,0,375.0,0.0,0.0,0,NONE
2026-09-24T17:59:57.459+00:00,580.901,manual,Manual cook,temp,1950,92.3,,esp32,,0,,,,,,,,,,,,0,375.0,0.0,0.0,0,NONE
2026-09-24T17:59:57.959+00:00,581.401,manual,Manual cook,temp,1950,91.4,,esp32,,0,,,,,,,,,,,,0,375.0,0.0,0.0,0,NONE
2026-09-24T17:59:58.459+00:00,581.901,manual,Manual cook,temp,1950,91.4,,esp32,,0,,,,,,,,,,,,0,375.0,0.0,0.0,0,NONE
2026-09-24T17:59:59.459+00:00,582.901,manual,Manual cook,temp,1950,90.9,,esp32,,0,,,,,,,,,,,,0,375.0,0.0,0.0,0,NONE
2026-09-24T17:59:59.959+00:00,583.401,manual,Manual cook,temp,1950,91.4,,esp32,,0,,,,,,,,,,,,0,375.0,0.0,0.0,0,NONE
2026-09-24T18:00:00.959+00:00,584.401,manual,Manual cook,temp,1950,91.4,,esp32,,0,,,,,,,,,,,,0,375.0,0.0,0.0,0,NONE
2026-09-24T18:00:01.459+00:00,584.901,manual,Manual cook,temp,1950,91.4,,esp32,,0,,,,,,,,,,,,0,375.0,0.0,0.0,0,NONE
2026-09-24T18:00:01.963+00:00,585.405,manual,Manual cook,temp,1950,90.9,,esp32,,0,,,,,,,,,,,,0,375.0,0.0,0.0,0,NONE
2026-09-24T18:00:02.959+00:00,586.401,manual,Manual cook,temp,1950,91.4,,esp32,,0,,,,,,,,,,,,0,375.0,0.0,0.0,0,NONE
2026-09-24T18:00:03.959+00:00,587.401,manual,Manual cook,temp,1950,90.9,,esp32,,0,,,,,,,,,,,,0,375.0,0.0,0.0,0,NONE
2026-09-24T18:00:04.959+00:00,588.401,manual,Manual cook,temp,1950,90.9,,esp32,,0,,,,,,,,,,,,0,375.0,0.0,0.0,0,NONE
2026-09-24T18:00:05.459+00:00,588.901,manual,Manual cook,temp,1950,91.4,,esp32,,0,,,,,,,,,,,,0,375.0,0.0,0.0,0,NONE
2026-09-24T18:00:06.459+00:00,589.901,manual,Manual cook,temp,1950,90.9,,esp32,,0,,,,,,,,,,,,0,375.0,0.0,0.0,0,NONE
2026-09-24T18:00:07.459+00:00,590.901,manual,Manual cook,temp,1950,90.9,,esp32,,0,,,,,,,,,,,,0,375.0,0.0,0.0,0,NONE
2026-09-24T18:00:08.459+00:00,591.901,manual,Manual cook,temp,1950,90.5,,esp32,,0,,,,,,,,,,,,0,375.0,0.0,0.0,0,NONE
2026-09-24T18:00:09.458+00:00,592.900,manual,Manual cook,temp,1950,90.1,,esp32,,0,,,,,,,,,,,,0,375.0,0.0,0.0,0,NONE
2026-09-24T18:00:10.458+00:00,593.900,manual,Manual cook,temp,1950,90.9,,esp32,,0,,,,,,,,,,,,0,375.0,0.0,0.0,0,NONE
2026-09-24T18:00:11.458+00:00,594.900,manual,Manual cook,temp,1950,90.9,,esp32,,0,,,,,,,,,,,,0,375.0,0.0,0.0,0,NONE
2026-09-24T18:00:11.958+00:00,595.400,manual,Manual cook,temp,1950,90.1,,esp32,,0,,,,,,,,,,,,0,375.0,0.0,0.0,0,NONE
2026-09-24T18:00:12.460+00:00,595.902,manual,Manual cook,temp,1950,90.9,,esp32,,0,,,,,,,,,,,,0,375.0,0.0,0.0,0,NONE
2026-09-24T18:00:13.458+00:00,596.900,manual,Manual cook,temp,1950,90.1,,esp32,,0,,,,,,,,,,,,0,375.0,0.0,0.0,0,NONE
2026-09-24T18:00:13.959+00:00,597.401,manual,Manual cook,temp,1950,89.6,,esp32,,0,,,,,,,,,,,,0,375.0,0.0,0.0,0,NONE
2026-09-24T18:00:14.958+00:00,598.401,manual,Manual cook,temp,1950,90.1,,esp32,,0,,,,,,,,,,,,0,375.0,0.0,0.0,0,NONE
2026-09-24T18:00:15.958+00:00,599.400,manual,Manual cook,temp,1950,90.9,,esp32,,0,,,,,,,,,,,,0,375.0,0.0,0.0,0,NONE
2026-09-24T18:00:16.459+00:00,599.901,manual,Manual cook,temp,1950,90.1,,esp32,,0,,,,,,,,,,,,0,375.0,0.0,0.0,0,NONE
2026-09-24T18:00:17.459+00:00,600.901,manual,Manual cook,temp,1950,89.6,,esp32,,0,,,,,,,,,,,,0,375.0,0.0,0.0,0,NONE
2026-09-24T18:00:17.960+00:00,601.402,manual,Manual cook,temp,1950,89.2,,esp32,,0,,,,,,,,,,,,0,375.0,0.0,0.0,0,NONE
2026-09-24T18:00:18.958+00:00,602.400,manual,Manual cook,temp,1950,90.9,,esp32,,0,,,,,,,,,,,,0,375.0,0.0,0.0,0,NONE
2026-09-24T18:00:19.958+00:00,603.400,manual,Manual cook,temp,1950,90.1,,esp32,,0,,,,,,,,,,,,0,375.0,0.0,0.0,0,NONE
2026-09-24T18:00:20.958+00:00,604.400,manual,Manual cook,temp,1950,90.1,,esp32,,0,,,,,,,,,,,,0,375.0,0.0,0.0,0,NONE
2026-09-24T18:00:21.958+00:00,605.400,manual,Manual cook,temp,1950,90.5,,esp32,,0,,,,,,,,,,,,0,375.0,0.0,0.0,0,NONE
2026-09-24T18:00:22.458+00:00,605.900,manual,Manual cook,temp,1950,89.6,,esp32,,0,,,,,,,,,,,,0,375.0,0.0,0.0,0,NONE
2026-09-24T18:00:23.458+00:00,606.900,manual,Manual cook,temp,1950,89.6,,esp32,,0,,,,,,,,,,,,0,375.0,0.0,0.0,0,NONE
2026-09-24T18:00:24.458+00:00,607.900,manual,Manual cook,temp,1950,89.6,,esp32,,0,,,,,,,,,,,,0,375.0,0.0,0.0,0,NONE
2026-09-24T18:00:24.958+00:00,608.400,manual,Manual cook,temp,1950,90.1,,esp32,,0,,,,,,,,,,,,0,375.0,0.0,0.0,0,NONE
2026-09-24T18:00:25.458+00:00,608.900,manual,Manual cook,temp,1950,90.1,,esp32,,0,,,,,,,,,,,,0,375.0,0.0,0.0,0,NONE
2026-09-24T18:00:25.958+00:00,609.400,manual,Manual cook,temp,1950,90.1,,esp32,,0,,,,,,,,,,,,0,375.0,0.0,0.0,0,NONE
2026-09-24T18:00:26.458+00:00,609.900,manual,Manual cook,temp,1950,89.2,,esp32,,0,,,,,,,,,,,,0,375.0,0.0,0.0,0,NONE
2026-09-24T18:00:27.458+00:00,610.900,manual,Manual cook,temp,1950,89.6,,esp32,,0,,,,,,,,,,,,0,375.0,0.0,0.0,0,NONE
2026-09-24T18:00:28.459+00:00,611.901,manual,Manual cook,temp,1950,89.6,,esp32,,0,,,,,,,,,,,,0,375.0,0.0,0.0,0,NONE
2026-09-24T18:00:29.458+00:00,612.900,manual,Manual cook,temp,1950,89.2,,esp32,,0,,,,,,,,,,,,0,375.0,0.0,0.0,0,NONE
2026-09-24T18:00:30.458+00:00,613.900,manual,Manual cook,temp,1950,88.2,,esp32,,0,,,,,,,,,,,,0,375.0,0.0,0.0,0,NONE
2026-09-24T18:00:30.958+00:00,614.400,manual,Manual cook,temp,1950,88.7,,esp32,,0,,,,,,,,,,,,0,375.0,0.0,0.0,0,NONE
2026-09-24T18:00:31.458+00:00,614.900,manual,Manual cook,temp,1950,88.7,,esp32,,0,,,,,,,,,,,,0,375.0,0.0,0.0,0,NONE
2026-09-24T18:00:32.458+00:00,615.900,manual,Manual cook,temp,1950,88.7,,esp32,,0,,,,,,,,,,,,0,375.0,0.0,0.0,0,NONE
2026-09-24T18:00:33.458+00:00,616.900,manual,Manual cook,temp,1950,89.2,,esp32,,0,,,,,,,,,,,,0,375.0,0.0,0.0,0,NONE
2026-09-24T18:00:33.959+00:00,617.401,manual,Manual cook,temp,1950,88.2,,esp32,,0,,,,,,,,,,,,0,375.0,0.0,0.0,0,NONE
2026-09-24T18:00:34.459+00:00,617.901,manual,Manual cook,temp,1950,88.2,,esp32,,0,,,,,,,,,,,,0,375.0,0.0,0.0,0,NONE
2026-09-24T18:00:35.458+00:00,618.900,manual,Manual cook,temp,1950,89.6,,esp32,,0,,,,,,,,,,,,0,375.0,0.0,0.0,0,NONE
2026-09-24T18:00:35.958+00:00,619.400,manual,Manual cook,temp,1950,87.3,,esp32,,0,,,,,,,,,,,,0,375.0,0.0,0.0,0,NONE
2026-09-24T18:00:36.958+00:00,620.400,manual,Manual cook,temp,1950,88.7,,esp32,,0,,,,,,,,,,,,0,375.0,0.0,0.0,0,NONE
2026-09-24T18:00:37.458+00:00,620.900,manual,Manual cook,temp,1950,88.7,,esp32,,0,,,,,,,,,,,,0,375.0,0.0,0.0,0,NONE
2026-09-24T18:00:38.458+00:00,621.900,manual,Manual cook,temp,1950,88.2,,esp32,,0,,,,,,,,,,,,0,375.0,0.0,0.0,0,NONE
2026-09-24T18:00:38.958+00:00,622.400,manual,Manual cook,temp,1950,87.8,,esp32,,0,,,,,,,,,,,,0,375.0,0.0,0.0,0,NONE
2026-09-24T18:00:39.960+00:00,623.403,manual,Manual cook,temp,1950,88.7,,esp32,,0,,,,,,,,,,,,0,375.0,0.0,0.0,0,NONE
2026-09-24T18:00:40.958+00:00,624.400,manual,Manual cook,temp,1950,87.3,,esp32,,0,,,,,,,,,,,,0,375.0,0.0,0.0,0,NONE
2026-09-24T18:00:41.458+00:00,624.900,manual,Manual cook,temp,1950,88.7,,esp32,,0,,,,,,,,,,,,0,375.0,0.0,0.0,0,NONE
2026-09-24T18:00:42.458+00:00,625.900,manual,Manual cook,temp,1950,87.8,,esp32,,0,,,,,,,,,,,,0,375.0,0.0,0.0,0,NONE
2026-09-24T18:00:42.958+00:00,626.400,manual,Manual cook,temp,1950,87.3,,esp32,,0,,,,,,,,,,,,0,375.0,0.0,0.0,0,NONE
2026-09-24T18:00:43.958+00:00,627.400,manual,Manual cook,temp,1950,88.7,,esp32,,0,,,,,,,,,,,,0,375.0,0.0,0.0,0,NONE
2026-09-24T18:00:44.458+00:00,627.900,manual,Manual cook,temp,1950,88.2,,esp32,,0,,,,,,,,,,,,0,375.0,0.0,0.0,0,NONE
2026-09-24T18:00:45.458+00:00,628.900,manual,Manual cook,temp,1950,88.2,,esp32,,0,,,,,,,,,,,,0,375.0,0.0,0.0,0,NONE
2026-09-24T18:00:45.960+00:00,629.402,manual,Manual cook,temp,1950,88.2,,esp32,,0,,,,,,,,,,,,0,375.0,0.0,0.0,0,NONE
2026-09-24T18:00:46.958+00:00,630.400,manual,Manual cook,temp,1950,88.2,,esp32,,0,,,,,,,,,,,,0,375.0,0.0,0.0,0,NONE
2026-09-24T18:00:47.458+00:00,630.901,manual,Manual cook,temp,1950,88.7,,esp32,,0,,,,,,,,,,,,0,375.0,0.0,0.0,0,NONE
2026-09-24T18:00:48.457+00:00,631.900,manual,Manual cook,temp,1950,87.8,,esp32,,0,,,,,,,,,,,,0,375.0,0.0,0.0,0,NONE
2026-09-24T18:00:48.958+00:00,632.400,manual,Manual cook,temp,1950,87.3,,esp32,,0,,,,,,,,,,,,0,375.0,0.0,0.0,0,NONE
2026-09-24T18:00:49.958+00:00,633.400,manual,Manual cook,temp,1950,88.2,,esp32,,0,,,,,,,,,,,,0,375.0,0.0,0.0,0,NONE
2026-09-24T18:00:50.958+00:00,634.400,manual,Manual cook,temp,1950,87.8,,esp32,,0,,,,,,,,,,,,0,375.0,0.0,0.0,0,NONE
2026-09-24T18:00:51.958+00:00,635.400,manual,Manual cook,temp,1950,87.8,,esp32,,0,,,,,,,,,,,,0,375.0,0.0,0.0,0,NONE
2026-09-24T18:00:52.458+00:00,635.900,manual,Manual cook,temp,1950,87.8,,esp32,,0,,,,,,,,,,,,0,375.0,0.0,0.0,0,NONE
2026-09-24T18:00:53.457+00:00,636.899,manual,Manual cook,temp,1950,87.8,,esp32,,0,,,,,,,,,,,,0,375.0,0.0,0.0,0,NONE
2026-09-24T18:00:53.958+00:00,637.400,manual,Manual cook,temp,1950,88.2,,esp32,,0,,,,,,,,,,,,0,375.0,0.0,0.0,0,NONE
2026-09-24T18:00:54.458+00:00,637.900,manual,Manual cook,temp,1950,87.3,,esp32,,0,,,,,,,,,,,,0,375.0,0.0,0.0,0,NONE
2026-09-24T18:00:55.457+00:00,638.899,manual,Manual cook,temp,1950,88.7,,esp32,,0,,,,,,,,,,,,0,375.0,0.0,0.0,0,NONE
2026-09-24T18:00:56.458+00:00,639.900,manual,Manual cook,temp,1950,87.3,,esp32,,0,,,,,,,,,,,,0,375.0,0.0,0.0,0,NONE
2026-09-24T18:00:56.958+00:00,640.400,manual,Manual cook,temp,1950,87.8,,esp32,,0,,,,,,,,,,,,0,375.0,0.0,0.0,0,NONE
2026-09-24T18:00:57.957+00:00,641.399,manual,Manual cook,temp,1950,87.8,,esp32,,0,,,,,,,,,,,,0,375.0,0.0,0.0,0,NONE
2026-09-24T18:00:58.957+00:00,642.399,manual,Manual cook,temp,1950,86.9,,esp32,,0,,,,,,,,,,,,0,375.0,0.0,0.0,0,NONE
2026-09-24T18:00:59.957+00:00,643.399,manual,Manual cook,temp,1950,86.9,,esp32,,0,,,,,,,,,,,,0,375.0,0.0,0.0,0,NONE
2026-09-24T18:01:00.957+00:00,644.399,manual,Manual cook,temp,1950,87.8,,esp32,,0,,,,,,,,,,,,0,375.0,0.0,0.0,0,NONE
2026-09-24T18:01:01.958+00:00,645.400,manual,Manual cook,temp,1950,86.9,,esp32,,0,,,,,,,,,,,,0,375.0,0.0,0.0,0,NONE
2026-09-24T18:01:02.957+00:00,646.399,manual,Manual cook,temp,1950,86.4,,esp32,,0,,,,,,,,,,,,0,375.0,0.0,0.0,0,NONE
2026-09-24T18:01:03.957+00:00,647.399,manual,Manual cook,temp,1950,88.2,,esp32,,0,,,,,,,,,,,,0,375.0,0.0,0.0,0,NONE
2026-09-24T18:01:04.457+00:00,647.899,manual,Manual cook,temp,1950,87.8,,esp32,,0,,,,,,,,,,,,0,375.0,0.0,0.0,0,NONE
2026-09-24T18:01:05.457+00:00,648.899,manual,Manual cook,temp,1950,88.2,,esp32,,0,,,,,,,,,,,,0,375.0,0.0,0.0,0,NONE
2026-09-24T18:01:06.457+00:00,649.899,manual,Manual cook,temp,1950,87.8,,esp32,,0,,,,,,,,,,,,0,375.0,0.0,0.0,0,NONE
2026-09-24T18:01:06.957+00:00,650.399,manual,Manual cook,temp,1950,88.2,,esp32,,0,,,,,,,,,,,,0,375.0,0.0,0.0,0,NONE
2026-09-24T18:01:07.458+00:00,650.900,manual,Manual cook,temp,1950,88.2,,esp32,,0,,,,,,,,,,,,0,375.0,0.0,0.0,0,NONE
2026-09-24T18:01:08.457+00:00,651.899,manual,Manual cook,temp,1950,87.8,,esp32,,0,,,,,,,,,,,,0,375.0,0.0,0.0,0,NONE
2026-09-24T18:01:09.457+00:00,652.899,manual,Manual cook,temp,1950,86.9,,esp32,,0,,,,,,,,,,,,0,375.0,0.0,0.0,0,NONE
2026-09-24T18:01:09.957+00:00,653.399,manual,Manual cook,temp,1950,87.8,,esp32,,0,,,,,,,,,,,,0,375.0,0.0,0.0,0,NONE
2026-09-24T18:01:10.957+00:00,654.399,manual,Manual cook,temp,1950,87.8,,esp32,,0,,,,,,,,,,,,0,375.0,0.0,0.0,0,NONE
2026-09-24T18:01:11.957+00:00,655.399,manual,Manual cook,temp,1950,87.8,,esp32,,0,,,,,,,,,,,,0,375.0,0.0,0.0,0,NONE
2026-09-24T18:01:12.958+00:00,656.400,manual,Manual cook,temp,1950,86.9,,esp32,,0,,,,,,,,,,,,0,375.0,0.0,0.0,0,NONE
2026-09-24T18:01:13.957+00:00,657.399,manual,Manual cook,temp,1950,87.8,,esp32,,0,,,,,,,,,,,,0,375.0,0.0,0.0,0,NONE
2026-09-24T18:01:14.957+00:00,658.399,manual,Manual cook,temp,1950,87.3,,esp32,,0,,,,,,,,,,,,0,375.0,0.0,0.0,0,NONE
2026-09-24T18:01:15.957+00:00,659.399,manual,Manual cook,temp,1950,87.8,,esp32,,0,,,,,,,,,,,,0,375.0,0.0,0.0,0,NONE
2026-09-24T18:01:16.457+00:00,659.899,manual,Manual cook,temp,1950,87.8,,esp32,,0,,,,,,,,,,,,0,375.0,0.0,0.0,0,NONE
2026-09-24T18:01:16.957+00:00,660.399,manual,Manual cook,temp,1950,87.8,,esp32,,0,,,,,,,,,,,,0,375.0,0.0,0.0,0,NONE
2026-09-24T18:01:17.957+00:00,661.399,manual,Manual cook,temp,1950,88.2,,esp32,,0,,,,,,,,,,,,0,375.0,0.0,0.0,0,NONE
2026-09-24T18:01:18.457+00:00,661.900,manual,Manual cook,temp,1950,88.2,,esp32,,0,,,,,,,,,,,,0,375.0,0.0,0.0,0,NONE
2026-09-24T18:01:19.457+00:00,662.899,manual,Manual cook,temp,1950,88.7,,esp32,,0,,,,,,,,,,,,0,375.0,0.0,0.0,0,NONE
2026-09-24T18:01:20.457+00:00,663.899,manual,Manual cook,temp,1950,88.7,,esp32,,0,,,,,,,,,,,,0,375.0,0.0,0.0,0,NONE
2026-09-24T18:01:20.957+00:00,664.399,manual,Manual cook,temp,1950,87.3,,esp32,,0,,,,,,,,,,,,0,375.0,0.0,0.0,0,NONE
2026-09-24T18:01:21.957+00:00,665.399,manual,Manual cook,temp,1950,87.8,,esp32,,0,,,,,,,,,,,,0,375.0,0.0,0.0,0,NONE
2026-09-24T18:01:22.457+00:00,665.899,manual,Manual cook,temp,1950,88.2,,esp32,,0,,,,,,,,,,,,0,375.0,0.0,0.0,0,NONE
2026-09-24T18:01:23.457+00:00,666.899,manual,Manual cook,temp,1950,88.7,,esp32,,0,,,,,,,,,,,,0,375.0,0.0,0.0,0,NONE
2026-09-24T18:01:23.960+00:00,667.402,manual,Manual cook,temp,1950,88.7,,esp32,,0,,,,,,,,,,,,0,375.0,0.0,0.0,0,NONE
2026-09-24T18:01:24.957+00:00,668.399,manual,Manual cook,temp,1950,87.8,,esp32,,0,,,,,,,,,,,,0,375.0,0.0,0.0,0,NONE
2026-09-24T18:01:25.457+00:00,668.899,manual,Manual cook,temp,1950,88.2,,esp32,,0,,,,,,,,,,,,0,375.0,0.0,0.0,0,NONE
2026-09-24T18:01:26.457+00:00,669.899,manual,Manual cook,temp,1950,88.7,,esp32,,0,,,,,,,,,,,,0,375.0,0.0,0.0,0,NONE
2026-09-24T18:01:27.457+00:00,670.899,manual,Manual cook,temp,1950,87.8,,esp32,,0,,,,,,,,,,,,0,375.0,0.0,0.0,0,NONE
2026-09-24T18:01:28.457+00:00,671.899,manual,Manual cook,temp,1950,88.2,,esp32,,0,,,,,,,,,,,,0,375.0,0.0,0.0,0,NONE
2026-09-24T18:01:28.957+00:00,672.399,manual,Manual cook,temp,1950,89.2,,esp32,,0,,,,,,,,,,,,0,375.0,0.0,0.0,0,NONE
2026-09-24T18:01:29.457+00:00,672.899,manual,Manual cook,temp,1950,88.7,,esp32,,0,,,,,,,,,,,,0,375.0,0.0,0.0,0,NONE
2026-09-24T18:01:30.456+00:00,673.898,manual,Manual cook,temp,1950,88.7,,esp32,,0,,,,,,,,,,,,0,375.0,0.0,0.0,0,NONE
2026-09-24T18:01:30.957+00:00,674.399,manual,Manual cook,temp,1950,88.2,,esp32,,0,,,,,,,,,,,,0,375.0,0.0,0.0,0,NONE
2026-09-24T18:01:31.956+00:00,675.398,manual,Manual cook,temp,1950,88.7,,esp32,,0,,,,,,,,,,,,0,375.0,0.0,0.0,0,NONE
2026-09-24T18:01:32.457+00:00,675.899,manual,Manual cook,temp,1950,88.7,,esp32,,0,,,,,,,,,,,,0,375.0,0.0,0.0,0,NONE
2026-09-24T18:01:33.456+00:00,676.898,manual,Manual cook,temp,1950,89.2,,esp32,,0,,,,,,,,,,,,0,375.0,0.0,0.0,0,NONE
2026-09-24T18:01:33.956+00:00,677.398,manual,Manual cook,temp,1950,89.2,,esp32,,0,,,,,,,,,,,,0,375.0,0.0,0.0,0,NONE
2026-09-24T18:01:34.457+00:00,677.899,manual,Manual cook,temp,1950,87.8,,esp32,,0,,,,,,,,,,,,0,375.0,0.0,0.0,0,NONE
2026-09-24T18:01:34.958+00:00,678.400,manual,Manual cook,temp,1950,87.8,,esp32,,0,,,,,,,,,,,,0,375.0,0.0,0.0,0,NONE
2026-09-24T18:01:35.957+00:00,679.399,manual,Manual cook,temp,1950,88.2,,esp32,,0,,,,,,,,,,,,0,375.0,0.0,0.0,0,NONE
2026-09-24T18:01:36.457+00:00,679.899,manual,Manual cook,temp,1950,88.2,,esp32,,0,,,,,,,,,,,,0,375.0,0.0,0.0,0,NONE
2026-09-24T18:01:37.456+00:00,680.899,manual,Manual cook,temp,1950,89.2,,esp32,,0,,,,,,,,,,,,0,375.0,0.0,0.0,0,NONE
2026-09-24T18:01:37.957+00:00,681.399,manual,Manual cook,temp,1950,87.3,,esp32,,0,,,,,,,,,,,,0,375.0,0.0,0.0,0,NONE
2026-09-24T18:01:38.956+00:00,682.398,manual,Manual cook,temp,1950,88.2,,esp32,,0,,,,,,,,,,,,0,375.0,0.0,0.0,0,NONE
2026-09-24T18:01:39.956+00:00,683.398,manual,Manual cook,temp,1950,88.7,,esp32,,0,,,,,,,,,,,,0,375.0,0.0,0.0,0,NONE
2026-09-24T18:01:40.457+00:00,683.899,manual,Manual cook,temp,1950,88.7,,esp32,,0,,,,,,,,,,,,0,375.0,0.0,0.0,0,NONE
2026-09-24T18:01:40.957+00:00,684.399,manual,Manual cook,temp,1950,88.2,,esp32,,0,,,,,,,,,,,,0,375.0,0.0,0.0,0,NONE
2026-09-24T18:01:41.463+00:00,684.905,manual,Manual cook,temp,1950,88.2,,esp32,,0,,,,,,,,,,,,0,375.0,0.0,0.0,0,NONE
2026-09-24T18:01:42.456+00:00,685.898,manual,Manual cook,temp,1950,87.8,,esp32,,0,,,,,,,,,,,,0,375.0,0.0,0.0,0,NONE
2026-09-24T18:01:43.456+00:00,686.898,manual,Manual cook,temp,1950,87.8,,esp32,,0,,,,,,,,,,,,0,375.0,0.0,0.0,0,NONE
2026-09-24T18:01:44.456+00:00,687.898,manual,Manual cook,temp,1950,88.2,,esp32,,0,,,,,,,,,,,,0,375.0,0.0,0.0,0,NONE
2026-09-24T18:01:45.456+00:00,688.898,manual,Manual cook,temp,1950,88.2,,esp32,,0,,,,,,,,,,,,0,375.0,0.0,0.0,0,NONE
2026-09-24T18:01:46.456+00:00,689.898,manual,Manual cook,temp,1950,88.2,,esp32,,0,,,,,,,,,,,,0,375.0,0.0,0.0,0,NONE
2026-09-24T18:01:46.958+00:00,690.400,manual,Manual cook,temp,1950,87.8,,esp32,,0,,,,,,,,,,,,0,375.0,0.0,0.0,0,NONE
2026-09-24T18:01:47.956+00:00,691.398,manual,Manual cook,temp,1950,87.8,,esp32,,0,,,,,,,,,,,,0,375.0,0.0,0.0,0,NONE
2026-09-24T18:01:48.956+00:00,692.398,manual,Manual cook,temp,1950,86.9,,esp32,,0,,,,,,,,,,,,0,375.0,0.0,0.0,0,NONE
2026-09-24T18:01:49.956+00:00,693.398,manual,Manual cook,temp,1950,87.8,,esp32,,0,,,,,,,,,,,,0,375.0,0.0,0.0,0,NONE
2026-09-24T18:01:50.956+00:00,694.398,manual,Manual cook,temp,1950,86.9,,esp32,,0,,,,,,,,,,,,0,375.0,0.0,0.0,0,NONE
2026-09-24T18:01:51.456+00:00,694.898,manual,Manual cook,temp,1950,88.2,,esp32,,0,,,,,,,,,,,,0,375.0,0.0,0.0,0,NONE
2026-09-24T18:01:52.456+00:00,695.898,manual,Manual cook,temp,1950,86.4,,esp32,,0,,,,,,,,,,,,0,375.0,0.0,0.0,0,NONE
2026-09-24T18:01:52.957+00:00,696.399,manual,Manual cook,temp,1950,87.8,,esp32,,0,,,,,,,,,,,,0,375.0,0.0,0.0,0,NONE
2026-09-24T18:01:53.956+00:00,697.398,manual,Manual cook,temp,1950,86.4,,esp32,,0,,,,,,,,,,,,0,375.0,0.0,0.0,0,NONE
2026-09-24T18:01:54.456+00:00,697.898,manual,Manual cook,temp,1950,88.2,,esp32,,0,,,,,,,,,,,,0,375.0,0.0,0.0,0,NONE
2026-09-24T18:01:55.456+00:00,698.898,manual,Manual cook,temp,1950,88.2,,esp32,,0,,,,,,,,,,,,0,375.0,0.0,0.0,0,NONE
2026-09-24T18:01:56.456+00:00,699.898,manual,Manual cook,temp,1950,87.8,,esp32,,0,,,,,,,,,,,,0,375.0,0.0,0.0,0,NONE
2026-09-24T18:01:57.456+00:00,700.898,manual,Manual cook,temp,1950,86.9,,esp32,,0,,,,,,,,,,,,0,375.0,0.0,0.0,0,NONE
2026-09-24T18:01:57.956+00:00,701.398,manual,Manual cook,temp,1950,87.3,,esp32,,0,,,,,,,,,,,,0,375.0,0.0,0.0,0,NONE
2026-09-24T18:01:58.956+00:00,702.398,manual,Manual cook,temp,1950,86.4,,esp32,,0,,,,,,,,,,,,0,375.0,0.0,0.0,0,NONE
2026-09-24T18:01:59.956+00:00,703.398,manual,Manual cook,temp,1950,86.9,,esp32,,0,,,,,,,,,,,,0,375.0,0.0,0.0,0,NONE
2026-09-24T18:02:00.956+00:00,704.398,manual,Manual cook,temp,1950,87.3,,esp32,,0,,,,,,,,,,,,0,375.0,0.0,0.0,0,NONE
2026-09-24T18:02:01.956+00:00,705.398,manual,Manual cook,temp,1950,86.4,,esp32,,0,,,,,,,,,,,,0,375.0,0.0,0.0,0,NONE
2026-09-24T18:02:02.456+00:00,705.898,manual,Manual cook,temp,1950,86.4,,esp32,,0,,,,,,,,,,,,0,375.0,0.0,0.0,0,NONE
2026-09-24T18:02:02.956+00:00,706.398,manual,Manual cook,temp,1950,86.4,,esp32,,0,,,,,,,,,,,,0,375.0,0.0,0.0,0,NONE
2026-09-24T18:02:03.456+00:00,706.898,manual,Manual cook,temp,1950,86.4,,esp32,,0,,,,,,,,,,,,0,375.0,0.0,0.0,0,NONE
2026-09-24T18:02:03.957+00:00,707.399,manual,Manual cook,temp,1950,86.0,,esp32,,0,,,,,,,,,,,,0,375.0,0.0,0.0,0,NONE
2026-09-24T18:02:04.956+00:00,708.398,manual,Manual cook,temp,1950,86.4,,esp32,,0,,,,,,,,,,,,0,375.0,0.0,0.0,0,NONE
2026-09-24T18:02:05.456+00:00,708.898,manual,Manual cook,temp,1950,86.4,,esp32,,0,,,,,,,,,,,,0,375.0,0.0,0.0,0,NONE
2026-09-24T18:02:06.456+00:00,709.898,manual,Manual cook,temp,1950,86.4,,esp32,,0,,,,,,,,,,,,0,375.0,0.0,0.0,0,NONE
2026-09-24T18:02:07.456+00:00,710.898,manual,Manual cook,temp,1950,86.4,,esp32,,0,,,,,,,,,,,,0,375.0,0.0,0.0,0,NONE
2026-09-24T18:02:07.956+00:00,711.398,manual,Manual cook,temp,1950,86.4,,esp32,,0,,,,,,,,,,,,0,375.0,0.0,0.0,0,NONE
2026-09-24T18:02:08.956+00:00,712.398,manual,Manual cook,temp,1950,86.0,,esp32,,0,,,,,,,,,,,,0,375.0,0.0,0.0,0,NONE
2026-09-24T18:02:09.956+00:00,713.398,manual,Manual cook,temp,1950,86.4,,esp32,,0,,,,,,,,,,,,0,375.0,0.0,0.0,0,NONE
2026-09-24T18:02:10.456+00:00,713.898,manual,Manual cook,temp,1950,86.0,,esp32,,0,,,,,,,,,,,,0,375.0,0.0,0.0,0,NONE
2026-09-24T18:02:10.956+00:00,714.398,manual,Manual cook,temp,1950,85.6,,esp32,,0,,,,,,,,,,,,0,375.0,0.0,0.0,0,NONE
2026-09-24T18:02:11.956+00:00,715.398,manual,Manual cook,temp,1950,86.0,,esp32,,0,,,,,,,,,,,,0,375.0,0.0,0.0,0,NONE
2026-09-24T18:02:12.955+00:00,716.397,manual,Manual cook,temp,1950,86.4,,esp32,,0,,,,,,,,,,,,0,375.0,0.0,0.0,0,NONE
2026-09-24T18:02:13.955+00:00,717.397,manual,Manual cook,temp,1950,85.1,,esp32,,0,,,,,,,,,,,,0,375.0,0.0,0.0,0,NONE
2026-09-24T18:02:14.456+00:00,717.898,manual,Manual cook,temp,1950,86.0,,esp32,,0,,,,,,,,,,,,0,375.0,0.0,0.0,0,NONE
2026-09-24T18:02:15.455+00:00,718.897,manual,Manual cook,temp,1950,86.0,,esp32,,0,,,,,,,,,,,,0,375.0,0.0,0.0,0,NONE
2026-09-24T18:02:15.956+00:00,719.398,manual,Manual cook,temp,1950,86.0,,esp32,,0,,,,,,,,,,,,0,375.0,0.0,0.0,0,NONE
2026-09-24T18:02:16.456+00:00,719.898,manual,Manual cook,temp,1950,86.0,,esp32,,0,,,,,,,,,,,,0,375.0,0.0,0.0,0,NONE
2026-09-24T18:02:17.455+00:00,720.897,manual,Manual cook,temp,1950,85.6,,esp32,,0,,,,,,,,,,,,0,375.0,0.0,0.0,0,NONE
2026-09-24T18:02:17.956+00:00,721.398,manual,Manual cook,temp,1950,85.1,,esp32,,0,,,,,,,,,,,,0,375.0,0.0,0.0,0,NONE
2026-09-24T18:02:18.956+00:00,722.398,manual,Manual cook,temp,1950,86.0,,esp32,,0,,,,,,,,,,,,0,375.0,0.0,0.0,0,NONE
2026-09-24T18:02:19.956+00:00,723.398,manual,Manual cook,temp,1950,86.0,,esp32,,0,,,,,,,,,,,,0,375.0,0.0,0.0,0,NONE
2026-09-24T18:02:20.955+00:00,724.397,manual,Manual cook,temp,1950,85.6,,esp32,,0,,,,,,,,,,,,0,375.0,0.0,0.0,0,NONE
2026-09-24T18:02:21.955+00:00,725.397,manual,Manual cook,temp,1950,85.6,,esp32,,0,,,,,,,,,,,,0,375.0,0.0,0.0,0,NONE
2026-09-24T18:02:22.455+00:00,725.897,manual,Manual cook,temp,1950,85.1,,esp32,,0,,,,,,,,,,,,0,375.0,0.0,0.0,0,NONE
2026-09-24T18:02:23.455+00:00,726.897,manual,Manual cook,temp,1950,85.6,,esp32,,0,,,,,,,,,,,,0,375.0,0.0,0.0,0,NONE
2026-09-24T18:02:23.955+00:00,727.397,manual,Manual cook,temp,1950,85.1,,esp32,,0,,,,,,,,,,,,0,375.0,0.0,0.0,0,NONE
2026-09-24T18:02:24.955+00:00,728.397,manual,Manual cook,temp,1950,84.7,,esp32,,0,,,,,,,,,,,,0,375.0,0.0,0.0,0,NONE
2026-09-24T18:02:25.459+00:00,728.902,manual,Manual cook,temp,1950,86.0,,esp32,,0,,,,,,,,,,,,0,375.0,0.0,0.0,0,NONE
2026-09-24T18:02:26.455+00:00,729.897,manual,Manual cook,temp,1950,85.6,,esp32,,0,,,,,,,,,,,,0,375.0,0.0,0.0,0,NONE
2026-09-24T18:02:27.455+00:00,730.897,manual,Manual cook,temp,1950,85.1,,esp32,,0,,,,,,,,,,,,0,375.0,0.0,0.0,0,NONE
2026-09-24T18:02:27.955+00:00,731.397,manual,Manual cook,temp,1950,86.0,,esp32,,0,,,,,,,,,,,,0,375.0,0.0,0.0,0,NONE
2026-09-24T18:02:28.455+00:00,731.897,manual,Manual cook,temp,1950,85.1,,esp32,,0,,,,,,,,,,,,0,375.0,0.0,0.0,0,NONE
2026-09-24T18:02:29.455+00:00,732.897,manual,Manual cook,temp,1950,86.0,,esp32,,0,,,,,,,,,,,,0,375.0,0.0,0.0,0,NONE
2026-09-24T18:02:29.955+00:00,733.397,manual,Manual cook,temp,1950,85.6,,esp32,,0,,,,,,,,,,,,0,375.0,0.0,0.0,0,NONE
2026-09-24T18:02:30.456+00:00,733.898,manual,Manual cook,temp,1950,85.1,,esp32,,0,,,,,,,,,,,,0,375.0,0.0,0.0,0,NONE
2026-09-24T18:02:31.455+00:00,734.897,manual,Manual cook,temp,1950,85.6,,esp32,,0,,,,,,,,,,,,0,375.0,0.0,0.0,0,NONE
2026-09-24T18:02:32.455+00:00,735.897,manual,Manual cook,temp,1950,84.7,,esp32,,0,,,,,,,,,,,,0,375.0,0.0,0.0,0,NONE
2026-09-24T18:02:33.455+00:00,736.897,manual,Manual cook,temp,1950,86.0,,esp32,,0,,,,,,,,,,,,0,375.0,0.0,0.0,0,NONE
2026-09-24T18:02:34.455+00:00,737.897,manual,Manual cook,temp,1950,84.2,,esp32,,0,,,,,,,,,,,,0,375.0,0.0,0.0,0,NONE
2026-09-24T18:02:35.455+00:00,738.897,manual,Manual cook,temp,1950,85.1,,esp32,,0,,,,,,,,,,,,0,375.0,0.0,0.0,0,NONE
2026-09-24T18:02:36.456+00:00,739.898,manual,Manual cook,temp,1950,85.1,,esp32,,0,,,,,,,,,,,,0,375.0,0.0,0.0,0,NONE
2026-09-24T18:02:37.463+00:00,740.905,manual,Manual cook,temp,1950,84.7,,esp32,,0,,,,,,,,,,,,0,375.0,0.0,0.0,0,NONE
2026-09-24T18:02:38.455+00:00,741.897,manual,Manual cook,temp,1950,84.7,,esp32,,0,,,,,,,,,,,,0,375.0,0.0,0.0,0,NONE
2026-09-24T18:02:39.455+00:00,742.897,manual,Manual cook,temp,1950,85.1,,esp32,,0,,,,,,,,,,,,0,375.0,0.0,0.0,0,NONE
2026-09-24T18:02:39.955+00:00,743.397,manual,Manual cook,temp,1950,85.1,,esp32,,0,,,,,,,,,,,,0,375.0,0.0,0.0,0,NONE
2026-09-24T18:02:40.955+00:00,744.397,manual,Manual cook,temp,1950,85.1,,esp32,,0,,,,,,,,,,,,0,375.0,0.0,0.0,0,NONE
2026-09-24T18:02:41.455+00:00,744.897,manual,Manual cook,temp,1950,85.1,,esp32,,0,,,,,,,,,,,,0,375.0,0.0,0.0,0,NONE
2026-09-24T18:02:42.455+00:00,745.897,manual,Manual cook,temp,1950,85.1,,esp32,,0,,,,,,,,,,,,0,375.0,0.0,0.0,0,NONE
2026-09-24T18:02:42.955+00:00,746.397,manual,Manual cook,temp,1950,85.1,,esp32,,0,,,,,,,,,,,,0,375.0,0.0,0.0,0,NONE
2026-09-24T18:02:43.955+00:00,747.397,manual,Manual cook,temp,1950,85.1,,esp32,,0,,,,,,,,,,,,0,375.0,0.0,0.0,0,NONE
2026-09-24T18:02:44.455+00:00,747.897,manual,Manual cook,temp,1950,85.1,,esp32,,0,,,,,,,,,,,,0,375.0,0.0,0.0,0,NONE
2026-09-24T18:02:45.455+00:00,748.897,manual,Manual cook,temp,1950,84.7,,esp32,,0,,,,,,,,,,,,0,375.0,0.0,0.0,0,NONE
2026-09-24T18:02:46.455+00:00,749.897,manual,Manual cook,temp,1950,84.7,,esp32,,0,,,,,,,,,,,,0,375.0,0.0,0.0,0,NONE
2026-09-24T18:02:47.455+00:00,750.897,manual,Manual cook,temp,1950,84.2,,esp32,,0,,,,,,,,,,,,0,375.0,0.0,0.0,0,NONE
2026-09-24T18:02:48.456+00:00,751.898,manual,Manual cook,temp,1950,84.7,,esp32,,0,,,,,,,,,,,,0,375.0,0.0,0.0,0,NONE
2026-09-24T18:02:49.455+00:00,752.897,manual,Manual cook,temp,1950,85.1,,esp32,,0,,,,,,,,,,,,0,375.0,0.0,0.0,0,NONE
2026-09-24T18:02:50.455+00:00,753.897,manual,Manual cook,temp,1950,84.7,,esp32,,0,,,,,,,,,,,,0,375.0,0.0,0.0,0,NONE
2026-09-24T18:02:51.455+00:00,754.897,manual,Manual cook,temp,1950,85.1,,esp32,,0,,,,,,,,,,,,0,375.0,0.0,0.0,0,NONE
2026-09-24T18:02:52.455+00:00,755.897,manual,Manual cook,temp,1950,84.2,,esp32,,0,,,,,,,,,,,,0,375.0,0.0,0.0,0,NONE
2026-09-24T18:02:53.455+00:00,756.897,manual,Manual cook,temp,1950,84.2,,esp32,,0,,,,,,,,,,,,0,375.0,0.0,0.0,0,NONE
2026-09-24T18:02:53.955+00:00,757.397,manual,Manual cook,temp,1950,84.2,,esp32,,0,,,,,,,,,,,,0,375.0,0.0,0.0,0,NONE
2026-09-24T18:02:54.455+00:00,757.897,manual,Manual cook,temp,1950,84.7,,esp32,,0,,,,,,,,,,,,0,375.0,0.0,0.0,0,NONE
2026-09-24T18:02:55.456+00:00,758.898,manual,Manual cook,temp,1950,84.7,,esp32,,0,,,,,,,,,,,,0,375.0,0.0,0.0,0,NONE
2026-09-24T18:02:56.455+00:00,759.897,manual,Manual cook,temp,1950,83.7,,esp32,,0,,,,,,,,,,,,0,375.0,0.0,0.0,0,NONE
2026-09-24T18:02:57.454+00:00,760.896,manual,Manual cook,temp,1950,84.7,,esp32,,0,,,,,,,,,,,,0,375.0,0.0,0.0,0,NONE
2026-09-24T18:02:57.955+00:00,761.397,manual,Manual cook,temp,1950,84.7,,esp32,,0,,,,,,,,,,,,0,375.0,0.0,0.0,0,NONE
2026-09-24T18:02:58.955+00:00,762.397,manual,Manual cook,temp,1950,84.7,,esp32,,0,,,,,,,,,,,,0,375.0,0.0,0.0,0,NONE
2026-09-24T18:02:59.955+00:00,763.397,manual,Manual cook,temp,1950,83.7,,esp32,,0,,,,,,,,,,,,0,375.0,0.0,0.0,0,NONE
2026-09-24T18:03:00.954+00:00,764.396,manual,Manual cook,temp,1950,83.7,,esp32,,0,,,,,,,,,,,,0,375.0,0.0,0.0,0,NONE
2026-09-24T18:03:01.454+00:00,764.896,manual,Manual cook,temp,1950,85.1,,esp32,,0,,,,,,,,,,,,0,375.0,0.0,0.0,0,NONE
2026-09-24T18:03:02.454+00:00,765.896,manual,Manual cook,temp,1950,84.7,,esp32,,0,,,,,,,,,,,,0,375.0,0.0,0.0,0,NONE
2026-09-24T18:03:03.454+00:00,766.896,manual,Manual cook,temp,1950,84.2,,esp32,,0,,,,,,,,,,,,0,375.0,0.0,0.0,0,NONE
2026-09-24T18:03:04.454+00:00,767.896,manual,Manual cook,temp,1950,84.7,,esp32,,0,,,,,,,,,,,,0,375.0,0.0,0.0,0,NONE
2026-09-24T18:03:04.955+00:00,768.397,manual,Manual cook,temp,1950,84.7,,esp32,,0,,,,,,,,,,,,0,375.0,0.0,0.0,0,NONE
2026-09-24T18:03:05.954+00:00,769.396,manual,Manual cook,temp,1950,84.2,,esp32,,0,,,,,,,,,,,,0,375.0,0.0,0.0,0,NONE
2026-09-24T18:03:06.954+00:00,770.396,manual,Manual cook,temp,1950,84.2,,esp32,,0,,,,,,,,,,,,0,375.0,0.0,0.0,0,NONE
2026-09-24T18:03:07.954+00:00,771.396,manual,Manual cook,temp,1950,84.2,,esp32,,0,,,,,,,,,,,,0,375.0,0.0,0.0,0,NONE
2026-09-24T18:03:08.954+00:00,772.396,manual,Manual cook,temp,1950,84.7,,esp32,,0,,,,,,,,,,,,0,375.0,0.0,0.0,0,NONE
2026-09-24T18:03:09.454+00:00,772.896,manual,Manual cook,temp,1950,84.7,,esp32,,0,,,,,,,,,,,,0,375.0,0.0,0.0,0,NONE
2026-09-24T18:03:10.455+00:00,773.897,manual,Manual cook,temp,1950,84.2,,esp32,,0,,,,,,,,,,,,0,375.0,0.0,0.0,0,NONE
2026-09-24T18:03:11.454+00:00,774.896,manual,Manual cook,temp,1950,84.2,,esp32,,0,,,,,,,,,,,,0,375.0,0.0,0.0,0,NONE
2026-09-24T18:03:12.454+00:00,775.896,manual,Manual cook,temp,1950,83.7,,esp32,,0,,,,,,,,,,,,0,375.0,0.0,0.0,0,NONE
2026-09-24T18:03:13.454+00:00,776.896,manual,Manual cook,temp,1950,83.3,,esp32,,0,,,,,,,,,,,,0,375.0,0.0,0.0,0,NONE
2026-09-24T18:03:13.954+00:00,777.396,manual,Manual cook,temp,1950,84.7,,esp32,,0,,,,,,,,,,,,0,375.0,0.0,0.0,0,NONE
2026-09-24T18:03:14.954+00:00,778.396,manual,Manual cook,temp,1950,84.2,,esp32,,0,,,,,,,,,,,,0,375.0,0.0,0.0,0,NONE
2026-09-24T18:03:15.955+00:00,779.397,manual,Manual cook,temp,1950,83.3,,esp32,,0,,,,,,,,,,,,0,375.0,0.0,0.0,0,NONE
2026-09-24T18:03:16.954+00:00,780.396,manual,Manual cook,temp,1950,84.2,,esp32,,0,,,,,,,,,,,,0,375.0,0.0,0.0,0,NONE
2026-09-24T18:03:17.454+00:00,780.896,manual,Manual cook,temp,1950,84.2,,esp32,,0,,,,,,,,,,,,0,375.0,0.0,0.0,0,NONE
2026-09-24T18:03:18.454+00:00,781.896,manual,Manual cook,temp,1950,82.4,,esp32,,0,,,,,,,,,,,,0,375.0,0.0,0.0,0,NONE
2026-09-24T18:03:18.954+00:00,782.396,manual,Manual cook,temp,1950,82.8,,esp32,,0,,,,,,,,,,,,0,375.0,0.0,0.0,0,NONE
2026-09-24T18:03:19.954+00:00,783.396,manual,Manual cook,temp,1950,84.7,,esp32,,0,,,,,,,,,,,,0,375.0,0.0,0.0,0,NONE
2026-09-24T18:03:20.454+00:00,783.896,manual,Manual cook,temp,1950,83.7,,esp32,,0,,,,,,,,,,,,0,375.0,0.0,0.0,0,NONE
2026-09-24T18:03:21.459+00:00,784.901,manual,Manual cook,temp,1950,83.3,,esp32,,0,,,,,,,,,,,,0,375.0,0.0,0.0,0,NONE
2026-09-24T18:03:22.454+00:00,785.896,manual,Manual cook,temp,1950,83.3,,esp32,,0,,,,,,,,,,,,0,375.0,0.0,0.0,0,NONE
2026-09-24T18:03:22.954+00:00,786.396,manual,Manual cook,temp,1950,83.7,,esp32,,0,,,,,,,,,,,,0,375.0,0.0,0.0,0,NONE
2026-09-24T18:03:23.454+00:00,786.896,manual,Manual cook,temp,1950,82.8,,esp32,,0,,,,,,,,,,,,0,375.0,0.0,0.0,0,NONE
2026-09-24T18:03:23.954+00:00,787.396,manual,Manual cook,temp,1950,83.3,,esp32,,0,,,,,,,,,,,,0,375.0,0.0,0.0,0,NONE
2026-09-24T18:03:24.954+00:00,788.396,manual,Manual cook,temp,1950,83.3,,esp32,,0,,,,,,,,,,,,0,375.0,0.0,0.0,0,NONE
2026-09-24T18:03:25.954+00:00,789.396,manual,Manual cook,temp,1950,83.3,,esp32,,0,,,,,,,,,,,,0,375.0,0.0,0.0,0,NONE
2026-09-24T18:03:26.954+00:00,790.396,manual,Manual cook,temp,1950,83.7,,esp32,,0,,,,,,,,,,,,0,375.0,0.0,0.0,0,NONE
2026-09-24T18:03:27.954+00:00,791.396,manual,Manual cook,temp,1950,83.3,,esp32,,0,,,,,,,,,,,,0,375.0,0.0,0.0,0,NONE
2026-09-24T18:03:28.454+00:00,791.896,manual,Manual cook,temp,1950,83.7,,esp32,,0,,,,,,,,,,,,0,375.0,0.0,0.0,0,NONE
2026-09-24T18:03:29.454+00:00,792.896,manual,Manual cook,temp,1950,83.3,,esp32,,0,,,,,,,,,,,,0,375.0,0.0,0.0,0,NONE
2026-09-24T18:03:30.454+00:00,793.896,manual,Manual cook,temp,1950,83.3,,esp32,,0,,,,,,,,,,,,0,375.0,0.0,0.0,0,NONE
2026-09-24T18:03:30.954+00:00,794.396,manual,Manual cook,temp,1950,83.7,,esp32,,0,,,,,,,,,,,,0,375.0,0.0,0.0,0,NONE
2026-09-24T18:03:31.454+00:00,794.896,manual,Manual cook,temp,1950,83.7,,esp32,,0,,,,,,,,,,,,0,375.0,0.0,0.0,0,NONE
2026-09-24T18:03:31.954+00:00,795.396,manual,Manual cook,temp,1950,83.7,,esp32,,0,,,,,,,,,,,,0,375.0,0.0,0.0,0,NONE
2026-09-24T18:03:32.954+00:00,796.396,manual,Manual cook,temp,1950,83.3,,esp32,,0,,,,,,,,,,,,0,375.0,0.0,0.0,0,NONE
2026-09-24T18:03:33.953+00:00,797.395,manual,Manual cook,temp,1950,83.3,,esp32,,0,,,,,,,,,,,,0,375.0,0.0,0.0,0,NONE
2026-09-24T18:03:34.454+00:00,797.896,manual,Manual cook,temp,1950,83.3,,esp32,,0,,,,,,,,,,,,0,375.0,0.0,0.0,0,NONE
2026-09-24T18:03:34.954+00:00,798.396,manual,Manual cook,temp,1950,83.3,,esp32,,0,,,,,,,,,,,,0,375.0,0.0,0.0,0,NONE
2026-09-24T18:03:35.954+00:00,799.396,manual,Manual cook,temp,1950,82.8,,esp32,,0,,,,,,,,,,,,0,375.0,0.0,0.0,0,NONE
2026-09-24T18:03:36.954+00:00,800.396,manual,Manual cook,temp,1950,83.7,,esp32,,0,,,,,,,,,,,,0,375.0,0.0,0.0,0,NONE
2026-09-24T18:03:37.454+00:00,800.896,manual,Manual cook,temp,1950,85.1,,esp32,,0,,,,,,,,,,,,0,375.0,0.0,0.0,0,NONE
2026-09-24T18:03:37.954+00:00,801.396,manual,Manual cook,temp,1950,83.7,,esp32,,0,,,,,,,,,,,,0,375.0,0.0,0.0,0,NONE
2026-09-24T18:03:38.954+00:00,802.396,manual,Manual cook,temp,1950,84.7,,esp32,,0,,,,,,,,,,,,0,375.0,0.0,0.0,0,NONE
2026-09-24T18:03:39.953+00:00,803.395,manual,Manual cook,temp,1950,83.7,,esp32,,0,,,,,,,,,,,,0,375.0,0.0,0.0,0,NONE
2026-09-24T18:03:40.953+00:00,804.395,manual,Manual cook,temp,1950,83.7,,esp32,,0,,,,,,,,,,,,0,375.0,0.0,0.0,0,NONE
2026-09-24T18:03:41.953+00:00,805.396,manual,Manual cook,temp,1950,83.7,,esp32,,0,,,,,,,,,,,,0,375.0,0.0,0.0,0,NONE
2026-09-24T18:03:42.954+00:00,806.396,manual,Manual cook,temp,1950,83.7,,esp32,,0,,,,,,,,,,,,0,375.0,0.0,0.0,0,NONE
2026-09-24T18:03:43.953+00:00,807.395,manual,Manual cook,temp,1950,84.7,,esp32,,0,,,,,,,,,,,,0,375.0,0.0,0.0,0,NONE
2026-09-24T18:03:44.453+00:00,807.895,manual,Manual cook,temp,1950,84.2,,esp32,,0,,,,,,,,,,,,0,375.0,0.0,0.0,0,NONE
2026-09-24T18:03:44.953+00:00,808.395,manual,Manual cook,temp,1950,84.7,,esp32,,0,,,,,,,,,,,,0,375.0,0.0,0.0,0,NONE
2026-09-24T18:03:45.953+00:00,809.395,manual,Manual cook,temp,1950,82.8,,esp32,,0,,,,,,,,,,,,0,375.0,0.0,0.0,0,NONE
2026-09-24T18:03:46.453+00:00,809.895,manual,Manual cook,temp,1950,84.7,,esp32,,0,,,,,,,,,,,,0,375.0,0.0,0.0,0,NONE
2026-09-24T18:03:47.453+00:00,810.895,manual,Manual cook,temp,1950,83.3,,esp32,,0,,,,,,,,,,,,0,375.0,0.0,0.0,0,NONE
2026-09-24T18:03:47.953+00:00,811.395,manual,Manual cook,temp,1950,83.7,,esp32,,0,,,,,,,,,,,,0,375.0,0.0,0.0,0,NONE
2026-09-24T18:03:48.455+00:00,811.897,manual,Manual cook,temp,1950,84.2,,esp32,,0,,,,,,,,,,,,0,375.0,0.0,0.0,0,NONE
2026-09-24T18:03:49.453+00:00,812.895,manual,Manual cook,temp,1950,84.2,,esp32,,0,,,,,,,,,,,,0,375.0,0.0,0.0,0,NONE
2026-09-24T18:03:49.953+00:00,813.395,manual,Manual cook,temp,1950,84.2,,esp32,,0,,,,,,,,,,,,0,375.0,0.0,0.0,0,NONE
2026-09-24T18:03:50.953+00:00,814.395,manual,Manual cook,temp,1950,83.7,,esp32,,0,,,,,,,,,,,,0,375.0,0.0,0.0,0,NONE
2026-09-24T18:03:51.453+00:00,814.895,manual,Manual cook,temp,1950,84.2,,esp32,,0,,,,,,,,,,,,0,375.0,0.0,0.0,0,NONE
2026-09-24T18:03:52.453+00:00,815.895,manual,Manual cook,temp,1950,83.7,,esp32,,0,,,,,,,,,,,,0,375.0,0.0,0.0,0,NONE
2026-09-24T18:03:53.453+00:00,816.895,manual,Manual cook,temp,1950,82.4,,esp32,,0,,,,,,,,,,,,0,375.0,0.0,0.0,0,NONE
2026-09-24T18:03:53.954+00:00,817.396,manual,Manual cook,temp,1950,84.2,,esp32,,0,,,,,,,,,,,,0,375.0,0.0,0.0,0,NONE
2026-09-24T18:03:54.953+00:00,818.395,manual,Manual cook,temp,1950,82.8,,esp32,,0,,,,,,,,,,,,0,375.0,0.0,0.0,0,NONE
2026-09-24T18:03:55.453+00:00,818.895,manual,Manual cook,temp,1950,82.4,,esp32,,0,,,,,,,,,,,,0,375.0,0.0,0.0,0,NONE
2026-09-24T18:03:56.453+00:00,819.895,manual,Manual cook,temp,1950,82.4,,esp32,,0,,,,,,,,,,,,0,375.0,0.0,0.0,0,NONE
2026-09-24T18:03:57.460+00:00,820.902,manual,Manual cook,temp,1950,82.8,,esp32,,0,,,,,,,,,,,,0,375.0,0.0,0.0,0,NONE
2026-09-24T18:03:58.453+00:00,821.895,manual,Manual cook,temp,1950,82.8,,esp32,,0,,,,,,,,,,,,0,375.0,0.0,0.0,0,NONE
2026-09-24T18:03:58.953+00:00,822.395,manual,Manual cook,temp,1950,83.3,,esp32,,0,,,,,,,,,,,,0,375.0,0.0,0.0,0,NONE
2026-09-24T18:03:59.953+00:00,823.395,manual,Manual cook,temp,1950,82.4,,esp32,,0,,,,,,,,,,,,0,375.0,0.0,0.0,0,NONE
2026-09-24T18:04:00.953+00:00,824.395,manual,Manual cook,temp,1950,82.4,,esp32,,0,,,,,,,,,,,,0,375.0,0.0,0.0,0,NONE
2026-09-24T18:04:01.953+00:00,825.395,manual,Manual cook,temp,1950,81.9,,esp32,,0,,,,,,,,,,,,0,375.0,0.0,0.0,0,NONE
2026-09-24T18:04:02.953+00:00,826.395,manual,Manual cook,temp,1950,82.8,,esp32,,0,,,,,,,,,,,,0,375.0,0.0,0.0,0,NONE
2026-09-24T18:04:03.453+00:00,826.895,manual,Manual cook,temp,1950,82.8,,esp32,,0,,,,,,,,,,,,0,375.0,0.0,0.0,0,NONE
2026-09-24T18:04:04.454+00:00,827.896,manual,Manual cook,temp,1950,83.7,,esp32,,0,,,,,,,,,,,,0,375.0,0.0,0.0,0,NONE
2026-09-24T18:04:05.453+00:00,828.895,manual,Manual cook,temp,1950,82.8,,esp32,,0,,,,,,,,,,,,0,375.0,0.0,0.0,0,NONE
2026-09-24T18:04:06.453+00:00,829.895,manual,Manual cook,temp,1950,82.8,,esp32,,0,,,,,,,,,,,,0,375.0,0.0,0.0,0,NONE
2026-09-24T18:04:07.453+00:00,830.895,manual,Manual cook,temp,1950,82.4,,esp32,,0,,,,,,,,,,,,0,375.0,0.0,0.0,0,NONE
2026-09-24T18:04:07.953+00:00,831.395,manual,Manual cook,temp,1950,82.8,,esp32,,0,,,,,,,,,,,,0,375.0,0.0,0.0,0,NONE
2026-09-24T18:04:08.453+00:00,831.895,manual,Manual cook,temp,1950,82.8,,esp32,,0,,,,,,,,,,,,0,375.0,0.0,0.0,0,NONE
2026-09-24T18:04:09.453+00:00,832.895,manual,Manual cook,temp,1950,83.3,,esp32,,0,,,,,,,,,,,,0,375.0,0.0,0.0,0,NONE
2026-09-24T18:04:09.954+00:00,833.396,manual,Manual cook,temp,1950,83.3,,esp32,,0,,,,,,,,,,,,0,375.0,0.0,0.0,0,NONE
2026-09-24T18:04:10.953+00:00,834.395,manual,Manual cook,temp,1950,83.7,,esp32,,0,,,,,,,,,,,,0,375.0,0.0,0.0,0,NONE
2026-09-24T18:04:11.453+00:00,834.895,manual,Manual cook,temp,1950,83.3,,esp32,,0,,,,,,,,,,,,0,375.0,0.0,0.0,0,NONE
2026-09-24T18:04:11.953+00:00,835.395,manual,Manual cook,temp,1950,84.2,,esp32,,0,,,,,,,,,,,,0,375.0,0.0,0.0,0,NONE
2026-09-24T18:04:12.953+00:00,836.395,manual,Manual cook,temp,1950,84.2,,esp32,,0,,,,,,,,,,,,0,375.0,0.0,0.0,0,NONE
2026-09-24T18:04:13.952+00:00,837.394,manual,Manual cook,temp,1950,84.2,,esp32,,0,,,,,,,,,,,,0,375.0,0.0,0.0,0,NONE
2026-09-24T18:04:14.453+00:00,837.895,manual,Manual cook,temp,1950,83.7,,esp32,,0,,,,,,,,,,,,0,375.0,0.0,0.0,0,NONE
2026-09-24T18:04:15.453+00:00,838.895,manual,Manual cook,temp,1950,83.3,,esp32,,0,,,,,,,,,,,,0,375.0,0.0,0.0,0,NONE
2026-09-24T18:04:16.452+00:00,839.895,manual,Manual cook,temp,1950,84.7,,esp32,,0,,,,,,,,,,,,0,375.0,0.0,0.0,0,NONE
2026-09-24T18:04:16.953+00:00,840.395,manual,Manual cook,temp,1950,83.7,,esp32,,0,,,,,,,,,,,,0,375.0,0.0,0.0,0,NONE
2026-09-24T18:04:17.952+00:00,841.394,manual,Manual cook,temp,1950,84.7,,esp32,,0,,,,,,,,,,,,0,375.0,0.0,0.0,0,NONE
2026-09-24T18:04:18.952+00:00,842.394,manual,Manual cook,temp,1950,84.2,,esp32,,0,,,,,,,,,,,,0,375.0,0.0,0.0,0,NONE
2026-09-24T18:04:19.452+00:00,842.895,manual,Manual cook,temp,1950,84.2,,esp32,,0,,,,,,,,,,,,0,375.0,0.0,0.0,0,NONE
2026-09-24T18:04:20.453+00:00,843.895,manual,Manual cook,temp,1950,84.7,,esp32,,0,,,,,,,,,,,,0,375.0,0.0,0.0,0,NONE
2026-09-24T18:04:20.953+00:00,844.395,manual,Manual cook,temp,1950,84.7,,esp32,,0,,,,,,,,,,,,0,375.0,0.0,0.0,0,NONE
2026-09-24T18:04:21.952+00:00,845.394,manual,Manual cook,temp,1950,84.2,,esp32,,0,,,,,,,,,,,,0,375.0,0.0,0.0,0,NONE
2026-09-24T18:04:22.453+00:00,845.895,manual,Manual cook,temp,1950,84.7,,esp32,,0,,,,,,,,,,,,0,375.0,0.0,0.0,0,NONE
2026-09-24T18:04:23.452+00:00,846.894,manual,Manual cook,temp,1950,85.6,,esp32,,0,,,,,,,,,,,,0,375.0,0.0,0.0,0,NONE
2026-09-24T18:04:24.452+00:00,847.894,manual,Manual cook,temp,1950,84.7,,esp32,,0,,,,,,,,,,,,0,375.0,0.0,0.0,0,NONE
2026-09-24T18:04:24.952+00:00,848.394,manual,Manual cook,temp,1950,84.7,,esp32,,0,,,,,,,,,,,,0,375.0,0.0,0.0,0,NONE
2026-09-24T18:04:25.952+00:00,849.394,manual,Manual cook,temp,1950,85.1,,esp32,,0,,,,,,,,,,,,0,375.0,0.0,0.0,0,NONE
2026-09-24T18:04:26.453+00:00,849.895,manual,Manual cook,temp,1950,84.7,,esp32,,0,,,,,,,,,,,,0,375.0,0.0,0.0,0,NONE
2026-09-24T18:04:27.452+00:00,850.894,manual,Manual cook,temp,1950,84.7,,esp32,,0,,,,,,,,,,,,0,375.0,0.0,0.0,0,NONE
2026-09-24T18:04:28.453+00:00,851.895,manual,Manual cook,temp,1950,83.7,,esp32,,0,,,,,,,,,,,,0,375.0,0.0,0.0,0,NONE
2026-09-24T18:04:29.452+00:00,852.894,manual,Manual cook,temp,1950,85.1,,esp32,,0,,,,,,,,,,,,0,375.0,0.0,0.0,0,NONE
2026-09-24T18:04:30.452+00:00,853.894,manual,Manual cook,temp,1950,85.1,,esp32,,0,,,,,,,,,,,,0,375.0,0.0,0.0,0,NONE
2026-09-24T18:04:31.453+00:00,854.895,manual,Manual cook,temp,1950,85.1,,esp32,,0,,,,,,,,,,,,0,375.0,0.0,0.0,0,NONE
2026-09-24T18:04:32.453+00:00,855.895,manual,Manual cook,temp,1950,83.7,,esp32,,0,,,,,,,,,,,,0,375.0,0.0,0.0,0,NONE
2026-09-24T18:04:33.452+00:00,856.894,manual,Manual cook,temp,1950,85.1,,esp32,,0,,,,,,,,,,,,0,375.0,0.0,0.0,0,NONE
2026-09-24T18:04:34.452+00:00,857.894,manual,Manual cook,temp,1950,84.2,,esp32,,0,,,,,,,,,,,,0,375.0,0.0,0.0,0,NONE
2026-09-24T18:04:34.952+00:00,858.394,manual,Manual cook,temp,1950,85.6,,esp32,,0,,,,,,,,,,,,0,375.0,0.0,0.0,0,NONE
2026-09-24T18:04:35.952+00:00,859.394,manual,Manual cook,temp,1950,84.2,,esp32,,0,,,,,,,,,,,,0,375.0,0.0,0.0,0,NONE
2026-09-24T18:04:36.952+00:00,860.394,manual,Manual cook,temp,1950,84.7,,esp32,,0,,,,,,,,,,,,0,375.0,0.0,0.0,0,NONE
2026-09-24T18:04:37.953+00:00,861.395,manual,Manual cook,temp,1950,84.2,,esp32,,0,,,,,,,,,,,,0,375.0,0.0,0.0,0,NONE
2026-09-24T18:04:38.952+00:00,862.394,manual,Manual cook,temp,1950,84.7,,esp32,,0,,,,,,,,,,,,0,375.0,0.0,0.0,0,NONE
2026-09-24T18:04:39.952+00:00,863.394,manual,Manual cook,temp,1950,84.2,,esp32,,0,,,,,,,,,,,,0,375.0,0.0,0.0,0,NONE
2026-09-24T18:04:40.952+00:00,864.394,manual,Manual cook,temp,1950,85.6,,esp32,,0,,,,,,,,,,,,0,375.0,0.0,0.0,0,NONE
2026-09-24T18:04:41.452+00:00,864.894,manual,Manual cook,temp,1950,85.1,,esp32,,0,,,,,,,,,,,,0,375.0,0.0,0.0,0,NONE
2026-09-24T18:04:42.452+00:00,865.894,manual,Manual cook,temp,1950,84.7,,esp32,,0,,,,,,,,,,,,0,375.0,0.0,0.0,0,NONE
2026-09-24T18:04:43.452+00:00,866.894,manual,Manual cook,temp,1950,83.3,,esp32,,0,,,,,,,,,,,,0,375.0,0.0,0.0,0,NONE
2026-09-24T18:04:43.952+00:00,867.394,manual,Manual cook,temp,1950,84.2,,esp32,,0,,,,,,,,,,,,0,375.0,0.0,0.0,0,NONE
2026-09-24T18:04:44.952+00:00,868.394,manual,Manual cook,temp,1950,83.7,,esp32,,0,,,,,,,,,,,,0,375.0,0.0,0.0,0,NONE
2026-09-24T18:04:45.952+00:00,869.394,manual,Manual cook,temp,1950,83.7,,esp32,,0,,,,,,,,,,,,0,375.0,0.0,0.0,0,NONE
2026-09-24T18:04:46.452+00:00,869.894,manual,Manual cook,temp,1950,84.7,,esp32,,0,,,,,,,,,,,,0,375.0,0.0,0.0,0,NONE
2026-09-24T18:04:46.952+00:00,870.394,manual,Manual cook,temp,1950,84.7,,esp32,,0,,,,,,,,,,,,0,375.0,0.0,0.0,0,NONE
2026-09-24T18:04:47.952+00:00,871.394,manual,Manual cook,temp,1950,83.7,,esp32,,0,,,,,,,,,,,,0,375.0,0.0,0.0,0,NONE
2026-09-24T18:04:48.953+00:00,872.395,manual,Manual cook,temp,1950,83.3,,esp32,,0,,,,,,,,,,,,0,375.0,0.0,0.0,0,NONE
2026-09-24T18:04:49.952+00:00,873.394,manual,Manual cook,temp,1950,84.2,,esp32,,0,,,,,,,,,,,,0,375.0,0.0,0.0,0,NONE
2026-09-24T18:04:50.952+00:00,874.394,manual,Manual cook,temp,1950,82.8,,esp32,,0,,,,,,,,,,,,0,375.0,0.0,0.0,0,NONE
2026-09-24T18:04:51.452+00:00,874.894,manual,Manual cook,temp,1950,83.3,,esp32,,0,,,,,,,,,,,,0,375.0,0.0,0.0,0,NONE
2026-09-24T18:04:52.452+00:00,875.894,manual,Manual cook,temp,1950,84.2,,esp32,,0,,,,,,,,,,,,0,375.0,0.0,0.0,0,NONE
2026-09-24T18:04:52.952+00:00,876.394,manual,Manual cook,temp,1950,83.7,,esp32,,0,,,,,,,,,,,,0,375.0,0.0,0.0,0,NONE
2026-09-24T18:04:53.951+00:00,877.394,manual,Manual cook,temp,1950,83.3,,esp32,,0,,,,,,,,,,,,0,375.0,0.0,0.0,0,NONE
2026-09-24T18:04:54.452+00:00,877.894,manual,Manual cook,temp,1950,83.3,,esp32,,0,,,,,,,,,,,,0,375.0,0.0,0.0,0,NONE
2026-09-24T18:04:55.452+00:00,878.894,manual,Manual cook,temp,1950,82.4,,esp32,,0,,,,,,,,,,,,0,375.0,0.0,0.0,0,NONE
2026-09-24T18:04:56.452+00:00,879.894,manual,Manual cook,temp,1950,81.9,,esp32,,0,,,,,,,,,,,,0,375.0,0.0,0.0,0,NONE
2026-09-24T18:04:57.451+00:00,880.893,manual,Manual cook,temp,1950,82.4,,esp32,,0,,,,,,,,,,,,0,375.0,0.0,0.0,0,NONE
2026-09-24T18:04:57.951+00:00,881.393,manual,Manual cook,temp,1950,82.4,,esp32,,0,,,,,,,,,,,,0,375.0,0.0,0.0,0,NONE
2026-09-24T18:04:58.952+00:00,882.394,manual,Manual cook,temp,1950,82.8,,esp32,,0,,,,,,,,,,,,0,375.0,0.0,0.0,0,NONE
2026-09-24T18:04:59.452+00:00,882.894,manual,Manual cook,temp,1950,82.8,,esp32,,0,,,,,,,,,,,,0,375.0,0.0,0.0,0,NONE
2026-09-24T18:05:00.451+00:00,883.893,manual,Manual cook,temp,1950,82.4,,esp32,,0,,,,,,,,,,,,0,375.0,0.0,0.0,0,NONE
2026-09-24T18:05:01.451+00:00,884.893,manual,Manual cook,temp,1950,81.5,,esp32,,0,,,,,,,,,,,,0,375.0,0.0,0.0,0,NONE
2026-09-24T18:05:01.951+00:00,885.393,manual,Manual cook,temp,1950,82.4,,esp32,,0,,,,,,,,,,,,0,375.0,0.0,0.0,0,NONE
2026-09-24T18:05:02.451+00:00,885.893,manual,Manual cook,temp,1950,81.5,,esp32,,0,,,,,,,,,,,,0,375.0,0.0,0.0,0,NONE
2026-09-24T18:05:02.952+00:00,886.394,manual,Manual cook,temp,1950,81.5,,esp32,,0,,,,,,,,,,,,0,375.0,0.0,0.0,0,NONE
2026-09-24T18:05:03.951+00:00,887.393,manual,Manual cook,temp,1950,81.5,,esp32,,0,,,,,,,,,,,,0,375.0,0.0,0.0,0,NONE
2026-09-24T18:05:04.454+00:00,887.896,manual,Manual cook,temp,1950,81.5,,esp32,,0,,,,,,,,,,,,0,375.0,0.0,0.0,0,NONE
2026-09-24T18:05:05.451+00:00,888.893,manual,Manual cook,temp,1950,81.5,,esp32,,0,,,,,,,,,,,,0,375.0,0.0,0.0,0,NONE
2026-09-24T18:05:05.951+00:00,889.393,manual,Manual cook,temp,1950,81.9,,esp32,,0,,,,,,,,,,,,0,375.0,0.0,0.0,0,NONE
2026-09-24T18:05:06.452+00:00,889.894,manual,Manual cook,temp,1950,81.5,,esp32,,0,,,,,,,,,,,,0,375.0,0.0,0.0,0,NONE
2026-09-24T18:05:07.452+00:00,890.894,manual,Manual cook,temp,1950,81.9,,esp32,,0,,,,,,,,,,,,0,375.0,0.0,0.0,0,NONE
2026-09-24T18:05:08.451+00:00,891.893,manual,Manual cook,temp,1950,80.6,,esp32,,0,,,,,,,,,,,,0,375.0,0.0,0.0,0,NONE
2026-09-24T18:05:09.451+00:00,892.893,manual,Manual cook,temp,1950,81.1,,esp32,,0,,,,,,,,,,,,0,375.0,0.0,0.0,0,NONE
2026-09-24T18:05:10.452+00:00,893.894,manual,Manual cook,temp,1950,81.9,,esp32,,0,,,,,,,,,,,,0,375.0,0.0,0.0,0,NONE
2026-09-24T18:05:11.451+00:00,894.893,manual,Manual cook,temp,1950,81.5,,esp32,,0,,,,,,,,,,,,0,375.0,0.0,0.0,0,NONE
2026-09-24T18:05:11.951+00:00,895.393,manual,Manual cook,temp,1950,81.9,,esp32,,0,,,,,,,,,,,,0,375.0,0.0,0.0,0,NONE
2026-09-24T18:05:12.951+00:00,896.393,manual,Manual cook,temp,1950,81.9,,esp32,,0,,,,,,,,,,,,0,375.0,0.0,0.0,0,NONE
2026-09-24T18:05:13.951+00:00,897.393,manual,Manual cook,temp,1950,82.4,,esp32,,0,,,,,,,,,,,,0,375.0,0.0,0.0,0,NONE
2026-09-24T18:05:14.951+00:00,898.393,manual,Manual cook,temp,1950,82.4,,esp32,,0,,,,,,,,,,,,0,375.0,0.0,0.0,0,NONE
2026-09-24T18:05:15.952+00:00,899.394,manual,Manual cook,temp,1950,82.4,,esp32,,0,,,,,,,,,,,,0,375.0,0.0,0.0,0,NONE
2026-09-24T18:05:16.951+00:00,900.393,manual,Manual cook,temp,1950,81.5,,esp32,,0,,,,,,,,,,,,0,375.0,0.0,0.0,0,NONE
2026-09-24T18:05:17.451+00:00,900.893,manual,Manual cook,temp,1950,82.8,,esp32,,0,,,,,,,,,,,,0,375.0,0.0,0.0,0,NONE
2026-09-24T18:05:18.451+00:00,901.893,manual,Manual cook,temp,1950,81.9,,esp32,,0,,,,,,,,,,,,0,375.0,0.0,0.0,0,NONE
2026-09-24T18:05:18.951+00:00,902.393,manual,Manual cook,temp,1950,81.5,,esp32,,0,,,,,,,,,,,,0,375.0,0.0,0.0,0,NONE
2026-09-24T18:05:19.951+00:00,903.393,manual,Manual cook,temp,1950,82.4,,esp32,,0,,,,,,,,,,,,0,375.0,0.0,0.0,0,NONE
2026-09-24T18:05:20.951+00:00,904.393,manual,Manual cook,temp,1950,82.8,,esp32,,0,,,,,,,,,,,,0,375.0,0.0,0.0,0,NONE
2026-09-24T18:05:21.453+00:00,904.895,manual,Manual cook,temp,1950,82.8,,esp32,,0,,,,,,,,,,,,0,375.0,0.0,0.0,0,NONE
2026-09-24T18:05:22.451+00:00,905.893,manual,Manual cook,temp,1950,82.8,,esp32,,0,,,,,,,,,,,,0,375.0,0.0,0.0,0,NONE
2026-09-24T18:05:23.451+00:00,906.893,manual,Manual cook,temp,1950,82.4,,esp32,,0,,,,,,,,,,,,0,375.0,0.0,0.0,0,NONE
2026-09-24T18:05:23.951+00:00,907.393,manual,Manual cook,temp,1950,82.8,,esp32,,0,,,,,,,,,,,,0,375.0,0.0,0.0,0,NONE
2026-09-24T18:05:24.951+00:00,908.393,manual,Manual cook,temp,1950,83.3,,esp32,,0,,,,,,,,,,,,0,375.0,0.0,0.0,0,NONE
2026-09-24T18:05:25.451+00:00,908.893,manual,Manual cook,temp,1950,83.3,,esp32,,0,,,,,,,,,,,,0,375.0,0.0,0.0,0,NONE
2026-09-24T18:05:26.451+00:00,909.893,manual,Manual cook,temp,1950,83.3,,esp32,,0,,,,,,,,,,,,0,375.0,0.0,0.0,0,NONE
2026-09-24T18:05:26.952+00:00,910.394,manual,Manual cook,temp,1950,83.7,,esp32,,0,,,,,,,,,,,,0,375.0,0.0,0.0,0,NONE
2026-09-24T18:05:27.951+00:00,911.393,manual,Manual cook,temp,1950,83.7,,esp32,,0,,,,,,,,,,,,0,375.0,0.0,0.0,0,NONE
2026-09-24T18:05:28.951+00:00,912.393,manual,Manual cook,temp,1950,82.4,,esp32,,0,,,,,,,,,,,,0,375.0,0.0,0.0,0,NONE
2026-09-24T18:05:29.451+00:00,912.893,manual,Manual cook,temp,1950,84.2,,esp32,,0,,,,,,,,,,,,0,375.0,0.0,0.0,0,NONE
2026-09-24T18:05:30.451+00:00,913.893,manual,Manual cook,temp,1950,83.3,,esp32,,0,,,,,,,,,,,,0,375.0,0.0,0.0,0,NONE
2026-09-24T18:05:31.451+00:00,914.893,manual,Manual cook,temp,1950,84.7,,esp32,,0,,,,,,,,,,,,0,375.0,0.0,0.0,0,NONE
2026-09-24T18:05:32.451+00:00,915.893,manual,Manual cook,temp,1950,84.2,,esp32,,0,,,,,,,,,,,,0,375.0,0.0,0.0,0,NONE
2026-09-24T18:05:33.450+00:00,916.893,manual,Manual cook,temp,1950,83.7,,esp32,,0,,,,,,,,,,,,0,375.0,0.0,0.0,0,NONE
2026-09-24T18:05:33.951+00:00,917.393,manual,Manual cook,temp,1950,83.3,,esp32,,0,,,,,,,,,,,,0,375.0,0.0,0.0,0,NONE
2026-09-24T18:05:34.451+00:00,917.893,manual,Manual cook,temp,1950,83.3,,esp32,,0,,,,,,,,,,,,0,375.0,0.0,0.0,0,NONE
2026-09-24T18:05:35.451+00:00,918.893,manual,Manual cook,temp,1950,83.7,,esp32,,0,,,,,,,,,,,,0,375.0,0.0,0.0,0,NONE
2026-09-24T18:05:36.451+00:00,919.893,manual,Manual cook,temp,1950,83.3,,esp32,,0,,,,,,,,,,,,0,375.0,0.0,0.0,0,NONE
2026-09-24T18:05:37.451+00:00,920.893,manual,Manual cook,temp,1950,82.8,,esp32,,0,,,,,,,,,,,,0,375.0,0.0,0.0,0,NONE
2026-09-24T18:05:37.951+00:00,921.393,manual,Manual cook,temp,1950,83.3,,esp32,,0,,,,,,,,,,,,0,375.0,0.0,0.0,0,NONE
2026-09-24T18:05:38.950+00:00,922.392,manual,Manual cook,temp,1950,82.8,,esp32,,0,,,,,,,,,,,,0,375.0,0.0,0.0,0,NONE
2026-09-24T18:05:39.451+00:00,922.893,manual,Manual cook,temp,1950,82.8,,esp32,,0,,,,,,,,,,,,0,375.0,0.0,0.0,0,NONE
2026-09-24T18:05:40.450+00:00,923.892,manual,Manual cook,temp,1950,83.3,,esp32,,0,,,,,,,,,,,,0,375.0,0.0,0.0,0,NONE
2026-09-24T18:05:40.950+00:00,924.393,manual,Manual cook,temp,1950,81.9,,esp32,,0,,,,,,,,,,,,0,375.0,0.0,0.0,0,NONE
2026-09-24T18:05:41.453+00:00,924.895,manual,Manual cook,temp,1950,82.4,,esp32,,0,,,,,,,,,,,,0,375.0,0.0,0.0,0,NONE
2026-09-24T18:05:42.450+00:00,925.892,manual,Manual cook,temp,1950,82.8,,esp32,,0,,,,,,,,,,,,0,375.0,0.0,0.0,0,NONE
2026-09-24T18:05:43.451+00:00,926.893,manual,Manual cook,temp,1950,81.9,,esp32,,0,,,,,,,,,,,,0,375.0,0.0,0.0,0,NONE
2026-09-24T18:05:44.451+00:00,927.893,manual,Manual cook,temp,1950,81.9,,esp32,,0,,,,,,,,,,,,0,375.0,0.0,0.0,0,NONE
2026-09-24T18:05:45.451+00:00,928.893,manual,Manual cook,temp,1950,82.4,,esp32,,0,,,,,,,,,,,,0,375.0,0.0,0.0,0,NONE
2026-09-24T18:05:46.450+00:00,929.892,manual,Manual cook,temp,1950,81.1,,esp32,,0,,,,,,,,,,,,0,375.0,0.0,0.0,0,NONE
2026-09-24T18:05:46.950+00:00,930.392,manual,Manual cook,temp,1950,81.9,,esp32,,0,,,,,,,,,,,,0,375.0,0.0,0.0,0,NONE
2026-09-24T18:05:47.450+00:00,930.892,manual,Manual cook,temp,1950,81.1,,esp32,,0,,,,,,,,,,,,0,375.0,0.0,0.0,0,NONE
2026-09-24T18:05:48.451+00:00,931.893,manual,Manual cook,temp,1950,80.2,,esp32,,0,,,,,,,,,,,,0,375.0,0.0,0.0,0,NONE
2026-09-24T18:05:48.951+00:00,932.393,manual,Manual cook,temp,1950,81.5,,esp32,,0,,,,,,,,,,,,0,375.0,0.0,0.0,0,NONE
2026-09-24T18:05:49.950+00:00,933.392,manual,Manual cook,temp,1950,80.6,,esp32,,0,,,,,,,,,,,,0,375.0,0.0,0.0,0,NONE
2026-09-24T18:05:50.450+00:00,933.892,manual,Manual cook,temp,1950,81.9,,esp32,,0,,,,,,,,,,,,0,375.0,0.0,0.0,0,NONE
2026-09-24T18:05:51.450+00:00,934.892,manual,Manual cook,temp,1950,80.6,,esp32,,0,,,,,,,,,,,,0,375.0,0.0,0.0,0,NONE
2026-09-24T18:05:52.450+00:00,935.892,manual,Manual cook,temp,1950,81.5,,esp32,,0,,,,,,,,,,,,0,375.0,0.0,0.0,0,NONE
2026-09-24T18:05:53.450+00:00,936.892,manual,Manual cook,temp,1950,81.5,,esp32,,0,,,,,,,,,,,,0,375.0,0.0,0.0,0,NONE
2026-09-24T18:05:54.451+00:00,937.893,manual,Manual cook,temp,1950,81.5,,esp32,,0,,,,,,,,,,,,0,375.0,0.0,0.0,0,NONE
2026-09-24T18:05:55.450+00:00,938.892,manual,Manual cook,temp,1950,81.1,,esp32,,0,,,,,,,,,,,,0,375.0,0.0,0.0,0,NONE
2026-09-24T18:05:56.450+00:00,939.892,manual,Manual cook,temp,1950,81.1,,esp32,,0,,,,,,,,,,,,0,375.0,0.0,0.0,0,NONE
2026-09-24T18:05:56.950+00:00,940.392,manual,Manual cook,temp,1950,80.6,,esp32,,0,,,,,,,,,,,,0,375.0,0.0,0.0,0,NONE
2026-09-24T18:05:57.450+00:00,940.892,manual,Manual cook,temp,1950,80.6,,esp32,,0,,,,,,,,,,,,0,375.0,0.0,0.0,0,NONE
2026-09-24T18:05:58.450+00:00,941.892,manual,Manual cook,temp,1950,80.6,,esp32,,0,,,,,,,,,,,,0,375.0,0.0,0.0,0,NONE
2026-09-24T18:05:58.950+00:00,942.392,manual,Manual cook,temp,1950,80.2,,esp32,,0,,,,,,,,,,,,0,375.0,0.0,0.0,0,NONE
2026-09-24T18:05:59.951+00:00,943.393,manual,Manual cook,temp,1950,80.6,,esp32,,0,,,,,,,,,,,,0,375.0,0.0,0.0,0,NONE
2026-09-24T18:06:00.950+00:00,944.392,manual,Manual cook,temp,1950,81.5,,esp32,,0,,,,,,,,,,,,0,375.0,0.0,0.0,0,NONE
2026-09-24T18:06:01.450+00:00,944.892,manual,Manual cook,temp,1950,80.6,,esp32,,0,,,,,,,,,,,,0,375.0,0.0,0.0,0,NONE
2026-09-24T18:06:02.450+00:00,945.892,manual,Manual cook,temp,1950,80.6,,esp32,,0,,,,,,,,,,,,0,375.0,0.0,0.0,0,NONE
2026-09-24T18:06:03.450+00:00,946.892,manual,Manual cook,temp,1950,80.6,,esp32,,0,,,,,,,,,,,,0,375.0,0.0,0.0,0,NONE
2026-09-24T18:06:04.450+00:00,947.892,manual,Manual cook,temp,1950,80.2,,esp32,,0,,,,,,,,,,,,0,375.0,0.0,0.0,0,NONE
2026-09-24T18:06:05.450+00:00,948.892,manual,Manual cook,temp,1950,80.2,,esp32,,0,,,,,,,,,,,,0,375.0,0.0,0.0,0,NONE
2026-09-24T18:06:06.450+00:00,949.892,manual,Manual cook,temp,1950,80.2,,esp32,,0,,,,,,,,,,,,0,375.0,0.0,0.0,0,NONE
2026-09-24T18:06:07.450+00:00,950.892,manual,Manual cook,temp,1950,80.6,,esp32,,0,,,,,,,,,,,,0,375.0,0.0,0.0,0,NONE
2026-09-24T18:06:07.950+00:00,951.392,manual,Manual cook,temp,1950,81.1,,esp32,,0,,,,,,,,,,,,0,375.0,0.0,0.0,0,NONE
2026-09-24T18:06:08.450+00:00,951.892,manual,Manual cook,temp,1950,80.2,,esp32,,0,,,,,,,,,,,,0,375.0,0.0,0.0,0,NONE
2026-09-24T18:06:09.450+00:00,952.892,manual,Manual cook,temp,1950,79.7,,esp32,,0,,,,,,,,,,,,0,375.0,0.0,0.0,0,NONE
2026-09-24T18:06:10.450+00:00,953.892,manual,Manual cook,temp,1950,81.1,,esp32,,0,,,,,,,,,,,,0,375.0,0.0,0.0,0,NONE
2026-09-24T18:06:10.950+00:00,954.392,manual,Manual cook,temp,1950,79.2,,esp32,,0,,,,,,,,,,,,0,375.0,0.0,0.0,0,NONE
2026-09-24T18:06:11.456+00:00,954.898,manual,Manual cook,temp,1950,80.2,,esp32,,0,,,,,,,,,,,,0,375.0,0.0,0.0,0,NONE
2026-09-24T18:06:12.450+00:00,955.892,manual,Manual cook,temp,1950,80.6,,esp32,,0,,,,,,,,,,,,0,375.0,0.0,0.0,0,NONE
2026-09-24T18:06:12.950+00:00,956.392,manual,Manual cook,temp,1950,80.6,,esp32,,0,,,,,,,,,,,,0,375.0,0.0,0.0,0,NONE
2026-09-24T18:06:13.950+00:00,957.392,manual,Manual cook,temp,1950,81.1,,esp32,,0,,,,,,,,,,,,0,375.0,0.0,0.0,0,NONE
2026-09-24T18:06:14.950+00:00,958.392,manual,Manual cook,temp,1950,81.1,,esp32,,0,,,,,,,,,,,,0,375.0,0.0,0.0,0,NONE
2026-09-24T18:06:15.949+00:00,959.391,manual,Manual cook,temp,1950,81.1,,esp32,,0,,,,,,,,,,,,0,375.0,0.0,0.0,0,NONE
2026-09-24T18:06:16.450+00:00,959.892,manual,Manual cook,temp,1950,81.1,,esp32,,0,,,,,,,,,,,,0,375.0,0.0,0.0,0,NONE
2026-09-24T18:06:16.951+00:00,960.393,manual,Manual cook,temp,1950,81.5,,esp32,,0,,,,,,,,,,,,0,375.0,0.0,0.0,0,NONE
2026-09-24T18:06:17.950+00:00,961.392,manual,Manual cook,temp,1950,80.2,,esp32,,0,,,,,,,,,,,,0,375.0,0.0,0.0,0,NONE
2026-09-24T18:06:18.949+00:00,962.391,manual,Manual cook,temp,1950,81.5,,esp32,,0,,,,,,,,,,,,0,375.0,0.0,0.0,0,NONE
2026-09-24T18:06:19.449+00:00,962.891,manual,Manual cook,temp,1950,80.6,,esp32,,0,,,,,,,,,,,,0,375.0,0.0,0.0,0,NONE
2026-09-24T18:06:19.950+00:00,963.392,manual,Manual cook,temp,1950,81.9,,esp32,,0,,,,,,,,,,,,0,375.0,0.0,0.0,0,NONE
2026-09-24T18:06:20.950+00:00,964.392,manual,Manual cook,temp,1950,80.6,,esp32,,0,,,,,,,,,,,,0,375.0,0.0,0.0,0,NONE
2026-09-24T18:06:21.949+00:00,965.391,manual,Manual cook,temp,1950,81.9,,esp32,,0,,,,,,,,,,,,0,375.0,0.0,0.0,0,NONE
2026-09-24T18:06:22.451+00:00,965.894,manual,Manual cook,temp,1950,82.4,,esp32,,0,,,,,,,,,,,,0,375.0,0.0,0.0,0,NONE
2026-09-24T18:06:23.449+00:00,966.891,manual,Manual cook,temp,1950,81.9,,esp32,,0,,,,,,,,,,,,0,375.0,0.0,0.0,0,NONE
2026-09-24T18:06:23.950+00:00,967.392,manual,Manual cook,temp,1950,81.9,,esp32,,0,,,,,,,,,,,,0,375.0,0.0,0.0,0,NONE
2026-09-24T18:06:24.949+00:00,968.391,manual,Manual cook,temp,1950,81.9,,esp32,,0,,,,,,,,,,,,0,375.0,0.0,0.0,0,NONE
2026-09-24T18:06:25.949+00:00,969.391,manual,Manual cook,temp,1950,81.9,,esp32,,0,,,,,,,,,,,,0,375.0,0.0,0.0,0,NONE
2026-09-24T18:06:26.949+00:00,970.391,manual,Manual cook,temp,1950,81.9,,esp32,,0,,,,,,,,,,,,0,375.0,0.0,0.0,0,NONE
2026-09-24T18:06:27.950+00:00,971.392,manual,Manual cook,temp,1950,82.8,,esp32,,0,,,,,,,,,,,,0,375.0,0.0,0.0,0,NONE
2026-09-24T18:06:28.949+00:00,972.391,manual,Manual cook,temp,1950,82.4,,esp32,,0,,,,,,,,,,,,0,375.0,0.0,0.0,0,NONE
2026-09-24T18:06:29.449+00:00,972.891,manual,Manual cook,temp,1950,82.4,,esp32,,0,,,,,,,,,,,,0,375.0,0.0,0.0,0,NONE
2026-09-24T18:06:29.949+00:00,973.391,manual,Manual cook,temp,1950,81.9,,esp32,,0,,,,,,,,,,,,0,375.0,0.0,0.0,0,NONE
2026-09-24T18:06:30.949+00:00,974.391,manual,Manual cook,temp,1950,81.9,,esp32,,0,,,,,,,,,,,,0,375.0,0.0,0.0,0,NONE
2026-09-24T18:06:31.949+00:00,975.391,manual,Manual cook,temp,1950,81.9,,esp32,,0,,,,,,,,,,,,0,375.0,0.0,0.0,0,NONE
2026-09-24T18:06:32.450+00:00,975.892,manual,Manual cook,temp,1950,82.4,,esp32,,0,,,,,,,,,,,,0,375.0,0.0,0.0,0,NONE
2026-09-24T18:06:33.450+00:00,976.892,manual,Manual cook,temp,1950,82.4,,esp32,,0,,,,,,,,,,,,0,375.0,0.0,0.0,0,NONE
2026-09-24T18:06:34.449+00:00,977.891,manual,Manual cook,temp,1950,82.4,,esp32,,0,,,,,,,,,,,,0,375.0,0.0,0.0,0,NONE
2026-09-24T18:06:34.949+00:00,978.391,manual,Manual cook,temp,1950,81.9,,esp32,,0,,,,,,,,,,,,0,375.0,0.0,0.0,0,NONE
2026-09-24T18:06:35.949+00:00,979.391,manual,Manual cook,temp,1950,82.8,,esp32,,0,,,,,,,,,,,,0,375.0,0.0,0.0,0,NONE
2026-09-24T18:06:36.449+00:00,979.891,manual,Manual cook,temp,1950,81.9,,esp32,,0,,,,,,,,,,,,0,375.0,0.0,0.0,0,NONE
2026-09-24T18:06:37.449+00:00,980.891,manual,Manual cook,temp,1950,82.8,,esp32,,0,,,,,,,,,,,,0,375.0,0.0,0.0,0,NONE
2026-09-24T18:06:37.949+00:00,981.391,manual,Manual cook,temp,1950,81.9,,esp32,,0,,,,,,,,,,,,0,375.0,0.0,0.0,0,NONE
2026-09-24T18:06:38.950+00:00,982.392,manual,Manual cook,temp,1950,82.8,,esp32,,0,,,,,,,,,,,,0,375.0,0.0,0.0,0,NONE
2026-09-24T18:06:39.949+00:00,983.391,manual,Manual cook,temp,1950,82.4,,esp32,,0,,,,,,,,,,,,0,375.0,0.0,0.0,0,NONE
2026-09-24T18:06:40.949+00:00,984.391,manual,Manual cook,temp,1950,81.5,,esp32,,0,,,,,,,,,,,,0,375.0,0.0,0.0,0,NONE
2026-09-24T18:06:41.949+00:00,985.391,manual,Manual cook,temp,1950,81.9,,esp32,,0,,,,,,,,,,,,0,375.0,0.0,0.0,0,NONE
2026-09-24T18:06:42.949+00:00,986.391,manual,Manual cook,temp,1950,82.8,,esp32,,0,,,,,,,,,,,,0,375.0,0.0,0.0,0,NONE
2026-09-24T18:06:43.949+00:00,987.391,manual,Manual cook,temp,1950,82.8,,esp32,,0,,,,,,,,,,,,0,375.0,0.0,0.0,0,NONE
2026-09-24T18:06:44.450+00:00,987.892,manual,Manual cook,temp,1950,82.8,,esp32,,0,,,,,,,,,,,,0,375.0,0.0,0.0,0,NONE
2026-09-24T18:06:45.449+00:00,988.891,manual,Manual cook,temp,1950,81.9,,esp32,,0,,,,,,,,,,,,0,375.0,0.0,0.0,0,NONE
2026-09-24T18:06:45.949+00:00,989.391,manual,Manual cook,temp,1950,82.8,,esp32,,0,,,,,,,,,,,,0,375.0,0.0,0.0,0,NONE
2026-09-24T18:06:46.949+00:00,990.391,manual,Manual cook,temp,1950,81.5,,esp32,,0,,,,,,,,,,,,0,375.0,0.0,0.0,0,NONE
2026-09-24T18:06:47.450+00:00,990.892,manual,Manual cook,temp,1950,81.9,,esp32,,0,,,,,,,,,,,,0,375.0,0.0,0.0,0,NONE
2026-09-24T18:06:48.449+00:00,991.891,manual,Manual cook,temp,1950,82.8,,esp32,,0,,,,,,,,,,,,0,375.0,0.0,0.0,0,NONE
2026-09-24T18:06:48.949+00:00,992.391,manual,Manual cook,temp,1950,81.5,,esp32,,0,,,,,,,,,,,,0,375.0,0.0,0.0,0,NONE
2026-09-24T18:06:49.949+00:00,993.392,manual,Manual cook,temp,1950,81.9,,esp32,,0,,,,,,,,,,,,0,375.0,0.0,0.0,0,NONE
2026-09-24T18:06:50.949+00:00,994.391,manual,Manual cook,temp,1950,81.9,,esp32,,0,,,,,,,,,,,,0,375.0,0.0,0.0,0,NONE
2026-09-24T18:06:51.949+00:00,995.391,manual,Manual cook,temp,1950,81.9,,esp32,,0,,,,,,,,,,,,0,375.0,0.0,0.0,0,NONE
2026-09-24T18:06:52.949+00:00,996.391,manual,Manual cook,temp,1950,82.8,,esp32,,0,,,,,,,,,,,,0,375.0,0.0,0.0,0,NONE
2026-09-24T18:06:53.949+00:00,997.391,manual,Manual cook,temp,1950,83.3,,esp32,,0,,,,,,,,,,,,0,375.0,0.0,0.0,0,NONE
2026-09-24T18:06:54.949+00:00,998.391,manual,Manual cook,temp,1950,82.8,,esp32,,0,,,,,,,,,,,,0,375.0,0.0,0.0,0,NONE
2026-09-24T18:06:55.449+00:00,998.891,manual,Manual cook,temp,1950,82.4,,esp32,,0,,,,,,,,,,,,0,375.0,0.0,0.0,0,NONE
2026-09-24T18:06:56.448+00:00,999.890,manual,Manual cook,temp,1950,81.9,,esp32,,0,,,,,,,,,,,,0,375.0,0.0,0.0,0,NONE
2026-09-24T18:06:56.948+00:00,1000.391,manual,Manual cook,temp,1950,81.9,,esp32,,0,,,,,,,,,,,,0,375.0,0.0,0.0,0,NONE
2026-09-24T18:06:57.449+00:00,1000.891,manual,Manual cook,temp,1950,82.4,,esp32,,0,,,,,,,,,,,,0,375.0,0.0,0.0,0,NONE
2026-09-24T18:06:58.448+00:00,1001.890,manual,Manual cook,temp,1950,82.4,,esp32,,0,,,,,,,,,,,,0,375.0,0.0,0.0,0,NONE
2026-09-24T18:06:58.948+00:00,1002.390,manual,Manual cook,temp,1950,82.4,,esp32,,0,,,,,,,,,,,,0,375.0,0.0,0.0,0,NONE
2026-09-24T18:06:59.449+00:00,1002.891,manual,Manual cook,temp,1950,81.1,,esp32,,0,,,,,,,,,,,,0,375.0,0.0,0.0,0,NONE
2026-09-24T18:06:59.949+00:00,1003.391,manual,Manual cook,temp,1950,81.1,,esp32,,0,,,,,,,,,,,,0,375.0,0.0,0.0,0,NONE
2026-09-24T18:07:00.949+00:00,1004.391,manual,Manual cook,temp,1950,82.4,,esp32,,0,,,,,,,,,,,,0,375.0,0.0,0.0,0,NONE
2026-09-24T18:07:01.949+00:00,1005.391,manual,Manual cook,temp,1950,81.5,,esp32,,0,,,,,,,,,,,,0,375.0,0.0,0.0,0,NONE
2026-09-24T18:07:02.949+00:00,1006.391,manual,Manual cook,temp,1950,81.5,,esp32,,0,,,,,,,,,,,,0,375.0,0.0,0.0,0,NONE
2026-09-24T18:07:03.449+00:00,1006.891,manual,Manual cook,temp,1950,81.5,,esp32,,0,,,,,,,,,,,,0,375.0,0.0,0.0,0,NONE
2026-09-24T18:07:04.448+00:00,1007.890,manual,Manual cook,temp,1950,81.9,,esp32,,0,,,,,,,,,,,,0,375.0,0.0,0.0,0,NONE
2026-09-24T18:07:04.948+00:00,1008.390,manual,Manual cook,temp,1950,81.5,,esp32,,0,,,,,,,,,,,,0,375.0,0.0,0.0,0,NONE
2026-09-24T18:07:05.948+00:00,1009.390,manual,Manual cook,temp,1950,81.9,,esp32,,0,,,,,,,,,,,,0,375.0,0.0,0.0,0,NONE
2026-09-24T18:07:06.449+00:00,1009.891,manual,Manual cook,temp,1950,81.5,,esp32,,0,,,,,,,,,,,,0,375.0,0.0,0.0,0,NONE
2026-09-24T18:07:07.448+00:00,1010.890,manual,Manual cook,temp,1950,82.8,,esp32,,0,,,,,,,,,,,,0,375.0,0.0,0.0,0,NONE
2026-09-24T18:07:07.948+00:00,1011.390,manual,Manual cook,temp,1950,81.5,,esp32,,0,,,,,,,,,,,,0,375.0,0.0,0.0,0,NONE
2026-09-24T18:07:08.948+00:00,1012.390,manual,Manual cook,temp,1950,81.9,,esp32,,0,,,,,,,,,,,,0,375.0,0.0,0.0,0,NONE
2026-09-24T18:07:09.948+00:00,1013.390,manual,Manual cook,temp,1950,81.1,,esp32,,0,,,,,,,,,,,,0,375.0,0.0,0.0,0,NONE
2026-09-24T18:07:10.948+00:00,1014.390,manual,Manual cook,temp,1950,81.5,,esp32,,0,,,,,,,,,,,,0,375.0,0.0,0.0,0,NONE
2026-09-24T18:07:11.949+00:00,1015.391,manual,Manual cook,temp,1950,81.9,,esp32,,0,,,,,,,,,,,,0,375.0,0.0,0.0,0,NONE
2026-09-24T18:07:12.449+00:00,1015.891,manual,Manual cook,temp,1950,80.6,,esp32,,0,,,,,,,,,,,,0,375.0,0.0,0.0,0,NONE
2026-09-24T18:07:13.448+00:00,1016.890,manual,Manual cook,temp,1950,80.6,,esp32,,0,,,,,,,,,,,,0,375.0,0.0,0.0,0,NONE
2026-09-24T18:07:13.948+00:00,1017.390,manual,Manual cook,temp,1950,81.1,,esp32,,0,,,,,,,,,,,,0,375.0,0.0,0.0,0,NONE
2026-09-24T18:07:14.948+00:00,1018.390,manual,Manual cook,temp,1950,81.1,,esp32,,0,,,,,,,,,,,,0,375.0,0.0,0.0,0,NONE
2026-09-24T18:07:15.448+00:00,1018.890,manual,Manual cook,temp,1950,81.1,,esp32,,0,,,,,,,,,,,,0,375.0,0.0,0.0,0,NONE
2026-09-24T18:07:15.948+00:00,1019.390,manual,Manual cook,temp,1950,80.6,,esp32,,0,,,,,,,,,,,,0,375.0,0.0,0.0,0,NONE
2026-09-24T18:07:16.948+00:00,1020.390,manual,Manual cook,temp,1950,80.6,,esp32,,0,,,,,,,,,,,,0,375.0,0.0,0.0,0,NONE
2026-09-24T18:07:17.949+00:00,1021.391,manual,Manual cook,temp,1950,81.5,,esp32,,0,,,,,,,,,,,,0,375.0,0.0,0.0,0,NONE
2026-09-24T18:07:18.449+00:00,1021.891,manual,Manual cook,temp,1950,79.7,,esp32,,0,,,,,,,,,,,,0,375.0,0.0,0.0,0,NONE
2026-09-24T18:07:19.448+00:00,1022.890,manual,Manual cook,temp,1950,80.6,,esp32,,0,,,,,,,,,,,,0,375.0,0.0,0.0,0,NONE
2026-09-24T18:07:19.948+00:00,1023.390,manual,Manual cook,temp,1950,79.7,,esp32,,0,,,,,,,,,,,,0,375.0,0.0,0.0,0,NONE
2026-09-24T18:07:20.948+00:00,1024.390,manual,Manual cook,temp,1950,80.6,,esp32,,0,,,,,,,,,,,,0,375.0,0.0,0.0,0,NONE
2026-09-24T18:07:21.948+00:00,1025.390,manual,Manual cook,temp,1950,80.6,,esp32,,0,,,,,,,,,,,,0,375.0,0.0,0.0,0,NONE
2026-09-24T18:07:22.948+00:00,1026.390,manual,Manual cook,temp,1950,81.1,,esp32,,0,,,,,,,,,,,,0,375.0,0.0,0.0,0,NONE
2026-09-24T18:07:23.448+00:00,1026.890,manual,Manual cook,temp,1950,78.8,,esp32,,0,,,,,,,,,,,,0,375.0,0.0,0.0,0,NONE
2026-09-24T18:07:23.949+00:00,1027.391,manual,Manual cook,temp,1950,79.7,,esp32,,0,,,,,,,,,,,,0,375.0,0.0,0.0,0,NONE
2026-09-24T18:07:24.948+00:00,1028.390,manual,Manual cook,temp,1950,79.7,,esp32,,0,,,,,,,,,,,,0,375.0,0.0,0.0,0,NONE
2026-09-24T18:07:25.448+00:00,1028.890,manual,Manual cook,temp,1950,79.7,,esp32,,0,,,,,,,,,,,,0,375.0,0.0,0.0,0,NONE
2026-09-24T18:07:26.448+00:00,1029.890,manual,Manual cook,temp,1950,80.2,,esp32,,0,,,,,,,,,,,,0,375.0,0.0,0.0,0,NONE
2026-09-24T18:07:27.448+00:00,1030.890,manual,Manual cook,temp,1950,78.8,,esp32,,0,,,,,,,,,,,,0,375.0,0.0,0.0,0,NONE
2026-09-24T18:07:27.948+00:00,1031.390,manual,Manual cook,temp,1950,80.2,,esp32,,0,,,,,,,,,,,,0,375.0,0.0,0.0,0,NONE
2026-09-24T18:07:28.948+00:00,1032.390,manual,Manual cook,temp,1950,79.2,,esp32,,0,,,,,,,,,,,,0,375.0,0.0,0.0,0,NONE
2026-09-24T18:07:29.448+00:00,1032.890,manual,Manual cook,temp,1950,79.2,,esp32,,0,,,,,,,,,,,,0,375.0,0.0,0.0,0,NONE
2026-09-24T18:07:30.448+00:00,1033.890,manual,Manual cook,temp,1950,78.8,,esp32,,0,,,,,,,,,,,,0,375.0,0.0,0.0,0,NONE
2026-09-24T18:07:30.948+00:00,1034.390,manual,Manual cook,temp,1950,79.7,,esp32,,0,,,,,,,,,,,,0,375.0,0.0,0.0,0,NONE
2026-09-24T18:07:31.448+00:00,1034.890,manual,Manual cook,temp,1950,79.7,,esp32,,0,,,,,,,,,,,,0,375.0,0.0,0.0,0,NONE
2026-09-24T18:07:32.448+00:00,1035.890,manual,Manual cook,temp,1950,78.3,,esp32,,0,,,,,,,,,,,,0,375.0,0.0,0.0,0,NONE
2026-09-24T18:07:32.948+00:00,1036.390,manual,Manual cook,temp,1950,79.7,,esp32,,0,,,,,,,,,,,,0,375.0,0.0,0.0,0,NONE
2026-09-24T18:07:33.448+00:00,1036.890,manual,Manual cook,temp,1950,78.8,,esp32,,0,,,,,,,,,,,,0,375.0,0.0,0.0,0,NONE
2026-09-24T18:07:34.448+00:00,1037.890,manual,Manual cook,temp,1950,78.3,,esp32,,0,,,,,,,,,,,,0,375.0,0.0,0.0,0,NONE
2026-09-24T18:07:35.448+00:00,1038.890,manual,Manual cook,temp,1950,78.8,,esp32,,0,,,,,,,,,,,,0,375.0,0.0,0.0,0,NONE
2026-09-24T18:07:36.447+00:00,1039.890,manual,Manual cook,temp,1950,78.8,,esp32,,0,,,,,,,,,,,,0,375.0,0.0,0.0,0,NONE
2026-09-24T18:07:36.948+00:00,1040.390,manual,Manual cook,temp,1950,78.8,,esp32,,0,,,,,,,,,,,,0,375.0,0.0,0.0,0,NONE
2026-09-24T18:07:37.948+00:00,1041.390,manual,Manual cook,temp,1950,78.8,,esp32,,0,,,,,,,,,,,,0,375.0,0.0,0.0,0,NONE
2026-09-24T18:07:38.448+00:00,1041.890,manual,Manual cook,temp,1950,78.8,,esp32,,0,,,,,,,,,,,,0,375.0,0.0,0.0,0,NONE
2026-09-24T18:07:39.447+00:00,1042.889,manual,Manual cook,temp,1950,79.2,,esp32,,0,,,,,,,,,,,,0,375.0,0.0,0.0,0,NONE
2026-09-24T18:07:39.948+00:00,1043.390,manual,Manual cook,temp,1950,78.8,,esp32,,0,,,,,,,,,,,,0,375.0,0.0,0.0,0,NONE
2026-09-24T18:07:40.948+00:00,1044.390,manual,Manual cook,temp,1950,78.3,,esp32,,0,,,,,,,,,,,,0,375.0,0.0,0.0,0,NONE
2026-09-24T18:07:41.947+00:00,1045.389,manual,Manual cook,temp,1950,78.3,,esp32,,0,,,,,,,,,,,,0,375.0,0.0,0.0,0,NONE
2026-09-24T18:07:42.447+00:00,1045.889,manual,Manual cook,temp,1950,79.2,,esp32,,0,,,,,,,,,,,,0,375.0,0.0,0.0,0,NONE
2026-09-24T18:07:42.947+00:00,1046.390,manual,Manual cook,temp,1950,78.3,,esp32,,0,,,,,,,,,,,,0,375.0,0.0,0.0,0,NONE
2026-09-24T18:07:43.448+00:00,1046.890,manual,Manual cook,temp,1950,79.7,,esp32,,0,,,,,,,,,,,,0,375.0,0.0,0.0,0,NONE
2026-09-24T18:07:44.447+00:00,1047.889,manual,Manual cook,temp,1950,78.8,,esp32,,0,,,,,,,,,,,,0,375.0,0.0,0.0,0,NONE
2026-09-24T18:07:45.448+00:00,1048.890,manual,Manual cook,temp,1950,79.7,,esp32,,0,,,,,,,,,,,,0,375.0,0.0,0.0,0,NONE
2026-09-24T18:07:46.447+00:00,1049.889,manual,Manual cook,temp,1950,79.2,,esp32,,0,,,,,,,,,,,,0,375.0,0.0,0.0,0,NONE
2026-09-24T18:07:47.448+00:00,1050.890,manual,Manual cook,temp,1950,79.7,,esp32,,0,,,,,,,,,,,,0,375.0,0.0,0.0,0,NONE
2026-09-24T18:07:48.447+00:00,1051.889,manual,Manual cook,temp,1950,78.8,,esp32,,0,,,,,,,,,,,,0,375.0,0.0,0.0,0,NONE
2026-09-24T18:07:48.947+00:00,1052.389,manual,Manual cook,temp,1950,79.7,,esp32,,0,,,,,,,,,,,,0,375.0,0.0,0.0,0,NONE
2026-09-24T18:07:49.948+00:00,1053.390,manual,Manual cook,temp,1950,78.8,,esp32,,0,,,,,,,,,,,,0,375.0,0.0,0.0,0,NONE
2026-09-24T18:07:50.947+00:00,1054.389,manual,Manual cook,temp,1950,79.2,,esp32,,0,,,,,,,,,,,,0,375.0,0.0,0.0,0,NONE
2026-09-24T18:07:51.447+00:00,1054.889,manual,Manual cook,temp,1950,79.2,,esp32,,0,,,,,,,,,,,,0,375.0,0.0,0.0,0,NONE
2026-09-24T18:07:52.448+00:00,1055.890,manual,Manual cook,temp,1950,78.8,,esp32,,0,,,,,,,,,,,,0,375.0,0.0,0.0,0,NONE
2026-09-24T18:07:53.447+00:00,1056.889,manual,Manual cook,temp,1950,79.2,,esp32,,0,,,,,,,,,,,,0,375.0,0.0,0.0,0,NONE
2026-09-24T18:07:54.447+00:00,1057.889,manual,Manual cook,temp,1950,79.7,,esp32,,0,,,,,,,,,,,,0,375.0,0.0,0.0,0,NONE
2026-09-24T18:07:55.447+00:00,1058.889,manual,Manual cook,temp,1950,79.2,,esp32,,0,,,,,,,,,,,,0,375.0,0.0,0.0,0,NONE
2026-09-24T18:07:55.948+00:00,1059.390,manual,Manual cook,temp,1950,79.2,,esp32,,0,,,,,,,,,,,,0,375.0,0.0,0.0,0,NONE
2026-09-24T18:07:56.947+00:00,1060.389,manual,Manual cook,temp,1950,78.8,,esp32,,0,,,,,,,,,,,,0,375.0,0.0,0.0,0,NONE
2026-09-24T18:07:57.947+00:00,1061.389,manual,Manual cook,temp,1950,79.2,,esp32,,0,,,,,,,,,,,,0,375.0,0.0,0.0,0,NONE
2026-09-24T18:07:58.947+00:00,1062.389,manual,Manual cook,temp,1950,78.8,,esp32,,0,,,,,,,,,,,,0,375.0,0.0,0.0,0,NONE
2026-09-24T18:07:59.447+00:00,1062.889,manual,Manual cook,temp,1950,78.8,,esp32,,0,,,,,,,,,,,,0,375.0,0.0,0.0,0,NONE
2026-09-24T18:08:00.447+00:00,1063.889,manual,Manual cook,temp,1950,79.2,,esp32,,0,,,,,,,,,,,,0,375.0,0.0,0.0,0,NONE
2026-09-24T18:08:00.947+00:00,1064.389,manual,Manual cook,temp,1950,79.2,,esp32,,0,,,,,,,,,,,,0,375.0,0.0,0.0,0,NONE
2026-09-24T18:08:01.450+00:00,1064.892,manual,Manual cook,temp,1950,78.3,,esp32,,0,,,,,,,,,,,,0,375.0,0.0,0.0,0,NONE
2026-09-24T18:08:02.447+00:00,1065.889,manual,Manual cook,temp,1950,78.3,,esp32,,0,,,,,,,,,,,,0,375.0,0.0,0.0,0,NONE
2026-09-24T18:08:03.447+00:00,1066.889,manual,Manual cook,temp,1950,78.8,,esp32,,0,,,,,,,,,,,,0,375.0,0.0,0.0,0,NONE
2026-09-24T18:08:04.447+00:00,1067.889,manual,Manual cook,temp,1950,79.2,,esp32,,0,,,,,,,,,,,,0,375.0,0.0,0.0,0,NONE
2026-09-24T18:08:04.947+00:00,1068.389,manual,Manual cook,temp,1950,78.3,,esp32,,0,,,,,,,,,,,,0,375.0,0.0,0.0,0,NONE
2026-09-24T18:08:05.448+00:00,1068.890,manual,Manual cook,temp,1950,79.2,,esp32,,0,,,,,,,,,,,,0,375.0,0.0,0.0,0,NONE
2026-09-24T18:08:06.447+00:00,1069.889,manual,Manual cook,temp,1950,78.8,,esp32,,0,,,,,,,,,,,,0,375.0,0.0,0.0,0,NONE
2026-09-24T18:08:06.948+00:00,1070.390,manual,Manual cook,temp,1950,79.2,,esp32,,0,,,,,,,,,,,,0,375.0,0.0,0.0,0,NONE
2026-09-24T18:08:07.947+00:00,1071.389,manual,Manual cook,temp,1950,78.8,,esp32,,0,,,,,,,,,,,,0,375.0,0.0,0.0,0,NONE
2026-09-24T18:08:08.947+00:00,1072.389,manual,Manual cook,temp,1950,80.2,,esp32,,0,,,,,,,,,,,,0,375.0,0.0,0.0,0,NONE
2026-09-24T18:08:09.447+00:00,1072.889,manual,Manual cook,temp,1950,79.7,,esp32,,0,,,,,,,,,,,,0,375.0,0.0,0.0,0,NONE
2026-09-24T18:08:10.447+00:00,1073.889,manual,Manual cook,temp,1950,80.2,,esp32,,0,,,,,,,,,,,,0,375.0,0.0,0.0,0,NONE
2026-09-24T18:08:11.447+00:00,1074.889,manual,Manual cook,temp,1950,79.2,,esp32,,0,,,,,,,,,,,,0,375.0,0.0,0.0,0,NONE
2026-09-24T18:08:12.450+00:00,1075.892,manual,Manual cook,temp,1950,79.7,,esp32,,0,,,,,,,,,,,,0,375.0,0.0,0.0,0,NONE
2026-09-24T18:08:13.447+00:00,1076.889,manual,Manual cook,temp,1950,80.2,,esp32,,0,,,,,,,,,,,,0,375.0,0.0,0.0,0,NONE
2026-09-24T18:08:13.947+00:00,1077.389,manual,Manual cook,temp,1950,80.6,,esp32,,0,,,,,,,,,,,,0,375.0,0.0,0.0,0,NONE
2026-09-24T18:08:14.947+00:00,1078.389,manual,Manual cook,temp,1950,80.2,,esp32,,0,,,,,,,,,,,,0,375.0,0.0,0.0,0,NONE
2026-09-24T18:08:15.947+00:00,1079.389,manual,Manual cook,temp,1950,80.2,,esp32,,0,,,,,,,,,,,,0,375.0,0.0,0.0,0,NONE
2026-09-24T18:08:16.947+00:00,1080.389,manual,Manual cook,temp,1950,80.2,,esp32,,0,,,,,,,,,,,,0,375.0,0.0,0.0,0,NONE
2026-09-24T18:08:17.947+00:00,1081.389,manual,Manual cook,temp,1950,80.2,,esp32,,0,,,,,,,,,,,,0,375.0,0.0,0.0,0,NONE
2026-09-24T18:08:18.947+00:00,1082.389,manual,Manual cook,temp,1950,80.2,,esp32,,0,,,,,,,,,,,,0,375.0,0.0,0.0,0,NONE
2026-09-24T18:08:19.947+00:00,1083.389,manual,Manual cook,temp,1950,80.6,,esp32,,0,,,,,,,,,,,,0,375.0,0.0,0.0,0,NONE
2026-09-24T18:08:20.947+00:00,1084.389,manual,Manual cook,temp,1950,81.1,,esp32,,0,,,,,,,,,,,,0,375.0,0.0,0.0,0,NONE
2026-09-24T18:08:21.947+00:00,1085.389,manual,Manual cook,temp,1950,80.2,,esp32,,0,,,,,,,,,,,,0,375.0,0.0,0.0,0,NONE
2026-09-24T18:08:22.946+00:00,1086.388,manual,Manual cook,temp,1950,81.1,,esp32,,0,,,,,,,,,,,,0,375.0,0.0,0.0,0,NONE
2026-09-24T18:08:23.451+00:00,1086.893,manual,Manual cook,temp,1950,80.2,,esp32,,0,,,,,,,,,,,,0,375.0,0.0,0.0,0,NONE
2026-09-24T18:08:24.446+00:00,1087.888,manual,Manual cook,temp,1950,81.1,,esp32,,0,,,,,,,,,,,,0,375.0,0.0,0.0,0,NONE
2026-09-24T18:08:24.947+00:00,1088.389,manual,Manual cook,temp,1950,80.2,,esp32,,0,,,,,,,,,,,,0,375.0,0.0,0.0,0,NONE
2026-09-24T18:08:25.447+00:00,1088.889,manual,Manual cook,temp,1950,81.1,,esp32,,0,,,,,,,,,,,,0,375.0,0.0,0.0,0,NONE
2026-09-24T18:08:26.446+00:00,1089.888,manual,Manual cook,temp,1950,80.6,,esp32,,0,,,,,,,,,,,,0,375.0,0.0,0.0,0,NONE
2026-09-24T18:08:27.446+00:00,1090.888,manual,Manual cook,temp,1950,80.2,,esp32,,0,,,,,,,,,,,,0,375.0,0.0,0.0,0,NONE
2026-09-24T18:08:27.946+00:00,1091.388,manual,Manual cook,temp,1950,80.2,,esp32,,0,,,,,,,,,,,,0,375.0,0.0,0.0,0,NONE
2026-09-24T18:08:28.947+00:00,1092.389,manual,Manual cook,temp,1950,80.6,,esp32,,0,,,,,,,,,,,,0,375.0,0.0,0.0,0,NONE
2026-09-24T18:08:29.946+00:00,1093.388,manual,Manual cook,temp,1950,80.6,,esp32,,0,,,,,,,,,,,,0,375.0,0.0,0.0,0,NONE
2026-09-24T18:08:30.946+00:00,1094.388,manual,Manual cook,temp,1950,80.2,,esp32,,0,,,,,,,,,,,,0,375.0,0.0,0.0,0,NONE
2026-09-24T18:08:31.446+00:00,1094.888,manual,Manual cook,temp,1950,80.2,,esp32,,0,,,,,,,,,,,,0,375.0,0.0,0.0,0,NONE
2026-09-24T18:08:31.946+00:00,1095.388,manual,Manual cook,temp,1950,80.6,,esp32,,0,,,,,,,,,,,,0,375.0,0.0,0.0,0,NONE
2026-09-24T18:08:32.946+00:00,1096.388,manual,Manual cook,temp,1950,80.2,,esp32,,0,,,,,,,,,,,,0,375.0,0.0,0.0,0,NONE
2026-09-24T18:08:33.946+00:00,1097.388,manual,Manual cook,temp,1950,80.6,,esp32,,0,,,,,,,,,,,,0,375.0,0.0,0.0,0,NONE
2026-09-24T18:08:34.449+00:00,1097.891,manual,Manual cook,temp,1950,81.1,,esp32,,0,,,,,,,,,,,,0,375.0,0.0,0.0,0,NONE
2026-09-24T18:08:35.446+00:00,1098.888,manual,Manual cook,temp,1950,80.6,,esp32,,0,,,,,,,,,,,,0,375.0,0.0,0.0,0,NONE
2026-09-24T18:08:36.447+00:00,1099.889,manual,Manual cook,temp,1950,80.6,,esp32,,0,,,,,,,,,,,,0,375.0,0.0,0.0,0,NONE
2026-09-24T18:08:37.446+00:00,1100.888,manual,Manual cook,temp,1950,79.2,,esp32,,0,,,,,,,,,,,,0,375.0,0.0,0.0,0,NONE
2026-09-24T18:08:38.446+00:00,1101.888,manual,Manual cook,temp,1950,79.7,,esp32,,0,,,,,,,,,,,,0,375.0,0.0,0.0,0,NONE
2026-09-24T18:08:38.946+00:00,1102.388,manual,Manual cook,temp,1950,80.2,,esp32,,0,,,,,,,,,,,,0,375.0,0.0,0.0,0,NONE
2026-09-24T18:08:39.947+00:00,1103.389,manual,Manual cook,temp,1950,79.7,,esp32,,0,,,,,,,,,,,,0,375.0,0.0,0.0,0,NONE
2026-09-24T18:08:40.946+00:00,1104.388,manual,Manual cook,temp,1950,79.7,,esp32,,0,,,,,,,,,,,,0,375.0,0.0,0.0,0,NONE
2026-09-24T18:08:41.946+00:00,1105.388,manual,Manual cook,temp,1950,80.2,,esp32,,0,,,,,,,,,,,,0,375.0,0.0,0.0,0,NONE
2026-09-24T18:08:42.946+00:00,1106.388,manual,Manual cook,temp,1950,80.2,,esp32,,0,,,,,,,,,,,,0,375.0,0.0,0.0,0,NONE
2026-09-24T18:08:43.946+00:00,1107.388,manual,Manual cook,temp,1950,79.2,,esp32,,0,,,,,,,,,,,,0,375.0,0.0,0.0,0,NONE
2026-09-24T18:08:44.946+00:00,1108.388,manual,Manual cook,temp,1950,79.7,,esp32,,0,,,,,,,,,,,,0,375.0,0.0,0.0,0,NONE
2026-09-24T18:08:45.449+00:00,1108.891,manual,Manual cook,temp,1950,79.7,,esp32,,0,,,,,,,,,,,,0,375.0,0.0,0.0,0,NONE
2026-09-24T18:08:46.446+00:00,1109.888,manual,Manual cook,temp,1950,77.4,,esp32,,0,,,,,,,,,,,,0,375.0,0.0,0.0,0,NONE
2026-09-24T18:08:47.446+00:00,1110.888,manual,Manual cook,temp,1950,79.2,,esp32,,0,,,,,,,,,,,,0,375.0,0.0,0.0,0,NONE
2026-09-24T18:08:48.446+00:00,1111.888,manual,Manual cook,temp,1950,78.3,,esp32,,0,,,,,,,,,,,,0,375.0,0.0,0.0,0,NONE
2026-09-24T18:08:48.946+00:00,1112.388,manual,Manual cook,temp,1950,78.8,,esp32,,0,,,,,,,,,,,,0,375.0,0.0,0.0,0,NONE
2026-09-24T18:08:49.946+00:00,1113.388,manual,Manual cook,temp,1950,78.3,,esp32,,0,,,,,,,,,,,,0,375.0,0.0,0.0,0,NONE
2026-09-24T18:08:50.946+00:00,1114.388,manual,Manual cook,temp,1950,78.3,,esp32,,0,,,,,,,,,,,,0,375.0,0.0,0.0,0,NONE
2026-09-24T18:08:51.946+00:00,1115.388,manual,Manual cook,temp,1950,78.8,,esp32,,0,,,,,,,,,,,,0,375.0,0.0,0.0,0,NONE
2026-09-24T18:08:52.946+00:00,1116.388,manual,Manual cook,temp,1950,78.3,,esp32,,0,,,,,,,,,,,,0,375.0,0.0,0.0,0,NONE
2026-09-24T18:08:53.446+00:00,1116.888,manual,Manual cook,temp,1950,79.2,,esp32,,0,,,,,,,,,,,,0,375.0,0.0,0.0,0,NONE
2026-09-24T18:08:54.446+00:00,1117.888,manual,Manual cook,temp,1950,78.8,,esp32,,0,,,,,,,,,,,,0,375.0,0.0,0.0,0,NONE
2026-09-24T18:08:54.946+00:00,1118.388,manual,Manual cook,temp,1950,78.8,,esp32,,0,,,,,,,,,,,,0,375.0,0.0,0.0,0,NONE
2026-09-24T18:08:55.946+00:00,1119.388,manual,Manual cook,temp,1950,78.3,,esp32,,0,,,,,,,,,,,,0,375.0,0.0,0.0,0,NONE
2026-09-24T18:08:56.446+00:00,1119.888,manual,Manual cook,temp,1950,78.3,,esp32,,0,,,,,,,,,,,,0,375.0,0.0,0.0,0,NONE
2026-09-24T18:08:57.446+00:00,1120.888,manual,Manual cook,temp,1950,78.8,,esp32,,0,,,,,,,,,,,,0,375.0,0.0,0.0,0,NONE
2026-09-24T18:08:57.946+00:00,1121.388,manual,Manual cook,temp,1950,77.9,,esp32,,0,,,,,,,,,,,,0,375.0,0.0,0.0,0,NONE
2026-09-24T18:08:58.945+00:00,1122.387,manual,Manual cook,temp,1950,77.9,,esp32,,0,,,,,,,,,,,,0,375.0,0.0,0.0,0,NONE
2026-09-24T18:08:59.946+00:00,1123.388,manual,Manual cook,temp,1950,78.3,,esp32,,0,,,,,,,,,,,,0,375.0,0.0,0.0,0,NONE
2026-09-24T18:09:00.946+00:00,1124.388,manual,Manual cook,temp,1950,77.9,,esp32,,0,,,,,,,,,,,,0,375.0,0.0,0.0,0,NONE
2026-09-24T18:09:01.446+00:00,1124.888,manual,Manual cook,temp,1950,77.9,,esp32,,0,,,,,,,,,,,,0,375.0,0.0,0.0,0,NONE
2026-09-24T18:09:01.947+00:00,1125.389,manual,Manual cook,temp,1950,78.3,,esp32,,0,,,,,,,,,,,,0,375.0,0.0,0.0,0,NONE
2026-09-24T18:09:02.946+00:00,1126.388,manual,Manual cook,temp,1950,77.9,,esp32,,0,,,,,,,,,,,,0,375.0,0.0,0.0,0,NONE
2026-09-24T18:09:03.446+00:00,1126.888,manual,Manual cook,temp,1950,77.0,,esp32,,0,,,,,,,,,,,,0,375.0,0.0,0.0,0,NONE
2026-09-24T18:09:03.946+00:00,1127.388,manual,Manual cook,temp,1950,78.3,,esp32,,0,,,,,,,,,,,,0,375.0,0.0,0.0,0,NONE
2026-09-24T18:09:04.945+00:00,1128.387,manual,Manual cook,temp,1950,77.9,,esp32,,0,,,,,,,,,,,,0,375.0,0.0,0.0,0,NONE
2026-09-24T18:09:05.945+00:00,1129.387,manual,Manual cook,temp,1950,77.9,,esp32,,0,,,,,,,,,,,,0,375.0,0.0,0.0,0,NONE
2026-09-24T18:09:06.445+00:00,1129.887,manual,Manual cook,temp,1950,77.4,,esp32,,0,,,,,,,,,,,,0,375.0,0.0,0.0,0,NONE
2026-09-24T18:09:07.445+00:00,1130.887,manual,Manual cook,temp,1950,78.3,,esp32,,0,,,,,,,,,,,,0,375.0,0.0,0.0,0,NONE
2026-09-24T18:09:07.945+00:00,1131.387,manual,Manual cook,temp,1950,77.4,,esp32,,0,,,,,,,,,,,,0,375.0,0.0,0.0,0,NONE
2026-09-24T18:09:08.945+00:00,1132.387,manual,Manual cook,temp,1950,77.4,,esp32,,0,,,,,,,,,,,,0,375.0,0.0,0.0,0,NONE
2026-09-24T18:09:09.945+00:00,1133.387,manual,Manual cook,temp,1950,77.9,,esp32,,0,,,,,,,,,,,,0,375.0,0.0,0.0,0,NONE
2026-09-24T18:09:10.945+00:00,1134.387,manual,Manual cook,temp,1950,77.9,,esp32,,0,,,,,,,,,,,,0,375.0,0.0,0.0,0,NONE
2026-09-24T18:09:11.945+00:00,1135.387,manual,Manual cook,temp,1950,77.4,,esp32,,0,,,,,,,,,,,,0,375.0,0.0,0.0,0,NONE
2026-09-24T18:09:12.946+00:00,1136.388,manual,Manual cook,temp,1950,77.4,,esp32,,0,,,,,,,,,,,,0,375.0,0.0,0.0,0,NONE
2026-09-24T18:09:13.945+00:00,1137.387,manual,Manual cook,temp,1950,77.4,,esp32,,0,,,,,,,,,,,,0,375.0,0.0,0.0,0,NONE
2026-09-24T18:09:14.945+00:00,1138.387,manual,Manual cook,temp,1950,78.3,,esp32,,0,,,,,,,,,,,,0,375.0,0.0,0.0,0,NONE
2026-09-24T18:09:15.945+00:00,1139.387,manual,Manual cook,temp,1950,77.9,,esp32,,0,,,,,,,,,,,,0,375.0,0.0,0.0,0,NONE
2026-09-24T18:09:16.945+00:00,1140.387,manual,Manual cook,temp,1950,77.4,,esp32,,0,,,,,,,,,,,,0,375.0,0.0,0.0,0,NONE
2026-09-24T18:09:17.945+00:00,1141.387,manual,Manual cook,temp,1950,78.3,,esp32,,0,,,,,,,,,,,,0,375.0,0.0,0.0,0,NONE
2026-09-24T18:09:18.945+00:00,1142.387,manual,Manual cook,temp,1950,77.4,,esp32,,0,,,,,,,,,,,,0,375.0,0.0,0.0,0,NONE
2026-09-24T18:09:19.945+00:00,1143.387,manual,Manual cook,temp,1950,77.4,,esp32,,0,,,,,,,,,,,,0,375.0,0.0,0.0,0,NONE
2026-09-24T18:09:20.445+00:00,1143.887,manual,Manual cook,temp,1950,78.8,,esp32,,0,,,,,,,,,,,,0,375.0,0.0,0.0,0,NONE
2026-09-24T18:09:21.445+00:00,1144.887,manual,Manual cook,temp,1950,76.6,,esp32,,0,,,,,,,,,,,,0,375.0,0.0,0.0,0,NONE
2026-09-24T18:09:22.445+00:00,1145.887,manual,Manual cook,temp,1950,76.6,,esp32,,0,,,,,,,,,,,,0,375.0,0.0,0.0,0,NONE
2026-09-24T18:09:22.945+00:00,1146.388,manual,Manual cook,temp,1950,77.4,,esp32,,0,,,,,,,,,,,,0,375.0,0.0,0.0,0,NONE
2026-09-24T18:09:23.945+00:00,1147.387,manual,Manual cook,temp,1950,77.9,,esp32,,0,,,,,,,,,,,,0,375.0,0.0,0.0,0,NONE
2026-09-24T18:09:24.445+00:00,1147.887,manual,Manual cook,temp,1950,78.3,,esp32,,0,,,,,,,,,,,,0,375.0,0.0,0.0,0,NONE
2026-09-24T18:09:24.945+00:00,1148.387,manual,Manual cook,temp,1950,77.9,,esp32,,0,,,,,,,,,,,,0,375.0,0.0,0.0,0,NONE
2026-09-24T18:09:25.945+00:00,1149.387,manual,Manual cook,temp,1950,77.9,,esp32,,0,,,,,,,,,,,,0,375.0,0.0,0.0,0,NONE
2026-09-24T18:09:26.945+00:00,1150.387,manual,Manual cook,temp,1950,77.9,,esp32,,0,,,,,,,,,,,,0,375.0,0.0,0.0,0,NONE
2026-09-24T18:09:27.445+00:00,1150.887,manual,Manual cook,temp,1950,77.9,,esp32,,0,,,,,,,,,,,,0,375.0,0.0,0.0,0,NONE
2026-09-24T18:09:28.446+00:00,1151.888,manual,Manual cook,temp,1950,78.3,,esp32,,0,,,,,,,,,,,,0,375.0,0.0,0.0,0,NONE
2026-09-24T18:09:29.445+00:00,1152.887,manual,Manual cook,temp,1950,77.9,,esp32,,0,,,,,,,,,,,,0,375.0,0.0,0.0,0,NONE
2026-09-24T18:09:30.445+00:00,1153.887,manual,Manual cook,temp,1950,78.3,,esp32,,0,,,,,,,,,,,,0,375.0,0.0,0.0,0,NONE
2026-09-24T18:09:31.445+00:00,1154.887,manual,Manual cook,temp,1950,78.3,,esp32,,0,,,,,,,,,,,,0,375.0,0.0,0.0,0,NONE
2026-09-24T18:09:32.445+00:00,1155.887,manual,Manual cook,temp,1950,77.9,,esp32,,0,,,,,,,,,,,,0,375.0,0.0,0.0,0,NONE
2026-09-24T18:09:32.945+00:00,1156.387,manual,Manual cook,temp,1950,78.3,,esp32,,0,,,,,,,,,,,,0,375.0,0.0,0.0,0,NONE
2026-09-24T18:09:33.445+00:00,1156.887,manual,Manual cook,temp,1950,77.4,,esp32,,0,,,,,,,,,,,,0,375.0,0.0,0.0,0,NONE
2026-09-24T18:09:33.945+00:00,1157.387,manual,Manual cook,temp,1950,77.4,,esp32,,0,,,,,,,,,,,,0,375.0,0.0,0.0,0,NONE
2026-09-24T18:09:34.945+00:00,1158.387,manual,Manual cook,temp,1950,77.9,,esp32,,0,,,,,,,,,,,,0,375.0,0.0,0.0,0,NONE
2026-09-24T18:09:35.945+00:00,1159.387,manual,Manual cook,temp,1950,77.4,,esp32,,0,,,,,,,,,,,,0,375.0,0.0,0.0,0,NONE
2026-09-24T18:09:36.445+00:00,1159.887,manual,Manual cook,temp,1950,77.4,,esp32,,0,,,,,,,,,,,,0,375.0,0.0,0.0,0,NONE
2026-09-24T18:09:37.445+00:00,1160.887,manual,Manual cook,temp,1950,77.0,,esp32,,0,,,,,,,,,,,,0,375.0,0.0,0.0,0,NONE
2026-09-24T18:09:37.945+00:00,1161.387,manual,Manual cook,temp,1950,77.4,,esp32,,0,,,,,,,,,,,,0,375.0,0.0,0.0,0,NONE
2026-09-24T18:09:38.446+00:00,1161.888,manual,Manual cook,temp,1950,77.4,,esp32,,0,,,,,,,,,,,,0,375.0,0.0,0.0,0,NONE
2026-09-24T18:09:39.445+00:00,1162.887,manual,Manual cook,temp,1950,77.4,,esp32,,0,,,,,,,,,,,,0,375.0,0.0,0.0,0,NONE
2026-09-24T18:09:40.445+00:00,1163.887,manual,Manual cook,temp,1950,77.4,,esp32,,0,,,,,,,,,,,,0,375.0,0.0,0.0,0,NONE
2026-09-24T18:09:41.444+00:00,1164.886,manual,Manual cook,temp,1950,77.4,,esp32,,0,,,,,,,,,,,,0,375.0,0.0,0.0,0,NONE
2026-09-24T18:09:41.945+00:00,1165.387,manual,Manual cook,temp,1950,77.4,,esp32,,0,,,,,,,,,,,,0,375.0,0.0,0.0,0,NONE
2026-09-24T18:09:42.945+00:00,1166.387,manual,Manual cook,temp,1950,77.4,,esp32,,0,,,,,,,,,,,,0,375.0,0.0,0.0,0,NONE
2026-09-24T18:09:43.445+00:00,1166.887,manual,Manual cook,temp,1950,77.0,,esp32,,0,,,,,,,,,,,,0,375.0,0.0,0.0,0,NONE
2026-09-24T18:09:44.445+00:00,1167.887,manual,Manual cook,temp,1950,78.3,,esp32,,0,,,,,,,,,,,,0,375.0,0.0,0.0,0,NONE
2026-09-24T18:09:44.945+00:00,1168.387,manual,Manual cook,temp,1950,78.3,,esp32,,0,,,,,,,,,,,,0,375.0,0.0,0.0,0,NONE
2026-09-24T18:09:45.446+00:00,1168.888,manual,Manual cook,temp,1950,77.9,,esp32,,0,,,,,,,,,,,,0,375.0,0.0,0.0,0,NONE
2026-09-24T18:09:46.444+00:00,1169.886,manual,Manual cook,temp,1950,77.9,,esp32,,0,,,,,,,,,,,,0,375.0,0.0,0.0,0,NONE
2026-09-24T18:09:47.444+00:00,1170.886,manual,Manual cook,temp,1950,77.9,,esp32,,0,,,,,,,,,,,,0,375.0,0.0,0.0,0,NONE
2026-09-24T18:09:48.445+00:00,1171.887,manual,Manual cook,temp,1950,77.4,,esp32,,0,,,,,,,,,,,,0,375.0,0.0,0.0,0,NONE
2026-09-24T18:09:49.444+00:00,1172.886,manual,Manual cook,temp,1950,77.9,,esp32,,0,,,,,,,,,,,,0,375.0,0.0,0.0,0,NONE
2026-09-24T18:09:50.444+00:00,1173.886,manual,Manual cook,temp,1950,77.4,,esp32,,0,,,,,,,,,,,,0,375.0,0.0,0.0,0,NONE
2026-09-24T18:09:50.945+00:00,1174.387,manual,Manual cook,temp,1950,77.4,,esp32,,0,,,,,,,,,,,,0,375.0,0.0,0.0,0,NONE
2026-09-24T18:09:51.944+00:00,1175.386,manual,Manual cook,temp,1950,78.3,,esp32,,0,,,,,,,,,,,,0,375.0,0.0,0.0,0,NONE
2026-09-24T18:09:52.944+00:00,1176.386,manual,Manual cook,temp,1950,79.2,,esp32,,0,,,,,,,,,,,,0,375.0,0.0,0.0,0,NONE
2026-09-24T18:09:53.444+00:00,1176.886,manual,Manual cook,temp,1950,78.3,,esp32,,0,,,,,,,,,,,,0,375.0,0.0,0.0,0,NONE
2026-09-24T18:09:53.944+00:00,1177.386,manual,Manual cook,temp,1950,77.9,,esp32,,0,,,,,,,,,,,,0,375.0,0.0,0.0,0,NONE
2026-09-24T18:09:54.444+00:00,1177.886,manual,Manual cook,temp,1950,77.4,,esp32,,0,,,,,,,,,,,,0,375.0,0.0,0.0,0,NONE
2026-09-24T18:09:55.444+00:00,1178.886,manual,Manual cook,temp,1950,79.2,,esp32,,0,,,,,,,,,,,,0,375.0,0.0,0.0,0,NONE
2026-09-24T18:09:55.944+00:00,1179.386,manual,Manual cook,temp,1950,79.2,,esp32,,0,,,,,,,,,,,,0,375.0,0.0,0.0,0,NONE
2026-09-24T18:09:56.445+00:00,1179.887,manual,Manual cook,temp,1950,78.3,,esp32,,0,,,,,,,,,,,,0,375.0,0.0,0.0,0,NONE
2026-09-24T18:09:57.444+00:00,1180.886,manual,Manual cook,temp,1950,79.2,,esp32,,0,,,,,,,,,,,,0,375.0,0.0,0.0,0,NONE
2026-09-24T18:09:58.444+00:00,1181.886,manual,Manual cook,temp,1950,79.2,,esp32,,0,,,,,,,,,,,,0,375.0,0.0,0.0,0,NONE
2026-09-24T18:09:59.444+00:00,1182.886,manual,Manual cook,temp,1950,80.2,,esp32,,0,,,,,,,,,,,,0,375.0,0.0,0.0,0,NONE
2026-09-24T18:10:00.444+00:00,1183.886,manual,Manual cook,temp,1950,79.2,,esp32,,0,,,,,,,,,,,,0,375.0,0.0,0.0,0,NONE
2026-09-24T18:10:00.944+00:00,1184.386,manual,Manual cook,temp,1950,79.2,,esp32,,0,,,,,,,,,,,,0,375.0,0.0,0.0,0,NONE
2026-09-24T18:10:01.445+00:00,1184.887,manual,Manual cook,temp,1950,80.2,,esp32,,0,,,,,,,,,,,,0,375.0,0.0,0.0,0,NONE
2026-09-24T18:10:01.945+00:00,1185.387,manual,Manual cook,temp,1950,79.2,,esp32,,0,,,,,,,,,,,,0,375.0,0.0,0.0,0,NONE
2026-09-24T18:10:02.944+00:00,1186.386,manual,Manual cook,temp,1950,78.8,,esp32,,0,,,,,,,,,,,,0,375.0,0.0,0.0,0,NONE
2026-09-24T18:10:03.446+00:00,1186.888,manual,Manual cook,temp,1950,80.6,,esp32,,0,,,,,,,,,,,,0,375.0,0.0,0.0,0,NONE
2026-09-24T18:10:04.444+00:00,1187.886,manual,Manual cook,temp,1950,79.7,,esp32,,0,,,,,,,,,,,,0,375.0,0.0,0.0,0,NONE
2026-09-24T18:10:05.444+00:00,1188.886,manual,Manual cook,temp,1950,79.2,,esp32,,0,,,,,,,,,,,,0,375.0,0.0,0.0,0,NONE
2026-09-24T18:10:05.944+00:00,1189.386,manual,Manual cook,temp,1950,80.2,,esp32,,0,,,,,,,,,,,,0,375.0,0.0,0.0,0,NONE
2026-09-24T18:10:06.944+00:00,1190.386,manual,Manual cook,temp,1950,80.2,,esp32,,0,,,,,,,,,,,,0,375.0,0.0,0.0,0,NONE
2026-09-24T18:10:07.444+00:00,1190.886,manual,Manual cook,temp,1950,79.2,,esp32,,0,,,,,,,,,,,,0,375.0,0.0,0.0,0,NONE
2026-09-24T18:10:08.444+00:00,1191.886,manual,Manual cook,temp,1950,79.2,,esp32,,0,,,,,,,,,,,,0,375.0,0.0,0.0,0,NONE
2026-09-24T18:10:09.445+00:00,1192.887,manual,Manual cook,temp,1950,79.2,,esp32,,0,,,,,,,,,,,,0,375.0,0.0,0.0,0,NONE
2026-09-24T18:10:10.444+00:00,1193.886,manual,Manual cook,temp,1950,79.2,,esp32,,0,,,,,,,,,,,,0,375.0,0.0,0.0,0,NONE
2026-09-24T18:10:11.444+00:00,1194.886,manual,Manual cook,temp,1950,77.9,,esp32,,0,,,,,,,,,,,,0,375.0,0.0,0.0,0,NONE
2026-09-24T18:10:12.444+00:00,1195.886,manual,Manual cook,temp,1950,78.8,,esp32,,0,,,,,,,,,,,,0,375.0,0.0,0.0,0,NONE
2026-09-24T18:10:13.444+00:00,1196.886,manual,Manual cook,temp,1950,78.8,,esp32,,0,,,,,,,,,,,,0,375.0,0.0,0.0,0,NONE
2026-09-24T18:10:14.444+00:00,1197.886,manual,Manual cook,temp,1950,77.9,,esp32,,0,,,,,,,,,,,,0,375.0,0.0,0.0,0,NONE
2026-09-24T18:10:15.444+00:00,1198.886,manual,Manual cook,temp,1950,77.9,,esp32,,0,,,,,,,,,,,,0,375.0,0.0,0.0,0,NONE
2026-09-24T18:10:16.444+00:00,1199.886,manual,Manual cook,temp,1950,78.3,,esp32,,0,,,,,,,,,,,,0,375.0,0.0,0.0,0,NONE
