timestamp_utc,elapsed_s,cook_type,cook_name,mode,fan_speed_rpm,chamber_temp_f,effective_probe_temp_f,probe_source,esp32_probe_temp_f,inkbird_connected,inkbird_battery_pct,inkbird_internal_1_f,inkbird_internal_2_f,inkbird_internal_3_f,inkbird_internal_4_f,inkbird_ambient_f,inkbird_internal_1_raw_f,inkbird_internal_2_raw_f,inkbird_internal_3_raw_f,inkbird_internal_4_raw_f,inkbird_ambient_raw_f,drawer_closed,set_temperature_f,top_heater_duty_pct,bottom_heater_duty_pct,paused,fault
2026-09-18T15:29:15.581+00:00,0.007,routine,Adaptive thermal response carryover,duty,1775,80.2,40.6,inkbird_lowest_internal,,1,90,40.6,42.82,44.1,47.66,77.0,40.4,42.82,44.2,47.86,77.0,1,,0.0,0.0,0,NONE
2026-09-18T15:29:16.130+00:00,0.556,routine,Adaptive thermal response carryover,duty,1775,70.2,40.59,inkbird_lowest_internal,,1,90,40.59,42.67,43.98,47.52,77.0,40.39,42.67,44.08,47.72,77.0,1,,0.0,0.0,0,NONE
2026-09-18T15:29:17.130+00:00,1.556,routine,Adaptive thermal response carryover,duty,1775,70.7,40.59,inkbird_lowest_internal,,1,90,40.59,42.67,43.98,47.52,77.0,40.39,42.67,44.08,47.72,77.0,1,,0.0,0.0,0,NONE
2026-09-18T15:29:18.130+00:00,2.556,routine,Adaptive thermal response carryover,duty,1775,70.7,40.59,inkbird_lowest_internal,,1,90,40.59,42.55,43.86,47.36,75.2,40.39,42.55,43.96,47.56,75.2,1,,0.0,0.0,0,NONE
2026-09-18T15:29:19.130+00:00,3.556,routine,Adaptive thermal response carryover,duty,1775,71.6,40.59,inkbird_lowest_internal,,1,90,40.59,42.55,43.86,47.36,75.2,40.39,42.55,43.96,47.56,75.2,1,,0.0,0.0,0,NONE
2026-09-18T15:29:20.130+00:00,4.556,routine,Adaptive thermal response carryover,duty,1775,72.1,40.57,inkbird_lowest_internal,,1,90,40.57,42.45,43.76,47.23,75.2,40.37,42.45,43.86,47.43,75.2,1,,0.0,0.0,0,NONE
2026-09-18T15:29:21.130+00:00,5.556,routine,Adaptive thermal response carryover,duty,1775,72.1,40.57,inkbird_lowest_internal,,1,90,40.57,42.45,43.76,47.23,75.2,40.37,42.45,43.86,47.43,75.2,1,,0.0,0.0,0,NONE
2026-09-18T15:29:22.130+00:00,6.556,routine,Adaptive thermal response carryover,duty,1775,72.5,40.58,inkbird_lowest_internal,,1,90,40.58,42.45,43.67,47.1,75.2,40.38,42.45,43.77,47.3,75.2,1,,0.0,0.0,0,NONE
2026-09-18T15:29:22.630+00:00,7.056,routine,Adaptive thermal response carryover,duty,1775,72.1,40.58,inkbird_lowest_internal,,1,90,40.58,42.45,43.67,47.1,75.2,40.38,42.45,43.77,47.3,75.2,1,,0.0,0.0,0,NONE
2026-09-18T15:29:23.629+00:00,8.056,routine,Adaptive thermal response carryover,duty,1775,72.1,40.58,inkbird_lowest_internal,,1,90,40.58,42.45,43.67,47.1,75.2,40.38,42.45,43.77,47.3,75.2,1,,0.0,0.0,0,NONE
2026-09-18T15:29:24.630+00:00,9.056,routine,Adaptive thermal response carryover,duty,1775,72.1,40.58,inkbird_lowest_internal,,1,90,40.58,42.33,43.63,46.98,75.2,40.38,42.33,43.73,47.18,75.2,1,,0.0,0.0,0,NONE
2026-09-18T15:29:25.630+00:00,10.056,routine,Adaptive thermal response carryover,duty,1775,71.2,40.58,inkbird_lowest_internal,,1,90,40.58,42.33,43.63,46.98,75.2,40.38,42.33,43.73,47.18,75.2,1,,0.0,0.0,0,NONE
2026-09-18T15:29:26.630+00:00,11.056,routine,Adaptive thermal response carryover,duty,1775,71.6,40.59,inkbird_lowest_internal,,1,89,40.59,42.33,43.52,46.88,75.2,40.39,42.33,43.62,47.08,75.2,1,,0.0,0.0,0,NONE
2026-09-18T15:29:27.630+00:00,12.056,routine,Adaptive thermal response carryover,duty,1775,71.6,40.59,inkbird_lowest_internal,,1,89,40.59,42.33,43.52,46.88,75.2,40.39,42.33,43.62,47.08,75.2,1,,0.0,0.0,0,NONE
2026-09-18T15:29:28.630+00:00,13.056,routine,Adaptive thermal response carryover,duty,1775,71.2,40.6,inkbird_lowest_internal,,1,89,40.6,42.23,43.44,46.78,75.2,40.4,42.23,43.54,46.98,75.2,1,,0.0,0.0,0,NONE
2026-09-18T15:29:29.630+00:00,14.056,routine,Adaptive thermal response carryover,duty,1775,71.6,40.6,inkbird_lowest_internal,,1,89,40.6,42.23,43.44,46.78,75.2,40.4,42.23,43.54,46.98,75.2,1,,0.0,0.0,0,NONE
2026-09-18T15:29:30.629+00:00,15.055,routine,Adaptive thermal response carryover,duty,1775,71.6,40.61,inkbird_lowest_internal,,1,89,40.61,42.23,43.41,46.74,75.2,40.41,42.23,43.51,46.94,75.2,1,,0.0,0.0,0,NONE
2026-09-18T15:29:31.629+00:00,16.055,routine,Adaptive thermal response carryover,duty,1775,71.6,40.61,inkbird_lowest_internal,,1,89,40.61,42.23,43.41,46.74,75.2,40.41,42.23,43.51,46.94,75.2,1,,0.0,0.0,0,NONE
2026-09-18T15:29:32.629+00:00,17.055,routine,Adaptive thermal response carryover,duty,1775,71.2,40.61,inkbird_lowest_internal,,1,89,40.61,42.12,43.33,46.63,75.2,40.41,42.12,43.43,46.83,75.2,1,,0.0,0.0,0,NONE
2026-09-18T15:29:33.629+00:00,18.055,routine,Adaptive thermal response carryover,duty,1775,72.1,40.61,inkbird_lowest_internal,,1,89,40.61,42.12,43.33,46.63,75.2,40.41,42.12,43.43,46.83,75.2,1,,0.0,0.0,0,NONE
2026-09-18T15:29:34.129+00:00,18.555,routine,Adaptive thermal response carryover,duty,1775,70.2,40.63,inkbird_lowest_internal,,1,89,40.63,42.12,43.3,46.63,75.2,40.43,42.12,43.4,46.83,75.2,1,,0.0,0.0,0,NONE
2026-09-18T15:29:35.130+00:00,19.556,routine,Adaptive thermal response carryover,duty,1775,71.2,40.63,inkbird_lowest_internal,,1,89,40.63,42.12,43.3,46.63,75.2,40.43,42.12,43.4,46.83,75.2,1,,0.0,0.0,0,NONE
2026-09-18T15:29:36.129+00:00,20.555,routine,Adaptive thermal response carryover,duty,1775,71.2,40.64,inkbird_lowest_internal,,1,89,40.64,42.12,43.2,46.5,75.2,40.44,42.12,43.3,46.7,75.2,1,,0.0,0.0,0,NONE
2026-09-18T15:29:37.129+00:00,21.555,routine,Adaptive thermal response carryover,duty,1775,71.2,40.64,inkbird_lowest_internal,,1,89,40.64,42.12,43.2,46.5,75.2,40.44,42.12,43.3,46.7,75.2,1,,0.0,0.0,0,NONE
2026-09-18T15:29:38.129+00:00,22.555,routine,Adaptive thermal response carryover,duty,1775,70.7,40.65,inkbird_lowest_internal,,1,89,40.65,42.12,43.19,46.5,75.2,40.45,42.12,43.29,46.7,75.2,1,,0.0,0.0,0,NONE
2026-09-18T15:29:39.129+00:00,23.555,routine,Adaptive thermal response carryover,duty,1775,70.7,40.65,inkbird_lowest_internal,,1,88,40.65,42.12,43.19,46.5,75.2,40.45,42.12,43.29,46.7,75.2,1,,0.0,0.0,0,NONE
2026-09-18T15:29:39.629+00:00,24.055,routine,Adaptive thermal response carryover,duty,1775,70.7,40.65,inkbird_lowest_internal,,1,88,40.65,42.12,43.19,46.5,75.2,40.45,42.12,43.29,46.7,75.2,1,,0.0,0.0,0,NONE
2026-09-18T15:29:40.129+00:00,24.555,routine,Adaptive thermal response carryover,duty,1775,70.7,40.69,inkbird_lowest_internal,,1,88,40.69,42.01,43.12,46.39,75.2,40.49,42.01,43.22,46.59,75.2,1,,0.0,0.0,0,NONE
2026-09-18T15:29:41.129+00:00,25.555,routine,Adaptive thermal response carryover,duty,1775,70.7,40.69,inkbird_lowest_internal,,1,88,40.69,42.01,43.12,46.39,75.2,40.49,42.01,43.22,46.59,75.2,1,,0.0,0.0,0,NONE
2026-09-18T15:29:42.129+00:00,26.555,routine,Adaptive thermal response carryover,duty,1775,70.7,40.69,inkbird_lowest_internal,,1,88,40.69,42.01,43.12,46.39,75.2,40.49,42.01,43.22,46.59,75.2,1,,0.0,0.0,0,NONE
2026-09-18T15:29:43.129+00:00,27.555,routine,Adaptive thermal response carryover,duty,1775,70.7,40.69,inkbird_lowest_internal,,1,88,40.69,42.01,43.12,46.39,75.2,40.49,42.01,43.22,46.59,75.2,1,,0.0,0.0,0,NONE
2026-09-18T15:29:44.129+00:00,28.555,routine,Adaptive thermal response carryover,duty,1775,70.7,40.71,inkbird_lowest_internal,,1,88,40.71,42.01,43.08,46.28,75.2,40.51,42.01,43.18,46.48,75.2,1,,0.0,0.0,0,NONE
2026-09-18T15:29:45.129+00:00,29.555,routine,Adaptive thermal response carryover,duty,1775,70.7,40.71,inkbird_lowest_internal,,1,88,40.71,42.01,43.08,46.28,75.2,40.51,42.01,43.18,46.48,75.2,1,,0.0,0.0,0,NONE
2026-09-18T15:29:46.129+00:00,30.555,routine,Adaptive thermal response carryover,duty,1775,69.8,40.71,inkbird_lowest_internal,,1,88,40.71,42.01,43.08,46.28,75.2,40.51,42.01,43.18,46.48,75.2,1,,0.0,0.0,0,NONE
2026-09-18T15:29:47.129+00:00,31.555,routine,Adaptive thermal response carryover,duty,1775,69.8,40.71,inkbird_lowest_internal,,1,88,40.71,42.01,43.08,46.28,75.2,40.51,42.01,43.18,46.48,75.2,1,,0.0,0.0,0,NONE
2026-09-18T15:29:48.129+00:00,32.555,routine,Adaptive thermal response carryover,duty,1775,70.7,40.74,inkbird_lowest_internal,,1,88,40.74,41.9,43.01,46.19,75.2,40.54,41.9,43.11,46.39,75.2,1,,0.0,0.0,0,NONE
2026-09-18T15:29:48.629+00:00,33.055,routine,Adaptive thermal response carryover,duty,1775,70.2,40.74,inkbird_lowest_internal,,1,88,40.74,41.9,43.01,46.19,75.2,40.54,41.9,43.11,46.39,75.2,1,,0.0,0.0,0,NONE
2026-09-18T15:29:49.629+00:00,34.055,routine,Adaptive thermal response carryover,duty,1775,70.7,40.74,inkbird_lowest_internal,,1,88,40.74,41.9,43.01,46.19,75.2,40.54,41.9,43.11,46.39,75.2,1,,0.0,0.0,0,NONE
2026-09-18T15:29:50.629+00:00,35.055,routine,Adaptive thermal response carryover,duty,1775,70.2,40.74,inkbird_lowest_internal,,1,88,40.74,41.9,43.01,46.19,75.2,40.54,41.9,43.11,46.39,75.2,1,,0.0,0.0,0,NONE
2026-09-18T15:29:51.629+00:00,36.055,routine,Adaptive thermal response carryover,duty,1775,70.2,40.74,inkbird_lowest_internal,,1,88,40.74,41.9,43.01,46.19,75.2,40.54,41.9,43.11,46.39,75.2,1,,0.0,0.0,0,NONE
2026-09-18T15:29:52.129+00:00,36.555,routine,Adaptive thermal response carryover,duty,1775,69.3,40.76,inkbird_lowest_internal,,1,88,40.76,41.9,42.99,46.17,73.4,40.56,41.9,43.09,46.37,73.4,1,,0.0,0.0,0,NONE
2026-09-18T15:29:53.129+00:00,37.555,routine,Adaptive thermal response carryover,duty,1775,70.7,40.76,inkbird_lowest_internal,,1,88,40.76,41.9,42.99,46.17,73.4,40.56,41.9,43.09,46.37,73.4,1,,0.0,0.0,0,NONE
2026-09-18T15:29:54.129+00:00,38.555,routine,Adaptive thermal response carryover,duty,1775,70.7,40.83,inkbird_lowest_internal,,1,88,40.83,41.9,42.97,46.17,73.4,40.63,41.9,43.07,46.37,73.4,1,,0.0,0.0,0,NONE
2026-09-18T15:29:55.129+00:00,39.555,routine,Adaptive thermal response carryover,duty,1775,70.2,40.83,inkbird_lowest_internal,,1,88,40.83,41.9,42.97,46.17,73.4,40.63,41.9,43.07,46.37,73.4,1,,0.0,0.0,0,NONE
2026-09-18T15:29:56.129+00:00,40.555,routine,Adaptive thermal response carryover,duty,1775,70.2,40.83,inkbird_lowest_internal,,1,88,40.83,41.9,42.97,46.17,73.4,40.63,41.9,43.07,46.37,73.4,1,,0.0,0.0,0,NONE
2026-09-18T15:29:57.129+00:00,41.555,routine,Adaptive thermal response carryover,duty,1775,70.2,40.83,inkbird_lowest_internal,,1,88,40.83,41.9,42.97,46.17,73.4,40.63,41.9,43.07,46.37,73.4,1,,0.0,0.0,0,NONE
2026-09-18T15:29:58.129+00:00,42.555,routine,Adaptive thermal response carryover,duty,1775,69.8,40.83,inkbird_lowest_internal,,1,88,40.83,41.9,42.97,46.17,73.4,40.63,41.9,43.07,46.37,73.4,1,,0.0,0.0,0,NONE
2026-09-18T15:29:58.629+00:00,43.055,routine,Adaptive thermal response carryover,duty,1775,70.2,40.83,inkbird_lowest_internal,,1,88,40.83,41.9,42.97,46.17,73.4,40.63,41.9,43.07,46.37,73.4,1,,0.0,0.0,0,NONE
2026-09-18T15:29:59.628+00:00,44.054,routine,Adaptive thermal response carryover,duty,1775,70.2,40.83,inkbird_lowest_internal,,1,88,40.83,41.9,42.97,46.17,73.4,40.63,41.9,43.07,46.37,73.4,1,,0.0,0.0,0,NONE
2026-09-18T15:30:00.129+00:00,44.555,routine,Adaptive thermal response carryover,duty,1775,70.2,40.87,inkbird_lowest_internal,,1,88,40.87,41.9,42.97,46.17,73.4,40.67,41.9,43.07,46.37,73.4,1,,0.0,0.0,0,NONE
2026-09-18T15:30:01.129+00:00,45.555,routine,Adaptive thermal response carryover,duty,1775,69.3,40.87,inkbird_lowest_internal,,1,88,40.87,41.9,42.97,46.17,73.4,40.67,41.9,43.07,46.37,73.4,1,,0.0,0.0,0,NONE
2026-09-18T15:30:02.129+00:00,46.555,routine,Adaptive thermal response carryover,duty,1775,69.3,40.93,inkbird_lowest_internal,,1,88,40.93,41.9,42.91,46.07,73.4,40.73,41.9,43.01,46.27,73.4,1,,0.0,0.0,0,NONE
2026-09-18T15:30:03.129+00:00,47.555,routine,Adaptive thermal response carryover,duty,1775,70.2,40.93,inkbird_lowest_internal,,1,88,40.93,41.9,42.91,46.07,73.4,40.73,41.9,43.01,46.27,73.4,1,,0.0,0.0,0,NONE
2026-09-18T15:30:04.129+00:00,48.555,routine,Adaptive thermal response carryover,duty,1775,69.3,40.93,inkbird_lowest_internal,,1,88,40.93,41.9,42.91,46.07,73.4,40.73,41.9,43.01,46.27,73.4,1,,0.0,0.0,0,NONE
2026-09-18T15:30:05.128+00:00,49.555,routine,Adaptive thermal response carryover,duty,1775,69.3,40.93,inkbird_lowest_internal,,1,88,40.93,41.9,42.91,46.07,73.4,40.73,41.9,43.01,46.27,73.4,1,,0.0,0.0,0,NONE
2026-09-18T15:30:06.128+00:00,50.554,routine,Adaptive thermal response carryover,duty,1775,69.8,40.93,inkbird_lowest_internal,,1,88,40.93,41.9,42.91,46.07,73.4,40.73,41.9,43.01,46.27,73.4,1,,0.0,0.0,0,NONE
2026-09-18T15:30:07.128+00:00,51.554,routine,Adaptive thermal response carryover,duty,1775,69.8,40.93,inkbird_lowest_internal,,1,88,40.93,41.9,42.91,46.07,73.4,40.73,41.9,43.01,46.27,73.4,1,,0.0,0.0,0,NONE
2026-09-18T15:30:08.128+00:00,52.554,routine,Adaptive thermal response carryover,duty,1775,69.8,40.98,inkbird_lowest_internal,,1,88,40.98,41.84,42.9,46.0,73.4,40.78,41.84,43.0,46.2,73.4,1,,0.0,0.0,0,NONE
2026-09-18T15:30:09.128+00:00,53.554,routine,Adaptive thermal response carryover,duty,1775,69.8,40.98,inkbird_lowest_internal,,1,88,40.98,41.84,42.9,46.0,73.4,40.78,41.84,43.0,46.2,73.4,1,,0.0,0.0,0,NONE
2026-09-18T15:30:09.628+00:00,54.054,routine,Adaptive thermal response carryover,duty,1775,70.2,40.98,inkbird_lowest_internal,,1,88,40.98,41.84,42.9,46.0,73.4,40.78,41.84,43.0,46.2,73.4,1,,0.0,0.0,0,NONE
2026-09-18T15:30:10.628+00:00,55.054,routine,Adaptive thermal response carryover,duty,1775,69.8,40.98,inkbird_lowest_internal,,1,88,40.98,41.84,42.9,46.0,73.4,40.78,41.84,43.0,46.2,73.4,1,,0.0,0.0,0,NONE
2026-09-18T15:30:11.628+00:00,56.054,routine,Adaptive thermal response carryover,duty,1775,69.8,40.98,inkbird_lowest_internal,,1,88,40.98,41.84,42.9,46.0,73.4,40.78,41.84,43.0,46.2,73.4,1,,0.0,0.0,0,NONE
2026-09-18T15:30:12.628+00:00,57.054,routine,Adaptive thermal response carryover,duty,1775,69.3,40.98,inkbird_lowest_internal,,1,88,40.98,41.84,42.9,46.0,73.4,40.78,41.84,43.0,46.2,73.4,1,,0.0,0.0,0,NONE
2026-09-18T15:30:13.628+00:00,58.054,routine,Adaptive thermal response carryover,duty,1775,68.9,40.98,inkbird_lowest_internal,,1,88,40.98,41.84,42.9,46.0,73.4,40.78,41.84,43.0,46.2,73.4,1,,0.0,0.0,0,NONE
2026-09-18T15:30:14.628+00:00,59.054,routine,Adaptive thermal response carryover,duty,1775,69.8,41.07,inkbird_lowest_internal,,1,88,41.07,41.84,42.9,46.0,73.4,40.87,41.84,43.0,46.2,73.4,1,,0.0,0.0,0,NONE
2026-09-18T15:30:15.628+00:00,60.054,routine,Adaptive thermal response carryover,duty,1775,69.8,41.07,inkbird_lowest_internal,,1,88,41.07,41.84,42.9,46.0,73.4,40.87,41.84,43.0,46.2,73.4,1,,0.0,0.0,0,NONE
2026-09-18T15:30:16.128+00:00,60.554,routine,Adaptive thermal response carryover,duty,1775,69.8,41.09,inkbird_lowest_internal,,1,88,41.09,41.84,42.9,46.0,73.4,40.89,41.84,43.0,46.2,73.4,1,,0.0,0.0,0,NONE
2026-09-18T15:30:17.128+00:00,61.554,routine,Adaptive thermal response carryover,duty,1775,69.8,41.09,inkbird_lowest_internal,,1,88,41.09,41.84,42.9,46.0,73.4,40.89,41.84,43.0,46.2,73.4,1,,0.0,0.0,0,NONE
2026-09-18T15:30:18.128+00:00,62.554,routine,Adaptive thermal response carryover,duty,1775,69.8,41.09,inkbird_lowest_internal,,1,87,41.09,41.84,42.9,46.0,73.4,40.89,41.84,43.0,46.2,73.4,1,,0.0,0.0,0,NONE
2026-09-18T15:30:18.628+00:00,63.054,routine,Adaptive thermal response carryover,duty,1775,69.3,41.09,inkbird_lowest_internal,,1,87,41.09,41.84,42.9,46.0,73.4,40.89,41.84,43.0,46.2,73.4,1,,0.0,0.0,0,NONE
2026-09-18T15:30:19.628+00:00,64.054,routine,Adaptive thermal response carryover,duty,1775,68.4,41.09,inkbird_lowest_internal,,1,87,41.09,41.84,42.9,46.0,73.4,40.89,41.84,43.0,46.2,73.4,1,,0.0,0.0,0,NONE
2026-09-18T15:30:20.628+00:00,65.054,routine,Adaptive thermal response carryover,duty,1775,69.3,41.09,inkbird_lowest_internal,,1,87,41.09,41.84,42.9,46.0,73.4,40.89,41.84,43.0,46.2,73.4,1,,0.0,0.0,0,NONE
2026-09-18T15:30:21.628+00:00,66.054,routine,Adaptive thermal response carryover,duty,1775,68.9,41.09,inkbird_lowest_internal,,1,87,41.09,41.84,42.9,46.0,73.4,40.89,41.84,43.0,46.2,73.4,1,,0.0,0.0,0,NONE
2026-09-18T15:30:22.128+00:00,66.554,routine,Adaptive thermal response carryover,duty,1775,69.8,41.2,inkbird_lowest_internal,,1,87,41.2,41.84,42.86,45.99,73.4,41.0,41.84,42.96,46.19,73.4,1,,0.0,0.0,0,NONE
2026-09-18T15:30:23.128+00:00,67.554,routine,Adaptive thermal response carryover,duty,1775,69.3,41.2,inkbird_lowest_internal,,1,87,41.2,41.84,42.86,45.99,73.4,41.0,41.84,42.96,46.19,73.4,1,,0.0,0.0,0,NONE
2026-09-18T15:30:24.128+00:00,68.554,routine,Adaptive thermal response carryover,duty,1775,68.9,41.2,inkbird_lowest_internal,,1,87,41.2,41.84,42.86,45.99,73.4,41.0,41.84,42.96,46.19,73.4,1,,0.0,0.0,0,NONE
2026-09-18T15:30:25.128+00:00,69.554,routine,Adaptive thermal response carryover,duty,1775,69.3,41.2,inkbird_lowest_internal,,1,87,41.2,41.84,42.86,45.99,73.4,41.0,41.84,42.96,46.19,73.4,1,,0.0,0.0,0,NONE
2026-09-18T15:30:25.628+00:00,70.054,routine,Adaptive thermal response carryover,duty,1775,68.4,41.2,inkbird_lowest_internal,,1,87,41.2,41.84,42.86,45.99,73.4,41.0,41.84,42.96,46.19,73.4,1,,0.0,0.0,0,NONE
2026-09-18T15:30:26.628+00:00,71.054,routine,Adaptive thermal response carryover,duty,1775,69.3,41.2,inkbird_lowest_internal,,1,87,41.2,41.84,42.86,45.99,73.4,41.0,41.84,42.96,46.19,73.4,1,,0.0,0.0,0,NONE
2026-09-18T15:30:27.628+00:00,72.054,routine,Adaptive thermal response carryover,duty,1775,69.8,41.2,inkbird_lowest_internal,,1,87,41.2,41.84,42.86,45.99,73.4,41.0,41.84,42.96,46.19,73.4,1,,0.0,0.0,0,NONE
2026-09-18T15:30:28.628+00:00,73.054,routine,Adaptive thermal response carryover,duty,1775,68.9,41.29,inkbird_lowest_internal,,1,87,41.29,41.87,42.87,45.95,71.6,41.09,41.87,42.97,46.15,71.6,1,,0.0,0.0,0,NONE
2026-09-18T15:30:29.128+00:00,73.554,routine,Adaptive thermal response carryover,duty,1775,69.3,41.29,inkbird_lowest_internal,,1,87,41.29,41.87,42.87,45.95,71.6,41.09,41.87,42.97,46.15,71.6,1,,0.0,0.0,0,NONE
2026-09-18T15:30:30.128+00:00,74.554,routine,Adaptive thermal response carryover,duty,1775,68.9,41.29,inkbird_lowest_internal,,1,87,41.29,41.87,42.87,45.95,71.6,41.09,41.87,42.97,46.15,71.6,1,,0.0,0.0,0,NONE
2026-09-18T15:30:31.128+00:00,75.554,routine,Adaptive thermal response carryover,duty,1775,69.3,41.29,inkbird_lowest_internal,,1,87,41.29,41.87,42.87,45.95,71.6,41.09,41.87,42.97,46.15,71.6,1,,0.0,0.0,0,NONE
2026-09-18T15:30:32.128+00:00,76.554,routine,Adaptive thermal response carryover,duty,1775,69.8,41.33,inkbird_lowest_internal,,1,87,41.33,41.87,42.87,45.95,71.6,41.13,41.87,42.97,46.15,71.6,1,,0.0,0.0,0,NONE
2026-09-18T15:30:33.128+00:00,77.554,routine,Adaptive thermal response carryover,duty,1775,69.3,41.33,inkbird_lowest_internal,,1,87,41.33,41.87,42.87,45.95,71.6,41.13,41.87,42.97,46.15,71.6,1,,0.0,0.0,0,NONE
2026-09-18T15:30:34.128+00:00,78.554,routine,Adaptive thermal response carryover,duty,1775,68.0,41.41,inkbird_lowest_internal,,1,87,41.41,41.87,42.9,45.95,71.6,41.21,41.87,43.0,46.15,71.6,1,,0.0,0.0,0,NONE
2026-09-18T15:30:35.127+00:00,79.553,routine,Adaptive thermal response carryover,duty,1775,68.4,41.41,inkbird_lowest_internal,,1,87,41.41,41.87,42.9,45.95,71.6,41.21,41.87,43.0,46.15,71.6,1,,0.0,0.0,0,NONE
2026-09-18T15:30:36.127+00:00,80.553,routine,Adaptive thermal response carryover,duty,1775,69.3,41.41,inkbird_lowest_internal,,1,87,41.41,41.87,42.9,45.95,71.6,41.21,41.87,43.0,46.15,71.6,1,,0.0,0.0,0,NONE
2026-09-18T15:30:37.127+00:00,81.553,routine,Adaptive thermal response carryover,duty,1775,68.9,41.41,inkbird_lowest_internal,,1,87,41.41,41.87,42.9,45.95,71.6,41.21,41.87,43.0,46.15,71.6,1,,0.0,0.0,0,NONE
2026-09-18T15:30:37.628+00:00,82.054,routine,Adaptive thermal response carryover,duty,1775,69.3,41.41,inkbird_lowest_internal,,1,87,41.41,41.87,42.9,45.95,71.6,41.21,41.87,43.0,46.15,71.6,1,,0.0,0.0,0,NONE
2026-09-18T15:30:38.627+00:00,83.053,routine,Adaptive thermal response carryover,duty,1775,69.3,41.44,inkbird_lowest_internal,,1,87,41.44,41.87,42.9,45.95,71.6,41.24,41.87,43.0,46.15,71.6,1,,0.0,0.0,0,NONE
2026-09-18T15:30:39.627+00:00,84.053,routine,Adaptive thermal response carryover,duty,1775,68.9,41.44,inkbird_lowest_internal,,1,87,41.44,41.87,42.9,45.95,71.6,41.24,41.87,43.0,46.15,71.6,1,,0.0,0.0,0,NONE
2026-09-18T15:30:40.127+00:00,84.553,routine,Adaptive thermal response carryover,duty,1775,69.3,41.44,inkbird_lowest_internal,,1,87,41.44,41.87,42.9,45.95,71.6,41.24,41.87,43.0,46.15,71.6,1,,0.0,0.0,0,NONE
2026-09-18T15:30:40.627+00:00,85.054,routine,Adaptive thermal response carryover,duty,1775,69.3,41.44,inkbird_lowest_internal,,1,87,41.44,41.87,42.9,45.95,71.6,41.24,41.87,43.0,46.15,71.6,1,,0.0,0.0,0,NONE
2026-09-18T15:30:41.627+00:00,86.053,routine,Adaptive thermal response carryover,duty,1775,69.3,41.44,inkbird_lowest_internal,,1,87,41.44,41.87,42.9,45.95,71.6,41.24,41.87,43.0,46.15,71.6,1,,0.0,0.0,0,NONE
2026-09-18T15:30:42.627+00:00,87.053,routine,Adaptive thermal response carryover,duty,1775,68.9,41.52,inkbird_lowest_internal,,1,87,41.52,41.87,42.92,45.97,71.6,41.32,41.87,43.02,46.17,71.6,1,,0.0,0.0,0,NONE
2026-09-18T15:30:43.128+00:00,87.554,routine,Adaptive thermal response carryover,duty,1775,68.9,41.52,inkbird_lowest_internal,,1,87,41.52,41.87,42.92,45.97,71.6,41.32,41.87,43.02,46.17,71.6,1,,0.0,0.0,0,NONE
2026-09-18T15:30:44.127+00:00,88.553,routine,Adaptive thermal response carryover,duty,1775,68.9,41.52,inkbird_lowest_internal,,1,87,41.52,41.87,42.92,45.97,71.6,41.32,41.87,43.02,46.17,71.6,1,,0.0,0.0,0,NONE
2026-09-18T15:30:44.627+00:00,89.053,routine,Adaptive thermal response carryover,duty,1775,68.9,41.52,inkbird_lowest_internal,,1,87,41.52,41.87,42.92,45.97,71.6,41.32,41.87,43.02,46.17,71.6,1,,0.0,0.0,0,NONE
2026-09-18T15:30:45.627+00:00,90.053,routine,Adaptive thermal response carryover,duty,1775,68.9,41.52,inkbird_lowest_internal,,1,87,41.52,41.87,42.92,45.97,71.6,41.32,41.87,43.02,46.17,71.6,1,,0.0,0.0,0,NONE
2026-09-18T15:30:46.627+00:00,91.053,routine,Adaptive thermal response carryover,duty,1775,68.4,41.56,inkbird_lowest_internal,,1,87,41.56,41.87,42.92,45.97,71.6,41.36,41.87,43.02,46.17,71.6,1,,0.0,0.0,0,NONE
2026-09-18T15:30:47.127+00:00,91.553,routine,Adaptive thermal response carryover,duty,1775,68.0,41.56,inkbird_lowest_internal,,1,87,41.56,41.87,42.92,45.97,71.6,41.36,41.87,43.02,46.17,71.6,1,,0.0,0.0,0,NONE
2026-09-18T15:30:48.127+00:00,92.553,routine,Adaptive thermal response carryover,duty,1775,68.4,41.63,inkbird_lowest_internal,,1,87,41.63,41.95,42.95,45.97,71.6,41.43,41.95,43.05,46.17,71.6,1,,0.0,0.0,0,NONE
2026-09-18T15:30:49.127+00:00,93.553,routine,Adaptive thermal response carryover,duty,1775,68.0,41.63,inkbird_lowest_internal,,1,87,41.63,41.95,42.95,45.97,71.6,41.43,41.95,43.05,46.17,71.6,1,,0.0,0.0,0,NONE
2026-09-18T15:30:49.627+00:00,94.053,routine,Adaptive thermal response carryover,duty,1775,68.9,41.63,inkbird_lowest_internal,,1,87,41.63,41.95,42.95,45.97,71.6,41.43,41.95,43.05,46.17,71.6,1,,0.0,0.0,0,NONE
2026-09-18T15:30:50.627+00:00,95.053,routine,Adaptive thermal response carryover,duty,1775,68.9,41.63,inkbird_lowest_internal,,1,87,41.63,41.95,42.95,45.97,71.6,41.43,41.95,43.05,46.17,71.6,1,,0.0,0.0,0,NONE
2026-09-18T15:30:51.127+00:00,95.553,routine,Adaptive thermal response carryover,duty,1775,68.0,41.63,inkbird_lowest_internal,,1,87,41.63,41.95,42.95,45.97,71.6,41.43,41.95,43.05,46.17,71.6,1,,0.0,0.0,0,NONE
2026-09-18T15:30:52.127+00:00,96.553,routine,Adaptive thermal response carryover,duty,1775,68.9,41.67,inkbird_lowest_internal,,1,87,41.67,41.95,42.95,45.97,71.6,41.47,41.95,43.05,46.17,71.6,1,,0.0,0.0,0,NONE
2026-09-18T15:30:53.127+00:00,97.553,routine,Adaptive thermal response carryover,duty,1775,68.9,41.67,inkbird_lowest_internal,,1,87,41.67,41.95,42.95,45.97,71.6,41.47,41.95,43.05,46.17,71.6,1,,0.0,0.0,0,NONE
2026-09-18T15:30:53.627+00:00,98.053,routine,Adaptive thermal response carryover,duty,1775,68.9,41.67,inkbird_lowest_internal,,1,87,41.67,41.95,42.95,45.97,71.6,41.47,41.95,43.05,46.17,71.6,1,,0.0,0.0,0,NONE
2026-09-18T15:30:54.627+00:00,99.053,routine,Adaptive thermal response carryover,duty,1775,68.9,41.74,inkbird_lowest_internal,,1,87,41.74,41.95,42.96,45.97,71.6,41.54,41.95,43.06,46.17,71.6,1,,0.0,0.0,0,NONE
2026-09-18T15:30:55.127+00:00,99.553,routine,Adaptive thermal response carryover,duty,1775,69.3,41.74,inkbird_lowest_internal,,1,87,41.74,41.95,42.96,45.97,71.6,41.54,41.95,43.06,46.17,71.6,1,,0.0,0.0,0,NONE
2026-09-18T15:30:56.127+00:00,100.553,routine,Adaptive thermal response carryover,duty,1775,68.4,41.74,inkbird_lowest_internal,,1,87,41.74,41.95,42.96,45.97,71.6,41.54,41.95,43.06,46.17,71.6,1,,0.0,0.0,0,NONE
2026-09-18T15:30:57.127+00:00,101.553,routine,Adaptive thermal response carryover,duty,1775,69.3,41.74,inkbird_lowest_internal,,1,87,41.74,41.95,42.96,45.97,71.6,41.54,41.95,43.06,46.17,71.6,1,,0.0,0.0,0,NONE
2026-09-18T15:30:58.127+00:00,102.553,routine,Adaptive thermal response carryover,duty,1775,68.9,41.74,inkbird_lowest_internal,,1,87,41.74,41.95,42.96,45.97,71.6,41.54,41.95,43.06,46.17,71.6,1,,0.0,0.0,0,NONE
2026-09-18T15:30:59.127+00:00,103.553,routine,Adaptive thermal response carryover,duty,1775,68.9,41.74,inkbird_lowest_internal,,1,87,41.74,41.95,42.96,45.97,71.6,41.54,41.95,43.06,46.17,71.6,1,,0.0,0.0,0,NONE
2026-09-18T15:31:00.127+00:00,104.553,routine,Adaptive thermal response carryover,duty,1775,68.0,41.78,inkbird_lowest_internal,,1,87,41.78,42.06,43.01,46.02,71.6,41.58,42.06,43.11,46.22,71.6,1,,0.0,0.0,0,NONE
2026-09-18T15:31:01.127+00:00,105.553,routine,Adaptive thermal response carryover,duty,1775,68.4,41.78,inkbird_lowest_internal,,1,87,41.78,42.06,43.01,46.02,71.6,41.58,42.06,43.11,46.22,71.6,1,,0.0,0.0,0,NONE
2026-09-18T15:31:02.127+00:00,106.553,routine,Adaptive thermal response carryover,duty,1775,68.9,41.86,inkbird_lowest_internal,,1,87,41.86,42.06,43.03,46.02,71.6,41.66,42.06,43.13,46.22,71.6,1,,0.0,0.0,0,NONE
2026-09-18T15:31:03.127+00:00,107.553,routine,Adaptive thermal response carryover,duty,1775,68.4,41.86,inkbird_lowest_internal,,1,87,41.86,42.06,43.03,46.02,71.6,41.66,42.06,43.13,46.22,71.6,1,,0.0,0.0,0,NONE
2026-09-18T15:31:04.127+00:00,108.553,routine,Adaptive thermal response carryover,duty,1775,68.9,41.86,inkbird_lowest_internal,,1,87,41.86,42.06,43.03,46.02,71.6,41.66,42.06,43.13,46.22,71.6,1,,0.0,0.0,0,NONE
2026-09-18T15:31:05.127+00:00,109.553,routine,Adaptive thermal response carryover,duty,1775,68.9,41.86,inkbird_lowest_internal,,1,87,41.86,42.06,43.03,46.02,71.6,41.66,42.06,43.13,46.22,71.6,1,,0.0,0.0,0,NONE
2026-09-18T15:31:05.627+00:00,110.053,routine,Adaptive thermal response carryover,duty,1775,68.4,41.86,inkbird_lowest_internal,,1,87,41.86,42.06,43.03,46.02,71.6,41.66,42.06,43.13,46.22,71.6,1,,0.0,0.0,0,NONE
2026-09-18T15:31:06.628+00:00,111.054,routine,Adaptive thermal response carryover,duty,1775,68.9,41.9,inkbird_lowest_internal,,1,87,41.9,42.06,43.03,46.02,71.6,41.7,42.06,43.13,46.22,71.6,1,,0.0,0.0,0,NONE
2026-09-18T15:31:07.627+00:00,112.053,routine,Adaptive thermal response carryover,duty,1775,68.9,41.9,inkbird_lowest_internal,,1,87,41.9,42.06,43.03,46.02,71.6,41.7,42.06,43.13,46.22,71.6,1,,0.0,0.0,0,NONE
2026-09-18T15:31:08.627+00:00,113.053,routine,Adaptive thermal response carryover,duty,1775,68.9,41.9,inkbird_lowest_internal,,1,87,41.9,42.06,43.03,46.02,71.6,41.7,42.06,43.13,46.22,71.6,1,,0.0,0.0,0,NONE
2026-09-18T15:31:09.627+00:00,114.053,routine,Adaptive thermal response carryover,duty,1775,68.9,41.9,inkbird_lowest_internal,,1,87,41.9,42.06,43.03,46.02,71.6,41.7,42.06,43.13,46.22,71.6,1,,0.0,0.0,0,NONE
2026-09-18T15:31:10.627+00:00,115.053,routine,Adaptive thermal response carryover,duty,1775,68.9,41.9,inkbird_lowest_internal,,1,87,41.9,42.06,43.03,46.02,71.6,41.7,42.06,43.13,46.22,71.6,1,,0.0,0.0,0,NONE
2026-09-18T15:31:11.627+00:00,116.053,routine,Adaptive thermal response carryover,duty,1775,68.4,41.9,inkbird_lowest_internal,,1,87,41.9,42.06,43.03,46.02,71.6,41.7,42.06,43.13,46.22,71.6,1,,0.0,0.0,0,NONE
2026-09-18T15:31:12.627+00:00,117.053,routine,Adaptive thermal response carryover,duty,1775,68.9,42.01,inkbird_lowest_internal,,1,87,42.01,42.18,43.07,46.07,71.6,41.81,42.18,43.17,46.27,71.6,1,,0.0,0.0,0,NONE
2026-09-18T15:31:13.127+00:00,117.553,routine,Adaptive thermal response carryover,duty,1775,68.9,42.01,inkbird_lowest_internal,,1,87,42.01,42.18,43.07,46.07,71.6,41.81,42.18,43.17,46.27,71.6,1,,0.0,0.0,0,NONE
2026-09-18T15:31:14.126+00:00,118.552,routine,Adaptive thermal response carryover,duty,1775,68.9,42.01,inkbird_lowest_internal,,1,87,42.01,42.18,43.07,46.07,71.6,41.81,42.18,43.17,46.27,71.6,1,,0.0,0.0,0,NONE
2026-09-18T15:31:14.626+00:00,119.053,routine,Adaptive thermal response carryover,duty,1775,68.9,42.01,inkbird_lowest_internal,,1,87,42.01,42.18,43.07,46.07,71.6,41.81,42.18,43.17,46.27,71.6,1,,0.0,0.0,0,NONE
2026-09-18T15:31:15.626+00:00,120.052,routine,Adaptive thermal response carryover,duty,1775,68.4,42.01,inkbird_lowest_internal,,1,87,42.01,42.18,43.07,46.07,71.6,41.81,42.18,43.17,46.27,71.6,1,,0.0,0.0,0,NONE
2026-09-18T15:31:16.626+00:00,121.052,routine,Adaptive thermal response carryover,duty,1775,68.9,42.01,inkbird_lowest_internal,,1,87,42.01,42.18,43.07,46.07,71.6,41.81,42.18,43.17,46.27,71.6,1,,50.0,0.0,0,NONE
2026-09-18T15:31:17.127+00:00,121.553,routine,Adaptive thermal response carryover,duty,1775,68.9,42.01,inkbird_lowest_internal,,1,87,42.01,42.18,43.07,46.07,71.6,41.81,42.18,43.17,46.27,71.6,1,,50.0,0.0,0,NONE
2026-09-18T15:31:18.127+00:00,122.553,routine,Adaptive thermal response carryover,duty,1775,69.3,42.12,inkbird_lowest_internal,,1,87,42.12,42.18,43.07,46.07,71.6,41.92,42.18,43.17,46.27,71.6,1,,50.0,0.0,0,NONE
2026-09-18T15:31:19.126+00:00,123.552,routine,Adaptive thermal response carryover,duty,1775,69.8,42.12,inkbird_lowest_internal,,1,87,42.12,42.18,43.07,46.07,71.6,41.92,42.18,43.17,46.27,71.6,1,,50.0,0.0,0,NONE
2026-09-18T15:31:20.127+00:00,124.553,routine,Adaptive thermal response carryover,duty,1775,70.7,42.18,inkbird_lowest_internal,,1,87,42.18,42.28,43.15,46.11,71.6,41.98,42.28,43.25,46.31,71.6,1,,50.0,0.0,0,NONE
2026-09-18T15:31:21.126+00:00,125.552,routine,Adaptive thermal response carryover,duty,1775,71.6,42.18,inkbird_lowest_internal,,1,87,42.18,42.28,43.15,46.11,71.6,41.98,42.28,43.25,46.31,71.6,1,,50.0,0.0,0,NONE
2026-09-18T15:31:22.126+00:00,126.552,routine,Adaptive thermal response carryover,duty,1775,72.5,42.21,inkbird_lowest_internal,,1,87,42.21,42.28,43.18,46.11,71.6,42.01,42.28,43.28,46.31,71.6,1,,50.0,0.0,0,NONE
2026-09-18T15:31:23.126+00:00,127.552,routine,Adaptive thermal response carryover,duty,1775,73.4,42.21,inkbird_lowest_internal,,1,87,42.21,42.28,43.18,46.11,71.6,42.01,42.28,43.28,46.31,71.6,1,,50.0,0.0,0,NONE
2026-09-18T15:31:24.126+00:00,128.552,routine,Adaptive thermal response carryover,duty,1775,74.7,42.22,inkbird_lowest_internal,,1,87,42.22,42.28,43.18,46.11,71.6,42.02,42.28,43.28,46.31,71.6,1,,50.0,0.0,0,NONE
2026-09-18T15:31:25.126+00:00,129.552,routine,Adaptive thermal response carryover,duty,1775,75.2,42.22,inkbird_lowest_internal,,1,87,42.22,42.28,43.18,46.11,71.6,42.02,42.28,43.28,46.31,71.6,1,,50.0,0.0,0,NONE
2026-09-18T15:31:26.126+00:00,130.552,routine,Adaptive thermal response carryover,duty,1775,75.7,42.22,inkbird_lowest_internal,,1,87,42.22,42.28,43.18,46.11,71.6,42.02,42.28,43.28,46.31,71.6,1,,50.0,0.0,0,NONE
2026-09-18T15:31:27.126+00:00,131.552,routine,Adaptive thermal response carryover,duty,1775,78.3,42.22,inkbird_lowest_internal,,1,87,42.22,42.28,43.18,46.11,71.6,42.02,42.28,43.28,46.31,71.6,1,,50.0,0.0,0,NONE
2026-09-18T15:31:28.126+00:00,132.552,routine,Adaptive thermal response carryover,duty,1775,79.2,42.31,inkbird_lowest_internal,,1,87,42.31,42.38,43.25,46.19,71.6,42.11,42.38,43.35,46.39,71.6,1,,50.0,0.0,0,NONE
2026-09-18T15:31:29.126+00:00,133.552,routine,Adaptive thermal response carryover,duty,1775,80.6,42.31,inkbird_lowest_internal,,1,87,42.31,42.38,43.25,46.19,71.6,42.11,42.38,43.35,46.39,71.6,1,,50.0,0.0,0,NONE
2026-09-18T15:31:30.126+00:00,134.552,routine,Adaptive thermal response carryover,duty,1775,81.1,42.34,inkbird_lowest_internal,,1,87,42.34,42.38,43.25,46.19,71.6,42.14,42.38,43.35,46.39,71.6,1,,50.0,0.0,0,NONE
2026-09-18T15:31:30.626+00:00,135.053,routine,Adaptive thermal response carryover,duty,1775,81.9,42.34,inkbird_lowest_internal,,1,87,42.34,42.38,43.25,46.19,71.6,42.14,42.38,43.35,46.39,71.6,1,,50.0,0.0,0,NONE
2026-09-18T15:31:31.626+00:00,136.052,routine,Adaptive thermal response carryover,duty,1775,82.8,42.34,inkbird_lowest_internal,,1,87,42.34,42.38,43.25,46.19,71.6,42.14,42.38,43.35,46.39,71.6,1,,50.0,0.0,0,NONE
2026-09-18T15:31:32.126+00:00,136.552,routine,Adaptive thermal response carryover,duty,1775,84.2,42.38,inkbird_lowest_internal,,1,87,42.41,42.38,43.29,46.21,73.4,42.21,42.38,43.39,46.41,73.4,1,,50.0,0.0,0,NONE
2026-09-18T15:31:33.126+00:00,137.552,routine,Adaptive thermal response carryover,duty,1775,84.7,42.38,inkbird_lowest_internal,,1,87,42.41,42.38,43.29,46.21,73.4,42.21,42.38,43.39,46.41,73.4,1,,50.0,0.0,0,NONE
2026-09-18T15:31:34.126+00:00,138.552,routine,Adaptive thermal response carryover,duty,1775,86.0,42.38,inkbird_lowest_internal,,1,87,42.41,42.38,43.29,46.21,73.4,42.21,42.38,43.39,46.41,73.4,1,,50.0,0.0,0,NONE
2026-09-18T15:31:34.626+00:00,139.052,routine,Adaptive thermal response carryover,duty,1775,87.8,42.38,inkbird_lowest_internal,,1,87,42.41,42.38,43.29,46.21,73.4,42.21,42.38,43.39,46.41,73.4,1,,50.0,0.0,0,NONE
2026-09-18T15:31:35.626+00:00,140.052,routine,Adaptive thermal response carryover,duty,1775,88.7,42.38,inkbird_lowest_internal,,1,87,42.41,42.38,43.29,46.21,73.4,42.21,42.38,43.39,46.41,73.4,1,,50.0,0.0,0,NONE
2026-09-18T15:31:36.626+00:00,141.052,routine,Adaptive thermal response carryover,duty,1775,90.1,42.38,inkbird_lowest_internal,,1,87,42.45,42.38,43.37,46.34,75.2,42.25,42.38,43.47,46.54,75.2,1,,50.0,0.0,0,NONE
2026-09-18T15:31:37.626+00:00,142.052,routine,Adaptive thermal response carryover,duty,1775,90.9,42.38,inkbird_lowest_internal,,1,87,42.45,42.38,43.37,46.34,75.2,42.25,42.38,43.47,46.54,75.2,1,,50.0,0.0,0,NONE
2026-09-18T15:31:38.126+00:00,142.552,routine,Adaptive thermal response carryover,duty,1775,91.8,42.49,inkbird_lowest_internal,,1,87,42.53,42.49,43.39,46.43,75.2,42.33,42.49,43.49,46.63,75.2,1,,50.0,0.0,0,NONE
2026-09-18T15:31:39.126+00:00,143.552,routine,Adaptive thermal response carryover,duty,1775,94.6,42.49,inkbird_lowest_internal,,1,87,42.53,42.49,43.39,46.43,75.2,42.33,42.49,43.49,46.63,75.2,1,,50.0,0.0,0,NONE
2026-09-18T15:31:40.126+00:00,144.552,routine,Adaptive thermal response carryover,duty,1775,95.0,42.49,inkbird_lowest_internal,,1,87,42.55,42.49,43.45,46.47,77.0,42.35,42.49,43.55,46.67,77.0,1,,50.0,0.0,0,NONE
2026-09-18T15:31:41.126+00:00,145.552,routine,Adaptive thermal response carryover,duty,1775,97.7,42.49,inkbird_lowest_internal,,1,87,42.55,42.49,43.45,46.47,77.0,42.35,42.49,43.55,46.67,77.0,1,,50.0,0.0,0,NONE
2026-09-18T15:31:42.126+00:00,146.552,routine,Adaptive thermal response carryover,duty,1775,97.7,42.49,inkbird_lowest_internal,,1,87,42.56,42.49,43.47,46.58,77.0,42.36,42.49,43.57,46.78,77.0,1,,50.0,0.0,0,NONE
2026-09-18T15:31:43.126+00:00,147.552,routine,Adaptive thermal response carryover,duty,1775,99.1,42.49,inkbird_lowest_internal,,1,87,42.56,42.49,43.47,46.58,77.0,42.36,42.49,43.57,46.78,77.0,1,,50.0,0.0,0,NONE
2026-09-18T15:31:43.626+00:00,148.052,routine,Adaptive thermal response carryover,duty,1775,100.4,42.49,inkbird_lowest_internal,,1,87,42.56,42.49,43.47,46.58,77.0,42.36,42.49,43.57,46.78,77.0,1,,50.0,0.0,0,NONE
2026-09-18T15:31:44.126+00:00,148.552,routine,Adaptive thermal response carryover,duty,1775,101.3,42.6,inkbird_lowest_internal,,1,87,42.64,42.6,43.49,46.7,78.8,42.44,42.6,43.59,46.9,78.8,1,,50.0,0.0,0,NONE
2026-09-18T15:31:45.126+00:00,149.552,routine,Adaptive thermal response carryover,duty,1775,103.1,42.6,inkbird_lowest_internal,,1,87,42.64,42.6,43.49,46.7,78.8,42.44,42.6,43.59,46.9,78.8,1,,50.0,0.0,0,NONE
2026-09-18T15:31:46.126+00:00,150.552,routine,Adaptive thermal response carryover,duty,1775,104.9,42.6,inkbird_lowest_internal,,1,87,42.65,42.6,43.52,46.8,78.8,42.45,42.6,43.62,47.0,78.8,1,,50.0,0.0,0,NONE
2026-09-18T15:31:47.126+00:00,151.552,routine,Adaptive thermal response carryover,duty,1775,105.3,42.6,inkbird_lowest_internal,,1,87,42.65,42.6,43.52,46.8,78.8,42.45,42.6,43.62,47.0,78.8,1,,50.0,0.0,0,NONE
2026-09-18T15:31:48.126+00:00,152.552,routine,Adaptive thermal response carryover,duty,1775,107.2,42.6,inkbird_lowest_internal,,1,87,42.67,42.6,43.61,46.93,80.6,42.47,42.6,43.71,47.13,80.6,1,,50.0,0.0,0,NONE
2026-09-18T15:31:49.126+00:00,153.552,routine,Adaptive thermal response carryover,duty,1775,110.3,42.6,inkbird_lowest_internal,,1,87,42.67,42.6,43.61,46.93,80.6,42.47,42.6,43.71,47.13,80.6,1,,50.0,0.0,0,NONE
2026-09-18T15:31:50.126+00:00,154.552,routine,Adaptive thermal response carryover,duty,1775,111.2,42.7,inkbird_lowest_internal,,1,87,42.75,42.7,43.63,47.07,82.4,42.55,42.7,43.73,47.27,82.4,1,,50.0,0.0,0,NONE
2026-09-18T15:31:51.125+00:00,155.551,routine,Adaptive thermal response carryover,duty,1775,112.1,42.7,inkbird_lowest_internal,,1,87,42.75,42.7,43.63,47.07,82.4,42.55,42.7,43.73,47.27,82.4,1,,50.0,0.0,0,NONE
2026-09-18T15:31:51.626+00:00,156.052,routine,Adaptive thermal response carryover,duty,1775,113.4,42.7,inkbird_lowest_internal,,1,87,42.75,42.7,43.63,47.07,82.4,42.55,42.7,43.73,47.27,82.4,1,,50.0,0.0,0,NONE
2026-09-18T15:31:52.626+00:00,157.052,routine,Adaptive thermal response carryover,duty,1775,114.8,42.7,inkbird_lowest_internal,,1,87,42.78,42.7,43.72,47.2,82.4,42.58,42.7,43.82,47.4,82.4,1,,50.0,0.0,0,NONE
2026-09-18T15:31:53.626+00:00,158.052,routine,Adaptive thermal response carryover,duty,1775,117.1,42.7,inkbird_lowest_internal,,1,87,42.78,42.7,43.72,47.2,82.4,42.58,42.7,43.82,47.4,82.4,1,,50.0,0.0,0,NONE
2026-09-18T15:31:54.625+00:00,159.051,routine,Adaptive thermal response carryover,duty,1775,117.1,42.7,inkbird_lowest_internal,,1,87,42.85,42.7,43.75,47.34,84.2,42.65,42.7,43.85,47.54,84.2,1,,50.0,0.0,0,NONE
2026-09-18T15:31:55.126+00:00,159.552,routine,Adaptive thermal response carryover,duty,1775,118.8,42.7,inkbird_lowest_internal,,1,87,42.85,42.7,43.75,47.34,84.2,42.65,42.7,43.85,47.54,84.2,1,,50.0,0.0,0,NONE
2026-09-18T15:31:56.125+00:00,160.552,routine,Adaptive thermal response carryover,duty,1775,120.7,42.82,inkbird_lowest_internal,,1,87,42.87,42.82,43.84,47.5,86.0,42.67,42.82,43.94,47.7,86.0,1,,50.0,0.0,0,NONE
2026-09-18T15:31:57.125+00:00,161.551,routine,Adaptive thermal response carryover,duty,1775,122.0,42.82,inkbird_lowest_internal,,1,87,42.87,42.82,43.84,47.5,86.0,42.67,42.82,43.94,47.7,86.0,1,,50.0,0.0,0,NONE
2026-09-18T15:31:58.125+00:00,162.551,routine,Adaptive thermal response carryover,duty,1775,123.8,42.82,inkbird_lowest_internal,,1,87,42.89,42.82,43.88,47.67,87.8,42.69,42.82,43.98,47.87,87.8,1,,50.0,0.0,0,NONE
2026-09-18T15:31:59.125+00:00,163.551,routine,Adaptive thermal response carryover,duty,1775,124.2,42.82,inkbird_lowest_internal,,1,87,42.89,42.82,43.88,47.67,87.8,42.69,42.82,43.98,47.87,87.8,1,,50.0,0.0,0,NONE
2026-09-18T15:31:59.625+00:00,164.051,routine,Adaptive thermal response carryover,duty,1775,126.1,42.82,inkbird_lowest_internal,,1,87,42.89,42.82,43.88,47.67,87.8,42.69,42.82,43.98,47.87,87.8,1,,50.0,0.0,0,NONE
2026-09-18T15:32:00.625+00:00,165.051,routine,Adaptive thermal response carryover,duty,1775,127.8,42.92,inkbird_lowest_internal,,1,87,42.97,42.92,43.97,47.84,87.8,42.77,42.92,44.07,48.04,87.8,1,,50.0,0.0,0,NONE
2026-09-18T15:32:01.625+00:00,166.051,routine,Adaptive thermal response carryover,duty,1775,129.6,42.92,inkbird_lowest_internal,,1,87,42.97,42.92,43.97,47.84,87.8,42.77,42.92,44.07,48.04,87.8,1,,50.0,0.0,0,NONE
2026-09-18T15:32:02.625+00:00,167.051,routine,Adaptive thermal response carryover,duty,1775,130.6,42.92,inkbird_lowest_internal,,1,87,42.98,42.92,44.02,48.03,89.6,42.78,42.92,44.12,48.23,89.6,1,,50.0,0.0,0,NONE
2026-09-18T15:32:03.625+00:00,168.051,routine,Adaptive thermal response carryover,duty,1775,132.4,42.92,inkbird_lowest_internal,,1,87,42.98,42.92,44.02,48.03,89.6,42.78,42.92,44.12,48.23,89.6,1,,50.0,0.0,0,NONE
2026-09-18T15:32:04.625+00:00,169.051,routine,Adaptive thermal response carryover,duty,1775,133.3,42.92,inkbird_lowest_internal,,1,87,43.01,42.92,44.13,48.22,91.4,42.81,42.92,44.23,48.42,91.4,1,,50.0,0.0,0,NONE
2026-09-18T15:32:05.625+00:00,170.051,routine,Adaptive thermal response carryover,duty,1775,135.1,42.92,inkbird_lowest_internal,,1,87,43.01,42.92,44.13,48.22,91.4,42.81,42.92,44.23,48.42,91.4,1,,50.0,0.0,0,NONE
2026-09-18T15:32:06.625+00:00,171.051,routine,Adaptive thermal response carryover,duty,1775,135.9,43.06,inkbird_lowest_internal,,1,87,43.09,43.06,44.22,48.44,93.2,42.89,43.06,44.32,48.64,93.2,1,,50.0,0.0,0,NONE
2026-09-18T15:32:07.125+00:00,171.551,routine,Adaptive thermal response carryover,duty,1775,135.9,43.06,inkbird_lowest_internal,,1,87,43.09,43.06,44.22,48.44,93.2,42.89,43.06,44.32,48.64,93.2,1,,50.0,0.0,0,NONE
2026-09-18T15:32:08.125+00:00,172.551,routine,Adaptive thermal response carryover,duty,1775,138.2,43.06,inkbird_lowest_internal,,1,87,43.1,43.06,44.27,48.66,95.0,42.9,43.06,44.37,48.86,95.0,1,,50.0,0.0,0,NONE
2026-09-18T15:32:09.125+00:00,173.551,routine,Adaptive thermal response carryover,duty,1775,140.0,43.06,inkbird_lowest_internal,,1,87,43.1,43.06,44.27,48.66,95.0,42.9,43.06,44.37,48.86,95.0,1,,50.0,0.0,0,NONE
2026-09-18T15:32:10.125+00:00,174.551,routine,Adaptive thermal response carryover,duty,1775,142.3,43.14,inkbird_lowest_internal,,1,87,43.14,43.18,44.4,48.89,96.8,42.94,43.18,44.5,49.09,96.8,1,,50.0,0.0,0,NONE
2026-09-18T15:32:11.125+00:00,175.551,routine,Adaptive thermal response carryover,duty,1775,143.6,43.14,inkbird_lowest_internal,,1,87,43.14,43.18,44.4,48.89,96.8,42.94,43.18,44.5,49.09,96.8,1,,50.0,0.0,0,NONE
2026-09-18T15:32:12.125+00:00,176.551,routine,Adaptive thermal response carryover,duty,1775,144.5,43.18,inkbird_lowest_internal,,1,87,43.22,43.18,44.5,49.12,96.8,43.02,43.18,44.6,49.32,96.8,1,,50.0,0.0,0,NONE
2026-09-18T15:32:13.125+00:00,177.551,routine,Adaptive thermal response carryover,duty,1775,144.9,43.18,inkbird_lowest_internal,,1,87,43.22,43.18,44.5,49.12,96.8,43.02,43.18,44.6,49.32,96.8,1,,50.0,0.0,0,NONE
2026-09-18T15:32:13.625+00:00,178.051,routine,Adaptive thermal response carryover,duty,1775,147.6,43.18,inkbird_lowest_internal,,1,87,43.22,43.18,44.5,49.12,96.8,43.02,43.18,44.6,49.32,96.8,1,,50.0,0.0,0,NONE
2026-09-18T15:32:14.625+00:00,179.051,routine,Adaptive thermal response carryover,duty,1775,148.1,43.24,inkbird_lowest_internal,,1,87,43.24,43.31,44.56,49.36,98.6,43.04,43.31,44.66,49.56,98.6,1,,50.0,0.0,0,NONE
2026-09-18T15:32:15.125+00:00,179.551,routine,Adaptive thermal response carryover,duty,1775,149.0,43.24,inkbird_lowest_internal,,1,87,43.24,43.31,44.56,49.36,98.6,43.04,43.31,44.66,49.56,98.6,1,,50.0,0.0,0,NONE
2026-09-18T15:32:16.125+00:00,180.551,routine,Adaptive thermal response carryover,duty,1775,150.4,43.26,inkbird_lowest_internal,,1,87,43.26,43.31,44.7,49.61,100.4,43.06,43.31,44.8,49.81,100.4,1,,50.0,0.0,0,NONE
2026-09-18T15:32:17.125+00:00,181.551,routine,Adaptive thermal response carryover,duty,1775,152.1,43.26,inkbird_lowest_internal,,1,87,43.26,43.31,44.7,49.61,100.4,43.06,43.31,44.8,49.81,100.4,1,,50.0,0.0,0,NONE
2026-09-18T15:32:17.625+00:00,182.051,routine,Adaptive thermal response carryover,duty,1775,152.1,43.26,inkbird_lowest_internal,,1,87,43.26,43.31,44.7,49.61,100.4,43.06,43.31,44.8,49.81,100.4,1,,50.0,0.0,0,NONE
2026-09-18T15:32:18.625+00:00,183.051,routine,Adaptive thermal response carryover,duty,1775,153.1,43.35,inkbird_lowest_internal,,1,87,43.35,43.45,44.82,49.88,102.2,43.15,43.45,44.92,50.08,102.2,1,,50.0,0.0,0,NONE
2026-09-18T15:32:19.125+00:00,183.551,routine,Adaptive thermal response carryover,duty,1775,154.4,43.35,inkbird_lowest_internal,,1,87,43.35,43.45,44.82,49.88,102.2,43.15,43.45,44.92,50.08,102.2,1,,50.0,0.0,0,NONE
2026-09-18T15:32:20.125+00:00,184.551,routine,Adaptive thermal response carryover,duty,1775,155.8,43.38,inkbird_lowest_internal,,1,87,43.38,43.45,44.94,50.14,104.0,43.18,43.45,45.04,50.34,104.0,1,,50.0,0.0,0,NONE
2026-09-18T15:32:21.125+00:00,185.551,routine,Adaptive thermal response carryover,duty,1775,157.1,43.38,inkbird_lowest_internal,,1,87,43.38,43.45,44.94,50.14,104.0,43.18,43.45,45.04,50.34,104.0,1,,50.0,0.0,0,NONE
2026-09-18T15:32:22.125+00:00,186.551,routine,Adaptive thermal response carryover,duty,1775,159.4,43.46,inkbird_lowest_internal,,1,87,43.46,43.58,45.06,50.41,105.8,43.26,43.58,45.16,50.61,105.8,1,,50.0,0.0,0,NONE
2026-09-18T15:32:23.125+00:00,187.551,routine,Adaptive thermal response carryover,duty,1775,159.4,43.46,inkbird_lowest_internal,,1,87,43.46,43.58,45.06,50.41,105.8,43.26,43.58,45.16,50.61,105.8,1,,50.0,0.0,0,NONE
2026-09-18T15:32:24.125+00:00,188.551,routine,Adaptive thermal response carryover,duty,1775,162.1,43.49,inkbird_lowest_internal,,1,87,43.49,43.68,45.18,50.68,107.6,43.29,43.68,45.28,50.88,107.6,1,,50.0,0.0,0,NONE
2026-09-18T15:32:25.125+00:00,189.551,routine,Adaptive thermal response carryover,duty,1775,163.4,43.49,inkbird_lowest_internal,,1,87,43.49,43.68,45.18,50.68,107.6,43.29,43.68,45.28,50.88,107.6,1,,50.0,0.0,0,NONE
2026-09-18T15:32:26.125+00:00,190.551,routine,Adaptive thermal response carryover,duty,1775,164.3,43.57,inkbird_lowest_internal,,1,87,43.57,43.68,45.29,50.97,109.4,43.37,43.68,45.39,51.17,109.4,1,,50.0,0.0,0,NONE
2026-09-18T15:32:27.124+00:00,191.550,routine,Adaptive thermal response carryover,duty,1775,165.6,43.57,inkbird_lowest_internal,,1,87,43.57,43.68,45.29,50.97,109.4,43.37,43.68,45.39,51.17,109.4,1,,50.0,0.0,0,NONE
2026-09-18T15:32:28.124+00:00,192.550,routine,Adaptive thermal response carryover,duty,1775,166.1,43.6,inkbird_lowest_internal,,1,87,43.6,43.81,45.42,51.27,111.2,43.4,43.81,45.52,51.47,111.2,1,,50.0,0.0,0,NONE
2026-09-18T15:32:29.125+00:00,193.551,routine,Adaptive thermal response carryover,duty,1775,168.4,43.6,inkbird_lowest_internal,,1,87,43.6,43.81,45.42,51.27,111.2,43.4,43.81,45.52,51.47,111.2,1,,50.0,0.0,0,NONE
2026-09-18T15:32:30.125+00:00,194.551,routine,Adaptive thermal response carryover,duty,1775,169.3,43.67,inkbird_lowest_internal,,1,87,43.67,43.92,45.56,51.55,113.0,43.47,43.92,45.66,51.75,113.0,1,,50.0,0.0,0,NONE
2026-09-18T15:32:31.124+00:00,195.551,routine,Adaptive thermal response carryover,duty,1775,171.1,43.67,inkbird_lowest_internal,,1,87,43.67,43.92,45.56,51.55,113.0,43.47,43.92,45.66,51.75,113.0,1,,50.0,0.0,0,NONE
2026-09-18T15:32:32.125+00:00,196.551,routine,Adaptive thermal response carryover,duty,1775,172.9,43.7,inkbird_lowest_internal,,1,87,43.7,43.92,45.69,51.85,114.8,43.5,43.92,45.79,52.05,114.8,1,,50.0,0.0,0,NONE
2026-09-18T15:32:33.124+00:00,197.551,routine,Adaptive thermal response carryover,duty,1775,172.4,43.7,inkbird_lowest_internal,,1,87,43.7,43.92,45.69,51.85,114.8,43.5,43.92,45.79,52.05,114.8,1,,50.0,0.0,0,NONE
2026-09-18T15:32:34.124+00:00,198.550,routine,Adaptive thermal response carryover,duty,1775,175.1,43.78,inkbird_lowest_internal,,1,87,43.78,44.05,45.83,52.15,116.6,43.58,44.05,45.93,52.35,116.6,1,,50.0,0.0,0,NONE
2026-09-18T15:32:35.124+00:00,199.550,routine,Adaptive thermal response carryover,duty,1775,176.4,43.78,inkbird_lowest_internal,,1,87,43.78,44.05,45.83,52.15,116.6,43.58,44.05,45.93,52.35,116.6,1,,50.0,0.0,0,NONE
2026-09-18T15:32:36.124+00:00,200.550,routine,Adaptive thermal response carryover,duty,1775,176.9,43.81,inkbird_lowest_internal,,1,87,43.81,44.18,45.96,52.45,118.4,43.61,44.18,46.06,52.65,118.4,1,,50.0,0.0,0,NONE
2026-09-18T15:32:37.124+00:00,201.550,routine,Adaptive thermal response carryover,duty,1775,177.8,43.81,inkbird_lowest_internal,,1,87,43.81,44.18,45.96,52.45,118.4,43.61,44.18,46.06,52.65,118.4,1,,50.0,0.0,0,NONE
2026-09-18T15:32:38.124+00:00,202.550,routine,Adaptive thermal response carryover,duty,1775,179.1,43.9,inkbird_lowest_internal,,1,87,43.9,44.18,46.1,52.76,120.2,43.7,44.18,46.2,52.96,120.2,1,,50.0,0.0,0,NONE
2026-09-18T15:32:38.624+00:00,203.050,routine,Adaptive thermal response carryover,duty,1775,179.1,43.9,inkbird_lowest_internal,,1,87,43.9,44.18,46.1,52.76,120.2,43.7,44.18,46.2,52.96,120.2,1,,50.0,0.0,0,NONE
2026-09-18T15:32:39.624+00:00,204.050,routine,Adaptive thermal response carryover,duty,1775,180.9,43.9,inkbird_lowest_internal,,1,87,43.9,44.18,46.1,52.76,120.2,43.7,44.18,46.2,52.96,120.2,1,,50.0,0.0,0,NONE
2026-09-18T15:32:40.624+00:00,205.050,routine,Adaptive thermal response carryover,duty,1775,182.8,43.93,inkbird_lowest_internal,,1,87,43.93,44.32,46.24,53.07,122.0,43.73,44.32,46.34,53.27,122.0,1,,50.0,0.0,0,NONE
2026-09-18T15:32:41.624+00:00,206.050,routine,Adaptive thermal response carryover,duty,1775,184.6,43.93,inkbird_lowest_internal,,1,87,43.93,44.32,46.24,53.07,122.0,43.73,44.32,46.34,53.27,122.0,1,,50.0,0.0,0,NONE
2026-09-18T15:32:42.624+00:00,207.050,routine,Adaptive thermal response carryover,duty,1775,185.0,44.03,inkbird_lowest_internal,,1,87,44.03,44.44,46.39,53.39,123.8,43.83,44.44,46.49,53.59,123.8,1,,50.0,0.0,0,NONE
2026-09-18T15:32:43.124+00:00,207.550,routine,Adaptive thermal response carryover,duty,1775,185.9,44.03,inkbird_lowest_internal,,1,87,44.03,44.44,46.39,53.39,123.8,43.83,44.44,46.49,53.59,123.8,1,,50.0,0.0,0,NONE
2026-09-18T15:32:44.124+00:00,208.550,routine,Adaptive thermal response carryover,duty,1775,186.4,44.05,inkbird_lowest_internal,,1,87,44.05,44.54,46.54,53.71,125.6,43.85,44.54,46.64,53.91,125.6,1,,50.0,0.0,0,NONE
2026-09-18T15:32:45.124+00:00,209.550,routine,Adaptive thermal response carryover,duty,1775,188.1,44.05,inkbird_lowest_internal,,1,87,44.05,44.54,46.54,53.71,125.6,43.85,44.54,46.64,53.91,125.6,1,,50.0,0.0,0,NONE
2026-09-18T15:32:46.124+00:00,210.550,routine,Adaptive thermal response carryover,duty,1775,189.1,44.15,inkbird_lowest_internal,,1,87,44.15,44.54,46.69,54.04,127.4,43.95,44.54,46.79,54.24,127.4,1,,50.0,0.0,0,NONE
2026-09-18T15:32:47.124+00:00,211.550,routine,Adaptive thermal response carryover,duty,1775,189.1,44.15,inkbird_lowest_internal,,1,87,44.15,44.54,46.69,54.04,127.4,43.95,44.54,46.79,54.24,127.4,1,,50.0,0.0,0,NONE
2026-09-18T15:32:48.124+00:00,212.550,routine,Adaptive thermal response carryover,duty,1775,192.2,44.18,inkbird_lowest_internal,,1,87,44.18,44.7,46.84,54.36,129.2,43.98,44.7,46.94,54.56,129.2,1,,50.0,0.0,0,NONE
2026-09-18T15:32:49.124+00:00,213.550,routine,Adaptive thermal response carryover,duty,1775,191.8,44.18,inkbird_lowest_internal,,1,87,44.18,44.7,46.84,54.36,129.2,43.98,44.7,46.94,54.56,129.2,1,,50.0,0.0,0,NONE
2026-09-18T15:32:50.124+00:00,214.550,routine,Adaptive thermal response carryover,duty,1775,193.6,44.29,inkbird_lowest_internal,,1,87,44.29,44.83,46.99,54.69,131.0,44.09,44.83,47.09,54.89,131.0,1,,50.0,0.0,0,NONE
2026-09-18T15:32:51.124+00:00,215.550,routine,Adaptive thermal response carryover,duty,1775,194.9,44.29,inkbird_lowest_internal,,1,87,44.29,44.83,46.99,54.69,131.0,44.09,44.83,47.09,54.89,131.0,1,,50.0,0.0,0,NONE
2026-09-18T15:32:52.124+00:00,216.550,routine,Adaptive thermal response carryover,duty,1775,196.3,44.38,inkbird_lowest_internal,,1,87,44.38,44.94,47.15,55.01,132.8,44.18,44.94,47.25,55.21,132.8,1,,50.0,0.0,0,NONE
2026-09-18T15:32:53.124+00:00,217.550,routine,Adaptive thermal response carryover,duty,1775,196.3,44.38,inkbird_lowest_internal,,1,87,44.38,44.94,47.15,55.01,132.8,44.18,44.94,47.25,55.21,132.8,1,,50.0,0.0,0,NONE
2026-09-18T15:32:54.124+00:00,218.550,routine,Adaptive thermal response carryover,duty,1775,197.6,44.41,inkbird_lowest_internal,,1,87,44.41,45.04,47.3,55.34,134.6,44.21,45.04,47.4,55.54,134.6,1,,50.0,0.0,0,NONE
2026-09-18T15:32:55.124+00:00,219.550,routine,Adaptive thermal response carryover,duty,1775,198.5,44.41,inkbird_lowest_internal,,1,87,44.41,45.04,47.3,55.34,134.6,44.21,45.04,47.4,55.54,134.6,1,,50.0,0.0,0,NONE
2026-09-18T15:32:56.124+00:00,220.550,routine,Adaptive thermal response carryover,duty,1775,200.3,44.51,inkbird_lowest_internal,,1,87,44.51,45.16,47.46,55.67,136.4,44.31,45.16,47.56,55.87,136.4,1,,50.0,0.0,0,NONE
2026-09-18T15:32:57.124+00:00,221.550,routine,Adaptive thermal response carryover,duty,1775,202.1,44.51,inkbird_lowest_internal,,1,87,44.51,45.16,47.46,55.67,136.4,44.31,45.16,47.56,55.87,136.4,1,,50.0,0.0,0,NONE
2026-09-18T15:32:58.124+00:00,222.550,routine,Adaptive thermal response carryover,duty,1775,203.0,44.6,inkbird_lowest_internal,,1,87,44.6,45.26,47.62,56.02,138.2,44.4,45.26,47.72,56.22,138.2,1,,50.0,0.0,0,NONE
2026-09-18T15:32:59.124+00:00,223.550,routine,Adaptive thermal response carryover,duty,1775,203.0,44.6,inkbird_lowest_internal,,1,87,44.6,45.26,47.62,56.02,138.2,44.4,45.26,47.72,56.22,138.2,1,,50.0,0.0,0,NONE
2026-09-18T15:33:00.123+00:00,224.550,routine,Adaptive thermal response carryover,duty,1775,203.9,44.65,inkbird_lowest_internal,,1,87,44.65,45.37,47.77,56.36,140.0,44.45,45.37,47.87,56.56,140.0,1,,50.0,0.0,0,NONE
2026-09-18T15:33:01.124+00:00,225.550,routine,Adaptive thermal response carryover,duty,1775,205.7,44.65,inkbird_lowest_internal,,1,87,44.65,45.37,47.77,56.36,140.0,44.45,45.37,47.87,56.56,140.0,1,,50.0,0.0,0,NONE
2026-09-18T15:33:02.124+00:00,226.550,routine,Adaptive thermal response carryover,duty,1775,207.5,44.76,inkbird_lowest_internal,,1,87,44.76,45.48,47.94,56.69,141.8,44.56,45.48,48.04,56.89,141.8,1,,50.0,0.0,0,NONE
2026-09-18T15:33:02.624+00:00,227.050,routine,Adaptive thermal response carryover,duty,1775,207.5,44.76,inkbird_lowest_internal,,1,87,44.76,45.48,47.94,56.69,141.8,44.56,45.48,48.04,56.89,141.8,1,,50.0,0.0,0,NONE
2026-09-18T15:33:03.624+00:00,228.050,routine,Adaptive thermal response carryover,duty,1775,208.9,44.76,inkbird_lowest_internal,,1,87,44.76,45.48,47.94,56.69,141.8,44.56,45.48,48.04,56.89,141.8,1,,50.0,0.0,0,NONE
2026-09-18T15:33:04.624+00:00,229.050,routine,Adaptive thermal response carryover,duty,1775,208.9,44.85,inkbird_lowest_internal,,1,87,44.85,45.59,48.11,57.03,143.6,44.65,45.59,48.21,57.23,143.6,1,,50.0,0.0,0,NONE
2026-09-18T15:33:05.624+00:00,230.050,routine,Adaptive thermal response carryover,duty,1775,209.8,44.85,inkbird_lowest_internal,,1,87,44.85,45.59,48.11,57.03,143.6,44.65,45.59,48.21,57.23,143.6,1,,50.0,0.0,0,NONE
2026-09-18T15:33:06.623+00:00,231.050,routine,Adaptive thermal response carryover,duty,1775,211.1,44.89,inkbird_lowest_internal,,1,87,44.89,45.7,48.27,57.37,145.4,44.69,45.7,48.37,57.57,145.4,1,,50.0,0.0,0,NONE
2026-09-18T15:33:07.623+00:00,232.049,routine,Adaptive thermal response carryover,duty,1775,211.6,44.89,inkbird_lowest_internal,,1,87,44.89,45.7,48.27,57.37,145.4,44.69,45.7,48.37,57.57,145.4,1,,50.0,0.0,0,NONE
2026-09-18T15:33:08.623+00:00,233.050,routine,Adaptive thermal response carryover,duty,1775,212.9,45.0,inkbird_lowest_internal,,1,87,45.0,45.81,48.43,57.72,147.2,44.8,45.81,48.53,57.92,147.2,1,,50.0,0.0,0,NONE
2026-09-18T15:33:09.623+00:00,234.049,routine,Adaptive thermal response carryover,duty,1775,213.8,45.0,inkbird_lowest_internal,,1,87,45.0,45.81,48.43,57.72,147.2,44.8,45.81,48.53,57.92,147.2,1,,50.0,0.0,0,NONE
2026-09-18T15:33:10.623+00:00,235.049,routine,Adaptive thermal response carryover,duty,1775,214.7,45.1,inkbird_lowest_internal,,1,87,45.1,45.93,48.6,58.07,149.0,44.9,45.93,48.7,58.27,149.0,1,,50.0,0.0,0,NONE
2026-09-18T15:33:11.123+00:00,235.549,routine,Adaptive thermal response carryover,duty,1775,214.7,45.1,inkbird_lowest_internal,,1,87,45.1,45.93,48.6,58.07,149.0,44.9,45.93,48.7,58.27,149.0,1,,50.0,0.0,0,NONE
2026-09-18T15:33:12.123+00:00,236.549,routine,Adaptive thermal response carryover,duty,1775,216.5,45.2,inkbird_lowest_internal,,1,87,45.2,46.04,48.77,58.41,150.8,45.0,46.04,48.87,58.61,150.8,1,,50.0,0.0,0,NONE
2026-09-18T15:33:13.123+00:00,237.549,routine,Adaptive thermal response carryover,duty,1775,216.9,45.2,inkbird_lowest_internal,,1,87,45.2,46.04,48.77,58.41,150.8,45.0,46.04,48.87,58.61,150.8,1,,50.0,0.0,0,NONE
2026-09-18T15:33:14.123+00:00,238.549,routine,Adaptive thermal response carryover,duty,1775,218.3,45.3,inkbird_lowest_internal,,1,87,45.3,46.16,48.94,58.75,152.6,45.1,46.16,49.04,58.95,152.6,1,,50.0,0.0,0,NONE
2026-09-18T15:33:15.124+00:00,239.550,routine,Adaptive thermal response carryover,duty,1775,219.6,45.3,inkbird_lowest_internal,,1,87,45.3,46.16,48.94,58.75,152.6,45.1,46.16,49.04,58.95,152.6,1,,50.0,0.0,0,NONE
2026-09-18T15:33:16.123+00:00,240.549,routine,Adaptive thermal response carryover,duty,1775,220.1,45.35,inkbird_lowest_internal,,1,87,45.35,46.27,49.11,59.1,154.4,45.15,46.27,49.21,59.3,154.4,1,,50.0,0.0,0,NONE
2026-09-18T15:33:17.123+00:00,241.549,routine,Adaptive thermal response carryover,duty,1775,220.6,45.35,inkbird_lowest_internal,,1,87,45.35,46.27,49.11,59.1,154.4,45.15,46.27,49.21,59.3,154.4,1,,50.0,0.0,0,NONE
2026-09-18T15:33:18.123+00:00,242.549,routine,Adaptive thermal response carryover,duty,1775,221.9,45.48,inkbird_lowest_internal,,1,87,45.48,46.4,49.29,59.44,154.4,45.28,46.4,49.39,59.64,154.4,1,,50.0,0.0,0,NONE
2026-09-18T15:33:19.123+00:00,243.549,routine,Adaptive thermal response carryover,duty,1775,223.7,45.48,inkbird_lowest_internal,,1,87,45.48,46.4,49.29,59.44,154.4,45.28,46.4,49.39,59.64,154.4,1,,50.0,0.0,0,NONE
2026-09-18T15:33:20.123+00:00,244.549,routine,Adaptive thermal response carryover,duty,1775,224.1,45.58,inkbird_lowest_internal,,1,87,45.58,46.52,49.45,59.78,156.2,45.38,46.52,49.55,59.98,156.2,1,,50.0,0.0,0,NONE
2026-09-18T15:33:21.123+00:00,245.549,routine,Adaptive thermal response carryover,duty,1775,224.1,45.58,inkbird_lowest_internal,,1,87,45.58,46.52,49.45,59.78,156.2,45.38,46.52,49.55,59.98,156.2,1,,50.0,0.0,0,NONE
2026-09-18T15:33:22.123+00:00,246.549,routine,Adaptive thermal response carryover,duty,1775,225.5,45.68,inkbird_lowest_internal,,1,87,45.68,46.64,49.63,60.13,158.0,45.48,46.64,49.73,60.33,158.0,1,,50.0,0.0,0,NONE
2026-09-18T15:33:23.123+00:00,247.549,routine,Adaptive thermal response carryover,duty,1775,226.4,45.68,inkbird_lowest_internal,,1,87,45.68,46.64,49.63,60.13,158.0,45.48,46.64,49.73,60.33,158.0,1,,50.0,0.0,0,NONE
2026-09-18T15:33:24.123+00:00,248.549,routine,Adaptive thermal response carryover,duty,1775,226.9,45.79,inkbird_lowest_internal,,1,87,45.79,46.76,49.81,60.47,159.8,45.59,46.76,49.91,60.67,159.8,1,,50.0,0.0,0,NONE
2026-09-18T15:33:25.123+00:00,249.549,routine,Adaptive thermal response carryover,duty,1775,227.8,45.79,inkbird_lowest_internal,,1,87,45.79,46.76,49.81,60.47,159.8,45.59,46.76,49.91,60.67,159.8,1,,50.0,0.0,0,NONE
2026-09-18T15:33:26.123+00:00,250.549,routine,Adaptive thermal response carryover,duty,1775,229.1,45.89,inkbird_lowest_internal,,1,87,45.89,46.88,49.99,60.81,161.6,45.69,46.88,50.09,61.01,161.6,1,,50.0,0.0,0,NONE
2026-09-18T15:33:27.123+00:00,251.549,routine,Adaptive thermal response carryover,duty,1775,230.0,45.89,inkbird_lowest_internal,,1,87,45.89,46.88,49.99,60.81,161.6,45.69,46.88,50.09,61.01,161.6,1,,50.0,0.0,0,NONE
2026-09-18T15:33:28.123+00:00,252.549,routine,Adaptive thermal response carryover,duty,1775,230.9,46.01,inkbird_lowest_internal,,1,87,46.01,47.0,50.17,61.16,163.4,45.81,47.0,50.27,61.36,163.4,1,,50.0,0.0,0,NONE
2026-09-18T15:33:29.123+00:00,253.549,routine,Adaptive thermal response carryover,duty,1775,230.9,46.01,inkbird_lowest_internal,,1,87,46.01,47.0,50.17,61.16,163.4,45.81,47.0,50.27,61.36,163.4,1,,50.0,0.0,0,NONE
2026-09-18T15:33:30.123+00:00,254.549,routine,Adaptive thermal response carryover,duty,1775,231.8,46.12,inkbird_lowest_internal,,1,87,46.12,47.13,50.33,61.5,165.2,45.92,47.13,50.43,61.7,165.2,1,,50.0,0.0,0,NONE
2026-09-18T15:33:31.123+00:00,255.549,routine,Adaptive thermal response carryover,duty,1775,233.6,46.12,inkbird_lowest_internal,,1,87,46.12,47.13,50.33,61.5,165.2,45.92,47.13,50.43,61.7,165.2,1,,50.0,0.0,0,NONE
2026-09-18T15:33:32.123+00:00,256.549,routine,Adaptive thermal response carryover,duty,1775,234.1,46.23,inkbird_lowest_internal,,1,87,46.23,47.26,50.51,61.85,167.0,46.03,47.26,50.61,62.05,167.0,1,,50.0,0.0,0,NONE
2026-09-18T15:33:33.123+00:00,257.549,routine,Adaptive thermal response carryover,duty,1775,234.5,46.23,inkbird_lowest_internal,,1,87,46.23,47.26,50.51,61.85,167.0,46.03,47.26,50.61,62.05,167.0,1,,50.0,0.0,0,NONE
2026-09-18T15:33:34.123+00:00,258.549,routine,Adaptive thermal response carryover,duty,1775,234.9,46.34,inkbird_lowest_internal,,1,87,46.34,47.38,50.7,62.19,168.8,46.14,47.38,50.8,62.39,168.8,1,,50.0,0.0,0,NONE
2026-09-18T15:33:35.123+00:00,259.549,routine,Adaptive thermal response carryover,duty,1775,234.9,46.34,inkbird_lowest_internal,,1,87,46.34,47.38,50.7,62.19,168.8,46.14,47.38,50.8,62.39,168.8,1,,50.0,0.0,0,NONE
2026-09-18T15:33:35.623+00:00,260.049,routine,Adaptive thermal response carryover,duty,1775,236.3,46.34,inkbird_lowest_internal,,1,87,46.34,47.38,50.7,62.19,168.8,46.14,47.38,50.8,62.39,168.8,1,,50.0,0.0,0,NONE
2026-09-18T15:33:36.622+00:00,261.048,routine,Adaptive thermal response carryover,duty,1775,236.8,46.45,inkbird_lowest_internal,,1,87,46.45,47.51,50.87,62.53,170.6,46.25,47.51,50.97,62.73,170.6,1,,50.0,0.0,0,NONE
2026-09-18T15:33:37.123+00:00,261.549,routine,Adaptive thermal response carryover,duty,1775,238.1,46.45,inkbird_lowest_internal,,1,87,46.45,47.51,50.87,62.53,170.6,46.25,47.51,50.97,62.73,170.6,1,,50.0,0.0,0,NONE
2026-09-18T15:33:38.123+00:00,262.549,routine,Adaptive thermal response carryover,duty,1775,238.6,46.57,inkbird_lowest_internal,,1,87,46.57,47.65,51.05,62.87,172.4,46.37,47.65,51.15,63.07,172.4,1,,50.0,0.0,0,NONE
2026-09-18T15:33:39.123+00:00,263.549,routine,Adaptive thermal response carryover,duty,1775,240.4,46.57,inkbird_lowest_internal,,1,87,46.57,47.65,51.05,62.87,172.4,46.37,47.65,51.15,63.07,172.4,1,,50.0,0.0,0,NONE
2026-09-18T15:33:40.123+00:00,264.549,routine,Adaptive thermal response carryover,duty,1775,240.8,46.68,inkbird_lowest_internal,,1,87,46.68,47.78,51.23,63.22,174.2,46.48,47.78,51.33,63.42,174.2,1,,50.0,0.0,0,NONE
2026-09-18T15:33:41.123+00:00,265.549,routine,Adaptive thermal response carryover,duty,1775,240.4,46.68,inkbird_lowest_internal,,1,87,46.68,47.78,51.23,63.22,174.2,46.48,47.78,51.33,63.42,174.2,1,,50.0,0.0,0,NONE
2026-09-18T15:33:42.122+00:00,266.549,routine,Adaptive thermal response carryover,duty,1775,241.7,46.81,inkbird_lowest_internal,,1,87,46.81,47.92,51.42,63.56,174.2,46.61,47.92,51.52,63.76,174.2,1,,50.0,0.0,0,NONE
2026-09-18T15:33:43.122+00:00,267.549,routine,Adaptive thermal response carryover,duty,1775,243.1,46.81,inkbird_lowest_internal,,1,87,46.81,47.92,51.42,63.56,174.2,46.61,47.92,51.52,63.76,174.2,1,,50.0,0.0,0,NONE
2026-09-18T15:33:44.122+00:00,268.548,routine,Adaptive thermal response carryover,duty,1775,243.5,46.94,inkbird_lowest_internal,,1,87,46.94,48.06,51.61,63.9,176.0,46.74,48.06,51.71,64.1,176.0,1,,50.0,0.0,0,NONE
2026-09-18T15:33:45.122+00:00,269.548,routine,Adaptive thermal response carryover,duty,1775,243.1,46.94,inkbird_lowest_internal,,1,87,46.94,48.06,51.61,63.9,176.0,46.74,48.06,51.71,64.1,176.0,1,,50.0,0.0,0,NONE
2026-09-18T15:33:45.622+00:00,270.048,routine,Adaptive thermal response carryover,duty,1775,244.9,46.94,inkbird_lowest_internal,,1,87,46.94,48.06,51.61,63.9,176.0,46.74,48.06,51.71,64.1,176.0,1,,50.0,0.0,0,NONE
2026-09-18T15:33:46.123+00:00,270.549,routine,Adaptive thermal response carryover,duty,1775,244.9,47.06,inkbird_lowest_internal,,1,87,47.06,48.19,51.78,64.24,177.8,46.86,48.19,51.88,64.44,177.8,1,,50.0,0.0,0,NONE
2026-09-18T15:33:47.122+00:00,271.548,routine,Adaptive thermal response carryover,duty,1775,245.3,47.06,inkbird_lowest_internal,,1,87,47.06,48.19,51.78,64.24,177.8,46.86,48.19,51.88,64.44,177.8,1,,50.0,0.0,0,NONE
2026-09-18T15:33:48.122+00:00,272.548,routine,Adaptive thermal response carryover,duty,1775,246.2,47.19,inkbird_lowest_internal,,1,87,47.19,48.32,51.95,64.58,179.6,46.99,48.32,52.05,64.78,179.6,1,,50.0,0.0,0,NONE
2026-09-18T15:33:48.622+00:00,273.048,routine,Adaptive thermal response carryover,duty,1775,247.1,47.19,inkbird_lowest_internal,,1,87,47.19,48.32,51.95,64.58,179.6,46.99,48.32,52.05,64.78,179.6,1,,50.0,0.0,0,NONE
2026-09-18T15:33:49.622+00:00,274.048,routine,Adaptive thermal response carryover,duty,1775,248.0,47.19,inkbird_lowest_internal,,1,87,47.19,48.32,51.95,64.58,179.6,46.99,48.32,52.05,64.78,179.6,1,,50.0,0.0,0,NONE
2026-09-18T15:33:50.122+00:00,274.548,routine,Adaptive thermal response carryover,duty,1775,248.0,47.32,inkbird_lowest_internal,,1,87,47.32,48.46,52.15,64.92,181.4,47.12,48.46,52.25,65.12,181.4,1,,50.0,0.0,0,NONE
2026-09-18T15:33:51.122+00:00,275.548,routine,Adaptive thermal response carryover,duty,1775,248.9,47.32,inkbird_lowest_internal,,1,87,47.32,48.46,52.15,64.92,181.4,47.12,48.46,52.25,65.12,181.4,1,,50.0,0.0,0,NONE
2026-09-18T15:33:52.122+00:00,276.548,routine,Adaptive thermal response carryover,duty,1775,249.8,47.45,inkbird_lowest_internal,,1,87,47.45,48.59,52.33,65.26,183.2,47.25,48.59,52.43,65.46,183.2,1,,50.0,0.0,0,NONE
2026-09-18T15:33:53.122+00:00,277.548,routine,Adaptive thermal response carryover,duty,1775,249.8,47.45,inkbird_lowest_internal,,1,87,47.45,48.59,52.33,65.26,183.2,47.25,48.59,52.43,65.46,183.2,1,,50.0,0.0,0,NONE
2026-09-18T15:33:54.122+00:00,278.548,routine,Adaptive thermal response carryover,duty,1775,251.1,47.58,inkbird_lowest_internal,,1,87,47.58,48.74,52.53,65.61,185.0,47.38,48.74,52.63,65.81,185.0,1,,50.0,0.0,0,NONE
2026-09-18T15:33:55.122+00:00,279.548,routine,Adaptive thermal response carryover,duty,1775,250.7,47.58,inkbird_lowest_internal,,1,87,47.58,48.74,52.53,65.61,185.0,47.38,48.74,52.63,65.81,185.0,1,,50.0,0.0,0,NONE
2026-09-18T15:33:56.122+00:00,280.548,routine,Adaptive thermal response carryover,duty,1775,252.1,47.71,inkbird_lowest_internal,,1,87,47.71,48.89,52.71,65.95,185.0,47.51,48.89,52.81,66.15,185.0,1,,50.0,0.0,0,NONE
2026-09-18T15:33:57.122+00:00,281.548,routine,Adaptive thermal response carryover,duty,1775,252.5,47.71,inkbird_lowest_internal,,1,87,47.71,48.89,52.71,65.95,185.0,47.51,48.89,52.81,66.15,185.0,1,,50.0,0.0,0,NONE
2026-09-18T15:33:57.622+00:00,282.048,routine,Adaptive thermal response carryover,duty,1775,253.4,47.71,inkbird_lowest_internal,,1,87,47.71,48.89,52.71,65.95,185.0,47.51,48.89,52.81,66.15,185.0,1,,50.0,0.0,0,NONE
2026-09-18T15:33:58.622+00:00,283.048,routine,Adaptive thermal response carryover,duty,1775,253.9,47.85,inkbird_lowest_internal,,1,87,47.85,49.03,52.9,66.28,186.8,47.65,49.03,53.0,66.48,186.8,1,,50.0,0.0,0,NONE
2026-09-18T15:33:59.622+00:00,284.048,routine,Adaptive thermal response carryover,duty,1775,254.8,47.85,inkbird_lowest_internal,,1,87,47.85,49.03,52.9,66.28,186.8,47.65,49.03,53.0,66.48,186.8,1,,50.0,0.0,0,NONE
2026-09-18T15:34:00.622+00:00,285.048,routine,Adaptive thermal response carryover,duty,1775,255.6,47.99,inkbird_lowest_internal,,1,87,47.99,49.17,53.08,66.61,188.6,47.79,49.17,53.18,66.81,188.6,1,,50.0,0.0,0,NONE
2026-09-18T15:34:01.122+00:00,285.548,routine,Adaptive thermal response carryover,duty,1775,255.6,47.99,inkbird_lowest_internal,,1,87,47.99,49.17,53.08,66.61,188.6,47.79,49.17,53.18,66.81,188.6,1,,50.0,0.0,0,NONE
2026-09-18T15:34:01.622+00:00,286.048,routine,Adaptive thermal response carryover,duty,1775,255.6,47.99,inkbird_lowest_internal,,1,87,47.99,49.17,53.08,66.61,188.6,47.79,49.17,53.18,66.81,188.6,1,,50.0,0.0,0,NONE
2026-09-18T15:34:02.622+00:00,287.048,routine,Adaptive thermal response carryover,duty,1775,256.1,48.12,inkbird_lowest_internal,,1,87,48.12,49.31,53.27,66.95,190.4,47.92,49.31,53.37,67.15,190.4,1,,50.0,0.0,0,NONE
2026-09-18T15:34:03.622+00:00,288.048,routine,Adaptive thermal response carryover,duty,1775,257.0,48.12,inkbird_lowest_internal,,1,87,48.12,49.31,53.27,66.95,190.4,47.92,49.31,53.37,67.15,190.4,1,,50.0,0.0,0,NONE
2026-09-18T15:34:04.622+00:00,289.048,routine,Adaptive thermal response carryover,duty,1775,257.9,48.27,inkbird_lowest_internal,,1,87,48.27,49.45,53.45,67.28,192.2,48.07,49.45,53.55,67.48,192.2,1,,50.0,0.0,0,NONE
2026-09-18T15:34:05.622+00:00,290.048,routine,Adaptive thermal response carryover,duty,1775,258.8,48.27,inkbird_lowest_internal,,1,87,48.27,49.45,53.45,67.28,192.2,48.07,49.45,53.55,67.48,192.2,1,,50.0,0.0,0,NONE
2026-09-18T15:34:06.622+00:00,291.048,routine,Adaptive thermal response carryover,duty,1775,258.8,48.42,inkbird_lowest_internal,,1,87,48.42,49.6,53.64,67.63,192.2,48.22,49.6,53.74,67.83,192.2,1,,50.0,0.0,0,NONE
2026-09-18T15:34:07.622+00:00,292.048,routine,Adaptive thermal response carryover,duty,1775,260.1,48.42,inkbird_lowest_internal,,1,87,48.42,49.6,53.64,67.63,192.2,48.22,49.6,53.74,67.83,192.2,1,,50.0,0.0,0,NONE
2026-09-18T15:34:08.622+00:00,293.048,routine,Adaptive thermal response carryover,duty,1775,261.0,48.56,inkbird_lowest_internal,,1,87,48.56,49.75,53.83,67.96,194.0,48.36,49.75,53.93,68.16,194.0,1,,50.0,0.0,0,NONE
2026-09-18T15:34:09.622+00:00,294.048,routine,Adaptive thermal response carryover,duty,1775,261.5,48.56,inkbird_lowest_internal,,1,87,48.56,49.75,53.83,67.96,194.0,48.36,49.75,53.93,68.16,194.0,1,,50.0,0.0,0,NONE
2026-09-18T15:34:10.622+00:00,295.048,routine,Adaptive thermal response carryover,duty,1775,261.0,48.71,inkbird_lowest_internal,,1,87,48.71,49.9,54.01,68.31,195.8,48.51,49.9,54.11,68.51,195.8,1,,50.0,0.0,0,NONE
2026-09-18T15:34:11.622+00:00,296.048,routine,Adaptive thermal response carryover,duty,1775,262.9,48.71,inkbird_lowest_internal,,1,87,48.71,49.9,54.01,68.31,195.8,48.51,49.9,54.11,68.51,195.8,1,,50.0,0.0,0,NONE
2026-09-18T15:34:12.122+00:00,296.548,routine,Adaptive thermal response carryover,duty,1775,262.4,48.87,inkbird_lowest_internal,,1,87,48.87,50.05,54.22,68.63,197.6,48.67,50.05,54.32,68.83,197.6,1,,50.0,0.0,0,NONE
2026-09-18T15:34:13.122+00:00,297.548,routine,Adaptive thermal response carryover,duty,1775,262.9,48.87,inkbird_lowest_internal,,1,87,48.87,50.05,54.22,68.63,197.6,48.67,50.05,54.32,68.83,197.6,1,,50.0,0.0,0,NONE
2026-09-18T15:34:14.122+00:00,298.548,routine,Adaptive thermal response carryover,duty,1775,264.6,49.01,inkbird_lowest_internal,,1,87,49.01,50.2,54.4,68.98,199.4,48.81,50.2,54.5,69.18,199.4,1,,50.0,0.0,0,NONE
2026-09-18T15:34:15.121+00:00,299.547,routine,Adaptive thermal response carryover,duty,1775,264.2,49.01,inkbird_lowest_internal,,1,87,49.01,50.2,54.4,68.98,199.4,48.81,50.2,54.5,69.18,199.4,1,,50.0,0.0,0,NONE
2026-09-18T15:34:15.622+00:00,300.048,routine,Adaptive thermal response carryover,duty,1775,265.5,49.01,inkbird_lowest_internal,,1,87,49.01,50.2,54.4,68.98,199.4,48.81,50.2,54.5,69.18,199.4,1,,50.0,0.0,0,NONE
2026-09-18T15:34:16.356+00:00,300.782,routine,Adaptive thermal response carryover,duty,1775,265.1,49.16,inkbird_lowest_internal,,1,87,49.16,50.35,54.61,69.3,201.2,48.96,50.35,54.71,69.5,201.2,1,,50.0,0.0,0,NONE
2026-09-18T15:34:17.121+00:00,301.548,routine,Adaptive thermal response carryover,duty,1775,266.5,49.16,inkbird_lowest_internal,,1,87,49.16,50.35,54.61,69.3,201.2,48.96,50.35,54.71,69.5,201.2,1,,75.0,0.0,0,NONE
2026-09-18T15:34:18.121+00:00,302.547,routine,Adaptive thermal response carryover,duty,1775,266.5,49.32,inkbird_lowest_internal,,1,87,49.32,50.5,54.8,69.63,201.2,49.12,50.5,54.9,69.83,201.2,1,,75.0,0.0,0,NONE
2026-09-18T15:34:18.621+00:00,303.047,routine,Adaptive thermal response carryover,duty,1775,267.8,49.32,inkbird_lowest_internal,,1,87,49.32,50.5,54.8,69.63,201.2,49.12,50.5,54.9,69.83,201.2,1,,75.0,0.0,0,NONE
2026-09-18T15:34:19.621+00:00,304.047,routine,Adaptive thermal response carryover,duty,1775,268.7,49.32,inkbird_lowest_internal,,1,87,49.32,50.5,54.8,69.63,201.2,49.12,50.5,54.9,69.83,201.2,1,,75.0,0.0,0,NONE
2026-09-18T15:34:20.621+00:00,305.047,routine,Adaptive thermal response carryover,duty,1775,269.6,49.48,inkbird_lowest_internal,,1,87,49.48,50.66,54.99,69.96,203.0,49.28,50.66,55.09,70.16,203.0,1,,75.0,0.0,0,NONE
2026-09-18T15:34:21.621+00:00,306.047,routine,Adaptive thermal response carryover,duty,1775,269.6,49.48,inkbird_lowest_internal,,1,87,49.48,50.66,54.99,69.96,203.0,49.28,50.66,55.09,70.16,203.0,1,,75.0,0.0,0,NONE
2026-09-18T15:34:22.121+00:00,306.547,routine,Adaptive thermal response carryover,duty,1775,271.9,49.64,inkbird_lowest_internal,,1,87,49.64,50.82,55.18,70.28,204.8,49.44,50.82,55.28,70.48,204.8,1,,75.0,0.0,0,NONE
2026-09-18T15:34:23.121+00:00,307.547,routine,Adaptive thermal response carryover,duty,1775,273.2,49.64,inkbird_lowest_internal,,1,87,49.64,50.82,55.18,70.28,204.8,49.44,50.82,55.28,70.48,204.8,1,,75.0,0.0,0,NONE
2026-09-18T15:34:24.121+00:00,308.547,routine,Adaptive thermal response carryover,duty,1775,273.2,49.81,inkbird_lowest_internal,,1,87,49.81,50.98,55.37,70.62,206.6,49.61,50.98,55.47,70.82,206.6,1,,75.0,0.0,0,NONE
2026-09-18T15:34:25.121+00:00,309.547,routine,Adaptive thermal response carryover,duty,1775,274.5,49.81,inkbird_lowest_internal,,1,87,49.81,50.98,55.37,70.62,206.6,49.61,50.98,55.47,70.82,206.6,1,,75.0,0.0,0,NONE
2026-09-18T15:34:26.121+00:00,310.547,routine,Adaptive thermal response carryover,duty,1775,275.9,49.97,inkbird_lowest_internal,,1,87,49.97,51.14,55.56,70.95,208.4,49.77,51.14,55.66,71.15,208.4,1,,75.0,0.0,0,NONE
2026-09-18T15:34:26.621+00:00,311.047,routine,Adaptive thermal response carryover,duty,1775,277.3,49.97,inkbird_lowest_internal,,1,87,49.97,51.14,55.56,70.95,208.4,49.77,51.14,55.66,71.15,208.4,1,,75.0,0.0,0,NONE
2026-09-18T15:34:27.621+00:00,312.047,routine,Adaptive thermal response carryover,duty,1775,277.7,49.97,inkbird_lowest_internal,,1,87,49.97,51.14,55.56,70.95,208.4,49.77,51.14,55.66,71.15,208.4,1,,75.0,0.0,0,NONE
2026-09-18T15:34:28.621+00:00,313.047,routine,Adaptive thermal response carryover,duty,1775,279.5,50.14,inkbird_lowest_internal,,1,87,50.14,51.29,55.76,71.29,210.2,49.94,51.29,55.86,71.49,210.2,1,,75.0,0.0,0,NONE
2026-09-18T15:34:29.621+00:00,314.047,routine,Adaptive thermal response carryover,duty,1775,280.9,50.14,inkbird_lowest_internal,,1,87,50.14,51.29,55.76,71.29,210.2,49.94,51.29,55.86,71.49,210.2,1,,75.0,0.0,0,NONE
2026-09-18T15:34:30.121+00:00,314.547,routine,Adaptive thermal response carryover,duty,1775,280.9,50.3,inkbird_lowest_internal,,1,87,50.3,51.45,55.96,71.63,210.2,50.1,51.45,56.06,71.83,210.2,1,,75.0,0.0,0,NONE
2026-09-18T15:34:31.121+00:00,315.547,routine,Adaptive thermal response carryover,duty,1775,282.2,50.3,inkbird_lowest_internal,,1,87,50.3,51.45,55.96,71.63,210.2,50.1,51.45,56.06,71.83,210.2,1,,75.0,0.0,0,NONE
2026-09-18T15:34:32.121+00:00,316.547,routine,Adaptive thermal response carryover,duty,1775,283.5,50.48,inkbird_lowest_internal,,1,87,50.48,51.61,56.16,71.95,212.0,50.28,51.61,56.26,72.15,212.0,1,,75.0,0.0,0,NONE
2026-09-18T15:34:32.621+00:00,317.048,routine,Adaptive thermal response carryover,duty,1775,283.5,50.48,inkbird_lowest_internal,,1,87,50.48,51.61,56.16,71.95,212.0,50.28,51.61,56.26,72.15,212.0,1,,75.0,0.0,0,NONE
2026-09-18T15:34:33.621+00:00,318.047,routine,Adaptive thermal response carryover,duty,1775,284.5,50.48,inkbird_lowest_internal,,1,87,50.48,51.61,56.16,71.95,212.0,50.28,51.61,56.26,72.15,212.0,1,,75.0,0.0,0,NONE
2026-09-18T15:34:34.621+00:00,319.047,routine,Adaptive thermal response carryover,duty,1775,285.8,50.65,inkbird_lowest_internal,,1,87,50.65,51.77,56.37,72.3,213.8,50.45,51.77,56.47,72.5,213.8,1,,75.0,0.0,0,NONE
2026-09-18T15:34:35.621+00:00,320.047,routine,Adaptive thermal response carryover,duty,1775,288.0,50.65,inkbird_lowest_internal,,1,87,50.65,51.77,56.37,72.3,213.8,50.45,51.77,56.47,72.5,213.8,1,,75.0,0.0,0,NONE
2026-09-18T15:34:36.621+00:00,321.047,routine,Adaptive thermal response carryover,duty,1775,287.6,50.83,inkbird_lowest_internal,,1,87,50.83,51.93,56.57,72.65,215.6,50.63,51.93,56.67,72.85,215.6,1,,75.0,0.0,0,NONE
2026-09-18T15:34:37.621+00:00,322.047,routine,Adaptive thermal response carryover,duty,1775,289.0,50.83,inkbird_lowest_internal,,1,87,50.83,51.93,56.57,72.65,215.6,50.63,51.93,56.67,72.85,215.6,1,,75.0,0.0,0,NONE
2026-09-18T15:34:38.621+00:00,323.047,routine,Adaptive thermal response carryover,duty,1775,291.6,51.01,inkbird_lowest_internal,,1,87,51.01,52.1,56.76,73.0,217.4,50.81,52.1,56.86,73.2,217.4,1,,75.0,0.0,0,NONE
2026-09-18T15:34:39.621+00:00,324.047,routine,Adaptive thermal response carryover,duty,1775,292.1,51.01,inkbird_lowest_internal,,1,87,51.01,52.1,56.76,73.0,217.4,50.81,52.1,56.86,73.2,217.4,1,,75.0,0.0,0,NONE
2026-09-18T15:34:40.621+00:00,325.047,routine,Adaptive thermal response carryover,duty,1775,292.5,51.19,inkbird_lowest_internal,,1,87,51.19,52.27,56.97,73.36,219.2,50.99,52.27,57.07,73.56,219.2,1,,75.0,0.0,0,NONE
2026-09-18T15:34:41.621+00:00,326.047,routine,Adaptive thermal response carryover,duty,1775,294.4,51.19,inkbird_lowest_internal,,1,87,51.19,52.27,56.97,73.36,219.2,50.99,52.27,57.07,73.56,219.2,1,,75.0,0.0,0,NONE
2026-09-18T15:34:42.621+00:00,327.047,routine,Adaptive thermal response carryover,duty,1775,295.3,51.36,inkbird_lowest_internal,,1,87,51.36,52.44,57.18,73.71,221.0,51.16,52.44,57.28,73.91,221.0,1,,75.0,0.0,0,NONE
2026-09-18T15:34:43.121+00:00,327.547,routine,Adaptive thermal response carryover,duty,1775,295.3,51.36,inkbird_lowest_internal,,1,87,51.36,52.44,57.18,73.71,221.0,51.16,52.44,57.28,73.91,221.0,1,,75.0,0.0,0,NONE
2026-09-18T15:34:44.121+00:00,328.547,routine,Adaptive thermal response carryover,duty,1775,297.0,51.54,inkbird_lowest_internal,,1,87,51.54,52.61,57.39,74.07,222.8,51.34,52.61,57.49,74.27,222.8,1,,75.0,0.0,0,NONE
2026-09-18T15:34:44.621+00:00,329.047,routine,Adaptive thermal response carryover,duty,1775,298.9,51.54,inkbird_lowest_internal,,1,87,51.54,52.61,57.39,74.07,222.8,51.34,52.61,57.49,74.27,222.8,1,,75.0,0.0,0,NONE
2026-09-18T15:34:45.621+00:00,330.047,routine,Adaptive thermal response carryover,duty,1775,300.2,51.54,inkbird_lowest_internal,,1,87,51.54,52.61,57.39,74.07,222.8,51.34,52.61,57.49,74.27,222.8,1,,75.0,0.0,0,NONE
2026-09-18T15:34:46.121+00:00,330.547,routine,Adaptive thermal response carryover,duty,1775,300.6,51.72,inkbird_lowest_internal,,1,87,51.72,52.78,57.6,74.43,224.6,51.52,52.78,57.7,74.63,224.6,1,,75.0,0.0,0,NONE
2026-09-18T15:34:47.121+00:00,331.547,routine,Adaptive thermal response carryover,duty,1775,301.1,51.72,inkbird_lowest_internal,,1,87,51.72,52.78,57.6,74.43,224.6,51.52,52.78,57.7,74.63,224.6,1,,75.0,0.0,0,NONE
2026-09-18T15:34:47.621+00:00,332.047,routine,Adaptive thermal response carryover,duty,1775,302.5,51.72,inkbird_lowest_internal,,1,87,51.72,52.78,57.6,74.43,224.6,51.52,52.78,57.7,74.63,224.6,1,,75.0,0.0,0,NONE
2026-09-18T15:34:48.620+00:00,333.046,routine,Adaptive thermal response carryover,duty,1775,303.4,51.91,inkbird_lowest_internal,,1,87,51.91,52.96,57.82,74.81,226.4,51.71,52.96,57.92,75.01,226.4,1,,75.0,0.0,0,NONE
2026-09-18T15:34:49.121+00:00,333.547,routine,Adaptive thermal response carryover,duty,1775,304.3,51.91,inkbird_lowest_internal,,1,87,51.91,52.96,57.82,74.81,226.4,51.71,52.96,57.92,75.01,226.4,1,,75.0,0.0,0,NONE
2026-09-18T15:34:50.121+00:00,334.547,routine,Adaptive thermal response carryover,duty,1775,305.1,52.09,inkbird_lowest_internal,,1,87,52.09,53.14,58.04,75.18,228.2,51.89,53.14,58.14,75.38,228.2,1,,75.0,0.0,0,NONE
2026-09-18T15:34:51.120+00:00,335.546,routine,Adaptive thermal response carryover,duty,1775,306.5,52.09,inkbird_lowest_internal,,1,87,52.09,53.14,58.04,75.18,228.2,51.89,53.14,58.14,75.38,228.2,1,,75.0,0.0,0,NONE
2026-09-18T15:34:51.621+00:00,336.047,routine,Adaptive thermal response carryover,duty,1775,306.0,52.09,inkbird_lowest_internal,,1,87,52.09,53.14,58.04,75.18,228.2,51.89,53.14,58.14,75.38,228.2,1,,75.0,0.0,0,NONE
2026-09-18T15:34:52.620+00:00,337.047,routine,Adaptive thermal response carryover,duty,1775,308.8,52.29,inkbird_lowest_internal,,1,87,52.29,53.31,58.24,75.55,230.0,52.09,53.31,58.34,75.75,230.0,1,,75.0,0.0,0,NONE
2026-09-18T15:34:53.621+00:00,338.047,routine,Adaptive thermal response carryover,duty,1775,309.2,52.29,inkbird_lowest_internal,,1,87,52.29,53.31,58.24,75.55,230.0,52.09,53.31,58.34,75.75,230.0,1,,75.0,0.0,0,NONE
2026-09-18T15:34:54.620+00:00,339.046,routine,Adaptive thermal response carryover,duty,1775,310.5,52.47,inkbird_lowest_internal,,1,87,52.47,53.49,58.47,75.94,231.8,52.27,53.49,58.57,76.14,231.8,1,,75.0,0.0,0,NONE
2026-09-18T15:34:55.620+00:00,340.046,routine,Adaptive thermal response carryover,duty,1775,312.4,52.47,inkbird_lowest_internal,,1,87,52.47,53.49,58.47,75.94,231.8,52.27,53.49,58.57,76.14,231.8,1,,75.0,0.0,0,NONE
2026-09-18T15:34:56.620+00:00,341.046,routine,Adaptive thermal response carryover,duty,1775,312.8,52.65,inkbird_lowest_internal,,1,87,52.65,53.68,58.69,76.32,233.6,52.45,53.68,58.79,76.52,233.6,1,,75.0,0.0,0,NONE
2026-09-18T15:34:57.620+00:00,342.046,routine,Adaptive thermal response carryover,duty,1775,313.7,52.65,inkbird_lowest_internal,,1,87,52.65,53.68,58.69,76.32,233.6,52.45,53.68,58.79,76.52,233.6,1,,75.0,0.0,0,NONE
2026-09-18T15:34:58.621+00:00,343.047,routine,Adaptive thermal response carryover,duty,1775,315.0,52.85,inkbird_lowest_internal,,1,87,52.85,53.86,58.92,76.71,235.4,52.65,53.86,59.02,76.91,235.4,1,,75.0,0.0,0,NONE
2026-09-18T15:34:59.620+00:00,344.046,routine,Adaptive thermal response carryover,duty,1775,316.9,52.85,inkbird_lowest_internal,,1,87,52.85,53.86,58.92,76.71,235.4,52.65,53.86,59.02,76.91,235.4,1,,75.0,0.0,0,NONE
2026-09-18T15:35:00.620+00:00,345.046,routine,Adaptive thermal response carryover,duty,1775,316.9,53.03,inkbird_lowest_internal,,1,87,53.03,54.03,59.14,77.11,251.6,52.83,54.03,59.24,77.31,251.6,1,,75.0,0.0,0,NONE
2026-09-18T15:35:01.620+00:00,346.046,routine,Adaptive thermal response carryover,duty,1775,318.6,53.03,inkbird_lowest_internal,,1,87,53.03,54.03,59.14,77.11,251.6,52.83,54.03,59.24,77.31,251.6,1,,75.0,0.0,0,NONE
2026-09-18T15:35:02.620+00:00,347.046,routine,Adaptive thermal response carryover,duty,1775,320.0,53.23,inkbird_lowest_internal,,1,87,53.23,54.23,59.36,77.5,253.4,53.03,54.23,59.46,77.7,253.4,1,,75.0,0.0,0,NONE
2026-09-18T15:35:03.620+00:00,348.046,routine,Adaptive thermal response carryover,duty,1775,321.4,53.23,inkbird_lowest_internal,,1,87,53.23,54.23,59.36,77.5,253.4,53.03,54.23,59.46,77.7,253.4,1,,75.0,0.0,0,NONE
2026-09-18T15:35:04.620+00:00,349.046,routine,Adaptive thermal response carryover,duty,1775,321.8,53.43,inkbird_lowest_internal,,1,87,53.43,54.41,59.6,77.9,253.4,53.23,54.41,59.7,78.1,253.4,1,,75.0,0.0,0,NONE
2026-09-18T15:35:05.120+00:00,349.546,routine,Adaptive thermal response carryover,duty,1775,322.3,53.43,inkbird_lowest_internal,,1,87,53.43,54.41,59.6,77.9,253.4,53.23,54.41,59.7,78.1,253.4,1,,75.0,0.0,0,NONE
2026-09-18T15:35:06.120+00:00,350.546,routine,Adaptive thermal response carryover,duty,1775,323.6,53.63,inkbird_lowest_internal,,1,87,53.63,54.6,59.83,78.31,255.2,53.43,54.6,59.93,78.51,255.2,1,,75.0,0.0,0,NONE
2026-09-18T15:35:07.120+00:00,351.546,routine,Adaptive thermal response carryover,duty,1775,324.0,53.63,inkbird_lowest_internal,,1,87,53.63,54.6,59.83,78.31,255.2,53.43,54.6,59.93,78.51,255.2,1,,75.0,0.0,0,NONE
2026-09-18T15:35:07.620+00:00,352.046,routine,Adaptive thermal response carryover,duty,1775,325.4,53.63,inkbird_lowest_internal,,1,87,53.63,54.6,59.83,78.31,255.2,53.43,54.6,59.93,78.51,255.2,1,,75.0,0.0,0,NONE
2026-09-18T15:35:08.620+00:00,353.046,routine,Adaptive thermal response carryover,duty,1775,326.3,53.83,inkbird_lowest_internal,,1,87,53.83,54.8,60.06,78.71,257.0,53.63,54.8,60.16,78.91,257.0,1,,75.0,0.0,0,NONE
2026-09-18T15:35:09.120+00:00,353.546,routine,Adaptive thermal response carryover,duty,1775,326.3,53.83,inkbird_lowest_internal,,1,87,53.83,54.8,60.06,78.71,257.0,53.63,54.8,60.16,78.91,257.0,1,,75.0,0.0,0,NONE
2026-09-18T15:35:10.120+00:00,354.546,routine,Adaptive thermal response carryover,duty,1775,326.3,54.03,inkbird_lowest_internal,,1,87,54.03,54.99,60.3,79.12,258.8,53.83,54.99,60.4,79.32,258.8,1,,75.0,0.0,0,NONE
2026-09-18T15:35:10.620+00:00,355.046,routine,Adaptive thermal response carryover,duty,1775,329.0,54.03,inkbird_lowest_internal,,1,87,54.03,54.99,60.3,79.12,258.8,53.83,54.99,60.4,79.32,258.8,1,,75.0,0.0,0,NONE
2026-09-18T15:35:11.620+00:00,356.046,routine,Adaptive thermal response carryover,duty,1775,329.0,54.03,inkbird_lowest_internal,,1,87,54.03,54.99,60.3,79.12,258.8,53.83,54.99,60.4,79.32,258.8,1,,75.0,0.0,0,NONE
2026-09-18T15:35:12.120+00:00,356.546,routine,Adaptive thermal response carryover,duty,1775,330.8,54.23,inkbird_lowest_internal,,1,87,54.23,55.2,60.54,79.53,260.6,54.03,55.2,60.64,79.73,260.6,1,,75.0,0.0,0,NONE
2026-09-18T15:35:13.120+00:00,357.546,routine,Adaptive thermal response carryover,duty,1775,330.8,54.23,inkbird_lowest_internal,,1,87,54.23,55.2,60.54,79.53,260.6,54.03,55.2,60.64,79.73,260.6,1,,75.0,0.0,0,NONE
2026-09-18T15:35:14.120+00:00,358.546,routine,Adaptive thermal response carryover,duty,1775,332.6,54.43,inkbird_lowest_internal,,1,87,54.43,55.4,60.79,79.94,260.6,54.23,55.4,60.89,80.14,260.6,1,,75.0,0.0,0,NONE
2026-09-18T15:35:15.120+00:00,359.546,routine,Adaptive thermal response carryover,duty,1775,333.5,54.43,inkbird_lowest_internal,,1,87,54.43,55.4,60.79,79.94,260.6,54.23,55.4,60.89,80.14,260.6,1,,75.0,0.0,0,NONE
2026-09-18T15:35:16.120+00:00,360.546,routine,Adaptive thermal response carryover,duty,1775,334.0,54.63,inkbird_lowest_internal,,1,87,54.63,55.6,61.05,80.36,,54.43,55.6,61.15,80.56,,1,,75.0,0.0,0,NONE
2026-09-18T15:35:16.620+00:00,361.046,routine,Adaptive thermal response carryover,duty,1775,334.9,54.63,inkbird_lowest_internal,,1,87,54.63,55.6,61.05,80.36,,54.43,55.6,61.15,80.56,,1,,75.0,0.0,0,NONE
2026-09-18T15:35:17.620+00:00,362.046,routine,Adaptive thermal response carryover,duty,1775,336.2,54.63,inkbird_lowest_internal,,1,87,54.63,55.6,61.05,80.36,,54.43,55.6,61.15,80.56,,1,,75.0,0.0,0,NONE
2026-09-18T15:35:18.620+00:00,363.046,routine,Adaptive thermal response carryover,duty,1775,337.1,54.84,inkbird_lowest_internal,,1,87,54.84,55.8,61.28,80.77,,54.64,55.8,61.38,80.97,,1,,75.0,0.0,0,NONE
2026-09-18T15:35:19.620+00:00,364.046,routine,Adaptive thermal response carryover,duty,1775,338.0,54.84,inkbird_lowest_internal,,1,87,54.84,55.8,61.28,80.77,,54.64,55.8,61.38,80.97,,1,,75.0,0.0,0,NONE
2026-09-18T15:35:20.620+00:00,365.046,routine,Adaptive thermal response carryover,duty,1775,338.5,55.04,inkbird_lowest_internal,,1,87,55.04,55.99,61.53,81.19,,54.84,55.99,61.63,81.39,,1,,75.0,0.0,0,NONE
2026-09-18T15:35:21.120+00:00,365.546,routine,Adaptive thermal response carryover,duty,1775,339.8,55.04,inkbird_lowest_internal,,1,87,55.04,55.99,61.53,81.19,,54.84,55.99,61.63,81.39,,1,,75.0,0.0,0,NONE
2026-09-18T15:35:22.120+00:00,366.546,routine,Adaptive thermal response carryover,duty,1775,341.1,55.25,inkbird_lowest_internal,,1,87,55.25,56.19,61.78,81.61,,55.05,56.19,61.88,81.81,,1,,75.0,0.0,0,NONE
2026-09-18T15:35:23.120+00:00,367.546,routine,Adaptive thermal response carryover,duty,1775,342.0,55.25,inkbird_lowest_internal,,1,87,55.25,56.19,61.78,81.61,,55.05,56.19,61.88,81.81,,1,,75.0,0.0,0,NONE
2026-09-18T15:35:24.120+00:00,368.546,routine,Adaptive thermal response carryover,duty,1775,342.5,55.46,inkbird_lowest_internal,,1,87,55.46,56.4,62.05,82.03,,55.26,56.4,62.15,82.23,,1,,75.0,0.0,0,NONE
2026-09-18T15:35:25.120+00:00,369.546,routine,Adaptive thermal response carryover,duty,1775,343.9,55.46,inkbird_lowest_internal,,1,87,55.46,56.4,62.05,82.03,,55.26,56.4,62.15,82.23,,1,,75.0,0.0,0,NONE
2026-09-18T15:35:26.120+00:00,370.546,routine,Adaptive thermal response carryover,duty,1775,344.3,55.68,inkbird_lowest_internal,,1,87,55.68,56.61,62.3,82.46,,55.48,56.61,62.4,82.66,,1,,75.0,0.0,0,NONE
2026-09-18T15:35:27.120+00:00,371.546,routine,Adaptive thermal response carryover,duty,1775,346.1,55.68,inkbird_lowest_internal,,1,87,55.68,56.61,62.3,82.46,,55.48,56.61,62.4,82.66,,1,,75.0,0.0,0,NONE
2026-09-18T15:35:28.119+00:00,372.546,routine,Adaptive thermal response carryover,duty,1775,346.1,55.89,inkbird_lowest_internal,,1,87,55.89,56.82,62.57,82.89,,55.69,56.82,62.67,83.09,,1,,75.0,0.0,0,NONE
2026-09-18T15:35:29.120+00:00,373.546,routine,Adaptive thermal response carryover,duty,1775,347.9,55.89,inkbird_lowest_internal,,1,87,55.89,56.82,62.57,82.89,,55.69,56.82,62.67,83.09,,1,,75.0,0.0,0,NONE
2026-09-18T15:35:30.119+00:00,374.545,routine,Adaptive thermal response carryover,duty,1775,348.4,56.11,inkbird_lowest_internal,,1,87,56.11,57.02,62.82,83.32,,55.91,57.02,62.92,83.52,,1,,75.0,0.0,0,NONE
2026-09-18T15:35:31.119+00:00,375.545,routine,Adaptive thermal response carryover,duty,1775,348.8,56.11,inkbird_lowest_internal,,1,87,56.11,57.02,62.82,83.32,,55.91,57.02,62.92,83.52,,1,,75.0,0.0,0,NONE
2026-09-18T15:35:31.619+00:00,376.045,routine,Adaptive thermal response carryover,duty,1775,350.1,56.11,inkbird_lowest_internal,,1,87,56.11,57.02,62.82,83.32,,55.91,57.02,62.92,83.52,,1,,75.0,0.0,0,NONE
2026-09-18T15:35:32.619+00:00,377.045,routine,Adaptive thermal response carryover,duty,1775,351.0,56.33,inkbird_lowest_internal,,1,87,56.33,57.25,63.08,83.75,,56.13,57.25,63.18,83.95,,1,,75.0,0.0,0,NONE
2026-09-18T15:35:33.619+00:00,378.045,routine,Adaptive thermal response carryover,duty,1775,352.0,56.33,inkbird_lowest_internal,,1,87,56.33,57.25,63.08,83.75,,56.13,57.25,63.18,83.95,,1,,75.0,0.0,0,NONE
2026-09-18T15:35:34.619+00:00,379.045,routine,Adaptive thermal response carryover,duty,1775,353.3,56.55,inkbird_lowest_internal,,1,87,56.55,57.45,63.34,84.19,,56.35,57.45,63.44,84.39,,1,,75.0,0.0,0,NONE
2026-09-18T15:35:35.120+00:00,379.546,routine,Adaptive thermal response carryover,duty,1775,353.3,56.55,inkbird_lowest_internal,,1,87,56.55,57.45,63.34,84.19,,56.35,57.45,63.44,84.39,,1,,75.0,0.0,0,NONE
2026-09-18T15:35:36.119+00:00,380.545,routine,Adaptive thermal response carryover,duty,1775,353.8,56.77,inkbird_lowest_internal,,1,87,56.77,57.67,63.6,84.63,,56.57,57.67,63.7,84.83,,1,,75.0,0.0,0,NONE
2026-09-18T15:35:36.619+00:00,381.045,routine,Adaptive thermal response carryover,duty,1775,355.1,56.77,inkbird_lowest_internal,,1,87,56.77,57.67,63.6,84.63,,56.57,57.67,63.7,84.83,,1,,75.0,0.0,0,NONE
2026-09-18T15:35:37.619+00:00,382.045,routine,Adaptive thermal response carryover,duty,1775,356.0,56.77,inkbird_lowest_internal,,1,87,56.77,57.67,63.6,84.63,,56.57,57.67,63.7,84.83,,1,,75.0,0.0,0,NONE
2026-09-18T15:35:38.619+00:00,383.045,routine,Adaptive thermal response carryover,duty,1775,356.9,56.99,inkbird_lowest_internal,,1,87,56.99,57.9,63.86,85.08,,56.79,57.9,63.96,85.28,,1,,75.0,0.0,0,NONE
2026-09-18T15:35:39.619+00:00,384.045,routine,Adaptive thermal response carryover,duty,1775,357.4,56.99,inkbird_lowest_internal,,1,87,56.99,57.9,63.86,85.08,,56.79,57.9,63.96,85.28,,1,,75.0,0.0,0,NONE
2026-09-18T15:35:40.619+00:00,385.045,routine,Adaptive thermal response carryover,duty,1775,358.3,57.21,inkbird_lowest_internal,,1,87,57.21,58.13,64.14,85.52,,57.01,58.13,64.24,85.72,,1,,75.0,0.0,0,NONE
2026-09-18T15:35:41.619+00:00,386.045,routine,Adaptive thermal response carryover,duty,1775,359.6,57.21,inkbird_lowest_internal,,1,87,57.21,58.13,64.14,85.52,,57.01,58.13,64.24,85.72,,1,,75.0,0.0,0,NONE
2026-09-18T15:35:42.619+00:00,387.045,routine,Adaptive thermal response carryover,duty,1775,360.5,57.43,inkbird_lowest_internal,,1,87,57.43,58.36,64.4,85.96,,57.23,58.36,64.5,86.16,,1,,75.0,0.0,0,NONE
2026-09-18T15:35:43.619+00:00,388.045,routine,Adaptive thermal response carryover,duty,1775,361.4,57.43,inkbird_lowest_internal,,1,87,57.43,58.36,64.4,85.96,,57.23,58.36,64.5,86.16,,1,,75.0,0.0,0,NONE
2026-09-18T15:35:44.619+00:00,389.045,routine,Adaptive thermal response carryover,duty,1775,362.3,57.65,inkbird_lowest_internal,,1,87,57.65,58.57,64.67,86.43,,57.45,58.57,64.77,86.63,,1,,75.0,0.0,0,NONE
2026-09-18T15:35:45.619+00:00,390.045,routine,Adaptive thermal response carryover,duty,1775,361.9,57.65,inkbird_lowest_internal,,1,87,57.65,58.57,64.67,86.43,,57.45,58.57,64.77,86.63,,1,,75.0,0.0,0,NONE
2026-09-18T15:35:46.119+00:00,390.545,routine,Adaptive thermal response carryover,duty,1775,363.2,57.89,inkbird_lowest_internal,,1,87,57.89,58.8,64.93,86.84,,57.69,58.8,65.03,87.04,,1,,75.0,0.0,0,NONE
2026-09-18T15:35:47.119+00:00,391.545,routine,Adaptive thermal response carryover,duty,1775,364.5,57.89,inkbird_lowest_internal,,1,87,57.89,58.8,64.93,86.84,,57.69,58.8,65.03,87.04,,1,,75.0,0.0,0,NONE
2026-09-18T15:35:48.119+00:00,392.545,routine,Adaptive thermal response carryover,duty,1775,365.5,58.11,inkbird_lowest_internal,,1,87,58.11,59.02,65.2,87.28,,57.91,59.02,65.3,87.48,,1,,75.0,0.0,0,NONE
2026-09-18T15:35:49.119+00:00,393.545,routine,Adaptive thermal response carryover,duty,1775,365.5,58.11,inkbird_lowest_internal,,1,87,58.11,59.02,65.2,87.28,,57.91,59.02,65.3,87.48,,1,,75.0,0.0,0,NONE
2026-09-18T15:35:50.119+00:00,394.545,routine,Adaptive thermal response carryover,duty,1775,365.9,58.34,inkbird_lowest_internal,,1,87,58.34,59.25,65.48,87.71,,58.14,59.25,65.58,87.91,,1,,75.0,0.0,0,NONE
2026-09-18T15:35:50.619+00:00,395.045,routine,Adaptive thermal response carryover,duty,1775,365.9,58.34,inkbird_lowest_internal,,1,87,58.34,59.25,65.48,87.71,,58.14,59.25,65.58,87.91,,1,,75.0,0.0,0,NONE
2026-09-18T15:35:51.619+00:00,396.045,routine,Adaptive thermal response carryover,duty,1775,368.1,58.34,inkbird_lowest_internal,,1,87,58.34,59.25,65.48,87.71,,58.14,59.25,65.58,87.91,,1,,75.0,0.0,0,NONE
2026-09-18T15:35:52.619+00:00,397.045,routine,Adaptive thermal response carryover,duty,1775,369.0,58.58,inkbird_lowest_internal,,1,87,58.58,59.47,65.76,88.16,,58.38,59.47,65.86,88.36,,1,,75.0,0.0,0,NONE
2026-09-18T15:35:53.619+00:00,398.045,routine,Adaptive thermal response carryover,duty,1775,369.5,58.58,inkbird_lowest_internal,,1,87,58.58,59.47,65.76,88.16,,58.38,59.47,65.86,88.36,,1,,75.0,0.0,0,NONE
2026-09-18T15:35:54.619+00:00,399.045,routine,Adaptive thermal response carryover,duty,1775,371.3,58.8,inkbird_lowest_internal,,1,87,58.8,59.7,66.03,88.61,,58.6,59.7,66.13,88.81,,1,,75.0,0.0,0,NONE
2026-09-18T15:35:55.619+00:00,400.045,routine,Adaptive thermal response carryover,duty,1775,370.0,58.8,inkbird_lowest_internal,,1,87,58.8,59.7,66.03,88.61,,58.6,59.7,66.13,88.81,,1,,75.0,0.0,0,NONE
2026-09-18T15:35:56.618+00:00,401.045,routine,Adaptive thermal response carryover,duty,1775,371.3,59.04,inkbird_lowest_internal,,1,87,59.04,59.94,66.3,89.06,,58.84,59.94,66.4,89.26,,1,,75.0,0.0,0,NONE
2026-09-18T15:35:57.119+00:00,401.545,routine,Adaptive thermal response carryover,duty,1775,372.6,59.04,inkbird_lowest_internal,,1,87,59.04,59.94,66.3,89.06,,58.84,59.94,66.4,89.26,,1,,75.0,0.0,0,NONE
2026-09-18T15:35:58.119+00:00,402.545,routine,Adaptive thermal response carryover,duty,1775,373.1,59.28,inkbird_lowest_internal,,1,87,59.28,60.17,66.58,89.51,,59.08,60.17,66.68,89.71,,1,,75.0,0.0,0,NONE
2026-09-18T15:35:59.119+00:00,403.545,routine,Adaptive thermal response carryover,duty,1775,374.5,59.28,inkbird_lowest_internal,,1,87,59.28,60.17,66.58,89.51,,59.08,60.17,66.68,89.71,,1,,75.0,0.0,0,NONE
2026-09-18T15:36:00.119+00:00,404.545,routine,Adaptive thermal response carryover,duty,1775,375.4,59.51,inkbird_lowest_internal,,1,87,59.51,60.4,66.86,89.96,,59.31,60.4,66.96,90.16,,1,,75.0,0.0,0,NONE
2026-09-18T15:36:00.624+00:00,405.050,routine,Adaptive thermal response carryover,duty,1775,375.4,59.51,inkbird_lowest_internal,,1,87,59.51,60.4,66.86,89.96,,59.31,60.4,66.96,90.16,,1,,75.0,0.0,0,NONE
2026-09-18T15:36:01.619+00:00,406.045,routine,Adaptive thermal response carryover,duty,1775,376.7,59.51,inkbird_lowest_internal,,1,87,59.51,60.4,66.86,89.96,,59.31,60.4,66.96,90.16,,1,,75.0,0.0,0,NONE
2026-09-18T15:36:02.619+00:00,407.045,routine,Adaptive thermal response carryover,duty,1775,377.6,59.76,inkbird_lowest_internal,,1,87,59.76,60.65,67.16,90.4,,59.56,60.65,67.26,90.6,,1,,75.0,0.0,0,NONE
2026-09-18T15:36:03.618+00:00,408.045,routine,Adaptive thermal response carryover,duty,1775,378.0,59.76,inkbird_lowest_internal,,1,87,59.76,60.65,67.16,90.4,,59.56,60.65,67.26,90.6,,1,,75.0,0.0,0,NONE
2026-09-18T15:36:04.618+00:00,409.044,routine,Adaptive thermal response carryover,duty,1775,378.0,60.0,inkbird_lowest_internal,,1,87,60.0,60.88,67.44,90.87,,59.8,60.88,67.54,91.07,,1,,75.0,0.0,0,NONE
2026-09-18T15:36:05.618+00:00,410.044,routine,Adaptive thermal response carryover,duty,1775,378.0,60.0,inkbird_lowest_internal,,1,87,60.0,60.88,67.44,90.87,,59.8,60.88,67.54,91.07,,1,,75.0,0.0,0,NONE
2026-09-18T15:36:06.119+00:00,410.545,routine,Adaptive thermal response carryover,duty,1775,379.4,60.24,inkbird_lowest_internal,,1,87,60.24,61.12,67.72,91.32,,60.04,61.12,67.82,91.52,,1,,75.0,0.0,0,NONE
2026-09-18T15:36:07.118+00:00,411.544,routine,Adaptive thermal response carryover,duty,1775,380.3,60.24,inkbird_lowest_internal,,1,87,60.24,61.12,67.72,91.32,,60.04,61.12,67.82,91.52,,1,,75.0,0.0,0,NONE
2026-09-18T15:36:07.618+00:00,412.044,routine,Adaptive thermal response carryover,duty,1775,381.2,60.24,inkbird_lowest_internal,,1,87,60.24,61.12,67.72,91.32,,60.04,61.12,67.82,91.52,,1,,75.0,0.0,0,NONE
2026-09-18T15:36:08.618+00:00,413.044,routine,Adaptive thermal response carryover,duty,1775,382.1,60.48,inkbird_lowest_internal,,1,87,60.48,61.36,68.01,91.77,,60.28,61.36,68.11,91.97,,1,,75.0,0.0,0,NONE
2026-09-18T15:36:09.618+00:00,414.044,routine,Adaptive thermal response carryover,duty,1775,382.5,60.48,inkbird_lowest_internal,,1,87,60.48,61.36,68.01,91.77,,60.28,61.36,68.11,91.97,,1,,75.0,0.0,0,NONE
2026-09-18T15:36:10.618+00:00,415.044,routine,Adaptive thermal response carryover,duty,1775,383.5,60.73,inkbird_lowest_internal,,1,87,60.73,61.61,68.3,92.22,,60.53,61.61,68.4,92.42,,1,,75.0,0.0,0,NONE
2026-09-18T15:36:11.618+00:00,416.044,routine,Adaptive thermal response carryover,duty,1775,383.5,60.73,inkbird_lowest_internal,,1,87,60.73,61.61,68.3,92.22,,60.53,61.61,68.4,92.42,,1,,75.0,0.0,0,NONE
2026-09-18T15:36:12.618+00:00,417.044,routine,Adaptive thermal response carryover,duty,1775,384.8,60.98,inkbird_lowest_internal,,1,87,60.98,61.86,68.58,92.68,,60.78,61.86,68.68,92.88,,1,,75.0,0.0,0,NONE
2026-09-18T15:36:13.618+00:00,418.044,routine,Adaptive thermal response carryover,duty,1775,384.4,60.98,inkbird_lowest_internal,,1,87,60.98,61.86,68.58,92.68,,60.78,61.86,68.68,92.88,,1,,75.0,0.0,0,NONE
2026-09-18T15:36:14.618+00:00,419.044,routine,Adaptive thermal response carryover,duty,1775,386.6,61.22,inkbird_lowest_internal,,1,87,61.22,62.1,68.87,93.13,,61.02,62.1,68.97,93.33,,1,,75.0,0.0,0,NONE
2026-09-18T15:36:15.618+00:00,420.044,routine,Adaptive thermal response carryover,duty,1775,386.1,61.22,inkbird_lowest_internal,,1,87,61.22,62.1,68.87,93.13,,61.02,62.1,68.97,93.33,,1,,75.0,0.0,0,NONE
2026-09-18T15:36:16.118+00:00,420.544,routine,Adaptive thermal response carryover,duty,1775,387.5,61.47,inkbird_lowest_internal,,1,87,61.47,62.34,69.17,93.58,,61.27,62.34,69.27,93.78,,1,,75.0,0.0,0,NONE
2026-09-18T15:36:17.118+00:00,421.544,routine,Adaptive thermal response carryover,duty,1775,388.0,61.47,inkbird_lowest_internal,,1,87,61.47,62.34,69.17,93.58,,61.27,62.34,69.27,93.78,,1,,75.0,0.0,0,NONE
2026-09-18T15:36:18.118+00:00,422.544,routine,Adaptive thermal response carryover,duty,1775,388.4,61.72,inkbird_lowest_internal,,1,87,61.72,62.59,69.46,94.04,,61.52,62.59,69.56,94.24,,1,,75.0,0.0,0,NONE
2026-09-18T15:36:19.118+00:00,423.544,routine,Adaptive thermal response carryover,duty,1775,389.8,61.72,inkbird_lowest_internal,,1,87,61.72,62.59,69.46,94.04,,61.52,62.59,69.56,94.24,,1,,75.0,0.0,0,NONE
2026-09-18T15:36:20.118+00:00,424.544,routine,Adaptive thermal response carryover,duty,1775,389.8,61.98,inkbird_lowest_internal,,1,87,61.98,62.84,69.76,94.51,,61.78,62.84,69.86,94.71,,1,,75.0,0.0,0,NONE
2026-09-18T15:36:20.618+00:00,425.044,routine,Adaptive thermal response carryover,duty,1775,391.1,61.98,inkbird_lowest_internal,,1,87,61.98,62.84,69.76,94.51,,61.78,62.84,69.86,94.71,,1,,75.0,0.0,0,NONE
2026-09-18T15:36:21.618+00:00,426.044,routine,Adaptive thermal response carryover,duty,1775,391.1,61.98,inkbird_lowest_internal,,1,87,61.98,62.84,69.76,94.51,,61.78,62.84,69.86,94.71,,1,,75.0,0.0,0,NONE
2026-09-18T15:36:22.618+00:00,427.044,routine,Adaptive thermal response carryover,duty,1775,391.5,62.23,inkbird_lowest_internal,,1,87,62.23,63.09,70.05,94.97,,62.03,63.09,70.15,95.17,,1,,75.0,0.0,0,NONE
2026-09-18T15:36:23.618+00:00,428.044,routine,Adaptive thermal response carryover,duty,1775,392.5,62.23,inkbird_lowest_internal,,1,87,62.23,63.09,70.05,94.97,,62.03,63.09,70.15,95.17,,1,,75.0,0.0,0,NONE
2026-09-18T15:36:24.618+00:00,429.044,routine,Adaptive thermal response carryover,duty,1775,393.8,62.49,inkbird_lowest_internal,,1,87,62.49,63.34,70.34,95.41,,62.29,63.34,70.44,95.61,,1,,75.0,0.0,0,NONE
2026-09-18T15:36:25.618+00:00,430.044,routine,Adaptive thermal response carryover,duty,1775,394.3,62.49,inkbird_lowest_internal,,1,87,62.49,63.34,70.34,95.41,,62.29,63.34,70.44,95.61,,1,,75.0,0.0,0,NONE
2026-09-18T15:36:26.618+00:00,431.044,routine,Adaptive thermal response carryover,duty,1775,393.8,62.74,inkbird_lowest_internal,,1,87,62.74,63.58,70.64,95.87,,62.54,63.58,70.74,96.07,,1,,75.0,0.0,0,NONE
2026-09-18T15:36:27.118+00:00,431.544,routine,Adaptive thermal response carryover,duty,1775,395.1,62.74,inkbird_lowest_internal,,1,87,62.74,63.58,70.64,95.87,,62.54,63.58,70.74,96.07,,1,,75.0,0.0,0,NONE
2026-09-18T15:36:28.118+00:00,432.544,routine,Adaptive thermal response carryover,duty,1775,395.6,63.0,inkbird_lowest_internal,,1,87,63.0,63.85,70.94,96.33,,62.8,63.85,71.04,96.53,,1,,75.0,0.0,0,NONE
2026-09-18T15:36:29.118+00:00,433.544,routine,Adaptive thermal response carryover,duty,1775,396.0,63.0,inkbird_lowest_internal,,1,87,63.0,63.85,70.94,96.33,,62.8,63.85,71.04,96.53,,1,,75.0,0.0,0,NONE
2026-09-18T15:36:30.118+00:00,434.544,routine,Adaptive thermal response carryover,duty,1775,397.4,63.26,inkbird_lowest_internal,,1,87,63.26,64.1,71.23,96.79,,63.06,64.1,71.33,96.99,,1,,75.0,0.0,0,NONE
2026-09-18T15:36:31.118+00:00,435.544,routine,Adaptive thermal response carryover,duty,1775,397.9,63.26,inkbird_lowest_internal,,1,87,63.26,64.1,71.23,96.79,,63.06,64.1,71.33,96.99,,1,,75.0,0.0,0,NONE
2026-09-18T15:36:32.118+00:00,436.544,routine,Adaptive thermal response carryover,duty,1775,398.8,63.52,inkbird_lowest_internal,,1,87,63.52,64.34,71.53,97.24,,63.32,64.34,71.63,97.44,,1,,75.0,0.0,0,NONE
2026-09-18T15:36:33.118+00:00,437.544,routine,Adaptive thermal response carryover,duty,1775,398.8,63.52,inkbird_lowest_internal,,1,87,63.52,64.34,71.53,97.24,,63.32,64.34,71.63,97.44,,1,,75.0,0.0,0,NONE
2026-09-18T15:36:34.117+00:00,438.543,routine,Adaptive thermal response carryover,duty,1775,399.6,63.78,inkbird_lowest_internal,,1,87,63.78,64.6,71.83,97.71,,63.58,64.6,71.93,97.91,,1,,75.0,0.0,0,NONE
2026-09-18T15:36:35.118+00:00,439.544,routine,Adaptive thermal response carryover,duty,1775,401.0,63.78,inkbird_lowest_internal,,1,87,63.78,64.6,71.83,97.71,,63.58,64.6,71.93,97.91,,1,,75.0,0.0,0,NONE
2026-09-18T15:36:36.118+00:00,440.544,routine,Adaptive thermal response carryover,duty,1775,401.5,64.05,inkbird_lowest_internal,,1,87,64.05,64.85,72.12,98.17,,63.85,64.85,72.22,98.37,,1,,75.0,0.0,0,NONE
2026-09-18T15:36:37.118+00:00,441.544,routine,Adaptive thermal response carryover,duty,1775,401.9,64.05,inkbird_lowest_internal,,1,87,64.05,64.85,72.12,98.17,,63.85,64.85,72.22,98.37,,1,,75.0,0.0,0,NONE
2026-09-18T15:36:38.118+00:00,442.544,routine,Adaptive thermal response carryover,duty,1775,403.3,64.32,inkbird_lowest_internal,,1,87,64.32,65.11,72.42,98.63,,64.12,65.11,72.52,98.83,,1,,75.0,0.0,0,NONE
2026-09-18T15:36:39.117+00:00,443.544,routine,Adaptive thermal response carryover,duty,1775,402.8,64.32,inkbird_lowest_internal,,1,87,64.32,65.11,72.42,98.63,,64.12,65.11,72.52,98.83,,1,,75.0,0.0,0,NONE
2026-09-18T15:36:40.117+00:00,444.543,routine,Adaptive thermal response carryover,duty,1775,403.7,64.58,inkbird_lowest_internal,,1,87,64.58,65.38,72.72,99.09,,64.38,65.38,72.82,99.29,,1,,75.0,0.0,0,NONE
2026-09-18T15:36:41.117+00:00,445.543,routine,Adaptive thermal response carryover,duty,1775,405.0,64.58,inkbird_lowest_internal,,1,87,64.58,65.38,72.72,99.09,,64.38,65.38,72.82,99.29,,1,,75.0,0.0,0,NONE
2026-09-18T15:36:42.117+00:00,446.543,routine,Adaptive thermal response carryover,duty,1775,405.0,64.85,inkbird_lowest_internal,,1,87,64.85,65.63,73.03,99.56,,64.65,65.63,73.13,99.76,,1,,75.0,0.0,0,NONE
2026-09-18T15:36:42.617+00:00,447.043,routine,Adaptive thermal response carryover,duty,1775,405.5,64.85,inkbird_lowest_internal,,1,87,64.85,65.63,73.03,99.56,,64.65,65.63,73.13,99.76,,1,,75.0,0.0,0,NONE
2026-09-18T15:36:43.617+00:00,448.043,routine,Adaptive thermal response carryover,duty,1775,405.5,64.85,inkbird_lowest_internal,,1,87,64.85,65.63,73.03,99.56,,64.65,65.63,73.13,99.76,,1,,75.0,0.0,0,NONE
2026-09-18T15:36:44.117+00:00,448.543,routine,Adaptive thermal response carryover,duty,1775,406.9,65.13,inkbird_lowest_internal,,1,87,65.13,65.89,73.34,100.02,,64.93,65.89,73.44,100.22,,1,,75.0,0.0,0,NONE
2026-09-18T15:36:45.117+00:00,449.543,routine,Adaptive thermal response carryover,duty,1775,407.3,65.13,inkbird_lowest_internal,,1,87,65.13,65.89,73.34,100.02,,64.93,65.89,73.44,100.22,,1,,75.0,0.0,0,NONE
2026-09-18T15:36:46.117+00:00,450.543,routine,Adaptive thermal response carryover,duty,1775,407.3,65.39,inkbird_lowest_internal,,1,87,65.39,66.15,73.63,100.48,,65.19,66.15,73.73,100.68,,1,,75.0,0.0,0,NONE
2026-09-18T15:36:47.117+00:00,451.543,routine,Adaptive thermal response carryover,duty,1775,408.2,65.39,inkbird_lowest_internal,,1,87,65.39,66.15,73.63,100.48,,65.19,66.15,73.73,100.68,,1,,75.0,0.0,0,NONE
2026-09-18T15:36:47.617+00:00,452.043,routine,Adaptive thermal response carryover,duty,1775,408.2,65.39,inkbird_lowest_internal,,1,87,65.39,66.15,73.63,100.48,,65.19,66.15,73.73,100.68,,1,,75.0,0.0,0,NONE
2026-09-18T15:36:48.617+00:00,453.043,routine,Adaptive thermal response carryover,duty,1775,409.1,65.68,inkbird_lowest_internal,,1,87,65.68,66.42,73.95,100.95,,65.48,66.42,74.05,101.15,,1,,75.0,0.0,0,NONE
2026-09-18T15:36:49.617+00:00,454.043,routine,Adaptive thermal response carryover,duty,1775,410.5,65.68,inkbird_lowest_internal,,1,87,65.68,66.42,73.95,100.95,,65.48,66.42,74.05,101.15,,1,,75.0,0.0,0,NONE
2026-09-18T15:36:50.617+00:00,455.043,routine,Adaptive thermal response carryover,duty,1775,410.9,65.95,inkbird_lowest_internal,,1,87,65.95,66.68,74.26,101.4,,65.75,66.68,74.36,101.6,,1,,75.0,0.0,0,NONE
2026-09-18T15:36:51.617+00:00,456.043,routine,Adaptive thermal response carryover,duty,1775,410.9,65.95,inkbird_lowest_internal,,1,87,65.95,66.68,74.26,101.4,,65.75,66.68,74.36,101.6,,1,,75.0,0.0,0,NONE
2026-09-18T15:36:52.617+00:00,457.043,routine,Adaptive thermal response carryover,duty,1775,411.8,66.23,inkbird_lowest_internal,,1,87,66.23,66.95,74.56,101.87,,66.03,66.95,74.66,102.07,,1,,75.0,0.0,0,NONE
2026-09-18T15:36:53.617+00:00,458.043,routine,Adaptive thermal response carryover,duty,1775,412.3,66.23,inkbird_lowest_internal,,1,87,66.23,66.95,74.56,101.87,,66.03,66.95,74.66,102.07,,1,,75.0,0.0,0,NONE
2026-09-18T15:36:54.617+00:00,459.043,routine,Adaptive thermal response carryover,duty,1775,412.7,66.5,inkbird_lowest_internal,,1,87,66.5,67.22,74.86,102.32,,66.3,67.22,74.96,102.52,,1,,75.0,0.0,0,NONE
2026-09-18T15:36:55.617+00:00,460.043,routine,Adaptive thermal response carryover,duty,1775,413.6,66.5,inkbird_lowest_internal,,1,87,66.5,67.22,74.86,102.32,,66.3,67.22,74.96,102.52,,1,,75.0,0.0,0,NONE
2026-09-18T15:36:56.617+00:00,461.043,routine,Adaptive thermal response carryover,duty,1775,413.6,66.77,inkbird_lowest_internal,,1,87,66.77,67.49,75.17,102.79,,66.57,67.49,75.27,102.99,,1,,75.0,0.0,0,NONE
2026-09-18T15:36:57.617+00:00,462.043,routine,Adaptive thermal response carryover,duty,1775,414.0,66.77,inkbird_lowest_internal,,1,87,66.77,67.49,75.17,102.79,,66.57,67.49,75.27,102.99,,1,,75.0,0.0,0,NONE
2026-09-18T15:36:58.617+00:00,463.043,routine,Adaptive thermal response carryover,duty,1775,415.9,67.06,inkbird_lowest_internal,,1,87,67.06,67.75,75.48,103.26,,66.86,67.75,75.58,103.46,,1,,75.0,0.0,0,NONE
2026-09-18T15:36:59.617+00:00,464.043,routine,Adaptive thermal response carryover,duty,1775,416.3,67.06,inkbird_lowest_internal,,1,87,67.06,67.75,75.48,103.26,,66.86,67.75,75.58,103.46,,1,,75.0,0.0,0,NONE
2026-09-18T15:37:00.617+00:00,465.043,routine,Adaptive thermal response carryover,duty,1775,416.3,67.34,inkbird_lowest_internal,,1,87,67.34,68.02,75.79,103.72,,67.14,68.02,75.89,103.92,,1,,75.0,0.0,0,NONE
2026-09-18T15:37:01.117+00:00,465.543,routine,Adaptive thermal response carryover,duty,1775,417.2,67.34,inkbird_lowest_internal,,1,87,67.34,68.02,75.79,103.72,,67.14,68.02,75.89,103.92,,1,,75.0,0.0,0,NONE
2026-09-18T15:37:02.117+00:00,466.543,routine,Adaptive thermal response carryover,duty,1775,417.2,67.62,inkbird_lowest_internal,,1,87,67.62,68.3,76.11,104.18,,67.42,68.3,76.21,104.38,,1,,75.0,0.0,0,NONE
2026-09-18T15:37:02.617+00:00,467.043,routine,Adaptive thermal response carryover,duty,1775,417.6,67.62,inkbird_lowest_internal,,1,87,67.62,68.3,76.11,104.18,,67.42,68.3,76.21,104.38,,1,,75.0,0.0,0,NONE
2026-09-18T15:37:03.617+00:00,468.043,routine,Adaptive thermal response carryover,duty,1775,418.1,67.62,inkbird_lowest_internal,,1,87,67.62,68.3,76.11,104.18,,67.42,68.3,76.21,104.38,,1,,75.0,0.0,0,NONE
2026-09-18T15:37:04.617+00:00,469.043,routine,Adaptive thermal response carryover,duty,1775,419.0,67.91,inkbird_lowest_internal,,1,87,67.91,68.57,76.42,104.65,,67.71,68.57,76.52,104.85,,1,,75.0,0.0,0,NONE
2026-09-18T15:37:05.617+00:00,470.043,routine,Adaptive thermal response carryover,duty,1775,419.5,67.91,inkbird_lowest_internal,,1,87,67.91,68.57,76.42,104.65,,67.71,68.57,76.52,104.85,,1,,75.0,0.0,0,NONE
2026-09-18T15:37:06.617+00:00,471.043,routine,Adaptive thermal response carryover,duty,1775,419.5,68.2,inkbird_lowest_internal,,1,87,68.2,68.84,76.72,105.12,,68.0,68.84,76.82,105.32,,1,,75.0,0.0,0,NONE
2026-09-18T15:37:07.117+00:00,471.543,routine,Adaptive thermal response carryover,duty,1775,420.4,68.2,inkbird_lowest_internal,,1,87,68.2,68.84,76.72,105.12,,68.0,68.84,76.82,105.32,,1,,75.0,0.0,0,NONE
2026-09-18T15:37:08.117+00:00,472.543,routine,Adaptive thermal response carryover,duty,1775,421.3,68.49,inkbird_lowest_internal,,1,87,68.49,69.11,77.04,105.58,,68.29,69.11,77.14,105.78,,1,,75.0,0.0,0,NONE
2026-09-18T15:37:09.117+00:00,473.543,routine,Adaptive thermal response carryover,duty,1775,421.7,68.49,inkbird_lowest_internal,,1,87,68.49,69.11,77.04,105.58,,68.29,69.11,77.14,105.78,,1,,75.0,0.0,0,NONE
2026-09-18T15:37:10.117+00:00,474.543,routine,Adaptive thermal response carryover,duty,1775,422.1,68.78,inkbird_lowest_internal,,1,87,68.78,69.39,77.35,106.04,,68.58,69.39,77.45,106.24,,1,,75.0,0.0,0,NONE
2026-09-18T15:37:11.117+00:00,475.543,routine,Adaptive thermal response carryover,duty,1775,422.6,68.78,inkbird_lowest_internal,,1,87,68.78,69.39,77.35,106.04,,68.58,69.39,77.45,106.24,,1,,75.0,0.0,0,NONE
2026-09-18T15:37:12.116+00:00,476.542,routine,Adaptive thermal response carryover,duty,1775,423.0,69.07,inkbird_lowest_internal,,1,87,69.07,69.67,77.66,106.51,,68.87,69.67,77.76,106.71,,1,,75.0,0.0,0,NONE
2026-09-18T15:37:12.617+00:00,477.043,routine,Adaptive thermal response carryover,duty,1775,423.0,69.07,inkbird_lowest_internal,,1,87,69.07,69.67,77.66,106.51,,68.87,69.67,77.76,106.71,,1,,75.0,0.0,0,NONE
2026-09-18T15:37:13.617+00:00,478.043,routine,Adaptive thermal response carryover,duty,1775,424.4,69.07,inkbird_lowest_internal,,1,87,69.07,69.67,77.66,106.51,,68.87,69.67,77.76,106.71,,1,,75.0,0.0,0,NONE
2026-09-18T15:37:14.616+00:00,479.042,routine,Adaptive thermal response carryover,duty,1775,424.9,69.37,inkbird_lowest_internal,,1,87,69.37,69.95,77.98,106.98,,69.17,69.95,78.08,107.18,,1,,75.0,0.0,0,NONE
2026-09-18T15:37:15.616+00:00,480.042,routine,Adaptive thermal response carryover,duty,1775,424.9,69.37,inkbird_lowest_internal,,1,87,69.37,69.95,77.98,106.98,,69.17,69.95,78.08,107.18,,1,,75.0,0.0,0,NONE
2026-09-18T15:37:16.616+00:00,481.042,routine,Adaptive thermal response carryover,duty,1775,425.8,69.66,inkbird_lowest_internal,,1,87,69.66,70.22,78.29,107.44,,69.46,70.22,78.39,107.64,,1,,75.0,0.0,0,NONE
2026-09-18T15:37:17.616+00:00,482.042,routine,Adaptive thermal response carryover,duty,1775,426.2,69.66,inkbird_lowest_internal,,1,87,69.66,70.22,78.29,107.44,,69.46,70.22,78.39,107.64,,1,,50.0,0.0,0,NONE
2026-09-18T15:37:18.116+00:00,482.542,routine,Adaptive thermal response carryover,duty,1775,425.8,69.96,inkbird_lowest_internal,,1,87,69.96,70.49,78.61,107.91,,69.76,70.49,78.71,108.11,,1,,50.0,0.0,0,NONE
2026-09-18T15:37:19.116+00:00,483.542,routine,Adaptive thermal response carryover,duty,1775,427.5,69.96,inkbird_lowest_internal,,1,87,69.96,70.49,78.61,107.91,,69.76,70.49,78.71,108.11,,1,,50.0,0.0,0,NONE
2026-09-18T15:37:20.116+00:00,484.542,routine,Adaptive thermal response carryover,duty,1775,427.1,70.26,inkbird_lowest_internal,,1,87,70.26,70.77,78.93,108.38,,70.06,70.77,79.03,108.58,,1,,50.0,0.0,0,NONE
2026-09-18T15:37:21.116+00:00,485.542,routine,Adaptive thermal response carryover,duty,1775,427.1,70.26,inkbird_lowest_internal,,1,87,70.26,70.77,78.93,108.38,,70.06,70.77,79.03,108.58,,1,,50.0,0.0,0,NONE
2026-09-18T15:37:22.116+00:00,486.542,routine,Adaptive thermal response carryover,duty,1775,428.0,70.56,inkbird_lowest_internal,,1,87,70.56,71.05,79.25,108.83,,70.36,71.05,79.35,109.03,,1,,50.0,0.0,0,NONE
2026-09-18T15:37:23.116+00:00,487.542,routine,Adaptive thermal response carryover,duty,1775,427.1,70.56,inkbird_lowest_internal,,1,87,70.56,71.05,79.25,108.83,,70.36,71.05,79.35,109.03,,1,,50.0,0.0,0,NONE
2026-09-18T15:37:24.116+00:00,488.542,routine,Adaptive thermal response carryover,duty,1775,427.5,70.85,inkbird_lowest_internal,,1,87,70.85,71.33,79.57,109.3,,70.65,71.33,79.67,109.5,,1,,50.0,0.0,0,NONE
2026-09-18T15:37:25.116+00:00,489.542,routine,Adaptive thermal response carryover,duty,1775,427.5,70.85,inkbird_lowest_internal,,1,87,70.85,71.33,79.57,109.3,,70.65,71.33,79.67,109.5,,1,,50.0,0.0,0,NONE
2026-09-18T15:37:26.116+00:00,490.542,routine,Adaptive thermal response carryover,duty,1775,427.5,71.16,inkbird_lowest_internal,,1,87,71.16,71.61,79.88,109.78,,70.96,71.61,79.98,109.98,,1,,50.0,0.0,0,NONE
2026-09-18T15:37:27.116+00:00,491.542,routine,Adaptive thermal response carryover,duty,1775,427.5,71.16,inkbird_lowest_internal,,1,87,71.16,71.61,79.88,109.78,,70.96,71.61,79.98,109.98,,1,,50.0,0.0,0,NONE
2026-09-18T15:37:28.116+00:00,492.542,routine,Adaptive thermal response carryover,duty,1775,428.0,71.46,inkbird_lowest_internal,,1,87,71.46,71.91,80.2,110.24,,71.26,71.91,80.3,110.44,,1,,50.0,0.0,0,NONE
2026-09-18T15:37:29.116+00:00,493.542,routine,Adaptive thermal response carryover,duty,1775,428.0,71.46,inkbird_lowest_internal,,1,87,71.46,71.91,80.2,110.24,,71.26,71.91,80.3,110.44,,1,,50.0,0.0,0,NONE
2026-09-18T15:37:30.116+00:00,494.542,routine,Adaptive thermal response carryover,duty,1775,426.2,71.77,inkbird_lowest_internal,,1,87,71.77,72.18,80.52,110.7,,71.57,72.18,80.62,110.9,,1,,50.0,0.0,0,NONE
2026-09-18T15:37:31.116+00:00,495.542,routine,Adaptive thermal response carryover,duty,1775,427.5,71.77,inkbird_lowest_internal,,1,87,71.77,72.18,80.52,110.7,,71.57,72.18,80.62,110.9,,1,,50.0,0.0,0,NONE
2026-09-18T15:37:32.116+00:00,496.542,routine,Adaptive thermal response carryover,duty,1775,427.1,72.07,inkbird_lowest_internal,,1,87,72.07,72.46,80.85,111.16,,71.87,72.46,80.95,111.36,,1,,50.0,0.0,0,NONE
2026-09-18T15:37:33.116+00:00,497.542,routine,Adaptive thermal response carryover,duty,1775,428.0,72.07,inkbird_lowest_internal,,1,87,72.07,72.46,80.85,111.16,,71.87,72.46,80.95,111.36,,1,,50.0,0.0,0,NONE
2026-09-18T15:37:34.116+00:00,498.542,routine,Adaptive thermal response carryover,duty,1775,427.5,72.38,inkbird_lowest_internal,,1,87,72.38,72.74,81.17,111.62,,72.18,72.74,81.27,111.82,,1,,50.0,0.0,0,NONE
2026-09-18T15:37:35.116+00:00,499.542,routine,Adaptive thermal response carryover,duty,1775,427.5,72.38,inkbird_lowest_internal,,1,87,72.38,72.74,81.17,111.62,,72.18,72.74,81.27,111.82,,1,,50.0,0.0,0,NONE
2026-09-18T15:37:36.116+00:00,500.542,routine,Adaptive thermal response carryover,duty,1775,427.1,72.69,inkbird_lowest_internal,,1,87,72.69,73.02,81.48,112.09,,72.49,73.02,81.58,112.29,,1,,50.0,0.0,0,NONE
2026-09-18T15:37:37.116+00:00,501.542,routine,Adaptive thermal response carryover,duty,1775,426.6,72.69,inkbird_lowest_internal,,1,87,72.69,73.02,81.48,112.09,,72.49,73.02,81.58,112.29,,1,,50.0,0.0,0,NONE
2026-09-18T15:37:38.116+00:00,502.542,routine,Adaptive thermal response carryover,duty,1775,427.1,72.99,inkbird_lowest_internal,,1,87,72.99,73.3,81.81,112.54,,72.79,73.3,81.91,112.74,,1,,50.0,0.0,0,NONE
2026-09-18T15:37:39.116+00:00,503.542,routine,Adaptive thermal response carryover,duty,1775,426.6,72.99,inkbird_lowest_internal,,1,87,72.99,73.3,81.81,112.54,,72.79,73.3,81.91,112.74,,1,,50.0,0.0,0,NONE
2026-09-18T15:37:39.616+00:00,504.042,routine,Adaptive thermal response carryover,duty,1775,426.2,72.99,inkbird_lowest_internal,,1,87,72.99,73.3,81.81,112.54,,72.79,73.3,81.91,112.74,,1,,50.0,0.0,0,NONE
2026-09-18T15:37:40.616+00:00,505.042,routine,Adaptive thermal response carryover,duty,1775,426.6,73.3,inkbird_lowest_internal,,1,87,73.3,73.6,82.14,112.99,,73.1,73.6,82.24,113.19,,1,,50.0,0.0,0,NONE
2026-09-18T15:37:41.616+00:00,506.042,routine,Adaptive thermal response carryover,duty,1775,427.1,73.3,inkbird_lowest_internal,,1,87,73.3,73.6,82.14,112.99,,73.1,73.6,82.24,113.19,,1,,50.0,0.0,0,NONE
2026-09-18T15:37:42.116+00:00,506.542,routine,Adaptive thermal response carryover,duty,1775,425.8,73.6,inkbird_lowest_internal,,1,87,73.6,73.89,82.47,113.43,,73.4,73.89,82.57,113.63,,1,,50.0,0.0,0,NONE
2026-09-18T15:37:43.116+00:00,507.542,routine,Adaptive thermal response carryover,duty,1775,425.8,73.6,inkbird_lowest_internal,,1,87,73.6,73.89,82.47,113.43,,73.4,73.89,82.57,113.63,,1,,50.0,0.0,0,NONE
2026-09-18T15:37:44.116+00:00,508.542,routine,Adaptive thermal response carryover,duty,1775,426.2,73.92,inkbird_lowest_internal,,1,87,73.92,74.17,82.78,113.86,,73.72,74.17,82.88,114.06,,1,,50.0,0.0,0,NONE
2026-09-18T15:37:45.116+00:00,509.542,routine,Adaptive thermal response carryover,duty,1775,426.6,73.92,inkbird_lowest_internal,,1,87,73.92,74.17,82.78,113.86,,73.72,74.17,82.88,114.06,,1,,50.0,0.0,0,NONE
2026-09-18T15:37:46.116+00:00,510.542,routine,Adaptive thermal response carryover,duty,1775,426.2,74.23,inkbird_lowest_internal,,1,87,74.23,74.46,83.09,114.29,,74.03,74.46,83.19,114.49,,1,,50.0,0.0,0,NONE
2026-09-18T15:37:47.115+00:00,511.541,routine,Adaptive thermal response carryover,duty,1775,426.2,74.23,inkbird_lowest_internal,,1,87,74.23,74.46,83.09,114.29,,74.03,74.46,83.19,114.49,,1,,50.0,0.0,0,NONE
2026-09-18T15:37:47.616+00:00,512.042,routine,Adaptive thermal response carryover,duty,1775,426.2,74.23,inkbird_lowest_internal,,1,87,74.23,74.46,83.09,114.29,,74.03,74.46,83.19,114.49,,1,,50.0,0.0,0,NONE
2026-09-18T15:37:48.615+00:00,513.041,routine,Adaptive thermal response carryover,duty,1775,425.8,74.54,inkbird_lowest_internal,,1,87,74.54,74.75,83.41,114.72,,74.34,74.75,83.51,114.92,,1,,50.0,0.0,0,NONE
2026-09-18T15:37:49.115+00:00,513.542,routine,Adaptive thermal response carryover,duty,1775,425.3,74.54,inkbird_lowest_internal,,1,87,74.54,74.75,83.41,114.72,,74.34,74.75,83.51,114.92,,1,,50.0,0.0,0,NONE
2026-09-18T15:37:50.115+00:00,514.541,routine,Adaptive thermal response carryover,duty,1775,425.8,74.85,inkbird_lowest_internal,,1,87,74.85,75.04,83.73,115.14,,74.65,75.04,83.83,115.34,,1,,50.0,0.0,0,NONE
2026-09-18T15:37:51.115+00:00,515.541,routine,Adaptive thermal response carryover,duty,1775,425.8,74.85,inkbird_lowest_internal,,1,87,74.85,75.04,83.73,115.14,,74.65,75.04,83.83,115.34,,1,,50.0,0.0,0,NONE
2026-09-18T15:37:52.115+00:00,516.541,routine,Adaptive thermal response carryover,duty,1775,424.9,75.17,inkbird_lowest_internal,,1,87,75.17,75.32,84.04,115.56,,74.97,75.32,84.14,115.76,,1,,50.0,0.0,0,NONE
2026-09-18T15:37:52.615+00:00,517.041,routine,Adaptive thermal response carryover,duty,1775,424.9,75.17,inkbird_lowest_internal,,1,87,75.17,75.32,84.04,115.56,,74.97,75.32,84.14,115.76,,1,,50.0,0.0,0,NONE
2026-09-18T15:37:53.615+00:00,518.041,routine,Adaptive thermal response carryover,duty,1775,424.9,75.17,inkbird_lowest_internal,,1,87,75.17,75.32,84.04,115.56,,74.97,75.32,84.14,115.76,,1,,50.0,0.0,0,NONE
2026-09-18T15:37:54.115+00:00,518.541,routine,Adaptive thermal response carryover,duty,1775,424.9,75.49,inkbird_lowest_internal,,1,87,75.49,75.6,84.36,115.98,,75.29,75.6,84.46,116.18,,1,,50.0,0.0,0,NONE
2026-09-18T15:37:54.615+00:00,519.041,routine,Adaptive thermal response carryover,duty,1775,424.9,75.49,inkbird_lowest_internal,,1,87,75.49,75.6,84.36,115.98,,75.29,75.6,84.46,116.18,,1,,50.0,0.0,0,NONE
2026-09-18T15:37:55.115+00:00,519.541,routine,Adaptive thermal response carryover,duty,1775,424.9,75.49,inkbird_lowest_internal,,1,87,75.49,75.6,84.36,115.98,,75.29,75.6,84.46,116.18,,1,,50.0,0.0,0,NONE
2026-09-18T15:37:56.115+00:00,520.541,routine,Adaptive thermal response carryover,duty,1775,424.9,75.8,inkbird_lowest_internal,,1,87,75.8,75.89,84.67,116.38,,75.6,75.89,84.77,116.58,,1,,50.0,0.0,0,NONE
2026-09-18T15:37:57.115+00:00,521.541,routine,Adaptive thermal response carryover,duty,1775,424.4,75.8,inkbird_lowest_internal,,1,87,75.8,75.89,84.67,116.38,,75.6,75.89,84.77,116.58,,1,,50.0,0.0,0,NONE
2026-09-18T15:37:58.115+00:00,522.541,routine,Adaptive thermal response carryover,duty,1775,424.4,76.11,inkbird_lowest_internal,,1,87,76.11,76.17,84.98,116.78,,75.91,76.17,85.08,116.98,,1,,50.0,0.0,0,NONE
2026-09-18T15:37:59.115+00:00,523.541,routine,Adaptive thermal response carryover,duty,1775,424.0,76.11,inkbird_lowest_internal,,1,87,76.11,76.17,84.98,116.78,,75.91,76.17,85.08,116.98,,1,,50.0,0.0,0,NONE
2026-09-18T15:38:00.115+00:00,524.541,routine,Adaptive thermal response carryover,duty,1775,424.0,76.44,inkbird_lowest_internal,,1,87,76.44,76.46,85.29,117.18,,76.24,76.46,85.39,117.38,,1,,50.0,0.0,0,NONE
2026-09-18T15:38:00.616+00:00,525.042,routine,Adaptive thermal response carryover,duty,1775,424.0,76.44,inkbird_lowest_internal,,1,87,76.44,76.46,85.29,117.18,,76.24,76.46,85.39,117.38,,1,,50.0,0.0,0,NONE
2026-09-18T15:38:01.615+00:00,526.041,routine,Adaptive thermal response carryover,duty,1775,424.0,76.44,inkbird_lowest_internal,,1,87,76.44,76.46,85.29,117.18,,76.24,76.46,85.39,117.38,,1,,50.0,0.0,0,NONE
2026-09-18T15:38:02.615+00:00,527.041,routine,Adaptive thermal response carryover,duty,1775,423.5,76.75,inkbird_lowest_internal,,1,87,76.75,76.75,85.61,117.58,,76.55,76.75,85.71,117.78,,1,,50.0,0.0,0,NONE
2026-09-18T15:38:03.615+00:00,528.041,routine,Adaptive thermal response carryover,duty,1775,423.5,76.75,inkbird_lowest_internal,,1,87,76.75,76.75,85.61,117.58,,76.55,76.75,85.71,117.78,,1,,50.0,0.0,0,NONE
2026-09-18T15:38:04.615+00:00,529.041,routine,Adaptive thermal response carryover,duty,1775,423.0,77.04,inkbird_lowest_internal,,1,87,77.08,77.04,85.91,117.97,,76.88,77.04,86.01,118.17,,1,,50.0,0.0,0,NONE
2026-09-18T15:38:05.615+00:00,530.041,routine,Adaptive thermal response carryover,duty,1775,422.6,77.04,inkbird_lowest_internal,,1,87,77.08,77.04,85.91,117.97,,76.88,77.04,86.01,118.17,,1,,50.0,0.0,0,NONE
2026-09-18T15:38:06.615+00:00,531.041,routine,Adaptive thermal response carryover,duty,1775,423.0,77.32,inkbird_lowest_internal,,1,87,77.39,77.32,86.22,118.34,,77.19,77.32,86.32,118.54,,1,,50.0,0.0,0,NONE
2026-09-18T15:38:07.615+00:00,532.041,routine,Adaptive thermal response carryover,duty,1775,422.6,77.32,inkbird_lowest_internal,,1,87,77.39,77.32,86.22,118.34,,77.19,77.32,86.32,118.54,,1,,50.0,0.0,0,NONE
2026-09-18T15:38:08.615+00:00,533.041,routine,Adaptive thermal response carryover,duty,1775,422.6,77.6,inkbird_lowest_internal,,1,87,77.71,77.6,86.54,118.72,,77.51,77.6,86.64,118.92,,1,,50.0,0.0,0,NONE
2026-09-18T15:38:09.615+00:00,534.041,routine,Adaptive thermal response carryover,duty,1775,422.6,77.6,inkbird_lowest_internal,,1,87,77.71,77.6,86.54,118.72,,77.51,77.6,86.64,118.92,,1,,50.0,0.0,0,NONE
2026-09-18T15:38:10.615+00:00,535.041,routine,Adaptive thermal response carryover,duty,1775,422.6,77.89,inkbird_lowest_internal,,1,87,78.03,77.89,86.83,119.1,,77.83,77.89,86.93,119.3,,1,,50.0,0.0,0,NONE
2026-09-18T15:38:11.615+00:00,536.041,routine,Adaptive thermal response carryover,duty,1775,422.1,77.89,inkbird_lowest_internal,,1,87,78.03,77.89,86.83,119.1,,77.83,77.89,86.93,119.3,,1,,50.0,0.0,0,NONE
2026-09-18T15:38:12.615+00:00,537.041,routine,Adaptive thermal response carryover,duty,1775,422.1,78.18,inkbird_lowest_internal,,1,87,78.35,78.18,87.1,119.48,,78.15,78.18,87.2,119.68,,1,,50.0,0.0,0,NONE
2026-09-18T15:38:13.615+00:00,538.041,routine,Adaptive thermal response carryover,duty,1775,421.7,78.18,inkbird_lowest_internal,,1,87,78.35,78.18,87.1,119.48,,78.15,78.18,87.2,119.68,,1,,50.0,0.0,0,NONE
2026-09-18T15:38:14.615+00:00,539.041,routine,Adaptive thermal response carryover,duty,1775,420.4,78.47,inkbird_lowest_internal,,1,87,78.67,78.47,87.39,119.85,,78.47,78.47,87.49,120.05,,1,,50.0,0.0,0,NONE
2026-09-18T15:38:15.615+00:00,540.041,routine,Adaptive thermal response carryover,duty,1775,420.4,78.47,inkbird_lowest_internal,,1,87,78.67,78.47,87.39,119.85,,78.47,78.47,87.49,120.05,,1,,50.0,0.0,0,NONE
2026-09-18T15:38:16.615+00:00,541.041,routine,Adaptive thermal response carryover,duty,1775,421.3,78.75,inkbird_lowest_internal,,1,87,78.98,78.75,87.69,120.21,,78.78,78.75,87.79,120.41,,1,,50.0,0.0,0,NONE
2026-09-18T15:38:17.615+00:00,542.041,routine,Adaptive thermal response carryover,duty,1775,420.8,78.75,inkbird_lowest_internal,,1,87,78.98,78.75,87.69,120.21,,78.78,78.75,87.79,120.41,,1,,50.0,0.0,0,NONE
2026-09-18T15:38:18.615+00:00,543.041,routine,Adaptive thermal response carryover,duty,1775,421.3,79.03,inkbird_lowest_internal,,1,87,79.31,79.03,87.98,120.57,,79.11,79.03,88.08,120.77,,1,,50.0,0.0,0,NONE
2026-09-18T15:38:19.614+00:00,544.040,routine,Adaptive thermal response carryover,duty,1775,421.7,79.03,inkbird_lowest_internal,,1,87,79.31,79.03,87.98,120.57,,79.11,79.03,88.08,120.77,,1,,50.0,0.0,0,NONE
2026-09-18T15:38:20.115+00:00,544.541,routine,Adaptive thermal response carryover,duty,1775,420.4,79.31,inkbird_lowest_internal,,1,87,79.62,79.31,88.27,120.93,,79.42,79.31,88.37,121.13,,1,,50.0,0.0,0,NONE
2026-09-18T15:38:21.115+00:00,545.541,routine,Adaptive thermal response carryover,duty,1775,421.3,79.31,inkbird_lowest_internal,,1,87,79.62,79.31,88.27,120.93,,79.42,79.31,88.37,121.13,,1,,50.0,0.0,0,NONE
2026-09-18T15:38:22.114+00:00,546.540,routine,Adaptive thermal response carryover,duty,1775,420.4,79.58,inkbird_lowest_internal,,1,87,79.94,79.58,88.56,121.29,,79.74,79.58,88.66,121.49,,1,,50.0,0.0,0,NONE
2026-09-18T15:38:23.115+00:00,547.541,routine,Adaptive thermal response carryover,duty,1775,419.9,79.58,inkbird_lowest_internal,,1,87,79.94,79.58,88.56,121.29,,79.74,79.58,88.66,121.49,,1,,50.0,0.0,0,NONE
2026-09-18T15:38:24.115+00:00,548.541,routine,Adaptive thermal response carryover,duty,1775,419.9,79.87,inkbird_lowest_internal,,1,87,80.25,79.87,88.86,121.63,,80.05,79.87,88.96,121.83,,1,,50.0,0.0,0,NONE
2026-09-18T15:38:25.114+00:00,549.541,routine,Adaptive thermal response carryover,duty,1775,419.9,79.87,inkbird_lowest_internal,,1,87,80.25,79.87,88.86,121.63,,80.05,79.87,88.96,121.83,,1,,50.0,0.0,0,NONE
2026-09-18T15:38:26.114+00:00,550.540,routine,Adaptive thermal response carryover,duty,1775,419.9,80.14,inkbird_lowest_internal,,1,87,80.58,80.14,89.15,121.98,,80.38,80.14,89.25,122.18,,1,,50.0,0.0,0,NONE
2026-09-18T15:38:27.114+00:00,551.540,routine,Adaptive thermal response carryover,duty,1775,419.0,80.14,inkbird_lowest_internal,,1,87,80.58,80.14,89.15,121.98,,80.38,80.14,89.25,122.18,,1,,50.0,0.0,0,NONE
2026-09-18T15:38:28.114+00:00,552.540,routine,Adaptive thermal response carryover,duty,1775,419.0,80.43,inkbird_lowest_internal,,1,87,80.9,80.43,89.43,122.33,,80.7,80.43,89.53,122.53,,1,,50.0,0.0,0,NONE
2026-09-18T15:38:29.114+00:00,553.540,routine,Adaptive thermal response carryover,duty,1775,419.9,80.43,inkbird_lowest_internal,,1,87,80.9,80.43,89.43,122.33,,80.7,80.43,89.53,122.53,,1,,50.0,0.0,0,NONE
2026-09-18T15:38:30.114+00:00,554.540,routine,Adaptive thermal response carryover,duty,1775,419.5,80.71,inkbird_lowest_internal,,1,87,81.22,80.71,89.72,122.67,,81.02,80.71,89.82,122.87,,1,,50.0,0.0,0,NONE
2026-09-18T15:38:31.114+00:00,555.540,routine,Adaptive thermal response carryover,duty,1775,419.0,80.71,inkbird_lowest_internal,,1,87,81.22,80.71,89.72,122.67,,81.02,80.71,89.82,122.87,,1,,50.0,0.0,0,NONE
2026-09-18T15:38:32.114+00:00,556.540,routine,Adaptive thermal response carryover,duty,1775,419.9,80.99,inkbird_lowest_internal,,1,87,81.54,80.99,90.02,123.01,,81.34,80.99,90.12,123.21,,1,,50.0,0.0,0,NONE
2026-09-18T15:38:33.114+00:00,557.540,routine,Adaptive thermal response carryover,duty,1775,419.5,80.99,inkbird_lowest_internal,,1,87,81.54,80.99,90.02,123.01,,81.34,80.99,90.12,123.21,,1,,50.0,0.0,0,NONE
2026-09-18T15:38:34.114+00:00,558.540,routine,Adaptive thermal response carryover,duty,1775,419.0,81.27,inkbird_lowest_internal,,1,87,81.86,81.27,90.3,123.35,,81.66,81.27,90.4,123.55,,1,,50.0,0.0,0,NONE
2026-09-18T15:38:35.114+00:00,559.540,routine,Adaptive thermal response carryover,duty,1775,419.0,81.27,inkbird_lowest_internal,,1,87,81.86,81.27,90.3,123.35,,81.66,81.27,90.4,123.55,,1,,50.0,0.0,0,NONE
2026-09-18T15:38:36.116+00:00,560.542,routine,Adaptive thermal response carryover,duty,1775,418.5,81.55,inkbird_lowest_internal,,1,87,82.17,81.55,90.61,123.7,,81.97,81.55,90.71,123.9,,1,,50.0,0.0,0,NONE
2026-09-18T15:38:37.114+00:00,561.540,routine,Adaptive thermal response carryover,duty,1775,418.5,81.55,inkbird_lowest_internal,,1,87,82.17,81.55,90.61,123.7,,81.97,81.55,90.71,123.9,,1,,50.0,0.0,0,NONE
2026-09-18T15:38:37.614+00:00,562.040,routine,Adaptive thermal response carryover,duty,1775,418.1,81.55,inkbird_lowest_internal,,1,87,82.17,81.55,90.61,123.7,,81.97,81.55,90.71,123.9,,1,,50.0,0.0,0,NONE
2026-09-18T15:38:38.614+00:00,563.040,routine,Adaptive thermal response carryover,duty,1775,418.1,81.81,inkbird_lowest_internal,,1,87,82.49,81.81,90.88,124.03,,82.29,81.81,90.98,124.23,,1,,50.0,0.0,0,NONE
2026-09-18T15:38:39.614+00:00,564.040,routine,Adaptive thermal response carryover,duty,1775,418.5,81.81,inkbird_lowest_internal,,1,87,82.49,81.81,90.88,124.03,,82.29,81.81,90.98,124.23,,1,,50.0,0.0,0,NONE
2026-09-18T15:38:40.614+00:00,565.040,routine,Adaptive thermal response carryover,duty,1775,419.0,82.1,inkbird_lowest_internal,,1,87,82.81,82.1,91.15,124.35,,82.61,82.1,91.25,124.55,,1,,50.0,0.0,0,NONE
2026-09-18T15:38:41.614+00:00,566.040,routine,Adaptive thermal response carryover,duty,1775,419.0,82.1,inkbird_lowest_internal,,1,87,82.81,82.1,91.15,124.35,,82.61,82.1,91.25,124.55,,1,,50.0,0.0,0,NONE
2026-09-18T15:38:42.114+00:00,566.540,routine,Adaptive thermal response carryover,duty,1775,419.0,82.38,inkbird_lowest_internal,,1,87,83.13,82.38,91.43,124.68,,82.93,82.38,91.53,124.88,,1,,50.0,0.0,0,NONE
2026-09-18T15:38:43.114+00:00,567.540,routine,Adaptive thermal response carryover,duty,1775,418.5,82.38,inkbird_lowest_internal,,1,87,83.13,82.38,91.43,124.68,,82.93,82.38,91.53,124.88,,1,,50.0,0.0,0,NONE
2026-09-18T15:38:44.114+00:00,568.540,routine,Adaptive thermal response carryover,duty,1775,417.6,82.66,inkbird_lowest_internal,,1,87,83.46,82.66,91.72,125.0,,83.26,82.66,91.82,125.2,,1,,50.0,0.0,0,NONE
2026-09-18T15:38:45.114+00:00,569.540,routine,Adaptive thermal response carryover,duty,1775,418.1,82.66,inkbird_lowest_internal,,1,87,83.46,82.66,91.72,125.0,,83.26,82.66,91.82,125.2,,1,,50.0,0.0,0,NONE
2026-09-18T15:38:46.114+00:00,570.540,routine,Adaptive thermal response carryover,duty,1775,418.5,82.94,inkbird_lowest_internal,,1,87,83.77,82.94,92.0,125.33,,83.57,82.94,92.1,125.53,,1,,50.0,0.0,0,NONE
2026-09-18T15:38:47.114+00:00,571.540,routine,Adaptive thermal response carryover,duty,1775,418.5,82.94,inkbird_lowest_internal,,1,87,83.77,82.94,92.0,125.33,,83.57,82.94,92.1,125.53,,1,,50.0,0.0,0,NONE
2026-09-18T15:38:48.114+00:00,572.540,routine,Adaptive thermal response carryover,duty,1775,418.5,83.21,inkbird_lowest_internal,,1,87,84.09,83.21,92.28,125.65,,83.89,83.21,92.38,125.85,,1,,50.0,0.0,0,NONE
2026-09-18T15:38:49.114+00:00,573.540,routine,Adaptive thermal response carryover,duty,1775,417.6,83.21,inkbird_lowest_internal,,1,87,84.09,83.21,92.28,125.65,,83.89,83.21,92.38,125.85,,1,,50.0,0.0,0,NONE
2026-09-18T15:38:50.114+00:00,574.540,routine,Adaptive thermal response carryover,duty,1775,417.2,83.49,inkbird_lowest_internal,,1,87,84.4,83.49,92.55,125.97,,84.2,83.49,92.65,126.17,,1,,50.0,0.0,0,NONE
2026-09-18T15:38:50.614+00:00,575.040,routine,Adaptive thermal response carryover,duty,1775,418.1,83.49,inkbird_lowest_internal,,1,87,84.4,83.49,92.55,125.97,,84.2,83.49,92.65,126.17,,1,,50.0,0.0,0,NONE
2026-09-18T15:38:51.614+00:00,576.040,routine,Adaptive thermal response carryover,duty,1775,417.6,83.49,inkbird_lowest_internal,,1,87,84.4,83.49,92.55,125.97,,84.2,83.49,92.65,126.17,,1,,50.0,0.0,0,NONE
2026-09-18T15:38:52.114+00:00,576.540,routine,Adaptive thermal response carryover,duty,1775,418.1,83.77,inkbird_lowest_internal,,1,87,84.72,83.77,92.82,126.29,,84.52,83.77,92.92,126.49,,1,,50.0,0.0,0,NONE
2026-09-18T15:38:53.114+00:00,577.540,routine,Adaptive thermal response carryover,duty,1775,418.5,83.77,inkbird_lowest_internal,,1,87,84.72,83.77,92.82,126.29,,84.52,83.77,92.92,126.49,,1,,50.0,0.0,0,NONE
2026-09-18T15:38:54.114+00:00,578.540,routine,Adaptive thermal response carryover,duty,1775,418.5,84.03,inkbird_lowest_internal,,1,87,85.03,84.03,93.1,126.59,,84.83,84.03,93.2,126.79,,1,,50.0,0.0,0,NONE
2026-09-18T15:38:55.113+00:00,579.539,routine,Adaptive thermal response carryover,duty,1775,418.5,84.03,inkbird_lowest_internal,,1,87,85.03,84.03,93.1,126.59,,84.83,84.03,93.2,126.79,,1,,50.0,0.0,0,NONE
2026-09-18T15:38:55.613+00:00,580.040,routine,Adaptive thermal response carryover,duty,1775,418.1,84.03,inkbird_lowest_internal,,1,87,85.03,84.03,93.1,126.59,,84.83,84.03,93.2,126.79,,1,,50.0,0.0,0,NONE
2026-09-18T15:38:56.614+00:00,581.040,routine,Adaptive thermal response carryover,duty,1775,417.2,84.31,inkbird_lowest_internal,,1,87,85.35,84.31,93.39,126.9,,85.15,84.31,93.49,127.1,,1,,50.0,0.0,0,NONE
2026-09-18T15:38:57.614+00:00,582.040,routine,Adaptive thermal response carryover,duty,1775,417.6,84.31,inkbird_lowest_internal,,1,87,85.35,84.31,93.39,126.9,,85.15,84.31,93.49,127.1,,1,,50.0,0.0,0,NONE
2026-09-18T15:38:58.613+00:00,583.040,routine,Adaptive thermal response carryover,duty,1775,418.1,84.58,inkbird_lowest_internal,,1,87,85.65,84.58,93.66,127.21,,85.45,84.58,93.76,127.41,,1,,50.0,0.0,0,NONE
2026-09-18T15:38:59.613+00:00,584.039,routine,Adaptive thermal response carryover,duty,1775,417.6,84.58,inkbird_lowest_internal,,1,87,85.65,84.58,93.66,127.21,,85.45,84.58,93.76,127.41,,1,,50.0,0.0,0,NONE
2026-09-18T15:39:00.613+00:00,585.039,routine,Adaptive thermal response carryover,duty,1775,418.1,84.87,inkbird_lowest_internal,,1,87,85.97,84.87,93.94,127.53,,85.77,84.87,94.04,127.73,,1,,50.0,0.0,0,NONE
2026-09-18T15:39:01.613+00:00,586.039,routine,Adaptive thermal response carryover,duty,1775,417.6,84.87,inkbird_lowest_internal,,1,87,85.97,84.87,93.94,127.53,,85.77,84.87,94.04,127.73,,1,,50.0,0.0,0,NONE
2026-09-18T15:39:02.613+00:00,587.039,routine,Adaptive thermal response carryover,duty,1775,417.2,85.14,inkbird_lowest_internal,,1,87,86.29,85.14,94.21,127.85,,86.09,85.14,94.31,128.05,,1,,50.0,0.0,0,NONE
2026-09-18T15:39:03.613+00:00,588.039,routine,Adaptive thermal response carryover,duty,1775,417.6,85.14,inkbird_lowest_internal,,1,87,86.29,85.14,94.21,127.85,,86.09,85.14,94.31,128.05,,1,,50.0,0.0,0,NONE
2026-09-18T15:39:04.613+00:00,589.039,routine,Adaptive thermal response carryover,duty,1775,418.1,85.41,inkbird_lowest_internal,,1,87,86.59,85.41,94.49,128.16,,86.39,85.41,94.59,128.36,,1,,50.0,0.0,0,NONE
2026-09-18T15:39:05.113+00:00,589.539,routine,Adaptive thermal response carryover,duty,1775,418.1,85.41,inkbird_lowest_internal,,1,87,86.59,85.41,94.49,128.16,,86.39,85.41,94.59,128.36,,1,,50.0,0.0,0,NONE
2026-09-18T15:39:05.613+00:00,590.039,routine,Adaptive thermal response carryover,duty,1775,417.6,85.41,inkbird_lowest_internal,,1,87,86.59,85.41,94.49,128.16,,86.39,85.41,94.59,128.36,,1,,50.0,0.0,0,NONE
2026-09-18T15:39:06.613+00:00,591.039,routine,Adaptive thermal response carryover,duty,1775,416.8,85.68,inkbird_lowest_internal,,1,87,86.91,85.68,94.76,128.47,,86.71,85.68,94.86,128.67,,1,,50.0,0.0,0,NONE
2026-09-18T15:39:07.613+00:00,592.039,routine,Adaptive thermal response carryover,duty,1775,417.6,85.68,inkbird_lowest_internal,,1,87,86.91,85.68,94.76,128.47,,86.71,85.68,94.86,128.67,,1,,50.0,0.0,0,NONE
2026-09-18T15:39:08.113+00:00,592.539,routine,Adaptive thermal response carryover,duty,1775,417.6,85.95,inkbird_lowest_internal,,1,87,87.23,85.95,95.03,128.76,,87.03,85.95,95.13,128.96,,1,,50.0,0.0,0,NONE
2026-09-18T15:39:09.113+00:00,593.539,routine,Adaptive thermal response carryover,duty,1775,417.6,85.95,inkbird_lowest_internal,,1,87,87.23,85.95,95.03,128.76,,87.03,85.95,95.13,128.96,,1,,50.0,0.0,0,NONE
2026-09-18T15:39:09.613+00:00,594.039,routine,Adaptive thermal response carryover,duty,1775,418.1,85.95,inkbird_lowest_internal,,1,87,87.23,85.95,95.03,128.76,,87.03,85.95,95.13,128.96,,1,,50.0,0.0,0,NONE
2026-09-18T15:39:10.613+00:00,595.039,routine,Adaptive thermal response carryover,duty,1775,417.6,86.23,inkbird_lowest_internal,,1,87,87.53,86.23,95.3,129.07,,87.33,86.23,95.4,129.27,,1,,50.0,0.0,0,NONE
2026-09-18T15:39:11.613+00:00,596.039,routine,Adaptive thermal response carryover,duty,1775,418.1,86.23,inkbird_lowest_internal,,1,87,87.53,86.23,95.3,129.07,,87.33,86.23,95.4,129.27,,1,,50.0,0.0,0,NONE
2026-09-18T15:39:12.113+00:00,596.539,routine,Adaptive thermal response carryover,duty,1775,416.3,86.5,inkbird_lowest_internal,,1,87,87.84,86.5,95.57,129.38,,87.64,86.5,95.67,129.58,,1,,50.0,0.0,0,NONE
2026-09-18T15:39:13.113+00:00,597.539,routine,Adaptive thermal response carryover,duty,1775,417.6,86.5,inkbird_lowest_internal,,1,87,87.84,86.5,95.57,129.38,,87.64,86.5,95.67,129.58,,1,,50.0,0.0,0,NONE
2026-09-18T15:39:14.113+00:00,598.539,routine,Adaptive thermal response carryover,duty,1775,416.8,86.78,inkbird_lowest_internal,,1,87,88.14,86.78,95.85,129.69,,87.94,86.78,95.95,129.89,,1,,50.0,0.0,0,NONE
2026-09-18T15:39:15.113+00:00,599.539,routine,Adaptive thermal response carryover,duty,1775,417.2,86.78,inkbird_lowest_internal,,1,87,88.14,86.78,95.85,129.69,,87.94,86.78,95.95,129.89,,1,,50.0,0.0,0,NONE
2026-09-18T15:39:15.613+00:00,600.039,routine,Adaptive thermal response carryover,duty,1775,417.6,86.78,inkbird_lowest_internal,,1,87,88.14,86.78,95.85,129.69,,87.94,86.78,95.95,129.89,,1,,50.0,0.0,0,NONE
2026-09-18T15:39:16.613+00:00,601.039,routine,Adaptive thermal response carryover,duty,1775,417.2,87.08,inkbird_lowest_internal,,1,87,88.44,87.08,96.12,129.99,,88.24,87.08,96.22,130.19,,1,,50.0,0.0,0,NONE
2026-09-18T15:39:17.613+00:00,602.039,routine,Adaptive thermal response carryover,duty,1775,417.6,87.08,inkbird_lowest_internal,,1,87,88.44,87.08,96.12,129.99,,88.24,87.08,96.22,130.19,,1,,50.0,0.0,0,NONE
2026-09-18T15:39:18.613+00:00,603.039,routine,Adaptive thermal response carryover,duty,1775,417.2,87.3,inkbird_lowest_internal,,1,87,88.73,87.3,96.39,130.29,,88.53,87.3,96.49,130.49,,1,,50.0,0.0,0,NONE
2026-09-18T15:39:19.613+00:00,604.039,routine,Adaptive thermal response carryover,duty,1775,418.1,87.3,inkbird_lowest_internal,,1,87,88.73,87.3,96.39,130.29,,88.53,87.3,96.49,130.49,,1,,50.0,0.0,0,NONE
2026-09-18T15:39:20.113+00:00,604.539,routine,Adaptive thermal response carryover,duty,1775,417.6,87.55,inkbird_lowest_internal,,1,87,89.02,87.55,96.67,130.59,,88.82,87.55,96.77,130.79,,1,,50.0,0.0,0,NONE
2026-09-18T15:39:21.113+00:00,605.539,routine,Adaptive thermal response carryover,duty,1775,417.6,87.55,inkbird_lowest_internal,,1,87,89.02,87.55,96.67,130.59,,88.82,87.55,96.77,130.79,,1,,50.0,0.0,0,NONE
2026-09-18T15:39:22.113+00:00,606.539,routine,Adaptive thermal response carryover,duty,1775,418.1,87.82,inkbird_lowest_internal,,1,87,89.3,87.82,96.92,130.9,,89.1,87.82,97.02,131.1,,1,,50.0,0.0,0,NONE
2026-09-18T15:39:23.113+00:00,607.539,routine,Adaptive thermal response carryover,duty,1775,417.2,87.82,inkbird_lowest_internal,,1,87,89.3,87.82,96.92,130.9,,89.1,87.82,97.02,131.1,,1,,50.0,0.0,0,NONE
2026-09-18T15:39:23.613+00:00,608.039,routine,Adaptive thermal response carryover,duty,1775,417.6,87.82,inkbird_lowest_internal,,1,87,89.3,87.82,96.92,130.9,,89.1,87.82,97.02,131.1,,1,,50.0,0.0,0,NONE
2026-09-18T15:39:24.613+00:00,609.039,routine,Adaptive thermal response carryover,duty,1775,417.6,88.09,inkbird_lowest_internal,,1,87,89.58,88.09,97.2,131.21,,89.38,88.09,97.3,131.41,,1,,50.0,0.0,0,NONE
2026-09-18T15:39:25.613+00:00,610.039,routine,Adaptive thermal response carryover,duty,1775,417.6,88.09,inkbird_lowest_internal,,1,87,89.58,88.09,97.2,131.21,,89.38,88.09,97.3,131.41,,1,,50.0,0.0,0,NONE
2026-09-18T15:39:26.613+00:00,611.039,routine,Adaptive thermal response carryover,duty,1775,418.1,88.36,inkbird_lowest_internal,,1,87,89.86,88.36,97.46,131.51,,89.66,88.36,97.56,131.71,,1,,50.0,0.0,0,NONE
2026-09-18T15:39:27.613+00:00,612.039,routine,Adaptive thermal response carryover,duty,1775,418.5,88.36,inkbird_lowest_internal,,1,87,89.86,88.36,97.46,131.51,,89.66,88.36,97.56,131.71,,1,,50.0,0.0,0,NONE
2026-09-18T15:39:28.613+00:00,613.039,routine,Adaptive thermal response carryover,duty,1775,417.6,88.62,inkbird_lowest_internal,,1,87,90.13,88.62,97.73,131.8,,89.93,88.62,97.83,132.0,,1,,50.0,0.0,0,NONE
2026-09-18T15:39:29.613+00:00,614.039,routine,Adaptive thermal response carryover,duty,1775,418.1,88.62,inkbird_lowest_internal,,1,87,90.13,88.62,97.73,131.8,,89.93,88.62,97.83,132.0,,1,,50.0,0.0,0,NONE
2026-09-18T15:39:30.612+00:00,615.038,routine,Adaptive thermal response carryover,duty,1775,418.5,88.89,inkbird_lowest_internal,,1,87,90.4,88.89,98.0,132.09,,90.2,88.89,98.1,132.29,,1,,50.0,0.0,0,NONE
2026-09-18T15:39:31.113+00:00,615.539,routine,Adaptive thermal response carryover,duty,1775,418.1,88.89,inkbird_lowest_internal,,1,87,90.4,88.89,98.0,132.09,,90.2,88.89,98.1,132.29,,1,,50.0,0.0,0,NONE
2026-09-18T15:39:32.113+00:00,616.539,routine,Adaptive thermal response carryover,duty,1775,417.6,89.15,inkbird_lowest_internal,,1,87,90.67,89.15,98.26,132.4,,90.47,89.15,98.36,132.6,,1,,50.0,0.0,0,NONE
2026-09-18T15:39:33.113+00:00,617.539,routine,Adaptive thermal response carryover,duty,1775,418.5,89.15,inkbird_lowest_internal,,1,87,90.67,89.15,98.26,132.4,,90.47,89.15,98.36,132.6,,1,,50.0,0.0,0,NONE
2026-09-18T15:39:34.112+00:00,618.539,routine,Adaptive thermal response carryover,duty,1775,418.1,89.42,inkbird_lowest_internal,,1,87,90.93,89.42,98.52,132.7,,90.73,89.42,98.62,132.9,,1,,50.0,0.0,0,NONE
2026-09-18T15:39:35.112+00:00,619.538,routine,Adaptive thermal response carryover,duty,1775,418.1,89.42,inkbird_lowest_internal,,1,87,90.93,89.42,98.52,132.7,,90.73,89.42,98.62,132.9,,1,,50.0,0.0,0,NONE
2026-09-18T15:39:35.612+00:00,620.038,routine,Adaptive thermal response carryover,duty,1775,418.1,89.42,inkbird_lowest_internal,,1,87,90.93,89.42,98.52,132.7,,90.73,89.42,98.62,132.9,,1,,50.0,0.0,0,NONE
2026-09-18T15:39:36.612+00:00,621.038,routine,Adaptive thermal response carryover,duty,1775,418.5,89.68,inkbird_lowest_internal,,1,87,91.2,89.68,98.79,132.98,,91.0,89.68,98.89,133.18,,1,,50.0,0.0,0,NONE
2026-09-18T15:39:37.612+00:00,622.038,routine,Adaptive thermal response carryover,duty,1775,418.5,89.68,inkbird_lowest_internal,,1,87,91.2,89.68,98.79,132.98,,91.0,89.68,98.89,133.18,,1,,50.0,0.0,0,NONE
2026-09-18T15:39:38.612+00:00,623.038,routine,Adaptive thermal response carryover,duty,1775,418.1,89.94,inkbird_lowest_internal,,1,87,91.47,89.94,99.06,133.27,,91.27,89.94,99.16,133.47,,1,,50.0,0.0,0,NONE
2026-09-18T15:39:39.113+00:00,623.539,routine,Adaptive thermal response carryover,duty,1775,417.6,89.94,inkbird_lowest_internal,,1,87,91.47,89.94,99.06,133.27,,91.27,89.94,99.16,133.47,,1,,50.0,0.0,0,NONE
2026-09-18T15:39:40.112+00:00,624.538,routine,Adaptive thermal response carryover,duty,1775,418.1,90.21,inkbird_lowest_internal,,1,87,91.74,90.21,99.33,133.57,,91.54,90.21,99.43,133.77,,1,,50.0,0.0,0,NONE
2026-09-18T15:39:41.112+00:00,625.538,routine,Adaptive thermal response carryover,duty,1775,419.0,90.21,inkbird_lowest_internal,,1,87,91.74,90.21,99.33,133.57,,91.54,90.21,99.43,133.77,,1,,50.0,0.0,0,NONE
2026-09-18T15:39:42.112+00:00,626.538,routine,Adaptive thermal response carryover,duty,1775,419.0,90.46,inkbird_lowest_internal,,1,87,92.02,90.46,99.59,133.87,,91.82,90.46,99.69,134.07,,1,,50.0,0.0,0,NONE
2026-09-18T15:39:43.112+00:00,627.538,routine,Adaptive thermal response carryover,duty,1775,418.5,90.46,inkbird_lowest_internal,,1,87,92.02,90.46,99.59,133.87,,91.82,90.46,99.69,134.07,,1,,50.0,0.0,0,NONE
2026-09-18T15:39:44.112+00:00,628.538,routine,Adaptive thermal response carryover,duty,1775,419.0,90.73,inkbird_lowest_internal,,1,87,92.28,90.73,99.85,134.17,,92.08,90.73,99.95,134.37,,1,,50.0,0.0,0,NONE
2026-09-18T15:39:44.612+00:00,629.038,routine,Adaptive thermal response carryover,duty,1775,417.6,90.73,inkbird_lowest_internal,,1,87,92.28,90.73,99.85,134.17,,92.08,90.73,99.95,134.37,,1,,50.0,0.0,0,NONE
2026-09-18T15:39:45.612+00:00,630.038,routine,Adaptive thermal response carryover,duty,1775,418.5,90.73,inkbird_lowest_internal,,1,87,92.28,90.73,99.85,134.17,,92.08,90.73,99.95,134.37,,1,,50.0,0.0,0,NONE
2026-09-18T15:39:46.612+00:00,631.038,routine,Adaptive thermal response carryover,duty,1775,419.5,91.0,inkbird_lowest_internal,,1,87,92.57,91.0,100.13,134.45,,92.37,91.0,100.23,134.65,,1,,50.0,0.0,0,NONE
2026-09-18T15:39:47.612+00:00,632.038,routine,Adaptive thermal response carryover,duty,1775,417.6,91.0,inkbird_lowest_internal,,1,87,92.57,91.0,100.13,134.45,,92.37,91.0,100.23,134.65,,1,,50.0,0.0,0,NONE
2026-09-18T15:39:48.612+00:00,633.038,routine,Adaptive thermal response carryover,duty,1775,419.5,91.26,inkbird_lowest_internal,,1,87,92.84,91.26,100.38,134.74,,92.64,91.26,100.48,134.94,,1,,50.0,0.0,0,NONE
2026-09-18T15:39:49.112+00:00,633.538,routine,Adaptive thermal response carryover,duty,1775,418.5,91.26,inkbird_lowest_internal,,1,87,92.84,91.26,100.38,134.74,,92.64,91.26,100.48,134.94,,1,,50.0,0.0,0,NONE
2026-09-18T15:39:49.612+00:00,634.038,routine,Adaptive thermal response carryover,duty,1775,418.5,91.26,inkbird_lowest_internal,,1,87,92.84,91.26,100.38,134.74,,92.64,91.26,100.48,134.94,,1,,50.0,0.0,0,NONE
2026-09-18T15:39:50.612+00:00,635.038,routine,Adaptive thermal response carryover,duty,1775,418.5,91.5,inkbird_lowest_internal,,1,87,93.11,91.5,100.63,135.05,,92.91,91.5,100.73,135.25,,1,,50.0,0.0,0,NONE
2026-09-18T15:39:51.612+00:00,636.038,routine,Adaptive thermal response carryover,duty,1775,419.0,91.5,inkbird_lowest_internal,,1,87,93.11,91.5,100.63,135.05,,92.91,91.5,100.73,135.25,,1,,50.0,0.0,0,NONE
2026-09-18T15:39:52.112+00:00,636.538,routine,Adaptive thermal response carryover,duty,1775,419.5,91.76,inkbird_lowest_internal,,1,87,93.39,91.76,100.89,135.34,,93.19,91.76,100.99,135.54,,1,,50.0,0.0,0,NONE
2026-09-18T15:39:53.112+00:00,637.538,routine,Adaptive thermal response carryover,duty,1775,419.0,91.76,inkbird_lowest_internal,,1,87,93.39,91.76,100.89,135.34,,93.19,91.76,100.99,135.54,,1,,50.0,0.0,0,NONE
2026-09-18T15:39:53.612+00:00,638.038,routine,Adaptive thermal response carryover,duty,1775,419.5,91.76,inkbird_lowest_internal,,1,87,93.39,91.76,100.89,135.34,,93.19,91.76,100.99,135.54,,1,,50.0,0.0,0,NONE
2026-09-18T15:39:54.612+00:00,639.038,routine,Adaptive thermal response carryover,duty,1775,419.5,92.02,inkbird_lowest_internal,,1,87,93.67,92.02,101.15,135.66,,93.47,92.02,101.25,135.86,,1,,50.0,0.0,0,NONE
2026-09-18T15:39:55.612+00:00,640.038,routine,Adaptive thermal response carryover,duty,1775,419.0,92.02,inkbird_lowest_internal,,1,87,93.67,92.02,101.15,135.66,,93.47,92.02,101.25,135.86,,1,,50.0,0.0,0,NONE
2026-09-18T15:39:56.612+00:00,641.038,routine,Adaptive thermal response carryover,duty,1775,419.5,92.27,inkbird_lowest_internal,,1,87,93.95,92.27,101.42,135.97,,93.75,92.27,101.52,136.17,,1,,50.0,0.0,0,NONE
2026-09-18T15:39:57.612+00:00,642.038,routine,Adaptive thermal response carryover,duty,1775,419.9,92.27,inkbird_lowest_internal,,1,87,93.95,92.27,101.42,135.97,,93.75,92.27,101.52,136.17,,1,,50.0,0.0,0,NONE
2026-09-18T15:39:58.612+00:00,643.038,routine,Adaptive thermal response carryover,duty,1775,419.5,92.55,inkbird_lowest_internal,,1,87,94.22,92.55,101.68,136.27,,94.02,92.55,101.78,136.47,,1,,50.0,0.0,0,NONE
2026-09-18T15:39:59.612+00:00,644.038,routine,Adaptive thermal response carryover,duty,1775,419.0,92.55,inkbird_lowest_internal,,1,87,94.22,92.55,101.68,136.27,,94.02,92.55,101.78,136.47,,1,,50.0,0.0,0,NONE
2026-09-18T15:40:00.612+00:00,645.038,routine,Adaptive thermal response carryover,duty,1775,419.5,92.8,inkbird_lowest_internal,,1,87,94.49,92.8,101.95,136.59,,94.29,92.8,102.05,136.79,,1,,50.0,0.0,0,NONE
2026-09-18T15:40:01.612+00:00,646.038,routine,Adaptive thermal response carryover,duty,1775,419.9,92.8,inkbird_lowest_internal,,1,87,94.49,92.8,101.95,136.59,,94.29,92.8,102.05,136.79,,1,,50.0,0.0,0,NONE
2026-09-18T15:40:02.612+00:00,647.038,routine,Adaptive thermal response carryover,duty,1775,419.9,93.05,inkbird_lowest_internal,,1,87,94.76,93.05,102.21,136.92,,94.56,93.05,102.31,137.12,,1,,50.0,0.0,0,NONE
2026-09-18T15:40:03.611+00:00,648.037,routine,Adaptive thermal response carryover,duty,1775,419.5,93.05,inkbird_lowest_internal,,1,87,94.76,93.05,102.21,136.92,,94.56,93.05,102.31,137.12,,1,,50.0,0.0,0,NONE
2026-09-18T15:40:04.611+00:00,649.037,routine,Adaptive thermal response carryover,duty,1775,419.9,93.3,inkbird_lowest_internal,,1,87,95.05,93.3,102.49,137.22,,94.85,93.3,102.59,137.42,,1,,50.0,0.0,0,NONE
2026-09-18T15:40:05.111+00:00,649.538,routine,Adaptive thermal response carryover,duty,1775,419.5,93.3,inkbird_lowest_internal,,1,87,95.05,93.3,102.49,137.22,,94.85,93.3,102.59,137.42,,1,,50.0,0.0,0,NONE
2026-09-18T15:40:05.612+00:00,650.038,routine,Adaptive thermal response carryover,duty,1775,419.5,93.3,inkbird_lowest_internal,,1,87,95.05,93.3,102.49,137.22,,94.85,93.3,102.59,137.42,,1,,50.0,0.0,0,NONE
2026-09-18T15:40:06.612+00:00,651.038,routine,Adaptive thermal response carryover,duty,1775,420.4,93.56,inkbird_lowest_internal,,1,87,95.33,93.56,102.75,137.51,,95.13,93.56,102.85,137.71,,1,,50.0,0.0,0,NONE
2026-09-18T15:40:07.612+00:00,652.038,routine,Adaptive thermal response carryover,duty,1775,420.4,93.56,inkbird_lowest_internal,,1,87,95.33,93.56,102.75,137.51,,95.13,93.56,102.85,137.71,,1,,50.0,0.0,0,NONE
2026-09-18T15:40:08.611+00:00,653.038,routine,Adaptive thermal response carryover,duty,1775,420.4,93.82,inkbird_lowest_internal,,1,87,95.61,93.82,103.01,137.8,,95.41,93.82,103.11,138.0,,1,,50.0,0.0,0,NONE
2026-09-18T15:40:09.611+00:00,654.038,routine,Adaptive thermal response carryover,duty,1775,420.4,93.82,inkbird_lowest_internal,,1,87,95.61,93.82,103.01,137.8,,95.41,93.82,103.11,138.0,,1,,50.0,0.0,0,NONE
2026-09-18T15:40:10.111+00:00,654.538,routine,Adaptive thermal response carryover,duty,1775,420.4,94.08,inkbird_lowest_internal,,1,87,95.89,94.08,103.26,138.09,,95.69,94.08,103.36,138.29,,1,,50.0,0.0,0,NONE
2026-09-18T15:40:11.111+00:00,655.537,routine,Adaptive thermal response carryover,duty,1775,420.8,94.08,inkbird_lowest_internal,,1,87,95.89,94.08,103.26,138.09,,95.69,94.08,103.36,138.29,,1,,50.0,0.0,0,NONE
2026-09-18T15:40:11.611+00:00,656.037,routine,Adaptive thermal response carryover,duty,1775,420.8,94.08,inkbird_lowest_internal,,1,87,95.89,94.08,103.26,138.09,,95.69,94.08,103.36,138.29,,1,,50.0,0.0,0,NONE
2026-09-18T15:40:12.611+00:00,657.037,routine,Adaptive thermal response carryover,duty,1775,420.8,94.33,inkbird_lowest_internal,,1,87,96.17,94.33,103.53,138.39,,95.97,94.33,103.63,138.59,,1,,50.0,0.0,0,NONE
2026-09-18T15:40:13.611+00:00,658.037,routine,Adaptive thermal response carryover,duty,1775,420.8,94.33,inkbird_lowest_internal,,1,87,96.17,94.33,103.53,138.39,,95.97,94.33,103.63,138.59,,1,,50.0,0.0,0,NONE
2026-09-18T15:40:14.611+00:00,659.037,routine,Adaptive thermal response carryover,duty,1775,420.8,94.59,inkbird_lowest_internal,,1,87,96.45,94.59,103.79,138.66,,96.25,94.59,103.89,138.86,,1,,50.0,0.0,0,NONE
2026-09-18T15:40:15.111+00:00,659.537,routine,Adaptive thermal response carryover,duty,1775,420.8,94.59,inkbird_lowest_internal,,1,87,96.45,94.59,103.79,138.66,,96.25,94.59,103.89,138.86,,1,,50.0,0.0,0,NONE
2026-09-18T15:40:15.611+00:00,660.037,routine,Adaptive thermal response carryover,duty,1775,420.8,94.59,inkbird_lowest_internal,,1,87,96.45,94.59,103.79,138.66,,96.25,94.59,103.89,138.86,,1,,50.0,0.0,0,NONE
2026-09-18T15:40:16.611+00:00,661.037,routine,Adaptive thermal response carryover,duty,1775,420.8,94.85,inkbird_lowest_internal,,1,87,96.73,94.85,104.05,138.93,,96.53,94.85,104.15,139.13,,1,,50.0,0.0,0,NONE
2026-09-18T15:40:17.343+00:00,661.769,routine,Adaptive thermal response carryover,duty,2388,420.4,94.85,inkbird_lowest_internal,,1,87,96.73,94.85,104.05,138.93,,96.53,94.85,104.15,139.13,,1,,50.0,0.0,0,NONE
2026-09-18T15:40:18.111+00:00,662.537,routine,Adaptive thermal response carryover,duty,2388,419.5,95.09,inkbird_lowest_internal,,1,87,97.02,95.09,104.31,139.2,,96.82,95.09,104.41,139.4,,1,,50.0,0.0,0,NONE
2026-09-18T15:40:18.611+00:00,663.037,routine,Adaptive thermal response carryover,duty,2388,419.9,95.09,inkbird_lowest_internal,,1,87,97.02,95.09,104.31,139.2,,96.82,95.09,104.41,139.4,,1,,50.0,0.0,0,NONE
2026-09-18T15:40:19.611+00:00,664.037,routine,Adaptive thermal response carryover,duty,2388,419.5,95.09,inkbird_lowest_internal,,1,87,97.02,95.09,104.31,139.2,,96.82,95.09,104.41,139.4,,1,,50.0,0.0,0,NONE
2026-09-18T15:40:20.611+00:00,665.037,routine,Adaptive thermal response carryover,duty,2388,419.9,95.36,inkbird_lowest_internal,,1,87,97.3,95.36,104.57,139.46,,97.1,95.36,104.67,139.66,,1,,50.0,0.0,0,NONE
2026-09-18T15:40:21.611+00:00,666.037,routine,Adaptive thermal response carryover,duty,2388,419.5,95.36,inkbird_lowest_internal,,1,87,97.3,95.36,104.57,139.46,,97.1,95.36,104.67,139.66,,1,,50.0,0.0,0,NONE
2026-09-18T15:40:22.611+00:00,667.037,routine,Adaptive thermal response carryover,duty,2388,421.3,95.61,inkbird_lowest_internal,,1,87,97.59,95.61,104.81,139.73,,97.39,95.61,104.91,139.93,,1,,50.0,0.0,0,NONE
2026-09-18T15:40:23.111+00:00,667.537,routine,Adaptive thermal response carryover,duty,2388,421.3,95.61,inkbird_lowest_internal,,1,87,97.59,95.61,104.81,139.73,,97.39,95.61,104.91,139.93,,1,,50.0,0.0,0,NONE
2026-09-18T15:40:24.111+00:00,668.537,routine,Adaptive thermal response carryover,duty,2388,419.5,95.86,inkbird_lowest_internal,,1,87,97.89,95.86,105.06,140.0,,97.69,95.86,105.16,140.2,,1,,50.0,0.0,0,NONE
2026-09-18T15:40:24.611+00:00,669.037,routine,Adaptive thermal response carryover,duty,2388,420.4,95.86,inkbird_lowest_internal,,1,87,97.89,95.86,105.06,140.0,,97.69,95.86,105.16,140.2,,1,,50.0,0.0,0,NONE
2026-09-18T15:40:25.611+00:00,670.037,routine,Adaptive thermal response carryover,duty,2388,419.5,96.12,inkbird_lowest_internal,,1,87,98.18,96.12,105.32,140.26,,97.98,96.12,105.42,140.46,,1,,50.0,0.0,0,NONE
2026-09-18T15:40:26.611+00:00,671.037,routine,Adaptive thermal response carryover,duty,2388,420.4,96.12,inkbird_lowest_internal,,1,87,98.18,96.12,105.32,140.26,,97.98,96.12,105.42,140.46,,1,,50.0,0.0,0,NONE
2026-09-18T15:40:27.111+00:00,671.537,routine,Adaptive thermal response carryover,duty,2388,419.9,96.12,inkbird_lowest_internal,,1,87,98.18,96.12,105.32,140.26,,97.98,96.12,105.42,140.46,,1,,50.0,0.0,0,NONE
2026-09-18T15:40:28.111+00:00,672.537,routine,Adaptive thermal response carryover,duty,2388,419.5,96.37,inkbird_lowest_internal,,1,87,98.49,96.37,105.56,140.52,,98.29,96.37,105.66,140.72,,1,,50.0,0.0,0,NONE
2026-09-18T15:40:29.111+00:00,673.537,routine,Adaptive thermal response carryover,duty,2388,419.0,96.37,inkbird_lowest_internal,,1,87,98.49,96.37,105.56,140.52,,98.29,96.37,105.66,140.72,,1,,50.0,0.0,0,NONE
2026-09-18T15:40:30.111+00:00,674.537,routine,Adaptive thermal response carryover,duty,2388,419.9,96.61,inkbird_lowest_internal,,1,87,98.79,96.61,105.81,140.78,,98.59,96.61,105.91,140.98,,1,,50.0,0.0,0,NONE
2026-09-18T15:40:30.611+00:00,675.037,routine,Adaptive thermal response carryover,duty,2388,419.9,96.61,inkbird_lowest_internal,,1,87,98.79,96.61,105.81,140.78,,98.59,96.61,105.91,140.98,,1,,50.0,0.0,0,NONE
2026-09-18T15:40:31.611+00:00,676.037,routine,Adaptive thermal response carryover,duty,2388,419.9,96.86,inkbird_lowest_internal,,1,87,99.1,96.86,106.07,141.07,,98.9,96.86,106.17,141.27,,1,,50.0,0.0,0,NONE
2026-09-18T15:40:32.111+00:00,676.537,routine,Adaptive thermal response carryover,duty,2388,419.0,96.86,inkbird_lowest_internal,,1,87,99.1,96.86,106.07,141.07,,98.9,96.86,106.17,141.27,,1,,50.0,0.0,0,NONE
2026-09-18T15:40:33.111+00:00,677.537,routine,Adaptive thermal response carryover,duty,2388,419.0,96.86,inkbird_lowest_internal,,1,87,99.1,96.86,106.07,141.07,,98.9,96.86,106.17,141.27,,1,,50.0,0.0,0,NONE
2026-09-18T15:40:34.111+00:00,678.537,routine,Adaptive thermal response carryover,duty,2388,419.5,97.11,inkbird_lowest_internal,,1,87,99.4,97.11,106.31,141.33,,99.2,97.11,106.41,141.53,,1,,50.0,0.0,0,NONE
2026-09-18T15:40:35.111+00:00,679.537,routine,Adaptive thermal response carryover,duty,2388,419.0,97.11,inkbird_lowest_internal,,1,87,99.4,97.11,106.31,141.33,,99.2,97.11,106.41,141.53,,1,,50.0,0.0,0,NONE
2026-09-18T15:40:36.111+00:00,680.537,routine,Adaptive thermal response carryover,duty,2388,419.5,97.36,inkbird_lowest_internal,,1,87,99.71,97.36,106.55,141.6,,99.51,97.36,106.65,141.8,,1,,50.0,0.0,0,NONE
2026-09-18T15:40:37.110+00:00,681.537,routine,Adaptive thermal response carryover,duty,2388,419.5,97.36,inkbird_lowest_internal,,1,87,99.71,97.36,106.55,141.6,,99.51,97.36,106.65,141.8,,1,,50.0,0.0,0,NONE
2026-09-18T15:40:38.110+00:00,682.536,routine,Adaptive thermal response carryover,duty,2388,419.0,97.6,inkbird_lowest_internal,,1,87,100.03,97.6,106.8,141.86,,99.83,97.6,106.9,142.06,,1,,50.0,0.0,0,NONE
2026-09-18T15:40:39.110+00:00,683.537,routine,Adaptive thermal response carryover,duty,2388,418.5,97.6,inkbird_lowest_internal,,1,87,100.03,97.6,106.8,141.86,,99.83,97.6,106.9,142.06,,1,,50.0,0.0,0,NONE
2026-09-18T15:40:40.110+00:00,684.536,routine,Adaptive thermal response carryover,duty,2388,417.2,97.86,inkbird_lowest_internal,,1,87,100.33,97.86,107.05,142.14,,100.13,97.86,107.15,142.34,,1,,50.0,0.0,0,NONE
2026-09-18T15:40:41.111+00:00,685.537,routine,Adaptive thermal response carryover,duty,2388,418.1,97.86,inkbird_lowest_internal,,1,87,100.33,97.86,107.05,142.14,,100.13,97.86,107.15,142.34,,1,,50.0,0.0,0,NONE
2026-09-18T15:40:42.110+00:00,686.536,routine,Adaptive thermal response carryover,duty,2388,418.1,98.11,inkbird_lowest_internal,,1,87,100.65,98.11,107.29,142.41,,100.45,98.11,107.39,142.61,,1,,50.0,0.0,0,NONE
2026-09-18T15:40:43.110+00:00,687.536,routine,Adaptive thermal response carryover,duty,2388,417.6,98.11,inkbird_lowest_internal,,1,87,100.65,98.11,107.29,142.41,,100.45,98.11,107.39,142.61,,1,,50.0,0.0,0,NONE
2026-09-18T15:40:43.610+00:00,688.036,routine,Adaptive thermal response carryover,duty,2388,417.6,98.36,inkbird_lowest_internal,,1,87,100.96,98.36,107.54,142.69,,100.76,98.36,107.64,142.89,,1,,50.0,0.0,0,NONE
2026-09-18T15:40:44.610+00:00,689.036,routine,Adaptive thermal response carryover,duty,2388,418.1,98.36,inkbird_lowest_internal,,1,87,100.96,98.36,107.54,142.69,,100.76,98.36,107.64,142.89,,1,,50.0,0.0,0,NONE
2026-09-18T15:40:45.610+00:00,690.036,routine,Adaptive thermal response carryover,duty,2388,417.2,98.59,inkbird_lowest_internal,,1,87,101.27,98.59,107.78,142.95,,101.07,98.59,107.88,143.15,,1,,50.0,0.0,0,NONE
2026-09-18T15:40:46.610+00:00,691.036,routine,Adaptive thermal response carryover,duty,2388,417.6,98.59,inkbird_lowest_internal,,1,87,101.27,98.59,107.78,142.95,,101.07,98.59,107.88,143.15,,1,,50.0,0.0,0,NONE
2026-09-18T15:40:47.610+00:00,692.036,routine,Adaptive thermal response carryover,duty,2388,417.6,98.84,inkbird_lowest_internal,,1,87,101.57,98.84,108.03,143.22,,101.37,98.84,108.13,143.42,,1,,50.0,0.0,0,NONE
2026-09-18T15:40:48.610+00:00,693.036,routine,Adaptive thermal response carryover,duty,2388,416.3,98.84,inkbird_lowest_internal,,1,87,101.57,98.84,108.03,143.22,,101.37,98.84,108.13,143.42,,1,,50.0,0.0,0,NONE
2026-09-18T15:40:49.610+00:00,694.036,routine,Adaptive thermal response carryover,duty,2388,415.4,99.1,inkbird_lowest_internal,,1,87,101.86,99.1,108.29,143.49,,101.66,99.1,108.39,143.69,,1,,50.0,0.0,0,NONE
2026-09-18T15:40:50.610+00:00,695.036,routine,Adaptive thermal response carryover,duty,2388,416.8,99.1,inkbird_lowest_internal,,1,87,101.86,99.1,108.29,143.49,,101.66,99.1,108.39,143.69,,1,,50.0,0.0,0,NONE
2026-09-18T15:40:51.110+00:00,695.536,routine,Adaptive thermal response carryover,duty,2388,416.8,99.1,inkbird_lowest_internal,,1,87,101.86,99.1,108.29,143.49,,101.66,99.1,108.39,143.69,,1,,50.0,0.0,0,NONE
2026-09-18T15:40:51.612+00:00,696.038,routine,Adaptive thermal response carryover,duty,2388,416.3,99.33,inkbird_lowest_internal,,1,87,102.16,99.33,108.53,143.75,,101.96,99.33,108.63,143.95,,1,,50.0,0.0,0,NONE
2026-09-18T15:40:52.610+00:00,697.036,routine,Adaptive thermal response carryover,duty,2388,416.8,99.33,inkbird_lowest_internal,,1,87,102.16,99.33,108.53,143.75,,101.96,99.33,108.63,143.95,,1,,50.0,0.0,0,NONE
2026-09-18T15:40:53.610+00:00,698.036,routine,Adaptive thermal response carryover,duty,2388,415.9,99.59,inkbird_lowest_internal,,1,87,102.45,99.59,108.78,144.02,,102.25,99.59,108.88,144.22,,1,,50.0,0.0,0,NONE
2026-09-18T15:40:54.610+00:00,699.036,routine,Adaptive thermal response carryover,duty,2388,415.0,99.59,inkbird_lowest_internal,,1,87,102.45,99.59,108.78,144.02,,102.25,99.59,108.88,144.22,,1,,50.0,0.0,0,NONE
2026-09-18T15:40:55.610+00:00,700.036,routine,Adaptive thermal response carryover,duty,2388,415.4,99.84,inkbird_lowest_internal,,1,87,102.75,99.84,109.02,144.28,,102.55,99.84,109.12,144.48,,1,,50.0,0.0,0,NONE
2026-09-18T15:40:56.610+00:00,701.036,routine,Adaptive thermal response carryover,duty,2388,416.3,99.84,inkbird_lowest_internal,,1,87,102.75,99.84,109.02,144.28,,102.55,99.84,109.12,144.48,,1,,50.0,0.0,0,NONE
2026-09-18T15:40:57.110+00:00,701.536,routine,Adaptive thermal response carryover,duty,2388,416.3,99.84,inkbird_lowest_internal,,1,87,102.75,99.84,109.02,144.28,,102.55,99.84,109.12,144.48,,1,,50.0,0.0,0,NONE
2026-09-18T15:40:58.110+00:00,702.536,routine,Adaptive thermal response carryover,duty,2388,415.9,100.1,inkbird_lowest_internal,,1,87,103.04,100.1,109.26,144.54,,102.84,100.1,109.36,144.74,,1,,50.0,0.0,0,NONE
2026-09-18T15:40:58.610+00:00,703.036,routine,Adaptive thermal response carryover,duty,2388,414.5,100.1,inkbird_lowest_internal,,1,87,103.04,100.1,109.26,144.54,,102.84,100.1,109.36,144.74,,1,,50.0,0.0,0,NONE
2026-09-18T15:40:59.610+00:00,704.036,routine,Adaptive thermal response carryover,duty,2388,415.4,100.35,inkbird_lowest_internal,,1,87,103.32,100.35,109.52,144.78,,103.12,100.35,109.62,144.98,,1,,50.0,0.0,0,NONE
2026-09-18T15:41:00.610+00:00,705.036,routine,Adaptive thermal response carryover,duty,2388,414.5,100.35,inkbird_lowest_internal,,1,87,103.32,100.35,109.52,144.78,,103.12,100.35,109.62,144.98,,1,,50.0,0.0,0,NONE
2026-09-18T15:41:01.610+00:00,706.036,routine,Adaptive thermal response carryover,duty,2388,414.5,100.6,inkbird_lowest_internal,,1,87,103.6,100.6,109.76,145.04,,103.4,100.6,109.86,145.24,,1,,50.0,0.0,0,NONE
2026-09-18T15:41:02.610+00:00,707.036,routine,Adaptive thermal response carryover,duty,2388,414.5,100.6,inkbird_lowest_internal,,1,87,103.6,100.6,109.76,145.04,,103.4,100.6,109.86,145.24,,1,,50.0,0.0,0,NONE
2026-09-18T15:41:03.610+00:00,708.036,routine,Adaptive thermal response carryover,duty,2388,414.5,100.84,inkbird_lowest_internal,,1,87,103.89,100.84,110.0,145.28,,103.69,100.84,110.1,145.48,,1,,50.0,0.0,0,NONE
2026-09-18T15:41:04.610+00:00,709.036,routine,Adaptive thermal response carryover,duty,2388,414.0,100.84,inkbird_lowest_internal,,1,87,103.89,100.84,110.0,145.28,,103.69,100.84,110.1,145.48,,1,,50.0,0.0,0,NONE
2026-09-18T15:41:05.610+00:00,710.036,routine,Adaptive thermal response carryover,duty,2388,414.0,101.08,inkbird_lowest_internal,,1,87,104.17,101.08,110.24,145.53,,103.97,101.08,110.34,145.73,,1,,50.0,0.0,0,NONE
2026-09-18T15:41:06.610+00:00,711.036,routine,Adaptive thermal response carryover,duty,2388,414.0,101.08,inkbird_lowest_internal,,1,87,104.17,101.08,110.24,145.53,,103.97,101.08,110.34,145.73,,1,,50.0,0.0,0,NONE
2026-09-18T15:41:07.610+00:00,712.036,routine,Adaptive thermal response carryover,duty,2388,413.6,101.33,inkbird_lowest_internal,,1,87,104.45,101.33,110.48,145.77,,104.25,101.33,110.58,145.97,,1,,50.0,0.0,0,NONE
2026-09-18T15:41:08.610+00:00,713.036,routine,Adaptive thermal response carryover,duty,2388,412.7,101.33,inkbird_lowest_internal,,1,87,104.45,101.33,110.48,145.77,,104.25,101.33,110.58,145.97,,1,,50.0,0.0,0,NONE
2026-09-18T15:41:09.610+00:00,714.036,routine,Adaptive thermal response carryover,duty,2388,413.1,101.58,inkbird_lowest_internal,,1,87,104.73,101.58,110.72,146.0,,104.53,101.58,110.82,146.2,,1,,50.0,0.0,0,NONE
2026-09-18T15:41:10.610+00:00,715.036,routine,Adaptive thermal response carryover,duty,2388,413.6,101.58,inkbird_lowest_internal,,1,87,104.73,101.58,110.72,146.0,,104.53,101.58,110.82,146.2,,1,,50.0,0.0,0,NONE
2026-09-18T15:41:11.609+00:00,716.036,routine,Adaptive thermal response carryover,duty,2388,413.1,101.58,inkbird_lowest_internal,,1,87,104.73,101.58,110.72,146.0,,104.53,101.58,110.82,146.2,,1,,50.0,0.0,0,NONE
2026-09-18T15:41:12.109+00:00,716.536,routine,Adaptive thermal response carryover,duty,2388,413.1,101.82,inkbird_lowest_internal,,1,87,105.0,101.82,110.96,146.24,,104.8,101.82,111.06,146.44,,1,,50.0,0.0,0,NONE
2026-09-18T15:41:12.610+00:00,717.036,routine,Adaptive thermal response carryover,duty,2388,412.7,101.82,inkbird_lowest_internal,,1,87,105.0,101.82,110.96,146.24,,104.8,101.82,111.06,146.44,,1,,50.0,0.0,0,NONE
2026-09-18T15:41:13.609+00:00,718.035,routine,Adaptive thermal response carryover,duty,2388,413.1,102.06,inkbird_lowest_internal,,1,87,105.28,102.06,111.2,146.47,,105.08,102.06,111.3,146.67,,1,,50.0,0.0,0,NONE
2026-09-18T15:41:14.109+00:00,718.535,routine,Adaptive thermal response carryover,duty,2388,413.1,102.06,inkbird_lowest_internal,,1,87,105.28,102.06,111.2,146.47,,105.08,102.06,111.3,146.67,,1,,50.0,0.0,0,NONE
2026-09-18T15:41:15.109+00:00,719.535,routine,Adaptive thermal response carryover,duty,2388,411.8,102.06,inkbird_lowest_internal,,1,87,105.28,102.06,111.2,146.47,,105.08,102.06,111.3,146.67,,1,,50.0,0.0,0,NONE
2026-09-18T15:41:15.609+00:00,720.035,routine,Adaptive thermal response carryover,duty,2388,411.8,102.3,inkbird_lowest_internal,,1,87,105.56,102.3,111.44,146.7,,105.36,102.3,111.54,146.9,,1,,50.0,0.0,0,NONE
2026-09-18T15:41:16.109+00:00,720.535,routine,Adaptive thermal response carryover,duty,2388,412.7,102.3,inkbird_lowest_internal,,1,87,105.56,102.3,111.44,146.7,,105.36,102.3,111.54,146.9,,1,,50.0,0.0,0,NONE
2026-09-18T15:41:17.109+00:00,721.535,routine,Adaptive thermal response carryover,duty,2388,412.3,102.3,inkbird_lowest_internal,,1,87,105.56,102.3,111.44,146.7,,105.36,102.3,111.54,146.9,,1,,50.0,0.0,0,NONE
2026-09-18T15:41:18.109+00:00,722.535,routine,Adaptive thermal response carryover,duty,2388,411.8,102.55,inkbird_lowest_internal,,1,87,105.84,102.55,111.66,146.93,,105.64,102.55,111.76,147.13,,1,,50.0,0.0,0,NONE
2026-09-18T15:41:19.109+00:00,723.535,routine,Adaptive thermal response carryover,duty,2388,411.8,102.55,inkbird_lowest_internal,,1,87,105.84,102.55,111.66,146.93,,105.64,102.55,111.76,147.13,,1,,50.0,0.0,0,NONE
2026-09-18T15:41:20.109+00:00,724.535,routine,Adaptive thermal response carryover,duty,2388,411.8,102.77,inkbird_lowest_internal,,1,87,106.11,102.77,111.89,147.15,,105.91,102.77,111.99,147.35,,1,,50.0,0.0,0,NONE
2026-09-18T15:41:21.109+00:00,725.535,routine,Adaptive thermal response carryover,duty,2388,410.5,102.77,inkbird_lowest_internal,,1,87,106.11,102.77,111.89,147.15,,105.91,102.77,111.99,147.35,,1,,50.0,0.0,0,NONE
2026-09-18T15:41:21.609+00:00,726.035,routine,Adaptive thermal response carryover,duty,2388,411.8,103.02,inkbird_lowest_internal,,1,87,106.38,103.02,112.13,147.37,,106.18,103.02,112.23,147.57,,1,,50.0,0.0,0,NONE
2026-09-18T15:41:22.109+00:00,726.535,routine,Adaptive thermal response carryover,duty,2388,411.8,103.02,inkbird_lowest_internal,,1,87,106.38,103.02,112.13,147.37,,106.18,103.02,112.23,147.57,,1,,50.0,0.0,0,NONE
2026-09-18T15:41:23.109+00:00,727.535,routine,Adaptive thermal response carryover,duty,2388,409.5,103.02,inkbird_lowest_internal,,1,87,106.38,103.02,112.13,147.37,,106.18,103.02,112.23,147.57,,1,,50.0,0.0,0,NONE
2026-09-18T15:41:24.109+00:00,728.535,routine,Adaptive thermal response carryover,duty,2388,410.9,103.25,inkbird_lowest_internal,,1,87,106.64,103.25,112.36,147.59,,106.44,103.25,112.46,147.79,,1,,50.0,0.0,0,NONE
2026-09-18T15:41:25.109+00:00,729.535,routine,Adaptive thermal response carryover,duty,2388,410.5,103.25,inkbird_lowest_internal,,1,87,106.64,103.25,112.36,147.59,,106.44,103.25,112.46,147.79,,1,,50.0,0.0,0,NONE
2026-09-18T15:41:26.109+00:00,730.535,routine,Adaptive thermal response carryover,duty,2388,410.9,103.48,inkbird_lowest_internal,,1,87,106.91,103.48,112.59,147.81,,106.71,103.48,112.69,148.01,,1,,50.0,0.0,0,NONE
2026-09-18T15:41:27.109+00:00,731.535,routine,Adaptive thermal response carryover,duty,2388,410.0,103.48,inkbird_lowest_internal,,1,87,106.91,103.48,112.59,147.81,,106.71,103.48,112.69,148.01,,1,,50.0,0.0,0,NONE
2026-09-18T15:41:28.109+00:00,732.535,routine,Adaptive thermal response carryover,duty,2388,410.9,103.71,inkbird_lowest_internal,,1,87,107.18,103.71,112.81,148.03,,106.98,103.71,112.91,148.23,,1,,50.0,0.0,0,NONE
2026-09-18T15:41:29.109+00:00,733.535,routine,Adaptive thermal response carryover,duty,2388,410.9,103.71,inkbird_lowest_internal,,1,87,107.18,103.71,112.81,148.03,,106.98,103.71,112.91,148.23,,1,,50.0,0.0,0,NONE
2026-09-18T15:41:30.109+00:00,734.535,routine,Adaptive thermal response carryover,duty,2388,410.0,103.95,inkbird_lowest_internal,,1,87,107.44,103.95,113.04,148.25,,107.24,103.95,113.14,148.45,,1,,50.0,0.0,0,NONE
2026-09-18T15:41:31.109+00:00,735.535,routine,Adaptive thermal response carryover,duty,2388,409.1,103.95,inkbird_lowest_internal,,1,87,107.44,103.95,113.04,148.25,,107.24,103.95,113.14,148.45,,1,,50.0,0.0,0,NONE
2026-09-18T15:41:31.609+00:00,736.035,routine,Adaptive thermal response carryover,duty,2388,410.5,104.18,inkbird_lowest_internal,,1,87,107.7,104.18,113.27,148.45,,107.5,104.18,113.37,148.65,,1,,50.0,0.0,0,NONE
2026-09-18T15:41:32.609+00:00,737.035,routine,Adaptive thermal response carryover,duty,2388,410.0,104.18,inkbird_lowest_internal,,1,87,107.7,104.18,113.27,148.45,,107.5,104.18,113.37,148.65,,1,,50.0,0.0,0,NONE
2026-09-18T15:41:33.609+00:00,738.035,routine,Adaptive thermal response carryover,duty,2388,410.0,104.41,inkbird_lowest_internal,,1,87,107.95,104.41,113.5,148.66,,107.75,104.41,113.6,148.86,,1,,50.0,0.0,0,NONE
2026-09-18T15:41:34.109+00:00,738.535,routine,Adaptive thermal response carryover,duty,2388,410.0,104.41,inkbird_lowest_internal,,1,87,107.95,104.41,113.5,148.66,,107.75,104.41,113.6,148.86,,1,,50.0,0.0,0,NONE
2026-09-18T15:41:35.109+00:00,739.535,routine,Adaptive thermal response carryover,duty,2388,410.0,104.41,inkbird_lowest_internal,,1,87,107.95,104.41,113.5,148.66,,107.75,104.41,113.6,148.86,,1,,50.0,0.0,0,NONE
2026-09-18T15:41:36.109+00:00,740.535,routine,Adaptive thermal response carryover,duty,2388,409.5,104.65,inkbird_lowest_internal,,1,87,108.2,104.65,113.71,148.86,,108.0,104.65,113.81,149.06,,1,,50.0,0.0,0,NONE
2026-09-18T15:41:37.109+00:00,741.535,routine,Adaptive thermal response carryover,duty,2388,410.0,104.65,inkbird_lowest_internal,,1,87,108.2,104.65,113.71,148.86,,108.0,104.65,113.81,149.06,,1,,50.0,0.0,0,NONE
2026-09-18T15:41:38.109+00:00,742.535,routine,Adaptive thermal response carryover,duty,2388,409.5,104.88,inkbird_lowest_internal,,1,87,108.46,104.88,113.93,149.07,,108.26,104.88,114.03,149.27,,1,,50.0,0.0,0,NONE
2026-09-18T15:41:38.609+00:00,743.035,routine,Adaptive thermal response carryover,duty,2388,410.5,104.88,inkbird_lowest_internal,,1,87,108.46,104.88,113.93,149.07,,108.26,104.88,114.03,149.27,,1,,50.0,0.0,0,NONE
2026-09-18T15:41:39.609+00:00,744.035,routine,Adaptive thermal response carryover,duty,2388,410.0,105.1,inkbird_lowest_internal,,1,87,108.7,105.1,114.16,149.28,,108.5,105.1,114.26,149.48,,1,,50.0,0.0,0,NONE
2026-09-18T15:41:40.109+00:00,744.535,routine,Adaptive thermal response carryover,duty,2388,409.5,105.1,inkbird_lowest_internal,,1,87,108.7,105.1,114.16,149.28,,108.5,105.1,114.26,149.48,,1,,50.0,0.0,0,NONE
2026-09-18T15:41:41.109+00:00,745.535,routine,Adaptive thermal response carryover,duty,2388,409.5,105.1,inkbird_lowest_internal,,1,87,108.7,105.1,114.16,149.28,,108.5,105.1,114.26,149.48,,1,,50.0,0.0,0,NONE
2026-09-18T15:41:42.109+00:00,746.535,routine,Adaptive thermal response carryover,duty,2388,409.1,105.33,inkbird_lowest_internal,,1,87,108.95,105.33,114.38,149.49,,108.75,105.33,114.48,149.69,,1,,50.0,0.0,0,NONE
2026-09-18T15:41:43.109+00:00,747.535,routine,Adaptive thermal response carryover,duty,2388,408.6,105.33,inkbird_lowest_internal,,1,87,108.95,105.33,114.38,149.49,,108.75,105.33,114.48,149.69,,1,,50.0,0.0,0,NONE
2026-09-18T15:41:43.609+00:00,748.035,routine,Adaptive thermal response carryover,duty,2388,408.2,105.55,inkbird_lowest_internal,,1,87,109.19,105.55,114.6,149.69,,108.99,105.55,114.7,149.89,,1,,50.0,0.0,0,NONE
2026-09-18T15:41:44.609+00:00,749.035,routine,Adaptive thermal response carryover,duty,2388,409.1,105.55,inkbird_lowest_internal,,1,87,109.19,105.55,114.6,149.69,,108.99,105.55,114.7,149.89,,1,,50.0,0.0,0,NONE
2026-09-18T15:41:45.109+00:00,749.535,routine,Adaptive thermal response carryover,duty,2388,408.6,105.55,inkbird_lowest_internal,,1,87,109.19,105.55,114.6,149.69,,108.99,105.55,114.7,149.89,,1,,50.0,0.0,0,NONE
2026-09-18T15:41:46.109+00:00,750.535,routine,Adaptive thermal response carryover,duty,2388,408.6,105.78,inkbird_lowest_internal,,1,87,109.44,105.78,114.83,149.89,,109.24,105.78,114.93,150.09,,1,,50.0,0.0,0,NONE
2026-09-18T15:41:46.609+00:00,751.035,routine,Adaptive thermal response carryover,duty,2388,408.6,105.78,inkbird_lowest_internal,,1,87,109.44,105.78,114.83,149.89,,109.24,105.78,114.93,150.09,,1,,50.0,0.0,0,NONE
2026-09-18T15:41:47.608+00:00,752.035,routine,Adaptive thermal response carryover,duty,2388,407.8,106.02,inkbird_lowest_internal,,1,87,109.68,106.02,115.04,150.1,,109.48,106.02,115.14,150.3,,1,,50.0,0.0,0,NONE
2026-09-18T15:41:48.608+00:00,753.034,routine,Adaptive thermal response carryover,duty,2388,408.6,106.02,inkbird_lowest_internal,,1,87,109.68,106.02,115.04,150.1,,109.48,106.02,115.14,150.3,,1,,50.0,0.0,0,NONE
2026-09-18T15:41:49.608+00:00,754.034,routine,Adaptive thermal response carryover,duty,2388,408.6,106.24,inkbird_lowest_internal,,1,87,109.91,106.24,115.26,150.31,,109.71,106.24,115.36,150.51,,1,,50.0,0.0,0,NONE
2026-09-18T15:41:50.608+00:00,755.034,routine,Adaptive thermal response carryover,duty,2388,408.6,106.24,inkbird_lowest_internal,,1,87,109.91,106.24,115.26,150.31,,109.71,106.24,115.36,150.51,,1,,50.0,0.0,0,NONE
2026-09-18T15:41:51.608+00:00,756.034,routine,Adaptive thermal response carryover,duty,2388,408.2,106.47,inkbird_lowest_internal,,1,87,110.16,106.47,115.49,150.51,,109.96,106.47,115.59,150.71,,1,,50.0,0.0,0,NONE
2026-09-18T15:41:52.108+00:00,756.534,routine,Adaptive thermal response carryover,duty,2388,408.6,106.47,inkbird_lowest_internal,,1,87,110.16,106.47,115.49,150.51,,109.96,106.47,115.59,150.71,,1,,50.0,0.0,0,NONE
2026-09-18T15:41:52.608+00:00,757.034,routine,Adaptive thermal response carryover,duty,2388,409.1,106.47,inkbird_lowest_internal,,1,87,110.16,106.47,115.49,150.51,,109.96,106.47,115.59,150.71,,1,,50.0,0.0,0,NONE
2026-09-18T15:41:53.608+00:00,758.034,routine,Adaptive thermal response carryover,duty,2388,408.2,106.69,inkbird_lowest_internal,,1,87,110.4,106.69,115.71,150.7,,110.2,106.69,115.81,150.9,,1,,50.0,0.0,0,NONE
2026-09-18T15:41:54.608+00:00,759.034,routine,Adaptive thermal response carryover,duty,2388,408.2,106.69,inkbird_lowest_internal,,1,87,110.4,106.69,115.71,150.7,,110.2,106.69,115.81,150.9,,1,,50.0,0.0,0,NONE
2026-09-18T15:41:55.608+00:00,760.034,routine,Adaptive thermal response carryover,duty,2388,408.6,106.91,inkbird_lowest_internal,,1,87,110.63,106.91,115.91,150.89,,110.43,106.91,116.01,151.09,,1,,50.0,0.0,0,NONE
2026-09-18T15:41:56.608+00:00,761.034,routine,Adaptive thermal response carryover,duty,2388,408.2,106.91,inkbird_lowest_internal,,1,87,110.63,106.91,115.91,150.89,,110.43,106.91,116.01,151.09,,1,,50.0,0.0,0,NONE
2026-09-18T15:41:57.608+00:00,762.034,routine,Adaptive thermal response carryover,duty,2388,407.8,107.14,inkbird_lowest_internal,,1,87,110.87,107.14,116.14,151.1,,110.67,107.14,116.24,151.3,,1,,50.0,0.0,0,NONE
2026-09-18T15:41:58.108+00:00,762.534,routine,Adaptive thermal response carryover,duty,2388,407.8,107.14,inkbird_lowest_internal,,1,87,110.87,107.14,116.14,151.1,,110.67,107.14,116.24,151.3,,1,,50.0,0.0,0,NONE
2026-09-18T15:41:58.608+00:00,763.034,routine,Adaptive thermal response carryover,duty,2388,407.8,107.14,inkbird_lowest_internal,,1,87,110.87,107.14,116.14,151.1,,110.67,107.14,116.24,151.3,,1,,50.0,0.0,0,NONE
2026-09-18T15:41:59.109+00:00,763.535,routine,Adaptive thermal response carryover,duty,2388,407.3,107.14,inkbird_lowest_internal,,1,87,110.87,107.14,116.14,151.1,,110.67,107.14,116.24,151.3,,1,,50.0,0.0,0,NONE
2026-09-18T15:42:00.108+00:00,764.534,routine,Adaptive thermal response carryover,duty,2388,408.2,107.36,inkbird_lowest_internal,,1,87,111.11,107.36,116.35,151.3,,110.91,107.36,116.45,151.5,,1,,50.0,0.0,0,NONE
2026-09-18T15:42:00.608+00:00,765.034,routine,Adaptive thermal response carryover,duty,2388,407.3,107.36,inkbird_lowest_internal,,1,87,111.11,107.36,116.35,151.3,,110.91,107.36,116.45,151.5,,1,,50.0,0.0,0,NONE
2026-09-18T15:42:01.108+00:00,765.534,routine,Adaptive thermal response carryover,duty,2388,407.3,107.36,inkbird_lowest_internal,,1,87,111.11,107.36,116.35,151.3,,110.91,107.36,116.45,151.5,,1,,50.0,0.0,0,NONE
2026-09-18T15:42:02.108+00:00,766.534,routine,Adaptive thermal response carryover,duty,2388,407.3,107.59,inkbird_lowest_internal,,1,87,111.35,107.59,116.58,151.5,,111.15,107.59,116.68,151.7,,1,,50.0,0.0,0,NONE
2026-09-18T15:42:03.108+00:00,767.534,routine,Adaptive thermal response carryover,duty,2388,407.3,107.59,inkbird_lowest_internal,,1,87,111.35,107.59,116.58,151.5,,111.15,107.59,116.68,151.7,,1,,50.0,0.0,0,NONE
2026-09-18T15:42:04.108+00:00,768.534,routine,Adaptive thermal response carryover,duty,2388,407.8,107.82,inkbird_lowest_internal,,1,87,111.6,107.82,116.79,151.68,,111.4,107.82,116.89,151.88,,1,,50.0,0.0,0,NONE
2026-09-18T15:42:04.608+00:00,769.034,routine,Adaptive thermal response carryover,duty,2388,406.9,107.82,inkbird_lowest_internal,,1,87,111.6,107.82,116.79,151.68,,111.4,107.82,116.89,151.88,,1,,50.0,0.0,0,NONE
2026-09-18T15:42:05.608+00:00,770.034,routine,Adaptive thermal response carryover,duty,2388,407.3,108.04,inkbird_lowest_internal,,1,87,111.84,108.04,117.01,151.89,,111.64,108.04,117.11,152.09,,1,,50.0,0.0,0,NONE
2026-09-18T15:42:06.608+00:00,771.034,routine,Adaptive thermal response carryover,duty,2388,407.3,108.04,inkbird_lowest_internal,,1,87,111.84,108.04,117.01,151.89,,111.64,108.04,117.11,152.09,,1,,50.0,0.0,0,NONE
2026-09-18T15:42:07.608+00:00,772.034,routine,Adaptive thermal response carryover,duty,2388,406.9,108.27,inkbird_lowest_internal,,1,87,112.08,108.27,117.23,152.08,,111.88,108.27,117.33,152.28,,1,,50.0,0.0,0,NONE
2026-09-18T15:42:08.608+00:00,773.034,routine,Adaptive thermal response carryover,duty,2388,406.9,108.27,inkbird_lowest_internal,,1,87,112.08,108.27,117.23,152.08,,111.88,108.27,117.33,152.28,,1,,50.0,0.0,0,NONE
2026-09-18T15:42:09.608+00:00,774.034,routine,Adaptive thermal response carryover,duty,2388,406.4,108.49,inkbird_lowest_internal,,1,87,112.33,108.49,117.44,152.28,,112.13,108.49,117.54,152.48,,1,,50.0,0.0,0,NONE
2026-09-18T15:42:10.608+00:00,775.034,routine,Adaptive thermal response carryover,duty,2388,407.3,108.49,inkbird_lowest_internal,,1,87,112.33,108.49,117.44,152.28,,112.13,108.49,117.54,152.48,,1,,50.0,0.0,0,NONE
2026-09-18T15:42:11.608+00:00,776.034,routine,Adaptive thermal response carryover,duty,2388,406.4,108.71,inkbird_lowest_internal,,1,87,112.58,108.71,117.66,152.48,,112.38,108.71,117.76,152.68,,1,,50.0,0.0,0,NONE
2026-09-18T15:42:12.608+00:00,777.034,routine,Adaptive thermal response carryover,duty,2388,407.3,108.71,inkbird_lowest_internal,,1,87,112.58,108.71,117.66,152.48,,112.38,108.71,117.76,152.68,,1,,50.0,0.0,0,NONE
2026-09-18T15:42:13.608+00:00,778.034,routine,Adaptive thermal response carryover,duty,2388,406.0,108.94,inkbird_lowest_internal,,1,87,112.83,108.94,117.88,152.69,,112.63,108.94,117.98,152.89,,1,,50.0,0.0,0,NONE
2026-09-18T15:42:14.608+00:00,779.034,routine,Adaptive thermal response carryover,duty,2388,406.4,108.94,inkbird_lowest_internal,,1,87,112.83,108.94,117.88,152.69,,112.63,108.94,117.98,152.89,,1,,50.0,0.0,0,NONE
2026-09-18T15:42:15.608+00:00,780.034,routine,Adaptive thermal response carryover,duty,2388,406.9,109.16,inkbird_lowest_internal,,1,87,113.07,109.16,118.11,152.88,,112.87,109.16,118.21,153.08,,1,,50.0,0.0,0,NONE
2026-09-18T15:42:16.608+00:00,781.034,routine,Adaptive thermal response carryover,duty,2388,405.5,109.16,inkbird_lowest_internal,,1,87,113.07,109.16,118.11,152.88,,112.87,109.16,118.21,153.08,,1,,50.0,0.0,0,NONE
2026-09-18T15:42:17.108+00:00,781.534,routine,Adaptive thermal response carryover,duty,2388,406.0,109.16,inkbird_lowest_internal,,1,87,113.07,109.16,118.11,152.88,,112.87,109.16,118.21,153.08,,1,,50.0,0.0,0,NONE
2026-09-18T15:42:18.108+00:00,782.534,routine,Adaptive thermal response carryover,duty,2388,406.9,109.39,inkbird_lowest_internal,,1,87,113.32,109.39,118.32,153.08,,113.12,109.39,118.42,153.28,,1,,50.0,0.0,0,NONE
2026-09-18T15:42:19.108+00:00,783.534,routine,Adaptive thermal response carryover,duty,2388,406.4,109.39,inkbird_lowest_internal,,1,87,113.32,109.39,118.32,153.08,,113.12,109.39,118.42,153.28,,1,,50.0,0.0,0,NONE
2026-09-18T15:42:20.108+00:00,784.534,routine,Adaptive thermal response carryover,duty,2388,406.4,109.61,inkbird_lowest_internal,,1,87,113.57,109.61,118.54,153.28,,113.37,109.61,118.64,153.48,,1,,50.0,0.0,0,NONE
2026-09-18T15:42:21.108+00:00,785.534,routine,Adaptive thermal response carryover,duty,2388,406.0,109.61,inkbird_lowest_internal,,1,87,113.57,109.61,118.54,153.28,,113.37,109.61,118.64,153.48,,1,,50.0,0.0,0,NONE
2026-09-18T15:42:22.108+00:00,786.534,routine,Adaptive thermal response carryover,duty,2388,406.4,109.84,inkbird_lowest_internal,,1,87,113.82,109.84,118.75,153.47,,113.62,109.84,118.85,153.67,,1,,50.0,0.0,0,NONE
2026-09-18T15:42:23.108+00:00,787.534,routine,Adaptive thermal response carryover,duty,2388,406.9,109.84,inkbird_lowest_internal,,1,87,113.82,109.84,118.75,153.47,,113.62,109.84,118.85,153.67,,1,,50.0,0.0,0,NONE
2026-09-18T15:42:24.107+00:00,788.533,routine,Adaptive thermal response carryover,duty,2388,406.0,110.07,inkbird_lowest_internal,,1,87,114.07,110.07,118.98,153.67,,113.87,110.07,119.08,153.87,,1,,50.0,0.0,0,NONE
2026-09-18T15:42:25.108+00:00,789.534,routine,Adaptive thermal response carryover,duty,2388,406.0,110.07,inkbird_lowest_internal,,1,87,114.07,110.07,118.98,153.67,,113.87,110.07,119.08,153.87,,1,,50.0,0.0,0,NONE
2026-09-18T15:42:26.107+00:00,790.533,routine,Adaptive thermal response carryover,duty,2388,406.0,110.3,inkbird_lowest_internal,,1,87,114.31,110.3,119.2,153.87,,114.11,110.3,119.3,154.07,,1,,50.0,0.0,0,NONE
2026-09-18T15:42:27.107+00:00,791.533,routine,Adaptive thermal response carryover,duty,2388,404.6,110.3,inkbird_lowest_internal,,1,87,114.31,110.3,119.2,153.87,,114.11,110.3,119.3,154.07,,1,,50.0,0.0,0,NONE
2026-09-18T15:42:28.107+00:00,792.533,routine,Adaptive thermal response carryover,duty,2388,406.0,110.52,inkbird_lowest_internal,,1,87,114.56,110.52,119.41,154.07,,114.36,110.52,119.51,154.27,,1,,50.0,0.0,0,NONE
2026-09-18T15:42:28.607+00:00,793.033,routine,Adaptive thermal response carryover,duty,2388,406.0,110.52,inkbird_lowest_internal,,1,87,114.56,110.52,119.41,154.07,,114.36,110.52,119.51,154.27,,1,,50.0,0.0,0,NONE
2026-09-18T15:42:29.107+00:00,793.533,routine,Adaptive thermal response carryover,duty,2388,406.4,110.52,inkbird_lowest_internal,,1,87,114.56,110.52,119.41,154.07,,114.36,110.52,119.51,154.27,,1,,50.0,0.0,0,NONE
2026-09-18T15:42:30.107+00:00,794.533,routine,Adaptive thermal response carryover,duty,2388,406.0,110.75,inkbird_lowest_internal,,1,87,114.81,110.75,119.63,154.27,,114.61,110.75,119.73,154.47,,1,,50.0,0.0,0,NONE
2026-09-18T15:42:31.107+00:00,795.533,routine,Adaptive thermal response carryover,duty,2388,404.6,110.75,inkbird_lowest_internal,,1,87,114.81,110.75,119.63,154.27,,114.61,110.75,119.73,154.47,,1,,50.0,0.0,0,NONE
2026-09-18T15:42:32.107+00:00,796.533,routine,Adaptive thermal response carryover,duty,2388,405.0,110.98,inkbird_lowest_internal,,1,87,115.06,110.98,119.86,154.47,,114.86,110.98,119.96,154.67,,1,,50.0,0.0,0,NONE
2026-09-18T15:42:33.107+00:00,797.533,routine,Adaptive thermal response carryover,duty,2388,406.0,110.98,inkbird_lowest_internal,,1,87,115.06,110.98,119.86,154.47,,114.86,110.98,119.96,154.67,,1,,50.0,0.0,0,NONE
2026-09-18T15:42:34.107+00:00,798.533,routine,Adaptive thermal response carryover,duty,2388,406.0,111.21,inkbird_lowest_internal,,1,87,115.32,111.21,120.07,154.67,,115.12,111.21,120.17,154.87,,1,,50.0,0.0,0,NONE
2026-09-18T15:42:35.107+00:00,799.533,routine,Adaptive thermal response carryover,duty,2388,405.0,111.21,inkbird_lowest_internal,,1,87,115.32,111.21,120.07,154.67,,115.12,111.21,120.17,154.87,,1,,50.0,0.0,0,NONE
2026-09-18T15:42:35.607+00:00,800.034,routine,Adaptive thermal response carryover,duty,2388,405.5,111.45,inkbird_lowest_internal,,1,87,115.57,111.45,120.29,154.87,,115.37,111.45,120.39,155.07,,1,,50.0,0.0,0,NONE
2026-09-18T15:42:36.607+00:00,801.033,routine,Adaptive thermal response carryover,duty,2388,405.5,111.45,inkbird_lowest_internal,,1,87,115.57,111.45,120.29,154.87,,115.37,111.45,120.39,155.07,,1,,50.0,0.0,0,NONE
2026-09-18T15:42:37.607+00:00,802.033,routine,Adaptive thermal response carryover,duty,2388,405.0,111.68,inkbird_lowest_internal,,1,87,115.83,111.68,120.52,155.07,,115.63,111.68,120.62,155.27,,1,,50.0,0.0,0,NONE
2026-09-18T15:42:38.607+00:00,803.033,routine,Adaptive thermal response carryover,duty,2388,404.6,111.68,inkbird_lowest_internal,,1,87,115.83,111.68,120.52,155.07,,115.63,111.68,120.62,155.27,,1,,50.0,0.0,0,NONE
2026-09-18T15:42:39.607+00:00,804.033,routine,Adaptive thermal response carryover,duty,2388,406.0,111.91,inkbird_lowest_internal,,1,87,116.08,111.91,120.74,155.28,,115.88,111.91,120.84,155.48,,1,,50.0,0.0,0,NONE
2026-09-18T15:42:40.607+00:00,805.033,routine,Adaptive thermal response carryover,duty,2388,405.5,111.91,inkbird_lowest_internal,,1,87,116.08,111.91,120.74,155.28,,115.88,111.91,120.84,155.48,,1,,50.0,0.0,0,NONE
2026-09-18T15:42:41.107+00:00,805.533,routine,Adaptive thermal response carryover,duty,2388,405.0,111.91,inkbird_lowest_internal,,1,87,116.08,111.91,120.74,155.28,,115.88,111.91,120.84,155.48,,1,,50.0,0.0,0,NONE
2026-09-18T15:42:42.107+00:00,806.533,routine,Adaptive thermal response carryover,duty,2388,404.6,112.14,inkbird_lowest_internal,,1,87,116.33,112.14,120.97,155.49,,116.13,112.14,121.07,155.69,,1,,50.0,0.0,0,NONE
2026-09-18T15:42:42.607+00:00,807.033,routine,Adaptive thermal response carryover,duty,2388,404.6,112.14,inkbird_lowest_internal,,1,87,116.33,112.14,120.97,155.49,,116.13,112.14,121.07,155.69,,1,,50.0,0.0,0,NONE
2026-09-18T15:42:43.607+00:00,808.033,routine,Adaptive thermal response carryover,duty,2388,405.5,112.36,inkbird_lowest_internal,,1,87,116.58,112.36,121.18,155.69,,116.38,112.36,121.28,155.89,,1,,50.0,0.0,0,NONE
2026-09-18T15:42:44.607+00:00,809.033,routine,Adaptive thermal response carryover,duty,2388,405.0,112.36,inkbird_lowest_internal,,1,87,116.58,112.36,121.18,155.69,,116.38,112.36,121.28,155.89,,1,,50.0,0.0,0,NONE
2026-09-18T15:42:45.607+00:00,810.033,routine,Adaptive thermal response carryover,duty,2388,404.6,112.6,inkbird_lowest_internal,,1,87,116.83,112.6,121.4,155.89,,116.63,112.6,121.5,156.09,,1,,50.0,0.0,0,NONE
2026-09-18T15:42:46.607+00:00,811.033,routine,Adaptive thermal response carryover,duty,2388,405.5,112.6,inkbird_lowest_internal,,1,87,116.83,112.6,121.4,155.89,,116.63,112.6,121.5,156.09,,1,,50.0,0.0,0,NONE
2026-09-18T15:42:47.107+00:00,811.533,routine,Adaptive thermal response carryover,duty,2388,405.0,112.6,inkbird_lowest_internal,,1,87,116.83,112.6,121.4,155.89,,116.63,112.6,121.5,156.09,,1,,50.0,0.0,0,NONE
2026-09-18T15:42:47.607+00:00,812.033,routine,Adaptive thermal response carryover,duty,2388,405.5,112.84,inkbird_lowest_internal,,1,87,117.07,112.84,121.63,156.1,,116.87,112.84,121.73,156.3,,1,,50.0,0.0,0,NONE
2026-09-18T15:42:48.607+00:00,813.033,routine,Adaptive thermal response carryover,duty,2388,404.6,112.84,inkbird_lowest_internal,,1,87,117.07,112.84,121.63,156.1,,116.87,112.84,121.73,156.3,,1,,50.0,0.0,0,NONE
2026-09-18T15:42:49.607+00:00,814.033,routine,Adaptive thermal response carryover,duty,2388,405.0,113.06,inkbird_lowest_internal,,1,87,117.33,113.06,121.85,156.3,,117.13,113.06,121.95,156.5,,1,,50.0,0.0,0,NONE
2026-09-18T15:42:50.607+00:00,815.033,routine,Adaptive thermal response carryover,duty,2388,404.1,113.06,inkbird_lowest_internal,,1,87,117.33,113.06,121.85,156.3,,117.13,113.06,121.95,156.5,,1,,50.0,0.0,0,NONE
2026-09-18T15:42:51.107+00:00,815.533,routine,Adaptive thermal response carryover,duty,2388,405.0,113.06,inkbird_lowest_internal,,1,87,117.33,113.06,121.85,156.3,,117.13,113.06,121.95,156.5,,1,,50.0,0.0,0,NONE
2026-09-18T15:42:52.107+00:00,816.533,routine,Adaptive thermal response carryover,duty,2388,404.1,113.29,inkbird_lowest_internal,,1,87,117.59,113.29,122.08,156.5,,117.39,113.29,122.18,156.7,,1,,50.0,0.0,0,NONE
2026-09-18T15:42:53.107+00:00,817.533,routine,Adaptive thermal response carryover,duty,2388,404.6,113.29,inkbird_lowest_internal,,1,87,117.59,113.29,122.08,156.5,,117.39,113.29,122.18,156.7,,1,,50.0,0.0,0,NONE
2026-09-18T15:42:53.607+00:00,818.033,routine,Adaptive thermal response carryover,duty,2388,404.6,113.54,inkbird_lowest_internal,,1,87,117.85,113.54,122.31,156.71,,117.65,113.54,122.41,156.91,,1,,50.0,0.0,0,NONE
2026-09-18T15:42:54.607+00:00,819.033,routine,Adaptive thermal response carryover,duty,2388,404.1,113.54,inkbird_lowest_internal,,1,87,117.85,113.54,122.31,156.71,,117.65,113.54,122.41,156.91,,1,,50.0,0.0,0,NONE
2026-09-18T15:42:55.607+00:00,820.033,routine,Adaptive thermal response carryover,duty,2388,404.1,113.77,inkbird_lowest_internal,,1,87,118.1,113.77,122.54,156.91,,117.9,113.77,122.64,157.11,,1,,50.0,0.0,0,NONE
2026-09-18T15:42:56.607+00:00,821.033,routine,Adaptive thermal response carryover,duty,2388,404.6,113.77,inkbird_lowest_internal,,1,87,118.1,113.77,122.54,156.91,,117.9,113.77,122.64,157.11,,1,,50.0,0.0,0,NONE
2026-09-18T15:42:57.606+00:00,822.033,routine,Adaptive thermal response carryover,duty,2388,403.7,114.01,inkbird_lowest_internal,,1,87,118.35,114.01,122.75,157.12,,118.15,114.01,122.85,157.32,,1,,50.0,0.0,0,NONE
2026-09-18T15:42:58.606+00:00,823.032,routine,Adaptive thermal response carryover,duty,2388,405.0,114.01,inkbird_lowest_internal,,1,87,118.35,114.01,122.75,157.12,,118.15,114.01,122.85,157.32,,1,,50.0,0.0,0,NONE
2026-09-18T15:42:59.106+00:00,823.532,routine,Adaptive thermal response carryover,duty,2388,404.6,114.01,inkbird_lowest_internal,,1,87,118.35,114.01,122.75,157.12,,118.15,114.01,122.85,157.32,,1,,50.0,0.0,0,NONE
2026-09-18T15:42:59.606+00:00,824.033,routine,Adaptive thermal response carryover,duty,2388,405.5,114.24,inkbird_lowest_internal,,1,87,118.62,114.24,122.98,157.33,,118.42,114.24,123.08,157.53,,1,,50.0,0.0,0,NONE
2026-09-18T15:43:00.606+00:00,825.032,routine,Adaptive thermal response carryover,duty,2388,405.0,114.24,inkbird_lowest_internal,,1,87,118.62,114.24,122.98,157.33,,118.42,114.24,123.08,157.53,,1,,50.0,0.0,0,NONE
2026-09-18T15:43:01.607+00:00,826.033,routine,Adaptive thermal response carryover,duty,2388,405.5,114.48,inkbird_lowest_internal,,1,87,118.88,114.48,123.22,157.56,,118.68,114.48,123.32,157.76,,1,,50.0,0.0,0,NONE
2026-09-18T15:43:02.606+00:00,827.032,routine,Adaptive thermal response carryover,duty,2388,405.5,114.48,inkbird_lowest_internal,,1,87,118.88,114.48,123.22,157.56,,118.68,114.48,123.32,157.76,,1,,50.0,0.0,0,NONE
2026-09-18T15:43:03.106+00:00,827.532,routine,Adaptive thermal response carryover,duty,2388,404.6,114.48,inkbird_lowest_internal,,1,87,118.88,114.48,123.22,157.56,,118.68,114.48,123.32,157.76,,1,,50.0,0.0,0,NONE
2026-09-18T15:43:04.106+00:00,828.532,routine,Adaptive thermal response carryover,duty,2388,405.0,114.73,inkbird_lowest_internal,,1,87,119.14,114.73,123.45,157.75,,118.94,114.73,123.55,157.95,,1,,50.0,0.0,0,NONE
2026-09-18T15:43:05.106+00:00,829.532,routine,Adaptive thermal response carryover,duty,2388,405.0,114.73,inkbird_lowest_internal,,1,87,119.14,114.73,123.45,157.75,,118.94,114.73,123.55,157.95,,1,,50.0,0.0,0,NONE
2026-09-18T15:43:05.606+00:00,830.032,routine,Adaptive thermal response carryover,duty,2388,405.0,114.96,inkbird_lowest_internal,,1,87,119.4,114.96,123.66,157.97,,119.2,114.96,123.76,158.17,,1,,50.0,0.0,0,NONE
2026-09-18T15:43:06.606+00:00,831.032,routine,Adaptive thermal response carryover,duty,2388,404.6,114.96,inkbird_lowest_internal,,1,87,119.4,114.96,123.66,157.97,,119.2,114.96,123.76,158.17,,1,,50.0,0.0,0,NONE
2026-09-18T15:43:07.606+00:00,832.032,routine,Adaptive thermal response carryover,duty,2388,405.5,115.21,inkbird_lowest_internal,,1,87,119.66,115.21,123.9,158.19,,119.46,115.21,124.0,158.39,,1,,50.0,0.0,0,NONE
2026-09-18T15:43:08.606+00:00,833.032,routine,Adaptive thermal response carryover,duty,2388,404.6,115.21,inkbird_lowest_internal,,1,87,119.66,115.21,123.9,158.19,,119.46,115.21,124.0,158.39,,1,,50.0,0.0,0,NONE
2026-09-18T15:43:09.606+00:00,834.032,routine,Adaptive thermal response carryover,duty,2388,404.6,115.45,inkbird_lowest_internal,,1,87,119.92,115.45,124.13,158.39,,119.72,115.45,124.23,158.59,,1,,50.0,0.0,0,NONE
2026-09-18T15:43:10.606+00:00,835.032,routine,Adaptive thermal response carryover,duty,2388,405.0,115.45,inkbird_lowest_internal,,1,87,119.92,115.45,124.13,158.39,,119.72,115.45,124.23,158.59,,1,,50.0,0.0,0,NONE
2026-09-18T15:43:11.606+00:00,836.032,routine,Adaptive thermal response carryover,duty,2388,403.7,115.69,inkbird_lowest_internal,,1,87,120.18,115.69,124.36,158.61,,119.98,115.69,124.46,158.81,,1,,50.0,0.0,0,NONE
2026-09-18T15:43:12.107+00:00,836.533,routine,Adaptive thermal response carryover,duty,2388,404.6,115.69,inkbird_lowest_internal,,1,87,120.18,115.69,124.36,158.61,,119.98,115.69,124.46,158.81,,1,,50.0,0.0,0,NONE
2026-09-18T15:43:13.106+00:00,837.532,routine,Adaptive thermal response carryover,duty,2388,404.1,115.69,inkbird_lowest_internal,,1,87,120.18,115.69,124.36,158.61,,119.98,115.69,124.46,158.81,,1,,50.0,0.0,0,NONE
2026-09-18T15:43:14.106+00:00,838.532,routine,Adaptive thermal response carryover,duty,2388,404.6,115.94,inkbird_lowest_internal,,1,87,120.44,115.94,124.59,158.83,,120.24,115.94,124.69,159.03,,1,,50.0,0.0,0,NONE
2026-09-18T15:43:14.606+00:00,839.032,routine,Adaptive thermal response carryover,duty,2388,404.6,115.94,inkbird_lowest_internal,,1,87,120.44,115.94,124.59,158.83,,120.24,115.94,124.69,159.03,,1,,50.0,0.0,0,NONE
2026-09-18T15:43:15.106+00:00,839.532,routine,Adaptive thermal response carryover,duty,2388,404.1,115.94,inkbird_lowest_internal,,1,87,120.44,115.94,124.59,158.83,,120.24,115.94,124.69,159.03,,1,,50.0,0.0,0,NONE
2026-09-18T15:43:16.108+00:00,840.534,routine,Adaptive thermal response carryover,duty,2388,405.0,116.18,inkbird_lowest_internal,,1,87,120.7,116.18,124.82,159.04,,120.5,116.18,124.92,159.24,,1,,50.0,0.0,0,NONE
2026-09-18T15:43:17.107+00:00,841.533,routine,Adaptive thermal response carryover,duty,2388,404.6,116.18,inkbird_lowest_internal,,1,87,120.7,116.18,124.82,159.04,,120.5,116.18,124.92,159.24,,1,,50.0,0.0,0,NONE
2026-09-18T15:43:18.106+00:00,842.532,routine,Adaptive thermal response carryover,duty,1775,406.4,116.42,inkbird_lowest_internal,,1,87,120.96,116.42,125.05,159.25,,120.76,116.42,125.15,159.45,,1,,50.0,0.0,0,NONE
2026-09-18T15:43:19.106+00:00,843.532,routine,Adaptive thermal response carryover,duty,1775,406.0,116.42,inkbird_lowest_internal,,1,87,120.96,116.42,125.05,159.25,,120.76,116.42,125.15,159.45,,1,,50.0,0.0,0,NONE
2026-09-18T15:43:20.106+00:00,844.532,routine,Adaptive thermal response carryover,duty,1775,406.0,116.66,inkbird_lowest_internal,,1,87,121.21,116.66,125.29,159.45,,121.01,116.66,125.39,159.65,,1,,50.0,0.0,0,NONE
2026-09-18T15:43:21.106+00:00,845.532,routine,Adaptive thermal response carryover,duty,1775,405.5,116.66,inkbird_lowest_internal,,1,87,121.21,116.66,125.29,159.45,,121.01,116.66,125.39,159.65,,1,,50.0,0.0,0,NONE
2026-09-18T15:43:21.606+00:00,846.032,routine,Adaptive thermal response carryover,duty,1775,406.0,116.91,inkbird_lowest_internal,,1,87,121.47,116.91,125.53,159.68,,121.27,116.91,125.63,159.88,,1,,50.0,0.0,0,NONE
2026-09-18T15:43:22.606+00:00,847.032,routine,Adaptive thermal response carryover,duty,1775,406.0,116.91,inkbird_lowest_internal,,1,87,121.47,116.91,125.53,159.68,,121.27,116.91,125.63,159.88,,1,,50.0,0.0,0,NONE
2026-09-18T15:43:23.606+00:00,848.032,routine,Adaptive thermal response carryover,duty,1775,406.0,117.14,inkbird_lowest_internal,,1,87,121.73,117.14,125.76,159.89,,121.53,117.14,125.86,160.09,,1,,50.0,0.0,0,NONE
2026-09-18T15:43:24.106+00:00,848.532,routine,Adaptive thermal response carryover,duty,1775,406.0,117.14,inkbird_lowest_internal,,1,87,121.73,117.14,125.76,159.89,,121.53,117.14,125.86,160.09,,1,,50.0,0.0,0,NONE
2026-09-18T15:43:25.106+00:00,849.532,routine,Adaptive thermal response carryover,duty,1775,406.4,117.14,inkbird_lowest_internal,,1,87,121.73,117.14,125.76,159.89,,121.53,117.14,125.86,160.09,,1,,50.0,0.0,0,NONE
2026-09-18T15:43:26.106+00:00,850.532,routine,Adaptive thermal response carryover,duty,1775,406.0,117.39,inkbird_lowest_internal,,1,87,122.0,117.39,125.99,160.11,,121.8,117.39,126.09,160.31,,1,,50.0,0.0,0,NONE
2026-09-18T15:43:27.106+00:00,851.532,routine,Adaptive thermal response carryover,duty,1775,406.4,117.39,inkbird_lowest_internal,,1,87,122.0,117.39,125.99,160.11,,121.8,117.39,126.09,160.31,,1,,50.0,0.0,0,NONE
2026-09-18T15:43:27.606+00:00,852.032,routine,Adaptive thermal response carryover,duty,1775,405.5,117.63,inkbird_lowest_internal,,1,87,122.27,117.63,126.22,160.31,,122.07,117.63,126.32,160.51,,1,,50.0,0.0,0,NONE
2026-09-18T15:43:28.606+00:00,853.032,routine,Adaptive thermal response carryover,duty,1775,406.9,117.63,inkbird_lowest_internal,,1,87,122.27,117.63,126.22,160.31,,122.07,117.63,126.32,160.51,,1,,50.0,0.0,0,NONE
2026-09-18T15:43:29.606+00:00,854.032,routine,Adaptive thermal response carryover,duty,1775,406.9,117.87,inkbird_lowest_internal,,1,87,122.55,117.87,126.45,160.52,,122.35,117.87,126.55,160.72,,1,,50.0,0.0,0,NONE
2026-09-18T15:43:30.106+00:00,854.532,routine,Adaptive thermal response carryover,duty,1775,406.9,117.87,inkbird_lowest_internal,,1,87,122.55,117.87,126.45,160.52,,122.35,117.87,126.55,160.72,,1,,50.0,0.0,0,NONE
2026-09-18T15:43:31.106+00:00,855.532,routine,Adaptive thermal response carryover,duty,1775,407.8,117.87,inkbird_lowest_internal,,1,87,122.55,117.87,126.45,160.52,,122.35,117.87,126.55,160.72,,1,,50.0,0.0,0,NONE
2026-09-18T15:43:32.106+00:00,856.532,routine,Adaptive thermal response carryover,duty,1775,406.9,118.12,inkbird_lowest_internal,,1,87,122.82,118.12,126.69,160.74,,122.62,118.12,126.79,160.94,,1,,50.0,0.0,0,NONE
2026-09-18T15:43:33.106+00:00,857.532,routine,Adaptive thermal response carryover,duty,1775,407.8,118.12,inkbird_lowest_internal,,1,87,122.82,118.12,126.69,160.74,,122.62,118.12,126.79,160.94,,1,,50.0,0.0,0,NONE
2026-09-18T15:43:34.106+00:00,858.532,routine,Adaptive thermal response carryover,duty,1775,408.2,118.37,inkbird_lowest_internal,,1,87,123.09,118.37,126.92,160.94,,122.89,118.37,127.02,161.14,,1,,50.0,0.0,0,NONE
2026-09-18T15:43:35.106+00:00,859.532,routine,Adaptive thermal response carryover,duty,1775,408.2,118.37,inkbird_lowest_internal,,1,87,123.09,118.37,126.92,160.94,,122.89,118.37,127.02,161.14,,1,,50.0,0.0,0,NONE
2026-09-18T15:43:36.105+00:00,860.531,routine,Adaptive thermal response carryover,duty,1775,406.9,118.61,inkbird_lowest_internal,,1,87,123.36,118.61,127.16,161.14,,123.16,118.61,127.26,161.34,,1,,50.0,0.0,0,NONE
2026-09-18T15:43:37.105+00:00,861.531,routine,Adaptive thermal response carryover,duty,1775,407.3,118.61,inkbird_lowest_internal,,1,87,123.36,118.61,127.16,161.14,,123.16,118.61,127.26,161.34,,1,,50.0,0.0,0,NONE
2026-09-18T15:43:37.605+00:00,862.032,routine,Adaptive thermal response carryover,duty,1775,408.2,118.85,inkbird_lowest_internal,,1,87,123.62,118.85,127.38,161.35,,123.42,118.85,127.48,161.55,,1,,50.0,0.0,0,NONE
2026-09-18T15:43:38.106+00:00,862.532,routine,Adaptive thermal response carryover,duty,1775,408.2,118.85,inkbird_lowest_internal,,1,87,123.62,118.85,127.38,161.35,,123.42,118.85,127.48,161.55,,1,,50.0,0.0,0,NONE
2026-09-18T15:43:39.105+00:00,863.531,routine,Adaptive thermal response carryover,duty,1775,408.2,118.85,inkbird_lowest_internal,,1,87,123.62,118.85,127.38,161.35,,123.42,118.85,127.48,161.55,,1,,50.0,0.0,0,NONE
2026-09-18T15:43:40.105+00:00,864.531,routine,Adaptive thermal response carryover,duty,1775,408.6,119.09,inkbird_lowest_internal,,1,87,123.89,119.09,127.62,161.55,,123.69,119.09,127.72,161.75,,1,,50.0,0.0,0,NONE
2026-09-18T15:43:40.605+00:00,865.031,routine,Adaptive thermal response carryover,duty,1775,409.1,119.09,inkbird_lowest_internal,,1,87,123.89,119.09,127.62,161.55,,123.69,119.09,127.72,161.75,,1,,50.0,0.0,0,NONE
2026-09-18T15:43:41.605+00:00,866.031,routine,Adaptive thermal response carryover,duty,1775,409.1,119.33,inkbird_lowest_internal,,1,87,124.15,119.33,127.85,161.75,,123.95,119.33,127.95,161.95,,1,,50.0,0.0,0,NONE
2026-09-18T15:43:42.105+00:00,866.531,routine,Adaptive thermal response carryover,duty,1775,409.1,119.33,inkbird_lowest_internal,,1,87,124.15,119.33,127.85,161.75,,123.95,119.33,127.95,161.95,,1,,50.0,0.0,0,NONE
2026-09-18T15:43:43.105+00:00,867.531,routine,Adaptive thermal response carryover,duty,1775,408.6,119.33,inkbird_lowest_internal,,1,87,124.15,119.33,127.85,161.75,,123.95,119.33,127.95,161.95,,1,,50.0,0.0,0,NONE
2026-09-18T15:43:44.105+00:00,868.531,routine,Adaptive thermal response carryover,duty,1775,409.1,119.58,inkbird_lowest_internal,,1,87,124.42,119.58,128.07,161.95,,124.22,119.58,128.17,162.15,,1,,50.0,0.0,0,NONE
2026-09-18T15:43:44.605+00:00,869.031,routine,Adaptive thermal response carryover,duty,1775,410.5,119.58,inkbird_lowest_internal,,1,87,124.42,119.58,128.07,161.95,,124.22,119.58,128.17,162.15,,1,,50.0,0.0,0,NONE
2026-09-18T15:43:45.605+00:00,870.031,routine,Adaptive thermal response carryover,duty,1775,410.5,119.84,inkbird_lowest_internal,,1,87,124.67,119.84,128.31,162.14,,124.47,119.84,128.41,162.34,,1,,50.0,0.0,0,NONE
2026-09-18T15:43:46.605+00:00,871.031,routine,Adaptive thermal response carryover,duty,1775,409.5,119.84,inkbird_lowest_internal,,1,87,124.67,119.84,128.31,162.14,,124.47,119.84,128.41,162.34,,1,,50.0,0.0,0,NONE
2026-09-18T15:43:47.605+00:00,872.031,routine,Adaptive thermal response carryover,duty,1775,409.5,120.07,inkbird_lowest_internal,,1,87,124.93,120.07,128.54,162.34,,124.73,120.07,128.64,162.54,,1,,50.0,0.0,0,NONE
2026-09-18T15:43:48.605+00:00,873.031,routine,Adaptive thermal response carryover,duty,1775,410.9,120.07,inkbird_lowest_internal,,1,87,124.93,120.07,128.54,162.34,,124.73,120.07,128.64,162.54,,1,,50.0,0.0,0,NONE
2026-09-18T15:43:49.605+00:00,874.031,routine,Adaptive thermal response carryover,duty,1775,410.9,120.31,inkbird_lowest_internal,,1,87,125.19,120.31,128.77,162.54,,124.99,120.31,128.87,162.74,,1,,50.0,0.0,0,NONE
2026-09-18T15:43:50.605+00:00,875.031,routine,Adaptive thermal response carryover,duty,1775,411.4,120.31,inkbird_lowest_internal,,1,87,125.19,120.31,128.77,162.54,,124.99,120.31,128.87,162.74,,1,,50.0,0.0,0,NONE
2026-09-18T15:43:51.605+00:00,876.031,routine,Adaptive thermal response carryover,duty,1775,411.4,120.54,inkbird_lowest_internal,,1,87,125.45,120.54,129.01,162.74,,125.25,120.54,129.11,162.94,,1,,50.0,0.0,0,NONE
2026-09-18T15:43:52.105+00:00,876.531,routine,Adaptive thermal response carryover,duty,1775,412.3,120.54,inkbird_lowest_internal,,1,87,125.45,120.54,129.01,162.74,,125.25,120.54,129.11,162.94,,1,,50.0,0.0,0,NONE
2026-09-18T15:43:53.105+00:00,877.531,routine,Adaptive thermal response carryover,duty,1775,411.8,120.54,inkbird_lowest_internal,,1,87,125.45,120.54,129.01,162.74,,125.25,120.54,129.11,162.94,,1,,50.0,0.0,0,NONE
2026-09-18T15:43:53.605+00:00,878.031,routine,Adaptive thermal response carryover,duty,1775,411.8,120.78,inkbird_lowest_internal,,1,87,125.71,120.78,129.24,162.94,,125.51,120.78,129.34,163.14,,1,,50.0,0.0,0,NONE
2026-09-18T15:43:54.605+00:00,879.031,routine,Adaptive thermal response carryover,duty,1775,411.4,120.78,inkbird_lowest_internal,,1,87,125.71,120.78,129.24,162.94,,125.51,120.78,129.34,163.14,,1,,50.0,0.0,0,NONE
2026-09-18T15:43:55.105+00:00,879.531,routine,Adaptive thermal response carryover,duty,1775,411.8,120.78,inkbird_lowest_internal,,1,87,125.71,120.78,129.24,162.94,,125.51,120.78,129.34,163.14,,1,,50.0,0.0,0,NONE
2026-09-18T15:43:56.105+00:00,880.531,routine,Adaptive thermal response carryover,duty,1775,412.7,121.03,inkbird_lowest_internal,,1,87,125.97,121.03,129.46,163.14,,125.77,121.03,129.56,163.34,,1,,50.0,0.0,0,NONE
2026-09-18T15:43:56.605+00:00,881.031,routine,Adaptive thermal response carryover,duty,1775,412.7,121.03,inkbird_lowest_internal,,1,87,125.97,121.03,129.46,163.14,,125.77,121.03,129.56,163.34,,1,,50.0,0.0,0,NONE
2026-09-18T15:43:57.605+00:00,882.031,routine,Adaptive thermal response carryover,duty,1775,412.3,121.26,inkbird_lowest_internal,,1,87,126.22,121.26,129.68,163.35,,126.02,121.26,129.78,163.55,,1,,50.0,0.0,0,NONE
2026-09-18T15:43:58.605+00:00,883.031,routine,Adaptive thermal response carryover,duty,1775,412.7,121.26,inkbird_lowest_internal,,1,87,126.22,121.26,129.68,163.35,,126.02,121.26,129.78,163.55,,1,,50.0,0.0,0,NONE
2026-09-18T15:43:59.605+00:00,884.031,routine,Adaptive thermal response carryover,duty,1775,413.1,121.51,inkbird_lowest_internal,,1,87,126.46,121.51,129.91,163.55,,126.26,121.51,130.01,163.75,,1,,50.0,0.0,0,NONE
2026-09-18T15:44:00.605+00:00,885.031,routine,Adaptive thermal response carryover,duty,1775,413.6,121.51,inkbird_lowest_internal,,1,87,126.46,121.51,129.91,163.55,,126.26,121.51,130.01,163.75,,1,,50.0,0.0,0,NONE
2026-09-18T15:44:01.605+00:00,886.031,routine,Adaptive thermal response carryover,duty,1775,413.6,121.75,inkbird_lowest_internal,,1,87,126.72,121.75,130.15,163.78,,126.52,121.75,130.25,163.98,,1,,50.0,0.0,0,NONE
2026-09-18T15:44:02.105+00:00,886.531,routine,Adaptive thermal response carryover,duty,1775,413.6,121.75,inkbird_lowest_internal,,1,87,126.72,121.75,130.15,163.78,,126.52,121.75,130.25,163.98,,1,,50.0,0.0,0,NONE
2026-09-18T15:44:03.105+00:00,887.531,routine,Adaptive thermal response carryover,duty,1775,414.0,121.75,inkbird_lowest_internal,,1,87,126.72,121.75,130.15,163.78,,126.52,121.75,130.25,163.98,,1,,50.0,0.0,0,NONE
2026-09-18T15:44:03.605+00:00,888.031,routine,Adaptive thermal response carryover,duty,1775,414.0,121.99,inkbird_lowest_internal,,1,87,126.98,121.99,130.38,163.96,,126.78,121.99,130.48,164.16,,1,,50.0,0.0,0,NONE
2026-09-18T15:44:04.105+00:00,888.531,routine,Adaptive thermal response carryover,duty,1775,414.0,121.99,inkbird_lowest_internal,,1,87,126.98,121.99,130.38,163.96,,126.78,121.99,130.48,164.16,,1,,50.0,0.0,0,NONE
2026-09-18T15:44:05.105+00:00,889.531,routine,Adaptive thermal response carryover,duty,1775,414.5,121.99,inkbird_lowest_internal,,1,87,126.98,121.99,130.38,163.96,,126.78,121.99,130.48,164.16,,1,,50.0,0.0,0,NONE
2026-09-18T15:44:06.105+00:00,890.531,routine,Adaptive thermal response carryover,duty,1775,415.4,122.24,inkbird_lowest_internal,,1,87,127.23,122.24,130.61,164.15,,127.03,122.24,130.71,164.35,,1,,50.0,0.0,0,NONE
2026-09-18T15:44:07.105+00:00,891.531,routine,Adaptive thermal response carryover,duty,1775,415.0,122.24,inkbird_lowest_internal,,1,87,127.23,122.24,130.61,164.15,,127.03,122.24,130.71,164.35,,1,,50.0,0.0,0,NONE
2026-09-18T15:44:08.105+00:00,892.531,routine,Adaptive thermal response carryover,duty,1775,415.0,122.47,inkbird_lowest_internal,,1,87,127.49,122.47,130.84,164.37,,127.29,122.47,130.94,164.57,,1,,50.0,0.0,0,NONE
2026-09-18T15:44:09.105+00:00,893.531,routine,Adaptive thermal response carryover,duty,1775,415.4,122.47,inkbird_lowest_internal,,1,87,127.49,122.47,130.84,164.37,,127.29,122.47,130.94,164.57,,1,,50.0,0.0,0,NONE
2026-09-18T15:44:10.105+00:00,894.531,routine,Adaptive thermal response carryover,duty,1775,416.3,122.71,inkbird_lowest_internal,,1,87,127.73,122.71,131.08,164.59,,127.53,122.71,131.18,164.79,,1,,50.0,0.0,0,NONE
2026-09-18T15:44:11.105+00:00,895.531,routine,Adaptive thermal response carryover,duty,1775,416.3,122.71,inkbird_lowest_internal,,1,87,127.73,122.71,131.08,164.59,,127.53,122.71,131.18,164.79,,1,,50.0,0.0,0,NONE
2026-09-18T15:44:12.104+00:00,896.530,routine,Adaptive thermal response carryover,duty,1775,415.9,122.95,inkbird_lowest_internal,,1,87,127.97,122.95,131.31,164.79,,127.77,122.95,131.41,164.99,,1,,50.0,0.0,0,NONE
2026-09-18T15:44:12.604+00:00,897.030,routine,Adaptive thermal response carryover,duty,1775,415.9,122.95,inkbird_lowest_internal,,1,87,127.97,122.95,131.31,164.79,,127.77,122.95,131.41,164.99,,1,,50.0,0.0,0,NONE
2026-09-18T15:44:13.604+00:00,898.031,routine,Adaptive thermal response carryover,duty,1775,415.4,123.19,inkbird_lowest_internal,,1,87,128.22,123.19,131.53,165.0,,128.02,123.19,131.63,165.2,,1,,50.0,0.0,0,NONE
2026-09-18T15:44:14.605+00:00,899.031,routine,Adaptive thermal response carryover,duty,1775,416.3,123.19,inkbird_lowest_internal,,1,87,128.22,123.19,131.53,165.0,,128.02,123.19,131.63,165.2,,1,,50.0,0.0,0,NONE
2026-09-18T15:44:15.604+00:00,900.030,routine,Adaptive thermal response carryover,duty,1775,416.3,123.43,inkbird_lowest_internal,,1,87,128.47,123.43,131.76,165.23,,128.27,123.43,131.86,165.43,,1,,50.0,0.0,0,NONE
2026-09-18T15:44:16.604+00:00,901.030,routine,Adaptive thermal response carryover,duty,1775,417.2,123.43,inkbird_lowest_internal,,1,87,128.47,123.43,131.76,165.23,,128.27,123.43,131.86,165.43,,1,,50.0,0.0,0,NONE
2026-09-18T15:44:17.604+00:00,902.030,routine,Adaptive thermal response carryover,duty,1775,416.8,123.66,inkbird_lowest_internal,,1,87,128.71,123.66,131.99,165.45,,128.51,123.66,132.09,165.65,,1,,50.0,0.0,0,NONE
2026-09-18T15:44:18.104+00:00,902.530,routine,Adaptive thermal response carryover,duty,1775,417.2,123.66,inkbird_lowest_internal,,1,87,128.71,123.66,131.99,165.45,,128.51,123.66,132.09,165.65,,1,,50.0,0.0,0,NONE
2026-09-18T15:44:19.104+00:00,903.530,routine,Adaptive thermal response carryover,duty,1775,416.8,123.66,inkbird_lowest_internal,,1,87,128.71,123.66,131.99,165.45,,128.51,123.66,132.09,165.65,,1,,50.0,0.0,0,NONE
2026-09-18T15:44:20.104+00:00,904.530,routine,Adaptive thermal response carryover,duty,1775,417.2,123.9,inkbird_lowest_internal,,1,87,128.96,123.9,132.24,165.66,,128.76,123.9,132.34,165.86,,1,,50.0,0.0,0,NONE
2026-09-18T15:44:21.104+00:00,905.530,routine,Adaptive thermal response carryover,duty,1775,417.6,123.9,inkbird_lowest_internal,,1,87,128.96,123.9,132.24,165.66,,128.76,123.9,132.34,165.86,,1,,50.0,0.0,0,NONE
2026-09-18T15:44:22.104+00:00,906.530,routine,Adaptive thermal response carryover,duty,1775,418.5,124.14,inkbird_lowest_internal,,1,87,129.21,124.14,132.47,165.88,,129.01,124.14,132.57,166.08,,1,,50.0,0.0,0,NONE
2026-09-18T15:44:23.104+00:00,907.530,routine,Adaptive thermal response carryover,duty,1775,419.0,124.14,inkbird_lowest_internal,,1,87,129.21,124.14,132.47,165.88,,129.01,124.14,132.57,166.08,,1,,50.0,0.0,0,NONE
2026-09-18T15:44:24.104+00:00,908.530,routine,Adaptive thermal response carryover,duty,1775,418.5,124.38,inkbird_lowest_internal,,1,87,129.46,124.38,132.71,166.09,,129.26,124.38,132.81,166.29,,1,,50.0,0.0,0,NONE
2026-09-18T15:44:25.104+00:00,909.530,routine,Adaptive thermal response carryover,duty,1775,419.0,124.38,inkbird_lowest_internal,,1,87,129.46,124.38,132.71,166.09,,129.26,124.38,132.81,166.29,,1,,50.0,0.0,0,NONE
2026-09-18T15:44:26.104+00:00,910.530,routine,Adaptive thermal response carryover,duty,1775,418.5,124.62,inkbird_lowest_internal,,1,87,129.7,124.62,132.93,166.31,,129.5,124.62,133.03,166.51,,1,,50.0,0.0,0,NONE
2026-09-18T15:44:27.104+00:00,911.530,routine,Adaptive thermal response carryover,duty,1775,419.9,124.62,inkbird_lowest_internal,,1,87,129.7,124.62,132.93,166.31,,129.5,124.62,133.03,166.51,,1,,50.0,0.0,0,NONE
2026-09-18T15:44:28.104+00:00,912.530,routine,Adaptive thermal response carryover,duty,1775,419.0,124.86,inkbird_lowest_internal,,1,87,129.94,124.86,133.17,166.53,,129.74,124.86,133.27,166.73,,1,,50.0,0.0,0,NONE
2026-09-18T15:44:29.104+00:00,913.530,routine,Adaptive thermal response carryover,duty,1775,420.4,124.86,inkbird_lowest_internal,,1,87,129.94,124.86,133.17,166.53,,129.74,124.86,133.27,166.73,,1,,50.0,0.0,0,NONE
2026-09-18T15:44:30.104+00:00,914.530,routine,Adaptive thermal response carryover,duty,1775,420.4,125.11,inkbird_lowest_internal,,1,87,130.19,125.11,133.41,166.74,,129.99,125.11,133.51,166.94,,1,,50.0,0.0,0,NONE
2026-09-18T15:44:31.104+00:00,915.530,routine,Adaptive thermal response carryover,duty,1775,420.4,125.11,inkbird_lowest_internal,,1,87,130.19,125.11,133.41,166.74,,129.99,125.11,133.51,166.94,,1,,50.0,0.0,0,NONE
2026-09-18T15:44:31.604+00:00,916.030,routine,Adaptive thermal response carryover,duty,1775,420.4,125.34,inkbird_lowest_internal,,1,87,130.43,125.34,133.64,166.96,,130.23,125.34,133.74,167.16,,1,,50.0,0.0,0,NONE
2026-09-18T15:44:32.604+00:00,917.030,routine,Adaptive thermal response carryover,duty,1775,420.4,125.34,inkbird_lowest_internal,,1,87,130.43,125.34,133.64,166.96,,130.23,125.34,133.74,167.16,,1,,50.0,0.0,0,NONE
2026-09-18T15:44:33.604+00:00,918.030,routine,Adaptive thermal response carryover,duty,1775,420.4,125.58,inkbird_lowest_internal,,1,87,130.68,125.58,133.88,167.17,,130.48,125.58,133.98,167.37,,1,,50.0,0.0,0,NONE
2026-09-18T15:44:34.104+00:00,918.530,routine,Adaptive thermal response carryover,duty,1775,420.8,125.58,inkbird_lowest_internal,,1,87,130.68,125.58,133.88,167.17,,130.48,125.58,133.98,167.37,,1,,50.0,0.0,0,NONE
2026-09-18T15:44:35.104+00:00,919.530,routine,Adaptive thermal response carryover,duty,1775,420.4,125.58,inkbird_lowest_internal,,1,87,130.68,125.58,133.88,167.17,,130.48,125.58,133.98,167.37,,1,,50.0,0.0,0,NONE
2026-09-18T15:44:36.104+00:00,920.530,routine,Adaptive thermal response carryover,duty,1775,420.8,125.82,inkbird_lowest_internal,,1,87,130.92,125.82,134.11,167.4,,130.72,125.82,134.21,167.6,,1,,50.0,0.0,0,NONE
2026-09-18T15:44:36.604+00:00,921.030,routine,Adaptive thermal response carryover,duty,1775,421.7,125.82,inkbird_lowest_internal,,1,87,130.92,125.82,134.11,167.4,,130.72,125.82,134.21,167.6,,1,,50.0,0.0,0,NONE
2026-09-18T15:44:37.604+00:00,922.030,routine,Adaptive thermal response carryover,duty,1775,422.6,126.06,inkbird_lowest_internal,,1,87,131.17,126.06,134.34,167.61,,130.97,126.06,134.44,167.81,,1,,50.0,0.0,0,NONE
2026-09-18T15:44:38.604+00:00,923.030,routine,Adaptive thermal response carryover,duty,1775,421.7,126.06,inkbird_lowest_internal,,1,87,131.17,126.06,134.34,167.61,,130.97,126.06,134.44,167.81,,1,,50.0,0.0,0,NONE
2026-09-18T15:44:39.604+00:00,924.030,routine,Adaptive thermal response carryover,duty,1775,421.7,126.3,inkbird_lowest_internal,,1,87,131.41,126.3,134.57,167.82,,131.21,126.3,134.67,168.02,,1,,50.0,0.0,0,NONE
2026-09-18T15:44:40.604+00:00,925.030,routine,Adaptive thermal response carryover,duty,1775,422.6,126.3,inkbird_lowest_internal,,1,87,131.41,126.3,134.57,167.82,,131.21,126.3,134.67,168.02,,1,,50.0,0.0,0,NONE
2026-09-18T15:44:41.604+00:00,926.030,routine,Adaptive thermal response carryover,duty,1775,422.1,126.53,inkbird_lowest_internal,,1,87,131.64,126.53,134.82,168.06,,131.44,126.53,134.92,168.26,,1,,50.0,0.0,0,NONE
2026-09-18T15:44:42.603+00:00,927.029,routine,Adaptive thermal response carryover,duty,1775,422.6,126.53,inkbird_lowest_internal,,1,87,131.64,126.53,134.82,168.06,,131.44,126.53,134.92,168.26,,1,,50.0,0.0,0,NONE
2026-09-18T15:44:43.104+00:00,927.530,routine,Adaptive thermal response carryover,duty,1775,423.0,126.53,inkbird_lowest_internal,,1,87,131.64,126.53,134.82,168.06,,131.44,126.53,134.92,168.26,,1,,50.0,0.0,0,NONE
2026-09-18T15:44:44.104+00:00,928.530,routine,Adaptive thermal response carryover,duty,1775,422.6,126.77,inkbird_lowest_internal,,1,87,131.88,126.77,135.06,168.28,,131.68,126.77,135.16,168.48,,1,,50.0,0.0,0,NONE
2026-09-18T15:44:45.104+00:00,929.530,routine,Adaptive thermal response carryover,duty,1775,423.0,126.77,inkbird_lowest_internal,,1,87,131.88,126.77,135.06,168.28,,131.68,126.77,135.16,168.48,,1,,50.0,0.0,0,NONE
2026-09-18T15:44:46.104+00:00,930.530,routine,Adaptive thermal response carryover,duty,1775,422.6,127.02,inkbird_lowest_internal,,1,87,132.12,127.02,135.29,168.5,,131.92,127.02,135.39,168.7,,1,,50.0,0.0,0,NONE
2026-09-18T15:44:47.104+00:00,931.530,routine,Adaptive thermal response carryover,duty,1775,423.5,127.02,inkbird_lowest_internal,,1,87,132.12,127.02,135.29,168.5,,131.92,127.02,135.39,168.7,,1,,50.0,0.0,0,NONE
2026-09-18T15:44:48.103+00:00,932.530,routine,Adaptive thermal response carryover,duty,1775,424.0,127.24,inkbird_lowest_internal,,1,87,132.36,127.24,135.51,168.73,,132.16,127.24,135.61,168.93,,1,,50.0,0.0,0,NONE
2026-09-18T15:44:49.103+00:00,933.529,routine,Adaptive thermal response carryover,duty,1775,423.5,127.24,inkbird_lowest_internal,,1,87,132.36,127.24,135.51,168.73,,132.16,127.24,135.61,168.93,,1,,50.0,0.0,0,NONE
2026-09-18T15:44:50.103+00:00,934.529,routine,Adaptive thermal response carryover,duty,1775,423.0,127.49,inkbird_lowest_internal,,1,87,132.61,127.49,135.75,168.94,,132.41,127.49,135.85,169.14,,1,,50.0,0.0,0,NONE
2026-09-18T15:44:50.604+00:00,935.030,routine,Adaptive thermal response carryover,duty,1775,424.0,127.49,inkbird_lowest_internal,,1,87,132.61,127.49,135.75,168.94,,132.41,127.49,135.85,169.14,,1,,50.0,0.0,0,NONE
2026-09-18T15:44:51.603+00:00,936.029,routine,Adaptive thermal response carryover,duty,1775,424.0,127.73,inkbird_lowest_internal,,1,87,132.85,127.73,135.98,169.17,,132.65,127.73,136.08,169.37,,1,,50.0,0.0,0,NONE
2026-09-18T15:44:52.603+00:00,937.029,routine,Adaptive thermal response carryover,duty,1775,423.5,127.73,inkbird_lowest_internal,,1,87,132.85,127.73,135.98,169.17,,132.65,127.73,136.08,169.37,,1,,50.0,0.0,0,NONE
2026-09-18T15:44:53.603+00:00,938.029,routine,Adaptive thermal response carryover,duty,1775,424.4,127.97,inkbird_lowest_internal,,1,87,133.08,127.97,136.21,169.39,,132.88,127.97,136.31,169.59,,1,,50.0,0.0,0,NONE
2026-09-18T15:44:54.603+00:00,939.029,routine,Adaptive thermal response carryover,duty,1775,424.9,127.97,inkbird_lowest_internal,,1,87,133.08,127.97,136.21,169.39,,132.88,127.97,136.31,169.59,,1,,50.0,0.0,0,NONE
2026-09-18T15:44:55.603+00:00,940.029,routine,Adaptive thermal response carryover,duty,1775,424.0,128.21,inkbird_lowest_internal,,1,87,133.32,128.21,136.45,169.62,,133.12,128.21,136.55,169.82,,1,,50.0,0.0,0,NONE
2026-09-18T15:44:56.603+00:00,941.029,routine,Adaptive thermal response carryover,duty,1775,425.3,128.21,inkbird_lowest_internal,,1,87,133.32,128.21,136.45,169.62,,133.12,128.21,136.55,169.82,,1,,50.0,0.0,0,NONE
2026-09-18T15:44:57.103+00:00,941.529,routine,Adaptive thermal response carryover,duty,1775,426.2,128.21,inkbird_lowest_internal,,1,87,133.32,128.21,136.45,169.62,,133.12,128.21,136.55,169.82,,1,,50.0,0.0,0,NONE
2026-09-18T15:44:58.103+00:00,942.529,routine,Adaptive thermal response carryover,duty,1775,426.2,128.45,inkbird_lowest_internal,,1,87,133.56,128.45,136.69,169.83,,133.36,128.45,136.79,170.03,,1,,50.0,0.0,0,NONE
2026-09-18T15:44:58.603+00:00,943.029,routine,Adaptive thermal response carryover,duty,1775,425.8,128.45,inkbird_lowest_internal,,1,87,133.56,128.45,136.69,169.83,,133.36,128.45,136.79,170.03,,1,,50.0,0.0,0,NONE
2026-09-18T15:44:59.603+00:00,944.029,routine,Adaptive thermal response carryover,duty,1775,425.3,128.68,inkbird_lowest_internal,,1,87,133.79,128.68,136.93,170.06,,133.59,128.68,137.03,170.26,,1,,50.0,0.0,0,NONE
2026-09-18T15:45:00.603+00:00,945.029,routine,Adaptive thermal response carryover,duty,1775,425.8,128.68,inkbird_lowest_internal,,1,87,133.79,128.68,136.93,170.06,,133.59,128.68,137.03,170.26,,1,,50.0,0.0,0,NONE
2026-09-18T15:45:01.103+00:00,945.529,routine,Adaptive thermal response carryover,duty,1775,426.6,128.68,inkbird_lowest_internal,,1,87,133.79,128.68,136.93,170.06,,133.59,128.68,137.03,170.26,,1,,50.0,0.0,0,NONE
2026-09-18T15:45:02.103+00:00,946.529,routine,Adaptive thermal response carryover,duty,1775,426.2,128.92,inkbird_lowest_internal,,1,87,134.03,128.92,137.17,170.27,,133.83,128.92,137.27,170.47,,1,,50.0,0.0,0,NONE
2026-09-18T15:45:02.603+00:00,947.029,routine,Adaptive thermal response carryover,duty,1775,426.6,128.92,inkbird_lowest_internal,,1,87,134.03,128.92,137.17,170.27,,133.83,128.92,137.27,170.47,,1,,50.0,0.0,0,NONE
2026-09-18T15:45:03.603+00:00,948.029,routine,Adaptive thermal response carryover,duty,1775,426.2,129.16,inkbird_lowest_internal,,1,87,134.27,129.16,137.4,170.49,,134.07,129.16,137.5,170.69,,1,,50.0,0.0,0,NONE
2026-09-18T15:45:04.103+00:00,948.529,routine,Adaptive thermal response carryover,duty,1775,426.6,129.16,inkbird_lowest_internal,,1,87,134.27,129.16,137.4,170.49,,134.07,129.16,137.5,170.69,,1,,50.0,0.0,0,NONE
2026-09-18T15:45:05.103+00:00,949.529,routine,Adaptive thermal response carryover,duty,1775,426.6,129.16,inkbird_lowest_internal,,1,87,134.27,129.16,137.4,170.49,,134.07,129.16,137.5,170.69,,1,,50.0,0.0,0,NONE
2026-09-18T15:45:06.103+00:00,950.529,routine,Adaptive thermal response carryover,duty,1775,427.5,129.41,inkbird_lowest_internal,,1,87,134.5,129.41,137.63,170.71,,134.3,129.41,137.73,170.91,,1,,50.0,0.0,0,NONE
2026-09-18T15:45:06.603+00:00,951.029,routine,Adaptive thermal response carryover,duty,1775,427.5,129.41,inkbird_lowest_internal,,1,87,134.5,129.41,137.63,170.71,,134.3,129.41,137.73,170.91,,1,,50.0,0.0,0,NONE
2026-09-18T15:45:07.603+00:00,952.029,routine,Adaptive thermal response carryover,duty,1775,427.5,129.64,inkbird_lowest_internal,,1,87,134.74,129.64,137.86,170.93,,134.54,129.64,137.96,171.13,,1,,50.0,0.0,0,NONE
2026-09-18T15:45:08.103+00:00,952.529,routine,Adaptive thermal response carryover,duty,1775,427.5,129.64,inkbird_lowest_internal,,1,87,134.74,129.64,137.86,170.93,,134.54,129.64,137.96,171.13,,1,,50.0,0.0,0,NONE
2026-09-18T15:45:09.103+00:00,953.529,routine,Adaptive thermal response carryover,duty,1775,427.1,129.64,inkbird_lowest_internal,,1,87,134.74,129.64,137.86,170.93,,134.54,129.64,137.96,171.13,,1,,50.0,0.0,0,NONE
2026-09-18T15:45:10.103+00:00,954.529,routine,Adaptive thermal response carryover,duty,1775,427.5,129.87,inkbird_lowest_internal,,1,87,134.97,129.87,138.1,171.15,,134.77,129.87,138.2,171.35,,1,,50.0,0.0,0,NONE
2026-09-18T15:45:10.603+00:00,955.029,routine,Adaptive thermal response carryover,duty,1775,428.0,129.87,inkbird_lowest_internal,,1,87,134.97,129.87,138.1,171.15,,134.77,129.87,138.2,171.35,,1,,50.0,0.0,0,NONE
2026-09-18T15:45:11.603+00:00,956.029,routine,Adaptive thermal response carryover,duty,1775,428.0,130.11,inkbird_lowest_internal,,1,87,135.2,130.11,138.33,171.38,,135.0,130.11,138.43,171.58,,1,,50.0,0.0,0,NONE
2026-09-18T15:45:12.603+00:00,957.029,routine,Adaptive thermal response carryover,duty,1775,428.0,130.11,inkbird_lowest_internal,,1,87,135.2,130.11,138.33,171.38,,135.0,130.11,138.43,171.58,,1,,50.0,0.0,0,NONE
2026-09-18T15:45:13.603+00:00,958.029,routine,Adaptive thermal response carryover,duty,1775,428.0,130.34,inkbird_lowest_internal,,1,87,135.44,130.34,138.57,171.6,,135.24,130.34,138.67,171.8,,1,,50.0,0.0,0,NONE
2026-09-18T15:45:14.603+00:00,959.029,routine,Adaptive thermal response carryover,duty,1775,428.5,130.34,inkbird_lowest_internal,,1,87,135.44,130.34,138.57,171.6,,135.24,130.34,138.67,171.8,,1,,50.0,0.0,0,NONE
2026-09-18T15:45:15.603+00:00,960.029,routine,Adaptive thermal response carryover,duty,1775,428.0,130.58,inkbird_lowest_internal,,1,87,135.67,130.58,138.8,171.82,,135.47,130.58,138.9,172.02,,1,,50.0,0.0,0,NONE
2026-09-18T15:45:16.603+00:00,961.029,routine,Adaptive thermal response carryover,duty,1775,429.4,130.58,inkbird_lowest_internal,,1,87,135.67,130.58,138.8,171.82,,135.47,130.58,138.9,172.02,,1,,50.0,0.0,0,NONE
2026-09-18T15:45:17.602+00:00,962.028,routine,Adaptive thermal response carryover,duty,1775,428.9,130.82,inkbird_lowest_internal,,1,87,135.9,130.82,139.04,172.04,,135.7,130.82,139.14,172.24,,1,,50.0,0.0,0,NONE
2026-09-18T15:45:18.603+00:00,963.029,routine,Adaptive thermal response carryover,duty,1775,428.9,130.82,inkbird_lowest_internal,,1,87,135.9,130.82,139.04,172.04,,135.7,130.82,139.14,172.24,,1,,50.0,0.0,0,NONE
2026-09-18T15:45:19.603+00:00,964.029,routine,Adaptive thermal response carryover,duty,1775,429.4,131.06,inkbird_lowest_internal,,1,87,136.13,131.06,139.27,172.27,,135.93,131.06,139.37,172.47,,1,,50.0,0.0,0,NONE
2026-09-18T15:45:20.603+00:00,965.029,routine,Adaptive thermal response carryover,duty,1775,428.9,131.06,inkbird_lowest_internal,,1,87,136.13,131.06,139.27,172.27,,135.93,131.06,139.37,172.47,,1,,50.0,0.0,0,NONE
2026-09-18T15:45:21.602+00:00,966.029,routine,Adaptive thermal response carryover,duty,1775,429.4,131.27,inkbird_lowest_internal,,1,87,136.37,131.27,139.52,172.49,,136.17,131.27,139.62,172.69,,1,,50.0,0.0,0,NONE
2026-09-18T15:45:22.602+00:00,967.028,routine,Adaptive thermal response carryover,duty,1775,429.8,131.27,inkbird_lowest_internal,,1,87,136.37,131.27,139.52,172.49,,136.17,131.27,139.62,172.69,,1,,50.0,0.0,0,NONE
2026-09-18T15:45:23.602+00:00,968.028,routine,Adaptive thermal response carryover,duty,1775,429.8,131.51,inkbird_lowest_internal,,1,87,136.59,131.51,139.75,172.71,,136.39,131.51,139.85,172.91,,1,,50.0,0.0,0,NONE
2026-09-18T15:45:24.602+00:00,969.028,routine,Adaptive thermal response carryover,duty,1775,430.3,131.51,inkbird_lowest_internal,,1,87,136.59,131.51,139.75,172.71,,136.39,131.51,139.85,172.91,,1,,50.0,0.0,0,NONE
2026-09-18T15:45:25.102+00:00,969.528,routine,Adaptive thermal response carryover,duty,1775,430.3,131.51,inkbird_lowest_internal,,1,87,136.59,131.51,139.75,172.71,,136.39,131.51,139.85,172.91,,1,,50.0,0.0,0,NONE
2026-09-18T15:45:26.102+00:00,970.528,routine,Adaptive thermal response carryover,duty,1775,430.3,131.75,inkbird_lowest_internal,,1,87,136.82,131.75,139.97,172.93,,136.62,131.75,140.07,173.13,,1,,50.0,0.0,0,NONE
2026-09-18T15:45:27.102+00:00,971.528,routine,Adaptive thermal response carryover,duty,1775,431.1,131.75,inkbird_lowest_internal,,1,87,136.82,131.75,139.97,172.93,,136.62,131.75,140.07,173.13,,1,,50.0,0.0,0,NONE
2026-09-18T15:45:27.602+00:00,972.028,routine,Adaptive thermal response carryover,duty,1775,431.1,131.99,inkbird_lowest_internal,,1,87,137.05,131.99,140.23,173.16,,136.85,131.99,140.33,173.36,,1,,50.0,0.0,0,NONE
2026-09-18T15:45:28.602+00:00,973.028,routine,Adaptive thermal response carryover,duty,1775,431.1,131.99,inkbird_lowest_internal,,1,87,137.05,131.99,140.23,173.16,,136.85,131.99,140.33,173.36,,1,,50.0,0.0,0,NONE
2026-09-18T15:45:29.602+00:00,974.028,routine,Adaptive thermal response carryover,duty,1775,431.6,132.22,inkbird_lowest_internal,,1,87,137.28,132.22,140.46,173.36,,137.08,132.22,140.56,173.56,,1,,50.0,0.0,0,NONE
2026-09-18T15:45:30.602+00:00,975.028,routine,Adaptive thermal response carryover,duty,1775,431.1,132.22,inkbird_lowest_internal,,1,87,137.28,132.22,140.46,173.36,,137.08,132.22,140.56,173.56,,1,,50.0,0.0,0,NONE
2026-09-18T15:45:31.602+00:00,976.028,routine,Adaptive thermal response carryover,duty,1775,431.6,132.45,inkbird_lowest_internal,,1,87,137.51,132.45,140.69,173.59,,137.31,132.45,140.79,173.79,,1,,50.0,0.0,0,NONE
2026-09-18T15:45:32.103+00:00,976.529,routine,Adaptive thermal response carryover,duty,1775,431.1,132.45,inkbird_lowest_internal,,1,87,137.51,132.45,140.69,173.59,,137.31,132.45,140.79,173.79,,1,,50.0,0.0,0,NONE
2026-09-18T15:45:33.102+00:00,977.528,routine,Adaptive thermal response carryover,duty,1775,432.0,132.45,inkbird_lowest_internal,,1,87,137.51,132.45,140.69,173.59,,137.31,132.45,140.79,173.79,,1,,50.0,0.0,0,NONE
2026-09-18T15:45:34.102+00:00,978.528,routine,Adaptive thermal response carryover,duty,1775,430.7,132.69,inkbird_lowest_internal,,1,87,137.73,132.69,140.91,173.82,,137.53,132.69,141.01,174.02,,1,,50.0,0.0,0,NONE
2026-09-18T15:45:34.602+00:00,979.028,routine,Adaptive thermal response carryover,duty,1775,432.0,132.69,inkbird_lowest_internal,,1,87,137.73,132.69,140.91,173.82,,137.53,132.69,141.01,174.02,,1,,50.0,0.0,0,NONE
2026-09-18T15:45:35.603+00:00,980.029,routine,Adaptive thermal response carryover,duty,1775,432.5,132.93,inkbird_lowest_internal,,1,87,137.97,132.93,141.14,174.03,,137.77,132.93,141.24,174.23,,1,,50.0,0.0,0,NONE
2026-09-18T15:45:36.602+00:00,981.028,routine,Adaptive thermal response carryover,duty,1775,432.0,132.93,inkbird_lowest_internal,,1,87,137.97,132.93,141.14,174.03,,137.77,132.93,141.24,174.23,,1,,50.0,0.0,0,NONE
2026-09-18T15:45:37.602+00:00,982.028,routine,Adaptive thermal response carryover,duty,1775,432.0,133.15,inkbird_lowest_internal,,1,87,138.19,133.15,141.38,174.26,,137.99,133.15,141.48,174.46,,1,,50.0,0.0,0,NONE
2026-09-18T15:45:38.602+00:00,983.028,routine,Adaptive thermal response carryover,duty,1775,433.0,133.15,inkbird_lowest_internal,,1,87,138.19,133.15,141.38,174.26,,137.99,133.15,141.48,174.46,,1,,50.0,0.0,0,NONE
2026-09-18T15:45:39.602+00:00,984.028,routine,Adaptive thermal response carryover,duty,1775,432.5,133.38,inkbird_lowest_internal,,1,87,138.42,133.38,141.61,174.47,,138.22,133.38,141.71,174.67,,1,,50.0,0.0,0,NONE
2026-09-18T15:45:40.602+00:00,985.028,routine,Adaptive thermal response carryover,duty,1775,433.0,133.38,inkbird_lowest_internal,,1,87,138.42,133.38,141.61,174.47,,138.22,133.38,141.71,174.67,,1,,50.0,0.0,0,NONE
2026-09-18T15:45:41.602+00:00,986.028,routine,Adaptive thermal response carryover,duty,1775,433.4,133.6,inkbird_lowest_internal,,1,87,138.64,133.6,141.84,174.69,,138.44,133.6,141.94,174.89,,1,,50.0,0.0,0,NONE
2026-09-18T15:45:42.602+00:00,987.028,routine,Adaptive thermal response carryover,duty,1775,433.4,133.6,inkbird_lowest_internal,,1,87,138.64,133.6,141.84,174.69,,138.44,133.6,141.94,174.89,,1,,50.0,0.0,0,NONE
2026-09-18T15:45:43.602+00:00,988.028,routine,Adaptive thermal response carryover,duty,1775,433.4,133.84,inkbird_lowest_internal,,1,87,138.87,133.84,142.07,174.91,,138.67,133.84,142.17,175.11,,1,,50.0,0.0,0,NONE
2026-09-18T15:45:44.602+00:00,989.028,routine,Adaptive thermal response carryover,duty,1775,433.9,133.84,inkbird_lowest_internal,,1,87,138.87,133.84,142.07,174.91,,138.67,133.84,142.17,175.11,,1,,50.0,0.0,0,NONE
2026-09-18T15:45:45.602+00:00,990.028,routine,Adaptive thermal response carryover,duty,1775,433.9,134.08,inkbird_lowest_internal,,1,87,139.09,134.08,142.31,175.13,,138.89,134.08,142.41,175.33,,1,,50.0,0.0,0,NONE
2026-09-18T15:45:46.602+00:00,991.028,routine,Adaptive thermal response carryover,duty,1775,433.0,134.08,inkbird_lowest_internal,,1,87,139.09,134.08,142.31,175.13,,138.89,134.08,142.41,175.33,,1,,50.0,0.0,0,NONE
2026-09-18T15:45:47.602+00:00,992.028,routine,Adaptive thermal response carryover,duty,1775,433.9,134.31,inkbird_lowest_internal,,1,87,139.31,134.31,142.54,175.35,,139.11,134.31,142.64,175.55,,1,,50.0,0.0,0,NONE
2026-09-18T15:45:48.102+00:00,992.528,routine,Adaptive thermal response carryover,duty,1775,433.4,134.31,inkbird_lowest_internal,,1,87,139.31,134.31,142.54,175.35,,139.11,134.31,142.64,175.55,,1,,50.0,0.0,0,NONE
2026-09-18T15:45:49.102+00:00,993.528,routine,Adaptive thermal response carryover,duty,1775,434.3,134.31,inkbird_lowest_internal,,1,87,139.31,134.31,142.54,175.35,,139.11,134.31,142.64,175.55,,1,,50.0,0.0,0,NONE
2026-09-18T15:45:49.602+00:00,994.028,routine,Adaptive thermal response carryover,duty,1775,434.3,134.55,inkbird_lowest_internal,,1,87,139.54,134.55,142.77,175.56,,139.34,134.55,142.87,175.76,,1,,50.0,0.0,0,NONE
2026-09-18T15:45:50.602+00:00,995.028,routine,Adaptive thermal response carryover,duty,1775,434.8,134.55,inkbird_lowest_internal,,1,87,139.54,134.55,142.77,175.56,,139.34,134.55,142.87,175.76,,1,,50.0,0.0,0,NONE
2026-09-18T15:45:51.602+00:00,996.028,routine,Adaptive thermal response carryover,duty,1775,435.2,134.77,inkbird_lowest_internal,,1,87,139.77,134.77,143.0,175.78,,139.57,134.77,143.1,175.98,,1,,50.0,0.0,0,NONE
2026-09-18T15:45:52.602+00:00,997.028,routine,Adaptive thermal response carryover,duty,1775,435.2,134.77,inkbird_lowest_internal,,1,87,139.77,134.77,143.0,175.78,,139.57,134.77,143.1,175.98,,1,,50.0,0.0,0,NONE
2026-09-18T15:45:53.602+00:00,998.028,routine,Adaptive thermal response carryover,duty,1775,435.2,135.01,inkbird_lowest_internal,,1,87,140.0,135.01,143.23,176.0,,139.8,135.01,143.33,176.2,,1,,50.0,0.0,0,NONE
2026-09-18T15:45:54.602+00:00,999.028,routine,Adaptive thermal response carryover,duty,1775,435.2,135.01,inkbird_lowest_internal,,1,87,140.0,135.01,143.23,176.0,,139.8,135.01,143.33,176.2,,1,,50.0,0.0,0,NONE
2026-09-18T15:45:55.601+00:00,1000.028,routine,Adaptive thermal response carryover,duty,1775,435.6,135.24,inkbird_lowest_internal,,1,87,140.22,135.24,143.46,176.22,,140.02,135.24,143.56,176.42,,1,,50.0,0.0,0,NONE
2026-09-18T15:45:56.601+00:00,1001.028,routine,Adaptive thermal response carryover,duty,1775,435.2,135.24,inkbird_lowest_internal,,1,87,140.22,135.24,143.46,176.22,,140.02,135.24,143.56,176.42,,1,,50.0,0.0,0,NONE
2026-09-18T15:45:57.602+00:00,1002.028,routine,Adaptive thermal response carryover,duty,1775,435.2,135.47,inkbird_lowest_internal,,1,87,140.44,135.47,143.69,176.43,,140.24,135.47,143.79,176.63,,1,,50.0,0.0,0,NONE
2026-09-18T15:45:58.102+00:00,1002.528,routine,Adaptive thermal response carryover,duty,1775,435.2,135.47,inkbird_lowest_internal,,1,87,140.44,135.47,143.69,176.43,,140.24,135.47,143.79,176.63,,1,,50.0,0.0,0,NONE
2026-09-18T15:45:59.101+00:00,1003.527,routine,Adaptive thermal response carryover,duty,1775,435.2,135.47,inkbird_lowest_internal,,1,87,140.44,135.47,143.69,176.43,,140.24,135.47,143.79,176.63,,1,,50.0,0.0,0,NONE
2026-09-18T15:45:59.601+00:00,1004.027,routine,Adaptive thermal response carryover,duty,1775,436.1,135.7,inkbird_lowest_internal,,1,87,140.66,135.7,143.92,176.66,,140.46,135.7,144.02,176.86,,1,,50.0,0.0,0,NONE
2026-09-18T15:46:00.601+00:00,1005.027,routine,Adaptive thermal response carryover,duty,1775,435.6,135.7,inkbird_lowest_internal,,1,87,140.66,135.7,143.92,176.66,,140.46,135.7,144.02,176.86,,1,,50.0,0.0,0,NONE
2026-09-18T15:46:01.601+00:00,1006.027,routine,Adaptive thermal response carryover,duty,1775,435.6,135.93,inkbird_lowest_internal,,1,87,140.88,135.93,144.16,176.87,,140.68,135.93,144.26,177.07,,1,,50.0,0.0,0,NONE
2026-09-18T15:46:02.601+00:00,1007.027,routine,Adaptive thermal response carryover,duty,1775,435.2,135.93,inkbird_lowest_internal,,1,87,140.88,135.93,144.16,176.87,,140.68,135.93,144.26,177.07,,1,,50.0,0.0,0,NONE
2026-09-18T15:46:03.601+00:00,1008.027,routine,Adaptive thermal response carryover,duty,1775,436.1,136.16,inkbird_lowest_internal,,1,87,141.1,136.16,144.38,177.08,,140.9,136.16,144.48,177.28,,1,,50.0,0.0,0,NONE
2026-09-18T15:46:04.101+00:00,1008.527,routine,Adaptive thermal response carryover,duty,1775,436.5,136.16,inkbird_lowest_internal,,1,87,141.1,136.16,144.38,177.08,,140.9,136.16,144.48,177.28,,1,,50.0,0.0,0,NONE
2026-09-18T15:46:05.101+00:00,1009.527,routine,Adaptive thermal response carryover,duty,1775,436.5,136.16,inkbird_lowest_internal,,1,87,141.1,136.16,144.38,177.08,,140.9,136.16,144.48,177.28,,1,,50.0,0.0,0,NONE
2026-09-18T15:46:06.101+00:00,1010.527,routine,Adaptive thermal response carryover,duty,1775,437.0,136.38,inkbird_lowest_internal,,1,87,141.32,136.38,144.6,177.29,,141.12,136.38,144.7,177.49,,1,,50.0,0.0,0,NONE
2026-09-18T15:46:07.101+00:00,1011.527,routine,Adaptive thermal response carryover,duty,1775,436.1,136.38,inkbird_lowest_internal,,1,87,141.32,136.38,144.6,177.29,,141.12,136.38,144.7,177.49,,1,,50.0,0.0,0,NONE
2026-09-18T15:46:08.101+00:00,1012.527,routine,Adaptive thermal response carryover,duty,1775,437.0,136.61,inkbird_lowest_internal,,1,87,141.54,136.61,144.82,177.51,,141.34,136.61,144.92,177.71,,1,,50.0,0.0,0,NONE
2026-09-18T15:46:09.101+00:00,1013.527,routine,Adaptive thermal response carryover,duty,1775,437.5,136.61,inkbird_lowest_internal,,1,87,141.54,136.61,144.82,177.51,,141.34,136.61,144.92,177.71,,1,,50.0,0.0,0,NONE
2026-09-18T15:46:10.101+00:00,1014.527,routine,Adaptive thermal response carryover,duty,1775,437.0,136.84,inkbird_lowest_internal,,1,87,141.76,136.84,145.05,177.72,,141.56,136.84,145.15,177.92,,1,,50.0,0.0,0,NONE
2026-09-18T15:46:11.101+00:00,1015.527,routine,Adaptive thermal response carryover,duty,1775,437.5,136.84,inkbird_lowest_internal,,1,87,141.76,136.84,145.05,177.72,,141.56,136.84,145.15,177.92,,1,,50.0,0.0,0,NONE
2026-09-18T15:46:12.101+00:00,1016.527,routine,Adaptive thermal response carryover,duty,1775,436.1,137.06,inkbird_lowest_internal,,1,87,141.98,137.06,145.28,177.93,,141.78,137.06,145.38,178.13,,1,,50.0,0.0,0,NONE
2026-09-18T15:46:13.101+00:00,1017.527,routine,Adaptive thermal response carryover,duty,1775,437.5,137.06,inkbird_lowest_internal,,1,87,141.98,137.06,145.28,177.93,,141.78,137.06,145.38,178.13,,1,,50.0,0.0,0,NONE
2026-09-18T15:46:13.601+00:00,1018.027,routine,Adaptive thermal response carryover,duty,1775,437.9,137.28,inkbird_lowest_internal,,1,87,142.19,137.28,145.51,178.13,,141.99,137.28,145.61,178.33,,1,,50.0,0.0,0,NONE
2026-09-18T15:46:14.601+00:00,1019.027,routine,Adaptive thermal response carryover,duty,1775,437.0,137.28,inkbird_lowest_internal,,1,87,142.19,137.28,145.51,178.13,,141.99,137.28,145.61,178.33,,1,,50.0,0.0,0,NONE
2026-09-18T15:46:15.601+00:00,1020.027,routine,Adaptive thermal response carryover,duty,1775,437.5,137.51,inkbird_lowest_internal,,1,87,142.4,137.51,145.75,178.34,,142.2,137.51,145.85,178.54,,1,,50.0,0.0,0,NONE
2026-09-18T15:46:16.601+00:00,1021.027,routine,Adaptive thermal response carryover,duty,1775,437.5,137.51,inkbird_lowest_internal,,1,87,142.4,137.51,145.75,178.34,,142.2,137.51,145.85,178.54,,1,,50.0,0.0,0,NONE
2026-09-18T15:46:17.101+00:00,1021.527,routine,Adaptive thermal response carryover,duty,1775,438.4,137.51,inkbird_lowest_internal,,1,87,142.4,137.51,145.75,178.34,,142.2,137.51,145.85,178.54,,1,,50.0,0.0,0,NONE
2026-09-18T15:46:17.828+00:00,1022.254,routine,Adaptive thermal response carryover,duty,3000,437.9,137.73,inkbird_lowest_internal,,1,87,142.61,137.73,145.97,178.55,,142.41,137.73,146.07,178.75,,1,,50.0,0.0,0,NONE
2026-09-18T15:46:18.601+00:00,1023.027,routine,Adaptive thermal response carryover,duty,3000,435.2,137.73,inkbird_lowest_internal,,1,87,142.61,137.73,145.97,178.55,,142.41,137.73,146.07,178.75,,1,,50.0,0.0,0,NONE
2026-09-18T15:46:19.101+00:00,1023.527,routine,Adaptive thermal response carryover,duty,3000,432.5,137.73,inkbird_lowest_internal,,1,87,142.61,137.73,145.97,178.55,,142.41,137.73,146.07,178.75,,1,,50.0,0.0,0,NONE
2026-09-18T15:46:19.601+00:00,1024.027,routine,Adaptive thermal response carryover,duty,3000,432.0,137.96,inkbird_lowest_internal,,1,87,142.81,137.96,146.19,178.75,,142.61,137.96,146.29,178.95,,1,,50.0,0.0,0,NONE
2026-09-18T15:46:20.601+00:00,1025.027,routine,Adaptive thermal response carryover,duty,3000,434.3,137.96,inkbird_lowest_internal,,1,87,142.81,137.96,146.19,178.75,,142.61,137.96,146.29,178.95,,1,,50.0,0.0,0,NONE
2026-09-18T15:46:21.601+00:00,1026.027,routine,Adaptive thermal response carryover,duty,3000,433.9,138.18,inkbird_lowest_internal,,1,87,143.04,138.18,146.42,178.96,,142.84,138.18,146.52,179.16,,1,,50.0,0.0,0,NONE
2026-09-18T15:46:22.601+00:00,1027.027,routine,Adaptive thermal response carryover,duty,3000,435.2,138.18,inkbird_lowest_internal,,1,87,143.04,138.18,146.42,178.96,,142.84,138.18,146.52,179.16,,1,,50.0,0.0,0,NONE
2026-09-18T15:46:23.601+00:00,1028.027,routine,Adaptive thermal response carryover,duty,3000,435.2,138.41,inkbird_lowest_internal,,1,87,143.27,138.41,146.63,179.17,,143.07,138.41,146.73,179.37,,1,,50.0,0.0,0,NONE
2026-09-18T15:46:24.101+00:00,1028.527,routine,Adaptive thermal response carryover,duty,3000,434.3,138.41,inkbird_lowest_internal,,1,87,143.27,138.41,146.63,179.17,,143.07,138.41,146.73,179.37,,1,,50.0,0.0,0,NONE
2026-09-18T15:46:25.100+00:00,1029.527,routine,Adaptive thermal response carryover,duty,3000,434.8,138.41,inkbird_lowest_internal,,1,87,143.27,138.41,146.63,179.17,,143.07,138.41,146.73,179.37,,1,,50.0,0.0,0,NONE
2026-09-18T15:46:26.100+00:00,1030.526,routine,Adaptive thermal response carryover,duty,3000,434.8,138.64,inkbird_lowest_internal,,1,87,143.48,138.64,146.85,179.37,,143.28,138.64,146.95,179.57,,1,,50.0,0.0,0,NONE
2026-09-18T15:46:26.600+00:00,1031.027,routine,Adaptive thermal response carryover,duty,3000,433.9,138.64,inkbird_lowest_internal,,1,87,143.48,138.64,146.85,179.37,,143.28,138.64,146.95,179.57,,1,,50.0,0.0,0,NONE
2026-09-18T15:46:27.600+00:00,1032.026,routine,Adaptive thermal response carryover,duty,3000,434.8,138.86,inkbird_lowest_internal,,1,87,143.69,138.86,147.07,179.58,,143.49,138.86,147.17,179.78,,1,,50.0,0.0,0,NONE
2026-09-18T15:46:28.600+00:00,1033.026,routine,Adaptive thermal response carryover,duty,3000,434.3,138.86,inkbird_lowest_internal,,1,87,143.69,138.86,147.07,179.58,,143.49,138.86,147.17,179.78,,1,,50.0,0.0,0,NONE
2026-09-18T15:46:29.600+00:00,1034.026,routine,Adaptive thermal response carryover,duty,3000,433.4,139.09,inkbird_lowest_internal,,1,87,143.91,139.09,147.3,179.8,,143.71,139.09,147.4,180.0,,1,,50.0,0.0,0,NONE
2026-09-18T15:46:30.600+00:00,1035.026,routine,Adaptive thermal response carryover,duty,3000,433.4,139.09,inkbird_lowest_internal,,1,87,143.91,139.09,147.3,179.8,,143.71,139.09,147.4,180.0,,1,,50.0,0.0,0,NONE
2026-09-18T15:46:31.100+00:00,1035.526,routine,Adaptive thermal response carryover,duty,3000,433.9,139.09,inkbird_lowest_internal,,1,87,143.91,139.09,147.3,179.8,,143.71,139.09,147.4,180.0,,1,,50.0,0.0,0,NONE
2026-09-18T15:46:32.100+00:00,1036.526,routine,Adaptive thermal response carryover,duty,3000,432.5,139.31,inkbird_lowest_internal,,1,87,144.11,139.31,147.53,180.02,,143.91,139.31,147.63,180.22,,1,,50.0,0.0,0,NONE
2026-09-18T15:46:32.600+00:00,1037.026,routine,Adaptive thermal response carryover,duty,3000,432.5,139.31,inkbird_lowest_internal,,1,87,144.11,139.31,147.53,180.02,,143.91,139.31,147.63,180.22,,1,,50.0,0.0,0,NONE
2026-09-18T15:46:33.600+00:00,1038.026,routine,Adaptive thermal response carryover,duty,3000,433.0,139.53,inkbird_lowest_internal,,1,87,144.34,139.53,147.75,180.25,,144.14,139.53,147.85,180.45,,1,,50.0,0.0,0,NONE
2026-09-18T15:46:34.600+00:00,1039.026,routine,Adaptive thermal response carryover,duty,3000,432.5,139.53,inkbird_lowest_internal,,1,87,144.34,139.53,147.75,180.25,,144.14,139.53,147.85,180.45,,1,,50.0,0.0,0,NONE
2026-09-18T15:46:35.600+00:00,1040.026,routine,Adaptive thermal response carryover,duty,3000,432.0,139.74,inkbird_lowest_internal,,1,87,144.55,139.74,147.99,180.48,,144.35,139.74,148.09,180.68,,1,,50.0,0.0,0,NONE
2026-09-18T15:46:36.600+00:00,1041.026,routine,Adaptive thermal response carryover,duty,3000,431.6,139.74,inkbird_lowest_internal,,1,87,144.55,139.74,147.99,180.48,,144.35,139.74,148.09,180.68,,1,,50.0,0.0,0,NONE
2026-09-18T15:46:37.600+00:00,1042.026,routine,Adaptive thermal response carryover,duty,3000,431.6,139.97,inkbird_lowest_internal,,1,87,144.74,139.97,148.2,180.72,,144.54,139.97,148.3,180.92,,1,,50.0,0.0,0,NONE
2026-09-18T15:46:38.600+00:00,1043.026,routine,Adaptive thermal response carryover,duty,3000,430.7,139.97,inkbird_lowest_internal,,1,87,144.74,139.97,148.2,180.72,,144.54,139.97,148.3,180.92,,1,,50.0,0.0,0,NONE
2026-09-18T15:46:39.100+00:00,1043.526,routine,Adaptive thermal response carryover,duty,3000,430.3,139.97,inkbird_lowest_internal,,1,87,144.74,139.97,148.2,180.72,,144.54,139.97,148.3,180.92,,1,,50.0,0.0,0,NONE
2026-09-18T15:46:39.600+00:00,1044.026,routine,Adaptive thermal response carryover,duty,3000,430.3,140.19,inkbird_lowest_internal,,1,87,144.96,140.19,148.43,180.96,,144.76,140.19,148.53,181.16,,1,,50.0,0.0,0,NONE
2026-09-18T15:46:40.600+00:00,1045.026,routine,Adaptive thermal response carryover,duty,3000,430.3,140.19,inkbird_lowest_internal,,1,87,144.96,140.19,148.43,180.96,,144.76,140.19,148.53,181.16,,1,,50.0,0.0,0,NONE
2026-09-18T15:46:41.600+00:00,1046.026,routine,Adaptive thermal response carryover,duty,3000,430.3,140.43,inkbird_lowest_internal,,1,87,145.17,140.43,148.66,181.2,,144.97,140.43,148.76,181.4,,1,,50.0,0.0,0,NONE
2026-09-18T15:46:42.600+00:00,1047.026,routine,Adaptive thermal response carryover,duty,3000,429.4,140.43,inkbird_lowest_internal,,1,87,145.17,140.43,148.66,181.2,,144.97,140.43,148.76,181.4,,1,,50.0,0.0,0,NONE
2026-09-18T15:46:43.600+00:00,1048.026,routine,Adaptive thermal response carryover,duty,3000,428.9,140.64,inkbird_lowest_internal,,1,87,145.39,140.64,148.89,181.45,,145.19,140.64,148.99,181.65,,1,,50.0,0.0,0,NONE
2026-09-18T15:46:44.600+00:00,1049.026,routine,Adaptive thermal response carryover,duty,3000,428.0,140.64,inkbird_lowest_internal,,1,87,145.39,140.64,148.89,181.45,,145.19,140.64,148.99,181.65,,1,,50.0,0.0,0,NONE
2026-09-18T15:46:45.100+00:00,1049.526,routine,Adaptive thermal response carryover,duty,3000,428.0,140.64,inkbird_lowest_internal,,1,87,145.39,140.64,148.89,181.45,,145.19,140.64,148.99,181.65,,1,,50.0,0.0,0,NONE
2026-09-18T15:46:46.100+00:00,1050.526,routine,Adaptive thermal response carryover,duty,3000,427.5,140.86,inkbird_lowest_internal,,1,87,145.6,140.86,149.11,181.69,,145.4,140.86,149.21,181.89,,1,,50.0,0.0,0,NONE
2026-09-18T15:46:47.100+00:00,1051.526,routine,Adaptive thermal response carryover,duty,3000,427.1,140.86,inkbird_lowest_internal,,1,87,145.6,140.86,149.11,181.69,,145.4,140.86,149.21,181.89,,1,,50.0,0.0,0,NONE
2026-09-18T15:46:48.100+00:00,1052.526,routine,Adaptive thermal response carryover,duty,3000,427.5,141.07,inkbird_lowest_internal,,1,87,145.8,141.07,149.35,181.92,,145.6,141.07,149.45,182.12,,1,,50.0,0.0,0,NONE
2026-09-18T15:46:49.100+00:00,1053.526,routine,Adaptive thermal response carryover,duty,3000,427.1,141.07,inkbird_lowest_internal,,1,87,145.8,141.07,149.35,181.92,,145.6,141.07,149.45,182.12,,1,,50.0,0.0,0,NONE
2026-09-18T15:46:50.100+00:00,1054.526,routine,Adaptive thermal response carryover,duty,3000,426.6,141.3,inkbird_lowest_internal,,1,87,146.0,141.3,149.56,182.16,,145.8,141.3,149.66,182.36,,1,,50.0,0.0,0,NONE
2026-09-18T15:46:51.100+00:00,1055.526,routine,Adaptive thermal response carryover,duty,3000,425.8,141.3,inkbird_lowest_internal,,1,87,146.0,141.3,149.56,182.16,,145.8,141.3,149.66,182.36,,1,,50.0,0.0,0,NONE
2026-09-18T15:46:52.100+00:00,1056.526,routine,Adaptive thermal response carryover,duty,3000,425.8,141.52,inkbird_lowest_internal,,1,87,146.21,141.52,149.81,182.39,,146.01,141.52,149.91,182.59,,1,,50.0,0.0,0,NONE
2026-09-18T15:46:53.100+00:00,1057.526,routine,Adaptive thermal response carryover,duty,3000,425.3,141.52,inkbird_lowest_internal,,1,87,146.21,141.52,149.81,182.39,,146.01,141.52,149.91,182.59,,1,,50.0,0.0,0,NONE
2026-09-18T15:46:54.100+00:00,1058.526,routine,Adaptive thermal response carryover,duty,3000,424.9,141.75,inkbird_lowest_internal,,1,87,146.42,141.75,150.03,182.63,,146.22,141.75,150.13,182.83,,1,,50.0,0.0,0,NONE
2026-09-18T15:46:54.600+00:00,1059.026,routine,Adaptive thermal response carryover,duty,3000,425.3,141.75,inkbird_lowest_internal,,1,87,146.42,141.75,150.03,182.63,,146.22,141.75,150.13,182.83,,1,,50.0,0.0,0,NONE
2026-09-18T15:46:55.600+00:00,1060.026,routine,Adaptive thermal response carryover,duty,3000,424.9,141.97,inkbird_lowest_internal,,1,87,146.63,141.97,150.26,182.85,,146.43,141.97,150.36,183.05,,1,,50.0,0.0,0,NONE
2026-09-18T15:46:56.600+00:00,1061.026,routine,Adaptive thermal response carryover,duty,3000,424.0,141.97,inkbird_lowest_internal,,1,87,146.63,141.97,150.26,182.85,,146.43,141.97,150.36,183.05,,1,,50.0,0.0,0,NONE
2026-09-18T15:46:57.100+00:00,1061.526,routine,Adaptive thermal response carryover,duty,3000,424.4,141.97,inkbird_lowest_internal,,1,87,146.63,141.97,150.26,182.85,,146.43,141.97,150.36,183.05,,1,,50.0,0.0,0,NONE
2026-09-18T15:46:58.100+00:00,1062.526,routine,Adaptive thermal response carryover,duty,3000,422.6,142.19,inkbird_lowest_internal,,1,87,146.84,142.19,150.49,183.08,,146.64,142.19,150.59,183.28,,1,,50.0,0.0,0,NONE
2026-09-18T15:46:58.600+00:00,1063.026,routine,Adaptive thermal response carryover,duty,3000,423.0,142.19,inkbird_lowest_internal,,1,87,146.84,142.19,150.49,183.08,,146.64,142.19,150.59,183.28,,1,,50.0,0.0,0,NONE
2026-09-18T15:46:59.599+00:00,1064.026,routine,Adaptive thermal response carryover,duty,3000,423.5,142.42,inkbird_lowest_internal,,1,87,147.04,142.42,150.71,183.3,,146.84,142.42,150.81,183.5,,1,,50.0,0.0,0,NONE
2026-09-18T15:47:00.599+00:00,1065.026,routine,Adaptive thermal response carryover,duty,3000,422.6,142.42,inkbird_lowest_internal,,1,87,147.04,142.42,150.71,183.3,,146.84,142.42,150.81,183.5,,1,,50.0,0.0,0,NONE
2026-09-18T15:47:01.599+00:00,1066.025,routine,Adaptive thermal response carryover,duty,3000,420.8,142.64,inkbird_lowest_internal,,1,87,147.25,142.64,150.93,183.53,,147.05,142.64,151.03,183.73,,1,,50.0,0.0,0,NONE
2026-09-18T15:47:02.599+00:00,1067.025,routine,Adaptive thermal response carryover,duty,3000,421.3,142.64,inkbird_lowest_internal,,1,87,147.25,142.64,150.93,183.53,,147.05,142.64,151.03,183.73,,1,,50.0,0.0,0,NONE
2026-09-18T15:47:03.099+00:00,1067.525,routine,Adaptive thermal response carryover,duty,3000,421.3,142.64,inkbird_lowest_internal,,1,87,147.25,142.64,150.93,183.53,,147.05,142.64,151.03,183.73,,1,,50.0,0.0,0,NONE
2026-09-18T15:47:04.099+00:00,1068.525,routine,Adaptive thermal response carryover,duty,3000,421.7,142.86,inkbird_lowest_internal,,1,87,147.45,142.86,151.16,183.74,,147.25,142.86,151.26,183.94,,1,,50.0,0.0,0,NONE
2026-09-18T15:47:05.099+00:00,1069.525,routine,Adaptive thermal response carryover,duty,3000,421.7,142.86,inkbird_lowest_internal,,1,87,147.45,142.86,151.16,183.74,,147.25,142.86,151.26,183.94,,1,,50.0,0.0,0,NONE
2026-09-18T15:47:05.600+00:00,1070.026,routine,Adaptive thermal response carryover,duty,3000,421.3,143.08,inkbird_lowest_internal,,1,87,147.66,143.08,151.39,183.95,,147.46,143.08,151.49,184.15,,1,,50.0,0.0,0,NONE
2026-09-18T15:47:06.599+00:00,1071.025,routine,Adaptive thermal response carryover,duty,3000,420.8,143.08,inkbird_lowest_internal,,1,87,147.66,143.08,151.39,183.95,,147.46,143.08,151.49,184.15,,1,,50.0,0.0,0,NONE
2026-09-18T15:47:07.599+00:00,1072.025,routine,Adaptive thermal response carryover,duty,3000,419.9,143.31,inkbird_lowest_internal,,1,87,147.86,143.31,151.61,184.16,,147.66,143.31,151.71,184.36,,1,,50.0,0.0,0,NONE
2026-09-18T15:47:08.599+00:00,1073.025,routine,Adaptive thermal response carryover,duty,3000,420.8,143.31,inkbird_lowest_internal,,1,87,147.86,143.31,151.61,184.16,,147.66,143.31,151.71,184.36,,1,,50.0,0.0,0,NONE
2026-09-18T15:47:09.099+00:00,1073.525,routine,Adaptive thermal response carryover,duty,3000,420.4,143.31,inkbird_lowest_internal,,1,87,147.86,143.31,151.61,184.16,,147.66,143.31,151.71,184.36,,1,,50.0,0.0,0,NONE
2026-09-18T15:47:10.099+00:00,1074.525,routine,Adaptive thermal response carryover,duty,3000,419.9,143.52,inkbird_lowest_internal,,1,87,148.06,143.52,151.83,184.36,,147.86,143.52,151.93,184.56,,1,,50.0,0.0,0,NONE
2026-09-18T15:47:11.099+00:00,1075.525,routine,Adaptive thermal response carryover,duty,3000,419.9,143.52,inkbird_lowest_internal,,1,87,148.06,143.52,151.83,184.36,,147.86,143.52,151.93,184.56,,1,,50.0,0.0,0,NONE
2026-09-18T15:47:12.099+00:00,1076.525,routine,Adaptive thermal response carryover,duty,3000,418.1,143.74,inkbird_lowest_internal,,1,87,148.27,143.74,152.06,184.57,,148.07,143.74,152.16,184.77,,1,,50.0,0.0,0,NONE
2026-09-18T15:47:13.099+00:00,1077.525,routine,Adaptive thermal response carryover,duty,3000,418.5,143.74,inkbird_lowest_internal,,1,87,148.27,143.74,152.06,184.57,,148.07,143.74,152.16,184.77,,1,,50.0,0.0,0,NONE
2026-09-18T15:47:13.599+00:00,1078.025,routine,Adaptive thermal response carryover,duty,3000,418.5,143.94,inkbird_lowest_internal,,1,87,148.47,143.94,152.28,184.76,,148.27,143.94,152.38,184.96,,1,,50.0,0.0,0,NONE
2026-09-18T15:47:14.599+00:00,1079.025,routine,Adaptive thermal response carryover,duty,3000,418.5,143.94,inkbird_lowest_internal,,1,87,148.47,143.94,152.28,184.76,,148.27,143.94,152.38,184.96,,1,,50.0,0.0,0,NONE
2026-09-18T15:47:15.099+00:00,1079.525,routine,Adaptive thermal response carryover,duty,3000,418.1,143.94,inkbird_lowest_internal,,1,87,148.47,143.94,152.28,184.76,,148.27,143.94,152.38,184.96,,1,,50.0,0.0,0,NONE
2026-09-18T15:47:15.599+00:00,1080.025,routine,Adaptive thermal response carryover,duty,3000,417.6,144.16,inkbird_lowest_internal,,1,87,148.67,144.16,152.49,184.95,,148.47,144.16,152.59,185.15,,1,,50.0,0.0,0,NONE
2026-09-18T15:47:16.599+00:00,1081.025,routine,Adaptive thermal response carryover,duty,3000,417.6,144.16,inkbird_lowest_internal,,1,87,148.67,144.16,152.49,184.95,,148.47,144.16,152.59,185.15,,1,,50.0,0.0,0,NONE
2026-09-18T15:47:17.599+00:00,1082.025,routine,Adaptive thermal response carryover,duty,3000,417.2,144.39,inkbird_lowest_internal,,1,87,148.87,144.39,152.71,185.14,,148.67,144.39,152.81,185.34,,1,,50.0,0.0,0,NONE
2026-09-18T15:47:18.099+00:00,1082.525,routine,Adaptive thermal response carryover,duty,3000,417.2,144.39,inkbird_lowest_internal,,1,87,148.87,144.39,152.71,185.14,,148.67,144.39,152.81,185.34,,1,,50.0,0.0,0,NONE
2026-09-18T15:47:19.099+00:00,1083.525,routine,Adaptive thermal response carryover,duty,3000,415.9,144.39,inkbird_lowest_internal,,1,87,148.87,144.39,152.71,185.14,,148.67,144.39,152.81,185.34,,1,,50.0,0.0,0,NONE
2026-09-18T15:47:19.599+00:00,1084.025,routine,Adaptive thermal response carryover,duty,3000,416.3,144.6,inkbird_lowest_internal,,1,87,149.07,144.6,152.92,185.32,,148.87,144.6,153.02,185.52,,1,,50.0,0.0,0,NONE
2026-09-18T15:47:20.599+00:00,1085.025,routine,Adaptive thermal response carryover,duty,3000,416.8,144.6,inkbird_lowest_internal,,1,87,149.07,144.6,152.92,185.32,,148.87,144.6,153.02,185.52,,1,,50.0,0.0,0,NONE
2026-09-18T15:47:21.099+00:00,1085.525,routine,Adaptive thermal response carryover,duty,3000,416.3,144.6,inkbird_lowest_internal,,1,87,149.07,144.6,152.92,185.32,,148.87,144.6,153.02,185.52,,1,,50.0,0.0,0,NONE
2026-09-18T15:47:22.099+00:00,1086.525,routine,Adaptive thermal response carryover,duty,3000,416.3,144.81,inkbird_lowest_internal,,1,87,149.27,144.81,153.14,185.49,,149.07,144.81,153.24,185.69,,1,,50.0,0.0,0,NONE
2026-09-18T15:47:23.099+00:00,1087.525,routine,Adaptive thermal response carryover,duty,3000,415.9,144.81,inkbird_lowest_internal,,1,87,149.27,144.81,153.14,185.49,,149.07,144.81,153.24,185.69,,1,,50.0,0.0,0,NONE
2026-09-18T15:47:24.099+00:00,1088.525,routine,Adaptive thermal response carryover,duty,3000,415.9,145.02,inkbird_lowest_internal,,1,87,149.47,145.02,153.35,185.64,,149.27,145.02,153.45,185.84,,1,,50.0,0.0,0,NONE
2026-09-18T15:47:25.099+00:00,1089.525,routine,Adaptive thermal response carryover,duty,3000,415.4,145.02,inkbird_lowest_internal,,1,87,149.47,145.02,153.35,185.64,,149.27,145.02,153.45,185.84,,1,,50.0,0.0,0,NONE
2026-09-18T15:47:26.099+00:00,1090.525,routine,Adaptive thermal response carryover,duty,3000,415.0,145.24,inkbird_lowest_internal,,1,87,149.68,145.24,153.56,185.79,,149.48,145.24,153.66,185.99,,1,,50.0,0.0,0,NONE
2026-09-18T15:47:26.599+00:00,1091.025,routine,Adaptive thermal response carryover,duty,3000,415.0,145.24,inkbird_lowest_internal,,1,87,149.68,145.24,153.56,185.79,,149.48,145.24,153.66,185.99,,1,,50.0,0.0,0,NONE
2026-09-18T15:47:27.599+00:00,1092.025,routine,Adaptive thermal response carryover,duty,3000,413.6,145.44,inkbird_lowest_internal,,1,87,149.88,145.44,153.77,185.95,,149.68,145.44,153.87,186.15,,1,,50.0,0.0,0,NONE
2026-09-18T15:47:28.599+00:00,1093.025,routine,Adaptive thermal response carryover,duty,3000,414.5,145.44,inkbird_lowest_internal,,1,87,149.88,145.44,153.77,185.95,,149.68,145.44,153.87,186.15,,1,,50.0,0.0,0,NONE
2026-09-18T15:47:29.599+00:00,1094.025,routine,Adaptive thermal response carryover,duty,3000,413.6,145.66,inkbird_lowest_internal,,1,87,150.07,145.66,153.97,186.11,,149.87,145.66,154.07,186.31,,1,,50.0,0.0,0,NONE
2026-09-18T15:47:30.599+00:00,1095.025,routine,Adaptive thermal response carryover,duty,3000,414.0,145.66,inkbird_lowest_internal,,1,87,150.07,145.66,153.97,186.11,,149.87,145.66,154.07,186.31,,1,,50.0,0.0,0,NONE
2026-09-18T15:47:31.099+00:00,1095.525,routine,Adaptive thermal response carryover,duty,3000,413.1,145.66,inkbird_lowest_internal,,1,87,150.07,145.66,153.97,186.11,,149.87,145.66,154.07,186.31,,1,,50.0,0.0,0,NONE
2026-09-18T15:47:31.599+00:00,1096.025,routine,Adaptive thermal response carryover,duty,3000,414.0,145.88,inkbird_lowest_internal,,1,87,150.27,145.88,154.17,186.27,,150.07,145.88,154.27,186.47,,1,,50.0,0.0,0,NONE
2026-09-18T15:47:32.599+00:00,1097.025,routine,Adaptive thermal response carryover,duty,3000,413.6,145.88,inkbird_lowest_internal,,1,87,150.27,145.88,154.17,186.27,,150.07,145.88,154.27,186.47,,1,,50.0,0.0,0,NONE
2026-09-18T15:47:33.099+00:00,1097.525,routine,Adaptive thermal response carryover,duty,3000,413.1,145.88,inkbird_lowest_internal,,1,87,150.27,145.88,154.17,186.27,,150.07,145.88,154.27,186.47,,1,,50.0,0.0,0,NONE
2026-09-18T15:47:33.599+00:00,1098.025,routine,Adaptive thermal response carryover,duty,3000,413.1,146.1,inkbird_lowest_internal,,1,87,150.47,146.1,154.38,186.42,,150.27,146.1,154.48,186.62,,1,,50.0,0.0,0,NONE
2026-09-18T15:47:34.598+00:00,1099.025,routine,Adaptive thermal response carryover,duty,3000,412.7,146.1,inkbird_lowest_internal,,1,87,150.47,146.1,154.38,186.42,,150.27,146.1,154.48,186.62,,1,,50.0,0.0,0,NONE
2026-09-18T15:47:35.598+00:00,1100.024,routine,Adaptive thermal response carryover,duty,3000,412.7,146.3,inkbird_lowest_internal,,1,87,150.68,146.3,154.57,186.57,,150.48,146.3,154.67,186.77,,1,,50.0,0.0,0,NONE
2026-09-18T15:47:36.598+00:00,1101.024,routine,Adaptive thermal response carryover,duty,3000,411.4,146.3,inkbird_lowest_internal,,1,87,150.68,146.3,154.57,186.57,,150.48,146.3,154.67,186.77,,1,,50.0,0.0,0,NONE
2026-09-18T15:47:37.099+00:00,1101.525,routine,Adaptive thermal response carryover,duty,3000,412.3,146.3,inkbird_lowest_internal,,1,87,150.68,146.3,154.57,186.57,,150.48,146.3,154.67,186.77,,1,,50.0,0.0,0,NONE
2026-09-18T15:47:38.098+00:00,1102.524,routine,Adaptive thermal response carryover,duty,3000,411.8,146.5,inkbird_lowest_internal,,1,87,150.87,146.5,154.77,186.72,,150.67,146.5,154.87,186.92,,1,,50.0,0.0,0,NONE
2026-09-18T15:47:39.098+00:00,1103.524,routine,Adaptive thermal response carryover,duty,3000,411.4,146.5,inkbird_lowest_internal,,1,87,150.87,146.5,154.77,186.72,,150.67,146.5,154.87,186.92,,1,,50.0,0.0,0,NONE
2026-09-18T15:47:39.598+00:00,1104.024,routine,Adaptive thermal response carryover,duty,3000,411.8,146.71,inkbird_lowest_internal,,1,87,151.06,146.71,154.97,186.87,,150.86,146.71,155.07,187.07,,1,,50.0,0.0,0,NONE
2026-09-18T15:47:40.598+00:00,1105.024,routine,Adaptive thermal response carryover,duty,3000,410.5,146.71,inkbird_lowest_internal,,1,87,151.06,146.71,154.97,186.87,,150.86,146.71,155.07,187.07,,1,,50.0,0.0,0,NONE
2026-09-18T15:47:41.598+00:00,1106.024,routine,Adaptive thermal response carryover,duty,3000,411.4,146.91,inkbird_lowest_internal,,1,87,151.27,146.91,155.16,187.02,,151.07,146.91,155.26,187.22,,1,,50.0,0.0,0,NONE
2026-09-18T15:47:42.598+00:00,1107.024,routine,Adaptive thermal response carryover,duty,3000,410.9,146.91,inkbird_lowest_internal,,1,87,151.27,146.91,155.16,187.02,,151.07,146.91,155.26,187.22,,1,,50.0,0.0,0,NONE
2026-09-18T15:47:43.598+00:00,1108.024,routine,Adaptive thermal response carryover,duty,3000,410.0,147.12,inkbird_lowest_internal,,1,87,151.46,147.12,155.36,187.17,,151.26,147.12,155.46,187.37,,1,,50.0,0.0,0,NONE
2026-09-18T15:47:44.598+00:00,1109.024,routine,Adaptive thermal response carryover,duty,3000,410.9,147.12,inkbird_lowest_internal,,1,87,151.46,147.12,155.36,187.17,,151.26,147.12,155.46,187.37,,1,,50.0,0.0,0,NONE
2026-09-18T15:47:45.598+00:00,1110.024,routine,Adaptive thermal response carryover,duty,3000,410.5,147.32,inkbird_lowest_internal,,1,87,151.66,147.32,155.55,187.33,,151.46,147.32,155.65,187.53,,1,,50.0,0.0,0,NONE
2026-09-18T15:47:46.598+00:00,1111.024,routine,Adaptive thermal response carryover,duty,3000,409.5,147.32,inkbird_lowest_internal,,1,87,151.66,147.32,155.55,187.33,,151.46,147.32,155.65,187.53,,1,,50.0,0.0,0,NONE
2026-09-18T15:47:47.098+00:00,1111.524,routine,Adaptive thermal response carryover,duty,3000,409.5,147.32,inkbird_lowest_internal,,1,87,151.66,147.32,155.55,187.33,,151.46,147.32,155.65,187.53,,1,,50.0,0.0,0,NONE
2026-09-18T15:47:48.098+00:00,1112.524,routine,Adaptive thermal response carryover,duty,3000,410.0,147.51,inkbird_lowest_internal,,1,87,151.86,147.51,155.74,187.48,,151.66,147.51,155.84,187.68,,1,,50.0,0.0,0,NONE
2026-09-18T15:47:49.098+00:00,1113.524,routine,Adaptive thermal response carryover,duty,3000,409.1,147.51,inkbird_lowest_internal,,1,87,151.86,147.51,155.74,187.48,,151.66,147.51,155.84,187.68,,1,,50.0,0.0,0,NONE
2026-09-18T15:47:50.098+00:00,1114.524,routine,Adaptive thermal response carryover,duty,3000,408.6,147.72,inkbird_lowest_internal,,1,87,152.05,147.72,155.93,187.63,,151.85,147.72,156.03,187.83,,1,,50.0,0.0,0,NONE
2026-09-18T15:47:51.098+00:00,1115.524,routine,Adaptive thermal response carryover,duty,3000,409.1,147.72,inkbird_lowest_internal,,1,87,152.05,147.72,155.93,187.63,,151.85,147.72,156.03,187.83,,1,,50.0,0.0,0,NONE
2026-09-18T15:47:52.098+00:00,1116.524,routine,Adaptive thermal response carryover,duty,3000,407.8,147.93,inkbird_lowest_internal,,1,87,152.25,147.93,156.12,187.77,,152.05,147.93,156.22,187.97,,1,,50.0,0.0,0,NONE
2026-09-18T15:47:53.098+00:00,1117.524,routine,Adaptive thermal response carryover,duty,3000,408.2,147.93,inkbird_lowest_internal,,1,87,152.25,147.93,156.12,187.77,,152.05,147.93,156.22,187.97,,1,,50.0,0.0,0,NONE
2026-09-18T15:47:54.098+00:00,1118.524,routine,Adaptive thermal response carryover,duty,3000,408.2,148.13,inkbird_lowest_internal,,1,87,152.44,148.13,156.32,187.92,,152.24,148.13,156.42,188.12,,1,,50.0,0.0,0,NONE
2026-09-18T15:47:54.598+00:00,1119.024,routine,Adaptive thermal response carryover,duty,3000,408.2,148.13,inkbird_lowest_internal,,1,87,152.44,148.13,156.32,187.92,,152.24,148.13,156.42,188.12,,1,,50.0,0.0,0,NONE
2026-09-18T15:47:55.598+00:00,1120.024,routine,Adaptive thermal response carryover,duty,3000,408.2,148.34,inkbird_lowest_internal,,1,87,152.63,148.34,156.51,188.07,,152.43,148.34,156.61,188.27,,1,,50.0,0.0,0,NONE
2026-09-18T15:47:56.598+00:00,1121.024,routine,Adaptive thermal response carryover,duty,3000,407.8,148.34,inkbird_lowest_internal,,1,87,152.63,148.34,156.51,188.07,,152.43,148.34,156.61,188.27,,1,,50.0,0.0,0,NONE
2026-09-18T15:47:57.598+00:00,1122.024,routine,Adaptive thermal response carryover,duty,3000,407.3,148.54,inkbird_lowest_internal,,1,87,152.83,148.54,156.71,188.22,,152.63,148.54,156.81,188.42,,1,,50.0,0.0,0,NONE
2026-09-18T15:47:58.098+00:00,1122.524,routine,Adaptive thermal response carryover,duty,3000,407.3,148.54,inkbird_lowest_internal,,1,87,152.83,148.54,156.71,188.22,,152.63,148.54,156.81,188.42,,1,,50.0,0.0,0,NONE
2026-09-18T15:47:59.098+00:00,1123.524,routine,Adaptive thermal response carryover,duty,3000,406.9,148.54,inkbird_lowest_internal,,1,87,152.83,148.54,156.71,188.22,,152.63,148.54,156.81,188.42,,1,,50.0,0.0,0,NONE
2026-09-18T15:48:00.098+00:00,1124.524,routine,Adaptive thermal response carryover,duty,3000,406.9,148.73,inkbird_lowest_internal,,1,87,153.02,148.73,156.9,188.33,,152.82,148.73,157.0,188.53,,1,,50.0,0.0,0,NONE
2026-09-18T15:48:01.098+00:00,1125.524,routine,Adaptive thermal response carryover,duty,3000,406.9,148.73,inkbird_lowest_internal,,1,87,153.02,148.73,156.9,188.33,,152.82,148.73,157.0,188.53,,1,,50.0,0.0,0,NONE
2026-09-18T15:48:02.098+00:00,1126.524,routine,Adaptive thermal response carryover,duty,3000,406.9,148.93,inkbird_lowest_internal,,1,87,153.22,148.93,157.1,188.48,,153.02,148.93,157.2,188.68,,1,,50.0,0.0,0,NONE
2026-09-18T15:48:02.598+00:00,1127.024,routine,Adaptive thermal response carryover,duty,3000,406.9,148.93,inkbird_lowest_internal,,1,87,153.22,148.93,157.1,188.48,,153.02,148.93,157.2,188.68,,1,,50.0,0.0,0,NONE
2026-09-18T15:48:03.598+00:00,1128.024,routine,Adaptive thermal response carryover,duty,3000,406.4,149.13,inkbird_lowest_internal,,1,87,153.41,149.13,157.28,188.63,,153.21,149.13,157.38,188.83,,1,,50.0,0.0,0,NONE
2026-09-18T15:48:04.100+00:00,1128.526,routine,Adaptive thermal response carryover,duty,3000,406.4,149.13,inkbird_lowest_internal,,1,87,153.41,149.13,157.28,188.63,,153.21,149.13,157.38,188.83,,1,,50.0,0.0,0,NONE
2026-09-18T15:48:05.098+00:00,1129.524,routine,Adaptive thermal response carryover,duty,3000,406.4,149.13,inkbird_lowest_internal,,1,87,153.41,149.13,157.28,188.63,,153.21,149.13,157.38,188.83,,1,,50.0,0.0,0,NONE
2026-09-18T15:48:06.098+00:00,1130.524,routine,Adaptive thermal response carryover,duty,3000,405.0,149.32,inkbird_lowest_internal,,1,87,153.6,149.32,157.48,188.77,,153.4,149.32,157.58,188.97,,1,,50.0,0.0,0,NONE
2026-09-18T15:48:07.098+00:00,1131.524,routine,Adaptive thermal response carryover,duty,3000,404.6,149.32,inkbird_lowest_internal,,1,87,153.6,149.32,157.48,188.77,,153.4,149.32,157.58,188.97,,1,,50.0,0.0,0,NONE
2026-09-18T15:48:08.098+00:00,1132.524,routine,Adaptive thermal response carryover,duty,3000,404.6,149.53,inkbird_lowest_internal,,1,87,153.81,149.53,157.66,188.91,,153.61,149.53,157.76,189.11,,1,,50.0,0.0,0,NONE
2026-09-18T15:48:09.098+00:00,1133.524,routine,Adaptive thermal response carryover,duty,3000,405.5,149.53,inkbird_lowest_internal,,1,87,153.81,149.53,157.66,188.91,,153.61,149.53,157.76,189.11,,1,,50.0,0.0,0,NONE
2026-09-18T15:48:10.098+00:00,1134.524,routine,Adaptive thermal response carryover,duty,3000,405.5,149.72,inkbird_lowest_internal,,1,87,154.0,149.72,157.85,189.04,,153.8,149.72,157.95,189.24,,1,,50.0,0.0,0,NONE
2026-09-18T15:48:11.097+00:00,1135.523,routine,Adaptive thermal response carryover,duty,3000,404.6,149.72,inkbird_lowest_internal,,1,87,154.0,149.72,157.85,189.04,,153.8,149.72,157.95,189.24,,1,,50.0,0.0,0,NONE
2026-09-18T15:48:12.097+00:00,1136.523,routine,Adaptive thermal response carryover,duty,3000,404.1,149.91,inkbird_lowest_internal,,1,87,154.19,149.91,158.04,189.19,,153.99,149.91,158.14,189.39,,1,,50.0,0.0,0,NONE
2026-09-18T15:48:13.098+00:00,1137.524,routine,Adaptive thermal response carryover,duty,3000,403.7,149.91,inkbird_lowest_internal,,1,87,154.19,149.91,158.04,189.19,,153.99,149.91,158.14,189.39,,1,,50.0,0.0,0,NONE
2026-09-18T15:48:14.097+00:00,1138.523,routine,Adaptive thermal response carryover,duty,3000,404.1,150.12,inkbird_lowest_internal,,1,87,154.39,150.12,158.23,189.31,,154.19,150.12,158.33,189.51,,1,,50.0,0.0,0,NONE
2026-09-18T15:48:15.097+00:00,1139.523,routine,Adaptive thermal response carryover,duty,3000,404.1,150.12,inkbird_lowest_internal,,1,87,154.39,150.12,158.23,189.31,,154.19,150.12,158.33,189.51,,1,,50.0,0.0,0,NONE
2026-09-18T15:48:16.097+00:00,1140.523,routine,Adaptive thermal response carryover,duty,3000,403.7,150.31,inkbird_lowest_internal,,1,87,154.58,150.31,158.41,189.46,,154.38,150.31,158.51,189.66,,1,,50.0,0.0,0,NONE
2026-09-18T15:48:17.097+00:00,1141.523,routine,Adaptive thermal response carryover,duty,3000,402.4,150.31,inkbird_lowest_internal,,1,87,154.58,150.31,158.41,189.46,,154.38,150.31,158.51,189.66,,1,,50.0,0.0,0,NONE
2026-09-18T15:48:18.097+00:00,1142.523,routine,Adaptive thermal response carryover,duty,3000,403.3,150.51,inkbird_lowest_internal,,1,87,154.76,150.51,158.6,189.59,,154.56,150.51,158.7,189.79,,1,,50.0,0.0,0,NONE
2026-09-18T15:48:18.597+00:00,1143.023,routine,Adaptive thermal response carryover,duty,3000,402.8,150.51,inkbird_lowest_internal,,1,87,154.76,150.51,158.6,189.59,,154.56,150.51,158.7,189.79,,1,,50.0,0.0,0,NONE
2026-09-18T15:48:19.597+00:00,1144.023,routine,Adaptive thermal response carryover,duty,3000,401.5,150.71,inkbird_lowest_internal,,1,87,154.96,150.71,158.78,189.72,,154.76,150.71,158.88,189.92,,1,,50.0,0.0,0,NONE
2026-09-18T15:48:20.597+00:00,1145.023,routine,Adaptive thermal response carryover,duty,3000,403.3,150.71,inkbird_lowest_internal,,1,87,154.96,150.71,158.78,189.72,,154.76,150.71,158.88,189.92,,1,,50.0,0.0,0,NONE
2026-09-18T15:48:21.597+00:00,1146.023,routine,Adaptive thermal response carryover,duty,3000,401.5,150.9,inkbird_lowest_internal,,1,87,155.15,150.9,158.96,189.86,,154.95,150.9,159.06,190.06,,1,,50.0,0.0,0,NONE
2026-09-18T15:48:22.097+00:00,1146.523,routine,Adaptive thermal response carryover,duty,3000,402.4,150.9,inkbird_lowest_internal,,1,87,155.15,150.9,158.96,189.86,,154.95,150.9,159.06,190.06,,1,,50.0,0.0,0,NONE
2026-09-18T15:48:23.097+00:00,1147.523,routine,Adaptive thermal response carryover,duty,3000,401.9,150.9,inkbird_lowest_internal,,1,87,155.15,150.9,158.96,189.86,,154.95,150.9,159.06,190.06,,1,,50.0,0.0,0,NONE
2026-09-18T15:48:23.597+00:00,1148.023,routine,Adaptive thermal response carryover,duty,3000,402.4,151.09,inkbird_lowest_internal,,1,87,155.34,151.09,159.14,190.0,,155.14,151.09,159.24,190.2,,1,,50.0,0.0,0,NONE
2026-09-18T15:48:24.597+00:00,1149.023,routine,Adaptive thermal response carryover,duty,3000,401.5,151.09,inkbird_lowest_internal,,1,87,155.34,151.09,159.14,190.0,,155.14,151.09,159.24,190.2,,1,,50.0,0.0,0,NONE
2026-09-18T15:48:25.597+00:00,1150.023,routine,Adaptive thermal response carryover,duty,3000,401.9,151.28,inkbird_lowest_internal,,1,87,155.55,151.28,159.33,190.13,,155.35,151.28,159.43,190.33,,1,,50.0,0.0,0,NONE
2026-09-18T15:48:26.597+00:00,1151.023,routine,Adaptive thermal response carryover,duty,3000,400.5,151.28,inkbird_lowest_internal,,1,87,155.55,151.28,159.33,190.13,,155.35,151.28,159.43,190.33,,1,,50.0,0.0,0,NONE
2026-09-18T15:48:27.597+00:00,1152.023,routine,Adaptive thermal response carryover,duty,3000,401.0,151.48,inkbird_lowest_internal,,1,87,155.74,151.48,159.51,190.26,,155.54,151.48,159.61,190.46,,1,,50.0,0.0,0,NONE
2026-09-18T15:48:28.097+00:00,1152.523,routine,Adaptive thermal response carryover,duty,3000,400.1,151.48,inkbird_lowest_internal,,1,87,155.74,151.48,159.51,190.26,,155.54,151.48,159.61,190.46,,1,,50.0,0.0,0,NONE
2026-09-18T15:48:28.597+00:00,1153.023,routine,Adaptive thermal response carryover,duty,3000,400.5,151.48,inkbird_lowest_internal,,1,87,155.74,151.48,159.51,190.26,,155.54,151.48,159.61,190.46,,1,,50.0,0.0,0,NONE
2026-09-18T15:48:29.597+00:00,1154.023,routine,Adaptive thermal response carryover,duty,3000,400.5,151.67,inkbird_lowest_internal,,1,87,155.93,151.67,159.7,190.39,,155.73,151.67,159.8,190.59,,1,,50.0,0.0,0,NONE
2026-09-18T15:48:30.597+00:00,1155.023,routine,Adaptive thermal response carryover,duty,3000,399.6,151.67,inkbird_lowest_internal,,1,87,155.93,151.67,159.7,190.39,,155.73,151.67,159.8,190.59,,1,,50.0,0.0,0,NONE
2026-09-18T15:48:31.597+00:00,1156.023,routine,Adaptive thermal response carryover,duty,3000,400.1,151.86,inkbird_lowest_internal,,1,87,156.12,151.86,159.88,190.52,,155.92,151.86,159.98,190.72,,1,,50.0,0.0,0,NONE
2026-09-18T15:48:32.597+00:00,1157.023,routine,Adaptive thermal response carryover,duty,3000,399.6,151.86,inkbird_lowest_internal,,1,87,156.12,151.86,159.88,190.52,,155.92,151.86,159.98,190.72,,1,,50.0,0.0,0,NONE
2026-09-18T15:48:33.597+00:00,1158.023,routine,Adaptive thermal response carryover,duty,3000,399.2,152.06,inkbird_lowest_internal,,1,87,156.32,152.06,160.06,190.65,,156.12,152.06,160.16,190.85,,1,,50.0,0.0,0,NONE
2026-09-18T15:48:34.097+00:00,1158.523,routine,Adaptive thermal response carryover,duty,3000,399.6,152.06,inkbird_lowest_internal,,1,87,156.32,152.06,160.06,190.65,,156.12,152.06,160.16,190.85,,1,,50.0,0.0,0,NONE
2026-09-18T15:48:34.597+00:00,1159.023,routine,Adaptive thermal response carryover,duty,3000,399.2,152.06,inkbird_lowest_internal,,1,87,156.32,152.06,160.06,190.65,,156.12,152.06,160.16,190.85,,1,,50.0,0.0,0,NONE
2026-09-18T15:48:35.597+00:00,1160.023,routine,Adaptive thermal response carryover,duty,3000,398.8,152.25,inkbird_lowest_internal,,1,87,156.51,152.25,160.25,190.79,,156.31,152.25,160.35,190.99,,1,,50.0,0.0,0,NONE
2026-09-18T15:48:36.597+00:00,1161.023,routine,Adaptive thermal response carryover,duty,3000,399.2,152.25,inkbird_lowest_internal,,1,87,156.51,152.25,160.25,190.79,,156.31,152.25,160.35,190.99,,1,,50.0,0.0,0,NONE
2026-09-18T15:48:37.597+00:00,1162.023,routine,Adaptive thermal response carryover,duty,3000,398.8,152.45,inkbird_lowest_internal,,1,87,156.71,152.45,160.43,190.91,,156.51,152.45,160.53,191.11,,1,,50.0,0.0,0,NONE
2026-09-18T15:48:38.597+00:00,1163.023,routine,Adaptive thermal response carryover,duty,3000,398.3,152.45,inkbird_lowest_internal,,1,87,156.71,152.45,160.43,190.91,,156.51,152.45,160.53,191.11,,1,,50.0,0.0,0,NONE
2026-09-18T15:48:39.097+00:00,1163.523,routine,Adaptive thermal response carryover,duty,3000,397.4,152.45,inkbird_lowest_internal,,1,87,156.71,152.45,160.43,190.91,,156.51,152.45,160.53,191.11,,1,,50.0,0.0,0,NONE
2026-09-18T15:48:40.097+00:00,1164.523,routine,Adaptive thermal response carryover,duty,3000,398.3,152.64,inkbird_lowest_internal,,1,87,156.9,152.64,160.61,191.05,,156.7,152.64,160.71,191.25,,1,,50.0,0.0,0,NONE
2026-09-18T15:48:40.597+00:00,1165.023,routine,Adaptive thermal response carryover,duty,3000,397.9,152.64,inkbird_lowest_internal,,1,87,156.9,152.64,160.61,191.05,,156.7,152.64,160.71,191.25,,1,,50.0,0.0,0,NONE
2026-09-18T15:48:41.597+00:00,1166.023,routine,Adaptive thermal response carryover,duty,3000,397.9,152.84,inkbird_lowest_internal,,1,87,157.1,152.84,160.79,191.18,,156.9,152.84,160.89,191.38,,1,,50.0,0.0,0,NONE
2026-09-18T15:48:42.597+00:00,1167.023,routine,Adaptive thermal response carryover,duty,3000,397.9,152.84,inkbird_lowest_internal,,1,87,157.1,152.84,160.79,191.18,,156.9,152.84,160.89,191.38,,1,,50.0,0.0,0,NONE
2026-09-18T15:48:43.596+00:00,1168.023,routine,Adaptive thermal response carryover,duty,3000,397.9,153.02,inkbird_lowest_internal,,1,87,157.29,153.02,160.97,191.3,,157.09,153.02,161.07,191.5,,1,,50.0,0.0,0,NONE
2026-09-18T15:48:44.596+00:00,1169.022,routine,Adaptive thermal response carryover,duty,3000,397.0,153.02,inkbird_lowest_internal,,1,87,157.29,153.02,160.97,191.3,,157.09,153.02,161.07,191.5,,1,,50.0,0.0,0,NONE
2026-09-18T15:48:45.596+00:00,1170.022,routine,Adaptive thermal response carryover,duty,3000,397.4,153.21,inkbird_lowest_internal,,1,87,157.48,153.21,161.15,191.44,,157.28,153.21,161.25,191.64,,1,,50.0,0.0,0,NONE
2026-09-18T15:48:46.096+00:00,1170.522,routine,Adaptive thermal response carryover,duty,3000,397.0,153.21,inkbird_lowest_internal,,1,87,157.48,153.21,161.15,191.44,,157.28,153.21,161.25,191.64,,1,,50.0,0.0,0,NONE
2026-09-18T15:48:46.596+00:00,1171.022,routine,Adaptive thermal response carryover,duty,3000,397.0,153.21,inkbird_lowest_internal,,1,87,157.48,153.21,161.15,191.44,,157.28,153.21,161.25,191.64,,1,,50.0,0.0,0,NONE
2026-09-18T15:48:47.596+00:00,1172.022,routine,Adaptive thermal response carryover,duty,3000,396.5,153.41,inkbird_lowest_internal,,1,87,157.68,153.41,161.33,191.56,,157.48,153.41,161.43,191.76,,1,,50.0,0.0,0,NONE
2026-09-18T15:48:48.596+00:00,1173.022,routine,Adaptive thermal response carryover,duty,3000,397.0,153.41,inkbird_lowest_internal,,1,87,157.68,153.41,161.33,191.56,,157.48,153.41,161.43,191.76,,1,,50.0,0.0,0,NONE
2026-09-18T15:48:49.596+00:00,1174.022,routine,Adaptive thermal response carryover,duty,3000,396.5,153.59,inkbird_lowest_internal,,1,87,157.87,153.59,161.51,191.7,,157.67,153.59,161.61,191.9,,1,,50.0,0.0,0,NONE
2026-09-18T15:48:50.596+00:00,1175.022,routine,Adaptive thermal response carryover,duty,3000,396.5,153.59,inkbird_lowest_internal,,1,87,157.87,153.59,161.51,191.7,,157.67,153.59,161.61,191.9,,1,,50.0,0.0,0,NONE
2026-09-18T15:48:51.596+00:00,1176.022,routine,Adaptive thermal response carryover,duty,3000,395.1,153.79,inkbird_lowest_internal,,1,87,158.05,153.79,161.69,191.82,,157.85,153.79,161.79,192.02,,1,,50.0,0.0,0,NONE
2026-09-18T15:48:52.596+00:00,1177.022,routine,Adaptive thermal response carryover,duty,3000,394.7,153.79,inkbird_lowest_internal,,1,87,158.05,153.79,161.69,191.82,,157.85,153.79,161.79,192.02,,1,,50.0,0.0,0,NONE
2026-09-18T15:48:53.596+00:00,1178.022,routine,Adaptive thermal response carryover,duty,3000,395.1,153.98,inkbird_lowest_internal,,1,87,158.25,153.98,161.87,191.95,,158.05,153.98,161.97,192.15,,1,,50.0,0.0,0,NONE
2026-09-18T15:48:54.096+00:00,1178.522,routine,Adaptive thermal response carryover,duty,3000,395.1,153.98,inkbird_lowest_internal,,1,87,158.25,153.98,161.87,191.95,,158.05,153.98,161.97,192.15,,1,,50.0,0.0,0,NONE
2026-09-18T15:48:55.096+00:00,1179.522,routine,Adaptive thermal response carryover,duty,3000,394.7,153.98,inkbird_lowest_internal,,1,87,158.25,153.98,161.87,191.95,,158.05,153.98,161.97,192.15,,1,,50.0,0.0,0,NONE
2026-09-18T15:48:56.096+00:00,1180.522,routine,Adaptive thermal response carryover,duty,3000,395.1,154.17,inkbird_lowest_internal,,1,87,158.44,154.17,162.04,192.07,,158.24,154.17,162.14,192.27,,1,,50.0,0.0,0,NONE
2026-09-18T15:48:57.096+00:00,1181.522,routine,Adaptive thermal response carryover,duty,3000,394.7,154.17,inkbird_lowest_internal,,1,87,158.44,154.17,162.04,192.07,,158.24,154.17,162.14,192.27,,1,,50.0,0.0,0,NONE
2026-09-18T15:48:58.096+00:00,1182.522,routine,Adaptive thermal response carryover,duty,3000,394.7,154.36,inkbird_lowest_internal,,1,87,158.63,154.36,162.23,192.2,,158.43,154.36,162.33,192.4,,1,,50.0,0.0,0,NONE
2026-09-18T15:48:58.596+00:00,1183.022,routine,Adaptive thermal response carryover,duty,3000,394.3,154.36,inkbird_lowest_internal,,1,87,158.63,154.36,162.23,192.2,,158.43,154.36,162.33,192.4,,1,,50.0,0.0,0,NONE
2026-09-18T15:48:59.596+00:00,1184.022,routine,Adaptive thermal response carryover,duty,3000,394.7,154.55,inkbird_lowest_internal,,1,87,158.83,154.55,162.41,192.31,,158.63,154.55,162.51,192.51,,1,,50.0,0.0,0,NONE
2026-09-18T15:49:00.596+00:00,1185.022,routine,Adaptive thermal response carryover,duty,3000,394.3,154.55,inkbird_lowest_internal,,1,87,158.83,154.55,162.41,192.31,,158.63,154.55,162.51,192.51,,1,,50.0,0.0,0,NONE
2026-09-18T15:49:01.596+00:00,1186.022,routine,Adaptive thermal response carryover,duty,3000,394.3,154.73,inkbird_lowest_internal,,1,87,159.02,154.73,162.58,192.45,,158.82,154.73,162.68,192.65,,1,,50.0,0.0,0,NONE
2026-09-18T15:49:02.096+00:00,1186.522,routine,Adaptive thermal response carryover,duty,3000,394.3,154.73,inkbird_lowest_internal,,1,87,159.02,154.73,162.58,192.45,,158.82,154.73,162.68,192.65,,1,,50.0,0.0,0,NONE
2026-09-18T15:49:03.096+00:00,1187.522,routine,Adaptive thermal response carryover,duty,3000,392.9,154.73,inkbird_lowest_internal,,1,87,159.02,154.73,162.58,192.45,,158.82,154.73,162.68,192.65,,1,,50.0,0.0,0,NONE
2026-09-18T15:49:04.096+00:00,1188.522,routine,Adaptive thermal response carryover,duty,3000,393.4,154.93,inkbird_lowest_internal,,1,87,159.21,154.93,162.75,192.57,,159.01,154.93,162.85,192.77,,1,,50.0,0.0,0,NONE
2026-09-18T15:49:04.596+00:00,1189.022,routine,Adaptive thermal response carryover,duty,3000,393.8,154.93,inkbird_lowest_internal,,1,87,159.21,154.93,162.75,192.57,,159.01,154.93,162.85,192.77,,1,,50.0,0.0,0,NONE
2026-09-18T15:49:05.096+00:00,1189.522,routine,Adaptive thermal response carryover,duty,3000,393.4,154.93,inkbird_lowest_internal,,1,87,159.21,154.93,162.75,192.57,,159.01,154.93,162.85,192.77,,1,,50.0,0.0,0,NONE
2026-09-18T15:49:06.096+00:00,1190.522,routine,Adaptive thermal response carryover,duty,3000,393.4,155.12,inkbird_lowest_internal,,1,87,159.4,155.12,162.93,192.7,,159.2,155.12,163.03,192.9,,1,,50.0,0.0,0,NONE
2026-09-18T15:49:07.096+00:00,1191.522,routine,Adaptive thermal response carryover,duty,3000,393.4,155.12,inkbird_lowest_internal,,1,87,159.4,155.12,162.93,192.7,,159.2,155.12,163.03,192.9,,1,,50.0,0.0,0,NONE
2026-09-18T15:49:07.596+00:00,1192.022,routine,Adaptive thermal response carryover,duty,3000,392.9,155.31,inkbird_lowest_internal,,1,87,159.59,155.31,163.11,192.83,,159.39,155.31,163.21,193.03,,1,,50.0,0.0,0,NONE
2026-09-18T15:49:08.596+00:00,1193.022,routine,Adaptive thermal response carryover,duty,3000,392.0,155.31,inkbird_lowest_internal,,1,87,159.59,155.31,163.11,192.83,,159.39,155.31,163.21,193.03,,1,,50.0,0.0,0,NONE
2026-09-18T15:49:09.596+00:00,1194.022,routine,Adaptive thermal response carryover,duty,3000,392.5,155.5,inkbird_lowest_internal,,1,87,159.79,155.5,163.29,192.94,,159.59,155.5,163.39,193.14,,1,,50.0,0.0,0,NONE
2026-09-18T15:49:10.096+00:00,1194.522,routine,Adaptive thermal response carryover,duty,3000,392.9,155.5,inkbird_lowest_internal,,1,87,159.79,155.5,163.29,192.94,,159.59,155.5,163.39,193.14,,1,,50.0,0.0,0,NONE
2026-09-18T15:49:11.096+00:00,1195.522,routine,Adaptive thermal response carryover,duty,3000,391.5,155.5,inkbird_lowest_internal,,1,87,159.79,155.5,163.29,192.94,,159.59,155.5,163.39,193.14,,1,,50.0,0.0,0,NONE
2026-09-18T15:49:12.096+00:00,1196.522,routine,Adaptive thermal response carryover,duty,3000,391.5,155.68,inkbird_lowest_internal,,1,87,159.98,155.68,163.46,193.05,,159.78,155.68,163.56,193.25,,1,,50.0,0.0,0,NONE
2026-09-18T15:49:13.096+00:00,1197.522,routine,Adaptive thermal response carryover,duty,3000,391.5,155.68,inkbird_lowest_internal,,1,87,159.98,155.68,163.46,193.05,,159.78,155.68,163.56,193.25,,1,,50.0,0.0,0,NONE
2026-09-18T15:49:14.096+00:00,1198.522,routine,Adaptive thermal response carryover,duty,3000,392.0,155.87,inkbird_lowest_internal,,1,87,160.17,155.87,163.64,193.18,,159.97,155.87,163.74,193.38,,1,,50.0,0.0,0,NONE
2026-09-18T15:49:14.596+00:00,1199.022,routine,Adaptive thermal response carryover,duty,3000,392.0,155.87,inkbird_lowest_internal,,1,87,160.17,155.87,163.64,193.18,,159.97,155.87,163.74,193.38,,1,,50.0,0.0,0,NONE
2026-09-18T15:49:15.596+00:00,1200.022,routine,Adaptive thermal response carryover,duty,3000,391.1,156.05,inkbird_lowest_internal,,1,87,160.36,156.05,163.81,193.31,,160.16,156.05,163.91,193.51,,1,,50.0,0.0,0,NONE
2026-09-18T15:49:16.596+00:00,1201.022,routine,Adaptive thermal response carryover,duty,3000,391.5,156.05,inkbird_lowest_internal,,1,87,160.36,156.05,163.81,193.31,,160.16,156.05,163.91,193.51,,1,,50.0,0.0,0,NONE
2026-09-18T15:49:17.096+00:00,1201.522,routine,Adaptive thermal response carryover,duty,3000,391.1,156.05,inkbird_lowest_internal,,1,87,160.36,156.05,163.81,193.31,,160.16,156.05,163.91,193.51,,1,,50.0,0.0,0,NONE
2026-09-18T15:49:17.828+00:00,1202.254,routine,Adaptive thermal response carryover,duty,2388,391.5,156.23,inkbird_lowest_internal,,1,87,160.54,156.23,163.97,193.44,,160.34,156.23,164.07,193.64,,1,,50.0,0.0,0,NONE
2026-09-18T15:49:18.394+00:00,1202.820,routine,Adaptive thermal response carryover,duty,550,392.5,156.23,inkbird_lowest_internal,,1,87,160.54,156.23,163.97,193.44,,160.34,156.23,164.07,193.64,,1,,50.0,0.0,0,NONE
2026-09-18T15:49:19.095+00:00,1203.521,routine,Adaptive thermal response carryover,duty,550,395.1,156.23,inkbird_lowest_internal,,1,87,160.54,156.23,163.97,193.44,,160.34,156.23,164.07,193.64,,1,,0.0,0.0,0,NONE
2026-09-18T15:49:19.595+00:00,1204.021,routine,Adaptive thermal response carryover,duty,550,397.0,156.42,inkbird_lowest_internal,,1,87,160.74,156.42,164.16,193.57,,160.54,156.42,164.26,193.77,,1,,0.0,0.0,0,NONE
2026-09-18T15:49:20.595+00:00,1205.021,routine,Adaptive thermal response carryover,duty,550,396.0,156.42,inkbird_lowest_internal,,1,87,160.74,156.42,164.16,193.57,,160.54,156.42,164.26,193.77,,1,,0.0,0.0,0,NONE
2026-09-18T15:49:21.595+00:00,1206.021,routine,Adaptive thermal response carryover,duty,550,395.1,156.62,inkbird_lowest_internal,,1,87,160.93,156.62,164.34,193.69,,160.73,156.62,164.44,193.89,,1,,0.0,0.0,0,NONE
2026-09-18T15:49:22.095+00:00,1206.521,routine,Adaptive thermal response carryover,duty,550,394.7,156.62,inkbird_lowest_internal,,1,87,160.93,156.62,164.34,193.69,,160.73,156.62,164.44,193.89,,1,,0.0,0.0,0,NONE
2026-09-18T15:49:23.095+00:00,1207.521,routine,Adaptive thermal response carryover,duty,550,393.8,156.62,inkbird_lowest_internal,,1,87,160.93,156.62,164.34,193.69,,160.73,156.62,164.44,193.89,,1,,0.0,0.0,0,NONE
2026-09-18T15:49:24.095+00:00,1208.521,routine,Adaptive thermal response carryover,duty,550,393.4,156.81,inkbird_lowest_internal,,1,87,161.11,156.81,164.51,193.83,,160.91,156.81,164.61,194.03,,1,,0.0,0.0,0,NONE
2026-09-18T15:49:25.095+00:00,1209.521,routine,Adaptive thermal response carryover,duty,550,392.5,156.81,inkbird_lowest_internal,,1,87,161.11,156.81,164.51,193.83,,160.91,156.81,164.61,194.03,,1,,0.0,0.0,0,NONE
2026-09-18T15:49:25.595+00:00,1210.021,routine,Adaptive thermal response carryover,duty,550,391.5,156.99,inkbird_lowest_internal,,1,87,161.3,156.99,164.68,193.96,,161.1,156.99,164.78,194.16,,1,,0.0,0.0,0,NONE
2026-09-18T15:49:26.595+00:00,1211.021,routine,Adaptive thermal response carryover,duty,550,390.6,156.99,inkbird_lowest_internal,,1,87,161.3,156.99,164.68,193.96,,161.1,156.99,164.78,194.16,,1,,0.0,0.0,0,NONE
2026-09-18T15:49:27.595+00:00,1212.021,routine,Adaptive thermal response carryover,duty,550,389.8,157.17,inkbird_lowest_internal,,1,87,161.49,157.17,164.85,194.07,,161.29,157.17,164.95,194.27,,1,,0.0,0.0,0,NONE
2026-09-18T15:49:28.595+00:00,1213.021,routine,Adaptive thermal response carryover,duty,550,389.3,157.17,inkbird_lowest_internal,,1,87,161.49,157.17,164.85,194.07,,161.29,157.17,164.95,194.27,,1,,0.0,0.0,0,NONE
2026-09-18T15:49:29.595+00:00,1214.021,routine,Adaptive thermal response carryover,duty,550,388.9,157.37,inkbird_lowest_internal,,1,87,161.68,157.37,165.02,194.19,,161.48,157.37,165.12,194.39,,1,,0.0,0.0,0,NONE
2026-09-18T15:49:30.595+00:00,1215.021,routine,Adaptive thermal response carryover,duty,550,388.4,157.37,inkbird_lowest_internal,,1,87,161.68,157.37,165.02,194.19,,161.48,157.37,165.12,194.39,,1,,0.0,0.0,0,NONE
2026-09-18T15:49:31.095+00:00,1215.521,routine,Adaptive thermal response carryover,duty,550,388.0,157.37,inkbird_lowest_internal,,1,87,161.68,157.37,165.02,194.19,,161.48,157.37,165.12,194.39,,1,,0.0,0.0,0,NONE
2026-09-18T15:49:32.095+00:00,1216.521,routine,Adaptive thermal response carryover,duty,550,391.1,157.55,inkbird_lowest_internal,,1,87,161.87,157.55,165.2,194.3,,161.67,157.55,165.3,194.5,,1,,0.0,0.0,0,NONE
2026-09-18T15:49:33.095+00:00,1217.521,routine,Adaptive thermal response carryover,duty,550,392.9,157.55,inkbird_lowest_internal,,1,87,161.87,157.55,165.2,194.3,,161.67,157.55,165.3,194.5,,1,,0.0,0.0,0,NONE
2026-09-18T15:49:34.095+00:00,1218.521,routine,Adaptive thermal response carryover,duty,550,385.3,157.74,inkbird_lowest_internal,,1,87,162.06,157.74,165.38,194.4,,161.86,157.74,165.48,194.6,,1,,0.0,0.0,0,NONE
2026-09-18T15:49:35.095+00:00,1219.521,routine,Adaptive thermal response carryover,duty,550,384.8,157.74,inkbird_lowest_internal,,1,87,162.06,157.74,165.38,194.4,,161.86,157.74,165.48,194.6,,1,,0.0,0.0,0,NONE
2026-09-18T15:49:35.595+00:00,1220.021,routine,Adaptive thermal response carryover,duty,550,383.5,157.92,inkbird_lowest_internal,,1,87,162.26,157.92,165.55,194.49,,162.06,157.92,165.65,194.69,,1,,0.0,0.0,0,NONE
2026-09-18T15:49:36.595+00:00,1221.021,routine,Adaptive thermal response carryover,duty,550,384.4,157.92,inkbird_lowest_internal,,1,87,162.26,157.92,165.55,194.49,,162.06,157.92,165.65,194.69,,1,,0.0,0.0,0,NONE
2026-09-18T15:49:37.595+00:00,1222.021,routine,Adaptive thermal response carryover,duty,550,383.0,158.1,inkbird_lowest_internal,,1,87,162.44,158.1,165.73,194.53,,162.24,158.1,165.83,194.73,,1,,0.0,0.0,0,NONE
2026-09-18T15:49:38.595+00:00,1223.021,routine,Adaptive thermal response carryover,duty,550,383.0,158.1,inkbird_lowest_internal,,1,87,162.44,158.1,165.73,194.53,,162.24,158.1,165.83,194.73,,1,,0.0,0.0,0,NONE
2026-09-18T15:49:39.595+00:00,1224.021,routine,Adaptive thermal response carryover,duty,550,382.5,158.28,inkbird_lowest_internal,,1,87,162.62,158.28,165.88,194.62,,162.42,158.28,165.98,194.82,,1,,0.0,0.0,0,NONE
2026-09-18T15:49:40.095+00:00,1224.521,routine,Adaptive thermal response carryover,duty,550,381.2,158.28,inkbird_lowest_internal,,1,87,162.62,158.28,165.88,194.62,,162.42,158.28,165.98,194.82,,1,,0.0,0.0,0,NONE
2026-09-18T15:49:41.095+00:00,1225.521,routine,Adaptive thermal response carryover,duty,550,380.8,158.28,inkbird_lowest_internal,,1,87,162.62,158.28,165.88,194.62,,162.42,158.28,165.98,194.82,,1,,0.0,0.0,0,NONE
2026-09-18T15:49:41.595+00:00,1226.021,routine,Adaptive thermal response carryover,duty,550,386.6,158.48,inkbird_lowest_internal,,1,87,162.82,158.48,166.06,194.63,,162.62,158.48,166.16,194.83,,1,,0.0,0.0,0,NONE
2026-09-18T15:49:42.595+00:00,1227.021,routine,Adaptive thermal response carryover,duty,550,380.3,158.48,inkbird_lowest_internal,,1,87,162.82,158.48,166.06,194.63,,162.62,158.48,166.16,194.83,,1,,0.0,0.0,0,NONE
2026-09-18T15:49:43.595+00:00,1228.021,routine,Adaptive thermal response carryover,duty,550,382.1,158.66,inkbird_lowest_internal,,1,87,163.0,158.66,166.21,194.65,,162.8,158.66,166.31,194.85,,1,,0.0,0.0,0,NONE
2026-09-18T15:49:44.595+00:00,1229.021,routine,Adaptive thermal response carryover,duty,550,379.4,158.66,inkbird_lowest_internal,,1,87,163.0,158.66,166.21,194.65,,162.8,158.66,166.31,194.85,,1,,0.0,0.0,0,NONE
2026-09-18T15:49:45.595+00:00,1230.021,routine,Adaptive thermal response carryover,duty,550,378.0,158.84,inkbird_lowest_internal,,1,87,163.19,158.84,166.36,194.7,,162.99,158.84,166.46,194.9,,1,,0.0,0.0,0,NONE
2026-09-18T15:49:46.595+00:00,1231.021,routine,Adaptive thermal response carryover,duty,550,383.0,158.84,inkbird_lowest_internal,,1,87,163.19,158.84,166.36,194.7,,162.99,158.84,166.46,194.9,,1,,0.0,0.0,0,NONE
2026-09-18T15:49:47.594+00:00,1232.021,routine,Adaptive thermal response carryover,duty,550,377.1,159.01,inkbird_lowest_internal,,1,87,163.37,159.01,166.5,194.72,,163.17,159.01,166.6,194.92,,1,,0.0,0.0,0,NONE
2026-09-18T15:49:48.594+00:00,1233.020,routine,Adaptive thermal response carryover,duty,550,376.7,159.01,inkbird_lowest_internal,,1,87,163.37,159.01,166.5,194.72,,163.17,159.01,166.6,194.92,,1,,0.0,0.0,0,NONE
2026-09-18T15:49:49.594+00:00,1234.020,routine,Adaptive thermal response carryover,duty,550,376.3,159.19,inkbird_lowest_internal,,1,87,163.56,159.19,166.64,194.71,,163.36,159.19,166.74,194.91,,1,,0.0,0.0,0,NONE
2026-09-18T15:49:50.594+00:00,1235.020,routine,Adaptive thermal response carryover,duty,550,374.9,159.19,inkbird_lowest_internal,,1,87,163.56,159.19,166.64,194.71,,163.36,159.19,166.74,194.91,,1,,0.0,0.0,0,NONE
2026-09-18T15:49:51.594+00:00,1236.020,routine,Adaptive thermal response carryover,duty,550,374.5,159.36,inkbird_lowest_internal,,1,87,163.75,159.36,166.79,194.7,,163.55,159.36,166.89,194.9,,1,,0.0,0.0,0,NONE
2026-09-18T15:49:52.095+00:00,1236.521,routine,Adaptive thermal response carryover,duty,550,373.5,159.36,inkbird_lowest_internal,,1,87,163.75,159.36,166.79,194.7,,163.55,159.36,166.89,194.9,,1,,0.0,0.0,0,NONE
2026-09-18T15:49:53.094+00:00,1237.520,routine,Adaptive thermal response carryover,duty,550,373.5,159.36,inkbird_lowest_internal,,1,87,163.75,159.36,166.79,194.7,,163.55,159.36,166.89,194.9,,1,,0.0,0.0,0,NONE
2026-09-18T15:49:54.094+00:00,1238.520,routine,Adaptive thermal response carryover,duty,550,375.4,159.53,inkbird_lowest_internal,,1,87,163.93,159.53,166.94,194.7,,163.73,159.53,167.04,194.9,,1,,0.0,0.0,0,NONE
2026-09-18T15:49:55.094+00:00,1239.520,routine,Adaptive thermal response carryover,duty,550,379.9,159.53,inkbird_lowest_internal,,1,87,163.93,159.53,166.94,194.7,,163.73,159.53,167.04,194.9,,1,,0.0,0.0,0,NONE
2026-09-18T15:49:56.094+00:00,1240.520,routine,Adaptive thermal response carryover,duty,550,371.3,159.71,inkbird_lowest_internal,,1,87,164.12,159.71,167.07,194.67,,163.92,159.71,167.17,194.87,,1,,0.0,0.0,0,NONE
2026-09-18T15:49:57.094+00:00,1241.520,routine,Adaptive thermal response carryover,duty,550,370.9,159.71,inkbird_lowest_internal,,1,87,164.12,159.71,167.07,194.67,,163.92,159.71,167.17,194.87,,1,,0.0,0.0,0,NONE
2026-09-18T15:49:58.094+00:00,1242.520,routine,Adaptive thermal response carryover,duty,550,371.3,159.87,inkbird_lowest_internal,,1,87,164.31,159.87,167.2,194.66,,164.11,159.87,167.3,194.86,,1,,0.0,0.0,0,NONE
2026-09-18T15:49:58.594+00:00,1243.020,routine,Adaptive thermal response carryover,duty,550,370.4,159.87,inkbird_lowest_internal,,1,87,164.31,159.87,167.2,194.66,,164.11,159.87,167.3,194.86,,1,,0.0,0.0,0,NONE
2026-09-18T15:49:59.594+00:00,1244.020,routine,Adaptive thermal response carryover,duty,550,370.0,160.04,inkbird_lowest_internal,,1,87,164.49,160.04,167.33,194.66,,164.29,160.04,167.43,194.86,,1,,0.0,0.0,0,NONE
2026-09-18T15:50:00.594+00:00,1245.020,routine,Adaptive thermal response carryover,duty,550,369.0,160.04,inkbird_lowest_internal,,1,87,164.49,160.04,167.33,194.66,,164.29,160.04,167.43,194.86,,1,,0.0,0.0,0,NONE
2026-09-18T15:50:01.594+00:00,1246.020,routine,Adaptive thermal response carryover,duty,550,369.0,160.21,inkbird_lowest_internal,,1,87,164.67,160.21,167.45,194.65,,164.47,160.21,167.55,194.85,,1,,0.0,0.0,0,NONE
2026-09-18T15:50:02.594+00:00,1247.020,routine,Adaptive thermal response carryover,duty,550,367.3,160.21,inkbird_lowest_internal,,1,87,164.67,160.21,167.45,194.65,,164.47,160.21,167.55,194.85,,1,,0.0,0.0,0,NONE
2026-09-18T15:50:03.594+00:00,1248.020,routine,Adaptive thermal response carryover,duty,550,371.3,160.37,inkbird_lowest_internal,,1,87,164.86,160.37,167.59,194.64,,164.66,160.37,167.69,194.84,,1,,0.0,0.0,0,NONE
2026-09-18T15:50:04.094+00:00,1248.520,routine,Adaptive thermal response carryover,duty,550,367.7,160.37,inkbird_lowest_internal,,1,87,164.86,160.37,167.59,194.64,,164.66,160.37,167.69,194.84,,1,,0.0,0.0,0,NONE
2026-09-18T15:50:04.594+00:00,1249.020,routine,Adaptive thermal response carryover,duty,550,371.8,160.37,inkbird_lowest_internal,,1,87,164.86,160.37,167.59,194.64,,164.66,160.37,167.69,194.84,,1,,0.0,0.0,0,NONE
2026-09-18T15:50:05.594+00:00,1250.020,routine,Adaptive thermal response carryover,duty,550,366.4,160.54,inkbird_lowest_internal,,1,87,165.04,160.54,167.71,194.61,,164.84,160.54,167.81,194.81,,1,,0.0,0.0,0,NONE
2026-09-18T15:50:06.594+00:00,1251.020,routine,Adaptive thermal response carryover,duty,550,369.0,160.54,inkbird_lowest_internal,,1,87,165.04,160.54,167.71,194.61,,164.84,160.54,167.81,194.81,,1,,0.0,0.0,0,NONE
2026-09-18T15:50:07.594+00:00,1252.020,routine,Adaptive thermal response carryover,duty,550,365.0,160.69,inkbird_lowest_internal,,1,87,165.22,160.69,167.83,194.58,,165.02,160.69,167.93,194.78,,1,,0.0,0.0,0,NONE
2026-09-18T15:50:08.594+00:00,1253.020,routine,Adaptive thermal response carryover,duty,550,363.6,160.69,inkbird_lowest_internal,,1,87,165.22,160.69,167.83,194.58,,165.02,160.69,167.93,194.78,,1,,0.0,0.0,0,NONE
2026-09-18T15:50:09.594+00:00,1254.020,routine,Adaptive thermal response carryover,duty,550,370.0,160.85,inkbird_lowest_internal,,1,87,165.39,160.85,167.95,194.57,,165.19,160.85,168.05,194.77,,1,,0.0,0.0,0,NONE
2026-09-18T15:50:10.594+00:00,1255.020,routine,Adaptive thermal response carryover,duty,550,363.6,160.85,inkbird_lowest_internal,,1,87,165.39,160.85,167.95,194.57,,165.19,160.85,168.05,194.77,,1,,0.0,0.0,0,NONE
2026-09-18T15:50:11.594+00:00,1256.020,routine,Adaptive thermal response carryover,duty,550,369.0,161.02,inkbird_lowest_internal,,1,87,165.59,161.02,168.07,194.56,,165.39,161.02,168.17,194.76,,1,,0.0,0.0,0,NONE
2026-09-18T15:50:12.594+00:00,1257.020,routine,Adaptive thermal response carryover,duty,550,361.4,161.02,inkbird_lowest_internal,,1,87,165.59,161.02,168.07,194.56,,165.39,161.02,168.17,194.76,,1,,0.0,0.0,0,NONE
2026-09-18T15:50:13.594+00:00,1258.020,routine,Adaptive thermal response carryover,duty,550,361.4,161.17,inkbird_lowest_internal,,1,87,165.77,161.17,168.17,194.53,,165.57,161.17,168.27,194.73,,1,,0.0,0.0,0,NONE
2026-09-18T15:50:14.594+00:00,1259.020,routine,Adaptive thermal response carryover,duty,550,360.0,161.17,inkbird_lowest_internal,,1,87,165.77,161.17,168.17,194.53,,165.57,161.17,168.27,194.73,,1,,0.0,0.0,0,NONE
2026-09-18T15:50:15.594+00:00,1260.020,routine,Adaptive thermal response carryover,duty,550,359.6,161.33,inkbird_lowest_internal,,1,87,165.95,161.33,168.25,194.47,,165.75,161.33,168.35,194.67,,1,,0.0,0.0,0,NONE
2026-09-18T15:50:16.594+00:00,1261.020,routine,Adaptive thermal response carryover,duty,550,357.8,161.33,inkbird_lowest_internal,,1,87,165.95,161.33,168.25,194.47,,165.75,161.33,168.35,194.67,,1,,0.0,0.0,0,NONE
2026-09-18T15:50:17.594+00:00,1262.020,routine,Adaptive thermal response carryover,duty,550,359.1,161.49,inkbird_lowest_internal,,1,87,166.13,161.49,168.38,194.46,,165.93,161.49,168.48,194.66,,1,,0.0,0.0,0,NONE
2026-09-18T15:50:18.594+00:00,1263.020,routine,Adaptive thermal response carryover,duty,550,365.0,161.49,inkbird_lowest_internal,,1,87,166.13,161.49,168.38,194.46,,165.93,161.49,168.48,194.66,,1,,0.0,0.0,0,NONE
2026-09-18T15:50:19.594+00:00,1264.020,routine,Adaptive thermal response carryover,duty,550,357.8,161.63,inkbird_lowest_internal,,1,87,166.31,161.63,168.52,194.45,,166.11,161.63,168.62,194.65,,1,,0.0,0.0,0,NONE
2026-09-18T15:50:20.594+00:00,1265.020,routine,Adaptive thermal response carryover,duty,550,356.5,161.63,inkbird_lowest_internal,,1,87,166.31,161.63,168.52,194.45,,166.11,161.63,168.62,194.65,,1,,0.0,0.0,0,NONE
2026-09-18T15:50:21.593+00:00,1266.020,routine,Adaptive thermal response carryover,duty,550,356.9,161.79,inkbird_lowest_internal,,1,87,166.49,161.79,168.64,194.43,,166.29,161.79,168.74,194.63,,1,,0.0,0.0,0,NONE
2026-09-18T15:50:22.593+00:00,1267.019,routine,Adaptive thermal response carryover,duty,550,356.9,161.79,inkbird_lowest_internal,,1,87,166.49,161.79,168.64,194.43,,166.29,161.79,168.74,194.63,,1,,0.0,0.0,0,NONE
2026-09-18T15:50:23.594+00:00,1268.020,routine,Adaptive thermal response carryover,duty,550,355.1,161.94,inkbird_lowest_internal,,1,87,166.67,161.94,168.74,194.37,,166.47,161.94,168.84,194.57,,1,,0.0,0.0,0,NONE
2026-09-18T15:50:24.595+00:00,1269.021,routine,Adaptive thermal response carryover,duty,550,361.0,161.94,inkbird_lowest_internal,,1,87,166.67,161.94,168.74,194.37,,166.47,161.94,168.84,194.57,,1,,0.0,0.0,0,NONE
2026-09-18T15:50:25.593+00:00,1270.019,routine,Adaptive thermal response carryover,duty,550,356.0,162.11,inkbird_lowest_internal,,1,87,166.85,162.11,168.86,194.36,,166.65,162.11,168.96,194.56,,1,,0.0,0.0,0,NONE
2026-09-18T15:50:26.594+00:00,1271.020,routine,Adaptive thermal response carryover,duty,550,352.9,162.11,inkbird_lowest_internal,,1,87,166.85,162.11,168.86,194.36,,166.65,162.11,168.96,194.56,,1,,0.0,0.0,0,NONE
2026-09-18T15:50:27.593+00:00,1272.019,routine,Adaptive thermal response carryover,duty,550,352.0,162.27,inkbird_lowest_internal,,1,87,167.02,162.27,168.97,194.34,,166.82,162.27,169.07,194.54,,1,,0.0,0.0,0,NONE
2026-09-18T15:50:28.094+00:00,1272.520,routine,Adaptive thermal response carryover,duty,550,352.0,162.27,inkbird_lowest_internal,,1,87,167.02,162.27,168.97,194.34,,166.82,162.27,169.07,194.54,,1,,0.0,0.0,0,NONE
2026-09-18T15:50:29.093+00:00,1273.519,routine,Adaptive thermal response carryover,duty,550,351.5,162.27,inkbird_lowest_internal,,1,87,167.02,162.27,168.97,194.34,,166.82,162.27,169.07,194.54,,1,,0.0,0.0,0,NONE
2026-09-18T15:50:29.593+00:00,1274.019,routine,Adaptive thermal response carryover,duty,550,351.5,162.41,inkbird_lowest_internal,,1,87,167.2,162.41,169.08,194.33,,167.0,162.41,169.18,194.53,,1,,0.0,0.0,0,NONE
2026-09-18T15:50:30.593+00:00,1275.019,routine,Adaptive thermal response carryover,duty,550,351.5,162.41,inkbird_lowest_internal,,1,87,167.2,162.41,169.08,194.33,,167.0,162.41,169.18,194.53,,1,,0.0,0.0,0,NONE
2026-09-18T15:50:31.593+00:00,1276.019,routine,Adaptive thermal response carryover,duty,550,351.0,162.57,inkbird_lowest_internal,,1,87,167.37,162.57,169.2,194.32,,167.17,162.57,169.3,194.52,,1,,0.0,0.0,0,NONE
2026-09-18T15:50:32.593+00:00,1277.019,routine,Adaptive thermal response carryover,duty,550,356.5,162.57,inkbird_lowest_internal,,1,87,167.37,162.57,169.2,194.32,,167.17,162.57,169.3,194.52,,1,,0.0,0.0,0,NONE
2026-09-18T15:50:33.593+00:00,1278.019,routine,Adaptive thermal response carryover,duty,550,348.8,162.72,inkbird_lowest_internal,,1,87,167.55,162.72,169.31,194.26,,167.35,162.72,169.41,194.46,,1,,0.0,0.0,0,NONE
2026-09-18T15:50:34.593+00:00,1279.019,routine,Adaptive thermal response carryover,duty,550,348.8,162.72,inkbird_lowest_internal,,1,87,167.55,162.72,169.31,194.26,,167.35,162.72,169.41,194.46,,1,,0.0,0.0,0,NONE
2026-09-18T15:50:35.093+00:00,1279.519,routine,Adaptive thermal response carryover,duty,550,347.9,162.72,inkbird_lowest_internal,,1,87,167.55,162.72,169.31,194.26,,167.35,162.72,169.41,194.46,,1,,0.0,0.0,0,NONE
2026-09-18T15:50:35.593+00:00,1280.019,routine,Adaptive thermal response carryover,duty,550,347.9,162.86,inkbird_lowest_internal,,1,87,167.72,162.86,169.42,194.26,,167.52,162.86,169.52,194.46,,1,,0.0,0.0,0,NONE
2026-09-18T15:50:36.593+00:00,1281.019,routine,Adaptive thermal response carryover,duty,550,353.8,162.86,inkbird_lowest_internal,,1,87,167.72,162.86,169.42,194.26,,167.52,162.86,169.52,194.46,,1,,0.0,0.0,0,NONE
2026-09-18T15:50:37.593+00:00,1282.019,routine,Adaptive thermal response carryover,duty,550,352.9,163.02,inkbird_lowest_internal,,1,87,167.9,163.02,169.52,194.24,,167.7,163.02,169.62,194.44,,1,,0.0,0.0,0,NONE
2026-09-18T15:50:38.593+00:00,1283.019,routine,Adaptive thermal response carryover,duty,550,346.1,163.02,inkbird_lowest_internal,,1,87,167.9,163.02,169.52,194.24,,167.7,163.02,169.62,194.44,,1,,0.0,0.0,0,NONE
2026-09-18T15:50:39.593+00:00,1284.019,routine,Adaptive thermal response carryover,duty,550,345.2,163.16,inkbird_lowest_internal,,1,87,168.07,163.16,169.65,194.23,,167.87,163.16,169.75,194.43,,1,,0.0,0.0,0,NONE
2026-09-18T15:50:40.593+00:00,1285.019,routine,Adaptive thermal response carryover,duty,550,344.8,163.16,inkbird_lowest_internal,,1,87,168.07,163.16,169.65,194.23,,167.87,163.16,169.75,194.43,,1,,0.0,0.0,0,NONE
2026-09-18T15:50:41.093+00:00,1285.519,routine,Adaptive thermal response carryover,duty,550,344.3,163.16,inkbird_lowest_internal,,1,87,168.07,163.16,169.65,194.23,,167.87,163.16,169.75,194.43,,1,,0.0,0.0,0,NONE
2026-09-18T15:50:42.093+00:00,1286.519,routine,Adaptive thermal response carryover,duty,550,350.6,163.32,inkbird_lowest_internal,,1,87,168.24,163.32,169.76,194.23,,168.04,163.32,169.86,194.43,,1,,0.0,0.0,0,NONE
2026-09-18T15:50:43.093+00:00,1287.519,routine,Adaptive thermal response carryover,duty,550,343.9,163.32,inkbird_lowest_internal,,1,87,168.24,163.32,169.76,194.23,,168.04,163.32,169.86,194.43,,1,,0.0,0.0,0,NONE
2026-09-18T15:50:43.593+00:00,1288.020,routine,Adaptive thermal response carryover,duty,550,343.4,163.45,inkbird_lowest_internal,,1,87,168.42,163.45,169.87,194.22,,168.22,163.45,169.97,194.42,,1,,0.0,0.0,0,NONE
2026-09-18T15:50:44.593+00:00,1289.019,routine,Adaptive thermal response carryover,duty,550,342.0,163.45,inkbird_lowest_internal,,1,87,168.42,163.45,169.87,194.22,,168.22,163.45,169.97,194.42,,1,,0.0,0.0,0,NONE
2026-09-18T15:50:45.093+00:00,1289.519,routine,Adaptive thermal response carryover,duty,550,342.5,163.45,inkbird_lowest_internal,,1,87,168.42,163.45,169.87,194.22,,168.22,163.45,169.97,194.42,,1,,0.0,0.0,0,NONE
2026-09-18T15:50:46.093+00:00,1290.519,routine,Adaptive thermal response carryover,duty,550,345.6,163.61,inkbird_lowest_internal,,1,87,168.59,163.61,169.98,194.21,,168.39,163.61,170.08,194.41,,1,,0.0,0.0,0,NONE
2026-09-18T15:50:46.593+00:00,1291.019,routine,Adaptive thermal response carryover,duty,550,342.5,163.61,inkbird_lowest_internal,,1,87,168.59,163.61,169.98,194.21,,168.39,163.61,170.08,194.41,,1,,0.0,0.0,0,NONE
2026-09-18T15:50:47.093+00:00,1291.519,routine,Adaptive thermal response carryover,duty,550,347.9,163.61,inkbird_lowest_internal,,1,87,168.59,163.61,169.98,194.21,,168.39,163.61,170.08,194.41,,1,,0.0,0.0,0,NONE
2026-09-18T15:50:48.093+00:00,1292.519,routine,Adaptive thermal response carryover,duty,550,346.1,163.76,inkbird_lowest_internal,,1,87,168.77,163.76,170.1,194.16,,168.57,163.76,170.2,194.36,,1,,0.0,0.0,0,NONE
2026-09-18T15:50:49.093+00:00,1293.519,routine,Adaptive thermal response carryover,duty,550,346.1,163.76,inkbird_lowest_internal,,1,87,168.77,163.76,170.1,194.16,,168.57,163.76,170.2,194.36,,1,,0.0,0.0,0,NONE
2026-09-18T15:50:50.093+00:00,1294.519,routine,Adaptive thermal response carryover,duty,550,338.9,163.92,inkbird_lowest_internal,,1,87,168.93,163.92,170.2,194.16,,168.73,163.92,170.3,194.36,,1,,0.0,0.0,0,NONE
2026-09-18T15:50:51.093+00:00,1295.519,routine,Adaptive thermal response carryover,duty,550,345.6,163.92,inkbird_lowest_internal,,1,87,168.93,163.92,170.2,194.16,,168.73,163.92,170.3,194.36,,1,,0.0,0.0,0,NONE
2026-09-18T15:50:52.093+00:00,1296.519,routine,Adaptive thermal response carryover,duty,550,344.8,164.07,inkbird_lowest_internal,,1,87,169.1,164.07,170.26,194.16,,168.9,164.07,170.36,194.36,,1,,0.0,0.0,0,NONE
2026-09-18T15:50:53.093+00:00,1297.519,routine,Adaptive thermal response carryover,duty,550,338.0,164.07,inkbird_lowest_internal,,1,87,169.1,164.07,170.26,194.16,,168.9,164.07,170.36,194.36,,1,,0.0,0.0,0,NONE
2026-09-18T15:50:54.093+00:00,1298.519,routine,Adaptive thermal response carryover,duty,550,344.3,164.22,inkbird_lowest_internal,,1,87,169.27,164.22,170.4,194.15,,169.07,164.22,170.5,194.35,,1,,0.0,0.0,0,NONE
2026-09-18T15:50:55.093+00:00,1299.519,routine,Adaptive thermal response carryover,duty,550,343.0,164.22,inkbird_lowest_internal,,1,87,169.27,164.22,170.4,194.15,,169.07,164.22,170.5,194.35,,1,,0.0,0.0,0,NONE
2026-09-18T15:50:56.092+00:00,1300.519,routine,Adaptive thermal response carryover,duty,550,335.8,164.37,inkbird_lowest_internal,,1,87,169.43,164.37,170.52,194.15,,169.23,164.37,170.62,194.35,,1,,0.0,0.0,0,NONE
2026-09-18T15:50:57.092+00:00,1301.518,routine,Adaptive thermal response carryover,duty,550,335.8,164.37,inkbird_lowest_internal,,1,87,169.43,164.37,170.52,194.15,,169.23,164.37,170.62,194.35,,1,,0.0,0.0,0,NONE
2026-09-18T15:50:58.092+00:00,1302.518,routine,Adaptive thermal response carryover,duty,550,334.4,164.5,inkbird_lowest_internal,,1,87,169.6,164.5,170.65,194.14,,169.4,164.5,170.75,194.34,,1,,0.0,0.0,0,NONE
2026-09-18T15:50:59.092+00:00,1303.518,routine,Adaptive thermal response carryover,duty,550,334.0,164.5,inkbird_lowest_internal,,1,87,169.6,164.5,170.65,194.14,,169.4,164.5,170.75,194.34,,1,,0.0,0.0,0,NONE
2026-09-18T15:51:00.092+00:00,1304.518,routine,Adaptive thermal response carryover,duty,550,333.5,164.64,inkbird_lowest_internal,,1,87,169.77,164.64,170.76,194.14,,169.57,164.64,170.86,194.34,,1,,0.0,0.0,0,NONE
2026-09-18T15:51:00.592+00:00,1305.018,routine,Adaptive thermal response carryover,duty,550,333.5,164.64,inkbird_lowest_internal,,1,87,169.77,164.64,170.76,194.14,,169.57,164.64,170.86,194.34,,1,,0.0,0.0,0,NONE
2026-09-18T15:51:01.592+00:00,1306.018,routine,Adaptive thermal response carryover,duty,550,333.5,164.8,inkbird_lowest_internal,,1,87,169.94,164.8,170.88,194.14,,169.74,164.8,170.98,194.34,,1,,0.0,0.0,0,NONE
2026-09-18T15:51:02.592+00:00,1307.018,routine,Adaptive thermal response carryover,duty,550,332.6,164.8,inkbird_lowest_internal,,1,87,169.94,164.8,170.88,194.14,,169.74,164.8,170.98,194.34,,1,,0.0,0.0,0,NONE
2026-09-18T15:51:03.592+00:00,1308.018,routine,Adaptive thermal response carryover,duty,550,331.3,164.94,inkbird_lowest_internal,,1,87,170.11,164.94,171.0,194.15,,169.91,164.94,171.1,194.35,,1,,0.0,0.0,0,NONE
2026-09-18T15:51:04.592+00:00,1309.018,routine,Adaptive thermal response carryover,duty,550,331.7,164.94,inkbird_lowest_internal,,1,87,170.11,164.94,171.0,194.15,,169.91,164.94,171.1,194.35,,1,,0.0,0.0,0,NONE
2026-09-18T15:51:05.592+00:00,1310.018,routine,Adaptive thermal response carryover,duty,550,330.4,165.08,inkbird_lowest_internal,,1,87,170.27,165.08,171.11,194.14,,170.07,165.08,171.21,194.34,,1,,0.0,0.0,0,NONE
2026-09-18T15:51:06.592+00:00,1311.018,routine,Adaptive thermal response carryover,duty,550,330.4,165.08,inkbird_lowest_internal,,1,87,170.27,165.08,171.11,194.14,,170.07,165.08,171.21,194.34,,1,,0.0,0.0,0,NONE
2026-09-18T15:51:07.592+00:00,1312.018,routine,Adaptive thermal response carryover,duty,550,329.9,165.23,inkbird_lowest_internal,,1,87,170.44,165.23,171.22,194.1,,170.24,165.23,171.32,194.3,,1,,0.0,0.0,0,NONE
2026-09-18T15:51:08.592+00:00,1313.018,routine,Adaptive thermal response carryover,duty,550,334.9,165.23,inkbird_lowest_internal,,1,87,170.44,165.23,171.22,194.1,,170.24,165.23,171.32,194.3,,1,,0.0,0.0,0,NONE
2026-09-18T15:51:09.592+00:00,1314.018,routine,Adaptive thermal response carryover,duty,550,327.6,165.37,inkbird_lowest_internal,,1,87,170.6,165.37,171.33,194.1,,170.4,165.37,171.43,194.3,,1,,0.0,0.0,0,NONE
2026-09-18T15:51:10.592+00:00,1315.018,routine,Adaptive thermal response carryover,duty,550,328.1,165.37,inkbird_lowest_internal,,1,87,170.6,165.37,171.33,194.1,,170.4,165.37,171.43,194.3,,1,,0.0,0.0,0,NONE
2026-09-18T15:51:11.592+00:00,1316.018,routine,Adaptive thermal response carryover,duty,550,327.6,165.53,inkbird_lowest_internal,,1,87,170.75,165.53,171.44,194.11,,170.55,165.53,171.54,194.31,,1,,0.0,0.0,0,NONE
2026-09-18T15:51:12.592+00:00,1317.018,routine,Adaptive thermal response carryover,duty,550,327.2,165.53,inkbird_lowest_internal,,1,87,170.75,165.53,171.44,194.11,,170.55,165.53,171.54,194.31,,1,,0.0,0.0,0,NONE
2026-09-18T15:51:13.592+00:00,1318.018,routine,Adaptive thermal response carryover,duty,550,333.5,165.67,inkbird_lowest_internal,,1,87,170.91,165.67,171.56,194.11,,170.71,165.67,171.66,194.31,,1,,0.0,0.0,0,NONE
2026-09-18T15:51:14.592+00:00,1319.018,routine,Adaptive thermal response carryover,duty,550,325.9,165.67,inkbird_lowest_internal,,1,87,170.91,165.67,171.56,194.11,,170.71,165.67,171.66,194.31,,1,,0.0,0.0,0,NONE
2026-09-18T15:51:15.092+00:00,1319.518,routine,Adaptive thermal response carryover,duty,550,325.9,165.67,inkbird_lowest_internal,,1,87,170.91,165.67,171.56,194.11,,170.71,165.67,171.66,194.31,,1,,0.0,0.0,0,NONE
2026-09-18T15:51:16.092+00:00,1320.518,routine,Adaptive thermal response carryover,duty,550,325.0,165.82,inkbird_lowest_internal,,1,87,171.08,165.82,171.68,194.11,,170.88,165.82,171.78,194.31,,1,,0.0,0.0,0,NONE
2026-09-18T15:51:17.092+00:00,1321.518,routine,Adaptive thermal response carryover,duty,550,324.5,165.82,inkbird_lowest_internal,,1,87,171.08,165.82,171.68,194.11,,170.88,165.82,171.78,194.31,,1,,0.0,0.0,0,NONE
2026-09-18T15:51:17.592+00:00,1322.018,routine,Adaptive thermal response carryover,duty,550,324.5,165.97,inkbird_lowest_internal,,1,87,171.24,165.97,171.78,194.11,,171.04,165.97,171.88,194.31,,1,,0.0,0.0,0,NONE
2026-09-18T15:51:18.592+00:00,1323.018,routine,Adaptive thermal response carryover,duty,550,323.6,165.97,inkbird_lowest_internal,,1,87,171.24,165.97,171.78,194.11,,171.04,165.97,171.88,194.31,,1,,0.0,0.0,0,NONE
2026-09-18T15:51:19.592+00:00,1324.018,routine,Adaptive thermal response carryover,duty,550,323.6,166.11,inkbird_lowest_internal,,1,87,171.39,166.11,171.9,194.1,,171.19,166.11,172.0,194.3,,1,,0.0,0.0,0,NONE
2026-09-18T15:51:20.092+00:00,1324.518,routine,Adaptive thermal response carryover,duty,550,323.1,166.11,inkbird_lowest_internal,,1,87,171.39,166.11,171.9,194.1,,171.19,166.11,172.0,194.3,,1,,0.0,0.0,0,NONE
2026-09-18T15:51:21.092+00:00,1325.518,routine,Adaptive thermal response carryover,duty,550,323.1,166.11,inkbird_lowest_internal,,1,87,171.39,166.11,171.9,194.1,,171.19,166.11,172.0,194.3,,1,,0.0,0.0,0,NONE
2026-09-18T15:51:22.092+00:00,1326.518,routine,Adaptive thermal response carryover,duty,550,326.8,166.26,inkbird_lowest_internal,,1,87,171.55,166.26,172.01,194.12,,171.35,166.26,172.11,194.32,,1,,0.0,0.0,0,NONE
2026-09-18T15:51:23.092+00:00,1327.518,routine,Adaptive thermal response carryover,duty,550,322.3,166.26,inkbird_lowest_internal,,1,87,171.55,166.26,172.01,194.12,,171.35,166.26,172.11,194.32,,1,,0.0,0.0,0,NONE
2026-09-18T15:51:23.592+00:00,1328.018,routine,Adaptive thermal response carryover,duty,550,321.4,166.39,inkbird_lowest_internal,,1,87,171.7,166.39,172.13,194.11,,171.5,166.39,172.23,194.31,,1,,0.0,0.0,0,NONE
2026-09-18T15:51:24.592+00:00,1329.018,routine,Adaptive thermal response carryover,duty,550,320.9,166.39,inkbird_lowest_internal,,1,87,171.7,166.39,172.13,194.11,,171.5,166.39,172.23,194.31,,1,,0.0,0.0,0,NONE
2026-09-18T15:51:25.592+00:00,1330.018,routine,Adaptive thermal response carryover,duty,550,320.5,166.53,inkbird_lowest_internal,,1,87,171.85,166.53,172.23,194.11,,171.65,166.53,172.33,194.31,,1,,0.0,0.0,0,NONE
2026-09-18T15:51:26.092+00:00,1330.518,routine,Adaptive thermal response carryover,duty,550,320.0,166.53,inkbird_lowest_internal,,1,87,171.85,166.53,172.23,194.11,,171.65,166.53,172.33,194.31,,1,,0.0,0.0,0,NONE
2026-09-18T15:51:27.092+00:00,1331.518,routine,Adaptive thermal response carryover,duty,550,320.0,166.53,inkbird_lowest_internal,,1,87,171.85,166.53,172.23,194.11,,171.65,166.53,172.33,194.31,,1,,0.0,0.0,0,NONE
2026-09-18T15:51:28.092+00:00,1332.518,routine,Adaptive thermal response carryover,duty,550,319.1,166.69,inkbird_lowest_internal,,1,87,171.99,166.69,172.29,194.11,,171.79,166.69,172.39,194.31,,1,,0.0,0.0,0,NONE
2026-09-18T15:51:29.092+00:00,1333.518,routine,Adaptive thermal response carryover,duty,550,325.4,166.69,inkbird_lowest_internal,,1,87,171.99,166.69,172.29,194.11,,171.79,166.69,172.39,194.31,,1,,0.0,0.0,0,NONE
2026-09-18T15:51:29.592+00:00,1334.018,routine,Adaptive thermal response carryover,duty,550,322.7,166.83,inkbird_lowest_internal,,1,87,172.15,166.83,172.43,194.1,,171.95,166.83,172.53,194.3,,1,,0.0,0.0,0,NONE
2026-09-18T15:51:30.592+00:00,1335.018,routine,Adaptive thermal response carryover,duty,550,318.2,166.83,inkbird_lowest_internal,,1,87,172.15,166.83,172.43,194.1,,171.95,166.83,172.53,194.3,,1,,0.0,0.0,0,NONE
2026-09-18T15:51:31.591+00:00,1336.017,routine,Adaptive thermal response carryover,duty,550,321.8,166.96,inkbird_lowest_internal,,1,87,172.3,166.96,172.55,194.11,,172.1,166.96,172.65,194.31,,1,,0.0,0.0,0,NONE
2026-09-18T15:51:32.591+00:00,1337.017,routine,Adaptive thermal response carryover,duty,550,317.3,166.96,inkbird_lowest_internal,,1,87,172.3,166.96,172.55,194.11,,172.1,166.96,172.65,194.31,,1,,0.0,0.0,0,NONE
2026-09-18T15:51:33.091+00:00,1337.517,routine,Adaptive thermal response carryover,duty,550,317.3,166.96,inkbird_lowest_internal,,1,87,172.3,166.96,172.55,194.11,,172.1,166.96,172.65,194.31,,1,,0.0,0.0,0,NONE
2026-09-18T15:51:34.091+00:00,1338.517,routine,Adaptive thermal response carryover,duty,550,315.5,167.11,inkbird_lowest_internal,,1,87,172.45,167.11,172.68,194.11,,172.25,167.11,172.78,194.31,,1,,0.0,0.0,0,NONE
2026-09-18T15:51:35.091+00:00,1339.517,routine,Adaptive thermal response carryover,duty,550,315.5,167.11,inkbird_lowest_internal,,1,87,172.45,167.11,172.68,194.11,,172.25,167.11,172.78,194.31,,1,,0.0,0.0,0,NONE
2026-09-18T15:51:35.591+00:00,1340.017,routine,Adaptive thermal response carryover,duty,550,316.4,167.24,inkbird_lowest_internal,,1,87,172.6,167.24,172.79,194.12,,172.4,167.24,172.89,194.32,,1,,0.0,0.0,0,NONE
2026-09-18T15:51:36.591+00:00,1341.017,routine,Adaptive thermal response carryover,duty,550,315.0,167.24,inkbird_lowest_internal,,1,87,172.6,167.24,172.79,194.12,,172.4,167.24,172.89,194.32,,1,,0.0,0.0,0,NONE
2026-09-18T15:51:37.591+00:00,1342.017,routine,Adaptive thermal response carryover,duty,550,315.0,167.38,inkbird_lowest_internal,,1,87,172.75,167.38,172.9,194.12,,172.55,167.38,173.0,194.32,,1,,0.0,0.0,0,NONE
2026-09-18T15:51:38.591+00:00,1343.017,routine,Adaptive thermal response carryover,duty,550,318.6,167.38,inkbird_lowest_internal,,1,87,172.75,167.38,172.9,194.12,,172.55,167.38,173.0,194.32,,1,,0.0,0.0,0,NONE
2026-09-18T15:51:39.591+00:00,1344.017,routine,Adaptive thermal response carryover,duty,550,313.7,167.51,inkbird_lowest_internal,,1,87,172.89,167.51,173.01,194.12,,172.69,167.51,173.11,194.32,,1,,0.0,0.0,0,NONE
2026-09-18T15:51:40.591+00:00,1345.017,routine,Adaptive thermal response carryover,duty,550,313.7,167.51,inkbird_lowest_internal,,1,87,172.89,167.51,173.01,194.12,,172.69,167.51,173.11,194.32,,1,,0.0,0.0,0,NONE
2026-09-18T15:51:41.091+00:00,1345.517,routine,Adaptive thermal response carryover,duty,550,315.0,167.51,inkbird_lowest_internal,,1,87,172.89,167.51,173.01,194.12,,172.69,167.51,173.11,194.32,,1,,0.0,0.0,0,NONE
2026-09-18T15:51:42.091+00:00,1346.517,routine,Adaptive thermal response carryover,duty,550,315.0,167.66,inkbird_lowest_internal,,1,87,173.05,167.66,173.11,194.13,,172.85,167.66,173.21,194.33,,1,,0.0,0.0,0,NONE
2026-09-18T15:51:43.091+00:00,1347.517,routine,Adaptive thermal response carryover,duty,550,311.5,167.66,inkbird_lowest_internal,,1,87,173.05,167.66,173.11,194.13,,172.85,167.66,173.21,194.33,,1,,0.0,0.0,0,NONE
2026-09-18T15:51:43.591+00:00,1348.017,routine,Adaptive thermal response carryover,duty,550,319.1,167.8,inkbird_lowest_internal,,1,87,173.19,167.8,173.23,194.13,,172.99,167.8,173.33,194.33,,1,,0.0,0.0,0,NONE
2026-09-18T15:51:44.591+00:00,1349.017,routine,Adaptive thermal response carryover,duty,550,311.5,167.8,inkbird_lowest_internal,,1,87,173.19,167.8,173.23,194.13,,172.99,167.8,173.33,194.33,,1,,0.0,0.0,0,NONE
2026-09-18T15:51:45.591+00:00,1350.017,routine,Adaptive thermal response carryover,duty,550,310.5,167.94,inkbird_lowest_internal,,1,87,173.33,167.94,173.34,194.13,,173.13,167.94,173.44,194.33,,1,,0.0,0.0,0,NONE
2026-09-18T15:51:46.091+00:00,1350.517,routine,Adaptive thermal response carryover,duty,550,310.5,167.94,inkbird_lowest_internal,,1,87,173.33,167.94,173.34,194.13,,173.13,167.94,173.44,194.33,,1,,0.0,0.0,0,NONE
2026-09-18T15:51:47.091+00:00,1351.517,routine,Adaptive thermal response carryover,duty,550,310.5,167.94,inkbird_lowest_internal,,1,87,173.33,167.94,173.34,194.13,,173.13,167.94,173.44,194.33,,1,,0.0,0.0,0,NONE
2026-09-18T15:51:48.091+00:00,1352.517,routine,Adaptive thermal response carryover,duty,550,309.6,168.07,inkbird_lowest_internal,,1,87,173.48,168.07,173.44,194.15,,173.28,168.07,173.54,194.35,,1,,0.0,0.0,0,NONE
2026-09-18T15:51:49.091+00:00,1353.517,routine,Adaptive thermal response carryover,duty,550,309.2,168.07,inkbird_lowest_internal,,1,87,173.48,168.07,173.44,194.15,,173.28,168.07,173.54,194.35,,1,,0.0,0.0,0,NONE
2026-09-18T15:51:50.091+00:00,1354.517,routine,Adaptive thermal response carryover,duty,550,309.6,168.22,inkbird_lowest_internal,,1,87,173.61,168.22,173.5,194.13,,173.41,168.22,173.6,194.33,,1,,0.0,0.0,0,NONE
2026-09-18T15:51:51.091+00:00,1355.517,routine,Adaptive thermal response carryover,duty,550,308.8,168.22,inkbird_lowest_internal,,1,87,173.61,168.22,173.5,194.13,,173.41,168.22,173.6,194.33,,1,,0.0,0.0,0,NONE
2026-09-18T15:51:52.091+00:00,1356.517,routine,Adaptive thermal response carryover,duty,550,308.3,168.35,inkbird_lowest_internal,,1,87,173.75,168.35,173.62,194.15,,173.55,168.35,173.72,194.35,,1,,0.0,0.0,0,NONE
2026-09-18T15:51:53.091+00:00,1357.517,routine,Adaptive thermal response carryover,duty,550,310.1,168.35,inkbird_lowest_internal,,1,87,173.75,168.35,173.62,194.15,,173.55,168.35,173.72,194.35,,1,,0.0,0.0,0,NONE
2026-09-18T15:51:53.591+00:00,1358.017,routine,Adaptive thermal response carryover,duty,550,313.7,168.49,inkbird_lowest_internal,,1,87,173.89,168.49,173.74,194.16,,173.69,168.49,173.84,194.36,,1,,0.0,0.0,0,NONE
2026-09-18T15:51:54.091+00:00,1358.517,routine,Adaptive thermal response carryover,duty,550,307.4,168.49,inkbird_lowest_internal,,1,87,173.89,168.49,173.74,194.16,,173.69,168.49,173.84,194.36,,1,,0.0,0.0,0,NONE
2026-09-18T15:51:55.091+00:00,1359.517,routine,Adaptive thermal response carryover,duty,550,307.9,168.49,inkbird_lowest_internal,,1,87,173.89,168.49,173.74,194.16,,173.69,168.49,173.84,194.36,,1,,0.0,0.0,0,NONE
2026-09-18T15:51:56.091+00:00,1360.517,routine,Adaptive thermal response carryover,duty,550,306.5,168.63,inkbird_lowest_internal,,1,87,174.03,168.63,173.86,194.17,,173.83,168.63,173.96,194.37,,1,,0.0,0.0,0,NONE
2026-09-18T15:51:56.591+00:00,1361.017,routine,Adaptive thermal response carryover,duty,550,306.0,168.63,inkbird_lowest_internal,,1,87,174.03,168.63,173.86,194.17,,173.83,168.63,173.96,194.37,,1,,0.0,0.0,0,NONE
2026-09-18T15:51:57.591+00:00,1362.017,routine,Adaptive thermal response carryover,duty,550,305.6,168.75,inkbird_lowest_internal,,1,87,174.17,168.75,173.99,194.16,,173.97,168.75,174.09,194.36,,1,,0.0,0.0,0,NONE
2026-09-18T15:51:58.591+00:00,1363.017,routine,Adaptive thermal response carryover,duty,550,305.6,168.75,inkbird_lowest_internal,,1,87,174.17,168.75,173.99,194.16,,173.97,168.75,174.09,194.36,,1,,0.0,0.0,0,NONE
2026-09-18T15:51:59.591+00:00,1364.017,routine,Adaptive thermal response carryover,duty,550,304.7,168.88,inkbird_lowest_internal,,1,87,174.3,168.88,174.08,194.18,,174.1,168.88,174.18,194.38,,1,,0.0,0.0,0,NONE
2026-09-18T15:52:00.091+00:00,1364.517,routine,Adaptive thermal response carryover,duty,550,305.1,168.88,inkbird_lowest_internal,,1,87,174.3,168.88,174.08,194.18,,174.1,168.88,174.18,194.38,,1,,0.0,0.0,0,NONE
2026-09-18T15:52:01.091+00:00,1365.517,routine,Adaptive thermal response carryover,duty,550,304.3,168.88,inkbird_lowest_internal,,1,87,174.3,168.88,174.08,194.18,,174.1,168.88,174.18,194.38,,1,,0.0,0.0,0,NONE
2026-09-18T15:52:02.091+00:00,1366.517,routine,Adaptive thermal response carryover,duty,550,304.3,169.01,inkbird_lowest_internal,,1,87,174.43,169.01,174.14,194.17,,174.23,169.01,174.24,194.37,,1,,0.0,0.0,0,NONE
2026-09-18T15:52:03.091+00:00,1367.517,routine,Adaptive thermal response carryover,duty,550,303.8,169.01,inkbird_lowest_internal,,1,87,174.43,169.01,174.14,194.17,,174.23,169.01,174.24,194.37,,1,,0.0,0.0,0,NONE
2026-09-18T15:52:04.090+00:00,1368.517,routine,Adaptive thermal response carryover,duty,550,303.8,169.15,inkbird_lowest_internal,,1,87,174.57,169.15,174.27,194.18,,174.37,169.15,174.37,194.38,,1,,0.0,0.0,0,NONE
2026-09-18T15:52:05.090+00:00,1369.517,routine,Adaptive thermal response carryover,duty,550,309.6,169.15,inkbird_lowest_internal,,1,87,174.57,169.15,174.27,194.18,,174.37,169.15,174.37,194.38,,1,,0.0,0.0,0,NONE
2026-09-18T15:52:05.590+00:00,1370.017,routine,Adaptive thermal response carryover,duty,550,301.5,169.29,inkbird_lowest_internal,,1,87,174.7,169.29,174.38,194.18,,174.5,169.29,174.48,194.38,,1,,0.0,0.0,0,NONE
2026-09-18T15:52:06.091+00:00,1370.517,routine,Adaptive thermal response carryover,duty,550,302.5,169.29,inkbird_lowest_internal,,1,87,174.7,169.29,174.38,194.18,,174.5,169.29,174.48,194.38,,1,,0.0,0.0,0,NONE
2026-09-18T15:52:07.090+00:00,1371.516,routine,Adaptive thermal response carryover,duty,550,301.5,169.29,inkbird_lowest_internal,,1,87,174.7,169.29,174.38,194.18,,174.5,169.29,174.48,194.38,,1,,0.0,0.0,0,NONE
2026-09-18T15:52:08.090+00:00,1372.516,routine,Adaptive thermal response carryover,duty,550,302.0,169.41,inkbird_lowest_internal,,1,87,174.83,169.41,174.5,194.21,,174.63,169.41,174.6,194.41,,1,,0.0,0.0,0,NONE
2026-09-18T15:52:09.090+00:00,1373.516,routine,Adaptive thermal response carryover,duty,550,301.1,169.41,inkbird_lowest_internal,,1,87,174.83,169.41,174.5,194.21,,174.63,169.41,174.6,194.41,,1,,0.0,0.0,0,NONE
2026-09-18T15:52:10.090+00:00,1374.516,routine,Adaptive thermal response carryover,duty,550,300.6,169.54,inkbird_lowest_internal,,1,87,174.97,169.54,174.6,194.21,,174.77,169.54,174.7,194.41,,1,,0.0,0.0,0,NONE
2026-09-18T15:52:11.090+00:00,1375.516,routine,Adaptive thermal response carryover,duty,550,307.0,169.54,inkbird_lowest_internal,,1,87,174.97,169.54,174.6,194.21,,174.77,169.54,174.7,194.41,,1,,0.0,0.0,0,NONE
2026-09-18T15:52:11.590+00:00,1376.016,routine,Adaptive thermal response carryover,duty,550,299.8,169.67,inkbird_lowest_internal,,1,87,175.09,169.67,174.65,194.21,,174.89,169.67,174.75,194.41,,1,,0.0,0.0,0,NONE
2026-09-18T15:52:12.090+00:00,1376.516,routine,Adaptive thermal response carryover,duty,550,306.0,169.67,inkbird_lowest_internal,,1,87,175.09,169.67,174.65,194.21,,174.89,169.67,174.75,194.41,,1,,0.0,0.0,0,NONE
2026-09-18T15:52:13.090+00:00,1377.516,routine,Adaptive thermal response carryover,duty,550,299.8,169.67,inkbird_lowest_internal,,1,87,175.09,169.67,174.65,194.21,,174.89,169.67,174.75,194.41,,1,,0.0,0.0,0,NONE
2026-09-18T15:52:14.090+00:00,1378.516,routine,Adaptive thermal response carryover,duty,550,298.4,169.79,inkbird_lowest_internal,,1,87,175.22,169.79,174.78,194.22,,175.02,169.79,174.88,194.42,,1,,0.0,0.0,0,NONE
2026-09-18T15:52:15.090+00:00,1379.516,routine,Adaptive thermal response carryover,duty,550,298.9,169.79,inkbird_lowest_internal,,1,87,175.22,169.79,174.78,194.22,,175.02,169.79,174.88,194.42,,1,,0.0,0.0,0,NONE
2026-09-18T15:52:16.090+00:00,1380.516,routine,Adaptive thermal response carryover,duty,550,298.9,169.91,inkbird_lowest_internal,,1,87,175.35,169.91,174.89,194.22,,175.15,169.91,174.99,194.42,,1,,0.0,0.0,0,NONE
2026-09-18T15:52:17.090+00:00,1381.516,routine,Adaptive thermal response carryover,duty,550,297.5,169.91,inkbird_lowest_internal,,1,87,175.35,169.91,174.89,194.22,,175.15,169.91,174.99,194.42,,1,,0.0,0.0,0,NONE
2026-09-18T15:52:18.090+00:00,1382.516,routine,Adaptive thermal response carryover,duty,550,297.0,170.04,inkbird_lowest_internal,,1,87,175.48,170.04,175.0,194.23,,175.28,170.04,175.1,194.43,,1,,0.0,0.0,0,NONE
2026-09-18T15:52:19.090+00:00,1383.516,routine,Adaptive thermal response carryover,duty,550,297.5,170.04,inkbird_lowest_internal,,1,87,175.48,170.04,175.0,194.23,,175.28,170.04,175.1,194.43,,1,,0.0,0.0,0,NONE
2026-09-18T15:52:20.090+00:00,1384.516,routine,Adaptive thermal response carryover,duty,550,297.0,170.17,inkbird_lowest_internal,,1,87,175.61,170.17,175.1,194.23,,175.41,170.17,175.2,194.43,,1,,0.0,0.0,0,NONE
2026-09-18T15:52:21.090+00:00,1385.516,routine,Adaptive thermal response carryover,duty,550,297.0,170.17,inkbird_lowest_internal,,1,87,175.61,170.17,175.1,194.23,,175.41,170.17,175.2,194.43,,1,,0.0,0.0,0,NONE
2026-09-18T15:52:22.090+00:00,1386.516,routine,Adaptive thermal response carryover,duty,550,301.1,170.3,inkbird_lowest_internal,,1,87,175.72,170.3,175.21,194.23,,175.52,170.3,175.31,194.43,,1,,0.0,0.0,0,NONE
2026-09-18T15:52:23.090+00:00,1387.516,routine,Adaptive thermal response carryover,duty,550,295.3,170.3,inkbird_lowest_internal,,1,87,175.72,170.3,175.21,194.23,,175.52,170.3,175.31,194.43,,1,,0.0,0.0,0,NONE
2026-09-18T15:52:24.090+00:00,1388.516,routine,Adaptive thermal response carryover,duty,550,295.7,170.43,inkbird_lowest_internal,,1,87,175.84,170.43,175.31,194.23,,175.64,170.43,175.41,194.43,,1,,0.0,0.0,0,NONE
2026-09-18T15:52:25.090+00:00,1389.516,routine,Adaptive thermal response carryover,duty,550,295.7,170.43,inkbird_lowest_internal,,1,87,175.84,170.43,175.31,194.23,,175.64,170.43,175.41,194.43,,1,,0.0,0.0,0,NONE
2026-09-18T15:52:26.090+00:00,1390.516,routine,Adaptive thermal response carryover,duty,550,294.4,170.55,inkbird_lowest_internal,,1,87,175.96,170.55,175.42,194.23,,175.76,170.55,175.52,194.43,,1,,0.0,0.0,0,NONE
2026-09-18T15:52:27.090+00:00,1391.516,routine,Adaptive thermal response carryover,duty,550,294.4,170.55,inkbird_lowest_internal,,1,87,175.96,170.55,175.42,194.23,,175.76,170.55,175.52,194.43,,1,,0.0,0.0,0,NONE
2026-09-18T15:52:27.590+00:00,1392.016,routine,Adaptive thermal response carryover,duty,550,293.9,170.67,inkbird_lowest_internal,,1,87,176.09,170.67,175.5,194.27,,175.89,170.67,175.6,194.47,,1,,0.0,0.0,0,NONE
2026-09-18T15:52:28.590+00:00,1393.016,routine,Adaptive thermal response carryover,duty,550,293.9,170.67,inkbird_lowest_internal,,1,87,176.09,170.67,175.5,194.27,,175.89,170.67,175.6,194.47,,1,,0.0,0.0,0,NONE
2026-09-18T15:52:29.590+00:00,1394.016,routine,Adaptive thermal response carryover,duty,550,293.5,170.78,inkbird_lowest_internal,,1,87,176.21,170.78,175.56,194.27,,176.01,170.78,175.66,194.47,,1,,0.0,0.0,0,NONE
2026-09-18T15:52:30.090+00:00,1394.516,routine,Adaptive thermal response carryover,duty,550,296.1,170.78,inkbird_lowest_internal,,1,87,176.21,170.78,175.56,194.27,,176.01,170.78,175.66,194.47,,1,,0.0,0.0,0,NONE
2026-09-18T15:52:31.090+00:00,1395.516,routine,Adaptive thermal response carryover,duty,550,293.0,170.78,inkbird_lowest_internal,,1,87,176.21,170.78,175.56,194.27,,176.01,170.78,175.66,194.47,,1,,0.0,0.0,0,NONE
2026-09-18T15:52:32.090+00:00,1396.516,routine,Adaptive thermal response carryover,duty,550,299.3,170.92,inkbird_lowest_internal,,1,87,176.32,170.92,175.67,194.26,,176.12,170.92,175.77,194.46,,1,,0.0,0.0,0,NONE
2026-09-18T15:52:33.092+00:00,1397.518,routine,Adaptive thermal response carryover,duty,550,292.5,170.92,inkbird_lowest_internal,,1,87,176.32,170.92,175.67,194.26,,176.12,170.92,175.77,194.46,,1,,0.0,0.0,0,NONE
2026-09-18T15:52:34.090+00:00,1398.516,routine,Adaptive thermal response carryover,duty,550,291.6,171.03,inkbird_lowest_internal,,1,87,176.44,171.03,175.78,194.28,,176.24,171.03,175.88,194.48,,1,,0.0,0.0,0,NONE
2026-09-18T15:52:35.090+00:00,1399.516,routine,Adaptive thermal response carryover,duty,550,291.2,171.03,inkbird_lowest_internal,,1,87,176.44,171.03,175.78,194.28,,176.24,171.03,175.88,194.48,,1,,0.0,0.0,0,NONE
2026-09-18T15:52:36.090+00:00,1400.516,routine,Adaptive thermal response carryover,duty,550,290.8,171.15,inkbird_lowest_internal,,1,87,176.56,171.15,175.89,194.29,,176.36,171.15,175.99,194.49,,1,,0.0,0.0,0,NONE
2026-09-18T15:52:37.090+00:00,1401.516,routine,Adaptive thermal response carryover,duty,550,290.3,171.15,inkbird_lowest_internal,,1,87,176.56,171.15,175.89,194.29,,176.36,171.15,175.99,194.49,,1,,0.0,0.0,0,NONE
2026-09-18T15:52:38.092+00:00,1402.518,routine,Adaptive thermal response carryover,duty,550,297.0,171.26,inkbird_lowest_internal,,1,87,176.68,171.26,175.98,194.29,,176.48,171.26,176.08,194.49,,1,,0.0,0.0,0,NONE
2026-09-18T15:52:39.089+00:00,1403.516,routine,Adaptive thermal response carryover,duty,550,289.9,171.26,inkbird_lowest_internal,,1,87,176.68,171.26,175.98,194.29,,176.48,171.26,176.08,194.49,,1,,0.0,0.0,0,NONE
2026-09-18T15:52:40.089+00:00,1404.515,routine,Adaptive thermal response carryover,duty,550,288.5,171.39,inkbird_lowest_internal,,1,87,176.79,171.39,176.03,194.29,,176.59,171.39,176.13,194.49,,1,,0.0,0.0,0,NONE
2026-09-18T15:52:41.089+00:00,1405.515,routine,Adaptive thermal response carryover,duty,550,289.4,171.39,inkbird_lowest_internal,,1,87,176.79,171.39,176.03,194.29,,176.59,171.39,176.13,194.49,,1,,0.0,0.0,0,NONE
2026-09-18T15:52:42.089+00:00,1406.515,routine,Adaptive thermal response carryover,duty,550,281.8,171.5,inkbird_lowest_internal,,1,87,176.9,171.5,176.16,194.29,,176.7,171.5,176.26,194.49,,1,,0.0,0.0,0,NONE
2026-09-18T15:52:42.589+00:00,1407.015,routine,Adaptive thermal response carryover,duty,550,295.3,171.5,inkbird_lowest_internal,,1,87,176.9,171.5,176.16,194.29,,176.7,171.5,176.26,194.49,,1,,0.0,0.0,0,NONE
2026-09-18T15:52:43.090+00:00,1407.516,routine,Adaptive thermal response carryover,duty,550,288.0,171.5,inkbird_lowest_internal,,1,87,176.9,171.5,176.16,194.29,,176.7,171.5,176.26,194.49,,1,,0.0,0.0,0,NONE
2026-09-18T15:52:44.089+00:00,1408.515,routine,Adaptive thermal response carryover,duty,550,288.0,171.61,inkbird_lowest_internal,,1,87,177.01,171.61,176.26,194.29,,176.81,171.61,176.36,194.49,,1,,0.0,0.0,0,NONE
2026-09-18T15:52:45.089+00:00,1409.515,routine,Adaptive thermal response carryover,duty,550,287.6,171.61,inkbird_lowest_internal,,1,87,177.01,171.61,176.26,194.29,,176.81,171.61,176.36,194.49,,1,,0.0,0.0,0,NONE
2026-09-18T15:52:46.089+00:00,1410.515,routine,Adaptive thermal response carryover,duty,550,287.6,171.73,inkbird_lowest_internal,,1,87,177.12,171.73,176.36,194.29,,176.92,171.73,176.46,194.49,,1,,0.0,0.0,0,NONE
2026-09-18T15:52:47.089+00:00,1411.515,routine,Adaptive thermal response carryover,duty,550,286.3,171.73,inkbird_lowest_internal,,1,87,177.12,171.73,176.36,194.29,,176.92,171.73,176.46,194.49,,1,,0.0,0.0,0,NONE
2026-09-18T15:52:48.089+00:00,1412.515,routine,Adaptive thermal response carryover,duty,550,290.3,171.84,inkbird_lowest_internal,,1,87,177.23,171.84,176.41,194.31,,177.03,171.84,176.51,194.51,,1,,0.0,0.0,0,NONE
2026-09-18T15:52:48.589+00:00,1413.015,routine,Adaptive thermal response carryover,duty,550,285.8,171.84,inkbird_lowest_internal,,1,87,177.23,171.84,176.41,194.31,,177.03,171.84,176.51,194.51,,1,,0.0,0.0,0,NONE
2026-09-18T15:52:49.589+00:00,1414.015,routine,Adaptive thermal response carryover,duty,550,286.7,171.96,inkbird_lowest_internal,,1,87,177.34,171.96,176.53,194.34,,177.14,171.96,176.63,194.54,,1,,0.0,0.0,0,NONE
2026-09-18T15:52:50.589+00:00,1415.015,routine,Adaptive thermal response carryover,duty,550,285.4,171.96,inkbird_lowest_internal,,1,87,177.34,171.96,176.53,194.34,,177.14,171.96,176.63,194.54,,1,,0.0,0.0,0,NONE
2026-09-18T15:52:51.589+00:00,1416.015,routine,Adaptive thermal response carryover,duty,550,285.4,172.07,inkbird_lowest_internal,,1,87,177.44,172.07,176.63,194.33,,177.24,172.07,176.73,194.53,,1,,0.0,0.0,0,NONE
2026-09-18T15:52:52.589+00:00,1417.015,routine,Adaptive thermal response carryover,duty,550,284.9,172.07,inkbird_lowest_internal,,1,87,177.44,172.07,176.63,194.33,,177.24,172.07,176.73,194.53,,1,,0.0,0.0,0,NONE
2026-09-18T15:52:53.589+00:00,1418.015,routine,Adaptive thermal response carryover,duty,550,292.1,172.18,inkbird_lowest_internal,,1,87,177.49,172.18,176.73,194.34,,177.29,172.18,176.83,194.54,,1,,0.0,0.0,0,NONE
2026-09-18T15:52:54.089+00:00,1418.515,routine,Adaptive thermal response carryover,duty,550,284.9,172.18,inkbird_lowest_internal,,1,87,177.49,172.18,176.73,194.34,,177.29,172.18,176.83,194.54,,1,,0.0,0.0,0,NONE
2026-09-18T15:52:54.589+00:00,1419.015,routine,Adaptive thermal response carryover,duty,550,291.6,172.18,inkbird_lowest_internal,,1,87,177.49,172.18,176.73,194.34,,177.29,172.18,176.83,194.54,,1,,0.0,0.0,0,NONE
2026-09-18T15:52:55.589+00:00,1420.015,routine,Adaptive thermal response carryover,duty,550,284.0,172.29,inkbird_lowest_internal,,1,87,177.63,172.29,176.76,194.33,,177.43,172.29,176.86,194.53,,1,,0.0,0.0,0,NONE
2026-09-18T15:52:56.589+00:00,1421.015,routine,Adaptive thermal response carryover,duty,550,289.0,172.29,inkbird_lowest_internal,,1,87,177.63,172.29,176.76,194.33,,177.43,172.29,176.86,194.53,,1,,0.0,0.0,0,NONE
2026-09-18T15:52:57.589+00:00,1422.015,routine,Adaptive thermal response carryover,duty,550,284.0,172.4,inkbird_lowest_internal,,1,87,177.74,172.4,176.88,194.34,,177.54,172.4,176.98,194.54,,1,,0.0,0.0,0,NONE
2026-09-18T15:52:58.089+00:00,1422.515,routine,Adaptive thermal response carryover,duty,550,287.6,172.4,inkbird_lowest_internal,,1,87,177.74,172.4,176.88,194.34,,177.54,172.4,176.98,194.54,,1,,0.0,0.0,0,NONE
2026-09-18T15:52:59.089+00:00,1423.515,routine,Adaptive thermal response carryover,duty,550,289.9,172.4,inkbird_lowest_internal,,1,87,177.74,172.4,176.88,194.34,,177.54,172.4,176.98,194.54,,1,,0.0,0.0,0,NONE
2026-09-18T15:53:00.089+00:00,1424.515,routine,Adaptive thermal response carryover,duty,550,282.2,172.51,inkbird_lowest_internal,,1,87,177.85,172.51,176.98,194.32,,177.65,172.51,177.08,194.52,,1,,0.0,0.0,0,NONE
2026-09-18T15:53:01.089+00:00,1425.515,routine,Adaptive thermal response carryover,duty,550,282.6,172.51,inkbird_lowest_internal,,1,87,177.85,172.51,176.98,194.32,,177.65,172.51,177.08,194.52,,1,,0.0,0.0,0,NONE
2026-09-18T15:53:02.089+00:00,1426.515,routine,Adaptive thermal response carryover,duty,550,282.2,172.62,inkbird_lowest_internal,,1,87,177.94,172.62,177.02,194.34,,177.74,172.62,177.12,194.54,,1,,0.0,0.0,0,NONE
2026-09-18T15:53:03.089+00:00,1427.515,routine,Adaptive thermal response carryover,duty,550,282.2,172.62,inkbird_lowest_internal,,1,87,177.94,172.62,177.02,194.34,,177.74,172.62,177.12,194.54,,1,,0.0,0.0,0,NONE
2026-09-18T15:53:04.089+00:00,1428.515,routine,Adaptive thermal response carryover,duty,550,281.8,172.62,inkbird_lowest_internal,,1,87,178.0,172.62,177.15,194.34,,177.8,172.62,177.25,194.54,,1,,0.0,0.0,0,NONE
2026-09-18T15:53:04.589+00:00,1429.015,routine,Adaptive thermal response carryover,duty,550,281.3,172.62,inkbird_lowest_internal,,1,87,178.0,172.62,177.15,194.34,,177.8,172.62,177.25,194.54,,1,,0.0,0.0,0,NONE
2026-09-18T15:53:05.589+00:00,1430.015,routine,Adaptive thermal response carryover,duty,550,281.3,172.79,inkbird_lowest_internal,,1,87,178.12,172.79,177.24,194.34,,177.92,172.79,177.34,194.54,,1,,0.0,0.0,0,NONE
2026-09-18T15:53:06.589+00:00,1431.015,routine,Adaptive thermal response carryover,duty,550,281.8,172.79,inkbird_lowest_internal,,1,87,178.12,172.79,177.24,194.34,,177.92,172.79,177.34,194.54,,1,,0.0,0.0,0,NONE
2026-09-18T15:53:07.589+00:00,1432.015,routine,Adaptive thermal response carryover,duty,550,280.9,172.92,inkbird_lowest_internal,,1,87,178.22,172.92,177.28,194.36,,178.02,172.92,177.38,194.56,,1,,0.0,0.0,0,NONE
2026-09-18T15:53:08.589+00:00,1433.015,routine,Adaptive thermal response carryover,duty,550,280.4,172.92,inkbird_lowest_internal,,1,87,178.22,172.92,177.28,194.36,,178.02,172.92,177.38,194.56,,1,,0.0,0.0,0,NONE
2026-09-18T15:53:09.589+00:00,1434.015,routine,Adaptive thermal response carryover,duty,550,280.0,173.04,inkbird_lowest_internal,,1,87,178.32,173.04,177.38,194.35,,178.12,173.04,177.48,194.55,,1,,0.0,0.0,0,NONE
2026-09-18T15:53:10.589+00:00,1435.015,routine,Adaptive thermal response carryover,duty,550,279.5,173.04,inkbird_lowest_internal,,1,87,178.32,173.04,177.38,194.35,,178.12,173.04,177.48,194.55,,1,,0.0,0.0,0,NONE
2026-09-18T15:53:11.589+00:00,1436.015,routine,Adaptive thermal response carryover,duty,550,279.5,173.15,inkbird_lowest_internal,,1,87,178.36,173.15,177.42,194.37,,178.16,173.15,177.52,194.57,,1,,0.0,0.0,0,NONE
2026-09-18T15:53:12.589+00:00,1437.015,routine,Adaptive thermal response carryover,duty,550,278.6,173.15,inkbird_lowest_internal,,1,87,178.36,173.15,177.42,194.37,,178.16,173.15,177.52,194.57,,1,,0.0,0.0,0,NONE
2026-09-18T15:53:13.588+00:00,1438.014,routine,Adaptive thermal response carryover,duty,550,278.6,173.26,inkbird_lowest_internal,,1,87,178.49,173.26,177.54,194.36,,178.29,173.26,177.64,194.56,,1,,0.0,0.0,0,NONE
2026-09-18T15:53:14.588+00:00,1439.014,routine,Adaptive thermal response carryover,duty,550,278.1,173.26,inkbird_lowest_internal,,1,87,178.49,173.26,177.54,194.36,,178.29,173.26,177.64,194.56,,1,,0.0,0.0,0,NONE
2026-09-18T15:53:15.588+00:00,1440.014,routine,Adaptive thermal response carryover,duty,550,277.7,173.26,inkbird_lowest_internal,,1,87,178.6,173.26,177.54,194.36,,178.4,173.26,177.64,194.56,,1,,0.0,0.0,0,NONE
2026-09-18T15:53:16.588+00:00,1441.014,routine,Adaptive thermal response carryover,duty,550,284.9,173.26,inkbird_lowest_internal,,1,87,178.6,173.26,177.54,194.36,,178.4,173.26,177.64,194.56,,1,,0.0,0.0,0,NONE
2026-09-18T15:53:17.588+00:00,1442.014,routine,Adaptive thermal response carryover,duty,550,276.8,173.42,inkbird_lowest_internal,,1,87,178.7,173.42,177.68,194.37,,178.5,173.42,177.78,194.57,,1,,0.0,0.0,0,NONE
2026-09-18T15:53:18.588+00:00,1443.014,routine,Adaptive thermal response carryover,duty,550,276.4,173.42,inkbird_lowest_internal,,1,87,178.7,173.42,177.68,194.37,,178.5,173.42,177.78,194.57,,1,,0.0,0.0,0,NONE
2026-09-18T15:53:19.589+00:00,1444.015,routine,Adaptive thermal response carryover,duty,550,277.3,173.54,inkbird_lowest_internal,,1,87,178.74,173.54,177.79,194.38,,178.54,173.54,177.89,194.58,,1,,0.0,0.0,0,NONE
2026-09-18T15:53:20.588+00:00,1445.014,routine,Adaptive thermal response carryover,duty,550,275.9,173.54,inkbird_lowest_internal,,1,87,178.74,173.54,177.79,194.38,,178.54,173.54,177.89,194.58,,1,,0.0,0.0,0,NONE
2026-09-18T15:53:21.588+00:00,1446.014,routine,Adaptive thermal response carryover,duty,550,283.1,173.54,inkbird_lowest_internal,,1,87,178.86,173.54,177.79,194.38,,178.66,173.54,177.89,194.58,,1,,0.0,0.0,0,NONE
2026-09-18T15:53:22.588+00:00,1447.014,routine,Adaptive thermal response carryover,duty,550,275.9,173.54,inkbird_lowest_internal,,1,87,178.86,173.54,177.79,194.38,,178.66,173.54,177.89,194.58,,1,,0.0,0.0,0,NONE
2026-09-18T15:53:23.588+00:00,1448.014,routine,Adaptive thermal response carryover,duty,550,275.5,173.7,inkbird_lowest_internal,,1,87,178.95,173.7,177.93,194.37,,178.75,173.7,178.03,194.57,,1,,0.0,0.0,0,NONE
2026-09-18T15:53:24.588+00:00,1449.014,routine,Adaptive thermal response carryover,duty,550,275.9,173.7,inkbird_lowest_internal,,1,87,178.95,173.7,177.93,194.37,,178.75,173.7,178.03,194.57,,1,,0.0,0.0,0,NONE
2026-09-18T15:53:25.588+00:00,1450.014,routine,Adaptive thermal response carryover,duty,550,281.3,173.83,inkbird_lowest_internal,,1,87,179.0,173.83,178.04,194.34,,178.8,173.83,178.14,194.54,,1,,0.0,0.0,0,NONE
2026-09-18T15:53:26.588+00:00,1451.014,routine,Adaptive thermal response carryover,duty,550,274.1,173.83,inkbird_lowest_internal,,1,87,179.0,173.83,178.04,194.34,,178.8,173.83,178.14,194.54,,1,,0.0,0.0,0,NONE
2026-09-18T15:53:27.588+00:00,1452.014,routine,Adaptive thermal response carryover,duty,550,274.5,173.96,inkbird_lowest_internal,,1,87,179.12,173.96,178.13,194.38,,178.92,173.96,178.23,194.58,,1,,0.0,0.0,0,NONE
2026-09-18T15:53:28.588+00:00,1453.014,routine,Adaptive thermal response carryover,duty,550,273.6,173.96,inkbird_lowest_internal,,1,87,179.12,173.96,178.13,194.38,,178.92,173.96,178.23,194.58,,1,,0.0,0.0,0,NONE
2026-09-18T15:53:29.588+00:00,1454.014,routine,Adaptive thermal response carryover,duty,550,273.6,174.06,inkbird_lowest_internal,,1,87,179.21,174.06,178.17,194.37,,179.01,174.06,178.27,194.57,,1,,0.0,0.0,0,NONE
2026-09-18T15:53:30.089+00:00,1454.515,routine,Adaptive thermal response carryover,duty,550,276.8,174.06,inkbird_lowest_internal,,1,87,179.21,174.06,178.17,194.37,,179.01,174.06,178.27,194.57,,1,,0.0,0.0,0,NONE
2026-09-18T15:53:31.088+00:00,1455.514,routine,Adaptive thermal response carryover,duty,550,272.8,174.06,inkbird_lowest_internal,,1,87,179.21,174.06,178.17,194.37,,179.01,174.06,178.27,194.57,,1,,0.0,0.0,0,NONE
2026-09-18T15:53:32.088+00:00,1456.514,routine,Adaptive thermal response carryover,duty,550,272.3,174.06,inkbird_lowest_internal,,1,87,179.26,174.06,178.28,194.37,,179.06,174.06,178.38,194.57,,1,,0.0,0.0,0,NONE
2026-09-18T15:53:33.088+00:00,1457.514,routine,Adaptive thermal response carryover,duty,550,272.3,174.06,inkbird_lowest_internal,,1,87,179.26,174.06,178.28,194.37,,179.06,174.06,178.38,194.57,,1,,0.0,0.0,0,NONE
2026-09-18T15:53:34.088+00:00,1458.514,routine,Adaptive thermal response carryover,duty,550,271.4,174.21,inkbird_lowest_internal,,1,87,179.38,174.21,178.37,194.37,,179.18,174.21,178.47,194.57,,1,,0.0,0.0,0,NONE
2026-09-18T15:53:35.088+00:00,1459.514,routine,Adaptive thermal response carryover,duty,550,271.9,174.21,inkbird_lowest_internal,,1,87,179.38,174.21,178.37,194.37,,179.18,174.21,178.47,194.57,,1,,0.0,0.0,0,NONE
2026-09-18T15:53:36.088+00:00,1460.514,routine,Adaptive thermal response carryover,duty,550,271.9,174.34,inkbird_lowest_internal,,1,87,179.47,174.34,178.4,194.38,,179.27,174.34,178.5,194.58,,1,,0.0,0.0,0,NONE
2026-09-18T15:53:36.588+00:00,1461.014,routine,Adaptive thermal response carryover,duty,550,271.4,174.34,inkbird_lowest_internal,,1,87,179.47,174.34,178.4,194.38,,179.27,174.34,178.5,194.58,,1,,0.0,0.0,0,NONE
2026-09-18T15:53:37.588+00:00,1462.014,routine,Adaptive thermal response carryover,duty,550,278.6,174.34,inkbird_lowest_internal,,1,87,179.51,174.34,178.5,194.38,,179.31,174.34,178.6,194.58,,1,,0.0,0.0,0,NONE
2026-09-18T15:53:38.588+00:00,1463.014,routine,Adaptive thermal response carryover,duty,550,274.1,174.34,inkbird_lowest_internal,,1,87,179.51,174.34,178.5,194.38,,179.31,174.34,178.6,194.58,,1,,0.0,0.0,0,NONE
2026-09-18T15:53:39.588+00:00,1464.014,routine,Adaptive thermal response carryover,duty,550,271.0,174.49,inkbird_lowest_internal,,1,87,179.61,174.49,178.59,194.38,,179.41,174.49,178.69,194.58,,1,,0.0,0.0,0,NONE
2026-09-18T15:53:40.588+00:00,1465.014,routine,Adaptive thermal response carryover,duty,550,271.0,174.49,inkbird_lowest_internal,,1,87,179.61,174.49,178.59,194.38,,179.41,174.49,178.69,194.58,,1,,0.0,0.0,0,NONE
2026-09-18T15:53:41.088+00:00,1465.514,routine,Adaptive thermal response carryover,duty,550,269.6,174.49,inkbird_lowest_internal,,1,87,179.61,174.49,178.59,194.38,,179.41,174.49,178.69,194.58,,1,,0.0,0.0,0,NONE
2026-09-18T15:53:42.088+00:00,1466.514,routine,Adaptive thermal response carryover,duty,550,271.4,174.62,inkbird_lowest_internal,,1,87,179.71,174.62,178.62,194.38,,179.51,174.62,178.72,194.58,,1,,0.0,0.0,0,NONE
2026-09-18T15:53:42.588+00:00,1467.014,routine,Adaptive thermal response carryover,duty,550,277.3,174.62,inkbird_lowest_internal,,1,87,179.71,174.62,178.62,194.38,,179.51,174.62,178.72,194.58,,1,,0.0,0.0,0,NONE
2026-09-18T15:53:43.088+00:00,1467.514,routine,Adaptive thermal response carryover,duty,550,270.5,174.62,inkbird_lowest_internal,,1,87,179.71,174.62,178.62,194.38,,179.51,174.62,178.72,194.58,,1,,0.0,0.0,0,NONE
2026-09-18T15:53:44.088+00:00,1468.514,routine,Adaptive thermal response carryover,duty,550,269.6,174.73,inkbird_lowest_internal,,1,87,179.79,174.73,178.73,194.37,,179.59,174.73,178.83,194.57,,1,,0.0,0.0,0,NONE
2026-09-18T15:53:45.088+00:00,1469.514,routine,Adaptive thermal response carryover,duty,550,269.6,174.73,inkbird_lowest_internal,,1,87,179.79,174.73,178.73,194.37,,179.59,174.73,178.83,194.57,,1,,0.0,0.0,0,NONE
2026-09-18T15:53:45.588+00:00,1470.014,routine,Adaptive thermal response carryover,duty,550,269.1,174.73,inkbird_lowest_internal,,1,87,179.82,174.73,178.81,194.37,,179.62,174.73,178.91,194.57,,1,,0.0,0.0,0,NONE
2026-09-18T15:53:46.588+00:00,1471.014,routine,Adaptive thermal response carryover,duty,550,273.6,174.73,inkbird_lowest_internal,,1,87,179.82,174.73,178.81,194.37,,179.62,174.73,178.91,194.57,,1,,0.0,0.0,0,NONE
2026-09-18T15:53:47.587+00:00,1472.014,routine,Adaptive thermal response carryover,duty,550,271.0,174.88,inkbird_lowest_internal,,1,87,179.92,174.88,178.85,194.39,,179.72,174.88,178.95,194.59,,1,,0.0,0.0,0,NONE
2026-09-18T15:53:48.587+00:00,1473.013,routine,Adaptive thermal response carryover,duty,550,267.8,174.88,inkbird_lowest_internal,,1,87,179.92,174.88,178.85,194.39,,179.72,174.88,178.95,194.59,,1,,0.0,0.0,0,NONE
2026-09-18T15:53:49.087+00:00,1473.514,routine,Adaptive thermal response carryover,duty,550,268.3,174.88,inkbird_lowest_internal,,1,87,179.92,174.88,178.85,194.39,,179.72,174.88,178.95,194.59,,1,,0.0,0.0,0,NONE
2026-09-18T15:53:50.087+00:00,1474.513,routine,Adaptive thermal response carryover,duty,550,267.8,174.99,inkbird_lowest_internal,,1,87,180.01,174.99,178.94,194.39,,179.81,174.99,179.04,194.59,,1,,0.0,0.0,0,NONE
2026-09-18T15:53:51.087+00:00,1475.513,routine,Adaptive thermal response carryover,duty,550,267.8,174.99,inkbird_lowest_internal,,1,87,180.01,174.99,178.94,194.39,,179.81,174.99,179.04,194.59,,1,,0.0,0.0,0,NONE
2026-09-18T15:53:52.087+00:00,1476.513,routine,Adaptive thermal response carryover,duty,550,266.9,174.99,inkbird_lowest_internal,,1,87,180.04,174.99,178.97,194.39,,179.84,174.99,179.07,194.59,,1,,0.0,0.0,0,NONE
2026-09-18T15:53:53.087+00:00,1477.513,routine,Adaptive thermal response carryover,duty,550,267.8,174.99,inkbird_lowest_internal,,1,87,180.04,174.99,178.97,194.39,,179.84,174.99,179.07,194.59,,1,,0.0,0.0,0,NONE
2026-09-18T15:53:54.087+00:00,1478.513,routine,Adaptive thermal response carryover,duty,550,266.9,175.13,inkbird_lowest_internal,,1,87,180.15,175.13,179.06,194.39,,179.95,175.13,179.16,194.59,,1,,0.0,0.0,0,NONE
2026-09-18T15:53:54.587+00:00,1479.013,routine,Adaptive thermal response carryover,duty,550,266.9,175.13,inkbird_lowest_internal,,1,87,180.15,175.13,179.06,194.39,,179.95,175.13,179.16,194.59,,1,,0.0,0.0,0,NONE
2026-09-18T15:53:55.087+00:00,1479.513,routine,Adaptive thermal response carryover,duty,550,266.9,175.13,inkbird_lowest_internal,,1,87,180.15,175.13,179.06,194.39,,179.95,175.13,179.16,194.59,,1,,0.0,0.0,0,NONE
2026-09-18T15:53:56.088+00:00,1480.514,routine,Adaptive thermal response carryover,duty,550,266.5,175.26,inkbird_lowest_internal,,1,87,180.23,175.26,179.12,194.39,,180.03,175.26,179.22,194.59,,1,,0.0,0.0,0,NONE
2026-09-18T15:53:57.087+00:00,1481.513,routine,Adaptive thermal response carryover,duty,550,266.5,175.26,inkbird_lowest_internal,,1,87,180.23,175.26,179.12,194.39,,180.03,175.26,179.22,194.59,,1,,0.0,0.0,0,NONE
2026-09-18T15:53:57.587+00:00,1482.013,routine,Adaptive thermal response carryover,duty,550,266.5,175.26,inkbird_lowest_internal,,1,87,180.26,175.26,179.12,194.39,,180.06,175.26,179.22,194.59,,1,,0.0,0.0,0,NONE
2026-09-18T15:53:58.587+00:00,1483.013,routine,Adaptive thermal response carryover,duty,550,265.5,175.26,inkbird_lowest_internal,,1,87,180.26,175.26,179.12,194.39,,180.06,175.26,179.22,194.59,,1,,0.0,0.0,0,NONE
2026-09-18T15:53:59.587+00:00,1484.013,routine,Adaptive thermal response carryover,duty,550,265.5,175.4,inkbird_lowest_internal,,1,87,180.36,175.4,179.25,194.38,,180.16,175.4,179.35,194.58,,1,,0.0,0.0,0,NONE
2026-09-18T15:54:00.587+00:00,1485.013,routine,Adaptive thermal response carryover,duty,550,265.1,175.4,inkbird_lowest_internal,,1,87,180.36,175.4,179.25,194.38,,180.16,175.4,179.35,194.58,,1,,0.0,0.0,0,NONE
2026-09-18T15:54:01.587+00:00,1486.013,routine,Adaptive thermal response carryover,duty,550,264.6,175.52,inkbird_lowest_internal,,1,87,180.38,175.52,179.35,194.38,,180.18,175.52,179.45,194.58,,1,,0.0,0.0,0,NONE
2026-09-18T15:54:02.587+00:00,1487.013,routine,Adaptive thermal response carryover,duty,550,269.1,175.52,inkbird_lowest_internal,,1,87,180.38,175.52,179.35,194.38,,180.18,175.52,179.45,194.58,,1,,0.0,0.0,0,NONE
2026-09-18T15:54:03.587+00:00,1488.013,routine,Adaptive thermal response carryover,duty,550,271.4,175.52,inkbird_lowest_internal,,1,87,180.38,175.52,179.35,194.38,,180.18,175.52,179.45,194.58,,1,,0.0,0.0,0,NONE
2026-09-18T15:54:04.587+00:00,1489.013,routine,Adaptive thermal response carryover,duty,550,270.5,175.52,inkbird_lowest_internal,,1,87,180.38,175.52,179.35,194.38,,180.18,175.52,179.45,194.58,,1,,0.0,0.0,0,NONE
2026-09-18T15:54:05.587+00:00,1490.013,routine,Adaptive thermal response carryover,duty,550,263.8,175.65,inkbird_lowest_internal,,1,87,180.51,175.65,179.47,194.38,,180.31,175.65,179.57,194.58,,1,,0.0,0.0,0,NONE
2026-09-18T15:54:06.587+00:00,1491.013,routine,Adaptive thermal response carryover,duty,550,263.3,175.65,inkbird_lowest_internal,,1,87,180.51,175.65,179.47,194.38,,180.31,175.65,179.57,194.58,,1,,0.0,0.0,0,NONE
2026-09-18T15:54:07.087+00:00,1491.513,routine,Adaptive thermal response carryover,duty,550,271.0,175.65,inkbird_lowest_internal,,1,87,180.51,175.65,179.47,194.38,,180.31,175.65,179.57,194.58,,1,,0.0,0.0,0,NONE
2026-09-18T15:54:08.087+00:00,1492.513,routine,Adaptive thermal response carryover,duty,550,263.3,175.76,inkbird_lowest_internal,,1,87,180.61,175.76,179.56,194.38,,180.41,175.76,179.66,194.58,,1,,0.0,0.0,0,NONE
2026-09-18T15:54:08.587+00:00,1493.013,routine,Adaptive thermal response carryover,duty,550,263.8,175.76,inkbird_lowest_internal,,1,87,180.61,175.76,179.56,194.38,,180.41,175.76,179.66,194.58,,1,,0.0,0.0,0,NONE
2026-09-18T15:54:09.587+00:00,1494.013,routine,Adaptive thermal response carryover,duty,550,263.3,175.76,inkbird_lowest_internal,,1,87,180.63,175.76,179.58,194.38,,180.43,175.76,179.68,194.58,,1,,0.0,0.0,0,NONE
2026-09-18T15:54:10.587+00:00,1495.013,routine,Adaptive thermal response carryover,duty,550,263.3,175.76,inkbird_lowest_internal,,1,87,180.63,175.76,179.58,194.38,,180.43,175.76,179.68,194.58,,1,,0.0,0.0,0,NONE
2026-09-18T15:54:11.587+00:00,1496.013,routine,Adaptive thermal response carryover,duty,550,262.9,175.9,inkbird_lowest_internal,,1,87,180.73,175.9,179.69,194.37,,180.53,175.9,179.79,194.57,,1,,0.0,0.0,0,NONE
2026-09-18T15:54:12.587+00:00,1497.013,routine,Adaptive thermal response carryover,duty,550,262.0,175.9,inkbird_lowest_internal,,1,87,180.73,175.9,179.69,194.37,,180.53,175.9,179.79,194.57,,1,,0.0,0.0,0,NONE
2026-09-18T15:54:13.087+00:00,1497.513,routine,Adaptive thermal response carryover,duty,550,262.4,175.9,inkbird_lowest_internal,,1,87,180.73,175.9,179.69,194.37,,180.53,175.9,179.79,194.57,,1,,0.0,0.0,0,NONE
2026-09-18T15:54:14.087+00:00,1498.513,routine,Adaptive thermal response carryover,duty,550,262.0,176.01,inkbird_lowest_internal,,1,87,180.76,176.01,179.77,194.36,,180.56,176.01,179.87,194.56,,1,,0.0,0.0,0,NONE
2026-09-18T15:54:15.087+00:00,1499.513,routine,Adaptive thermal response carryover,duty,550,261.0,176.01,inkbird_lowest_internal,,1,87,180.76,176.01,179.77,194.36,,180.56,176.01,179.87,194.56,,1,,0.0,0.0,0,NONE
2026-09-18T15:54:16.087+00:00,1500.513,routine,Adaptive thermal response carryover,duty,550,261.5,176.01,inkbird_lowest_internal,,1,87,180.87,176.01,179.79,194.36,,180.67,176.01,179.89,194.56,,1,,0.0,0.0,0,NONE
2026-09-18T15:54:17.087+00:00,1501.513,routine,Adaptive thermal response carryover,duty,550,261.5,176.01,inkbird_lowest_internal,,1,87,180.87,176.01,179.79,194.36,,180.67,176.01,179.89,194.56,,1,,0.0,0.0,0,NONE
2026-09-18T15:54:18.087+00:00,1502.513,routine,Adaptive thermal response carryover,duty,550,260.6,176.14,inkbird_lowest_internal,,1,87,180.93,176.14,179.88,194.36,,180.73,176.14,179.98,194.56,,1,,0.0,0.0,0,NONE
2026-09-18T15:54:19.087+00:00,1503.513,routine,Adaptive thermal response carryover,duty,550,261.0,176.14,inkbird_lowest_internal,,1,87,180.93,176.14,179.88,194.36,,180.73,176.14,179.98,194.56,,1,,0.0,0.0,0,NONE
2026-09-18T15:54:20.087+00:00,1504.513,routine,Adaptive thermal response carryover,duty,550,266.5,176.25,inkbird_lowest_internal,,1,87,180.97,176.25,179.91,194.36,,180.77,176.25,180.01,194.56,,1,,0.0,0.0,0,NONE
2026-09-18T15:54:21.086+00:00,1505.513,routine,Adaptive thermal response carryover,duty,550,260.1,176.25,inkbird_lowest_internal,,1,87,180.97,176.25,179.91,194.36,,180.77,176.25,180.01,194.56,,1,,0.0,0.0,0,NONE
2026-09-18T15:54:22.087+00:00,1506.513,routine,Adaptive thermal response carryover,duty,550,260.1,176.25,inkbird_lowest_internal,,1,87,180.97,176.25,179.91,194.36,,180.77,176.25,180.01,194.56,,1,,0.0,0.0,0,NONE
2026-09-18T15:54:23.086+00:00,1507.512,routine,Adaptive thermal response carryover,duty,550,261.0,176.25,inkbird_lowest_internal,,1,87,180.97,176.25,179.91,194.36,,180.77,176.25,180.01,194.56,,1,,0.0,0.0,0,NONE
2026-09-18T15:54:24.086+00:00,1508.512,routine,Adaptive thermal response carryover,duty,550,259.7,176.39,inkbird_lowest_internal,,1,87,181.07,176.39,180.03,194.35,,180.87,176.39,180.13,194.55,,1,,0.0,0.0,0,NONE
2026-09-18T15:54:25.086+00:00,1509.512,routine,Adaptive thermal response carryover,duty,550,259.7,176.39,inkbird_lowest_internal,,1,87,181.07,176.39,180.03,194.35,,180.87,176.39,180.13,194.55,,1,,0.0,0.0,0,NONE
2026-09-18T15:54:26.086+00:00,1510.512,routine,Adaptive thermal response carryover,duty,550,259.7,176.49,inkbird_lowest_internal,,1,87,181.1,176.49,180.12,194.34,,180.9,176.49,180.22,194.54,,1,,0.0,0.0,0,NONE
2026-09-18T15:54:27.086+00:00,1511.512,routine,Adaptive thermal response carryover,duty,550,260.6,176.49,inkbird_lowest_internal,,1,87,181.1,176.49,180.12,194.34,,180.9,176.49,180.22,194.54,,1,,0.0,0.0,0,NONE
2026-09-18T15:54:27.586+00:00,1512.012,routine,Adaptive thermal response carryover,duty,550,257.5,176.59,inkbird_lowest_internal,,1,87,181.19,176.59,180.16,194.34,,180.99,176.59,180.26,194.54,,1,,0.0,0.0,0,NONE
2026-09-18T15:54:28.586+00:00,1513.012,routine,Adaptive thermal response carryover,duty,550,259.3,176.59,inkbird_lowest_internal,,1,87,181.19,176.59,180.16,194.34,,180.99,176.59,180.26,194.54,,1,,0.0,0.0,0,NONE
2026-09-18T15:54:29.586+00:00,1514.012,routine,Adaptive thermal response carryover,duty,550,258.8,176.59,inkbird_lowest_internal,,1,87,181.21,176.59,180.16,194.34,,181.01,176.59,180.26,194.54,,1,,0.0,0.0,0,NONE
2026-09-18T15:54:30.586+00:00,1515.012,routine,Adaptive thermal response carryover,duty,550,258.4,176.59,inkbird_lowest_internal,,1,87,181.21,176.59,180.16,194.34,,181.01,176.59,180.26,194.54,,1,,0.0,0.0,0,NONE
2026-09-18T15:54:31.586+00:00,1516.012,routine,Adaptive thermal response carryover,duty,550,257.5,176.7,inkbird_lowest_internal,,1,87,181.29,176.7,180.27,194.32,,181.09,176.7,180.37,194.52,,1,,0.0,0.0,0,NONE
2026-09-18T15:54:32.586+00:00,1517.012,routine,Adaptive thermal response carryover,duty,550,261.0,176.7,inkbird_lowest_internal,,1,87,181.29,176.7,180.27,194.32,,181.09,176.7,180.37,194.52,,1,,0.0,0.0,0,NONE
2026-09-18T15:54:33.586+00:00,1518.012,routine,Adaptive thermal response carryover,duty,550,257.0,176.7,inkbird_lowest_internal,,1,87,181.32,176.7,180.27,194.32,,181.12,176.7,180.37,194.52,,1,,0.0,0.0,0,NONE
2026-09-18T15:54:34.586+00:00,1519.012,routine,Adaptive thermal response carryover,duty,550,257.5,176.7,inkbird_lowest_internal,,1,87,181.32,176.7,180.27,194.32,,181.12,176.7,180.37,194.52,,1,,0.0,0.0,0,NONE
2026-09-18T15:54:35.586+00:00,1520.012,routine,Adaptive thermal response carryover,duty,550,259.7,176.85,inkbird_lowest_internal,,1,87,181.4,176.85,180.38,194.31,,181.2,176.85,180.48,194.51,,1,,0.0,0.0,0,NONE
2026-09-18T15:54:36.586+00:00,1521.012,routine,Adaptive thermal response carryover,duty,550,257.0,176.85,inkbird_lowest_internal,,1,87,181.4,176.85,180.38,194.31,,181.2,176.85,180.48,194.51,,1,,0.0,0.0,0,NONE
2026-09-18T15:54:37.087+00:00,1521.513,routine,Adaptive thermal response carryover,duty,550,256.1,176.85,inkbird_lowest_internal,,1,87,181.42,176.85,180.38,194.31,,181.22,176.85,180.48,194.51,,1,,0.0,0.0,0,NONE
2026-09-18T15:54:38.086+00:00,1522.512,routine,Adaptive thermal response carryover,duty,550,255.2,176.85,inkbird_lowest_internal,,1,87,181.42,176.85,180.38,194.31,,181.22,176.85,180.48,194.51,,1,,0.0,0.0,0,NONE
2026-09-18T15:54:39.086+00:00,1523.512,routine,Adaptive thermal response carryover,duty,550,255.2,176.98,inkbird_lowest_internal,,1,87,181.5,176.98,180.49,194.3,,181.3,176.98,180.59,194.5,,1,,0.0,0.0,0,NONE
2026-09-18T15:54:40.086+00:00,1524.512,routine,Adaptive thermal response carryover,duty,550,256.1,176.98,inkbird_lowest_internal,,1,87,181.5,176.98,180.49,194.3,,181.3,176.98,180.59,194.5,,1,,0.0,0.0,0,NONE
2026-09-18T15:54:41.086+00:00,1525.512,routine,Adaptive thermal response carryover,duty,550,255.2,177.08,inkbird_lowest_internal,,1,87,181.53,177.08,180.57,194.29,,181.33,177.08,180.67,194.49,,1,,0.0,0.0,0,NONE
2026-09-18T15:54:42.086+00:00,1526.512,routine,Adaptive thermal response carryover,duty,550,262.9,177.08,inkbird_lowest_internal,,1,87,181.53,177.08,180.57,194.29,,181.33,177.08,180.67,194.49,,1,,0.0,0.0,0,NONE
2026-09-18T15:54:43.086+00:00,1527.512,routine,Adaptive thermal response carryover,duty,550,256.5,177.08,inkbird_lowest_internal,,1,87,181.6,177.08,180.6,194.29,,181.4,177.08,180.7,194.49,,1,,0.0,0.0,0,NONE
2026-09-18T15:54:43.586+00:00,1528.012,routine,Adaptive thermal response carryover,duty,550,255.6,177.08,inkbird_lowest_internal,,1,87,181.6,177.08,180.6,194.29,,181.4,177.08,180.7,194.49,,1,,0.0,0.0,0,NONE
2026-09-18T15:54:44.586+00:00,1529.012,routine,Adaptive thermal response carryover,duty,550,255.2,177.08,inkbird_lowest_internal,,1,87,181.6,177.08,180.6,194.29,,181.4,177.08,180.7,194.49,,1,,0.0,0.0,0,NONE
2026-09-18T15:54:45.586+00:00,1530.012,routine,Adaptive thermal response carryover,duty,550,260.1,177.2,inkbird_lowest_internal,,1,87,181.63,177.2,180.69,194.29,,181.43,177.2,180.79,194.49,,1,,0.0,0.0,0,NONE
2026-09-18T15:54:46.586+00:00,1531.012,routine,Adaptive thermal response carryover,duty,550,254.8,177.2,inkbird_lowest_internal,,1,87,181.63,177.2,180.69,194.29,,181.43,177.2,180.79,194.49,,1,,0.0,0.0,0,NONE
2026-09-18T15:54:47.586+00:00,1532.012,routine,Adaptive thermal response carryover,duty,550,253.9,177.2,inkbird_lowest_internal,,1,87,181.65,177.2,180.73,194.29,,181.45,177.2,180.83,194.49,,1,,0.0,0.0,0,NONE
2026-09-18T15:54:48.086+00:00,1532.512,routine,Adaptive thermal response carryover,duty,550,254.3,177.2,inkbird_lowest_internal,,1,87,181.65,177.2,180.73,194.29,,181.45,177.2,180.83,194.49,,1,,0.0,0.0,0,NONE
2026-09-18T15:54:49.086+00:00,1533.512,routine,Adaptive thermal response carryover,duty,550,253.9,177.33,inkbird_lowest_internal,,1,87,181.73,177.33,180.81,194.25,,181.53,177.33,180.91,194.45,,1,,0.0,0.0,0,NONE
2026-09-18T15:54:49.586+00:00,1534.012,routine,Adaptive thermal response carryover,duty,550,252.1,177.33,inkbird_lowest_internal,,1,87,181.73,177.33,180.81,194.25,,181.53,177.33,180.91,194.45,,1,,0.0,0.0,0,NONE
2026-09-18T15:54:50.586+00:00,1535.012,routine,Adaptive thermal response carryover,duty,550,253.9,177.33,inkbird_lowest_internal,,1,87,181.73,177.33,180.81,194.25,,181.53,177.33,180.91,194.45,,1,,0.0,0.0,0,NONE
2026-09-18T15:54:51.586+00:00,1536.012,routine,Adaptive thermal response carryover,duty,550,252.5,177.33,inkbird_lowest_internal,,1,87,181.75,177.33,180.83,194.25,,181.55,177.33,180.93,194.45,,1,,0.0,0.0,0,NONE
2026-09-18T15:54:52.586+00:00,1537.012,routine,Adaptive thermal response carryover,duty,550,253.4,177.33,inkbird_lowest_internal,,1,87,181.75,177.33,180.83,194.25,,181.55,177.33,180.93,194.45,,1,,0.0,0.0,0,NONE
2026-09-18T15:54:53.586+00:00,1538.012,routine,Adaptive thermal response carryover,duty,550,252.9,177.46,inkbird_lowest_internal,,1,87,181.82,177.46,180.91,194.23,,181.62,177.46,181.01,194.43,,1,,0.0,0.0,0,NONE
2026-09-18T15:54:54.586+00:00,1539.012,routine,Adaptive thermal response carryover,duty,550,252.1,177.46,inkbird_lowest_internal,,1,87,181.82,177.46,180.91,194.23,,181.62,177.46,181.01,194.43,,1,,0.0,0.0,0,NONE
2026-09-18T15:54:55.086+00:00,1539.512,routine,Adaptive thermal response carryover,duty,550,259.7,177.46,inkbird_lowest_internal,,1,87,181.82,177.46,180.91,194.23,,181.62,177.46,181.01,194.43,,1,,0.0,0.0,0,NONE
2026-09-18T15:54:55.586+00:00,1540.012,routine,Adaptive thermal response carryover,duty,550,255.6,177.46,inkbird_lowest_internal,,1,87,181.82,177.46,180.91,194.23,,181.62,177.46,181.01,194.43,,1,,0.0,0.0,0,NONE
2026-09-18T15:54:56.585+00:00,1541.011,routine,Adaptive thermal response carryover,duty,550,257.9,177.46,inkbird_lowest_internal,,1,87,181.82,177.46,180.91,194.23,,181.62,177.46,181.01,194.43,,1,,0.0,0.0,0,NONE
2026-09-18T15:54:57.585+00:00,1542.011,routine,Adaptive thermal response carryover,duty,550,257.9,177.59,inkbird_lowest_internal,,1,87,181.86,177.59,180.95,194.22,,181.66,177.59,181.05,194.42,,1,,0.0,0.0,0,NONE
2026-09-18T15:54:58.586+00:00,1543.012,routine,Adaptive thermal response carryover,duty,550,251.6,177.59,inkbird_lowest_internal,,1,87,181.86,177.59,180.95,194.22,,181.66,177.59,181.05,194.42,,1,,0.0,0.0,0,NONE
2026-09-18T15:54:59.585+00:00,1544.011,routine,Adaptive thermal response carryover,duty,550,251.6,177.59,inkbird_lowest_internal,,1,87,181.86,177.59,180.95,194.22,,181.66,177.59,181.05,194.42,,1,,0.0,0.0,0,NONE
2026-09-18T15:55:00.585+00:00,1545.011,routine,Adaptive thermal response carryover,duty,550,250.3,177.59,inkbird_lowest_internal,,1,87,181.86,177.59,180.95,194.22,,181.66,177.59,181.05,194.42,,1,,0.0,0.0,0,NONE
2026-09-18T15:55:01.585+00:00,1546.011,routine,Adaptive thermal response carryover,duty,550,250.3,177.72,inkbird_lowest_internal,,1,87,181.96,177.72,181.06,194.22,,181.76,177.72,181.16,194.42,,1,,0.0,0.0,0,NONE
2026-09-18T15:55:02.585+00:00,1547.011,routine,Adaptive thermal response carryover,duty,550,250.7,177.72,inkbird_lowest_internal,,1,87,181.96,177.72,181.06,194.22,,181.76,177.72,181.16,194.42,,1,,0.0,0.0,0,NONE
2026-09-18T15:55:03.585+00:00,1548.011,routine,Adaptive thermal response carryover,duty,550,250.3,177.72,inkbird_lowest_internal,,1,87,181.98,177.72,181.06,194.22,,181.78,177.72,181.16,194.42,,1,,0.0,0.0,0,NONE
2026-09-18T15:55:04.585+00:00,1549.011,routine,Adaptive thermal response carryover,duty,550,249.8,177.72,inkbird_lowest_internal,,1,87,181.98,177.72,181.06,194.22,,181.78,177.72,181.16,194.42,,1,,0.0,0.0,0,NONE
2026-09-18T15:55:05.585+00:00,1550.011,routine,Adaptive thermal response carryover,duty,550,249.8,177.83,inkbird_lowest_internal,,1,87,182.05,177.83,181.17,194.19,,181.85,177.83,181.27,194.39,,1,,0.0,0.0,0,NONE
2026-09-18T15:55:06.588+00:00,1551.014,routine,Adaptive thermal response carryover,duty,550,250.3,177.83,inkbird_lowest_internal,,1,87,182.05,177.83,181.17,194.19,,181.85,177.83,181.27,194.39,,1,,0.0,0.0,0,NONE
2026-09-18T15:55:07.587+00:00,1552.013,routine,Adaptive thermal response carryover,duty,550,249.8,177.83,inkbird_lowest_internal,,1,87,182.05,177.83,181.17,194.19,,181.85,177.83,181.27,194.39,,1,,0.0,0.0,0,NONE
2026-09-18T15:55:08.586+00:00,1553.012,routine,Adaptive thermal response carryover,duty,550,249.8,177.83,inkbird_lowest_internal,,1,87,182.05,177.83,181.17,194.19,,181.85,177.83,181.27,194.39,,1,,0.0,0.0,0,NONE
2026-09-18T15:55:09.585+00:00,1554.011,routine,Adaptive thermal response carryover,duty,550,249.4,177.95,inkbird_lowest_internal,,1,87,182.09,177.95,181.26,194.13,,181.89,177.95,181.36,194.33,,1,,0.0,0.0,0,NONE
2026-09-18T15:55:10.585+00:00,1555.011,routine,Adaptive thermal response carryover,duty,550,249.4,177.95,inkbird_lowest_internal,,1,87,182.09,177.95,181.26,194.13,,181.89,177.95,181.36,194.33,,1,,0.0,0.0,0,NONE
2026-09-18T15:55:11.585+00:00,1556.011,routine,Adaptive thermal response carryover,duty,550,248.4,177.95,inkbird_lowest_internal,,1,87,182.16,177.95,181.28,194.13,,181.96,177.95,181.38,194.33,,1,,0.0,0.0,0,NONE
2026-09-18T15:55:12.585+00:00,1557.011,routine,Adaptive thermal response carryover,duty,550,249.4,177.95,inkbird_lowest_internal,,1,87,182.16,177.95,181.28,194.13,,181.96,177.95,181.38,194.33,,1,,0.0,0.0,0,NONE
2026-09-18T15:55:13.085+00:00,1557.511,routine,Adaptive thermal response carryover,duty,550,248.4,178.06,inkbird_lowest_internal,,1,87,182.18,178.06,181.37,194.11,,181.98,178.06,181.47,194.31,,1,,0.0,0.0,0,NONE
2026-09-18T15:55:13.585+00:00,1558.011,routine,Adaptive thermal response carryover,duty,550,248.0,178.06,inkbird_lowest_internal,,1,87,182.18,178.06,181.37,194.11,,181.98,178.06,181.47,194.31,,1,,0.0,0.0,0,NONE
2026-09-18T15:55:14.085+00:00,1558.511,routine,Adaptive thermal response carryover,duty,550,248.9,178.06,inkbird_lowest_internal,,1,87,182.18,178.06,181.37,194.11,,181.98,178.06,181.47,194.31,,1,,0.0,0.0,0,NONE
2026-09-18T15:55:14.588+00:00,1559.014,routine,Adaptive thermal response carryover,duty,550,248.0,178.06,inkbird_lowest_internal,,1,87,182.18,178.06,181.37,194.11,,181.98,178.06,181.47,194.31,,1,,0.0,0.0,0,NONE
2026-09-18T15:55:15.585+00:00,1560.011,routine,Adaptive thermal response carryover,duty,550,248.0,178.17,inkbird_lowest_internal,,1,87,182.2,178.17,181.38,194.11,,182.0,178.17,181.48,194.31,,1,,0.0,0.0,0,NONE
2026-09-18T15:55:16.585+00:00,1561.011,routine,Adaptive thermal response carryover,duty,550,246.6,178.17,inkbird_lowest_internal,,1,87,182.2,178.17,181.38,194.11,,182.0,178.17,181.48,194.31,,1,,0.0,0.0,0,NONE
2026-09-18T15:55:17.585+00:00,1562.011,routine,Adaptive thermal response carryover,duty,550,250.3,178.17,inkbird_lowest_internal,,1,87,182.27,178.17,181.41,194.11,,182.07,178.17,181.51,194.31,,1,,0.0,0.0,0,NONE
2026-09-18T15:55:18.585+00:00,1563.011,routine,Adaptive thermal response carryover,duty,550,248.0,178.17,inkbird_lowest_internal,,1,87,182.27,178.17,181.41,194.11,,182.07,178.17,181.51,194.31,,1,,0.0,0.0,0,NONE
2026-09-18T15:55:19.585+00:00,1564.011,routine,Adaptive thermal response carryover,duty,550,247.1,178.17,inkbird_lowest_internal,,1,87,182.27,178.17,181.41,194.11,,182.07,178.17,181.51,194.31,,1,,0.0,0.0,0,NONE
2026-09-18T15:55:20.585+00:00,1565.011,routine,Adaptive thermal response carryover,duty,550,247.6,178.17,inkbird_lowest_internal,,1,87,182.27,178.17,181.41,194.11,,182.07,178.17,181.51,194.31,,1,,0.0,0.0,0,NONE
2026-09-18T15:55:21.585+00:00,1566.011,routine,Adaptive thermal response carryover,duty,550,246.2,178.3,inkbird_lowest_internal,,1,87,182.31,178.3,181.52,194.09,,182.11,178.3,181.62,194.29,,1,,0.0,0.0,0,NONE
2026-09-18T15:55:22.585+00:00,1567.011,routine,Adaptive thermal response carryover,duty,550,246.2,178.3,inkbird_lowest_internal,,1,87,182.31,178.3,181.52,194.09,,182.11,178.3,181.62,194.29,,1,,0.0,0.0,0,NONE
2026-09-18T15:55:23.585+00:00,1568.011,routine,Adaptive thermal response carryover,duty,550,246.2,178.3,inkbird_lowest_internal,,1,87,182.31,178.3,181.52,194.09,,182.11,178.3,181.62,194.29,,1,,0.0,0.0,0,NONE
2026-09-18T15:55:24.585+00:00,1569.011,routine,Adaptive thermal response carryover,duty,550,251.6,178.3,inkbird_lowest_internal,,1,87,182.31,178.3,181.52,194.09,,182.11,178.3,181.62,194.29,,1,,0.0,0.0,0,NONE
2026-09-18T15:55:25.585+00:00,1570.011,routine,Adaptive thermal response carryover,duty,550,252.9,178.41,inkbird_lowest_internal,,1,87,182.37,178.41,181.61,194.01,,182.17,178.41,181.71,194.21,,1,,0.0,0.0,0,NONE
2026-09-18T15:55:26.085+00:00,1570.511,routine,Adaptive thermal response carryover,duty,550,244.9,178.41,inkbird_lowest_internal,,1,87,182.37,178.41,181.61,194.01,,182.17,178.41,181.71,194.21,,1,,0.0,0.0,0,NONE
2026-09-18T15:55:27.085+00:00,1571.511,routine,Adaptive thermal response carryover,duty,550,246.2,178.41,inkbird_lowest_internal,,1,87,182.4,178.41,181.63,194.01,,182.2,178.41,181.73,194.21,,1,,0.0,0.0,0,NONE
2026-09-18T15:55:28.085+00:00,1572.511,routine,Adaptive thermal response carryover,duty,550,249.4,178.41,inkbird_lowest_internal,,1,87,182.4,178.41,181.63,194.01,,182.2,178.41,181.73,194.21,,1,,0.0,0.0,0,NONE
2026-09-18T15:55:29.085+00:00,1573.511,routine,Adaptive thermal response carryover,duty,550,244.9,178.41,inkbird_lowest_internal,,1,87,182.41,178.41,181.63,194.01,,182.21,178.41,181.73,194.21,,1,,0.0,0.0,0,NONE
2026-09-18T15:55:30.084+00:00,1574.511,routine,Adaptive thermal response carryover,duty,550,249.8,178.41,inkbird_lowest_internal,,1,87,182.41,178.41,181.63,194.01,,182.21,178.41,181.73,194.21,,1,,0.0,0.0,0,NONE
2026-09-18T15:55:31.084+00:00,1575.510,routine,Adaptive thermal response carryover,duty,550,245.3,178.41,inkbird_lowest_internal,,1,87,182.41,178.41,181.63,194.01,,182.21,178.41,181.73,194.21,,1,,0.0,0.0,0,NONE
2026-09-18T15:55:32.084+00:00,1576.511,routine,Adaptive thermal response carryover,duty,550,244.9,178.54,inkbird_lowest_internal,,1,87,182.47,178.54,181.73,194.0,,182.27,178.54,181.83,194.2,,1,,0.0,0.0,0,NONE
2026-09-18T15:55:33.084+00:00,1577.510,routine,Adaptive thermal response carryover,duty,550,244.9,178.54,inkbird_lowest_internal,,1,87,182.48,178.54,181.74,193.97,,182.28,178.54,181.84,194.17,,1,,0.0,0.0,0,NONE
2026-09-18T15:55:34.084+00:00,1578.510,routine,Adaptive thermal response carryover,duty,550,245.3,178.54,inkbird_lowest_internal,,1,87,182.48,178.54,181.74,193.97,,182.28,178.54,181.84,194.17,,1,,0.0,0.0,0,NONE
2026-09-18T15:55:35.084+00:00,1579.510,routine,Adaptive thermal response carryover,duty,550,243.9,178.66,inkbird_lowest_internal,,1,87,182.5,178.66,181.82,193.92,,182.3,178.66,181.92,194.12,,1,,0.0,0.0,0,NONE
2026-09-18T15:55:36.084+00:00,1580.510,routine,Adaptive thermal response carryover,duty,550,243.9,178.66,inkbird_lowest_internal,,1,87,182.5,178.66,181.82,193.92,,182.3,178.66,181.92,194.12,,1,,0.0,0.0,0,NONE
2026-09-18T15:55:37.084+00:00,1581.510,routine,Adaptive thermal response carryover,duty,550,243.9,178.66,inkbird_lowest_internal,,1,87,182.51,178.66,181.82,193.92,,182.31,178.66,181.92,194.12,,1,,0.0,0.0,0,NONE
2026-09-18T15:55:37.584+00:00,1582.010,routine,Adaptive thermal response carryover,duty,550,243.9,178.66,inkbird_lowest_internal,,1,87,182.51,178.66,181.82,193.92,,182.31,178.66,181.92,194.12,,1,,0.0,0.0,0,NONE
2026-09-18T15:55:38.084+00:00,1582.510,routine,Adaptive thermal response carryover,duty,550,243.5,178.66,inkbird_lowest_internal,,1,87,182.51,178.66,181.82,193.92,,182.31,178.66,181.92,194.12,,1,,0.0,0.0,0,NONE
2026-09-18T15:55:39.084+00:00,1583.510,routine,Adaptive thermal response carryover,duty,550,243.5,178.77,inkbird_lowest_internal,,1,87,182.57,178.77,181.85,193.89,,182.37,178.77,181.95,194.09,,1,,0.0,0.0,0,NONE
2026-09-18T15:55:40.085+00:00,1584.511,routine,Adaptive thermal response carryover,duty,550,242.1,178.77,inkbird_lowest_internal,,1,87,182.57,178.77,181.85,193.89,,182.37,178.77,181.95,194.09,,1,,0.0,0.0,0,NONE
2026-09-18T15:55:41.084+00:00,1585.510,routine,Adaptive thermal response carryover,duty,550,243.1,178.77,inkbird_lowest_internal,,1,87,182.57,178.77,181.85,193.89,,182.37,178.77,181.95,194.09,,1,,0.0,0.0,0,NONE
2026-09-18T15:55:42.084+00:00,1586.510,routine,Adaptive thermal response carryover,duty,550,243.1,178.77,inkbird_lowest_internal,,1,87,182.57,178.77,181.85,193.89,,182.37,178.77,181.95,194.09,,1,,0.0,0.0,0,NONE
2026-09-18T15:55:43.084+00:00,1587.510,routine,Adaptive thermal response carryover,duty,550,242.6,178.87,inkbird_lowest_internal,,1,87,182.61,178.87,181.93,193.87,,182.41,178.87,182.03,194.07,,1,,0.0,0.0,0,NONE
2026-09-18T15:55:44.084+00:00,1588.510,routine,Adaptive thermal response carryover,duty,550,242.6,178.87,inkbird_lowest_internal,,1,87,182.61,178.87,181.93,193.87,,182.41,178.87,182.03,194.07,,1,,0.0,0.0,0,NONE
2026-09-18T15:55:45.084+00:00,1589.510,routine,Adaptive thermal response carryover,duty,550,242.6,178.87,inkbird_lowest_internal,,1,87,182.62,178.87,181.93,193.87,,182.42,178.87,182.03,194.07,,1,,0.0,0.0,0,NONE
2026-09-18T15:55:46.084+00:00,1590.510,routine,Adaptive thermal response carryover,duty,550,241.7,178.87,inkbird_lowest_internal,,1,87,182.62,178.87,181.93,193.87,,182.42,178.87,182.03,194.07,,1,,0.0,0.0,0,NONE
2026-09-18T15:55:47.084+00:00,1591.510,routine,Adaptive thermal response carryover,duty,550,241.7,178.87,inkbird_lowest_internal,,1,87,182.67,178.87,181.98,193.87,,182.47,178.87,182.08,194.07,,1,,0.0,0.0,0,NONE
2026-09-18T15:55:48.084+00:00,1592.510,routine,Adaptive thermal response carryover,duty,550,241.3,178.87,inkbird_lowest_internal,,1,87,182.67,178.87,181.98,193.87,,182.47,178.87,182.08,194.07,,1,,0.0,0.0,0,NONE
2026-09-18T15:55:49.084+00:00,1593.510,routine,Adaptive thermal response carryover,duty,550,242.1,178.98,inkbird_lowest_internal,,1,87,182.68,178.98,182.05,193.79,,182.48,178.98,182.15,193.99,,1,,0.0,0.0,0,NONE
2026-09-18T15:55:50.084+00:00,1594.510,routine,Adaptive thermal response carryover,duty,550,241.3,178.98,inkbird_lowest_internal,,1,87,182.68,178.98,182.05,193.79,,182.48,178.98,182.15,193.99,,1,,0.0,0.0,0,NONE
2026-09-18T15:55:50.584+00:00,1595.010,routine,Adaptive thermal response carryover,duty,550,241.7,178.98,inkbird_lowest_internal,,1,87,182.68,178.98,182.05,193.79,,182.48,178.98,182.15,193.99,,1,,0.0,0.0,0,NONE
2026-09-18T15:55:51.584+00:00,1596.010,routine,Adaptive thermal response carryover,duty,550,241.3,178.98,inkbird_lowest_internal,,1,87,182.68,178.98,182.05,193.79,,182.48,178.98,182.15,193.99,,1,,0.0,0.0,0,NONE
2026-09-18T15:55:52.084+00:00,1596.510,routine,Adaptive thermal response carryover,duty,550,241.3,178.98,inkbird_lowest_internal,,1,87,182.68,178.98,182.05,193.79,,182.48,178.98,182.15,193.99,,1,,0.0,0.0,0,NONE
2026-09-18T15:55:53.084+00:00,1597.510,routine,Adaptive thermal response carryover,duty,550,240.8,178.98,inkbird_lowest_internal,,1,87,182.7,178.98,182.08,193.79,,182.5,178.98,182.18,193.99,,1,,0.0,0.0,0,NONE
2026-09-18T15:55:53.584+00:00,1598.010,routine,Adaptive thermal response carryover,duty,550,240.4,178.98,inkbird_lowest_internal,,1,87,182.7,178.98,182.08,193.79,,182.5,178.98,182.18,193.99,,1,,0.0,0.0,0,NONE
2026-09-18T15:55:54.584+00:00,1599.010,routine,Adaptive thermal response carryover,duty,550,243.1,178.98,inkbird_lowest_internal,,1,87,182.7,178.98,182.08,193.79,,182.5,178.98,182.18,193.99,,1,,0.0,0.0,0,NONE
2026-09-18T15:55:55.584+00:00,1600.010,routine,Adaptive thermal response carryover,duty,550,240.4,179.1,inkbird_lowest_internal,,1,87,182.71,179.1,182.15,193.76,,182.51,179.1,182.25,193.96,,1,,0.0,0.0,0,NONE
2026-09-18T15:55:56.084+00:00,1600.510,routine,Adaptive thermal response carryover,duty,550,240.4,179.1,inkbird_lowest_internal,,1,87,182.71,179.1,182.15,193.76,,182.51,179.1,182.25,193.96,,1,,0.0,0.0,0,NONE
2026-09-18T15:55:57.084+00:00,1601.510,routine,Adaptive thermal response carryover,duty,550,239.9,179.1,inkbird_lowest_internal,,1,87,182.72,179.1,182.15,193.76,,182.52,179.1,182.25,193.96,,1,,0.0,0.0,0,NONE
2026-09-18T15:55:58.084+00:00,1602.510,routine,Adaptive thermal response carryover,duty,550,245.8,179.1,inkbird_lowest_internal,,1,87,182.72,179.1,182.15,193.76,,182.52,179.1,182.25,193.96,,1,,0.0,0.0,0,NONE
2026-09-18T15:55:59.084+00:00,1603.510,routine,Adaptive thermal response carryover,duty,550,239.0,179.2,inkbird_lowest_internal,,1,87,182.79,179.2,182.17,193.69,,182.59,179.2,182.27,193.89,,1,,0.0,0.0,0,NONE
2026-09-18T15:55:59.584+00:00,1604.010,routine,Adaptive thermal response carryover,duty,550,239.4,179.2,inkbird_lowest_internal,,1,87,182.79,179.2,182.17,193.69,,182.59,179.2,182.27,193.89,,1,,0.0,0.0,0,NONE
2026-09-18T15:56:00.584+00:00,1605.010,routine,Adaptive thermal response carryover,duty,550,245.3,179.2,inkbird_lowest_internal,,1,87,182.79,179.2,182.17,193.69,,182.59,179.2,182.27,193.89,,1,,0.0,0.0,0,NONE
2026-09-18T15:56:01.084+00:00,1605.510,routine,Adaptive thermal response carryover,duty,550,239.4,179.2,inkbird_lowest_internal,,1,87,182.79,179.2,182.19,193.69,,182.59,179.2,182.29,193.89,,1,,0.0,0.0,0,NONE
2026-09-18T15:56:02.084+00:00,1606.510,routine,Adaptive thermal response carryover,duty,550,239.0,179.2,inkbird_lowest_internal,,1,87,182.79,179.2,182.19,193.69,,182.59,179.2,182.29,193.89,,1,,0.0,0.0,0,NONE
2026-09-18T15:56:03.084+00:00,1607.510,routine,Adaptive thermal response carryover,duty,550,243.1,179.2,inkbird_lowest_internal,,1,87,182.8,179.2,182.25,193.65,,182.6,179.2,182.35,193.85,,1,,0.0,0.0,0,NONE
2026-09-18T15:56:04.084+00:00,1608.510,routine,Adaptive thermal response carryover,duty,550,239.4,179.2,inkbird_lowest_internal,,1,87,182.8,179.2,182.25,193.65,,182.6,179.2,182.35,193.85,,1,,0.0,0.0,0,NONE
2026-09-18T15:56:05.083+00:00,1609.509,routine,Adaptive thermal response carryover,duty,550,243.5,179.31,inkbird_lowest_internal,,1,87,182.8,179.31,182.27,193.59,,182.6,179.31,182.37,193.79,,1,,0.0,0.0,0,NONE
2026-09-18T15:56:06.084+00:00,1610.510,routine,Adaptive thermal response carryover,duty,550,238.1,179.31,inkbird_lowest_internal,,1,87,182.8,179.31,182.27,193.59,,182.6,179.31,182.37,193.79,,1,,0.0,0.0,0,NONE
2026-09-18T15:56:07.083+00:00,1611.509,routine,Adaptive thermal response carryover,duty,550,238.1,179.31,inkbird_lowest_internal,,1,87,182.8,179.31,182.27,193.59,,182.6,179.31,182.37,193.79,,1,,0.0,0.0,0,NONE
2026-09-18T15:56:08.083+00:00,1612.509,routine,Adaptive thermal response carryover,duty,550,237.6,179.31,inkbird_lowest_internal,,1,87,182.8,179.31,182.27,193.59,,182.6,179.31,182.37,193.79,,1,,0.0,0.0,0,NONE
2026-09-18T15:56:09.083+00:00,1613.509,routine,Adaptive thermal response carryover,duty,550,238.1,179.42,inkbird_lowest_internal,,1,87,182.82,179.42,182.29,193.56,,182.62,179.42,182.39,193.76,,1,,0.0,0.0,0,NONE
2026-09-18T15:56:10.083+00:00,1614.509,routine,Adaptive thermal response carryover,duty,550,237.2,179.42,inkbird_lowest_internal,,1,87,182.82,179.42,182.29,193.56,,182.62,179.42,182.39,193.76,,1,,0.0,0.0,0,NONE
2026-09-18T15:56:11.083+00:00,1615.509,routine,Adaptive thermal response carryover,duty,550,237.6,179.42,inkbird_lowest_internal,,1,87,182.87,179.42,182.35,193.54,,182.67,179.42,182.45,193.74,,1,,0.0,0.0,0,NONE
2026-09-18T15:56:12.083+00:00,1616.509,routine,Adaptive thermal response carryover,duty,550,237.2,179.42,inkbird_lowest_internal,,1,87,182.87,179.42,182.35,193.54,,182.67,179.42,182.45,193.74,,1,,0.0,0.0,0,NONE
2026-09-18T15:56:13.083+00:00,1617.509,routine,Adaptive thermal response carryover,duty,550,243.9,179.42,inkbird_lowest_internal,,1,87,182.87,179.42,182.35,193.54,,182.67,179.42,182.45,193.74,,1,,0.0,0.0,0,NONE
2026-09-18T15:56:13.583+00:00,1618.009,routine,Adaptive thermal response carryover,duty,550,236.3,179.42,inkbird_lowest_internal,,1,87,182.87,179.42,182.35,193.54,,182.67,179.42,182.45,193.74,,1,,0.0,0.0,0,NONE
2026-09-18T15:56:14.583+00:00,1619.009,routine,Adaptive thermal response carryover,duty,550,236.3,179.42,inkbird_lowest_internal,,1,87,182.87,179.42,182.35,193.54,,182.67,179.42,182.45,193.74,,1,,0.0,0.0,0,NONE
2026-09-18T15:56:15.583+00:00,1620.009,routine,Adaptive thermal response carryover,duty,550,237.2,179.42,inkbird_lowest_internal,,1,87,182.87,179.42,182.35,193.54,,182.67,179.42,182.45,193.74,,1,,0.0,0.0,0,NONE
2026-09-18T15:56:16.583+00:00,1621.009,routine,Adaptive thermal response carryover,duty,550,237.6,179.42,inkbird_lowest_internal,,1,87,182.87,179.42,182.35,193.54,,182.67,179.42,182.45,193.74,,1,,0.0,0.0,0,NONE
2026-09-18T15:56:17.583+00:00,1622.009,routine,Adaptive thermal response carryover,duty,550,235.4,179.53,inkbird_lowest_internal,,1,87,182.89,179.53,182.39,193.44,,182.69,179.53,182.49,193.64,,1,,0.0,0.0,0,NONE
2026-09-18T15:56:18.583+00:00,1623.009,routine,Adaptive thermal response carryover,duty,550,236.3,179.53,inkbird_lowest_internal,,1,87,182.89,179.53,182.39,193.44,,182.69,179.53,182.49,193.64,,1,,0.0,0.0,0,NONE
2026-09-18T15:56:19.583+00:00,1624.009,routine,Adaptive thermal response carryover,duty,550,235.9,179.53,inkbird_lowest_internal,,1,87,182.9,179.53,182.45,193.43,,182.7,179.53,182.55,193.63,,1,,0.0,0.0,0,NONE
2026-09-18T15:56:20.083+00:00,1624.509,routine,Adaptive thermal response carryover,duty,550,235.9,179.53,inkbird_lowest_internal,,1,87,182.9,179.53,182.45,193.43,,182.7,179.53,182.55,193.63,,1,,0.0,0.0,0,NONE
2026-09-18T15:56:21.083+00:00,1625.509,routine,Adaptive thermal response carryover,duty,550,234.9,179.53,inkbird_lowest_internal,,1,87,182.9,179.53,182.45,193.43,,182.7,179.53,182.55,193.63,,1,,0.0,0.0,0,NONE
2026-09-18T15:56:22.083+00:00,1626.509,routine,Adaptive thermal response carryover,duty,550,235.9,179.53,inkbird_lowest_internal,,1,87,182.9,179.53,182.45,193.43,,182.7,179.53,182.55,193.63,,1,,0.0,0.0,0,NONE
2026-09-18T15:56:23.083+00:00,1627.509,routine,Adaptive thermal response carryover,duty,550,239.0,179.64,inkbird_lowest_internal,,1,87,182.91,179.64,182.47,193.34,,182.71,179.64,182.57,193.54,,1,,0.0,0.0,0,NONE
2026-09-18T15:56:24.083+00:00,1628.509,routine,Adaptive thermal response carryover,duty,550,236.3,179.64,inkbird_lowest_internal,,1,87,182.91,179.64,182.47,193.34,,182.71,179.64,182.57,193.54,,1,,0.0,0.0,0,NONE
2026-09-18T15:56:25.083+00:00,1629.509,routine,Adaptive thermal response carryover,duty,550,234.9,179.64,inkbird_lowest_internal,,1,87,182.92,179.64,182.48,193.32,,182.72,179.64,182.58,193.52,,1,,0.0,0.0,0,NONE
2026-09-18T15:56:26.083+00:00,1630.509,routine,Adaptive thermal response carryover,duty,550,234.5,179.64,inkbird_lowest_internal,,1,87,182.92,179.64,182.48,193.32,,182.72,179.64,182.58,193.52,,1,,0.0,0.0,0,NONE
2026-09-18T15:56:26.583+00:00,1631.009,routine,Adaptive thermal response carryover,duty,550,234.9,179.64,inkbird_lowest_internal,,1,87,182.92,179.64,182.48,193.32,,182.72,179.64,182.58,193.52,,1,,0.0,0.0,0,NONE
2026-09-18T15:56:27.083+00:00,1631.509,routine,Adaptive thermal response carryover,duty,550,241.7,179.64,inkbird_lowest_internal,,1,87,182.93,179.64,182.5,193.32,,182.73,179.64,182.6,193.52,,1,,0.0,0.0,0,NONE
2026-09-18T15:56:28.083+00:00,1632.509,routine,Adaptive thermal response carryover,duty,550,233.6,179.64,inkbird_lowest_internal,,1,87,182.93,179.64,182.5,193.32,,182.73,179.64,182.6,193.52,,1,,0.0,0.0,0,NONE
2026-09-18T15:56:29.083+00:00,1633.509,routine,Adaptive thermal response carryover,duty,550,233.6,179.64,inkbird_lowest_internal,,1,87,182.93,179.64,182.5,193.32,,182.73,179.64,182.6,193.52,,1,,0.0,0.0,0,NONE
2026-09-18T15:56:30.083+00:00,1634.509,routine,Adaptive thermal response carryover,duty,550,234.1,179.64,inkbird_lowest_internal,,1,87,182.93,179.64,182.5,193.32,,182.73,179.64,182.6,193.52,,1,,0.0,0.0,0,NONE
2026-09-18T15:56:31.083+00:00,1635.509,routine,Adaptive thermal response carryover,duty,550,233.1,179.75,inkbird_lowest_internal,,1,87,182.99,179.75,182.55,193.23,,182.79,179.75,182.65,193.43,,1,,0.0,0.0,0,NONE
2026-09-18T15:56:32.083+00:00,1636.509,routine,Adaptive thermal response carryover,duty,550,233.1,179.75,inkbird_lowest_internal,,1,87,182.99,179.75,182.55,193.23,,182.79,179.75,182.65,193.43,,1,,0.0,0.0,0,NONE
2026-09-18T15:56:33.083+00:00,1637.509,routine,Adaptive thermal response carryover,duty,550,233.6,179.75,inkbird_lowest_internal,,1,87,182.99,179.75,182.58,193.21,260.6,182.79,179.75,182.68,193.41,260.6,1,,0.0,0.0,0,NONE
2026-09-18T15:56:34.083+00:00,1638.509,routine,Adaptive thermal response carryover,duty,550,233.1,179.75,inkbird_lowest_internal,,1,87,182.99,179.75,182.58,193.21,260.6,182.79,179.75,182.68,193.41,260.6,1,,0.0,0.0,0,NONE
2026-09-18T15:56:35.083+00:00,1639.509,routine,Adaptive thermal response carryover,duty,550,234.1,179.75,inkbird_lowest_internal,,1,87,182.99,179.75,182.58,193.21,260.6,182.79,179.75,182.68,193.41,260.6,1,,0.0,0.0,0,NONE
2026-09-18T15:56:36.083+00:00,1640.509,routine,Adaptive thermal response carryover,duty,550,233.1,179.75,inkbird_lowest_internal,,1,87,182.99,179.75,182.58,193.21,260.6,182.79,179.75,182.68,193.41,260.6,1,,0.0,0.0,0,NONE
2026-09-18T15:56:37.083+00:00,1641.509,routine,Adaptive thermal response carryover,duty,550,233.1,179.75,inkbird_lowest_internal,,1,87,182.99,179.75,182.58,193.21,260.6,182.79,179.75,182.68,193.41,260.6,1,,0.0,0.0,0,NONE
2026-09-18T15:56:37.583+00:00,1642.009,routine,Adaptive thermal response carryover,duty,550,232.7,179.75,inkbird_lowest_internal,,1,87,182.99,179.75,182.58,193.21,260.6,182.79,179.75,182.68,193.41,260.6,1,,0.0,0.0,0,NONE
2026-09-18T15:56:38.583+00:00,1643.009,routine,Adaptive thermal response carryover,duty,550,232.3,179.75,inkbird_lowest_internal,,1,87,182.99,179.75,182.58,193.21,260.6,182.79,179.75,182.68,193.41,260.6,1,,0.0,0.0,0,NONE
2026-09-18T15:56:39.582+00:00,1644.008,routine,Adaptive thermal response carryover,duty,550,236.8,179.87,inkbird_lowest_internal,,1,87,182.99,179.87,182.6,193.1,260.6,182.79,179.87,182.7,193.3,260.6,1,,0.0,0.0,0,NONE
2026-09-18T15:56:40.082+00:00,1644.508,routine,Adaptive thermal response carryover,duty,550,232.7,179.87,inkbird_lowest_internal,,1,87,182.99,179.87,182.6,193.1,260.6,182.79,179.87,182.7,193.3,260.6,1,,0.0,0.0,0,NONE
2026-09-18T15:56:41.082+00:00,1645.508,routine,Adaptive thermal response carryover,duty,550,231.4,179.87,inkbird_lowest_internal,,1,87,182.99,179.87,182.6,193.1,260.6,182.79,179.87,182.7,193.3,260.6,1,,0.0,0.0,0,NONE
2026-09-18T15:56:42.082+00:00,1646.508,routine,Adaptive thermal response carryover,duty,550,231.8,179.87,inkbird_lowest_internal,,1,87,182.99,179.87,182.6,193.1,260.6,182.79,179.87,182.7,193.3,260.6,1,,0.0,0.0,0,NONE
2026-09-18T15:56:42.582+00:00,1647.008,routine,Adaptive thermal response carryover,duty,550,232.3,179.87,inkbird_lowest_internal,,1,87,182.99,179.87,182.6,193.1,260.6,182.79,179.87,182.7,193.3,260.6,1,,0.0,0.0,0,NONE
2026-09-18T15:56:43.582+00:00,1648.008,routine,Adaptive thermal response carryover,duty,550,235.9,179.87,inkbird_lowest_internal,,1,87,183.0,179.87,182.61,193.1,260.6,182.8,179.87,182.71,193.3,260.6,1,,0.0,0.0,0,NONE
2026-09-18T15:56:44.582+00:00,1649.008,routine,Adaptive thermal response carryover,duty,550,231.8,179.87,inkbird_lowest_internal,,1,87,183.0,179.87,182.61,193.1,260.6,182.8,179.87,182.71,193.3,260.6,1,,0.0,0.0,0,NONE
2026-09-18T15:56:45.582+00:00,1650.008,routine,Adaptive thermal response carryover,duty,550,231.8,179.87,inkbird_lowest_internal,,1,87,183.0,179.87,182.67,192.99,258.8,182.8,179.87,182.77,193.19,258.8,1,,0.0,0.0,0,NONE
2026-09-18T15:56:46.582+00:00,1651.008,routine,Adaptive thermal response carryover,duty,550,238.6,179.87,inkbird_lowest_internal,,1,87,183.0,179.87,182.67,192.99,258.8,182.8,179.87,182.77,193.19,258.8,1,,0.0,0.0,0,NONE
2026-09-18T15:56:47.082+00:00,1651.508,routine,Adaptive thermal response carryover,duty,550,231.8,179.87,inkbird_lowest_internal,,1,87,183.0,179.87,182.67,192.99,258.8,182.8,179.87,182.77,193.19,258.8,1,,0.0,0.0,0,NONE
2026-09-18T15:56:48.082+00:00,1652.508,routine,Adaptive thermal response carryover,duty,550,231.4,179.87,inkbird_lowest_internal,,1,87,183.0,179.87,182.67,192.99,258.8,182.8,179.87,182.77,193.19,258.8,1,,0.0,0.0,0,NONE
2026-09-18T15:56:49.082+00:00,1653.508,routine,Adaptive thermal response carryover,duty,550,235.4,179.99,inkbird_lowest_internal,,1,87,183.04,179.99,182.69,192.9,258.8,182.84,179.99,182.79,193.1,258.8,1,,0.0,0.0,0,NONE
2026-09-18T15:56:50.082+00:00,1654.508,routine,Adaptive thermal response carryover,duty,550,230.9,179.99,inkbird_lowest_internal,,1,87,183.04,179.99,182.69,192.9,258.8,182.84,179.99,182.79,193.1,258.8,1,,0.0,0.0,0,NONE
2026-09-18T15:56:50.582+00:00,1655.008,routine,Adaptive thermal response carryover,duty,550,230.4,179.99,inkbird_lowest_internal,,1,87,183.04,179.99,182.69,192.9,258.8,182.84,179.99,182.79,193.1,258.8,1,,0.0,0.0,0,NONE
2026-09-18T15:56:51.582+00:00,1656.008,routine,Adaptive thermal response carryover,duty,550,232.3,179.99,inkbird_lowest_internal,,1,87,183.04,179.99,182.7,192.87,258.8,182.84,179.99,182.8,193.07,258.8,1,,0.0,0.0,0,NONE
2026-09-18T15:56:52.582+00:00,1657.008,routine,Adaptive thermal response carryover,duty,550,232.7,179.99,inkbird_lowest_internal,,1,87,183.04,179.99,182.7,192.87,258.8,182.84,179.99,182.8,193.07,258.8,1,,0.0,0.0,0,NONE
2026-09-18T15:56:53.082+00:00,1657.508,routine,Adaptive thermal response carryover,duty,550,233.6,179.99,inkbird_lowest_internal,,1,87,183.04,179.99,182.7,192.87,257.0,182.84,179.99,182.8,193.07,257.0,1,,0.0,0.0,0,NONE
2026-09-18T15:56:54.082+00:00,1658.508,routine,Adaptive thermal response carryover,duty,550,233.1,179.99,inkbird_lowest_internal,,1,87,183.04,179.99,182.7,192.87,257.0,182.84,179.99,182.8,193.07,257.0,1,,0.0,0.0,0,NONE
2026-09-18T15:56:55.082+00:00,1659.508,routine,Adaptive thermal response carryover,duty,550,230.0,179.99,inkbird_lowest_internal,,1,87,183.04,179.99,182.7,192.87,257.0,182.84,179.99,182.8,193.07,257.0,1,,0.0,0.0,0,NONE
2026-09-18T15:56:56.082+00:00,1660.508,routine,Adaptive thermal response carryover,duty,550,230.0,179.99,inkbird_lowest_internal,,1,87,183.04,179.99,182.7,192.87,257.0,182.84,179.99,182.8,193.07,257.0,1,,0.0,0.0,0,NONE
2026-09-18T15:56:56.582+00:00,1661.008,routine,Adaptive thermal response carryover,duty,550,229.6,179.99,inkbird_lowest_internal,,1,87,183.04,179.99,182.7,192.87,257.0,182.84,179.99,182.8,193.07,257.0,1,,0.0,0.0,0,NONE
2026-09-18T15:56:57.582+00:00,1662.008,routine,Adaptive thermal response carryover,duty,550,228.6,179.99,inkbird_lowest_internal,,1,87,183.04,179.99,182.71,192.75,257.0,182.84,179.99,182.81,192.95,257.0,1,,0.0,0.0,0,NONE
2026-09-18T15:56:58.584+00:00,1663.010,routine,Adaptive thermal response carryover,duty,550,229.1,179.99,inkbird_lowest_internal,,1,87,183.04,179.99,182.71,192.75,257.0,182.84,179.99,182.81,192.95,257.0,1,,0.0,0.0,0,NONE
2026-09-18T15:56:59.582+00:00,1664.008,routine,Adaptive thermal response carryover,duty,550,227.8,179.99,inkbird_lowest_internal,,1,87,183.04,179.99,182.71,192.75,257.0,182.84,179.99,182.81,192.95,257.0,1,,0.0,0.0,0,NONE
2026-09-18T15:57:00.082+00:00,1664.508,routine,Adaptive thermal response carryover,duty,550,229.6,179.99,inkbird_lowest_internal,,1,87,183.04,179.99,182.71,192.75,257.0,182.84,179.99,182.81,192.95,257.0,1,,0.0,0.0,0,NONE
2026-09-18T15:57:01.082+00:00,1665.508,routine,Adaptive thermal response carryover,duty,550,229.1,179.99,inkbird_lowest_internal,,1,87,183.05,179.99,182.71,192.75,257.0,182.85,179.99,182.81,192.95,257.0,1,,0.0,0.0,0,NONE
2026-09-18T15:57:02.082+00:00,1666.508,routine,Adaptive thermal response carryover,duty,550,234.5,179.99,inkbird_lowest_internal,,1,87,183.05,179.99,182.71,192.75,257.0,182.85,179.99,182.81,192.95,257.0,1,,0.0,0.0,0,NONE
2026-09-18T15:57:02.582+00:00,1667.008,routine,Adaptive thermal response carryover,duty,550,228.6,179.99,inkbird_lowest_internal,,1,87,183.05,179.99,182.71,192.75,257.0,182.85,179.99,182.81,192.95,257.0,1,,0.0,0.0,0,NONE
2026-09-18T15:57:03.582+00:00,1668.008,routine,Adaptive thermal response carryover,duty,550,227.8,180.13,inkbird_lowest_internal,,1,87,183.05,180.13,182.76,192.63,257.0,182.85,180.13,182.86,192.83,257.0,1,,0.0,0.0,0,NONE
2026-09-18T15:57:04.582+00:00,1669.008,routine,Adaptive thermal response carryover,duty,550,228.2,180.13,inkbird_lowest_internal,,1,87,183.05,180.13,182.76,192.63,257.0,182.85,180.13,182.86,192.83,257.0,1,,0.0,0.0,0,NONE
2026-09-18T15:57:05.582+00:00,1670.008,routine,Adaptive thermal response carryover,duty,550,228.6,180.13,inkbird_lowest_internal,,1,87,183.05,180.13,182.76,192.63,255.2,182.85,180.13,182.86,192.83,255.2,1,,0.0,0.0,0,NONE
2026-09-18T15:57:06.582+00:00,1671.008,routine,Adaptive thermal response carryover,duty,550,228.6,180.13,inkbird_lowest_internal,,1,87,183.05,180.13,182.76,192.63,255.2,182.85,180.13,182.86,192.83,255.2,1,,0.0,0.0,0,NONE
2026-09-18T15:57:07.582+00:00,1672.008,routine,Adaptive thermal response carryover,duty,550,227.3,180.13,inkbird_lowest_internal,,1,87,183.05,180.13,182.76,192.52,255.2,182.85,180.13,182.86,192.72,255.2,1,,0.0,0.0,0,NONE
2026-09-18T15:57:08.582+00:00,1673.008,routine,Adaptive thermal response carryover,duty,550,226.9,180.13,inkbird_lowest_internal,,1,87,183.05,180.13,182.76,192.52,255.2,182.85,180.13,182.86,192.72,255.2,1,,0.0,0.0,0,NONE
2026-09-18T15:57:09.582+00:00,1674.008,routine,Adaptive thermal response carryover,duty,550,227.8,180.13,inkbird_lowest_internal,,1,87,183.05,180.13,182.76,192.52,255.2,182.85,180.13,182.86,192.72,255.2,1,,0.0,0.0,0,NONE
2026-09-18T15:57:10.582+00:00,1675.008,routine,Adaptive thermal response carryover,duty,550,226.9,180.13,inkbird_lowest_internal,,1,87,183.05,180.13,182.76,192.52,255.2,182.85,180.13,182.86,192.72,255.2,1,,0.0,0.0,0,NONE
2026-09-18T15:57:11.082+00:00,1675.508,routine,Adaptive thermal response carryover,duty,550,227.3,180.13,inkbird_lowest_internal,,1,87,183.05,180.13,182.76,192.52,255.2,182.85,180.13,182.86,192.72,255.2,1,,0.0,0.0,0,NONE
2026-09-18T15:57:12.082+00:00,1676.508,routine,Adaptive thermal response carryover,duty,550,226.9,180.13,inkbird_lowest_internal,,1,87,183.05,180.13,182.76,192.52,255.2,182.85,180.13,182.86,192.72,255.2,1,,0.0,0.0,0,NONE
2026-09-18T15:57:13.081+00:00,1677.508,routine,Adaptive thermal response carryover,duty,550,227.3,180.13,inkbird_lowest_internal,,1,87,183.06,180.13,182.78,192.4,253.4,182.86,180.13,182.88,192.6,253.4,1,,0.0,0.0,0,NONE
2026-09-18T15:57:14.081+00:00,1678.507,routine,Adaptive thermal response carryover,duty,550,226.9,180.13,inkbird_lowest_internal,,1,87,183.06,180.13,182.78,192.4,253.4,182.86,180.13,182.88,192.6,253.4,1,,0.0,0.0,0,NONE
2026-09-18T15:57:14.581+00:00,1679.008,routine,Adaptive thermal response carryover,duty,550,227.3,180.13,inkbird_lowest_internal,,1,87,183.06,180.13,182.78,192.4,253.4,182.86,180.13,182.88,192.6,253.4,1,,0.0,0.0,0,NONE
2026-09-18T15:57:15.581+00:00,1680.007,routine,Adaptive thermal response carryover,duty,550,225.9,180.13,inkbird_lowest_internal,,1,87,183.06,180.13,182.78,192.4,253.4,182.86,180.13,182.88,192.6,253.4,1,,0.0,0.0,0,NONE
2026-09-18T15:57:16.581+00:00,1681.007,routine,Adaptive thermal response carryover,duty,550,226.9,180.13,inkbird_lowest_internal,,1,87,183.06,180.13,182.78,192.4,253.4,182.86,180.13,182.88,192.6,253.4,1,,0.0,0.0,0,NONE
2026-09-18T15:57:17.081+00:00,1681.507,routine,Adaptive thermal response carryover,duty,550,226.9,180.24,inkbird_lowest_internal,,1,87,183.06,180.24,182.78,192.28,253.4,182.86,180.24,182.88,192.48,253.4,1,,0.0,0.0,0,NONE
2026-09-18T15:57:18.081+00:00,1682.507,routine,Adaptive thermal response carryover,duty,550,226.4,180.24,inkbird_lowest_internal,,1,87,183.06,180.24,182.78,192.28,253.4,182.86,180.24,182.88,192.48,253.4,1,,0.0,0.0,0,NONE
2026-09-18T15:57:19.081+00:00,1683.507,routine,Adaptive thermal response carryover,duty,550,232.7,180.24,inkbird_lowest_internal,,1,87,183.06,180.24,182.78,192.28,253.4,182.86,180.24,182.88,192.48,253.4,1,,0.0,0.0,0,NONE
2026-09-18T15:57:20.081+00:00,1684.507,routine,Adaptive thermal response carryover,duty,550,226.4,180.24,inkbird_lowest_internal,,1,87,183.06,180.24,182.78,192.28,253.4,182.86,180.24,182.88,192.48,253.4,1,,0.0,0.0,0,NONE
2026-09-18T15:57:20.581+00:00,1685.007,routine,Adaptive thermal response carryover,duty,550,225.9,180.24,inkbird_lowest_internal,,1,87,183.06,180.24,182.78,192.28,253.4,182.86,180.24,182.88,192.48,253.4,1,,0.0,0.0,0,NONE
2026-09-18T15:57:21.581+00:00,1686.007,routine,Adaptive thermal response carryover,duty,550,225.9,180.24,inkbird_lowest_internal,,1,87,183.04,180.24,182.8,192.28,253.4,182.84,180.24,182.9,192.48,253.4,1,,0.0,0.0,0,NONE
2026-09-18T15:57:22.581+00:00,1687.007,routine,Adaptive thermal response carryover,duty,550,225.9,180.24,inkbird_lowest_internal,,1,87,183.04,180.24,182.8,192.28,253.4,182.84,180.24,182.9,192.48,253.4,1,,0.0,0.0,0,NONE
2026-09-18T15:57:23.581+00:00,1688.007,routine,Adaptive thermal response carryover,duty,550,225.5,180.24,inkbird_lowest_internal,,1,87,183.04,180.24,182.83,192.16,251.6,182.84,180.24,182.93,192.36,251.6,1,,0.0,0.0,0,NONE
2026-09-18T15:57:24.081+00:00,1688.507,routine,Adaptive thermal response carryover,duty,550,225.5,180.24,inkbird_lowest_internal,,1,87,183.04,180.24,182.83,192.16,251.6,182.84,180.24,182.93,192.36,251.6,1,,0.0,0.0,0,NONE
2026-09-18T15:57:25.081+00:00,1689.507,routine,Adaptive thermal response carryover,duty,550,231.4,180.24,inkbird_lowest_internal,,1,87,183.04,180.24,182.83,192.16,251.6,182.84,180.24,182.93,192.36,251.6,1,,0.0,0.0,0,NONE
2026-09-18T15:57:26.081+00:00,1690.507,routine,Adaptive thermal response carryover,duty,550,232.7,180.24,inkbird_lowest_internal,,1,87,183.04,180.24,182.83,192.16,251.6,182.84,180.24,182.93,192.36,251.6,1,,0.0,0.0,0,NONE
2026-09-18T15:57:27.081+00:00,1691.507,routine,Adaptive thermal response carryover,duty,550,224.6,180.24,inkbird_lowest_internal,,1,87,183.03,180.24,182.83,192.05,251.6,182.83,180.24,182.93,192.25,251.6,1,,0.0,0.0,0,NONE
2026-09-18T15:57:28.081+00:00,1692.507,routine,Adaptive thermal response carryover,duty,550,224.1,180.24,inkbird_lowest_internal,,1,87,183.03,180.24,182.83,192.05,251.6,182.83,180.24,182.93,192.25,251.6,1,,0.0,0.0,0,NONE
2026-09-18T15:57:29.081+00:00,1693.507,routine,Adaptive thermal response carryover,duty,550,224.1,180.24,inkbird_lowest_internal,,1,87,183.03,180.24,182.83,192.05,251.6,182.83,180.24,182.93,192.25,251.6,1,,0.0,0.0,0,NONE
2026-09-18T15:57:30.081+00:00,1694.507,routine,Adaptive thermal response carryover,duty,550,230.9,180.24,inkbird_lowest_internal,,1,87,183.03,180.24,182.83,192.05,251.6,182.83,180.24,182.93,192.25,251.6,1,,0.0,0.0,0,NONE
2026-09-18T15:57:31.081+00:00,1695.507,routine,Adaptive thermal response carryover,duty,550,224.6,180.34,inkbird_lowest_internal,,1,87,183.02,180.34,182.82,191.94,249.8,182.82,180.34,182.92,192.14,249.8,1,,0.0,0.0,0,NONE
2026-09-18T15:57:32.081+00:00,1696.507,routine,Adaptive thermal response carryover,duty,550,223.7,180.34,inkbird_lowest_internal,,1,87,183.02,180.34,182.82,191.94,249.8,182.82,180.34,182.92,192.14,249.8,1,,0.0,0.0,0,NONE
2026-09-18T15:57:32.581+00:00,1697.007,routine,Adaptive thermal response carryover,duty,550,223.7,180.34,inkbird_lowest_internal,,1,87,183.02,180.34,182.82,191.94,249.8,182.82,180.34,182.92,192.14,249.8,1,,0.0,0.0,0,NONE
2026-09-18T15:57:33.081+00:00,1697.507,routine,Adaptive thermal response carryover,duty,550,227.3,180.34,inkbird_lowest_internal,,1,87,183.02,180.34,182.82,191.94,249.8,182.82,180.34,182.92,192.14,249.8,1,,0.0,0.0,0,NONE
2026-09-18T15:57:34.081+00:00,1698.507,routine,Adaptive thermal response carryover,duty,550,224.1,180.34,inkbird_lowest_internal,,1,87,183.02,180.34,182.82,191.94,249.8,182.82,180.34,182.92,192.14,249.8,1,,0.0,0.0,0,NONE
2026-09-18T15:57:35.081+00:00,1699.507,routine,Adaptive thermal response carryover,duty,550,224.6,180.34,inkbird_lowest_internal,,1,87,183.01,180.34,182.83,191.84,249.8,182.81,180.34,182.93,192.04,249.8,1,,0.0,0.0,0,NONE
2026-09-18T15:57:36.081+00:00,1700.507,routine,Adaptive thermal response carryover,duty,550,227.8,180.34,inkbird_lowest_internal,,1,87,183.01,180.34,182.83,191.84,249.8,182.81,180.34,182.93,192.04,249.8,1,,0.0,0.0,0,NONE
2026-09-18T15:57:37.081+00:00,1701.507,routine,Adaptive thermal response carryover,duty,550,224.1,180.34,inkbird_lowest_internal,,1,87,183.01,180.34,182.83,191.84,249.8,182.81,180.34,182.93,192.04,249.8,1,,0.0,0.0,0,NONE
2026-09-18T15:57:38.081+00:00,1702.507,routine,Adaptive thermal response carryover,duty,550,223.7,180.34,inkbird_lowest_internal,,1,87,183.01,180.34,182.83,191.84,249.8,182.81,180.34,182.93,192.04,249.8,1,,0.0,0.0,0,NONE
2026-09-18T15:57:39.081+00:00,1703.507,routine,Adaptive thermal response carryover,duty,550,222.4,180.34,inkbird_lowest_internal,,1,87,183.01,180.34,182.83,191.84,249.8,182.81,180.34,182.93,192.04,249.8,1,,0.0,0.0,0,NONE
2026-09-18T15:57:39.581+00:00,1704.007,routine,Adaptive thermal response carryover,duty,550,223.3,180.34,inkbird_lowest_internal,,1,87,183.01,180.34,182.83,191.84,249.8,182.81,180.34,182.93,192.04,249.8,1,,0.0,0.0,0,NONE
2026-09-18T15:57:40.581+00:00,1705.007,routine,Adaptive thermal response carryover,duty,550,222.4,180.34,inkbird_lowest_internal,,1,87,183.01,180.34,182.83,191.84,249.8,182.81,180.34,182.93,192.04,249.8,1,,0.0,0.0,0,NONE
2026-09-18T15:57:41.081+00:00,1705.507,routine,Adaptive thermal response carryover,duty,550,221.9,180.34,inkbird_lowest_internal,,1,87,182.99,180.34,182.82,191.73,249.8,182.79,180.34,182.92,191.93,249.8,1,,0.0,0.0,0,NONE
2026-09-18T15:57:42.081+00:00,1706.507,routine,Adaptive thermal response carryover,duty,550,223.3,180.34,inkbird_lowest_internal,,1,87,182.99,180.34,182.82,191.73,249.8,182.79,180.34,182.92,191.93,249.8,1,,0.0,0.0,0,NONE
2026-09-18T15:57:43.081+00:00,1707.507,routine,Adaptive thermal response carryover,duty,550,222.4,180.34,inkbird_lowest_internal,,1,87,182.99,180.34,182.82,191.73,249.8,182.79,180.34,182.92,191.93,249.8,1,,0.0,0.0,0,NONE
2026-09-18T15:57:44.081+00:00,1708.507,routine,Adaptive thermal response carryover,duty,550,223.3,180.34,inkbird_lowest_internal,,1,87,182.99,180.34,182.82,191.73,249.8,182.79,180.34,182.92,191.93,249.8,1,,0.0,0.0,0,NONE
2026-09-18T15:57:44.581+00:00,1709.007,routine,Adaptive thermal response carryover,duty,550,222.4,180.34,inkbird_lowest_internal,,1,87,182.99,180.34,182.82,191.73,249.8,182.79,180.34,182.92,191.93,249.8,1,,0.0,0.0,0,NONE
2026-09-18T15:57:45.081+00:00,1709.507,routine,Adaptive thermal response carryover,duty,550,221.4,180.34,inkbird_lowest_internal,,1,87,182.99,180.34,182.83,191.61,248.0,182.79,180.34,182.93,191.81,248.0,1,,0.0,0.0,0,NONE
2026-09-18T15:57:46.081+00:00,1710.507,routine,Adaptive thermal response carryover,duty,550,221.9,180.34,inkbird_lowest_internal,,1,87,182.99,180.34,182.83,191.61,248.0,182.79,180.34,182.93,191.81,248.0,1,,0.0,0.0,0,NONE
2026-09-18T15:57:47.081+00:00,1711.507,routine,Adaptive thermal response carryover,duty,550,222.4,180.34,inkbird_lowest_internal,,1,87,182.98,180.34,182.83,191.61,248.0,182.78,180.34,182.93,191.81,248.0,1,,0.0,0.0,0,NONE
2026-09-18T15:57:48.080+00:00,1712.506,routine,Adaptive thermal response carryover,duty,550,222.4,180.34,inkbird_lowest_internal,,1,87,182.98,180.34,182.83,191.61,248.0,182.78,180.34,182.93,191.81,248.0,1,,0.0,0.0,0,NONE
2026-09-18T15:57:48.580+00:00,1713.006,routine,Adaptive thermal response carryover,duty,550,221.4,180.34,inkbird_lowest_internal,,1,87,182.98,180.34,182.83,191.61,248.0,182.78,180.34,182.93,191.81,248.0,1,,0.0,0.0,0,NONE
2026-09-18T15:57:49.580+00:00,1714.006,routine,Adaptive thermal response carryover,duty,550,227.3,180.34,inkbird_lowest_internal,,1,87,182.94,180.34,182.82,191.51,248.0,182.74,180.34,182.92,191.71,248.0,1,,0.0,0.0,0,NONE
2026-09-18T15:57:50.081+00:00,1714.507,routine,Adaptive thermal response carryover,duty,550,228.2,180.34,inkbird_lowest_internal,,1,87,182.94,180.34,182.82,191.51,248.0,182.74,180.34,182.92,191.71,248.0,1,,0.0,0.0,0,NONE
2026-09-18T15:57:51.080+00:00,1715.506,routine,Adaptive thermal response carryover,duty,550,223.3,180.42,inkbird_lowest_internal,,1,87,182.95,180.42,182.82,191.43,248.0,182.75,180.42,182.92,191.63,248.0,1,,0.0,0.0,0,NONE
2026-09-18T15:57:52.080+00:00,1716.506,routine,Adaptive thermal response carryover,duty,550,221.4,180.42,inkbird_lowest_internal,,1,87,182.95,180.42,182.82,191.43,248.0,182.75,180.42,182.92,191.63,248.0,1,,0.0,0.0,0,NONE
2026-09-18T15:57:53.080+00:00,1717.506,routine,Adaptive thermal response carryover,duty,550,221.4,180.42,inkbird_lowest_internal,,1,87,182.94,180.42,182.81,191.4,248.0,182.74,180.42,182.91,191.6,248.0,1,,0.0,0.0,0,NONE
2026-09-18T15:57:54.080+00:00,1718.506,routine,Adaptive thermal response carryover,duty,550,221.0,180.42,inkbird_lowest_internal,,1,87,182.94,180.42,182.81,191.4,248.0,182.74,180.42,182.91,191.6,248.0,1,,0.0,0.0,0,NONE
2026-09-18T15:57:54.580+00:00,1719.006,routine,Adaptive thermal response carryover,duty,550,221.4,180.42,inkbird_lowest_internal,,1,87,182.94,180.42,182.81,191.4,248.0,182.74,180.42,182.91,191.6,248.0,1,,0.0,0.0,0,NONE
2026-09-18T15:57:55.580+00:00,1720.006,routine,Adaptive thermal response carryover,duty,550,221.0,180.42,inkbird_lowest_internal,,1,87,182.94,180.42,182.81,191.4,248.0,182.74,180.42,182.91,191.6,248.0,1,,0.0,0.0,0,NONE
2026-09-18T15:57:56.580+00:00,1721.006,routine,Adaptive thermal response carryover,duty,550,220.6,180.42,inkbird_lowest_internal,,1,87,182.94,180.42,182.81,191.4,248.0,182.74,180.42,182.91,191.6,248.0,1,,0.0,0.0,0,NONE
2026-09-18T15:57:57.580+00:00,1722.006,routine,Adaptive thermal response carryover,duty,550,219.6,180.42,inkbird_lowest_internal,,1,87,182.93,180.42,182.81,191.29,246.2,182.73,180.42,182.91,191.49,246.2,1,,0.0,0.0,0,NONE
2026-09-18T15:57:58.580+00:00,1723.006,routine,Adaptive thermal response carryover,duty,550,221.0,180.42,inkbird_lowest_internal,,1,87,182.93,180.42,182.81,191.29,246.2,182.73,180.42,182.91,191.49,246.2,1,,0.0,0.0,0,NONE
2026-09-18T15:57:59.580+00:00,1724.006,routine,Adaptive thermal response carryover,duty,550,221.0,180.42,inkbird_lowest_internal,,1,87,182.93,180.42,182.81,191.29,246.2,182.73,180.42,182.91,191.49,246.2,1,,0.0,0.0,0,NONE
2026-09-18T15:58:00.580+00:00,1725.006,routine,Adaptive thermal response carryover,duty,550,221.0,180.42,inkbird_lowest_internal,,1,87,182.93,180.42,182.81,191.29,246.2,182.73,180.42,182.91,191.49,246.2,1,,0.0,0.0,0,NONE
2026-09-18T15:58:01.580+00:00,1726.006,routine,Adaptive thermal response carryover,duty,550,220.6,180.42,inkbird_lowest_internal,,1,87,182.91,180.42,182.81,191.17,246.2,182.71,180.42,182.91,191.37,246.2,1,,0.0,0.0,0,NONE
2026-09-18T15:58:02.580+00:00,1727.006,routine,Adaptive thermal response carryover,duty,550,219.2,180.42,inkbird_lowest_internal,,1,87,182.91,180.42,182.81,191.17,246.2,182.71,180.42,182.91,191.37,246.2,1,,0.0,0.0,0,NONE
2026-09-18T15:58:03.080+00:00,1727.506,routine,Adaptive thermal response carryover,duty,550,223.7,180.42,inkbird_lowest_internal,,1,87,182.91,180.42,182.81,191.17,246.2,182.71,180.42,182.91,191.37,246.2,1,,0.0,0.0,0,NONE
2026-09-18T15:58:04.080+00:00,1728.506,routine,Adaptive thermal response carryover,duty,550,225.5,180.42,inkbird_lowest_internal,,1,87,182.91,180.42,182.81,191.17,246.2,182.71,180.42,182.91,191.37,246.2,1,,0.0,0.0,0,NONE
2026-09-18T15:58:05.080+00:00,1729.506,routine,Adaptive thermal response carryover,duty,550,226.4,180.42,inkbird_lowest_internal,,1,87,182.91,180.42,182.81,191.17,246.2,182.71,180.42,182.91,191.37,246.2,1,,0.0,0.0,0,NONE
2026-09-18T15:58:06.080+00:00,1730.506,routine,Adaptive thermal response carryover,duty,550,219.2,180.42,inkbird_lowest_internal,,1,87,182.91,180.42,182.81,191.17,246.2,182.71,180.42,182.91,191.37,246.2,1,,0.0,0.0,0,NONE
2026-09-18T15:58:07.080+00:00,1731.506,routine,Adaptive thermal response carryover,duty,550,218.8,180.42,inkbird_lowest_internal,,1,87,182.88,180.42,182.78,191.06,244.4,182.68,180.42,182.88,191.26,244.4,1,,0.0,0.0,0,NONE
2026-09-18T15:58:08.080+00:00,1732.506,routine,Adaptive thermal response carryover,duty,550,219.2,180.42,inkbird_lowest_internal,,1,87,182.88,180.42,182.78,191.06,244.4,182.68,180.42,182.88,191.26,244.4,1,,0.0,0.0,0,NONE
2026-09-18T15:58:09.080+00:00,1733.506,routine,Adaptive thermal response carryover,duty,550,225.1,180.42,inkbird_lowest_internal,,1,87,182.88,180.42,182.78,191.06,244.4,182.68,180.42,182.88,191.26,244.4,1,,0.0,0.0,0,NONE
2026-09-18T15:58:10.080+00:00,1734.506,routine,Adaptive thermal response carryover,duty,550,218.8,180.42,inkbird_lowest_internal,,1,87,182.88,180.42,182.78,191.06,244.4,182.68,180.42,182.88,191.26,244.4,1,,0.0,0.0,0,NONE
2026-09-18T15:58:10.580+00:00,1735.006,routine,Adaptive thermal response carryover,duty,550,219.2,180.42,inkbird_lowest_internal,,1,87,182.88,180.42,182.78,191.06,244.4,182.68,180.42,182.88,191.26,244.4,1,,0.0,0.0,0,NONE
2026-09-18T15:58:11.580+00:00,1736.006,routine,Adaptive thermal response carryover,duty,550,218.8,180.48,inkbird_lowest_internal,,1,87,182.81,180.48,182.78,190.93,244.4,182.61,180.48,182.88,191.13,244.4,1,,0.0,0.0,0,NONE
2026-09-18T15:58:12.580+00:00,1737.006,routine,Adaptive thermal response carryover,duty,550,218.8,180.48,inkbird_lowest_internal,,1,87,182.81,180.48,182.78,190.93,244.4,182.61,180.48,182.88,191.13,244.4,1,,0.0,0.0,0,NONE
2026-09-18T15:58:13.580+00:00,1738.006,routine,Adaptive thermal response carryover,duty,550,225.5,180.48,inkbird_lowest_internal,,1,87,182.81,180.48,182.78,190.93,244.4,182.61,180.48,182.88,191.13,244.4,1,,0.0,0.0,0,NONE
2026-09-18T15:58:14.580+00:00,1739.006,routine,Adaptive thermal response carryover,duty,550,225.9,180.48,inkbird_lowest_internal,,1,87,182.81,180.48,182.78,190.93,244.4,182.61,180.48,182.88,191.13,244.4,1,,0.0,0.0,0,NONE
2026-09-18T15:58:15.080+00:00,1739.506,routine,Adaptive thermal response carryover,duty,550,216.9,180.48,inkbird_lowest_internal,,1,87,182.8,180.48,182.76,190.82,244.4,182.6,180.48,182.86,191.02,244.4,1,,0.0,0.0,0,NONE
2026-09-18T15:58:16.081+00:00,1740.507,routine,Adaptive thermal response carryover,duty,550,220.1,180.48,inkbird_lowest_internal,,1,87,182.8,180.48,182.76,190.82,244.4,182.6,180.48,182.86,191.02,244.4,1,,0.0,0.0,0,NONE
2026-09-18T15:58:17.080+00:00,1741.506,routine,Adaptive thermal response carryover,duty,550,224.6,180.48,inkbird_lowest_internal,,1,87,182.8,180.48,182.76,190.82,244.4,182.6,180.48,182.86,191.02,244.4,1,,0.0,0.0,0,NONE
2026-09-18T15:58:18.080+00:00,1742.506,routine,Adaptive thermal response carryover,duty,550,217.9,180.48,inkbird_lowest_internal,,1,87,182.8,180.48,182.76,190.82,244.4,182.6,180.48,182.86,191.02,244.4,1,,0.0,0.0,0,NONE
2026-09-18T15:58:19.080+00:00,1743.506,routine,Adaptive thermal response carryover,duty,550,222.8,180.48,inkbird_lowest_internal,,1,87,182.78,180.48,182.75,190.7,242.6,182.58,180.48,182.85,190.9,242.6,1,,0.0,0.0,0,NONE
2026-09-18T15:58:20.080+00:00,1744.506,routine,Adaptive thermal response carryover,duty,550,216.9,180.48,inkbird_lowest_internal,,1,87,182.78,180.48,182.75,190.7,242.6,182.58,180.48,182.85,190.9,242.6,1,,0.0,0.0,0,NONE
2026-09-18T15:58:21.080+00:00,1745.506,routine,Adaptive thermal response carryover,duty,550,216.5,180.48,inkbird_lowest_internal,,1,87,182.77,180.48,182.75,190.7,242.6,182.57,180.48,182.85,190.9,242.6,1,,0.0,0.0,0,NONE
2026-09-18T15:58:22.079+00:00,1746.506,routine,Adaptive thermal response carryover,duty,550,224.1,180.48,inkbird_lowest_internal,,1,87,182.77,180.48,182.75,190.7,242.6,182.57,180.48,182.85,190.9,242.6,1,,0.0,0.0,0,NONE
2026-09-18T15:58:23.079+00:00,1747.505,routine,Adaptive thermal response carryover,duty,550,216.5,180.48,inkbird_lowest_internal,,1,87,182.77,180.48,182.75,190.7,242.6,182.57,180.48,182.85,190.9,242.6,1,,0.0,0.0,0,NONE
2026-09-18T15:58:24.079+00:00,1748.505,routine,Adaptive thermal response carryover,duty,550,216.9,180.48,inkbird_lowest_internal,,1,87,182.77,180.48,182.75,190.7,242.6,182.57,180.48,182.85,190.9,242.6,1,,0.0,0.0,0,NONE
2026-09-18T15:58:25.079+00:00,1749.505,routine,Adaptive thermal response carryover,duty,550,216.9,180.48,inkbird_lowest_internal,,1,87,182.7,180.48,182.69,190.55,242.6,182.5,180.48,182.79,190.75,242.6,1,,0.0,0.0,0,NONE
2026-09-18T15:58:26.079+00:00,1750.505,routine,Adaptive thermal response carryover,duty,550,215.1,180.48,inkbird_lowest_internal,,1,87,182.7,180.48,182.69,190.55,242.6,182.5,180.48,182.79,190.75,242.6,1,,0.0,0.0,0,NONE
2026-09-18T15:58:26.579+00:00,1751.005,routine,Adaptive thermal response carryover,duty,550,216.1,180.48,inkbird_lowest_internal,,1,87,182.7,180.48,182.69,190.55,242.6,182.5,180.48,182.79,190.75,242.6,1,,0.0,0.0,0,NONE
2026-09-18T15:58:27.579+00:00,1752.005,routine,Adaptive thermal response carryover,duty,550,216.5,180.48,inkbird_lowest_internal,,1,87,182.7,180.48,182.69,190.55,242.6,182.5,180.48,182.79,190.75,242.6,1,,0.0,0.0,0,NONE
2026-09-18T15:58:28.579+00:00,1753.005,routine,Adaptive thermal response carryover,duty,550,217.9,180.48,inkbird_lowest_internal,,1,87,182.7,180.48,182.69,190.55,242.6,182.5,180.48,182.79,190.75,242.6,1,,0.0,0.0,0,NONE
2026-09-18T15:58:29.579+00:00,1754.005,routine,Adaptive thermal response carryover,duty,550,214.7,180.48,inkbird_lowest_internal,,1,87,182.68,180.48,182.68,190.43,240.8,182.48,180.48,182.78,190.63,240.8,1,,0.0,0.0,0,NONE
2026-09-18T15:58:30.079+00:00,1754.505,routine,Adaptive thermal response carryover,duty,550,215.1,180.48,inkbird_lowest_internal,,1,87,182.68,180.48,182.68,190.43,240.8,182.48,180.48,182.78,190.63,240.8,1,,0.0,0.0,0,NONE
2026-09-18T15:58:31.079+00:00,1755.505,routine,Adaptive thermal response carryover,duty,550,215.1,180.49,inkbird_lowest_internal,,1,87,182.67,180.49,182.67,190.35,240.8,182.47,180.49,182.77,190.55,240.8,1,,0.0,0.0,0,NONE
2026-09-18T15:58:31.579+00:00,1756.005,routine,Adaptive thermal response carryover,duty,550,222.4,180.49,inkbird_lowest_internal,,1,87,182.67,180.49,182.67,190.35,240.8,182.47,180.49,182.77,190.55,240.8,1,,0.0,0.0,0,NONE
2026-09-18T15:58:32.579+00:00,1757.005,routine,Adaptive thermal response carryover,duty,550,215.6,180.49,inkbird_lowest_internal,,1,87,182.67,180.49,182.67,190.35,240.8,182.47,180.49,182.77,190.55,240.8,1,,0.0,0.0,0,NONE
2026-09-18T15:58:33.579+00:00,1758.005,routine,Adaptive thermal response carryover,duty,550,215.1,180.49,inkbird_lowest_internal,,1,87,182.61,180.49,182.67,190.31,240.8,182.41,180.49,182.77,190.51,240.8,1,,0.0,0.0,0,NONE
2026-09-18T15:58:34.579+00:00,1759.005,routine,Adaptive thermal response carryover,duty,550,215.6,180.49,inkbird_lowest_internal,,1,87,182.61,180.49,182.67,190.31,240.8,182.41,180.49,182.77,190.51,240.8,1,,0.0,0.0,0,NONE
2026-09-18T15:58:35.579+00:00,1760.005,routine,Adaptive thermal response carryover,duty,550,215.1,180.49,inkbird_lowest_internal,,1,87,182.61,180.49,182.67,190.31,240.8,182.41,180.49,182.77,190.51,240.8,1,,0.0,0.0,0,NONE
2026-09-18T15:58:36.579+00:00,1761.005,routine,Adaptive thermal response carryover,duty,550,215.1,180.49,inkbird_lowest_internal,,1,87,182.61,180.49,182.67,190.31,240.8,182.41,180.49,182.77,190.51,240.8,1,,0.0,0.0,0,NONE
2026-09-18T15:58:37.579+00:00,1762.005,routine,Adaptive thermal response carryover,duty,550,215.1,180.49,inkbird_lowest_internal,,1,87,182.59,180.49,182.65,190.2,240.8,182.39,180.49,182.75,190.4,240.8,1,,0.0,0.0,0,NONE
2026-09-18T15:58:38.579+00:00,1763.005,routine,Adaptive thermal response carryover,duty,550,214.3,180.49,inkbird_lowest_internal,,1,87,182.59,180.49,182.65,190.2,240.8,182.39,180.49,182.75,190.4,240.8,1,,0.0,0.0,0,NONE
2026-09-18T15:58:39.579+00:00,1764.005,routine,Adaptive thermal response carryover,duty,550,215.1,180.49,inkbird_lowest_internal,,1,87,182.58,180.49,182.65,190.2,240.8,182.38,180.49,182.75,190.4,240.8,1,,0.0,0.0,0,NONE
2026-09-18T15:58:40.579+00:00,1765.005,routine,Adaptive thermal response carryover,duty,550,220.6,180.49,inkbird_lowest_internal,,1,87,182.58,180.49,182.65,190.2,240.8,182.38,180.49,182.75,190.4,240.8,1,,0.0,0.0,0,NONE
2026-09-18T15:58:41.579+00:00,1766.005,routine,Adaptive thermal response carryover,duty,550,213.8,180.49,inkbird_lowest_internal,,1,87,182.56,180.49,182.59,190.07,240.8,182.36,180.49,182.69,190.27,240.8,1,,0.0,0.0,0,NONE
2026-09-18T15:58:42.579+00:00,1767.005,routine,Adaptive thermal response carryover,duty,550,213.8,180.49,inkbird_lowest_internal,,1,87,182.56,180.49,182.59,190.07,240.8,182.36,180.49,182.69,190.27,240.8,1,,0.0,0.0,0,NONE
2026-09-18T15:58:43.579+00:00,1768.005,routine,Adaptive thermal response carryover,duty,550,214.3,180.49,inkbird_lowest_internal,,1,87,182.56,180.49,182.59,190.07,240.8,182.36,180.49,182.69,190.27,240.8,1,,0.0,0.0,0,NONE
2026-09-18T15:58:44.579+00:00,1769.005,routine,Adaptive thermal response carryover,duty,550,214.3,180.49,inkbird_lowest_internal,,1,87,182.56,180.49,182.59,190.07,240.8,182.36,180.49,182.69,190.27,240.8,1,,0.0,0.0,0,NONE
2026-09-18T15:58:45.079+00:00,1769.505,routine,Adaptive thermal response carryover,duty,550,219.6,180.49,inkbird_lowest_internal,,1,87,182.49,180.49,182.55,189.95,239.0,182.29,180.49,182.65,190.15,239.0,1,,0.0,0.0,0,NONE
2026-09-18T15:58:45.579+00:00,1770.005,routine,Adaptive thermal response carryover,duty,550,213.4,180.49,inkbird_lowest_internal,,1,87,182.49,180.49,182.55,189.95,239.0,182.29,180.49,182.65,190.15,239.0,1,,0.0,0.0,0,NONE
2026-09-18T15:58:46.579+00:00,1771.005,routine,Adaptive thermal response carryover,duty,550,214.3,180.49,inkbird_lowest_internal,,1,87,182.49,180.49,182.55,189.95,239.0,182.29,180.49,182.65,190.15,239.0,1,,0.0,0.0,0,NONE
2026-09-18T15:58:47.079+00:00,1771.505,routine,Adaptive thermal response carryover,duty,550,220.6,180.49,inkbird_lowest_internal,,1,87,182.49,180.49,182.55,189.95,239.0,182.29,180.49,182.65,190.15,239.0,1,,0.0,0.0,0,NONE
2026-09-18T15:58:48.079+00:00,1772.505,routine,Adaptive thermal response carryover,duty,550,212.9,180.49,inkbird_lowest_internal,,1,87,182.49,180.49,182.55,189.95,239.0,182.29,180.49,182.65,190.15,239.0,1,,0.0,0.0,0,NONE
2026-09-18T15:58:49.079+00:00,1773.505,routine,Adaptive thermal response carryover,duty,550,213.8,180.49,inkbird_lowest_internal,,1,87,182.46,180.49,182.55,189.84,239.0,182.26,180.49,182.65,190.04,239.0,1,,0.0,0.0,0,NONE
2026-09-18T15:58:50.079+00:00,1774.505,routine,Adaptive thermal response carryover,duty,550,213.8,180.49,inkbird_lowest_internal,,1,87,182.46,180.49,182.55,189.84,239.0,182.26,180.49,182.65,190.04,239.0,1,,0.0,0.0,0,NONE
2026-09-18T15:58:51.079+00:00,1775.505,routine,Adaptive thermal response carryover,duty,550,212.0,180.46,inkbird_lowest_internal,,1,87,182.4,180.46,182.54,189.75,239.0,182.2,180.46,182.64,189.95,239.0,1,,0.0,0.0,0,NONE
2026-09-18T15:58:51.579+00:00,1776.005,routine,Adaptive thermal response carryover,duty,550,212.4,180.46,inkbird_lowest_internal,,1,87,182.4,180.46,182.54,189.75,239.0,182.2,180.46,182.64,189.95,239.0,1,,0.0,0.0,0,NONE
2026-09-18T15:58:52.579+00:00,1777.005,routine,Adaptive thermal response carryover,duty,550,213.4,180.46,inkbird_lowest_internal,,1,87,182.4,180.46,182.54,189.75,239.0,182.2,180.46,182.64,189.95,239.0,1,,0.0,0.0,0,NONE
2026-09-18T15:58:53.579+00:00,1778.005,routine,Adaptive thermal response carryover,duty,550,212.9,180.46,inkbird_lowest_internal,,1,87,182.38,180.46,182.48,189.71,239.0,182.18,180.46,182.58,189.91,239.0,1,,0.0,0.0,0,NONE
2026-09-18T15:58:54.579+00:00,1779.005,routine,Adaptive thermal response carryover,duty,550,217.9,180.46,inkbird_lowest_internal,,1,87,182.38,180.46,182.48,189.71,239.0,182.18,180.46,182.58,189.91,239.0,1,,0.0,0.0,0,NONE
2026-09-18T15:58:55.579+00:00,1780.005,routine,Adaptive thermal response carryover,duty,550,212.4,180.46,inkbird_lowest_internal,,1,87,182.38,180.46,182.48,189.71,239.0,182.18,180.46,182.58,189.91,239.0,1,,0.0,0.0,0,NONE
2026-09-18T15:58:56.578+00:00,1781.005,routine,Adaptive thermal response carryover,duty,550,212.0,180.46,inkbird_lowest_internal,,1,87,182.38,180.46,182.48,189.71,239.0,182.18,180.46,182.58,189.91,239.0,1,,0.0,0.0,0,NONE
2026-09-18T15:58:57.579+00:00,1782.005,routine,Adaptive thermal response carryover,duty,550,212.4,180.46,inkbird_lowest_internal,,1,87,182.36,180.46,182.45,189.58,237.2,182.16,180.46,182.55,189.78,237.2,1,,0.0,0.0,0,NONE
2026-09-18T15:58:58.578+00:00,1783.004,routine,Adaptive thermal response carryover,duty,550,212.0,180.46,inkbird_lowest_internal,,1,87,182.36,180.46,182.45,189.58,237.2,182.16,180.46,182.55,189.78,237.2,1,,0.0,0.0,0,NONE
2026-09-18T15:58:59.578+00:00,1784.004,routine,Adaptive thermal response carryover,duty,550,212.4,180.46,inkbird_lowest_internal,,1,87,182.35,180.46,182.45,189.58,237.2,182.15,180.46,182.55,189.78,237.2,1,,0.0,0.0,0,NONE
2026-09-18T15:59:00.078+00:00,1784.504,routine,Adaptive thermal response carryover,duty,550,212.4,180.46,inkbird_lowest_internal,,1,87,182.35,180.46,182.45,189.58,237.2,182.15,180.46,182.55,189.78,237.2,1,,0.0,0.0,0,NONE
2026-09-18T15:59:01.078+00:00,1785.504,routine,Adaptive thermal response carryover,duty,550,211.1,180.46,inkbird_lowest_internal,,1,87,182.27,180.46,182.43,189.46,237.2,182.07,180.46,182.53,189.66,237.2,1,,0.0,0.0,0,NONE
2026-09-18T15:59:02.078+00:00,1786.504,routine,Adaptive thermal response carryover,duty,550,212.4,180.46,inkbird_lowest_internal,,1,87,182.27,180.46,182.43,189.46,237.2,182.07,180.46,182.53,189.66,237.2,1,,0.0,0.0,0,NONE
2026-09-18T15:59:02.579+00:00,1787.005,routine,Adaptive thermal response carryover,duty,550,211.6,180.46,inkbird_lowest_internal,,1,87,182.27,180.46,182.43,189.46,237.2,182.07,180.46,182.53,189.66,237.2,1,,0.0,0.0,0,NONE
2026-09-18T15:59:03.578+00:00,1788.004,routine,Adaptive thermal response carryover,duty,550,217.9,180.46,inkbird_lowest_internal,,1,87,182.27,180.46,182.43,189.46,237.2,182.07,180.46,182.53,189.66,237.2,1,,0.0,0.0,0,NONE
2026-09-18T15:59:04.578+00:00,1789.004,routine,Adaptive thermal response carryover,duty,550,217.9,180.46,inkbird_lowest_internal,,1,87,182.27,180.46,182.43,189.46,237.2,182.07,180.46,182.53,189.66,237.2,1,,0.0,0.0,0,NONE
2026-09-18T15:59:05.578+00:00,1790.004,routine,Adaptive thermal response carryover,duty,550,212.4,180.46,inkbird_lowest_internal,,1,87,182.25,180.46,182.36,189.33,237.2,182.05,180.46,182.46,189.53,237.2,1,,0.0,0.0,0,NONE
2026-09-18T15:59:06.578+00:00,1791.004,routine,Adaptive thermal response carryover,duty,550,218.3,180.46,inkbird_lowest_internal,,1,87,182.25,180.46,182.36,189.33,237.2,182.05,180.46,182.46,189.53,237.2,1,,0.0,0.0,0,NONE
2026-09-18T15:59:07.578+00:00,1792.004,routine,Adaptive thermal response carryover,duty,550,210.6,180.46,inkbird_lowest_internal,,1,87,182.23,180.46,182.36,189.33,235.4,182.03,180.46,182.46,189.53,235.4,1,,0.0,0.0,0,NONE
2026-09-18T15:59:08.578+00:00,1793.004,routine,Adaptive thermal response carryover,duty,550,211.1,180.46,inkbird_lowest_internal,,1,87,182.23,180.46,182.36,189.33,235.4,182.03,180.46,182.46,189.53,235.4,1,,0.0,0.0,0,NONE
2026-09-18T15:59:09.578+00:00,1794.004,routine,Adaptive thermal response carryover,duty,550,210.2,180.46,inkbird_lowest_internal,,1,87,182.17,180.46,182.33,189.21,235.4,181.97,180.46,182.43,189.41,235.4,1,,0.0,0.0,0,NONE
2026-09-18T15:59:10.578+00:00,1795.004,routine,Adaptive thermal response carryover,duty,550,212.4,180.46,inkbird_lowest_internal,,1,87,182.17,180.46,182.33,189.21,235.4,181.97,180.46,182.43,189.41,235.4,1,,0.0,0.0,0,NONE
2026-09-18T15:59:11.578+00:00,1796.004,routine,Adaptive thermal response carryover,duty,550,211.1,180.38,inkbird_lowest_internal,,1,87,182.15,180.38,182.28,189.13,235.4,181.95,180.38,182.38,189.33,235.4,1,,0.0,0.0,0,NONE
2026-09-18T15:59:12.578+00:00,1797.004,routine,Adaptive thermal response carryover,duty,550,210.6,180.38,inkbird_lowest_internal,,1,87,182.15,180.38,182.28,189.13,235.4,181.95,180.38,182.38,189.33,235.4,1,,0.0,0.0,0,NONE
2026-09-18T15:59:13.078+00:00,1797.504,routine,Adaptive thermal response carryover,duty,550,216.5,180.38,inkbird_lowest_internal,,1,87,182.13,180.38,182.27,189.09,235.4,181.93,180.38,182.37,189.29,235.4,1,,0.0,0.0,0,NONE
2026-09-18T15:59:14.078+00:00,1798.504,routine,Adaptive thermal response carryover,duty,550,210.2,180.38,inkbird_lowest_internal,,1,87,182.13,180.38,182.27,189.09,235.4,181.93,180.38,182.37,189.29,235.4,1,,0.0,0.0,0,NONE
2026-09-18T15:59:15.078+00:00,1799.504,routine,Adaptive thermal response carryover,duty,550,210.2,180.38,inkbird_lowest_internal,,1,87,182.13,180.38,182.27,189.09,235.4,181.93,180.38,182.37,189.29,235.4,1,,0.0,0.0,0,NONE
2026-09-18T15:59:15.578+00:00,1800.004,routine,Adaptive thermal response carryover,duty,550,216.9,180.38,inkbird_lowest_internal,,1,87,182.13,180.38,182.27,189.09,235.4,181.93,180.38,182.37,189.29,235.4,1,,0.0,0.0,0,NONE
2026-09-18T15:59:16.578+00:00,1801.004,routine,Adaptive thermal response carryover,duty,550,209.8,180.38,inkbird_lowest_internal,,1,87,182.13,180.38,182.27,189.09,235.4,181.93,180.38,182.37,189.29,235.4,1,,0.0,0.0,0,NONE
2026-09-18T15:59:17.578+00:00,1802.004,routine,Adaptive thermal response carryover,duty,550,209.8,180.38,inkbird_lowest_internal,,1,87,182.05,180.38,182.24,188.96,235.4,181.85,180.38,182.34,189.16,235.4,1,,0.0,0.0,0,NONE
2026-09-18T15:59:18.406+00:00,1802.832,routine,Adaptive thermal response carryover,idle,0,209.8,180.38,inkbird_lowest_internal,,1,87,182.05,180.38,182.24,188.96,235.4,181.85,180.38,182.34,189.16,235.4,1,,0.0,0.0,0,STOPPED
