timestamp_utc,elapsed_s,cook_type,cook_name,mode,fan_speed_rpm,chamber_temp_f,effective_probe_temp_f,probe_source,esp32_probe_temp_f,inkbird_connected,inkbird_battery_pct,inkbird_internal_1_f,inkbird_internal_2_f,inkbird_internal_3_f,inkbird_internal_4_f,inkbird_ambient_f,inkbird_internal_1_raw_f,inkbird_internal_2_raw_f,inkbird_internal_3_raw_f,inkbird_internal_4_raw_f,inkbird_ambient_raw_f,drawer_closed,set_temperature_f,top_heater_duty_pct,bottom_heater_duty_pct,paused,fault
2026-09-28T18:27:18.588+00:00,0.008,manual,Manual cook,temp,0,453.2,,esp32,,0,,,,,,,,,,,,1,450.0,0.0,0.0,0,NONE
2026-09-28T18:27:19.492+00:00,0.913,manual,Manual cook,temp,2100,451.4,,esp32,,0,,,,,,,,,,,,1,450.0,0.0,0.0,0,NONE
2026-09-28T18:27:19.992+00:00,1.413,manual,Manual cook,temp,2100,451.4,,esp32,,0,,,,,,,,,,,,1,450.0,0.0,0.0,0,NONE
2026-09-28T18:27:20.992+00:00,2.413,manual,Manual cook,temp,2100,451.0,,esp32,,0,,,,,,,,,,,,1,450.0,0.0,0.0,0,NONE
2026-09-28T18:27:21.992+00:00,3.413,manual,Manual cook,temp,2100,449.6,,esp32,,0,,,,,,,,,,,,1,450.0,0.0,0.0,0,NONE
2026-09-28T18:27:22.993+00:00,4.414,manual,Manual cook,temp,2100,449.1,,esp32,,0,,,,,,,,,,,,1,450.0,0.0,0.0,0,NONE
2026-09-28T18:27:23.992+00:00,5.413,manual,Manual cook,temp,2100,448.3,,esp32,,0,,,,,,,,,,,,1,450.0,0.0,0.0,0,NONE
2026-09-28T18:27:24.992+00:00,6.413,manual,Manual cook,temp,2100,447.4,,esp32,,0,,,,,,,,,,,,1,450.0,0.0,0.0,0,NONE
2026-09-28T18:27:25.992+00:00,7.413,manual,Manual cook,temp,2100,446.0,,esp32,,0,,,,,,,,,,,,1,450.0,0.0,0.0,0,NONE
2026-09-28T18:27:26.992+00:00,8.413,manual,Manual cook,temp,2100,444.2,,esp32,,0,,,,,,,,,,,,1,450.0,0.0,0.0,0,NONE
2026-09-28T18:27:27.992+00:00,9.413,manual,Manual cook,temp,2100,443.8,,esp32,,0,,,,,,,,,,,,1,450.0,0.0,0.0,0,NONE
2026-09-28T18:27:28.493+00:00,9.914,manual,Manual cook,temp,2100,443.8,,esp32,,0,,,,,,,,,,,,1,450.0,0.0,0.0,0,NONE
2026-09-28T18:27:29.492+00:00,10.913,manual,Manual cook,temp,2100,443.3,,esp32,,0,,,,,,,,,,,,1,450.0,0.0,0.0,0,NONE
2026-09-28T18:27:29.992+00:00,11.413,manual,Manual cook,temp,2100,441.5,,esp32,,0,,,,,,,,,,,,1,450.0,0.0,0.0,0,NONE
2026-09-28T18:27:30.992+00:00,12.413,manual,Manual cook,temp,2100,440.6,,esp32,,0,,,,,,,,,,,,1,450.0,0.0,0.0,0,NONE
2026-09-28T18:27:31.992+00:00,13.412,manual,Manual cook,temp,2100,439.7,,esp32,,0,,,,,,,,,,,,1,450.0,0.0,0.0,0,NONE
2026-09-28T18:27:32.492+00:00,13.913,manual,Manual cook,temp,2100,439.3,,esp32,,0,,,,,,,,,,,,1,450.0,0.0,0.0,0,NONE
2026-09-28T18:27:32.992+00:00,14.413,manual,Manual cook,temp,2100,438.8,,esp32,,0,,,,,,,,,,,,1,450.0,0.0,0.0,0,NONE
2026-09-28T18:27:33.993+00:00,15.413,manual,Manual cook,temp,2100,437.9,,esp32,,0,,,,,,,,,,,,1,450.0,0.0,0.0,0,NONE
2026-09-28T18:27:34.992+00:00,16.413,manual,Manual cook,temp,2100,436.1,,esp32,,0,,,,,,,,,,,,1,450.0,0.0,0.0,0,NONE
2026-09-28T18:27:35.992+00:00,17.413,manual,Manual cook,temp,2100,435.2,,esp32,,0,,,,,,,,,,,,1,450.0,0.0,0.0,0,NONE
2026-09-28T18:27:36.992+00:00,18.413,manual,Manual cook,temp,2100,433.4,,esp32,,0,,,,,,,,,,,,1,450.0,0.0,0.0,0,NONE
2026-09-28T18:27:37.992+00:00,19.412,manual,Manual cook,temp,2100,432.5,,esp32,,0,,,,,,,,,,,,1,450.0,0.0,0.0,0,NONE
2026-09-28T18:27:38.492+00:00,19.913,manual,Manual cook,temp,2100,431.6,,esp32,,0,,,,,,,,,,,,1,450.0,0.0,0.0,0,NONE
2026-09-28T18:27:39.493+00:00,20.913,manual,Manual cook,temp,2100,430.3,,esp32,,0,,,,,,,,,,,,1,450.0,0.0,0.0,0,NONE
2026-09-28T18:27:40.492+00:00,21.912,manual,Manual cook,temp,2100,428.9,,esp32,,0,,,,,,,,,,,,1,450.0,0.0,0.0,0,NONE
2026-09-28T18:27:41.492+00:00,22.912,manual,Manual cook,temp,2100,427.5,,esp32,,0,,,,,,,,,,,,1,450.0,0.0,0.0,0,NONE
2026-09-28T18:27:42.492+00:00,23.912,manual,Manual cook,temp,2100,425.8,,esp32,,0,,,,,,,,,,,,1,450.0,0.0,0.0,0,NONE
2026-09-28T18:27:43.492+00:00,24.912,manual,Manual cook,temp,2100,424.4,,esp32,,0,,,,,,,,,,,,1,450.0,0.0,0.0,0,NONE
2026-09-28T18:27:43.992+00:00,25.412,manual,Manual cook,temp,2100,422.6,,esp32,,0,,,,,,,,,,,,1,450.0,0.0,0.0,0,NONE
2026-09-28T18:27:44.993+00:00,26.413,manual,Manual cook,temp,2100,421.3,,esp32,,0,,,,,,,,,,,,1,450.0,0.0,0.0,0,NONE
2026-09-28T18:27:45.992+00:00,27.412,manual,Manual cook,temp,2100,421.3,,esp32,,0,,,,,,,,,,,,1,450.0,0.0,0.0,0,NONE
2026-09-28T18:27:46.492+00:00,27.912,manual,Manual cook,temp,2100,419.0,,esp32,,0,,,,,,,,,,,,1,450.0,0.0,0.0,0,NONE
2026-09-28T18:27:47.492+00:00,28.912,manual,Manual cook,temp,2100,417.6,,esp32,,0,,,,,,,,,,,,1,450.0,0.0,0.0,0,NONE
2026-09-28T18:27:47.992+00:00,29.412,manual,Manual cook,temp,2100,416.8,,esp32,,0,,,,,,,,,,,,1,450.0,0.0,0.0,0,NONE
2026-09-28T18:27:48.492+00:00,29.912,manual,Manual cook,temp,2100,416.8,,esp32,,0,,,,,,,,,,,,1,450.0,0.0,0.0,0,NONE
2026-09-28T18:27:49.492+00:00,30.912,manual,Manual cook,temp,2100,414.0,,esp32,,0,,,,,,,,,,,,1,450.0,0.0,0.0,0,NONE
2026-09-28T18:27:49.992+00:00,31.412,manual,Manual cook,temp,2100,414.5,,esp32,,0,,,,,,,,,,,,1,450.0,0.0,0.0,0,NONE
2026-09-28T18:27:50.992+00:00,32.412,manual,Manual cook,temp,2100,412.7,,esp32,,0,,,,,,,,,,,,1,450.0,0.0,0.0,0,NONE
2026-09-28T18:27:51.492+00:00,32.912,manual,Manual cook,temp,2100,411.4,,esp32,,0,,,,,,,,,,,,1,450.0,0.0,0.0,0,NONE
2026-09-28T18:27:52.492+00:00,33.912,manual,Manual cook,temp,2100,408.6,,esp32,,0,,,,,,,,,,,,1,450.0,0.0,0.0,0,NONE
2026-09-28T18:27:53.492+00:00,34.912,manual,Manual cook,temp,2100,407.8,,esp32,,0,,,,,,,,,,,,1,450.0,0.0,0.0,0,NONE
2026-09-28T18:27:54.492+00:00,35.912,manual,Manual cook,temp,2100,406.4,,esp32,,0,,,,,,,,,,,,1,450.0,0.0,0.0,0,NONE
2026-09-28T18:27:55.492+00:00,36.912,manual,Manual cook,temp,2100,403.7,,esp32,,0,,,,,,,,,,,,1,450.0,0.0,0.0,0,NONE
2026-09-28T18:27:55.992+00:00,37.413,manual,Manual cook,temp,2100,403.7,,esp32,,0,,,,,,,,,,,,1,450.0,0.0,0.0,0,NONE
2026-09-28T18:27:56.493+00:00,37.913,manual,Manual cook,temp,2100,402.8,,esp32,,0,,,,,,,,,,,,1,450.0,0.0,0.0,0,NONE
2026-09-28T18:27:57.992+00:00,39.412,manual,Manual cook,temp,2100,400.1,,esp32,,0,,,,,,,,,,,,1,450.0,0.0,0.0,0,NONE
2026-09-28T18:27:58.992+00:00,40.412,manual,Manual cook,temp,2100,399.2,,esp32,,0,,,,,,,,,,,,1,450.0,0.0,0.0,0,NONE
2026-09-28T18:27:59.992+00:00,41.412,manual,Manual cook,temp,2100,397.0,,esp32,,0,,,,,,,,,,,,1,450.0,0.0,0.0,0,NONE
2026-09-28T18:28:00.992+00:00,42.412,manual,Manual cook,temp,2100,396.5,,esp32,,0,,,,,,,,,,,,0,450.0,0.0,0.0,0,NONE
2026-09-28T18:28:01.492+00:00,42.912,manual,Manual cook,temp,2100,394.3,,esp32,,0,,,,,,,,,,,,0,450.0,0.0,0.0,0,NONE
2026-09-28T18:28:01.992+00:00,43.413,manual,Manual cook,temp,2100,393.4,,esp32,,0,,,,,,,,,,,,0,450.0,0.0,0.0,0,NONE
2026-09-28T18:28:02.992+00:00,44.412,manual,Manual cook,temp,2100,392.5,,esp32,,0,,,,,,,,,,,,0,450.0,0.0,0.0,0,NONE
2026-09-28T18:28:03.992+00:00,45.412,manual,Manual cook,temp,2100,390.2,,esp32,,0,,,,,,,,,,,,0,450.0,0.0,0.0,0,NONE
2026-09-28T18:28:04.991+00:00,46.412,manual,Manual cook,temp,2100,387.0,,esp32,,0,,,,,,,,,,,,0,450.0,0.0,0.0,0,NONE
2026-09-28T18:28:05.992+00:00,47.412,manual,Manual cook,temp,2100,383.0,,esp32,,0,,,,,,,,,,,,0,450.0,0.0,0.0,0,NONE
2026-09-28T18:28:06.991+00:00,48.412,manual,Manual cook,temp,2100,382.1,,esp32,,0,,,,,,,,,,,,0,450.0,0.0,0.0,0,NONE
2026-09-28T18:28:07.992+00:00,49.413,manual,Manual cook,temp,2100,377.1,,esp32,,0,,,,,,,,,,,,0,450.0,0.0,0.0,0,NONE
2026-09-28T18:28:08.992+00:00,50.412,manual,Manual cook,temp,2100,374.5,,esp32,,0,,,,,,,,,,,,0,450.0,0.0,0.0,0,NONE
2026-09-28T18:28:09.991+00:00,51.412,manual,Manual cook,temp,2100,371.3,,esp32,,0,,,,,,,,,,,,0,450.0,0.0,0.0,0,NONE
2026-09-28T18:28:10.991+00:00,52.412,manual,Manual cook,temp,2100,370.0,,esp32,,0,,,,,,,,,,,,0,450.0,0.0,0.0,0,NONE
2026-09-28T18:28:11.991+00:00,53.412,manual,Manual cook,temp,2100,366.4,,esp32,,0,,,,,,,,,,,,0,450.0,0.0,0.0,0,NONE
2026-09-28T18:28:12.491+00:00,53.912,manual,Manual cook,temp,2100,364.1,,esp32,,0,,,,,,,,,,,,0,450.0,0.0,0.0,0,NONE
2026-09-28T18:28:12.992+00:00,54.412,manual,Manual cook,temp,2100,362.3,,esp32,,0,,,,,,,,,,,,0,450.0,0.0,0.0,0,NONE
2026-09-28T18:28:13.992+00:00,55.413,manual,Manual cook,temp,2100,360.0,,esp32,,0,,,,,,,,,,,,0,450.0,0.0,0.0,0,NONE
2026-09-28T18:28:14.991+00:00,56.412,manual,Manual cook,temp,2100,357.8,,esp32,,0,,,,,,,,,,,,0,450.0,0.0,0.0,0,NONE
2026-09-28T18:28:15.491+00:00,56.912,manual,Manual cook,temp,2100,354.2,,esp32,,0,,,,,,,,,,,,0,450.0,0.0,0.0,0,NONE
2026-09-28T18:28:16.491+00:00,57.912,manual,Manual cook,temp,2100,353.3,,esp32,,0,,,,,,,,,,,,0,450.0,0.0,0.0,0,NONE
2026-09-28T18:28:16.991+00:00,58.412,manual,Manual cook,temp,2100,352.0,,esp32,,0,,,,,,,,,,,,0,450.0,0.0,0.0,0,NONE
2026-09-28T18:28:17.991+00:00,59.412,manual,Manual cook,temp,2100,348.4,,esp32,,0,,,,,,,,,,,,0,450.0,0.0,0.0,0,NONE
2026-09-28T18:28:18.491+00:00,59.912,manual,Manual cook,temp,2100,346.5,,esp32,,0,,,,,,,,,,,,0,450.0,0.0,0.0,0,NONE
2026-09-28T18:28:19.491+00:00,60.912,manual,Manual cook,temp,2100,344.8,,esp32,,0,,,,,,,,,,,,0,450.0,0.0,0.0,0,NONE
2026-09-28T18:28:20.491+00:00,61.912,manual,Manual cook,temp,2100,342.0,,esp32,,0,,,,,,,,,,,,0,450.0,0.0,0.0,0,NONE
2026-09-28T18:28:20.991+00:00,62.412,manual,Manual cook,temp,2100,339.8,,esp32,,0,,,,,,,,,,,,0,450.0,0.0,0.0,0,NONE
2026-09-28T18:28:21.991+00:00,63.412,manual,Manual cook,temp,2100,337.5,,esp32,,0,,,,,,,,,,,,0,450.0,0.0,0.0,0,NONE
2026-09-28T18:28:22.991+00:00,64.412,manual,Manual cook,temp,2100,335.3,,esp32,,0,,,,,,,,,,,,0,450.0,0.0,0.0,0,NONE
2026-09-28T18:28:23.991+00:00,65.411,manual,Manual cook,temp,2100,332.1,,esp32,,0,,,,,,,,,,,,0,450.0,0.0,0.0,0,NONE
2026-09-28T18:28:24.492+00:00,65.912,manual,Manual cook,temp,2100,330.8,,esp32,,0,,,,,,,,,,,,0,450.0,0.0,0.0,0,NONE
2026-09-28T18:28:25.491+00:00,66.911,manual,Manual cook,temp,2100,326.8,,esp32,,0,,,,,,,,,,,,0,450.0,0.0,0.0,0,NONE
2026-09-28T18:28:25.991+00:00,67.412,manual,Manual cook,temp,2100,325.0,,esp32,,0,,,,,,,,,,,,0,450.0,0.0,0.0,0,NONE
2026-09-28T18:28:26.991+00:00,68.411,manual,Manual cook,temp,2100,323.1,,esp32,,0,,,,,,,,,,,,0,450.0,0.0,0.0,0,NONE
2026-09-28T18:28:27.991+00:00,69.411,manual,Manual cook,temp,2100,320.0,,esp32,,0,,,,,,,,,,,,0,450.0,0.0,0.0,0,NONE
2026-09-28T18:28:28.991+00:00,70.411,manual,Manual cook,temp,2100,317.8,,esp32,,0,,,,,,,,,,,,0,450.0,0.0,0.0,0,NONE
2026-09-28T18:28:29.491+00:00,70.911,manual,Manual cook,temp,2100,315.0,,esp32,,0,,,,,,,,,,,,0,450.0,0.0,0.0,0,NONE
2026-09-28T18:28:29.992+00:00,71.412,manual,Manual cook,temp,2100,315.0,,esp32,,0,,,,,,,,,,,,0,450.0,0.0,0.0,0,NONE
2026-09-28T18:28:30.992+00:00,72.412,manual,Manual cook,temp,2100,312.8,,esp32,,0,,,,,,,,,,,,0,450.0,0.0,0.0,0,NONE
2026-09-28T18:28:31.991+00:00,73.411,manual,Manual cook,temp,2100,309.6,,esp32,,0,,,,,,,,,,,,0,450.0,0.0,0.0,0,NONE
2026-09-28T18:28:32.991+00:00,74.411,manual,Manual cook,temp,2100,307.4,,esp32,,0,,,,,,,,,,,,0,450.0,0.0,0.0,0,NONE
2026-09-28T18:28:33.991+00:00,75.411,manual,Manual cook,temp,2100,304.7,,esp32,,0,,,,,,,,,,,,0,450.0,0.0,0.0,0,NONE
2026-09-28T18:28:34.491+00:00,75.911,manual,Manual cook,temp,2100,302.5,,esp32,,0,,,,,,,,,,,,0,450.0,0.0,0.0,0,NONE
2026-09-28T18:28:34.991+00:00,76.411,manual,Manual cook,temp,2100,300.6,,esp32,,0,,,,,,,,,,,,0,450.0,0.0,0.0,0,NONE
2026-09-28T18:28:35.492+00:00,76.912,manual,Manual cook,temp,2100,300.6,,esp32,,0,,,,,,,,,,,,0,450.0,0.0,0.0,0,NONE
2026-09-28T18:28:36.491+00:00,77.911,manual,Manual cook,temp,2100,298.0,,esp32,,0,,,,,,,,,,,,0,450.0,0.0,0.0,0,NONE
2026-09-28T18:28:36.991+00:00,78.411,manual,Manual cook,temp,2100,294.4,,esp32,,0,,,,,,,,,,,,0,450.0,0.0,0.0,0,NONE
2026-09-28T18:28:37.991+00:00,79.411,manual,Manual cook,temp,2100,293.9,,esp32,,0,,,,,,,,,,,,0,450.0,0.0,0.0,0,NONE
2026-09-28T18:28:38.491+00:00,79.911,manual,Manual cook,temp,2100,291.2,,esp32,,0,,,,,,,,,,,,0,450.0,0.0,0.0,0,NONE
2026-09-28T18:28:39.491+00:00,80.911,manual,Manual cook,temp,2100,290.3,,esp32,,0,,,,,,,,,,,,0,450.0,0.0,0.0,0,NONE
2026-09-28T18:28:40.491+00:00,81.911,manual,Manual cook,temp,2100,288.0,,esp32,,0,,,,,,,,,,,,0,450.0,0.0,0.0,0,NONE
2026-09-28T18:28:40.991+00:00,82.411,manual,Manual cook,temp,2100,285.4,,esp32,,0,,,,,,,,,,,,0,450.0,0.0,0.0,0,NONE
2026-09-28T18:28:41.991+00:00,83.411,manual,Manual cook,temp,2100,284.0,,esp32,,0,,,,,,,,,,,,0,450.0,0.0,0.0,0,NONE
2026-09-28T18:28:42.491+00:00,83.911,manual,Manual cook,temp,2100,283.1,,esp32,,0,,,,,,,,,,,,0,450.0,0.0,0.0,0,NONE
2026-09-28T18:28:42.991+00:00,84.411,manual,Manual cook,temp,2100,280.4,,esp32,,0,,,,,,,,,,,,0,450.0,0.0,0.0,0,NONE
2026-09-28T18:28:43.491+00:00,84.911,manual,Manual cook,temp,2100,279.5,,esp32,,0,,,,,,,,,,,,0,450.0,0.0,0.0,0,NONE
2026-09-28T18:28:44.491+00:00,85.911,manual,Manual cook,temp,2100,276.8,,esp32,,0,,,,,,,,,,,,0,450.0,0.0,0.0,0,NONE
2026-09-28T18:28:45.491+00:00,86.911,manual,Manual cook,temp,2100,275.0,,esp32,,0,,,,,,,,,,,,0,450.0,0.0,0.0,0,NONE
2026-09-28T18:28:45.991+00:00,87.412,manual,Manual cook,temp,2100,273.6,,esp32,,0,,,,,,,,,,,,0,450.0,0.0,0.0,0,NONE
2026-09-28T18:28:46.991+00:00,88.411,manual,Manual cook,temp,2100,271.0,,esp32,,0,,,,,,,,,,,,0,450.0,0.0,0.0,0,NONE
2026-09-28T18:28:47.991+00:00,89.411,manual,Manual cook,temp,2100,270.0,,esp32,,0,,,,,,,,,,,,0,450.0,0.0,0.0,0,NONE
2026-09-28T18:28:48.491+00:00,89.911,manual,Manual cook,temp,2100,268.3,,esp32,,0,,,,,,,,,,,,0,450.0,0.0,0.0,0,NONE
2026-09-28T18:28:48.991+00:00,90.411,manual,Manual cook,temp,2100,266.9,,esp32,,0,,,,,,,,,,,,0,450.0,0.0,0.0,0,NONE
2026-09-28T18:28:49.491+00:00,90.911,manual,Manual cook,temp,2100,266.0,,esp32,,0,,,,,,,,,,,,0,450.0,0.0,0.0,0,NONE
2026-09-28T18:28:50.491+00:00,91.911,manual,Manual cook,temp,2100,263.8,,esp32,,0,,,,,,,,,,,,0,450.0,0.0,0.0,0,NONE
2026-09-28T18:28:50.991+00:00,92.411,manual,Manual cook,temp,2100,262.4,,esp32,,0,,,,,,,,,,,,0,450.0,0.0,0.0,0,NONE
2026-09-28T18:28:51.991+00:00,93.412,manual,Manual cook,temp,2100,261.0,,esp32,,0,,,,,,,,,,,,0,450.0,0.0,0.0,0,NONE
2026-09-28T18:28:52.991+00:00,94.411,manual,Manual cook,temp,2100,257.9,,esp32,,0,,,,,,,,,,,,0,450.0,0.0,0.0,0,NONE
2026-09-28T18:28:53.991+00:00,95.411,manual,Manual cook,temp,2100,255.2,,esp32,,0,,,,,,,,,,,,0,450.0,0.0,0.0,0,NONE
2026-09-28T18:28:54.491+00:00,95.911,manual,Manual cook,temp,2100,253.9,,esp32,,0,,,,,,,,,,,,0,450.0,0.0,0.0,0,NONE
2026-09-28T18:28:55.490+00:00,96.911,manual,Manual cook,temp,2100,252.9,,esp32,,0,,,,,,,,,,,,0,450.0,0.0,0.0,0,NONE
2026-09-28T18:28:55.991+00:00,97.411,manual,Manual cook,temp,2100,252.1,,esp32,,0,,,,,,,,,,,,0,450.0,0.0,0.0,0,NONE
2026-09-28T18:28:56.991+00:00,98.411,manual,Manual cook,temp,2100,248.9,,esp32,,0,,,,,,,,,,,,0,450.0,0.0,0.0,0,NONE
2026-09-28T18:28:57.991+00:00,99.411,manual,Manual cook,temp,2100,248.0,,esp32,,0,,,,,,,,,,,,0,450.0,0.0,0.0,0,NONE
2026-09-28T18:28:58.990+00:00,100.411,manual,Manual cook,temp,2100,246.6,,esp32,,0,,,,,,,,,,,,0,450.0,0.0,0.0,0,NONE
2026-09-28T18:28:59.990+00:00,101.411,manual,Manual cook,temp,2100,243.1,,esp32,,0,,,,,,,,,,,,0,450.0,0.0,0.0,0,NONE
2026-09-28T18:29:00.990+00:00,102.411,manual,Manual cook,temp,2100,241.3,,esp32,,0,,,,,,,,,,,,0,450.0,0.0,0.0,0,NONE
2026-09-28T18:29:01.990+00:00,103.411,manual,Manual cook,temp,2100,240.4,,esp32,,0,,,,,,,,,,,,0,450.0,0.0,0.0,0,NONE
2026-09-28T18:29:02.490+00:00,103.911,manual,Manual cook,temp,2100,239.0,,esp32,,0,,,,,,,,,,,,0,450.0,0.0,0.0,0,NONE
2026-09-28T18:29:03.491+00:00,104.911,manual,Manual cook,temp,2100,237.6,,esp32,,0,,,,,,,,,,,,0,450.0,0.0,0.0,0,NONE
2026-09-28T18:29:04.490+00:00,105.911,manual,Manual cook,temp,2100,235.9,,esp32,,0,,,,,,,,,,,,0,450.0,0.0,0.0,0,NONE
2026-09-28T18:29:05.490+00:00,106.911,manual,Manual cook,temp,2100,233.6,,esp32,,0,,,,,,,,,,,,0,450.0,0.0,0.0,0,NONE
2026-09-28T18:29:06.490+00:00,107.911,manual,Manual cook,temp,2100,232.3,,esp32,,0,,,,,,,,,,,,0,450.0,0.0,0.0,0,NONE
2026-09-28T18:29:07.490+00:00,108.911,manual,Manual cook,temp,2100,230.4,,esp32,,0,,,,,,,,,,,,0,450.0,0.0,0.0,0,NONE
2026-09-28T18:29:08.490+00:00,109.911,manual,Manual cook,temp,2100,228.6,,esp32,,0,,,,,,,,,,,,0,450.0,0.0,0.0,0,NONE
2026-09-28T18:29:08.991+00:00,110.411,manual,Manual cook,temp,2100,228.2,,esp32,,0,,,,,,,,,,,,0,450.0,0.0,0.0,0,NONE
2026-09-28T18:29:09.990+00:00,111.411,manual,Manual cook,temp,2100,225.1,,esp32,,0,,,,,,,,,,,,0,450.0,0.0,0.0,0,NONE
2026-09-28T18:29:10.990+00:00,112.411,manual,Manual cook,temp,2100,224.1,,esp32,,0,,,,,,,,,,,,0,450.0,0.0,0.0,0,NONE
2026-09-28T18:29:11.990+00:00,113.411,manual,Manual cook,temp,2100,222.4,,esp32,,0,,,,,,,,,,,,0,450.0,0.0,0.0,0,NONE
2026-09-28T18:29:12.990+00:00,114.411,manual,Manual cook,temp,2100,220.6,,esp32,,0,,,,,,,,,,,,0,450.0,0.0,0.0,0,NONE
2026-09-28T18:29:13.490+00:00,114.911,manual,Manual cook,temp,2100,220.1,,esp32,,0,,,,,,,,,,,,0,450.0,0.0,0.0,0,NONE
2026-09-28T18:29:14.491+00:00,115.911,manual,Manual cook,temp,2100,218.3,,esp32,,0,,,,,,,,,,,,0,450.0,0.0,0.0,0,NONE
2026-09-28T18:29:15.490+00:00,116.911,manual,Manual cook,temp,2100,216.9,,esp32,,0,,,,,,,,,,,,0,450.0,0.0,0.0,0,NONE
2026-09-28T18:29:16.490+00:00,117.911,manual,Manual cook,temp,2100,215.6,,esp32,,0,,,,,,,,,,,,0,450.0,0.0,0.0,0,NONE
2026-09-28T18:29:17.490+00:00,118.910,manual,Manual cook,temp,2100,213.8,,esp32,,0,,,,,,,,,,,,0,450.0,0.0,0.0,0,NONE
2026-09-28T18:29:18.490+00:00,119.910,manual,Manual cook,temp,2100,212.0,,esp32,,0,,,,,,,,,,,,0,450.0,0.0,0.0,0,NONE
2026-09-28T18:29:19.490+00:00,120.910,manual,Manual cook,temp,2100,211.1,,esp32,,0,,,,,,,,,,,,0,450.0,0.0,0.0,0,NONE
2026-09-28T18:29:19.991+00:00,121.411,manual,Manual cook,temp,2100,210.6,,esp32,,0,,,,,,,,,,,,0,450.0,0.0,0.0,0,NONE
2026-09-28T18:29:20.990+00:00,122.410,manual,Manual cook,temp,2100,208.9,,esp32,,0,,,,,,,,,,,,0,450.0,0.0,0.0,0,NONE
2026-09-28T18:29:21.490+00:00,122.910,manual,Manual cook,temp,2100,207.5,,esp32,,0,,,,,,,,,,,,0,450.0,0.0,0.0,0,NONE
2026-09-28T18:29:22.490+00:00,123.910,manual,Manual cook,temp,2100,205.7,,esp32,,0,,,,,,,,,,,,0,450.0,0.0,0.0,0,NONE
2026-09-28T18:29:22.990+00:00,124.410,manual,Manual cook,temp,2100,205.7,,esp32,,0,,,,,,,,,,,,0,450.0,0.0,0.0,0,NONE
2026-09-28T18:29:23.990+00:00,125.410,manual,Manual cook,temp,2100,204.4,,esp32,,0,,,,,,,,,,,,0,450.0,0.0,0.0,0,NONE
2026-09-28T18:29:24.990+00:00,126.410,manual,Manual cook,temp,2100,202.1,,esp32,,0,,,,,,,,,,,,0,450.0,0.0,0.0,0,NONE
2026-09-28T18:29:25.990+00:00,127.410,manual,Manual cook,temp,2100,202.1,,esp32,,0,,,,,,,,,,,,0,450.0,0.0,0.0,0,NONE
2026-09-28T18:29:26.490+00:00,127.910,manual,Manual cook,temp,2100,200.3,,esp32,,0,,,,,,,,,,,,0,450.0,0.0,0.0,0,NONE
2026-09-28T18:29:27.490+00:00,128.910,manual,Manual cook,temp,2100,200.3,,esp32,,0,,,,,,,,,,,,0,450.0,0.0,0.0,0,NONE
2026-09-28T18:29:27.990+00:00,129.410,manual,Manual cook,temp,2100,198.9,,esp32,,0,,,,,,,,,,,,0,450.0,0.0,0.0,0,NONE
2026-09-28T18:29:28.490+00:00,129.910,manual,Manual cook,temp,2100,198.9,,esp32,,0,,,,,,,,,,,,0,450.0,0.0,0.0,0,NONE
2026-09-28T18:29:29.490+00:00,130.910,manual,Manual cook,temp,2100,197.6,,esp32,,0,,,,,,,,,,,,0,450.0,0.0,0.0,0,NONE
2026-09-28T18:29:30.490+00:00,131.911,manual,Manual cook,temp,2100,196.3,,esp32,,0,,,,,,,,,,,,0,450.0,0.0,0.0,0,NONE
2026-09-28T18:29:30.990+00:00,132.411,manual,Manual cook,temp,2100,195.4,,esp32,,0,,,,,,,,,,,,0,450.0,0.0,0.0,0,NONE
2026-09-28T18:29:31.492+00:00,132.913,manual,Manual cook,temp,2100,194.9,,esp32,,0,,,,,,,,,,,,0,450.0,0.0,0.0,0,NONE
2026-09-28T18:29:32.490+00:00,133.910,manual,Manual cook,temp,2100,193.6,,esp32,,0,,,,,,,,,,,,0,450.0,0.0,0.0,0,NONE
2026-09-28T18:29:33.490+00:00,134.910,manual,Manual cook,temp,2100,192.2,,esp32,,0,,,,,,,,,,,,0,450.0,0.0,0.0,0,NONE
2026-09-28T18:29:34.490+00:00,135.910,manual,Manual cook,temp,2100,191.3,,esp32,,0,,,,,,,,,,,,0,450.0,0.0,0.0,0,NONE
2026-09-28T18:29:34.990+00:00,136.410,manual,Manual cook,temp,2100,191.3,,esp32,,0,,,,,,,,,,,,0,450.0,0.0,0.0,0,NONE
2026-09-28T18:29:35.990+00:00,137.410,manual,Manual cook,temp,2100,189.9,,esp32,,0,,,,,,,,,,,,0,450.0,0.0,0.0,0,NONE
2026-09-28T18:29:36.490+00:00,137.910,manual,Manual cook,temp,2100,189.1,,esp32,,0,,,,,,,,,,,,0,450.0,0.0,0.0,0,NONE
2026-09-28T18:29:37.490+00:00,138.910,manual,Manual cook,temp,2100,189.1,,esp32,,0,,,,,,,,,,,,0,450.0,0.0,0.0,0,NONE
2026-09-28T18:29:38.990+00:00,140.410,manual,Manual cook,temp,2100,186.8,,esp32,,0,,,,,,,,,,,,0,450.0,0.0,0.0,0,NONE
2026-09-28T18:29:39.490+00:00,140.910,manual,Manual cook,temp,2100,185.0,,esp32,,0,,,,,,,,,,,,0,450.0,0.0,0.0,0,NONE
2026-09-28T18:29:40.490+00:00,141.910,manual,Manual cook,temp,2100,184.6,,esp32,,0,,,,,,,,,,,,0,450.0,0.0,0.0,0,NONE
2026-09-28T18:29:41.490+00:00,142.910,manual,Manual cook,temp,2100,184.1,,esp32,,0,,,,,,,,,,,,0,450.0,0.0,0.0,0,NONE
2026-09-28T18:29:41.990+00:00,143.411,manual,Manual cook,temp,2100,183.2,,esp32,,0,,,,,,,,,,,,0,450.0,0.0,0.0,0,NONE
2026-09-28T18:29:42.490+00:00,143.911,manual,Manual cook,temp,2100,182.3,,esp32,,0,,,,,,,,,,,,0,450.0,0.0,0.0,0,NONE
2026-09-28T18:29:43.490+00:00,144.910,manual,Manual cook,temp,2100,182.3,,esp32,,0,,,,,,,,,,,,0,450.0,0.0,0.0,0,NONE
2026-09-28T18:29:44.490+00:00,145.910,manual,Manual cook,temp,2100,180.1,,esp32,,0,,,,,,,,,,,,0,450.0,0.0,0.0,0,NONE
2026-09-28T18:29:45.490+00:00,146.910,manual,Manual cook,temp,2100,180.1,,esp32,,0,,,,,,,,,,,,0,450.0,0.0,0.0,0,NONE
2026-09-28T18:29:46.490+00:00,147.910,manual,Manual cook,temp,2100,179.6,,esp32,,0,,,,,,,,,,,,0,450.0,0.0,0.0,0,NONE
2026-09-28T18:29:47.490+00:00,148.910,manual,Manual cook,temp,2100,177.4,,esp32,,0,,,,,,,,,,,,0,450.0,0.0,0.0,0,NONE
2026-09-28T18:29:48.490+00:00,149.911,manual,Manual cook,temp,2100,177.8,,esp32,,0,,,,,,,,,,,,0,450.0,0.0,0.0,0,NONE
2026-09-28T18:29:49.489+00:00,150.910,manual,Manual cook,temp,2100,176.4,,esp32,,0,,,,,,,,,,,,0,450.0,0.0,0.0,0,NONE
2026-09-28T18:29:49.989+00:00,151.410,manual,Manual cook,temp,2100,175.6,,esp32,,0,,,,,,,,,,,,0,450.0,0.0,0.0,0,NONE
2026-09-28T18:29:50.490+00:00,151.910,manual,Manual cook,temp,2100,175.6,,esp32,,0,,,,,,,,,,,,0,450.0,0.0,0.0,0,NONE
2026-09-28T18:29:51.489+00:00,152.910,manual,Manual cook,temp,2100,174.2,,esp32,,0,,,,,,,,,,,,0,450.0,0.0,0.0,0,NONE
2026-09-28T18:29:51.990+00:00,153.410,manual,Manual cook,temp,2100,173.8,,esp32,,0,,,,,,,,,,,,0,450.0,0.0,0.0,0,NONE
2026-09-28T18:29:52.990+00:00,154.411,manual,Manual cook,temp,2100,173.8,,esp32,,0,,,,,,,,,,,,0,450.0,0.0,0.0,0,NONE
2026-09-28T18:29:53.990+00:00,155.410,manual,Manual cook,temp,2100,172.4,,esp32,,0,,,,,,,,,,,,0,450.0,0.0,0.0,0,NONE
2026-09-28T18:29:54.989+00:00,156.410,manual,Manual cook,temp,2100,170.6,,esp32,,0,,,,,,,,,,,,0,450.0,0.0,0.0,0,NONE
2026-09-28T18:29:55.989+00:00,157.410,manual,Manual cook,temp,2100,170.6,,esp32,,0,,,,,,,,,,,,0,450.0,0.0,0.0,0,NONE
2026-09-28T18:29:56.989+00:00,158.410,manual,Manual cook,temp,2100,168.8,,esp32,,0,,,,,,,,,,,,0,450.0,0.0,0.0,0,NONE
2026-09-28T18:29:57.989+00:00,159.410,manual,Manual cook,temp,2100,168.8,,esp32,,0,,,,,,,,,,,,0,450.0,0.0,0.0,0,NONE
2026-09-28T18:29:58.489+00:00,159.910,manual,Manual cook,temp,2100,168.4,,esp32,,0,,,,,,,,,,,,0,450.0,0.0,0.0,0,NONE
2026-09-28T18:29:59.489+00:00,160.909,manual,Manual cook,temp,2100,167.4,,esp32,,0,,,,,,,,,,,,0,450.0,0.0,0.0,0,NONE
2026-09-28T18:30:00.489+00:00,161.909,manual,Manual cook,temp,2100,167.4,,esp32,,0,,,,,,,,,,,,0,450.0,0.0,0.0,0,NONE
2026-09-28T18:30:00.989+00:00,162.410,manual,Manual cook,temp,2100,166.1,,esp32,,0,,,,,,,,,,,,0,450.0,0.0,0.0,0,NONE
2026-09-28T18:30:01.989+00:00,163.409,manual,Manual cook,temp,2100,166.1,,esp32,,0,,,,,,,,,,,,0,450.0,0.0,0.0,0,NONE
2026-09-28T18:30:02.489+00:00,163.910,manual,Manual cook,temp,2100,165.2,,esp32,,0,,,,,,,,,,,,0,450.0,0.0,0.0,0,NONE
2026-09-28T18:30:03.489+00:00,164.909,manual,Manual cook,temp,2100,164.8,,esp32,,0,,,,,,,,,,,,0,450.0,0.0,0.0,0,NONE
2026-09-28T18:30:04.490+00:00,165.910,manual,Manual cook,temp,2100,163.9,,esp32,,0,,,,,,,,,,,,0,450.0,0.0,0.0,0,NONE
2026-09-28T18:30:05.489+00:00,166.909,manual,Manual cook,temp,2100,162.9,,esp32,,0,,,,,,,,,,,,0,450.0,0.0,0.0,0,NONE
2026-09-28T18:30:05.989+00:00,167.409,manual,Manual cook,temp,2100,162.9,,esp32,,0,,,,,,,,,,,,0,450.0,0.0,0.0,0,NONE
2026-09-28T18:30:06.989+00:00,168.409,manual,Manual cook,temp,2100,162.1,,esp32,,0,,,,,,,,,,,,0,450.0,0.0,0.0,0,NONE
2026-09-28T18:30:07.489+00:00,168.910,manual,Manual cook,temp,2100,162.1,,esp32,,0,,,,,,,,,,,,0,450.0,0.0,0.0,0,NONE
2026-09-28T18:30:08.489+00:00,169.909,manual,Manual cook,temp,2100,161.1,,esp32,,0,,,,,,,,,,,,0,450.0,0.0,0.0,0,NONE
2026-09-28T18:30:08.989+00:00,170.409,manual,Manual cook,temp,2100,161.1,,esp32,,0,,,,,,,,,,,,0,450.0,0.0,0.0,0,NONE
2026-09-28T18:30:09.489+00:00,170.909,manual,Manual cook,temp,2100,160.7,,esp32,,0,,,,,,,,,,,,0,450.0,0.0,0.0,0,NONE
2026-09-28T18:30:10.489+00:00,171.909,manual,Manual cook,temp,2100,159.8,,esp32,,0,,,,,,,,,,,,0,450.0,0.0,0.0,0,NONE
2026-09-28T18:30:10.989+00:00,172.409,manual,Manual cook,temp,2100,159.4,,esp32,,0,,,,,,,,,,,,0,450.0,0.0,0.0,0,NONE
2026-09-28T18:30:11.989+00:00,173.409,manual,Manual cook,temp,2100,158.9,,esp32,,0,,,,,,,,,,,,0,450.0,0.0,0.0,0,NONE
2026-09-28T18:30:12.989+00:00,174.409,manual,Manual cook,temp,2100,157.6,,esp32,,0,,,,,,,,,,,,0,450.0,0.0,0.0,0,NONE
2026-09-28T18:30:13.989+00:00,175.409,manual,Manual cook,temp,2100,158.0,,esp32,,0,,,,,,,,,,,,0,450.0,0.0,0.0,0,NONE
2026-09-28T18:30:14.990+00:00,176.410,manual,Manual cook,temp,2100,156.6,,esp32,,0,,,,,,,,,,,,0,450.0,0.0,0.0,0,NONE
2026-09-28T18:30:15.989+00:00,177.409,manual,Manual cook,temp,2100,155.3,,esp32,,0,,,,,,,,,,,,0,450.0,0.0,0.0,0,NONE
2026-09-28T18:30:16.989+00:00,178.409,manual,Manual cook,temp,2100,155.3,,esp32,,0,,,,,,,,,,,,0,450.0,0.0,0.0,0,NONE
2026-09-28T18:30:17.989+00:00,179.409,manual,Manual cook,temp,2100,154.9,,esp32,,0,,,,,,,,,,,,0,450.0,0.0,0.0,0,NONE
2026-09-28T18:30:18.989+00:00,180.409,manual,Manual cook,temp,2100,153.9,,esp32,,0,,,,,,,,,,,,0,450.0,0.0,0.0,0,NONE
2026-09-28T18:30:19.989+00:00,181.409,manual,Manual cook,temp,2100,153.5,,esp32,,0,,,,,,,,,,,,0,450.0,0.0,0.0,0,NONE
2026-09-28T18:30:20.489+00:00,181.909,manual,Manual cook,temp,2100,153.1,,esp32,,0,,,,,,,,,,,,0,450.0,0.0,0.0,0,NONE
2026-09-28T18:30:20.989+00:00,182.410,manual,Manual cook,temp,2100,153.1,,esp32,,0,,,,,,,,,,,,0,450.0,0.0,0.0,0,NONE
2026-09-28T18:30:21.490+00:00,182.910,manual,Manual cook,temp,2100,152.1,,esp32,,0,,,,,,,,,,,,0,450.0,0.0,0.0,0,NONE
2026-09-28T18:30:22.489+00:00,183.909,manual,Manual cook,temp,2100,151.7,,esp32,,0,,,,,,,,,,,,0,450.0,0.0,0.0,0,NONE
2026-09-28T18:30:23.489+00:00,184.909,manual,Manual cook,temp,2100,151.3,,esp32,,0,,,,,,,,,,,,0,450.0,0.0,0.0,0,NONE
2026-09-28T18:30:24.489+00:00,185.909,manual,Manual cook,temp,2100,150.8,,esp32,,0,,,,,,,,,,,,0,450.0,0.0,0.0,0,NONE
2026-09-28T18:30:25.489+00:00,186.909,manual,Manual cook,temp,2100,150.8,,esp32,,0,,,,,,,,,,,,0,450.0,0.0,0.0,0,NONE
2026-09-28T18:30:26.488+00:00,187.909,manual,Manual cook,temp,2100,149.9,,esp32,,0,,,,,,,,,,,,0,450.0,0.0,0.0,0,NONE
2026-09-28T18:30:26.988+00:00,188.409,manual,Manual cook,temp,2100,149.0,,esp32,,0,,,,,,,,,,,,0,450.0,0.0,0.0,0,NONE
2026-09-28T18:30:27.989+00:00,189.409,manual,Manual cook,temp,2100,149.0,,esp32,,0,,,,,,,,,,,,0,450.0,0.0,0.0,0,NONE
2026-09-28T18:30:28.989+00:00,190.409,manual,Manual cook,temp,2100,148.6,,esp32,,0,,,,,,,,,,,,0,450.0,0.0,0.0,0,NONE
2026-09-28T18:30:29.988+00:00,191.409,manual,Manual cook,temp,2100,148.1,,esp32,,0,,,,,,,,,,,,0,450.0,0.0,0.0,0,NONE
2026-09-28T18:30:30.489+00:00,191.909,manual,Manual cook,temp,2100,147.2,,esp32,,0,,,,,,,,,,,,0,450.0,0.0,0.0,0,NONE
2026-09-28T18:30:31.488+00:00,192.909,manual,Manual cook,temp,2100,145.9,,esp32,,0,,,,,,,,,,,,0,450.0,0.0,0.0,0,NONE
2026-09-28T18:30:32.488+00:00,193.909,manual,Manual cook,temp,2100,146.3,,esp32,,0,,,,,,,,,,,,0,450.0,0.0,0.0,0,NONE
2026-09-28T18:30:32.988+00:00,194.409,manual,Manual cook,temp,2100,146.3,,esp32,,0,,,,,,,,,,,,0,450.0,0.0,0.0,0,NONE
2026-09-28T18:30:33.488+00:00,194.909,manual,Manual cook,temp,2100,144.1,,esp32,,0,,,,,,,,,,,,0,450.0,0.0,0.0,0,NONE
2026-09-28T18:30:34.488+00:00,195.909,manual,Manual cook,temp,2100,144.5,,esp32,,0,,,,,,,,,,,,0,450.0,0.0,0.0,0,NONE
2026-09-28T18:30:35.488+00:00,196.909,manual,Manual cook,temp,2100,144.9,,esp32,,0,,,,,,,,,,,,0,450.0,0.0,0.0,0,NONE
2026-09-28T18:30:35.988+00:00,197.409,manual,Manual cook,temp,2100,144.9,,esp32,,0,,,,,,,,,,,,0,450.0,0.0,0.0,0,NONE
2026-09-28T18:30:36.488+00:00,197.909,manual,Manual cook,temp,2100,143.1,,esp32,,0,,,,,,,,,,,,0,450.0,0.0,0.0,0,NONE
2026-09-28T18:30:36.989+00:00,198.409,manual,Manual cook,temp,2100,143.1,,esp32,,0,,,,,,,,,,,,0,450.0,0.0,0.0,0,NONE
2026-09-28T18:30:37.489+00:00,198.910,manual,Manual cook,temp,2100,144.1,,esp32,,0,,,,,,,,,,,,0,450.0,0.0,0.0,0,NONE
2026-09-28T18:30:38.488+00:00,199.909,manual,Manual cook,temp,2100,143.6,,esp32,,0,,,,,,,,,,,,0,450.0,0.0,0.0,0,NONE
2026-09-28T18:30:39.488+00:00,200.909,manual,Manual cook,temp,2100,142.3,,esp32,,0,,,,,,,,,,,,0,450.0,0.0,0.0,0,NONE
2026-09-28T18:30:40.488+00:00,201.909,manual,Manual cook,temp,2100,142.7,,esp32,,0,,,,,,,,,,,,0,450.0,0.0,0.0,0,NONE
2026-09-28T18:30:40.988+00:00,202.409,manual,Manual cook,temp,2100,142.7,,esp32,,0,,,,,,,,,,,,0,450.0,0.0,0.0,0,NONE
2026-09-28T18:30:41.988+00:00,203.409,manual,Manual cook,temp,2100,141.8,,esp32,,0,,,,,,,,,,,,0,450.0,0.0,0.0,0,NONE
2026-09-28T18:30:42.989+00:00,204.409,manual,Manual cook,temp,2100,140.9,,esp32,,0,,,,,,,,,,,,0,450.0,0.0,0.0,0,NONE
2026-09-28T18:30:43.489+00:00,204.909,manual,Manual cook,temp,2100,140.9,,esp32,,0,,,,,,,,,,,,0,450.0,0.0,0.0,0,NONE
2026-09-28T18:30:44.488+00:00,205.909,manual,Manual cook,temp,2100,140.4,,esp32,,0,,,,,,,,,,,,0,450.0,0.0,0.0,0,NONE
2026-09-28T18:30:45.488+00:00,206.908,manual,Manual cook,temp,2100,140.4,,esp32,,0,,,,,,,,,,,,0,450.0,0.0,0.0,0,NONE
2026-09-28T18:30:45.988+00:00,207.409,manual,Manual cook,temp,2100,140.4,,esp32,,0,,,,,,,,,,,,0,450.0,0.0,0.0,0,NONE
2026-09-28T18:30:46.988+00:00,208.408,manual,Manual cook,temp,2100,139.6,,esp32,,0,,,,,,,,,,,,0,450.0,0.0,0.0,0,NONE
2026-09-28T18:30:47.988+00:00,209.409,manual,Manual cook,temp,2100,138.6,,esp32,,0,,,,,,,,,,,,0,450.0,0.0,0.0,0,NONE
2026-09-28T18:30:48.988+00:00,210.408,manual,Manual cook,temp,2100,139.1,,esp32,,0,,,,,,,,,,,,0,450.0,0.0,0.0,0,NONE
2026-09-28T18:30:49.988+00:00,211.408,manual,Manual cook,temp,2100,138.6,,esp32,,0,,,,,,,,,,,,0,450.0,0.0,0.0,0,NONE
2026-09-28T18:30:50.988+00:00,212.408,manual,Manual cook,temp,2100,137.3,,esp32,,0,,,,,,,,,,,,0,450.0,0.0,0.0,0,NONE
2026-09-28T18:30:51.488+00:00,212.909,manual,Manual cook,temp,2100,136.9,,esp32,,0,,,,,,,,,,,,0,450.0,0.0,0.0,0,NONE
2026-09-28T18:30:52.488+00:00,213.908,manual,Manual cook,temp,2100,137.3,,esp32,,0,,,,,,,,,,,,0,450.0,0.0,0.0,0,NONE
2026-09-28T18:30:53.488+00:00,214.909,manual,Manual cook,temp,2100,136.4,,esp32,,0,,,,,,,,,,,,0,450.0,0.0,0.0,0,NONE
2026-09-28T18:30:53.989+00:00,215.409,manual,Manual cook,temp,2100,136.4,,esp32,,0,,,,,,,,,,,,0,450.0,0.0,0.0,0,NONE
2026-09-28T18:30:54.489+00:00,215.909,manual,Manual cook,temp,2100,136.4,,esp32,,0,,,,,,,,,,,,0,450.0,0.0,0.0,0,NONE
2026-09-28T18:30:55.488+00:00,216.908,manual,Manual cook,temp,2100,135.5,,esp32,,0,,,,,,,,,,,,0,450.0,0.0,0.0,0,NONE
2026-09-28T18:30:56.488+00:00,217.908,manual,Manual cook,temp,2100,135.9,,esp32,,0,,,,,,,,,,,,0,450.0,0.0,0.0,0,NONE
2026-09-28T18:30:57.488+00:00,218.908,manual,Manual cook,temp,2100,135.1,,esp32,,0,,,,,,,,,,,,0,450.0,0.0,0.0,0,NONE
2026-09-28T18:30:57.988+00:00,219.408,manual,Manual cook,temp,2100,135.5,,esp32,,0,,,,,,,,,,,,0,450.0,0.0,0.0,0,NONE
2026-09-28T18:30:58.988+00:00,220.408,manual,Manual cook,temp,2100,135.1,,esp32,,0,,,,,,,,,,,,0,450.0,0.0,0.0,0,NONE
2026-09-28T18:30:59.988+00:00,221.408,manual,Manual cook,temp,2100,133.7,,esp32,,0,,,,,,,,,,,,0,450.0,0.0,0.0,0,NONE
2026-09-28T18:31:00.988+00:00,222.408,manual,Manual cook,temp,2100,133.7,,esp32,,0,,,,,,,,,,,,0,450.0,0.0,0.0,0,NONE
2026-09-28T18:31:01.988+00:00,223.408,manual,Manual cook,temp,2100,133.3,,esp32,,0,,,,,,,,,,,,0,450.0,0.0,0.0,0,NONE
2026-09-28T18:31:02.988+00:00,224.408,manual,Manual cook,temp,2100,133.3,,esp32,,0,,,,,,,,,,,,0,450.0,0.0,0.0,0,NONE
2026-09-28T18:31:03.988+00:00,225.408,manual,Manual cook,temp,2100,132.4,,esp32,,0,,,,,,,,,,,,0,450.0,0.0,0.0,0,NONE
2026-09-28T18:31:04.988+00:00,226.409,manual,Manual cook,temp,2100,132.4,,esp32,,0,,,,,,,,,,,,0,450.0,0.0,0.0,0,NONE
2026-09-28T18:31:05.488+00:00,226.909,manual,Manual cook,temp,2100,132.4,,esp32,,0,,,,,,,,,,,,0,450.0,0.0,0.0,0,NONE
2026-09-28T18:31:06.488+00:00,227.908,manual,Manual cook,temp,2100,131.0,,esp32,,0,,,,,,,,,,,,0,450.0,0.0,0.0,0,NONE
2026-09-28T18:31:07.488+00:00,228.908,manual,Manual cook,temp,2100,131.4,,esp32,,0,,,,,,,,,,,,0,450.0,0.0,0.0,0,NONE
2026-09-28T18:31:08.488+00:00,229.908,manual,Manual cook,temp,2100,130.6,,esp32,,0,,,,,,,,,,,,0,450.0,0.0,0.0,0,NONE
2026-09-28T18:31:08.988+00:00,230.408,manual,Manual cook,temp,2100,131.4,,esp32,,0,,,,,,,,,,,,0,450.0,0.0,0.0,0,NONE
2026-09-28T18:31:09.488+00:00,230.908,manual,Manual cook,temp,2100,131.4,,esp32,,0,,,,,,,,,,,,0,450.0,0.0,0.0,0,NONE
2026-09-28T18:31:10.487+00:00,231.908,manual,Manual cook,temp,2100,131.0,,esp32,,0,,,,,,,,,,,,0,450.0,0.0,0.0,0,NONE
2026-09-28T18:31:10.988+00:00,232.409,manual,Manual cook,temp,2100,131.0,,esp32,,0,,,,,,,,,,,,0,450.0,0.0,0.0,0,NONE
2026-09-28T18:31:11.488+00:00,232.909,manual,Manual cook,temp,2100,130.1,,esp32,,0,,,,,,,,,,,,0,450.0,0.0,0.0,0,NONE
2026-09-28T18:31:12.488+00:00,233.908,manual,Manual cook,temp,2100,130.6,,esp32,,0,,,,,,,,,,,,0,450.0,0.0,0.0,0,NONE
2026-09-28T18:31:13.487+00:00,234.908,manual,Manual cook,temp,2100,130.6,,esp32,,0,,,,,,,,,,,,0,450.0,0.0,0.0,0,NONE
2026-09-28T18:31:13.988+00:00,235.408,manual,Manual cook,temp,2100,129.6,,esp32,,0,,,,,,,,,,,,0,450.0,0.0,0.0,0,NONE
2026-09-28T18:31:14.988+00:00,236.408,manual,Manual cook,temp,2100,128.8,,esp32,,0,,,,,,,,,,,,0,450.0,0.0,0.0,0,NONE
2026-09-28T18:31:15.987+00:00,237.408,manual,Manual cook,temp,2100,129.2,,esp32,,0,,,,,,,,,,,,0,450.0,0.0,0.0,0,NONE
2026-09-28T18:31:16.487+00:00,237.908,manual,Manual cook,temp,2100,127.4,,esp32,,0,,,,,,,,,,,,0,450.0,0.0,0.0,0,NONE
2026-09-28T18:31:16.988+00:00,238.408,manual,Manual cook,temp,2100,127.4,,esp32,,0,,,,,,,,,,,,0,450.0,0.0,0.0,0,NONE
2026-09-28T18:31:17.488+00:00,238.909,manual,Manual cook,temp,2100,128.3,,esp32,,0,,,,,,,,,,,,0,450.0,0.0,0.0,0,NONE
2026-09-28T18:31:18.487+00:00,239.908,manual,Manual cook,temp,2100,127.4,,esp32,,0,,,,,,,,,,,,0,450.0,0.0,0.0,0,NONE
2026-09-28T18:31:19.487+00:00,240.908,manual,Manual cook,temp,2100,128.3,,esp32,,0,,,,,,,,,,,,0,450.0,0.0,0.0,0,NONE
2026-09-28T18:31:20.487+00:00,241.908,manual,Manual cook,temp,2100,127.8,,esp32,,0,,,,,,,,,,,,0,450.0,0.0,0.0,0,NONE
2026-09-28T18:31:20.987+00:00,242.408,manual,Manual cook,temp,2100,127.8,,esp32,,0,,,,,,,,,,,,0,450.0,0.0,0.0,0,NONE
2026-09-28T18:31:21.987+00:00,243.408,manual,Manual cook,temp,2100,126.5,,esp32,,0,,,,,,,,,,,,0,450.0,0.0,0.0,0,NONE
2026-09-28T18:31:22.487+00:00,243.908,manual,Manual cook,temp,2100,126.9,,esp32,,0,,,,,,,,,,,,0,450.0,0.0,0.0,0,NONE
2026-09-28T18:31:23.487+00:00,244.908,manual,Manual cook,temp,2100,126.9,,esp32,,0,,,,,,,,,,,,0,450.0,0.0,0.0,0,NONE
2026-09-28T18:31:24.487+00:00,245.908,manual,Manual cook,temp,2100,126.9,,esp32,,0,,,,,,,,,,,,0,450.0,0.0,0.0,0,NONE
2026-09-28T18:31:25.487+00:00,246.908,manual,Manual cook,temp,2100,126.5,,esp32,,0,,,,,,,,,,,,0,450.0,0.0,0.0,0,NONE
2026-09-28T18:31:25.987+00:00,247.408,manual,Manual cook,temp,2100,126.1,,esp32,,0,,,,,,,,,,,,0,450.0,0.0,0.0,0,NONE
2026-09-28T18:31:26.987+00:00,248.408,manual,Manual cook,temp,2100,125.6,,esp32,,0,,,,,,,,,,,,0,450.0,0.0,0.0,0,NONE
2026-09-28T18:31:27.988+00:00,249.408,manual,Manual cook,temp,2100,125.6,,esp32,,0,,,,,,,,,,,,0,450.0,0.0,0.0,0,NONE
2026-09-28T18:31:28.488+00:00,249.908,manual,Manual cook,temp,2100,125.2,,esp32,,0,,,,,,,,,,,,0,450.0,0.0,0.0,0,NONE
2026-09-28T18:31:29.487+00:00,250.908,manual,Manual cook,temp,2100,125.2,,esp32,,0,,,,,,,,,,,,0,450.0,0.0,0.0,0,NONE
2026-09-28T18:31:30.487+00:00,251.908,manual,Manual cook,temp,2100,125.2,,esp32,,0,,,,,,,,,,,,0,450.0,0.0,0.0,0,NONE
2026-09-28T18:31:31.487+00:00,252.908,manual,Manual cook,temp,2100,123.8,,esp32,,0,,,,,,,,,,,,0,450.0,0.0,0.0,0,NONE
2026-09-28T18:31:32.487+00:00,253.907,manual,Manual cook,temp,2100,124.7,,esp32,,0,,,,,,,,,,,,0,450.0,0.0,0.0,0,NONE
2026-09-28T18:31:33.487+00:00,254.907,manual,Manual cook,temp,2100,124.7,,esp32,,0,,,,,,,,,,,,0,450.0,0.0,0.0,0,NONE
2026-09-28T18:31:33.988+00:00,255.408,manual,Manual cook,temp,2100,124.7,,esp32,,0,,,,,,,,,,,,0,450.0,0.0,0.0,0,NONE
2026-09-28T18:31:34.987+00:00,256.407,manual,Manual cook,temp,2100,123.3,,esp32,,0,,,,,,,,,,,,0,450.0,0.0,0.0,0,NONE
2026-09-28T18:31:35.987+00:00,257.407,manual,Manual cook,temp,2100,122.9,,esp32,,0,,,,,,,,,,,,0,450.0,0.0,0.0,0,NONE
2026-09-28T18:31:36.987+00:00,258.407,manual,Manual cook,temp,2100,122.9,,esp32,,0,,,,,,,,,,,,0,450.0,0.0,0.0,0,NONE
2026-09-28T18:31:37.487+00:00,258.907,manual,Manual cook,temp,2100,122.9,,esp32,,0,,,,,,,,,,,,0,450.0,0.0,0.0,0,NONE
2026-09-28T18:31:38.487+00:00,259.907,manual,Manual cook,temp,2100,122.9,,esp32,,0,,,,,,,,,,,,0,450.0,0.0,0.0,0,NONE
2026-09-28T18:31:38.987+00:00,260.407,manual,Manual cook,temp,2100,122.4,,esp32,,0,,,,,,,,,,,,0,450.0,0.0,0.0,0,NONE
2026-09-28T18:31:39.488+00:00,260.908,manual,Manual cook,temp,2100,122.9,,esp32,,0,,,,,,,,,,,,0,450.0,0.0,0.0,0,NONE
2026-09-28T18:31:40.487+00:00,261.907,manual,Manual cook,temp,2100,121.1,,esp32,,0,,,,,,,,,,,,0,450.0,0.0,0.0,0,NONE
2026-09-28T18:31:41.487+00:00,262.907,manual,Manual cook,temp,2100,122.0,,esp32,,0,,,,,,,,,,,,0,450.0,0.0,0.0,0,NONE
2026-09-28T18:31:42.487+00:00,263.907,manual,Manual cook,temp,2100,121.6,,esp32,,0,,,,,,,,,,,,0,450.0,0.0,0.0,0,NONE
2026-09-28T18:31:42.987+00:00,264.407,manual,Manual cook,temp,2100,122.0,,esp32,,0,,,,,,,,,,,,0,450.0,0.0,0.0,0,NONE
2026-09-28T18:31:43.987+00:00,265.407,manual,Manual cook,temp,2100,121.1,,esp32,,0,,,,,,,,,,,,0,450.0,0.0,0.0,0,NONE
2026-09-28T18:31:44.987+00:00,266.407,manual,Manual cook,temp,2100,120.2,,esp32,,0,,,,,,,,,,,,0,450.0,0.0,0.0,0,NONE
2026-09-28T18:31:45.488+00:00,266.908,manual,Manual cook,temp,2100,121.6,,esp32,,0,,,,,,,,,,,,0,450.0,0.0,0.0,0,NONE
2026-09-28T18:31:46.487+00:00,267.907,manual,Manual cook,temp,2100,120.2,,esp32,,0,,,,,,,,,,,,0,450.0,0.0,0.0,0,NONE
2026-09-28T18:31:47.487+00:00,268.907,manual,Manual cook,temp,2100,120.2,,esp32,,0,,,,,,,,,,,,0,450.0,0.0,0.0,0,NONE
2026-09-28T18:31:48.487+00:00,269.907,manual,Manual cook,temp,2100,120.7,,esp32,,0,,,,,,,,,,,,0,450.0,0.0,0.0,0,NONE
2026-09-28T18:31:49.487+00:00,270.907,manual,Manual cook,temp,2100,119.7,,esp32,,0,,,,,,,,,,,,0,450.0,0.0,0.0,0,NONE
2026-09-28T18:31:50.487+00:00,271.907,manual,Manual cook,temp,2100,120.2,,esp32,,0,,,,,,,,,,,,0,450.0,0.0,0.0,0,NONE
2026-09-28T18:31:50.987+00:00,272.407,manual,Manual cook,temp,2100,119.3,,esp32,,0,,,,,,,,,,,,0,450.0,0.0,0.0,0,NONE
2026-09-28T18:31:51.487+00:00,272.908,manual,Manual cook,temp,2100,119.3,,esp32,,0,,,,,,,,,,,,0,450.0,0.0,0.0,0,NONE
2026-09-28T18:31:52.487+00:00,273.907,manual,Manual cook,temp,2100,119.7,,esp32,,0,,,,,,,,,,,,0,450.0,0.0,0.0,0,NONE
2026-09-28T18:31:52.987+00:00,274.407,manual,Manual cook,temp,2100,118.8,,esp32,,0,,,,,,,,,,,,0,450.0,0.0,0.0,0,NONE
2026-09-28T18:31:53.487+00:00,274.907,manual,Manual cook,temp,2100,119.3,,esp32,,0,,,,,,,,,,,,0,450.0,0.0,0.0,0,NONE
2026-09-28T18:31:53.987+00:00,275.407,manual,Manual cook,temp,2100,119.3,,esp32,,0,,,,,,,,,,,,0,450.0,0.0,0.0,0,NONE
2026-09-28T18:31:54.987+00:00,276.407,manual,Manual cook,temp,2100,118.8,,esp32,,0,,,,,,,,,,,,0,450.0,0.0,0.0,0,NONE
2026-09-28T18:31:55.987+00:00,277.407,manual,Manual cook,temp,2100,118.8,,esp32,,0,,,,,,,,,,,,0,450.0,0.0,0.0,0,NONE
2026-09-28T18:31:56.987+00:00,278.407,manual,Manual cook,temp,2100,117.5,,esp32,,0,,,,,,,,,,,,0,450.0,0.0,0.0,0,NONE
2026-09-28T18:31:57.986+00:00,279.407,manual,Manual cook,temp,2100,118.4,,esp32,,0,,,,,,,,,,,,0,450.0,0.0,0.0,0,NONE
2026-09-28T18:31:58.986+00:00,280.407,manual,Manual cook,temp,2100,117.9,,esp32,,0,,,,,,,,,,,,0,450.0,0.0,0.0,0,NONE
2026-09-28T18:31:59.486+00:00,280.907,manual,Manual cook,temp,2100,117.1,,esp32,,0,,,,,,,,,,,,0,450.0,0.0,0.0,0,NONE
2026-09-28T18:32:00.486+00:00,281.907,manual,Manual cook,temp,2100,117.9,,esp32,,0,,,,,,,,,,,,0,450.0,0.0,0.0,0,NONE
2026-09-28T18:32:01.486+00:00,282.907,manual,Manual cook,temp,2100,116.6,,esp32,,0,,,,,,,,,,,,0,450.0,0.0,0.0,0,NONE
2026-09-28T18:32:01.987+00:00,283.408,manual,Manual cook,temp,2100,117.9,,esp32,,0,,,,,,,,,,,,0,450.0,0.0,0.0,0,NONE
2026-09-28T18:32:02.487+00:00,283.908,manual,Manual cook,temp,2100,117.9,,esp32,,0,,,,,,,,,,,,0,450.0,0.0,0.0,0,NONE
2026-09-28T18:32:03.486+00:00,284.907,manual,Manual cook,temp,2100,117.1,,esp32,,0,,,,,,,,,,,,0,450.0,0.0,0.0,0,NONE
2026-09-28T18:32:04.486+00:00,285.907,manual,Manual cook,temp,2100,117.1,,esp32,,0,,,,,,,,,,,,0,450.0,0.0,0.0,0,NONE
2026-09-28T18:32:05.486+00:00,286.907,manual,Manual cook,temp,2100,116.6,,esp32,,0,,,,,,,,,,,,0,450.0,0.0,0.0,0,NONE
2026-09-28T18:32:05.986+00:00,287.407,manual,Manual cook,temp,2100,115.7,,esp32,,0,,,,,,,,,,,,0,450.0,0.0,0.0,0,NONE
2026-09-28T18:32:06.986+00:00,288.407,manual,Manual cook,temp,2100,115.7,,esp32,,0,,,,,,,,,,,,0,450.0,0.0,0.0,0,NONE
2026-09-28T18:32:07.987+00:00,289.407,manual,Manual cook,temp,2100,115.7,,esp32,,0,,,,,,,,,,,,0,450.0,0.0,0.0,0,NONE
2026-09-28T18:32:08.487+00:00,289.907,manual,Manual cook,temp,2100,115.7,,esp32,,0,,,,,,,,,,,,0,450.0,0.0,0.0,0,NONE
2026-09-28T18:32:09.486+00:00,290.907,manual,Manual cook,temp,2100,115.2,,esp32,,0,,,,,,,,,,,,0,450.0,0.0,0.0,0,NONE
2026-09-28T18:32:10.486+00:00,291.907,manual,Manual cook,temp,2100,115.2,,esp32,,0,,,,,,,,,,,,0,450.0,0.0,0.0,0,NONE
2026-09-28T18:32:11.486+00:00,292.907,manual,Manual cook,temp,2100,115.2,,esp32,,0,,,,,,,,,,,,0,450.0,0.0,0.0,0,NONE
2026-09-28T18:32:11.986+00:00,293.407,manual,Manual cook,temp,2100,114.8,,esp32,,0,,,,,,,,,,,,0,450.0,0.0,0.0,0,NONE
2026-09-28T18:32:12.986+00:00,294.406,manual,Manual cook,temp,2100,115.2,,esp32,,0,,,,,,,,,,,,0,450.0,0.0,0.0,0,NONE
2026-09-28T18:32:13.486+00:00,294.907,manual,Manual cook,temp,2100,114.3,,esp32,,0,,,,,,,,,,,,0,450.0,0.0,0.0,0,NONE
2026-09-28T18:32:13.987+00:00,295.407,manual,Manual cook,temp,2100,114.3,,esp32,,0,,,,,,,,,,,,0,450.0,0.0,0.0,0,NONE
2026-09-28T18:32:14.487+00:00,295.907,manual,Manual cook,temp,2100,114.8,,esp32,,0,,,,,,,,,,,,0,450.0,0.0,0.0,0,NONE
2026-09-28T18:32:15.486+00:00,296.906,manual,Manual cook,temp,2100,115.2,,esp32,,0,,,,,,,,,,,,0,450.0,0.0,0.0,0,NONE
2026-09-28T18:32:15.986+00:00,297.406,manual,Manual cook,temp,2100,114.3,,esp32,,0,,,,,,,,,,,,0,450.0,0.0,0.0,0,NONE
2026-09-28T18:32:16.986+00:00,298.406,manual,Manual cook,temp,2100,114.3,,esp32,,0,,,,,,,,,,,,0,450.0,0.0,0.0,0,NONE
2026-09-28T18:32:17.986+00:00,299.406,manual,Manual cook,temp,2100,113.0,,esp32,,0,,,,,,,,,,,,0,450.0,0.0,0.0,0,NONE
2026-09-28T18:32:18.986+00:00,300.406,manual,Manual cook,temp,2100,113.9,,esp32,,0,,,,,,,,,,,,0,450.0,0.0,0.0,0,NONE
2026-09-28T18:32:19.987+00:00,301.407,manual,Manual cook,temp,2100,113.9,,esp32,,0,,,,,,,,,,,,0,450.0,0.0,0.0,0,NONE
2026-09-28T18:32:20.986+00:00,302.406,manual,Manual cook,temp,2100,113.4,,esp32,,0,,,,,,,,,,,,0,450.0,0.0,0.0,0,NONE
2026-09-28T18:32:21.986+00:00,303.406,manual,Manual cook,temp,2100,112.6,,esp32,,0,,,,,,,,,,,,0,450.0,0.0,0.0,0,NONE
2026-09-28T18:32:22.986+00:00,304.406,manual,Manual cook,temp,2100,112.6,,esp32,,0,,,,,,,,,,,,0,450.0,0.0,0.0,0,NONE
2026-09-28T18:32:23.986+00:00,305.407,manual,Manual cook,temp,2100,112.6,,esp32,,0,,,,,,,,,,,,0,450.0,0.0,0.0,0,NONE
2026-09-28T18:32:24.986+00:00,306.406,manual,Manual cook,temp,2100,112.1,,esp32,,0,,,,,,,,,,,,0,450.0,0.0,0.0,0,NONE
2026-09-28T18:32:25.487+00:00,306.907,manual,Manual cook,temp,2100,112.6,,esp32,,0,,,,,,,,,,,,0,450.0,0.0,0.0,0,NONE
2026-09-28T18:32:26.486+00:00,307.906,manual,Manual cook,temp,2100,111.7,,esp32,,0,,,,,,,,,,,,0,450.0,0.0,0.0,0,NONE
2026-09-28T18:32:26.986+00:00,308.406,manual,Manual cook,temp,2100,112.6,,esp32,,0,,,,,,,,,,,,0,450.0,0.0,0.0,0,NONE
2026-09-28T18:32:27.986+00:00,309.406,manual,Manual cook,temp,2100,111.7,,esp32,,0,,,,,,,,,,,,0,450.0,0.0,0.0,0,NONE
2026-09-28T18:32:28.986+00:00,310.406,manual,Manual cook,temp,2100,112.1,,esp32,,0,,,,,,,,,,,,0,450.0,0.0,0.0,0,NONE
2026-09-28T18:32:29.986+00:00,311.406,manual,Manual cook,temp,2100,111.2,,esp32,,0,,,,,,,,,,,,0,450.0,0.0,0.0,0,NONE
2026-09-28T18:32:30.987+00:00,312.407,manual,Manual cook,temp,2100,110.7,,esp32,,0,,,,,,,,,,,,0,450.0,0.0,0.0,0,NONE
2026-09-28T18:32:31.986+00:00,313.406,manual,Manual cook,temp,2100,111.2,,esp32,,0,,,,,,,,,,,,0,450.0,0.0,0.0,0,NONE
2026-09-28T18:32:32.986+00:00,314.406,manual,Manual cook,temp,2100,110.7,,esp32,,0,,,,,,,,,,,,0,450.0,0.0,0.0,0,NONE
2026-09-28T18:32:33.486+00:00,314.906,manual,Manual cook,temp,2100,111.2,,esp32,,0,,,,,,,,,,,,0,450.0,0.0,0.0,0,NONE
2026-09-28T18:32:34.486+00:00,315.906,manual,Manual cook,temp,2100,110.7,,esp32,,0,,,,,,,,,,,,0,450.0,0.0,0.0,0,NONE
2026-09-28T18:32:35.486+00:00,316.906,manual,Manual cook,temp,2100,111.2,,esp32,,0,,,,,,,,,,,,0,450.0,0.0,0.0,0,NONE
2026-09-28T18:32:36.485+00:00,317.906,manual,Manual cook,temp,2100,109.8,,esp32,,0,,,,,,,,,,,,0,450.0,0.0,0.0,0,NONE
2026-09-28T18:32:36.986+00:00,318.406,manual,Manual cook,temp,2100,109.8,,esp32,,0,,,,,,,,,,,,0,450.0,0.0,0.0,0,NONE
2026-09-28T18:32:37.985+00:00,319.406,manual,Manual cook,temp,2100,110.7,,esp32,,0,,,,,,,,,,,,0,450.0,0.0,0.0,0,NONE
2026-09-28T18:32:38.985+00:00,320.406,manual,Manual cook,temp,2100,110.3,,esp32,,0,,,,,,,,,,,,0,450.0,0.0,0.0,0,NONE
2026-09-28T18:32:39.485+00:00,320.906,manual,Manual cook,temp,2100,110.3,,esp32,,0,,,,,,,,,,,,0,450.0,0.0,0.0,0,NONE
2026-09-28T18:32:39.986+00:00,321.406,manual,Manual cook,temp,2100,110.3,,esp32,,0,,,,,,,,,,,,0,450.0,0.0,0.0,0,NONE
2026-09-28T18:32:40.985+00:00,322.406,manual,Manual cook,temp,2100,108.9,,esp32,,0,,,,,,,,,,,,0,450.0,0.0,0.0,0,NONE
2026-09-28T18:32:41.486+00:00,322.906,manual,Manual cook,temp,2100,109.8,,esp32,,0,,,,,,,,,,,,0,450.0,0.0,0.0,0,NONE
2026-09-28T18:32:42.485+00:00,323.906,manual,Manual cook,temp,2100,109.8,,esp32,,0,,,,,,,,,,,,0,450.0,0.0,0.0,0,NONE
2026-09-28T18:32:43.485+00:00,324.906,manual,Manual cook,temp,2100,109.4,,esp32,,0,,,,,,,,,,,,0,450.0,0.0,0.0,0,NONE
2026-09-28T18:32:44.485+00:00,325.906,manual,Manual cook,temp,2100,108.9,,esp32,,0,,,,,,,,,,,,0,450.0,0.0,0.0,0,NONE
2026-09-28T18:32:45.486+00:00,326.906,manual,Manual cook,temp,2100,108.9,,esp32,,0,,,,,,,,,,,,0,450.0,0.0,0.0,0,NONE
2026-09-28T18:32:46.486+00:00,327.907,manual,Manual cook,temp,2100,109.4,,esp32,,0,,,,,,,,,,,,0,450.0,0.0,0.0,0,NONE
2026-09-28T18:32:47.485+00:00,328.906,manual,Manual cook,temp,2100,108.5,,esp32,,0,,,,,,,,,,,,0,450.0,0.0,0.0,0,NONE
2026-09-28T18:32:47.985+00:00,329.406,manual,Manual cook,temp,2100,108.5,,esp32,,0,,,,,,,,,,,,0,450.0,0.0,0.0,0,NONE
2026-09-28T18:32:48.485+00:00,329.906,manual,Manual cook,temp,2100,108.9,,esp32,,0,,,,,,,,,,,,0,450.0,0.0,0.0,0,NONE
2026-09-28T18:32:49.485+00:00,330.906,manual,Manual cook,temp,2100,108.9,,esp32,,0,,,,,,,,,,,,0,450.0,0.0,0.0,0,NONE
2026-09-28T18:32:50.485+00:00,331.906,manual,Manual cook,temp,2100,107.6,,esp32,,0,,,,,,,,,,,,0,450.0,0.0,0.0,0,NONE
2026-09-28T18:32:51.485+00:00,332.906,manual,Manual cook,temp,2100,108.5,,esp32,,0,,,,,,,,,,,,0,450.0,0.0,0.0,0,NONE
2026-09-28T18:32:51.987+00:00,333.407,manual,Manual cook,temp,2100,107.6,,esp32,,0,,,,,,,,,,,,0,450.0,0.0,0.0,0,NONE
2026-09-28T18:32:52.985+00:00,334.406,manual,Manual cook,temp,2100,107.2,,esp32,,0,,,,,,,,,,,,0,450.0,0.0,0.0,0,NONE
2026-09-28T18:32:53.485+00:00,334.906,manual,Manual cook,temp,2100,108.1,,esp32,,0,,,,,,,,,,,,0,450.0,0.0,0.0,0,NONE
2026-09-28T18:32:54.485+00:00,335.906,manual,Manual cook,temp,2100,107.2,,esp32,,0,,,,,,,,,,,,0,450.0,0.0,0.0,0,NONE
2026-09-28T18:32:55.485+00:00,336.905,manual,Manual cook,temp,2100,107.2,,esp32,,0,,,,,,,,,,,,0,450.0,0.0,0.0,0,NONE
2026-09-28T18:32:56.485+00:00,337.906,manual,Manual cook,temp,2100,106.7,,esp32,,0,,,,,,,,,,,,0,450.0,0.0,0.0,0,NONE
2026-09-28T18:32:56.985+00:00,338.406,manual,Manual cook,temp,2100,106.7,,esp32,,0,,,,,,,,,,,,0,450.0,0.0,0.0,0,NONE
2026-09-28T18:32:57.486+00:00,338.906,manual,Manual cook,temp,2100,106.7,,esp32,,0,,,,,,,,,,,,0,450.0,0.0,0.0,0,NONE
2026-09-28T18:32:58.486+00:00,339.906,manual,Manual cook,temp,2100,107.2,,esp32,,0,,,,,,,,,,,,0,450.0,0.0,0.0,0,NONE
2026-09-28T18:32:59.485+00:00,340.905,manual,Manual cook,temp,2100,107.2,,esp32,,0,,,,,,,,,,,,0,450.0,0.0,0.0,0,NONE
2026-09-28T18:33:00.485+00:00,341.905,manual,Manual cook,temp,2100,106.2,,esp32,,0,,,,,,,,,,,,0,450.0,0.0,0.0,0,NONE
2026-09-28T18:33:01.485+00:00,342.905,manual,Manual cook,temp,2100,106.7,,esp32,,0,,,,,,,,,,,,0,450.0,0.0,0.0,0,NONE
2026-09-28T18:33:02.485+00:00,343.905,manual,Manual cook,temp,2100,106.7,,esp32,,0,,,,,,,,,,,,0,450.0,0.0,0.0,0,NONE
2026-09-28T18:33:03.485+00:00,344.905,manual,Manual cook,temp,2100,106.7,,esp32,,0,,,,,,,,,,,,0,450.0,0.0,0.0,0,NONE
2026-09-28T18:33:03.986+00:00,345.406,manual,Manual cook,temp,2100,106.2,,esp32,,0,,,,,,,,,,,,0,450.0,0.0,0.0,0,NONE
2026-09-28T18:33:04.486+00:00,345.906,manual,Manual cook,temp,2100,105.8,,esp32,,0,,,,,,,,,,,,0,450.0,0.0,0.0,0,NONE
2026-09-28T18:33:05.485+00:00,346.905,manual,Manual cook,temp,2100,106.7,,esp32,,0,,,,,,,,,,,,0,450.0,0.0,0.0,0,NONE
2026-09-28T18:33:05.985+00:00,347.405,manual,Manual cook,temp,2100,106.2,,esp32,,0,,,,,,,,,,,,0,450.0,0.0,0.0,0,NONE
2026-09-28T18:33:06.985+00:00,348.405,manual,Manual cook,temp,2100,105.3,,esp32,,0,,,,,,,,,,,,0,450.0,0.0,0.0,0,NONE
2026-09-28T18:33:07.985+00:00,349.405,manual,Manual cook,temp,2100,105.8,,esp32,,0,,,,,,,,,,,,0,450.0,0.0,0.0,0,NONE
2026-09-28T18:33:08.485+00:00,349.905,manual,Manual cook,temp,2100,105.3,,esp32,,0,,,,,,,,,,,,0,450.0,0.0,0.0,0,NONE
2026-09-28T18:33:09.485+00:00,350.905,manual,Manual cook,temp,2100,106.2,,esp32,,0,,,,,,,,,,,,0,450.0,0.0,0.0,0,NONE
2026-09-28T18:33:09.985+00:00,351.405,manual,Manual cook,temp,2100,105.3,,esp32,,0,,,,,,,,,,,,0,450.0,0.0,0.0,0,NONE
2026-09-28T18:33:10.985+00:00,352.405,manual,Manual cook,temp,2100,105.8,,esp32,,0,,,,,,,,,,,,0,450.0,0.0,0.0,0,NONE
2026-09-28T18:33:11.485+00:00,352.905,manual,Manual cook,temp,2100,105.8,,esp32,,0,,,,,,,,,,,,0,450.0,0.0,0.0,0,NONE
2026-09-28T18:33:12.485+00:00,353.905,manual,Manual cook,temp,2100,105.3,,esp32,,0,,,,,,,,,,,,0,450.0,0.0,0.0,0,NONE
2026-09-28T18:33:13.485+00:00,354.905,manual,Manual cook,temp,2100,105.8,,esp32,,0,,,,,,,,,,,,0,450.0,0.0,0.0,0,NONE
2026-09-28T18:33:13.985+00:00,355.405,manual,Manual cook,temp,2100,105.8,,esp32,,0,,,,,,,,,,,,0,450.0,0.0,0.0,0,NONE
2026-09-28T18:33:14.985+00:00,356.406,manual,Manual cook,temp,2100,104.4,,esp32,,0,,,,,,,,,,,,0,450.0,0.0,0.0,0,NONE
2026-09-28T18:33:15.486+00:00,356.906,manual,Manual cook,temp,2100,104.9,,esp32,,0,,,,,,,,,,,,0,450.0,0.0,0.0,0,NONE
2026-09-28T18:33:16.485+00:00,357.905,manual,Manual cook,temp,2100,104.9,,esp32,,0,,,,,,,,,,,,0,450.0,0.0,0.0,0,NONE
2026-09-28T18:33:17.485+00:00,358.905,manual,Manual cook,temp,2100,104.9,,esp32,,0,,,,,,,,,,,,0,450.0,0.0,0.0,0,NONE
2026-09-28T18:33:18.484+00:00,359.905,manual,Manual cook,temp,2100,104.4,,esp32,,0,,,,,,,,,,,,0,450.0,0.0,0.0,0,NONE
2026-09-28T18:33:19.484+00:00,360.905,manual,Manual cook,temp,2100,104.9,,esp32,,0,,,,,,,,,,,,0,450.0,0.0,0.0,0,NONE
2026-09-28T18:33:19.985+00:00,361.405,manual,Manual cook,temp,2100,103.6,,esp32,,0,,,,,,,,,,,,0,450.0,0.0,0.0,0,NONE
2026-09-28T18:33:20.984+00:00,362.405,manual,Manual cook,temp,2100,104.4,,esp32,,0,,,,,,,,,,,,0,450.0,0.0,0.0,0,NONE
2026-09-28T18:33:21.485+00:00,362.905,manual,Manual cook,temp,2100,104.0,,esp32,,0,,,,,,,,,,,,0,450.0,0.0,0.0,0,NONE
2026-09-28T18:33:22.484+00:00,363.905,manual,Manual cook,temp,2100,104.9,,esp32,,0,,,,,,,,,,,,0,450.0,0.0,0.0,0,NONE
2026-09-28T18:33:23.484+00:00,364.905,manual,Manual cook,temp,2100,104.4,,esp32,,0,,,,,,,,,,,,0,450.0,0.0,0.0,0,NONE
2026-09-28T18:33:24.484+00:00,365.905,manual,Manual cook,temp,2100,104.0,,esp32,,0,,,,,,,,,,,,0,450.0,0.0,0.0,0,NONE
2026-09-28T18:33:25.484+00:00,366.905,manual,Manual cook,temp,2100,104.0,,esp32,,0,,,,,,,,,,,,0,450.0,0.0,0.0,0,NONE
2026-09-28T18:33:25.985+00:00,367.406,manual,Manual cook,temp,2100,104.0,,esp32,,0,,,,,,,,,,,,0,450.0,0.0,0.0,0,NONE
2026-09-28T18:33:26.984+00:00,368.405,manual,Manual cook,temp,2100,104.0,,esp32,,0,,,,,,,,,,,,0,450.0,0.0,0.0,0,NONE
2026-09-28T18:33:27.484+00:00,368.905,manual,Manual cook,temp,2100,104.0,,esp32,,0,,,,,,,,,,,,0,450.0,0.0,0.0,0,NONE
2026-09-28T18:33:28.484+00:00,369.905,manual,Manual cook,temp,2100,103.1,,esp32,,0,,,,,,,,,,,,0,450.0,0.0,0.0,0,NONE
2026-09-28T18:33:29.484+00:00,370.905,manual,Manual cook,temp,2100,103.6,,esp32,,0,,,,,,,,,,,,0,450.0,0.0,0.0,0,NONE
2026-09-28T18:33:30.484+00:00,371.905,manual,Manual cook,temp,2100,104.0,,esp32,,0,,,,,,,,,,,,0,450.0,0.0,0.0,0,NONE
2026-09-28T18:33:30.984+00:00,372.405,manual,Manual cook,temp,2100,103.6,,esp32,,0,,,,,,,,,,,,0,450.0,0.0,0.0,0,NONE
2026-09-28T18:33:31.485+00:00,372.905,manual,Manual cook,temp,2100,104.0,,esp32,,0,,,,,,,,,,,,0,450.0,0.0,0.0,0,NONE
2026-09-28T18:33:32.484+00:00,373.905,manual,Manual cook,temp,2100,103.6,,esp32,,0,,,,,,,,,,,,0,450.0,0.0,0.0,0,NONE
2026-09-28T18:33:32.984+00:00,374.405,manual,Manual cook,temp,2100,103.1,,esp32,,0,,,,,,,,,,,,0,450.0,0.0,0.0,0,NONE
2026-09-28T18:33:33.984+00:00,375.404,manual,Manual cook,temp,2100,103.1,,esp32,,0,,,,,,,,,,,,0,450.0,0.0,0.0,0,NONE
2026-09-28T18:33:34.484+00:00,375.905,manual,Manual cook,temp,2100,102.2,,esp32,,0,,,,,,,,,,,,0,450.0,0.0,0.0,0,NONE
2026-09-28T18:33:35.484+00:00,376.904,manual,Manual cook,temp,2100,103.6,,esp32,,0,,,,,,,,,,,,0,450.0,0.0,0.0,0,NONE
2026-09-28T18:33:36.484+00:00,377.904,manual,Manual cook,temp,2100,103.1,,esp32,,0,,,,,,,,,,,,0,450.0,0.0,0.0,0,NONE
2026-09-28T18:33:37.484+00:00,378.904,manual,Manual cook,temp,2100,103.1,,esp32,,0,,,,,,,,,,,,0,450.0,0.0,0.0,0,NONE
2026-09-28T18:33:37.984+00:00,379.405,manual,Manual cook,temp,2100,102.2,,esp32,,0,,,,,,,,,,,,0,450.0,0.0,0.0,0,NONE
2026-09-28T18:33:38.984+00:00,380.404,manual,Manual cook,temp,2100,101.3,,esp32,,0,,,,,,,,,,,,0,450.0,0.0,0.0,0,NONE
2026-09-28T18:33:39.984+00:00,381.404,manual,Manual cook,temp,2100,101.7,,esp32,,0,,,,,,,,,,,,0,450.0,0.0,0.0,0,NONE
2026-09-28T18:33:40.484+00:00,381.904,manual,Manual cook,temp,2100,103.1,,esp32,,0,,,,,,,,,,,,0,450.0,0.0,0.0,0,NONE
2026-09-28T18:33:40.984+00:00,382.404,manual,Manual cook,temp,2100,102.7,,esp32,,0,,,,,,,,,,,,0,450.0,0.0,0.0,0,NONE
2026-09-28T18:33:41.985+00:00,383.405,manual,Manual cook,temp,2100,102.2,,esp32,,0,,,,,,,,,,,,0,450.0,0.0,0.0,0,NONE
2026-09-28T18:33:42.984+00:00,384.404,manual,Manual cook,temp,2100,101.7,,esp32,,0,,,,,,,,,,,,0,450.0,0.0,0.0,0,NONE
2026-09-28T18:33:43.984+00:00,385.404,manual,Manual cook,temp,2100,102.2,,esp32,,0,,,,,,,,,,,,0,450.0,0.0,0.0,0,NONE
2026-09-28T18:33:44.984+00:00,386.404,manual,Manual cook,temp,2100,102.2,,esp32,,0,,,,,,,,,,,,0,450.0,0.0,0.0,0,NONE
2026-09-28T18:33:45.984+00:00,387.404,manual,Manual cook,temp,2100,102.2,,esp32,,0,,,,,,,,,,,,0,450.0,0.0,0.0,0,NONE
2026-09-28T18:33:46.984+00:00,388.404,manual,Manual cook,temp,2100,101.7,,esp32,,0,,,,,,,,,,,,0,450.0,0.0,0.0,0,NONE
2026-09-28T18:33:47.984+00:00,389.405,manual,Manual cook,temp,2100,101.7,,esp32,,0,,,,,,,,,,,,0,450.0,0.0,0.0,0,NONE
2026-09-28T18:33:48.984+00:00,390.404,manual,Manual cook,temp,2100,102.2,,esp32,,0,,,,,,,,,,,,0,450.0,0.0,0.0,0,NONE
2026-09-28T18:33:49.484+00:00,390.904,manual,Manual cook,temp,2100,102.2,,esp32,,0,,,,,,,,,,,,0,450.0,0.0,0.0,0,NONE
2026-09-28T18:33:49.984+00:00,391.404,manual,Manual cook,temp,2100,100.8,,esp32,,0,,,,,,,,,,,,0,450.0,0.0,0.0,0,NONE
2026-09-28T18:33:50.984+00:00,392.404,manual,Manual cook,temp,2100,101.7,,esp32,,0,,,,,,,,,,,,0,450.0,0.0,0.0,0,NONE
2026-09-28T18:33:51.984+00:00,393.404,manual,Manual cook,temp,2100,100.4,,esp32,,0,,,,,,,,,,,,0,450.0,0.0,0.0,0,NONE
2026-09-28T18:33:52.984+00:00,394.404,manual,Manual cook,temp,2100,101.3,,esp32,,0,,,,,,,,,,,,0,450.0,0.0,0.0,0,NONE
2026-09-28T18:33:53.984+00:00,395.405,manual,Manual cook,temp,2100,100.4,,esp32,,0,,,,,,,,,,,,0,450.0,0.0,0.0,0,NONE
2026-09-28T18:33:54.984+00:00,396.404,manual,Manual cook,temp,2100,101.3,,esp32,,0,,,,,,,,,,,,0,450.0,0.0,0.0,0,NONE
2026-09-28T18:33:55.484+00:00,396.904,manual,Manual cook,temp,2100,101.7,,esp32,,0,,,,,,,,,,,,0,450.0,0.0,0.0,0,NONE
2026-09-28T18:33:56.484+00:00,397.904,manual,Manual cook,temp,2100,100.8,,esp32,,0,,,,,,,,,,,,0,450.0,0.0,0.0,0,NONE
2026-09-28T18:33:57.484+00:00,398.904,manual,Manual cook,temp,2100,100.4,,esp32,,0,,,,,,,,,,,,0,450.0,0.0,0.0,0,NONE
2026-09-28T18:33:57.984+00:00,399.404,manual,Manual cook,temp,2100,100.4,,esp32,,0,,,,,,,,,,,,0,450.0,0.0,0.0,0,NONE
2026-09-28T18:33:58.484+00:00,399.904,manual,Manual cook,temp,2100,101.3,,esp32,,0,,,,,,,,,,,,0,450.0,0.0,0.0,0,NONE
2026-09-28T18:33:59.484+00:00,400.905,manual,Manual cook,temp,2100,101.3,,esp32,,0,,,,,,,,,,,,0,450.0,0.0,0.0,0,NONE
2026-09-28T18:34:00.483+00:00,401.904,manual,Manual cook,temp,2100,101.3,,esp32,,0,,,,,,,,,,,,0,450.0,0.0,0.0,0,NONE
2026-09-28T18:34:01.483+00:00,402.904,manual,Manual cook,temp,2100,100.4,,esp32,,0,,,,,,,,,,,,0,450.0,0.0,0.0,0,NONE
2026-09-28T18:34:01.984+00:00,403.404,manual,Manual cook,temp,2100,100.8,,esp32,,0,,,,,,,,,,,,0,450.0,0.0,0.0,0,NONE
2026-09-28T18:34:02.983+00:00,404.404,manual,Manual cook,temp,2100,99.5,,esp32,,0,,,,,,,,,,,,0,450.0,0.0,0.0,0,NONE
2026-09-28T18:34:03.483+00:00,404.904,manual,Manual cook,temp,2100,100.8,,esp32,,0,,,,,,,,,,,,0,450.0,0.0,0.0,0,NONE
2026-09-28T18:34:04.483+00:00,405.904,manual,Manual cook,temp,2100,100.4,,esp32,,0,,,,,,,,,,,,0,450.0,0.0,0.0,0,NONE
2026-09-28T18:34:05.483+00:00,406.904,manual,Manual cook,temp,2100,100.4,,esp32,,0,,,,,,,,,,,,0,450.0,0.0,0.0,0,NONE
2026-09-28T18:34:05.983+00:00,407.404,manual,Manual cook,temp,2100,100.4,,esp32,,0,,,,,,,,,,,,0,450.0,0.0,0.0,0,NONE
2026-09-28T18:34:06.983+00:00,408.404,manual,Manual cook,temp,2100,100.4,,esp32,,0,,,,,,,,,,,,0,450.0,0.0,0.0,0,NONE
2026-09-28T18:34:07.983+00:00,409.404,manual,Manual cook,temp,2100,99.9,,esp32,,0,,,,,,,,,,,,0,450.0,0.0,0.0,0,NONE
2026-09-28T18:34:08.483+00:00,409.904,manual,Manual cook,temp,2100,99.9,,esp32,,0,,,,,,,,,,,,0,450.0,0.0,0.0,0,NONE
2026-09-28T18:34:08.983+00:00,410.404,manual,Manual cook,temp,2100,99.9,,esp32,,0,,,,,,,,,,,,0,450.0,0.0,0.0,0,NONE
2026-09-28T18:34:09.984+00:00,411.404,manual,Manual cook,temp,2100,99.1,,esp32,,0,,,,,,,,,,,,0,450.0,0.0,0.0,0,NONE
2026-09-28T18:34:10.983+00:00,412.403,manual,Manual cook,temp,2100,99.5,,esp32,,0,,,,,,,,,,,,0,450.0,0.0,0.0,0,NONE
2026-09-28T18:34:11.483+00:00,412.904,manual,Manual cook,temp,2100,99.9,,esp32,,0,,,,,,,,,,,,0,450.0,0.0,0.0,0,NONE
2026-09-28T18:34:12.483+00:00,413.904,manual,Manual cook,temp,2100,99.9,,esp32,,0,,,,,,,,,,,,0,450.0,0.0,0.0,0,NONE
2026-09-28T18:34:13.483+00:00,414.903,manual,Manual cook,temp,2100,99.5,,esp32,,0,,,,,,,,,,,,0,450.0,0.0,0.0,0,NONE
2026-09-28T18:34:14.483+00:00,415.903,manual,Manual cook,temp,2100,99.5,,esp32,,0,,,,,,,,,,,,0,450.0,0.0,0.0,0,NONE
2026-09-28T18:34:15.484+00:00,416.904,manual,Manual cook,temp,2100,99.5,,esp32,,0,,,,,,,,,,,,0,450.0,0.0,0.0,0,NONE
2026-09-28T18:34:16.483+00:00,417.903,manual,Manual cook,temp,2100,99.1,,esp32,,0,,,,,,,,,,,,0,450.0,0.0,0.0,0,NONE
2026-09-28T18:34:17.483+00:00,418.903,manual,Manual cook,temp,2100,99.5,,esp32,,0,,,,,,,,,,,,0,450.0,0.0,0.0,0,NONE
2026-09-28T18:34:18.483+00:00,419.903,manual,Manual cook,temp,2100,99.1,,esp32,,0,,,,,,,,,,,,0,450.0,0.0,0.0,0,NONE
2026-09-28T18:34:19.483+00:00,420.903,manual,Manual cook,temp,2100,97.7,,esp32,,0,,,,,,,,,,,,0,450.0,0.0,0.0,0,NONE
2026-09-28T18:34:19.983+00:00,421.403,manual,Manual cook,temp,2100,99.1,,esp32,,0,,,,,,,,,,,,0,450.0,0.0,0.0,0,NONE
2026-09-28T18:34:20.984+00:00,422.404,manual,Manual cook,temp,2100,98.6,,esp32,,0,,,,,,,,,,,,0,450.0,0.0,0.0,0,NONE
2026-09-28T18:34:21.983+00:00,423.403,manual,Manual cook,temp,2100,98.2,,esp32,,0,,,,,,,,,,,,0,450.0,0.0,0.0,0,NONE
2026-09-28T18:34:22.983+00:00,424.403,manual,Manual cook,temp,2100,98.2,,esp32,,0,,,,,,,,,,,,0,450.0,0.0,0.0,0,NONE
2026-09-28T18:34:23.483+00:00,424.903,manual,Manual cook,temp,2100,98.2,,esp32,,0,,,,,,,,,,,,0,450.0,0.0,0.0,0,NONE
2026-09-28T18:34:24.483+00:00,425.903,manual,Manual cook,temp,2100,98.2,,esp32,,0,,,,,,,,,,,,0,450.0,0.0,0.0,0,NONE
2026-09-28T18:34:25.483+00:00,426.903,manual,Manual cook,temp,2100,98.2,,esp32,,0,,,,,,,,,,,,0,450.0,0.0,0.0,0,NONE
2026-09-28T18:34:26.483+00:00,427.903,manual,Manual cook,temp,2100,99.1,,esp32,,0,,,,,,,,,,,,0,450.0,0.0,0.0,0,NONE
2026-09-28T18:34:26.983+00:00,428.404,manual,Manual cook,temp,2100,98.6,,esp32,,0,,,,,,,,,,,,0,450.0,0.0,0.0,0,NONE
2026-09-28T18:34:27.983+00:00,429.403,manual,Manual cook,temp,2100,98.2,,esp32,,0,,,,,,,,,,,,0,450.0,0.0,0.0,0,NONE
2026-09-28T18:34:28.983+00:00,430.403,manual,Manual cook,temp,2100,98.2,,esp32,,0,,,,,,,,,,,,0,450.0,0.0,0.0,0,NONE
2026-09-28T18:34:29.983+00:00,431.403,manual,Manual cook,temp,2100,98.2,,esp32,,0,,,,,,,,,,,,0,450.0,0.0,0.0,0,NONE
2026-09-28T18:34:30.983+00:00,432.403,manual,Manual cook,temp,2100,98.2,,esp32,,0,,,,,,,,,,,,0,450.0,0.0,0.0,0,NONE
2026-09-28T18:34:31.983+00:00,433.403,manual,Manual cook,temp,2100,97.7,,esp32,,0,,,,,,,,,,,,0,450.0,0.0,0.0,0,NONE
2026-09-28T18:34:32.983+00:00,434.404,manual,Manual cook,temp,2100,97.7,,esp32,,0,,,,,,,,,,,,0,450.0,0.0,0.0,0,NONE
2026-09-28T18:34:33.982+00:00,435.403,manual,Manual cook,temp,2100,97.7,,esp32,,0,,,,,,,,,,,,0,450.0,0.0,0.0,0,NONE
2026-09-28T18:34:34.982+00:00,436.403,manual,Manual cook,temp,2100,98.2,,esp32,,0,,,,,,,,,,,,0,450.0,0.0,0.0,0,NONE
2026-09-28T18:34:35.982+00:00,437.403,manual,Manual cook,temp,2100,97.7,,esp32,,0,,,,,,,,,,,,0,450.0,0.0,0.0,0,NONE
2026-09-28T18:34:36.982+00:00,438.403,manual,Manual cook,temp,2100,97.7,,esp32,,0,,,,,,,,,,,,0,450.0,0.0,0.0,0,NONE
2026-09-28T18:34:37.483+00:00,438.903,manual,Manual cook,temp,2100,97.7,,esp32,,0,,,,,,,,,,,,0,450.0,0.0,0.0,0,NONE
2026-09-28T18:34:38.483+00:00,439.903,manual,Manual cook,temp,2100,97.2,,esp32,,0,,,,,,,,,,,,0,450.0,0.0,0.0,0,NONE
2026-09-28T18:34:39.482+00:00,440.903,manual,Manual cook,temp,2100,97.2,,esp32,,0,,,,,,,,,,,,0,450.0,0.0,0.0,0,NONE
2026-09-28T18:34:39.982+00:00,441.403,manual,Manual cook,temp,2100,97.2,,esp32,,0,,,,,,,,,,,,0,450.0,0.0,0.0,0,NONE
2026-09-28T18:34:40.982+00:00,442.403,manual,Manual cook,temp,2100,97.2,,esp32,,0,,,,,,,,,,,,0,450.0,0.0,0.0,0,NONE
2026-09-28T18:34:41.482+00:00,442.903,manual,Manual cook,temp,2100,97.2,,esp32,,0,,,,,,,,,,,,0,450.0,0.0,0.0,0,NONE
2026-09-28T18:34:42.482+00:00,443.903,manual,Manual cook,temp,2100,97.7,,esp32,,0,,,,,,,,,,,,0,450.0,0.0,0.0,0,NONE
2026-09-28T18:34:43.482+00:00,444.903,manual,Manual cook,temp,2100,96.8,,esp32,,0,,,,,,,,,,,,0,450.0,0.0,0.0,0,NONE
2026-09-28T18:34:43.983+00:00,445.404,manual,Manual cook,temp,2100,96.8,,esp32,,0,,,,,,,,,,,,0,450.0,0.0,0.0,0,NONE
2026-09-28T18:34:44.982+00:00,446.403,manual,Manual cook,temp,2100,96.8,,esp32,,0,,,,,,,,,,,,0,450.0,0.0,0.0,0,NONE
2026-09-28T18:34:45.982+00:00,447.403,manual,Manual cook,temp,2100,97.7,,esp32,,0,,,,,,,,,,,,0,450.0,0.0,0.0,0,NONE
2026-09-28T18:34:46.482+00:00,447.903,manual,Manual cook,temp,2100,96.8,,esp32,,0,,,,,,,,,,,,0,450.0,0.0,0.0,0,NONE
2026-09-28T18:34:46.982+00:00,448.403,manual,Manual cook,temp,2100,96.8,,esp32,,0,,,,,,,,,,,,0,450.0,0.0,0.0,0,NONE
2026-09-28T18:34:47.982+00:00,449.403,manual,Manual cook,temp,2100,96.8,,esp32,,0,,,,,,,,,,,,0,450.0,0.0,0.0,0,NONE
2026-09-28T18:34:48.982+00:00,450.403,manual,Manual cook,temp,2100,95.9,,esp32,,0,,,,,,,,,,,,0,450.0,0.0,0.0,0,NONE
2026-09-28T18:34:49.482+00:00,450.903,manual,Manual cook,temp,2100,96.8,,esp32,,0,,,,,,,,,,,,0,450.0,0.0,0.0,0,NONE
2026-09-28T18:34:50.482+00:00,451.903,manual,Manual cook,temp,2100,96.8,,esp32,,0,,,,,,,,,,,,0,450.0,0.0,0.0,0,NONE
2026-09-28T18:34:51.482+00:00,452.902,manual,Manual cook,temp,2100,96.3,,esp32,,0,,,,,,,,,,,,0,450.0,0.0,0.0,0,NONE
2026-09-28T18:34:51.982+00:00,453.402,manual,Manual cook,temp,2100,95.4,,esp32,,0,,,,,,,,,,,,0,450.0,0.0,0.0,0,NONE
2026-09-28T18:34:52.482+00:00,453.903,manual,Manual cook,temp,2100,96.3,,esp32,,0,,,,,,,,,,,,0,450.0,0.0,0.0,0,NONE
2026-09-28T18:34:52.982+00:00,454.403,manual,Manual cook,temp,2100,96.3,,esp32,,0,,,,,,,,,,,,0,450.0,0.0,0.0,0,NONE
2026-09-28T18:34:53.982+00:00,455.402,manual,Manual cook,temp,2100,95.9,,esp32,,0,,,,,,,,,,,,0,450.0,0.0,0.0,0,NONE
2026-09-28T18:34:54.483+00:00,455.903,manual,Manual cook,temp,2100,95.4,,esp32,,0,,,,,,,,,,,,0,450.0,0.0,0.0,0,NONE
2026-09-28T18:34:55.482+00:00,456.903,manual,Manual cook,temp,2100,95.9,,esp32,,0,,,,,,,,,,,,0,450.0,0.0,0.0,0,NONE
2026-09-28T18:34:56.482+00:00,457.903,manual,Manual cook,temp,2100,95.9,,esp32,,0,,,,,,,,,,,,0,450.0,0.0,0.0,0,NONE
2026-09-28T18:34:57.482+00:00,458.902,manual,Manual cook,temp,2100,95.4,,esp32,,0,,,,,,,,,,,,0,450.0,0.0,0.0,0,NONE
2026-09-28T18:34:58.483+00:00,459.903,manual,Manual cook,temp,2100,96.3,,esp32,,0,,,,,,,,,,,,0,450.0,0.0,0.0,0,NONE
2026-09-28T18:34:59.482+00:00,460.903,manual,Manual cook,temp,2100,95.4,,esp32,,0,,,,,,,,,,,,0,450.0,0.0,0.0,0,NONE
2026-09-28T18:35:00.482+00:00,461.902,manual,Manual cook,temp,2100,95.9,,esp32,,0,,,,,,,,,,,,0,450.0,0.0,0.0,0,NONE
2026-09-28T18:35:01.482+00:00,462.902,manual,Manual cook,temp,2100,95.4,,esp32,,0,,,,,,,,,,,,0,450.0,0.0,0.0,0,NONE
2026-09-28T18:35:02.482+00:00,463.902,manual,Manual cook,temp,2100,95.4,,esp32,,0,,,,,,,,,,,,0,450.0,0.0,0.0,0,NONE
2026-09-28T18:35:03.482+00:00,464.902,manual,Manual cook,temp,2100,95.4,,esp32,,0,,,,,,,,,,,,0,450.0,0.0,0.0,0,NONE
2026-09-28T18:35:04.482+00:00,465.902,manual,Manual cook,temp,2100,95.4,,esp32,,0,,,,,,,,,,,,0,450.0,0.0,0.0,0,NONE
2026-09-28T18:35:04.982+00:00,466.403,manual,Manual cook,temp,2100,95.4,,esp32,,0,,,,,,,,,,,,0,450.0,0.0,0.0,0,NONE
2026-09-28T18:35:05.982+00:00,467.402,manual,Manual cook,temp,2100,95.0,,esp32,,0,,,,,,,,,,,,0,450.0,0.0,0.0,0,NONE
2026-09-28T18:35:06.482+00:00,467.902,manual,Manual cook,temp,2100,95.4,,esp32,,0,,,,,,,,,,,,0,450.0,0.0,0.0,0,NONE
2026-09-28T18:35:07.482+00:00,468.902,manual,Manual cook,temp,2100,95.0,,esp32,,0,,,,,,,,,,,,0,450.0,0.0,0.0,0,NONE
2026-09-28T18:35:07.982+00:00,469.402,manual,Manual cook,temp,2100,95.4,,esp32,,0,,,,,,,,,,,,0,450.0,0.0,0.0,0,NONE
2026-09-28T18:35:08.982+00:00,470.402,manual,Manual cook,temp,2100,95.4,,esp32,,0,,,,,,,,,,,,0,450.0,0.0,0.0,0,NONE
2026-09-28T18:35:09.982+00:00,471.402,manual,Manual cook,temp,2100,95.0,,esp32,,0,,,,,,,,,,,,0,450.0,0.0,0.0,0,NONE
2026-09-28T18:35:10.482+00:00,471.903,manual,Manual cook,temp,2100,94.6,,esp32,,0,,,,,,,,,,,,0,450.0,0.0,0.0,0,NONE
2026-09-28T18:35:11.482+00:00,472.902,manual,Manual cook,temp,2100,94.6,,esp32,,0,,,,,,,,,,,,0,450.0,0.0,0.0,0,NONE
2026-09-28T18:35:12.482+00:00,473.902,manual,Manual cook,temp,2100,95.4,,esp32,,0,,,,,,,,,,,,0,450.0,0.0,0.0,0,NONE
2026-09-28T18:35:12.982+00:00,474.402,manual,Manual cook,temp,2100,95.4,,esp32,,0,,,,,,,,,,,,0,450.0,0.0,0.0,0,NONE
2026-09-28T18:35:13.981+00:00,475.402,manual,Manual cook,temp,2100,94.6,,esp32,,0,,,,,,,,,,,,0,450.0,0.0,0.0,0,NONE
2026-09-28T18:35:14.981+00:00,476.402,manual,Manual cook,temp,2100,94.6,,esp32,,0,,,,,,,,,,,,0,450.0,0.0,0.0,0,NONE
2026-09-28T18:35:15.482+00:00,476.902,manual,Manual cook,temp,2100,93.7,,esp32,,0,,,,,,,,,,,,0,450.0,0.0,0.0,0,NONE
2026-09-28T18:35:15.982+00:00,477.403,manual,Manual cook,temp,2100,94.6,,esp32,,0,,,,,,,,,,,,0,450.0,0.0,0.0,0,NONE
2026-09-28T18:35:16.482+00:00,477.903,manual,Manual cook,temp,2100,93.7,,esp32,,0,,,,,,,,,,,,0,450.0,0.0,0.0,0,NONE
2026-09-28T18:35:17.481+00:00,478.902,manual,Manual cook,temp,2100,94.6,,esp32,,0,,,,,,,,,,,,0,450.0,0.0,0.0,0,NONE
2026-09-28T18:35:17.981+00:00,479.402,manual,Manual cook,temp,2100,94.6,,esp32,,0,,,,,,,,,,,,0,450.0,0.0,0.0,0,NONE
2026-09-28T18:35:18.481+00:00,479.902,manual,Manual cook,temp,2100,94.1,,esp32,,0,,,,,,,,,,,,0,450.0,0.0,0.0,0,NONE
2026-09-28T18:35:19.481+00:00,480.902,manual,Manual cook,temp,2100,94.1,,esp32,,0,,,,,,,,,,,,0,450.0,0.0,0.0,0,NONE
2026-09-28T18:35:20.481+00:00,481.902,manual,Manual cook,temp,2100,94.1,,esp32,,0,,,,,,,,,,,,0,450.0,0.0,0.0,0,NONE
2026-09-28T18:35:20.981+00:00,482.402,manual,Manual cook,temp,2100,94.6,,esp32,,0,,,,,,,,,,,,0,450.0,0.0,0.0,0,NONE
2026-09-28T18:35:21.982+00:00,483.402,manual,Manual cook,temp,2100,94.1,,esp32,,0,,,,,,,,,,,,0,450.0,0.0,0.0,0,NONE
2026-09-28T18:35:22.482+00:00,483.903,manual,Manual cook,temp,2100,94.1,,esp32,,0,,,,,,,,,,,,0,450.0,0.0,0.0,0,NONE
2026-09-28T18:35:23.481+00:00,484.902,manual,Manual cook,temp,2100,93.7,,esp32,,0,,,,,,,,,,,,0,450.0,0.0,0.0,0,NONE
2026-09-28T18:35:24.481+00:00,485.902,manual,Manual cook,temp,2100,93.2,,esp32,,0,,,,,,,,,,,,0,450.0,0.0,0.0,0,NONE
2026-09-28T18:35:25.481+00:00,486.902,manual,Manual cook,temp,2100,94.1,,esp32,,0,,,,,,,,,,,,0,450.0,0.0,0.0,0,NONE
2026-09-28T18:35:26.481+00:00,487.902,manual,Manual cook,temp,2100,93.7,,esp32,,0,,,,,,,,,,,,0,450.0,0.0,0.0,0,NONE
2026-09-28T18:35:27.481+00:00,488.902,manual,Manual cook,temp,2100,94.1,,esp32,,0,,,,,,,,,,,,0,450.0,0.0,0.0,0,NONE
2026-09-28T18:35:27.982+00:00,489.402,manual,Manual cook,temp,2100,92.3,,esp32,,0,,,,,,,,,,,,0,450.0,0.0,0.0,0,NONE
2026-09-28T18:35:28.981+00:00,490.401,manual,Manual cook,temp,2100,93.2,,esp32,,0,,,,,,,,,,,,0,450.0,0.0,0.0,0,NONE
2026-09-28T18:35:29.981+00:00,491.401,manual,Manual cook,temp,2100,93.7,,esp32,,0,,,,,,,,,,,,0,450.0,0.0,0.0,0,NONE
2026-09-28T18:35:30.481+00:00,491.902,manual,Manual cook,temp,2100,93.7,,esp32,,0,,,,,,,,,,,,0,450.0,0.0,0.0,0,NONE
2026-09-28T18:35:31.481+00:00,492.901,manual,Manual cook,temp,2100,93.2,,esp32,,0,,,,,,,,,,,,0,450.0,0.0,0.0,0,NONE
2026-09-28T18:35:32.481+00:00,493.901,manual,Manual cook,temp,2100,93.2,,esp32,,0,,,,,,,,,,,,0,450.0,0.0,0.0,0,NONE
2026-09-28T18:35:32.981+00:00,494.401,manual,Manual cook,temp,2100,93.2,,esp32,,0,,,,,,,,,,,,0,450.0,0.0,0.0,0,NONE
2026-09-28T18:35:33.482+00:00,494.902,manual,Manual cook,temp,2100,93.7,,esp32,,0,,,,,,,,,,,,0,450.0,0.0,0.0,0,NONE
2026-09-28T18:35:34.481+00:00,495.901,manual,Manual cook,temp,2100,93.2,,esp32,,0,,,,,,,,,,,,0,450.0,0.0,0.0,0,NONE
2026-09-28T18:35:35.481+00:00,496.901,manual,Manual cook,temp,2100,93.2,,esp32,,0,,,,,,,,,,,,0,450.0,0.0,0.0,0,NONE
2026-09-28T18:35:36.481+00:00,497.901,manual,Manual cook,temp,2100,93.7,,esp32,,0,,,,,,,,,,,,0,450.0,0.0,0.0,0,NONE
2026-09-28T18:35:37.481+00:00,498.901,manual,Manual cook,temp,2100,92.7,,esp32,,0,,,,,,,,,,,,0,450.0,0.0,0.0,0,NONE
2026-09-28T18:35:37.981+00:00,499.401,manual,Manual cook,temp,2100,93.2,,esp32,,0,,,,,,,,,,,,0,450.0,0.0,0.0,0,NONE
2026-09-28T18:35:38.981+00:00,500.401,manual,Manual cook,temp,2100,93.2,,esp32,,0,,,,,,,,,,,,0,450.0,0.0,0.0,0,NONE
2026-09-28T18:35:39.481+00:00,500.901,manual,Manual cook,temp,2100,92.7,,esp32,,0,,,,,,,,,,,,0,450.0,0.0,0.0,0,NONE
2026-09-28T18:35:40.481+00:00,501.901,manual,Manual cook,temp,2100,91.8,,esp32,,0,,,,,,,,,,,,0,450.0,0.0,0.0,0,NONE
2026-09-28T18:35:40.981+00:00,502.401,manual,Manual cook,temp,2100,92.7,,esp32,,0,,,,,,,,,,,,0,450.0,0.0,0.0,0,NONE
2026-09-28T18:35:41.981+00:00,503.401,manual,Manual cook,temp,2100,93.2,,esp32,,0,,,,,,,,,,,,0,450.0,0.0,0.0,0,NONE
2026-09-28T18:35:42.481+00:00,503.901,manual,Manual cook,temp,2100,93.2,,esp32,,0,,,,,,,,,,,,0,450.0,0.0,0.0,0,NONE
2026-09-28T18:35:43.481+00:00,504.901,manual,Manual cook,temp,2100,92.7,,esp32,,0,,,,,,,,,,,,0,450.0,0.0,0.0,0,NONE
2026-09-28T18:35:44.482+00:00,505.902,manual,Manual cook,temp,2100,92.3,,esp32,,0,,,,,,,,,,,,0,450.0,0.0,0.0,0,NONE
2026-09-28T18:35:45.481+00:00,506.901,manual,Manual cook,temp,2100,92.7,,esp32,,0,,,,,,,,,,,,0,450.0,0.0,0.0,0,NONE
2026-09-28T18:35:45.981+00:00,507.401,manual,Manual cook,temp,2100,91.4,,esp32,,0,,,,,,,,,,,,0,450.0,0.0,0.0,0,NONE
2026-09-28T18:35:46.981+00:00,508.401,manual,Manual cook,temp,2100,92.7,,esp32,,0,,,,,,,,,,,,0,450.0,0.0,0.0,0,NONE
2026-09-28T18:35:47.981+00:00,509.401,manual,Manual cook,temp,2100,92.3,,esp32,,0,,,,,,,,,,,,0,450.0,0.0,0.0,0,NONE
2026-09-28T18:35:48.981+00:00,510.401,manual,Manual cook,temp,2100,91.4,,esp32,,0,,,,,,,,,,,,0,450.0,0.0,0.0,0,NONE
2026-09-28T18:35:49.481+00:00,510.901,manual,Manual cook,temp,2100,91.4,,esp32,,0,,,,,,,,,,,,0,450.0,0.0,0.0,0,NONE
2026-09-28T18:35:49.981+00:00,511.402,manual,Manual cook,temp,2100,92.3,,esp32,,0,,,,,,,,,,,,0,450.0,0.0,0.0,0,NONE
2026-09-28T18:35:50.481+00:00,511.902,manual,Manual cook,temp,2100,91.8,,esp32,,0,,,,,,,,,,,,0,450.0,0.0,0.0,0,NONE
2026-09-28T18:35:51.480+00:00,512.901,manual,Manual cook,temp,2100,91.4,,esp32,,0,,,,,,,,,,,,0,450.0,0.0,0.0,0,NONE
2026-09-28T18:35:51.981+00:00,513.401,manual,Manual cook,temp,2100,91.8,,esp32,,0,,,,,,,,,,,,0,450.0,0.0,0.0,0,NONE
2026-09-28T18:35:52.980+00:00,514.401,manual,Manual cook,temp,2100,91.8,,esp32,,0,,,,,,,,,,,,0,450.0,0.0,0.0,0,NONE
2026-09-28T18:35:53.980+00:00,515.401,manual,Manual cook,temp,2100,90.9,,esp32,,0,,,,,,,,,,,,0,450.0,0.0,0.0,0,NONE
2026-09-28T18:35:54.980+00:00,516.401,manual,Manual cook,temp,2100,92.3,,esp32,,0,,,,,,,,,,,,0,450.0,0.0,0.0,0,NONE
2026-09-28T18:35:55.481+00:00,516.901,manual,Manual cook,temp,2100,91.8,,esp32,,0,,,,,,,,,,,,0,450.0,0.0,0.0,0,NONE
2026-09-28T18:35:55.981+00:00,517.402,manual,Manual cook,temp,2100,92.3,,esp32,,0,,,,,,,,,,,,0,450.0,0.0,0.0,0,NONE
2026-09-28T18:35:56.481+00:00,517.902,manual,Manual cook,temp,2100,91.8,,esp32,,0,,,,,,,,,,,,0,450.0,0.0,0.0,0,NONE
2026-09-28T18:35:57.480+00:00,518.901,manual,Manual cook,temp,2100,92.3,,esp32,,0,,,,,,,,,,,,0,450.0,0.0,0.0,0,NONE
2026-09-28T18:35:58.480+00:00,519.901,manual,Manual cook,temp,2100,92.3,,esp32,,0,,,,,,,,,,,,0,450.0,0.0,0.0,0,NONE
2026-09-28T18:35:59.480+00:00,520.901,manual,Manual cook,temp,2100,91.4,,esp32,,0,,,,,,,,,,,,0,450.0,0.0,0.0,0,NONE
2026-09-28T18:36:00.480+00:00,521.901,manual,Manual cook,temp,2100,91.4,,esp32,,0,,,,,,,,,,,,0,450.0,0.0,0.0,0,NONE
2026-09-28T18:36:00.980+00:00,522.401,manual,Manual cook,temp,2100,91.4,,esp32,,0,,,,,,,,,,,,0,450.0,0.0,0.0,0,NONE
2026-09-28T18:36:01.981+00:00,523.401,manual,Manual cook,temp,2100,90.9,,esp32,,0,,,,,,,,,,,,0,450.0,0.0,0.0,0,NONE
2026-09-28T18:36:02.980+00:00,524.401,manual,Manual cook,temp,2100,90.9,,esp32,,0,,,,,,,,,,,,0,450.0,0.0,0.0,0,NONE
2026-09-28T18:36:03.980+00:00,525.401,manual,Manual cook,temp,2100,91.8,,esp32,,0,,,,,,,,,,,,0,450.0,0.0,0.0,0,NONE
2026-09-28T18:36:04.980+00:00,526.401,manual,Manual cook,temp,2100,91.8,,esp32,,0,,,,,,,,,,,,0,450.0,0.0,0.0,0,NONE
2026-09-28T18:36:05.980+00:00,527.401,manual,Manual cook,temp,2100,91.4,,esp32,,0,,,,,,,,,,,,0,450.0,0.0,0.0,0,NONE
2026-09-28T18:36:06.480+00:00,527.901,manual,Manual cook,temp,2100,90.1,,esp32,,0,,,,,,,,,,,,0,450.0,0.0,0.0,0,NONE
2026-09-28T18:36:07.480+00:00,528.900,manual,Manual cook,temp,2100,91.4,,esp32,,0,,,,,,,,,,,,0,450.0,0.0,0.0,0,NONE
2026-09-28T18:36:08.480+00:00,529.900,manual,Manual cook,temp,2100,91.8,,esp32,,0,,,,,,,,,,,,0,450.0,0.0,0.0,0,NONE
2026-09-28T18:36:08.980+00:00,530.401,manual,Manual cook,temp,2100,91.8,,esp32,,0,,,,,,,,,,,,0,450.0,0.0,0.0,0,NONE
2026-09-28T18:36:09.980+00:00,531.401,manual,Manual cook,temp,2100,90.5,,esp32,,0,,,,,,,,,,,,0,450.0,0.0,0.0,0,NONE
2026-09-28T18:36:10.980+00:00,532.400,manual,Manual cook,temp,2100,91.4,,esp32,,0,,,,,,,,,,,,0,450.0,0.0,0.0,0,NONE
2026-09-28T18:36:11.980+00:00,533.400,manual,Manual cook,temp,2100,91.4,,esp32,,0,,,,,,,,,,,,0,450.0,0.0,0.0,0,NONE
2026-09-28T18:36:12.481+00:00,533.901,manual,Manual cook,temp,2100,90.5,,esp32,,0,,,,,,,,,,,,0,450.0,0.0,0.0,0,NONE
2026-09-28T18:36:13.480+00:00,534.900,manual,Manual cook,temp,2100,90.5,,esp32,,0,,,,,,,,,,,,0,450.0,0.0,0.0,0,NONE
2026-09-28T18:36:14.480+00:00,535.900,manual,Manual cook,temp,2100,91.4,,esp32,,0,,,,,,,,,,,,0,450.0,0.0,0.0,0,NONE
2026-09-28T18:36:15.480+00:00,536.900,manual,Manual cook,temp,2100,90.9,,esp32,,0,,,,,,,,,,,,0,450.0,0.0,0.0,0,NONE
2026-09-28T18:36:16.480+00:00,537.900,manual,Manual cook,temp,2100,90.1,,esp32,,0,,,,,,,,,,,,0,450.0,0.0,0.0,0,NONE
2026-09-28T18:36:16.980+00:00,538.400,manual,Manual cook,temp,2100,90.9,,esp32,,0,,,,,,,,,,,,0,450.0,0.0,0.0,0,NONE
2026-09-28T18:36:17.980+00:00,539.400,manual,Manual cook,temp,2100,90.5,,esp32,,0,,,,,,,,,,,,0,450.0,0.0,0.0,0,NONE
2026-09-28T18:36:18.481+00:00,539.901,manual,Manual cook,temp,2100,90.1,,esp32,,0,,,,,,,,,,,,0,450.0,0.0,0.0,0,NONE
2026-09-28T18:36:19.480+00:00,540.900,manual,Manual cook,temp,2100,90.9,,esp32,,0,,,,,,,,,,,,0,450.0,0.0,0.0,0,NONE
2026-09-28T18:36:20.480+00:00,541.900,manual,Manual cook,temp,2100,90.1,,esp32,,0,,,,,,,,,,,,0,450.0,0.0,0.0,0,NONE
2026-09-28T18:36:21.480+00:00,542.900,manual,Manual cook,temp,2100,90.9,,esp32,,0,,,,,,,,,,,,0,450.0,0.0,0.0,0,NONE
2026-09-28T18:36:22.480+00:00,543.900,manual,Manual cook,temp,2100,89.6,,esp32,,0,,,,,,,,,,,,0,450.0,0.0,0.0,0,NONE
2026-09-28T18:36:23.480+00:00,544.900,manual,Manual cook,temp,2100,90.5,,esp32,,0,,,,,,,,,,,,0,450.0,0.0,0.0,0,NONE
2026-09-28T18:36:23.980+00:00,545.401,manual,Manual cook,temp,2100,90.5,,esp32,,0,,,,,,,,,,,,0,450.0,0.0,0.0,0,NONE
2026-09-28T18:36:24.480+00:00,545.901,manual,Manual cook,temp,2100,89.6,,esp32,,0,,,,,,,,,,,,0,450.0,0.0,0.0,0,NONE
2026-09-28T18:36:25.480+00:00,546.900,manual,Manual cook,temp,2100,89.6,,esp32,,0,,,,,,,,,,,,0,450.0,0.0,0.0,0,NONE
2026-09-28T18:36:26.480+00:00,547.900,manual,Manual cook,temp,2100,90.1,,esp32,,0,,,,,,,,,,,,0,450.0,0.0,0.0,0,NONE
2026-09-28T18:36:27.480+00:00,548.900,manual,Manual cook,temp,2100,90.1,,esp32,,0,,,,,,,,,,,,0,450.0,0.0,0.0,0,NONE
2026-09-28T18:36:28.480+00:00,549.900,manual,Manual cook,temp,2100,89.6,,esp32,,0,,,,,,,,,,,,0,450.0,0.0,0.0,0,NONE
2026-09-28T18:36:29.480+00:00,550.900,manual,Manual cook,temp,2100,90.1,,esp32,,0,,,,,,,,,,,,0,450.0,0.0,0.0,0,NONE
2026-09-28T18:36:29.980+00:00,551.401,manual,Manual cook,temp,2100,90.1,,esp32,,0,,,,,,,,,,,,0,450.0,0.0,0.0,0,NONE
2026-09-28T18:36:30.480+00:00,551.901,manual,Manual cook,temp,2100,90.5,,esp32,,0,,,,,,,,,,,,0,450.0,0.0,0.0,0,NONE
2026-09-28T18:36:31.480+00:00,552.900,manual,Manual cook,temp,2100,90.1,,esp32,,0,,,,,,,,,,,,0,450.0,0.0,0.0,0,NONE
2026-09-28T18:36:32.480+00:00,553.900,manual,Manual cook,temp,2100,90.5,,esp32,,0,,,,,,,,,,,,0,450.0,0.0,0.0,0,NONE
2026-09-28T18:36:33.479+00:00,554.900,manual,Manual cook,temp,2100,89.2,,esp32,,0,,,,,,,,,,,,0,450.0,0.0,0.0,0,NONE
2026-09-28T18:36:33.980+00:00,555.400,manual,Manual cook,temp,2100,89.2,,esp32,,0,,,,,,,,,,,,0,450.0,0.0,0.0,0,NONE
2026-09-28T18:36:34.979+00:00,556.400,manual,Manual cook,temp,2100,90.5,,esp32,,0,,,,,,,,,,,,0,450.0,0.0,0.0,0,NONE
2026-09-28T18:36:35.979+00:00,557.400,manual,Manual cook,temp,2100,89.6,,esp32,,0,,,,,,,,,,,,0,450.0,0.0,0.0,0,NONE
2026-09-28T18:36:36.979+00:00,558.400,manual,Manual cook,temp,2100,89.6,,esp32,,0,,,,,,,,,,,,0,450.0,0.0,0.0,0,NONE
2026-09-28T18:36:37.979+00:00,559.400,manual,Manual cook,temp,2100,90.1,,esp32,,0,,,,,,,,,,,,0,450.0,0.0,0.0,0,NONE
2026-09-28T18:36:38.479+00:00,559.900,manual,Manual cook,temp,2100,89.6,,esp32,,0,,,,,,,,,,,,0,450.0,0.0,0.0,0,NONE
2026-09-28T18:36:39.479+00:00,560.900,manual,Manual cook,temp,2100,90.1,,esp32,,0,,,,,,,,,,,,0,450.0,0.0,0.0,0,NONE
2026-09-28T18:36:39.979+00:00,561.400,manual,Manual cook,temp,2100,89.6,,esp32,,0,,,,,,,,,,,,0,450.0,0.0,0.0,0,NONE
2026-09-28T18:36:40.980+00:00,562.400,manual,Manual cook,temp,2100,89.2,,esp32,,0,,,,,,,,,,,,0,450.0,0.0,0.0,0,NONE
2026-09-28T18:36:41.979+00:00,563.400,manual,Manual cook,temp,2100,89.2,,esp32,,0,,,,,,,,,,,,0,450.0,0.0,0.0,0,NONE
2026-09-28T18:36:42.979+00:00,564.400,manual,Manual cook,temp,2100,89.2,,esp32,,0,,,,,,,,,,,,0,450.0,0.0,0.0,0,NONE
2026-09-28T18:36:43.979+00:00,565.400,manual,Manual cook,temp,2100,89.6,,esp32,,0,,,,,,,,,,,,0,450.0,0.0,0.0,0,NONE
2026-09-28T18:36:44.979+00:00,566.400,manual,Manual cook,temp,2100,89.6,,esp32,,0,,,,,,,,,,,,0,450.0,0.0,0.0,0,NONE
2026-09-28T18:36:45.979+00:00,567.400,manual,Manual cook,temp,2100,89.6,,esp32,,0,,,,,,,,,,,,0,450.0,0.0,0.0,0,NONE
2026-09-28T18:36:46.979+00:00,568.399,manual,Manual cook,temp,2100,88.2,,esp32,,0,,,,,,,,,,,,0,450.0,0.0,0.0,0,NONE
2026-09-28T18:36:47.979+00:00,569.400,manual,Manual cook,temp,2100,87.8,,esp32,,0,,,,,,,,,,,,0,450.0,0.0,0.0,0,NONE
2026-09-28T18:36:48.979+00:00,570.399,manual,Manual cook,temp,2100,89.6,,esp32,,0,,,,,,,,,,,,0,450.0,0.0,0.0,0,NONE
2026-09-28T18:36:49.479+00:00,570.899,manual,Manual cook,temp,2100,90.1,,esp32,,0,,,,,,,,,,,,0,450.0,0.0,0.0,0,NONE
2026-09-28T18:36:50.479+00:00,571.899,manual,Manual cook,temp,2100,89.2,,esp32,,0,,,,,,,,,,,,0,450.0,0.0,0.0,0,NONE
2026-09-28T18:36:51.480+00:00,572.900,manual,Manual cook,temp,2100,88.7,,esp32,,0,,,,,,,,,,,,0,450.0,0.0,0.0,0,NONE
2026-09-28T18:36:52.479+00:00,573.899,manual,Manual cook,temp,2100,88.7,,esp32,,0,,,,,,,,,,,,0,450.0,0.0,0.0,0,NONE
2026-09-28T18:36:53.479+00:00,574.899,manual,Manual cook,temp,2100,89.2,,esp32,,0,,,,,,,,,,,,0,450.0,0.0,0.0,0,NONE
2026-09-28T18:36:54.479+00:00,575.899,manual,Manual cook,temp,2100,87.8,,esp32,,0,,,,,,,,,,,,0,450.0,0.0,0.0,0,NONE
2026-09-28T18:36:55.479+00:00,576.899,manual,Manual cook,temp,2100,89.2,,esp32,,0,,,,,,,,,,,,0,450.0,0.0,0.0,0,NONE
2026-09-28T18:36:56.479+00:00,577.899,manual,Manual cook,temp,2100,88.2,,esp32,,0,,,,,,,,,,,,0,450.0,0.0,0.0,0,NONE
2026-09-28T18:36:56.979+00:00,578.399,manual,Manual cook,temp,2100,89.2,,esp32,,0,,,,,,,,,,,,0,450.0,0.0,0.0,0,NONE
2026-09-28T18:36:57.979+00:00,579.399,manual,Manual cook,temp,2100,88.7,,esp32,,0,,,,,,,,,,,,0,450.0,0.0,0.0,0,NONE
2026-09-28T18:36:58.979+00:00,580.399,manual,Manual cook,temp,2100,88.7,,esp32,,0,,,,,,,,,,,,0,450.0,0.0,0.0,0,NONE
2026-09-28T18:36:59.979+00:00,581.399,manual,Manual cook,temp,2100,88.7,,esp32,,0,,,,,,,,,,,,0,450.0,0.0,0.0,0,NONE
2026-09-28T18:37:00.979+00:00,582.399,manual,Manual cook,temp,2100,87.8,,esp32,,0,,,,,,,,,,,,0,450.0,0.0,0.0,0,NONE
2026-09-28T18:37:01.979+00:00,583.400,manual,Manual cook,temp,2100,87.8,,esp32,,0,,,,,,,,,,,,0,450.0,0.0,0.0,0,NONE
2026-09-28T18:37:02.480+00:00,583.900,manual,Manual cook,temp,2100,87.8,,esp32,,0,,,,,,,,,,,,0,450.0,0.0,0.0,0,NONE
2026-09-28T18:37:03.479+00:00,584.899,manual,Manual cook,temp,2100,88.2,,esp32,,0,,,,,,,,,,,,0,450.0,0.0,0.0,0,NONE
2026-09-28T18:37:04.479+00:00,585.899,manual,Manual cook,temp,2100,88.7,,esp32,,0,,,,,,,,,,,,0,450.0,0.0,0.0,0,NONE
2026-09-28T18:37:04.979+00:00,586.399,manual,Manual cook,temp,2100,88.2,,esp32,,0,,,,,,,,,,,,0,450.0,0.0,0.0,0,NONE
2026-09-28T18:37:05.979+00:00,587.399,manual,Manual cook,temp,2100,87.8,,esp32,,0,,,,,,,,,,,,0,450.0,0.0,0.0,0,NONE
2026-09-28T18:37:06.979+00:00,588.399,manual,Manual cook,temp,2100,87.8,,esp32,,0,,,,,,,,,,,,0,450.0,0.0,0.0,0,NONE
2026-09-28T18:37:07.979+00:00,589.399,manual,Manual cook,temp,2100,88.2,,esp32,,0,,,,,,,,,,,,0,450.0,0.0,0.0,0,NONE
2026-09-28T18:37:08.479+00:00,589.900,manual,Manual cook,temp,2100,88.2,,esp32,,0,,,,,,,,,,,,0,450.0,0.0,0.0,0,NONE
2026-09-28T18:37:09.479+00:00,590.899,manual,Manual cook,temp,2100,88.2,,esp32,,0,,,,,,,,,,,,0,450.0,0.0,0.0,0,NONE
2026-09-28T18:37:10.478+00:00,591.899,manual,Manual cook,temp,2100,87.8,,esp32,,0,,,,,,,,,,,,0,450.0,0.0,0.0,0,NONE
2026-09-28T18:37:11.478+00:00,592.899,manual,Manual cook,temp,2100,87.8,,esp32,,0,,,,,,,,,,,,0,450.0,0.0,0.0,0,NONE
2026-09-28T18:37:12.478+00:00,593.899,manual,Manual cook,temp,2100,87.8,,esp32,,0,,,,,,,,,,,,0,450.0,0.0,0.0,0,NONE
2026-09-28T18:37:13.478+00:00,594.899,manual,Manual cook,temp,2100,88.2,,esp32,,0,,,,,,,,,,,,0,450.0,0.0,0.0,0,NONE
2026-09-28T18:37:13.979+00:00,595.399,manual,Manual cook,temp,2100,88.2,,esp32,,0,,,,,,,,,,,,0,450.0,0.0,0.0,0,NONE
2026-09-28T18:37:14.479+00:00,595.900,manual,Manual cook,temp,2100,88.2,,esp32,,0,,,,,,,,,,,,0,450.0,0.0,0.0,0,NONE
2026-09-28T18:37:15.478+00:00,596.899,manual,Manual cook,temp,2100,88.2,,esp32,,0,,,,,,,,,,,,0,450.0,0.0,0.0,0,NONE
2026-09-28T18:37:16.478+00:00,597.899,manual,Manual cook,temp,2100,88.2,,esp32,,0,,,,,,,,,,,,0,450.0,0.0,0.0,0,NONE
2026-09-28T18:37:16.978+00:00,598.399,manual,Manual cook,temp,2100,88.7,,esp32,,0,,,,,,,,,,,,0,450.0,0.0,0.0,0,NONE
2026-09-28T18:37:17.978+00:00,599.399,manual,Manual cook,temp,2100,87.3,,esp32,,0,,,,,,,,,,,,0,450.0,0.0,0.0,0,NONE
2026-09-28T18:37:18.478+00:00,599.899,manual,Manual cook,temp,2100,88.2,,esp32,,0,,,,,,,,,,,,0,450.0,0.0,0.0,0,NONE
2026-09-28T18:37:19.478+00:00,600.899,manual,Manual cook,temp,2100,87.8,,esp32,,0,,,,,,,,,,,,0,450.0,0.0,0.0,0,NONE
2026-09-28T18:37:19.979+00:00,601.400,manual,Manual cook,temp,2100,86.9,,esp32,,0,,,,,,,,,,,,0,450.0,0.0,0.0,0,NONE
2026-09-28T18:37:20.978+00:00,602.399,manual,Manual cook,temp,2100,87.3,,esp32,,0,,,,,,,,,,,,0,450.0,0.0,0.0,0,NONE
2026-09-28T18:37:21.978+00:00,603.399,manual,Manual cook,temp,2100,87.3,,esp32,,0,,,,,,,,,,,,0,450.0,0.0,0.0,0,NONE
2026-09-28T18:37:22.978+00:00,604.398,manual,Manual cook,temp,2100,87.8,,esp32,,0,,,,,,,,,,,,0,450.0,0.0,0.0,0,NONE
2026-09-28T18:37:23.978+00:00,605.398,manual,Manual cook,temp,2100,87.8,,esp32,,0,,,,,,,,,,,,0,450.0,0.0,0.0,0,NONE
2026-09-28T18:37:24.478+00:00,605.899,manual,Manual cook,temp,2100,87.3,,esp32,,0,,,,,,,,,,,,0,450.0,0.0,0.0,0,NONE
2026-09-28T18:37:25.479+00:00,606.899,manual,Manual cook,temp,2100,87.3,,esp32,,0,,,,,,,,,,,,0,450.0,0.0,0.0,0,NONE
2026-09-28T18:37:26.478+00:00,607.898,manual,Manual cook,temp,2100,87.8,,esp32,,0,,,,,,,,,,,,0,450.0,0.0,0.0,0,NONE
2026-09-28T18:37:26.978+00:00,608.398,manual,Manual cook,temp,2100,87.8,,esp32,,0,,,,,,,,,,,,0,450.0,0.0,0.0,0,NONE
2026-09-28T18:37:27.978+00:00,609.398,manual,Manual cook,temp,2100,87.3,,esp32,,0,,,,,,,,,,,,0,450.0,0.0,0.0,0,NONE
2026-09-28T18:37:28.978+00:00,610.399,manual,Manual cook,temp,2100,87.3,,esp32,,0,,,,,,,,,,,,0,450.0,0.0,0.0,0,NONE
2026-09-28T18:37:29.978+00:00,611.398,manual,Manual cook,temp,2100,86.9,,esp32,,0,,,,,,,,,,,,0,450.0,0.0,0.0,0,NONE
2026-09-28T18:37:30.979+00:00,612.399,manual,Manual cook,temp,2100,87.3,,esp32,,0,,,,,,,,,,,,0,450.0,0.0,0.0,0,NONE
2026-09-28T18:37:31.978+00:00,613.399,manual,Manual cook,temp,2100,87.8,,esp32,,0,,,,,,,,,,,,0,450.0,0.0,0.0,0,NONE
2026-09-28T18:37:32.978+00:00,614.398,manual,Manual cook,temp,2100,87.3,,esp32,,0,,,,,,,,,,,,0,450.0,0.0,0.0,0,NONE
2026-09-28T18:37:33.978+00:00,615.398,manual,Manual cook,temp,2100,86.9,,esp32,,0,,,,,,,,,,,,0,450.0,0.0,0.0,0,NONE
2026-09-28T18:37:34.978+00:00,616.398,manual,Manual cook,temp,2100,87.3,,esp32,,0,,,,,,,,,,,,0,450.0,0.0,0.0,0,NONE
2026-09-28T18:37:35.978+00:00,617.398,manual,Manual cook,temp,2100,87.3,,esp32,,0,,,,,,,,,,,,0,450.0,0.0,0.0,0,NONE
2026-09-28T18:37:36.479+00:00,617.899,manual,Manual cook,temp,2100,87.3,,esp32,,0,,,,,,,,,,,,0,450.0,0.0,0.0,0,NONE
2026-09-28T18:37:37.478+00:00,618.898,manual,Manual cook,temp,2100,87.8,,esp32,,0,,,,,,,,,,,,0,450.0,0.0,0.0,0,NONE
2026-09-28T18:37:37.978+00:00,619.398,manual,Manual cook,temp,2100,86.4,,esp32,,0,,,,,,,,,,,,0,450.0,0.0,0.0,0,NONE
2026-09-28T18:37:38.978+00:00,620.398,manual,Manual cook,temp,2100,87.3,,esp32,,0,,,,,,,,,,,,0,450.0,0.0,0.0,0,NONE
2026-09-28T18:37:39.978+00:00,621.398,manual,Manual cook,temp,2100,87.3,,esp32,,0,,,,,,,,,,,,0,450.0,0.0,0.0,0,NONE
2026-09-28T18:37:40.478+00:00,621.898,manual,Manual cook,temp,2100,86.4,,esp32,,0,,,,,,,,,,,,0,450.0,0.0,0.0,0,NONE
2026-09-28T18:37:40.978+00:00,622.398,manual,Manual cook,temp,2100,86.0,,esp32,,0,,,,,,,,,,,,0,450.0,0.0,0.0,0,NONE
2026-09-28T18:37:41.978+00:00,623.398,manual,Manual cook,temp,2100,87.8,,esp32,,0,,,,,,,,,,,,0,450.0,0.0,0.0,0,NONE
2026-09-28T18:37:42.478+00:00,623.898,manual,Manual cook,temp,2100,86.9,,esp32,,0,,,,,,,,,,,,0,450.0,0.0,0.0,0,NONE
2026-09-28T18:37:43.478+00:00,624.898,manual,Manual cook,temp,2100,86.0,,esp32,,0,,,,,,,,,,,,0,450.0,0.0,0.0,0,NONE
2026-09-28T18:37:44.478+00:00,625.898,manual,Manual cook,temp,2100,87.3,,esp32,,0,,,,,,,,,,,,0,450.0,0.0,0.0,0,NONE
2026-09-28T18:37:45.478+00:00,626.898,manual,Manual cook,temp,2100,86.9,,esp32,,0,,,,,,,,,,,,0,450.0,0.0,0.0,0,NONE
2026-09-28T18:37:45.978+00:00,627.398,manual,Manual cook,temp,2100,86.0,,esp32,,0,,,,,,,,,,,,0,450.0,0.0,0.0,0,NONE
2026-09-28T18:37:46.978+00:00,628.399,manual,Manual cook,temp,2100,86.9,,esp32,,0,,,,,,,,,,,,0,450.0,0.0,0.0,0,NONE
2026-09-28T18:37:47.978+00:00,629.398,manual,Manual cook,temp,2100,86.4,,esp32,,0,,,,,,,,,,,,0,450.0,0.0,0.0,0,NONE
2026-09-28T18:37:48.977+00:00,630.398,manual,Manual cook,temp,2100,86.9,,esp32,,0,,,,,,,,,,,,0,450.0,0.0,0.0,0,NONE
2026-09-28T18:37:49.977+00:00,631.398,manual,Manual cook,temp,2100,86.4,,esp32,,0,,,,,,,,,,,,0,450.0,0.0,0.0,0,NONE
2026-09-28T18:37:50.477+00:00,631.898,manual,Manual cook,temp,2100,86.9,,esp32,,0,,,,,,,,,,,,0,450.0,0.0,0.0,0,NONE
2026-09-28T18:37:50.977+00:00,632.398,manual,Manual cook,temp,2100,86.9,,esp32,,0,,,,,,,,,,,,0,450.0,0.0,0.0,0,NONE
2026-09-28T18:37:51.977+00:00,633.398,manual,Manual cook,temp,2100,86.9,,esp32,,0,,,,,,,,,,,,0,450.0,0.0,0.0,0,NONE
2026-09-28T18:37:52.478+00:00,633.898,manual,Manual cook,temp,2100,86.9,,esp32,,0,,,,,,,,,,,,0,450.0,0.0,0.0,0,NONE
2026-09-28T18:37:53.977+00:00,635.398,manual,Manual cook,temp,2100,85.6,,esp32,,0,,,,,,,,,,,,0,450.0,0.0,0.0,0,NONE
2026-09-28T18:37:54.477+00:00,635.898,manual,Manual cook,temp,2100,86.4,,esp32,,0,,,,,,,,,,,,0,450.0,0.0,0.0,0,NONE
2026-09-28T18:37:55.477+00:00,636.898,manual,Manual cook,temp,2100,86.4,,esp32,,0,,,,,,,,,,,,0,450.0,0.0,0.0,0,NONE
2026-09-28T18:37:55.977+00:00,637.398,manual,Manual cook,temp,2100,86.4,,esp32,,0,,,,,,,,,,,,0,450.0,0.0,0.0,0,NONE
2026-09-28T18:37:56.977+00:00,638.398,manual,Manual cook,temp,2100,86.9,,esp32,,0,,,,,,,,,,,,0,450.0,0.0,0.0,0,NONE
2026-09-28T18:37:57.477+00:00,638.898,manual,Manual cook,temp,2100,86.4,,esp32,,0,,,,,,,,,,,,0,450.0,0.0,0.0,0,NONE
2026-09-28T18:37:58.477+00:00,639.898,manual,Manual cook,temp,2100,85.1,,esp32,,0,,,,,,,,,,,,0,450.0,0.0,0.0,0,NONE
2026-09-28T18:37:58.977+00:00,640.398,manual,Manual cook,temp,2100,86.4,,esp32,,0,,,,,,,,,,,,0,450.0,0.0,0.0,0,NONE
2026-09-28T18:37:59.977+00:00,641.397,manual,Manual cook,temp,2100,86.9,,esp32,,0,,,,,,,,,,,,0,450.0,0.0,0.0,0,NONE
2026-09-28T18:38:00.477+00:00,641.898,manual,Manual cook,temp,2100,86.4,,esp32,,0,,,,,,,,,,,,0,450.0,0.0,0.0,0,NONE
2026-09-28T18:38:01.477+00:00,642.898,manual,Manual cook,temp,2100,86.0,,esp32,,0,,,,,,,,,,,,0,450.0,0.0,0.0,0,NONE
2026-09-28T18:38:02.477+00:00,643.897,manual,Manual cook,temp,2100,86.0,,esp32,,0,,,,,,,,,,,,0,450.0,0.0,0.0,0,NONE
2026-09-28T18:38:02.978+00:00,644.398,manual,Manual cook,temp,2100,86.4,,esp32,,0,,,,,,,,,,,,0,450.0,0.0,0.0,0,NONE
2026-09-28T18:38:03.977+00:00,645.397,manual,Manual cook,temp,2100,85.6,,esp32,,0,,,,,,,,,,,,0,450.0,0.0,0.0,0,NONE
2026-09-28T18:38:04.477+00:00,645.897,manual,Manual cook,temp,2100,85.6,,esp32,,0,,,,,,,,,,,,0,450.0,0.0,0.0,0,NONE
2026-09-28T18:38:05.477+00:00,646.897,manual,Manual cook,temp,2100,86.0,,esp32,,0,,,,,,,,,,,,0,450.0,0.0,0.0,0,NONE
2026-09-28T18:38:06.477+00:00,647.897,manual,Manual cook,temp,2100,86.4,,esp32,,0,,,,,,,,,,,,0,450.0,0.0,0.0,0,NONE
2026-09-28T18:38:07.477+00:00,648.897,manual,Manual cook,temp,2100,86.4,,esp32,,0,,,,,,,,,,,,0,450.0,0.0,0.0,0,NONE
2026-09-28T18:38:08.478+00:00,649.898,manual,Manual cook,temp,2100,86.4,,esp32,,0,,,,,,,,,,,,0,450.0,0.0,0.0,0,NONE
2026-09-28T18:38:09.478+00:00,650.898,manual,Manual cook,temp,2100,86.4,,esp32,,0,,,,,,,,,,,,0,450.0,0.0,0.0,0,NONE
2026-09-28T18:38:10.477+00:00,651.897,manual,Manual cook,temp,2100,85.6,,esp32,,0,,,,,,,,,,,,0,450.0,0.0,0.0,0,NONE
2026-09-28T18:38:11.477+00:00,652.897,manual,Manual cook,temp,2100,86.4,,esp32,,0,,,,,,,,,,,,0,450.0,0.0,0.0,0,NONE
2026-09-28T18:38:12.477+00:00,653.897,manual,Manual cook,temp,2100,86.0,,esp32,,0,,,,,,,,,,,,0,450.0,0.0,0.0,0,NONE
2026-09-28T18:38:13.477+00:00,654.897,manual,Manual cook,temp,2100,85.6,,esp32,,0,,,,,,,,,,,,0,450.0,0.0,0.0,0,NONE
2026-09-28T18:38:13.977+00:00,655.397,manual,Manual cook,temp,2100,86.0,,esp32,,0,,,,,,,,,,,,0,450.0,0.0,0.0,0,NONE
2026-09-28T18:38:14.977+00:00,656.398,manual,Manual cook,temp,2100,85.6,,esp32,,0,,,,,,,,,,,,0,450.0,0.0,0.0,0,NONE
2026-09-28T18:38:15.478+00:00,656.898,manual,Manual cook,temp,2100,85.6,,esp32,,0,,,,,,,,,,,,0,450.0,0.0,0.0,0,NONE
2026-09-28T18:38:16.477+00:00,657.897,manual,Manual cook,temp,2100,86.0,,esp32,,0,,,,,,,,,,,,0,450.0,0.0,0.0,0,NONE
2026-09-28T18:38:17.477+00:00,658.897,manual,Manual cook,temp,2100,85.6,,esp32,,0,,,,,,,,,,,,0,450.0,0.0,0.0,0,NONE
2026-09-28T18:38:18.477+00:00,659.897,manual,Manual cook,temp,2100,85.1,,esp32,,0,,,,,,,,,,,,0,450.0,0.0,0.0,0,NONE
2026-09-28T18:38:18.977+00:00,660.397,manual,Manual cook,temp,2100,86.0,,esp32,,0,,,,,,,,,,,,0,450.0,0.0,0.0,0,NONE
2026-09-28T18:38:19.977+00:00,661.397,manual,Manual cook,temp,2100,85.6,,esp32,,0,,,,,,,,,,,,0,450.0,0.0,0.0,0,NONE
2026-09-28T18:38:20.977+00:00,662.397,manual,Manual cook,temp,2100,85.6,,esp32,,0,,,,,,,,,,,,0,450.0,0.0,0.0,0,NONE
2026-09-28T18:38:21.977+00:00,663.397,manual,Manual cook,temp,2100,86.0,,esp32,,0,,,,,,,,,,,,0,450.0,0.0,0.0,0,NONE
2026-09-28T18:38:22.977+00:00,664.397,manual,Manual cook,temp,2100,86.0,,esp32,,0,,,,,,,,,,,,0,450.0,0.0,0.0,0,NONE
2026-09-28T18:38:23.976+00:00,665.397,manual,Manual cook,temp,2100,85.6,,esp32,,0,,,,,,,,,,,,0,450.0,0.0,0.0,0,NONE
2026-09-28T18:38:24.976+00:00,666.397,manual,Manual cook,temp,2100,85.1,,esp32,,0,,,,,,,,,,,,0,450.0,0.0,0.0,0,NONE
2026-09-28T18:38:25.476+00:00,666.897,manual,Manual cook,temp,2100,85.6,,esp32,,0,,,,,,,,,,,,0,450.0,0.0,0.0,0,NONE
2026-09-28T18:38:26.476+00:00,667.897,manual,Manual cook,temp,2100,85.6,,esp32,,0,,,,,,,,,,,,0,450.0,0.0,0.0,0,NONE
2026-09-28T18:38:27.476+00:00,668.897,manual,Manual cook,temp,2100,86.0,,esp32,,0,,,,,,,,,,,,0,450.0,0.0,0.0,0,NONE
2026-09-28T18:38:28.476+00:00,669.897,manual,Manual cook,temp,2100,85.6,,esp32,,0,,,,,,,,,,,,0,450.0,0.0,0.0,0,NONE
2026-09-28T18:38:28.976+00:00,670.397,manual,Manual cook,temp,2100,86.0,,esp32,,0,,,,,,,,,,,,0,450.0,0.0,0.0,0,NONE
2026-09-28T18:38:29.976+00:00,671.397,manual,Manual cook,temp,2100,84.7,,esp32,,0,,,,,,,,,,,,0,450.0,0.0,0.0,0,NONE
2026-09-28T18:38:30.976+00:00,672.397,manual,Manual cook,temp,2100,85.1,,esp32,,0,,,,,,,,,,,,0,450.0,0.0,0.0,0,NONE
2026-09-28T18:38:31.477+00:00,672.897,manual,Manual cook,temp,2100,84.7,,esp32,,0,,,,,,,,,,,,0,450.0,0.0,0.0,0,NONE
2026-09-28T18:38:32.476+00:00,673.897,manual,Manual cook,temp,2100,85.6,,esp32,,0,,,,,,,,,,,,0,450.0,0.0,0.0,0,NONE
2026-09-28T18:38:33.476+00:00,674.897,manual,Manual cook,temp,2100,84.2,,esp32,,0,,,,,,,,,,,,0,450.0,0.0,0.0,0,NONE
2026-09-28T18:38:34.476+00:00,675.897,manual,Manual cook,temp,2100,85.1,,esp32,,0,,,,,,,,,,,,0,450.0,0.0,0.0,0,NONE
2026-09-28T18:38:34.976+00:00,676.397,manual,Manual cook,temp,2100,84.2,,esp32,,0,,,,,,,,,,,,0,450.0,0.0,0.0,0,NONE
2026-09-28T18:38:35.476+00:00,676.897,manual,Manual cook,temp,2100,84.2,,esp32,,0,,,,,,,,,,,,0,450.0,0.0,0.0,0,NONE
2026-09-28T18:38:36.476+00:00,677.897,manual,Manual cook,temp,2100,85.1,,esp32,,0,,,,,,,,,,,,0,450.0,0.0,0.0,0,NONE
2026-09-28T18:38:37.476+00:00,678.896,manual,Manual cook,temp,2100,85.1,,esp32,,0,,,,,,,,,,,,0,450.0,0.0,0.0,0,NONE
2026-09-28T18:38:38.476+00:00,679.896,manual,Manual cook,temp,2100,84.2,,esp32,,0,,,,,,,,,,,,0,450.0,0.0,0.0,0,NONE
2026-09-28T18:38:38.976+00:00,680.397,manual,Manual cook,temp,2100,84.7,,esp32,,0,,,,,,,,,,,,0,450.0,0.0,0.0,0,NONE
2026-09-28T18:38:39.976+00:00,681.396,manual,Manual cook,temp,2100,83.7,,esp32,,0,,,,,,,,,,,,0,450.0,0.0,0.0,0,NONE
2026-09-28T18:38:40.476+00:00,681.896,manual,Manual cook,temp,2100,84.7,,esp32,,0,,,,,,,,,,,,0,450.0,0.0,0.0,0,NONE
2026-09-28T18:38:40.976+00:00,682.396,manual,Manual cook,temp,2100,84.2,,esp32,,0,,,,,,,,,,,,0,450.0,0.0,0.0,0,NONE
2026-09-28T18:38:41.977+00:00,683.397,manual,Manual cook,temp,2100,83.7,,esp32,,0,,,,,,,,,,,,0,450.0,0.0,0.0,0,NONE
2026-09-28T18:38:42.976+00:00,684.396,manual,Manual cook,temp,2100,85.1,,esp32,,0,,,,,,,,,,,,0,450.0,0.0,0.0,0,NONE
2026-09-28T18:38:43.976+00:00,685.396,manual,Manual cook,temp,2100,83.7,,esp32,,0,,,,,,,,,,,,0,450.0,0.0,0.0,0,NONE
2026-09-28T18:38:44.476+00:00,685.896,manual,Manual cook,temp,2100,84.2,,esp32,,0,,,,,,,,,,,,0,450.0,0.0,0.0,0,NONE
2026-09-28T18:38:44.976+00:00,686.396,manual,Manual cook,temp,2100,85.1,,esp32,,0,,,,,,,,,,,,0,450.0,0.0,0.0,0,NONE
2026-09-28T18:38:45.976+00:00,687.396,manual,Manual cook,temp,2100,84.7,,esp32,,0,,,,,,,,,,,,0,450.0,0.0,0.0,0,NONE
2026-09-28T18:38:46.976+00:00,688.396,manual,Manual cook,temp,2100,84.2,,esp32,,0,,,,,,,,,,,,0,450.0,0.0,0.0,0,NONE
2026-09-28T18:38:47.476+00:00,688.896,manual,Manual cook,temp,2100,84.2,,esp32,,0,,,,,,,,,,,,0,450.0,0.0,0.0,0,NONE
2026-09-28T18:38:48.476+00:00,689.896,manual,Manual cook,temp,2100,83.7,,esp32,,0,,,,,,,,,,,,0,450.0,0.0,0.0,0,NONE
2026-09-28T18:38:48.976+00:00,690.396,manual,Manual cook,temp,2100,83.7,,esp32,,0,,,,,,,,,,,,0,450.0,0.0,0.0,0,NONE
2026-09-28T18:38:49.976+00:00,691.396,manual,Manual cook,temp,2100,85.1,,esp32,,0,,,,,,,,,,,,0,450.0,0.0,0.0,0,NONE
2026-09-28T18:38:50.476+00:00,691.896,manual,Manual cook,temp,2100,84.2,,esp32,,0,,,,,,,,,,,,0,450.0,0.0,0.0,0,NONE
2026-09-28T18:38:51.476+00:00,692.896,manual,Manual cook,temp,2100,84.7,,esp32,,0,,,,,,,,,,,,0,450.0,0.0,0.0,0,NONE
2026-09-28T18:38:51.976+00:00,693.396,manual,Manual cook,temp,2100,84.7,,esp32,,0,,,,,,,,,,,,0,450.0,0.0,0.0,0,NONE
2026-09-28T18:38:52.477+00:00,693.897,manual,Manual cook,temp,2100,84.7,,esp32,,0,,,,,,,,,,,,0,450.0,0.0,0.0,0,NONE
2026-09-28T18:38:53.476+00:00,694.896,manual,Manual cook,temp,2100,84.2,,esp32,,0,,,,,,,,,,,,0,450.0,0.0,0.0,0,NONE
2026-09-28T18:38:54.476+00:00,695.896,manual,Manual cook,temp,2100,83.7,,esp32,,0,,,,,,,,,,,,0,450.0,0.0,0.0,0,NONE
2026-09-28T18:38:54.976+00:00,696.396,manual,Manual cook,temp,2100,83.3,,esp32,,0,,,,,,,,,,,,0,450.0,0.0,0.0,0,NONE
2026-09-28T18:38:55.976+00:00,697.396,manual,Manual cook,temp,2100,84.7,,esp32,,0,,,,,,,,,,,,0,450.0,0.0,0.0,0,NONE
2026-09-28T18:38:56.976+00:00,698.396,manual,Manual cook,temp,2100,84.7,,esp32,,0,,,,,,,,,,,,0,450.0,0.0,0.0,0,NONE
2026-09-28T18:38:57.975+00:00,699.396,manual,Manual cook,temp,2100,84.2,,esp32,,0,,,,,,,,,,,,0,450.0,0.0,0.0,0,NONE
2026-09-28T18:38:58.975+00:00,700.396,manual,Manual cook,temp,2100,83.7,,esp32,,0,,,,,,,,,,,,0,450.0,0.0,0.0,0,NONE
2026-09-28T18:38:59.476+00:00,700.896,manual,Manual cook,temp,2100,84.7,,esp32,,0,,,,,,,,,,,,0,450.0,0.0,0.0,0,NONE
2026-09-28T18:39:00.475+00:00,701.896,manual,Manual cook,temp,2100,84.2,,esp32,,0,,,,,,,,,,,,0,450.0,0.0,0.0,0,NONE
2026-09-28T18:39:00.976+00:00,702.396,manual,Manual cook,temp,2100,83.7,,esp32,,0,,,,,,,,,,,,0,450.0,0.0,0.0,0,NONE
2026-09-28T18:39:01.975+00:00,703.396,manual,Manual cook,temp,2100,84.2,,esp32,,0,,,,,,,,,,,,0,450.0,0.0,0.0,0,NONE
2026-09-28T18:39:02.976+00:00,704.397,manual,Manual cook,temp,2100,84.2,,esp32,,0,,,,,,,,,,,,0,450.0,0.0,0.0,0,NONE
2026-09-28T18:39:03.975+00:00,705.396,manual,Manual cook,temp,2100,83.7,,esp32,,0,,,,,,,,,,,,0,450.0,0.0,0.0,0,NONE
2026-09-28T18:39:04.475+00:00,705.896,manual,Manual cook,temp,2100,84.2,,esp32,,0,,,,,,,,,,,,0,450.0,0.0,0.0,0,NONE
2026-09-28T18:39:04.976+00:00,706.396,manual,Manual cook,temp,2100,84.2,,esp32,,0,,,,,,,,,,,,0,450.0,0.0,0.0,0,NONE
2026-09-28T18:39:05.975+00:00,707.396,manual,Manual cook,temp,2100,83.7,,esp32,,0,,,,,,,,,,,,0,450.0,0.0,0.0,0,NONE
2026-09-28T18:39:06.476+00:00,707.896,manual,Manual cook,temp,2100,84.2,,esp32,,0,,,,,,,,,,,,0,450.0,0.0,0.0,0,NONE
2026-09-28T18:39:07.475+00:00,708.896,manual,Manual cook,temp,2100,83.3,,esp32,,0,,,,,,,,,,,,0,450.0,0.0,0.0,0,NONE
2026-09-28T18:39:08.476+00:00,709.897,manual,Manual cook,temp,2100,83.7,,esp32,,0,,,,,,,,,,,,0,450.0,0.0,0.0,0,NONE
2026-09-28T18:39:09.475+00:00,710.896,manual,Manual cook,temp,2100,84.7,,esp32,,0,,,,,,,,,,,,0,450.0,0.0,0.0,0,NONE
2026-09-28T18:39:10.475+00:00,711.896,manual,Manual cook,temp,2100,84.2,,esp32,,0,,,,,,,,,,,,0,450.0,0.0,0.0,0,NONE
2026-09-28T18:39:11.475+00:00,712.896,manual,Manual cook,temp,2100,83.7,,esp32,,0,,,,,,,,,,,,0,450.0,0.0,0.0,0,NONE
2026-09-28T18:39:12.475+00:00,713.895,manual,Manual cook,temp,2100,83.7,,esp32,,0,,,,,,,,,,,,0,450.0,0.0,0.0,0,NONE
2026-09-28T18:39:13.475+00:00,714.895,manual,Manual cook,temp,2100,83.7,,esp32,,0,,,,,,,,,,,,0,450.0,0.0,0.0,0,NONE
2026-09-28T18:39:13.976+00:00,715.396,manual,Manual cook,temp,2100,84.2,,esp32,,0,,,,,,,,,,,,0,450.0,0.0,0.0,0,NONE
2026-09-28T18:39:14.975+00:00,716.395,manual,Manual cook,temp,2100,83.3,,esp32,,0,,,,,,,,,,,,0,450.0,0.0,0.0,0,NONE
2026-09-28T18:39:15.475+00:00,716.896,manual,Manual cook,temp,2100,83.7,,esp32,,0,,,,,,,,,,,,0,450.0,0.0,0.0,0,NONE
2026-09-28T18:39:16.475+00:00,717.895,manual,Manual cook,temp,2100,83.3,,esp32,,0,,,,,,,,,,,,0,450.0,0.0,0.0,0,NONE
2026-09-28T18:39:16.975+00:00,718.395,manual,Manual cook,temp,2100,83.3,,esp32,,0,,,,,,,,,,,,0,450.0,0.0,0.0,0,NONE
2026-09-28T18:39:17.975+00:00,719.395,manual,Manual cook,temp,2100,83.7,,esp32,,0,,,,,,,,,,,,0,450.0,0.0,0.0,0,NONE
2026-09-28T18:39:18.975+00:00,720.395,manual,Manual cook,temp,2100,83.7,,esp32,,0,,,,,,,,,,,,0,450.0,0.0,0.0,0,NONE
2026-09-28T18:39:19.976+00:00,721.396,manual,Manual cook,temp,2100,83.7,,esp32,,0,,,,,,,,,,,,0,450.0,0.0,0.0,0,NONE
2026-09-28T18:39:20.975+00:00,722.395,manual,Manual cook,temp,2100,83.3,,esp32,,0,,,,,,,,,,,,0,450.0,0.0,0.0,0,NONE
2026-09-28T18:39:21.975+00:00,723.395,manual,Manual cook,temp,2100,83.7,,esp32,,0,,,,,,,,,,,,0,450.0,0.0,0.0,0,NONE
2026-09-28T18:39:22.975+00:00,724.395,manual,Manual cook,temp,2100,82.8,,esp32,,0,,,,,,,,,,,,0,450.0,0.0,0.0,0,NONE
2026-09-28T18:39:23.975+00:00,725.395,manual,Manual cook,temp,2100,83.3,,esp32,,0,,,,,,,,,,,,0,450.0,0.0,0.0,0,NONE
2026-09-28T18:39:24.975+00:00,726.395,manual,Manual cook,temp,2100,83.7,,esp32,,0,,,,,,,,,,,,0,450.0,0.0,0.0,0,NONE
2026-09-28T18:39:25.475+00:00,726.896,manual,Manual cook,temp,2100,83.7,,esp32,,0,,,,,,,,,,,,0,450.0,0.0,0.0,0,NONE
2026-09-28T18:39:26.475+00:00,727.895,manual,Manual cook,temp,2100,83.3,,esp32,,0,,,,,,,,,,,,0,450.0,0.0,0.0,0,NONE
2026-09-28T18:39:27.475+00:00,728.895,manual,Manual cook,temp,2100,82.8,,esp32,,0,,,,,,,,,,,,0,450.0,0.0,0.0,0,NONE
2026-09-28T18:39:28.475+00:00,729.895,manual,Manual cook,temp,2100,82.4,,esp32,,0,,,,,,,,,,,,0,450.0,0.0,0.0,0,NONE
2026-09-28T18:39:29.475+00:00,730.895,manual,Manual cook,temp,2100,83.3,,esp32,,0,,,,,,,,,,,,0,450.0,0.0,0.0,0,NONE
2026-09-28T18:39:30.475+00:00,731.895,manual,Manual cook,temp,2100,83.3,,esp32,,0,,,,,,,,,,,,0,450.0,0.0,0.0,0,NONE
2026-09-28T18:39:30.976+00:00,732.396,manual,Manual cook,temp,2100,83.3,,esp32,,0,,,,,,,,,,,,0,450.0,0.0,0.0,0,NONE
2026-09-28T18:39:31.975+00:00,733.395,manual,Manual cook,temp,2100,82.4,,esp32,,0,,,,,,,,,,,,0,450.0,0.0,0.0,0,NONE
2026-09-28T18:39:32.975+00:00,734.395,manual,Manual cook,temp,2100,83.3,,esp32,,0,,,,,,,,,,,,0,450.0,0.0,0.0,0,NONE
2026-09-28T18:39:33.975+00:00,735.395,manual,Manual cook,temp,2100,82.4,,esp32,,0,,,,,,,,,,,,0,450.0,0.0,0.0,0,NONE
2026-09-28T18:39:34.975+00:00,736.395,manual,Manual cook,temp,2100,82.4,,esp32,,0,,,,,,,,,,,,0,450.0,0.0,0.0,0,NONE
2026-09-28T18:39:35.974+00:00,737.395,manual,Manual cook,temp,2100,83.3,,esp32,,0,,,,,,,,,,,,0,450.0,0.0,0.0,0,NONE
2026-09-28T18:39:36.475+00:00,737.896,manual,Manual cook,temp,2100,83.3,,esp32,,0,,,,,,,,,,,,0,450.0,0.0,0.0,0,NONE
2026-09-28T18:39:37.475+00:00,738.895,manual,Manual cook,temp,2100,83.7,,esp32,,0,,,,,,,,,,,,0,450.0,0.0,0.0,0,NONE
2026-09-28T18:39:38.474+00:00,739.895,manual,Manual cook,temp,2100,82.4,,esp32,,0,,,,,,,,,,,,0,450.0,0.0,0.0,0,NONE
2026-09-28T18:39:39.474+00:00,740.895,manual,Manual cook,temp,2100,82.4,,esp32,,0,,,,,,,,,,,,0,450.0,0.0,0.0,0,NONE
2026-09-28T18:39:39.974+00:00,741.395,manual,Manual cook,temp,2100,82.8,,esp32,,0,,,,,,,,,,,,0,450.0,0.0,0.0,0,NONE
2026-09-28T18:39:40.974+00:00,742.395,manual,Manual cook,temp,2100,82.8,,esp32,,0,,,,,,,,,,,,0,450.0,0.0,0.0,0,NONE
2026-09-28T18:39:41.474+00:00,742.895,manual,Manual cook,temp,2100,82.4,,esp32,,0,,,,,,,,,,,,0,450.0,0.0,0.0,0,NONE
2026-09-28T18:39:41.975+00:00,743.395,manual,Manual cook,temp,2100,82.4,,esp32,,0,,,,,,,,,,,,0,450.0,0.0,0.0,0,NONE
2026-09-28T18:39:42.974+00:00,744.395,manual,Manual cook,temp,2100,82.8,,esp32,,0,,,,,,,,,,,,0,450.0,0.0,0.0,0,NONE
2026-09-28T18:39:43.974+00:00,745.395,manual,Manual cook,temp,2100,82.8,,esp32,,0,,,,,,,,,,,,0,450.0,0.0,0.0,0,NONE
2026-09-28T18:39:44.474+00:00,745.895,manual,Manual cook,temp,2100,82.8,,esp32,,0,,,,,,,,,,,,0,450.0,0.0,0.0,0,NONE
2026-09-28T18:39:45.474+00:00,746.895,manual,Manual cook,temp,2100,82.8,,esp32,,0,,,,,,,,,,,,0,450.0,0.0,0.0,0,NONE
2026-09-28T18:39:46.474+00:00,747.895,manual,Manual cook,temp,2100,82.8,,esp32,,0,,,,,,,,,,,,0,450.0,0.0,0.0,0,NONE
2026-09-28T18:39:47.475+00:00,748.895,manual,Manual cook,temp,2100,82.8,,esp32,,0,,,,,,,,,,,,0,450.0,0.0,0.0,0,NONE
2026-09-28T18:39:48.475+00:00,749.895,manual,Manual cook,temp,2100,82.8,,esp32,,0,,,,,,,,,,,,0,450.0,0.0,0.0,0,NONE
2026-09-28T18:39:49.474+00:00,750.895,manual,Manual cook,temp,2100,82.4,,esp32,,0,,,,,,,,,,,,0,450.0,0.0,0.0,0,NONE
2026-09-28T18:39:50.474+00:00,751.894,manual,Manual cook,temp,2100,82.8,,esp32,,0,,,,,,,,,,,,0,450.0,0.0,0.0,0,NONE
2026-09-28T18:39:50.974+00:00,752.395,manual,Manual cook,temp,2100,82.8,,esp32,,0,,,,,,,,,,,,0,450.0,0.0,0.0,0,NONE
2026-09-28T18:39:51.974+00:00,753.394,manual,Manual cook,temp,2100,82.4,,esp32,,0,,,,,,,,,,,,0,450.0,0.0,0.0,0,NONE
2026-09-28T18:39:52.474+00:00,753.895,manual,Manual cook,temp,2100,82.8,,esp32,,0,,,,,,,,,,,,0,450.0,0.0,0.0,0,NONE
2026-09-28T18:39:53.475+00:00,754.896,manual,Manual cook,temp,2100,82.4,,esp32,,0,,,,,,,,,,,,0,450.0,0.0,0.0,0,NONE
2026-09-28T18:39:54.474+00:00,755.894,manual,Manual cook,temp,2100,83.3,,esp32,,0,,,,,,,,,,,,0,450.0,0.0,0.0,0,NONE
2026-09-28T18:39:54.974+00:00,756.394,manual,Manual cook,temp,2100,82.8,,esp32,,0,,,,,,,,,,,,0,450.0,0.0,0.0,0,NONE
2026-09-28T18:39:55.974+00:00,757.394,manual,Manual cook,temp,2100,81.9,,esp32,,0,,,,,,,,,,,,0,450.0,0.0,0.0,0,NONE
2026-09-28T18:39:56.974+00:00,758.394,manual,Manual cook,temp,2100,82.8,,esp32,,0,,,,,,,,,,,,0,450.0,0.0,0.0,0,NONE
2026-09-28T18:39:57.474+00:00,758.894,manual,Manual cook,temp,2100,82.8,,esp32,,0,,,,,,,,,,,,0,450.0,0.0,0.0,0,NONE
2026-09-28T18:39:58.474+00:00,759.894,manual,Manual cook,temp,2100,82.8,,esp32,,0,,,,,,,,,,,,0,450.0,0.0,0.0,0,NONE
2026-09-28T18:39:59.475+00:00,760.895,manual,Manual cook,temp,2100,81.1,,esp32,,0,,,,,,,,,,,,0,450.0,0.0,0.0,0,NONE
2026-09-28T18:40:00.474+00:00,761.894,manual,Manual cook,temp,2100,82.4,,esp32,,0,,,,,,,,,,,,0,450.0,0.0,0.0,0,NONE
2026-09-28T18:40:01.474+00:00,762.894,manual,Manual cook,temp,2100,82.4,,esp32,,0,,,,,,,,,,,,0,450.0,0.0,0.0,0,NONE
2026-09-28T18:40:02.474+00:00,763.894,manual,Manual cook,temp,2100,82.4,,esp32,,0,,,,,,,,,,,,0,450.0,0.0,0.0,0,NONE
2026-09-28T18:40:03.474+00:00,764.894,manual,Manual cook,temp,2100,82.8,,esp32,,0,,,,,,,,,,,,0,450.0,0.0,0.0,0,NONE
2026-09-28T18:40:04.474+00:00,765.894,manual,Manual cook,temp,2100,82.4,,esp32,,0,,,,,,,,,,,,0,450.0,0.0,0.0,0,NONE
2026-09-28T18:40:05.474+00:00,766.894,manual,Manual cook,temp,2100,82.4,,esp32,,0,,,,,,,,,,,,0,450.0,0.0,0.0,0,NONE
2026-09-28T18:40:06.474+00:00,767.894,manual,Manual cook,temp,2100,82.4,,esp32,,0,,,,,,,,,,,,0,450.0,0.0,0.0,0,NONE
2026-09-28T18:40:07.474+00:00,768.895,manual,Manual cook,temp,2100,81.9,,esp32,,0,,,,,,,,,,,,0,450.0,0.0,0.0,0,NONE
2026-09-28T18:40:08.474+00:00,769.894,manual,Manual cook,temp,2100,81.9,,esp32,,0,,,,,,,,,,,,0,450.0,0.0,0.0,0,NONE
2026-09-28T18:40:09.474+00:00,770.894,manual,Manual cook,temp,2100,82.4,,esp32,,0,,,,,,,,,,,,0,450.0,0.0,0.0,0,NONE
2026-09-28T18:40:09.974+00:00,771.395,manual,Manual cook,temp,2100,82.4,,esp32,,0,,,,,,,,,,,,0,450.0,0.0,0.0,0,NONE
2026-09-28T18:40:10.475+00:00,771.895,manual,Manual cook,temp,2100,82.4,,esp32,,0,,,,,,,,,,,,0,450.0,0.0,0.0,0,NONE
2026-09-28T18:40:11.474+00:00,772.894,manual,Manual cook,temp,2100,81.9,,esp32,,0,,,,,,,,,,,,0,450.0,0.0,0.0,0,NONE
2026-09-28T18:40:12.474+00:00,773.894,manual,Manual cook,temp,2100,81.9,,esp32,,0,,,,,,,,,,,,0,450.0,0.0,0.0,0,NONE
2026-09-28T18:40:13.474+00:00,774.894,manual,Manual cook,temp,2100,81.1,,esp32,,0,,,,,,,,,,,,0,450.0,0.0,0.0,0,NONE
2026-09-28T18:40:14.474+00:00,775.894,manual,Manual cook,temp,2100,82.4,,esp32,,0,,,,,,,,,,,,0,450.0,0.0,0.0,0,NONE
2026-09-28T18:40:15.473+00:00,776.894,manual,Manual cook,temp,2100,81.9,,esp32,,0,,,,,,,,,,,,0,450.0,0.0,0.0,0,NONE
2026-09-28T18:40:15.974+00:00,777.394,manual,Manual cook,temp,2100,82.4,,esp32,,0,,,,,,,,,,,,0,450.0,0.0,0.0,0,NONE
2026-09-28T18:40:16.474+00:00,777.895,manual,Manual cook,temp,2100,81.5,,esp32,,0,,,,,,,,,,,,0,450.0,0.0,0.0,0,NONE
2026-09-28T18:40:17.473+00:00,778.894,manual,Manual cook,temp,2100,81.9,,esp32,,0,,,,,,,,,,,,0,450.0,0.0,0.0,0,NONE
2026-09-28T18:40:18.473+00:00,779.894,manual,Manual cook,temp,2100,81.9,,esp32,,0,,,,,,,,,,,,0,450.0,0.0,0.0,0,NONE
2026-09-28T18:40:18.973+00:00,780.394,manual,Manual cook,temp,2100,81.9,,esp32,,0,,,,,,,,,,,,0,450.0,0.0,0.0,0,NONE
2026-09-28T18:40:19.973+00:00,781.394,manual,Manual cook,temp,2100,81.9,,esp32,,0,,,,,,,,,,,,0,450.0,0.0,0.0,0,NONE
2026-09-28T18:40:20.473+00:00,781.894,manual,Manual cook,temp,2100,82.4,,esp32,,0,,,,,,,,,,,,0,450.0,0.0,0.0,0,NONE
2026-09-28T18:40:21.473+00:00,782.894,manual,Manual cook,temp,2100,81.5,,esp32,,0,,,,,,,,,,,,0,450.0,0.0,0.0,0,NONE
2026-09-28T18:40:21.974+00:00,783.394,manual,Manual cook,temp,2100,82.4,,esp32,,0,,,,,,,,,,,,0,450.0,0.0,0.0,0,NONE
2026-09-28T18:40:22.973+00:00,784.394,manual,Manual cook,temp,2100,81.9,,esp32,,0,,,,,,,,,,,,0,450.0,0.0,0.0,0,NONE
2026-09-28T18:40:23.473+00:00,784.894,manual,Manual cook,temp,2100,81.9,,esp32,,0,,,,,,,,,,,,0,450.0,0.0,0.0,0,NONE
2026-09-28T18:40:23.973+00:00,785.394,manual,Manual cook,temp,2100,81.9,,esp32,,0,,,,,,,,,,,,0,450.0,0.0,0.0,0,NONE
2026-09-28T18:40:24.973+00:00,786.393,manual,Manual cook,temp,2100,81.9,,esp32,,0,,,,,,,,,,,,0,450.0,0.0,0.0,0,NONE
2026-09-28T18:40:25.973+00:00,787.394,manual,Manual cook,temp,2100,82.4,,esp32,,0,,,,,,,,,,,,0,450.0,0.0,0.0,0,NONE
2026-09-28T18:40:26.973+00:00,788.393,manual,Manual cook,temp,2100,82.4,,esp32,,0,,,,,,,,,,,,0,450.0,0.0,0.0,0,NONE
2026-09-28T18:40:27.473+00:00,788.894,manual,Manual cook,temp,2100,81.9,,esp32,,0,,,,,,,,,,,,0,450.0,0.0,0.0,0,NONE
2026-09-28T18:40:28.473+00:00,789.893,manual,Manual cook,temp,2100,81.5,,esp32,,0,,,,,,,,,,,,0,450.0,0.0,0.0,0,NONE
2026-09-28T18:40:29.473+00:00,790.893,manual,Manual cook,temp,2100,81.9,,esp32,,0,,,,,,,,,,,,0,450.0,0.0,0.0,0,NONE
2026-09-28T18:40:30.473+00:00,791.893,manual,Manual cook,temp,2100,81.9,,esp32,,0,,,,,,,,,,,,0,450.0,0.0,0.0,0,NONE
2026-09-28T18:40:31.473+00:00,792.893,manual,Manual cook,temp,2100,81.5,,esp32,,0,,,,,,,,,,,,0,450.0,0.0,0.0,0,NONE
2026-09-28T18:40:31.973+00:00,793.393,manual,Manual cook,temp,2100,81.5,,esp32,,0,,,,,,,,,,,,0,450.0,0.0,0.0,0,NONE
2026-09-28T18:40:32.474+00:00,793.894,manual,Manual cook,temp,2100,81.1,,esp32,,0,,,,,,,,,,,,0,450.0,0.0,0.0,0,NONE
2026-09-28T18:40:33.473+00:00,794.893,manual,Manual cook,temp,2100,81.1,,esp32,,0,,,,,,,,,,,,0,450.0,0.0,0.0,0,NONE
2026-09-28T18:40:33.973+00:00,795.393,manual,Manual cook,temp,2100,81.5,,esp32,,0,,,,,,,,,,,,0,450.0,0.0,0.0,0,NONE
2026-09-28T18:40:34.973+00:00,796.393,manual,Manual cook,temp,2100,81.9,,esp32,,0,,,,,,,,,,,,0,450.0,0.0,0.0,0,NONE
2026-09-28T18:40:35.973+00:00,797.393,manual,Manual cook,temp,2100,81.5,,esp32,,0,,,,,,,,,,,,0,450.0,0.0,0.0,0,NONE
2026-09-28T18:40:36.973+00:00,798.393,manual,Manual cook,temp,2100,81.5,,esp32,,0,,,,,,,,,,,,0,450.0,0.0,0.0,0,NONE
2026-09-28T18:40:37.974+00:00,799.394,manual,Manual cook,temp,2100,80.2,,esp32,,0,,,,,,,,,,,,0,450.0,0.0,0.0,0,NONE
2026-09-28T18:40:38.973+00:00,800.393,manual,Manual cook,temp,2100,81.5,,esp32,,0,,,,,,,,,,,,0,450.0,0.0,0.0,0,NONE
2026-09-28T18:40:39.973+00:00,801.393,manual,Manual cook,temp,2100,80.2,,esp32,,0,,,,,,,,,,,,0,450.0,0.0,0.0,0,NONE
2026-09-28T18:40:40.973+00:00,802.393,manual,Manual cook,temp,2100,81.5,,esp32,,0,,,,,,,,,,,,0,450.0,0.0,0.0,0,NONE
2026-09-28T18:40:41.973+00:00,803.393,manual,Manual cook,temp,2100,80.6,,esp32,,0,,,,,,,,,,,,0,450.0,0.0,0.0,0,NONE
2026-09-28T18:40:42.973+00:00,804.393,manual,Manual cook,temp,2100,81.5,,esp32,,0,,,,,,,,,,,,0,450.0,0.0,0.0,0,NONE
2026-09-28T18:40:43.474+00:00,804.894,manual,Manual cook,temp,2100,81.9,,esp32,,0,,,,,,,,,,,,0,450.0,0.0,0.0,0,NONE
2026-09-28T18:40:44.473+00:00,805.893,manual,Manual cook,temp,2100,81.5,,esp32,,0,,,,,,,,,,,,0,450.0,0.0,0.0,0,NONE
2026-09-28T18:40:44.973+00:00,806.393,manual,Manual cook,temp,2100,80.2,,esp32,,0,,,,,,,,,,,,0,450.0,0.0,0.0,0,NONE
2026-09-28T18:40:45.972+00:00,807.393,manual,Manual cook,temp,2100,81.1,,esp32,,0,,,,,,,,,,,,0,450.0,0.0,0.0,0,NONE
2026-09-28T18:40:46.473+00:00,807.893,manual,Manual cook,temp,2100,81.1,,esp32,,0,,,,,,,,,,,,0,450.0,0.0,0.0,0,NONE
2026-09-28T18:40:47.472+00:00,808.893,manual,Manual cook,temp,2100,80.6,,esp32,,0,,,,,,,,,,,,0,450.0,0.0,0.0,0,NONE
2026-09-28T18:40:47.973+00:00,809.393,manual,Manual cook,temp,2100,80.6,,esp32,,0,,,,,,,,,,,,0,450.0,0.0,0.0,0,NONE
2026-09-28T18:40:48.973+00:00,810.393,manual,Manual cook,temp,2100,81.5,,esp32,,0,,,,,,,,,,,,0,450.0,0.0,0.0,0,NONE
2026-09-28T18:40:49.972+00:00,811.393,manual,Manual cook,temp,2100,80.6,,esp32,,0,,,,,,,,,,,,0,450.0,0.0,0.0,0,NONE
2026-09-28T18:40:50.972+00:00,812.393,manual,Manual cook,temp,2100,81.1,,esp32,,0,,,,,,,,,,,,0,450.0,0.0,0.0,0,NONE
2026-09-28T18:40:51.972+00:00,813.393,manual,Manual cook,temp,2100,81.1,,esp32,,0,,,,,,,,,,,,0,450.0,0.0,0.0,0,NONE
2026-09-28T18:40:52.972+00:00,814.393,manual,Manual cook,temp,2100,81.1,,esp32,,0,,,,,,,,,,,,0,450.0,0.0,0.0,0,NONE
2026-09-28T18:40:53.973+00:00,815.393,manual,Manual cook,temp,2100,81.1,,esp32,,0,,,,,,,,,,,,0,450.0,0.0,0.0,0,NONE
2026-09-28T18:40:54.972+00:00,816.393,manual,Manual cook,temp,2100,81.5,,esp32,,0,,,,,,,,,,,,0,450.0,0.0,0.0,0,NONE
2026-09-28T18:40:55.972+00:00,817.393,manual,Manual cook,temp,2100,81.1,,esp32,,0,,,,,,,,,,,,0,450.0,0.0,0.0,0,NONE
2026-09-28T18:40:56.972+00:00,818.393,manual,Manual cook,temp,2100,81.1,,esp32,,0,,,,,,,,,,,,0,450.0,0.0,0.0,0,NONE
2026-09-28T18:40:57.972+00:00,819.393,manual,Manual cook,temp,2100,81.1,,esp32,,0,,,,,,,,,,,,0,450.0,0.0,0.0,0,NONE
2026-09-28T18:40:58.472+00:00,819.893,manual,Manual cook,temp,2100,81.1,,esp32,,0,,,,,,,,,,,,0,450.0,0.0,0.0,0,NONE
2026-09-28T18:40:59.473+00:00,820.893,manual,Manual cook,temp,2100,81.5,,esp32,,0,,,,,,,,,,,,0,450.0,0.0,0.0,0,NONE
2026-09-28T18:41:00.472+00:00,821.892,manual,Manual cook,temp,2100,80.6,,esp32,,0,,,,,,,,,,,,0,450.0,0.0,0.0,0,NONE
2026-09-28T18:41:01.472+00:00,822.892,manual,Manual cook,temp,2100,80.6,,esp32,,0,,,,,,,,,,,,0,450.0,0.0,0.0,0,NONE
2026-09-28T18:41:01.972+00:00,823.392,manual,Manual cook,temp,2100,81.9,,esp32,,0,,,,,,,,,,,,0,450.0,0.0,0.0,0,NONE
2026-09-28T18:41:02.472+00:00,823.893,manual,Manual cook,temp,2100,81.5,,esp32,,0,,,,,,,,,,,,0,450.0,0.0,0.0,0,NONE
2026-09-28T18:41:03.472+00:00,824.892,manual,Manual cook,temp,2100,80.2,,esp32,,0,,,,,,,,,,,,0,450.0,0.0,0.0,0,NONE
2026-09-28T18:41:04.472+00:00,825.892,manual,Manual cook,temp,2100,80.2,,esp32,,0,,,,,,,,,,,,0,450.0,0.0,0.0,0,NONE
2026-09-28T18:41:05.472+00:00,826.892,manual,Manual cook,temp,2100,80.6,,esp32,,0,,,,,,,,,,,,0,450.0,0.0,0.0,0,NONE
2026-09-28T18:41:06.472+00:00,827.892,manual,Manual cook,temp,2100,80.2,,esp32,,0,,,,,,,,,,,,0,450.0,0.0,0.0,0,NONE
2026-09-28T18:41:07.472+00:00,828.892,manual,Manual cook,temp,2100,81.1,,esp32,,0,,,,,,,,,,,,0,450.0,0.0,0.0,0,NONE
2026-09-28T18:41:07.972+00:00,829.392,manual,Manual cook,temp,2100,80.2,,esp32,,0,,,,,,,,,,,,0,450.0,0.0,0.0,0,NONE
2026-09-28T18:41:08.972+00:00,830.392,manual,Manual cook,temp,2100,81.1,,esp32,,0,,,,,,,,,,,,0,450.0,0.0,0.0,0,NONE
2026-09-28T18:41:09.472+00:00,830.892,manual,Manual cook,temp,2100,81.1,,esp32,,0,,,,,,,,,,,,0,450.0,0.0,0.0,0,NONE
2026-09-28T18:41:09.972+00:00,831.393,manual,Manual cook,temp,2100,81.1,,esp32,,0,,,,,,,,,,,,0,450.0,0.0,0.0,0,NONE
2026-09-28T18:41:10.972+00:00,832.392,manual,Manual cook,temp,2100,81.1,,esp32,,0,,,,,,,,,,,,0,450.0,0.0,0.0,0,NONE
2026-09-28T18:41:11.972+00:00,833.392,manual,Manual cook,temp,2100,80.2,,esp32,,0,,,,,,,,,,,,0,450.0,0.0,0.0,0,NONE
2026-09-28T18:41:12.472+00:00,833.892,manual,Manual cook,temp,2100,80.6,,esp32,,0,,,,,,,,,,,,0,450.0,0.0,0.0,0,NONE
2026-09-28T18:41:13.472+00:00,834.892,manual,Manual cook,temp,2100,81.1,,esp32,,0,,,,,,,,,,,,0,450.0,0.0,0.0,0,NONE
2026-09-28T18:41:14.472+00:00,835.892,manual,Manual cook,temp,2100,80.6,,esp32,,0,,,,,,,,,,,,0,450.0,0.0,0.0,0,NONE
2026-09-28T18:41:14.972+00:00,836.392,manual,Manual cook,temp,2100,81.1,,esp32,,0,,,,,,,,,,,,0,450.0,0.0,0.0,0,NONE
2026-09-28T18:41:15.473+00:00,836.893,manual,Manual cook,temp,2100,81.1,,esp32,,0,,,,,,,,,,,,0,450.0,0.0,0.0,0,NONE
2026-09-28T18:41:16.472+00:00,837.892,manual,Manual cook,temp,2100,80.6,,esp32,,0,,,,,,,,,,,,0,450.0,0.0,0.0,0,NONE
2026-09-28T18:41:17.472+00:00,838.892,manual,Manual cook,temp,2100,80.2,,esp32,,0,,,,,,,,,,,,0,450.0,0.0,0.0,0,NONE
2026-09-28T18:41:18.472+00:00,839.892,manual,Manual cook,temp,2100,80.6,,esp32,,0,,,,,,,,,,,,0,450.0,0.0,0.0,0,NONE
2026-09-28T18:41:18.972+00:00,840.392,manual,Manual cook,temp,2100,80.6,,esp32,,0,,,,,,,,,,,,0,450.0,0.0,0.0,0,NONE
2026-09-28T18:41:19.972+00:00,841.392,manual,Manual cook,temp,2100,80.6,,esp32,,0,,,,,,,,,,,,0,450.0,0.0,0.0,0,NONE
2026-09-28T18:41:20.972+00:00,842.393,manual,Manual cook,temp,2100,80.6,,esp32,,0,,,,,,,,,,,,0,450.0,0.0,0.0,0,NONE
2026-09-28T18:41:21.972+00:00,843.392,manual,Manual cook,temp,2100,80.2,,esp32,,0,,,,,,,,,,,,0,450.0,0.0,0.0,0,NONE
2026-09-28T18:41:22.971+00:00,844.392,manual,Manual cook,temp,2100,81.1,,esp32,,0,,,,,,,,,,,,0,450.0,0.0,0.0,0,NONE
2026-09-28T18:41:23.971+00:00,845.392,manual,Manual cook,temp,2100,81.1,,esp32,,0,,,,,,,,,,,,0,450.0,0.0,0.0,0,NONE
2026-09-28T18:41:24.972+00:00,846.392,manual,Manual cook,temp,2100,81.1,,esp32,,0,,,,,,,,,,,,0,450.0,0.0,0.0,0,NONE
2026-09-28T18:41:25.971+00:00,847.392,manual,Manual cook,temp,2100,81.1,,esp32,,0,,,,,,,,,,,,0,450.0,0.0,0.0,0,NONE
2026-09-28T18:41:26.971+00:00,848.392,manual,Manual cook,temp,2100,81.1,,esp32,,0,,,,,,,,,,,,0,450.0,0.0,0.0,0,NONE
2026-09-28T18:41:27.471+00:00,848.892,manual,Manual cook,temp,2100,80.6,,esp32,,0,,,,,,,,,,,,0,450.0,0.0,0.0,0,NONE
2026-09-28T18:41:28.471+00:00,849.892,manual,Manual cook,temp,2100,80.2,,esp32,,0,,,,,,,,,,,,0,450.0,0.0,0.0,0,NONE
2026-09-28T18:41:29.471+00:00,850.892,manual,Manual cook,temp,2100,80.6,,esp32,,0,,,,,,,,,,,,0,450.0,0.0,0.0,0,NONE
2026-09-28T18:41:30.471+00:00,851.892,manual,Manual cook,temp,2100,80.2,,esp32,,0,,,,,,,,,,,,0,450.0,0.0,0.0,0,NONE
2026-09-28T18:41:30.971+00:00,852.392,manual,Manual cook,temp,2100,80.6,,esp32,,0,,,,,,,,,,,,0,450.0,0.0,0.0,0,NONE
2026-09-28T18:41:31.972+00:00,853.392,manual,Manual cook,temp,2100,79.7,,esp32,,0,,,,,,,,,,,,0,450.0,0.0,0.0,0,NONE
2026-09-28T18:41:32.472+00:00,853.893,manual,Manual cook,temp,2100,79.2,,esp32,,0,,,,,,,,,,,,0,450.0,0.0,0.0,0,NONE
2026-09-28T18:41:33.471+00:00,854.892,manual,Manual cook,temp,2100,80.6,,esp32,,0,,,,,,,,,,,,0,450.0,0.0,0.0,0,NONE
2026-09-28T18:41:33.971+00:00,855.392,manual,Manual cook,temp,2100,80.2,,esp32,,0,,,,,,,,,,,,0,450.0,0.0,0.0,0,NONE
2026-09-28T18:41:34.971+00:00,856.392,manual,Manual cook,temp,2100,81.1,,esp32,,0,,,,,,,,,,,,0,450.0,0.0,0.0,0,NONE
2026-09-28T18:41:35.971+00:00,857.391,manual,Manual cook,temp,2100,80.2,,esp32,,0,,,,,,,,,,,,0,450.0,0.0,0.0,0,NONE
2026-09-28T18:41:36.471+00:00,857.892,manual,Manual cook,temp,2100,80.2,,esp32,,0,,,,,,,,,,,,0,450.0,0.0,0.0,0,NONE
2026-09-28T18:41:36.972+00:00,858.392,manual,Manual cook,temp,2100,80.2,,esp32,,0,,,,,,,,,,,,0,450.0,0.0,0.0,0,NONE
2026-09-28T18:41:37.971+00:00,859.391,manual,Manual cook,temp,2100,80.2,,esp32,,0,,,,,,,,,,,,0,450.0,0.0,0.0,0,NONE
2026-09-28T18:41:38.971+00:00,860.391,manual,Manual cook,temp,2100,79.7,,esp32,,0,,,,,,,,,,,,0,450.0,0.0,0.0,0,NONE
2026-09-28T18:41:39.471+00:00,860.892,manual,Manual cook,temp,2100,80.2,,esp32,,0,,,,,,,,,,,,0,450.0,0.0,0.0,0,NONE
2026-09-28T18:41:39.971+00:00,861.392,manual,Manual cook,temp,2100,80.2,,esp32,,0,,,,,,,,,,,,0,450.0,0.0,0.0,0,NONE
2026-09-28T18:41:40.971+00:00,862.391,manual,Manual cook,temp,2100,80.2,,esp32,,0,,,,,,,,,,,,0,450.0,0.0,0.0,0,NONE
2026-09-28T18:41:41.971+00:00,863.391,manual,Manual cook,temp,2100,80.2,,esp32,,0,,,,,,,,,,,,0,450.0,0.0,0.0,0,NONE
2026-09-28T18:41:42.972+00:00,864.392,manual,Manual cook,temp,2100,80.2,,esp32,,0,,,,,,,,,,,,0,450.0,0.0,0.0,0,NONE
2026-09-28T18:41:43.971+00:00,865.391,manual,Manual cook,temp,2100,80.6,,esp32,,0,,,,,,,,,,,,0,450.0,0.0,0.0,0,NONE
2026-09-28T18:41:44.971+00:00,866.391,manual,Manual cook,temp,2100,79.2,,esp32,,0,,,,,,,,,,,,0,450.0,0.0,0.0,0,NONE
2026-09-28T18:41:45.971+00:00,867.391,manual,Manual cook,temp,2100,80.6,,esp32,,0,,,,,,,,,,,,0,450.0,0.0,0.0,0,NONE
2026-09-28T18:41:46.971+00:00,868.391,manual,Manual cook,temp,2100,80.2,,esp32,,0,,,,,,,,,,,,0,450.0,0.0,0.0,0,NONE
2026-09-28T18:41:47.971+00:00,869.391,manual,Manual cook,temp,2100,79.7,,esp32,,0,,,,,,,,,,,,0,450.0,0.0,0.0,0,NONE
2026-09-28T18:41:48.472+00:00,869.892,manual,Manual cook,temp,2100,80.2,,esp32,,0,,,,,,,,,,,,0,450.0,0.0,0.0,0,NONE
2026-09-28T18:41:49.471+00:00,870.891,manual,Manual cook,temp,2100,80.2,,esp32,,0,,,,,,,,,,,,0,450.0,0.0,0.0,0,NONE
2026-09-28T18:41:50.471+00:00,871.891,manual,Manual cook,temp,2100,80.2,,esp32,,0,,,,,,,,,,,,0,450.0,0.0,0.0,0,NONE
2026-09-28T18:41:50.971+00:00,872.391,manual,Manual cook,temp,2100,80.2,,esp32,,0,,,,,,,,,,,,0,450.0,0.0,0.0,0,NONE
2026-09-28T18:41:51.471+00:00,872.891,manual,Manual cook,temp,2100,80.6,,esp32,,0,,,,,,,,,,,,0,450.0,0.0,0.0,0,NONE
2026-09-28T18:41:52.471+00:00,873.891,manual,Manual cook,temp,2100,80.2,,esp32,,0,,,,,,,,,,,,0,450.0,0.0,0.0,0,NONE
2026-09-28T18:41:53.471+00:00,874.891,manual,Manual cook,temp,2100,79.7,,esp32,,0,,,,,,,,,,,,0,450.0,0.0,0.0,0,NONE
2026-09-28T18:41:54.471+00:00,875.891,manual,Manual cook,temp,2100,79.7,,esp32,,0,,,,,,,,,,,,0,450.0,0.0,0.0,0,NONE
2026-09-28T18:41:55.471+00:00,876.891,manual,Manual cook,temp,2100,80.6,,esp32,,0,,,,,,,,,,,,0,450.0,0.0,0.0,0,NONE
2026-09-28T18:41:56.471+00:00,877.891,manual,Manual cook,temp,2100,80.6,,esp32,,0,,,,,,,,,,,,0,450.0,0.0,0.0,0,NONE
2026-09-28T18:41:57.471+00:00,878.891,manual,Manual cook,temp,2100,80.2,,esp32,,0,,,,,,,,,,,,0,450.0,0.0,0.0,0,NONE
2026-09-28T18:41:58.470+00:00,879.891,manual,Manual cook,temp,2100,79.7,,esp32,,0,,,,,,,,,,,,0,450.0,0.0,0.0,0,NONE
2026-09-28T18:41:58.971+00:00,880.391,manual,Manual cook,temp,2100,79.7,,esp32,,0,,,,,,,,,,,,0,450.0,0.0,0.0,0,NONE
2026-09-28T18:41:59.471+00:00,880.892,manual,Manual cook,temp,2100,80.6,,esp32,,0,,,,,,,,,,,,0,450.0,0.0,0.0,0,NONE
2026-09-28T18:42:00.470+00:00,881.891,manual,Manual cook,temp,2100,81.1,,esp32,,0,,,,,,,,,,,,0,450.0,0.0,0.0,0,NONE
2026-09-28T18:42:01.470+00:00,882.891,manual,Manual cook,temp,2100,79.7,,esp32,,0,,,,,,,,,,,,0,450.0,0.0,0.0,0,NONE
2026-09-28T18:42:02.470+00:00,883.891,manual,Manual cook,temp,2100,79.7,,esp32,,0,,,,,,,,,,,,0,450.0,0.0,0.0,0,NONE
2026-09-28T18:42:03.470+00:00,884.891,manual,Manual cook,temp,2100,80.6,,esp32,,0,,,,,,,,,,,,0,450.0,0.0,0.0,0,NONE
2026-09-28T18:42:03.970+00:00,885.391,manual,Manual cook,temp,2100,79.2,,esp32,,0,,,,,,,,,,,,0,450.0,0.0,0.0,0,NONE
2026-09-28T18:42:04.970+00:00,886.391,manual,Manual cook,temp,2100,80.2,,esp32,,0,,,,,,,,,,,,0,450.0,0.0,0.0,0,NONE
2026-09-28T18:42:05.970+00:00,887.391,manual,Manual cook,temp,2100,80.6,,esp32,,0,,,,,,,,,,,,0,450.0,0.0,0.0,0,NONE
2026-09-28T18:42:06.470+00:00,887.891,manual,Manual cook,temp,2100,80.2,,esp32,,0,,,,,,,,,,,,0,450.0,0.0,0.0,0,NONE
2026-09-28T18:42:07.470+00:00,888.891,manual,Manual cook,temp,2100,79.7,,esp32,,0,,,,,,,,,,,,0,450.0,0.0,0.0,0,NONE
2026-09-28T18:42:08.470+00:00,889.891,manual,Manual cook,temp,2100,79.7,,esp32,,0,,,,,,,,,,,,0,450.0,0.0,0.0,0,NONE
2026-09-28T18:42:08.970+00:00,890.391,manual,Manual cook,temp,2100,80.6,,esp32,,0,,,,,,,,,,,,0,450.0,0.0,0.0,0,NONE
2026-09-28T18:42:09.470+00:00,890.891,manual,Manual cook,temp,2100,80.2,,esp32,,0,,,,,,,,,,,,0,450.0,0.0,0.0,0,NONE
2026-09-28T18:42:09.970+00:00,891.391,manual,Manual cook,temp,2100,80.2,,esp32,,0,,,,,,,,,,,,0,450.0,0.0,0.0,0,NONE
2026-09-28T18:42:10.471+00:00,891.891,manual,Manual cook,temp,2100,79.2,,esp32,,0,,,,,,,,,,,,0,450.0,0.0,0.0,0,NONE
2026-09-28T18:42:11.470+00:00,892.890,manual,Manual cook,temp,2100,80.2,,esp32,,0,,,,,,,,,,,,0,450.0,0.0,0.0,0,NONE
2026-09-28T18:42:12.470+00:00,893.891,manual,Manual cook,temp,2100,79.7,,esp32,,0,,,,,,,,,,,,0,450.0,0.0,0.0,0,NONE
2026-09-28T18:42:13.470+00:00,894.890,manual,Manual cook,temp,2100,80.2,,esp32,,0,,,,,,,,,,,,0,450.0,0.0,0.0,0,NONE
2026-09-28T18:42:14.470+00:00,895.890,manual,Manual cook,temp,2100,79.7,,esp32,,0,,,,,,,,,,,,0,450.0,0.0,0.0,0,NONE
2026-09-28T18:42:15.470+00:00,896.890,manual,Manual cook,temp,2100,80.6,,esp32,,0,,,,,,,,,,,,0,450.0,0.0,0.0,0,NONE
2026-09-28T18:42:16.471+00:00,897.891,manual,Manual cook,temp,2100,80.2,,esp32,,0,,,,,,,,,,,,0,450.0,0.0,0.0,0,NONE
2026-09-28T18:42:17.470+00:00,898.890,manual,Manual cook,temp,2100,80.2,,esp32,,0,,,,,,,,,,,,0,450.0,0.0,0.0,0,NONE
2026-09-28T18:42:17.970+00:00,899.390,manual,Manual cook,temp,2100,79.7,,esp32,,0,,,,,,,,,,,,0,450.0,0.0,0.0,0,NONE
2026-09-28T18:42:18.970+00:00,900.390,manual,Manual cook,temp,2100,80.2,,esp32,,0,,,,,,,,,,,,0,450.0,0.0,0.0,0,NONE
2026-09-28T18:42:19.970+00:00,901.390,manual,Manual cook,temp,2100,79.2,,esp32,,0,,,,,,,,,,,,0,450.0,0.0,0.0,0,NONE
2026-09-28T18:42:20.970+00:00,902.390,manual,Manual cook,temp,2100,80.2,,esp32,,0,,,,,,,,,,,,0,450.0,0.0,0.0,0,NONE
2026-09-28T18:42:21.970+00:00,903.390,manual,Manual cook,temp,2100,79.2,,esp32,,0,,,,,,,,,,,,0,450.0,0.0,0.0,0,NONE
2026-09-28T18:42:22.470+00:00,903.890,manual,Manual cook,temp,2100,80.2,,esp32,,0,,,,,,,,,,,,0,450.0,0.0,0.0,0,NONE
2026-09-28T18:42:23.470+00:00,904.890,manual,Manual cook,temp,2100,80.2,,esp32,,0,,,,,,,,,,,,0,450.0,0.0,0.0,0,NONE
2026-09-28T18:42:24.470+00:00,905.890,manual,Manual cook,temp,2100,79.7,,esp32,,0,,,,,,,,,,,,0,450.0,0.0,0.0,0,NONE
2026-09-28T18:42:25.470+00:00,906.890,manual,Manual cook,temp,2100,80.2,,esp32,,0,,,,,,,,,,,,0,450.0,0.0,0.0,0,NONE
2026-09-28T18:42:26.470+00:00,907.890,manual,Manual cook,temp,2100,79.7,,esp32,,0,,,,,,,,,,,,0,450.0,0.0,0.0,0,NONE
2026-09-28T18:42:26.970+00:00,908.391,manual,Manual cook,temp,2100,79.7,,esp32,,0,,,,,,,,,,,,0,450.0,0.0,0.0,0,NONE
2026-09-28T18:42:27.470+00:00,908.891,manual,Manual cook,temp,2100,80.2,,esp32,,0,,,,,,,,,,,,0,450.0,0.0,0.0,0,NONE
2026-09-28T18:42:28.470+00:00,909.890,manual,Manual cook,temp,2100,79.2,,esp32,,0,,,,,,,,,,,,0,450.0,0.0,0.0,0,NONE
2026-09-28T18:42:28.970+00:00,910.390,manual,Manual cook,temp,2100,79.2,,esp32,,0,,,,,,,,,,,,0,450.0,0.0,0.0,0,NONE
2026-09-28T18:42:29.970+00:00,911.390,manual,Manual cook,temp,2100,79.7,,esp32,,0,,,,,,,,,,,,0,450.0,0.0,0.0,0,NONE
2026-09-28T18:42:30.970+00:00,912.390,manual,Manual cook,temp,2100,79.2,,esp32,,0,,,,,,,,,,,,0,450.0,0.0,0.0,0,NONE
2026-09-28T18:42:31.970+00:00,913.390,manual,Manual cook,temp,2100,79.7,,esp32,,0,,,,,,,,,,,,0,450.0,0.0,0.0,0,NONE
2026-09-28T18:42:32.969+00:00,914.390,manual,Manual cook,temp,2100,80.2,,esp32,,0,,,,,,,,,,,,0,450.0,0.0,0.0,0,NONE
2026-09-28T18:42:33.470+00:00,914.890,manual,Manual cook,temp,2100,79.7,,esp32,,0,,,,,,,,,,,,0,450.0,0.0,0.0,0,NONE
2026-09-28T18:42:34.469+00:00,915.890,manual,Manual cook,temp,2100,78.8,,esp32,,0,,,,,,,,,,,,0,450.0,0.0,0.0,0,NONE
2026-09-28T18:42:34.970+00:00,916.390,manual,Manual cook,temp,2100,78.8,,esp32,,0,,,,,,,,,,,,0,450.0,0.0,0.0,0,NONE
2026-09-28T18:42:35.969+00:00,917.390,manual,Manual cook,temp,2100,79.7,,esp32,,0,,,,,,,,,,,,0,450.0,0.0,0.0,0,NONE
2026-09-28T18:42:36.469+00:00,917.890,manual,Manual cook,temp,2100,79.7,,esp32,,0,,,,,,,,,,,,0,450.0,0.0,0.0,0,NONE
2026-09-28T18:42:37.470+00:00,918.891,manual,Manual cook,temp,2100,79.7,,esp32,,0,,,,,,,,,,,,0,450.0,0.0,0.0,0,NONE
2026-09-28T18:42:38.469+00:00,919.890,manual,Manual cook,temp,2100,79.7,,esp32,,0,,,,,,,,,,,,0,450.0,0.0,0.0,0,NONE
2026-09-28T18:42:39.469+00:00,920.890,manual,Manual cook,temp,2100,80.2,,esp32,,0,,,,,,,,,,,,0,450.0,0.0,0.0,0,NONE
2026-09-28T18:42:39.970+00:00,921.390,manual,Manual cook,temp,2100,79.7,,esp32,,0,,,,,,,,,,,,0,450.0,0.0,0.0,0,NONE
2026-09-28T18:42:40.970+00:00,922.390,manual,Manual cook,temp,2100,78.8,,esp32,,0,,,,,,,,,,,,0,450.0,0.0,0.0,0,NONE
2026-09-28T18:42:41.970+00:00,923.390,manual,Manual cook,temp,2100,79.2,,esp32,,0,,,,,,,,,,,,0,450.0,0.0,0.0,0,NONE
2026-09-28T18:42:42.969+00:00,924.390,manual,Manual cook,temp,2100,79.7,,esp32,,0,,,,,,,,,,,,0,450.0,0.0,0.0,0,NONE
2026-09-28T18:42:43.969+00:00,925.390,manual,Manual cook,temp,2100,78.8,,esp32,,0,,,,,,,,,,,,0,450.0,0.0,0.0,0,NONE
2026-09-28T18:42:44.969+00:00,926.390,manual,Manual cook,temp,2100,79.7,,esp32,,0,,,,,,,,,,,,0,450.0,0.0,0.0,0,NONE
2026-09-28T18:42:45.969+00:00,927.390,manual,Manual cook,temp,2100,79.7,,esp32,,0,,,,,,,,,,,,0,450.0,0.0,0.0,0,NONE
2026-09-28T18:42:46.969+00:00,928.390,manual,Manual cook,temp,2100,79.7,,esp32,,0,,,,,,,,,,,,0,450.0,0.0,0.0,0,NONE
2026-09-28T18:42:47.469+00:00,928.890,manual,Manual cook,temp,2100,79.2,,esp32,,0,,,,,,,,,,,,0,450.0,0.0,0.0,0,NONE
2026-09-28T18:42:47.970+00:00,929.391,manual,Manual cook,temp,2100,79.2,,esp32,,0,,,,,,,,,,,,0,450.0,0.0,0.0,0,NONE
2026-09-28T18:42:48.969+00:00,930.389,manual,Manual cook,temp,2100,78.8,,esp32,,0,,,,,,,,,,,,0,450.0,0.0,0.0,0,NONE
2026-09-28T18:42:49.969+00:00,931.389,manual,Manual cook,temp,2100,79.7,,esp32,,0,,,,,,,,,,,,0,450.0,0.0,0.0,0,NONE
2026-09-28T18:42:50.969+00:00,932.389,manual,Manual cook,temp,2100,79.2,,esp32,,0,,,,,,,,,,,,0,450.0,0.0,0.0,0,NONE
2026-09-28T18:42:51.969+00:00,933.389,manual,Manual cook,temp,2100,78.8,,esp32,,0,,,,,,,,,,,,0,450.0,0.0,0.0,0,NONE
2026-09-28T18:42:52.969+00:00,934.389,manual,Manual cook,temp,2100,79.7,,esp32,,0,,,,,,,,,,,,0,450.0,0.0,0.0,0,NONE
2026-09-28T18:42:53.469+00:00,934.889,manual,Manual cook,temp,2100,80.2,,esp32,,0,,,,,,,,,,,,0,450.0,0.0,0.0,0,NONE
2026-09-28T18:42:53.969+00:00,935.389,manual,Manual cook,temp,2100,78.8,,esp32,,0,,,,,,,,,,,,0,450.0,0.0,0.0,0,NONE
2026-09-28T18:42:54.969+00:00,936.389,manual,Manual cook,temp,2100,79.7,,esp32,,0,,,,,,,,,,,,0,450.0,0.0,0.0,0,NONE
2026-09-28T18:42:55.469+00:00,936.889,manual,Manual cook,temp,2100,78.3,,esp32,,0,,,,,,,,,,,,0,450.0,0.0,0.0,0,NONE
2026-09-28T18:42:55.969+00:00,937.389,manual,Manual cook,temp,2100,79.2,,esp32,,0,,,,,,,,,,,,0,450.0,0.0,0.0,0,NONE
2026-09-28T18:42:56.969+00:00,938.389,manual,Manual cook,temp,2100,80.2,,esp32,,0,,,,,,,,,,,,0,450.0,0.0,0.0,0,NONE
2026-09-28T18:42:57.469+00:00,938.889,manual,Manual cook,temp,2100,78.8,,esp32,,0,,,,,,,,,,,,0,450.0,0.0,0.0,0,NONE
2026-09-28T18:42:58.469+00:00,939.890,manual,Manual cook,temp,2100,79.2,,esp32,,0,,,,,,,,,,,,0,450.0,0.0,0.0,0,NONE
2026-09-28T18:42:59.469+00:00,940.889,manual,Manual cook,temp,2100,79.2,,esp32,,0,,,,,,,,,,,,0,450.0,0.0,0.0,0,NONE
2026-09-28T18:42:59.969+00:00,941.389,manual,Manual cook,temp,2100,79.2,,esp32,,0,,,,,,,,,,,,0,450.0,0.0,0.0,0,NONE
2026-09-28T18:43:00.969+00:00,942.389,manual,Manual cook,temp,2100,80.2,,esp32,,0,,,,,,,,,,,,0,450.0,0.0,0.0,0,NONE
2026-09-28T18:43:01.969+00:00,943.389,manual,Manual cook,temp,2100,78.8,,esp32,,0,,,,,,,,,,,,0,450.0,0.0,0.0,0,NONE
2026-09-28T18:43:02.469+00:00,943.889,manual,Manual cook,temp,2100,79.2,,esp32,,0,,,,,,,,,,,,0,450.0,0.0,0.0,0,NONE
2026-09-28T18:43:03.469+00:00,944.889,manual,Manual cook,temp,2100,79.7,,esp32,,0,,,,,,,,,,,,0,450.0,0.0,0.0,0,NONE
2026-09-28T18:43:04.469+00:00,945.889,manual,Manual cook,temp,2100,79.2,,esp32,,0,,,,,,,,,,,,0,450.0,0.0,0.0,0,NONE
2026-09-28T18:43:04.969+00:00,946.389,manual,Manual cook,temp,2100,79.2,,esp32,,0,,,,,,,,,,,,0,450.0,0.0,0.0,0,NONE
2026-09-28T18:43:05.469+00:00,946.889,manual,Manual cook,temp,2100,79.2,,esp32,,0,,,,,,,,,,,,0,450.0,0.0,0.0,0,NONE
2026-09-28T18:43:06.469+00:00,947.889,manual,Manual cook,temp,2100,79.2,,esp32,,0,,,,,,,,,,,,0,450.0,0.0,0.0,0,NONE
2026-09-28T18:43:07.469+00:00,948.889,manual,Manual cook,temp,2100,79.7,,esp32,,0,,,,,,,,,,,,0,450.0,0.0,0.0,0,NONE
2026-09-28T18:43:08.469+00:00,949.889,manual,Manual cook,temp,2100,79.2,,esp32,,0,,,,,,,,,,,,0,450.0,0.0,0.0,0,NONE
2026-09-28T18:43:08.969+00:00,950.389,manual,Manual cook,temp,2100,79.2,,esp32,,0,,,,,,,,,,,,0,450.0,0.0,0.0,0,NONE
2026-09-28T18:43:09.968+00:00,951.389,manual,Manual cook,temp,2100,79.2,,esp32,,0,,,,,,,,,,,,0,450.0,0.0,0.0,0,NONE
2026-09-28T18:43:10.968+00:00,952.389,manual,Manual cook,temp,2100,78.8,,esp32,,0,,,,,,,,,,,,0,450.0,0.0,0.0,0,NONE
2026-09-28T18:43:11.468+00:00,952.889,manual,Manual cook,temp,2100,78.8,,esp32,,0,,,,,,,,,,,,0,450.0,0.0,0.0,0,NONE
2026-09-28T18:43:12.468+00:00,953.889,manual,Manual cook,temp,2100,79.2,,esp32,,0,,,,,,,,,,,,0,450.0,0.0,0.0,0,NONE
2026-09-28T18:43:12.969+00:00,954.389,manual,Manual cook,temp,2100,79.2,,esp32,,0,,,,,,,,,,,,0,450.0,0.0,0.0,0,NONE
2026-09-28T18:43:13.968+00:00,955.389,manual,Manual cook,temp,2100,79.2,,esp32,,0,,,,,,,,,,,,0,450.0,0.0,0.0,0,NONE
2026-09-28T18:43:14.469+00:00,955.889,manual,Manual cook,temp,2100,78.8,,esp32,,0,,,,,,,,,,,,0,450.0,0.0,0.0,0,NONE
2026-09-28T18:43:15.468+00:00,956.889,manual,Manual cook,temp,2100,78.8,,esp32,,0,,,,,,,,,,,,0,450.0,0.0,0.0,0,NONE
2026-09-28T18:43:16.468+00:00,957.889,manual,Manual cook,temp,2100,79.2,,esp32,,0,,,,,,,,,,,,0,450.0,0.0,0.0,0,NONE
2026-09-28T18:43:16.968+00:00,958.389,manual,Manual cook,temp,2100,79.2,,esp32,,0,,,,,,,,,,,,0,450.0,0.0,0.0,0,NONE
2026-09-28T18:43:17.968+00:00,959.389,manual,Manual cook,temp,2100,78.8,,esp32,,0,,,,,,,,,,,,0,450.0,0.0,0.0,0,NONE
2026-09-28T18:43:18.968+00:00,960.389,manual,Manual cook,temp,2100,79.2,,esp32,,0,,,,,,,,,,,,0,450.0,0.0,0.0,0,NONE
2026-09-28T18:43:19.969+00:00,961.389,manual,Manual cook,temp,2100,79.2,,esp32,,0,,,,,,,,,,,,0,450.0,0.0,0.0,0,NONE
2026-09-28T18:43:20.968+00:00,962.388,manual,Manual cook,temp,2100,79.2,,esp32,,0,,,,,,,,,,,,0,450.0,0.0,0.0,0,NONE
2026-09-28T18:43:21.468+00:00,962.889,manual,Manual cook,temp,2100,79.2,,esp32,,0,,,,,,,,,,,,0,450.0,0.0,0.0,0,NONE
2026-09-28T18:43:22.468+00:00,963.889,manual,Manual cook,temp,2100,79.2,,esp32,,0,,,,,,,,,,,,0,450.0,0.0,0.0,0,NONE
2026-09-28T18:43:23.468+00:00,964.888,manual,Manual cook,temp,2100,78.8,,esp32,,0,,,,,,,,,,,,0,450.0,0.0,0.0,0,NONE
2026-09-28T18:43:24.468+00:00,965.888,manual,Manual cook,temp,2100,79.2,,esp32,,0,,,,,,,,,,,,0,450.0,0.0,0.0,0,NONE
2026-09-28T18:43:25.468+00:00,966.888,manual,Manual cook,temp,2100,79.2,,esp32,,0,,,,,,,,,,,,0,450.0,0.0,0.0,0,NONE
2026-09-28T18:43:26.468+00:00,967.888,manual,Manual cook,temp,2100,79.2,,esp32,,0,,,,,,,,,,,,0,450.0,0.0,0.0,0,NONE
2026-09-28T18:43:26.968+00:00,968.388,manual,Manual cook,temp,2100,79.7,,esp32,,0,,,,,,,,,,,,0,450.0,0.0,0.0,0,NONE
2026-09-28T18:43:27.468+00:00,968.888,manual,Manual cook,temp,2100,79.2,,esp32,,0,,,,,,,,,,,,0,450.0,0.0,0.0,0,NONE
2026-09-28T18:43:28.468+00:00,969.888,manual,Manual cook,temp,2100,78.3,,esp32,,0,,,,,,,,,,,,0,450.0,0.0,0.0,0,NONE
2026-09-28T18:43:29.468+00:00,970.888,manual,Manual cook,temp,2100,79.7,,esp32,,0,,,,,,,,,,,,0,450.0,0.0,0.0,0,NONE
2026-09-28T18:43:30.468+00:00,971.889,manual,Manual cook,temp,2100,78.8,,esp32,,0,,,,,,,,,,,,0,450.0,0.0,0.0,0,NONE
2026-09-28T18:43:31.468+00:00,972.888,manual,Manual cook,temp,2100,79.2,,esp32,,0,,,,,,,,,,,,0,450.0,0.0,0.0,0,NONE
2026-09-28T18:43:31.968+00:00,973.388,manual,Manual cook,temp,2100,79.2,,esp32,,0,,,,,,,,,,,,0,450.0,0.0,0.0,0,NONE
2026-09-28T18:43:32.968+00:00,974.388,manual,Manual cook,temp,2100,79.7,,esp32,,0,,,,,,,,,,,,0,450.0,0.0,0.0,0,NONE
2026-09-28T18:43:33.968+00:00,975.388,manual,Manual cook,temp,2100,79.2,,esp32,,0,,,,,,,,,,,,0,450.0,0.0,0.0,0,NONE
2026-09-28T18:43:34.968+00:00,976.388,manual,Manual cook,temp,2100,78.8,,esp32,,0,,,,,,,,,,,,0,450.0,0.0,0.0,0,NONE
2026-09-28T18:43:35.968+00:00,977.389,manual,Manual cook,temp,2100,78.8,,esp32,,0,,,,,,,,,,,,0,450.0,0.0,0.0,0,NONE
2026-09-28T18:43:36.968+00:00,978.388,manual,Manual cook,temp,2100,78.3,,esp32,,0,,,,,,,,,,,,0,450.0,0.0,0.0,0,NONE
2026-09-28T18:43:37.468+00:00,978.888,manual,Manual cook,temp,2100,79.7,,esp32,,0,,,,,,,,,,,,0,450.0,0.0,0.0,0,NONE
2026-09-28T18:43:38.468+00:00,979.888,manual,Manual cook,temp,2100,78.3,,esp32,,0,,,,,,,,,,,,0,450.0,0.0,0.0,0,NONE
2026-09-28T18:43:39.468+00:00,980.888,manual,Manual cook,temp,2100,78.3,,esp32,,0,,,,,,,,,,,,0,450.0,0.0,0.0,0,NONE
2026-09-28T18:43:39.968+00:00,981.388,manual,Manual cook,temp,2100,79.2,,esp32,,0,,,,,,,,,,,,0,450.0,0.0,0.0,0,NONE
2026-09-28T18:43:40.968+00:00,982.388,manual,Manual cook,temp,2100,78.8,,esp32,,0,,,,,,,,,,,,0,450.0,0.0,0.0,0,NONE
2026-09-28T18:43:41.468+00:00,982.889,manual,Manual cook,temp,2100,78.8,,esp32,,0,,,,,,,,,,,,0,450.0,0.0,0.0,0,NONE
2026-09-28T18:43:42.467+00:00,983.888,manual,Manual cook,temp,2100,78.8,,esp32,,0,,,,,,,,,,,,0,450.0,0.0,0.0,0,NONE
2026-09-28T18:43:43.468+00:00,984.888,manual,Manual cook,temp,2100,79.2,,esp32,,0,,,,,,,,,,,,0,450.0,0.0,0.0,0,NONE
2026-09-28T18:43:44.467+00:00,985.888,manual,Manual cook,temp,2100,79.7,,esp32,,0,,,,,,,,,,,,0,450.0,0.0,0.0,0,NONE
2026-09-28T18:43:44.968+00:00,986.388,manual,Manual cook,temp,2100,78.8,,esp32,,0,,,,,,,,,,,,0,450.0,0.0,0.0,0,NONE
2026-09-28T18:43:45.967+00:00,987.388,manual,Manual cook,temp,2100,78.8,,esp32,,0,,,,,,,,,,,,0,450.0,0.0,0.0,0,NONE
2026-09-28T18:43:46.967+00:00,988.388,manual,Manual cook,temp,2100,78.8,,esp32,,0,,,,,,,,,,,,0,450.0,0.0,0.0,0,NONE
2026-09-28T18:43:47.967+00:00,989.388,manual,Manual cook,temp,2100,78.3,,esp32,,0,,,,,,,,,,,,0,450.0,0.0,0.0,0,NONE
2026-09-28T18:43:48.467+00:00,989.888,manual,Manual cook,temp,2100,78.3,,esp32,,0,,,,,,,,,,,,0,450.0,0.0,0.0,0,NONE
2026-09-28T18:43:49.467+00:00,990.888,manual,Manual cook,temp,2100,79.2,,esp32,,0,,,,,,,,,,,,0,450.0,0.0,0.0,0,NONE
2026-09-28T18:43:49.967+00:00,991.388,manual,Manual cook,temp,2100,78.8,,esp32,,0,,,,,,,,,,,,0,450.0,0.0,0.0,0,NONE
2026-09-28T18:43:50.967+00:00,992.388,manual,Manual cook,temp,2100,78.3,,esp32,,0,,,,,,,,,,,,0,450.0,0.0,0.0,0,NONE
2026-09-28T18:43:51.968+00:00,993.389,manual,Manual cook,temp,2100,77.9,,esp32,,0,,,,,,,,,,,,0,450.0,0.0,0.0,0,NONE
2026-09-28T18:43:52.967+00:00,994.388,manual,Manual cook,temp,2100,77.9,,esp32,,0,,,,,,,,,,,,0,450.0,0.0,0.0,0,NONE
2026-09-28T18:43:53.967+00:00,995.388,manual,Manual cook,temp,2100,78.8,,esp32,,0,,,,,,,,,,,,0,450.0,0.0,0.0,0,NONE
2026-09-28T18:43:54.467+00:00,995.888,manual,Manual cook,temp,2100,78.8,,esp32,,0,,,,,,,,,,,,0,450.0,0.0,0.0,0,NONE
2026-09-28T18:43:55.467+00:00,996.888,manual,Manual cook,temp,2100,78.8,,esp32,,0,,,,,,,,,,,,0,450.0,0.0,0.0,0,NONE
2026-09-28T18:43:55.967+00:00,997.388,manual,Manual cook,temp,2100,78.8,,esp32,,0,,,,,,,,,,,,0,450.0,0.0,0.0,0,NONE
2026-09-28T18:43:56.967+00:00,998.387,manual,Manual cook,temp,2100,78.3,,esp32,,0,,,,,,,,,,,,0,450.0,0.0,0.0,0,NONE
2026-09-28T18:43:57.467+00:00,998.888,manual,Manual cook,temp,2100,78.8,,esp32,,0,,,,,,,,,,,,0,450.0,0.0,0.0,0,NONE
2026-09-28T18:43:58.467+00:00,999.887,manual,Manual cook,temp,2100,78.8,,esp32,,0,,,,,,,,,,,,0,450.0,0.0,0.0,0,NONE
2026-09-28T18:43:58.967+00:00,1000.388,manual,Manual cook,temp,2100,77.9,,esp32,,0,,,,,,,,,,,,0,450.0,0.0,0.0,0,NONE
2026-09-28T18:43:59.967+00:00,1001.387,manual,Manual cook,temp,2100,78.3,,esp32,,0,,,,,,,,,,,,0,450.0,0.0,0.0,0,NONE
2026-09-28T18:44:00.467+00:00,1001.887,manual,Manual cook,temp,2100,78.3,,esp32,,0,,,,,,,,,,,,0,450.0,0.0,0.0,0,NONE
2026-09-28T18:44:01.467+00:00,1002.887,manual,Manual cook,temp,2100,77.9,,esp32,,0,,,,,,,,,,,,0,450.0,0.0,0.0,0,NONE
2026-09-28T18:44:01.967+00:00,1003.387,manual,Manual cook,temp,2100,78.8,,esp32,,0,,,,,,,,,,,,0,450.0,0.0,0.0,0,NONE
2026-09-28T18:44:02.468+00:00,1003.888,manual,Manual cook,temp,2100,78.8,,esp32,,0,,,,,,,,,,,,0,450.0,0.0,0.0,0,NONE
2026-09-28T18:44:03.467+00:00,1004.887,manual,Manual cook,temp,2100,78.8,,esp32,,0,,,,,,,,,,,,0,450.0,0.0,0.0,0,NONE
2026-09-28T18:44:04.467+00:00,1005.887,manual,Manual cook,temp,2100,78.8,,esp32,,0,,,,,,,,,,,,0,450.0,0.0,0.0,0,NONE
2026-09-28T18:44:05.467+00:00,1006.887,manual,Manual cook,temp,2100,78.8,,esp32,,0,,,,,,,,,,,,0,450.0,0.0,0.0,0,NONE
2026-09-28T18:44:06.467+00:00,1007.887,manual,Manual cook,temp,2100,78.3,,esp32,,0,,,,,,,,,,,,0,450.0,0.0,0.0,0,NONE
2026-09-28T18:44:07.467+00:00,1008.887,manual,Manual cook,temp,2100,78.8,,esp32,,0,,,,,,,,,,,,0,450.0,0.0,0.0,0,NONE
2026-09-28T18:44:08.467+00:00,1009.887,manual,Manual cook,temp,2100,78.3,,esp32,,0,,,,,,,,,,,,0,450.0,0.0,0.0,0,NONE
2026-09-28T18:44:08.967+00:00,1010.387,manual,Manual cook,temp,2100,78.8,,esp32,,0,,,,,,,,,,,,0,450.0,0.0,0.0,0,NONE
2026-09-28T18:44:09.967+00:00,1011.387,manual,Manual cook,temp,2100,78.8,,esp32,,0,,,,,,,,,,,,0,450.0,0.0,0.0,0,NONE
2026-09-28T18:44:10.967+00:00,1012.387,manual,Manual cook,temp,2100,78.3,,esp32,,0,,,,,,,,,,,,0,450.0,0.0,0.0,0,NONE
2026-09-28T18:44:11.467+00:00,1012.887,manual,Manual cook,temp,2100,77.9,,esp32,,0,,,,,,,,,,,,0,450.0,0.0,0.0,0,NONE
2026-09-28T18:44:12.467+00:00,1013.887,manual,Manual cook,temp,2100,78.8,,esp32,,0,,,,,,,,,,,,0,450.0,0.0,0.0,0,NONE
2026-09-28T18:44:12.968+00:00,1014.388,manual,Manual cook,temp,2100,78.8,,esp32,,0,,,,,,,,,,,,0,450.0,0.0,0.0,0,NONE
2026-09-28T18:44:13.967+00:00,1015.387,manual,Manual cook,temp,2100,78.8,,esp32,,0,,,,,,,,,,,,0,450.0,0.0,0.0,0,NONE
2026-09-28T18:44:14.467+00:00,1015.887,manual,Manual cook,temp,2100,78.8,,esp32,,0,,,,,,,,,,,,0,450.0,0.0,0.0,0,NONE
2026-09-28T18:44:15.467+00:00,1016.887,manual,Manual cook,temp,2100,78.3,,esp32,,0,,,,,,,,,,,,0,450.0,0.0,0.0,0,NONE
2026-09-28T18:44:16.467+00:00,1017.887,manual,Manual cook,temp,2100,78.3,,esp32,,0,,,,,,,,,,,,0,450.0,0.0,0.0,0,NONE
2026-09-28T18:44:17.467+00:00,1018.887,manual,Manual cook,temp,2100,78.8,,esp32,,0,,,,,,,,,,,,0,450.0,0.0,0.0,0,NONE
2026-09-28T18:44:18.467+00:00,1019.887,manual,Manual cook,temp,2100,78.3,,esp32,,0,,,,,,,,,,,,0,450.0,0.0,0.0,0,NONE
2026-09-28T18:44:19.466+00:00,1020.887,manual,Manual cook,temp,2100,78.3,,esp32,,0,,,,,,,,,,,,0,450.0,0.0,0.0,0,NONE
2026-09-28T18:44:20.466+00:00,1021.887,manual,Manual cook,temp,2100,78.8,,esp32,,0,,,,,,,,,,,,0,450.0,0.0,0.0,0,NONE
2026-09-28T18:44:21.466+00:00,1022.887,manual,Manual cook,temp,2100,78.3,,esp32,,0,,,,,,,,,,,,0,450.0,0.0,0.0,0,NONE
2026-09-28T18:44:22.466+00:00,1023.887,manual,Manual cook,temp,2100,78.8,,esp32,,0,,,,,,,,,,,,0,450.0,0.0,0.0,0,NONE
2026-09-28T18:44:23.466+00:00,1024.887,manual,Manual cook,temp,2100,78.3,,esp32,,0,,,,,,,,,,,,0,450.0,0.0,0.0,0,NONE
2026-09-28T18:44:24.466+00:00,1025.887,manual,Manual cook,temp,2100,77.9,,esp32,,0,,,,,,,,,,,,0,450.0,0.0,0.0,0,NONE
2026-09-28T18:44:24.966+00:00,1026.387,manual,Manual cook,temp,2100,78.3,,esp32,,0,,,,,,,,,,,,0,450.0,0.0,0.0,0,NONE
2026-09-28T18:44:25.966+00:00,1027.387,manual,Manual cook,temp,2100,78.8,,esp32,,0,,,,,,,,,,,,0,450.0,0.0,0.0,0,NONE
2026-09-28T18:44:26.966+00:00,1028.387,manual,Manual cook,temp,2100,78.3,,esp32,,0,,,,,,,,,,,,0,450.0,0.0,0.0,0,NONE
2026-09-28T18:44:27.966+00:00,1029.387,manual,Manual cook,temp,2100,78.8,,esp32,,0,,,,,,,,,,,,0,450.0,0.0,0.0,0,NONE
2026-09-28T18:44:28.467+00:00,1029.887,manual,Manual cook,temp,2100,78.3,,esp32,,0,,,,,,,,,,,,0,450.0,0.0,0.0,0,NONE
2026-09-28T18:44:29.466+00:00,1030.887,manual,Manual cook,temp,2100,78.3,,esp32,,0,,,,,,,,,,,,0,450.0,0.0,0.0,0,NONE
2026-09-28T18:44:29.966+00:00,1031.387,manual,Manual cook,temp,2100,78.8,,esp32,,0,,,,,,,,,,,,0,450.0,0.0,0.0,0,NONE
2026-09-28T18:44:30.966+00:00,1032.387,manual,Manual cook,temp,2100,78.8,,esp32,,0,,,,,,,,,,,,0,450.0,0.0,0.0,0,NONE
2026-09-28T18:44:31.966+00:00,1033.386,manual,Manual cook,temp,2100,78.3,,esp32,,0,,,,,,,,,,,,0,450.0,0.0,0.0,0,NONE
2026-09-28T18:44:32.466+00:00,1033.886,manual,Manual cook,temp,2100,77.4,,esp32,,0,,,,,,,,,,,,0,450.0,0.0,0.0,0,NONE
2026-09-28T18:44:33.466+00:00,1034.887,manual,Manual cook,temp,2100,78.3,,esp32,,0,,,,,,,,,,,,0,450.0,0.0,0.0,0,NONE
2026-09-28T18:44:34.466+00:00,1035.886,manual,Manual cook,temp,2100,78.3,,esp32,,0,,,,,,,,,,,,0,450.0,0.0,0.0,0,NONE
2026-09-28T18:44:35.466+00:00,1036.886,manual,Manual cook,temp,2100,77.9,,esp32,,0,,,,,,,,,,,,0,450.0,0.0,0.0,0,NONE
2026-09-28T18:44:36.466+00:00,1037.886,manual,Manual cook,temp,2100,78.3,,esp32,,0,,,,,,,,,,,,0,450.0,0.0,0.0,0,NONE
2026-09-28T18:44:36.966+00:00,1038.386,manual,Manual cook,temp,2100,78.3,,esp32,,0,,,,,,,,,,,,0,450.0,0.0,0.0,0,NONE
2026-09-28T18:44:37.966+00:00,1039.386,manual,Manual cook,temp,2100,78.8,,esp32,,0,,,,,,,,,,,,0,450.0,0.0,0.0,0,NONE
2026-09-28T18:44:38.967+00:00,1040.387,manual,Manual cook,temp,2100,78.3,,esp32,,0,,,,,,,,,,,,0,450.0,0.0,0.0,0,NONE
2026-09-28T18:44:39.966+00:00,1041.386,manual,Manual cook,temp,2100,78.3,,esp32,,0,,,,,,,,,,,,0,450.0,0.0,0.0,0,NONE
2026-09-28T18:44:40.466+00:00,1041.886,manual,Manual cook,temp,2100,78.3,,esp32,,0,,,,,,,,,,,,0,450.0,0.0,0.0,0,NONE
2026-09-28T18:44:41.466+00:00,1042.886,manual,Manual cook,temp,2100,77.9,,esp32,,0,,,,,,,,,,,,0,450.0,0.0,0.0,0,NONE
2026-09-28T18:44:42.466+00:00,1043.886,manual,Manual cook,temp,2100,77.9,,esp32,,0,,,,,,,,,,,,0,450.0,0.0,0.0,0,NONE
2026-09-28T18:44:43.466+00:00,1044.886,manual,Manual cook,temp,2100,78.3,,esp32,,0,,,,,,,,,,,,0,450.0,0.0,0.0,0,NONE
2026-09-28T18:44:43.966+00:00,1045.386,manual,Manual cook,temp,2100,78.3,,esp32,,0,,,,,,,,,,,,0,450.0,0.0,0.0,0,NONE
2026-09-28T18:44:44.967+00:00,1046.387,manual,Manual cook,temp,2100,78.3,,esp32,,0,,,,,,,,,,,,0,450.0,0.0,0.0,0,NONE
2026-09-28T18:44:45.966+00:00,1047.386,manual,Manual cook,temp,2100,77.9,,esp32,,0,,,,,,,,,,,,0,450.0,0.0,0.0,0,NONE
2026-09-28T18:44:46.466+00:00,1047.886,manual,Manual cook,temp,2100,77.9,,esp32,,0,,,,,,,,,,,,0,450.0,0.0,0.0,0,NONE
2026-09-28T18:44:46.966+00:00,1048.386,manual,Manual cook,temp,2100,78.8,,esp32,,0,,,,,,,,,,,,0,450.0,0.0,0.0,0,NONE
2026-09-28T18:44:47.966+00:00,1049.386,manual,Manual cook,temp,2100,77.9,,esp32,,0,,,,,,,,,,,,0,450.0,0.0,0.0,0,NONE
2026-09-28T18:44:48.966+00:00,1050.386,manual,Manual cook,temp,2100,78.8,,esp32,,0,,,,,,,,,,,,0,450.0,0.0,0.0,0,NONE
2026-09-28T18:44:49.466+00:00,1050.886,manual,Manual cook,temp,2100,78.3,,esp32,,0,,,,,,,,,,,,0,450.0,0.0,0.0,0,NONE
2026-09-28T18:44:49.966+00:00,1051.386,manual,Manual cook,temp,2100,78.3,,esp32,,0,,,,,,,,,,,,0,450.0,0.0,0.0,0,NONE
2026-09-28T18:44:50.466+00:00,1051.886,manual,Manual cook,temp,2100,77.9,,esp32,,0,,,,,,,,,,,,0,450.0,0.0,0.0,0,NONE
2026-09-28T18:44:51.466+00:00,1052.886,manual,Manual cook,temp,2100,78.3,,esp32,,0,,,,,,,,,,,,0,450.0,0.0,0.0,0,NONE
2026-09-28T18:44:52.466+00:00,1053.886,manual,Manual cook,temp,2100,78.3,,esp32,,0,,,,,,,,,,,,0,450.0,0.0,0.0,0,NONE
2026-09-28T18:44:53.465+00:00,1054.886,manual,Manual cook,temp,2100,78.3,,esp32,,0,,,,,,,,,,,,0,450.0,0.0,0.0,0,NONE
2026-09-28T18:44:53.966+00:00,1055.386,manual,Manual cook,temp,2100,78.3,,esp32,,0,,,,,,,,,,,,0,450.0,0.0,0.0,0,NONE
2026-09-28T18:44:54.965+00:00,1056.386,manual,Manual cook,temp,2100,78.3,,esp32,,0,,,,,,,,,,,,0,450.0,0.0,0.0,0,NONE
2026-09-28T18:44:55.966+00:00,1057.387,manual,Manual cook,temp,2100,77.9,,esp32,,0,,,,,,,,,,,,0,450.0,0.0,0.0,0,NONE
2026-09-28T18:44:56.965+00:00,1058.386,manual,Manual cook,temp,2100,77.4,,esp32,,0,,,,,,,,,,,,0,450.0,0.0,0.0,0,NONE
2026-09-28T18:44:57.965+00:00,1059.386,manual,Manual cook,temp,2100,78.3,,esp32,,0,,,,,,,,,,,,0,450.0,0.0,0.0,0,NONE
2026-09-28T18:44:58.965+00:00,1060.386,manual,Manual cook,temp,2100,78.3,,esp32,,0,,,,,,,,,,,,0,450.0,0.0,0.0,0,NONE
2026-09-28T18:44:59.965+00:00,1061.386,manual,Manual cook,temp,2100,78.3,,esp32,,0,,,,,,,,,,,,0,450.0,0.0,0.0,0,NONE
2026-09-28T18:45:00.965+00:00,1062.386,manual,Manual cook,temp,2100,77.9,,esp32,,0,,,,,,,,,,,,0,450.0,0.0,0.0,0,NONE
2026-09-28T18:45:01.465+00:00,1062.886,manual,Manual cook,temp,2100,78.3,,esp32,,0,,,,,,,,,,,,0,450.0,0.0,0.0,0,NONE
2026-09-28T18:45:02.465+00:00,1063.886,manual,Manual cook,temp,2100,78.3,,esp32,,0,,,,,,,,,,,,0,450.0,0.0,0.0,0,NONE
2026-09-28T18:45:03.465+00:00,1064.886,manual,Manual cook,temp,2100,78.3,,esp32,,0,,,,,,,,,,,,0,450.0,0.0,0.0,0,NONE
2026-09-28T18:45:03.965+00:00,1065.386,manual,Manual cook,temp,2100,78.3,,esp32,,0,,,,,,,,,,,,0,450.0,0.0,0.0,0,NONE
2026-09-28T18:45:04.965+00:00,1066.385,manual,Manual cook,temp,2100,78.3,,esp32,,0,,,,,,,,,,,,0,450.0,0.0,0.0,0,NONE
2026-09-28T18:45:05.465+00:00,1066.885,manual,Manual cook,temp,2100,78.3,,esp32,,0,,,,,,,,,,,,0,450.0,0.0,0.0,0,NONE
2026-09-28T18:45:06.466+00:00,1067.886,manual,Manual cook,temp,2100,77.4,,esp32,,0,,,,,,,,,,,,0,450.0,0.0,0.0,0,NONE
2026-09-28T18:45:07.465+00:00,1068.886,manual,Manual cook,temp,2100,77.9,,esp32,,0,,,,,,,,,,,,0,450.0,0.0,0.0,0,NONE
2026-09-28T18:45:08.466+00:00,1069.887,manual,Manual cook,temp,2100,77.4,,esp32,,0,,,,,,,,,,,,0,450.0,0.0,0.0,0,NONE
2026-09-28T18:45:09.466+00:00,1070.887,manual,Manual cook,temp,2100,78.3,,esp32,,0,,,,,,,,,,,,0,450.0,0.0,0.0,0,NONE
2026-09-28T18:45:10.465+00:00,1071.886,manual,Manual cook,temp,2100,78.3,,esp32,,0,,,,,,,,,,,,0,450.0,0.0,0.0,0,NONE
2026-09-28T18:45:11.465+00:00,1072.886,manual,Manual cook,temp,2100,78.3,,esp32,,0,,,,,,,,,,,,0,450.0,0.0,0.0,0,NONE
2026-09-28T18:45:12.465+00:00,1073.885,manual,Manual cook,temp,2100,78.3,,esp32,,0,,,,,,,,,,,,0,450.0,0.0,0.0,0,NONE
2026-09-28T18:45:13.465+00:00,1074.885,manual,Manual cook,temp,2100,77.9,,esp32,,0,,,,,,,,,,,,0,450.0,0.0,0.0,0,NONE
2026-09-28T18:45:14.465+00:00,1075.885,manual,Manual cook,temp,2100,78.3,,esp32,,0,,,,,,,,,,,,0,450.0,0.0,0.0,0,NONE
2026-09-28T18:45:15.465+00:00,1076.885,manual,Manual cook,temp,2100,78.3,,esp32,,0,,,,,,,,,,,,0,450.0,0.0,0.0,0,NONE
2026-09-28T18:45:16.465+00:00,1077.885,manual,Manual cook,temp,2100,77.9,,esp32,,0,,,,,,,,,,,,0,450.0,0.0,0.0,0,NONE
2026-09-28T18:45:16.966+00:00,1078.386,manual,Manual cook,temp,2100,78.3,,esp32,,0,,,,,,,,,,,,0,450.0,0.0,0.0,0,NONE
2026-09-28T18:45:17.466+00:00,1078.886,manual,Manual cook,temp,2100,78.3,,esp32,,0,,,,,,,,,,,,0,450.0,0.0,0.0,0,NONE
2026-09-28T18:45:18.465+00:00,1079.885,manual,Manual cook,temp,2100,77.9,,esp32,,0,,,,,,,,,,,,0,450.0,0.0,0.0,0,NONE
2026-09-28T18:45:19.465+00:00,1080.885,manual,Manual cook,temp,2100,77.9,,esp32,,0,,,,,,,,,,,,0,450.0,0.0,0.0,0,NONE
2026-09-28T18:45:20.465+00:00,1081.885,manual,Manual cook,temp,2100,77.9,,esp32,,0,,,,,,,,,,,,0,450.0,0.0,0.0,0,NONE
2026-09-28T18:45:21.465+00:00,1082.885,manual,Manual cook,temp,2100,78.3,,esp32,,0,,,,,,,,,,,,0,450.0,0.0,0.0,0,NONE
2026-09-28T18:45:21.965+00:00,1083.385,manual,Manual cook,temp,2100,78.3,,esp32,,0,,,,,,,,,,,,0,450.0,0.0,0.0,0,NONE
2026-09-28T18:45:22.965+00:00,1084.385,manual,Manual cook,temp,2100,77.0,,esp32,,0,,,,,,,,,,,,0,450.0,0.0,0.0,0,NONE
2026-09-28T18:45:23.965+00:00,1085.385,manual,Manual cook,temp,2100,77.9,,esp32,,0,,,,,,,,,,,,0,450.0,0.0,0.0,0,NONE
2026-09-28T18:45:24.965+00:00,1086.385,manual,Manual cook,temp,2100,77.9,,esp32,,0,,,,,,,,,,,,0,450.0,0.0,0.0,0,NONE
2026-09-28T18:45:25.964+00:00,1087.385,manual,Manual cook,temp,2100,78.3,,esp32,,0,,,,,,,,,,,,0,450.0,0.0,0.0,0,NONE
2026-09-28T18:45:26.464+00:00,1087.885,manual,Manual cook,temp,2100,77.4,,esp32,,0,,,,,,,,,,,,0,450.0,0.0,0.0,0,NONE
2026-09-28T18:45:26.965+00:00,1088.385,manual,Manual cook,temp,2100,78.3,,esp32,,0,,,,,,,,,,,,0,450.0,0.0,0.0,0,NONE
2026-09-28T18:45:27.465+00:00,1088.885,manual,Manual cook,temp,2100,77.9,,esp32,,0,,,,,,,,,,,,0,450.0,0.0,0.0,0,NONE
2026-09-28T18:45:27.965+00:00,1089.386,manual,Manual cook,temp,2100,77.9,,esp32,,0,,,,,,,,,,,,0,450.0,0.0,0.0,0,NONE
2026-09-28T18:45:28.467+00:00,1089.887,manual,Manual cook,temp,2100,78.3,,esp32,,0,,,,,,,,,,,,0,450.0,0.0,0.0,0,NONE
2026-09-28T18:45:29.464+00:00,1090.885,manual,Manual cook,temp,2100,77.4,,esp32,,0,,,,,,,,,,,,0,450.0,0.0,0.0,0,NONE
2026-09-28T18:45:30.464+00:00,1091.885,manual,Manual cook,temp,2100,77.9,,esp32,,0,,,,,,,,,,,,0,450.0,0.0,0.0,0,NONE
2026-09-28T18:45:30.964+00:00,1092.385,manual,Manual cook,temp,2100,77.9,,esp32,,0,,,,,,,,,,,,0,450.0,0.0,0.0,0,NONE
2026-09-28T18:45:31.465+00:00,1092.885,manual,Manual cook,temp,2100,77.4,,esp32,,0,,,,,,,,,,,,0,450.0,0.0,0.0,0,NONE
2026-09-28T18:45:32.464+00:00,1093.885,manual,Manual cook,temp,2100,77.9,,esp32,,0,,,,,,,,,,,,0,450.0,0.0,0.0,0,NONE
2026-09-28T18:45:32.964+00:00,1094.385,manual,Manual cook,temp,2100,78.3,,esp32,,0,,,,,,,,,,,,0,450.0,0.0,0.0,0,NONE
2026-09-28T18:45:33.964+00:00,1095.385,manual,Manual cook,temp,2100,78.3,,esp32,,0,,,,,,,,,,,,0,450.0,0.0,0.0,0,NONE
2026-09-28T18:45:34.964+00:00,1096.385,manual,Manual cook,temp,2100,78.3,,esp32,,0,,,,,,,,,,,,0,450.0,0.0,0.0,0,NONE
2026-09-28T18:45:35.964+00:00,1097.385,manual,Manual cook,temp,2100,78.8,,esp32,,0,,,,,,,,,,,,0,450.0,0.0,0.0,0,NONE
2026-09-28T18:45:36.964+00:00,1098.385,manual,Manual cook,temp,2100,77.9,,esp32,,0,,,,,,,,,,,,0,450.0,0.0,0.0,0,NONE
2026-09-28T18:45:37.964+00:00,1099.385,manual,Manual cook,temp,2100,77.4,,esp32,,0,,,,,,,,,,,,0,450.0,0.0,0.0,0,NONE
2026-09-28T18:45:38.965+00:00,1100.385,manual,Manual cook,temp,2100,77.9,,esp32,,0,,,,,,,,,,,,0,450.0,0.0,0.0,0,NONE
2026-09-28T18:45:39.465+00:00,1100.885,manual,Manual cook,temp,2100,77.9,,esp32,,0,,,,,,,,,,,,0,450.0,0.0,0.0,0,NONE
2026-09-28T18:45:40.464+00:00,1101.884,manual,Manual cook,temp,2100,77.0,,esp32,,0,,,,,,,,,,,,0,450.0,0.0,0.0,0,NONE
2026-09-28T18:45:41.464+00:00,1102.885,manual,Manual cook,temp,2100,77.0,,esp32,,0,,,,,,,,,,,,0,450.0,0.0,0.0,0,NONE
2026-09-28T18:45:41.964+00:00,1103.385,manual,Manual cook,temp,2100,77.9,,esp32,,0,,,,,,,,,,,,0,450.0,0.0,0.0,0,NONE
2026-09-28T18:45:42.964+00:00,1104.384,manual,Manual cook,temp,2100,77.4,,esp32,,0,,,,,,,,,,,,0,450.0,0.0,0.0,0,NONE
2026-09-28T18:45:43.964+00:00,1105.384,manual,Manual cook,temp,2100,78.3,,esp32,,0,,,,,,,,,,,,0,450.0,0.0,0.0,0,NONE
2026-09-28T18:45:44.464+00:00,1105.884,manual,Manual cook,temp,2100,77.4,,esp32,,0,,,,,,,,,,,,0,450.0,0.0,0.0,0,NONE
2026-09-28T18:45:44.966+00:00,1106.386,manual,Manual cook,temp,2100,77.4,,esp32,,0,,,,,,,,,,,,0,450.0,0.0,0.0,0,NONE
2026-09-28T18:45:45.965+00:00,1107.385,manual,Manual cook,temp,2100,77.9,,esp32,,0,,,,,,,,,,,,0,450.0,0.0,0.0,0,NONE
2026-09-28T18:45:46.964+00:00,1108.385,manual,Manual cook,temp,2100,77.9,,esp32,,0,,,,,,,,,,,,0,450.0,0.0,0.0,0,NONE
2026-09-28T18:45:47.964+00:00,1109.384,manual,Manual cook,temp,2100,78.3,,esp32,,0,,,,,,,,,,,,0,450.0,0.0,0.0,0,NONE
2026-09-28T18:45:48.964+00:00,1110.384,manual,Manual cook,temp,2100,77.9,,esp32,,0,,,,,,,,,,,,0,450.0,0.0,0.0,0,NONE
2026-09-28T18:45:49.964+00:00,1111.384,manual,Manual cook,temp,2100,77.4,,esp32,,0,,,,,,,,,,,,0,450.0,0.0,0.0,0,NONE
2026-09-28T18:45:50.964+00:00,1112.384,manual,Manual cook,temp,2100,77.0,,esp32,,0,,,,,,,,,,,,0,450.0,0.0,0.0,0,NONE
2026-09-28T18:45:51.965+00:00,1113.385,manual,Manual cook,temp,2100,77.0,,esp32,,0,,,,,,,,,,,,0,450.0,0.0,0.0,0,NONE
2026-09-28T18:45:52.964+00:00,1114.384,manual,Manual cook,temp,2100,77.9,,esp32,,0,,,,,,,,,,,,0,450.0,0.0,0.0,0,NONE
2026-09-28T18:45:53.964+00:00,1115.384,manual,Manual cook,temp,2100,77.9,,esp32,,0,,,,,,,,,,,,0,450.0,0.0,0.0,0,NONE
2026-09-28T18:45:54.964+00:00,1116.384,manual,Manual cook,temp,2100,77.9,,esp32,,0,,,,,,,,,,,,0,450.0,0.0,0.0,0,NONE
2026-09-28T18:45:55.964+00:00,1117.384,manual,Manual cook,temp,2100,77.4,,esp32,,0,,,,,,,,,,,,0,450.0,0.0,0.0,0,NONE
2026-09-28T18:45:56.964+00:00,1118.384,manual,Manual cook,temp,2100,77.0,,esp32,,0,,,,,,,,,,,,0,450.0,0.0,0.0,0,NONE
2026-09-28T18:45:57.464+00:00,1118.885,manual,Manual cook,temp,2100,77.9,,esp32,,0,,,,,,,,,,,,0,450.0,0.0,0.0,0,NONE
2026-09-28T18:45:58.464+00:00,1119.884,manual,Manual cook,temp,2100,77.4,,esp32,,0,,,,,,,,,,,,0,450.0,0.0,0.0,0,NONE
2026-09-28T18:45:59.464+00:00,1120.884,manual,Manual cook,temp,2100,76.6,,esp32,,0,,,,,,,,,,,,0,450.0,0.0,0.0,0,NONE
2026-09-28T18:46:00.464+00:00,1121.884,manual,Manual cook,temp,2100,76.6,,esp32,,0,,,,,,,,,,,,0,450.0,0.0,0.0,0,NONE
2026-09-28T18:46:00.964+00:00,1122.385,manual,Manual cook,temp,2100,76.6,,esp32,,0,,,,,,,,,,,,0,450.0,0.0,0.0,0,NONE
2026-09-28T18:46:01.963+00:00,1123.384,manual,Manual cook,temp,2100,77.0,,esp32,,0,,,,,,,,,,,,0,450.0,0.0,0.0,0,NONE
2026-09-28T18:46:02.463+00:00,1123.884,manual,Manual cook,temp,2100,77.0,,esp32,,0,,,,,,,,,,,,0,450.0,0.0,0.0,0,NONE
2026-09-28T18:46:02.964+00:00,1124.384,manual,Manual cook,temp,2100,77.9,,esp32,,0,,,,,,,,,,,,0,450.0,0.0,0.0,0,NONE
2026-09-28T18:46:03.464+00:00,1124.884,manual,Manual cook,temp,2100,77.4,,esp32,,0,,,,,,,,,,,,0,450.0,0.0,0.0,0,NONE
2026-09-28T18:46:04.463+00:00,1125.884,manual,Manual cook,temp,2100,77.9,,esp32,,0,,,,,,,,,,,,0,450.0,0.0,0.0,0,NONE
2026-09-28T18:46:04.963+00:00,1126.384,manual,Manual cook,temp,2100,77.9,,esp32,,0,,,,,,,,,,,,0,450.0,0.0,0.0,0,NONE
2026-09-28T18:46:06.463+00:00,1127.884,manual,Manual cook,temp,2100,77.4,,esp32,,0,,,,,,,,,,,,0,450.0,0.0,0.0,0,NONE
2026-09-28T18:46:07.463+00:00,1128.884,manual,Manual cook,temp,2100,77.9,,esp32,,0,,,,,,,,,,,,0,450.0,0.0,0.0,0,NONE
2026-09-28T18:46:08.463+00:00,1129.884,manual,Manual cook,temp,2100,77.9,,esp32,,0,,,,,,,,,,,,0,450.0,0.0,0.0,0,NONE
2026-09-28T18:46:08.964+00:00,1130.384,manual,Manual cook,temp,2100,77.0,,esp32,,0,,,,,,,,,,,,0,450.0,0.0,0.0,0,NONE
2026-09-28T18:46:09.464+00:00,1130.884,manual,Manual cook,temp,2100,77.4,,esp32,,0,,,,,,,,,,,,0,450.0,0.0,0.0,0,NONE
2026-09-28T18:46:10.463+00:00,1131.884,manual,Manual cook,temp,2100,77.9,,esp32,,0,,,,,,,,,,,,0,450.0,0.0,0.0,0,NONE
2026-09-28T18:46:11.463+00:00,1132.884,manual,Manual cook,temp,2100,77.4,,esp32,,0,,,,,,,,,,,,0,450.0,0.0,0.0,0,NONE
2026-09-28T18:46:12.463+00:00,1133.884,manual,Manual cook,temp,2100,77.4,,esp32,,0,,,,,,,,,,,,0,450.0,0.0,0.0,0,NONE
2026-09-28T18:46:12.963+00:00,1134.384,manual,Manual cook,temp,2100,77.9,,esp32,,0,,,,,,,,,,,,0,450.0,0.0,0.0,0,NONE
2026-09-28T18:46:13.963+00:00,1135.383,manual,Manual cook,temp,2100,77.0,,esp32,,0,,,,,,,,,,,,0,450.0,0.0,0.0,0,NONE
2026-09-28T18:46:14.963+00:00,1136.383,manual,Manual cook,temp,2100,77.9,,esp32,,0,,,,,,,,,,,,0,450.0,0.0,0.0,0,NONE
2026-09-28T18:46:15.463+00:00,1136.884,manual,Manual cook,temp,2100,77.9,,esp32,,0,,,,,,,,,,,,0,450.0,0.0,0.0,0,NONE
2026-09-28T18:46:16.463+00:00,1137.884,manual,Manual cook,temp,2100,77.0,,esp32,,0,,,,,,,,,,,,0,450.0,0.0,0.0,0,NONE
2026-09-28T18:46:16.963+00:00,1138.384,manual,Manual cook,temp,2100,77.4,,esp32,,0,,,,,,,,,,,,0,450.0,0.0,0.0,0,NONE
2026-09-28T18:46:17.963+00:00,1139.383,manual,Manual cook,temp,2100,77.9,,esp32,,0,,,,,,,,,,,,0,450.0,0.0,0.0,0,NONE
2026-09-28T18:46:18.963+00:00,1140.383,manual,Manual cook,temp,2100,77.4,,esp32,,0,,,,,,,,,,,,0,450.0,0.0,0.0,0,NONE
2026-09-28T18:46:19.964+00:00,1141.384,manual,Manual cook,temp,2100,77.4,,esp32,,0,,,,,,,,,,,,0,450.0,0.0,0.0,0,NONE
2026-09-28T18:46:20.963+00:00,1142.383,manual,Manual cook,temp,2100,77.4,,esp32,,0,,,,,,,,,,,,0,450.0,0.0,0.0,0,NONE
2026-09-28T18:46:21.463+00:00,1142.883,manual,Manual cook,temp,2100,77.4,,esp32,,0,,,,,,,,,,,,0,450.0,0.0,0.0,0,NONE
2026-09-28T18:46:22.463+00:00,1143.883,manual,Manual cook,temp,2100,77.0,,esp32,,0,,,,,,,,,,,,0,450.0,0.0,0.0,0,NONE
2026-09-28T18:46:23.463+00:00,1144.883,manual,Manual cook,temp,2100,77.4,,esp32,,0,,,,,,,,,,,,0,450.0,0.0,0.0,0,NONE
2026-09-28T18:46:23.963+00:00,1145.383,manual,Manual cook,temp,2100,76.6,,esp32,,0,,,,,,,,,,,,0,450.0,0.0,0.0,0,NONE
2026-09-28T18:46:24.963+00:00,1146.383,manual,Manual cook,temp,2100,77.4,,esp32,,0,,,,,,,,,,,,0,450.0,0.0,0.0,0,NONE
2026-09-28T18:46:25.963+00:00,1147.384,manual,Manual cook,temp,2100,77.0,,esp32,,0,,,,,,,,,,,,0,450.0,0.0,0.0,0,NONE
2026-09-28T18:46:26.464+00:00,1147.884,manual,Manual cook,temp,2100,77.0,,esp32,,0,,,,,,,,,,,,0,450.0,0.0,0.0,0,NONE
2026-09-28T18:46:27.464+00:00,1148.884,manual,Manual cook,temp,2100,77.0,,esp32,,0,,,,,,,,,,,,0,450.0,0.0,0.0,0,NONE
2026-09-28T18:46:28.463+00:00,1149.883,manual,Manual cook,temp,2100,78.3,,esp32,,0,,,,,,,,,,,,0,450.0,0.0,0.0,0,NONE
2026-09-28T18:46:28.963+00:00,1150.383,manual,Manual cook,temp,2100,77.9,,esp32,,0,,,,,,,,,,,,0,450.0,0.0,0.0,0,NONE
2026-09-28T18:46:29.963+00:00,1151.383,manual,Manual cook,temp,2100,76.1,,esp32,,0,,,,,,,,,,,,0,450.0,0.0,0.0,0,NONE
2026-09-28T18:46:30.463+00:00,1151.883,manual,Manual cook,temp,2100,76.6,,esp32,,0,,,,,,,,,,,,0,450.0,0.0,0.0,0,NONE
2026-09-28T18:46:31.463+00:00,1152.883,manual,Manual cook,temp,2100,77.9,,esp32,,0,,,,,,,,,,,,0,450.0,0.0,0.0,0,NONE
2026-09-28T18:46:31.963+00:00,1153.383,manual,Manual cook,temp,2100,77.9,,esp32,,0,,,,,,,,,,,,0,450.0,0.0,0.0,0,NONE
2026-09-28T18:46:32.963+00:00,1154.383,manual,Manual cook,temp,2100,76.6,,esp32,,0,,,,,,,,,,,,0,450.0,0.0,0.0,0,NONE
2026-09-28T18:46:33.962+00:00,1155.383,manual,Manual cook,temp,2100,77.0,,esp32,,0,,,,,,,,,,,,0,450.0,0.0,0.0,0,NONE
2026-09-28T18:46:34.962+00:00,1156.383,manual,Manual cook,temp,2100,77.4,,esp32,,0,,,,,,,,,,,,0,450.0,0.0,0.0,0,NONE
2026-09-28T18:46:35.963+00:00,1157.383,manual,Manual cook,temp,2100,77.9,,esp32,,0,,,,,,,,,,,,0,450.0,0.0,0.0,0,NONE
2026-09-28T18:46:36.963+00:00,1158.383,manual,Manual cook,temp,2100,77.9,,esp32,,0,,,,,,,,,,,,0,450.0,0.0,0.0,0,NONE
2026-09-28T18:46:37.963+00:00,1159.383,manual,Manual cook,temp,2100,77.4,,esp32,,0,,,,,,,,,,,,0,450.0,0.0,0.0,0,NONE
2026-09-28T18:46:38.463+00:00,1159.884,manual,Manual cook,temp,2100,77.4,,esp32,,0,,,,,,,,,,,,0,450.0,0.0,0.0,0,NONE
2026-09-28T18:46:39.462+00:00,1160.883,manual,Manual cook,temp,2100,77.4,,esp32,,0,,,,,,,,,,,,0,450.0,0.0,0.0,0,NONE
2026-09-28T18:46:39.962+00:00,1161.383,manual,Manual cook,temp,2100,77.0,,esp32,,0,,,,,,,,,,,,0,450.0,0.0,0.0,0,NONE
2026-09-28T18:46:40.962+00:00,1162.383,manual,Manual cook,temp,2100,76.6,,esp32,,0,,,,,,,,,,,,0,450.0,0.0,0.0,0,NONE
2026-09-28T18:46:41.462+00:00,1162.883,manual,Manual cook,temp,2100,77.0,,esp32,,0,,,,,,,,,,,,0,450.0,0.0,0.0,0,NONE
2026-09-28T18:46:42.462+00:00,1163.883,manual,Manual cook,temp,2100,77.0,,esp32,,0,,,,,,,,,,,,0,450.0,0.0,0.0,0,NONE
2026-09-28T18:46:43.462+00:00,1164.883,manual,Manual cook,temp,2100,77.4,,esp32,,0,,,,,,,,,,,,0,450.0,0.0,0.0,0,NONE
2026-09-28T18:46:44.462+00:00,1165.883,manual,Manual cook,temp,2100,77.9,,esp32,,0,,,,,,,,,,,,0,450.0,0.0,0.0,0,NONE
2026-09-28T18:46:45.462+00:00,1166.883,manual,Manual cook,temp,2100,77.9,,esp32,,0,,,,,,,,,,,,0,450.0,0.0,0.0,0,NONE
2026-09-28T18:46:46.462+00:00,1167.883,manual,Manual cook,temp,2100,77.9,,esp32,,0,,,,,,,,,,,,0,450.0,0.0,0.0,0,NONE
2026-09-28T18:46:46.962+00:00,1168.383,manual,Manual cook,temp,2100,77.0,,esp32,,0,,,,,,,,,,,,0,450.0,0.0,0.0,0,NONE
2026-09-28T18:46:47.962+00:00,1169.382,manual,Manual cook,temp,2100,77.4,,esp32,,0,,,,,,,,,,,,0,450.0,0.0,0.0,0,NONE
2026-09-28T18:46:48.462+00:00,1169.883,manual,Manual cook,temp,2100,77.9,,esp32,,0,,,,,,,,,,,,0,450.0,0.0,0.0,0,NONE
2026-09-28T18:46:48.963+00:00,1170.383,manual,Manual cook,temp,2100,77.9,,esp32,,0,,,,,,,,,,,,0,450.0,0.0,0.0,0,NONE
2026-09-28T18:46:49.962+00:00,1171.382,manual,Manual cook,temp,2100,76.6,,esp32,,0,,,,,,,,,,,,0,450.0,0.0,0.0,0,NONE
2026-09-28T18:46:50.462+00:00,1171.883,manual,Manual cook,temp,2100,77.9,,esp32,,0,,,,,,,,,,,,0,450.0,0.0,0.0,0,NONE
2026-09-28T18:46:51.462+00:00,1172.882,manual,Manual cook,temp,2100,76.6,,esp32,,0,,,,,,,,,,,,0,450.0,0.0,0.0,0,NONE
2026-09-28T18:46:52.462+00:00,1173.882,manual,Manual cook,temp,2100,77.9,,esp32,,0,,,,,,,,,,,,0,450.0,0.0,0.0,0,NONE
2026-09-28T18:46:52.962+00:00,1174.383,manual,Manual cook,temp,2100,77.0,,esp32,,0,,,,,,,,,,,,0,450.0,0.0,0.0,0,NONE
2026-09-28T18:46:53.962+00:00,1175.382,manual,Manual cook,temp,2100,76.6,,esp32,,0,,,,,,,,,,,,0,450.0,0.0,0.0,0,NONE
2026-09-28T18:46:54.463+00:00,1175.883,manual,Manual cook,temp,2100,77.0,,esp32,,0,,,,,,,,,,,,0,450.0,0.0,0.0,0,NONE
2026-09-28T18:46:55.962+00:00,1177.382,manual,Manual cook,temp,2100,77.0,,esp32,,0,,,,,,,,,,,,0,450.0,0.0,0.0,0,NONE
2026-09-28T18:46:56.962+00:00,1178.382,manual,Manual cook,temp,2100,77.0,,esp32,,0,,,,,,,,,,,,0,450.0,0.0,0.0,0,NONE
2026-09-28T18:46:57.962+00:00,1179.382,manual,Manual cook,temp,2100,77.4,,esp32,,0,,,,,,,,,,,,0,450.0,0.0,0.0,0,NONE
2026-09-28T18:46:58.962+00:00,1180.382,manual,Manual cook,temp,2100,76.6,,esp32,,0,,,,,,,,,,,,0,450.0,0.0,0.0,0,NONE
2026-09-28T18:46:59.462+00:00,1180.882,manual,Manual cook,temp,2100,77.0,,esp32,,0,,,,,,,,,,,,0,450.0,0.0,0.0,0,NONE
2026-09-28T18:47:00.462+00:00,1181.882,manual,Manual cook,temp,2100,77.4,,esp32,,0,,,,,,,,,,,,0,450.0,0.0,0.0,0,NONE
2026-09-28T18:47:01.462+00:00,1182.882,manual,Manual cook,temp,2100,77.0,,esp32,,0,,,,,,,,,,,,0,450.0,0.0,0.0,0,NONE
2026-09-28T18:47:01.962+00:00,1183.382,manual,Manual cook,temp,2100,77.0,,esp32,,0,,,,,,,,,,,,0,450.0,0.0,0.0,0,NONE
2026-09-28T18:47:02.962+00:00,1184.382,manual,Manual cook,temp,2100,77.9,,esp32,,0,,,,,,,,,,,,0,450.0,0.0,0.0,0,NONE
2026-09-28T18:47:03.962+00:00,1185.382,manual,Manual cook,temp,2100,76.1,,esp32,,0,,,,,,,,,,,,0,450.0,0.0,0.0,0,NONE
2026-09-28T18:47:04.962+00:00,1186.382,manual,Manual cook,temp,2100,76.6,,esp32,,0,,,,,,,,,,,,0,450.0,0.0,0.0,0,NONE
2026-09-28T18:47:05.463+00:00,1186.883,manual,Manual cook,temp,2100,77.4,,esp32,,0,,,,,,,,,,,,0,450.0,0.0,0.0,0,NONE
2026-09-28T18:47:06.462+00:00,1187.882,manual,Manual cook,temp,2100,77.4,,esp32,,0,,,,,,,,,,,,0,450.0,0.0,0.0,0,NONE
2026-09-28T18:47:06.962+00:00,1188.382,manual,Manual cook,temp,2100,77.4,,esp32,,0,,,,,,,,,,,,0,450.0,0.0,0.0,0,NONE
2026-09-28T18:47:07.962+00:00,1189.382,manual,Manual cook,temp,2100,76.6,,esp32,,0,,,,,,,,,,,,0,450.0,0.0,0.0,0,NONE
2026-09-28T18:47:08.962+00:00,1190.382,manual,Manual cook,temp,2100,77.4,,esp32,,0,,,,,,,,,,,,0,450.0,0.0,0.0,0,NONE
2026-09-28T18:47:09.962+00:00,1191.382,manual,Manual cook,temp,2100,77.4,,esp32,,0,,,,,,,,,,,,0,450.0,0.0,0.0,0,NONE
2026-09-28T18:47:10.962+00:00,1192.382,manual,Manual cook,temp,2100,77.4,,esp32,,0,,,,,,,,,,,,0,450.0,0.0,0.0,0,NONE
2026-09-28T18:47:11.462+00:00,1192.883,manual,Manual cook,temp,2100,76.1,,esp32,,0,,,,,,,,,,,,0,450.0,0.0,0.0,0,NONE
2026-09-28T18:47:12.461+00:00,1193.882,manual,Manual cook,temp,2100,77.4,,esp32,,0,,,,,,,,,,,,0,450.0,0.0,0.0,0,NONE
2026-09-28T18:47:13.461+00:00,1194.882,manual,Manual cook,temp,2100,76.6,,esp32,,0,,,,,,,,,,,,0,450.0,0.0,0.0,0,NONE
2026-09-28T18:47:14.461+00:00,1195.882,manual,Manual cook,temp,2100,77.9,,esp32,,0,,,,,,,,,,,,0,450.0,0.0,0.0,0,NONE
2026-09-28T18:47:14.961+00:00,1196.382,manual,Manual cook,temp,2100,77.0,,esp32,,0,,,,,,,,,,,,0,450.0,0.0,0.0,0,NONE
2026-09-28T18:47:15.961+00:00,1197.382,manual,Manual cook,temp,2100,77.0,,esp32,,0,,,,,,,,,,,,0,450.0,0.0,0.0,0,NONE
2026-09-28T18:47:16.961+00:00,1198.382,manual,Manual cook,temp,2100,77.4,,esp32,,0,,,,,,,,,,,,0,450.0,0.0,0.0,0,NONE
2026-09-28T18:47:17.961+00:00,1199.382,manual,Manual cook,temp,2100,77.4,,esp32,,0,,,,,,,,,,,,0,450.0,0.0,0.0,0,NONE
